query,q0,docid,rank,score,system
399,Q0,FT934-7286,1,12778.404999999984,borda
399,Q0,FR940916-0-00045,2,12722.536249999985,borda
399,Q0,FR940217-1-00140,3,12709.718749999985,borda
399,Q0,FR940916-0-00044,4,12705.752499999988,borda
399,Q0,FT944-6974,5,12570.902499999986,borda
399,Q0,FT924-3602,6,12507.869999999988,borda
399,Q0,LA032289-0033,7,12462.109999999988,borda
399,Q0,FR940805-0-00042,8,12454.108749999989,borda
399,Q0,FR940811-0-00045,9,12322.861249999989,borda
399,Q0,FBIS4-45777,10,12279.896249999989,borda
399,Q0,FT931-11446,11,12269.874999999987,borda
399,Q0,FBIS3-61053,12,12204.833749999987,borda
399,Q0,LA050490-0044,13,12139.283749999986,borda
399,Q0,FR940404-2-00157,14,12030.344999999987,borda
399,Q0,FR940404-2-00152,15,11889.853749999987,borda
399,Q0,LA081390-0044,16,11869.971249999988,borda
399,Q0,FR940505-1-00169,17,11813.56749999999,borda
399,Q0,FR940817-2-00284,18,11608.98499999999,borda
399,Q0,FR940810-1-00017,19,11568.388749999986,borda
399,Q0,FR940805-0-00067,20,11486.862499999987,borda
399,Q0,FR940217-1-00037,21,11443.509999999987,borda
399,Q0,FR940106-2-00123,22,11429.07249999999,borda
399,Q0,FR940805-0-00065,23,11326.148749999988,borda
399,Q0,FR940913-1-00044,24,11142.404999999988,borda
399,Q0,FBIS3-2333,25,11137.386249999992,borda
399,Q0,FR940511-0-00049,26,11137.19374999999,borda
399,Q0,FR940810-1-00018,27,11069.967499999986,borda
399,Q0,FBIS4-66382,28,11013.581249999988,borda
399,Q0,FBIS4-54321,29,10956.38749999999,borda
399,Q0,FR940325-1-00028,30,10895.338749999992,borda
399,Q0,FR940506-1-00050,31,10875.744999999992,borda
399,Q0,FR940810-1-00016,32,10869.649999999989,borda
399,Q0,FR940603-0-00059,33,10869.159999999989,borda
399,Q0,FBIS4-49902,34,10849.361249999985,borda
399,Q0,FR940913-0-00041,35,10818.769999999988,borda
399,Q0,FR940217-1-00143,36,10785.288749999989,borda
399,Q0,FR940325-1-00029,37,10747.07499999999,borda
399,Q0,FR940325-1-00024,38,10714.951249999991,borda
399,Q0,FBIS4-22989,39,10700.451249999991,borda
399,Q0,FR940302-2-00097,40,10684.774999999987,borda
399,Q0,FR940217-1-00139,41,10590.75999999999,borda
399,Q0,FR940119-0-00066,42,10557.929999999991,borda
399,Q0,FBIS4-45781,43,10518.64499999999,borda
399,Q0,FBIS3-61055,44,10503.963749999992,borda
399,Q0,FR940805-0-00066,45,10497.217499999986,borda
399,Q0,LA102990-0070,46,10468.43249999999,borda
399,Q0,FR941028-1-00032,47,10450.382499999987,borda
399,Q0,LA062290-0052,48,10446.47124999999,borda
399,Q0,FR940505-1-00106,49,10437.49749999999,borda
399,Q0,FR940810-1-00019,50,10414.844999999988,borda
399,Q0,FR940513-1-00065,51,10399.364999999989,borda
399,Q0,FR940511-0-00050,52,10372.21124999999,borda
399,Q0,FR940602-1-00023,53,10369.82874999999,borda
399,Q0,FT943-4886,54,10368.091249999989,borda
399,Q0,LA090190-0044,55,10344.32999999999,borda
399,Q0,FR940606-1-00075,56,10312.113749999988,borda
399,Q0,FBIS4-22197,57,10295.81624999999,borda
399,Q0,FR940804-0-00008,58,10291.767499999989,borda
399,Q0,FR941028-1-00031,59,10286.724999999988,borda
399,Q0,FR940805-0-00064,60,10278.991249999992,borda
399,Q0,FR940617-0-00103,61,10243.499999999987,borda
399,Q0,FR940325-1-00018,62,10236.54124999999,borda
399,Q0,FR940810-0-00235,63,10226.378749999989,borda
399,Q0,FR940325-1-00023,64,10106.91499999999,borda
399,Q0,FR940325-1-00025,65,10076.477499999986,borda
399,Q0,FR940325-1-00032,66,10074.261249999989,borda
399,Q0,FR941026-0-00048,67,10051.587499999989,borda
399,Q0,FBIS3-45593,68,10009.46624999999,borda
399,Q0,FR940906-0-00069,69,10008.05124999999,borda
399,Q0,FBIS3-6833,70,9959.901249999988,borda
399,Q0,FR940712-0-00029,71,9905.32499999999,borda
399,Q0,FR940325-1-00020,72,9900.39999999999,borda
399,Q0,FR940913-1-00043,73,9881.91999999999,borda
399,Q0,FBIS3-40388,74,9872.50124999999,borda
399,Q0,FR940830-1-00085,75,9834.563749999988,borda
399,Q0,LA090790-0008,76,9827.043749999992,borda
399,Q0,FR941026-0-00047,77,9808.40249999999,borda
399,Q0,FBIS4-21350,78,9791.066249999987,borda
399,Q0,FR940617-0-00106,79,9770.203749999988,borda
399,Q0,FBIS4-30673,80,9760.26374999999,borda
399,Q0,FR940916-0-00058,81,9752.40874999999,borda
399,Q0,FR940916-0-00060,82,9733.283749999991,borda
399,Q0,FR940811-0-00042,83,9721.76999999999,borda
399,Q0,FR940325-1-00031,84,9662.22624999999,borda
399,Q0,FR940217-1-00141,85,9661.44999999999,borda
399,Q0,FBIS4-21536,86,9652.909999999989,borda
399,Q0,FR940916-0-00042,87,9652.421249999989,borda
399,Q0,FBIS4-2223,88,9527.84624999999,borda
399,Q0,FR940819-0-00077,89,9502.503749999989,borda
399,Q0,FR940913-1-00037,90,9493.69374999999,borda
399,Q0,FR940505-1-00308,91,9452.206249999992,borda
399,Q0,FR940817-2-00280,92,9435.591249999992,borda
399,Q0,FR940110-2-00084,93,9428.03749999999,borda
399,Q0,FR940610-0-00026,94,9405.12499999999,borda
399,Q0,FR940505-1-00258,95,9361.939999999991,borda
399,Q0,FR940810-1-00020,96,9334.41874999999,borda
399,Q0,FBIS3-33324,97,9334.23624999999,borda
399,Q0,FR940603-1-00021,98,9323.487499999988,borda
399,Q0,FR940511-0-00045,99,9322.80624999999,borda
399,Q0,FR940325-1-00021,100,9315.381249999988,borda
399,Q0,FR940819-0-00082,101,9266.472499999989,borda
399,Q0,FR940511-0-00051,102,9254.24499999999,borda
399,Q0,FR940602-1-00035,103,9250.12374999999,borda
399,Q0,FBIS4-7509,104,9176.549999999992,borda
399,Q0,FR940511-0-00042,105,9126.171249999992,borda
399,Q0,FR941216-0-00023,106,9121.173749999989,borda
399,Q0,FR940325-1-00037,107,9094.97249999999,borda
399,Q0,FR940516-0-00096,108,9088.40249999999,borda
399,Q0,FR940830-1-00091,109,9064.95999999999,borda
399,Q0,FR941012-0-00024,110,9047.233749999989,borda
399,Q0,FR941028-1-00036,111,9045.368749999989,borda
399,Q0,FR940819-0-00080,112,9041.172499999991,borda
399,Q0,FR940913-1-00036,113,9038.13999999999,borda
399,Q0,FR941020-2-00150,114,9023.661249999992,borda
399,Q0,FR940412-1-00069,115,9009.197499999991,borda
399,Q0,FR940325-1-00033,116,9003.09999999999,borda
399,Q0,FR940214-1-00015,117,8977.60249999999,borda
399,Q0,FR940224-2-00136,118,8964.486249999989,borda
399,Q0,FR941021-0-00140,119,8952.724999999991,borda
399,Q0,LA081390-0001,120,8912.759999999991,borda
399,Q0,FR940513-1-00063,121,8893.754999999992,borda
399,Q0,FBIS4-2524,122,8884.59874999999,borda
399,Q0,FBIS4-55084,123,8864.55374999999,borda
399,Q0,FR940407-0-00047,124,8861.623749999992,borda
399,Q0,FT923-6097,125,8861.148749999993,borda
399,Q0,FR940606-1-00081,126,8785.821249999994,borda
399,Q0,FR941021-0-00143,127,8767.07249999999,borda
399,Q0,LA102590-0006,128,8757.499999999993,borda
399,Q0,FR940830-1-00096,129,8752.09749999999,borda
399,Q0,FR941004-1-00037,130,8747.268749999992,borda
399,Q0,FR940725-0-00184,131,8721.644999999991,borda
399,Q0,LA061790-0137,132,8717.471249999991,borda
399,Q0,FR940810-2-00135,133,8698.071249999988,borda
399,Q0,LA062189-0045,134,8696.624999999993,borda
399,Q0,LA031289-0203,135,8672.072499999993,borda
399,Q0,FR940712-0-00031,136,8609.59124999999,borda
399,Q0,FR941004-1-00038,137,8609.16374999999,borda
399,Q0,FBIS4-21675,138,8605.504999999992,borda
399,Q0,FR941013-0-00052,139,8593.289999999992,borda
399,Q0,FR940927-0-00079,140,8498.061249999992,borda
399,Q0,FR940513-1-00066,141,8458.491249999992,borda
399,Q0,FR941202-2-00034,142,8455.387499999992,borda
399,Q0,FR941004-1-00010,143,8447.17249999999,borda
399,Q0,FR940516-0-00091,144,8388.314999999991,borda
399,Q0,FBIS4-26334,145,8382.432499999992,borda
399,Q0,FR940603-1-00031,146,8367.84374999999,borda
399,Q0,FR940913-1-00030,147,8347.178749999992,borda
399,Q0,FR940505-1-00176,148,8342.077499999992,borda
399,Q0,FR940505-1-00282,149,8340.609999999991,borda
399,Q0,FR940505-1-00041,150,8337.364999999993,borda
399,Q0,FR940603-0-00063,151,8317.239999999993,borda
399,Q0,FR940412-1-00074,152,8291.939999999991,borda
399,Q0,FR940413-0-00045,153,8262.037499999991,borda
399,Q0,LA071789-0059,154,8261.903749999992,borda
399,Q0,FR940217-1-00144,155,8222.451249999991,borda
399,Q0,FR941028-1-00034,156,8203.839999999991,borda
399,Q0,FR940916-0-00051,157,8201.558749999991,borda
399,Q0,FT943-7523,158,8163.378749999993,borda
399,Q0,FR940830-1-00087,159,8161.58124999999,borda
399,Q0,FT944-13401,160,8148.269999999991,borda
399,Q0,FR941205-1-00051,161,8147.4399999999905,borda
399,Q0,FT931-16470,162,8142.859999999992,borda
399,Q0,LA062489-0050,163,8136.543749999992,borda
399,Q0,FR940830-2-00161,164,8114.147499999991,borda
399,Q0,LA081590-0093,165,8077.501249999992,borda
399,Q0,FR940118-1-00055,166,8061.097499999991,borda
399,Q0,FR941121-2-00102,167,8050.768749999991,borda
399,Q0,FR941012-0-00025,168,8035.713749999992,borda
399,Q0,FBIS4-46461,169,8033.961249999991,borda
399,Q0,FR940805-0-00039,170,8031.404999999991,borda
399,Q0,FT921-365,171,8026.959999999993,borda
399,Q0,LA040590-0149,172,8022.118749999992,borda
399,Q0,FBIS4-67760,173,7970.159999999993,borda
399,Q0,FBIS4-42695,174,7943.569999999992,borda
399,Q0,FR940811-0-00046,175,7931.363749999992,borda
399,Q0,FT921-14318,176,7916.994999999992,borda
399,Q0,FR940916-0-00050,177,7852.0787499999915,borda
399,Q0,LA012289-0090,178,7841.357499999994,borda
399,Q0,FR940913-1-00042,179,7833.442499999992,borda
399,Q0,FBIS4-18283,180,7806.014999999993,borda
399,Q0,FT934-1954,181,7792.1774999999925,borda
399,Q0,FR941012-0-00029,182,7791.75499999999,borda
399,Q0,FR940119-1-00052,183,7785.823749999991,borda
399,Q0,FR941028-0-00017,184,7779.834999999992,borda
399,Q0,FBIS3-42053,185,7776.097499999991,borda
399,Q0,LA091990-0084,186,7766.4374999999945,borda
399,Q0,FR940325-1-00026,187,7760.522499999991,borda
399,Q0,FR940602-1-00058,188,7743.773749999991,borda
399,Q0,FR940511-1-00042,189,7724.766249999993,borda
399,Q0,FR940805-0-00069,190,7696.3074999999935,borda
399,Q0,FR940916-0-00048,191,7689.50874999999,borda
399,Q0,FR940630-2-00151,192,7686.122499999992,borda
399,Q0,FR940516-0-00092,193,7678.127499999991,borda
399,Q0,FR940128-2-00205,194,7644.291249999991,borda
399,Q0,FR940916-0-00046,195,7639.076249999991,borda
399,Q0,FR940621-0-00031,196,7635.712499999993,borda
399,Q0,FBIS4-46622,197,7586.0174999999945,borda
399,Q0,FBIS3-48185,198,7563.674999999992,borda
399,Q0,FR940811-0-00040,199,7558.97749999999,borda
399,Q0,LA020990-0120,200,7546.061249999994,borda
399,Q0,FR941227-0-00088,201,7541.098749999993,borda
399,Q0,FR940506-1-00051,202,7522.277499999992,borda
399,Q0,FR940721-2-00022,203,7505.547499999992,borda
399,Q0,FR940916-0-00053,204,7488.082499999991,borda
399,Q0,FR941205-1-00048,205,7480.712499999991,borda
399,Q0,FR940325-1-00034,206,7480.271249999991,borda
399,Q0,FBIS4-44567,207,7470.8549999999905,borda
399,Q0,FBIS4-44599,208,7458.868749999992,borda
399,Q0,FR940119-0-00064,209,7456.373749999992,borda
399,Q0,FR940725-0-00177,210,7455.156249999993,borda
399,Q0,FR941216-1-00155,211,7447.419999999993,borda
399,Q0,FBIS3-44485,212,7411.432499999993,borda
399,Q0,FR940412-1-00091,213,7394.2662499999915,borda
399,Q0,FR941216-1-00166,214,7355.308749999992,borda
399,Q0,FBIS4-59817,215,7353.554999999992,borda
399,Q0,FR940119-0-00065,216,7344.841249999991,borda
399,Q0,FR940412-1-00098,217,7334.471249999992,borda
399,Q0,FR941227-1-00048,218,7328.501249999994,borda
399,Q0,FBIS3-20762,219,7299.2799999999925,borda
399,Q0,FT943-2356,220,7298.249999999992,borda
399,Q0,FR940325-1-00019,221,7298.243749999991,borda
399,Q0,FR940119-0-00051,222,7273.178749999994,borda
399,Q0,FR940913-1-00031,223,7264.413749999992,borda
399,Q0,FBIS4-35522,224,7257.707499999992,borda
399,Q0,LA072089-0006,225,7254.156249999994,borda
399,Q0,FBIS3-2713,226,7250.583749999991,borda
399,Q0,FR941104-1-00038,227,7225.8299999999945,borda
399,Q0,FR940419-0-00122,228,7225.224999999993,borda
399,Q0,FT941-11665,229,7216.957499999992,borda
399,Q0,LA081690-0077,230,7191.336249999993,borda
399,Q0,FR940913-1-00032,231,7183.633749999993,borda
399,Q0,FT941-17399,232,7162.353749999994,borda
399,Q0,LA110389-0055,233,7160.876249999992,borda
399,Q0,FR940603-0-00062,234,7148.182499999994,borda
399,Q0,FR940325-1-00016,235,7132.384999999992,borda
399,Q0,FR940810-1-00012,236,7116.817499999993,borda
399,Q0,FR941221-1-00018,237,7115.879999999992,borda
399,Q0,FR940810-1-00021,238,7108.911249999992,borda
399,Q0,FR940325-1-00017,239,7099.353749999992,borda
399,Q0,LA040890-0069,240,7079.056249999993,borda
399,Q0,FR940606-1-00072,241,7076.118749999992,borda
399,Q0,FT943-178,242,7048.511249999992,borda
399,Q0,FR940603-1-00029,243,7033.926249999991,borda
399,Q0,FT944-9735,244,7033.444999999992,borda
399,Q0,FR941012-0-00021,245,7030.062499999992,borda
399,Q0,FBIS3-11022,246,6995.036249999993,borda
399,Q0,FR940822-0-00075,247,6973.2762499999935,borda
399,Q0,FT921-12505,248,6965.028749999991,borda
399,Q0,FBIS3-33102,249,6950.008749999992,borda
399,Q0,FR940511-0-00037,250,6947.721249999994,borda
399,Q0,FR941122-1-00048,251,6938.136249999992,borda
399,Q0,FR941216-1-00165,252,6913.693749999992,borda
399,Q0,FR940511-0-00068,253,6902.842499999994,borda
399,Q0,FR940506-1-00019,254,6890.861249999992,borda
399,Q0,LA082090-0030,255,6885.633749999994,borda
399,Q0,FR940506-1-00021,256,6883.077499999992,borda
399,Q0,LA040889-0031,257,6879.272499999994,borda
399,Q0,LA090390-0077,258,6861.263749999993,borda
399,Q0,FR941222-2-00094,259,6852.436249999992,borda
399,Q0,FR940617-0-00104,260,6851.956249999993,borda
399,Q0,FR940203-0-00065,261,6803.057499999993,borda
399,Q0,FR940217-1-00142,262,6791.311249999991,borda
399,Q0,FR940419-0-00121,263,6780.1512499999935,borda
399,Q0,FR941130-2-00055,264,6772.177499999994,borda
399,Q0,FR941012-2-00138,265,6748.959999999992,borda
399,Q0,FR940928-1-00037,266,6746.846249999993,borda
399,Q0,FR941021-0-00146,267,6713.1987499999905,borda
399,Q0,LA091690-0101,268,6709.181249999994,borda
399,Q0,FR940606-1-00074,269,6706.049999999993,borda
399,Q0,FR940830-1-00093,270,6685.701249999994,borda
399,Q0,FBIS3-24592,271,6676.236249999991,borda
399,Q0,FR940928-1-00038,272,6651.894999999991,borda
399,Q0,FBIS4-20472,273,6646.133749999994,borda
399,Q0,FR940419-0-00124,274,6631.1912499999935,borda
399,Q0,FR940913-1-00035,275,6630.124999999993,borda
399,Q0,LA062790-0167,276,6628.084999999994,borda
399,Q0,FR940916-2-00114,277,6591.114999999994,borda
399,Q0,FR940603-0-00055,278,6576.261249999993,borda
399,Q0,FR940505-1-00175,279,6572.808749999993,borda
399,Q0,FT922-10034,280,6559.211249999994,borda
399,Q0,FR940119-0-00048,281,6558.341249999992,borda
399,Q0,FT944-2991,282,6548.872499999992,borda
399,Q0,FR941116-2-00016,283,6548.426249999993,borda
399,Q0,FR940407-1-00056,284,6537.288749999992,borda
399,Q0,FBIS3-43337,285,6529.358749999992,borda
399,Q0,FR940603-1-00030,286,6492.181249999994,borda
399,Q0,LA122690-0050,287,6482.352499999991,borda
399,Q0,FR940603-1-00023,288,6457.519999999993,borda
399,Q0,FR940606-1-00068,289,6443.551249999994,borda
399,Q0,FR940811-0-00039,290,6436.974999999993,borda
399,Q0,FR940725-0-00121,291,6431.696249999993,borda
399,Q0,FR940419-0-00120,292,6416.271249999994,borda
399,Q0,FBIS3-48483,293,6402.634999999993,borda
399,Q0,FR940119-0-00054,294,6400.533749999991,borda
399,Q0,FBIS4-15861,295,6391.064999999995,borda
399,Q0,FR940830-1-00084,296,6389.218749999992,borda
399,Q0,FBIS4-5049,297,6386.846249999992,borda
399,Q0,FR940906-2-00078,298,6374.047499999993,borda
399,Q0,LA101489-0092,299,6301.649999999993,borda
399,Q0,FR940203-0-00058,300,6294.7499999999945,borda
399,Q0,FR940811-0-00037,301,6284.389999999995,borda
399,Q0,FR940525-2-00107,302,6269.372499999993,borda
399,Q0,FR940404-2-00188,303,6232.5487499999945,borda
399,Q0,LA101089-0008,304,6227.476249999993,borda
399,Q0,FT921-8901,305,6218.239999999993,borda
399,Q0,FR940819-0-00015,306,6210.402499999993,borda
399,Q0,FR940603-1-00022,307,6207.669999999991,borda
399,Q0,FBIS3-44900,308,6201.917499999992,borda
399,Q0,FR940630-0-00058,309,6201.781249999994,borda
399,Q0,FBIS3-22452,310,6184.677499999993,borda
399,Q0,FR940817-2-00281,311,6153.773749999995,borda
399,Q0,FR940419-0-00123,312,6145.676249999993,borda
399,Q0,LA123090-0139,313,6144.043749999993,borda
399,Q0,FR940819-0-00078,314,6140.928749999992,borda
399,Q0,FBIS4-15551,315,6126.779999999994,borda
399,Q0,FR940511-0-00046,316,6105.159999999994,borda
399,Q0,FR940506-1-00047,317,6091.9587499999925,borda
399,Q0,FR940217-1-00124,318,6089.829999999994,borda
399,Q0,FR940217-1-00138,319,6064.932499999993,borda
399,Q0,LA031189-0132,320,6049.601249999993,borda
399,Q0,FR940606-1-00070,321,6049.366249999993,borda
399,Q0,FR940913-1-00039,322,6043.632499999993,borda
399,Q0,FR940812-0-00049,323,6039.412499999994,borda
399,Q0,FR940913-1-00034,324,6039.171249999994,borda
399,Q0,FR941004-1-00015,325,6033.892499999994,borda
399,Q0,LA051190-0031,326,6005.919999999993,borda
399,Q0,FR940819-0-00072,327,5977.191249999993,borda
399,Q0,FT944-15925,328,5974.558749999994,borda
399,Q0,FR940317-0-00044,329,5973.558749999993,borda
399,Q0,FBIS3-57859,330,5947.392499999994,borda
399,Q0,FBIS3-48302,331,5943.352499999994,borda
399,Q0,FBIS3-60109,332,5941.213749999994,borda
399,Q0,LA101589-0091,333,5934.1112499999945,borda
399,Q0,FR940418-1-00019,334,5924.192499999992,borda
399,Q0,FR940428-0-00030,335,5910.3437499999945,borda
399,Q0,FBIS4-20338,336,5890.446249999994,borda
399,Q0,FR941021-0-00141,337,5885.619999999992,borda
399,Q0,FBIS3-54601,338,5866.788749999993,borda
399,Q0,LA120389-0149,339,5861.992499999994,borda
399,Q0,FR940819-0-00074,340,5860.072499999993,borda
399,Q0,FBIS4-49440,341,5847.733749999994,borda
399,Q0,FR940606-0-00025,342,5847.473749999993,borda
399,Q0,FR940217-1-00135,343,5845.542499999994,borda
399,Q0,FR940506-1-00016,344,5800.522499999994,borda
399,Q0,LA103190-0023,345,5789.856249999994,borda
399,Q0,FR940603-0-00072,346,5787.678749999994,borda
399,Q0,FR941021-0-00144,347,5786.404999999993,borda
399,Q0,FR940913-1-00033,348,5782.871249999993,borda
399,Q0,FR940516-1-00086,349,5774.211249999994,borda
399,Q0,LA110489-0123,350,5749.699999999993,borda
399,Q0,FR940512-2-00123,351,5748.738749999994,borda
399,Q0,FR940505-1-00013,352,5736.054999999994,borda
399,Q0,FR940613-2-00019,353,5730.997499999993,borda
399,Q0,FT944-18592,354,5729.962499999995,borda
399,Q0,LA041789-0048,355,5726.477499999994,borda
399,Q0,FR940613-0-00040,356,5717.546249999994,borda
399,Q0,FR940825-2-00161,357,5713.178749999994,borda
399,Q0,FR940830-1-00095,358,5708.479999999993,borda
399,Q0,FR940414-2-00008,359,5693.384999999994,borda
399,Q0,FT922-10028,360,5675.199999999995,borda
399,Q0,FBIS3-36255,361,5667.393749999994,borda
399,Q0,FR941012-0-00027,362,5664.553749999994,borda
399,Q0,FR940527-0-00129,363,5654.057499999994,borda
399,Q0,FR940223-1-00076,364,5651.024999999994,borda
399,Q0,LA070990-0038,365,5647.727499999994,borda
399,Q0,LA020389-0037,366,5639.074999999995,borda
399,Q0,FR940412-1-00072,367,5622.559999999992,borda
399,Q0,FR941020-2-00151,368,5596.577499999994,borda
399,Q0,LA072889-0038,369,5596.439999999994,borda
399,Q0,FR940526-0-00053,370,5589.479999999995,borda
399,Q0,LA040989-0122,371,5575.579999999995,borda
399,Q0,FR940214-1-00014,372,5556.457499999994,borda
399,Q0,FR940324-1-00019,373,5549.834999999994,borda
399,Q0,FR941026-0-00049,374,5549.791249999994,borda
399,Q0,FR941216-1-00154,375,5546.137499999993,borda
399,Q0,FR940907-0-00035,376,5541.979999999994,borda
399,Q0,FR940621-1-00011,377,5520.434999999994,borda
399,Q0,FR940606-1-00083,378,5514.522499999993,borda
399,Q0,FBIS4-22710,379,5505.367499999996,borda
399,Q0,FBIS3-42394,380,5503.896249999996,borda
399,Q0,FR940805-2-00128,381,5495.888749999994,borda
399,Q0,FT934-4191,382,5494.969999999995,borda
399,Q0,LA041589-0046,383,5461.844999999995,borda
399,Q0,FR941212-1-00017,384,5425.919999999993,borda
399,Q0,FR940525-0-00069,385,5411.101249999993,borda
399,Q0,LA052189-0006,386,5398.301249999994,borda
399,Q0,FR940830-2-00160,387,5393.389999999994,borda
399,Q0,FR940325-1-00030,388,5390.322499999995,borda
399,Q0,FR941021-0-00091,389,5376.996249999994,borda
399,Q0,LA050689-0101,390,5368.903749999994,borda
399,Q0,FBIS4-50039,391,5353.303749999994,borda
399,Q0,FR940119-0-00062,392,5329.369999999995,borda
399,Q0,FBIS3-22730,393,5323.959999999994,borda
399,Q0,FR940428-0-00029,394,5322.029999999994,borda
399,Q0,LA050589-0107,395,5305.936249999995,borda
399,Q0,FR940603-1-00024,396,5301.433749999994,borda
399,Q0,FBIS4-22145,397,5300.808749999996,borda
399,Q0,FR940106-1-00044,398,5291.703749999993,borda
399,Q0,FR941007-0-00086,399,5291.163749999993,borda
399,Q0,FBIS4-43173,400,5267.037499999996,borda
399,Q0,FT921-6556,401,5265.174999999994,borda
399,Q0,FR940725-0-00132,402,5252.386249999994,borda
399,Q0,FR940418-1-00018,403,5242.214999999994,borda
399,Q0,LA020990-0084,404,5238.9287499999955,borda
399,Q0,LA040689-0058,405,5238.029999999994,borda
399,Q0,FR940602-2-00134,406,5223.819999999994,borda
399,Q0,LA011989-0203,407,5213.507499999995,borda
399,Q0,FT922-10805,408,5213.133749999995,borda
399,Q0,FR941230-0-00092,409,5206.624999999994,borda
399,Q0,FR940928-1-00036,410,5205.871249999993,borda
399,Q0,FR941012-1-00060,411,5194.486249999995,borda
399,Q0,FR940811-0-00044,412,5186.128749999994,borda
399,Q0,FR940224-1-00055,413,5159.6387499999955,borda
399,Q0,FR940721-2-00019,414,5155.776249999996,borda
399,Q0,FR940414-0-00077,415,5143.171249999994,borda
399,Q0,FR940119-0-00052,416,5142.901249999994,borda
399,Q0,FR941007-0-00088,417,5139.866249999995,borda
399,Q0,FR940525-0-00066,418,5122.766249999993,borda
399,Q0,FBIS4-45647,419,5103.461249999997,borda
399,Q0,FR940916-0-00054,420,5098.632499999994,borda
399,Q0,FR940916-0-00062,421,5095.853749999996,borda
399,Q0,FR941212-1-00022,422,5089.166249999993,borda
399,Q0,FR940224-1-00053,423,5087.661249999994,borda
399,Q0,FR940906-0-00063,424,5070.984999999993,borda
399,Q0,FBIS4-38103,425,5070.787499999993,borda
399,Q0,FBIS3-24463,426,5067.864999999996,borda
399,Q0,FR940721-2-00018,427,5060.133749999995,borda
399,Q0,LA071790-0136,428,5055.697499999996,borda
399,Q0,FBIS4-20603,429,5048.819999999994,borda
399,Q0,LA032289-0057,430,5037.877499999997,borda
399,Q0,FR941004-1-00013,431,5030.287499999993,borda
399,Q0,FR941003-2-00106,432,5029.492499999995,borda
399,Q0,LA022190-0109,433,5022.363749999995,borda
399,Q0,FBIS3-60392,434,4987.344999999995,borda
399,Q0,FR940418-1-00013,435,4984.081249999995,borda
399,Q0,FBIS4-16351,436,4981.1787499999955,borda
399,Q0,LA062789-0100,437,4970.154999999995,borda
399,Q0,FR940412-1-00082,438,4967.646249999993,borda
399,Q0,FR941125-2-00021,439,4966.368749999995,borda
399,Q0,FR940916-0-00043,440,4951.548749999994,borda
399,Q0,FR940224-1-00045,441,4920.054999999995,borda
399,Q0,FR941230-0-00058,442,4909.539999999995,borda
399,Q0,FR941026-0-00045,443,4908.426249999996,borda
399,Q0,FBIS3-37817,444,4905.519999999996,borda
399,Q0,LA122589-0079,445,4902.874999999995,borda
399,Q0,FBIS3-48826,446,4902.5087499999945,borda
399,Q0,FR940325-1-00040,447,4899.771249999995,borda
399,Q0,FR941220-2-00069,448,4897.286249999995,borda
399,Q0,FBIS3-29329,449,4895.009999999995,borda
399,Q0,LA030589-0080,450,4894.848749999995,borda
399,Q0,FBIS4-16039,451,4894.589999999995,borda
399,Q0,FR940930-0-00114,452,4894.537499999995,borda
399,Q0,FBIS4-64802,453,4893.874999999995,borda
399,Q0,LA032890-0015,454,4885.663749999996,borda
399,Q0,FR940621-1-00009,455,4885.083749999995,borda
399,Q0,FT922-12600,456,4883.412499999995,borda
399,Q0,FR940104-0-00049,457,4874.453749999995,borda
399,Q0,FR940506-1-00023,458,4860.904999999995,borda
399,Q0,FR941221-1-00017,459,4860.017499999994,borda
399,Q0,FR940603-1-00025,460,4820.942499999994,borda
399,Q0,LA072790-0075,461,4814.786249999996,borda
399,Q0,FR940414-0-00078,462,4804.438749999995,borda
399,Q0,FBIS3-45505,463,4792.911249999995,borda
399,Q0,LA052390-0057,464,4788.646249999995,borda
399,Q0,FR940830-1-00092,465,4779.482499999995,borda
399,Q0,LA071589-0097,466,4776.534999999996,borda
399,Q0,FR940602-1-00034,467,4768.444999999996,borda
399,Q0,FR940505-1-00127,468,4762.578749999995,borda
399,Q0,FT911-3403,469,4753.621249999995,borda
399,Q0,FR941026-0-00044,470,4741.2049999999945,borda
399,Q0,LA030289-0006,471,4740.909999999995,borda
399,Q0,FR941019-1-00013,472,4732.587499999993,borda
399,Q0,LA062689-0002,473,4713.581249999995,borda
399,Q0,LA010689-0123,474,4677.903749999995,borda
399,Q0,FR940419-0-00016,475,4668.6424999999945,borda
399,Q0,FR940513-1-00074,476,4660.229999999994,borda
399,Q0,FR940228-2-00024,477,4658.952499999996,borda
399,Q0,LA111090-0003,478,4626.126249999996,borda
399,Q0,LA083189-0174,479,4620.391249999995,borda
399,Q0,FR940324-1-00020,480,4620.174999999996,borda
399,Q0,FR941216-0-00022,481,4612.597499999994,borda
399,Q0,FR940916-0-00055,482,4604.163749999993,borda
399,Q0,LA062690-0152,483,4593.476249999995,borda
399,Q0,FR940830-1-00086,484,4586.466249999995,borda
399,Q0,FR940725-0-00179,485,4579.194999999994,borda
399,Q0,LA110589-0102,486,4564.934999999996,borda
399,Q0,FR940506-1-00022,487,4557.564999999994,borda
399,Q0,FR940907-1-00014,488,4554.632499999995,borda
399,Q0,FR940812-0-00048,489,4545.121249999996,borda
399,Q0,FR941212-0-00071,490,4533.574999999994,borda
399,Q0,FBIS3-28093,491,4527.496249999995,borda
399,Q0,FR940803-0-00092,492,4523.889999999995,borda
399,Q0,FR941005-0-00026,493,4492.478749999995,borda
399,Q0,FR940622-0-00101,494,4473.723749999995,borda
399,Q0,LA041589-0049,495,4466.691249999996,borda
399,Q0,FR940617-2-00029,496,4466.602499999996,borda
399,Q0,LA091489-0193,497,4457.216249999996,borda
399,Q0,FR941005-2-00022,498,4448.348749999996,borda
399,Q0,FR941205-1-00040,499,4440.024999999994,borda
399,Q0,FR940412-1-00099,500,4438.0137499999955,borda
399,Q0,FR941212-1-00018,501,4435.039999999995,borda
399,Q0,FBIS4-67574,502,4434.6662499999975,borda
399,Q0,LA110390-0071,503,4412.847499999996,borda
399,Q0,FR940627-0-00094,504,4395.712499999994,borda
399,Q0,FR940928-2-00106,505,4394.061249999995,borda
399,Q0,LA041489-0054,506,4380.866249999997,borda
399,Q0,FR940805-0-00043,507,4376.794999999995,borda
399,Q0,FR940817-2-00285,508,4374.119999999994,borda
399,Q0,FBIS4-40997,509,4371.796249999996,borda
399,Q0,FR940602-1-00061,510,4371.194999999996,borda
399,Q0,FR940928-2-00107,511,4353.878749999995,borda
399,Q0,FR940511-0-00052,512,4345.693749999996,borda
399,Q0,FT922-8929,513,4339.787499999996,borda
399,Q0,LA120589-0078,514,4310.059999999996,borda
399,Q0,FBIS4-46590,515,4307.383749999997,borda
399,Q0,FBIS3-19409,516,4296.559999999995,borda
399,Q0,FBIS4-55057,517,4296.3662499999955,borda
399,Q0,FR940603-1-00026,518,4268.113749999996,borda
399,Q0,FBIS4-47169,519,4255.524999999998,borda
399,Q0,FR940725-0-00122,520,4244.313749999995,borda
399,Q0,FT923-2984,521,4239.958749999996,borda
399,Q0,FR941216-0-00019,522,4237.9512499999955,borda
399,Q0,FR940506-1-00018,523,4232.483749999995,borda
399,Q0,FR940602-1-00048,524,4225.676249999995,borda
399,Q0,FR940224-2-00138,525,4219.994999999995,borda
399,Q0,FR940506-2-00027,526,4217.952499999997,borda
399,Q0,FR940203-0-00061,527,4212.822499999995,borda
399,Q0,FBIS3-59578,528,4209.194999999996,borda
399,Q0,FT922-11703,529,4173.441249999996,borda
399,Q0,FBIS4-10026,530,4170.199999999996,borda
399,Q0,FR940214-1-00013,531,4165.377499999994,borda
399,Q0,FBIS4-68220,532,4148.476249999998,borda
399,Q0,FBIS4-2596,533,4142.936249999995,borda
399,Q0,FR941020-2-00149,534,4132.187499999995,borda
399,Q0,LA111089-0022,535,4117.003749999997,borda
399,Q0,FR940202-0-00099,536,4111.398749999995,borda
399,Q0,FT921-14726,537,4099.9374999999945,borda
399,Q0,LA120790-0036,538,4094.7649999999976,borda
399,Q0,FR940325-1-00007,539,4091.438749999998,borda
399,Q0,FR940913-1-00038,540,4077.5624999999955,borda
399,Q0,FR940106-0-00034,541,4068.947499999995,borda
399,Q0,FR940511-0-00038,542,4064.809999999995,borda
399,Q0,FR940603-1-00032,543,4060.366249999995,borda
399,Q0,FBIS4-33311,544,4059.753749999997,borda
399,Q0,FR940407-1-00059,545,4059.538749999995,borda
399,Q0,FBIS3-23539,546,4035.2024999999962,borda
399,Q0,LA040890-0070,547,4027.3249999999975,borda
399,Q0,FR941221-1-00019,548,4016.4199999999964,borda
399,Q0,LA021590-0169,549,4000.552499999998,borda
399,Q0,FT943-8674,550,3999.143749999997,borda
399,Q0,FR940513-1-00064,551,3995.7237499999956,borda
399,Q0,FR940511-0-00074,552,3986.747499999996,borda
399,Q0,FR940224-1-00054,553,3985.5662499999967,borda
399,Q0,LA041690-0043,554,3982.3249999999966,borda
399,Q0,FBIS3-46993,555,3961.088749999996,borda
399,Q0,FR940830-1-00083,556,3947.298749999995,borda
399,Q0,FR940916-1-00023,557,3944.6149999999957,borda
399,Q0,FR940816-2-00131,558,3926.961249999997,borda
399,Q0,FR940318-1-00026,559,3923.6962499999963,borda
399,Q0,FR940602-1-00057,560,3916.436249999995,borda
399,Q0,FBIS3-36970,561,3889.6037499999948,borda
399,Q0,FR940927-2-00090,562,3883.7137499999967,borda
399,Q0,FT922-10031,563,3881.561249999996,borda
399,Q0,FR940119-0-00059,564,3878.518749999995,borda
399,Q0,FR940106-0-00036,565,3870.117499999996,borda
399,Q0,FBIS4-67337,566,3862.276249999995,borda
399,Q0,FR940513-1-00095,567,3856.816249999995,borda
399,Q0,FR940516-0-00097,568,3855.291249999997,borda
399,Q0,FR940819-0-00075,569,3848.144999999996,borda
399,Q0,FR940119-0-00045,570,3847.0499999999965,borda
399,Q0,FR940222-0-00046,571,3844.883749999996,borda
399,Q0,FR940810-1-00014,572,3839.028749999995,borda
399,Q0,FR940202-1-00054,573,3828.513749999997,borda
399,Q0,FR940916-0-00059,574,3828.3862499999964,borda
399,Q0,FR941216-1-00164,575,3817.7049999999945,borda
399,Q0,FBIS4-46472,576,3815.153749999998,borda
399,Q0,FBIS3-34487,577,3814.9387499999975,borda
399,Q0,FR941117-2-00152,578,3814.6249999999955,borda
399,Q0,FR940325-1-00039,579,3813.9024999999965,borda
399,Q0,FBIS4-66185,580,3798.2637499999983,borda
399,Q0,FR940602-1-00033,581,3797.5699999999956,borda
399,Q0,FR941019-1-00009,582,3787.733749999996,borda
399,Q0,FR941012-2-00106,583,3786.3612499999977,borda
399,Q0,LA052490-0022,584,3781.9537499999965,borda
399,Q0,FR941221-1-00015,585,3776.8324999999963,borda
399,Q0,FR940119-0-00053,586,3754.926249999996,borda
399,Q0,FR940819-0-00034,587,3750.208749999997,borda
399,Q0,FR940616-0-00079,588,3744.6399999999953,borda
399,Q0,FR940202-0-00101,589,3713.2199999999957,borda
399,Q0,FR940810-1-00013,590,3708.439999999995,borda
399,Q0,FBIS3-29882,591,3703.5324999999966,borda
399,Q0,FR941021-0-00142,592,3702.937499999995,borda
399,Q0,LA072989-0035,593,3702.124999999998,borda
399,Q0,FBIS3-2073,594,3700.499999999997,borda
399,Q0,FBIS4-15709,595,3700.4487499999973,borda
399,Q0,FBIS3-41010,596,3699.9062499999986,borda
399,Q0,FBIS3-59649,597,3695.782499999996,borda
399,Q0,FR940511-1-00043,598,3687.2812499999973,borda
399,Q0,FBIS4-15605,599,3683.4499999999957,borda
399,Q0,LA011090-0086,600,3682.271249999997,borda
399,Q0,FR941007-0-00087,601,3679.022499999996,borda
399,Q0,FR940822-0-00070,602,3678.758749999996,borda
399,Q0,FBIS4-20667,603,3675.662499999996,borda
399,Q0,FBIS4-17498,604,3674.6199999999963,borda
399,Q0,FBIS3-48189,605,3660.6562499999964,borda
399,Q0,FR941230-0-00052,606,3659.973749999996,borda
399,Q0,FR940810-0-00222,607,3656.4912499999955,borda
399,Q0,FR940825-2-00160,608,3650.544999999998,borda
399,Q0,FR940919-1-00026,609,3646.681249999996,borda
399,Q0,FBIS4-61085,610,3644.404999999996,borda
399,Q0,FR940119-0-00063,611,3616.271249999996,borda
399,Q0,LA032589-0044,612,3603.8112499999966,borda
399,Q0,FR941230-0-00059,613,3600.344999999997,borda
399,Q0,FR940603-0-00066,614,3597.502499999997,borda
399,Q0,FR940916-0-00032,615,3584.9937499999965,borda
399,Q0,FR941230-0-00054,616,3582.0987499999965,borda
399,Q0,FBIS3-17828,617,3579.7337499999967,borda
399,Q0,FR940907-1-00018,618,3573.164999999996,borda
399,Q0,FR940817-0-00044,619,3572.6474999999955,borda
399,Q0,FR940217-1-00134,620,3567.868749999995,borda
399,Q0,FR941230-0-00090,621,3566.3012499999973,borda
399,Q0,FR940621-1-00010,622,3566.019999999997,borda
399,Q0,LA030190-0194,623,3556.2174999999957,borda
399,Q0,FR940805-0-00040,624,3546.354999999995,borda
399,Q0,FT944-15896,625,3540.597499999997,borda
399,Q0,FR940222-0-00042,626,3538.1824999999963,borda
399,Q0,FR940217-1-00126,627,3531.271249999996,borda
399,Q0,FR941103-0-00095,628,3527.5937499999973,borda
399,Q0,FR940802-2-00013,629,3522.427499999997,borda
399,Q0,FT922-4585,630,3522.196249999997,borda
399,Q0,FT922-1888,631,3518.7549999999956,borda
399,Q0,FR940224-1-00056,632,3513.3087499999956,borda
399,Q0,FR940916-0-00039,633,3494.091249999996,borda
399,Q0,FR940513-1-00068,634,3491.1087499999967,borda
399,Q0,FR940202-0-00097,635,3485.2387499999973,borda
399,Q0,FR940414-0-00083,636,3476.5212499999957,borda
399,Q0,FR940907-2-00007,637,3471.7399999999952,borda
399,Q0,FT921-201,638,3469.538749999996,borda
399,Q0,FR940725-0-00160,639,3468.529999999995,borda
399,Q0,FT934-11352,640,3463.5287499999954,borda
399,Q0,FR940916-0-00047,641,3455.811249999995,borda
399,Q0,FR940505-1-00170,642,3447.591249999997,borda
399,Q0,FBIS3-59690,643,3445.128749999996,borda
399,Q0,FR941121-0-00128,644,3441.3662499999964,borda
399,Q0,FR940906-0-00068,645,3436.8512499999965,borda
399,Q0,FR940616-0-00049,646,3436.1899999999964,borda
399,Q0,FT932-16980,647,3434.3224999999966,borda
399,Q0,FR940620-0-00046,648,3421.2299999999964,borda
399,Q0,LA061390-0005,649,3416.393749999996,borda
399,Q0,FR940607-1-00027,650,3410.0712499999972,borda
399,Q0,FBIS4-64649,651,3409.0162499999965,borda
399,Q0,FR940414-0-00079,652,3408.532499999996,borda
399,Q0,FR940810-0-00057,653,3407.512499999996,borda
399,Q0,FR940208-1-00067,654,3406.669999999995,borda
399,Q0,FR940620-1-00034,655,3405.2149999999965,borda
399,Q0,FR940819-0-00073,656,3400.2799999999957,borda
399,Q0,FR941117-2-00153,657,3390.9874999999965,borda
399,Q0,FR941003-0-00034,658,3376.582499999997,borda
399,Q0,FT922-1,659,3374.7224999999953,borda
399,Q0,FR940414-0-00081,660,3374.679999999996,borda
399,Q0,LA030589-0135,661,3370.358749999997,borda
399,Q0,FR940223-1-00073,662,3369.591249999996,borda
399,Q0,FR940505-1-00325,663,3369.2999999999965,borda
399,Q0,FR940602-1-00052,664,3361.6437499999965,borda
399,Q0,FR940224-1-00057,665,3357.0762499999955,borda
399,Q0,LA032389-0011,666,3355.6837499999992,borda
399,Q0,FR940203-0-00076,667,3354.567499999998,borda
399,Q0,FR940912-1-00072,668,3350.3262499999964,borda
399,Q0,LA072489-0054,669,3347.379999999997,borda
399,Q0,FR941230-0-00091,670,3346.2524999999955,borda
399,Q0,FR940505-1-00273,671,3346.1037499999966,borda
399,Q0,FR940317-2-00103,672,3344.6399999999962,borda
399,Q0,FR940119-0-00057,673,3337.0862499999967,borda
399,Q0,FBIS4-6324,674,3335.234999999996,borda
399,Q0,FT921-4499,675,3333.5312499999955,borda
399,Q0,FR940428-2-00170,676,3327.069999999996,borda
399,Q0,FT921-11469,677,3326.5974999999967,borda
399,Q0,FR940810-0-00120,678,3321.996249999996,borda
399,Q0,FBIS3-41488,679,3314.606249999996,borda
399,Q0,FT931-16804,680,3311.514999999997,borda
399,Q0,FBIS3-58,681,3309.5337499999996,borda
399,Q0,FR940720-1-00018,682,3308.699999999996,borda
399,Q0,FR940606-1-00085,683,3302.5949999999957,borda
399,Q0,FBIS4-15913,684,3299.8262499999973,borda
399,Q0,FR940526-1-00021,685,3299.567499999997,borda
399,Q0,FBIS3-1586,686,3292.573749999999,borda
399,Q0,FBIS4-22415,687,3291.261249999996,borda
399,Q0,FBIS3-61391,688,3289.9212499999962,borda
399,Q0,FR940620-1-00032,689,3288.408749999997,borda
399,Q0,FBIS3-6502,690,3280.432499999998,borda
399,Q0,FR940830-1-00090,691,3265.812499999997,borda
399,Q0,FBIS4-14906,692,3265.751249999998,borda
399,Q0,LA090889-0166,693,3261.6924999999965,borda
399,Q0,FR941025-2-00025,694,3260.6299999999987,borda
399,Q0,FR940919-1-00022,695,3258.117499999997,borda
399,Q0,FR940906-0-00059,696,3254.8449999999957,borda
399,Q0,FR940429-0-00008,697,3254.378749999997,borda
399,Q0,FR940506-1-00049,698,3253.911249999997,borda
399,Q0,FR940907-0-00021,699,3248.293749999996,borda
399,Q0,FR940602-1-00059,700,3245.362499999996,borda
399,Q0,FR940810-0-00221,701,3243.8087499999965,borda
399,Q0,FBIS4-21466,702,3243.447499999998,borda
399,Q0,FR940414-0-00080,703,3241.217499999996,borda
399,Q0,FBIS4-29583,704,3239.549999999996,borda
399,Q0,FR940203-0-00080,705,3225.8337499999975,borda
399,Q0,FR940603-1-00028,706,3225.1374999999957,borda
399,Q0,FR940916-0-00052,707,3214.368749999997,borda
399,Q0,FR940705-2-00211,708,3214.188749999996,borda
399,Q0,FR940505-1-00278,709,3205.547499999995,borda
399,Q0,FT924-9875,710,3205.2637499999973,borda
399,Q0,FBIS3-59401,711,3198.212499999997,borda
399,Q0,FR940505-1-00252,712,3192.2774999999956,borda
399,Q0,FBIS4-20436,713,3191.687499999999,borda
399,Q0,LA081589-0027,714,3191.3062499999983,borda
399,Q0,FR940419-0-00017,715,3183.3187499999967,borda
399,Q0,FR940418-0-00008,716,3157.258749999997,borda
399,Q0,FR940106-1-00012,717,3152.4412499999958,borda
399,Q0,FR940620-1-00033,718,3151.4174999999973,borda
399,Q0,FR940819-0-00081,719,3130.0549999999953,borda
399,Q0,FR940928-0-00046,720,3099.888749999997,borda
399,Q0,FBIS3-40860,721,3089.069999999997,borda
399,Q0,FT934-6608,722,3087.4724999999976,borda
399,Q0,FBIS4-20604,723,3079.941249999997,borda
399,Q0,FR940104-0-00029,724,3072.5887499999967,borda
399,Q0,FR940803-0-00077,725,3071.6874999999973,borda
399,Q0,FBIS3-53626,726,3065.9649999999956,borda
399,Q0,FR940810-0-00025,727,3064.9837499999976,borda
399,Q0,FR940513-1-00079,728,3062.7899999999954,borda
399,Q0,FR940513-1-00069,729,3057.0537499999978,borda
399,Q0,LA061889-0115,730,3051.272499999997,borda
399,Q0,FR940429-0-00018,731,3049.2712499999975,borda
399,Q0,FBIS4-46478,732,3047.1649999999986,borda
399,Q0,FR940119-1-00059,733,3047.097499999998,borda
399,Q0,FR940119-1-00054,734,3034.7549999999965,borda
399,Q0,FR940602-1-00037,735,3034.169999999997,borda
399,Q0,LA112490-0091,736,3026.708749999996,borda
399,Q0,FR940810-1-00015,737,3021.199999999998,borda
399,Q0,LA022790-0002,738,3017.3962499999984,borda
399,Q0,FR941007-0-00094,739,3017.3574999999973,borda
399,Q0,FBIS4-16954,740,3007.7274999999986,borda
399,Q0,FBIS3-3707,741,3004.3712499999992,borda
399,Q0,LA022890-0007,742,3003.0012499999993,borda
399,Q0,LA021690-0119,743,3000.5287499999986,borda
399,Q0,FR941021-0-00090,744,2999.3462499999964,borda
399,Q0,FR940407-0-00049,745,2998.9262499999973,borda
399,Q0,FR940318-0-00046,746,2993.014999999996,borda
399,Q0,FR940418-0-00009,747,2992.8537499999975,borda
399,Q0,FBIS4-68719,748,2990.101249999997,borda
399,Q0,FR941019-1-00008,749,2989.2137499999967,borda
399,Q0,FT932-1704,750,2986.359999999996,borda
399,Q0,FR940505-1-00248,751,2983.4437499999963,borda
399,Q0,FR940928-2-00105,752,2981.3524999999963,borda
399,Q0,FBIS4-28850,753,2981.2699999999963,borda
399,Q0,FR940621-1-00008,754,2974.1887499999966,borda
399,Q0,FR940810-0-00143,755,2966.3187499999967,borda
399,Q0,FBIS4-2148,756,2964.2899999999963,borda
399,Q0,FR940603-1-00033,757,2961.251249999996,borda
399,Q0,FR940505-1-00303,758,2958.3887499999955,borda
399,Q0,FR941212-0-00114,759,2955.6199999999963,borda
399,Q0,FR940725-0-00172,760,2953.512499999996,borda
399,Q0,FT942-4810,761,2951.822499999998,borda
399,Q0,FR940705-2-00210,762,2944.3049999999957,borda
399,Q0,FR940927-0-00080,763,2934.2987499999963,borda
399,Q0,FR941025-2-00121,764,2922.068749999996,borda
399,Q0,FR940721-2-00021,765,2921.0312499999986,borda
399,Q0,LA051689-0065,766,2919.056249999999,borda
399,Q0,FR940513-1-00080,767,2910.4062499999964,borda
399,Q0,FR940630-0-00060,768,2906.9574999999963,borda
399,Q0,LA050589-0106,769,2893.5437499999994,borda
399,Q0,FBIS3-44449,770,2880.9074999999993,borda
399,Q0,FR940325-1-00036,771,2873.6399999999967,borda
399,Q0,FR940907-0-00019,772,2872.4137499999974,borda
399,Q0,FR940525-0-00071,773,2869.543749999997,borda
399,Q0,FT923-11903,774,2868.4624999999974,borda
399,Q0,FR940720-1-00017,775,2860.2724999999978,borda
399,Q0,FBIS4-46624,776,2857.5637499999984,borda
399,Q0,FBIS4-15704,777,2855.9599999999978,borda
399,Q0,FR941220-1-00018,778,2849.477499999997,borda
399,Q0,FT943-5735,779,2842.9962499999974,borda
399,Q0,FBIS4-45780,780,2841.6024999999977,borda
399,Q0,FR940426-0-00083,781,2841.558749999999,borda
399,Q0,FR940419-0-00034,782,2835.744999999997,borda
399,Q0,FR940603-0-00061,783,2829.381249999997,borda
399,Q0,FR940916-0-00040,784,2826.3124999999973,borda
399,Q0,FR940412-1-00084,785,2824.086249999997,borda
399,Q0,FBIS4-29958,786,2818.12,borda
399,Q0,FT931-6575,787,2816.701249999999,borda
399,Q0,FR940606-1-00071,788,2811.683749999996,borda
399,Q0,FR940916-0-00025,789,2808.011249999997,borda
399,Q0,FR940412-1-00095,790,2805.7962499999962,borda
399,Q0,LA080390-0172,791,2804.5249999999983,borda
399,Q0,FR940513-1-00098,792,2802.871249999997,borda
399,Q0,FR940525-0-00068,793,2794.5012499999966,borda
399,Q0,FR940506-1-00029,794,2790.824999999997,borda
399,Q0,FBIS4-2961,795,2790.3112499999966,borda
399,Q0,FR940907-0-00020,796,2788.967499999997,borda
399,Q0,LA061189-0041,797,2786.1149999999984,borda
399,Q0,FT944-10611,798,2782.694999999998,borda
399,Q0,FR940725-0-00173,799,2781.8824999999965,borda
399,Q0,FBIS4-16147,800,2772.1324999999983,borda
399,Q0,FR940404-2-00194,801,2769.8374999999996,borda
399,Q0,FBIS4-26062,802,2760.8012499999995,borda
399,Q0,FR940404-1-00051,803,2748.5774999999967,borda
399,Q0,FR940119-0-00058,804,2745.434999999997,borda
399,Q0,LA080289-0082,805,2743.3474999999967,borda
399,Q0,FR941021-0-00070,806,2739.1037499999975,borda
399,Q0,FR940725-0-00181,807,2734.2437499999965,borda
399,Q0,FBIS4-44725,808,2731.699999999996,borda
399,Q0,LA042389-0080,809,2731.193749999999,borda
399,Q0,FT924-14452,810,2729.7374999999975,borda
399,Q0,FR941103-0-00087,811,2725.4999999999973,borda
399,Q0,FR940203-2-00010,812,2724.4212499999994,borda
399,Q0,FT921-1930,813,2723.502499999998,borda
399,Q0,FBIS4-13548,814,2710.653749999997,borda
399,Q0,FR940429-2-00013,815,2707.5849999999996,borda
399,Q0,LA050990-0160,816,2695.3899999999967,borda
399,Q0,FR940928-1-00043,817,2691.346249999997,borda
399,Q0,FR940603-1-00020,818,2688.418749999997,borda
399,Q0,FT942-8299,819,2682.8899999999976,borda
399,Q0,FR941230-0-00056,820,2682.553749999996,borda
399,Q0,FBIS4-67585,821,2672.1612499999965,borda
399,Q0,FR941212-0-00067,822,2660.009999999997,borda
399,Q0,FR940728-2-00069,823,2657.468749999997,borda
399,Q0,FR940816-1-00013,824,2655.662499999997,borda
399,Q0,FBIS4-33684,825,2650.5049999999965,borda
399,Q0,FR940831-0-00055,826,2642.693749999997,borda
399,Q0,FBIS3-32991,827,2640.5849999999964,borda
399,Q0,FR940217-2-00013,828,2636.2025,borda
399,Q0,FBIS3-44552,829,2630.5099999999993,borda
399,Q0,FT941-17394,830,2625.842499999998,borda
399,Q0,FBIS4-67788,831,2623.4049999999975,borda
399,Q0,FR940621-1-00007,832,2621.5849999999987,borda
399,Q0,FBIS4-68212,833,2618.3062499999983,borda
399,Q0,FBIS3-21269,834,2611.0112499999977,borda
399,Q0,FBIS3-9368,835,2609.8587499999976,borda
399,Q0,FBIS4-17302,836,2607.146249999998,borda
399,Q0,FR941216-1-00163,837,2604.608749999997,borda
399,Q0,LA072290-0059,838,2603.672499999999,borda
399,Q0,FBIS4-27637,839,2599.968749999997,borda
399,Q0,LA081189-0077,840,2598.6699999999996,borda
399,Q0,FT934-10895,841,2595.472499999997,borda
399,Q0,FR940404-0-00078,842,2595.144999999997,borda
399,Q0,FR940804-0-00009,843,2592.7224999999976,borda
399,Q0,FR940506-1-00028,844,2588.1787499999973,borda
399,Q0,FBIS4-19539,845,2586.917499999997,borda
399,Q0,FR941007-0-00095,846,2581.728749999997,borda
399,Q0,FR940412-1-00096,847,2579.2024999999967,borda
399,Q0,FR940317-1-00108,848,2571.007499999996,borda
399,Q0,FR940516-1-00043,849,2569.3612499999986,borda
399,Q0,FR940506-1-00017,850,2568.8437499999977,borda
399,Q0,FR940304-0-00120,851,2558.5549999999967,borda
399,Q0,FR940627-0-00093,852,2553.1024999999977,borda
399,Q0,FT923-11578,853,2552.602499999999,borda
399,Q0,FR940602-1-00036,854,2550.3737499999966,borda
399,Q0,FR940916-2-00115,855,2550.201249999998,borda
399,Q0,FR941004-1-00005,856,2548.557499999997,borda
399,Q0,FT942-9026,857,2543.6662499999984,borda
399,Q0,FBIS4-15802,858,2541.6374999999985,borda
399,Q0,FBIS3-60299,859,2538.2499999999995,borda
399,Q0,FR940920-2-00026,860,2536.14875,borda
399,Q0,FBIS4-67389,861,2534.818749999999,borda
399,Q0,FR940627-2-00013,862,2531.0687499999995,borda
399,Q0,FR940323-0-00022,863,2530.3787499999967,borda
399,Q0,FBIS4-15609,864,2522.9999999999986,borda
399,Q0,FR940128-0-00055,865,2516.579999999997,borda
399,Q0,FBIS4-40257,866,2510.367499999997,borda
399,Q0,FR940817-2-00283,867,2510.3099999999968,borda
399,Q0,FT941-11876,868,2503.564999999997,borda
399,Q0,FT933-15630,869,2502.0762499999973,borda
399,Q0,LA022590-0117,870,2500.943749999999,borda
399,Q0,FR940916-0-00041,871,2498.916249999998,borda
399,Q0,FT942-14636,872,2492.7324999999973,borda
399,Q0,FR940524-2-00103,873,2491.893749999997,borda
399,Q0,FR940406-2-00032,874,2491.2037499999997,borda
399,Q0,FR940208-1-00066,875,2490.347499999997,borda
399,Q0,FBIS4-47424,876,2489.4387499999993,borda
399,Q0,FBIS3-5906,877,2486.3674999999985,borda
399,Q0,FR940302-2-00096,878,2485.7012499999973,borda
399,Q0,FR940516-1-00103,879,2482.1249999999973,borda
399,Q0,FBIS3-8655,880,2481.778749999998,borda
399,Q0,FT943-1589,881,2478.7837499999996,borda
399,Q0,LA102990-0095,882,2466.8812499999985,borda
399,Q0,FBIS3-41666,883,2465.4187500000003,borda
399,Q0,FR940602-1-00042,884,2461.678749999997,borda
399,Q0,FBIS4-64576,885,2448.1012499999974,borda
399,Q0,FR940208-1-00060,886,2447.678749999997,borda
399,Q0,LA033089-0005,887,2446.968749999997,borda
399,Q0,FR940621-0-00028,888,2443.5324999999975,borda
399,Q0,FBIS4-45273,889,2442.2899999999986,borda
399,Q0,FBIS4-32458,890,2441.646249999997,borda
399,Q0,FR940810-0-00142,891,2440.271249999997,borda
399,Q0,FBIS4-32311,892,2430.886249999997,borda
399,Q0,FR940607-1-00026,893,2424.3674999999985,borda
399,Q0,LA021190-0006,894,2423.3174999999997,borda
399,Q0,FR940927-1-00029,895,2422.1624999999985,borda
399,Q0,LA020490-0012,896,2421.9149999999986,borda
399,Q0,FR940119-0-00050,897,2421.344999999998,borda
399,Q0,FR941004-1-00014,898,2415.0937499999973,borda
399,Q0,FR940906-0-00053,899,2411.3949999999973,borda
399,Q0,FR941212-0-00072,900,2409.1062499999975,borda
399,Q0,FT942-12966,901,2408.5499999999975,borda
399,Q0,FR940511-0-00073,902,2402.3624999999975,borda
399,Q0,FR940224-1-00059,903,2400.711249999997,borda
399,Q0,FBIS4-16352,904,2395.5899999999992,borda
399,Q0,FR940927-0-00101,905,2394.9837499999985,borda
399,Q0,FR940328-1-00023,906,2391.243749999999,borda
399,Q0,FR940524-2-00101,907,2389.1187499999965,borda
399,Q0,FR940525-0-00073,908,2382.883749999998,borda
399,Q0,FBIS4-16996,909,2377.70875,borda
399,Q0,FR940428-0-00028,910,2376.812499999998,borda
399,Q0,FR940119-0-00060,911,2375.5424999999977,borda
399,Q0,LA070789-0092,912,2374.337499999996,borda
399,Q0,FBIS4-67454,913,2371.89625,borda
399,Q0,FR941116-0-00084,914,2369.1849999999977,borda
399,Q0,FBIS3-4335,915,2359.7837499999982,borda
399,Q0,LA022189-0072,916,2358.9837499999994,borda
399,Q0,FBIS3-51463,917,2358.366249999999,borda
399,Q0,LA121990-0005,918,2358.0787499999988,borda
399,Q0,FR940916-0-00024,919,2357.367499999999,borda
399,Q0,FR941004-0-00041,920,2351.909999999998,borda
399,Q0,FBIS4-33507,921,2351.4374999999986,borda
399,Q0,FR940407-0-00045,922,2342.1074999999987,borda
399,Q0,FR941020-0-00037,923,2339.712499999998,borda
399,Q0,FBIS4-67533,924,2336.77625,borda
399,Q0,FBIS4-16150,925,2329.636249999999,borda
399,Q0,FBIS3-23691,926,2324.8587500000003,borda
399,Q0,FR940414-0-00085,927,2324.3649999999975,borda
399,Q0,FBIS4-62239,928,2318.1687499999985,borda
399,Q0,FR940513-1-00081,929,2315.3862499999987,borda
399,Q0,FR940511-0-00076,930,2308.5674999999974,borda
399,Q0,FR940202-0-00098,931,2307.6699999999973,borda
399,Q0,FR941103-0-00086,932,2305.4212499999976,borda
399,Q0,LA063090-0073,933,2303.46875,borda
399,Q0,FBIS3-60246,934,2302.1187499999996,borda
399,Q0,FR941116-0-00083,935,2295.5149999999976,borda
399,Q0,FR940719-1-00019,936,2292.9237499999977,borda
399,Q0,FR941230-0-00051,937,2291.6399999999985,borda
399,Q0,LA080890-0116,938,2286.4662499999986,borda
399,Q0,FR940922-2-00113,939,2284.582499999997,borda
399,Q0,LA041990-0029,940,2279.8312499999993,borda
399,Q0,FR940525-0-00065,941,2279.7837499999973,borda
399,Q0,FR940804-1-00024,942,2278.127499999998,borda
399,Q0,FR941116-0-00022,943,2277.1199999999967,borda
399,Q0,FR940617-0-00064,944,2276.9824999999973,borda
399,Q0,FR941028-0-00018,945,2274.5774999999967,borda
399,Q0,FR940630-0-00057,946,2272.364999999997,borda
399,Q0,FT922-10030,947,2272.114999999998,borda
399,Q0,FBIS4-67474,948,2265.9924999999994,borda
399,Q0,FT933-12061,949,2263.8024999999975,borda
399,Q0,FBIS4-3738,950,2260.9812499999994,borda
399,Q0,FBIS3-60336,951,2260.6675000000005,borda
399,Q0,FR940429-0-00017,952,2258.5937499999977,borda
399,Q0,FBIS3-59694,953,2256.662499999998,borda
399,Q0,LA122189-0217,954,2256.364999999997,borda
399,Q0,FR940324-0-00014,955,2247.349999999997,borda
399,Q0,FR941103-0-00092,956,2239.559999999997,borda
399,Q0,FR941207-0-00079,957,2239.3637499999977,borda
399,Q0,FR940412-1-00090,958,2237.9349999999968,borda
399,Q0,LA120290-0076,959,2235.774999999999,borda
399,Q0,FR940404-0-00080,960,2231.8562499999975,borda
399,Q0,FBIS4-17369,961,2231.674999999998,borda
399,Q0,FR940224-1-00052,962,2228.4424999999974,borda
399,Q0,FR940203-0-00055,963,2228.162499999998,borda
399,Q0,FR940128-1-00019,964,2226.184999999998,borda
399,Q0,FR940204-0-00017,965,2221.6737499999986,borda
399,Q0,FR940802-0-00081,966,2219.764999999998,borda
399,Q0,FR940207-1-00048,967,2216.921249999997,borda
399,Q0,LA010889-0157,968,2214.5174999999995,borda
399,Q0,FBIS3-16534,969,2208.2124999999983,borda
399,Q0,FR941222-0-00114,970,2207.6962499999972,borda
399,Q0,FR941230-0-00094,971,2196.0437499999966,borda
399,Q0,FR941230-0-00055,972,2194.2049999999986,borda
399,Q0,FR940810-0-00160,973,2191.0862499999976,borda
399,Q0,FBIS4-55673,974,2188.847499999999,borda
399,Q0,FR940912-1-00071,975,2186.3999999999983,borda
399,Q0,LA042790-0083,976,2185.3712499999992,borda
399,Q0,FBIS4-29289,977,2179.4737499999974,borda
399,Q0,FR940414-0-00082,978,2173.6599999999985,borda
399,Q0,LA092889-0093,979,2172.541249999998,borda
399,Q0,FR940503-2-00014,980,2170.07375,borda
399,Q0,FT944-8066,981,2169.2774999999983,borda
399,Q0,FT921-100,982,2161.248749999997,borda
399,Q0,FR940728-0-00034,983,2155.5762499999983,borda
399,Q0,FT923-13217,984,2155.5724999999975,borda
399,Q0,FR941020-0-00032,985,2151.6887499999984,borda
399,Q0,FBIS3-20630,986,2150.084999999998,borda
399,Q0,FT922-4963,987,2149.52875,borda
399,Q0,FR940907-0-00032,988,2144.442499999998,borda
399,Q0,FR940628-0-00012,989,2140.567499999998,borda
399,Q0,FR940505-1-00061,990,2138.5199999999977,borda
399,Q0,FR940119-0-00061,991,2135.464999999997,borda
399,Q0,FR940602-1-00051,992,2131.8212499999977,borda
399,Q0,FR940516-0-00089,993,2129.496249999998,borda
399,Q0,FR940919-1-00025,994,2124.687499999998,borda
399,Q0,FR941117-2-00158,995,2123.0987499999987,borda
399,Q0,FR940927-0-00081,996,2114.192499999998,borda
399,Q0,FR941116-2-00113,997,2110.703749999997,borda
399,Q0,FR941021-0-00139,998,2109.8462499999982,borda
399,Q0,FBIS4-27413,999,2108.96125,borda
399,Q0,FBIS3-60218,1000,2106.1137499999973,borda
427,Q0,LA082089-0008,1,12847.572499999987,borda
427,Q0,FT923-10771,2,12805.047499999988,borda
427,Q0,LA070389-0031,3,12796.578749999988,borda
427,Q0,FR940405-1-00137,4,12781.558749999987,borda
427,Q0,FR941028-2-00213,5,12777.116249999988,borda
427,Q0,FT922-7705,6,12776.806249999987,borda
427,Q0,FR941028-2-00203,7,12747.513749999987,borda
427,Q0,FBIS3-22135,8,12620.202499999989,borda
427,Q0,LA121390-0164,9,12610.259999999987,borda
427,Q0,FBIS4-45706,10,12573.248749999986,borda
427,Q0,FBIS3-42547,11,12543.827499999985,borda
427,Q0,FR941028-2-00201,12,12528.829999999987,borda
427,Q0,FBIS4-46650,13,12521.787499999988,borda
427,Q0,FBIS3-22363,14,12512.962499999985,borda
427,Q0,FBIS3-21049,15,12507.04374999999,borda
427,Q0,FT924-14454,16,12451.92999999999,borda
427,Q0,LA061889-0019,17,12447.103749999987,borda
427,Q0,FR940711-2-00169,18,12436.584999999985,borda
427,Q0,FR940405-1-00139,19,12413.698749999985,borda
427,Q0,LA010590-0158,20,12399.444999999987,borda
427,Q0,FR940405-1-00143,21,12388.979999999989,borda
427,Q0,LA040689-0058,22,12388.15124999999,borda
427,Q0,LA052590-0118,23,12347.091249999989,borda
427,Q0,LA052189-0138,24,12318.506249999986,borda
427,Q0,FT943-13952,25,12249.447499999987,borda
427,Q0,FT943-16587,26,12152.141249999988,borda
427,Q0,LA032689-0066,27,12106.606249999986,borda
427,Q0,LA011589-0017,28,12082.661249999986,borda
427,Q0,FR941028-2-00175,29,12067.502499999988,borda
427,Q0,LA082589-0056,30,11999.627499999991,borda
427,Q0,FR941028-2-00212,31,11993.378749999989,borda
427,Q0,FBIS4-67639,32,11978.39499999999,borda
427,Q0,FT933-1362,33,11973.289999999988,borda
427,Q0,LA042390-0089,34,11966.287499999988,borda
427,Q0,LA060590-0146,35,11944.837499999987,borda
427,Q0,FR940405-1-00140,36,11906.78874999999,borda
427,Q0,FR941028-2-00223,37,11877.731249999988,borda
427,Q0,FBIS3-21138,38,11864.544999999987,borda
427,Q0,LA070389-0030,39,11714.819999999989,borda
427,Q0,FBIS4-20684,40,11660.706249999988,borda
427,Q0,LA080590-0077,41,11638.906249999989,borda
427,Q0,FR940405-1-00138,42,11633.562499999985,borda
427,Q0,FBIS4-44893,43,11625.754999999986,borda
427,Q0,LA081590-0100,44,11558.86374999999,borda
427,Q0,FT924-7120,45,11551.014999999989,borda
427,Q0,FR941028-2-00202,46,11528.258749999986,borda
427,Q0,FR940912-2-00110,47,11487.264999999989,borda
427,Q0,LA043089-0098,48,11418.25249999999,borda
427,Q0,LA031390-0097,49,11348.94249999999,borda
427,Q0,FT944-13536,50,11328.763749999991,borda
427,Q0,LA041689-0006,51,11295.83499999999,borda
427,Q0,FBIS3-21201,52,11239.591249999989,borda
427,Q0,FR941028-2-00200,53,11238.296249999989,borda
427,Q0,LA021689-0113,54,11135.76249999999,borda
427,Q0,FT944-3522,55,11005.27249999999,borda
427,Q0,FBIS4-1003,56,10964.898749999991,borda
427,Q0,LA080590-0238,57,10911.243749999989,borda
427,Q0,FR940727-1-00049,58,10888.389999999989,borda
427,Q0,FBIS3-59791,59,10824.768749999992,borda
427,Q0,LA072890-0148,60,10700.508749999988,borda
427,Q0,FT933-12146,61,10692.253749999989,borda
427,Q0,LA060989-0152,62,10676.00749999999,borda
427,Q0,FR941205-0-00127,63,10672.50874999999,borda
427,Q0,LA051190-0177,64,10637.332499999988,borda
427,Q0,FT924-6027,65,10594.726249999989,borda
427,Q0,FT943-5736,66,10579.937499999987,borda
427,Q0,FBIS3-59659,67,10456.239999999989,borda
427,Q0,FR940405-1-00142,68,10446.079999999993,borda
427,Q0,FT923-12757,69,10445.143749999988,borda
427,Q0,LA020889-0116,70,10440.204999999989,borda
427,Q0,LA052890-0021,71,10436.00624999999,borda
427,Q0,LA122590-0033,72,10385.214999999991,borda
427,Q0,FT924-5525,73,10372.301249999991,borda
427,Q0,FT933-16379,74,10271.638749999987,borda
427,Q0,FR940405-1-00145,75,10250.456249999988,borda
427,Q0,LA050689-0095,76,10180.09874999999,borda
427,Q0,LA091089-0004,77,10160.151249999992,borda
427,Q0,LA091789-0054,78,10149.12374999999,borda
427,Q0,FT921-8131,79,10039.86749999999,borda
427,Q0,FR940318-0-00111,80,9969.82999999999,borda
427,Q0,FT944-14576,81,9966.879999999988,borda
427,Q0,FR940318-0-00205,82,9954.671249999989,borda
427,Q0,FR941206-1-00073,83,9933.06374999999,borda
427,Q0,FBIS3-3924,84,9879.674999999992,borda
427,Q0,LA022789-0083,85,9862.79999999999,borda
427,Q0,FBIS3-40545,86,9839.88999999999,borda
427,Q0,LA030489-0115,87,9839.168749999992,borda
427,Q0,LA111090-0173,88,9835.407499999988,borda
427,Q0,LA052389-0072,89,9822.78124999999,borda
427,Q0,LA103190-0163,90,9815.612499999992,borda
427,Q0,LA020989-0195,91,9776.588749999992,borda
427,Q0,FBIS4-66445,92,9750.11999999999,borda
427,Q0,LA062190-0054,93,9693.683749999991,borda
427,Q0,LA092489-0134,94,9658.793749999992,borda
427,Q0,FBIS3-60385,95,9638.366249999988,borda
427,Q0,FT941-8374,96,9591.236249999993,borda
427,Q0,LA120390-0065,97,9523.82374999999,borda
427,Q0,FR940405-1-00141,98,9520.763749999987,borda
427,Q0,LA011589-0120,99,9474.316249999989,borda
427,Q0,FT921-9138,100,9449.454999999993,borda
427,Q0,LA072690-0134,101,9443.447499999991,borda
427,Q0,FR940405-1-00146,102,9438.50374999999,borda
427,Q0,FR941028-2-00214,103,9358.74249999999,borda
427,Q0,FT934-1164,104,9335.68499999999,borda
427,Q0,FT934-16572,105,9331.803749999992,borda
427,Q0,FT931-5371,106,9308.834999999992,borda
427,Q0,LA121590-0066,107,9273.669999999995,borda
427,Q0,LA022789-0015,108,9257.214999999993,borda
427,Q0,FR941028-2-00218,109,9230.37374999999,borda
427,Q0,FT941-14251,110,9219.28624999999,borda
427,Q0,LA030389-0109,111,9183.674999999992,borda
427,Q0,LA092590-0164,112,9123.903749999992,borda
427,Q0,FT923-11241,113,9096.66374999999,borda
427,Q0,LA060989-0154,114,9076.177499999993,borda
427,Q0,FBIS4-20651,115,9061.116249999992,borda
427,Q0,LA072590-0145,116,9054.41749999999,borda
427,Q0,LA030489-0032,117,9014.134999999991,borda
427,Q0,FT921-10884,118,9007.533749999991,borda
427,Q0,LA090590-0118,119,8987.221249999991,borda
427,Q0,LA041190-0151,120,8956.897499999992,borda
427,Q0,FT921-8446,121,8955.783749999991,borda
427,Q0,FBIS3-61516,122,8858.85624999999,borda
427,Q0,LA080290-0088,123,8852.76124999999,borda
427,Q0,LA042990-0141,124,8838.66374999999,borda
427,Q0,LA110989-0110,125,8790.398749999991,borda
427,Q0,FR940921-0-00137,126,8786.108749999992,borda
427,Q0,LA102089-0056,127,8781.479999999992,borda
427,Q0,FT931-14388,128,8751.609999999991,borda
427,Q0,LA111390-0089,129,8739.35374999999,borda
427,Q0,LA072789-0022,130,8736.043749999992,borda
427,Q0,LA111390-0135,131,8726.56999999999,borda
427,Q0,LA030689-0003,132,8726.546249999992,borda
427,Q0,LA011790-0106,133,8725.88624999999,borda
427,Q0,FT921-9775,134,8676.261249999989,borda
427,Q0,LA080989-0058,135,8673.149999999992,borda
427,Q0,LA102489-0029,136,8635.41749999999,borda
427,Q0,LA102989-0050,137,8597.863749999991,borda
427,Q0,LA041690-0041,138,8595.20249999999,borda
427,Q0,LA082889-0040,139,8590.28499999999,borda
427,Q0,LA102490-0132,140,8585.26624999999,borda
427,Q0,FR940405-1-00136,141,8553.144999999991,borda
427,Q0,LA061890-0044,142,8546.876249999988,borda
427,Q0,LA090789-0196,143,8522.706249999992,borda
427,Q0,LA092690-0138,144,8519.221249999991,borda
427,Q0,FT931-8657,145,8510.50749999999,borda
427,Q0,LA082289-0139,146,8506.13249999999,borda
427,Q0,LA042990-0188,147,8499.898749999993,borda
427,Q0,FT921-12940,148,8472.266249999991,borda
427,Q0,FR940202-2-00110,149,8460.854999999992,borda
427,Q0,LA071689-0050,150,8458.821249999994,borda
427,Q0,FT921-12952,151,8456.819999999992,borda
427,Q0,LA100590-0015,152,8444.24499999999,borda
427,Q0,LA091890-0053,153,8431.521249999993,borda
427,Q0,FBIS3-25695,154,8416.31124999999,borda
427,Q0,LA071889-0106,155,8400.44499999999,borda
427,Q0,FBIS3-21115,156,8381.01999999999,borda
427,Q0,LA060390-0219,157,8331.503749999993,borda
427,Q0,LA021689-0010,158,8293.371249999993,borda
427,Q0,FT934-14520,159,8293.09624999999,borda
427,Q0,LA070989-0017,160,8254.946249999992,borda
427,Q0,FT921-7107,161,8211.097499999993,borda
427,Q0,LA052190-0047,162,8128.688749999991,borda
427,Q0,LA100889-0224,163,8123.138749999991,borda
427,Q0,FT922-14119,164,8120.333749999991,borda
427,Q0,FR941216-1-00073,165,8110.754999999992,borda
427,Q0,FR941102-0-00081,166,8080.487499999992,borda
427,Q0,LA110789-0138,167,8045.201249999994,borda
427,Q0,LA012190-0051,168,8043.634999999993,borda
427,Q0,FT922-5107,169,8041.776249999993,borda
427,Q0,FBIS3-41571,170,8032.898749999992,borda
427,Q0,FBIS3-21039,171,8029.4499999999925,borda
427,Q0,LA121190-0160,172,8028.006249999991,borda
427,Q0,LA110590-0076,173,8019.466249999992,borda
427,Q0,FBIS4-66484,174,7995.134999999992,borda
427,Q0,LA120890-0048,175,7986.929999999994,borda
427,Q0,FT943-3693,176,7977.508749999992,borda
427,Q0,FBIS3-22510,177,7958.878749999993,borda
427,Q0,FBIS4-23060,178,7952.932499999992,borda
427,Q0,FT921-9705,179,7941.027499999992,borda
427,Q0,FT924-15322,180,7885.327499999993,borda
427,Q0,LA120590-0110,181,7855.13874999999,borda
427,Q0,FBIS3-21199,182,7842.476249999992,borda
427,Q0,FT943-37,183,7801.877499999992,borda
427,Q0,FR940606-1-00040,184,7783.624999999992,borda
427,Q0,FT942-16637,185,7757.442499999992,borda
427,Q0,LA121190-0079,186,7747.657499999992,borda
427,Q0,FT933-9147,187,7716.609999999991,borda
427,Q0,FT933-10945,188,7675.50624999999,borda
427,Q0,FR940727-1-00030,189,7660.959999999993,borda
427,Q0,LA031989-0166,190,7647.249999999993,borda
427,Q0,LA051090-0069,191,7645.989999999992,borda
427,Q0,LA071989-0051,192,7635.224999999993,borda
427,Q0,FBIS3-22298,193,7625.953749999992,borda
427,Q0,LA020289-0117,194,7618.157499999991,borda
427,Q0,FBIS3-61471,195,7616.337499999992,borda
427,Q0,FBIS4-46656,196,7614.00999999999,borda
427,Q0,LA080390-0134,197,7612.7262499999915,borda
427,Q0,FT944-15889,198,7608.6224999999895,borda
427,Q0,FR940204-2-00117,199,7573.609999999993,borda
427,Q0,LA010889-0109,200,7548.879999999992,borda
427,Q0,LA092189-0124,201,7532.86874999999,borda
427,Q0,FBIS3-132,202,7498.5824999999895,borda
427,Q0,LA120390-0126,203,7483.473749999991,borda
427,Q0,LA082389-0065,204,7481.851249999992,borda
427,Q0,FR940810-2-00123,205,7473.304999999989,borda
427,Q0,FR940802-2-00011,206,7462.5249999999905,borda
427,Q0,FBIS3-40451,207,7461.464999999993,borda
427,Q0,FT944-11346,208,7446.9849999999915,borda
427,Q0,LA071490-0091,209,7428.773749999991,borda
427,Q0,FBIS3-40388,210,7427.651249999994,borda
427,Q0,FR940513-0-00121,211,7423.758749999991,borda
427,Q0,LA120690-0173,212,7404.703749999992,borda
427,Q0,LA081490-0030,213,7380.899999999992,borda
427,Q0,FBIS3-61519,214,7374.669999999991,borda
427,Q0,FR940406-0-00190,215,7372.687499999993,borda
427,Q0,LA061590-0078,216,7369.179999999993,borda
427,Q0,FT924-1885,217,7347.546249999992,borda
427,Q0,LA012889-0073,218,7335.981249999992,borda
427,Q0,LA031189-0060,219,7325.971249999993,borda
427,Q0,FT932-13420,220,7315.726249999992,borda
427,Q0,FT924-8027,221,7308.569999999992,borda
427,Q0,LA121889-0073,222,7289.484999999992,borda
427,Q0,LA091189-0070,223,7288.394999999991,borda
427,Q0,LA082889-0097,224,7268.813749999992,borda
427,Q0,FBIS3-3919,225,7268.113749999993,borda
427,Q0,FR940505-1-00362,226,7263.141249999992,borda
427,Q0,LA072390-0058,227,7230.7449999999935,borda
427,Q0,LA120190-0092,228,7224.496249999992,borda
427,Q0,LA091090-0043,229,7223.232499999993,borda
427,Q0,FR940112-1-00044,230,7218.937499999994,borda
427,Q0,LA020490-0133,231,7157.642499999993,borda
427,Q0,FR940928-0-00056,232,7117.2537499999935,borda
427,Q0,FBIS4-47764,233,7098.23124999999,borda
427,Q0,FT942-13595,234,7079.6824999999935,borda
427,Q0,FT921-6850,235,7078.051249999992,borda
427,Q0,LA072290-0116,236,7070.477499999992,borda
427,Q0,LA092290-0183,237,7068.599999999993,borda
427,Q0,FR940720-0-00094,238,7041.873749999991,borda
427,Q0,FR941028-2-00162,239,7039.054999999993,borda
427,Q0,LA071090-0047,240,7022.041249999993,borda
427,Q0,LA100889-0165,241,6998.658749999994,borda
427,Q0,FR941102-0-00076,242,6994.601249999992,borda
427,Q0,FT942-14538,243,6994.4062499999945,borda
427,Q0,LA012389-0006,244,6986.031249999994,borda
427,Q0,FR940526-2-00005,245,6984.037499999993,borda
427,Q0,LA030289-0123,246,6970.909999999992,borda
427,Q0,FBIS4-67592,247,6970.492499999992,borda
427,Q0,LA012890-0011,248,6952.916249999992,borda
427,Q0,FT932-7524,249,6939.814999999991,borda
427,Q0,FBIS3-21266,250,6935.102499999993,borda
427,Q0,FT924-8552,251,6861.6737499999945,borda
427,Q0,FR940627-0-00138,252,6841.462499999991,borda
427,Q0,FBIS3-41575,253,6825.046249999992,borda
427,Q0,LA100689-0099,254,6794.789999999994,borda
427,Q0,LA070990-0119,255,6788.203749999992,borda
427,Q0,LA020990-0112,256,6757.686249999992,borda
427,Q0,LA101289-0100,257,6754.503749999993,borda
427,Q0,FT933-1019,258,6735.268749999994,borda
427,Q0,LA120990-0043,259,6723.632499999993,borda
427,Q0,FR940721-1-00085,260,6699.342499999992,borda
427,Q0,FR940627-0-00214,261,6683.478749999993,borda
427,Q0,FBIS3-43004,262,6643.1337499999945,borda
427,Q0,FBIS3-43042,263,6633.1337499999945,borda
427,Q0,FT942-8109,264,6615.292499999992,borda
427,Q0,LA043089-0106,265,6581.117499999993,borda
427,Q0,LA120490-0100,266,6570.9949999999935,borda
427,Q0,FR941222-1-00072,267,6570.596249999991,borda
427,Q0,FR941007-1-00014,268,6520.374999999994,borda
427,Q0,LA112689-0028,269,6514.714999999993,borda
427,Q0,FR940506-1-00020,270,6511.822499999992,borda
427,Q0,FT923-3530,271,6500.048749999994,borda
427,Q0,LA052290-0188,272,6490.973749999995,borda
427,Q0,FR940627-0-00139,273,6488.073749999994,borda
427,Q0,FR941028-2-00198,274,6469.108749999992,borda
427,Q0,FBIS4-22817,275,6453.604999999994,borda
427,Q0,FR940405-2-00006,276,6441.3737499999925,borda
427,Q0,LA010990-0034,277,6393.708749999993,borda
427,Q0,LA063089-0127,278,6392.153749999994,borda
427,Q0,FT943-5735,279,6392.1149999999925,borda
427,Q0,FR940202-2-00119,280,6367.677499999993,borda
427,Q0,LA102289-0043,281,6365.763749999994,borda
427,Q0,FBIS3-24453,282,6347.873749999995,borda
427,Q0,FBIS4-21502,283,6335.633749999994,borda
427,Q0,FT944-14421,284,6326.748749999993,borda
427,Q0,LA121089-0235,285,6313.1424999999945,borda
427,Q0,LA010490-0128,286,6292.676249999993,borda
427,Q0,FR941107-2-00088,287,6270.119999999991,borda
427,Q0,FT941-4928,288,6253.943749999993,borda
427,Q0,FR940119-2-00006,289,6249.904999999993,borda
427,Q0,LA030389-0098,290,6216.957499999995,borda
427,Q0,LA062890-0167,291,6198.653749999993,borda
427,Q0,LA050390-0216,292,6197.992499999995,borda
427,Q0,FT924-2373,293,6174.746249999995,borda
427,Q0,LA111890-0081,294,6162.538749999994,borda
427,Q0,FBIS3-20968,295,6151.373749999993,borda
427,Q0,LA101589-0020,296,6126.479999999993,borda
427,Q0,LA070190-0208,297,6117.706249999992,borda
427,Q0,FT944-6099,298,6114.327499999994,borda
427,Q0,FT933-10912,299,6108.836249999996,borda
427,Q0,FR940721-1-00086,300,6088.694999999993,borda
427,Q0,FBIS4-64403,301,6078.083749999992,borda
427,Q0,FT941-16607,302,6071.323749999993,borda
427,Q0,FBIS4-21397,303,6047.339999999992,borda
427,Q0,FBIS4-21403,304,6039.204999999992,borda
427,Q0,FT933-2180,305,6017.358749999993,borda
427,Q0,FR940505-1-00354,306,6016.136249999995,borda
427,Q0,FBIS3-21225,307,5997.549999999994,borda
427,Q0,FBIS3-43047,308,5967.603749999994,borda
427,Q0,FR940202-2-00120,309,5952.908749999995,borda
427,Q0,FT931-11096,310,5950.032499999993,borda
427,Q0,LA121389-0103,311,5938.693749999994,borda
427,Q0,FT943-11207,312,5921.828749999993,borda
427,Q0,FR940721-1-00098,313,5917.376249999994,borda
427,Q0,LA060790-0032,314,5873.639999999993,borda
427,Q0,FT944-13036,315,5860.314999999992,borda
427,Q0,LA042989-0132,316,5840.798749999994,borda
427,Q0,FR940602-1-00044,317,5767.582499999993,borda
427,Q0,LA012590-0067,318,5757.999999999994,borda
427,Q0,LA062390-0058,319,5753.748749999994,borda
427,Q0,FT921-3682,320,5753.474999999995,borda
427,Q0,LA080990-0089,321,5736.831249999995,borda
427,Q0,LA062890-0004,322,5736.648749999995,borda
427,Q0,LA080989-0062,323,5727.089999999995,borda
427,Q0,FR940405-1-00144,324,5716.444999999995,borda
427,Q0,LA110490-0055,325,5715.897499999995,borda
427,Q0,LA102190-0039,326,5707.442499999994,borda
427,Q0,LA082089-0061,327,5684.231249999994,borda
427,Q0,LA010789-0134,328,5664.461249999994,borda
427,Q0,LA031990-0050,329,5663.236249999994,borda
427,Q0,FBIS3-59602,330,5660.723749999995,borda
427,Q0,LA032289-0035,331,5655.8662499999955,borda
427,Q0,FBIS3-59714,332,5641.282499999995,borda
427,Q0,LA122890-0162,333,5633.291249999994,borda
427,Q0,FR940722-0-00067,334,5630.813749999995,borda
427,Q0,FT924-4528,335,5622.193749999996,borda
427,Q0,FBIS4-68334,336,5619.193749999994,borda
427,Q0,FT942-1086,337,5607.9999999999945,borda
427,Q0,FR940711-2-00168,338,5586.9774999999945,borda
427,Q0,FR940318-0-00173,339,5586.7049999999945,borda
427,Q0,FR940202-2-00139,340,5567.618749999993,borda
427,Q0,FR941019-2-00019,341,5567.097499999994,borda
427,Q0,FT944-51,342,5562.662499999994,borda
427,Q0,LA071490-0118,343,5539.759999999994,borda
427,Q0,LA080590-0185,344,5531.427499999994,borda
427,Q0,LA041990-0257,345,5520.364999999994,borda
427,Q0,FR940706-0-00062,346,5519.581249999994,borda
427,Q0,FBIS3-40549,347,5518.244999999996,borda
427,Q0,LA102589-0136,348,5507.069999999993,borda
427,Q0,LA030190-0177,349,5503.278749999995,borda
427,Q0,FBIS3-59579,350,5490.693749999994,borda
427,Q0,FT922-14875,351,5476.592499999993,borda
427,Q0,FBIS3-57963,352,5473.881249999993,borda
427,Q0,LA092690-0065,353,5445.292499999994,borda
427,Q0,FR941028-2-00156,354,5445.194999999994,borda
427,Q0,FT922-12408,355,5437.926249999994,borda
427,Q0,FT933-4238,356,5435.836249999994,borda
427,Q0,FT941-7980,357,5435.801249999994,borda
427,Q0,LA060290-0131,358,5410.607499999994,borda
427,Q0,FR940721-1-00092,359,5352.262499999994,borda
427,Q0,FBIS4-20688,360,5332.621249999996,borda
427,Q0,LA072290-0189,361,5328.009999999995,borda
427,Q0,LA071989-0116,362,5325.102499999995,borda
427,Q0,LA071990-0129,363,5297.917499999995,borda
427,Q0,LA080789-0114,364,5288.6337499999945,borda
427,Q0,FT942-2495,365,5267.763749999995,borda
427,Q0,LA122490-0040,366,5262.076249999996,borda
427,Q0,FT922-8029,367,5242.372499999994,borda
427,Q0,LA020289-0035,368,5233.841249999995,borda
427,Q0,LA083090-0083,369,5232.201249999995,borda
427,Q0,LA030789-0060,370,5227.978749999995,borda
427,Q0,FR941011-2-00024,371,5215.242499999994,borda
427,Q0,FBIS4-47414,372,5207.117499999996,borda
427,Q0,FBIS4-67398,373,5191.886249999994,borda
427,Q0,LA112289-0067,374,5166.602499999994,borda
427,Q0,FT942-12152,375,5159.563749999994,borda
427,Q0,LA081089-0057,376,5157.816249999994,borda
427,Q0,LA070190-0108,377,5152.858749999995,borda
427,Q0,FT943-5730,378,5124.279999999993,borda
427,Q0,FBIS4-21487,379,5121.861249999993,borda
427,Q0,FBIS4-1937,380,5111.243749999995,borda
427,Q0,FT933-10934,381,5101.766249999995,borda
427,Q0,LA071590-0036,382,5096.216249999996,borda
427,Q0,LA072389-0036,383,5093.014999999996,borda
427,Q0,FT931-11435,384,5061.076249999994,borda
427,Q0,FT943-16085,385,5052.902499999993,borda
427,Q0,LA021190-0043,386,5047.956249999994,borda
427,Q0,FBIS4-2130,387,5035.251249999995,borda
427,Q0,LA041289-0116,388,5022.653749999994,borda
427,Q0,LA102189-0071,389,5018.613749999995,borda
427,Q0,FR940721-1-00083,390,4989.503749999993,borda
427,Q0,LA040989-0121,391,4983.707499999995,borda
427,Q0,LA012589-0052,392,4973.512499999993,borda
427,Q0,FT944-6463,393,4956.828749999993,borda
427,Q0,FT934-13536,394,4935.297499999993,borda
427,Q0,FT932-5909,395,4925.652499999996,borda
427,Q0,LA081389-0197,396,4915.994999999996,borda
427,Q0,LA091090-0108,397,4908.881249999995,borda
427,Q0,FT944-5674,398,4904.949999999995,borda
427,Q0,FR940318-0-00170,399,4904.721249999995,borda
427,Q0,LA091490-0190,400,4893.629999999995,borda
427,Q0,LA113089-0091,401,4886.529999999995,borda
427,Q0,FBIS4-33833,402,4878.754999999995,borda
427,Q0,LA050990-0050,403,4846.641249999995,borda
427,Q0,LA042989-0131,404,4842.449999999994,borda
427,Q0,FBIS3-42533,405,4835.286249999995,borda
427,Q0,LA121089-0225,406,4821.059999999995,borda
427,Q0,LA122589-0068,407,4818.742499999996,borda
427,Q0,LA122089-0064,408,4805.929999999995,borda
427,Q0,LA082889-0088,409,4796.673749999995,borda
427,Q0,LA041390-0169,410,4794.163749999995,borda
427,Q0,LA092389-0149,411,4794.157499999995,borda
427,Q0,FBIS4-33375,412,4793.746249999995,borda
427,Q0,FR940602-1-00061,413,4781.107499999995,borda
427,Q0,LA082789-0096,414,4779.046249999995,borda
427,Q0,FBIS4-46355,415,4767.6112499999945,borda
427,Q0,FR940720-0-00065,416,4767.481249999993,borda
427,Q0,FT933-14270,417,4737.379999999996,borda
427,Q0,FR940525-1-00086,418,4720.994999999996,borda
427,Q0,FT923-6455,419,4680.611249999996,borda
427,Q0,LA041789-0061,420,4666.867499999996,borda
427,Q0,LA051489-0093,421,4656.832499999995,borda
427,Q0,FBIS4-30416,422,4638.501249999996,borda
427,Q0,LA052390-0115,423,4634.957499999996,borda
427,Q0,LA120389-0074,424,4619.997499999996,borda
427,Q0,FT922-1712,425,4619.184999999995,borda
427,Q0,FBIS4-44915,426,4612.226249999996,borda
427,Q0,LA053089-0093,427,4610.199999999995,borda
427,Q0,FBIS3-24028,428,4597.436249999995,borda
427,Q0,LA110190-0226,429,4590.884999999995,borda
427,Q0,LA111690-0153,430,4573.721249999995,borda
427,Q0,LA050289-0085,431,4567.074999999995,borda
427,Q0,LA012490-0058,432,4551.966249999995,borda
427,Q0,LA122790-0089,433,4530.857499999994,borda
427,Q0,LA072089-0002,434,4499.097499999994,borda
427,Q0,FBIS4-67533,435,4476.626249999997,borda
427,Q0,FR940216-0-00252,436,4471.462499999994,borda
427,Q0,LA081290-0040,437,4438.224999999995,borda
427,Q0,LA072189-0079,438,4423.079999999995,borda
427,Q0,FR940208-1-00058,439,4419.633749999995,borda
427,Q0,FT923-3538,440,4405.622499999994,borda
427,Q0,LA123090-0063,441,4402.697499999995,borda
427,Q0,LA101589-0100,442,4399.6787499999955,borda
427,Q0,FT943-15336,443,4397.038749999995,borda
427,Q0,LA122990-0024,444,4384.143749999996,borda
427,Q0,FR940504-2-00033,445,4348.693749999995,borda
427,Q0,LA070689-0118,446,4330.263749999996,borda
427,Q0,LA072290-0177,447,4328.812499999996,borda
427,Q0,LA070890-0122,448,4328.007499999995,borda
427,Q0,LA102290-0067,449,4321.5087499999945,borda
427,Q0,FT931-11366,450,4312.3974999999955,borda
427,Q0,FBIS4-26657,451,4305.2462499999965,borda
427,Q0,FR940516-1-00120,452,4289.854999999996,borda
427,Q0,LA100690-0129,453,4287.323749999995,borda
427,Q0,LA122190-0105,454,4284.263749999995,borda
427,Q0,FR940506-2-00022,455,4263.876249999997,borda
427,Q0,LA012890-0052,456,4241.089999999996,borda
427,Q0,FT942-3942,457,4229.5274999999965,borda
427,Q0,FT942-13619,458,4222.809999999995,borda
427,Q0,LA090590-0046,459,4222.771249999995,borda
427,Q0,FBIS4-23008,460,4215.693749999996,borda
427,Q0,FBIS3-47901,461,4198.793749999995,borda
427,Q0,FR941216-1-00121,462,4192.519999999995,borda
427,Q0,FBIS4-22963,463,4190.938749999996,borda
427,Q0,FBIS4-20617,464,4188.353749999996,borda
427,Q0,LA060790-0141,465,4188.337499999996,borda
427,Q0,FR941021-0-00009,466,4183.189999999995,borda
427,Q0,LA121590-0131,467,4173.038749999995,borda
427,Q0,FT941-16620,468,4159.487499999995,borda
427,Q0,FR940720-0-00093,469,4155.349999999995,borda
427,Q0,LA090390-0035,470,4135.662499999996,borda
427,Q0,LA032590-0075,471,4123.377499999996,borda
427,Q0,FR940302-0-00024,472,4122.256249999995,borda
427,Q0,FBIS3-24470,473,4120.1612499999965,borda
427,Q0,FR940516-1-00068,474,4107.877499999994,borda
427,Q0,LA102189-0082,475,4107.514999999995,borda
427,Q0,LA100790-0251,476,4084.3449999999957,borda
427,Q0,FR941028-2-00221,477,4074.1274999999973,borda
427,Q0,LA062190-0177,478,4072.967499999995,borda
427,Q0,LA030989-0012,479,4061.061249999995,borda
427,Q0,LA021189-0045,480,4061.0349999999944,borda
427,Q0,LA090489-0037,481,4060.486249999996,borda
427,Q0,LA120190-0155,482,4050.6012499999965,borda
427,Q0,FT931-770,483,4040.528749999997,borda
427,Q0,FBIS4-41647,484,4032.1512499999953,borda
427,Q0,FT924-2674,485,4020.0149999999962,borda
427,Q0,FR940705-0-00037,486,4011.8412499999963,borda
427,Q0,FBIS4-47480,487,4001.8299999999977,borda
427,Q0,LA040290-0024,488,3993.8312499999947,borda
427,Q0,LA070489-0013,489,3983.616249999995,borda
427,Q0,LA062789-0111,490,3982.1924999999965,borda
427,Q0,LA021190-0099,491,3967.759999999995,borda
427,Q0,LA052390-0003,492,3961.4787499999957,borda
427,Q0,LA021289-0098,493,3958.6337499999945,borda
427,Q0,FBIS3-61485,494,3950.6099999999965,borda
427,Q0,FT932-4305,495,3943.0912499999977,borda
427,Q0,FR940907-0-00028,496,3933.843749999997,borda
427,Q0,LA060390-0133,497,3931.359999999996,borda
427,Q0,LA022689-0014,498,3924.198749999996,borda
427,Q0,LA071489-0108,499,3907.4737499999956,borda
427,Q0,FR940627-0-00255,500,3898.9037499999968,borda
427,Q0,LA070890-0165,501,3867.8549999999955,borda
427,Q0,LA101989-0134,502,3863.2187499999964,borda
427,Q0,FT933-5143,503,3859.266249999996,borda
427,Q0,FBIS3-59757,504,3843.6362499999973,borda
427,Q0,LA092889-0071,505,3840.0149999999976,borda
427,Q0,FBIS4-17219,506,3837.5624999999955,borda
427,Q0,FR941216-1-00123,507,3824.659999999996,borda
427,Q0,FBIS3-35,508,3802.9312499999983,borda
427,Q0,LA012990-0026,509,3799.411249999995,borda
427,Q0,FBIS4-46702,510,3790.0124999999985,borda
427,Q0,LA021589-0125,511,3783.779999999996,borda
427,Q0,FR940711-2-00170,512,3771.5949999999966,borda
427,Q0,LA030589-0205,513,3763.2074999999954,borda
427,Q0,LA121690-0122,514,3762.5699999999965,borda
427,Q0,FT921-7202,515,3761.261249999998,borda
427,Q0,LA020990-0122,516,3759.2324999999955,borda
427,Q0,FR940810-2-00025,517,3748.3237499999955,borda
427,Q0,LA112489-0118,518,3736.741249999995,borda
427,Q0,FBIS3-59629,519,3716.4824999999955,borda
427,Q0,FT924-12989,520,3716.4037499999954,borda
427,Q0,FBIS3-26660,521,3706.576249999996,borda
427,Q0,LA101389-0169,522,3696.1462499999966,borda
427,Q0,LA030490-0011,523,3663.9524999999962,borda
427,Q0,LA122489-0104,524,3640.2174999999966,borda
427,Q0,FT931-10679,525,3635.4424999999956,borda
427,Q0,FBIS4-47478,526,3631.1012499999974,borda
427,Q0,FT942-4022,527,3625.6512499999963,borda
427,Q0,FT922-10273,528,3622.7212499999955,borda
427,Q0,FT942-9557,529,3619.9124999999954,borda
427,Q0,LA050790-0059,530,3614.4537499999988,borda
427,Q0,LA081990-0147,531,3601.3674999999967,borda
427,Q0,LA100690-0022,532,3595.0162499999956,borda
427,Q0,LA031890-0031,533,3592.821249999997,borda
427,Q0,FR940406-2-00016,534,3557.758749999995,borda
427,Q0,LA122690-0109,535,3552.4137499999956,borda
427,Q0,FT944-11474,536,3547.957499999995,borda
427,Q0,FT942-1652,537,3546.957499999996,borda
427,Q0,LA072589-0094,538,3542.2062499999956,borda
427,Q0,FR940722-1-00069,539,3539.4649999999965,borda
427,Q0,FR940318-0-00213,540,3535.7424999999953,borda
427,Q0,FR940414-1-00041,541,3530.611249999997,borda
427,Q0,LA012789-0118,542,3495.743749999996,borda
427,Q0,LA120390-0100,543,3489.636249999997,borda
427,Q0,LA050789-0012,544,3488.307499999996,borda
427,Q0,FBIS4-20682,545,3478.4787499999957,borda
427,Q0,LA070289-0006,546,3468.126249999997,borda
427,Q0,LA102389-0093,547,3463.7499999999973,borda
427,Q0,LA052189-0131,548,3461.123749999997,borda
427,Q0,LA120490-0017,549,3455.934999999996,borda
427,Q0,LA120389-0071,550,3448.7962499999962,borda
427,Q0,FR940216-0-00251,551,3443.4387499999966,borda
427,Q0,FBIS3-25947,552,3441.7237499999965,borda
427,Q0,LA101790-0105,553,3432.4374999999964,borda
427,Q0,FBIS4-25445,554,3431.3562499999975,borda
427,Q0,LA091190-0119,555,3421.356249999996,borda
427,Q0,LA111089-0108,556,3418.994999999996,borda
427,Q0,FBIS4-44913,557,3401.244999999999,borda
427,Q0,FR940505-1-00373,558,3401.232499999997,borda
427,Q0,LA061689-0048,559,3382.847499999997,borda
427,Q0,LA051989-0124,560,3373.662499999996,borda
427,Q0,FR940527-0-00146,561,3372.676249999996,borda
427,Q0,FT933-3310,562,3371.029999999996,borda
427,Q0,LA040789-0179,563,3361.5324999999975,borda
427,Q0,LA102289-0094,564,3349.2299999999964,borda
427,Q0,LA031789-0040,565,3345.218749999996,borda
427,Q0,FBIS4-53227,566,3315.421249999996,borda
427,Q0,FT941-10270,567,3314.6612499999956,borda
427,Q0,FBIS3-24610,568,3304.1637499999974,borda
427,Q0,FBIS3-45342,569,3300.011249999997,borda
427,Q0,LA051790-0089,570,3299.226249999996,borda
427,Q0,LA082190-0084,571,3287.3937499999956,borda
427,Q0,LA072089-0040,572,3282.4749999999967,borda
427,Q0,LA061889-0112,573,3265.4212499999985,borda
427,Q0,LA081290-0201,574,3264.067499999998,borda
427,Q0,FT923-12417,575,3262.858749999996,borda
427,Q0,FR940606-1-00037,576,3250.2824999999975,borda
427,Q0,FT932-6511,577,3250.021249999998,borda
427,Q0,LA040790-0102,578,3248.388749999997,borda
427,Q0,FT944-15302,579,3243.111249999998,borda
427,Q0,FT921-3351,580,3229.3124999999964,borda
427,Q0,FT943-12876,581,3224.0649999999955,borda
427,Q0,FBIS4-44914,582,3220.2212499999987,borda
427,Q0,FT943-8064,583,3208.499999999996,borda
427,Q0,LA112390-0138,584,3197.141249999996,borda
427,Q0,FR941028-2-00165,585,3159.3212499999986,borda
427,Q0,LA020689-0089,586,3154.307499999996,borda
427,Q0,LA040690-0060,587,3150.059999999996,borda
427,Q0,FR940602-1-00057,588,3149.217499999998,borda
427,Q0,FBIS3-22342,589,3146.0424999999987,borda
427,Q0,FT931-14384,590,3136.166249999998,borda
427,Q0,LA030490-0103,591,3133.8587499999985,borda
427,Q0,FT931-14147,592,3130.9512499999983,borda
427,Q0,FT931-8190,593,3128.9024999999992,borda
427,Q0,FT921-16290,594,3120.511249999997,borda
427,Q0,FR940208-1-00067,595,3116.7699999999973,borda
427,Q0,LA113089-0071,596,3109.6962499999972,borda
427,Q0,FBIS4-7867,597,3106.6299999999974,borda
427,Q0,FBIS4-38,598,3102.537499999999,borda
427,Q0,LA021289-0038,599,3098.339999999997,borda
427,Q0,FBIS3-2333,600,3080.0287499999977,borda
427,Q0,LA021190-0190,601,3070.104999999996,borda
427,Q0,LA100790-0122,602,3067.894999999997,borda
427,Q0,FBIS4-44606,603,3059.538749999999,borda
427,Q0,FR940705-2-00196,604,3057.924999999998,borda
427,Q0,LA101990-0024,605,3055.0674999999965,borda
427,Q0,FT924-2323,606,3039.868749999996,borda
427,Q0,FBIS4-66406,607,3038.2224999999994,borda
427,Q0,LA082390-0224,608,3033.794999999997,borda
427,Q0,FBIS3-21268,609,3027.9424999999983,borda
427,Q0,LA032489-0068,610,3024.6149999999975,borda
427,Q0,FBIS4-22149,611,3004.3862499999973,borda
427,Q0,LA103090-0045,612,3004.2999999999965,borda
427,Q0,LA022090-0118,613,3002.397499999998,borda
427,Q0,LA070989-0148,614,3000.187499999999,borda
427,Q0,LA042389-0015,615,2992.827499999998,borda
427,Q0,LA010590-0064,616,2991.2887499999983,borda
427,Q0,FT923-5553,617,2985.302499999996,borda
427,Q0,LA031989-0242,618,2971.4987499999966,borda
427,Q0,LA061190-0064,619,2970.4349999999963,borda
427,Q0,FR940525-1-00070,620,2967.6099999999988,borda
427,Q0,LA091390-0097,621,2963.128749999996,borda
427,Q0,FBIS3-21269,622,2949.898749999998,borda
427,Q0,LA041590-0046,623,2945.7549999999974,borda
427,Q0,FT943-1592,624,2943.604999999998,borda
427,Q0,LA101989-0206,625,2941.076249999998,borda
427,Q0,FT932-15687,626,2934.1374999999966,borda
427,Q0,LA032789-0091,627,2931.8499999999963,borda
427,Q0,FT923-2421,628,2923.408749999996,borda
427,Q0,LA081289-0128,629,2904.942499999997,borda
427,Q0,FT942-9704,630,2898.4974999999977,borda
427,Q0,FT931-12230,631,2889.8849999999966,borda
427,Q0,LA041689-0008,632,2889.762499999996,borda
427,Q0,FT922-12392,633,2889.7412499999964,borda
427,Q0,FT933-1948,634,2886.8449999999966,borda
427,Q0,FT934-343,635,2878.4312499999983,borda
427,Q0,LA112390-0084,636,2875.596249999997,borda
427,Q0,LA040790-0039,637,2871.6074999999987,borda
427,Q0,LA100589-0051,638,2870.068749999998,borda
427,Q0,FBIS3-60336,639,2863.541249999999,borda
427,Q0,FR940525-1-00080,640,2856.213749999999,borda
427,Q0,FR940525-1-00069,641,2849.6424999999995,borda
427,Q0,FBIS3-59752,642,2846.3662499999987,borda
427,Q0,FT923-5723,643,2835.8537499999966,borda
427,Q0,LA030589-0173,644,2835.3099999999963,borda
427,Q0,FT924-6318,645,2827.928749999996,borda
427,Q0,FT944-3521,646,2824.9187499999994,borda
427,Q0,LA120790-0151,647,2819.179999999997,borda
427,Q0,LA021190-0216,648,2815.8887499999955,borda
427,Q0,FT933-13702,649,2812.1587499999964,borda
427,Q0,LA013190-0067,650,2810.0087499999963,borda
427,Q0,FT932-6093,651,2798.4237499999967,borda
427,Q0,FT943-8973,652,2786.2737499999967,borda
427,Q0,FT924-14220,653,2770.1537499999968,borda
427,Q0,FR940525-1-00064,654,2764.4337499999992,borda
427,Q0,FT923-2516,655,2762.8149999999996,borda
427,Q0,FR940405-1-00041,656,2757.521249999999,borda
427,Q0,LA121890-0009,657,2755.337499999996,borda
427,Q0,FT944-11064,658,2749.5324999999957,borda
427,Q0,FT921-15338,659,2748.636249999997,borda
427,Q0,FR940525-1-00079,660,2747.8437499999995,borda
427,Q0,LA090490-0150,661,2742.0549999999967,borda
427,Q0,LA030490-0187,662,2734.9737499999974,borda
427,Q0,FR940525-1-00084,663,2731.118749999999,borda
427,Q0,FR940525-1-00067,664,2726.0624999999995,borda
427,Q0,LA100489-0129,665,2724.8824999999983,borda
427,Q0,FBIS3-21123,666,2722.4924999999994,borda
427,Q0,FBIS3-21203,667,2716.074999999998,borda
427,Q0,FT941-138,668,2710.654999999997,borda
427,Q0,FR940525-1-00063,669,2709.7587499999995,borda
427,Q0,LA032890-0046,670,2708.8649999999975,borda
427,Q0,LA122990-0029,671,2701.3999999999965,borda
427,Q0,LA100890-0124,672,2697.443749999997,borda
427,Q0,FR940525-1-00083,673,2686.1174999999994,borda
427,Q0,FR940525-1-00066,674,2681.1749999999993,borda
427,Q0,LA061790-0045,675,2673.538749999997,borda
427,Q0,FT923-6643,676,2664.8299999999963,borda
427,Q0,FT933-13344,677,2663.8874999999985,borda
427,Q0,FT941-11123,678,2657.6174999999967,borda
427,Q0,FBIS3-60109,679,2655.855,borda
427,Q0,FT932-9653,680,2653.114999999996,borda
427,Q0,LA042389-0122,681,2646.5199999999977,borda
427,Q0,LA113089-0044,682,2637.7499999999977,borda
427,Q0,FR940523-2-00066,683,2622.4662499999986,borda
427,Q0,FBIS3-21264,684,2617.4262499999995,borda
427,Q0,LA123089-0032,685,2613.714999999998,borda
427,Q0,LA100990-0093,686,2611.9749999999967,borda
427,Q0,FR941219-2-00174,687,2597.7549999999956,borda
427,Q0,FT943-8969,688,2589.822499999997,borda
427,Q0,LA080790-0036,689,2589.4824999999973,borda
427,Q0,FT942-13604,690,2575.9749999999985,borda
427,Q0,FT944-6607,691,2571.61375,borda
427,Q0,FBIS3-40214,692,2569.0412499999993,borda
427,Q0,FBIS4-2517,693,2561.4149999999972,borda
427,Q0,FT942-12126,694,2559.2162499999977,borda
427,Q0,FBIS4-44916,695,2553.9462499999986,borda
427,Q0,LA032590-0155,696,2549.1437499999993,borda
427,Q0,LA102089-0054,697,2547.1574999999975,borda
427,Q0,LA070489-0115,698,2543.622499999997,borda
427,Q0,LA022590-0014,699,2540.1949999999965,borda
427,Q0,LA120390-0077,700,2536.2774999999974,borda
427,Q0,FR941207-0-00058,701,2535.792499999998,borda
427,Q0,FT942-6668,702,2517.1662499999966,borda
427,Q0,FT922-11925,703,2516.154999999996,borda
427,Q0,FT944-5430,704,2507.6937499999985,borda
427,Q0,FT923-10043,705,2502.8237499999987,borda
427,Q0,LA062390-0072,706,2499.3137499999993,borda
427,Q0,FBIS3-47890,707,2496.9787499999975,borda
427,Q0,LA081689-0039,708,2489.6187499999965,borda
427,Q0,LA021890-0182,709,2489.318749999998,borda
427,Q0,FR940719-2-00089,710,2488.828749999999,borda
427,Q0,FBIS4-49080,711,2486.5349999999985,borda
427,Q0,LA010989-0075,712,2485.8199999999974,borda
427,Q0,FT922-8309,713,2481.346249999997,borda
427,Q0,LA021989-0212,714,2467.2212499999973,borda
427,Q0,LA060489-0006,715,2463.4649999999997,borda
427,Q0,FBIS4-46469,716,2461.705,borda
427,Q0,LA081390-0075,717,2461.1999999999994,borda
427,Q0,FT933-16382,718,2447.024999999997,borda
427,Q0,LA061589-0014,719,2446.0599999999968,borda
427,Q0,LA012989-0076,720,2445.2062499999975,borda
427,Q0,LA072389-0172,721,2444.1824999999994,borda
427,Q0,LA100590-0063,722,2441.2499999999964,borda
427,Q0,LA032489-0115,723,2440.982499999998,borda
427,Q0,FT933-16047,724,2437.656249999997,borda
427,Q0,FT944-16223,725,2430.2749999999987,borda
427,Q0,LA022689-0060,726,2429.951249999997,borda
427,Q0,LA020489-0057,727,2429.878749999997,borda
427,Q0,FT934-15411,728,2426.941249999999,borda
427,Q0,FT932-2360,729,2424.6962499999986,borda
427,Q0,FT941-4123,730,2423.677499999997,borda
427,Q0,LA051990-0042,731,2410.854999999997,borda
427,Q0,FT943-9473,732,2410.3362499999957,borda
427,Q0,FBIS4-66185,733,2400.4075,borda
427,Q0,FBIS4-67490,734,2396.7887499999993,borda
427,Q0,LA011490-0132,735,2395.556249999997,borda
427,Q0,LA031989-0044,736,2394.319999999998,borda
427,Q0,FBIS3-20978,737,2385.657499999998,borda
427,Q0,LA040390-0158,738,2370.3987499999994,borda
427,Q0,FT924-4971,739,2370.2112499999976,borda
427,Q0,LA123090-0133,740,2368.9899999999966,borda
427,Q0,LA011389-0130,741,2368.094999999998,borda
427,Q0,FBIS3-24469,742,2359.6724999999997,borda
427,Q0,LA111090-0174,743,2359.211249999998,borda
427,Q0,LA122689-0070,744,2356.0874999999987,borda
427,Q0,LA123189-0066,745,2353.957499999998,borda
427,Q0,LA020390-0017,746,2347.9524999999976,borda
427,Q0,LA031689-0068,747,2343.839999999997,borda
427,Q0,LA022689-0051,748,2340.8287499999974,borda
427,Q0,FBIS4-20569,749,2335.078749999999,borda
427,Q0,FR940705-0-00029,750,2335.0562499999987,borda
427,Q0,LA062990-0010,751,2329.849999999997,borda
427,Q0,FT921-15363,752,2329.4787499999984,borda
427,Q0,FBIS3-42399,753,2320.1762499999995,borda
427,Q0,FT944-3895,754,2316.234999999998,borda
427,Q0,LA073089-0149,755,2307.9124999999967,borda
427,Q0,LA032390-0003,756,2304.724999999999,borda
427,Q0,LA051489-0014,757,2303.378749999997,borda
427,Q0,LA091189-0067,758,2298.4237499999977,borda
427,Q0,LA073089-0123,759,2277.278749999997,borda
427,Q0,FT911-3946,760,2272.122499999997,borda
427,Q0,LA092489-0069,761,2267.5849999999964,borda
427,Q0,FBIS4-45958,762,2266.1337499999995,borda
427,Q0,FBIS3-57114,763,2265.434999999998,borda
427,Q0,FBIS4-68225,764,2263.4737499999997,borda
427,Q0,FBIS4-45133,765,2260.36375,borda
427,Q0,FBIS4-60603,766,2257.674999999997,borda
427,Q0,FT942-13605,767,2255.987499999997,borda
427,Q0,LA102590-0235,768,2254.5399999999972,borda
427,Q0,LA032489-0087,769,2253.532499999997,borda
427,Q0,LA031789-0021,770,2248.0574999999994,borda
427,Q0,LA010690-0079,771,2244.744999999998,borda
427,Q0,FR940602-1-00026,772,2243.996249999998,borda
427,Q0,LA081990-0198,773,2243.79625,borda
427,Q0,FBIS3-42986,774,2225.18125,borda
427,Q0,FBIS3-43024,775,2221.3449999999993,borda
427,Q0,LA010490-0175,776,2220.846249999998,borda
427,Q0,LA071589-0005,777,2217.409999999996,borda
427,Q0,LA021190-0006,778,2215.96125,borda
427,Q0,FT933-10013,779,2189.0574999999976,borda
427,Q0,LA061589-0013,780,2188.4824999999996,borda
427,Q0,LA022590-0048,781,2187.857499999997,borda
427,Q0,LA122390-0147,782,2184.4624999999974,borda
427,Q0,FT923-6038,783,2180.1099999999997,borda
427,Q0,LA010390-0133,784,2179.1824999999994,borda
427,Q0,LA100889-0041,785,2176.6974999999993,borda
427,Q0,LA042890-0079,786,2173.84375,borda
427,Q0,LA071089-0064,787,2167.113749999999,borda
427,Q0,FT931-6671,788,2163.8187499999976,borda
427,Q0,FBIS3-39390,789,2163.3012499999977,borda
427,Q0,LA101890-0168,790,2162.6549999999975,borda
427,Q0,LA060690-0150,791,2161.9887499999973,borda
427,Q0,FR940705-2-00199,792,2159.548749999999,borda
427,Q0,LA100689-0101,793,2157.9087499999973,borda
427,Q0,FT943-10291,794,2157.3949999999973,borda
427,Q0,FBIS4-44904,795,2151.0999999999976,borda
427,Q0,LA100790-0090,796,2142.523749999997,borda
427,Q0,FT923-11222,797,2141.0987499999974,borda
427,Q0,FR941219-2-00173,798,2137.8549999999977,borda
427,Q0,LA111990-0055,799,2134.752499999996,borda
427,Q0,FR940318-0-00185,800,2133.004999999999,borda
427,Q0,LA100990-0037,801,2132.369999999997,borda
427,Q0,FT922-719,802,2128.932499999997,borda
427,Q0,FT941-837,803,2128.413749999999,borda
427,Q0,FR940602-1-00023,804,2122.4824999999996,borda
427,Q0,FT924-11252,805,2119.6262500000003,borda
427,Q0,FT923-8845,806,2118.808749999997,borda
427,Q0,LA101289-0210,807,2118.7475,borda
427,Q0,LA021989-0064,808,2116.5437500000003,borda
427,Q0,FT922-1696,809,2112.889999999998,borda
427,Q0,LA081290-0084,810,2109.501249999997,borda
427,Q0,LA092390-0062,811,2103.6312499999976,borda
427,Q0,LA080789-0094,812,2101.9337499999974,borda
427,Q0,FT933-2692,813,2095.2274999999995,borda
427,Q0,LA010189-0071,814,2094.3075,borda
427,Q0,LA031989-0066,815,2093.239999999998,borda
427,Q0,FT924-11138,816,2092.1049999999996,borda
427,Q0,LA061789-0134,817,2087.4674999999984,borda
427,Q0,FT943-12620,818,2087.1312499999976,borda
427,Q0,FT942-3674,819,2086.744999999998,borda
427,Q0,LA060490-0058,820,2085.8574999999964,borda
427,Q0,FBIS4-47293,821,2082.638749999998,borda
427,Q0,LA040790-0049,822,2077.344999999997,borda
427,Q0,LA042389-0080,823,2075.1324999999993,borda
427,Q0,FR940513-0-00170,824,2074.5674999999987,borda
427,Q0,FT921-11169,825,2071.2537499999976,borda
427,Q0,FT934-3352,826,2068.9737499999987,borda
427,Q0,LA030690-0008,827,2068.519999999998,borda
427,Q0,LA080489-0151,828,2056.673749999998,borda
427,Q0,FBIS3-59513,829,2052.428749999999,borda
427,Q0,FT932-8288,830,2050.5587499999983,borda
427,Q0,LA101389-0005,831,2050.0699999999965,borda
427,Q0,LA110689-0103,832,2048.2587499999963,borda
427,Q0,LA080290-0023,833,2046.3724999999984,borda
427,Q0,LA061590-0135,834,2040.9462499999968,borda
427,Q0,LA060889-0176,835,2039.8374999999962,borda
427,Q0,LA051290-0005,836,2037.9099999999983,borda
427,Q0,FBIS3-39296,837,2027.2149999999967,borda
427,Q0,FT933-16950,838,2023.7912499999977,borda
427,Q0,LA043089-0162,839,2023.5899999999976,borda
427,Q0,LA052490-0016,840,2022.597499999998,borda
427,Q0,LA061390-0002,841,2019.8499999999985,borda
427,Q0,LA021890-0017,842,2015.1749999999977,borda
427,Q0,LA092189-0173,843,2015.1137499999982,borda
427,Q0,LA072589-0084,844,2006.7412499999978,borda
427,Q0,FT942-2498,845,2003.4699999999987,borda
427,Q0,FT933-4061,846,2000.5137499999973,borda
427,Q0,LA080590-0136,847,1995.2524999999982,borda
427,Q0,LA102590-0199,848,1994.7987499999986,borda
427,Q0,FT931-12075,849,1990.9287499999973,borda
427,Q0,FT944-6952,850,1986.5587499999986,borda
427,Q0,LA040490-0008,851,1986.2674999999986,borda
427,Q0,LA082089-0141,852,1984.972499999998,borda
427,Q0,LA021090-0115,853,1984.0287499999981,borda
427,Q0,FR941219-1-00037,854,1983.3337499999982,borda
427,Q0,FBIS4-52975,855,1980.1862499999972,borda
427,Q0,LA081590-0154,856,1979.9112499999978,borda
427,Q0,FT944-5675,857,1974.6299999999978,borda
427,Q0,LA041489-0041,858,1973.047499999997,borda
427,Q0,LA120789-0118,859,1961.2924999999968,borda
427,Q0,LA020890-0015,860,1957.1824999999976,borda
427,Q0,LA102189-0171,861,1956.5487499999986,borda
427,Q0,FBIS3-51920,862,1954.4412499999978,borda
427,Q0,FT911-4042,863,1946.8249999999975,borda
427,Q0,FT931-2359,864,1941.543749999998,borda
427,Q0,LA041290-0144,865,1940.8787499999983,borda
427,Q0,FT921-8297,866,1935.7424999999973,borda
427,Q0,LA060889-0203,867,1935.6324999999974,borda
427,Q0,LA012890-0125,868,1932.2149999999965,borda
427,Q0,FT933-7367,869,1930.3237499999975,borda
427,Q0,FT922-15035,870,1930.1199999999976,borda
427,Q0,LA081290-0070,871,1924.2249999999983,borda
427,Q0,LA101090-0146,872,1922.5774999999978,borda
427,Q0,FR940902-1-00010,873,1917.4174999999973,borda
427,Q0,FBIS3-42996,874,1912.157499999999,borda
427,Q0,FBIS3-43034,875,1909.8362499999987,borda
427,Q0,FT944-9163,876,1908.9399999999985,borda
427,Q0,LA121589-0164,877,1905.9312499999976,borda
427,Q0,LA051590-0101,878,1905.572499999998,borda
427,Q0,LA060790-0246,879,1904.7137499999976,borda
427,Q0,LA101790-0130,880,1903.2499999999977,borda
427,Q0,LA101390-0147,881,1900.8962499999989,borda
427,Q0,FBIS3-41666,882,1898.4699999999984,borda
427,Q0,FR940304-2-00135,883,1897.3812499999983,borda
427,Q0,FT944-11072,884,1897.0199999999973,borda
427,Q0,LA111889-0101,885,1895.0524999999977,borda
427,Q0,FT941-4929,886,1892.7912499999975,borda
427,Q0,FR940630-2-00031,887,1892.3474999999976,borda
427,Q0,LA122490-0120,888,1891.597499999998,borda
427,Q0,LA110590-0024,889,1888.157499999999,borda
427,Q0,LA053090-0104,890,1887.5024999999982,borda
427,Q0,FT922-15435,891,1883.942499999999,borda
427,Q0,FT931-10311,892,1882.8662499999984,borda
427,Q0,FT932-12054,893,1881.7412499999975,borda
427,Q0,FR940819-2-00128,894,1878.969999999999,borda
427,Q0,LA053190-0020,895,1875.3312499999977,borda
427,Q0,FT933-7642,896,1872.6724999999974,borda
427,Q0,FT933-7326,897,1868.2712499999977,borda
427,Q0,FR941021-0-00015,898,1865.6349999999984,borda
427,Q0,FBIS3-61574,899,1864.9937499999987,borda
427,Q0,LA011589-0005,900,1860.7687499999986,borda
427,Q0,LA060389-0042,901,1860.0687499999979,borda
427,Q0,LA070690-0144,902,1857.081249999998,borda
427,Q0,FBIS4-33376,903,1854.0524999999982,borda
427,Q0,FBIS4-20898,904,1850.414999999998,borda
427,Q0,FR940622-1-00028,905,1842.5737499999982,borda
427,Q0,LA070489-0017,906,1839.4137499999977,borda
427,Q0,FT923-5760,907,1837.2174999999988,borda
427,Q0,FR940810-2-00026,908,1836.2287499999986,borda
427,Q0,FT922-11409,909,1832.7649999999976,borda
427,Q0,LA090390-0063,910,1830.8387499999974,borda
427,Q0,FT934-3944,911,1824.861249999999,borda
427,Q0,LA101990-0120,912,1824.3012499999975,borda
427,Q0,LA021889-0033,913,1822.8637499999988,borda
427,Q0,LA123190-0018,914,1819.4699999999982,borda
427,Q0,LA020590-0044,915,1809.0562499999967,borda
427,Q0,FR940419-2-00019,916,1803.5337499999982,borda
427,Q0,FBIS3-32024,917,1803.4774999999981,borda
427,Q0,LA012489-0010,918,1802.9774999999981,borda
427,Q0,LA052189-0132,919,1796.3799999999976,borda
427,Q0,LA030590-0053,920,1792.4262499999988,borda
427,Q0,LA122890-0050,921,1790.0637499999966,borda
427,Q0,LA101590-0049,922,1789.876249999998,borda
427,Q0,FR940513-0-00134,923,1786.2324999999978,borda
427,Q0,FBIS3-61468,924,1782.2274999999984,borda
427,Q0,LA040390-0016,925,1780.6162499999978,borda
427,Q0,LA090789-0051,926,1778.2799999999988,borda
427,Q0,LA030589-0280,927,1777.986249999998,borda
427,Q0,LA033090-0117,928,1773.642499999998,borda
427,Q0,LA040789-0038,929,1769.0287499999986,borda
427,Q0,LA070189-0144,930,1768.232499999998,borda
427,Q0,LA091489-0070,931,1767.9099999999983,borda
427,Q0,FBIS3-59555,932,1765.7562499999988,borda
427,Q0,LA021990-0107,933,1764.0612499999986,borda
427,Q0,LA052090-0111,934,1754.2012499999985,borda
427,Q0,FT941-8178,935,1746.5812499999975,borda
427,Q0,LA102289-0098,936,1746.4862499999986,borda
427,Q0,FBIS3-21441,937,1745.6224999999968,borda
427,Q0,LA120190-0116,938,1744.3562499999985,borda
427,Q0,FBIS4-44892,939,1742.9949999999985,borda
427,Q0,FBIS3-59753,940,1741.8812499999988,borda
427,Q0,LA121289-0086,941,1741.5199999999982,borda
427,Q0,FT923-12436,942,1736.2512499999975,borda
427,Q0,FT934-8374,943,1735.7837499999991,borda
427,Q0,LA083089-0061,944,1735.2137499999978,borda
427,Q0,FBIS4-45720,945,1733.338749999999,borda
427,Q0,LA102790-0033,946,1733.0674999999974,borda
427,Q0,FR940617-0-00028,947,1728.6387499999983,borda
427,Q0,LA112990-0024,948,1728.553749999999,borda
427,Q0,FBIS3-22639,949,1726.3499999999988,borda
427,Q0,LA100990-0140,950,1724.7624999999991,borda
427,Q0,LA092890-0091,951,1722.084999999999,borda
427,Q0,LA021790-0137,952,1717.8099999999977,borda
427,Q0,FBIS3-22449,953,1715.514999999999,borda
427,Q0,FT941-2569,954,1711.9274999999975,borda
427,Q0,FBIS3-18862,955,1711.464999999999,borda
427,Q0,FBIS3-24405,956,1710.3274999999985,borda
427,Q0,FT943-5426,957,1709.587499999998,borda
427,Q0,FBIS4-57151,958,1707.1324999999968,borda
427,Q0,LA071489-0079,959,1705.3387499999983,borda
427,Q0,LA090790-0054,960,1704.6362499999982,borda
427,Q0,LA071689-0052,961,1701.9912499999984,borda
427,Q0,LA070989-0068,962,1696.2674999999986,borda
427,Q0,LA052990-0099,963,1693.9449999999988,borda
427,Q0,LA121590-0136,964,1691.7112499999982,borda
427,Q0,FBIS4-47592,965,1691.451249999999,borda
427,Q0,LA042990-0023,966,1687.8637499999982,borda
427,Q0,LA091089-0104,967,1684.971249999999,borda
427,Q0,LA021690-0073,968,1684.392499999998,borda
427,Q0,FR941130-0-00122,969,1683.5799999999986,borda
427,Q0,FT931-15087,970,1682.9512499999971,borda
427,Q0,LA053190-0200,971,1675.0924999999986,borda
427,Q0,FBIS4-67542,972,1674.4674999999986,borda
427,Q0,LA091089-0129,973,1671.107499999998,borda
427,Q0,LA120589-0079,974,1666.4024999999986,borda
427,Q0,LA110589-0086,975,1658.6137499999973,borda
427,Q0,FBIS3-21198,976,1658.557499999998,borda
427,Q0,LA022389-0073,977,1657.3199999999986,borda
427,Q0,FBIS3-40725,978,1656.6962499999981,borda
427,Q0,LA052389-0099,979,1651.878749999998,borda
427,Q0,FR940428-2-00118,980,1649.1774999999989,borda
427,Q0,LA091089-0101,981,1647.9149999999981,borda
427,Q0,LA010390-0083,982,1647.244999999998,borda
427,Q0,LA032590-0060,983,1647.1512499999976,borda
427,Q0,LA051489-0108,984,1644.467499999998,borda
427,Q0,LA061389-0026,985,1643.1174999999976,borda
427,Q0,FT932-7262,986,1643.0312499999986,borda
427,Q0,FBIS4-50181,987,1639.7549999999983,borda
427,Q0,FT933-10984,988,1633.9574999999982,borda
427,Q0,FBIS3-40189,989,1633.8112499999986,borda
427,Q0,FBIS4-44821,990,1633.3324999999982,borda
427,Q0,FR941205-2-00033,991,1632.5762499999994,borda
427,Q0,FT944-5666,992,1631.7724999999982,borda
427,Q0,LA080389-0190,993,1630.4837499999987,borda
427,Q0,FT922-4418,994,1625.1512499999985,borda
427,Q0,FT934-4195,995,1619.309999999998,borda
427,Q0,FR940706-0-00060,996,1618.1074999999985,borda
427,Q0,FBIS3-21262,997,1616.9974999999988,borda
427,Q0,FR940606-1-00022,998,1614.303749999998,borda
427,Q0,FBIS3-60929,999,1613.7424999999976,borda
427,Q0,FT931-17028,1000,1610.7687499999981,borda
435,Q0,FT941-12411,1,12843.158749999986,borda
435,Q0,FT931-892,2,12815.207499999988,borda
435,Q0,FT943-5505,3,12781.946249999986,borda
435,Q0,FT943-8138,4,12747.60249999999,borda
435,Q0,FT933-15872,5,12650.481249999988,borda
435,Q0,FT943-3422,6,12622.77374999999,borda
435,Q0,FT922-7511,7,12493.711249999988,borda
435,Q0,FBIS3-27959,8,12427.443749999988,borda
435,Q0,FBIS3-22387,9,12287.559999999987,borda
435,Q0,FT931-7277,10,12269.278749999989,borda
435,Q0,FT943-8239,11,12238.839999999987,borda
435,Q0,FBIS4-16673,12,12165.122499999985,borda
435,Q0,FT943-4802,13,12116.144999999986,borda
435,Q0,FBIS4-66172,14,12105.529999999988,borda
435,Q0,FBIS4-20131,15,12088.184999999987,borda
435,Q0,FBIS4-66698,16,12024.213749999988,borda
435,Q0,FT932-12037,17,11857.704999999989,borda
435,Q0,FT944-14148,18,11810.22124999999,borda
435,Q0,FR941122-0-00089,19,11778.098749999983,borda
435,Q0,FBIS4-45741,20,11766.306249999987,borda
435,Q0,FT922-10401,21,11671.329999999985,borda
435,Q0,FBIS4-31127,22,11628.47874999999,borda
435,Q0,FT934-12800,23,11605.799999999987,borda
435,Q0,FBIS4-3651,24,11601.271249999987,borda
435,Q0,FT943-3495,25,11591.39749999999,borda
435,Q0,FT943-8340,26,11520.60749999999,borda
435,Q0,FT944-6732,27,11477.038749999989,borda
435,Q0,FT941-2916,28,11406.21499999999,borda
435,Q0,FT943-37,29,11399.952499999987,borda
435,Q0,FBIS4-21529,30,11383.382499999987,borda
435,Q0,LA010790-0036,31,11366.18374999999,borda
435,Q0,LA041590-0153,32,11317.95124999999,borda
435,Q0,FT943-5797,33,11194.73249999999,borda
435,Q0,FT931-10612,34,11142.09624999999,borda
435,Q0,FBIS4-38279,35,11139.691249999989,borda
435,Q0,FT933-15163,36,11133.089999999987,borda
435,Q0,FBIS3-25790,37,11108.05999999999,borda
435,Q0,FBIS3-59343,38,11080.047499999991,borda
435,Q0,LA121589-0139,39,11000.48124999999,borda
435,Q0,FBIS3-1933,40,10964.99749999999,borda
435,Q0,FT931-1806,41,10847.617499999988,borda
435,Q0,FT921-9764,42,10843.122499999989,borda
435,Q0,FR941122-0-00064,43,10806.581249999988,borda
435,Q0,FBIS4-45740,44,10752.938749999988,borda
435,Q0,FBIS3-44479,45,10708.546249999992,borda
435,Q0,FT931-11085,46,10705.94499999999,borda
435,Q0,FT921-5289,47,10698.693749999991,borda
435,Q0,FT934-7698,48,10695.818749999988,borda
435,Q0,FT943-9327,49,10623.64624999999,borda
435,Q0,FBIS4-50581,50,10589.89874999999,borda
435,Q0,LA040490-0056,51,10588.46499999999,borda
435,Q0,FT931-3081,52,10584.327499999992,borda
435,Q0,FBIS4-43731,53,10541.242499999986,borda
435,Q0,FBIS3-45925,54,10524.46124999999,borda
435,Q0,FT932-1558,55,10447.731249999988,borda
435,Q0,FBIS3-35195,56,10405.518749999992,borda
435,Q0,FT943-6050,57,10397.406249999989,borda
435,Q0,FBIS4-11065,58,10384.343749999989,borda
435,Q0,FBIS3-26400,59,10373.477499999992,borda
435,Q0,FT943-36,60,10372.16749999999,borda
435,Q0,FT944-6725,61,10370.087499999987,borda
435,Q0,FT922-13516,62,10342.14499999999,borda
435,Q0,FT922-10566,63,10328.67624999999,borda
435,Q0,FT934-7695,64,10286.226249999989,borda
435,Q0,FBIS4-24461,65,10251.25374999999,borda
435,Q0,FT931-14129,66,10239.33624999999,borda
435,Q0,LA102289-0087,67,10068.631249999991,borda
435,Q0,FBIS3-4278,68,10039.141249999991,borda
435,Q0,FT931-1205,69,10013.298749999993,borda
435,Q0,FBIS3-60407,70,9985.31499999999,borda
435,Q0,FT943-8321,71,9956.14499999999,borda
435,Q0,FBIS4-51056,72,9885.10749999999,borda
435,Q0,FT934-7672,73,9875.98499999999,borda
435,Q0,FT921-9502,74,9861.96624999999,borda
435,Q0,FT922-5103,75,9861.442499999992,borda
435,Q0,FT921-5784,76,9835.27374999999,borda
435,Q0,FBIS3-26843,77,9831.057499999992,borda
435,Q0,FT943-6509,78,9812.149999999989,borda
435,Q0,LA102689-0071,79,9771.102499999994,borda
435,Q0,LA121890-0120,80,9763.93624999999,borda
435,Q0,FT931-835,81,9758.11374999999,borda
435,Q0,FBIS3-3811,82,9674.177499999989,borda
435,Q0,FT943-805,83,9671.626249999994,borda
435,Q0,FT943-8324,84,9615.03749999999,borda
435,Q0,FBIS3-44992,85,9598.286249999992,borda
435,Q0,FT924-11213,86,9594.027499999993,borda
435,Q0,FBIS4-2413,87,9559.57499999999,borda
435,Q0,FT943-5793,88,9524.52124999999,borda
435,Q0,FBIS3-2862,89,9459.616249999992,borda
435,Q0,LA022189-0053,90,9449.26249999999,borda
435,Q0,FT934-5517,91,9424.606249999992,borda
435,Q0,FBIS3-44378,92,9386.50374999999,borda
435,Q0,FBIS3-4205,93,9380.66749999999,borda
435,Q0,FBIS4-12734,94,9369.302499999993,borda
435,Q0,FT922-5108,95,9366.35374999999,borda
435,Q0,FBIS3-4196,96,9316.087499999989,borda
435,Q0,FBIS4-2213,97,9301.943749999991,borda
435,Q0,FT943-70,98,9232.279999999992,borda
435,Q0,FBIS4-44424,99,9198.846249999991,borda
435,Q0,FBIS3-2884,100,9174.17749999999,borda
435,Q0,FBIS3-36523,101,9141.136249999992,borda
435,Q0,FT932-3369,102,9111.21749999999,borda
435,Q0,FT941-2429,103,9083.002499999991,borda
435,Q0,FBIS3-19796,104,9044.498749999992,borda
435,Q0,LA033089-0084,105,9018.93749999999,borda
435,Q0,FT941-12240,106,8943.119999999992,borda
435,Q0,FT933-15670,107,8931.193749999993,borda
435,Q0,FBIS3-2907,108,8912.033749999991,borda
435,Q0,FBIS4-22779,109,8876.876249999992,borda
435,Q0,LA121789-0126,110,8839.163749999992,borda
435,Q0,FT931-10678,111,8838.612499999992,borda
435,Q0,FR941122-0-00078,112,8789.18749999999,borda
435,Q0,FT921-11692,113,8701.653749999992,borda
435,Q0,FBIS3-45898,114,8696.196249999994,borda
435,Q0,FT943-5357,115,8683.652499999991,borda
435,Q0,FBIS3-27258,116,8648.76749999999,borda
435,Q0,FT922-6679,117,8591.791249999993,borda
435,Q0,FT934-8846,118,8591.24624999999,borda
435,Q0,FT933-13474,119,8589.51499999999,borda
435,Q0,LA060890-0004,120,8566.846249999991,borda
435,Q0,FT931-16422,121,8543.734999999991,borda
435,Q0,FBIS3-12839,122,8516.91874999999,borda
435,Q0,FT942-2251,123,8496.336249999993,borda
435,Q0,FT933-13063,124,8489.867499999991,borda
435,Q0,FT924-10040,125,8489.041249999991,borda
435,Q0,FBIS3-41511,126,8486.98624999999,borda
435,Q0,FBIS3-26036,127,8473.304999999991,borda
435,Q0,FT932-2387,128,8440.347499999993,borda
435,Q0,FT931-734,129,8432.689999999993,borda
435,Q0,FBIS4-17683,130,8419.04874999999,borda
435,Q0,FT931-15402,131,8413.923749999993,borda
435,Q0,FBIS4-54307,132,8372.82874999999,borda
435,Q0,FBIS3-55853,133,8366.322499999991,borda
435,Q0,FBIS3-42894,134,8344.43499999999,borda
435,Q0,FBIS4-42652,135,8330.918749999992,borda
435,Q0,FBIS3-42959,136,8322.86249999999,borda
435,Q0,FT922-8294,137,8318.983749999992,borda
435,Q0,FBIS4-48925,138,8247.744999999992,borda
435,Q0,FT921-1613,139,8227.43874999999,borda
435,Q0,FBIS4-47098,140,8222.808749999993,borda
435,Q0,FT923-15403,141,8209.89499999999,borda
435,Q0,FT931-9704,142,8185.554999999992,borda
435,Q0,FBIS3-2157,143,8180.402499999992,borda
435,Q0,FR941104-1-00047,144,8170.147499999994,borda
435,Q0,FT932-12035,145,8154.134999999993,borda
435,Q0,FT911-3948,146,8121.088749999991,borda
435,Q0,FT932-4614,147,8119.853749999991,borda
435,Q0,FBIS4-11043,148,8115.698749999992,borda
435,Q0,FT934-9590,149,8111.393749999991,borda
435,Q0,LA051189-0089,150,8106.846249999993,borda
435,Q0,FBIS4-50434,151,8098.232499999991,borda
435,Q0,FT923-11709,152,8097.902499999993,borda
435,Q0,FT941-4655,153,7967.978749999991,borda
435,Q0,FBIS3-45289,154,7934.5937499999945,borda
435,Q0,FT943-45,155,7929.587499999991,borda
435,Q0,FBIS4-44523,156,7924.871249999994,borda
435,Q0,FBIS3-4327,157,7894.966249999993,borda
435,Q0,FBIS4-45613,158,7892.353749999993,borda
435,Q0,FT934-13263,159,7857.693749999991,borda
435,Q0,FBIS4-25123,160,7834.979999999992,borda
435,Q0,FT934-16499,161,7831.073749999992,borda
435,Q0,FBIS4-32817,162,7793.021249999991,borda
435,Q0,FT922-11218,163,7781.581249999993,borda
435,Q0,FT922-4937,164,7760.777499999993,borda
435,Q0,FBIS3-26155,165,7751.117499999993,borda
435,Q0,FT933-3423,166,7744.559999999991,borda
435,Q0,FT924-9866,167,7717.692499999993,borda
435,Q0,FBIS3-2019,168,7715.786249999994,borda
435,Q0,FBIS3-40801,169,7673.768749999993,borda
435,Q0,LA110490-0177,170,7636.109999999992,borda
435,Q0,LA090389-0058,171,7627.5299999999925,borda
435,Q0,FT933-16046,172,7625.959999999993,borda
435,Q0,FT932-10321,173,7624.464999999991,borda
435,Q0,FBIS3-37697,174,7621.246249999993,borda
435,Q0,FT932-12581,175,7619.252499999991,borda
435,Q0,LA090890-0109,176,7613.513749999992,borda
435,Q0,FBIS3-5387,177,7550.322499999994,borda
435,Q0,FBIS3-46249,178,7539.469999999993,borda
435,Q0,FT911-1384,179,7535.116249999993,borda
435,Q0,FBIS4-66297,180,7521.203749999993,borda
435,Q0,FT921-1320,181,7520.773749999991,borda
435,Q0,FT943-24,182,7492.272499999992,borda
435,Q0,FBIS4-2951,183,7491.938749999991,borda
435,Q0,FBIS4-21491,184,7477.686249999993,borda
435,Q0,FBIS3-17354,185,7464.188749999991,borda
435,Q0,FT941-4190,186,7463.151249999993,borda
435,Q0,FBIS3-43075,187,7445.382499999995,borda
435,Q0,LA082189-0092,188,7444.749999999991,borda
435,Q0,FT932-12930,189,7408.131249999991,borda
435,Q0,LA091789-0047,190,7381.734999999991,borda
435,Q0,FBIS4-29251,191,7352.778749999991,borda
435,Q0,FT923-1938,192,7351.323749999993,borda
435,Q0,FBIS3-29325,193,7341.646249999992,borda
435,Q0,FBIS4-8964,194,7307.266249999995,borda
435,Q0,FT933-8328,195,7300.921249999992,borda
435,Q0,LA050390-0179,196,7290.594999999991,borda
435,Q0,FBIS3-29180,197,7289.054999999993,borda
435,Q0,FT922-11818,198,7284.399999999995,borda
435,Q0,FBIS4-66727,199,7276.594999999993,borda
435,Q0,FT941-14562,200,7266.899999999991,borda
435,Q0,FT932-14308,201,7266.031249999992,borda
435,Q0,FBIS3-22602,202,7253.536249999992,borda
435,Q0,FT933-8889,203,7242.516249999991,borda
435,Q0,FT943-6228,204,7232.36374999999,borda
435,Q0,LA102890-0086,205,7199.547499999993,borda
435,Q0,FBIS3-4074,206,7163.812499999992,borda
435,Q0,FBIS3-4193,207,7155.332499999993,borda
435,Q0,FT931-4898,208,7131.018749999993,borda
435,Q0,FT944-11843,209,7120.967499999993,borda
435,Q0,FBIS3-3410,210,7086.838749999993,borda
435,Q0,FBIS4-53314,211,7073.549999999991,borda
435,Q0,FT923-11863,212,7067.122499999993,borda
435,Q0,FT944-11234,213,7048.9237499999945,borda
435,Q0,FBIS4-4060,214,7022.972499999991,borda
435,Q0,LA011890-0094,215,7018.027499999993,borda
435,Q0,FT944-15270,216,6985.932499999992,borda
435,Q0,FT941-5213,217,6980.004999999992,borda
435,Q0,FBIS3-3966,218,6962.873749999994,borda
435,Q0,FT933-9980,219,6957.672499999994,borda
435,Q0,FBIS3-22119,220,6953.572499999995,borda
435,Q0,LA071290-0117,221,6917.886249999993,borda
435,Q0,FT931-10566,222,6909.076249999993,borda
435,Q0,LA101790-0020,223,6866.864999999993,borda
435,Q0,FT944-4878,224,6862.443749999993,borda
435,Q0,FT923-10683,225,6856.868749999993,borda
435,Q0,FT943-8930,226,6792.172499999993,borda
435,Q0,LA051590-0008,227,6785.546249999994,borda
435,Q0,FBIS4-50713,228,6769.439999999996,borda
435,Q0,FBIS4-2801,229,6759.912499999993,borda
435,Q0,LA112590-0110,230,6737.7349999999915,borda
435,Q0,FBIS4-4249,231,6727.111249999992,borda
435,Q0,FBIS3-45482,232,6679.884999999993,borda
435,Q0,FT943-69,233,6676.731249999994,borda
435,Q0,FBIS3-48748,234,6664.424999999995,borda
435,Q0,FT923-15348,235,6662.157499999994,borda
435,Q0,FT931-8796,236,6648.429999999994,borda
435,Q0,FBIS3-37947,237,6647.228749999994,borda
435,Q0,FBIS4-47142,238,6638.022499999996,borda
435,Q0,FT922-11143,239,6614.104999999993,borda
435,Q0,FT931-10147,240,6612.273749999995,borda
435,Q0,FBIS4-66212,241,6605.648749999993,borda
435,Q0,FT922-2790,242,6597.852499999994,borda
435,Q0,FBIS4-24896,243,6593.953749999994,borda
435,Q0,FBIS4-68466,244,6587.286249999996,borda
435,Q0,FT931-16542,245,6541.072499999993,borda
435,Q0,LA112589-0006,246,6538.818749999994,borda
435,Q0,FBIS4-68594,247,6538.024999999994,borda
435,Q0,FT943-3196,248,6523.246249999996,borda
435,Q0,FT911-3259,249,6496.8424999999925,borda
435,Q0,FT943-494,250,6493.559999999995,borda
435,Q0,FBIS4-9161,251,6468.588749999993,borda
435,Q0,FBIS4-25030,252,6454.094999999992,borda
435,Q0,FBIS4-45737,253,6426.309999999994,borda
435,Q0,FT931-14635,254,6420.1912499999935,borda
435,Q0,FR941104-1-00048,255,6376.339999999993,borda
435,Q0,FBIS3-42123,256,6370.044999999992,borda
435,Q0,FBIS3-3386,257,6369.522499999994,borda
435,Q0,FBIS4-56568,258,6362.254999999993,borda
435,Q0,FT934-2692,259,6359.719999999994,borda
435,Q0,FBIS4-68567,260,6342.091249999993,borda
435,Q0,FBIS3-60257,261,6338.363749999992,borda
435,Q0,FBIS3-46604,262,6333.118749999993,borda
435,Q0,LA083189-0021,263,6323.482499999992,borda
435,Q0,LA080590-0025,264,6320.264999999994,borda
435,Q0,FT931-12272,265,6315.351249999993,borda
435,Q0,FT944-12671,266,6252.536249999993,borda
435,Q0,FT944-14306,267,6239.346249999994,borda
435,Q0,FT943-7416,268,6204.462499999993,borda
435,Q0,FBIS4-6297,269,6190.476249999993,borda
435,Q0,FT924-5966,270,6154.397499999994,borda
435,Q0,FBIS4-21392,271,6147.673749999994,borda
435,Q0,FT923-4891,272,6134.389999999994,borda
435,Q0,FT934-3183,273,6123.124999999993,borda
435,Q0,FT942-14570,274,6083.631249999994,borda
435,Q0,FBIS3-4552,275,6080.876249999992,borda
435,Q0,LA022690-0009,276,6068.9824999999955,borda
435,Q0,FT943-3807,277,6056.338749999996,borda
435,Q0,FT934-16020,278,6052.4412499999935,borda
435,Q0,FBIS3-26736,279,6034.292499999995,borda
435,Q0,FT942-10729,280,6026.497499999992,borda
435,Q0,FBIS4-47841,281,6020.1874999999945,borda
435,Q0,LA032990-0138,282,6015.669999999992,borda
435,Q0,FT933-9141,283,5991.743749999992,borda
435,Q0,FBIS4-25596,284,5987.027499999995,borda
435,Q0,LA120589-0035,285,5985.809999999991,borda
435,Q0,FBIS3-46906,286,5946.503749999995,borda
435,Q0,FBIS3-3943,287,5910.1374999999925,borda
435,Q0,FBIS4-31356,288,5905.258749999994,borda
435,Q0,FT922-7510,289,5871.983749999996,borda
435,Q0,FT921-5809,290,5868.133749999994,borda
435,Q0,FT943-5202,291,5867.138749999993,borda
435,Q0,FT941-11846,292,5864.708749999994,borda
435,Q0,FBIS4-33740,293,5864.282499999995,borda
435,Q0,FBIS4-2468,294,5855.646249999996,borda
435,Q0,FT941-11034,295,5834.4099999999935,borda
435,Q0,FBIS4-22421,296,5810.531249999996,borda
435,Q0,FBIS4-17293,297,5805.133749999994,borda
435,Q0,FBIS4-45066,298,5803.667499999996,borda
435,Q0,FT931-4737,299,5753.469999999995,borda
435,Q0,FBIS4-25241,300,5753.276249999994,borda
435,Q0,FBIS4-11613,301,5735.089999999995,borda
435,Q0,FR940208-0-00081,302,5727.838749999995,borda
435,Q0,LA100389-0009,303,5723.851249999994,borda
435,Q0,FBIS4-4243,304,5697.974999999995,borda
435,Q0,FT923-1212,305,5691.638749999993,borda
435,Q0,FBIS4-38464,306,5688.157499999992,borda
435,Q0,FBIS4-50044,307,5683.0312499999945,borda
435,Q0,FBIS4-64150,308,5682.789999999993,borda
435,Q0,FT933-1350,309,5680.524999999993,borda
435,Q0,FT942-1960,310,5664.906249999995,borda
435,Q0,FT932-11479,311,5664.174999999996,borda
435,Q0,FT922-11359,312,5645.0749999999925,borda
435,Q0,FT933-2669,313,5632.718749999992,borda
435,Q0,LA083190-0071,314,5631.992499999993,borda
435,Q0,FBIS4-40359,315,5609.736249999994,borda
435,Q0,LA050390-0216,316,5607.231249999995,borda
435,Q0,FT944-18464,317,5590.207499999995,borda
435,Q0,FBIS3-46490,318,5578.573749999995,borda
435,Q0,FBIS4-31027,319,5572.872499999994,borda
435,Q0,FT923-3207,320,5570.176249999994,borda
435,Q0,FT931-7593,321,5558.439999999993,borda
435,Q0,FBIS4-47143,322,5553.224999999996,borda
435,Q0,FBIS4-22484,323,5534.777499999996,borda
435,Q0,FT924-852,324,5533.739999999993,borda
435,Q0,FT922-11731,325,5526.601249999996,borda
435,Q0,FBIS4-56173,326,5519.697499999994,borda
435,Q0,LA103190-0147,327,5511.859999999993,borda
435,Q0,FT931-12708,328,5506.377499999993,borda
435,Q0,FBIS3-2020,329,5500.446249999995,borda
435,Q0,FT934-2652,330,5482.396249999994,borda
435,Q0,LA110190-0163,331,5475.273749999994,borda
435,Q0,LA122989-0148,332,5470.886249999996,borda
435,Q0,FT941-9415,333,5462.903749999995,borda
435,Q0,FBIS3-61392,334,5450.529999999994,borda
435,Q0,LA073089-0115,335,5446.387499999993,borda
435,Q0,FT922-5104,336,5439.3074999999935,borda
435,Q0,FR941122-0-00055,337,5437.4549999999945,borda
435,Q0,FBIS4-67351,338,5430.661249999996,borda
435,Q0,FT931-12480,339,5425.813749999994,borda
435,Q0,FT932-7470,340,5423.1424999999945,borda
435,Q0,FBIS4-10057,341,5399.848749999994,borda
435,Q0,FT931-6800,342,5396.248749999995,borda
435,Q0,FBIS3-21244,343,5386.861249999996,borda
435,Q0,FT933-1186,344,5385.411249999995,borda
435,Q0,FT933-11472,345,5377.349999999993,borda
435,Q0,FR940104-0-00039,346,5368.457499999993,borda
435,Q0,FBIS3-22258,347,5363.483749999993,borda
435,Q0,FBIS3-47574,348,5363.354999999995,borda
435,Q0,FBIS3-43778,349,5351.7049999999945,borda
435,Q0,FR940505-1-00069,350,5340.287499999995,borda
435,Q0,FBIS3-17254,351,5334.849999999993,borda
435,Q0,FT921-6098,352,5330.837499999994,borda
435,Q0,LA030389-0148,353,5328.918749999995,borda
435,Q0,FBIS4-41394,354,5328.626249999994,borda
435,Q0,FBIS4-21353,355,5313.828749999995,borda
435,Q0,FBIS4-46859,356,5307.323749999993,borda
435,Q0,LA051090-0213,357,5304.141249999995,borda
435,Q0,FT923-7396,358,5300.6649999999945,borda
435,Q0,FBIS3-6815,359,5299.363749999995,borda
435,Q0,FT942-8228,360,5294.894999999994,borda
435,Q0,LA110490-0256,361,5294.487499999995,borda
435,Q0,FT944-9091,362,5284.841249999994,borda
435,Q0,FT934-1428,363,5282.449999999993,borda
435,Q0,LA102090-0154,364,5279.694999999994,borda
435,Q0,FBIS4-68349,365,5269.878749999996,borda
435,Q0,LA110190-0172,366,5261.514999999995,borda
435,Q0,FBIS4-65462,367,5257.742499999997,borda
435,Q0,FBIS3-24363,368,5247.574999999992,borda
435,Q0,FT943-10859,369,5239.947499999995,borda
435,Q0,LA042090-0104,370,5235.607499999995,borda
435,Q0,LA010190-0021,371,5213.547499999994,borda
435,Q0,FT943-46,372,5183.787499999994,borda
435,Q0,FBIS3-1998,373,5168.386249999993,borda
435,Q0,FT931-4913,374,5154.983749999995,borda
435,Q0,FBIS4-67656,375,5151.512499999993,borda
435,Q0,LA123189-0076,376,5143.8574999999955,borda
435,Q0,FBIS4-22952,377,5141.078749999995,borda
435,Q0,FBIS4-66196,378,5132.894999999995,borda
435,Q0,FBIS4-58107,379,5125.928749999995,borda
435,Q0,FT924-7241,380,5125.268749999996,borda
435,Q0,FT941-10611,381,5116.686249999994,borda
435,Q0,FBIS3-24088,382,5105.264999999996,borda
435,Q0,FBIS4-67365,383,5101.316249999996,borda
435,Q0,FT942-6969,384,5096.391249999995,borda
435,Q0,FT934-16721,385,5071.697499999994,borda
435,Q0,FT943-12,386,5068.921249999995,borda
435,Q0,FT943-8,387,5064.0762499999955,borda
435,Q0,LA121089-0189,388,5059.146249999994,borda
435,Q0,LA091690-0062,389,5045.676249999996,borda
435,Q0,FT942-7525,390,5033.543749999995,borda
435,Q0,FBIS4-11451,391,5021.486249999995,borda
435,Q0,LA110490-0164,392,5013.377499999995,borda
435,Q0,FBIS4-51098,393,4998.449999999995,borda
435,Q0,FBIS4-25583,394,4991.766249999996,borda
435,Q0,FBIS4-18538,395,4974.906249999995,borda
435,Q0,FT942-15368,396,4969.776249999995,borda
435,Q0,FT932-15432,397,4966.139999999996,borda
435,Q0,FT932-8836,398,4952.074999999993,borda
435,Q0,LA120390-0002,399,4949.7862499999965,borda
435,Q0,FBIS4-50246,400,4924.411249999995,borda
435,Q0,FBIS3-7342,401,4922.848749999995,borda
435,Q0,FT943-6377,402,4907.673749999996,borda
435,Q0,FT931-9387,403,4903.846249999997,borda
435,Q0,FT934-15537,404,4902.754999999995,borda
435,Q0,LA082890-0002,405,4882.307499999996,borda
435,Q0,FT942-3190,406,4876.017499999996,borda
435,Q0,FT934-3792,407,4867.364999999994,borda
435,Q0,FBIS4-68494,408,4862.383749999996,borda
435,Q0,FR940127-1-00061,409,4849.062499999995,borda
435,Q0,FT941-10607,410,4845.9337499999965,borda
435,Q0,FBIS4-25051,411,4845.779999999996,borda
435,Q0,FT944-137,412,4844.431249999994,borda
435,Q0,FBIS4-25586,413,4838.183749999995,borda
435,Q0,LA111589-0014,414,4811.928749999995,borda
435,Q0,LA121890-0118,415,4811.816249999996,borda
435,Q0,FT934-472,416,4773.673749999994,borda
435,Q0,FT934-9029,417,4772.744999999995,borda
435,Q0,FT921-380,418,4771.068749999995,borda
435,Q0,FBIS4-40245,419,4769.876249999996,borda
435,Q0,FT922-166,420,4769.488749999996,borda
435,Q0,FBIS3-42807,421,4764.283749999996,borda
435,Q0,FT921-4212,422,4753.198749999994,borda
435,Q0,FBIS3-45634,423,4744.558749999996,borda
435,Q0,FT934-6984,424,4738.698749999995,borda
435,Q0,FT921-15325,425,4716.463749999995,borda
435,Q0,FT921-9503,426,4714.261249999996,borda
435,Q0,FT923-13560,427,4712.531249999994,borda
435,Q0,FT921-11910,428,4692.828749999996,borda
435,Q0,FBIS4-26299,429,4686.3087499999965,borda
435,Q0,FBIS4-49096,430,4677.131249999993,borda
435,Q0,FBIS3-60279,431,4657.622499999995,borda
435,Q0,FBIS4-25785,432,4652.959999999994,borda
435,Q0,FBIS3-44364,433,4652.238749999997,borda
435,Q0,FBIS4-49956,434,4636.318749999997,borda
435,Q0,FBIS4-57817,435,4629.868749999996,borda
435,Q0,FBIS4-46687,436,4626.173749999997,borda
435,Q0,FBIS4-48918,437,4625.773749999997,borda
435,Q0,LA030290-0124,438,4611.476249999994,borda
435,Q0,FT923-14721,439,4605.591249999995,borda
435,Q0,FT944-18466,440,4604.092499999995,borda
435,Q0,FBIS3-48422,441,4589.396249999996,borda
435,Q0,FT932-12525,442,4546.557499999996,borda
435,Q0,LA021190-0104,443,4506.042499999997,borda
435,Q0,LA021689-0010,444,4490.751249999995,borda
435,Q0,FT944-8856,445,4486.711249999997,borda
435,Q0,FT921-15492,446,4472.926249999995,borda
435,Q0,FT933-8873,447,4459.363749999995,borda
435,Q0,FBIS3-1639,448,4455.0849999999955,borda
435,Q0,LA031590-0144,449,4453.052499999994,borda
435,Q0,LA051190-0078,450,4442.912499999997,borda
435,Q0,LA083190-0047,451,4435.7774999999965,borda
435,Q0,FBIS3-26718,452,4412.686249999997,borda
435,Q0,LA031990-0050,453,4411.529999999996,borda
435,Q0,LA062589-0122,454,4410.716249999997,borda
435,Q0,FT932-12127,455,4406.978749999995,borda
435,Q0,FT941-3261,456,4393.886249999995,borda
435,Q0,FT942-5993,457,4386.3037499999955,borda
435,Q0,FBIS3-4265,458,4385.8087499999965,borda
435,Q0,FBIS3-19231,459,4372.6212499999965,borda
435,Q0,FT933-12011,460,4368.268749999995,borda
435,Q0,FBIS3-22455,461,4365.159999999996,borda
435,Q0,FT921-11387,462,4355.502499999996,borda
435,Q0,FBIS3-3812,463,4342.416249999997,borda
435,Q0,FT931-1324,464,4338.341249999996,borda
435,Q0,FT921-3086,465,4331.243749999993,borda
435,Q0,LA121089-0233,466,4324.918749999997,borda
435,Q0,FBIS4-16951,467,4297.738749999996,borda
435,Q0,LA031289-0147,468,4285.409999999994,borda
435,Q0,FBIS4-61405,469,4264.761249999994,borda
435,Q0,FT944-18903,470,4260.638749999996,borda
435,Q0,FT921-6334,471,4256.107499999995,borda
435,Q0,FBIS4-42739,472,4253.498749999996,borda
435,Q0,FT943-7739,473,4229.174999999996,borda
435,Q0,FT943-9,474,4214.598749999995,borda
435,Q0,FT924-10479,475,4212.627499999994,borda
435,Q0,FT934-813,476,4212.483749999997,borda
435,Q0,FT941-774,477,4206.773749999996,borda
435,Q0,FT943-12275,478,4205.314999999996,borda
435,Q0,LA020290-0141,479,4200.867499999995,borda
435,Q0,FBIS3-5829,480,4199.853749999995,borda
435,Q0,FT942-2266,481,4196.096249999994,borda
435,Q0,FT924-8153,482,4186.878749999994,borda
435,Q0,FR941005-0-00035,483,4180.793749999995,borda
435,Q0,FT923-1945,484,4180.177499999996,borda
435,Q0,FT922-5107,485,4175.639999999996,borda
435,Q0,FT921-9475,486,4164.3887499999955,borda
435,Q0,FBIS4-2501,487,4159.5274999999965,borda
435,Q0,LA050490-0199,488,4156.353749999995,borda
435,Q0,FT943-6922,489,4155.967499999997,borda
435,Q0,FT931-1201,490,4145.507499999995,borda
435,Q0,LA101689-0055,491,4143.519999999997,borda
435,Q0,FT921-6429,492,4140.364999999996,borda
435,Q0,FBIS4-49245,493,4128.037499999998,borda
435,Q0,FT921-9822,494,4124.916249999996,borda
435,Q0,FT943-12502,495,4118.369999999995,borda
435,Q0,LA112989-0025,496,4118.062499999996,borda
435,Q0,FBIS3-42996,497,4109.448749999997,borda
435,Q0,FBIS4-8665,498,4107.586249999997,borda
435,Q0,FT921-16410,499,4102.293749999995,borda
435,Q0,FBIS3-43034,500,4100.688749999997,borda
435,Q0,LA050590-0126,501,4093.899999999997,borda
435,Q0,FBIS4-49579,502,4091.8837499999945,borda
435,Q0,FT921-15886,503,4082.0612499999966,borda
435,Q0,FT943-4627,504,4075.283749999995,borda
435,Q0,FBIS4-50050,505,4059.349999999997,borda
435,Q0,FBIS4-49178,506,4048.5324999999966,borda
435,Q0,FT943-7879,507,4041.1912499999976,borda
435,Q0,LA012989-0054,508,4000.271249999996,borda
435,Q0,LA122189-0023,509,3997.172499999998,borda
435,Q0,FBIS3-42726,510,3976.999999999998,borda
435,Q0,FBIS3-3016,511,3956.2137499999963,borda
435,Q0,LA101389-0176,512,3953.221249999998,borda
435,Q0,FBIS3-26492,513,3941.8874999999953,borda
435,Q0,FBIS4-18810,514,3941.1012499999965,borda
435,Q0,FBIS4-66511,515,3930.719999999996,borda
435,Q0,FT924-12968,516,3925.8562499999975,borda
435,Q0,FBIS4-68886,517,3922.7199999999953,borda
435,Q0,FT933-10207,518,3920.079999999996,borda
435,Q0,FT944-7985,519,3908.9062499999955,borda
435,Q0,FT922-8416,520,3901.1337499999963,borda
435,Q0,FBIS4-4233,521,3894.7412499999964,borda
435,Q0,FT922-8314,522,3894.683749999996,borda
435,Q0,FT942-2424,523,3884.1737499999967,borda
435,Q0,FT924-11776,524,3872.062499999995,borda
435,Q0,LA121589-0094,525,3868.563749999996,borda
435,Q0,FBIS3-45426,526,3867.763749999996,borda
435,Q0,FT941-16490,527,3855.6137499999977,borda
435,Q0,FBIS3-50904,528,3846.0262499999963,borda
435,Q0,LA112689-0094,529,3841.6174999999957,borda
435,Q0,FBIS3-18410,530,3836.6837499999956,borda
435,Q0,FT941-3811,531,3833.106249999996,borda
435,Q0,FT932-1118,532,3823.0649999999973,borda
435,Q0,FT922-11276,533,3808.7324999999973,borda
435,Q0,LA072789-0076,534,3794.4587499999966,borda
435,Q0,FT924-14634,535,3793.9712499999964,borda
435,Q0,FT933-11136,536,3791.627499999998,borda
435,Q0,FBIS3-59314,537,3777.8187499999967,borda
435,Q0,FT941-16483,538,3767.8187499999967,borda
435,Q0,FBIS4-66283,539,3767.742499999999,borda
435,Q0,FT932-11729,540,3745.0374999999967,borda
435,Q0,FT932-14728,541,3742.114999999997,borda
435,Q0,FT922-1568,542,3728.351249999997,borda
435,Q0,FT922-4971,543,3710.3537499999966,borda
435,Q0,FBIS4-4130,544,3706.9574999999977,borda
435,Q0,FT943-6049,545,3705.6962499999954,borda
435,Q0,FBIS4-45732,546,3704.2312499999966,borda
435,Q0,FBIS4-25603,547,3703.1112499999963,borda
435,Q0,FBIS3-61228,548,3702.2812499999986,borda
435,Q0,FBIS3-59291,549,3700.894999999997,borda
435,Q0,FBIS4-21335,550,3699.608749999996,borda
435,Q0,FT931-6159,551,3699.058749999997,borda
435,Q0,FBIS4-20016,552,3665.7237499999965,borda
435,Q0,FR940816-1-00079,553,3660.9449999999983,borda
435,Q0,FT943-14329,554,3657.4424999999965,borda
435,Q0,FT921-9336,555,3651.0449999999964,borda
435,Q0,FBIS3-11397,556,3636.1987499999977,borda
435,Q0,FBIS4-20206,557,3631.399999999997,borda
435,Q0,LA042290-0170,558,3629.4074999999975,borda
435,Q0,FT943-10670,559,3607.6887499999966,borda
435,Q0,FT923-6552,560,3600.5874999999955,borda
435,Q0,FT934-12809,561,3595.2412499999978,borda
435,Q0,LA032389-0002,562,3577.129999999998,borda
435,Q0,FBIS3-51221,563,3572.794999999997,borda
435,Q0,FBIS4-38972,564,3567.7124999999974,borda
435,Q0,LA032890-0092,565,3564.233749999997,borda
435,Q0,FBIS3-58608,566,3563.8499999999967,borda
435,Q0,FBIS3-32823,567,3552.1937499999976,borda
435,Q0,FT932-1872,568,3549.061249999997,borda
435,Q0,LA041690-0084,569,3548.879999999999,borda
435,Q0,FBIS3-20434,570,3548.5937499999986,borda
435,Q0,FBIS4-10742,571,3535.7287499999957,borda
435,Q0,LA071090-0032,572,3529.241249999997,borda
435,Q0,FT922-8170,573,3529.1862499999966,borda
435,Q0,LA092390-0049,574,3523.0574999999976,borda
435,Q0,FBIS4-49411,575,3522.2549999999956,borda
435,Q0,FT924-7253,576,3512.892499999997,borda
435,Q0,FT934-10,577,3508.557499999996,borda
435,Q0,FBIS4-20348,578,3505.4212499999976,borda
435,Q0,FT943-3669,579,3505.2049999999977,borda
435,Q0,FBIS4-23243,580,3502.4949999999963,borda
435,Q0,FT944-10010,581,3496.961249999997,borda
435,Q0,LA030689-0003,582,3496.7899999999963,borda
435,Q0,FBIS4-42820,583,3488.812499999996,borda
435,Q0,FT934-5133,584,3479.9962499999965,borda
435,Q0,FBIS3-3422,585,3479.1749999999956,borda
435,Q0,FBIS4-49807,586,3473.351249999998,borda
435,Q0,FBIS3-41183,587,3466.6324999999965,borda
435,Q0,FBIS3-39015,588,3465.629999999996,borda
435,Q0,FBIS3-40603,589,3465.0262499999963,borda
435,Q0,FBIS3-45640,590,3457.0812499999956,borda
435,Q0,FT923-8750,591,3449.736249999996,borda
435,Q0,LA101690-0040,592,3446.694999999996,borda
435,Q0,FT911-3411,593,3443.4862499999954,borda
435,Q0,FT921-2014,594,3434.5587499999974,borda
435,Q0,FT944-14599,595,3433.684999999996,borda
435,Q0,FT934-12742,596,3430.3487499999987,borda
435,Q0,FBIS4-42809,597,3429.8574999999955,borda
435,Q0,FBIS3-44793,598,3429.0649999999955,borda
435,Q0,FT922-3976,599,3427.7224999999976,borda
435,Q0,FBIS3-22188,600,3422.6512499999953,borda
435,Q0,FT933-6554,601,3414.406249999996,borda
435,Q0,FBIS4-3724,602,3411.0412499999957,borda
435,Q0,FR940127-1-00057,603,3407.894999999997,borda
435,Q0,FT942-11550,604,3404.3624999999965,borda
435,Q0,FT932-13227,605,3398.342499999997,borda
435,Q0,FBIS4-68781,606,3397.651249999997,borda
435,Q0,LA051989-0187,607,3363.593749999997,borda
435,Q0,FT941-16408,608,3359.768749999996,borda
435,Q0,FBIS3-41666,609,3342.4749999999976,borda
435,Q0,FBIS4-40482,610,3336.7449999999953,borda
435,Q0,LA073190-0028,611,3336.173749999997,borda
435,Q0,LA040489-0001,612,3334.397499999998,borda
435,Q0,FT922-626,613,3333.966249999998,borda
435,Q0,LA040290-0007,614,3329.937499999998,borda
435,Q0,FT944-5125,615,3325.902499999998,borda
435,Q0,FT933-4697,616,3324.852499999996,borda
435,Q0,FBIS3-45324,617,3304.366249999996,borda
435,Q0,FT941-14017,618,3303.776249999996,borda
435,Q0,FBIS3-42901,619,3290.0537499999964,borda
435,Q0,FBIS3-40166,620,3289.492499999999,borda
435,Q0,FBIS4-21489,621,3288.2062499999965,borda
435,Q0,FBIS4-67533,622,3287.1774999999993,borda
435,Q0,FT944-9467,623,3282.877499999997,borda
435,Q0,FT933-11084,624,3282.4012499999967,borda
435,Q0,LA092489-0020,625,3281.1999999999975,borda
435,Q0,LA061589-0098,626,3276.4349999999968,borda
435,Q0,FBIS3-39261,627,3276.0262499999963,borda
435,Q0,FT923-8397,628,3270.3562499999966,borda
435,Q0,FR940816-1-00065,629,3267.997499999998,borda
435,Q0,FT942-328,630,3260.482499999997,borda
435,Q0,FT922-6214,631,3256.116249999999,borda
435,Q0,FT931-16598,632,3255.344999999997,borda
435,Q0,FT932-7356,633,3252.767499999998,borda
435,Q0,FBIS4-45489,634,3251.501249999996,borda
435,Q0,FT944-10671,635,3249.261249999998,borda
435,Q0,FBIS4-58121,636,3244.2162499999986,borda
435,Q0,FT943-4816,637,3239.5212499999966,borda
435,Q0,FT921-7362,638,3218.279999999999,borda
435,Q0,FBIS4-2474,639,3211.7662499999956,borda
435,Q0,FT941-10401,640,3209.3737499999975,borda
435,Q0,LA082890-0052,641,3195.1674999999977,borda
435,Q0,LA090790-0036,642,3190.4549999999986,borda
435,Q0,FBIS4-26982,643,3185.5324999999975,borda
435,Q0,FBIS3-44474,644,3179.2412499999964,borda
435,Q0,FT933-6959,645,3172.547499999997,borda
435,Q0,LA101190-0163,646,3161.581249999996,borda
435,Q0,FBIS4-46869,647,3157.4824999999973,borda
435,Q0,FBIS4-10836,648,3144.3337499999984,borda
435,Q0,FBIS3-14832,649,3138.457499999998,borda
435,Q0,FBIS4-36743,650,3129.8999999999983,borda
435,Q0,FBIS4-45616,651,3128.588749999997,borda
435,Q0,FT923-10478,652,3120.6174999999967,borda
435,Q0,FT933-11274,653,3115.2649999999967,borda
435,Q0,FT924-6488,654,3111.976249999998,borda
435,Q0,FBIS3-31869,655,3111.784999999998,borda
435,Q0,FBIS3-51397,656,3110.154999999998,borda
435,Q0,FBIS3-60259,657,3106.7824999999966,borda
435,Q0,FBIS4-50117,658,3103.9412499999985,borda
435,Q0,FT931-2721,659,3103.918749999997,borda
435,Q0,FT943-1896,660,3102.2662499999974,borda
435,Q0,LA010490-0033,661,3099.8649999999966,borda
435,Q0,FT933-5029,662,3095.0174999999977,borda
435,Q0,FT942-10726,663,3091.074999999997,borda
435,Q0,FBIS3-26161,664,3090.278749999996,borda
435,Q0,FT932-9834,665,3089.397499999997,borda
435,Q0,FT933-1191,666,3080.2549999999983,borda
435,Q0,FT933-2162,667,3070.1412499999974,borda
435,Q0,FBIS3-35821,668,3063.9149999999995,borda
435,Q0,FBIS3-42626,669,3055.8049999999994,borda
435,Q0,LA122890-0079,670,3045.8499999999963,borda
435,Q0,FBIS4-30867,671,3043.7887499999974,borda
435,Q0,FT922-2868,672,3037.1324999999974,borda
435,Q0,FT924-11153,673,3032.9549999999977,borda
435,Q0,FT924-2996,674,3021.5612499999975,borda
435,Q0,FT931-732,675,3014.8324999999963,borda
435,Q0,FT944-7096,676,3005.578749999997,borda
435,Q0,FBIS3-23751,677,3005.153749999998,borda
435,Q0,FT924-10645,678,2992.948749999996,borda
435,Q0,LA100589-0083,679,2992.423749999997,borda
435,Q0,FBIS3-18862,680,2990.911249999997,borda
435,Q0,FR940304-0-00090,681,2987.6124999999975,borda
435,Q0,FT943-14891,682,2985.1312499999976,borda
435,Q0,FBIS4-25955,683,2969.836249999997,borda
435,Q0,FBIS4-2395,684,2966.743749999996,borda
435,Q0,FBIS3-26563,685,2965.0649999999964,borda
435,Q0,FT943-6211,686,2964.357499999997,borda
435,Q0,FT922-5244,687,2953.9137499999983,borda
435,Q0,FBIS4-54209,688,2944.312499999998,borda
435,Q0,FBIS3-47129,689,2942.827499999998,borda
435,Q0,FT931-9719,690,2939.177499999997,borda
435,Q0,FT922-11219,691,2939.0949999999984,borda
435,Q0,FT943-4312,692,2928.8324999999986,borda
435,Q0,FBIS4-6086,693,2921.9712499999982,borda
435,Q0,FBIS4-27815,694,2920.606249999997,borda
435,Q0,FBIS4-59114,695,2919.524999999997,borda
435,Q0,LA060489-0113,696,2914.054999999998,borda
435,Q0,LA052290-0135,697,2912.187499999997,borda
435,Q0,FBIS3-40669,698,2904.4799999999996,borda
435,Q0,FBIS4-1797,699,2899.529999999999,borda
435,Q0,FT942-12086,700,2894.293749999996,borda
435,Q0,FBIS3-26048,701,2889.302499999998,borda
435,Q0,FT932-132,702,2886.0649999999973,borda
435,Q0,FT944-15684,703,2881.864999999996,borda
435,Q0,LA101589-0081,704,2881.8324999999977,borda
435,Q0,FT942-293,705,2878.159999999998,borda
435,Q0,FBIS4-47016,706,2878.103749999998,borda
435,Q0,FBIS3-38534,707,2864.4299999999967,borda
435,Q0,FBIS3-45645,708,2863.0387499999993,borda
435,Q0,FT933-7889,709,2861.9424999999974,borda
435,Q0,FBIS4-46879,710,2861.376249999997,borda
435,Q0,LA071690-0091,711,2858.319999999998,borda
435,Q0,FBIS4-9354,712,2853.3099999999986,borda
435,Q0,FT924-6528,713,2846.2037499999965,borda
435,Q0,FT942-5800,714,2844.5012499999957,borda
435,Q0,FBIS4-2959,715,2834.262499999998,borda
435,Q0,FBIS4-66655,716,2826.1374999999975,borda
435,Q0,LA012389-0015,717,2825.401249999998,borda
435,Q0,FBIS3-42811,718,2823.5849999999996,borda
435,Q0,FT942-1645,719,2822.4524999999962,borda
435,Q0,LA100490-0177,720,2820.058749999997,borda
435,Q0,FBIS3-60405,721,2816.392499999998,borda
435,Q0,LA091489-0223,722,2807.9587499999984,borda
435,Q0,FT931-1485,723,2806.5037499999967,borda
435,Q0,FBIS4-53518,724,2805.5774999999962,borda
435,Q0,FT933-13224,725,2804.3462499999987,borda
435,Q0,FT942-7386,726,2788.514999999996,borda
435,Q0,FBIS3-22449,727,2783.7037499999974,borda
435,Q0,FT932-2112,728,2780.7012499999964,borda
435,Q0,FT922-6158,729,2775.4649999999974,borda
435,Q0,LA021190-0059,730,2772.936249999997,borda
435,Q0,FBIS3-59398,731,2772.539999999998,borda
435,Q0,LA061190-0110,732,2770.0549999999985,borda
435,Q0,FR940630-1-00013,733,2752.8274999999967,borda
435,Q0,FT924-1185,734,2750.109999999996,borda
435,Q0,FT922-11730,735,2736.938749999998,borda
435,Q0,FBIS4-22537,736,2724.843749999998,borda
435,Q0,FT941-5023,737,2723.1699999999973,borda
435,Q0,FT924-11991,738,2710.128749999996,borda
435,Q0,FBIS3-23963,739,2707.9199999999996,borda
435,Q0,FBIS3-42795,740,2706.0199999999986,borda
435,Q0,FT924-1010,741,2697.9787499999975,borda
435,Q0,LA031589-0075,742,2697.3162499999994,borda
435,Q0,FBIS3-10291,743,2696.6187499999987,borda
435,Q0,FT932-7122,744,2691.362499999998,borda
435,Q0,FBIS3-60336,745,2688.5937499999977,borda
435,Q0,FBIS3-42912,746,2682.9587499999993,borda
435,Q0,FBIS4-17368,747,2679.904999999996,borda
435,Q0,FBIS4-25085,748,2678.902499999999,borda
435,Q0,FT934-4589,749,2670.654999999997,borda
435,Q0,FT943-15505,750,2669.0149999999976,borda
435,Q0,LA100189-0047,751,2667.6049999999977,borda
435,Q0,FT933-15159,752,2667.181249999999,borda
435,Q0,FBIS3-49671,753,2663.5374999999967,borda
435,Q0,FT934-9447,754,2649.6012499999974,borda
435,Q0,FBIS3-22289,755,2646.439999999998,borda
435,Q0,FBIS3-24342,756,2646.0587499999997,borda
435,Q0,FT933-5765,757,2645.5774999999967,borda
435,Q0,FT931-10613,758,2642.6562499999977,borda
435,Q0,FBIS4-25895,759,2633.518749999998,borda
435,Q0,FBIS4-50913,760,2632.673749999998,borda
435,Q0,FT934-3354,761,2630.704999999998,borda
435,Q0,FT931-7856,762,2628.7312499999975,borda
435,Q0,FT922-11014,763,2625.213749999998,borda
435,Q0,FT943-5358,764,2622.632499999999,borda
435,Q0,FT932-591,765,2622.0149999999985,borda
435,Q0,FBIS3-2468,766,2615.414999999998,borda
435,Q0,FT944-11158,767,2614.126249999997,borda
435,Q0,LA121190-0111,768,2598.497499999998,borda
435,Q0,FBIS4-22294,769,2590.672499999998,borda
435,Q0,FT924-7025,770,2574.064999999997,borda
435,Q0,FBIS3-46300,771,2567.1624999999985,borda
435,Q0,FBIS3-59140,772,2557.7162499999977,borda
435,Q0,FBIS3-41506,773,2549.9412499999976,borda
435,Q0,LA022790-0002,774,2549.3124999999977,borda
435,Q0,FT933-5757,775,2541.1762499999995,borda
435,Q0,FT923-5207,776,2537.247499999998,borda
435,Q0,FBIS4-47015,777,2536.6624999999985,borda
435,Q0,FR940527-1-00237,778,2535.6462499999975,borda
435,Q0,LA123090-0067,779,2527.3812499999976,borda
435,Q0,FT923-10578,780,2526.297499999996,borda
435,Q0,FBIS4-24672,781,2518.727499999996,borda
435,Q0,LA090190-0003,782,2514.3849999999975,borda
435,Q0,LA020890-0004,783,2506.638749999996,borda
435,Q0,FBIS3-42812,784,2503.1749999999975,borda
435,Q0,FBIS4-1666,785,2494.5199999999977,borda
435,Q0,FT922-3849,786,2493.939999999998,borda
435,Q0,FBIS4-43917,787,2493.4024999999974,borda
435,Q0,FBIS4-26033,788,2489.7999999999965,borda
435,Q0,FT944-13692,789,2489.027499999997,borda
435,Q0,LA101589-0082,790,2481.763749999998,borda
435,Q0,FT911-262,791,2481.723749999998,borda
435,Q0,FT922-4811,792,2481.246249999998,borda
435,Q0,FT934-5058,793,2478.867499999999,borda
435,Q0,FT922-9134,794,2474.6562499999977,borda
435,Q0,FT943-678,795,2470.708749999997,borda
435,Q0,FBIS3-150,796,2461.974999999997,borda
435,Q0,FBIS3-13379,797,2460.0762499999983,borda
435,Q0,FBIS4-29207,798,2457.3449999999975,borda
435,Q0,FT922-7507,799,2455.442499999996,borda
435,Q0,FBIS4-25023,800,2455.2012499999973,borda
435,Q0,FBIS3-12054,801,2452.867499999999,borda
435,Q0,FR941004-1-00052,802,2451.9249999999993,borda
435,Q0,FBIS4-45058,803,2450.4437499999967,borda
435,Q0,FT934-3771,804,2446.6962499999972,borda
435,Q0,FBIS4-25736,805,2444.9424999999987,borda
435,Q0,FT922-8828,806,2440.8512499999974,borda
435,Q0,LA032689-0156,807,2439.7274999999963,borda
435,Q0,LA090390-0103,808,2435.408749999998,borda
435,Q0,FT944-13631,809,2431.6299999999965,borda
435,Q0,FBIS4-25157,810,2428.5112499999977,borda
435,Q0,FBIS4-18135,811,2422.3837499999977,borda
435,Q0,FBIS4-44474,812,2420.6687499999985,borda
435,Q0,FBIS3-22230,813,2419.166249999998,borda
435,Q0,FBIS3-22151,814,2418.66875,borda
435,Q0,FT943-7393,815,2416.703749999998,borda
435,Q0,FR941125-1-00021,816,2411.4162499999984,borda
435,Q0,FT941-11056,817,2404.882499999998,borda
435,Q0,FT943-9708,818,2399.784999999997,borda
435,Q0,FR941227-1-00048,819,2395.597499999997,borda
435,Q0,FBIS4-49809,820,2390.1899999999982,borda
435,Q0,FT931-15170,821,2389.8499999999995,borda
435,Q0,LA052189-0006,822,2387.666249999998,borda
435,Q0,FT942-13785,823,2385.5987499999983,borda
435,Q0,LA061189-0056,824,2383.238749999999,borda
435,Q0,FBIS3-27013,825,2380.8774999999996,borda
435,Q0,LA040890-0152,826,2378.908749999998,borda
435,Q0,FT933-2241,827,2377.2449999999976,borda
435,Q0,FT921-12897,828,2376.8987499999994,borda
435,Q0,FBIS3-27023,829,2371.9662499999977,borda
435,Q0,FT922-10075,830,2370.9212499999976,borda
435,Q0,FT924-289,831,2368.013749999998,borda
435,Q0,FBIS3-22273,832,2365.261249999998,borda
435,Q0,FT943-5274,833,2360.786249999998,borda
435,Q0,FT932-5699,834,2358.542499999999,borda
435,Q0,FT921-12735,835,2340.782499999998,borda
435,Q0,FT943-6953,836,2340.7737499999985,borda
435,Q0,FT943-5575,837,2338.4437499999976,borda
435,Q0,LA061690-0062,838,2330.158749999998,borda
435,Q0,FT923-14971,839,2329.257499999998,borda
435,Q0,LA041389-0136,840,2321.7987499999967,borda
435,Q0,FBIS4-21480,841,2310.4599999999978,borda
435,Q0,LA081290-0130,842,2301.453749999998,borda
435,Q0,FT942-12296,843,2300.711249999997,borda
435,Q0,FBIS3-22139,844,2299.487499999998,borda
435,Q0,FR941027-2-00119,845,2299.363749999998,borda
435,Q0,FT932-2872,846,2299.2812499999973,borda
435,Q0,FBIS4-21510,847,2297.6624999999976,borda
435,Q0,LA032990-0217,848,2293.737499999998,borda
435,Q0,FR941019-2-00027,849,2293.6624999999976,borda
435,Q0,FT942-16584,850,2289.0912499999977,borda
435,Q0,FR940516-2-00056,851,2287.8224999999993,borda
435,Q0,FBIS3-38548,852,2282.3437499999977,borda
435,Q0,FBIS3-59345,853,2278.8149999999987,borda
435,Q0,FBIS4-25261,854,2275.8987499999985,borda
435,Q0,FT922-5858,855,2271.432499999998,borda
435,Q0,LA110690-0090,856,2269.146249999998,borda
435,Q0,LA102190-0233,857,2265.292499999998,borda
435,Q0,FBIS4-26581,858,2261.703749999998,borda
435,Q0,FBIS4-44813,859,2259.297499999998,borda
435,Q0,FT923-10769,860,2256.8387499999976,borda
435,Q0,FT911-3376,861,2256.5124999999975,borda
435,Q0,FBIS4-1843,862,2250.9999999999995,borda
435,Q0,FR941005-0-00034,863,2250.8337499999993,borda
435,Q0,FT941-5215,864,2247.03375,borda
435,Q0,FT911-4986,865,2244.8274999999967,borda
435,Q0,FT922-7053,866,2237.8562499999975,borda
435,Q0,LA122589-0079,867,2236.506249999998,borda
435,Q0,LA031890-0073,868,2233.9824999999973,borda
435,Q0,FT932-7404,869,2230.1287499999976,borda
435,Q0,FT933-17014,870,2223.463749999997,borda
435,Q0,FT934-16965,871,2220.497499999997,borda
435,Q0,FT943-811,872,2219.789999999999,borda
435,Q0,FBIS3-12404,873,2217.0012499999966,borda
435,Q0,LA052390-0025,874,2214.5237499999994,borda
435,Q0,LA111989-0195,875,2212.8324999999977,borda
435,Q0,FT933-1342,876,2212.2062499999975,borda
435,Q0,FT923-11461,877,2209.5062499999967,borda
435,Q0,FT932-15465,878,2208.6637499999983,borda
435,Q0,LA111590-0185,879,2207.9237499999977,borda
435,Q0,FT943-4124,880,2206.3049999999985,borda
435,Q0,LA060990-0018,881,2200.723749999998,borda
435,Q0,FT923-11608,882,2198.2187499999973,borda
435,Q0,FBIS4-20472,883,2194.955,borda
435,Q0,FBIS4-25512,884,2194.716249999998,borda
435,Q0,LA050689-0095,885,2193.7212499999982,borda
435,Q0,FBIS3-22142,886,2192.5537499999978,borda
435,Q0,FBIS4-517,887,2189.332499999998,borda
435,Q0,LA101190-0084,888,2188.3237499999987,borda
435,Q0,FT942-5649,889,2177.8524999999986,borda
435,Q0,FBIS4-1755,890,2176.3987499999994,borda
435,Q0,FT922-12574,891,2173.883749999998,borda
435,Q0,FR940627-0-00242,892,2171.657499999998,borda
435,Q0,FT921-7009,893,2169.789999999998,borda
435,Q0,LA110789-0033,894,2168.876249999998,borda
435,Q0,LA090390-0062,895,2168.3999999999983,borda
435,Q0,FT931-5023,896,2167.9349999999977,borda
435,Q0,FT944-6723,897,2164.186249999999,borda
435,Q0,FT922-4626,898,2159.326249999998,borda
435,Q0,FBIS4-45564,899,2157.484999999996,borda
435,Q0,FT922-785,900,2156.8037499999973,borda
435,Q0,LA062690-0072,901,2156.0237499999994,borda
435,Q0,FT934-10656,902,2153.8887499999973,borda
435,Q0,FBIS4-26397,903,2150.0512499999963,borda
435,Q0,FT941-17164,904,2143.3962499999966,borda
435,Q0,FBIS4-47019,905,2142.5037499999994,borda
435,Q0,FBIS4-45642,906,2137.14125,borda
435,Q0,FT922-12256,907,2134.6624999999967,borda
435,Q0,FR940616-2-00007,908,2132.8874999999985,borda
435,Q0,FBIS4-68585,909,2129.0487499999986,borda
435,Q0,FT933-8009,910,2128.0149999999967,borda
435,Q0,LA071789-0061,911,2127.447499999998,borda
435,Q0,FT921-169,912,2126.4287499999978,borda
435,Q0,FBIS3-20507,913,2123.658749999998,borda
435,Q0,FT924-648,914,2119.3862499999973,borda
435,Q0,FBIS3-59756,915,2113.8849999999984,borda
435,Q0,FT942-13786,916,2113.7399999999993,borda
435,Q0,FBIS3-15271,917,2113.6687500000003,borda
435,Q0,LA070889-0054,918,2113.2762499999994,borda
435,Q0,FBIS3-24065,919,2112.4599999999996,borda
435,Q0,FT932-1015,920,2109.614999999998,borda
435,Q0,FT932-10040,921,2109.259999999998,borda
435,Q0,LA092490-0012,922,2108.4537499999983,borda
435,Q0,FBIS3-36588,923,2103.4124999999995,borda
435,Q0,FT943-3564,924,2102.9362499999984,borda
435,Q0,FBIS4-31787,925,2101.277499999999,borda
435,Q0,FT942-6848,926,2099.638749999999,borda
435,Q0,LA041189-0058,927,2096.469999999999,borda
435,Q0,FT924-14190,928,2096.466249999998,borda
435,Q0,FBIS3-4123,929,2095.1262499999966,borda
435,Q0,FT934-10717,930,2094.972499999998,borda
435,Q0,FBIS4-68357,931,2093.5549999999976,borda
435,Q0,FT931-14789,932,2089.0962499999973,borda
435,Q0,FBIS4-1860,933,2085.11,borda
435,Q0,LA021689-0175,934,2081.678749999997,borda
435,Q0,FT934-9945,935,2073.968749999998,borda
435,Q0,FT942-13941,936,2073.934999999997,borda
435,Q0,FBIS3-22294,937,2071.969999999997,borda
435,Q0,FBIS4-46737,938,2070.6362499999996,borda
435,Q0,FT931-3186,939,2069.724999999997,borda
435,Q0,FT941-3717,940,2064.6812499999983,borda
435,Q0,FR940505-1-00067,941,2061.1899999999987,borda
435,Q0,FBIS4-10991,942,2056.212499999997,borda
435,Q0,LA100589-0015,943,2049.667499999998,borda
435,Q0,FT941-12608,944,2047.7912499999966,borda
435,Q0,FT924-11400,945,2047.7862499999985,borda
435,Q0,FBIS3-22688,946,2047.041249999999,borda
435,Q0,FT921-16375,947,2043.6312499999972,borda
435,Q0,FT922-10317,948,2041.3862499999975,borda
435,Q0,FT922-6032,949,2041.363749999998,borda
435,Q0,FBIS4-67455,950,2034.0812499999981,borda
435,Q0,FBIS3-24361,951,2028.2262499999983,borda
435,Q0,FBIS3-5105,952,2026.0137499999973,borda
435,Q0,LA041690-0029,953,2025.0849999999975,borda
435,Q0,FT941-7881,954,2022.9799999999973,borda
435,Q0,FT942-15971,955,2017.4474999999982,borda
435,Q0,FT944-6736,956,2016.7849999999976,borda
435,Q0,FBIS3-23561,957,2014.9574999999984,borda
435,Q0,FT924-8599,958,2014.6849999999974,borda
435,Q0,LA122489-0017,959,2013.4787499999989,borda
435,Q0,FBIS3-43160,960,2013.4462499999984,borda
435,Q0,FBIS4-40426,961,2012.5862499999985,borda
435,Q0,FBIS3-43214,962,2010.7862499999983,borda
435,Q0,FT933-3194,963,2006.754999999998,borda
435,Q0,FT932-13788,964,2005.3499999999979,borda
435,Q0,FT933-4918,965,2004.6762499999977,borda
435,Q0,FT924-16109,966,2004.1912499999974,borda
435,Q0,LA030989-0084,967,2004.154999999998,borda
435,Q0,FT933-6070,968,2000.7337499999978,borda
435,Q0,FT931-9114,969,1992.8762499999982,borda
435,Q0,FBIS3-2941,970,1989.8437499999975,borda
435,Q0,FBIS3-43873,971,1989.8349999999975,borda
435,Q0,FT943-4154,972,1985.6474999999987,borda
435,Q0,FT911-2018,973,1982.438749999998,borda
435,Q0,LA090390-0054,974,1981.646249999997,borda
435,Q0,FBIS4-68893,975,1981.2349999999985,borda
435,Q0,FT933-15607,976,1980.2187499999975,borda
435,Q0,FBIS3-26581,977,1980.0837499999982,borda
435,Q0,FT932-4862,978,1977.6037499999989,borda
435,Q0,FBIS3-46246,979,1975.9774999999975,borda
435,Q0,FBIS4-66091,980,1975.4349999999972,borda
435,Q0,LA020690-0095,981,1975.3712499999979,borda
435,Q0,FT924-3445,982,1975.167499999998,borda
435,Q0,FT931-10966,983,1974.317499999997,borda
435,Q0,FBIS3-24679,984,1972.9999999999982,borda
435,Q0,FT942-1959,985,1963.9299999999976,borda
435,Q0,FBIS4-29670,986,1959.4874999999981,borda
435,Q0,FBIS4-31355,987,1959.2337499999985,borda
435,Q0,FR940414-2-00168,988,1957.1974999999982,borda
435,Q0,FBIS3-22452,989,1949.877499999998,borda
435,Q0,FBIS3-59264,990,1948.3687499999985,borda
435,Q0,FBIS3-29,991,1946.7399999999984,borda
435,Q0,FT922-6886,992,1946.249999999998,borda
435,Q0,FBIS4-16200,993,1946.0287499999988,borda
435,Q0,FT933-1184,994,1940.966249999998,borda
435,Q0,FBIS4-55019,995,1937.7137499999978,borda
435,Q0,FT944-1162,996,1937.699999999998,borda
435,Q0,FT931-9196,997,1921.4812499999978,borda
435,Q0,LA012089-0023,998,1917.7937499999982,borda
435,Q0,FBIS3-46634,999,1913.048749999998,borda
435,Q0,FT942-16646,1000,1911.2424999999969,borda
442,Q0,LA071090-0093,1,11596.59124999999,borda
442,Q0,FR940112-0-00028,2,11189.132499999989,borda
442,Q0,FR940112-0-00031,3,11119.85249999999,borda
442,Q0,FR940112-0-00029,4,11119.379999999986,borda
442,Q0,FR940112-0-00025,5,11117.271249999987,borda
442,Q0,FR940112-0-00027,6,11114.091249999992,borda
442,Q0,FR940112-0-00030,7,10807.98749999999,borda
442,Q0,FR940831-0-00039,8,10420.05374999999,borda
442,Q0,FR940112-0-00026,9,10374.897499999986,borda
442,Q0,FR940112-0-00033,10,10340.97749999999,borda
442,Q0,FR940112-0-00038,11,10066.236249999987,borda
442,Q0,FR940831-0-00046,12,9949.064999999991,borda
442,Q0,FR940720-1-00012,13,9881.20999999999,borda
442,Q0,FR940106-0-00129,14,9880.03624999999,borda
442,Q0,FBIS4-50680,15,9743.014999999992,borda
442,Q0,FR940720-1-00010,16,9685.644999999991,borda
442,Q0,FBIS4-68752,17,9535.14249999999,borda
442,Q0,FBIS4-68297,18,9527.119999999992,borda
442,Q0,FR940106-0-00171,19,9494.19749999999,borda
442,Q0,FR941117-0-00034,20,9477.99624999999,borda
442,Q0,FR940106-0-00170,21,9463.51624999999,borda
442,Q0,FR940817-0-00008,22,9457.116249999988,borda
442,Q0,FR941117-1-00026,23,9438.649999999989,borda
442,Q0,FR940525-0-00030,24,9414.38249999999,borda
442,Q0,FR940202-0-00092,25,9398.436249999992,borda
442,Q0,FR941117-1-00012,26,9377.766249999991,borda
442,Q0,FBIS3-1987,27,9290.289999999988,borda
442,Q0,FR940112-0-00037,28,9224.14999999999,borda
442,Q0,FR940831-0-00045,29,9146.152499999993,borda
442,Q0,FR940812-0-00041,30,9117.26749999999,borda
442,Q0,FR940831-0-00040,31,9065.12499999999,borda
442,Q0,FR941107-0-00034,32,9031.19124999999,borda
442,Q0,FR940110-0-00034,33,8976.38624999999,borda
442,Q0,LA121090-0007,34,8959.78124999999,borda
442,Q0,FR940622-0-00067,35,8895.919999999993,borda
442,Q0,FR940728-1-00021,36,8868.49999999999,borda
442,Q0,FR940317-0-00037,37,8866.66374999999,borda
442,Q0,FR941021-0-00072,38,8864.08624999999,borda
442,Q0,FR940512-1-00063,39,8857.502499999991,borda
442,Q0,FR940208-0-00003,40,8751.34749999999,borda
442,Q0,FBIS3-59360,41,8742.06999999999,borda
442,Q0,FBIS4-49089,42,8710.59999999999,borda
442,Q0,FR940202-0-00093,43,8670.184999999992,borda
442,Q0,FR940812-0-00040,44,8626.467499999992,borda
442,Q0,FBIS3-26827,45,8617.96999999999,borda
442,Q0,FR940217-2-00101,46,8587.068749999991,borda
442,Q0,FR940112-0-00076,47,8528.398749999993,borda
442,Q0,FR940831-0-00044,48,8487.209999999992,borda
442,Q0,FR940428-0-00034,49,8389.43749999999,borda
442,Q0,LA021489-0121,50,8320.48124999999,borda
442,Q0,FBIS3-3924,51,8309.876249999992,borda
442,Q0,FR940325-2-00214,52,8298.30249999999,borda
442,Q0,FR940719-0-00061,53,8292.003749999994,borda
442,Q0,FR940627-0-00057,54,8242.081249999992,borda
442,Q0,FBIS3-45174,55,8184.413749999989,borda
442,Q0,FBIS3-52747,56,8183.714999999993,borda
442,Q0,FBIS3-1928,57,8047.632499999993,borda
442,Q0,FR940919-2-00012,58,8035.047499999991,borda
442,Q0,FR940207-1-00030,59,8000.477499999992,borda
442,Q0,LA070689-0086,60,7999.04124999999,borda
442,Q0,FR940720-1-00009,61,7967.513749999994,borda
442,Q0,FR940512-1-00038,62,7946.0212499999925,borda
442,Q0,FR940831-0-00041,63,7937.059999999992,borda
442,Q0,FR941019-0-00006,64,7859.134999999991,borda
442,Q0,FR941007-0-00063,65,7853.257499999992,borda
442,Q0,FR941007-1-00104,66,7844.592499999993,borda
442,Q0,FR941107-2-00067,67,7809.82249999999,borda
442,Q0,FR940607-2-00115,68,7786.283749999993,borda
442,Q0,FR941207-0-00126,69,7756.509999999992,borda
442,Q0,FR940214-2-00097,70,7713.817499999991,borda
442,Q0,FR940512-1-00050,71,7706.072499999993,borda
442,Q0,FBIS3-27408,72,7652.781249999991,borda
442,Q0,FR941007-1-00154,73,7644.021249999991,borda
442,Q0,FR940707-2-00082,74,7641.466249999993,borda
442,Q0,FR940304-1-00187,75,7627.573749999994,borda
442,Q0,FR940622-0-00037,76,7621.742499999995,borda
442,Q0,FR941103-2-00154,77,7569.529999999992,borda
442,Q0,FR940902-1-00022,78,7561.851249999991,borda
442,Q0,FR940819-1-00026,79,7561.202499999992,borda
442,Q0,FR940812-0-00036,80,7531.076249999992,borda
442,Q0,FR940803-0-00023,81,7475.45249999999,borda
442,Q0,FR940620-1-00015,82,7455.058749999995,borda
442,Q0,FR940323-0-00062,83,7395.427499999994,borda
442,Q0,FR940830-1-00011,84,7395.244999999993,borda
442,Q0,FR940527-2-00152,85,7349.496249999992,borda
442,Q0,FR941227-2-00146,86,7338.846249999993,borda
442,Q0,FR940512-1-00003,87,7336.478749999993,borda
442,Q0,FR940127-2-00138,88,7327.051249999992,borda
442,Q0,FR940831-0-00043,89,7306.742499999994,borda
442,Q0,FR941007-1-00130,90,7285.767499999994,borda
442,Q0,FBIS4-2254,91,7273.697499999995,borda
442,Q0,FR941026-1-00013,92,7247.143749999994,borda
442,Q0,FR940217-1-00090,93,7246.294999999993,borda
442,Q0,FR941125-2-00119,94,7238.837499999991,borda
442,Q0,FR940314-2-00110,95,7232.359999999993,borda
442,Q0,FR940323-1-00052,96,7230.52124999999,borda
442,Q0,FR940406-0-00010,97,7228.081249999992,borda
442,Q0,LA101390-0111,98,7217.317499999992,borda
442,Q0,FR940216-2-00014,99,7187.261249999993,borda
442,Q0,FR940106-0-00167,100,7123.362499999992,borda
442,Q0,FR940721-2-00053,101,7115.696249999994,borda
442,Q0,FR941103-2-00152,102,7105.928749999994,borda
442,Q0,FR941117-1-00011,103,7067.102499999994,borda
442,Q0,FR941207-0-00127,104,7045.341249999995,borda
442,Q0,FR941031-2-00085,105,7032.636249999996,borda
442,Q0,FR941020-2-00085,106,7003.758749999994,borda
442,Q0,FBIS3-12851,107,6997.577499999992,borda
442,Q0,FBIS4-50021,108,6954.0749999999925,borda
442,Q0,FR940112-0-00042,109,6922.942499999992,borda
442,Q0,FR940323-1-00020,110,6903.949999999993,borda
442,Q0,FR940106-2-00070,111,6876.399999999992,borda
442,Q0,FBIS4-37568,112,6840.004999999993,borda
442,Q0,FR940323-1-00022,113,6828.7274999999945,borda
442,Q0,FR940711-1-00045,114,6805.1512499999935,borda
442,Q0,FBIS4-53021,115,6784.258749999993,borda
442,Q0,FR940622-0-00042,116,6783.699999999995,borda
442,Q0,FBIS3-54460,117,6778.531249999994,borda
442,Q0,FBIS3-17422,118,6751.899999999994,borda
442,Q0,FR940106-0-00155,119,6744.037499999993,borda
442,Q0,FR940817-2-00004,120,6729.783749999992,borda
442,Q0,FR940906-2-00147,121,6693.438749999995,borda
442,Q0,FR940524-2-00095,122,6648.047499999993,borda
442,Q0,FR940725-0-00102,123,6627.068749999995,borda
442,Q0,FT924-9014,124,6624.031249999991,borda
442,Q0,FR941107-2-00172,125,6619.279999999994,borda
442,Q0,FR941017-1-00042,126,6601.926249999994,borda
442,Q0,FBIS3-24053,127,6599.537499999994,borda
442,Q0,FR940622-0-00072,128,6593.417499999996,borda
442,Q0,FR940817-2-00140,129,6588.783749999995,borda
442,Q0,FT942-8107,130,6588.237499999994,borda
442,Q0,FR941117-0-00036,131,6588.028749999992,borda
442,Q0,FR940512-1-00044,132,6568.332499999993,borda
442,Q0,FR941017-1-00043,133,6541.043749999993,borda
442,Q0,FR940525-2-00087,134,6534.311249999995,borda
442,Q0,FR940831-0-00042,135,6529.429999999995,borda
442,Q0,FBIS3-50432,136,6526.817499999993,borda
442,Q0,FR940203-1-00008,137,6524.672499999993,borda
442,Q0,FR940622-0-00065,138,6500.824999999994,borda
442,Q0,FR940622-0-00026,139,6486.767499999995,borda
442,Q0,FBIS4-12407,140,6474.788749999995,borda
442,Q0,FT934-6389,141,6468.772499999994,borda
442,Q0,FR940622-0-00023,142,6462.044999999995,borda
442,Q0,FBIS4-61615,143,6385.197499999994,borda
442,Q0,LA020290-0044,144,6378.601249999993,borda
442,Q0,FR940930-0-00095,145,6375.843749999994,borda
442,Q0,FR940622-0-00068,146,6369.356249999994,borda
442,Q0,FR941026-2-00044,147,6364.186249999995,borda
442,Q0,FR941027-1-00012,148,6360.632499999993,borda
442,Q0,FR940919-0-00014,149,6359.428749999994,borda
442,Q0,FR940217-1-00028,150,6356.192499999995,borda
442,Q0,FBIS4-59518,151,6353.577499999993,borda
442,Q0,FR940830-1-00100,152,6342.701249999994,borda
442,Q0,FT921-11214,153,6339.604999999992,borda
442,Q0,FR941017-1-00039,154,6333.488749999995,borda
442,Q0,FBIS3-3912,155,6316.479999999994,borda
442,Q0,FR940719-2-00139,156,6298.487499999993,borda
442,Q0,FR940812-0-00038,157,6267.007499999996,borda
442,Q0,FR941007-1-00056,158,6266.213749999993,borda
442,Q0,FR940127-1-00091,159,6252.066249999993,borda
442,Q0,FT931-2368,160,6221.164999999993,borda
442,Q0,FR940512-1-00049,161,6210.828749999995,borda
442,Q0,LA041089-0012,162,6199.089999999993,borda
442,Q0,LA030390-0016,163,6187.754999999993,borda
442,Q0,FT924-364,164,6176.792499999994,borda
442,Q0,FR940622-0-00024,165,6154.749999999996,borda
442,Q0,FT922-5954,166,6116.581249999993,borda
442,Q0,FR940620-1-00031,167,6057.552499999993,borda
442,Q0,FR940620-1-00021,168,6054.402499999996,borda
442,Q0,FBIS4-26760,169,6036.684999999995,borda
442,Q0,FR940217-1-00012,170,6010.496249999993,borda
442,Q0,FR940323-1-00069,171,6005.598749999995,borda
442,Q0,FR940503-2-00155,172,5986.499999999995,borda
442,Q0,FR940816-2-00090,173,5967.139999999993,borda
442,Q0,FR940812-0-00039,174,5965.269999999996,borda
442,Q0,FR940429-0-00237,175,5964.863749999995,borda
442,Q0,FR940902-0-00077,176,5958.851249999993,borda
442,Q0,FR940223-0-00052,177,5956.336249999993,borda
442,Q0,FR940317-0-00038,178,5947.323749999993,borda
442,Q0,FR940317-2-00085,179,5944.688749999994,borda
442,Q0,FBIS4-46864,180,5923.646249999994,borda
442,Q0,FR940527-2-00086,181,5918.392499999993,borda
442,Q0,FR940527-2-00110,182,5913.032499999992,borda
442,Q0,FR940817-2-00165,183,5903.6199999999935,borda
442,Q0,FR940426-2-00071,184,5859.648749999995,borda
442,Q0,FR940224-0-00035,185,5825.872499999994,borda
442,Q0,FR940127-1-00077,186,5814.726249999994,borda
442,Q0,FR940325-2-00109,187,5813.091249999993,borda
442,Q0,FR940127-2-00134,188,5791.959999999996,borda
442,Q0,FR940812-0-00037,189,5761.859999999997,borda
442,Q0,FT933-14274,190,5759.477499999994,borda
442,Q0,FR940610-2-00206,191,5757.2549999999965,borda
442,Q0,LA061790-0118,192,5755.701249999994,borda
442,Q0,FR940830-1-00040,193,5752.276249999995,borda
442,Q0,LA071089-0025,194,5736.066249999994,borda
442,Q0,FT922-1138,195,5730.729999999992,borda
442,Q0,LA121489-0058,196,5725.246249999995,borda
442,Q0,FR940817-1-00005,197,5718.807499999992,borda
442,Q0,FBIS3-45043,198,5716.493749999993,borda
442,Q0,FT934-5048,199,5713.461249999994,borda
442,Q0,FBIS4-15002,200,5705.154999999995,borda
442,Q0,FR941128-2-00137,201,5692.831249999993,borda
442,Q0,FR940112-0-00032,202,5685.579999999995,borda
442,Q0,FR940118-0-00053,203,5684.323749999994,borda
442,Q0,FR941102-1-00032,204,5667.2412499999955,borda
442,Q0,LA043089-0007,205,5649.649999999993,borda
442,Q0,LA021389-0077,206,5625.371249999994,borda
442,Q0,FR941007-2-00138,207,5609.823749999995,borda
442,Q0,FR940105-0-00046,208,5594.243749999996,borda
442,Q0,FBIS3-37947,209,5584.587499999995,borda
442,Q0,FR940228-1-00114,210,5584.508749999994,borda
442,Q0,FR940902-1-00048,211,5558.938749999995,borda
442,Q0,FT924-2848,212,5501.363749999995,borda
442,Q0,FR941117-0-00037,213,5477.672499999995,borda
442,Q0,FR940106-0-00153,214,5475.624999999996,borda
442,Q0,FR941017-1-00038,215,5469.568749999996,borda
442,Q0,FR940822-0-00017,216,5467.787499999996,borda
442,Q0,FR940804-1-00034,217,5465.4512499999955,borda
442,Q0,LA123089-0087,218,5459.161249999995,borda
442,Q0,FR941207-0-00030,219,5425.154999999994,borda
442,Q0,FR940426-2-00072,220,5416.596249999994,borda
442,Q0,FT932-9569,221,5413.448749999993,borda
442,Q0,FR940822-0-00053,222,5407.371249999995,borda
442,Q0,FR940711-1-00046,223,5402.251249999995,borda
442,Q0,FBIS3-59341,224,5395.958749999994,borda
442,Q0,FT942-10088,225,5366.833749999995,borda
442,Q0,FR941117-1-00009,226,5361.952499999995,borda
442,Q0,FR940128-0-00024,227,5359.991249999997,borda
442,Q0,FBIS3-4209,228,5355.721249999995,borda
442,Q0,FR940919-2-00135,229,5352.7987499999945,borda
442,Q0,FR940812-1-00015,230,5351.462499999995,borda
442,Q0,FR941117-1-00016,231,5343.821249999996,borda
442,Q0,FR941219-0-00062,232,5341.493749999994,borda
442,Q0,FR940826-1-00033,233,5338.509999999995,borda
442,Q0,FR940524-2-00096,234,5334.304999999995,borda
442,Q0,FR940725-1-00013,235,5318.104999999995,borda
442,Q0,FBIS4-30972,236,5317.377499999996,borda
442,Q0,FR940620-1-00018,237,5290.6962499999945,borda
442,Q0,FR940720-2-00153,238,5278.897499999995,borda
442,Q0,FR941227-2-00147,239,5277.208749999994,borda
442,Q0,FT942-16503,240,5255.099999999995,borda
442,Q0,LA111390-0013,241,5251.897499999994,borda
442,Q0,FBIS4-32828,242,5243.113749999993,borda
442,Q0,FR941117-0-00035,243,5228.368749999993,borda
442,Q0,FT941-16080,244,5227.892499999996,borda
442,Q0,FBIS4-6790,245,5209.926249999995,borda
442,Q0,FR940822-2-00074,246,5207.119999999994,borda
442,Q0,FR940110-1-00042,247,5207.053749999994,borda
442,Q0,FR940720-1-00013,248,5191.408749999997,borda
442,Q0,FR940202-0-00095,249,5183.346249999995,borda
442,Q0,FBIS4-36655,250,5175.248749999994,borda
442,Q0,FR940208-0-00005,251,5162.949999999994,borda
442,Q0,FR941017-2-00113,252,5162.059999999996,borda
442,Q0,FT911-4214,253,5160.977499999995,borda
442,Q0,FR940616-0-00100,254,5150.478749999996,borda
442,Q0,FR940526-0-00053,255,5135.401249999994,borda
442,Q0,FR940524-1-00020,256,5127.662499999995,borda
442,Q0,FBIS3-33406,257,5125.492499999995,borda
442,Q0,FR940428-0-00016,258,5115.058749999994,borda
442,Q0,FT924-5534,259,5114.719999999994,borda
442,Q0,FR941026-1-00030,260,5086.2137499999935,borda
442,Q0,FBIS4-36664,261,5078.403749999993,borda
442,Q0,FR940126-1-00002,262,5072.282499999994,borda
442,Q0,FR940817-2-00091,263,5036.129999999995,borda
442,Q0,FR940927-2-00065,264,5027.647499999994,borda
442,Q0,FBIS3-2516,265,5025.856249999995,borda
442,Q0,LA101290-0050,266,4989.069999999996,borda
442,Q0,FT932-5320,267,4972.267499999995,borda
442,Q0,FBIS3-40682,268,4970.462499999995,borda
442,Q0,FT934-4215,269,4953.631249999994,borda
442,Q0,FR941031-2-00086,270,4951.443749999996,borda
442,Q0,FR941128-2-00129,271,4946.059999999993,borda
442,Q0,FR940128-0-00020,272,4908.931249999995,borda
442,Q0,FR940711-0-00002,273,4903.709999999995,borda
442,Q0,FR941206-0-00100,274,4901.391249999994,borda
442,Q0,FT941-9232,275,4898.229999999993,borda
442,Q0,FR940317-2-00083,276,4893.694999999995,borda
442,Q0,FT933-13069,277,4876.354999999994,borda
442,Q0,FR940616-0-00099,278,4873.171249999996,borda
442,Q0,FBIS4-25730,279,4872.9199999999955,borda
442,Q0,FR941205-2-00039,280,4870.646249999997,borda
442,Q0,FR940622-0-00041,281,4860.687499999995,borda
442,Q0,FBIS4-23954,282,4853.661249999994,borda
442,Q0,FR940822-2-00076,283,4849.068749999995,borda
442,Q0,FT932-16608,284,4848.854999999996,borda
442,Q0,FR940812-0-00042,285,4842.1524999999965,borda
442,Q0,FR940902-0-00090,286,4833.131249999997,borda
442,Q0,FR940106-2-00063,287,4821.093749999994,borda
442,Q0,FR940725-0-00021,288,4797.511249999995,borda
442,Q0,FT942-4687,289,4795.586249999995,borda
442,Q0,LA041889-0127,290,4779.301249999996,borda
442,Q0,FR941221-0-00005,291,4776.681249999994,borda
442,Q0,FR940927-2-00066,292,4759.229999999995,borda
442,Q0,FR941012-2-00095,293,4752.024999999994,borda
442,Q0,LA111490-0053,294,4751.317499999996,borda
442,Q0,FR940725-0-00095,295,4751.274999999996,borda
442,Q0,FR941216-2-00159,296,4745.748749999995,borda
442,Q0,FR941116-0-00133,297,4735.239999999994,borda
442,Q0,FBIS4-13202,298,4722.462499999994,borda
442,Q0,FT921-6855,299,4719.961249999995,borda
442,Q0,FR940217-1-00011,300,4718.231249999995,borda
442,Q0,FR940112-0-00040,301,4718.074999999996,borda
442,Q0,FT934-12144,302,4687.888749999995,borda
442,Q0,LA040289-0066,303,4687.167499999994,borda
442,Q0,FBIS3-13113,304,4684.991249999995,borda
442,Q0,FBIS4-2517,305,4675.877499999994,borda
442,Q0,FR940922-1-00042,306,4667.1699999999955,borda
442,Q0,FT944-5716,307,4662.356249999994,borda
442,Q0,FT931-3052,308,4660.462499999996,borda
442,Q0,FR940106-0-00128,309,4639.3574999999955,borda
442,Q0,FR940620-1-00022,310,4624.344999999997,borda
442,Q0,FT923-11430,311,4590.694999999995,borda
442,Q0,FT932-2026,312,4588.742499999995,borda
442,Q0,FR941206-2-00062,313,4583.281249999995,borda
442,Q0,FR941205-2-00035,314,4581.697499999997,borda
442,Q0,FBIS4-48542,315,4576.854999999995,borda
442,Q0,FBIS3-1952,316,4569.873749999995,borda
442,Q0,FR940930-2-00181,317,4561.551249999995,borda
442,Q0,FR940128-0-00026,318,4551.474999999995,borda
442,Q0,FBIS4-60045,319,4546.323749999995,borda
442,Q0,FR940621-2-00089,320,4516.474999999996,borda
442,Q0,FBIS3-5606,321,4508.244999999996,borda
442,Q0,FR941117-0-00030,322,4506.3937499999965,borda
442,Q0,FR940831-0-00047,323,4469.224999999996,borda
442,Q0,FBIS4-22232,324,4463.853749999996,borda
442,Q0,FR940721-2-00061,325,4461.273749999997,borda
442,Q0,FR940916-1-00124,326,4459.207499999994,borda
442,Q0,FR940725-0-00105,327,4441.689999999996,borda
442,Q0,FBIS3-52276,328,4431.8349999999955,borda
442,Q0,FT933-13106,329,4430.497499999995,borda
442,Q0,FBIS4-63859,330,4419.129999999996,borda
442,Q0,FR941006-1-00128,331,4399.6874999999945,borda
442,Q0,FR940323-0-00064,332,4388.884999999995,borda
442,Q0,LA051489-0043,333,4374.682499999994,borda
442,Q0,LA100689-0071,334,4368.626249999995,borda
442,Q0,FT943-14122,335,4365.519999999995,borda
442,Q0,FBIS3-22987,336,4364.1437499999965,borda
442,Q0,FT922-888,337,4363.592499999995,borda
442,Q0,FR940525-0-00033,338,4362.818749999995,borda
442,Q0,FR940110-0-00042,339,4355.944999999996,borda
442,Q0,FR941205-2-00037,340,4340.0362499999965,borda
442,Q0,FR940622-0-00063,341,4329.568749999996,borda
442,Q0,FBIS3-53582,342,4327.937499999995,borda
442,Q0,FR940406-0-00047,343,4308.992499999996,borda
442,Q0,FR940906-2-00007,344,4285.668749999995,borda
442,Q0,FBIS3-54336,345,4268.787499999998,borda
442,Q0,LA022590-0027,346,4267.706249999996,borda
442,Q0,FBIS4-66308,347,4262.202499999997,borda
442,Q0,LA042389-0096,348,4246.314999999996,borda
442,Q0,FBIS3-60950,349,4244.2287499999975,borda
442,Q0,FR941205-2-00036,350,4242.501249999997,borda
442,Q0,LA031889-0096,351,4237.462499999996,borda
442,Q0,FR940810-1-00037,352,4231.077499999996,borda
442,Q0,FR941003-0-00064,353,4229.901249999996,borda
442,Q0,FBIS3-32664,354,4229.743749999996,borda
442,Q0,FR940112-0-00036,355,4225.461249999997,borda
442,Q0,FR940106-0-00020,356,4223.587499999997,borda
442,Q0,FR940412-1-00004,357,4216.966249999996,borda
442,Q0,FBIS4-31639,358,4210.779999999995,borda
442,Q0,FT933-15612,359,4203.006249999995,borda
442,Q0,FBIS4-37650,360,4201.357499999996,borda
442,Q0,FBIS4-67380,361,4194.577499999996,borda
442,Q0,FBIS4-2359,362,4185.406249999997,borda
442,Q0,LA092689-0077,363,4183.913749999995,borda
442,Q0,FT942-981,364,4174.738749999996,borda
442,Q0,FR940830-1-00041,365,4173.577499999995,borda
442,Q0,FR940927-2-00064,366,4172.511249999996,borda
442,Q0,FR940426-1-00144,367,4169.842499999996,borda
442,Q0,FR940317-0-00036,368,4169.032499999996,borda
442,Q0,FR940112-0-00034,369,4160.704999999996,borda
442,Q0,FBIS3-54461,370,4138.316249999997,borda
442,Q0,FR940503-0-00018,371,4137.538749999995,borda
442,Q0,FR940426-2-00070,372,4136.071249999996,borda
442,Q0,FBIS4-2128,373,4132.114999999996,borda
442,Q0,FR941011-0-00030,374,4131.256249999997,borda
442,Q0,FR940822-2-00075,375,4130.122499999996,borda
442,Q0,FR940426-1-00143,376,4124.633749999996,borda
442,Q0,FR940314-2-00102,377,4117.027499999996,borda
442,Q0,FBIS4-12755,378,4113.286249999997,borda
442,Q0,FR941028-2-00071,379,4109.221249999994,borda
442,Q0,FR940314-1-00040,380,4101.809999999997,borda
442,Q0,FR940106-0-00151,381,4096.426249999997,borda
442,Q0,FBIS4-10177,382,4087.6349999999957,borda
442,Q0,FR940324-2-00020,383,4084.797499999995,borda
442,Q0,FR940525-2-00215,384,4082.6624999999963,borda
442,Q0,FBIS4-49601,385,4078.198749999995,borda
442,Q0,FT922-6046,386,4077.601249999996,borda
442,Q0,FBIS4-21970,387,4075.7287499999975,borda
442,Q0,FT933-4150,388,4072.8424999999957,borda
442,Q0,FR940711-0-00006,389,4068.284999999995,borda
442,Q0,FR940622-0-00043,390,4065.959999999997,borda
442,Q0,FR941206-1-00083,391,4058.527499999996,borda
442,Q0,FT923-8922,392,4046.2949999999964,borda
442,Q0,FR940426-1-00147,393,4045.572499999998,borda
442,Q0,FT931-16379,394,4042.734999999997,borda
442,Q0,FR941230-0-00009,395,4041.639999999995,borda
442,Q0,FR940630-2-00140,396,4024.0062499999954,borda
442,Q0,FT934-6259,397,4014.5924999999957,borda
442,Q0,FR940720-1-00014,398,3998.399999999996,borda
442,Q0,FR940317-2-00084,399,3995.866249999996,borda
442,Q0,FR940919-2-00074,400,3993.416249999998,borda
442,Q0,LA041889-0058,401,3983.819999999995,borda
442,Q0,FT934-5064,402,3983.3699999999953,borda
442,Q0,FR941021-0-00203,403,3971.8612499999954,borda
442,Q0,FR941122-2-00067,404,3962.7824999999975,borda
442,Q0,LA100189-0053,405,3957.8212499999954,borda
442,Q0,FR940819-1-00028,406,3953.2824999999966,borda
442,Q0,FT943-2774,407,3947.8637499999954,borda
442,Q0,FBIS4-22293,408,3947.242499999996,borda
442,Q0,FBIS3-54471,409,3941.9399999999964,borda
442,Q0,FT943-8902,410,3915.518749999996,borda
442,Q0,FBIS3-20549,411,3914.1737499999945,borda
442,Q0,FBIS4-57110,412,3913.6499999999974,borda
442,Q0,FR940217-1-00033,413,3889.401249999996,borda
442,Q0,FR940722-2-00105,414,3889.341249999996,borda
442,Q0,FBIS3-2737,415,3886.4049999999957,borda
442,Q0,LA020190-0126,416,3884.422499999996,borda
442,Q0,FBIS4-31787,417,3880.791249999997,borda
442,Q0,FBIS3-3177,418,3875.4749999999967,borda
442,Q0,FT921-2350,419,3869.339999999997,borda
442,Q0,FR940831-0-00049,420,3860.791249999996,borda
442,Q0,FR940927-2-00057,421,3858.357499999995,borda
442,Q0,FR940317-1-00201,422,3857.2237499999956,borda
442,Q0,FBIS3-45528,423,3845.302499999996,borda
442,Q0,FR941019-0-00022,424,3826.389999999996,borda
442,Q0,FR940414-2-00115,425,3820.6499999999955,borda
442,Q0,FBIS3-27579,426,3815.3687499999965,borda
442,Q0,FT923-2116,427,3811.586249999996,borda
442,Q0,FR940620-1-00028,428,3810.9249999999965,borda
442,Q0,FR940406-0-00185,429,3806.096249999994,borda
442,Q0,FR940304-0-00052,430,3801.711249999996,borda
442,Q0,FT944-6942,431,3798.1287499999953,borda
442,Q0,FR940725-0-00092,432,3783.891249999996,borda
442,Q0,FR940504-2-00050,433,3774.049999999995,borda
442,Q0,FR940214-2-00095,434,3773.323749999996,borda
442,Q0,FBIS3-21356,435,3772.0137499999973,borda
442,Q0,LA070390-0145,436,3770.1187499999955,borda
442,Q0,FR940217-2-00107,437,3761.3174999999956,borda
442,Q0,FR941130-0-00122,438,3734.2962499999985,borda
442,Q0,FBIS4-25355,439,3726.5412499999975,borda
442,Q0,FR941017-1-00040,440,3721.381249999997,borda
442,Q0,FBIS4-10896,441,3720.0362499999974,borda
442,Q0,FR940928-2-00140,442,3705.0587499999956,borda
442,Q0,FT932-5051,443,3702.0862499999957,borda
442,Q0,FR941017-2-00112,444,3681.822499999996,borda
442,Q0,FR940511-2-00132,445,3665.241249999997,borda
442,Q0,FR940627-0-00072,446,3653.1362499999964,borda
442,Q0,FR940223-0-00028,447,3644.853749999997,borda
442,Q0,FR941117-0-00014,448,3640.6499999999983,borda
442,Q0,FR940810-1-00022,449,3629.721249999998,borda
442,Q0,FBIS3-26649,450,3628.1099999999965,borda
442,Q0,FR940106-0-00162,451,3626.033749999998,borda
442,Q0,FT944-16497,452,3624.1037499999966,borda
442,Q0,FT941-9608,453,3623.8474999999967,borda
442,Q0,FR940318-0-00026,454,3623.226249999996,borda
442,Q0,FR940706-2-00046,455,3614.1974999999957,borda
442,Q0,FBIS3-26003,456,3613.866249999997,borda
442,Q0,FR940106-0-00149,457,3612.631249999997,borda
442,Q0,FT922-11047,458,3607.431249999996,borda
442,Q0,FR941205-0-00116,459,3602.263749999996,borda
442,Q0,FR940826-1-00032,460,3584.434999999997,borda
442,Q0,FBIS3-21905,461,3582.5762499999955,borda
442,Q0,FR940816-1-00095,462,3579.1037499999966,borda
442,Q0,LA032990-0132,463,3576.2649999999962,borda
442,Q0,FR940323-1-00009,464,3574.639999999997,borda
442,Q0,FT932-14130,465,3568.704999999996,borda
442,Q0,FBIS3-20483,466,3564.0662499999967,borda
442,Q0,FBIS4-49021,467,3559.3062499999983,borda
442,Q0,FT911-4753,468,3540.148749999996,borda
442,Q0,FR940208-2-00112,469,3530.966249999997,borda
442,Q0,FBIS4-45062,470,3524.8987499999967,borda
442,Q0,FR941021-0-00043,471,3519.8012499999977,borda
442,Q0,FBIS3-11212,472,3516.9549999999954,borda
442,Q0,FBIS4-13061,473,3513.8774999999964,borda
442,Q0,LA030589-0234,474,3513.216249999997,borda
442,Q0,FR941103-2-00016,475,3478.1674999999955,borda
442,Q0,FR940214-2-00103,476,3475.3562499999957,borda
442,Q0,FR940323-1-00021,477,3463.847499999997,borda
442,Q0,FR941021-1-00057,478,3457.2912499999957,borda
442,Q0,FBIS4-27085,479,3456.7949999999973,borda
442,Q0,FBIS3-46266,480,3455.446249999995,borda
442,Q0,FBIS3-34322,481,3450.296249999996,borda
442,Q0,FR940414-2-00109,482,3442.2899999999963,borda
442,Q0,FBIS4-3203,483,3440.6074999999983,borda
442,Q0,FR940429-2-00079,484,3434.709999999998,borda
442,Q0,FR941128-2-00100,485,3434.387499999997,borda
442,Q0,FR940830-1-00045,486,3433.831249999998,borda
442,Q0,FR940721-2-00054,487,3433.8012499999986,borda
442,Q0,FT943-14999,488,3433.792499999998,borda
442,Q0,FBIS4-59048,489,3422.898749999999,borda
442,Q0,FBIS4-50753,490,3419.1799999999976,borda
442,Q0,FBIS4-10302,491,3418.722499999998,borda
442,Q0,FR940217-2-00114,492,3416.896249999996,borda
442,Q0,FR941117-1-00029,493,3415.093749999998,borda
442,Q0,FR940816-2-00114,494,3413.7362499999963,borda
442,Q0,FR940817-1-00048,495,3412.6912499999958,borda
442,Q0,FBIS3-50564,496,3412.349999999998,borda
442,Q0,FT933-3840,497,3411.8849999999957,borda
442,Q0,FR941128-1-00014,498,3407.007499999996,borda
442,Q0,FR940816-0-00003,499,3406.1787499999964,borda
442,Q0,FR940816-2-00112,500,3405.436249999996,borda
442,Q0,FR941117-0-00005,501,3392.132499999995,borda
442,Q0,FR940217-2-00113,502,3391.1437499999956,borda
442,Q0,FT931-2296,503,3390.6549999999966,borda
442,Q0,FBIS4-3370,504,3387.4187499999957,borda
442,Q0,FR941205-2-00094,505,3378.8262499999964,borda
442,Q0,FT932-3677,506,3375.883749999997,borda
442,Q0,FR941026-1-00012,507,3374.2787499999977,borda
442,Q0,FBIS3-1953,508,3373.7887499999965,borda
442,Q0,FBIS3-26647,509,3372.608749999997,borda
442,Q0,FBIS3-13234,510,3365.579999999998,borda
442,Q0,FR940303-2-00152,511,3352.838749999996,borda
442,Q0,FT922-8914,512,3347.654999999996,borda
442,Q0,FR940822-2-00072,513,3346.9662499999963,borda
442,Q0,FR940503-0-00064,514,3344.1549999999957,borda
442,Q0,FT944-2089,515,3340.5599999999968,borda
442,Q0,FR940822-0-00021,516,3334.288749999997,borda
442,Q0,FR940314-2-00103,517,3328.707499999997,borda
442,Q0,FBIS3-45592,518,3315.9849999999965,borda
442,Q0,FBIS4-10826,519,3306.7974999999974,borda
442,Q0,FR941102-1-00119,520,3304.158749999998,borda
442,Q0,FT934-12070,521,3302.6612499999974,borda
442,Q0,FR941005-2-00135,522,3297.657499999996,borda
442,Q0,FR941026-2-00078,523,3289.6687499999966,borda
442,Q0,FBIS3-2466,524,3288.9437499999967,borda
442,Q0,FR940127-2-00126,525,3282.048749999997,borda
442,Q0,FR940323-1-00008,526,3263.4974999999968,borda
442,Q0,FBIS3-44486,527,3262.617499999997,borda
442,Q0,FT944-1882,528,3261.1187499999965,borda
442,Q0,FR940412-2-00043,529,3251.132499999999,borda
442,Q0,FR940812-0-00045,530,3246.0112499999973,borda
442,Q0,FR940214-2-00102,531,3240.8012499999963,borda
442,Q0,FBIS4-24639,532,3234.663749999997,borda
442,Q0,FBIS4-30194,533,3233.108749999998,borda
442,Q0,FT932-15115,534,3226.589999999998,borda
442,Q0,FT934-17061,535,3223.4412499999967,borda
442,Q0,FR941104-1-00053,536,3222.6299999999956,borda
442,Q0,FBIS3-53213,537,3222.337499999997,borda
442,Q0,LA112290-0163,538,3221.1712499999962,borda
442,Q0,FR941026-2-00077,539,3213.0874999999965,borda
442,Q0,LA072990-0037,540,3208.014999999998,borda
442,Q0,FBIS4-56368,541,3204.443749999996,borda
442,Q0,LA050890-0125,542,3199.9762499999974,borda
442,Q0,FR940414-2-00110,543,3199.821249999996,borda
442,Q0,LA062889-0049,544,3191.5312499999977,borda
442,Q0,FBIS3-42399,545,3181.1299999999987,borda
442,Q0,FT933-8408,546,3177.411249999998,borda
442,Q0,FR940112-0-00041,547,3177.081249999998,borda
442,Q0,FR940207-2-00083,548,3172.7524999999987,borda
442,Q0,FR940414-2-00098,549,3171.9924999999967,borda
442,Q0,FR941206-2-00107,550,3169.0012499999984,borda
442,Q0,FBIS4-12419,551,3158.802499999997,borda
442,Q0,LA102989-0189,552,3156.7224999999976,borda
442,Q0,FT931-10782,553,3156.4199999999973,borda
442,Q0,FBIS3-2059,554,3154.4749999999976,borda
442,Q0,FT921-14966,555,3151.069999999996,borda
442,Q0,LA120890-0091,556,3149.9574999999963,borda
442,Q0,FT921-10584,557,3148.5774999999976,borda
442,Q0,FBIS3-11867,558,3147.8387499999985,borda
442,Q0,LA121090-0078,559,3142.8387499999976,borda
442,Q0,FBIS4-3833,560,3139.618749999997,borda
442,Q0,FR940512-1-00057,561,3138.3312499999965,borda
442,Q0,FR940930-0-00059,562,3135.9487499999964,borda
442,Q0,FT943-4599,563,3134.962499999996,borda
442,Q0,FR940616-0-00098,564,3128.0362499999983,borda
442,Q0,LA011790-0082,565,3123.9849999999974,borda
442,Q0,FBIS4-4046,566,3118.697499999998,borda
442,Q0,FBIS3-59353,567,3118.319999999998,borda
442,Q0,FR941117-0-00031,568,3116.403749999996,borda
442,Q0,FR940803-1-00012,569,3113.158749999997,borda
442,Q0,FR940826-1-00034,570,3106.217499999997,borda
442,Q0,FBIS3-26547,571,3105.7287499999984,borda
442,Q0,FT942-15248,572,3099.353749999997,borda
442,Q0,FBIS3-61562,573,3094.3499999999985,borda
442,Q0,FR940429-0-00299,574,3091.6949999999965,borda
442,Q0,FT932-5792,575,3086.239999999997,borda
442,Q0,FBIS3-54409,576,3085.1874999999973,borda
442,Q0,FR940616-0-00087,577,3083.9224999999983,borda
442,Q0,FR940711-0-00008,578,3081.7999999999956,borda
442,Q0,FR940607-2-00043,579,3069.0599999999977,borda
442,Q0,FT933-1227,580,3062.188749999997,borda
442,Q0,FBIS4-49851,581,3058.796249999997,borda
442,Q0,FR941116-2-00072,582,3056.256249999996,borda
442,Q0,FT934-9981,583,3054.448749999996,borda
442,Q0,FR941205-2-00040,584,3052.5924999999984,borda
442,Q0,FT934-8687,585,3052.299999999999,borda
442,Q0,FR940112-2-00080,586,3042.418749999998,borda
442,Q0,FBIS3-2913,587,3034.1362499999987,borda
442,Q0,FT944-5777,588,3031.1912499999958,borda
442,Q0,FR940902-0-00107,589,3022.5099999999984,borda
442,Q0,FR940725-0-00096,590,3015.5837499999984,borda
442,Q0,FT934-11387,591,3012.9762499999983,borda
442,Q0,FT932-8947,592,3007.747499999996,borda
442,Q0,FBIS4-51363,593,3001.7499999999973,borda
442,Q0,FBIS3-14832,594,2998.8837499999986,borda
442,Q0,FR941019-2-00188,595,2993.389999999996,borda
442,Q0,FT933-5629,596,2987.1999999999975,borda
442,Q0,FR941104-2-00085,597,2986.9412499999976,borda
442,Q0,FBIS4-1667,598,2979.498749999997,borda
442,Q0,FBIS3-46593,599,2972.266249999998,borda
442,Q0,FBIS3-41157,600,2968.4324999999963,borda
442,Q0,FR940513-1-00040,601,2960.637499999997,borda
442,Q0,FT922-9895,602,2954.903749999997,borda
442,Q0,FR940406-0-00084,603,2954.401249999997,borda
442,Q0,LA050989-0122,604,2942.6824999999963,borda
442,Q0,FR940513-1-00041,605,2937.8924999999986,borda
442,Q0,FR940106-0-00055,606,2931.3737499999966,borda
442,Q0,FR940406-2-00078,607,2929.934999999997,borda
442,Q0,LA040289-0120,608,2928.4312499999974,borda
442,Q0,FT924-15813,609,2925.248749999998,borda
442,Q0,FR941110-0-00062,610,2921.6337499999977,borda
442,Q0,FBIS3-13068,611,2921.2337499999976,borda
442,Q0,FR940902-1-00015,612,2920.9962499999965,borda
442,Q0,FR941207-0-00131,613,2917.627499999997,borda
442,Q0,FR940426-1-00066,614,2913.209999999996,borda
442,Q0,LA061190-0040,615,2908.903749999996,borda
442,Q0,FT942-6517,616,2903.2362499999963,borda
442,Q0,FR941027-2-00083,617,2899.841249999999,borda
442,Q0,FR940830-1-00030,618,2895.9449999999974,borda
442,Q0,FBIS3-26523,619,2892.791249999997,borda
442,Q0,FR940112-0-00039,620,2892.277499999998,borda
442,Q0,FBIS4-1842,621,2876.0324999999975,borda
442,Q0,LA110589-0003,622,2875.402499999998,borda
442,Q0,FR940228-0-00077,623,2869.569999999996,borda
442,Q0,FT931-4264,624,2864.636249999997,borda
442,Q0,FBIS3-46420,625,2862.001249999999,borda
442,Q0,FBIS3-27637,626,2861.5249999999974,borda
442,Q0,FBIS4-2954,627,2854.2787499999977,borda
442,Q0,FR940110-1-00026,628,2847.3849999999975,borda
442,Q0,FR940217-2-00115,629,2847.1337499999972,borda
442,Q0,FR940616-0-00103,630,2837.056249999998,borda
442,Q0,FBIS4-5349,631,2836.607499999998,borda
442,Q0,FR940527-1-00010,632,2833.181249999997,borda
442,Q0,FT924-6319,633,2832.811249999998,borda
442,Q0,FBIS4-47634,634,2818.6349999999975,borda
442,Q0,FT934-5119,635,2816.131249999996,borda
442,Q0,FR940318-0-00106,636,2815.543749999997,borda
442,Q0,FT934-13737,637,2815.206249999997,borda
442,Q0,FR940810-1-00023,638,2815.116249999997,borda
442,Q0,FT932-15595,639,2812.4574999999963,borda
442,Q0,FT923-14476,640,2797.5312499999964,borda
442,Q0,FR940407-0-00012,641,2795.6737499999967,borda
442,Q0,FR941013-2-00136,642,2794.432499999999,borda
442,Q0,FR940128-2-00190,643,2791.6199999999963,borda
442,Q0,FBIS4-33918,644,2790.6649999999977,borda
442,Q0,FBIS3-20567,645,2790.441249999998,borda
442,Q0,FT942-4806,646,2790.287499999998,borda
442,Q0,FR940622-0-00078,647,2790.1087499999967,borda
442,Q0,FR940406-0-00048,648,2772.5237499999985,borda
442,Q0,FR940620-0-00038,649,2761.4062499999973,borda
442,Q0,FBIS4-6788,650,2753.1362499999973,borda
442,Q0,FBIS3-55319,651,2752.9174999999977,borda
442,Q0,FBIS4-4816,652,2750.939999999998,borda
442,Q0,FR940713-0-00026,653,2744.1024999999977,borda
442,Q0,FR940314-2-00104,654,2738.2637499999983,borda
442,Q0,LA113090-0042,655,2732.771249999997,borda
442,Q0,FBIS4-36282,656,2730.5212499999975,borda
442,Q0,FR941122-1-00046,657,2717.458749999997,borda
442,Q0,FBIS4-57396,658,2717.2587499999977,borda
442,Q0,FR940323-0-00047,659,2708.832499999999,borda
442,Q0,LA022190-0007,660,2707.206249999998,borda
442,Q0,FBIS4-3631,661,2705.4712499999973,borda
442,Q0,FT924-15340,662,2698.019999999997,borda
442,Q0,FBIS4-11672,663,2696.6137499999986,borda
442,Q0,FT933-6096,664,2694.1812499999974,borda
442,Q0,FBIS4-41215,665,2693.9824999999964,borda
442,Q0,FR940930-0-00056,666,2691.768749999999,borda
442,Q0,FR940725-0-00107,667,2690.9937499999987,borda
442,Q0,FT942-10101,668,2689.0474999999974,borda
442,Q0,FR940323-0-00045,669,2684.882499999997,borda
442,Q0,FR940919-0-00115,670,2684.8487499999974,borda
442,Q0,FR940831-0-00052,671,2683.8799999999987,borda
442,Q0,FR941206-2-00114,672,2676.063749999996,borda
442,Q0,FBIS4-13239,673,2674.091249999998,borda
442,Q0,FBIS3-15586,674,2672.2799999999984,borda
442,Q0,FR940524-1-00006,675,2671.6937499999976,borda
442,Q0,FT934-4299,676,2670.609999999998,borda
442,Q0,FT932-5172,677,2670.003749999998,borda
442,Q0,FR940927-2-00072,678,2669.3899999999967,borda
442,Q0,FBIS3-3307,679,2666.0224999999964,borda
442,Q0,FR940804-1-00057,680,2663.324999999998,borda
442,Q0,FR940513-2-00166,681,2658.1299999999965,borda
442,Q0,FT941-13478,682,2654.0524999999975,borda
442,Q0,FBIS4-21974,683,2653.5749999999985,borda
442,Q0,LA090889-0087,684,2651.2349999999965,borda
442,Q0,FBIS4-26329,685,2642.524999999998,borda
442,Q0,FT942-14921,686,2640.511249999998,borda
442,Q0,FBIS3-52917,687,2640.169999999998,borda
442,Q0,FT934-704,688,2640.138749999997,borda
442,Q0,FBIS3-42974,689,2639.1212499999974,borda
442,Q0,FR940404-1-00042,690,2639.0237499999976,borda
442,Q0,FR941117-1-00014,691,2638.6162499999987,borda
442,Q0,FR941007-1-00054,692,2629.522499999997,borda
442,Q0,LA121290-0002,693,2628.893749999998,borda
442,Q0,FBIS3-23735,694,2621.611249999998,borda
442,Q0,FBIS4-7038,695,2621.272499999998,borda
442,Q0,FBIS3-43012,696,2619.623749999997,borda
442,Q0,LA062389-0053,697,2619.133749999997,borda
442,Q0,FBIS4-56389,698,2611.4287499999978,borda
442,Q0,FR941227-0-00086,699,2595.857499999997,borda
442,Q0,LA062989-0094,700,2595.474999999999,borda
442,Q0,FBIS3-26,701,2586.9049999999984,borda
442,Q0,FBIS4-35926,702,2586.7137499999985,borda
442,Q0,FT944-1969,703,2584.106249999997,borda
442,Q0,FR940819-1-00032,704,2580.7374999999965,borda
442,Q0,FT921-16187,705,2579.012499999997,borda
442,Q0,FBIS4-57106,706,2577.3787499999976,borda
442,Q0,FBIS3-40129,707,2572.9624999999983,borda
442,Q0,FR940616-0-00005,708,2572.9487499999973,borda
442,Q0,FR940323-1-00030,709,2572.2962499999985,borda
442,Q0,FR940913-2-00091,710,2571.699999999996,borda
442,Q0,FBIS3-42400,711,2571.399999999999,borda
442,Q0,FR940721-2-00062,712,2570.999999999999,borda
442,Q0,LA080990-0068,713,2567.6899999999973,borda
442,Q0,FR941026-2-00076,714,2565.391249999997,borda
442,Q0,FBIS4-57622,715,2560.3612499999977,borda
442,Q0,FR940902-0-00157,716,2557.883749999999,borda
442,Q0,FT932-4745,717,2552.2674999999967,borda
442,Q0,FR940202-0-00005,718,2552.0749999999966,borda
442,Q0,FT944-6219,719,2548.066249999997,borda
442,Q0,FBIS3-26590,720,2531.3162499999976,borda
442,Q0,FBIS3-46227,721,2530.449999999998,borda
442,Q0,FT923-10005,722,2524.036249999998,borda
442,Q0,FT921-3767,723,2522.804999999997,borda
442,Q0,FBIS4-58970,724,2521.1299999999987,borda
442,Q0,FT943-14714,725,2520.6724999999974,borda
442,Q0,FBIS4-3448,726,2520.5624999999977,borda
442,Q0,FR940725-0-00110,727,2510.466249999999,borda
442,Q0,FR941230-0-00008,728,2508.1487499999967,borda
442,Q0,LA012789-0065,729,2501.4062499999977,borda
442,Q0,LA032689-0053,730,2499.2037499999988,borda
442,Q0,FR940902-0-00023,731,2496.748749999998,borda
442,Q0,FT933-7195,732,2495.7199999999984,borda
442,Q0,FT934-5854,733,2491.299999999997,borda
442,Q0,FT931-3033,734,2488.3449999999966,borda
442,Q0,FBIS4-1141,735,2487.547499999998,borda
442,Q0,FR940616-0-00097,736,2486.184999999999,borda
442,Q0,FR941220-0-00039,737,2485.693749999998,borda
442,Q0,LA100590-0113,738,2483.157499999998,borda
442,Q0,FR940822-1-00042,739,2482.582499999997,borda
442,Q0,FR940728-1-00048,740,2482.147499999999,borda
442,Q0,FR941206-1-00134,741,2478.8087499999997,borda
442,Q0,FBIS3-43142,742,2470.0924999999997,borda
442,Q0,FBIS3-43196,743,2467.4324999999994,borda
442,Q0,FT944-2179,744,2466.793749999997,borda
442,Q0,FR940812-0-00084,745,2466.063749999997,borda
442,Q0,LA112489-0027,746,2465.5274999999974,borda
442,Q0,FR940207-2-00171,747,2465.0924999999966,borda
442,Q0,FBIS4-50881,748,2464.323749999998,borda
442,Q0,FR941031-0-00037,749,2464.222499999998,borda
442,Q0,FBIS4-12505,750,2463.5749999999985,borda
442,Q0,FR940304-0-00088,751,2459.484999999997,borda
442,Q0,FR940527-2-00198,752,2458.447499999999,borda
442,Q0,FR940831-1-00024,753,2458.1337499999995,borda
442,Q0,FR940725-0-00073,754,2455.401249999997,borda
442,Q0,FR940602-1-00023,755,2452.1649999999995,borda
442,Q0,FBIS3-4404,756,2451.936249999998,borda
442,Q0,FR940223-0-00024,757,2450.291249999998,borda
442,Q0,FBIS4-25443,758,2449.349999999997,borda
442,Q0,FR940607-0-00057,759,2449.293749999997,borda
442,Q0,FT921-14441,760,2448.532499999997,borda
442,Q0,FT933-16124,761,2444.1762499999973,borda
442,Q0,FR940622-0-00071,762,2444.173749999998,borda
442,Q0,FR940719-2-00073,763,2441.3387499999967,borda
442,Q0,FR940112-0-00092,764,2437.363749999997,borda
442,Q0,FT921-15225,765,2433.2424999999976,borda
442,Q0,FT943-15904,766,2429.7462499999974,borda
442,Q0,FBIS4-46469,767,2427.6699999999996,borda
442,Q0,FR940620-1-00023,768,2427.287499999998,borda
442,Q0,FBIS4-22690,769,2425.50125,borda
442,Q0,FR940328-1-00002,770,2420.7974999999988,borda
442,Q0,FT921-4035,771,2419.2362499999977,borda
442,Q0,LA092390-0202,772,2418.6524999999983,borda
442,Q0,LA033189-0025,773,2416.598749999997,borda
442,Q0,FR940930-0-00124,774,2415.9612499999967,borda
442,Q0,FR940727-2-00045,775,2413.2349999999974,borda
442,Q0,FR941007-1-00079,776,2410.8387499999963,borda
442,Q0,FR940223-0-00022,777,2410.0774999999985,borda
442,Q0,FBIS4-25489,778,2406.803749999998,borda
442,Q0,FT933-1342,779,2405.2612499999977,borda
442,Q0,FR940425-2-00083,780,2400.2212499999982,borda
442,Q0,LA062490-0232,781,2398.4187499999985,borda
442,Q0,FR941027-2-00084,782,2390.1849999999995,borda
442,Q0,FR940706-2-00092,783,2386.9149999999986,borda
442,Q0,LA101590-0058,784,2385.5099999999975,borda
442,Q0,FR940622-0-00075,785,2384.5387499999983,borda
442,Q0,FT943-3432,786,2377.146249999997,borda
442,Q0,FBIS3-24469,787,2372.1624999999995,borda
442,Q0,FR941219-1-00050,788,2368.4162499999984,borda
442,Q0,FR940104-0-00031,789,2366.722499999998,borda
442,Q0,FR940720-2-00156,790,2365.829999999997,borda
442,Q0,FR941125-0-00035,791,2365.4774999999986,borda
442,Q0,FR941021-0-00044,792,2364.6612499999987,borda
442,Q0,FBIS3-13102,793,2361.7337499999985,borda
442,Q0,FBIS3-27575,794,2359.4262499999977,borda
442,Q0,FR941117-1-00017,795,2353.5662499999976,borda
442,Q0,FBIS4-36072,796,2350.0899999999974,borda
442,Q0,FT942-16804,797,2348.8474999999967,borda
442,Q0,FR940817-0-00035,798,2347.5974999999985,borda
442,Q0,LA082190-0120,799,2347.2949999999973,borda
442,Q0,LA040790-0094,800,2347.2449999999976,borda
442,Q0,FBIS4-16663,801,2347.132499999998,borda
442,Q0,FBIS4-49410,802,2346.2137499999976,borda
442,Q0,LA051989-0013,803,2342.501249999998,borda
442,Q0,FT924-14763,804,2339.742499999998,borda
442,Q0,FR940610-1-00038,805,2331.1562499999973,borda
442,Q0,FR941007-1-00053,806,2328.8737499999975,borda
442,Q0,FR940512-2-00113,807,2327.9187499999975,borda
442,Q0,LA060889-0013,808,2327.8774999999987,borda
442,Q0,FR940406-0-00190,809,2323.74,borda
442,Q0,FBIS4-58950,810,2318.6274999999987,borda
442,Q0,FBIS3-42897,811,2318.5649999999982,borda
442,Q0,FR941110-0-00038,812,2318.4137499999983,borda
442,Q0,FR940323-1-00018,813,2318.086249999997,borda
442,Q0,FBIS4-26726,814,2316.7312499999975,borda
442,Q0,FR940216-0-00156,815,2314.2787499999968,borda
442,Q0,FBIS4-27706,816,2313.4474999999998,borda
442,Q0,LA050689-0107,817,2311.5399999999972,borda
442,Q0,FR941107-2-00158,818,2310.521249999997,borda
442,Q0,LA040689-0078,819,2303.5574999999967,borda
442,Q0,FT944-18261,820,2297.0037499999976,borda
442,Q0,FBIS3-13169,821,2289.2562499999985,borda
442,Q0,FBIS4-2052,822,2288.5374999999985,borda
442,Q0,FT931-2774,823,2288.407499999998,borda
442,Q0,LA030589-0233,824,2283.3574999999983,borda
442,Q0,FBIS4-14314,825,2283.0249999999983,borda
442,Q0,FR940727-0-00020,826,2281.952499999997,borda
442,Q0,FR941005-2-00136,827,2281.047499999997,borda
442,Q0,FR940620-2-00078,828,2280.6387499999987,borda
442,Q0,FR940919-2-00167,829,2280.209999999997,borda
442,Q0,FT922-4076,830,2278.5162499999974,borda
442,Q0,FR940722-1-00012,831,2273.0162499999974,borda
442,Q0,LA011289-0009,832,2271.7562499999976,borda
442,Q0,FT922-14925,833,2271.2499999999977,borda
442,Q0,FR940830-1-00014,834,2266.9799999999987,borda
442,Q0,FT944-5918,835,2265.317499999999,borda
442,Q0,FBIS3-59294,836,2264.576249999997,borda
442,Q0,LA091689-0104,837,2262.9037499999986,borda
442,Q0,FT923-14971,838,2257.2499999999995,borda
442,Q0,FR940620-1-00019,839,2252.831249999997,borda
442,Q0,FR940224-0-00025,840,2251.3874999999975,borda
442,Q0,FBIS4-1545,841,2249.709999999998,borda
442,Q0,FBIS4-59686,842,2246.9212499999976,borda
442,Q0,LA051390-0129,843,2245.3412499999977,borda
442,Q0,FBIS4-48913,844,2244.1899999999973,borda
442,Q0,FR941007-1-00129,845,2235.697499999997,borda
442,Q0,FBIS3-28140,846,2230.219999999998,borda
442,Q0,FBIS3-53378,847,2226.114999999998,borda
442,Q0,FR940622-0-00030,848,2225.8374999999987,borda
442,Q0,FBIS3-42766,849,2221.262499999999,borda
442,Q0,FR940202-0-00089,850,2211.5949999999975,borda
442,Q0,FT924-2847,851,2210.5362499999974,borda
442,Q0,LA070189-0063,852,2207.1299999999987,borda
442,Q0,FBIS4-24802,853,2206.643749999997,borda
442,Q0,FR940616-0-00012,854,2206.1449999999973,borda
442,Q0,FBIS4-25344,855,2199.0924999999975,borda
442,Q0,FR940323-0-00046,856,2199.0537499999987,borda
442,Q0,FR940720-2-00151,857,2198.217499999997,borda
442,Q0,FR940106-0-00165,858,2195.852499999999,borda
442,Q0,FT922-13337,859,2194.786249999998,borda
442,Q0,FBIS4-50803,860,2190.2199999999975,borda
442,Q0,FR940928-2-00142,861,2189.981249999997,borda
442,Q0,FR940812-0-00044,862,2188.5624999999986,borda
442,Q0,FR940214-2-00104,863,2187.9249999999975,borda
442,Q0,FT911-2517,864,2184.574999999998,borda
442,Q0,FT934-5058,865,2183.1512499999985,borda
442,Q0,FT944-3030,866,2180.3637499999977,borda
442,Q0,FBIS3-24145,867,2175.039999999999,borda
442,Q0,FT932-13708,868,2174.3012499999977,borda
442,Q0,FBIS4-24416,869,2173.7074999999977,borda
442,Q0,FR940831-0-00006,870,2171.7787499999986,borda
442,Q0,FBIS3-1246,871,2171.246249999998,borda
442,Q0,FR940204-2-00093,872,2169.8549999999973,borda
442,Q0,FR940106-0-00029,873,2165.4174999999977,borda
442,Q0,FBIS4-38410,874,2164.314999999998,borda
442,Q0,FBIS4-7119,875,2157.7512499999975,borda
442,Q0,FBIS4-56375,876,2151.5312499999977,borda
442,Q0,FR940902-1-00004,877,2149.682499999999,borda
442,Q0,FR940822-0-00016,878,2147.636249999998,borda
442,Q0,FBIS4-58061,879,2143.4899999999993,borda
442,Q0,FR940112-0-00035,880,2143.311249999999,borda
442,Q0,FR940822-0-00067,881,2140.17375,borda
442,Q0,FR940512-1-00005,882,2137.247499999999,borda
442,Q0,FR940406-0-00004,883,2135.2149999999983,borda
442,Q0,FR940106-0-00169,884,2134.894999999999,borda
442,Q0,FR941103-2-00151,885,2132.967499999997,borda
442,Q0,FR941110-0-00180,886,2132.6049999999977,borda
442,Q0,FR940217-1-00023,887,2129.309999999997,borda
442,Q0,FBIS4-50083,888,2126.7849999999976,borda
442,Q0,FR940104-0-00034,889,2119.8612499999995,borda
442,Q0,FT943-6544,890,2110.2674999999977,borda
442,Q0,FR940720-2-00161,891,2108.059999999999,borda
442,Q0,FT931-449,892,2100.297499999997,borda
442,Q0,FR941019-2-00189,893,2099.9174999999977,borda
442,Q0,FR941128-2-00016,894,2097.437499999998,borda
442,Q0,FBIS3-59301,895,2097.302499999997,borda
442,Q0,FBIS3-35349,896,2089.455,borda
442,Q0,FR940516-0-00066,897,2087.441249999997,borda
442,Q0,FR940228-1-00022,898,2087.268749999997,borda
442,Q0,FBIS3-40057,899,2085.047499999999,borda
442,Q0,FR940830-1-00044,900,2082.8237499999973,borda
442,Q0,FR941117-1-00032,901,2070.3412499999986,borda
442,Q0,FBIS4-22685,902,2069.5724999999998,borda
442,Q0,FBIS3-47270,903,2067.757499999998,borda
442,Q0,LA071289-0037,904,2063.428749999999,borda
442,Q0,FBIS4-51412,905,2063.351249999999,borda
442,Q0,FR940630-2-00158,906,2060.228749999999,borda
442,Q0,FT943-12496,907,2058.844999999998,borda
442,Q0,FBIS4-20504,908,2050.4112499999997,borda
442,Q0,FBIS4-36039,909,2048.604999999998,borda
442,Q0,FBIS4-59582,910,2047.4762499999977,borda
442,Q0,FR940720-2-00154,911,2042.399999999997,borda
442,Q0,FT942-14363,912,2041.8587499999978,borda
442,Q0,FR940429-2-00077,913,2041.6749999999975,borda
442,Q0,FR940902-0-00109,914,2032.5737499999977,borda
442,Q0,LA072289-0078,915,2030.2224999999983,borda
442,Q0,FT922-7713,916,2027.0937499999977,borda
442,Q0,FR940727-0-00067,917,2022.8974999999973,borda
442,Q0,FR940317-1-00090,918,2017.3587499999978,borda
442,Q0,FR940712-1-00038,919,2017.2262499999974,borda
442,Q0,FT933-9,920,2015.971249999998,borda
442,Q0,FR941103-2-00150,921,2012.0362499999974,borda
442,Q0,FBIS4-3125,922,2011.5424999999975,borda
442,Q0,FR941027-0-00017,923,2009.7912499999982,borda
442,Q0,FR941110-0-00190,924,2009.7299999999977,borda
442,Q0,FBIS3-26270,925,2009.3762499999973,borda
442,Q0,FR940426-1-00055,926,2005.1912499999976,borda
442,Q0,FR940203-0-00096,927,2003.301249999998,borda
442,Q0,FT941-8360,928,1999.5149999999978,borda
442,Q0,FT932-5300,929,1994.4799999999977,borda
442,Q0,FT921-9373,930,1992.6637499999986,borda
442,Q0,FR940902-1-00005,931,1990.1024999999975,borda
442,Q0,FBIS4-61719,932,1989.1574999999978,borda
442,Q0,FR940325-2-00192,933,1983.166249999998,borda
442,Q0,FR940902-0-00103,934,1983.0437499999978,borda
442,Q0,FR941130-0-00104,935,1981.5637499999987,borda
442,Q0,FR940426-2-00073,936,1977.4699999999975,borda
442,Q0,FR940217-2-00106,937,1976.9712499999973,borda
442,Q0,FT933-15601,938,1976.659999999998,borda
442,Q0,FT922-6294,939,1975.2862499999974,borda
442,Q0,FR940622-0-00077,940,1968.6437499999977,borda
442,Q0,LA050890-0030,941,1966.934999999998,borda
442,Q0,FR940722-0-00143,942,1966.0862499999973,borda
442,Q0,FR940810-2-00118,943,1965.3649999999977,borda
442,Q0,LA022590-0017,944,1961.0812499999981,borda
442,Q0,FR940902-0-00102,945,1959.1149999999975,borda
442,Q0,FR940323-1-00036,946,1956.3324999999975,borda
442,Q0,FR940512-1-00037,947,1955.3874999999975,borda
442,Q0,FBIS4-49081,948,1954.1774999999977,borda
442,Q0,FBIS3-4428,949,1952.1037499999975,borda
442,Q0,FT924-368,950,1948.291249999997,borda
442,Q0,FR940804-2-00107,951,1946.9249999999977,borda
442,Q0,FBIS4-35289,952,1942.697499999998,borda
442,Q0,FBIS4-68893,953,1942.0049999999985,borda
442,Q0,FBIS3-44625,954,1940.6374999999975,borda
442,Q0,FR940916-2-00106,955,1940.0024999999982,borda
442,Q0,FBIS4-49464,956,1939.6274999999976,borda
442,Q0,FR940725-2-00141,957,1936.3912499999979,borda
442,Q0,FR940406-1-00003,958,1935.0299999999977,borda
442,Q0,FBIS4-53541,959,1932.5187499999981,borda
442,Q0,FT941-17615,960,1932.0299999999988,borda
442,Q0,FR941011-2-00007,961,1932.0237499999976,borda
442,Q0,LA070789-0104,962,1930.1399999999976,borda
442,Q0,FBIS3-6936,963,1925.5649999999982,borda
442,Q0,FR940907-1-00035,964,1925.563749999998,borda
442,Q0,FR940318-2-00160,965,1924.6749999999972,borda
442,Q0,FR941102-0-00101,966,1924.2624999999975,borda
442,Q0,FBIS3-43072,967,1924.0787499999979,borda
442,Q0,FBIS4-5955,968,1923.4087499999982,borda
442,Q0,FR940207-1-00010,969,1922.613749999998,borda
442,Q0,FR940318-0-00105,970,1919.7124999999985,borda
442,Q0,FR940627-1-00018,971,1916.9524999999976,borda
442,Q0,FR940323-0-00069,972,1916.4737499999985,borda
442,Q0,FT933-7124,973,1914.731249999998,borda
442,Q0,FR940620-1-00024,974,1914.1674999999977,borda
442,Q0,FR940525-0-00042,975,1913.9462499999981,borda
442,Q0,FBIS4-27069,976,1912.339999999998,borda
442,Q0,FR940822-2-00077,977,1911.7112499999976,borda
442,Q0,FBIS3-13222,978,1911.1262499999987,borda
442,Q0,LA071389-0198,979,1910.7062499999977,borda
442,Q0,FT923-4593,980,1909.8312499999981,borda
442,Q0,FR940930-0-00101,981,1909.4749999999976,borda
442,Q0,FR940616-0-00086,982,1906.4362499999977,borda
442,Q0,FT921-5997,983,1905.9049999999984,borda
442,Q0,LA102890-0195,984,1904.222499999998,borda
442,Q0,FR940216-0-00171,985,1903.9887499999975,borda
442,Q0,FR941130-2-00051,986,1903.1237499999975,borda
442,Q0,FBIS4-25553,987,1898.9474999999975,borda
442,Q0,FT931-10935,988,1898.2149999999986,borda
442,Q0,FBIS4-25566,989,1896.6537499999974,borda
442,Q0,FT923-8848,990,1896.4099999999978,borda
442,Q0,FBIS4-3755,991,1892.9212499999983,borda
442,Q0,LA091690-0030,992,1884.397499999998,borda
442,Q0,FT944-12035,993,1883.8199999999977,borda
442,Q0,FBIS3-26835,994,1881.4312499999974,borda
442,Q0,FBIS4-61677,995,1881.268749999998,borda
442,Q0,FR941103-2-00153,996,1880.9537499999979,borda
442,Q0,FBIS4-58957,997,1880.8499999999983,borda
442,Q0,FT911-1352,998,1880.7099999999978,borda
442,Q0,FR940727-2-00007,999,1879.9499999999985,borda
442,Q0,FBIS4-35324,1000,1879.497499999998,borda
445,Q0,FT934-408,1,12779.934999999987,borda
445,Q0,FT924-9001,2,12757.374999999987,borda
445,Q0,LA110789-0149,3,12753.493749999987,borda
445,Q0,FT924-8156,4,12704.488749999986,borda
445,Q0,LA040390-0124,5,12698.941249999987,borda
445,Q0,FT944-1870,6,12679.20624999999,borda
445,Q0,FT921-7364,7,12671.534999999987,borda
445,Q0,LA030189-0034,8,12639.744999999986,borda
445,Q0,LA102790-0157,9,12630.768749999987,borda
445,Q0,LA121489-0104,10,12629.104999999987,borda
445,Q0,FT944-2077,11,12621.018749999988,borda
445,Q0,FT941-7858,12,12620.433749999987,borda
445,Q0,FT942-2917,13,12538.337499999987,borda
445,Q0,LA032589-0088,14,12536.606249999986,borda
445,Q0,LA033190-0123,15,12524.336249999988,borda
445,Q0,FT931-11616,16,12522.248749999988,borda
445,Q0,LA080390-0117,17,12478.573749999989,borda
445,Q0,LA021289-0101,18,12421.19374999999,borda
445,Q0,FT942-17503,19,12352.819999999989,borda
445,Q0,LA052590-0060,20,12323.832499999986,borda
445,Q0,FT943-5763,21,12312.911249999985,borda
445,Q0,LA072989-0052,22,12266.759999999987,borda
445,Q0,LA031189-0068,23,12201.446249999988,borda
445,Q0,FT944-1894,24,12196.008749999988,borda
445,Q0,LA091990-0112,25,12175.874999999989,borda
445,Q0,LA011589-0007,26,12111.588749999986,borda
445,Q0,LA033190-0122,27,12080.398749999986,borda
445,Q0,FT942-13049,28,11981.757499999985,borda
445,Q0,FT944-2101,29,11973.44999999999,borda
445,Q0,FT943-5753,30,11947.852499999988,borda
445,Q0,LA051589-0033,31,11852.408749999988,borda
445,Q0,LA012490-0018,32,11741.957499999988,borda
445,Q0,FT943-9241,33,11697.171249999989,borda
445,Q0,LA070990-0001,34,11674.306249999985,borda
445,Q0,LA121790-0116,35,11652.382499999989,borda
445,Q0,LA102289-0097,36,11479.724999999988,borda
445,Q0,LA021790-0058,37,11439.848749999986,borda
445,Q0,LA020390-0030,38,11372.792499999987,borda
445,Q0,FT934-3058,39,11335.237499999987,borda
445,Q0,FBIS4-44963,40,11207.542499999989,borda
445,Q0,LA062690-0116,41,11204.779999999986,borda
445,Q0,LA110989-0121,42,11187.888749999987,borda
445,Q0,LA020490-0018,43,11172.52249999999,borda
445,Q0,FT933-14773,44,11111.432499999986,borda
445,Q0,FBIS3-41695,45,11052.309999999987,borda
445,Q0,LA121389-0141,46,11010.352499999992,borda
445,Q0,LA052089-0034,47,11006.429999999988,borda
445,Q0,LA061090-0213,48,10965.791249999987,borda
445,Q0,FT943-15291,49,10956.191249999985,borda
445,Q0,LA062489-0099,50,10944.383749999988,borda
445,Q0,LA041490-0122,51,10887.19749999999,borda
445,Q0,LA011390-0037,52,10864.094999999988,borda
445,Q0,LA122290-0076,53,10859.954999999987,borda
445,Q0,LA030889-0108,54,10792.609999999988,borda
445,Q0,FT931-9901,55,10751.212499999989,borda
445,Q0,FBIS4-1624,56,10694.852499999986,borda
445,Q0,LA031290-0103,57,10692.48499999999,borda
445,Q0,LA051389-0002,58,10674.661249999988,borda
445,Q0,LA050590-0141,59,10654.656249999989,borda
445,Q0,LA042090-0102,60,10577.564999999988,borda
445,Q0,LA102890-0167,61,10533.69374999999,borda
445,Q0,FBIS4-62484,62,10504.552499999989,borda
445,Q0,LA090989-0140,63,10443.92624999999,borda
445,Q0,LA050290-0154,64,10403.21624999999,borda
445,Q0,FT923-4294,65,10296.36749999999,borda
445,Q0,FBIS4-22225,66,10211.08499999999,borda
445,Q0,FBIS3-42735,67,10177.98249999999,borda
445,Q0,LA042990-0193,68,10157.45999999999,borda
445,Q0,FT924-9359,69,10150.402499999991,borda
445,Q0,LA082490-0008,70,10148.284999999989,borda
445,Q0,LA032589-0085,71,10112.422499999991,borda
445,Q0,FT924-10404,72,10070.953749999991,borda
445,Q0,LA080790-0085,73,10019.558749999987,borda
445,Q0,FT933-9689,74,9978.26999999999,borda
445,Q0,FT942-10717,75,9955.43374999999,borda
445,Q0,LA120789-0035,76,9952.412499999986,borda
445,Q0,LA122590-0099,77,9944.17874999999,borda
445,Q0,LA050590-0078,78,9940.063749999988,borda
445,Q0,LA052390-0071,79,9919.39999999999,borda
445,Q0,LA021589-0127,80,9908.716249999989,borda
445,Q0,FT932-1059,81,9899.07749999999,borda
445,Q0,FT944-8459,82,9849.647499999988,borda
445,Q0,FT942-9289,83,9784.099999999991,borda
445,Q0,FBIS3-42167,84,9769.37624999999,borda
445,Q0,LA031689-0060,85,9768.767499999993,borda
445,Q0,FBIS3-54335,86,9759.388749999991,borda
445,Q0,FT942-11315,87,9731.26874999999,borda
445,Q0,LA120890-0111,88,9696.84499999999,borda
445,Q0,LA122290-0074,89,9627.078749999991,borda
445,Q0,FT944-16751,90,9597.506249999986,borda
445,Q0,FT943-16216,91,9589.014999999989,borda
445,Q0,LA012790-0049,92,9555.996249999991,borda
445,Q0,FBIS3-6554,93,9535.088749999992,borda
445,Q0,FT922-12102,94,9508.741249999988,borda
445,Q0,LA111089-0013,95,9494.99374999999,borda
445,Q0,LA050590-0142,96,9487.89874999999,borda
445,Q0,LA011290-0143,97,9455.23374999999,borda
445,Q0,LA031389-0009,98,9371.18499999999,borda
445,Q0,FBIS4-20288,99,9328.307499999988,borda
445,Q0,FBIS3-30361,100,9327.48999999999,borda
445,Q0,FT933-14015,101,9314.57124999999,borda
445,Q0,LA060489-0113,102,9254.94874999999,borda
445,Q0,FT923-2125,103,9222.32999999999,borda
445,Q0,FBIS3-11018,104,9220.322499999991,borda
445,Q0,LA112389-0160,105,9166.48999999999,borda
445,Q0,LA021989-0184,106,9110.02749999999,borda
445,Q0,FT934-2731,107,8975.01999999999,borda
445,Q0,LA112489-0112,108,8970.72999999999,borda
445,Q0,FT933-14931,109,8957.683749999991,borda
445,Q0,LA060689-0057,110,8897.22874999999,borda
445,Q0,FT931-10610,111,8873.259999999991,borda
445,Q0,FT922-2344,112,8849.27999999999,borda
445,Q0,FT922-9353,113,8847.294999999991,borda
445,Q0,FT922-7713,114,8839.66249999999,borda
445,Q0,LA040389-0093,115,8822.002499999991,borda
445,Q0,FT933-6676,116,8786.312499999989,borda
445,Q0,FT943-15035,117,8786.18499999999,borda
445,Q0,FT941-5312,118,8776.06874999999,borda
445,Q0,FT933-12534,119,8746.84624999999,borda
445,Q0,LA042289-0053,120,8737.30124999999,borda
445,Q0,FT922-6901,121,8726.99374999999,borda
445,Q0,FT934-9067,122,8725.512499999992,borda
445,Q0,FT933-14941,123,8694.744999999992,borda
445,Q0,LA122090-0064,124,8677.45999999999,borda
445,Q0,LA051789-0147,125,8657.443749999993,borda
445,Q0,LA121390-0017,126,8656.174999999992,borda
445,Q0,FT941-8959,127,8650.443749999991,borda
445,Q0,FT921-11724,128,8644.03624999999,borda
445,Q0,LA071589-0107,129,8617.453749999991,borda
445,Q0,FBIS4-33773,130,8611.693749999993,borda
445,Q0,FT922-2484,131,8606.313749999994,borda
445,Q0,FT944-11615,132,8581.717499999992,borda
445,Q0,LA022389-0116,133,8541.33874999999,borda
445,Q0,LA050490-0209,134,8540.34874999999,borda
445,Q0,LA090289-0110,135,8511.598749999992,borda
445,Q0,LA050589-0157,136,8507.78749999999,borda
445,Q0,FT932-13541,137,8503.449999999992,borda
445,Q0,LA101490-0019,138,8497.25749999999,borda
445,Q0,FBIS4-59421,139,8496.294999999993,borda
445,Q0,FBIS4-20747,140,8489.213749999992,borda
445,Q0,LA110390-0115,141,8465.856249999992,borda
445,Q0,FT941-16586,142,8444.024999999992,borda
445,Q0,LA020289-0089,143,8438.184999999992,borda
445,Q0,LA012290-0045,144,8428.36124999999,borda
445,Q0,FT934-14389,145,8428.184999999992,borda
445,Q0,LA091390-0005,146,8418.693749999991,borda
445,Q0,FBIS3-40325,147,8365.768749999992,borda
445,Q0,FBIS4-34170,148,8352.25124999999,borda
445,Q0,FT943-3298,149,8307.323749999992,borda
445,Q0,LA041490-0123,150,8249.528749999992,borda
445,Q0,LA111989-0149,151,8226.804999999991,borda
445,Q0,LA011989-0074,152,8219.443749999991,borda
445,Q0,LA062889-0016,153,8196.49374999999,borda
445,Q0,FT921-11838,154,8192.457499999995,borda
445,Q0,LA011390-0036,155,8155.902499999992,borda
445,Q0,FBIS3-5194,156,8149.05874999999,borda
445,Q0,LA061890-0067,157,8100.332499999991,borda
445,Q0,LA082890-0074,158,8056.58999999999,borda
445,Q0,FT924-14793,159,8045.80374999999,borda
445,Q0,LA031989-0056,160,8040.3962499999925,borda
445,Q0,FBIS4-44316,161,8009.267499999992,borda
445,Q0,LA022589-0148,162,7993.641249999991,borda
445,Q0,LA102189-0093,163,7956.091249999992,borda
445,Q0,LA052690-0140,164,7953.293749999992,borda
445,Q0,LA052389-0099,165,7943.0474999999915,borda
445,Q0,LA120790-0111,166,7926.354999999992,borda
445,Q0,FBIS4-56390,167,7908.282499999993,borda
445,Q0,FT943-5754,168,7863.466249999992,borda
445,Q0,LA022890-0148,169,7854.522499999992,borda
445,Q0,LA090190-0133,170,7839.078749999992,borda
445,Q0,LA063090-0070,171,7821.397499999992,borda
445,Q0,FBIS4-33923,172,7819.2262499999915,borda
445,Q0,LA051989-0030,173,7811.772499999992,borda
445,Q0,FT923-13205,174,7805.627499999991,borda
445,Q0,LA082089-0019,175,7800.161249999992,borda
445,Q0,FT924-10442,176,7776.376249999992,borda
445,Q0,LA060489-0141,177,7770.628749999993,borda
445,Q0,FT934-8214,178,7768.75624999999,borda
445,Q0,LA051290-0136,179,7729.976249999992,borda
445,Q0,LA071290-0125,180,7727.988749999992,borda
445,Q0,FBIS3-26641,181,7721.44124999999,borda
445,Q0,LA060390-0103,182,7686.204999999991,borda
445,Q0,FT933-7393,183,7678.879999999993,borda
445,Q0,LA112589-0124,184,7665.457499999992,borda
445,Q0,LA072289-0074,185,7664.964999999992,borda
445,Q0,LA032590-0161,186,7664.916249999991,borda
445,Q0,FBIS4-355,187,7650.063749999992,borda
445,Q0,FBIS3-21399,188,7591.69249999999,borda
445,Q0,LA122690-0007,189,7575.807499999993,borda
445,Q0,LA082390-0184,190,7555.227499999991,borda
445,Q0,FT923-12504,191,7531.241249999993,borda
445,Q0,LA072989-0003,192,7530.8249999999925,borda
445,Q0,FBIS4-43012,193,7516.471249999991,borda
445,Q0,LA120190-0037,194,7503.072499999993,borda
445,Q0,LA032190-0110,195,7492.166249999993,borda
445,Q0,FBIS4-66724,196,7484.531249999991,borda
445,Q0,FBIS3-7474,197,7484.138749999994,borda
445,Q0,FT934-11863,198,7483.256249999992,borda
445,Q0,LA011589-0049,199,7455.7974999999915,borda
445,Q0,FT942-9286,200,7437.068749999991,borda
445,Q0,LA120289-0027,201,7436.172499999991,borda
445,Q0,LA031890-0045,202,7419.672499999995,borda
445,Q0,LA071190-0094,203,7396.999999999993,borda
445,Q0,LA030390-0157,204,7391.903749999993,borda
445,Q0,LA062489-0042,205,7386.978749999992,borda
445,Q0,LA021689-0073,206,7352.683749999994,borda
445,Q0,LA041789-0056,207,7336.248749999993,borda
445,Q0,LA013190-0008,208,7332.178749999991,borda
445,Q0,LA121690-0047,209,7330.683749999991,borda
445,Q0,FT923-13647,210,7327.163749999992,borda
445,Q0,LA101489-0127,211,7321.159999999994,borda
445,Q0,LA031890-0054,212,7319.261249999992,borda
445,Q0,LA020190-0047,213,7265.026249999993,borda
445,Q0,FBIS4-20092,214,7256.507499999991,borda
445,Q0,FBIS4-23359,215,7252.4974999999895,borda
445,Q0,FT932-2151,216,7235.359999999993,borda
445,Q0,LA062489-0098,217,7219.732499999991,borda
445,Q0,LA111989-0215,218,7205.8024999999925,borda
445,Q0,LA031090-0106,219,7171.949999999992,borda
445,Q0,LA012189-0074,220,7171.738749999991,borda
445,Q0,LA070790-0120,221,7149.201249999993,borda
445,Q0,FT941-8007,222,7143.879999999992,borda
445,Q0,FBIS4-46783,223,7120.453749999993,borda
445,Q0,FT943-10127,224,7066.053749999994,borda
445,Q0,LA101390-0143,225,7038.251249999992,borda
445,Q0,LA090489-0057,226,7033.648749999992,borda
445,Q0,FT944-11130,227,7032.5612499999925,borda
445,Q0,LA032589-0082,228,6991.361249999993,borda
445,Q0,FR940525-1-00062,229,6990.722499999993,borda
445,Q0,LA120389-0082,230,6984.769999999994,borda
445,Q0,FR940324-2-00072,231,6981.748749999992,borda
445,Q0,LA062389-0125,232,6976.421249999995,borda
445,Q0,FBIS3-4833,233,6956.848749999993,borda
445,Q0,LA031189-0067,234,6946.431249999993,borda
445,Q0,FT941-12592,235,6923.292499999993,borda
445,Q0,LA092890-0184,236,6836.773749999992,borda
445,Q0,LA071589-0060,237,6832.398749999993,borda
445,Q0,FT941-3868,238,6825.653749999992,borda
445,Q0,LA040289-0106,239,6806.597499999994,borda
445,Q0,FT933-12541,240,6803.499999999994,borda
445,Q0,LA062789-0074,241,6771.959999999992,borda
445,Q0,FBIS4-8013,242,6756.011249999993,borda
445,Q0,FBIS3-47106,243,6712.847499999993,borda
445,Q0,LA031989-0178,244,6699.4637499999935,borda
445,Q0,LA041290-0246,245,6683.457499999994,borda
445,Q0,FT942-10347,246,6677.232499999993,borda
445,Q0,FT943-16349,247,6660.387499999992,borda
445,Q0,FBIS4-24790,248,6577.282499999994,borda
445,Q0,LA121689-0031,249,6564.176249999994,borda
445,Q0,LA020490-0008,250,6554.916249999993,borda
445,Q0,FBIS3-50066,251,6518.019999999994,borda
445,Q0,FBIS3-55142,252,6517.959999999995,borda
445,Q0,FR940525-1-00078,253,6507.423749999993,borda
445,Q0,FBIS4-25262,254,6484.474999999994,borda
445,Q0,LA022390-0059,255,6441.301249999992,borda
445,Q0,LA012590-0217,256,6441.218749999994,borda
445,Q0,LA051290-0133,257,6436.194999999994,borda
445,Q0,LA062390-0085,258,6382.197499999993,borda
445,Q0,FT932-15330,259,6381.094999999993,borda
445,Q0,LA083090-0056,260,6374.324999999993,borda
445,Q0,FT934-11650,261,6374.162499999995,borda
445,Q0,LA090989-0111,262,6334.303749999994,borda
445,Q0,LA121189-0051,263,6320.376249999995,borda
445,Q0,LA081190-0037,264,6316.429999999994,borda
445,Q0,FBIS4-13878,265,6313.454999999992,borda
445,Q0,FT923-13707,266,6308.429999999994,borda
445,Q0,FBIS4-54708,267,6253.041249999993,borda
445,Q0,FBIS3-60941,268,6252.1862499999925,borda
445,Q0,LA060389-0004,269,6231.557499999995,borda
445,Q0,FT941-7795,270,6216.497499999995,borda
445,Q0,LA051890-0074,271,6206.298749999991,borda
445,Q0,FT943-9500,272,6202.6774999999925,borda
445,Q0,LA072689-0037,273,6170.921249999993,borda
445,Q0,LA031189-0044,274,6161.286249999994,borda
445,Q0,LA011490-0146,275,6157.681249999994,borda
445,Q0,LA082089-0187,276,6142.951249999994,borda
445,Q0,FBIS4-44419,277,6134.862499999993,borda
445,Q0,FBIS4-23535,278,6127.731249999994,borda
445,Q0,LA063090-0103,279,6127.441249999993,borda
445,Q0,LA011290-0095,280,6127.438749999993,borda
445,Q0,FBIS4-44389,281,6110.084999999994,borda
445,Q0,FT934-13060,282,6074.466249999993,borda
445,Q0,FBIS3-24295,283,6053.636249999994,borda
445,Q0,FT934-17012,284,6053.592499999993,borda
445,Q0,LA070990-0060,285,6038.0574999999935,borda
445,Q0,LA030990-0169,286,6036.631249999993,borda
445,Q0,LA090890-0116,287,6021.969999999993,borda
445,Q0,LA120289-0148,288,5997.061249999994,borda
445,Q0,LA100889-0040,289,5995.383749999994,borda
445,Q0,LA102290-0049,290,5991.256249999995,borda
445,Q0,FT924-6652,291,5973.364999999995,borda
445,Q0,LA051889-0143,292,5943.084999999995,borda
445,Q0,FBIS4-60255,293,5935.023749999995,borda
445,Q0,LA101790-0142,294,5919.7587499999945,borda
445,Q0,FT923-8624,295,5910.776249999995,borda
445,Q0,LA030390-0126,296,5893.889999999994,borda
445,Q0,LA020889-0124,297,5873.147499999994,borda
445,Q0,FBIS4-18585,298,5871.509999999994,borda
445,Q0,FBIS4-56389,299,5855.189999999996,borda
445,Q0,LA051490-0051,300,5834.882499999992,borda
445,Q0,LA123189-0141,301,5832.992499999993,borda
445,Q0,FBIS4-22200,302,5771.7762499999935,borda
445,Q0,LA080289-0077,303,5764.852499999993,borda
445,Q0,LA032390-0024,304,5714.707499999992,borda
445,Q0,LA031590-0108,305,5708.388749999994,borda
445,Q0,FBIS4-25261,306,5680.119999999997,borda
445,Q0,LA052889-0100,307,5657.593749999994,borda
445,Q0,LA020990-0109,308,5654.848749999996,borda
445,Q0,FT943-4934,309,5621.471249999993,borda
445,Q0,FBIS3-51819,310,5609.868749999991,borda
445,Q0,FT911-106,311,5608.053749999994,borda
445,Q0,FT931-8399,312,5601.328749999994,borda
445,Q0,FBIS4-10097,313,5598.571249999994,borda
445,Q0,FT944-6724,314,5595.4099999999935,borda
445,Q0,FBIS4-10114,315,5591.8299999999945,borda
445,Q0,FT942-17115,316,5585.168749999994,borda
445,Q0,FBIS4-14828,317,5503.647499999994,borda
445,Q0,LA021789-0009,318,5470.976249999994,borda
445,Q0,FT921-11847,319,5463.8262499999955,borda
445,Q0,FT921-11857,320,5455.669999999995,borda
445,Q0,LA061089-0093,321,5448.738749999997,borda
445,Q0,LA060390-0087,322,5436.148749999994,borda
445,Q0,LA051990-0137,323,5433.214999999996,borda
445,Q0,LA011989-0157,324,5432.868749999994,borda
445,Q0,FBIS3-41711,325,5421.983749999993,borda
445,Q0,LA121790-0075,326,5415.711249999995,borda
445,Q0,LA032590-0108,327,5408.849999999994,borda
445,Q0,LA060289-0125,328,5395.157499999994,borda
445,Q0,FT932-2275,329,5394.354999999996,borda
445,Q0,FT924-7590,330,5388.4062499999945,borda
445,Q0,LA020890-0258,331,5382.689999999996,borda
445,Q0,LA012290-0036,332,5368.999999999995,borda
445,Q0,FT923-12425,333,5364.596249999995,borda
445,Q0,FT942-12994,334,5312.8749999999945,borda
445,Q0,FT943-5805,335,5310.746249999996,borda
445,Q0,LA010490-0172,336,5310.667499999994,borda
445,Q0,LA121690-0044,337,5301.009999999994,borda
445,Q0,LA100289-0105,338,5287.646249999996,borda
445,Q0,FBIS4-10154,339,5280.941249999995,borda
445,Q0,LA032689-0143,340,5266.789999999994,borda
445,Q0,LA110489-0106,341,5263.919999999995,borda
445,Q0,LA022189-0041,342,5240.769999999996,borda
445,Q0,FT921-4820,343,5205.729999999996,borda
445,Q0,FT941-9703,344,5204.341249999997,borda
445,Q0,FT924-4560,345,5124.956249999996,borda
445,Q0,FT941-6743,346,5093.308749999995,borda
445,Q0,FT922-13513,347,5088.123749999993,borda
445,Q0,FBIS3-58312,348,5045.057499999994,borda
445,Q0,LA011290-0110,349,5033.622499999995,borda
445,Q0,FR940919-2-00204,350,5032.308749999995,borda
445,Q0,FBIS4-27615,351,5031.299999999993,borda
445,Q0,LA121789-0007,352,5016.766249999996,borda
445,Q0,FBIS4-50841,353,5013.867499999994,borda
445,Q0,FBIS4-3333,354,4990.093749999995,borda
445,Q0,LA041490-0125,355,4983.103749999997,borda
445,Q0,FT931-15039,356,4947.126249999996,borda
445,Q0,LA080290-0174,357,4942.259999999995,borda
445,Q0,LA120990-0190,358,4938.267499999995,borda
445,Q0,FBIS4-2248,359,4930.7137499999935,borda
445,Q0,FBIS3-25144,360,4927.288749999995,borda
445,Q0,FBIS3-61348,361,4920.559999999994,borda
445,Q0,LA121989-0025,362,4900.389999999995,borda
445,Q0,LA080689-0085,363,4874.342499999996,borda
445,Q0,FT924-6311,364,4872.728749999997,borda
445,Q0,FBIS4-68113,365,4867.853749999992,borda
445,Q0,FT932-713,366,4865.493749999995,borda
445,Q0,FT944-730,367,4846.393749999996,borda
445,Q0,LA031990-0127,368,4828.757499999997,borda
445,Q0,FBIS3-12754,369,4806.813749999996,borda
445,Q0,LA032690-0125,370,4789.237499999996,borda
445,Q0,FBIS4-61124,371,4760.254999999995,borda
445,Q0,FBIS3-52894,372,4749.074999999993,borda
445,Q0,LA102989-0210,373,4746.167499999995,borda
445,Q0,LA122189-0165,374,4743.024999999993,borda
445,Q0,LA080590-0046,375,4739.654999999996,borda
445,Q0,LA031989-0049,376,4728.042499999995,borda
445,Q0,LA061089-0096,377,4726.306249999996,borda
445,Q0,LA102790-0158,378,4703.894999999994,borda
445,Q0,FBIS4-56685,379,4677.201249999994,borda
445,Q0,LA091289-0124,380,4664.876249999996,borda
445,Q0,LA010790-0018,381,4661.493749999996,borda
445,Q0,LA112289-0036,382,4654.624999999996,borda
445,Q0,FT921-11046,383,4650.528749999996,borda
445,Q0,LA030290-0067,384,4648.643749999996,borda
445,Q0,LA040590-0161,385,4638.543749999995,borda
445,Q0,LA123090-0143,386,4635.787499999997,borda
445,Q0,LA062589-0169,387,4622.924999999996,borda
445,Q0,LA091190-0138,388,4581.774999999996,borda
445,Q0,LA091690-0009,389,4574.511249999996,borda
445,Q0,LA092990-0078,390,4573.037499999997,borda
445,Q0,LA090990-0153,391,4572.473749999995,borda
445,Q0,LA100390-0013,392,4547.332499999995,borda
445,Q0,LA102989-0217,393,4497.363749999997,borda
445,Q0,FBIS4-67037,394,4483.606249999994,borda
445,Q0,FBIS4-59804,395,4476.893749999995,borda
445,Q0,LA122889-0092,396,4475.414999999997,borda
445,Q0,LA041290-0087,397,4471.073749999995,borda
445,Q0,LA051089-0030,398,4471.051249999997,borda
445,Q0,LA121189-0062,399,4448.254999999996,borda
445,Q0,LA051390-0219,400,4437.571249999996,borda
445,Q0,LA120289-0097,401,4407.736249999997,borda
445,Q0,LA120789-0126,402,4405.052499999996,borda
445,Q0,LA121690-0222,403,4397.164999999997,borda
445,Q0,LA122490-0020,404,4380.8662499999955,borda
445,Q0,FT941-11041,405,4374.953749999994,borda
445,Q0,LA060489-0116,406,4365.982499999996,borda
445,Q0,LA111789-0154,407,4365.427499999995,borda
445,Q0,LA061289-0080,408,4363.863749999997,borda
445,Q0,FT942-16458,409,4352.961249999994,borda
445,Q0,FBIS4-26072,410,4341.659999999996,borda
445,Q0,FBIS4-22184,411,4328.5899999999965,borda
445,Q0,FT943-15333,412,4324.594999999997,borda
445,Q0,FT924-388,413,4312.384999999997,borda
445,Q0,FT934-8686,414,4309.447499999994,borda
445,Q0,LA120789-0132,415,4283.617499999996,borda
445,Q0,LA062489-0060,416,4245.198749999995,borda
445,Q0,LA121689-0091,417,4224.818749999995,borda
445,Q0,LA010189-0113,418,4222.469999999996,borda
445,Q0,LA030989-0093,419,4215.553749999997,borda
445,Q0,LA062190-0053,420,4213.869999999995,borda
445,Q0,LA100590-0045,421,4206.199999999997,borda
445,Q0,FR940323-1-00033,422,4202.116249999996,borda
445,Q0,LA110989-0084,423,4200.022499999996,borda
445,Q0,LA112689-0139,424,4199.493749999997,borda
445,Q0,LA070490-0032,425,4190.9199999999955,borda
445,Q0,LA021089-0165,426,4179.228749999996,borda
445,Q0,LA061090-0056,427,4175.872499999995,borda
445,Q0,FR940826-0-00078,428,4175.404999999995,borda
445,Q0,LA121590-0081,429,4174.478749999996,borda
445,Q0,FBIS3-45610,430,4171.637499999996,borda
445,Q0,LA092390-0071,431,4167.443749999996,borda
445,Q0,FBIS4-60251,432,4165.486249999995,borda
445,Q0,FBIS3-19644,433,4164.758749999996,borda
445,Q0,FR940826-0-00148,434,4135.122499999996,borda
445,Q0,LA041590-0154,435,4112.899999999997,borda
445,Q0,FBIS4-24793,436,4111.261249999995,borda
445,Q0,FT933-17002,437,4090.394999999996,borda
445,Q0,LA111290-0060,438,4086.463749999996,borda
445,Q0,LA060689-0019,439,4073.2024999999953,borda
445,Q0,LA022690-0099,440,4067.976249999996,borda
445,Q0,LA062989-0178,441,4058.8462499999982,borda
445,Q0,FBIS3-7350,442,4054.1349999999948,borda
445,Q0,LA092890-0010,443,4043.687499999997,borda
445,Q0,FT922-2016,444,4039.663749999996,borda
445,Q0,FBIS4-8467,445,4013.527499999995,borda
445,Q0,LA011589-0050,446,4004.1562499999973,borda
445,Q0,LA080890-0143,447,4001.094999999998,borda
445,Q0,FBIS4-14256,448,3975.0712499999945,borda
445,Q0,FBIS3-11387,449,3964.9274999999943,borda
445,Q0,FT943-13956,450,3961.476249999996,borda
445,Q0,LA032190-0037,451,3949.9337499999956,borda
445,Q0,LA091390-0018,452,3948.381249999995,borda
445,Q0,FBIS4-40565,453,3941.897499999996,borda
445,Q0,LA101389-0052,454,3930.6587499999982,borda
445,Q0,FT944-647,455,3930.1637499999974,borda
445,Q0,FR941207-0-00144,456,3925.8524999999954,borda
445,Q0,FBIS3-13221,457,3925.2312499999957,borda
445,Q0,LA050690-0041,458,3917.307499999995,borda
445,Q0,LA061590-0082,459,3913.262499999997,borda
445,Q0,LA012289-0168,460,3902.1949999999965,borda
445,Q0,LA112889-0106,461,3896.6899999999955,borda
445,Q0,FT911-4175,462,3894.014999999997,borda
445,Q0,FBIS3-59816,463,3892.4899999999966,borda
445,Q0,FT941-9246,464,3879.8987499999957,borda
445,Q0,LA020490-0092,465,3866.1274999999955,borda
445,Q0,LA042890-0115,466,3863.6774999999984,borda
445,Q0,LA021090-0113,467,3859.818749999996,borda
445,Q0,LA041490-0128,468,3849.8287499999988,borda
445,Q0,LA072390-0035,469,3820.4637499999963,borda
445,Q0,FBIS4-51894,470,3806.0937499999964,borda
445,Q0,LA033189-0093,471,3796.9674999999957,borda
445,Q0,FBIS3-15698,472,3785.329999999995,borda
445,Q0,LA122490-0050,473,3778.481249999996,borda
445,Q0,LA070489-0106,474,3770.1524999999956,borda
445,Q0,FR940803-2-00058,475,3765.083749999996,borda
445,Q0,LA102890-0058,476,3764.3949999999973,borda
445,Q0,LA121889-0044,477,3758.2374999999965,borda
445,Q0,FR940111-0-00090,478,3751.552499999995,borda
445,Q0,LA080389-0191,479,3746.6674999999977,borda
445,Q0,FT934-4218,480,3704.4599999999964,borda
445,Q0,LA021790-0059,481,3704.096249999997,borda
445,Q0,LA111589-0014,482,3694.028749999996,borda
445,Q0,FT943-2945,483,3692.963749999996,borda
445,Q0,LA081289-0097,484,3689.5449999999964,borda
445,Q0,LA120489-0062,485,3688.656249999999,borda
445,Q0,FBIS3-7158,486,3686.636249999998,borda
445,Q0,LA040989-0121,487,3685.486249999998,borda
445,Q0,LA073089-0057,488,3677.347499999998,borda
445,Q0,LA050490-0201,489,3668.0137499999973,borda
445,Q0,FBIS3-12019,490,3656.396249999996,borda
445,Q0,LA020589-0108,491,3649.4999999999955,borda
445,Q0,LA030290-0143,492,3646.9199999999973,borda
445,Q0,LA031090-0108,493,3645.6787499999964,borda
445,Q0,FBIS4-68537,494,3641.138749999998,borda
445,Q0,FT923-7003,495,3628.938749999996,borda
445,Q0,LA042290-0094,496,3615.643749999997,borda
445,Q0,LA031790-0126,497,3611.327499999999,borda
445,Q0,FBIS4-12819,498,3606.741249999995,borda
445,Q0,FR940324-2-00071,499,3594.4262499999963,borda
445,Q0,FBIS3-27690,500,3590.1337499999963,borda
445,Q0,LA082389-0105,501,3583.249999999995,borda
445,Q0,FBIS3-21485,502,3573.786249999995,borda
445,Q0,FBIS4-60256,503,3568.9637499999976,borda
445,Q0,FBIS3-34887,504,3565.517499999996,borda
445,Q0,FT942-10908,505,3558.3199999999974,borda
445,Q0,FT942-132,506,3508.111249999997,borda
445,Q0,FBIS3-48330,507,3505.1724999999965,borda
445,Q0,LA071290-0133,508,3498.417499999997,borda
445,Q0,FT943-6604,509,3496.8912499999974,borda
445,Q0,LA122390-0123,510,3486.1962499999986,borda
445,Q0,LA031390-0140,511,3480.1112499999967,borda
445,Q0,LA081889-0103,512,3479.548749999997,borda
445,Q0,LA081389-0034,513,3478.947499999998,borda
445,Q0,LA112790-0138,514,3478.576249999998,borda
445,Q0,LA110489-0107,515,3477.973749999998,borda
445,Q0,LA053190-0065,516,3474.1137499999963,borda
445,Q0,FT944-9185,517,3453.9012499999963,borda
445,Q0,FBIS3-51307,518,3448.591249999996,borda
445,Q0,LA041790-0116,519,3441.901249999996,borda
445,Q0,LA042989-0026,520,3441.5999999999967,borda
445,Q0,FT931-9688,521,3436.6999999999953,borda
445,Q0,FBIS4-44985,522,3428.509999999996,borda
445,Q0,LA030789-0070,523,3426.1224999999954,borda
445,Q0,LA091190-0040,524,3422.318749999998,borda
445,Q0,FT924-2322,525,3396.899999999998,borda
445,Q0,FBIS4-25224,526,3386.6312499999963,borda
445,Q0,FBIS4-1141,527,3369.994999999997,borda
445,Q0,FBIS4-33139,528,3361.1424999999963,borda
445,Q0,LA110189-0119,529,3360.8599999999965,borda
445,Q0,LA112490-0085,530,3357.226249999998,borda
445,Q0,FBIS4-38811,531,3354.672499999996,borda
445,Q0,LA042990-0225,532,3354.1462499999957,borda
445,Q0,LA102490-0120,533,3351.5424999999987,borda
445,Q0,FT922-2091,534,3345.733749999997,borda
445,Q0,FT944-3963,535,3342.716249999997,borda
445,Q0,LA030390-0091,536,3335.321249999996,borda
445,Q0,LA080490-0103,537,3320.2924999999987,borda
445,Q0,LA121789-0181,538,3310.074999999999,borda
445,Q0,FT931-9438,539,3308.8687499999965,borda
445,Q0,FBIS3-59319,540,3294.3999999999965,borda
445,Q0,FR940912-2-00053,541,3282.4337499999974,borda
445,Q0,LA072389-0160,542,3281.301249999998,borda
445,Q0,FT931-10677,543,3278.3049999999985,borda
445,Q0,LA013189-0038,544,3274.2824999999953,borda
445,Q0,LA061290-0069,545,3269.882499999998,borda
445,Q0,LA051489-0100,546,3268.0674999999965,borda
445,Q0,FBIS3-61444,547,3262.706249999996,borda
445,Q0,LA101890-0206,548,3241.461249999998,borda
445,Q0,LA022490-0051,549,3224.951249999996,borda
445,Q0,LA022789-0073,550,3220.247499999997,borda
445,Q0,FT931-472,551,3217.3599999999983,borda
445,Q0,LA073190-0083,552,3214.1399999999976,borda
445,Q0,LA042789-0215,553,3210.193749999997,borda
445,Q0,FT934-1393,554,3208.5937499999973,borda
445,Q0,LA120389-0115,555,3203.0762499999973,borda
445,Q0,FT944-3723,556,3180.153749999998,borda
445,Q0,FBIS3-23933,557,3179.952499999997,borda
445,Q0,LA020289-0157,558,3166.456249999997,borda
445,Q0,LA082189-0061,559,3160.9312499999987,borda
445,Q0,LA021590-0211,560,3157.676249999996,borda
445,Q0,FBIS3-51067,561,3157.6437499999975,borda
445,Q0,FBIS3-24145,562,3150.2862499999983,borda
445,Q0,FT932-11644,563,3149.874999999998,borda
445,Q0,FBIS3-44835,564,3138.703749999997,borda
445,Q0,LA121190-0076,565,3136.396249999997,borda
445,Q0,FBIS3-3745,566,3136.1237499999975,borda
445,Q0,LA070290-0113,567,3124.7712499999975,borda
445,Q0,LA031089-0047,568,3115.7099999999987,borda
445,Q0,LA061689-0148,569,3113.513749999998,borda
445,Q0,LA010390-0078,570,3111.848749999997,borda
445,Q0,FT932-1621,571,3106.211249999996,borda
445,Q0,LA111790-0150,572,3088.922499999997,borda
445,Q0,LA122390-0058,573,3082.806249999997,borda
445,Q0,FT942-14017,574,3078.419999999997,borda
445,Q0,FR941205-2-00036,575,3078.0099999999957,borda
445,Q0,FR940722-0-00116,576,3076.362499999996,borda
445,Q0,LA121389-0001,577,3076.3449999999984,borda
445,Q0,FR941205-2-00153,578,3065.9187499999966,borda
445,Q0,LA060190-0139,579,3061.161249999998,borda
445,Q0,LA102290-0062,580,3056.964999999998,borda
445,Q0,FT921-11427,581,3042.072499999997,borda
445,Q0,LA112089-0059,582,3031.7499999999977,borda
445,Q0,LA112289-0050,583,3030.6124999999965,borda
445,Q0,LA092990-0141,584,3025.5674999999987,borda
445,Q0,LA090389-0006,585,3022.5274999999974,borda
445,Q0,LA052090-0097,586,3020.127499999998,borda
445,Q0,LA020690-0099,587,3011.3387499999963,borda
445,Q0,LA012290-0096,588,3000.2949999999987,borda
445,Q0,LA082289-0091,589,2993.3862499999977,borda
445,Q0,LA070489-0119,590,2989.6537499999968,borda
445,Q0,FR940323-2-00089,591,2986.283749999996,borda
445,Q0,FT934-14365,592,2978.261249999998,borda
445,Q0,FBIS4-36027,593,2969.311249999996,borda
445,Q0,LA122190-0021,594,2962.773749999997,borda
445,Q0,LA042089-0173,595,2960.696249999998,borda
445,Q0,FT933-6468,596,2958.7249999999985,borda
445,Q0,FBIS3-34437,597,2955.581249999998,borda
445,Q0,FBIS4-51388,598,2952.3099999999977,borda
445,Q0,LA081789-0043,599,2930.941249999998,borda
445,Q0,LA060590-0165,600,2927.2512499999975,borda
445,Q0,LA072389-0041,601,2919.472499999998,borda
445,Q0,LA081689-0062,602,2911.8762499999993,borda
445,Q0,FT941-17370,603,2901.7499999999977,borda
445,Q0,LA080189-0097,604,2900.8162499999958,borda
445,Q0,LA062990-0058,605,2898.3399999999983,borda
445,Q0,LA031289-0154,606,2892.4862499999977,borda
445,Q0,FR940617-0-00045,607,2890.198749999997,borda
445,Q0,FT932-13754,608,2889.5974999999976,borda
445,Q0,FT933-1024,609,2884.124999999997,borda
445,Q0,LA010790-0103,610,2883.041249999998,borda
445,Q0,LA021989-0188,611,2879.1499999999983,borda
445,Q0,LA120689-0026,612,2864.618749999998,borda
445,Q0,FT924-1071,613,2863.9462499999986,borda
445,Q0,LA032789-0069,614,2863.3637499999977,borda
445,Q0,FBIS3-26451,615,2846.896249999997,borda
445,Q0,LA020789-0111,616,2845.086249999998,borda
445,Q0,FBIS3-52389,617,2832.348749999998,borda
445,Q0,LA123089-0028,618,2817.6262499999984,borda
445,Q0,LA092189-0196,619,2817.6037499999966,borda
445,Q0,FT944-17896,620,2810.9687499999973,borda
445,Q0,FT943-482,621,2810.1524999999974,borda
445,Q0,LA020489-0004,622,2807.1099999999988,borda
445,Q0,FT923-125,623,2801.2524999999964,borda
445,Q0,LA111289-0077,624,2794.9237499999986,borda
445,Q0,LA101389-0140,625,2790.016249999999,borda
445,Q0,LA030390-0028,626,2788.3149999999964,borda
445,Q0,FBIS4-10772,627,2785.149999999999,borda
445,Q0,LA092790-0070,628,2782.534999999998,borda
445,Q0,LA071690-0096,629,2772.4549999999986,borda
445,Q0,FT934-741,630,2752.617499999998,borda
445,Q0,FT934-4803,631,2749.6262499999957,borda
445,Q0,FT944-6718,632,2729.7774999999983,borda
445,Q0,LA030190-0138,633,2727.9437499999967,borda
445,Q0,LA060990-0107,634,2721.496249999998,borda
445,Q0,FBIS4-66765,635,2717.143749999999,borda
445,Q0,FT922-14827,636,2716.194999999998,borda
445,Q0,LA122390-0087,637,2712.856249999998,borda
445,Q0,FT942-17412,638,2700.512499999996,borda
445,Q0,FBIS4-8379,639,2696.7612499999964,borda
445,Q0,LA091489-0022,640,2696.712499999998,borda
445,Q0,FBIS4-24794,641,2693.044999999998,borda
445,Q0,LA011789-0107,642,2688.118749999997,borda
445,Q0,LA061189-0149,643,2679.657499999999,borda
445,Q0,LA022689-0069,644,2668.876249999998,borda
445,Q0,LA101289-0108,645,2667.127499999996,borda
445,Q0,FBIS4-45048,646,2663.3787499999985,borda
445,Q0,FBIS3-18647,647,2662.3199999999974,borda
445,Q0,FT911-1344,648,2639.7337499999985,borda
445,Q0,LA051090-0060,649,2639.6449999999973,borda
445,Q0,LA052689-0108,650,2638.078749999999,borda
445,Q0,FBIS3-41690,651,2631.9212499999985,borda
445,Q0,FT924-14852,652,2625.7637499999987,borda
445,Q0,FBIS3-37566,653,2618.6849999999968,borda
445,Q0,FBIS4-22294,654,2612.434999999998,borda
445,Q0,FT932-233,655,2606.8724999999963,borda
445,Q0,LA022890-0125,656,2606.6112499999977,borda
445,Q0,LA022689-0096,657,2604.9562499999993,borda
445,Q0,LA070789-0123,658,2594.1024999999986,borda
445,Q0,LA120989-0076,659,2585.9837499999967,borda
445,Q0,FT924-12640,660,2582.0987499999974,borda
445,Q0,LA040789-0083,661,2565.967499999996,borda
445,Q0,LA121489-0207,662,2556.7112499999985,borda
445,Q0,LA112990-0045,663,2548.8487499999974,borda
445,Q0,FT932-6456,664,2543.9949999999976,borda
445,Q0,LA061390-0104,665,2540.0162499999965,borda
445,Q0,LA100790-0073,666,2531.826249999998,borda
445,Q0,FR940513-2-00068,667,2528.7924999999977,borda
445,Q0,FT932-17072,668,2526.617499999998,borda
445,Q0,FT943-5141,669,2523.4912499999978,borda
445,Q0,FBIS4-25218,670,2523.2849999999976,borda
445,Q0,LA022890-0126,671,2516.009999999997,borda
445,Q0,FT921-8909,672,2511.0312499999977,borda
445,Q0,LA012190-0058,673,2510.5687499999995,borda
445,Q0,FBIS4-24705,674,2510.474999999998,borda
445,Q0,LA121789-0186,675,2510.2587499999995,borda
445,Q0,FBIS4-10737,676,2506.9874999999965,borda
445,Q0,LA120790-0101,677,2495.1837499999965,borda
445,Q0,FT934-4880,678,2490.7887499999974,borda
445,Q0,LA061090-0237,679,2484.4912499999978,borda
445,Q0,LA082489-0101,680,2482.4887499999995,borda
445,Q0,FT934-10114,681,2478.3087499999965,borda
445,Q0,FBIS4-7891,682,2466.7137499999967,borda
445,Q0,FR940513-0-00110,683,2466.5987499999987,borda
445,Q0,FBIS3-38611,684,2460.854999999998,borda
445,Q0,LA082390-0153,685,2458.1312499999976,borda
445,Q0,FR940826-0-00070,686,2436.224999999997,borda
445,Q0,FBIS4-24797,687,2430.2449999999976,borda
445,Q0,FT944-6865,688,2428.079999999998,borda
445,Q0,FBIS4-36743,689,2414.4937499999974,borda
445,Q0,LA090290-0160,690,2410.591249999998,borda
445,Q0,FBIS3-33774,691,2409.7562499999967,borda
445,Q0,FBIS4-25792,692,2402.966249999998,borda
445,Q0,LA091090-0071,693,2401.3049999999976,borda
445,Q0,FT941-11677,694,2396.1899999999987,borda
445,Q0,FBIS3-52394,695,2396.1837499999983,borda
445,Q0,LA112789-0036,696,2394.4437499999985,borda
445,Q0,LA081989-0009,697,2393.209999999998,borda
445,Q0,FT922-2824,698,2389.2974999999983,borda
445,Q0,FBIS3-22551,699,2381.696249999998,borda
445,Q0,FBIS3-11165,700,2381.6862499999957,borda
445,Q0,LA041690-0042,701,2380.9499999999985,borda
445,Q0,LA082489-0084,702,2380.428749999997,borda
445,Q0,FBIS4-66184,703,2372.431249999997,borda
445,Q0,LA021089-0125,704,2372.1787499999978,borda
445,Q0,FT924-12637,705,2358.8362499999985,borda
445,Q0,LA051589-0038,706,2354.5624999999986,borda
445,Q0,FBIS3-47851,707,2352.5187499999984,borda
445,Q0,FT931-14257,708,2342.921249999998,borda
445,Q0,LA112689-0141,709,2342.8787499999985,borda
445,Q0,FBIS3-5721,710,2342.0524999999984,borda
445,Q0,LA110490-0129,711,2341.0512499999986,borda
445,Q0,LA093090-0194,712,2327.512499999998,borda
445,Q0,LA090289-0086,713,2327.5024999999982,borda
445,Q0,LA020189-0098,714,2326.7349999999965,borda
445,Q0,FBIS3-54460,715,2324.6412499999988,borda
445,Q0,FBIS3-61092,716,2321.5787499999997,borda
445,Q0,FBIS3-57362,717,2316.806249999996,borda
445,Q0,LA020889-0063,718,2312.709999999998,borda
445,Q0,FT933-6012,719,2311.038749999998,borda
445,Q0,LA081389-0026,720,2306.2374999999975,borda
445,Q0,FBIS3-1293,721,2304.3637499999977,borda
445,Q0,LA070690-0024,722,2303.8999999999996,borda
445,Q0,LA111789-0152,723,2302.464999999999,borda
445,Q0,FBIS3-42303,724,2301.0337499999973,borda
445,Q0,LA042089-0180,725,2297.743749999999,borda
445,Q0,FBIS3-12662,726,2297.2512499999966,borda
445,Q0,FT934-1569,727,2295.6324999999974,borda
445,Q0,LA030490-0198,728,2288.7524999999973,borda
445,Q0,FBIS3-6941,729,2287.327499999996,borda
445,Q0,FBIS3-33498,730,2283.9349999999986,borda
445,Q0,FR940323-1-00027,731,2273.471249999997,borda
445,Q0,LA021489-0102,732,2272.5224999999996,borda
445,Q0,LA091490-0161,733,2268.4512499999983,borda
445,Q0,LA101089-0058,734,2264.282499999997,borda
445,Q0,LA113090-0160,735,2258.1049999999996,borda
445,Q0,LA112789-0037,736,2256.1887499999984,borda
445,Q0,LA090990-0247,737,2253.81625,borda
445,Q0,LA110390-0113,738,2250.5412499999998,borda
445,Q0,LA043090-0116,739,2250.0399999999977,borda
445,Q0,FT932-6518,740,2248.3312499999975,borda
445,Q0,FT943-8964,741,2247.6637499999983,borda
445,Q0,LA101289-0031,742,2239.7087499999993,borda
445,Q0,FT932-4270,743,2233.5599999999986,borda
445,Q0,LA030589-0190,744,2228.771249999997,borda
445,Q0,LA022889-0171,745,2227.942499999997,borda
445,Q0,FBIS3-61256,746,2223.984999999999,borda
445,Q0,LA041290-0245,747,2222.2749999999983,borda
445,Q0,FBIS4-10116,748,2221.837499999996,borda
445,Q0,LA012590-0189,749,2221.578749999998,borda
445,Q0,FT932-3422,750,2219.7237499999987,borda
445,Q0,FR940429-0-00030,751,2216.4287499999964,borda
445,Q0,FR940513-2-00079,752,2215.688749999998,borda
445,Q0,LA011190-0202,753,2212.767499999998,borda
445,Q0,LA050989-0126,754,2209.9987499999997,borda
445,Q0,LA031689-0122,755,2205.1524999999997,borda
445,Q0,FT931-11344,756,2205.037499999998,borda
445,Q0,FT942-11284,757,2204.9999999999986,borda
445,Q0,LA100889-0082,758,2197.536249999998,borda
445,Q0,FT931-243,759,2197.3974999999987,borda
445,Q0,LA040889-0122,760,2190.7024999999985,borda
445,Q0,LA021090-0053,761,2186.2599999999975,borda
445,Q0,FT941-16509,762,2185.8849999999993,borda
445,Q0,FT924-3213,763,2184.101249999998,borda
445,Q0,FT924-10160,764,2182.5999999999976,borda
445,Q0,LA090290-0035,765,2178.048749999998,borda
445,Q0,FT943-7702,766,2176.7937499999985,borda
445,Q0,FT931-1124,767,2175.3724999999968,borda
445,Q0,LA112689-0196,768,2175.2462499999983,borda
445,Q0,LA112290-0063,769,2174.5174999999977,borda
445,Q0,LA112889-0092,770,2169.677499999998,borda
445,Q0,FBIS3-22526,771,2166.802499999999,borda
445,Q0,FBIS4-66517,772,2163.974999999996,borda
445,Q0,LA101490-0035,773,2163.3374999999987,borda
445,Q0,FBIS3-12561,774,2159.548749999998,borda
445,Q0,LA021489-0087,775,2156.6012499999983,borda
445,Q0,FBIS4-57728,776,2150.5649999999964,borda
445,Q0,LA071790-0016,777,2150.2874999999995,borda
445,Q0,LA031190-0133,778,2148.5800000000004,borda
445,Q0,FR940805-0-00062,779,2147.9624999999974,borda
445,Q0,LA021590-0055,780,2147.497499999998,borda
445,Q0,LA032090-0013,781,2143.3874999999985,borda
445,Q0,LA101689-0022,782,2137.995,borda
445,Q0,FBIS3-23161,783,2137.492499999998,borda
445,Q0,FR940323-1-00017,784,2135.4787499999975,borda
445,Q0,FT944-10914,785,2133.4212499999994,borda
445,Q0,LA100390-0138,786,2132.3362499999976,borda
445,Q0,LA091490-0138,787,2130.1299999999974,borda
445,Q0,FBIS4-39998,788,2124.767499999997,borda
445,Q0,LA111190-0161,789,2124.0512499999973,borda
445,Q0,LA021989-0004,790,2122.6525,borda
445,Q0,LA062090-0115,791,2121.572499999997,borda
445,Q0,FBIS3-17782,792,2120.543749999996,borda
445,Q0,FT921-5974,793,2119.8249999999994,borda
445,Q0,FT942-9556,794,2117.1762499999986,borda
445,Q0,LA061389-0024,795,2115.0562499999974,borda
445,Q0,LA052990-0080,796,2110.1287499999976,borda
445,Q0,LA022689-0083,797,2109.7649999999994,borda
445,Q0,LA060390-0102,798,2109.4599999999996,borda
445,Q0,LA030190-0110,799,2103.889999999997,borda
445,Q0,LA101190-0078,800,2103.3887499999987,borda
445,Q0,FBIS3-4743,801,2098.547499999998,borda
445,Q0,FBIS4-27818,802,2084.4899999999984,borda
445,Q0,LA070389-0063,803,2082.8212499999977,borda
445,Q0,LA080590-0145,804,2082.457499999999,borda
445,Q0,LA081989-0053,805,2073.8549999999987,borda
445,Q0,FBIS4-66256,806,2069.612499999999,borda
445,Q0,FBIS3-54461,807,2069.326249999999,borda
445,Q0,FBIS3-41874,808,2063.9049999999984,borda
445,Q0,LA032990-0077,809,2052.0912499999968,borda
445,Q0,FT934-11236,810,2051.724999999998,borda
445,Q0,FT933-13658,811,2046.5724999999989,borda
445,Q0,LA093090-0089,812,2045.5724999999975,borda
445,Q0,LA092290-0156,813,2040.6112499999988,borda
445,Q0,LA110689-0009,814,2037.8474999999985,borda
445,Q0,FBIS4-22302,815,2036.269999999998,borda
445,Q0,FBIS4-60362,816,2034.9724999999967,borda
445,Q0,FT941-8192,817,2032.5999999999979,borda
445,Q0,LA081890-0060,818,2032.2049999999979,borda
445,Q0,FR940627-2-00067,819,2028.0137499999983,borda
445,Q0,FT934-13390,820,2027.0612499999982,borda
445,Q0,FR940323-1-00023,821,2026.9112499999967,borda
445,Q0,LA042189-0138,822,2026.2762499999976,borda
445,Q0,LA121189-0064,823,2014.3424999999972,borda
445,Q0,FBIS4-37350,824,2008.5874999999974,borda
445,Q0,LA071389-0086,825,2005.9024999999988,borda
445,Q0,LA050690-0043,826,2004.1474999999978,borda
445,Q0,LA062390-0138,827,2003.032499999999,borda
445,Q0,LA070390-0138,828,2003.027499999999,borda
445,Q0,FBIS3-46101,829,2002.8274999999971,borda
445,Q0,LA011989-0200,830,1995.8849999999982,borda
445,Q0,FT923-14305,831,1986.1587499999973,borda
445,Q0,LA052489-0104,832,1985.5349999999978,borda
445,Q0,FT921-6996,833,1980.1674999999977,borda
445,Q0,LA081790-0112,834,1980.0799999999972,borda
445,Q0,LA071489-0001,835,1978.4887499999977,borda
445,Q0,FT922-13705,836,1977.4349999999972,borda
445,Q0,FT932-3401,837,1968.8587499999978,borda
445,Q0,FBIS3-19407,838,1967.2487499999972,borda
445,Q0,FT932-13089,839,1959.3737499999977,borda
445,Q0,LA012690-0050,840,1959.2724999999969,borda
445,Q0,FT921-15854,841,1958.6062499999969,borda
445,Q0,FBIS3-26553,842,1955.962499999998,borda
445,Q0,FT941-17601,843,1955.0999999999983,borda
445,Q0,FT932-16159,844,1945.8799999999974,borda
445,Q0,FBIS3-22516,845,1942.5249999999985,borda
445,Q0,FT931-10622,846,1940.981249999997,borda
445,Q0,LA052190-0143,847,1940.1237499999982,borda
445,Q0,FBIS3-22565,848,1922.0312499999975,borda
445,Q0,FT934-904,849,1917.872499999999,borda
445,Q0,FT923-9194,850,1912.6624999999983,borda
445,Q0,FBIS3-47892,851,1907.7649999999971,borda
445,Q0,FR940722-0-00141,852,1899.2524999999976,borda
445,Q0,LA022389-0147,853,1898.8962499999993,borda
445,Q0,FT944-1746,854,1894.1862499999975,borda
445,Q0,FBIS3-2605,855,1892.7349999999976,borda
445,Q0,FT943-9176,856,1891.0774999999976,borda
445,Q0,LA100289-0043,857,1890.2499999999989,borda
445,Q0,FR940323-1-00015,858,1889.2699999999975,borda
445,Q0,FR940406-1-00006,859,1888.3787499999976,borda
445,Q0,LA052189-0024,860,1879.679999999999,borda
445,Q0,LA011090-0076,861,1876.951249999997,borda
445,Q0,FR940930-2-00047,862,1876.1387499999985,borda
445,Q0,FT934-5134,863,1874.1324999999972,borda
445,Q0,LA102889-0099,864,1866.8049999999992,borda
445,Q0,FT931-16560,865,1865.9162499999977,borda
445,Q0,LA043089-0012,866,1865.6949999999981,borda
445,Q0,LA060689-0078,867,1865.3987499999992,borda
445,Q0,FBIS3-54540,868,1862.896249999997,borda
445,Q0,FBIS4-48062,869,1859.264999999998,borda
445,Q0,FBIS4-66511,870,1857.2012499999987,borda
445,Q0,LA021389-0085,871,1854.3287499999974,borda
445,Q0,LA101689-0039,872,1852.9137499999981,borda
445,Q0,LA072890-0106,873,1850.192499999999,borda
445,Q0,FT942-10905,874,1849.5512499999982,borda
445,Q0,LA082390-0069,875,1841.7249999999988,borda
445,Q0,LA040790-0004,876,1838.8274999999987,borda
445,Q0,FT924-11986,877,1837.7674999999979,borda
445,Q0,LA081990-0223,878,1832.053749999999,borda
445,Q0,LA070390-0073,879,1828.3199999999974,borda
445,Q0,FT944-4739,880,1824.603749999998,borda
445,Q0,LA042890-0118,881,1824.3712499999988,borda
445,Q0,LA082689-0100,882,1820.5374999999972,borda
445,Q0,FT932-3602,883,1820.053749999997,borda
445,Q0,FBIS4-48037,884,1819.5862499999994,borda
445,Q0,LA111990-0108,885,1819.2462499999983,borda
445,Q0,FR940328-2-00119,886,1817.8524999999986,borda
445,Q0,LA060790-0195,887,1813.904999999998,borda
445,Q0,FR940110-1-00010,888,1811.7462499999976,borda
445,Q0,LA072489-0040,889,1806.1474999999991,borda
445,Q0,LA062289-0207,890,1803.8774999999982,borda
445,Q0,LA021789-0149,891,1803.1224999999981,borda
445,Q0,LA102989-0017,892,1802.9274999999986,borda
445,Q0,FBIS4-27999,893,1802.332499999998,borda
445,Q0,FBIS3-3107,894,1795.9762499999977,borda
445,Q0,LA011089-0075,895,1792.836249999998,borda
445,Q0,LA080590-0159,896,1792.5649999999982,borda
445,Q0,FBIS3-2457,897,1790.3462499999976,borda
445,Q0,FT943-5357,898,1787.179999999998,borda
445,Q0,FBIS3-47057,899,1778.5799999999972,borda
445,Q0,LA091789-0072,900,1777.899999999999,borda
445,Q0,LA032190-0102,901,1777.8024999999989,borda
445,Q0,LA042890-0067,902,1775.237499999999,borda
445,Q0,FBIS4-66265,903,1774.9462499999977,borda
445,Q0,LA052190-0112,904,1774.4199999999983,borda
445,Q0,FBIS4-57735,905,1774.0174999999979,borda
445,Q0,LA022590-0053,906,1766.5524999999989,borda
445,Q0,FBIS4-61234,907,1763.9312499999971,borda
445,Q0,FBIS4-27937,908,1759.8937499999977,borda
445,Q0,FR940722-0-00142,909,1759.6799999999978,borda
445,Q0,FT941-12337,910,1758.877499999999,borda
445,Q0,FBIS3-30649,911,1758.6537499999977,borda
445,Q0,LA111889-0136,912,1758.3324999999982,borda
445,Q0,FBIS4-25237,913,1756.5012499999982,borda
445,Q0,FT934-1174,914,1754.9599999999982,borda
445,Q0,LA012190-0176,915,1752.9212499999987,borda
445,Q0,LA040289-0097,916,1750.3274999999983,borda
445,Q0,LA110390-0116,917,1746.9399999999991,borda
445,Q0,FR940110-1-00016,918,1746.8662499999978,borda
445,Q0,FBIS3-61562,919,1741.9549999999983,borda
445,Q0,FBIS3-2068,920,1740.1224999999972,borda
445,Q0,FBIS3-24618,921,1739.4474999999986,borda
445,Q0,FT922-4215,922,1735.2799999999977,borda
445,Q0,FT941-6626,923,1735.0712499999988,borda
445,Q0,LA110789-0027,924,1734.0524999999984,borda
445,Q0,LA102989-0132,925,1732.026249999999,borda
445,Q0,LA070390-0079,926,1728.1087499999976,borda
445,Q0,FT934-7059,927,1724.498749999998,borda
445,Q0,LA071689-0034,928,1723.9299999999978,borda
445,Q0,LA040789-0108,929,1723.4637499999985,borda
445,Q0,FBIS3-13224,930,1723.3937499999986,borda
445,Q0,FBIS4-37813,931,1721.1024999999972,borda
445,Q0,LA061889-0143,932,1717.3437499999989,borda
445,Q0,LA102889-0070,933,1716.5799999999992,borda
445,Q0,LA021890-0002,934,1716.4387499999987,borda
445,Q0,FR940722-0-00143,935,1710.791249999998,borda
445,Q0,LA110589-0228,936,1704.7349999999985,borda
445,Q0,LA101490-0234,937,1704.5149999999978,borda
445,Q0,FBIS3-50059,938,1703.019999999998,borda
445,Q0,FBIS3-32767,939,1698.5337499999978,borda
445,Q0,FT933-8810,940,1697.6987499999982,borda
445,Q0,LA020589-0077,941,1695.616249999998,borda
445,Q0,LA060289-0092,942,1695.3862499999984,borda
445,Q0,LA050190-0068,943,1691.4112499999983,borda
445,Q0,LA122389-0121,944,1684.6212499999986,borda
445,Q0,FT942-10576,945,1681.0174999999974,borda
445,Q0,LA062089-0132,946,1679.073749999998,borda
445,Q0,FT933-7344,947,1677.5849999999984,borda
445,Q0,LA070189-0057,948,1677.5574999999972,borda
445,Q0,LA040289-0084,949,1676.5549999999978,borda
445,Q0,FBIS3-61355,950,1675.3874999999973,borda
445,Q0,FBIS4-63291,951,1673.3674999999976,borda
445,Q0,FT943-4066,952,1670.5774999999983,borda
445,Q0,FBIS3-2456,953,1669.5112499999977,borda
445,Q0,LA061689-0036,954,1665.128749999998,borda
445,Q0,LA110189-0133,955,1664.7674999999988,borda
445,Q0,LA081190-0039,956,1662.7474999999981,borda
445,Q0,LA121389-0088,957,1658.731249999999,borda
445,Q0,FBIS3-33304,958,1656.5124999999975,borda
445,Q0,FBIS4-18753,959,1652.9687499999982,borda
445,Q0,LA070289-0036,960,1645.4099999999983,borda
445,Q0,FBIS3-24007,961,1644.8437499999973,borda
445,Q0,FBIS4-50925,962,1644.839999999998,borda
445,Q0,LA102890-0158,963,1641.5524999999982,borda
445,Q0,LA072789-0027,964,1639.9549999999972,borda
445,Q0,LA041490-0124,965,1636.279999999999,borda
445,Q0,LA112389-0161,966,1631.9462499999984,borda
445,Q0,FT944-12936,967,1629.8637499999986,borda
445,Q0,FT933-9197,968,1627.5612499999984,borda
445,Q0,LA053090-0042,969,1625.5899999999983,borda
445,Q0,FBIS4-24796,970,1623.5437499999978,borda
445,Q0,LA102190-0072,971,1622.2512499999984,borda
445,Q0,FBIS3-41666,972,1622.1499999999987,borda
445,Q0,LA052790-0183,973,1620.0987499999983,borda
445,Q0,LA083090-0012,974,1619.6074999999978,borda
445,Q0,LA091589-0123,975,1619.573749999999,borda
445,Q0,FT942-15681,976,1617.8599999999979,borda
445,Q0,FT931-13249,977,1615.4799999999977,borda
445,Q0,FT934-15698,978,1614.3449999999991,borda
445,Q0,LA020490-0136,979,1612.7449999999988,borda
445,Q0,LA100489-0136,980,1610.0612499999988,borda
445,Q0,LA101690-0035,981,1607.9574999999984,borda
445,Q0,LA102989-0079,982,1606.997499999999,borda
445,Q0,LA061090-0035,983,1605.013749999998,borda
445,Q0,LA111790-0057,984,1603.959999999999,borda
445,Q0,LA040590-0168,985,1602.568749999999,borda
445,Q0,FBIS4-24333,986,1601.3224999999977,borda
445,Q0,LA070490-0119,987,1599.579999999999,borda
445,Q0,FT923-9092,988,1593.9774999999977,borda
445,Q0,FBIS3-25354,989,1589.0437499999975,borda
445,Q0,LA052890-0024,990,1587.2362499999983,borda
445,Q0,FBIS4-24568,991,1586.1812499999976,borda
445,Q0,LA122490-0037,992,1585.6474999999984,borda
445,Q0,FBIS4-57004,993,1583.6474999999982,borda
445,Q0,LA010790-0123,994,1581.7137499999983,borda
445,Q0,FBIS3-50811,995,1578.9312499999978,borda
445,Q0,FBIS4-66217,996,1575.8649999999989,borda
445,Q0,FT922-2884,997,1572.492499999998,borda
445,Q0,LA030589-0203,998,1570.8124999999975,borda
445,Q0,FT932-15483,999,1570.7962499999985,borda
445,Q0,LA061189-0006,1000,1570.6124999999981,borda
601,Q0,FT923-11593,1,12832.354999999987,borda
601,Q0,FT944-10568,2,12778.95749999999,borda
601,Q0,FT931-10200,3,12774.673749999985,borda
601,Q0,FT931-13722,4,12733.396249999987,borda
601,Q0,FT923-9764,5,12686.771249999987,borda
601,Q0,FT932-15240,6,12609.257499999992,borda
601,Q0,FBIS4-64831,7,12575.832499999986,borda
601,Q0,FT943-6412,8,12536.644999999986,borda
601,Q0,FBIS3-12202,9,12483.598749999988,borda
601,Q0,FT922-6902,10,12446.548749999987,borda
601,Q0,FT923-11594,11,12403.198749999989,borda
601,Q0,FBIS3-42321,12,12345.141249999986,borda
601,Q0,FT931-14451,13,12143.362499999987,borda
601,Q0,FT942-15268,14,12051.048749999987,borda
601,Q0,FT944-11835,15,12008.114999999987,borda
601,Q0,FBIS3-38723,16,11979.111249999987,borda
601,Q0,FBIS3-38725,17,11905.37999999999,borda
601,Q0,FT932-10594,18,11769.528749999985,borda
601,Q0,FT922-13069,19,11569.831249999988,borda
601,Q0,FBIS4-12783,20,11429.936249999988,borda
601,Q0,FBIS4-13892,21,11313.884999999987,borda
601,Q0,FBIS4-42590,22,11291.363749999988,borda
601,Q0,FBIS4-43964,23,11279.142499999989,borda
601,Q0,FBIS3-59870,24,11119.086249999986,borda
601,Q0,FBIS4-13367,25,11114.50874999999,borda
601,Q0,FT931-11284,26,11083.768749999988,borda
601,Q0,FT923-11590,27,10996.42999999999,borda
601,Q0,FBIS3-53517,28,10887.094999999988,borda
601,Q0,FBIS4-12888,29,10733.67124999999,borda
601,Q0,FT933-12069,30,10653.522499999988,borda
601,Q0,FT923-11591,31,10614.618749999989,borda
601,Q0,FBIS3-53222,32,10453.744999999988,borda
601,Q0,FBIS4-45772,33,10433.072499999987,borda
601,Q0,FBIS4-13198,34,10398.42249999999,borda
601,Q0,FT934-6262,35,10351.39624999999,borda
601,Q0,FBIS4-66769,36,10307.349999999988,borda
601,Q0,FBIS4-60381,37,10307.27374999999,borda
601,Q0,FBIS4-63685,38,10294.406249999987,borda
601,Q0,FT931-9925,39,10166.847499999987,borda
601,Q0,FBIS4-43099,40,10148.75374999999,borda
601,Q0,FBIS4-18973,41,10128.953749999991,borda
601,Q0,FBIS3-34943,42,10000.21374999999,borda
601,Q0,FBIS4-59241,43,9958.41374999999,borda
601,Q0,FBIS3-13904,44,9928.559999999989,borda
601,Q0,FBIS4-44484,45,9897.009999999991,borda
601,Q0,FT921-3347,46,9770.433749999991,borda
601,Q0,LA060489-0117,47,9765.00999999999,borda
601,Q0,FBIS4-12834,48,9659.599999999991,borda
601,Q0,FT924-10904,49,9571.927499999989,borda
601,Q0,FBIS3-58675,50,9552.19749999999,borda
601,Q0,FBIS4-64614,51,9489.29749999999,borda
601,Q0,FBIS4-44141,52,9476.888749999991,borda
601,Q0,FBIS3-22369,53,9461.594999999988,borda
601,Q0,FT933-12657,54,9442.81874999999,borda
601,Q0,FBIS4-1981,55,9435.67999999999,borda
601,Q0,FBIS4-45770,56,9348.596249999991,borda
601,Q0,FT932-1173,57,9257.473749999988,borda
601,Q0,FBIS4-13679,58,9237.339999999991,borda
601,Q0,FT922-5105,59,9227.48624999999,borda
601,Q0,FBIS3-34418,60,9227.258749999992,borda
601,Q0,FBIS4-64814,61,9224.74124999999,borda
601,Q0,FBIS3-38319,62,9192.756249999991,borda
601,Q0,FR940721-2-00033,63,9190.531249999989,borda
601,Q0,FBIS3-33829,64,9112.74124999999,borda
601,Q0,FT924-15064,65,9098.679999999991,borda
601,Q0,LA080990-0107,66,9093.31499999999,borda
601,Q0,FT921-202,67,9051.773749999993,borda
601,Q0,FT942-7533,68,9021.10749999999,borda
601,Q0,FBIS3-53386,69,8988.70374999999,borda
601,Q0,FBIS3-34542,70,8983.47749999999,borda
601,Q0,FT911-1587,71,8969.058749999993,borda
601,Q0,FR940404-2-00028,72,8935.426249999991,borda
601,Q0,FBIS4-20186,73,8928.20499999999,borda
601,Q0,FT933-12661,74,8914.346249999991,borda
601,Q0,FBIS3-22190,75,8882.669999999991,borda
601,Q0,FBIS4-12379,76,8818.013749999993,borda
601,Q0,FBIS4-35893,77,8803.24124999999,borda
601,Q0,FBIS3-34075,78,8732.38124999999,borda
601,Q0,FBIS4-24435,79,8711.686249999992,borda
601,Q0,FT911-1462,80,8690.707499999991,borda
601,Q0,FBIS3-52927,81,8671.947499999991,borda
601,Q0,FT923-6416,82,8654.92624999999,borda
601,Q0,LA102389-0004,83,8626.90374999999,borda
601,Q0,FBIS4-7892,84,8598.794999999993,borda
601,Q0,FBIS4-42266,85,8593.446249999994,borda
601,Q0,FBIS4-14159,86,8588.394999999991,borda
601,Q0,FT924-7785,87,8566.63624999999,borda
601,Q0,FT931-3081,88,8539.679999999991,borda
601,Q0,FBIS4-64414,89,8524.19499999999,borda
601,Q0,FBIS4-20184,90,8491.553749999992,borda
601,Q0,FR940721-2-00031,91,8444.713749999992,borda
601,Q0,FR940617-2-00077,92,8426.473749999992,borda
601,Q0,FR940721-2-00032,93,8420.457499999991,borda
601,Q0,FBIS4-38124,94,8406.384999999991,borda
601,Q0,FR940414-2-00021,95,8321.46249999999,borda
601,Q0,FBIS4-13360,96,8317.177499999993,borda
601,Q0,FR940418-2-00054,97,8299.258749999992,borda
601,Q0,FR940721-2-00030,98,8286.822499999991,borda
601,Q0,FT932-10589,99,8226.268749999992,borda
601,Q0,FT933-4836,100,8208.572499999993,borda
601,Q0,FBIS4-43281,101,8142.886249999992,borda
601,Q0,FBIS4-12020,102,8124.656249999991,borda
601,Q0,FBIS3-58363,103,8120.557499999992,borda
601,Q0,FBIS4-67351,104,8079.719999999991,borda
601,Q0,LA122090-0177,105,8071.992499999991,borda
601,Q0,FBIS4-2007,106,8010.71624999999,borda
601,Q0,FT911-4868,107,7951.43374999999,borda
601,Q0,FR940803-1-00080,108,7950.749999999992,borda
601,Q0,FBIS3-54402,109,7938.478749999992,borda
601,Q0,FT931-2693,110,7908.538749999991,borda
601,Q0,FT911-4887,111,7894.813749999991,borda
601,Q0,LA031290-0009,112,7887.651249999992,borda
601,Q0,FR940916-2-00027,113,7882.277499999993,borda
601,Q0,FT911-3436,114,7853.2887499999915,borda
601,Q0,LA110590-0073,115,7852.706249999993,borda
601,Q0,LA040990-0103,116,7848.176249999992,borda
601,Q0,FT931-185,117,7820.054999999991,borda
601,Q0,FBIS3-42193,118,7814.7487499999925,borda
601,Q0,FBIS3-53331,119,7807.719999999991,borda
601,Q0,FBIS4-58323,120,7755.537499999991,borda
601,Q0,FBIS3-27463,121,7726.836249999991,borda
601,Q0,FBIS3-54350,122,7721.932499999991,borda
601,Q0,FBIS3-41538,123,7707.631249999991,borda
601,Q0,FT932-6487,124,7678.863749999991,borda
601,Q0,FBIS4-68144,125,7675.454999999991,borda
601,Q0,FBIS4-65969,126,7672.093749999993,borda
601,Q0,FBIS3-41666,127,7658.377499999992,borda
601,Q0,FBIS3-42254,128,7657.389999999991,borda
601,Q0,FT921-967,129,7634.073749999992,borda
601,Q0,FBIS4-37481,130,7631.061249999992,borda
601,Q0,FR941026-2-00031,131,7606.031249999993,borda
601,Q0,FR940202-1-00039,132,7591.7174999999925,borda
601,Q0,FR941122-2-00074,133,7590.757499999992,borda
601,Q0,FR940302-2-00070,134,7541.838749999992,borda
601,Q0,FBIS4-59168,135,7539.517499999994,borda
601,Q0,LA123090-0028,136,7533.726249999992,borda
601,Q0,FT933-14815,137,7515.494999999993,borda
601,Q0,FBIS4-22132,138,7503.418749999994,borda
601,Q0,FBIS3-20607,139,7478.707499999992,borda
601,Q0,FT943-7550,140,7478.408749999991,borda
601,Q0,FT922-6912,141,7451.804999999993,borda
601,Q0,FBIS4-47172,142,7439.892499999994,borda
601,Q0,FBIS4-38194,143,7418.733749999992,borda
601,Q0,FT944-4546,144,7407.767499999992,borda
601,Q0,FBIS4-58633,145,7394.664999999991,borda
601,Q0,FT923-14120,146,7379.428749999992,borda
601,Q0,FBIS4-43963,147,7370.556249999992,borda
601,Q0,FBIS4-43615,148,7362.444999999993,borda
601,Q0,FR940617-2-00059,149,7359.202499999994,borda
601,Q0,FR941219-0-00034,150,7355.2799999999925,borda
601,Q0,FT924-9772,151,7337.032499999993,borda
601,Q0,FT922-744,152,7335.198749999992,borda
601,Q0,FBIS3-19742,153,7327.702499999992,borda
601,Q0,FT932-15344,154,7321.104999999991,borda
601,Q0,LA052189-0142,155,7298.973749999993,borda
601,Q0,FR940106-1-00119,156,7283.336249999992,borda
601,Q0,FBIS3-33857,157,7277.336249999991,borda
601,Q0,FBIS4-20757,158,7261.5424999999905,borda
601,Q0,FR940106-1-00047,159,7257.551249999993,borda
601,Q0,FR940126-2-00073,160,7251.767499999992,borda
601,Q0,FT911-1199,161,7251.318749999993,borda
601,Q0,LA080790-0059,162,7249.443749999993,borda
601,Q0,LA091089-0086,163,7241.132499999992,borda
601,Q0,LA122990-0073,164,7214.273749999991,borda
601,Q0,FT931-1762,165,7208.723749999992,borda
601,Q0,FT931-13277,166,7177.984999999992,borda
601,Q0,FBIS3-39165,167,7150.702499999992,borda
601,Q0,FR940913-2-00024,168,7112.794999999993,borda
601,Q0,FBIS4-29493,169,7106.3524999999945,borda
601,Q0,FBIS3-13784,170,7106.1249999999945,borda
601,Q0,LA081290-0163,171,7092.674999999992,borda
601,Q0,FT931-6695,172,7081.122499999994,borda
601,Q0,FBIS4-19770,173,7080.673749999992,borda
601,Q0,FBIS4-35689,174,7073.3787499999935,borda
601,Q0,FBIS4-18584,175,7072.273749999991,borda
601,Q0,FBIS4-58918,176,7058.854999999992,borda
601,Q0,LA100990-0090,177,7049.358749999994,borda
601,Q0,LA082790-0042,178,7035.246249999993,borda
601,Q0,FR940816-2-00005,179,7017.272499999991,borda
601,Q0,FBIS3-3260,180,6999.493749999994,borda
601,Q0,FBIS4-46440,181,6988.869999999993,borda
601,Q0,FT931-4733,182,6956.812499999992,borda
601,Q0,FBIS4-64409,183,6943.592499999993,borda
601,Q0,LA022290-0135,184,6941.824999999993,borda
601,Q0,LA082190-0074,185,6938.1462499999925,borda
601,Q0,FR940106-1-00097,186,6932.924999999993,borda
601,Q0,FBIS3-4088,187,6922.129999999994,borda
601,Q0,FT921-916,188,6918.353749999994,borda
601,Q0,LA092090-0162,189,6917.946249999993,borda
601,Q0,FBIS4-36940,190,6911.833749999993,borda
601,Q0,FBIS3-57847,191,6910.878749999993,borda
601,Q0,FBIS4-65583,192,6910.442499999994,borda
601,Q0,FBIS3-58563,193,6897.812499999992,borda
601,Q0,FT944-13396,194,6897.581249999994,borda
601,Q0,LA090890-0042,195,6887.879999999992,borda
601,Q0,LA081690-0049,196,6882.134999999993,borda
601,Q0,FR941007-2-00029,197,6876.456249999992,borda
601,Q0,FBIS4-67471,198,6872.688749999991,borda
601,Q0,FBIS4-67528,199,6871.424999999993,borda
601,Q0,FR940414-2-00022,200,6868.209999999993,borda
601,Q0,FBIS3-23464,201,6846.328749999993,borda
601,Q0,FR940404-2-00029,202,6845.519999999992,borda
601,Q0,FBIS3-33835,203,6833.822499999993,borda
601,Q0,FBIS3-23996,204,6828.248749999993,borda
601,Q0,FBIS4-38771,205,6824.806249999993,borda
601,Q0,FR941117-2-00158,206,6810.1824999999935,borda
601,Q0,FBIS3-18399,207,6805.812499999993,borda
601,Q0,FBIS4-64945,208,6803.911249999994,borda
601,Q0,FT911-2062,209,6799.633749999993,borda
601,Q0,FBIS3-13355,210,6774.223749999993,borda
601,Q0,FBIS4-42785,211,6765.586249999993,borda
601,Q0,FT922-14361,212,6748.102499999993,borda
601,Q0,FR940104-0-00041,213,6740.911249999992,borda
601,Q0,FBIS4-21412,214,6739.847499999993,borda
601,Q0,FBIS3-60888,215,6738.782499999994,borda
601,Q0,FT924-7601,216,6718.877499999994,borda
601,Q0,FR940106-1-00117,217,6718.627499999993,borda
601,Q0,FBIS4-65974,218,6716.943749999992,borda
601,Q0,FT932-11284,219,6715.633749999993,borda
601,Q0,FT911-439,220,6696.343749999993,borda
601,Q0,FR940302-2-00071,221,6690.532499999993,borda
601,Q0,FBIS4-59157,222,6684.619999999993,borda
601,Q0,FBIS3-58686,223,6681.988749999994,borda
601,Q0,FBIS4-51140,224,6677.681249999993,borda
601,Q0,FBIS4-45607,225,6658.226249999993,borda
601,Q0,FBIS4-42583,226,6610.443749999992,borda
601,Q0,FR940106-1-00116,227,6575.946249999994,borda
601,Q0,FT943-12155,228,6573.783749999992,borda
601,Q0,FBIS3-57849,229,6561.249999999993,borda
601,Q0,FBIS4-45692,230,6529.301249999992,borda
601,Q0,FT923-11592,231,6514.663749999992,borda
601,Q0,FBIS3-1622,232,6496.959999999993,borda
601,Q0,FBIS4-58338,233,6475.839999999993,borda
601,Q0,FR940407-2-00042,234,6460.891249999993,borda
601,Q0,LA110890-0071,235,6447.042499999993,borda
601,Q0,FT924-14676,236,6446.544999999991,borda
601,Q0,FBIS3-52104,237,6429.1912499999935,borda
601,Q0,FBIS4-65036,238,6414.056249999992,borda
601,Q0,FBIS3-45857,239,6412.867499999993,borda
601,Q0,FBIS4-43620,240,6392.934999999994,borda
601,Q0,FBIS4-37026,241,6383.212499999992,borda
601,Q0,FBIS3-52578,242,6376.749999999994,borda
601,Q0,FR941121-2-00052,243,6372.839999999993,borda
601,Q0,FBIS4-13625,244,6369.846249999993,borda
601,Q0,FT934-14770,245,6360.177499999994,borda
601,Q0,FBIS4-45771,246,6353.378749999993,borda
601,Q0,FR940506-2-00121,247,6350.894999999992,borda
601,Q0,FR940414-2-00023,248,6348.367499999993,borda
601,Q0,FT944-6695,249,6339.4499999999925,borda
601,Q0,FBIS4-12038,250,6328.327499999993,borda
601,Q0,FR940405-2-00043,251,6323.362499999993,borda
601,Q0,FT923-11587,252,6305.7937499999925,borda
601,Q0,FT922-10908,253,6294.3124999999945,borda
601,Q0,FBIS4-38189,254,6290.033749999992,borda
601,Q0,LA122690-0032,255,6289.371249999992,borda
601,Q0,FBIS3-41467,256,6257.541249999993,borda
601,Q0,FR940711-2-00046,257,6252.756249999993,borda
601,Q0,FBIS4-20686,258,6227.888749999994,borda
601,Q0,FBIS3-39301,259,6220.776249999994,borda
601,Q0,FT932-6825,260,6201.207499999993,borda
601,Q0,FBIS4-3418,261,6154.259999999995,borda
601,Q0,FBIS4-19089,262,6153.983749999994,borda
601,Q0,FBIS3-19295,263,6147.568749999994,borda
601,Q0,FBIS4-42591,264,6146.123749999993,borda
601,Q0,FT932-16171,265,6145.881249999993,borda
601,Q0,FBIS3-40008,266,6134.004999999995,borda
601,Q0,FR940712-2-00039,267,6127.907499999992,borda
601,Q0,FBIS4-37307,268,6109.942499999993,borda
601,Q0,FT934-9356,269,6106.888749999993,borda
601,Q0,FBIS4-26407,270,6079.0349999999935,borda
601,Q0,FR940803-1-00079,271,6074.039999999993,borda
601,Q0,FBIS4-38190,272,6058.629999999993,borda
601,Q0,FBIS3-40071,273,6036.269999999994,borda
601,Q0,FR940810-1-00064,274,6025.777499999994,borda
601,Q0,FR940104-0-00047,275,6020.229999999993,borda
601,Q0,FBIS3-58778,276,6016.797499999993,borda
601,Q0,FBIS4-43412,277,6011.4324999999935,borda
601,Q0,FT911-4618,278,6010.076249999994,borda
601,Q0,FBIS4-38125,279,6008.538749999992,borda
601,Q0,FR940506-2-00122,280,5988.746249999994,borda
601,Q0,FBIS4-26989,281,5988.149999999992,borda
601,Q0,FBIS4-24441,282,5984.9274999999925,borda
601,Q0,FR941219-0-00053,283,5984.052499999994,borda
601,Q0,FBIS4-22295,284,5982.497499999992,borda
601,Q0,FBIS3-1414,285,5972.758749999993,borda
601,Q0,FBIS3-19279,286,5965.163749999995,borda
601,Q0,FBIS3-14455,287,5964.208749999994,borda
601,Q0,FT911-4116,288,5963.058749999994,borda
601,Q0,LA091189-0035,289,5950.077499999994,borda
601,Q0,FBIS4-45739,290,5948.969999999991,borda
601,Q0,FBIS4-43198,291,5948.464999999994,borda
601,Q0,FBIS3-27795,292,5933.827499999994,borda
601,Q0,FBIS4-2542,293,5926.174999999994,borda
601,Q0,FBIS4-65042,294,5913.874999999994,borda
601,Q0,FBIS4-12846,295,5913.674999999994,borda
601,Q0,FBIS3-22171,296,5910.369999999993,borda
601,Q0,FBIS3-38499,297,5909.748749999995,borda
601,Q0,FBIS4-36520,298,5884.3749999999945,borda
601,Q0,FBIS3-5866,299,5874.2362499999945,borda
601,Q0,LA120589-0076,300,5867.681249999994,borda
601,Q0,FBIS4-19168,301,5863.089999999995,borda
601,Q0,FT944-3355,302,5845.651249999994,borda
601,Q0,FR940106-1-00082,303,5830.689999999992,borda
601,Q0,FR940506-2-00118,304,5822.691249999993,borda
601,Q0,FBIS4-67533,305,5793.498749999994,borda
601,Q0,FBIS4-26037,306,5788.216249999994,borda
601,Q0,FBIS4-12581,307,5786.884999999992,borda
601,Q0,FBIS3-34502,308,5779.131249999995,borda
601,Q0,FBIS3-1411,309,5759.047499999995,borda
601,Q0,FBIS3-14452,310,5750.891249999996,borda
601,Q0,FR940506-2-00039,311,5743.919999999993,borda
601,Q0,FBIS3-27594,312,5726.111249999993,borda
601,Q0,FR940114-2-00037,313,5719.669999999993,borda
601,Q0,FBIS4-42282,314,5710.879999999996,borda
601,Q0,FBIS4-60403,315,5693.538749999992,borda
601,Q0,FR940711-2-00045,316,5688.519999999992,borda
601,Q0,FBIS4-63708,317,5683.822499999994,borda
601,Q0,FBIS3-46390,318,5667.237499999994,borda
601,Q0,LA121089-0228,319,5654.369999999995,borda
601,Q0,FBIS4-65773,320,5651.133749999994,borda
601,Q0,FBIS4-58296,321,5649.483749999996,borda
601,Q0,FBIS4-26245,322,5648.168749999993,borda
601,Q0,FBIS3-58494,323,5636.823749999994,borda
601,Q0,FT921-1687,324,5630.043749999994,borda
601,Q0,FT931-15244,325,5625.891249999995,borda
601,Q0,FBIS4-46193,326,5624.674999999995,borda
601,Q0,FT911-1941,327,5624.259999999994,borda
601,Q0,FBIS4-47169,328,5612.388749999995,borda
601,Q0,FT911-5038,329,5609.766249999995,borda
601,Q0,FT921-8199,330,5597.388749999994,borda
601,Q0,FT943-4318,331,5582.394999999996,borda
601,Q0,FBIS4-42360,332,5572.082499999994,borda
601,Q0,FR940407-2-00040,333,5570.403749999995,borda
601,Q0,FBIS3-12759,334,5559.634999999997,borda
601,Q0,FBIS3-44480,335,5545.114999999994,borda
601,Q0,FT924-12501,336,5538.918749999995,borda
601,Q0,LA112490-0103,337,5534.367499999994,borda
601,Q0,FT933-9210,338,5527.582499999994,borda
601,Q0,FBIS3-26239,339,5514.272499999994,borda
601,Q0,FR940106-1-00087,340,5498.966249999994,borda
601,Q0,FBIS4-66631,341,5494.944999999995,borda
601,Q0,FBIS4-43089,342,5493.679999999995,borda
601,Q0,FBIS3-57888,343,5488.833749999995,borda
601,Q0,FR940407-2-00044,344,5451.864999999994,borda
601,Q0,FR941019-2-00015,345,5429.872499999993,borda
601,Q0,FBIS3-52365,346,5410.512499999993,borda
601,Q0,FT923-5358,347,5401.386249999995,borda
601,Q0,FBIS4-58322,348,5397.818749999996,borda
601,Q0,FT921-9500,349,5396.783749999994,borda
601,Q0,FBIS4-43862,350,5396.622499999996,borda
601,Q0,FT921-1803,351,5387.992499999994,borda
601,Q0,FR941012-2-00089,352,5384.901249999995,borda
601,Q0,FT921-5757,353,5373.319999999996,borda
601,Q0,FBIS3-14196,354,5370.361249999995,borda
601,Q0,FBIS4-64944,355,5366.622499999994,borda
601,Q0,FBIS4-12840,356,5339.092499999994,borda
601,Q0,FR940603-2-00101,357,5337.1337499999945,borda
601,Q0,LA083089-0025,358,5319.064999999994,borda
601,Q0,FT911-2423,359,5304.458749999994,borda
601,Q0,FR940106-1-00084,360,5287.021249999994,borda
601,Q0,FT942-10723,361,5283.308749999995,borda
601,Q0,FBIS4-20203,362,5264.437499999996,borda
601,Q0,FT922-6916,363,5263.136249999995,borda
601,Q0,FBIS4-58172,364,5247.273749999996,borda
601,Q0,FR940106-1-00124,365,5243.931249999994,borda
601,Q0,FBIS3-41593,366,5240.562499999994,borda
601,Q0,LA062389-0060,367,5235.183749999995,borda
601,Q0,FT942-15263,368,5233.213749999994,borda
601,Q0,FR940930-2-00034,369,5227.534999999994,borda
601,Q0,LA052190-0121,370,5225.091249999994,borda
601,Q0,FBIS3-2773,371,5219.876249999995,borda
601,Q0,FR940106-1-00085,372,5218.409999999994,borda
601,Q0,FT911-5292,373,5197.943749999995,borda
601,Q0,FR940104-0-00040,374,5190.799999999995,borda
601,Q0,FBIS4-64424,375,5184.213749999994,borda
601,Q0,FT941-10105,376,5165.917499999995,borda
601,Q0,FR940412-2-00030,377,5150.048749999995,borda
601,Q0,FBIS4-18974,378,5142.8487499999965,borda
601,Q0,FR940106-1-00096,379,5141.7812499999945,borda
601,Q0,FBIS3-2756,380,5129.328749999995,borda
601,Q0,FT921-4252,381,5127.914999999995,borda
601,Q0,LA010789-0066,382,5125.859999999994,borda
601,Q0,FR940104-0-00046,383,5115.537499999994,borda
601,Q0,FBIS3-22380,384,5106.092499999994,borda
601,Q0,FBIS3-54334,385,5091.717499999995,borda
601,Q0,FT932-1122,386,5088.776249999995,borda
601,Q0,FR940711-2-00044,387,5082.617499999996,borda
601,Q0,FBIS4-37654,388,5067.286249999994,borda
601,Q0,FR940506-2-00124,389,5063.791249999994,borda
601,Q0,FR940418-2-00048,390,5063.058749999994,borda
601,Q0,FBIS4-44914,391,5040.827499999995,borda
601,Q0,FR940106-1-00095,392,5039.489999999994,borda
601,Q0,FBIS3-33727,393,5039.299999999996,borda
601,Q0,LA080690-0111,394,5034.939999999994,borda
601,Q0,LA100989-0002,395,5010.746249999995,borda
601,Q0,FR940418-2-00055,396,5010.473749999995,borda
601,Q0,FT922-12046,397,5009.738749999995,borda
601,Q0,FBIS3-34189,398,5006.069999999993,borda
601,Q0,LA112789-0022,399,5000.206249999996,borda
601,Q0,FBIS3-60336,400,4999.039999999995,borda
601,Q0,FR940802-2-00084,401,4995.003749999994,borda
601,Q0,FBIS4-22118,402,4980.872499999995,borda
601,Q0,FR941026-2-00017,403,4974.3924999999945,borda
601,Q0,FBIS3-58560,404,4970.488749999995,borda
601,Q0,FBIS3-58185,405,4969.427499999995,borda
601,Q0,FR941004-2-00040,406,4968.733749999995,borda
601,Q0,FR941221-2-00023,407,4964.077499999996,borda
601,Q0,FBIS3-20157,408,4960.328749999995,borda
601,Q0,LA081390-0114,409,4957.636249999995,borda
601,Q0,LA032190-0072,410,4951.362499999995,borda
601,Q0,FR941026-2-00034,411,4945.634999999995,borda
601,Q0,LA100189-0124,412,4941.473749999995,borda
601,Q0,FBIS3-41579,413,4934.061249999995,borda
601,Q0,FBIS3-34493,414,4931.383749999997,borda
601,Q0,LA061889-0127,415,4931.353749999996,borda
601,Q0,LA111789-0104,416,4930.154999999995,borda
601,Q0,FBIS4-26076,417,4927.903749999994,borda
601,Q0,FBIS4-26069,418,4925.967499999994,borda
601,Q0,FBIS4-18528,419,4920.382499999996,borda
601,Q0,FT921-2243,420,4915.389999999995,borda
601,Q0,FBIS4-45599,421,4913.057499999994,borda
601,Q0,FBIS3-19450,422,4911.431249999994,borda
601,Q0,FR940106-1-00062,423,4908.5849999999955,borda
601,Q0,FBIS4-39632,424,4903.616249999994,borda
601,Q0,FT942-15492,425,4900.377499999997,borda
601,Q0,FBIS4-19631,426,4897.877499999996,borda
601,Q0,FR941026-2-00033,427,4890.467499999996,borda
601,Q0,FBIS4-39633,428,4883.558749999995,borda
601,Q0,FR940506-2-00041,429,4867.161249999994,borda
601,Q0,FBIS4-45003,430,4840.944999999995,borda
601,Q0,FR940106-1-00083,431,4831.697499999995,borda
601,Q0,FBIS4-42160,432,4822.694999999995,borda
601,Q0,LA072190-0003,433,4801.834999999995,borda
601,Q0,FT944-13892,434,4801.671249999996,borda
601,Q0,FBIS4-28056,435,4799.253749999994,borda
601,Q0,FT911-2894,436,4797.011249999996,borda
601,Q0,FBIS3-58184,437,4783.676249999995,borda
601,Q0,FBIS4-45627,438,4782.571249999995,borda
601,Q0,LA040689-0087,439,4758.423749999996,borda
601,Q0,FBIS4-13613,440,4755.447499999996,borda
601,Q0,FBIS3-60985,441,4747.716249999996,borda
601,Q0,LA102689-0143,442,4745.898749999994,borda
601,Q0,FT911-4163,443,4744.647499999996,borda
601,Q0,FR940104-0-00050,444,4737.001249999996,borda
601,Q0,FT923-15571,445,4733.834999999995,borda
601,Q0,FBIS4-64540,446,4721.262499999995,borda
601,Q0,FBIS4-29307,447,4720.367499999995,borda
601,Q0,FT942-15,448,4714.351249999994,borda
601,Q0,FBIS4-43956,449,4706.618749999995,borda
601,Q0,FBIS3-52928,450,4702.308749999995,borda
601,Q0,FBIS4-43610,451,4692.954999999996,borda
601,Q0,FT931-1896,452,4684.917499999996,borda
601,Q0,FBIS4-43124,453,4683.021249999994,borda
601,Q0,FBIS3-46249,454,4682.284999999995,borda
601,Q0,FT922-7508,455,4677.042499999996,borda
601,Q0,FT942-15279,456,4674.426249999996,borda
601,Q0,FR941021-2-00052,457,4673.941249999995,borda
601,Q0,FBIS4-65248,458,4665.8074999999935,borda
601,Q0,FBIS3-34419,459,4641.4737499999965,borda
601,Q0,FBIS4-14954,460,4628.306249999995,borda
601,Q0,FBIS4-38191,461,4582.922499999995,borda
601,Q0,FR940506-2-00125,462,4577.962499999996,borda
601,Q0,LA122190-0075,463,4574.927499999996,borda
601,Q0,FT942-10724,464,4570.149999999995,borda
601,Q0,FBIS3-42183,465,4569.992499999996,borda
601,Q0,LA050390-0069,466,4564.603749999995,borda
601,Q0,FBIS4-38192,467,4560.196249999995,borda
601,Q0,FBIS4-12580,468,4553.542499999995,borda
601,Q0,FBIS4-36114,469,4550.416249999995,borda
601,Q0,FT921-14256,470,4545.8712499999965,borda
601,Q0,LA121089-0189,471,4534.653749999995,borda
601,Q0,FBIS3-58485,472,4533.258749999996,borda
601,Q0,FBIS4-19479,473,4528.697499999996,borda
601,Q0,FBIS4-24533,474,4506.411249999996,borda
601,Q0,FBIS4-37040,475,4496.976249999996,borda
601,Q0,FBIS4-11251,476,4491.294999999996,borda
601,Q0,FR940114-2-00023,477,4489.659999999995,borda
601,Q0,FBIS4-43299,478,4475.751249999995,borda
601,Q0,FR940906-0-00042,479,4469.687499999995,borda
601,Q0,FBIS3-53425,480,4466.2324999999955,borda
601,Q0,FBIS3-22213,481,4464.846249999995,borda
601,Q0,FBIS4-19739,482,4463.5674999999965,borda
601,Q0,FR940106-2-00006,483,4462.261249999995,borda
601,Q0,FBIS4-59948,484,4453.497499999997,borda
601,Q0,LA070189-0079,485,4452.211249999996,borda
601,Q0,FBIS4-19951,486,4448.922499999997,borda
601,Q0,FBIS4-66359,487,4444.644999999995,borda
601,Q0,FBIS4-13361,488,4429.876249999995,borda
601,Q0,FT922-6361,489,4411.476249999997,borda
601,Q0,FT933-770,490,4410.831249999996,borda
601,Q0,FBIS3-34574,491,4399.358749999996,borda
601,Q0,FT922-13255,492,4379.228749999996,borda
601,Q0,FBIS4-4696,493,4376.073749999996,borda
601,Q0,FBIS4-38193,494,4363.463749999995,borda
601,Q0,FBIS4-26173,495,4357.643749999996,borda
601,Q0,FR940104-0-00048,496,4354.317499999995,borda
601,Q0,FBIS3-33743,497,4350.474999999995,borda
601,Q0,FR941028-2-00055,498,4341.314999999995,borda
601,Q0,FBIS3-42887,499,4333.479999999996,borda
601,Q0,LA041889-0116,500,4319.324999999996,borda
601,Q0,FBIS3-4252,501,4318.788749999996,borda
601,Q0,FBIS4-45821,502,4307.993749999995,borda
601,Q0,FBIS4-25172,503,4302.138749999996,borda
601,Q0,FT923-3610,504,4299.088749999996,borda
601,Q0,FT922-2500,505,4294.0849999999955,borda
601,Q0,FBIS3-11760,506,4293.693749999995,borda
601,Q0,LA080690-0031,507,4273.393749999996,borda
601,Q0,FR941028-2-00056,508,4257.611249999995,borda
601,Q0,FR940106-1-00046,509,4252.238749999996,borda
601,Q0,FR941216-0-00037,510,4250.844999999996,borda
601,Q0,FBIS3-58448,511,4242.109999999995,borda
601,Q0,FT922-14218,512,4235.747499999996,borda
601,Q0,FT911-3545,513,4225.936249999995,borda
601,Q0,FR940616-2-00038,514,4215.064999999995,borda
601,Q0,FT932-10595,515,4213.314999999997,borda
601,Q0,FBIS3-22391,516,4200.537499999995,borda
601,Q0,FR940810-2-00006,517,4200.414999999996,borda
601,Q0,FBIS3-27610,518,4190.0362499999965,borda
601,Q0,FR940217-2-00088,519,4182.664999999995,borda
601,Q0,FBIS4-24436,520,4164.923749999995,borda
601,Q0,FBIS3-38495,521,4163.254999999996,borda
601,Q0,FBIS4-49590,522,4162.558749999996,borda
601,Q0,FBIS4-21515,523,4157.826249999996,borda
601,Q0,LA082490-0156,524,4149.272499999995,borda
601,Q0,FT921-6843,525,4146.159999999995,borda
601,Q0,FR940616-2-00039,526,4144.334999999996,borda
601,Q0,FT924-14169,527,4142.684999999996,borda
601,Q0,FBIS4-12066,528,4142.526249999996,borda
601,Q0,LA123090-0145,529,4137.417499999996,borda
601,Q0,FBIS4-14028,530,4132.436249999997,borda
601,Q0,FT932-15598,531,4131.018749999996,borda
601,Q0,FBIS4-11819,532,4129.2512499999975,borda
601,Q0,FR940527-2-00047,533,4122.526249999994,borda
601,Q0,FBIS4-22268,534,4121.766249999996,borda
601,Q0,FBIS4-58353,535,4109.864999999994,borda
601,Q0,FR940407-2-00045,536,4106.602499999996,borda
601,Q0,LA040490-0038,537,4090.399999999996,borda
601,Q0,FBIS4-3736,538,4089.566249999996,borda
601,Q0,FBIS4-42937,539,4089.5099999999957,borda
601,Q0,FR940804-1-00051,540,4087.272499999996,borda
601,Q0,FR940202-0-00112,541,4070.982499999995,borda
601,Q0,LA042989-0066,542,4064.2087499999952,borda
601,Q0,FT922-7320,543,4058.3812499999967,borda
601,Q0,FT923-14537,544,4037.508749999996,borda
601,Q0,FBIS3-26920,545,4016.1162499999955,borda
601,Q0,FBIS4-66695,546,4009.604999999997,borda
601,Q0,FR940506-2-00123,547,4005.183749999996,borda
601,Q0,FT932-10592,548,3992.2274999999972,borda
601,Q0,FBIS4-64542,549,3989.843749999996,borda
601,Q0,LA081490-0150,550,3980.232499999998,borda
601,Q0,FBIS4-42136,551,3958.7299999999964,borda
601,Q0,FBIS3-14476,552,3950.0574999999976,borda
601,Q0,FBIS4-33255,553,3939.4987499999957,borda
601,Q0,LA012190-0186,554,3936.806249999996,borda
601,Q0,FBIS4-21347,555,3935.464999999996,borda
601,Q0,LA112389-0157,556,3929.7912499999957,borda
601,Q0,LA040290-0008,557,3919.339999999996,borda
601,Q0,FBIS3-53589,558,3917.7624999999966,borda
601,Q0,FBIS4-34168,559,3907.256249999996,borda
601,Q0,FBIS3-58779,560,3902.4799999999977,borda
601,Q0,FT923-9335,561,3901.809999999996,borda
601,Q0,FT924-11723,562,3893.098749999998,borda
601,Q0,FR941219-0-00029,563,3892.967499999996,borda
601,Q0,FBIS4-65419,564,3888.3512499999965,borda
601,Q0,LA091990-0032,565,3883.127499999998,borda
601,Q0,FBIS3-35411,566,3882.3774999999964,borda
601,Q0,FR940722-2-00049,567,3881.9512499999955,borda
601,Q0,LA111989-0091,568,3874.2587499999963,borda
601,Q0,FBIS4-19477,569,3854.7612499999977,borda
601,Q0,FR941116-2-00017,570,3854.592499999996,borda
601,Q0,FBIS3-22214,571,3850.621249999996,borda
601,Q0,FBIS3-57807,572,3848.692499999998,borda
601,Q0,FT911-2540,573,3841.8412499999968,borda
601,Q0,FBIS4-45005,574,3840.8874999999966,borda
601,Q0,FBIS3-38168,575,3816.791249999996,borda
601,Q0,FR940106-1-00086,576,3816.776249999996,borda
601,Q0,LA091290-0069,577,3806.233749999996,borda
601,Q0,FBIS4-43474,578,3802.622499999998,borda
601,Q0,FT924-6999,579,3798.6174999999976,borda
601,Q0,FBIS4-37535,580,3798.1174999999967,borda
601,Q0,LA010189-0089,581,3795.4824999999955,borda
601,Q0,FBIS4-19629,582,3794.928749999997,borda
601,Q0,FT944-7328,583,3790.194999999997,borda
601,Q0,FBIS4-42784,584,3789.7849999999967,borda
601,Q0,FBIS4-59949,585,3789.1824999999967,borda
601,Q0,LA063089-0010,586,3786.6162499999955,borda
601,Q0,FBIS4-64743,587,3784.5812499999975,borda
601,Q0,FR940802-2-00083,588,3783.623749999996,borda
601,Q0,FT942-15042,589,3773.412499999997,borda
601,Q0,FBIS4-42268,590,3769.6399999999967,borda
601,Q0,FT924-15996,591,3760.1424999999967,borda
601,Q0,FBIS4-2404,592,3754.291249999996,borda
601,Q0,FBIS4-26171,593,3753.844999999996,borda
601,Q0,LA080790-0057,594,3751.269999999996,borda
601,Q0,LA081590-0073,595,3740.088749999997,borda
601,Q0,FBIS4-42874,596,3735.213749999998,borda
601,Q0,FBIS4-65392,597,3721.082499999996,borda
601,Q0,FR940906-0-00043,598,3720.0124999999966,borda
601,Q0,FBIS4-46446,599,3696.599999999998,borda
601,Q0,LA111789-0159,600,3694.7424999999957,borda
601,Q0,LA082690-0098,601,3690.601249999996,borda
601,Q0,FT942-6422,602,3670.748749999996,borda
601,Q0,FBIS4-67473,603,3657.4287499999964,borda
601,Q0,FR940106-1-00098,604,3654.1874999999977,borda
601,Q0,FT924-7010,605,3649.481249999997,borda
601,Q0,FT944-8867,606,3644.588749999997,borda
601,Q0,FR940506-2-00117,607,3641.751249999997,borda
601,Q0,FR941103-2-00052,608,3638.893749999996,borda
601,Q0,FBIS4-4271,609,3638.316249999996,borda
601,Q0,FBIS4-35914,610,3628.942499999998,borda
601,Q0,LA041289-0009,611,3619.208749999996,borda
601,Q0,FBIS3-59089,612,3617.112499999997,borda
601,Q0,LA051390-0195,613,3616.771249999997,borda
601,Q0,FR940617-2-00070,614,3604.576249999997,borda
601,Q0,FBIS4-58900,615,3602.702499999997,borda
601,Q0,FBIS4-36116,616,3601.8299999999963,borda
601,Q0,FR940621-2-00020,617,3594.784999999996,borda
601,Q0,LA012490-0119,618,3593.8524999999972,borda
601,Q0,FBIS4-65845,619,3591.5549999999976,borda
601,Q0,FBIS3-53450,620,3591.174999999997,borda
601,Q0,FT923-9262,621,3572.637499999996,borda
601,Q0,FR940831-2-00006,622,3568.4449999999965,borda
601,Q0,FR941019-2-00096,623,3567.799999999997,borda
601,Q0,FR940207-2-00051,624,3567.0149999999962,borda
601,Q0,FBIS3-60986,625,3560.9362499999984,borda
601,Q0,FBIS4-20183,626,3555.8574999999955,borda
601,Q0,FBIS3-59092,627,3553.0887499999976,borda
601,Q0,FR940106-1-00081,628,3550.244999999996,borda
601,Q0,FBIS4-20472,629,3549.8024999999975,borda
601,Q0,FR940106-1-00064,630,3546.079999999996,borda
601,Q0,FT921-3929,631,3541.5174999999967,borda
601,Q0,FBIS4-38187,632,3534.4062499999964,borda
601,Q0,FBIS4-59787,633,3531.5324999999966,borda
601,Q0,FBIS4-58046,634,3528.839999999997,borda
601,Q0,FT942-431,635,3522.7349999999965,borda
601,Q0,FBIS3-34319,636,3520.1187499999983,borda
601,Q0,FT942-15762,637,3515.336249999998,borda
601,Q0,FR940803-1-00086,638,3502.9012499999967,borda
601,Q0,FBIS4-19694,639,3496.6074999999987,borda
601,Q0,FBIS3-33725,640,3493.314999999997,borda
601,Q0,FBIS3-19372,641,3493.1287499999976,borda
601,Q0,FR940114-2-00038,642,3491.7649999999967,borda
601,Q0,FBIS3-46862,643,3491.086249999997,borda
601,Q0,FBIS4-49718,644,3486.1312499999976,borda
601,Q0,FBIS3-55846,645,3464.308749999998,borda
601,Q0,FT921-14778,646,3459.837499999997,borda
601,Q0,FBIS3-41570,647,3455.4762499999965,borda
601,Q0,FBIS3-44860,648,3450.0312499999955,borda
601,Q0,FBIS4-19091,649,3431.077499999997,borda
601,Q0,FBIS4-42814,650,3419.099999999998,borda
601,Q0,FR941116-2-00106,651,3407.646249999996,borda
601,Q0,FBIS4-26454,652,3405.756249999996,borda
601,Q0,FBIS4-42875,653,3401.061249999998,borda
601,Q0,FT911-5081,654,3386.9287499999955,borda
601,Q0,FBIS4-35962,655,3385.631249999996,borda
601,Q0,LA062490-0050,656,3382.399999999997,borda
601,Q0,FBIS4-43765,657,3378.036249999997,borda
601,Q0,FR940930-2-00026,658,3372.0024999999955,borda
601,Q0,FBIS4-3233,659,3353.1437499999975,borda
601,Q0,FBIS4-11803,660,3350.806249999998,borda
601,Q0,FBIS4-67346,661,3350.2924999999973,borda
601,Q0,FBIS4-65140,662,3338.8724999999954,borda
601,Q0,LA041190-0042,663,3337.5462499999967,borda
601,Q0,FR940106-1-00127,664,3336.6024999999963,borda
601,Q0,FBIS3-22179,665,3334.4037499999968,borda
601,Q0,FT932-14525,666,3333.8399999999983,borda
601,Q0,FBIS3-58186,667,3332.411249999997,borda
601,Q0,FBIS4-13351,668,3328.4499999999975,borda
601,Q0,FBIS3-60309,669,3322.864999999997,borda
601,Q0,FT921-5493,670,3305.888749999996,borda
601,Q0,FR940217-2-00021,671,3294.9774999999972,borda
601,Q0,LA021790-0007,672,3291.4999999999973,borda
601,Q0,LA042489-0013,673,3274.7524999999973,borda
601,Q0,LA012889-0037,674,3272.949999999996,borda
601,Q0,LA040190-0043,675,3272.0999999999963,borda
601,Q0,FBIS3-34190,676,3270.588749999998,borda
601,Q0,FR940621-1-00027,677,3259.1499999999965,borda
601,Q0,FR940106-2-00004,678,3250.3412499999968,borda
601,Q0,FR940217-2-00022,679,3244.6212499999974,borda
601,Q0,FBIS4-42134,680,3241.3824999999965,borda
601,Q0,FR940725-2-00025,681,3240.8499999999963,borda
601,Q0,LA073089-0155,682,3235.1562499999964,borda
601,Q0,LA111289-0105,683,3226.388749999998,borda
601,Q0,FT932-10591,684,3218.5687499999976,borda
601,Q0,LA090789-0120,685,3216.9212499999962,borda
601,Q0,LA111390-0097,686,3206.2337499999967,borda
601,Q0,LA092189-0014,687,3191.237499999997,borda
601,Q0,FBIS4-46309,688,3190.548749999998,borda
601,Q0,FR941230-0-00055,689,3183.2974999999965,borda
601,Q0,FR941007-2-00030,690,3182.4962499999965,borda
601,Q0,FT943-6186,691,3181.468749999997,borda
601,Q0,FBIS4-21416,692,3181.4074999999975,borda
601,Q0,FBIS4-43466,693,3180.159999999997,borda
601,Q0,FBIS3-38412,694,3178.1824999999976,borda
601,Q0,FT911-2616,695,3176.9649999999974,borda
601,Q0,FBIS4-1897,696,3169.1037499999975,borda
601,Q0,FBIS3-38316,697,3166.9849999999983,borda
601,Q0,FBIS4-50283,698,3166.484999999998,borda
601,Q0,FBIS3-13604,699,3161.3349999999973,borda
601,Q0,FT924-8430,700,3157.2924999999973,borda
601,Q0,LA031590-0219,701,3155.3437499999973,borda
601,Q0,FBIS4-64534,702,3145.4849999999965,borda
601,Q0,FT923-10989,703,3143.1424999999967,borda
601,Q0,FT943-16831,704,3131.851249999996,borda
601,Q0,FBIS3-9637,705,3126.908749999998,borda
601,Q0,LA082690-0101,706,3126.7787499999968,borda
601,Q0,FT934-970,707,3125.696249999997,borda
601,Q0,FBIS4-67943,708,3123.929999999997,borda
601,Q0,FBIS4-38347,709,3112.423749999997,borda
601,Q0,FT944-1291,710,3112.2112499999976,borda
601,Q0,FBIS3-16339,711,3107.6574999999975,borda
601,Q0,FR940805-2-00024,712,3103.7474999999954,borda
601,Q0,LA042590-0003,713,3092.617499999997,borda
601,Q0,FT921-1583,714,3086.4024999999983,borda
601,Q0,FBIS3-33834,715,3082.433749999997,borda
601,Q0,FBIS3-42629,716,3081.1749999999956,borda
601,Q0,FR941219-2-00086,717,3078.2512499999966,borda
601,Q0,FBIS4-12890,718,3075.4712499999987,borda
601,Q0,LA060390-0022,719,3068.557499999997,borda
601,Q0,FBIS3-33723,720,3064.2837499999973,borda
601,Q0,FT934-17416,721,3053.991249999997,borda
601,Q0,FT911-2568,722,3053.449999999997,borda
601,Q0,FBIS4-11514,723,3047.908749999997,borda
601,Q0,LA100389-0012,724,3046.4487499999973,borda
601,Q0,LA032190-0076,725,3043.303749999997,borda
601,Q0,FT943-3961,726,3026.576249999996,borda
601,Q0,FT921-6900,727,3023.557499999996,borda
601,Q0,FBIS4-46445,728,3021.3424999999984,borda
601,Q0,FR941107-2-00062,729,3017.183749999997,borda
601,Q0,FBIS4-35462,730,3012.861249999998,borda
601,Q0,FBIS4-64703,731,3012.3274999999967,borda
601,Q0,FR941220-2-00025,732,3010.088749999998,borda
601,Q0,LA090490-0093,733,3008.4662499999968,borda
601,Q0,FBIS3-41511,734,3004.824999999997,borda
601,Q0,LA112290-0145,735,3004.167499999997,borda
601,Q0,FR940106-1-00059,736,3001.947499999997,borda
601,Q0,FT931-1488,737,3000.327499999997,borda
601,Q0,FBIS4-52142,738,2996.9737499999974,borda
601,Q0,FR941116-2-00004,739,2990.6662499999966,borda
601,Q0,LA070490-0069,740,2985.692499999997,borda
601,Q0,FT922-4955,741,2978.972499999996,borda
601,Q0,FBIS4-65232,742,2972.087499999997,borda
601,Q0,FBIS4-45816,743,2951.6612499999974,borda
601,Q0,LA061590-0038,744,2950.6224999999968,borda
601,Q0,FBIS3-58974,745,2949.291249999998,borda
601,Q0,FBIS4-43416,746,2947.901249999998,borda
601,Q0,FT921-2814,747,2945.7899999999986,borda
601,Q0,FBIS4-24987,748,2942.9862499999963,borda
601,Q0,FBIS3-27641,749,2940.331249999998,borda
601,Q0,FBIS4-43204,750,2929.169999999996,borda
601,Q0,FR940930-2-00025,751,2917.1249999999973,borda
601,Q0,FR940922-2-00033,752,2915.047499999997,borda
601,Q0,FBIS4-43767,753,2910.0149999999985,borda
601,Q0,FT923-10884,754,2907.3324999999973,borda
601,Q0,FBIS4-25165,755,2906.509999999997,borda
601,Q0,FT944-4811,756,2904.417499999997,borda
601,Q0,FBIS4-1759,757,2901.7562499999976,borda
601,Q0,FBIS4-2488,758,2896.197499999998,borda
601,Q0,FBIS4-65040,759,2894.841249999998,borda
601,Q0,FBIS3-59164,760,2890.3187499999985,borda
601,Q0,FT933-7693,761,2887.3737499999975,borda
601,Q0,FBIS3-61497,762,2884.218749999998,borda
601,Q0,FR940506-2-00115,763,2877.399999999998,borda
601,Q0,FBIS4-43782,764,2865.354999999998,borda
601,Q0,LA053090-0053,765,2861.3499999999976,borda
601,Q0,LA122790-0073,766,2859.5099999999966,borda
601,Q0,FBIS4-33116,767,2858.121249999997,borda
601,Q0,FT942-3437,768,2855.9274999999975,borda
601,Q0,FBIS3-38169,769,2838.3037499999978,borda
601,Q0,FT921-4625,770,2833.594999999998,borda
601,Q0,FT921-3082,771,2833.4387499999966,borda
601,Q0,FR940414-2-00026,772,2831.9974999999977,borda
601,Q0,FBIS4-19518,773,2822.368749999998,borda
601,Q0,FBIS3-22274,774,2814.3399999999983,borda
601,Q0,FBIS3-42306,775,2811.276249999998,borda
601,Q0,LA112290-0143,776,2805.6662499999984,borda
601,Q0,FT943-12560,777,2804.9299999999985,borda
601,Q0,FR940419-2-00091,778,2796.1599999999976,borda
601,Q0,FBIS4-43768,779,2790.6187499999987,borda
601,Q0,FR941026-2-00037,780,2786.988749999997,borda
601,Q0,FBIS3-38722,781,2772.6312499999985,borda
601,Q0,FT932-8842,782,2757.494999999999,borda
601,Q0,LA080889-0074,783,2753.8912499999974,borda
601,Q0,FBIS3-38721,784,2750.453749999998,borda
601,Q0,FT922-13738,785,2742.3649999999984,borda
601,Q0,LA091190-0052,786,2738.2799999999984,borda
601,Q0,FBIS4-57587,787,2737.7587499999977,borda
601,Q0,LA082990-0070,788,2736.552499999997,borda
601,Q0,FT911-891,789,2730.3762499999984,borda
601,Q0,LA042290-0106,790,2730.2137499999967,borda
601,Q0,FT922-12318,791,2728.281249999998,borda
601,Q0,FBIS4-65420,792,2727.581249999997,borda
601,Q0,FBIS3-23179,793,2725.1499999999987,borda
601,Q0,FBIS4-65138,794,2720.9987499999984,borda
601,Q0,FBIS3-57943,795,2707.2999999999984,borda
601,Q0,FT941-3832,796,2705.319999999997,borda
601,Q0,FR940711-2-00043,797,2696.214999999998,borda
601,Q0,LA030689-0084,798,2694.7612499999973,borda
601,Q0,FT922-4092,799,2684.242499999997,borda
601,Q0,FT932-13558,800,2670.718749999998,borda
601,Q0,LA102689-0076,801,2668.326249999998,borda
601,Q0,FR940607-2-00031,802,2665.5037499999967,borda
601,Q0,LA121690-0045,803,2662.0012499999966,borda
601,Q0,FBIS4-64410,804,2660.3999999999987,borda
601,Q0,FT924-1939,805,2658.278749999998,borda
601,Q0,FBIS3-37820,806,2657.708749999999,borda
601,Q0,FBIS3-60270,807,2656.802499999997,borda
601,Q0,FT943-13651,808,2656.453749999998,borda
601,Q0,FBIS3-41490,809,2650.4162499999966,borda
601,Q0,FBIS4-36832,810,2648.4099999999985,borda
601,Q0,FBIS3-34809,811,2647.7462499999983,borda
601,Q0,FBIS3-26747,812,2635.441249999998,borda
601,Q0,LA012089-0006,813,2631.139999999997,borda
601,Q0,FBIS3-60341,814,2619.5874999999974,borda
601,Q0,FT924-6036,815,2615.526249999998,borda
601,Q0,FBIS3-34589,816,2606.5574999999985,borda
601,Q0,FBIS4-35230,817,2597.602499999998,borda
601,Q0,FBIS4-20682,818,2589.1174999999976,borda
601,Q0,FBIS4-64407,819,2588.568749999998,borda
601,Q0,FBIS4-49300,820,2583.0524999999966,borda
601,Q0,FBIS4-44250,821,2579.981249999999,borda
601,Q0,FBIS3-27023,822,2577.7062499999965,borda
601,Q0,FBIS3-22273,823,2577.2024999999967,borda
601,Q0,FBIS3-59042,824,2573.4887499999986,borda
601,Q0,FR940811-2-00038,825,2571.6424999999967,borda
601,Q0,FBIS3-40418,826,2570.0824999999973,borda
601,Q0,FBIS4-32680,827,2569.631249999997,borda
601,Q0,FBIS4-45815,828,2564.3799999999974,borda
601,Q0,FBIS3-22723,829,2561.1387499999973,borda
601,Q0,FBIS4-65050,830,2559.8712499999983,borda
601,Q0,FBIS4-19697,831,2557.8024999999975,borda
601,Q0,FT943-11708,832,2556.9799999999987,borda
601,Q0,FBIS4-35756,833,2548.2599999999975,borda
601,Q0,FBIS3-12777,834,2546.2399999999975,borda
601,Q0,FBIS4-12287,835,2539.176249999999,borda
601,Q0,FBIS4-17510,836,2537.131249999998,borda
601,Q0,FBIS3-38724,837,2536.5287499999977,borda
601,Q0,LA091290-0066,838,2525.771249999998,borda
601,Q0,FBIS3-36078,839,2519.5975,borda
601,Q0,FBIS4-22038,840,2515.6099999999988,borda
601,Q0,FBIS4-19280,841,2506.6449999999986,borda
601,Q0,FBIS4-26707,842,2505.7824999999966,borda
601,Q0,FBIS4-51056,843,2505.6637499999983,borda
601,Q0,LA081690-0050,844,2493.143749999998,borda
601,Q0,FBIS3-3937,845,2492.1499999999983,borda
601,Q0,FBIS4-66759,846,2486.9674999999984,borda
601,Q0,FT934-11303,847,2481.9849999999988,borda
601,Q0,FBIS3-66,848,2481.5612499999993,borda
601,Q0,FT933-15154,849,2476.8899999999985,borda
601,Q0,FBIS4-17214,850,2476.4487499999977,borda
601,Q0,FBIS3-61498,851,2466.499999999998,borda
601,Q0,FR940804-2-00051,852,2464.2612499999977,borda
601,Q0,FR940407-2-00030,853,2455.8412499999968,borda
601,Q0,FBIS4-44273,854,2451.5474999999988,borda
601,Q0,FBIS3-46294,855,2438.783749999998,borda
601,Q0,LA032790-0037,856,2431.2949999999973,borda
601,Q0,LA081790-0103,857,2427.2999999999975,borda
601,Q0,FBIS4-49709,858,2423.4299999999976,borda
601,Q0,FBIS4-12721,859,2421.479999999999,borda
601,Q0,FBIS4-43414,860,2419.416249999998,borda
601,Q0,FBIS4-25180,861,2419.2124999999983,borda
601,Q0,FR941116-2-00023,862,2413.448749999998,borda
601,Q0,FBIS4-65764,863,2410.3874999999985,borda
601,Q0,FR940106-2-00005,864,2407.5637499999966,borda
601,Q0,FBIS3-44562,865,2402.137499999997,borda
601,Q0,FBIS3-22373,866,2399.611249999998,borda
601,Q0,LA083189-0160,867,2399.569999999999,borda
601,Q0,FT911-4311,868,2396.9937499999987,borda
601,Q0,LA030490-0101,869,2389.311249999997,borda
601,Q0,FBIS3-58975,870,2380.213749999999,borda
601,Q0,FBIS3-25805,871,2375.4574999999973,borda
601,Q0,FBIS3-19449,872,2374.9799999999973,borda
601,Q0,FBIS3-61047,873,2374.231249999999,borda
601,Q0,LA091690-0025,874,2369.943749999999,borda
601,Q0,FT922-2642,875,2365.3674999999985,borda
601,Q0,FBIS3-12538,876,2362.3424999999997,borda
601,Q0,FBIS3-3552,877,2358.728749999998,borda
601,Q0,FBIS3-47836,878,2358.1099999999983,borda
601,Q0,FR940104-0-00045,879,2356.361249999997,borda
601,Q0,FT933-5305,880,2355.5949999999975,borda
601,Q0,FT943-16376,881,2354.6337499999977,borda
601,Q0,FBIS4-44043,882,2351.268749999998,borda
601,Q0,FBIS4-42884,883,2347.159999999997,borda
601,Q0,FBIS3-46008,884,2337.2999999999984,borda
601,Q0,FR941222-2-00016,885,2336.4174999999964,borda
601,Q0,FT943-9932,886,2335.961249999998,borda
601,Q0,FBIS3-41419,887,2332.2087499999984,borda
601,Q0,FBIS3-34074,888,2328.1837499999992,borda
601,Q0,FT944-7870,889,2326.454999999997,borda
601,Q0,FBIS4-14064,890,2323.878749999997,borda
601,Q0,FR941019-2-00097,891,2322.1524999999983,borda
601,Q0,FR941116-2-00059,892,2321.4249999999975,borda
601,Q0,LA121690-0065,893,2315.7662499999983,borda
601,Q0,FBIS3-57896,894,2314.365,borda
601,Q0,FBIS3-21942,895,2308.0149999999976,borda
601,Q0,LA081590-0009,896,2305.0912499999995,borda
601,Q0,FBIS3-19078,897,2304.497499999998,borda
601,Q0,FT944-11388,898,2295.4637499999994,borda
601,Q0,FBIS3-41607,899,2294.9724999999985,borda
601,Q0,FT923-11588,900,2292.9899999999984,borda
601,Q0,LA051890-0109,901,2289.168749999997,borda
601,Q0,LA081990-0043,902,2286.6124999999993,borda
601,Q0,FR940112-2-00103,903,2286.1137499999986,borda
601,Q0,FR940106-1-00067,904,2285.2712499999966,borda
601,Q0,FR941103-2-00037,905,2282.294999999997,borda
601,Q0,LA012290-0044,906,2271.637499999997,borda
601,Q0,FBIS4-58222,907,2264.813749999999,borda
601,Q0,FBIS3-13783,908,2262.2399999999984,borda
601,Q0,FBIS4-12720,909,2259.9574999999986,borda
601,Q0,FBIS3-38720,910,2258.036249999999,borda
601,Q0,FR940621-1-00008,911,2255.979999999997,borda
601,Q0,FR940803-1-00067,912,2253.8437499999973,borda
601,Q0,LA071390-0066,913,2250.8624999999984,borda
601,Q0,FT922-6252,914,2247.246249999999,borda
601,Q0,FT933-15642,915,2242.2412499999978,borda
601,Q0,FR940128-2-00097,916,2241.711249999997,borda
601,Q0,FBIS4-60790,917,2238.9637499999985,borda
601,Q0,FBIS4-43285,918,2231.9674999999984,borda
601,Q0,LA092290-0077,919,2228.83,borda
601,Q0,FBIS3-58177,920,2227.554999999999,borda
601,Q0,LA020390-0137,921,2223.0387499999993,borda
601,Q0,LA061790-0114,922,2222.354999999997,borda
601,Q0,FBIS4-8211,923,2220.5812499999993,borda
601,Q0,FBIS3-58486,924,2219.2424999999985,borda
601,Q0,FBIS4-65421,925,2218.228749999997,borda
601,Q0,FBIS4-64943,926,2208.518749999998,borda
601,Q0,FR940406-2-00182,927,2208.163749999997,borda
601,Q0,FR940906-0-00041,928,2205.091249999997,borda
601,Q0,FBIS3-58181,929,2193.774999999999,borda
601,Q0,FR941230-0-00056,930,2193.247499999997,borda
601,Q0,FBIS4-42142,931,2187.868749999999,borda
601,Q0,FR941121-2-00050,932,2181.1524999999965,borda
601,Q0,FBIS4-38188,933,2176.574999999997,borda
601,Q0,FBIS4-2753,934,2175.6187499999974,borda
601,Q0,FT942-4421,935,2174.308749999997,borda
601,Q0,FBIS3-59820,936,2162.3199999999983,borda
601,Q0,LA110390-0011,937,2162.178749999997,borda
601,Q0,FBIS4-2225,938,2160.3237499999973,borda
601,Q0,FR940114-2-00085,939,2155.6412499999974,borda
601,Q0,LA090890-0159,940,2155.3949999999973,borda
601,Q0,FT923-2948,941,2150.344999999999,borda
601,Q0,FT942-16990,942,2149.2774999999983,borda
601,Q0,FT911-4869,943,2146.856249999998,borda
601,Q0,FR940512-2-00030,944,2142.8137499999975,borda
601,Q0,FT933-15648,945,2141.336249999998,borda
601,Q0,FT941-5309,946,2134.242499999997,borda
601,Q0,FBIS4-67877,947,2116.4049999999997,borda
601,Q0,FR940912-2-00118,948,2115.5424999999964,borda
601,Q0,FBIS3-2816,949,2113.1799999999976,borda
601,Q0,FBIS4-65387,950,2112.559999999998,borda
601,Q0,FT924-15881,951,2103.4924999999985,borda
601,Q0,FBIS4-26423,952,2099.903749999997,borda
601,Q0,LA092590-0077,953,2099.6762499999986,borda
601,Q0,LA111989-0138,954,2098.6287499999985,borda
601,Q0,FBIS4-58043,955,2093.7799999999984,borda
601,Q0,LA091390-0079,956,2093.2599999999975,borda
601,Q0,FBIS4-22039,957,2084.4037499999986,borda
601,Q0,FT923-6913,958,2079.8887499999987,borda
601,Q0,FBIS4-42579,959,2076.7062499999993,borda
601,Q0,FT942-9727,960,2075.191249999999,borda
601,Q0,LA082790-0072,961,2074.012499999997,borda
601,Q0,FBIS3-58559,962,2073.0349999999994,borda
601,Q0,FT932-10598,963,2070.3724999999986,borda
601,Q0,FBIS3-57805,964,2069.927499999999,borda
601,Q0,FBIS4-11923,965,2069.277499999999,borda
601,Q0,FBIS3-45536,966,2068.472499999999,borda
601,Q0,FBIS3-52492,967,2061.087499999999,borda
601,Q0,FBIS4-59371,968,2057.384999999998,borda
601,Q0,FR941021-2-00053,969,2052.193749999997,borda
601,Q0,FBIS4-26955,970,2051.2699999999977,borda
601,Q0,FT934-7701,971,2049.3312499999984,borda
601,Q0,FBIS4-67434,972,2049.298749999997,borda
601,Q0,FBIS4-42290,973,2047.7549999999976,borda
601,Q0,FT923-5308,974,2045.7524999999976,borda
601,Q0,FR940111-2-00066,975,2045.626249999997,borda
601,Q0,FR940428-0-00022,976,2040.9987499999972,borda
601,Q0,FBIS3-53791,977,2040.6199999999983,borda
601,Q0,FT943-16370,978,2037.5474999999976,borda
601,Q0,FBIS3-60973,979,2036.068749999998,borda
601,Q0,FR940506-2-00120,980,2035.1112499999977,borda
601,Q0,FT911-1205,981,2033.0474999999974,borda
601,Q0,FBIS3-23181,982,2032.4199999999992,borda
601,Q0,FBIS3-22172,983,2032.1087499999974,borda
601,Q0,FBIS4-45041,984,2030.9149999999981,borda
601,Q0,FBIS3-13790,985,2029.1124999999984,borda
601,Q0,FBIS3-34195,986,2028.3049999999976,borda
601,Q0,FR941103-2-00055,987,2023.7299999999973,borda
601,Q0,FBIS4-26769,988,2023.6912499999971,borda
601,Q0,FBIS3-39158,989,2019.0449999999987,borda
601,Q0,FBIS4-49247,990,2012.3274999999976,borda
601,Q0,FBIS3-58076,991,2007.2337499999983,borda
601,Q0,FT931-14445,992,2007.1724999999976,borda
601,Q0,FBIS4-45649,993,2005.4824999999976,borda
601,Q0,FR941202-2-00061,994,2004.4349999999981,borda
601,Q0,FBIS4-58487,995,1993.6424999999986,borda
601,Q0,FBIS4-12738,996,1993.4237499999979,borda
601,Q0,FBIS3-35299,997,1989.8662499999982,borda
601,Q0,FR940719-0-00035,998,1989.106249999997,borda
601,Q0,FBIS4-42864,999,1988.2012499999978,borda
601,Q0,FBIS3-18198,1000,1980.7949999999985,borda
605,Q0,LA060489-0030,1,12556.256249999988,borda
605,Q0,FR940527-1-00247,2,12260.347499999989,borda
605,Q0,LA040990-0065,3,12254.82499999999,borda
605,Q0,LA042589-0096,4,12221.227499999992,borda
605,Q0,LA111989-0036,5,12199.929999999984,borda
605,Q0,FT932-16608,6,12126.423749999989,borda
605,Q0,LA020490-0059,7,12104.904999999986,borda
605,Q0,LA070389-0008,8,12087.849999999988,borda
605,Q0,FT943-13402,9,12082.116249999985,borda
605,Q0,FR940228-1-00051,10,11729.864999999987,borda
605,Q0,LA021489-0158,11,11725.743749999989,borda
605,Q0,FBIS4-22954,12,11719.601249999989,borda
605,Q0,LA050390-0173,13,11692.507499999989,borda
605,Q0,FT921-12419,14,11643.882499999989,borda
605,Q0,LA013089-0099,15,11530.906249999989,borda
605,Q0,FT924-2187,16,11493.493749999989,borda
605,Q0,FT922-1552,17,11493.38249999999,borda
605,Q0,FT923-14436,18,11461.537499999988,borda
605,Q0,FT921-956,19,11440.63749999999,borda
605,Q0,LA061790-0021,20,11429.366249999988,borda
605,Q0,LA100490-0075,21,11313.827499999989,borda
605,Q0,LA041190-0004,22,11276.323749999987,borda
605,Q0,LA011289-0097,23,11243.377499999991,borda
605,Q0,FT921-14203,24,11223.11999999999,borda
605,Q0,LA042690-0241,25,11190.87874999999,borda
605,Q0,FT921-10119,26,11046.749999999987,borda
605,Q0,LA071790-0026,27,11033.94124999999,borda
605,Q0,FT933-1342,28,11010.513749999991,borda
605,Q0,LA011090-0064,29,10914.944999999992,borda
605,Q0,LA020590-0033,30,10879.02374999999,borda
605,Q0,FT922-6787,31,10833.431249999992,borda
605,Q0,LA030390-0091,32,10797.45749999999,borda
605,Q0,FBIS4-31861,33,10732.329999999989,borda
605,Q0,FR940323-2-00092,34,10722.221249999988,borda
605,Q0,LA020490-0069,35,10687.41999999999,borda
605,Q0,LA012890-0186,36,10683.873749999988,borda
605,Q0,FT924-6015,37,10672.49624999999,borda
605,Q0,LA041689-0028,38,10628.466249999989,borda
605,Q0,FT932-9637,39,10605.67874999999,borda
605,Q0,LA040389-0022,40,10588.454999999989,borda
605,Q0,LA041890-0106,41,10577.024999999985,borda
605,Q0,FBIS4-5095,42,10548.281249999993,borda
605,Q0,FT924-4055,43,10523.74249999999,borda
605,Q0,FBIS3-61562,44,10500.629999999992,borda
605,Q0,FT931-14037,45,10476.522499999988,borda
605,Q0,FT921-7866,46,10439.798749999989,borda
605,Q0,LA100289-0049,47,10428.90249999999,borda
605,Q0,LA043089-0093,48,10416.842499999992,borda
605,Q0,LA020490-0221,49,10328.258749999988,borda
605,Q0,LA031190-0116,50,10280.883749999992,borda
605,Q0,FR940228-1-00045,51,10268.306249999989,borda
605,Q0,FT943-46,52,10234.148749999991,borda
605,Q0,LA041690-0024,53,10061.89874999999,borda
605,Q0,LA041690-0017,54,10054.79374999999,borda
605,Q0,LA100790-0114,55,10022.32249999999,borda
605,Q0,LA012690-0010,56,9965.25499999999,borda
605,Q0,LA050390-0171,57,9844.396249999989,borda
605,Q0,FBIS4-30197,58,9832.52874999999,borda
605,Q0,LA041690-0020,59,9787.052499999993,borda
605,Q0,FT911-679,60,9774.47999999999,borda
605,Q0,LA050690-0042,61,9693.239999999993,borda
605,Q0,FT931-6542,62,9672.103749999991,borda
605,Q0,FT942-801,63,9662.67374999999,borda
605,Q0,FT921-5028,64,9498.97499999999,borda
605,Q0,FT941-10321,65,9479.94624999999,borda
605,Q0,FR940228-1-00046,66,9413.042499999992,borda
605,Q0,FT933-15159,67,9408.01124999999,borda
605,Q0,FT933-5514,68,9306.08124999999,borda
605,Q0,FR940527-1-00243,69,9194.077499999992,borda
605,Q0,LA061090-0065,70,9128.08374999999,borda
605,Q0,FR940527-1-00233,71,9105.438749999992,borda
605,Q0,LA022890-0120,72,9021.25374999999,borda
605,Q0,FT921-11002,73,9019.80624999999,borda
605,Q0,FT941-9608,74,8956.48374999999,borda
605,Q0,FT911-1088,75,8923.52749999999,borda
605,Q0,FBIS3-58088,76,8921.69124999999,borda
605,Q0,LA111089-0150,77,8917.808749999993,borda
605,Q0,FR941107-2-00233,78,8911.087499999994,borda
605,Q0,FBIS4-48522,79,8909.767499999993,borda
605,Q0,FT942-7973,80,8903.379999999992,borda
605,Q0,FT921-11694,81,8869.311249999992,borda
605,Q0,FT941-16404,82,8864.963749999992,borda
605,Q0,FBIS3-43072,83,8844.371249999993,borda
605,Q0,LA083189-0017,84,8798.298749999994,borda
605,Q0,LA011590-0016,85,8783.843749999993,borda
605,Q0,FBIS4-26366,86,8779.166249999995,borda
605,Q0,FT932-2596,87,8725.81249999999,borda
605,Q0,FT924-3718,88,8715.90999999999,borda
605,Q0,LA102190-0046,89,8698.793749999992,borda
605,Q0,FT924-8428,90,8606.92374999999,borda
605,Q0,FR940622-0-00060,91,8598.336249999991,borda
605,Q0,LA102090-0013,92,8588.301249999991,borda
605,Q0,FT931-8666,93,8563.99374999999,borda
605,Q0,FT923-2293,94,8553.21249999999,borda
605,Q0,FBIS3-51279,95,8531.826249999991,borda
605,Q0,FBIS3-56585,96,8509.564999999993,borda
605,Q0,FBIS3-56837,97,8499.564999999991,borda
605,Q0,FT921-2412,98,8489.23624999999,borda
605,Q0,FR940527-1-00248,99,8452.488749999991,borda
605,Q0,LA100189-0101,100,8409.24749999999,borda
605,Q0,FT933-7195,101,8402.047499999991,borda
605,Q0,FR940805-1-00086,102,8400.089999999993,borda
605,Q0,FT924-9331,103,8399.36124999999,borda
605,Q0,FBIS4-31994,104,8335.62999999999,borda
605,Q0,FR940805-1-00071,105,8332.669999999993,borda
605,Q0,FBIS3-46195,106,8302.371249999991,borda
605,Q0,FT941-16914,107,8298.902499999993,borda
605,Q0,FT933-2298,108,8297.759999999993,borda
605,Q0,LA072589-0018,109,8244.441249999994,borda
605,Q0,FT923-4076,110,8238.45499999999,borda
605,Q0,FR940805-1-00109,111,8172.898749999993,borda
605,Q0,FR940527-1-00237,112,8166.891249999992,borda
605,Q0,FT934-2619,113,8108.221249999992,borda
605,Q0,FT922-1087,114,8106.5562499999905,borda
605,Q0,FR941013-2-00073,115,8082.387499999993,borda
605,Q0,LA121789-0096,116,8058.633749999992,borda
605,Q0,FT932-6068,117,8043.882499999992,borda
605,Q0,FT943-11624,118,8019.578749999992,borda
605,Q0,FT933-4150,119,7975.5699999999915,borda
605,Q0,FT911-252,120,7952.919999999993,borda
605,Q0,FT921-2421,121,7944.6012499999915,borda
605,Q0,FR940805-1-00098,122,7908.679999999992,borda
605,Q0,FT921-10156,123,7882.906249999993,borda
605,Q0,FT923-11430,124,7836.896249999991,borda
605,Q0,FR941117-2-00052,125,7773.221249999992,borda
605,Q0,LA080689-0058,126,7733.422499999993,borda
605,Q0,FR940106-2-00079,127,7733.388749999993,borda
605,Q0,LA041489-0016,128,7722.203749999993,borda
605,Q0,FBIS3-22634,129,7665.814999999992,borda
605,Q0,FT924-6152,130,7656.042499999992,borda
605,Q0,FBIS3-24620,131,7605.437499999993,borda
605,Q0,FT921-15472,132,7599.844999999993,borda
605,Q0,FT921-9725,133,7562.886249999993,borda
605,Q0,FBIS3-61565,134,7547.571249999992,borda
605,Q0,FT931-13699,135,7519.957499999992,borda
605,Q0,FT932-11609,136,7506.277499999992,borda
605,Q0,LA070289-0084,137,7495.547499999993,borda
605,Q0,FT933-3238,138,7493.967499999993,borda
605,Q0,FR940228-1-00047,139,7457.1512499999935,borda
605,Q0,FT941-8685,140,7450.448749999992,borda
605,Q0,FT923-13463,141,7443.658749999994,borda
605,Q0,FT943-6878,142,7422.258749999994,borda
605,Q0,FT933-2295,143,7410.62624999999,borda
605,Q0,FT921-2416,144,7389.6012499999915,borda
605,Q0,FT933-5254,145,7382.974999999991,borda
605,Q0,FT923-6382,146,7379.516249999992,borda
605,Q0,LA012890-0075,147,7374.8249999999925,borda
605,Q0,FT924-15669,148,7365.866249999992,borda
605,Q0,LA010890-0006,149,7361.242499999995,borda
605,Q0,FT934-12644,150,7353.366249999993,borda
605,Q0,FR940406-2-00074,151,7298.324999999992,borda
605,Q0,FT934-10072,152,7284.899999999992,borda
605,Q0,LA100390-0056,153,7271.522499999994,borda
605,Q0,FR940805-1-00122,154,7266.869999999991,borda
605,Q0,FT932-6207,155,7255.3024999999925,borda
605,Q0,LA100790-0093,156,7247.593749999995,borda
605,Q0,FBIS4-25388,157,7247.159999999993,borda
605,Q0,LA041689-0016,158,7245.006249999994,borda
605,Q0,FT921-2436,159,7220.637499999992,borda
605,Q0,FT932-14884,160,7217.063749999991,borda
605,Q0,FT921-2446,161,7206.958749999992,borda
605,Q0,FT942-14531,162,7171.817499999994,borda
605,Q0,LA113089-0119,163,7165.328749999995,borda
605,Q0,FR940527-1-00246,164,7123.733749999993,borda
605,Q0,FR941006-2-00102,165,7103.329999999996,borda
605,Q0,FT941-8776,166,7080.502499999993,borda
605,Q0,FBIS3-51447,167,7068.708749999994,borda
605,Q0,LA030690-0103,168,7057.524999999992,borda
605,Q0,FT934-12727,169,7056.232499999994,borda
605,Q0,FT933-2764,170,7017.354999999991,borda
605,Q0,FT933-1434,171,6987.358749999993,borda
605,Q0,FBIS3-22461,172,6964.794999999993,borda
605,Q0,FBIS4-22953,173,6952.223749999993,borda
605,Q0,FBIS3-59083,174,6949.9587499999925,borda
605,Q0,LA112090-0016,175,6927.066249999994,borda
605,Q0,FT924-3525,176,6922.801249999994,borda
605,Q0,FBIS4-62541,177,6919.228749999992,borda
605,Q0,FT921-2444,178,6890.288749999992,borda
605,Q0,FT943-10610,179,6867.044999999995,borda
605,Q0,FR940527-1-00250,180,6816.794999999994,borda
605,Q0,LA071490-0012,181,6811.582499999991,borda
605,Q0,FT931-11376,182,6760.926249999993,borda
605,Q0,FT931-10731,183,6756.107499999994,borda
605,Q0,LA020289-0149,184,6752.951249999993,borda
605,Q0,LA051189-0052,185,6744.358749999994,borda
605,Q0,FBIS4-34812,186,6728.681249999994,borda
605,Q0,LA093090-0210,187,6714.262499999993,borda
605,Q0,FBIS4-48641,188,6710.898749999994,borda
605,Q0,FBIS4-31112,189,6668.713749999992,borda
605,Q0,FR941121-0-00081,190,6636.317499999992,borda
605,Q0,FT931-8642,191,6591.562499999993,borda
605,Q0,FT924-2224,192,6574.0124999999925,borda
605,Q0,FR940511-2-00099,193,6515.282499999994,borda
605,Q0,FR941013-2-00072,194,6480.953749999994,borda
605,Q0,FT921-7582,195,6471.298749999991,borda
605,Q0,FBIS4-8665,196,6452.728749999993,borda
605,Q0,LA062589-0009,197,6446.954999999993,borda
605,Q0,LA060290-0021,198,6439.578749999992,borda
605,Q0,LA011290-0143,199,6437.9899999999925,borda
605,Q0,LA111489-0057,200,6430.001249999994,borda
605,Q0,FR940317-2-00067,201,6429.5887499999935,borda
605,Q0,FT933-2545,202,6428.114999999993,borda
605,Q0,FT921-2432,203,6419.5837499999925,borda
605,Q0,FT921-2430,204,6416.887499999993,borda
605,Q0,LA080489-0126,205,6415.367499999995,borda
605,Q0,LA122289-0007,206,6398.934999999996,borda
605,Q0,LA100189-0053,207,6371.521249999993,borda
605,Q0,LA052890-0085,208,6358.254999999992,borda
605,Q0,FBIS4-58610,209,6340.4099999999935,borda
605,Q0,FR940527-1-00235,210,6339.091249999996,borda
605,Q0,LA072889-0140,211,6331.531249999993,borda
605,Q0,FT923-13973,212,6330.334999999993,borda
605,Q0,FT924-13318,213,6320.009999999995,borda
605,Q0,FBIS4-5176,214,6314.907499999994,borda
605,Q0,LA102289-0219,215,6308.934999999994,borda
605,Q0,LA022390-0186,216,6280.076249999993,borda
605,Q0,FT941-6953,217,6246.584999999995,borda
605,Q0,LA031989-0068,218,6223.753749999994,borda
605,Q0,LA121689-0044,219,6189.727499999993,borda
605,Q0,FR940728-2-00087,220,6176.196249999995,borda
605,Q0,FT922-8034,221,6174.291249999993,borda
605,Q0,LA121389-0089,222,6133.342499999994,borda
605,Q0,LA011089-0066,223,6113.934999999994,borda
605,Q0,FT931-4279,224,6108.469999999993,borda
605,Q0,FBIS3-2466,225,6088.708749999995,borda
605,Q0,FR941003-2-00066,226,6069.417499999994,borda
605,Q0,FT933-1742,227,6046.729999999993,borda
605,Q0,FT923-7158,228,5999.396249999994,borda
605,Q0,FT923-3318,229,5986.003749999993,borda
605,Q0,FT941-12498,230,5974.922499999993,borda
605,Q0,FBIS3-46290,231,5966.768749999995,borda
605,Q0,FBIS3-58659,232,5966.626249999995,borda
605,Q0,FR940622-0-00080,233,5962.419999999995,borda
605,Q0,FT922-706,234,5960.291249999993,borda
605,Q0,FR940314-2-00071,235,5959.811249999995,borda
605,Q0,LA100890-0117,236,5949.209999999995,borda
605,Q0,FT933-11264,237,5933.9237499999945,borda
605,Q0,LA060489-0228,238,5920.679999999993,borda
605,Q0,FR940128-2-00147,239,5892.018749999995,borda
605,Q0,FT941-13936,240,5890.048749999994,borda
605,Q0,FR940504-2-00047,241,5874.438749999996,borda
605,Q0,FBIS3-39665,242,5855.3337499999925,borda
605,Q0,FT934-5592,243,5850.953749999994,borda
605,Q0,LA052789-0045,244,5835.366249999994,borda
605,Q0,FT943-12277,245,5826.827499999996,borda
605,Q0,FT941-17403,246,5804.9999999999945,borda
605,Q0,FT934-5585,247,5795.907499999993,borda
605,Q0,FT923-14548,248,5757.616249999994,borda
605,Q0,LA092289-0125,249,5746.921249999994,borda
605,Q0,LA102990-0069,250,5722.227499999995,borda
605,Q0,LA123090-0173,251,5720.133749999994,borda
605,Q0,LA051690-0021,252,5710.591249999995,borda
605,Q0,LA072189-0057,253,5700.859999999995,borda
605,Q0,FR940805-1-00097,254,5692.854999999994,borda
605,Q0,FT934-3219,255,5685.671249999994,borda
605,Q0,FT933-1683,256,5681.399999999996,borda
605,Q0,LA120389-0223,257,5647.358749999995,borda
605,Q0,FBIS4-18869,258,5636.054999999994,borda
605,Q0,LA080590-0071,259,5630.8787499999935,borda
605,Q0,FT933-3029,260,5629.622499999996,borda
605,Q0,LA053089-0003,261,5623.527499999996,borda
605,Q0,LA050590-0009,262,5606.563749999995,borda
605,Q0,LA022490-0146,263,5590.078749999995,borda
605,Q0,FBIS4-26367,264,5579.509999999997,borda
605,Q0,LA101790-0009,265,5573.007499999993,borda
605,Q0,FT933-4664,266,5563.229999999995,borda
605,Q0,FR940428-2-00124,267,5559.0799999999945,borda
605,Q0,LA012590-0136,268,5551.747499999994,borda
605,Q0,FBIS4-42612,269,5541.917499999994,borda
605,Q0,FBIS4-20423,270,5520.298749999993,borda
605,Q0,FT923-14114,271,5504.798749999995,borda
605,Q0,LA043089-0080,272,5493.666249999996,borda
605,Q0,FBIS3-58935,273,5491.704999999995,borda
605,Q0,FT932-1454,274,5437.711249999994,borda
605,Q0,LA081789-0016,275,5436.733749999996,borda
605,Q0,FT942-2831,276,5434.9237499999945,borda
605,Q0,LA021389-0009,277,5429.292499999996,borda
605,Q0,FBIS4-22952,278,5427.947499999996,borda
605,Q0,LA031590-0117,279,5426.847499999994,borda
605,Q0,FT924-2786,280,5423.393749999994,borda
605,Q0,FT923-4261,281,5419.203749999994,borda
605,Q0,LA120190-0116,282,5413.753749999994,borda
605,Q0,FT931-10729,283,5413.334999999995,borda
605,Q0,LA030590-0053,284,5402.864999999995,borda
605,Q0,LA100690-0070,285,5397.628749999994,borda
605,Q0,LA060290-0023,286,5390.918749999994,borda
605,Q0,FT934-5566,287,5378.114999999994,borda
605,Q0,LA060290-0022,288,5365.343749999994,borda
605,Q0,LA072890-0140,289,5358.311249999994,borda
605,Q0,FR940826-2-00054,290,5351.768749999996,borda
605,Q0,FR940228-1-00050,291,5340.132499999994,borda
605,Q0,FR940323-2-00095,292,5326.887499999994,borda
605,Q0,LA080390-0121,293,5318.307499999996,borda
605,Q0,LA110989-0160,294,5299.612499999994,borda
605,Q0,LA050690-0043,295,5295.0174999999945,borda
605,Q0,LA122990-0067,296,5278.711249999994,borda
605,Q0,FT933-1436,297,5276.157499999994,borda
605,Q0,LA122889-0135,298,5268.944999999995,borda
605,Q0,FR941117-2-00054,299,5234.751249999995,borda
605,Q0,FBIS4-5523,300,5225.828749999994,borda
605,Q0,LA050690-0044,301,5222.897499999995,borda
605,Q0,FT924-2065,302,5222.772499999996,borda
605,Q0,LA123189-0025,303,5199.421249999995,borda
605,Q0,FT942-6867,304,5188.898749999995,borda
605,Q0,LA042089-0089,305,5184.441249999993,borda
605,Q0,FR940527-1-00234,306,5167.058749999995,borda
605,Q0,LA031790-0025,307,5153.324999999994,borda
605,Q0,FR940216-2-00021,308,5147.6962499999945,borda
605,Q0,FT942-11156,309,5144.174999999994,borda
605,Q0,FR941230-2-00067,310,5143.7099999999955,borda
605,Q0,LA030190-0132,311,5142.196249999995,borda
605,Q0,LA092590-0164,312,5140.233749999994,borda
605,Q0,FBIS4-50349,313,5136.343749999994,borda
605,Q0,FT922-4144,314,5123.342499999994,borda
605,Q0,FBIS3-46023,315,5107.898749999995,borda
605,Q0,FR940228-1-00052,316,5103.342499999995,borda
605,Q0,FBIS4-61926,317,5086.789999999994,borda
605,Q0,LA061990-0128,318,5073.164999999994,borda
605,Q0,FT924-15645,319,5070.116249999995,borda
605,Q0,FT944-3906,320,5064.241249999995,borda
605,Q0,FT921-8884,321,5056.333749999994,borda
605,Q0,FR940406-2-00073,322,5046.142499999995,borda
605,Q0,FR940318-2-00122,323,5031.536249999995,borda
605,Q0,LA082289-0099,324,5030.091249999995,borda
605,Q0,FT922-10692,325,5017.1962499999945,borda
605,Q0,FT941-10338,326,4983.847499999996,borda
605,Q0,FT922-14098,327,4962.434999999995,borda
605,Q0,FT934-2265,328,4953.759999999996,borda
605,Q0,FR940610-2-00076,329,4948.782499999996,borda
605,Q0,FBIS4-3612,330,4930.049999999995,borda
605,Q0,FBIS3-4293,331,4921.621249999994,borda
605,Q0,FR941107-2-00218,332,4921.241249999996,borda
605,Q0,FBIS3-12630,333,4910.703749999994,borda
605,Q0,FR940622-0-00064,334,4900.548749999995,borda
605,Q0,LA032589-0077,335,4898.684999999995,borda
605,Q0,FR941121-0-00087,336,4888.546249999995,borda
605,Q0,LA073190-0109,337,4859.126249999996,borda
605,Q0,FT944-15280,338,4855.302499999995,borda
605,Q0,FT931-4280,339,4839.027499999995,borda
605,Q0,LA081989-0049,340,4807.041249999997,borda
605,Q0,FBIS3-58952,341,4790.741249999995,borda
605,Q0,FBIS4-2663,342,4787.3524999999945,borda
605,Q0,LA051890-0001,343,4785.1024999999945,borda
605,Q0,FR940128-2-00145,344,4782.327499999995,borda
605,Q0,FT932-10505,345,4780.881249999995,borda
605,Q0,FT923-11098,346,4779.936249999996,borda
605,Q0,LA012889-0018,347,4775.382499999995,borda
605,Q0,LA043090-0015,348,4768.346249999996,borda
605,Q0,LA050290-0050,349,4767.676249999995,borda
605,Q0,FT944-15153,350,4756.783749999996,borda
605,Q0,FBIS4-31584,351,4756.231249999995,borda
605,Q0,FT921-10004,352,4742.018749999995,borda
605,Q0,LA041989-0024,353,4740.127499999995,borda
605,Q0,FBIS3-31473,354,4718.988749999994,borda
605,Q0,LA121990-0057,355,4681.758749999996,borda
605,Q0,FBIS4-20061,356,4681.389999999997,borda
605,Q0,LA082390-0202,357,4677.683749999996,borda
605,Q0,LA062590-0094,358,4662.791249999996,borda
605,Q0,LA091890-0013,359,4653.929999999994,borda
605,Q0,FT932-1723,360,4646.577499999996,borda
605,Q0,FR940527-1-00084,361,4639.309999999995,borda
605,Q0,LA032489-0014,362,4638.203749999996,borda
605,Q0,FBIS4-61326,363,4633.094999999996,borda
605,Q0,FR941117-2-00051,364,4628.408749999995,borda
605,Q0,FBIS3-4520,365,4620.661249999996,borda
605,Q0,FT934-11543,366,4570.593749999995,borda
605,Q0,FT924-15350,367,4569.814999999994,borda
605,Q0,FR940317-2-00063,368,4567.922499999995,borda
605,Q0,FT922-13517,369,4560.697499999995,borda
605,Q0,FBIS4-31260,370,4555.684999999995,borda
605,Q0,FR940324-1-00014,371,4555.463749999995,borda
605,Q0,FR940928-2-00045,372,4526.063749999994,borda
605,Q0,LA051189-0167,373,4524.314999999996,borda
605,Q0,LA081990-0120,374,4512.396249999996,borda
605,Q0,FT931-11864,375,4508.828749999995,borda
605,Q0,FR941013-2-00071,376,4500.259999999996,borda
605,Q0,FT943-9729,377,4499.541249999996,borda
605,Q0,LA041389-0154,378,4498.502499999994,borda
605,Q0,FR940406-0-00083,379,4497.0812499999965,borda
605,Q0,FR940728-2-00025,380,4484.906249999996,borda
605,Q0,FT932-170,381,4476.809999999995,borda
605,Q0,FT924-2784,382,4464.483749999995,borda
605,Q0,FBIS4-53694,383,4461.532499999995,borda
605,Q0,FR940228-1-00057,384,4451.2774999999965,borda
605,Q0,FR941121-0-00080,385,4434.128749999996,borda
605,Q0,FBIS3-44438,386,4429.222499999994,borda
605,Q0,FR940527-1-00245,387,4420.229999999996,borda
605,Q0,FT922-14327,388,4415.636249999995,borda
605,Q0,FR940610-2-00077,389,4411.888749999996,borda
605,Q0,FT922-14532,390,4411.113749999995,borda
605,Q0,FT932-11830,391,4400.134999999996,borda
605,Q0,LA122689-0009,392,4397.667499999996,borda
605,Q0,LA032690-0014,393,4397.024999999995,borda
605,Q0,FT924-1413,394,4395.074999999994,borda
605,Q0,FBIS4-49133,395,4381.291249999996,borda
605,Q0,FR940713-2-00064,396,4365.886249999996,borda
605,Q0,FT942-5248,397,4322.562499999995,borda
605,Q0,LA060390-0126,398,4319.241249999996,borda
605,Q0,LA051890-0002,399,4306.2012499999955,borda
605,Q0,FT921-2350,400,4304.611249999996,borda
605,Q0,FT923-12865,401,4296.202499999996,borda
605,Q0,FR941121-0-00076,402,4286.836249999997,borda
605,Q0,FBIS4-9354,403,4282.604999999998,borda
605,Q0,FT942-2981,404,4277.6474999999955,borda
605,Q0,LA071490-0010,405,4274.706249999996,borda
605,Q0,LA052290-0088,406,4258.798749999995,borda
605,Q0,LA061889-0102,407,4258.276249999995,borda
605,Q0,FT924-5037,408,4256.639999999997,borda
605,Q0,FR940128-2-00144,409,4254.939999999995,borda
605,Q0,LA120990-0084,410,4242.472499999996,borda
605,Q0,FBIS4-51832,411,4238.634999999995,borda
605,Q0,FR940927-2-00072,412,4231.878749999996,borda
605,Q0,FBIS3-20948,413,4227.727499999995,borda
605,Q0,FT941-2761,414,4223.989999999996,borda
605,Q0,FT933-8379,415,4219.788749999995,borda
605,Q0,LA042989-0110,416,4217.7412499999955,borda
605,Q0,LA082489-0154,417,4209.779999999996,borda
605,Q0,FT931-246,418,4202.376249999995,borda
605,Q0,FR940425-2-00070,419,4191.056249999996,borda
605,Q0,LA032690-0016,420,4188.689999999995,borda
605,Q0,FR940805-1-00099,421,4182.656249999996,borda
605,Q0,FBIS4-13618,422,4180.043749999995,borda
605,Q0,FR940930-0-00065,423,4179.096249999996,borda
605,Q0,FT944-12617,424,4159.287499999995,borda
605,Q0,FT944-9312,425,4144.207499999994,borda
605,Q0,FT942-10229,426,4143.696249999995,borda
605,Q0,FR941027-2-00069,427,4141.021249999996,borda
605,Q0,FT921-5249,428,4134.129999999996,borda
605,Q0,FBIS3-58991,429,4129.861249999996,borda
605,Q0,LA070990-0112,430,4128.591249999996,borda
605,Q0,LA110790-0070,431,4126.121249999995,borda
605,Q0,LA070890-0091,432,4123.5849999999955,borda
605,Q0,FT921-9578,433,4123.401249999996,borda
605,Q0,LA061989-0073,434,4121.604999999995,borda
605,Q0,FBIS3-43005,435,4116.227499999997,borda
605,Q0,FBIS3-42967,436,4116.218749999997,borda
605,Q0,FR940527-1-00252,437,4110.531249999996,borda
605,Q0,FT922-15527,438,4080.443749999996,borda
605,Q0,FBIS4-55506,439,4071.8487499999956,borda
605,Q0,FT942-34,440,4070.483749999996,borda
605,Q0,FT931-8064,441,4067.526249999996,borda
605,Q0,LA040490-0049,442,4065.389999999996,borda
605,Q0,FT934-12153,443,4064.716249999997,borda
605,Q0,FT943-8901,444,4064.4399999999946,borda
605,Q0,LA011289-0178,445,4058.9999999999977,borda
605,Q0,FR940719-2-00082,446,4051.7424999999957,borda
605,Q0,FR940527-1-00027,447,4051.7037499999965,borda
605,Q0,FBIS3-33183,448,4047.811249999996,borda
605,Q0,LA012289-0123,449,4046.4749999999967,borda
605,Q0,FR941007-2-00137,450,4036.953749999996,borda
605,Q0,FT932-17299,451,4025.0049999999965,borda
605,Q0,LA051890-0004,452,4011.2837499999955,borda
605,Q0,LA053090-0041,453,4006.9774999999963,borda
605,Q0,FR940323-2-00093,454,4001.9112499999956,borda
605,Q0,FBIS4-57879,455,3991.5099999999957,borda
605,Q0,FBIS3-44546,456,3981.9474999999948,borda
605,Q0,FT942-3414,457,3980.9262499999963,borda
605,Q0,FR941026-2-00040,458,3974.2062499999956,borda
605,Q0,FT922-6986,459,3972.1337499999954,borda
605,Q0,FBIS4-10311,460,3970.8374999999955,borda
605,Q0,FR940513-2-00067,461,3968.426249999996,borda
605,Q0,FT944-14417,462,3961.5799999999963,borda
605,Q0,FBIS4-49094,463,3960.073749999997,borda
605,Q0,LA011389-0143,464,3957.3224999999957,borda
605,Q0,FR940511-1-00058,465,3951.3049999999976,borda
605,Q0,FT923-13759,466,3950.573749999996,borda
605,Q0,FR940805-1-00087,467,3942.344999999997,borda
605,Q0,FT933-6717,468,3922.3874999999953,borda
605,Q0,LA012490-0035,469,3916.5237499999953,borda
605,Q0,LA070689-0166,470,3916.401249999995,borda
605,Q0,FR940425-2-00062,471,3911.138749999998,borda
605,Q0,FR940318-2-00115,472,3909.4762499999965,borda
605,Q0,LA051789-0012,473,3905.638749999996,borda
605,Q0,FR940106-2-00080,474,3905.254999999997,borda
605,Q0,LA032690-0013,475,3903.541249999996,borda
605,Q0,FBIS4-9331,476,3896.906249999996,borda
605,Q0,FT931-11380,477,3896.4512499999946,borda
605,Q0,FR940607-2-00039,478,3881.208749999997,borda
605,Q0,FT931-7929,479,3875.5774999999967,borda
605,Q0,FT942-231,480,3874.214999999996,borda
605,Q0,FT942-11687,481,3869.363749999995,borda
605,Q0,FT932-3491,482,3867.9874999999956,borda
605,Q0,FT934-7056,483,3865.4337499999956,borda
605,Q0,LA030890-0122,484,3853.246249999996,borda
605,Q0,FT924-13243,485,3851.1624999999963,borda
605,Q0,FT921-7527,486,3848.2562499999963,borda
605,Q0,LA101089-0113,487,3846.063749999998,borda
605,Q0,FR940222-1-00024,488,3845.047499999996,borda
605,Q0,LA042089-0025,489,3841.8674999999957,borda
605,Q0,FR941220-0-00013,490,3835.643749999997,borda
605,Q0,LA123189-0183,491,3822.368749999996,borda
605,Q0,FBIS3-24050,492,3817.8962499999975,borda
605,Q0,FT924-6543,493,3810.166249999996,borda
605,Q0,LA032590-0018,494,3807.3899999999962,borda
605,Q0,LA042889-0172,495,3804.573749999996,borda
605,Q0,FR940425-2-00059,496,3800.622499999997,borda
605,Q0,LA061290-0158,497,3798.6599999999958,borda
605,Q0,LA120889-0032,498,3798.1087499999967,borda
605,Q0,FT923-3582,499,3797.0949999999966,borda
605,Q0,FR941220-0-00015,500,3784.6049999999973,borda
605,Q0,FT943-1237,501,3778.344999999996,borda
605,Q0,FBIS4-45042,502,3758.0562499999965,borda
605,Q0,FT931-4276,503,3744.958749999996,borda
605,Q0,LA012090-0108,504,3731.5549999999957,borda
605,Q0,FBIS3-55413,505,3729.2537499999958,borda
605,Q0,LA020589-0097,506,3723.8449999999966,borda
605,Q0,FR941205-2-00023,507,3715.1012499999974,borda
605,Q0,FR940318-2-00124,508,3703.909999999998,borda
605,Q0,LA031689-0103,509,3697.713749999997,borda
605,Q0,FT943-15649,510,3692.537499999997,borda
605,Q0,FT924-16069,511,3692.5237499999953,borda
605,Q0,LA022589-0086,512,3692.4449999999956,borda
605,Q0,FT922-8433,513,3680.4874999999956,borda
605,Q0,LA043089-0061,514,3670.2774999999983,borda
605,Q0,FR940622-0-00081,515,3669.4874999999975,borda
605,Q0,FR940811-2-00135,516,3665.2074999999973,borda
605,Q0,LA061290-0111,517,3657.1437499999965,borda
605,Q0,FT921-5858,518,3648.0474999999965,borda
605,Q0,FT941-15632,519,3634.4362499999975,borda
605,Q0,FR941117-2-00049,520,3633.6037499999975,borda
605,Q0,FT922-8411,521,3626.758749999996,borda
605,Q0,FT933-13608,522,3621.8362499999967,borda
605,Q0,FT923-5115,523,3620.7799999999966,borda
605,Q0,FR940805-1-00123,524,3619.6212499999974,borda
605,Q0,FT943-9389,525,3618.2437499999965,borda
605,Q0,FT931-8262,526,3607.012499999996,borda
605,Q0,LA101589-0088,527,3596.682499999996,borda
605,Q0,LA020589-0091,528,3594.4037499999963,borda
605,Q0,FT931-1100,529,3593.6762499999963,borda
605,Q0,LA051489-0217,530,3570.713749999997,borda
605,Q0,FBIS4-14913,531,3570.6924999999965,borda
605,Q0,FBIS3-32560,532,3566.2049999999977,borda
605,Q0,FT931-4275,533,3557.402499999996,borda
605,Q0,LA092689-0079,534,3553.1774999999966,borda
605,Q0,LA010189-0040,535,3551.1749999999956,borda
605,Q0,LA062989-0055,536,3542.4474999999966,borda
605,Q0,FBIS3-33173,537,3537.754999999998,borda
605,Q0,LA122490-0037,538,3534.128749999997,borda
605,Q0,FR940324-2-00055,539,3525.3824999999974,borda
605,Q0,FT922-6531,540,3515.738749999995,borda
605,Q0,FR940622-0-00021,541,3515.2699999999963,borda
605,Q0,FR940928-2-00046,542,3509.1599999999967,borda
605,Q0,FBIS3-51932,543,3502.1699999999964,borda
605,Q0,LA100689-0121,544,3499.6512499999976,borda
605,Q0,LA080890-0086,545,3498.476249999996,borda
605,Q0,FT944-12615,546,3489.7424999999976,borda
605,Q0,FBIS3-51810,547,3486.1499999999965,borda
605,Q0,FT923-1198,548,3483.5887499999963,borda
605,Q0,FBIS3-39135,549,3479.2412499999964,borda
605,Q0,FBIS4-10515,550,3477.0599999999968,borda
605,Q0,LA070590-0156,551,3468.829999999997,borda
605,Q0,FT932-11422,552,3466.597499999996,borda
605,Q0,FT931-7878,553,3465.987499999997,borda
605,Q0,FR940805-1-00072,554,3461.1224999999963,borda
605,Q0,FR940805-1-00110,555,3456.8737499999975,borda
605,Q0,FR940418-2-00086,556,3446.9087499999973,borda
605,Q0,FR940324-2-00070,557,3442.348749999997,borda
605,Q0,FR940603-2-00046,558,3434.9687499999977,borda
605,Q0,LA030190-0110,559,3419.747499999996,borda
605,Q0,FR940805-1-00056,560,3400.772499999998,borda
605,Q0,FR940527-1-00098,561,3398.739999999999,borda
605,Q0,FT922-9090,562,3397.822499999996,borda
605,Q0,FR940919-2-00069,563,3395.197499999997,borda
605,Q0,FBIS3-32033,564,3395.1837499999965,borda
605,Q0,FBIS3-59753,565,3392.2662499999974,borda
605,Q0,FBIS4-18312,566,3388.301249999996,borda
605,Q0,FR940527-1-00083,567,3387.9724999999967,borda
605,Q0,FR940919-1-00003,568,3380.8912499999965,borda
605,Q0,FR940907-2-00044,569,3379.0924999999966,borda
605,Q0,FBIS4-28944,570,3371.6462499999952,borda
605,Q0,LA051289-0126,571,3364.701249999997,borda
605,Q0,LA021290-0030,572,3361.863749999998,borda
605,Q0,FR940106-2-00081,573,3359.2074999999977,borda
605,Q0,LA022090-0135,574,3354.8562499999966,borda
605,Q0,LA010790-0035,575,3345.601249999997,borda
605,Q0,FT931-17100,576,3341.4424999999965,borda
605,Q0,LA123090-0136,577,3339.4799999999977,borda
605,Q0,FT922-1200,578,3334.711249999998,borda
605,Q0,LA102489-0057,579,3329.507499999996,borda
605,Q0,LA043090-0057,580,3328.203749999997,borda
605,Q0,LA051289-0155,581,3327.7674999999963,borda
605,Q0,LA120590-0131,582,3327.0424999999964,borda
605,Q0,FBIS3-59795,583,3326.978749999997,borda
605,Q0,FT924-2529,584,3326.1062499999966,borda
605,Q0,FT921-12030,585,3319.7674999999986,borda
605,Q0,FBIS3-61578,586,3318.9049999999966,borda
605,Q0,FT911-2892,587,3313.2249999999967,borda
605,Q0,FR940511-2-00100,588,3308.0487499999986,borda
605,Q0,FBIS3-18722,589,3307.887499999998,borda
605,Q0,FR940318-2-00114,590,3307.2999999999984,borda
605,Q0,LA081589-0104,591,3305.058749999997,borda
605,Q0,FBIS4-64643,592,3304.488749999997,borda
605,Q0,LA080789-0031,593,3296.254999999998,borda
605,Q0,LA070790-0144,594,3295.041249999997,borda
605,Q0,LA031090-0010,595,3294.399999999998,borda
605,Q0,FR941117-1-00013,596,3292.3574999999973,borda
605,Q0,LA090990-0153,597,3290.4174999999964,borda
605,Q0,FR941027-2-00067,598,3285.607499999998,borda
605,Q0,FT943-10844,599,3283.1687499999966,borda
605,Q0,FR940222-1-00047,600,3281.5674999999974,borda
605,Q0,FT923-5744,601,3276.6887499999957,borda
605,Q0,FBIS3-42489,602,3265.188749999997,borda
605,Q0,FT933-1431,603,3253.1812499999974,borda
605,Q0,FT922-638,604,3248.081249999997,borda
605,Q0,FR941121-0-00074,605,3247.7312499999975,borda
605,Q0,LA062489-0128,606,3247.6324999999965,borda
605,Q0,FR940721-2-00059,607,3247.427499999999,borda
605,Q0,LA030989-0037,608,3245.8224999999957,borda
605,Q0,FT942-4027,609,3244.5112499999973,borda
605,Q0,FT932-3732,610,3242.876249999998,borda
605,Q0,FR940930-0-00066,611,3240.4937499999974,borda
605,Q0,FT934-11176,612,3236.1912499999967,borda
605,Q0,FR940712-2-00065,613,3235.728749999997,borda
605,Q0,LA121090-0078,614,3235.1212499999983,borda
605,Q0,FT933-15869,615,3233.9612499999957,borda
605,Q0,FT923-3194,616,3229.1137499999973,borda
605,Q0,FT942-574,617,3225.642499999997,borda
605,Q0,LA042389-0058,618,3222.772499999997,borda
605,Q0,LA083189-0111,619,3213.396249999997,borda
605,Q0,FBIS4-1074,620,3201.322499999997,borda
605,Q0,FR940811-2-00080,621,3200.633749999998,borda
605,Q0,FBIS3-3910,622,3194.0887499999967,borda
605,Q0,FR940622-0-00022,623,3189.4974999999968,borda
605,Q0,FT944-17401,624,3185.8499999999954,borda
605,Q0,FR940104-2-00014,625,3185.7887499999974,borda
605,Q0,LA081590-0125,626,3185.732499999998,borda
605,Q0,LA030989-0098,627,3180.6924999999965,borda
605,Q0,LA112989-0131,628,3179.1824999999963,borda
605,Q0,FR940527-1-00263,629,3176.1424999999986,borda
605,Q0,FR940527-1-00251,630,3173.844999999999,borda
605,Q0,FT941-11779,631,3166.177499999997,borda
605,Q0,LA052889-0127,632,3152.487499999997,borda
605,Q0,FT941-6854,633,3148.378749999997,borda
605,Q0,LA042389-0181,634,3142.202499999998,borda
605,Q0,FR940406-0-00086,635,3136.836249999997,borda
605,Q0,FT943-4681,636,3134.089999999995,borda
605,Q0,LA122289-0048,637,3127.957499999996,borda
605,Q0,FT932-7493,638,3126.471249999996,borda
605,Q0,FR940721-2-00060,639,3125.833749999999,borda
605,Q0,LA061889-0010,640,3124.274999999997,borda
605,Q0,FT932-17405,641,3117.666249999996,borda
605,Q0,FR940527-1-00101,642,3116.4949999999976,borda
605,Q0,FBIS4-21038,643,3115.1587499999987,borda
605,Q0,FR940527-2-00072,644,3113.174999999999,borda
605,Q0,FR940805-2-00078,645,3111.288749999999,borda
605,Q0,FBIS4-35882,646,3101.823749999997,borda
605,Q0,LA060390-0038,647,3101.477499999998,borda
605,Q0,FBIS4-22377,648,3098.0324999999984,borda
605,Q0,FR940602-2-00080,649,3092.0474999999965,borda
605,Q0,FBIS4-19867,650,3085.152499999997,borda
605,Q0,FT921-13025,651,3082.692499999998,borda
605,Q0,FBIS4-66754,652,3078.7387499999977,borda
605,Q0,FR940506-2-00162,653,3078.123749999997,borda
605,Q0,LA100590-0102,654,3077.708749999997,borda
605,Q0,FT911-2700,655,3073.2649999999976,borda
605,Q0,FT932-14597,656,3068.8299999999967,borda
605,Q0,LA051289-0118,657,3054.3387499999985,borda
605,Q0,LA012289-0049,658,3052.1524999999983,borda
605,Q0,LA121290-0132,659,3051.3037499999987,borda
605,Q0,LA030589-0109,660,3050.7474999999963,borda
605,Q0,FR940811-2-00079,661,3049.674999999997,borda
605,Q0,FR940425-2-00078,662,3041.271249999998,borda
605,Q0,LA112390-0072,663,3038.047499999996,borda
605,Q0,FT921-704,664,3036.3799999999974,borda
605,Q0,FR941117-2-00046,665,3035.702499999997,borda
605,Q0,LA080590-0119,666,3032.386249999997,borda
605,Q0,LA062289-0021,667,3031.7424999999976,borda
605,Q0,FT932-4615,668,3027.527499999997,borda
605,Q0,LA110589-0138,669,3026.5774999999967,borda
605,Q0,FT942-10940,670,3023.474999999997,borda
605,Q0,FR941130-0-00091,671,3023.384999999998,borda
605,Q0,FT921-11258,672,3020.556249999997,borda
605,Q0,FBIS3-59306,673,3013.377499999996,borda
605,Q0,LA083189-0137,674,3011.264999999997,borda
605,Q0,FR940616-2-00075,675,3009.8687499999983,borda
605,Q0,FT921-2636,676,3006.014999999998,borda
605,Q0,FBIS3-30172,677,3005.7824999999953,borda
605,Q0,LA110590-0085,678,3005.0512499999977,borda
605,Q0,LA100290-0106,679,3004.964999999997,borda
605,Q0,FBIS4-67636,680,3000.626249999996,borda
605,Q0,LA121890-0041,681,2994.5887499999985,borda
605,Q0,FT941-2255,682,2994.0437499999966,borda
605,Q0,LA041989-0041,683,2982.9599999999973,borda
605,Q0,FBIS3-13582,684,2982.5912499999968,borda
605,Q0,FR940318-2-00117,685,2980.379999999997,borda
605,Q0,FBIS4-9845,686,2974.993749999997,borda
605,Q0,LA112989-0135,687,2968.7637499999964,borda
605,Q0,LA111390-0168,688,2965.524999999997,borda
605,Q0,FBIS3-60031,689,2959.182499999997,borda
605,Q0,LA010589-0067,690,2948.694999999999,borda
605,Q0,FT924-15880,691,2935.247499999997,borda
605,Q0,FT943-10118,692,2931.079999999997,borda
605,Q0,FT911-870,693,2926.5537499999978,borda
605,Q0,FR940627-2-00043,694,2923.606249999997,borda
605,Q0,FT921-11087,695,2919.0899999999974,borda
605,Q0,LA072389-0203,696,2894.3099999999963,borda
605,Q0,LA100490-0189,697,2891.9174999999973,borda
605,Q0,FR940323-2-00091,698,2889.9074999999966,borda
605,Q0,FT924-7678,699,2883.0999999999963,borda
605,Q0,FR940323-2-00088,700,2882.019999999998,borda
605,Q0,FT934-6978,701,2875.736249999998,borda
605,Q0,FT931-4282,702,2873.4974999999977,borda
605,Q0,FBIS3-5983,703,2852.187499999997,borda
605,Q0,FR940527-1-00249,704,2848.9062499999986,borda
605,Q0,FT944-14141,705,2848.4687499999977,borda
605,Q0,FT941-11495,706,2842.018749999998,borda
605,Q0,FT933-2299,707,2838.462499999998,borda
605,Q0,FT922-12186,708,2835.514999999998,borda
605,Q0,FT942-9994,709,2828.403749999996,borda
605,Q0,FBIS3-50327,710,2821.7849999999967,borda
605,Q0,FR940406-0-00084,711,2813.448749999998,borda
605,Q0,FR940512-2-00051,712,2811.2312499999985,borda
605,Q0,FBIS4-29442,713,2809.028749999997,borda
605,Q0,LA080289-0120,714,2803.7324999999983,borda
605,Q0,FT943-2537,715,2803.361249999998,borda
605,Q0,FT943-12558,716,2793.541249999999,borda
605,Q0,FBIS4-17696,717,2791.3699999999967,borda
605,Q0,FT941-9311,718,2791.198749999997,borda
605,Q0,FT942-15158,719,2790.2399999999957,borda
605,Q0,FBIS4-67458,720,2788.1562499999973,borda
605,Q0,FBIS4-28483,721,2785.402499999997,borda
605,Q0,FR940112-2-00075,722,2775.757499999999,borda
605,Q0,FBIS4-62437,723,2775.453749999997,borda
605,Q0,LA110989-0049,724,2771.6074999999964,borda
605,Q0,LA070589-0072,725,2762.377499999997,borda
605,Q0,FBIS4-9820,726,2761.3074999999994,borda
605,Q0,FBIS3-20478,727,2761.162499999997,borda
605,Q0,LA121690-0207,728,2757.7237499999983,borda
605,Q0,FBIS4-61382,729,2756.876249999997,borda
605,Q0,FBIS4-6168,730,2750.9187499999975,borda
605,Q0,LA031789-0104,731,2744.6649999999972,borda
605,Q0,LA072389-0094,732,2741.544999999997,borda
605,Q0,FT923-5117,733,2739.0999999999976,borda
605,Q0,FT942-1936,734,2737.573749999998,borda
605,Q0,FBIS3-19245,735,2736.0274999999974,borda
605,Q0,FBIS3-20440,736,2723.654999999999,borda
605,Q0,LA070889-0117,737,2713.752499999997,borda
605,Q0,FT923-7373,738,2703.777499999998,borda
605,Q0,FT931-11190,739,2703.043749999998,borda
605,Q0,FT931-13370,740,2697.926249999997,borda
605,Q0,FT923-5204,741,2697.6974999999966,borda
605,Q0,FBIS3-29029,742,2695.146249999998,borda
605,Q0,FT933-2093,743,2691.5099999999966,borda
605,Q0,FT933-3431,744,2689.481249999997,borda
605,Q0,FBIS3-28379,745,2688.396249999997,borda
605,Q0,FR940426-2-00053,746,2682.9324999999985,borda
605,Q0,FT943-13471,747,2682.084999999996,borda
605,Q0,FT924-11901,748,2681.0074999999983,borda
605,Q0,FT943-12555,749,2672.528749999997,borda
605,Q0,FT943-13405,750,2668.948749999998,borda
605,Q0,LA041190-0118,751,2663.6874999999973,borda
605,Q0,FBIS3-18573,752,2660.873749999998,borda
605,Q0,FT923-9517,753,2658.3012499999986,borda
605,Q0,LA051790-0202,754,2656.5324999999984,borda
605,Q0,FT933-1824,755,2656.422499999996,borda
605,Q0,FBIS3-36078,756,2650.116249999999,borda
605,Q0,FR940217-2-00059,757,2647.9499999999985,borda
605,Q0,FBIS4-34350,758,2642.274999999998,borda
605,Q0,LA051389-0079,759,2642.1137499999973,borda
605,Q0,FBIS4-34095,760,2639.086249999997,borda
605,Q0,LA011590-0015,761,2632.4949999999976,borda
605,Q0,FR940713-2-00097,762,2629.783749999998,borda
605,Q0,FT933-11534,763,2628.052499999999,borda
605,Q0,LA062889-0006,764,2623.9624999999987,borda
605,Q0,FT943-8846,765,2623.446249999998,borda
605,Q0,FR941230-0-00119,766,2618.19625,borda
605,Q0,FT921-10632,767,2616.6674999999964,borda
605,Q0,FR941003-2-00038,768,2609.876249999997,borda
605,Q0,LA092290-0096,769,2605.6149999999975,borda
605,Q0,FBIS4-33063,770,2600.1337499999977,borda
605,Q0,FR940811-2-00076,771,2589.8787499999994,borda
605,Q0,FT933-2238,772,2580.1749999999975,borda
605,Q0,LA122590-0091,773,2573.0962499999973,borda
605,Q0,FBIS3-42037,774,2569.9587499999975,borda
605,Q0,FT931-8472,775,2568.8962499999993,borda
605,Q0,FR940805-1-00088,776,2567.6062499999985,borda
605,Q0,FT944-14306,777,2564.7687499999993,borda
605,Q0,LA090790-0077,778,2564.06875,borda
605,Q0,FR940114-2-00066,779,2561.1374999999975,borda
605,Q0,FBIS3-36235,780,2556.2062499999975,borda
605,Q0,FBIS4-18457,781,2555.8187499999967,borda
605,Q0,FR940728-2-00086,782,2553.3062499999983,borda
605,Q0,LA092690-0015,783,2551.448749999997,borda
605,Q0,LA040190-0084,784,2548.3699999999976,borda
605,Q0,FBIS3-42722,785,2547.8999999999974,borda
605,Q0,FT932-1268,786,2544.6037499999966,borda
605,Q0,LA012490-0137,787,2542.4899999999975,borda
605,Q0,LA062989-0082,788,2540.641249999998,borda
605,Q0,FR940622-0-00027,789,2539.7212499999973,borda
605,Q0,FT921-8361,790,2537.2674999999977,borda
605,Q0,FR941117-2-00055,791,2536.776249999998,borda
605,Q0,FR940104-0-00034,792,2536.5187499999997,borda
605,Q0,FT921-2344,793,2535.332499999997,borda
605,Q0,FR940602-1-00023,794,2534.9962499999997,borda
605,Q0,FR940811-2-00074,795,2529.3374999999987,borda
605,Q0,FR940527-2-00135,796,2529.2287499999998,borda
605,Q0,FT911-5041,797,2525.0562499999974,borda
605,Q0,FR940104-2-00039,798,2521.707499999999,borda
605,Q0,FBIS3-51448,799,2520.5312499999973,borda
605,Q0,LA062989-0041,800,2519.3799999999974,borda
605,Q0,FT931-11785,801,2518.2012499999964,borda
605,Q0,LA100690-0059,802,2515.9037499999963,borda
605,Q0,LA040190-0128,803,2510.754999999998,borda
605,Q0,FT933-10863,804,2508.742499999997,borda
605,Q0,FT931-10381,805,2505.0399999999977,borda
605,Q0,FBIS3-41688,806,2504.0187499999997,borda
605,Q0,LA042290-0184,807,2500.3037499999973,borda
605,Q0,FBIS4-7251,808,2498.0187499999984,borda
605,Q0,LA030190-0139,809,2497.5824999999977,borda
605,Q0,LA042790-0071,810,2497.0337499999987,borda
605,Q0,FR940428-1-00004,811,2495.3599999999974,borda
605,Q0,LA012589-0002,812,2494.4099999999976,borda
605,Q0,FBIS3-60342,813,2492.5375,borda
605,Q0,FR940713-2-00100,814,2492.496249999997,borda
605,Q0,FT922-7564,815,2479.7912499999966,borda
605,Q0,FT944-7304,816,2477.377499999998,borda
605,Q0,LA092690-0114,817,2476.9762499999965,borda
605,Q0,FBIS3-46324,818,2476.5949999999993,borda
605,Q0,FR940930-0-00067,819,2474.0587499999983,borda
605,Q0,FR940527-1-00100,820,2473.563749999999,borda
605,Q0,FT943-3468,821,2473.364999999998,borda
605,Q0,FT921-11249,822,2472.8474999999976,borda
605,Q0,FR941121-0-00077,823,2470.7499999999973,borda
605,Q0,FBIS4-43512,824,2467.2562499999967,borda
605,Q0,FBIS3-50817,825,2465.587499999998,borda
605,Q0,FT932-17406,826,2464.5349999999967,borda
605,Q0,LA061289-0083,827,2461.5762499999973,borda
605,Q0,LA052189-0165,828,2458.4324999999985,borda
605,Q0,FT933-5696,829,2456.964999999997,borda
605,Q0,FR940128-1-00081,830,2452.152499999998,borda
605,Q0,LA040189-0132,831,2449.4962499999992,borda
605,Q0,LA011389-0090,832,2447.0237499999976,borda
605,Q0,LA122390-0119,833,2443.9249999999965,borda
605,Q0,FR940831-2-00065,834,2438.5837499999993,borda
605,Q0,FT944-10144,835,2438.3212499999963,borda
605,Q0,FR940318-2-00118,836,2435.111249999999,borda
605,Q0,FBIS4-67610,837,2432.9287499999978,borda
605,Q0,FR940512-2-00050,838,2423.5049999999987,borda
605,Q0,FT931-3052,839,2414.1387499999996,borda
605,Q0,FR941220-0-00012,840,2411.5937499999986,borda
605,Q0,LA110890-0121,841,2399.222499999997,borda
605,Q0,FBIS4-67533,842,2398.0625,borda
605,Q0,FT931-12999,843,2397.9862499999986,borda
605,Q0,LA090389-0087,844,2388.271249999998,borda
605,Q0,FR941021-2-00060,845,2386.2337499999985,borda
605,Q0,LA081889-0074,846,2374.528749999998,borda
605,Q0,FT931-7790,847,2372.466249999997,borda
605,Q0,FT944-17,848,2371.8912499999997,borda
605,Q0,FBIS3-29,849,2370.9249999999997,borda
605,Q0,FBIS3-29699,850,2370.012499999998,borda
605,Q0,FT944-8895,851,2368.073749999997,borda
605,Q0,FT931-3695,852,2364.3174999999983,borda
605,Q0,LA070390-0058,853,2362.3037499999978,borda
605,Q0,FR941117-2-00053,854,2361.6587499999996,borda
605,Q0,FT911-4177,855,2359.9487499999977,borda
605,Q0,FT944-15573,856,2353.048749999997,borda
605,Q0,LA051089-0072,857,2349.344999999999,borda
605,Q0,FT924-11687,858,2347.7899999999977,borda
605,Q0,FR940406-1-00066,859,2340.4612499999985,borda
605,Q0,LA022390-0055,860,2332.868749999997,borda
605,Q0,FR940217-2-00049,861,2325.2224999999985,borda
605,Q0,FR941220-0-00038,862,2322.7287499999984,borda
605,Q0,FR940228-1-00055,863,2319.204999999999,borda
605,Q0,FT934-12756,864,2308.6912499999976,borda
605,Q0,FT943-1581,865,2303.5112499999977,borda
605,Q0,LA031989-0058,866,2299.2024999999967,borda
605,Q0,FT922-5245,867,2294.99,borda
605,Q0,LA032290-0102,868,2294.064999999998,borda
605,Q0,LA042589-0056,869,2292.5324999999966,borda
605,Q0,FT944-10781,870,2291.9037499999977,borda
605,Q0,FBIS4-28164,871,2290.9299999999976,borda
605,Q0,FR940930-0-00070,872,2290.2999999999984,borda
605,Q0,FR940203-2-00059,873,2286.8137499999993,borda
605,Q0,FR940607-2-00040,874,2285.589999999998,borda
605,Q0,FR940323-2-00079,875,2282.2337499999976,borda
605,Q0,FT944-15290,876,2279.1949999999997,borda
605,Q0,LA121089-0208,877,2278.1737499999977,borda
605,Q0,FT941-9986,878,2277.2012499999987,borda
605,Q0,LA062890-0237,879,2275.4637499999967,borda
605,Q0,FT943-11349,880,2273.9974999999968,borda
605,Q0,FT923-2418,881,2270.049999999998,borda
605,Q0,FT911-2009,882,2265.602499999998,borda
605,Q0,FR940721-2-00051,883,2261.964999999999,borda
605,Q0,FR941117-1-00008,884,2256.4749999999985,borda
605,Q0,FT924-10386,885,2251.527499999998,borda
605,Q0,FT911-559,886,2246.3024999999984,borda
605,Q0,FT932-14007,887,2246.2274999999995,borda
605,Q0,LA110589-0037,888,2243.5024999999964,borda
605,Q0,FR940927-2-00070,889,2240.289999999996,borda
605,Q0,FBIS4-46259,890,2238.0549999999976,borda
605,Q0,FR940919-2-00068,891,2233.9824999999987,borda
605,Q0,FT933-773,892,2233.011249999998,borda
605,Q0,FT922-1014,893,2231.9725,borda
605,Q0,FT921-12442,894,2227.2512499999975,borda
605,Q0,FT921-2635,895,2225.524999999998,borda
605,Q0,FT924-8184,896,2225.0062499999976,borda
605,Q0,FT943-6658,897,2214.8424999999997,borda
605,Q0,FR940428-2-00125,898,2213.6974999999975,borda
605,Q0,FT942-3988,899,2206.281249999998,borda
605,Q0,FR940527-1-00244,900,2205.8224999999975,borda
605,Q0,FT934-5058,901,2198.603749999999,borda
605,Q0,FT941-13930,902,2198.594999999998,borda
605,Q0,LA072389-0086,903,2196.947499999997,borda
605,Q0,FR941107-2-00234,904,2196.151249999998,borda
605,Q0,FT942-9672,905,2192.0474999999974,borda
605,Q0,FT932-13970,906,2191.721249999998,borda
605,Q0,FBIS3-57984,907,2177.877499999999,borda
605,Q0,FT932-14876,908,2175.7524999999982,borda
605,Q0,FBIS3-37947,909,2175.52,borda
605,Q0,FT943-15735,910,2169.9099999999967,borda
605,Q0,LA092489-0200,911,2169.1612499999974,borda
605,Q0,FR940722-2-00070,912,2169.1262499999993,borda
605,Q0,FBIS4-9958,913,2168.5924999999984,borda
605,Q0,LA021689-0118,914,2167.16875,borda
605,Q0,FBIS4-47048,915,2165.753749999998,borda
605,Q0,FBIS4-22950,916,2160.3237499999996,borda
605,Q0,FBIS3-57448,917,2160.2787499999977,borda
605,Q0,FT942-15029,918,2159.317499999999,borda
605,Q0,FR940603-2-00047,919,2157.80125,borda
605,Q0,FBIS3-24729,920,2157.0712499999977,borda
605,Q0,LA031589-0075,921,2154.874999999999,borda
605,Q0,FT941-12942,922,2145.589999999997,borda
605,Q0,LA112689-0205,923,2144.9049999999993,borda
605,Q0,LA123090-0191,924,2143.3674999999967,borda
605,Q0,FT924-12952,925,2143.1012499999997,borda
605,Q0,FT924-15707,926,2137.829999999998,borda
605,Q0,LA082189-0062,927,2136.322499999998,borda
605,Q0,LA010890-0121,928,2134.3649999999975,borda
605,Q0,LA102890-0059,929,2134.077499999998,borda
605,Q0,FR940719-1-00054,930,2128.159999999998,borda
605,Q0,FBIS3-28449,931,2127.882499999997,borda
605,Q0,FBIS4-12038,932,2123.893749999998,borda
605,Q0,FR940706-2-00087,933,2118.916249999999,borda
605,Q0,FR940527-1-00106,934,2118.689999999998,borda
605,Q0,FT932-623,935,2118.689999999998,borda
605,Q0,FT921-16226,936,2116.0274999999974,borda
605,Q0,FT944-3861,937,2108.659999999998,borda
605,Q0,LA101290-0069,938,2101.471249999998,borda
605,Q0,LA021290-0071,939,2100.8299999999967,borda
605,Q0,FBIS4-62344,940,2099.2337499999976,borda
605,Q0,LA021890-0119,941,2094.6162499999978,borda
605,Q0,FBIS4-20504,942,2092.7287499999998,borda
605,Q0,FT944-15155,943,2089.502499999998,borda
605,Q0,FT932-3141,944,2088.5087499999977,borda
605,Q0,LA122689-0070,945,2083.92125,borda
605,Q0,LA091789-0225,946,2083.862499999997,borda
605,Q0,FBIS3-23817,947,2083.788749999998,borda
605,Q0,FT934-15535,948,2083.3099999999977,borda
605,Q0,FT924-10951,949,2079.0262499999976,borda
605,Q0,FT932-2078,950,2078.7787499999977,borda
605,Q0,FBIS4-45041,951,2076.6212499999997,borda
605,Q0,FT923-4846,952,2075.8162499999985,borda
605,Q0,LA070189-0139,953,2075.288749999998,borda
605,Q0,FT911-1078,954,2073.669999999998,borda
605,Q0,FT924-3199,955,2072.66,borda
605,Q0,FT921-2045,956,2068.2524999999973,borda
605,Q0,LA061189-0105,957,2067.748749999997,borda
605,Q0,LA042490-0029,958,2067.449999999998,borda
605,Q0,FBIS4-66476,959,2065.763749999998,borda
605,Q0,FR941013-2-00074,960,2063.781249999999,borda
605,Q0,FT941-5213,961,2063.3149999999973,borda
605,Q0,FT934-5849,962,2061.181249999998,borda
605,Q0,FT924-3217,963,2061.019999999998,borda
605,Q0,FT943-2385,964,2057.7162499999995,borda
605,Q0,FT933-9209,965,2052.6774999999975,borda
605,Q0,FR940324-2-00071,966,2051.3349999999978,borda
605,Q0,LA091589-0117,967,2051.0249999999996,borda
605,Q0,FT944-16338,968,2050.664999999997,borda
605,Q0,LA060590-0024,969,2046.5237499999994,borda
605,Q0,FR940721-2-00066,970,2044.3162499999985,borda
605,Q0,FR940610-2-00079,971,2043.0812499999981,borda
605,Q0,FR941221-2-00080,972,2039.5974999999967,borda
605,Q0,FBIS3-24656,973,2037.4749999999983,borda
605,Q0,FT944-18251,974,2035.1099999999983,borda
605,Q0,FBIS4-36778,975,2033.7737499999978,borda
605,Q0,FT944-15025,976,2032.5799999999977,borda
605,Q0,FBIS4-20472,977,2032.2899999999984,borda
605,Q0,LA091789-0217,978,2031.956249999998,borda
605,Q0,FT944-8966,979,2027.8137499999975,borda
605,Q0,LA112689-0080,980,2021.7524999999987,borda
605,Q0,FT934-11966,981,2020.1887499999973,borda
605,Q0,FT923-11225,982,2019.1812499999976,borda
605,Q0,LA042590-0096,983,2017.3974999999969,borda
605,Q0,FBIS4-63582,984,2015.2337499999978,borda
605,Q0,FT934-13270,985,2012.4524999999978,borda
605,Q0,FT924-15709,986,2012.288749999998,borda
605,Q0,FT911-2956,987,2007.7387499999963,borda
605,Q0,FBIS4-25261,988,2006.6212499999983,borda
605,Q0,FT923-8861,989,2000.4687499999986,borda
605,Q0,FT941-1727,990,1997.812499999998,borda
605,Q0,FT933-2669,991,1995.2224999999974,borda
605,Q0,FBIS3-1667,992,1994.4662499999984,borda
605,Q0,LA051289-0141,993,1993.0099999999975,borda
605,Q0,FBIS4-40041,994,1992.4224999999979,borda
605,Q0,FBIS3-59854,995,1991.4862499999977,borda
605,Q0,LA021190-0058,996,1991.3999999999985,borda
605,Q0,FT934-15557,997,1987.7112499999976,borda
605,Q0,FT924-2371,998,1987.0824999999975,borda
605,Q0,FBIS4-22768,999,1986.909999999999,borda
605,Q0,FT942-2478,1000,1985.4512499999978,borda
607,Q0,LA121790-0086,1,12849.884999999987,borda
607,Q0,LA062589-0077,2,12841.602499999986,borda
607,Q0,FT944-17394,3,12822.447499999986,borda
607,Q0,FT934-1290,4,12818.791249999986,borda
607,Q0,FT934-2039,5,12792.263749999987,borda
607,Q0,FT932-13552,6,12754.079999999987,borda
607,Q0,FT923-7735,7,12751.839999999987,borda
607,Q0,FT943-16710,8,12751.68374999999,borda
607,Q0,FT923-12060,9,12719.722499999985,borda
607,Q0,FT921-10261,10,12682.943749999984,borda
607,Q0,FT942-3637,11,12673.368749999987,borda
607,Q0,FT921-11140,12,12665.194999999987,borda
607,Q0,FR940413-2-00073,13,12655.733749999987,borda
607,Q0,FT943-16993,14,12614.276249999988,borda
607,Q0,FT922-9447,15,12612.359999999986,borda
607,Q0,FT923-7988,16,12589.871249999987,borda
607,Q0,FT921-13615,17,12574.484999999988,borda
607,Q0,FT922-11695,18,12568.52124999999,borda
607,Q0,LA090789-0104,19,12562.433749999986,borda
607,Q0,FT931-9496,20,12541.484999999988,borda
607,Q0,FT934-13554,21,12528.567499999986,borda
607,Q0,FT941-15246,22,12524.96249999999,borda
607,Q0,LA091089-0104,23,12479.371249999991,borda
607,Q0,FBIS4-44702,24,12463.134999999987,borda
607,Q0,FBIS4-20645,25,12409.587499999987,borda
607,Q0,FT942-14534,26,12401.803749999988,borda
607,Q0,FT944-12908,27,12366.51499999999,borda
607,Q0,LA080190-0001,28,12343.184999999987,borda
607,Q0,LA032390-0055,29,12331.034999999989,borda
607,Q0,FR940727-1-00022,30,12330.72624999999,borda
607,Q0,FT944-9617,31,12310.512499999984,borda
607,Q0,FBIS3-43061,32,12282.368749999989,borda
607,Q0,LA011690-0092,33,12211.598749999986,borda
607,Q0,LA122289-0050,34,12199.54374999999,borda
607,Q0,FT924-6735,35,12160.309999999989,borda
607,Q0,FBIS3-42996,36,12152.703749999988,borda
607,Q0,FBIS3-43034,37,12141.79624999999,borda
607,Q0,FT924-15660,38,12140.15249999999,borda
607,Q0,FT942-17527,39,12119.864999999987,borda
607,Q0,FBIS4-47547,40,12113.629999999988,borda
607,Q0,FT933-16361,41,12112.754999999986,borda
607,Q0,FT932-16747,42,12096.43499999999,borda
607,Q0,FR940413-2-00075,43,12072.404999999984,borda
607,Q0,FR940523-0-00034,44,11987.306249999985,borda
607,Q0,FBIS4-50815,45,11984.028749999987,borda
607,Q0,FT924-14004,46,11968.546249999985,borda
607,Q0,FT922-13064,47,11968.396249999985,borda
607,Q0,FT943-16744,48,11952.483749999987,borda
607,Q0,FT942-10938,49,11917.023749999986,borda
607,Q0,FR940425-2-00077,50,11916.254999999986,borda
607,Q0,FR940705-2-00206,51,11906.279999999988,borda
607,Q0,FR940705-2-00181,52,11892.13499999999,borda
607,Q0,LA112090-0153,53,11879.149999999989,borda
607,Q0,LA121090-0030,54,11860.302499999989,borda
607,Q0,FT941-11093,55,11816.591249999989,borda
607,Q0,FR940705-2-00216,56,11796.451249999987,borda
607,Q0,FT933-5693,57,11784.672499999988,borda
607,Q0,FR940705-2-00218,58,11783.663749999989,borda
607,Q0,LA012589-0094,59,11774.101249999985,borda
607,Q0,FT923-5760,60,11763.761249999989,borda
607,Q0,LA110589-0250,61,11715.602499999986,borda
607,Q0,FT922-7420,62,11714.004999999986,borda
607,Q0,FT931-10925,63,11698.196249999986,borda
607,Q0,FT941-3180,64,11692.834999999988,borda
607,Q0,LA073090-0055,65,11690.536249999986,borda
607,Q0,FBIS4-33295,66,11684.872499999987,borda
607,Q0,FT933-13787,67,11684.71249999999,borda
607,Q0,FT921-7951,68,11680.851249999989,borda
607,Q0,FT933-16948,69,11662.019999999988,borda
607,Q0,LA093089-0127,70,11600.024999999989,borda
607,Q0,LA032389-0064,71,11586.331249999987,borda
607,Q0,FT932-3748,72,11555.618749999989,borda
607,Q0,FT932-16160,73,11552.489999999985,borda
607,Q0,LA062890-0104,74,11540.529999999986,borda
607,Q0,FT933-2087,75,11527.527499999987,borda
607,Q0,FT933-470,76,11526.26874999999,borda
607,Q0,FT931-5795,77,11517.824999999988,borda
607,Q0,LA012589-0092,78,11502.50499999999,borda
607,Q0,LA090689-0043,79,11499.904999999988,borda
607,Q0,LA012089-0018,80,11499.503749999989,borda
607,Q0,LA030990-0213,81,11462.812499999989,borda
607,Q0,LA021990-0055,82,11461.413749999989,borda
607,Q0,LA042690-0126,83,11410.678749999986,borda
607,Q0,FT943-7024,84,11409.253749999987,borda
607,Q0,FBIS3-40457,85,11380.049999999987,borda
607,Q0,FBIS3-59754,86,11275.46749999999,borda
607,Q0,LA111689-0162,87,11274.86124999999,borda
607,Q0,LA100889-0043,88,11252.312499999985,borda
607,Q0,FT933-11998,89,11245.09499999999,borda
607,Q0,LA121589-0077,90,11239.481249999988,borda
607,Q0,FBIS3-40404,91,11206.498749999988,borda
607,Q0,FT922-4944,92,11171.117499999988,borda
607,Q0,LA060390-0127,93,11160.843749999989,borda
607,Q0,LA110290-0127,94,11150.42249999999,borda
607,Q0,LA040889-0050,95,11130.811249999988,borda
607,Q0,LA021890-0038,96,11112.982499999987,borda
607,Q0,LA102989-0082,97,11088.97624999999,borda
607,Q0,LA052389-0108,98,11061.292499999989,borda
607,Q0,LA051390-0101,99,11060.04624999999,borda
607,Q0,FBIS4-47399,100,11050.313749999988,borda
607,Q0,FBIS4-44860,101,11000.91874999999,borda
607,Q0,FR940523-0-00036,102,10974.079999999989,borda
607,Q0,FBIS4-23005,103,10970.833749999989,borda
607,Q0,LA071389-0109,104,10967.73624999999,borda
607,Q0,FT921-13614,105,10920.337499999987,borda
607,Q0,FR941011-2-00100,106,10893.39624999999,borda
607,Q0,LA100489-0088,107,10883.382499999987,borda
607,Q0,LA111289-0094,108,10833.568749999986,borda
607,Q0,LA112189-0147,109,10779.24499999999,borda
607,Q0,LA100589-0130,110,10758.62999999999,borda
607,Q0,FT922-3527,111,10736.916249999986,borda
607,Q0,LA020590-0053,112,10736.13999999999,borda
607,Q0,LA113090-0156,113,10733.318749999988,borda
607,Q0,FT934-5798,114,10726.266249999988,borda
607,Q0,LA073090-0057,115,10701.82124999999,borda
607,Q0,FR941116-2-00127,116,10694.614999999989,borda
607,Q0,FBIS4-22897,117,10686.85124999999,borda
607,Q0,LA030889-0102,118,10666.19874999999,borda
607,Q0,LA060289-0040,119,10658.588749999986,borda
607,Q0,LA110590-0024,120,10657.69124999999,borda
607,Q0,FT924-8178,121,10619.076249999991,borda
607,Q0,LA021290-0061,122,10573.33624999999,borda
607,Q0,FBIS4-67638,123,10563.74999999999,borda
607,Q0,LA062089-0028,124,10556.658749999988,borda
607,Q0,LA061190-0016,125,10534.652499999987,borda
607,Q0,FT911-755,126,10529.682499999992,borda
607,Q0,LA031690-0082,127,10484.429999999991,borda
607,Q0,FR940812-2-00253,128,10473.113749999991,borda
607,Q0,FBIS3-59718,129,10469.126249999988,borda
607,Q0,LA122489-0017,130,10465.764999999992,borda
607,Q0,FR940523-0-00048,131,10409.27249999999,borda
607,Q0,FR940705-2-00219,132,10395.542499999989,borda
607,Q0,FBIS3-60378,133,10377.801249999991,borda
607,Q0,FT934-6386,134,10337.973749999988,borda
607,Q0,FBIS3-43060,135,10333.212499999987,borda
607,Q0,FT943-4589,136,10316.36749999999,borda
607,Q0,LA021089-0095,137,10312.55749999999,borda
607,Q0,FBIS3-50580,138,10307.527499999991,borda
607,Q0,LA041789-0061,139,10273.451249999991,borda
607,Q0,FR940825-2-00186,140,10270.907499999988,borda
607,Q0,FT933-5128,141,10268.489999999987,borda
607,Q0,FBIS4-23006,142,10166.334999999988,borda
607,Q0,LA112390-0084,143,10159.329999999987,borda
607,Q0,LA052989-0031,144,10124.012499999988,borda
607,Q0,LA070390-0087,145,10099.739999999989,borda
607,Q0,LA061789-0111,146,10099.42999999999,borda
607,Q0,FBIS4-41462,147,10077.73749999999,borda
607,Q0,LA122589-0046,148,10073.469999999988,borda
607,Q0,FT933-6719,149,10064.30624999999,borda
607,Q0,FT932-6508,150,10035.689999999988,borda
607,Q0,LA110189-0092,151,10015.33374999999,borda
607,Q0,FT921-8525,152,9973.064999999991,borda
607,Q0,FT932-7800,153,9926.293749999986,borda
607,Q0,FT932-15011,154,9908.788749999989,borda
607,Q0,FR940603-2-00066,155,9898.557499999988,borda
607,Q0,LA020789-0113,156,9862.159999999989,borda
607,Q0,LA101089-0095,157,9847.916249999987,borda
607,Q0,FBIS3-20904,158,9839.728749999991,borda
607,Q0,FT921-16061,159,9836.55999999999,borda
607,Q0,FT941-23,160,9834.013749999991,borda
607,Q0,LA070390-0042,161,9824.623749999988,borda
607,Q0,LA020890-0171,162,9775.638749999987,borda
607,Q0,LA120389-0120,163,9739.01624999999,borda
607,Q0,LA101290-0115,164,9671.103749999991,borda
607,Q0,FT942-13969,165,9640.802499999989,borda
607,Q0,FBIS3-40678,166,9623.544999999987,borda
607,Q0,FT924-13186,167,9612.118749999989,borda
607,Q0,FBIS3-59750,168,9581.253749999993,borda
607,Q0,FR940317-2-00006,169,9559.352499999988,borda
607,Q0,LA093089-0065,170,9466.48499999999,borda
607,Q0,LA112789-0028,171,9434.70249999999,borda
607,Q0,LA011590-0097,172,9433.307499999988,borda
607,Q0,FT923-14971,173,9429.69874999999,borda
607,Q0,LA121889-0032,174,9423.443749999991,borda
607,Q0,FT942-12479,175,9397.00249999999,borda
607,Q0,FT923-11350,176,9391.78874999999,borda
607,Q0,FT922-116,177,9383.817499999992,borda
607,Q0,FR940705-2-00170,178,9353.84749999999,borda
607,Q0,FR940525-2-00054,179,9303.85374999999,borda
607,Q0,LA100590-0008,180,9301.204999999989,borda
607,Q0,FBIS4-20479,181,9289.47749999999,borda
607,Q0,FT934-16732,182,9257.53374999999,borda
607,Q0,LA110189-0069,183,9241.842499999992,borda
607,Q0,FBIS3-59753,184,9241.639999999994,borda
607,Q0,LA052890-0038,185,9238.539999999992,borda
607,Q0,FR940805-2-00139,186,9229.61749999999,borda
607,Q0,FT923-2516,187,9205.913749999992,borda
607,Q0,LA051190-0104,188,9181.092499999992,borda
607,Q0,LA121189-0004,189,9111.83999999999,borda
607,Q0,LA031989-0012,190,9106.53749999999,borda
607,Q0,LA042890-0164,191,9101.21124999999,borda
607,Q0,FR940928-0-00033,192,9083.45374999999,borda
607,Q0,LA052290-0110,193,9080.62624999999,borda
607,Q0,FBIS4-44858,194,9037.51499999999,borda
607,Q0,FBIS3-22119,195,9035.591249999994,borda
607,Q0,FR940926-2-00004,196,9035.42749999999,borda
607,Q0,FR941222-2-00057,197,8998.521249999989,borda
607,Q0,LA041190-0175,198,8966.413749999989,borda
607,Q0,LA082790-0026,199,8950.303749999992,borda
607,Q0,FR940511-2-00213,200,8939.59249999999,borda
607,Q0,FBIS4-23010,201,8938.66374999999,borda
607,Q0,FBIS4-22896,202,8929.61374999999,borda
607,Q0,FT943-11853,203,8920.18249999999,borda
607,Q0,LA101689-0054,204,8913.13374999999,borda
607,Q0,FT932-2133,205,8912.234999999991,borda
607,Q0,LA090290-0194,206,8900.36249999999,borda
607,Q0,FBIS4-22899,207,8879.09374999999,borda
607,Q0,LA090490-0008,208,8739.982499999991,borda
607,Q0,FBIS4-60762,209,8733.88374999999,borda
607,Q0,FR940705-2-00135,210,8711.76124999999,borda
607,Q0,FT941-6634,211,8708.54249999999,borda
607,Q0,LA101889-0117,212,8706.879999999992,borda
607,Q0,LA091789-0146,213,8665.074999999992,borda
607,Q0,FBIS4-22948,214,8613.998749999992,borda
607,Q0,FBIS3-20884,215,8608.341249999992,borda
607,Q0,LA011590-0099,216,8582.388749999991,borda
607,Q0,FR941202-2-00003,217,8562.632499999992,borda
607,Q0,FBIS4-20442,218,8540.44374999999,borda
607,Q0,FT922-5484,219,8538.42249999999,borda
607,Q0,FT931-4425,220,8530.49624999999,borda
607,Q0,FT933-7438,221,8523.78374999999,borda
607,Q0,FR940705-2-00133,222,8504.68124999999,borda
607,Q0,FR940523-0-00042,223,8485.817499999994,borda
607,Q0,LA121289-0055,224,8480.839999999991,borda
607,Q0,FBIS4-23012,225,8429.319999999992,borda
607,Q0,LA012389-0008,226,8412.234999999991,borda
607,Q0,LA052989-0050,227,8393.768749999992,borda
607,Q0,FR940705-2-00149,228,8389.886249999992,borda
607,Q0,FT932-13554,229,8383.95874999999,borda
607,Q0,FBIS4-47563,230,8379.79874999999,borda
607,Q0,FR940523-0-00033,231,8325.437499999989,borda
607,Q0,FT922-884,232,8294.963749999992,borda
607,Q0,LA101389-0148,233,8286.258749999992,borda
607,Q0,LA021690-0125,234,8256.232499999991,borda
607,Q0,FR941205-2-00030,235,8226.733749999992,borda
607,Q0,FBIS3-43004,236,8207.408749999991,borda
607,Q0,FBIS3-43042,237,8195.981249999992,borda
607,Q0,LA063089-0073,238,8151.196249999992,borda
607,Q0,FT921-14452,239,8151.051249999992,borda
607,Q0,FBIS4-20505,240,8149.529999999992,borda
607,Q0,FT934-11221,241,8110.468749999991,borda
607,Q0,FR940127-2-00201,242,8096.8062499999905,borda
607,Q0,LA042990-0032,243,8073.764999999993,borda
607,Q0,LA020789-0112,244,8070.726249999992,borda
607,Q0,FT941-5519,245,8066.498749999992,borda
607,Q0,LA011290-0146,246,8058.416249999993,borda
607,Q0,LA051789-0093,247,8041.557499999992,borda
607,Q0,FR940511-2-00214,248,8033.291249999991,borda
607,Q0,FBIS3-40377,249,8033.152499999993,borda
607,Q0,FR940705-2-00168,250,8024.6862499999925,borda
607,Q0,LA111990-0034,251,8015.7399999999925,borda
607,Q0,LA040389-0015,252,8004.944999999993,borda
607,Q0,FT932-4101,253,7963.854999999994,borda
607,Q0,FT944-13300,254,7957.159999999991,borda
607,Q0,FR940413-2-00074,255,7923.6999999999925,borda
607,Q0,LA080190-0099,256,7915.471249999992,borda
607,Q0,LA030490-0045,257,7903.293749999992,borda
607,Q0,FT923-12277,258,7860.712499999991,borda
607,Q0,FBIS3-40403,259,7809.946249999992,borda
607,Q0,LA010989-0047,260,7795.062499999994,borda
607,Q0,FR941206-2-00055,261,7791.647499999993,borda
607,Q0,LA060890-0027,262,7779.118749999992,borda
607,Q0,FT922-715,263,7778.611249999993,borda
607,Q0,FR940204-1-00071,264,7778.532499999992,borda
607,Q0,LA103089-0037,265,7767.246249999993,borda
607,Q0,FT923-10017,266,7759.774999999991,borda
607,Q0,FT942-10818,267,7741.112499999992,borda
607,Q0,LA073090-0056,268,7737.206249999994,borda
607,Q0,FR940705-2-00169,269,7728.971249999994,borda
607,Q0,FR941205-1-00029,270,7667.884999999993,borda
607,Q0,LA120789-0006,271,7664.35874999999,borda
607,Q0,FT934-5497,272,7653.027499999992,borda
607,Q0,FT911-3356,273,7629.206249999992,borda
607,Q0,FBIS3-60336,274,7622.9049999999925,borda
607,Q0,LA012990-0057,275,7603.959999999994,borda
607,Q0,LA040990-0045,276,7595.612499999993,borda
607,Q0,FBIS3-41612,277,7586.642499999992,borda
607,Q0,LA030890-0166,278,7579.832499999992,borda
607,Q0,LA041689-0113,279,7568.831249999993,borda
607,Q0,FT941-11234,280,7566.671249999993,borda
607,Q0,LA123190-0047,281,7525.013749999992,borda
607,Q0,FT943-4555,282,7478.047499999993,borda
607,Q0,FT944-6607,283,7463.4062499999945,borda
607,Q0,LA032290-0148,284,7461.694999999992,borda
607,Q0,LA020589-0042,285,7434.4537499999915,borda
607,Q0,LA031989-0057,286,7432.12749999999,borda
607,Q0,LA022689-0008,287,7431.789999999991,borda
607,Q0,FT942-10819,288,7430.757499999993,borda
607,Q0,LA062590-0042,289,7420.799999999994,borda
607,Q0,FR940804-1-00034,290,7416.232499999993,borda
607,Q0,FBIS4-47538,291,7402.436249999992,borda
607,Q0,FBIS4-34738,292,7355.06749999999,borda
607,Q0,FT944-16464,293,7328.6237499999925,borda
607,Q0,FT922-7187,294,7325.7449999999935,borda
607,Q0,FT944-8033,295,7319.539999999992,borda
607,Q0,FT922-2252,296,7317.196249999991,borda
607,Q0,FBIS3-44779,297,7282.357499999994,borda
607,Q0,LA021989-0064,298,7254.919999999993,borda
607,Q0,FBIS3-61505,299,7242.196249999993,borda
607,Q0,FBIS3-40646,300,7215.227499999993,borda
607,Q0,FT944-9860,301,7214.518749999992,borda
607,Q0,FT943-9928,302,7203.598749999994,borda
607,Q0,FT923-12059,303,7199.757499999993,borda
607,Q0,FBIS3-40376,304,7157.151249999993,borda
607,Q0,FT931-3443,305,7148.574999999993,borda
607,Q0,LA120889-0104,306,7139.593749999994,borda
607,Q0,FT933-16344,307,7138.024999999991,borda
607,Q0,FBIS3-59752,308,7115.927499999995,borda
607,Q0,FR941213-2-00031,309,7093.2712499999925,borda
607,Q0,FT944-12947,310,7081.158749999993,borda
607,Q0,FR940922-2-00124,311,7033.164999999991,borda
607,Q0,FR940816-1-00087,312,7029.996249999991,borda
607,Q0,FR940805-2-00144,313,6995.919999999993,borda
607,Q0,FBIS4-20455,314,6985.564999999993,borda
607,Q0,LA101789-0150,315,6953.491249999993,borda
607,Q0,FBIS4-22902,316,6949.4674999999925,borda
607,Q0,FT934-14086,317,6940.999999999995,borda
607,Q0,FT934-3651,318,6925.1774999999925,borda
607,Q0,FR940705-2-00234,319,6924.6149999999925,borda
607,Q0,FT923-2298,320,6908.347499999994,borda
607,Q0,FBIS4-44704,321,6865.577499999995,borda
607,Q0,FBIS3-46244,322,6861.947499999991,borda
607,Q0,FBIS4-44859,323,6832.997499999991,borda
607,Q0,FBIS3-42986,324,6815.991249999994,borda
607,Q0,LA101389-0049,325,6809.822499999993,borda
607,Q0,FBIS3-43024,326,6807.5662499999935,borda
607,Q0,FT941-8352,327,6806.703749999992,borda
607,Q0,FR940705-2-00132,328,6799.623749999993,borda
607,Q0,FR941122-0-00095,329,6770.924999999992,borda
607,Q0,FR940805-2-00142,330,6770.531249999994,borda
607,Q0,FR940816-1-00072,331,6764.236249999993,borda
607,Q0,LA071890-0040,332,6753.907499999992,borda
607,Q0,FBIS3-41002,333,6741.516249999994,borda
607,Q0,FR940511-2-00216,334,6740.663749999993,borda
607,Q0,FR940705-2-00204,335,6739.144999999993,borda
607,Q0,FBIS3-35,336,6702.286249999996,borda
607,Q0,LA072089-0198,337,6692.622499999994,borda
607,Q0,FT921-701,338,6692.459999999991,borda
607,Q0,LA010190-0021,339,6680.993749999994,borda
607,Q0,FBIS4-20522,340,6670.462499999996,borda
607,Q0,LA110490-0042,341,6641.156249999993,borda
607,Q0,FR940830-2-00067,342,6629.612499999993,borda
607,Q0,LA120490-0023,343,6624.256249999993,borda
607,Q0,FR940511-2-00212,344,6612.384999999993,borda
607,Q0,FR940111-2-00061,345,6605.768749999993,borda
607,Q0,FR940705-2-00187,346,6599.247499999994,borda
607,Q0,LA042990-0020,347,6598.344999999994,borda
607,Q0,LA041789-0062,348,6596.309999999992,borda
607,Q0,LA121789-0114,349,6594.831249999993,borda
607,Q0,FT931-6595,350,6592.656249999994,borda
607,Q0,FT923-10825,351,6577.773749999993,borda
607,Q0,FT941-12431,352,6574.4949999999935,borda
607,Q0,LA042390-0090,353,6531.939999999995,borda
607,Q0,LA092189-0192,354,6524.077499999993,borda
607,Q0,FR941104-2-00002,355,6514.522499999994,borda
607,Q0,FT943-13937,356,6505.312499999993,borda
607,Q0,FT924-6621,357,6484.553749999994,borda
607,Q0,LA072990-0039,358,6474.687499999992,borda
607,Q0,LA070290-0022,359,6465.877499999995,borda
607,Q0,LA060589-0052,360,6462.829999999993,borda
607,Q0,LA012589-0124,361,6454.387499999993,borda
607,Q0,FBIS4-34113,362,6406.644999999992,borda
607,Q0,LA031989-0009,363,6405.439999999992,borda
607,Q0,LA050790-0006,364,6394.897499999994,borda
607,Q0,FT911-2784,365,6383.121249999992,borda
607,Q0,FBIS4-20472,366,6377.916249999996,borda
607,Q0,FBIS3-41823,367,6368.132499999993,borda
607,Q0,LA060589-0050,368,6351.9512499999955,borda
607,Q0,FR940516-2-00154,369,6337.684999999994,borda
607,Q0,FR940825-2-00187,370,6332.388749999991,borda
607,Q0,FBIS4-45959,371,6316.658749999993,borda
607,Q0,LA103190-0163,372,6316.538749999993,borda
607,Q0,FBIS4-66916,373,6293.291249999993,borda
607,Q0,LA101890-0055,374,6284.578749999993,borda
607,Q0,LA013089-0072,375,6267.744999999995,borda
607,Q0,LA111689-0161,376,6254.819999999995,borda
607,Q0,FR940705-2-00150,377,6249.547499999993,borda
607,Q0,LA021290-0060,378,6244.601249999993,borda
607,Q0,FT943-14510,379,6223.318749999993,borda
607,Q0,FT922-4560,380,6218.978749999994,borda
607,Q0,LA062689-0028,381,6204.466249999994,borda
607,Q0,FBIS4-22957,382,6199.862499999994,borda
607,Q0,FT931-2736,383,6191.566249999994,borda
607,Q0,FR940318-0-00053,384,6187.597499999994,borda
607,Q0,FT923-6005,385,6160.732499999993,borda
607,Q0,LA011089-0045,386,6139.811249999993,borda
607,Q0,FR940317-2-00007,387,6127.833749999993,borda
607,Q0,FR940328-2-00119,388,6123.622499999996,borda
607,Q0,FT924-15999,389,6112.314999999995,borda
607,Q0,LA020590-0055,390,6099.672499999993,borda
607,Q0,FR941205-2-00033,391,6075.466249999995,borda
607,Q0,LA102390-0121,392,6044.289999999992,borda
607,Q0,FR940919-0-00152,393,6041.702499999992,borda
607,Q0,FR941011-2-00101,394,6039.631249999993,borda
607,Q0,FT942-16561,395,6036.969999999994,borda
607,Q0,FR940208-2-00049,396,6036.064999999995,borda
607,Q0,FBIS4-23016,397,6033.828749999994,borda
607,Q0,LA012589-0063,398,6025.946249999993,borda
607,Q0,FBIS4-23017,399,6025.474999999995,borda
607,Q0,FR941003-2-00006,400,6024.641249999994,borda
607,Q0,LA112089-0009,401,6016.076249999994,borda
607,Q0,FT934-7124,402,6007.329999999994,borda
607,Q0,FR940523-0-00050,403,5981.857499999993,borda
607,Q0,LA051289-0110,404,5958.502499999996,borda
607,Q0,LA031789-0021,405,5940.869999999993,borda
607,Q0,FR940523-0-00045,406,5928.906249999993,borda
607,Q0,LA110589-0171,407,5914.023749999995,borda
607,Q0,FR940222-2-00002,408,5902.162499999995,borda
607,Q0,FBIS4-20489,409,5893.363749999993,borda
607,Q0,FBIS3-42934,410,5883.704999999995,borda
607,Q0,LA020190-0043,411,5882.771249999995,borda
607,Q0,LA092189-0149,412,5882.469999999994,borda
607,Q0,LA120989-0021,413,5877.872499999992,borda
607,Q0,FR941219-1-00051,414,5838.663749999993,borda
607,Q0,LA021290-0063,415,5810.626249999994,borda
607,Q0,FR940127-2-00200,416,5801.698749999994,borda
607,Q0,FR941019-2-00100,417,5771.034999999993,borda
607,Q0,FR940328-1-00019,418,5743.821249999993,borda
607,Q0,FR940705-2-00235,419,5731.2099999999955,borda
607,Q0,FBIS4-50558,420,5730.618749999994,borda
607,Q0,LA101090-0046,421,5727.336249999993,borda
607,Q0,LA092389-0115,422,5693.141249999992,borda
607,Q0,FBIS4-53433,423,5679.5037499999935,borda
607,Q0,LA092889-0073,424,5650.857499999995,borda
607,Q0,FT922-5737,425,5630.413749999993,borda
607,Q0,FT933-8272,426,5625.569999999995,borda
607,Q0,FBIS4-20521,427,5604.916249999995,borda
607,Q0,FT933-701,428,5570.886249999992,borda
607,Q0,FT924-10752,429,5565.066249999994,borda
607,Q0,FT922-12245,430,5554.274999999993,borda
607,Q0,FR940511-2-00218,431,5544.369999999994,borda
607,Q0,LA021990-0053,432,5535.912499999997,borda
607,Q0,FBIS4-45649,433,5516.772499999994,borda
607,Q0,FR940705-2-00220,434,5494.902499999995,borda
607,Q0,FT941-9062,435,5487.3074999999935,borda
607,Q0,FT934-12369,436,5484.082499999995,borda
607,Q0,LA052490-0120,437,5470.942499999996,borda
607,Q0,LA013090-0130,438,5438.074999999993,borda
607,Q0,LA041889-0082,439,5428.747499999996,borda
607,Q0,LA050789-0122,440,5407.058749999995,borda
607,Q0,FR940817-2-00245,441,5380.358749999993,borda
607,Q0,LA113089-0159,442,5363.954999999996,borda
607,Q0,FT943-16263,443,5346.643749999994,borda
607,Q0,FR940817-0-00035,444,5341.751249999994,borda
607,Q0,LA101889-0091,445,5327.109999999995,borda
607,Q0,FR940405-2-00002,446,5317.219999999993,borda
607,Q0,FR940705-2-00131,447,5311.674999999995,borda
607,Q0,LA091589-0015,448,5271.571249999996,borda
607,Q0,FT942-6984,449,5259.074999999996,borda
607,Q0,FT932-6741,450,5258.688749999994,borda
607,Q0,LA081390-0051,451,5258.229999999995,borda
607,Q0,FR940817-2-00271,452,5238.293749999994,borda
607,Q0,FR940705-2-00139,453,5217.382499999995,borda
607,Q0,FR941220-0-00056,454,5181.301249999994,borda
607,Q0,LA111389-0037,455,5169.484999999993,borda
607,Q0,FR940323-2-00091,456,5168.702499999995,borda
607,Q0,FR940523-0-00041,457,5129.967499999993,borda
607,Q0,FBIS4-34971,458,5124.824999999996,borda
607,Q0,LA021890-0093,459,5093.459999999995,borda
607,Q0,FT923-8383,460,5047.721249999996,borda
607,Q0,FR940318-0-00054,461,5032.859999999994,borda
607,Q0,FBIS3-11396,462,5025.034999999994,borda
607,Q0,FBIS4-22906,463,5020.987499999995,borda
607,Q0,FR940523-2-00003,464,4979.554999999995,borda
607,Q0,FT932-7262,465,4970.409999999996,borda
607,Q0,FR940523-0-00035,466,4962.1249999999945,borda
607,Q0,FBIS3-43085,467,4947.926249999995,borda
607,Q0,LA080389-0106,468,4946.548749999995,borda
607,Q0,FR940630-2-00002,469,4939.382499999994,borda
607,Q0,FT943-460,470,4936.509999999995,borda
607,Q0,FT933-2692,471,4935.1699999999955,borda
607,Q0,FR940906-2-00002,472,4931.284999999994,borda
607,Q0,FBIS3-26205,473,4925.711249999995,borda
607,Q0,LA040990-0060,474,4922.8662499999955,borda
607,Q0,LA051390-0105,475,4908.297499999994,borda
607,Q0,LA090890-0160,476,4906.398749999996,borda
607,Q0,FT933-8865,477,4902.598749999994,borda
607,Q0,FR940503-2-00002,478,4893.618749999994,borda
607,Q0,LA060289-0090,479,4886.239999999995,borda
607,Q0,FBIS4-20480,480,4840.612499999994,borda
607,Q0,LA080990-0110,481,4838.324999999995,borda
607,Q0,FBIS3-43058,482,4838.281249999996,borda
607,Q0,FR940705-2-00177,483,4828.338749999995,borda
607,Q0,FBIS4-20483,484,4811.781249999995,borda
607,Q0,FBIS4-20456,485,4796.462499999994,borda
607,Q0,LA080689-0161,486,4782.293749999995,borda
607,Q0,FT941-15524,487,4778.618749999994,borda
607,Q0,FT931-13342,488,4763.919999999994,borda
607,Q0,FR940705-2-00166,489,4761.503749999997,borda
607,Q0,FBIS4-25224,490,4757.157499999996,borda
607,Q0,FBIS4-47546,491,4755.474999999995,borda
607,Q0,FR940425-2-00076,492,4751.317499999994,borda
607,Q0,FT922-5106,493,4750.214999999995,borda
607,Q0,FBIS3-24595,494,4748.5087499999945,borda
607,Q0,FT943-7796,495,4744.081249999996,borda
607,Q0,FT922-227,496,4737.122499999996,borda
607,Q0,FR941213-2-00002,497,4727.778749999995,borda
607,Q0,LA080290-0073,498,4713.5587499999965,borda
607,Q0,FT923-6007,499,4699.766249999996,borda
607,Q0,FR940606-2-00002,500,4683.5087499999945,borda
607,Q0,FBIS4-44440,501,4680.534999999995,borda
607,Q0,LA042289-0111,502,4676.569999999994,borda
607,Q0,LA122890-0150,503,4666.994999999995,borda
607,Q0,FR940323-0-00094,504,4652.2849999999935,borda
607,Q0,FR941128-2-00048,505,4646.0762499999955,borda
607,Q0,FR941205-2-00029,506,4640.044999999995,borda
607,Q0,LA012890-0030,507,4634.179999999995,borda
607,Q0,LA073090-0058,508,4632.988749999996,borda
607,Q0,FR941128-2-00187,509,4624.666249999996,borda
607,Q0,FT923-1120,510,4601.906249999995,borda
607,Q0,FBIS4-2816,511,4578.834999999995,borda
607,Q0,FR940830-2-00008,512,4569.311249999995,borda
607,Q0,FT942-1517,513,4540.637499999996,borda
607,Q0,FT931-12903,514,4537.421249999997,borda
607,Q0,FBIS4-44915,515,4536.283749999998,borda
607,Q0,FT924-16133,516,4522.294999999997,borda
607,Q0,FBIS4-47404,517,4521.548749999996,borda
607,Q0,LA042589-0063,518,4445.676249999995,borda
607,Q0,FBIS3-59747,519,4419.127499999996,borda
607,Q0,FT932-7506,520,4418.796249999995,borda
607,Q0,FBIS4-25603,521,4414.363749999995,borda
607,Q0,FR940223-2-00086,522,4406.113749999994,borda
607,Q0,FR940627-0-00048,523,4402.661249999996,borda
607,Q0,FR940705-2-00128,524,4401.996249999996,borda
607,Q0,LA011289-0200,525,4381.514999999995,borda
607,Q0,FR940222-2-00003,526,4373.096249999995,borda
607,Q0,LA052190-0043,527,4347.6112499999945,borda
607,Q0,FBIS4-22929,528,4347.583749999996,borda
607,Q0,FR940516-2-00155,529,4346.008749999996,borda
607,Q0,FT943-10036,530,4343.592499999996,borda
607,Q0,FR940603-1-00079,531,4327.614999999994,borda
607,Q0,FR940314-2-00002,532,4318.221249999995,borda
607,Q0,FR940524-2-00003,533,4317.547499999995,borda
607,Q0,FR941027-2-00005,534,4311.719999999996,borda
607,Q0,FBIS4-44913,535,4285.337499999998,borda
607,Q0,FT943-5982,536,4283.486249999995,borda
607,Q0,FT944-3521,537,4272.271249999995,borda
607,Q0,FT941-10743,538,4257.263749999995,borda
607,Q0,FR940525-2-00052,539,4239.222499999995,borda
607,Q0,LA020390-0152,540,4235.926249999996,borda
607,Q0,LA122689-0049,541,4231.248749999996,borda
607,Q0,FT941-1238,542,4224.516249999996,borda
607,Q0,FT944-6606,543,4218.262499999995,borda
607,Q0,FBIS3-22142,544,4214.9999999999945,borda
607,Q0,FR940603-1-00089,545,4212.771249999994,borda
607,Q0,FR940304-2-00061,546,4196.426249999995,borda
607,Q0,FR940705-2-00217,547,4196.072499999997,borda
607,Q0,FBIS3-41415,548,4192.7099999999955,borda
607,Q0,FR940512-2-00003,549,4186.583749999995,borda
607,Q0,FT943-8117,550,4182.033749999996,borda
607,Q0,FBIS3-40654,551,4178.812499999995,borda
607,Q0,FBIS3-40380,552,4127.073749999997,borda
607,Q0,FT943-10378,553,4124.642499999995,borda
607,Q0,FR940407-2-00003,554,4107.616249999995,borda
607,Q0,FR940804-2-00003,555,4105.474999999995,borda
607,Q0,FBIS3-20885,556,4103.884999999996,borda
607,Q0,FR940705-2-00137,557,4102.288749999997,borda
607,Q0,FBIS3-61515,558,4101.777499999996,borda
607,Q0,FT942-2015,559,4095.3062499999965,borda
607,Q0,FBIS4-20445,560,4091.9237499999954,borda
607,Q0,LA042589-0064,561,4081.3224999999957,borda
607,Q0,FR941006-2-00082,562,4055.641249999996,borda
607,Q0,FBIS4-42694,563,4051.8562499999966,borda
607,Q0,FT941-10481,564,4040.8549999999955,borda
607,Q0,FBIS4-56638,565,4036.742499999996,borda
607,Q0,LA021990-0015,566,4034.2937499999966,borda
607,Q0,FT944-10829,567,4033.8424999999975,borda
607,Q0,FBIS3-40496,568,4031.5937499999955,borda
607,Q0,FT932-2516,569,4021.6487499999976,borda
607,Q0,FR940314-1-00037,570,4007.8137499999953,borda
607,Q0,FT911-4506,571,3990.766249999996,borda
607,Q0,LA010590-0082,572,3958.2462499999965,borda
607,Q0,FT943-11541,573,3901.721249999996,borda
607,Q0,LA120490-0022,574,3899.876249999997,borda
607,Q0,FR940706-2-00081,575,3894.708749999998,borda
607,Q0,FR940523-0-00049,576,3856.8512499999965,borda
607,Q0,FR941006-2-00081,577,3853.5549999999967,borda
607,Q0,FT934-15223,578,3851.0624999999973,borda
607,Q0,FT922-9346,579,3849.0337499999973,borda
607,Q0,FR940712-1-00040,580,3848.559999999995,borda
607,Q0,FT941-15555,581,3842.7924999999973,borda
607,Q0,FR940722-2-00007,582,3827.5299999999957,borda
607,Q0,LA102889-0148,583,3813.383749999997,borda
607,Q0,LA022090-0092,584,3809.0962499999955,borda
607,Q0,FT943-16348,585,3800.507499999995,borda
607,Q0,FBIS4-20620,586,3795.229999999996,borda
607,Q0,LA070190-0148,587,3792.996249999995,borda
607,Q0,FR940719-1-00075,588,3786.528749999996,borda
607,Q0,FR940602-1-00114,589,3786.0424999999955,borda
607,Q0,FBIS3-20948,590,3785.853749999998,borda
607,Q0,FT933-8839,591,3784.078749999997,borda
607,Q0,FR940112-2-00002,592,3778.562499999996,borda
607,Q0,FR940603-1-00119,593,3776.059999999996,borda
607,Q0,FR940204-2-00004,594,3774.426249999997,borda
607,Q0,FR940516-2-00039,595,3773.8537499999957,borda
607,Q0,LA032290-0093,596,3765.9399999999964,borda
607,Q0,FBIS4-46768,597,3762.5399999999972,borda
607,Q0,FT933-6933,598,3755.9712499999973,borda
607,Q0,FBIS3-2577,599,3729.904999999995,borda
607,Q0,FT941-14188,600,3725.8799999999983,borda
607,Q0,FR940802-1-00015,601,3719.8837499999972,borda
607,Q0,FR940719-1-00061,602,3711.946249999995,borda
607,Q0,LA090390-0030,603,3697.974999999997,borda
607,Q0,FT932-16066,604,3687.9074999999966,borda
607,Q0,LA050789-0167,605,3687.242499999996,borda
607,Q0,FR940523-0-00044,606,3674.2424999999967,borda
607,Q0,LA062490-0069,607,3673.8312499999956,borda
607,Q0,FT941-14024,608,3657.7187499999973,borda
607,Q0,FT944-10283,609,3648.9762499999974,borda
607,Q0,FT932-8964,610,3632.4049999999957,borda
607,Q0,FR940705-2-00153,611,3615.3237499999977,borda
607,Q0,FR940419-2-00038,612,3615.1912499999967,borda
607,Q0,FT931-2230,613,3607.497499999997,borda
607,Q0,LA030490-0113,614,3599.4374999999955,borda
607,Q0,FT942-10102,615,3583.7737499999976,borda
607,Q0,LA082089-0013,616,3571.806249999995,borda
607,Q0,FBIS3-20919,617,3571.527499999998,borda
607,Q0,FR941011-2-00099,618,3563.4574999999954,borda
607,Q0,LA012289-0095,619,3549.463749999998,borda
607,Q0,LA112690-0069,620,3549.0987499999974,borda
607,Q0,FR940323-2-00088,621,3544.598749999997,borda
607,Q0,FBIS4-47537,622,3519.589999999998,borda
607,Q0,FBIS4-3992,623,3513.7687499999975,borda
607,Q0,LA082490-0064,624,3511.541249999998,borda
607,Q0,FT922-6192,625,3510.092499999997,borda
607,Q0,FR940104-1-00024,626,3506.936249999996,borda
607,Q0,LA010189-0112,627,3488.6474999999955,borda
607,Q0,FR940705-2-00223,628,3485.407499999996,borda
607,Q0,LA061190-0015,629,3449.0237499999967,borda
607,Q0,FR940603-1-00204,630,3448.1799999999957,borda
607,Q0,LA071889-0134,631,3447.6562499999973,borda
607,Q0,FR940104-2-00083,632,3435.302499999997,borda
607,Q0,LA121989-0030,633,3427.9499999999957,borda
607,Q0,LA102290-0023,634,3419.0437499999966,borda
607,Q0,FT921-5309,635,3418.576249999996,borda
607,Q0,FT921-5312,636,3412.6287499999967,borda
607,Q0,LA022689-0007,637,3398.768749999998,borda
607,Q0,FBIS3-20907,638,3382.972499999996,borda
607,Q0,LA090289-0066,639,3361.7824999999975,borda
607,Q0,FR940112-2-00115,640,3360.9037499999954,borda
607,Q0,FT941-10022,641,3352.0637499999975,borda
607,Q0,FT923-3820,642,3346.1824999999967,borda
607,Q0,FBIS4-50557,643,3339.1762499999977,borda
607,Q0,FBIS4-11278,644,3320.2012499999955,borda
607,Q0,FT942-16800,645,3314.823749999998,borda
607,Q0,LA102990-0096,646,3307.2187499999973,borda
607,Q0,FT944-5834,647,3303.3024999999975,borda
607,Q0,FR940705-2-00222,648,3302.4587499999984,borda
607,Q0,FR941006-2-00083,649,3300.2224999999967,borda
607,Q0,LA112189-0078,650,3297.744999999998,borda
607,Q0,LA090590-0026,651,3267.743749999996,borda
607,Q0,FT934-5801,652,3247.4974999999968,borda
607,Q0,FT934-1575,653,3239.7674999999963,borda
607,Q0,FBIS4-45871,654,3236.1962499999963,borda
607,Q0,LA020389-0077,655,3227.536249999997,borda
607,Q0,FR940603-1-00177,656,3221.4737499999956,borda
607,Q0,LA102390-0066,657,3221.302499999996,borda
607,Q0,FBIS4-20700,658,3210.0087499999977,borda
607,Q0,FR940916-2-00114,659,3206.0437499999966,borda
607,Q0,LA051690-0092,660,3199.246249999996,borda
607,Q0,FT932-13547,661,3184.791249999998,borda
607,Q0,FT943-3972,662,3178.7637499999973,borda
607,Q0,FT942-10797,663,3165.133749999996,borda
607,Q0,FR940425-2-00050,664,3160.7074999999973,borda
607,Q0,FT932-15180,665,3159.2162499999963,borda
607,Q0,FR940627-0-00051,666,3153.322499999997,borda
607,Q0,FR940722-2-00017,667,3148.2362499999954,borda
607,Q0,FBIS3-53336,668,3141.528749999996,borda
607,Q0,FT942-7606,669,3135.542499999997,borda
607,Q0,FT943-3268,670,3133.6687499999985,borda
607,Q0,FT931-6073,671,3133.3537499999966,borda
607,Q0,FR940603-2-00039,672,3119.5699999999983,borda
607,Q0,FR940523-0-00037,673,3118.1787499999964,borda
607,Q0,LA031190-0011,674,3114.678749999999,borda
607,Q0,LA030490-0039,675,3113.706249999996,borda
607,Q0,FR940523-0-00047,676,3108.8437499999973,borda
607,Q0,FT943-15996,677,3108.278749999998,borda
607,Q0,FT944-637,678,3100.4974999999968,borda
607,Q0,FR940523-0-00040,679,3092.048749999998,borda
607,Q0,FR940112-2-00003,680,3087.1349999999975,borda
607,Q0,LA081490-0123,681,3081.122499999996,borda
607,Q0,FR940104-1-00026,682,3080.642499999997,borda
607,Q0,LA032489-0028,683,3060.5874999999965,borda
607,Q0,FBIS4-20484,684,3032.4087499999973,borda
607,Q0,LA082789-0039,685,3015.4662499999963,borda
607,Q0,FR941121-2-00002,686,3013.512499999997,borda
607,Q0,FBIS4-36614,687,3009.2174999999966,borda
607,Q0,LA100790-0252,688,3005.2399999999984,borda
607,Q0,FR940816-2-00072,689,3003.0062499999976,borda
607,Q0,FR940428-2-00027,690,3002.112499999997,borda
607,Q0,FT922-11273,691,2997.933749999999,borda
607,Q0,LA062290-0154,692,2995.6874999999977,borda
607,Q0,FT943-9357,693,2993.5224999999973,borda
607,Q0,FR940722-2-00006,694,2991.504999999997,borda
607,Q0,FT943-14269,695,2987.403749999998,borda
607,Q0,FBIS3-40773,696,2977.8799999999965,borda
607,Q0,FR941025-0-00061,697,2972.208749999996,borda
607,Q0,LA102890-0020,698,2963.291249999997,borda
607,Q0,LA102890-0037,699,2950.7174999999975,borda
607,Q0,FBIS4-53,700,2943.8312499999975,borda
607,Q0,LA012890-0099,701,2940.4724999999976,borda
607,Q0,LA030389-0099,702,2939.3774999999982,borda
607,Q0,FBIS3-42985,703,2938.8912499999988,borda
607,Q0,FR941025-2-00082,704,2937.9137499999974,borda
607,Q0,FR940414-2-00074,705,2936.9237499999967,borda
607,Q0,FBIS3-43023,706,2933.7074999999973,borda
607,Q0,FBIS4-22933,707,2933.372499999997,borda
607,Q0,LA110490-0092,708,2919.371249999998,borda
607,Q0,FT923-14241,709,2918.788749999997,borda
607,Q0,FBIS4-31306,710,2905.7999999999975,borda
607,Q0,LA101690-0121,711,2894.3549999999973,borda
607,Q0,FBIS4-65578,712,2894.287499999996,borda
607,Q0,FR940705-2-00158,713,2881.6237499999975,borda
607,Q0,FBIS3-51754,714,2872.826249999997,borda
607,Q0,FBIS4-45117,715,2870.333749999998,borda
607,Q0,FBIS3-21159,716,2865.7099999999996,borda
607,Q0,FR941103-2-00089,717,2865.3399999999983,borda
607,Q0,FBIS4-45995,718,2864.1524999999974,borda
607,Q0,FBIS3-61080,719,2862.172499999998,borda
607,Q0,FT921-14181,720,2857.819999999997,borda
607,Q0,FR940705-2-00221,721,2857.691249999998,borda
607,Q0,FBIS4-49770,722,2857.377499999996,borda
607,Q0,FBIS3-43072,723,2846.6174999999985,borda
607,Q0,FBIS4-44898,724,2830.2312499999975,borda
607,Q0,LA110490-0096,725,2829.2799999999966,borda
607,Q0,LA081789-0067,726,2819.7724999999973,borda
607,Q0,FR941121-1-00019,727,2810.0824999999973,borda
607,Q0,LA081990-0064,728,2799.8374999999987,borda
607,Q0,FBIS3-41666,729,2798.3924999999995,borda
607,Q0,LA051090-0168,730,2785.1424999999986,borda
607,Q0,FBIS3-59755,731,2757.8887499999983,borda
607,Q0,FT921-11741,732,2756.8737499999966,borda
607,Q0,FR940105-0-00037,733,2754.251249999997,borda
607,Q0,FBIS3-32050,734,2751.5174999999967,borda
607,Q0,FBIS3-60383,735,2748.4174999999977,borda
607,Q0,FR940603-1-00008,736,2740.8212499999977,borda
607,Q0,FR940523-2-00004,737,2740.7374999999975,borda
607,Q0,FBIS4-47585,738,2735.764999999999,borda
607,Q0,LA110589-0176,739,2719.574999999997,borda
607,Q0,FBIS3-53234,740,2714.9374999999964,borda
607,Q0,LA030490-0091,741,2709.8999999999974,borda
607,Q0,FT943-9068,742,2707.717499999998,borda
607,Q0,FR941116-2-00126,743,2702.2737499999985,borda
607,Q0,LA012990-0011,744,2695.8987499999967,borda
607,Q0,FBIS3-59553,745,2680.6162499999978,borda
607,Q0,FR940705-2-00236,746,2680.0499999999984,borda
607,Q0,LA073190-0076,747,2679.706249999998,borda
607,Q0,FT923-11712,748,2667.926249999997,borda
607,Q0,FT944-10864,749,2663.3212499999986,borda
607,Q0,FT944-2665,750,2647.343749999997,borda
607,Q0,FBIS3-43087,751,2644.829999999997,borda
607,Q0,FR940314-0-00060,752,2634.2324999999964,borda
607,Q0,FBIS3-43032,753,2627.202499999997,borda
607,Q0,FT931-15823,754,2607.7812499999977,borda
607,Q0,LA030989-0098,755,2604.3649999999984,borda
607,Q0,LA100189-0101,756,2602.964999999998,borda
607,Q0,LA100889-0041,757,2601.184999999999,borda
607,Q0,LA052989-0035,758,2591.4024999999974,borda
607,Q0,LA101490-0183,759,2585.2287499999984,borda
607,Q0,FT931-16404,760,2575.273749999997,borda
607,Q0,LA101289-0221,761,2561.6562499999977,borda
607,Q0,LA122489-0088,762,2555.2262499999974,borda
607,Q0,FT923-1374,763,2554.6449999999973,borda
607,Q0,FBIS3-42994,764,2543.3212499999972,borda
607,Q0,FBIS3-36337,765,2541.123749999997,borda
607,Q0,FBIS3-21034,766,2534.969999999998,borda
607,Q0,LA050589-0101,767,2523.3849999999975,borda
607,Q0,FBIS4-35380,768,2522.812499999998,borda
607,Q0,FBIS4-35128,769,2517.862499999998,borda
607,Q0,FR941222-2-00045,770,2516.798749999999,borda
607,Q0,FR940314-0-00057,771,2506.218749999997,borda
607,Q0,FBIS3-50527,772,2501.5449999999983,borda
607,Q0,LA021789-0003,773,2500.5674999999987,borda
607,Q0,FBIS3-45547,774,2481.8299999999967,borda
607,Q0,FR940831-1-00024,775,2478.396249999999,borda
607,Q0,FBIS3-24607,776,2474.4749999999995,borda
607,Q0,FT944-2458,777,2471.9074999999966,borda
607,Q0,LA112390-0027,778,2461.4087499999982,borda
607,Q0,FR941102-0-00061,779,2460.7974999999974,borda
607,Q0,FR940228-2-00057,780,2456.977499999996,borda
607,Q0,FR940328-0-00018,781,2456.496249999997,borda
607,Q0,FR940304-0-00043,782,2442.9224999999983,borda
607,Q0,FBIS4-37610,783,2442.1312499999967,borda
607,Q0,FR940816-1-00076,784,2440.534999999997,borda
607,Q0,FR940630-0-00046,785,2419.4124999999976,borda
607,Q0,FBIS4-20825,786,2418.5774999999985,borda
607,Q0,FR940705-2-00242,787,2414.8012499999977,borda
607,Q0,FBIS4-1273,788,2406.1399999999962,borda
607,Q0,LA051790-0169,789,2395.9837499999967,borda
607,Q0,FR940719-1-00031,790,2383.1474999999973,borda
607,Q0,FBIS4-8835,791,2375.4574999999986,borda
607,Q0,FBIS4-47532,792,2373.7962499999976,borda
607,Q0,FBIS3-14015,793,2373.229999999997,borda
607,Q0,FR940104-1-00027,794,2357.3899999999976,borda
607,Q0,FT932-1714,795,2355.734999999997,borda
607,Q0,FBIS4-37199,796,2350.783749999997,borda
607,Q0,FR941221-2-00125,797,2348.9274999999975,borda
607,Q0,FR940705-2-00136,798,2343.7912499999993,borda
607,Q0,FBIS3-41676,799,2332.0637499999975,borda
607,Q0,LA121189-0042,800,2320.6537499999995,borda
607,Q0,FT923-12548,801,2320.396249999998,borda
607,Q0,FR940705-2-00190,802,2313.8837499999995,borda
607,Q0,FBIS3-35195,803,2311.957499999999,borda
607,Q0,FT944-5674,804,2301.748749999999,borda
607,Q0,FBIS4-45127,805,2297.7187499999977,borda
607,Q0,FBIS4-22747,806,2297.406249999998,borda
607,Q0,FBIS3-30471,807,2294.367499999997,borda
607,Q0,FR940118-0-00079,808,2272.587499999997,borda
607,Q0,FR940328-1-00052,809,2272.086249999997,borda
607,Q0,FBIS4-40188,810,2271.612499999997,borda
607,Q0,FR941130-0-00122,811,2269.315,borda
607,Q0,LA110490-0091,812,2269.1112499999986,borda
607,Q0,FR940621-1-00024,813,2265.384999999998,borda
607,Q0,LA030590-0052,814,2256.691249999998,borda
607,Q0,LA111089-0105,815,2252.902499999997,borda
607,Q0,FT933-1589,816,2248.4587499999993,borda
607,Q0,FBIS4-36348,817,2244.221249999997,borda
607,Q0,FT933-9041,818,2230.1724999999997,borda
607,Q0,FBIS4-45093,819,2227.793749999998,borda
607,Q0,FR940705-2-00163,820,2221.8149999999996,borda
607,Q0,FBIS3-21033,821,2221.2262499999993,borda
607,Q0,LA061889-0112,822,2219.35625,borda
607,Q0,FBIS3-59751,823,2214.207499999999,borda
607,Q0,FT942-17260,824,2212.1012499999993,borda
607,Q0,FBIS4-67533,825,2196.27375,borda
607,Q0,FT932-282,826,2195.128749999998,borda
607,Q0,FR940705-2-00162,827,2194.9212499999994,borda
607,Q0,FBIS4-65400,828,2191.839999999999,borda
607,Q0,FT944-12225,829,2178.512499999997,borda
607,Q0,FT931-9136,830,2165.239999999998,borda
607,Q0,FR940627-0-00050,831,2159.6212499999974,borda
607,Q0,FT933-877,832,2144.8237499999973,borda
607,Q0,FR941104-2-00065,833,2136.529999999997,borda
607,Q0,FBIS4-47601,834,2123.76125,borda
607,Q0,FT934-9966,835,2121.1524999999983,borda
607,Q0,FBIS4-57592,836,2110.2199999999975,borda
607,Q0,FT942-11278,837,2109.4212499999976,borda
607,Q0,LA052189-0006,838,2095.3824999999983,borda
607,Q0,FBIS3-62,839,2092.702499999998,borda
607,Q0,FT923-15569,840,2087.533749999998,borda
607,Q0,FT924-1947,841,2085.316249999998,borda
607,Q0,LA051790-0095,842,2083.519999999999,borda
607,Q0,FR940705-2-00167,843,2080.254999999999,borda
607,Q0,LA121789-0222,844,2077.0199999999977,borda
607,Q0,FBIS4-45133,845,2060.2462499999992,borda
607,Q0,FR940526-2-00029,846,2059.20625,borda
607,Q0,FT941-1823,847,2057.9799999999996,borda
607,Q0,LA101589-0047,848,2053.771249999998,borda
607,Q0,LA072889-0041,849,2053.71625,borda
607,Q0,FT934-17362,850,2047.2987499999992,borda
607,Q0,FBIS4-20607,851,2044.8137499999975,borda
607,Q0,FT923-6012,852,2044.5649999999985,borda
607,Q0,FBIS4-25262,853,2041.409999999999,borda
607,Q0,FR940228-2-00056,854,2040.8662499999984,borda
607,Q0,FR941027-2-00075,855,2036.2937499999987,borda
607,Q0,FBIS3-24604,856,2029.2074999999975,borda
607,Q0,FT943-16865,857,2024.7237499999974,borda
607,Q0,LA011589-0005,858,2023.5199999999984,borda
607,Q0,LA050889-0033,859,2017.2324999999976,borda
607,Q0,FR941206-1-00134,860,2006.7512499999984,borda
607,Q0,FR940407-0-00008,861,2004.3499999999976,borda
607,Q0,LA101289-0111,862,1996.3137499999982,borda
607,Q0,FT932-5537,863,1992.7574999999981,borda
607,Q0,FBIS4-47549,864,1972.922499999999,borda
607,Q0,FR941216-2-00090,865,1972.7787499999972,borda
607,Q0,LA122490-0040,866,1969.9762499999986,borda
607,Q0,FBIS3-39639,867,1964.5074999999974,borda
607,Q0,FT943-4851,868,1964.3812499999988,borda
607,Q0,FBIS4-51648,869,1958.8662499999975,borda
607,Q0,FT921-10709,870,1945.807499999998,borda
607,Q0,FT933-6223,871,1927.759999999998,borda
607,Q0,LA060589-0049,872,1919.5112499999987,borda
607,Q0,FT933-181,873,1916.9137499999988,borda
607,Q0,LA080689-0182,874,1914.697499999998,borda
607,Q0,LA042389-0005,875,1910.9849999999988,borda
607,Q0,FR940902-1-00048,876,1908.0724999999986,borda
607,Q0,FR940406-2-00058,877,1907.4824999999973,borda
607,Q0,FR940112-1-00044,878,1905.9724999999985,borda
607,Q0,FR940602-2-00082,879,1900.6849999999984,borda
607,Q0,FR941230-0-00119,880,1900.3399999999986,borda
607,Q0,LA051590-0064,881,1891.5049999999983,borda
607,Q0,LA082889-0040,882,1890.3824999999988,borda
607,Q0,FBIS3-54460,883,1889.4587499999984,borda
607,Q0,FBIS3-11244,884,1884.0874999999978,borda
607,Q0,LA031790-0020,885,1875.7187499999973,borda
607,Q0,FBIS4-66668,886,1871.4724999999976,borda
607,Q0,FT921-3082,887,1870.0712499999972,borda
607,Q0,FBIS4-41351,888,1859.4774999999977,borda
607,Q0,FT932-3649,889,1858.7362499999974,borda
607,Q0,LA061890-0061,890,1855.117499999997,borda
607,Q0,LA101090-0127,891,1850.456249999998,borda
607,Q0,FBIS4-45958,892,1850.3699999999983,borda
607,Q0,FR940104-1-00029,893,1848.6649999999975,borda
607,Q0,FR940705-2-00151,894,1843.029999999999,borda
607,Q0,FBIS4-68225,895,1841.7874999999985,borda
607,Q0,FT943-5307,896,1836.4799999999984,borda
607,Q0,FBIS3-40465,897,1831.586249999999,borda
607,Q0,FBIS3-14832,898,1829.2887499999986,borda
607,Q0,FR941125-2-00021,899,1822.7099999999978,borda
607,Q0,LA032090-0104,900,1821.9049999999984,borda
607,Q0,LA092089-0073,901,1818.6424999999974,borda
607,Q0,FT932-9642,902,1818.4574999999977,borda
607,Q0,FBIS3-47860,903,1808.5512499999973,borda
607,Q0,FT932-14121,904,1808.497499999998,borda
607,Q0,FT923-15218,905,1804.311249999998,borda
607,Q0,FBIS4-55845,906,1804.036249999998,borda
607,Q0,FR940527-1-00165,907,1803.8037499999973,borda
607,Q0,FT942-8138,908,1801.457499999998,borda
607,Q0,FBIS4-31787,909,1796.7587499999986,borda
607,Q0,FBIS4-40935,910,1779.1062499999987,borda
607,Q0,LA112989-0004,911,1778.1462499999986,borda
607,Q0,FBIS3-21082,912,1776.579999999999,borda
607,Q0,LA042089-0107,913,1776.0812499999977,borda
607,Q0,FBIS4-20617,914,1773.2237499999978,borda
607,Q0,FT911-3909,915,1772.2462499999979,borda
607,Q0,FT941-9446,916,1764.0324999999987,borda
607,Q0,LA043089-0162,917,1762.4962499999976,borda
607,Q0,FR940524-2-00041,918,1758.8387499999976,borda
607,Q0,FT923-13991,919,1757.6599999999976,borda
607,Q0,FBIS3-32685,920,1756.242499999998,borda
607,Q0,LA070590-0178,921,1755.5712499999981,borda
607,Q0,FBIS3-4464,922,1753.3374999999974,borda
607,Q0,LA100889-0040,923,1747.2812499999977,borda
607,Q0,FBIS3-60342,924,1746.3162499999983,borda
607,Q0,LA101590-0069,925,1739.6174999999985,borda
607,Q0,FR940705-2-00215,926,1736.4812499999991,borda
607,Q0,FR940513-2-00270,927,1735.6212499999979,borda
607,Q0,LA102390-0050,928,1732.1774999999982,borda
607,Q0,FT934-17296,929,1727.9962499999979,borda
607,Q0,LA053190-0020,930,1724.7262499999983,borda
607,Q0,FR940627-0-00052,931,1717.3412499999977,borda
607,Q0,FBIS3-32828,932,1714.9237499999983,borda
607,Q0,FR940902-2-00164,933,1712.0949999999975,borda
607,Q0,FBIS4-32619,934,1710.5899999999979,borda
607,Q0,FBIS3-21075,935,1706.4087499999987,borda
607,Q0,FBIS3-10143,936,1703.4087499999987,borda
607,Q0,LA061489-0059,937,1702.5874999999978,borda
607,Q0,FBIS4-33142,938,1698.3724999999984,borda
607,Q0,LA013090-0100,939,1695.6149999999975,borda
607,Q0,FBIS3-19258,940,1692.6312499999976,borda
607,Q0,LA122390-0080,941,1683.1562499999973,borda
607,Q0,LA111789-0042,942,1675.4724999999978,borda
607,Q0,FBIS4-34781,943,1675.3062499999974,borda
607,Q0,FR941122-0-00070,944,1672.5024999999973,borda
607,Q0,LA101590-0084,945,1669.6949999999983,borda
607,Q0,FT932-14649,946,1667.4549999999986,borda
607,Q0,LA071689-0160,947,1663.5549999999985,borda
607,Q0,LA100990-0158,948,1659.432499999998,borda
607,Q0,FT922-6074,949,1658.5812499999977,borda
607,Q0,LA020890-0169,950,1658.1174999999982,borda
607,Q0,FBIS3-51274,951,1657.2574999999983,borda
607,Q0,FR940628-2-00020,952,1653.7962499999976,borda
607,Q0,FR940705-2-00130,953,1653.1674999999989,borda
607,Q0,FT943-7096,954,1652.997499999998,borda
607,Q0,FBIS4-41215,955,1651.1624999999983,borda
607,Q0,LA031090-0007,956,1645.4899999999973,borda
607,Q0,FT932-7574,957,1643.8512499999986,borda
607,Q0,FT934-8437,958,1638.9199999999983,borda
607,Q0,FR940705-2-00207,959,1637.0499999999988,borda
607,Q0,FR941019-2-00080,960,1634.553749999999,borda
607,Q0,LA082590-0108,961,1630.5437499999978,borda
607,Q0,FT943-2521,962,1630.3774999999973,borda
607,Q0,FR941202-2-00002,963,1630.1049999999982,borda
607,Q0,FT922-10668,964,1627.816249999998,borda
607,Q0,FT941-13571,965,1622.9149999999993,borda
607,Q0,FR940314-0-00054,966,1621.2112499999976,borda
607,Q0,FR940822-2-00057,967,1618.8012499999975,borda
607,Q0,FR940805-2-00137,968,1618.2412499999987,borda
607,Q0,FR940725-2-00074,969,1616.3162499999971,borda
607,Q0,FBIS4-44819,970,1613.6624999999974,borda
607,Q0,FBIS4-66670,971,1606.802499999998,borda
607,Q0,FT933-12663,972,1595.3687499999985,borda
607,Q0,FT932-2515,973,1594.5199999999993,borda
607,Q0,FT922-4982,974,1587.5162499999979,borda
607,Q0,FR940304-1-00013,975,1587.2062499999975,borda
607,Q0,FR940705-2-00238,976,1583.732499999999,borda
607,Q0,LA110290-0126,977,1575.9999999999989,borda
607,Q0,FBIS3-59771,978,1575.3299999999977,borda
607,Q0,FBIS4-46469,979,1573.4549999999986,borda
607,Q0,FR940304-0-00037,980,1570.6687499999982,borda
607,Q0,FBIS4-34636,981,1566.106249999998,borda
607,Q0,LA070590-0166,982,1561.3099999999988,borda
607,Q0,FR940705-2-00226,983,1561.0799999999992,borda
607,Q0,FBIS4-9354,984,1561.0262499999988,borda
607,Q0,FT934-345,985,1560.0724999999982,borda
607,Q0,LA081189-0010,986,1559.838749999998,borda
607,Q0,LA092690-0093,987,1556.8549999999987,borda
607,Q0,FR941019-1-00006,988,1548.8762499999982,borda
607,Q0,FT931-10929,989,1548.6049999999989,borda
607,Q0,FBIS4-41212,990,1546.2274999999977,borda
607,Q0,FR940831-0-00056,991,1543.009999999998,borda
607,Q0,FR940719-1-00095,992,1537.3687499999978,borda
607,Q0,FBIS4-47198,993,1535.0349999999983,borda
607,Q0,LA100189-0053,994,1534.4799999999989,borda
607,Q0,FBIS3-60738,995,1533.3549999999987,borda
607,Q0,FBIS3-1890,996,1529.1812499999983,borda
607,Q0,FR940407-2-00050,997,1528.097499999998,borda
607,Q0,FT933-5135,998,1527.599999999999,borda
607,Q0,LA052190-0044,999,1527.5874999999994,borda
607,Q0,FBIS4-67439,1000,1527.169999999999,borda
608,Q0,LA040190-0172,1,11766.281249999989,borda
608,Q0,LA020490-0205,2,11661.071249999985,borda
608,Q0,LA090689-0110,3,11632.598749999988,borda
608,Q0,LA122390-0140,4,11312.528749999985,borda
608,Q0,LA112689-0099,5,11240.45499999999,borda
608,Q0,FT944-4537,6,11147.394999999988,borda
608,Q0,LA010190-0018,7,11102.69249999999,borda
608,Q0,LA012490-0088,8,11014.95124999999,borda
608,Q0,FT924-11006,9,10982.08249999999,borda
608,Q0,LA092390-0170,10,10971.13874999999,borda
608,Q0,FT931-14527,11,10917.278749999987,borda
608,Q0,LA022790-0155,12,10779.29499999999,borda
608,Q0,LA100790-0240,13,10757.73624999999,borda
608,Q0,FBIS3-40865,14,10647.91249999999,borda
608,Q0,FT933-5242,15,10616.74749999999,borda
608,Q0,LA101890-0248,16,10585.95249999999,borda
608,Q0,LA123089-0088,17,10572.33874999999,borda
608,Q0,LA070889-0084,18,10511.813749999994,borda
608,Q0,LA082089-0177,19,10489.149999999987,borda
608,Q0,LA061089-0041,20,10477.528749999989,borda
608,Q0,FT924-6213,21,10459.69749999999,borda
608,Q0,FR941205-2-00037,22,10457.796249999989,borda
608,Q0,LA082090-0007,23,10447.872499999992,borda
608,Q0,LA072289-0078,24,10437.711249999988,borda
608,Q0,FT931-10729,25,10432.67249999999,borda
608,Q0,LA062089-0008,26,10359.20749999999,borda
608,Q0,LA022490-0056,27,10301.197499999991,borda
608,Q0,LA123089-0104,28,10250.024999999992,borda
608,Q0,LA111789-0156,29,10224.543749999993,borda
608,Q0,LA013090-0153,30,10187.66874999999,borda
608,Q0,FT944-15012,31,10187.061249999988,borda
608,Q0,LA052790-0178,32,10141.562499999993,borda
608,Q0,LA111390-0172,33,10111.75124999999,borda
608,Q0,FT943-9223,34,10094.88624999999,borda
608,Q0,FT932-3437,35,10065.28874999999,borda
608,Q0,LA082990-0002,36,10039.169999999991,borda
608,Q0,FT933-10676,37,9987.312499999989,borda
608,Q0,LA100489-0050,38,9883.528749999989,borda
608,Q0,FT933-711,39,9860.102499999992,borda
608,Q0,FT943-15030,40,9843.53249999999,borda
608,Q0,LA070190-0158,41,9783.689999999991,borda
608,Q0,LA032990-0206,42,9732.97749999999,borda
608,Q0,LA040990-0092,43,9681.369999999992,borda
608,Q0,FT934-2265,44,9656.67374999999,borda
608,Q0,FBIS4-28485,45,9616.812499999993,borda
608,Q0,FT941-4942,46,9609.242499999991,borda
608,Q0,FT944-8966,47,9570.369999999988,borda
608,Q0,FT933-5905,48,9508.98749999999,borda
608,Q0,FR940112-2-00086,49,9466.60624999999,borda
608,Q0,FR941125-2-00099,50,9424.76749999999,borda
608,Q0,FT931-1361,51,9414.931249999992,borda
608,Q0,LA041590-0149,52,9410.931249999994,borda
608,Q0,FT933-9986,53,9253.378749999993,borda
608,Q0,FT931-2474,54,9253.011249999992,borda
608,Q0,FT944-6297,55,9162.986249999993,borda
608,Q0,FT924-10843,56,9154.202499999989,borda
608,Q0,FT934-10921,57,9104.65624999999,borda
608,Q0,FT931-13873,58,9104.102499999992,borda
608,Q0,LA020289-0149,59,9078.25374999999,borda
608,Q0,FT941-12478,60,9005.023749999991,borda
608,Q0,FT943-13005,61,8986.70374999999,borda
608,Q0,FT931-8544,62,8985.52999999999,borda
608,Q0,LA122289-0048,63,8984.807499999992,borda
608,Q0,FT932-3766,64,8957.873749999992,borda
608,Q0,FT924-4469,65,8933.302499999993,borda
608,Q0,LA092489-0026,66,8881.44499999999,borda
608,Q0,FBIS3-6678,67,8818.882499999992,borda
608,Q0,FT924-2371,68,8787.658749999991,borda
608,Q0,FT941-7809,69,8759.667499999992,borda
608,Q0,LA093090-0175,70,8715.78874999999,borda
608,Q0,FBIS4-25388,71,8701.404999999992,borda
608,Q0,FT943-9812,72,8700.479999999992,borda
608,Q0,FT933-219,73,8613.196249999992,borda
608,Q0,LA080590-0119,74,8591.98124999999,borda
608,Q0,FT932-14009,75,8577.276249999992,borda
608,Q0,LA102589-0032,76,8573.998749999992,borda
608,Q0,FR940830-1-00044,77,8558.639999999989,borda
608,Q0,FT932-755,78,8541.711249999991,borda
608,Q0,FT932-1328,79,8456.687499999993,borda
608,Q0,FT941-13936,80,8451.01874999999,borda
608,Q0,FT922-14329,81,8422.877499999991,borda
608,Q0,FBIS4-30488,82,8402.059999999994,borda
608,Q0,FT931-10538,83,8386.923749999993,borda
608,Q0,FT931-10731,84,8361.82999999999,borda
608,Q0,FT931-8642,85,8359.68874999999,borda
608,Q0,FT934-9316,86,8358.004999999994,borda
608,Q0,FT933-10651,87,8334.318749999993,borda
608,Q0,FT933-11485,88,8301.312499999993,borda
608,Q0,LA020589-0097,89,8268.57874999999,borda
608,Q0,FT932-1015,90,8259.864999999994,borda
608,Q0,LA051189-0052,91,8244.832499999995,borda
608,Q0,FR940114-0-00019,92,8214.386249999992,borda
608,Q0,FR941031-2-00089,93,8212.443749999993,borda
608,Q0,FT933-13837,94,8197.716249999994,borda
608,Q0,LA092990-0082,95,8124.197499999993,borda
608,Q0,FT933-13307,96,8105.104999999992,borda
608,Q0,FT931-652,97,8055.106249999993,borda
608,Q0,FT924-1393,98,8020.216249999993,borda
608,Q0,FT921-4034,99,8016.291249999995,borda
608,Q0,LA102889-0053,100,8015.111249999992,borda
608,Q0,FT932-3767,101,8008.022499999994,borda
608,Q0,LA100790-0050,102,7992.951249999993,borda
608,Q0,FT934-16316,103,7960.142499999993,borda
608,Q0,FBIS4-42354,104,7954.821249999992,borda
608,Q0,FT933-2740,105,7924.882499999993,borda
608,Q0,FBIS3-55413,106,7907.901249999991,borda
608,Q0,LA070790-0019,107,7844.304999999994,borda
608,Q0,FT921-3446,108,7829.571249999992,borda
608,Q0,LA032690-0014,109,7827.904999999991,borda
608,Q0,FBIS4-20423,110,7816.263749999991,borda
608,Q0,FT922-4144,111,7802.962499999991,borda
608,Q0,FBIS4-53694,112,7801.951249999993,borda
608,Q0,FT933-3754,113,7745.426249999993,borda
608,Q0,FT933-12200,114,7724.194999999993,borda
608,Q0,FR941227-2-00084,115,7662.384999999991,borda
608,Q0,FT923-13973,116,7645.856249999992,borda
608,Q0,FBIS3-19724,117,7602.789999999993,borda
608,Q0,FBIS3-29029,118,7571.648749999992,borda
608,Q0,FT933-13759,119,7519.126249999992,borda
608,Q0,FT942-12772,120,7514.424999999994,borda
608,Q0,FT924-10386,121,7496.54249999999,borda
608,Q0,FBIS3-28379,122,7496.289999999991,borda
608,Q0,FBIS3-4293,123,7491.139999999991,borda
608,Q0,FT932-9319,124,7478.216249999992,borda
608,Q0,FT944-9307,125,7476.736249999994,borda
608,Q0,LA091789-0042,126,7473.083749999993,borda
608,Q0,FR941206-2-00061,127,7467.7087499999925,borda
608,Q0,FBIS4-65618,128,7460.263749999995,borda
608,Q0,FT933-14756,129,7458.113749999992,borda
608,Q0,FBIS4-2663,130,7446.304999999991,borda
608,Q0,LA030589-0234,131,7436.734999999992,borda
608,Q0,FT934-5921,132,7406.936249999993,borda
608,Q0,LA051890-0004,133,7404.254999999991,borda
608,Q0,FT924-6152,134,7399.613749999991,borda
608,Q0,FT921-10337,135,7392.662499999992,borda
608,Q0,FBIS3-50944,136,7384.631249999993,borda
608,Q0,LA102090-0013,137,7364.7262499999915,borda
608,Q0,LA060389-0103,138,7351.0799999999945,borda
608,Q0,FT934-5058,139,7304.559999999994,borda
608,Q0,LA050690-0043,140,7297.2437499999905,borda
608,Q0,FT932-7979,141,7282.408749999991,borda
608,Q0,FBIS3-38775,142,7279.439999999991,borda
608,Q0,FT934-5855,143,7273.612499999994,borda
608,Q0,FT944-18177,144,7254.109999999993,borda
608,Q0,FR941206-2-00059,145,7247.982499999994,borda
608,Q0,FT941-16018,146,7227.684999999993,borda
608,Q0,FT934-4818,147,7201.556249999994,borda
608,Q0,FBIS4-51832,148,7185.147499999991,borda
608,Q0,FT944-18433,149,7183.592499999995,borda
608,Q0,FR940112-2-00077,150,7172.658749999992,borda
608,Q0,FT921-2416,151,7158.0837499999925,borda
608,Q0,FT942-5248,152,7129.262499999993,borda
608,Q0,FT944-14558,153,7121.184999999996,borda
608,Q0,FT931-6880,154,7119.202499999992,borda
608,Q0,LA112890-0037,155,7107.933749999994,borda
608,Q0,FT921-2444,156,7103.091249999991,borda
608,Q0,LA050690-0044,157,7073.917499999991,borda
608,Q0,LA091689-0104,158,7058.311249999993,borda
608,Q0,FT944-14332,159,7055.518749999993,borda
608,Q0,FBIS4-42902,160,7033.727499999993,borda
608,Q0,FBIS4-50349,161,7027.781249999991,borda
608,Q0,FT932-11830,162,7016.89874999999,borda
608,Q0,FBIS3-24137,163,7014.101249999993,borda
608,Q0,FT944-2979,164,6980.489999999992,borda
608,Q0,FT932-14597,165,6967.522499999991,borda
608,Q0,FBIS4-30487,166,6949.114999999994,borda
608,Q0,FT943-10995,167,6945.472499999994,borda
608,Q0,LA030990-0114,168,6944.724999999992,borda
608,Q0,FBIS3-18722,169,6942.862499999993,borda
608,Q0,FT921-2412,170,6938.043749999992,borda
608,Q0,LA032690-0013,171,6883.572499999991,borda
608,Q0,FT921-2432,172,6880.156249999992,borda
608,Q0,FBIS3-58991,173,6878.916249999993,borda
608,Q0,LA051890-0002,174,6870.018749999992,borda
608,Q0,LA120889-0032,175,6853.609999999992,borda
608,Q0,FBIS4-29442,176,6823.174999999991,borda
608,Q0,FT933-1790,177,6822.316249999993,borda
608,Q0,FBIS3-8249,178,6817.094999999993,borda
608,Q0,FBIS4-28717,179,6785.679999999994,borda
608,Q0,LA040190-0075,180,6773.686249999993,borda
608,Q0,FT942-4027,181,6765.727499999994,borda
608,Q0,FBIS3-60031,182,6702.658749999991,borda
608,Q0,LA071289-0119,183,6696.693749999995,borda
608,Q0,FR940128-2-00132,184,6695.798749999993,borda
608,Q0,FBIS3-24679,185,6678.153749999993,borda
608,Q0,FT944-1704,186,6672.801249999995,borda
608,Q0,FT934-7624,187,6668.662499999995,borda
608,Q0,FBIS4-31260,188,6664.554999999993,borda
608,Q0,FT924-15669,189,6644.077499999992,borda
608,Q0,FT921-10004,190,6623.779999999992,borda
608,Q0,FBIS3-51891,191,6607.566249999994,borda
608,Q0,FBIS3-51474,192,6605.191249999995,borda
608,Q0,LA120990-0084,193,6589.922499999992,borda
608,Q0,FT943-16338,194,6575.998749999993,borda
608,Q0,FT924-2224,195,6572.179999999993,borda
608,Q0,FT921-2436,196,6558.783749999993,borda
608,Q0,FR940706-2-00092,197,6557.422499999994,borda
608,Q0,LA091890-0013,198,6556.9812499999925,borda
608,Q0,LA030189-0077,199,6535.381249999994,borda
608,Q0,FBIS3-39913,200,6534.742499999994,borda
608,Q0,LA070890-0130,201,6525.347499999995,borda
608,Q0,FT922-9090,202,6477.876249999992,borda
608,Q0,FR941031-2-00086,203,6465.948749999995,borda
608,Q0,FBIS3-12630,204,6451.742499999993,borda
608,Q0,LA051389-0079,205,6448.063749999994,borda
608,Q0,FT931-10126,206,6442.133749999994,borda
608,Q0,LA080590-0071,207,6430.094999999994,borda
608,Q0,FR941104-2-00043,208,6408.703749999994,borda
608,Q0,FR940711-2-00105,209,6408.663749999994,borda
608,Q0,FBIS3-46023,210,6408.344999999992,borda
608,Q0,FBIS3-24305,211,6404.897499999993,borda
608,Q0,FT944-3906,212,6390.221249999991,borda
608,Q0,FR940826-2-00055,213,6381.381249999994,borda
608,Q0,FT933-6681,214,6373.818749999995,borda
608,Q0,FBIS4-33063,215,6372.891249999993,borda
608,Q0,FT931-13370,216,6354.912499999993,borda
608,Q0,FBIS3-59260,217,6352.332499999992,borda
608,Q0,FT933-15054,218,6352.283749999994,borda
608,Q0,LA071490-0010,219,6314.733749999992,borda
608,Q0,FT942-12253,220,6300.063749999993,borda
608,Q0,LA082789-0014,221,6292.598749999995,borda
608,Q0,LA022689-0036,222,6282.627499999994,borda
608,Q0,FT944-6300,223,6281.336249999993,borda
608,Q0,FBIS3-26358,224,6269.127499999995,borda
608,Q0,FBIS3-42037,225,6267.212499999993,borda
608,Q0,FT944-11386,226,6250.759999999994,borda
608,Q0,FT934-8104,227,6246.202499999995,borda
608,Q0,FBIS4-44433,228,6233.1149999999925,borda
608,Q0,FT944-6223,229,6184.413749999994,borda
608,Q0,FT921-11249,230,6183.769999999994,borda
608,Q0,FT944-14564,231,6181.017499999996,borda
608,Q0,LA012890-0108,232,6174.083749999994,borda
608,Q0,LA011290-0011,233,6170.382499999994,borda
608,Q0,LA071490-0012,234,6167.299999999994,borda
608,Q0,LA010189-0032,235,6160.794999999992,borda
608,Q0,FBIS3-36616,236,6143.551249999994,borda
608,Q0,LA100690-0070,237,6133.163749999992,borda
608,Q0,FT921-2421,238,6126.856249999993,borda
608,Q0,FT923-3318,239,6109.559999999993,borda
608,Q0,FT934-5517,240,6074.576249999993,borda
608,Q0,FT932-13126,241,6038.637499999995,borda
608,Q0,LA042889-0172,242,6035.064999999994,borda
608,Q0,FT931-11896,243,6018.204999999995,borda
608,Q0,FT934-6978,244,6011.391249999993,borda
608,Q0,FT944-4521,245,6000.3924999999945,borda
608,Q0,FT944-11065,246,5998.324999999993,borda
608,Q0,FR940907-2-00044,247,5993.192499999993,borda
608,Q0,FT932-12786,248,5988.239999999996,borda
608,Q0,LA100889-0210,249,5987.341249999996,borda
608,Q0,FBIS4-19641,250,5980.806249999994,borda
608,Q0,FR941027-2-00081,251,5971.874999999994,borda
608,Q0,FBIS3-10342,252,5971.014999999994,borda
608,Q0,FT931-6633,253,5956.114999999994,borda
608,Q0,FT934-5127,254,5954.631249999995,borda
608,Q0,LA062589-0009,255,5950.211249999993,borda
608,Q0,LA102289-0066,256,5929.882499999992,borda
608,Q0,LA020690-0084,257,5907.304999999994,borda
608,Q0,LA032690-0016,258,5892.853749999993,borda
608,Q0,FT931-8547,259,5865.947499999997,borda
608,Q0,FT933-11981,260,5851.526249999995,borda
608,Q0,FBIS4-65725,261,5830.679999999994,borda
608,Q0,FT921-2446,262,5822.482499999994,borda
608,Q0,LA060390-0222,263,5816.3962499999925,borda
608,Q0,FT944-10159,264,5805.241249999997,borda
608,Q0,FBIS4-44368,265,5803.169999999994,borda
608,Q0,FBIS4-45664,266,5797.658749999994,borda
608,Q0,FR940707-2-00118,267,5789.582499999993,borda
608,Q0,FT942-6867,268,5786.476249999994,borda
608,Q0,FR940324-1-00014,269,5783.453749999993,borda
608,Q0,FBIS4-9331,270,5780.524999999993,borda
608,Q0,LA042389-0058,271,5776.382499999993,borda
608,Q0,LA081690-0056,272,5774.124999999995,borda
608,Q0,FT944-15073,273,5770.873749999997,borda
608,Q0,LA043089-0095,274,5755.533749999995,borda
608,Q0,FBIS3-55372,275,5755.208749999993,borda
608,Q0,LA062490-0047,276,5754.901249999995,borda
608,Q0,FT944-10331,277,5753.177499999996,borda
608,Q0,FT941-8918,278,5752.586249999996,borda
608,Q0,FT944-6236,279,5751.383749999995,borda
608,Q0,FBIS4-31393,280,5741.002499999993,borda
608,Q0,FT942-7305,281,5728.681249999996,borda
608,Q0,FT931-2570,282,5717.036249999995,borda
608,Q0,FT934-11966,283,5715.676249999993,borda
608,Q0,FT921-7866,284,5697.672499999992,borda
608,Q0,FT932-2813,285,5696.569999999994,borda
608,Q0,FT923-4261,286,5694.288749999993,borda
608,Q0,FT941-13133,287,5688.774999999994,borda
608,Q0,FR940831-0-00039,288,5683.606249999994,borda
608,Q0,FT933-13110,289,5674.847499999995,borda
608,Q0,FBIS4-14913,290,5672.1112499999945,borda
608,Q0,FT933-15345,291,5669.869999999994,borda
608,Q0,FT944-7797,292,5662.7499999999945,borda
608,Q0,FT934-5075,293,5660.4649999999965,borda
608,Q0,FR940128-1-00081,294,5652.481249999993,borda
608,Q0,FT931-7929,295,5651.291249999993,borda
608,Q0,FBIS3-18988,296,5636.2712499999925,borda
608,Q0,LA101589-0087,297,5627.368749999993,borda
608,Q0,FT922-6986,298,5604.478749999994,borda
608,Q0,FT933-11040,299,5602.811249999994,borda
608,Q0,FT944-6235,300,5596.589999999996,borda
608,Q0,FT931-8949,301,5592.9287499999955,borda
608,Q0,LA102290-0047,302,5589.723749999996,borda
608,Q0,FT921-11656,303,5576.424999999996,borda
608,Q0,FBIS4-55055,304,5562.129999999994,borda
608,Q0,FT924-15645,305,5555.836249999994,borda
608,Q0,FT934-5849,306,5553.717499999994,borda
608,Q0,LA031790-0025,307,5552.663749999994,borda
608,Q0,FBIS3-31368,308,5552.637499999993,borda
608,Q0,FT921-2430,309,5552.533749999995,borda
608,Q0,FBIS4-61926,310,5548.711249999994,borda
608,Q0,LA020490-0207,311,5538.724999999996,borda
608,Q0,FBIS4-10515,312,5534.363749999995,borda
608,Q0,LA122489-0068,313,5529.484999999995,borda
608,Q0,FBIS3-42131,314,5528.686249999994,borda
608,Q0,FBIS3-4520,315,5528.228749999994,borda
608,Q0,FBIS3-27759,316,5519.002499999994,borda
608,Q0,FT922-7879,317,5514.558749999994,borda
608,Q0,FR941117-2-00056,318,5505.898749999996,borda
608,Q0,FBIS3-42750,319,5495.978749999997,borda
608,Q0,FBIS4-15517,320,5485.117499999993,borda
608,Q0,FBIS3-18573,321,5480.184999999994,borda
608,Q0,FT942-15018,322,5474.783749999996,borda
608,Q0,FBIS3-19652,323,5464.498749999997,borda
608,Q0,FT924-12824,324,5446.592499999996,borda
608,Q0,FT921-8884,325,5445.356249999993,borda
608,Q0,FT943-15578,326,5441.316249999996,borda
608,Q0,FT934-11176,327,5430.016249999993,borda
608,Q0,LA011089-0014,328,5429.947499999995,borda
608,Q0,FT944-1478,329,5429.342499999995,borda
608,Q0,FT922-9624,330,5426.644999999994,borda
608,Q0,FT922-13142,331,5411.631249999995,borda
608,Q0,FBIS3-51810,332,5410.727499999994,borda
608,Q0,FBIS4-66163,333,5407.478749999995,borda
608,Q0,FT922-8034,334,5403.456249999994,borda
608,Q0,FR941125-2-00097,335,5399.799999999995,borda
608,Q0,FT924-11802,336,5392.078749999995,borda
608,Q0,FBIS3-6977,337,5379.864999999997,borda
608,Q0,FBIS3-28696,338,5373.572499999994,borda
608,Q0,FT921-8843,339,5353.682499999996,borda
608,Q0,FT924-1211,340,5348.751249999996,borda
608,Q0,LA060390-0126,341,5327.811249999993,borda
608,Q0,LA012890-0059,342,5296.423749999995,borda
608,Q0,FT944-14051,343,5294.966249999996,borda
608,Q0,LA060890-0021,344,5277.004999999996,borda
608,Q0,LA051890-0001,345,5227.961249999995,borda
608,Q0,LA060789-0005,346,5226.1649999999945,borda
608,Q0,LA011390-0114,347,5208.902499999996,borda
608,Q0,LA072890-0136,348,5207.471249999994,borda
608,Q0,FBIS3-3910,349,5205.622499999993,borda
608,Q0,FBIS4-31584,350,5199.683749999994,borda
608,Q0,FT933-8379,351,5199.423749999995,borda
608,Q0,FBIS3-24094,352,5199.156249999994,borda
608,Q0,FT932-7346,353,5194.323749999997,borda
608,Q0,LA060290-0021,354,5194.038749999994,borda
608,Q0,FT943-5096,355,5166.509999999995,borda
608,Q0,LA043089-0099,356,5163.134999999997,borda
608,Q0,FBIS4-61326,357,5162.0799999999945,borda
608,Q0,FR941227-2-00085,358,5158.817499999995,borda
608,Q0,FT944-11382,359,5151.861249999995,borda
608,Q0,FT941-8685,360,5151.567499999994,borda
608,Q0,FBIS3-77,361,5127.387499999995,borda
608,Q0,FT942-928,362,5102.971249999995,borda
608,Q0,FR940830-1-00040,363,5090.854999999993,borda
608,Q0,FT934-7018,364,5074.838749999995,borda
608,Q0,FR940826-1-00033,365,5069.519999999996,borda
608,Q0,FBIS3-51475,366,5068.112499999995,borda
608,Q0,LA061290-0111,367,5062.797499999994,borda
608,Q0,FBIS4-11138,368,5048.434999999994,borda
608,Q0,FBIS3-57915,369,5045.9962499999965,borda
608,Q0,FT921-11002,370,5038.273749999994,borda
608,Q0,FT934-4297,371,5028.619999999994,borda
608,Q0,FT944-15153,372,5023.847499999995,borda
608,Q0,LA010389-0054,373,5023.724999999996,borda
608,Q0,FBIS3-21246,374,4999.674999999994,borda
608,Q0,FBIS3-24050,375,4984.0624999999945,borda
608,Q0,FT943-7322,376,4981.159999999997,borda
608,Q0,FT932-3491,377,4978.422499999995,borda
608,Q0,FBIS3-39364,378,4962.359999999995,borda
608,Q0,FT931-10302,379,4953.406249999996,borda
608,Q0,FR941011-2-00102,380,4949.416249999995,borda
608,Q0,FT932-10159,381,4945.189999999995,borda
608,Q0,FT911-3420,382,4943.399999999995,borda
608,Q0,FT932-3065,383,4930.328749999997,borda
608,Q0,FT934-5066,384,4929.881249999995,borda
608,Q0,FBIS3-22245,385,4926.602499999994,borda
608,Q0,FT941-13930,386,4912.497499999995,borda
608,Q0,FBIS4-42331,387,4898.292499999994,borda
608,Q0,LA051489-0046,388,4889.4199999999955,borda
608,Q0,FT934-9259,389,4884.279999999995,borda
608,Q0,FT944-6228,390,4865.752499999996,borda
608,Q0,LA123189-0025,391,4858.629999999995,borda
608,Q0,FT924-14799,392,4854.823749999997,borda
608,Q0,FR941205-2-00036,393,4851.543749999996,borda
608,Q0,LA032490-0125,394,4836.483749999997,borda
608,Q0,FBIS4-40041,395,4835.653749999994,borda
608,Q0,FBIS4-57347,396,4818.598749999995,borda
608,Q0,FBIS4-25176,397,4799.372499999997,borda
608,Q0,FT921-10584,398,4789.632499999996,borda
608,Q0,FT932-7223,399,4787.598749999996,borda
608,Q0,LA102789-0183,400,4778.037499999994,borda
608,Q0,FBIS4-66754,401,4768.166249999995,borda
608,Q0,FBIS3-29674,402,4758.831249999994,borda
608,Q0,FT931-4279,403,4755.346249999996,borda
608,Q0,FBIS3-13582,404,4751.068749999995,borda
608,Q0,FBIS4-34812,405,4749.154999999995,borda
608,Q0,FBIS3-57448,406,4747.724999999995,borda
608,Q0,FBIS3-59321,407,4744.509999999996,borda
608,Q0,FT943-2537,408,4726.546249999995,borda
608,Q0,FT921-5858,409,4719.339999999995,borda
608,Q0,FT944-6255,410,4709.139999999996,borda
608,Q0,FR940831-0-00047,411,4691.034999999996,borda
608,Q0,FR941017-1-00038,412,4687.196249999995,borda
608,Q0,FBIS4-62437,413,4685.912499999994,borda
608,Q0,FT934-9317,414,4685.699999999996,borda
608,Q0,FBIS4-10311,415,4685.113749999995,borda
608,Q0,FT944-9655,416,4683.738749999996,borda
608,Q0,FT924-2784,417,4676.513749999995,borda
608,Q0,FT944-3994,418,4670.3537499999975,borda
608,Q0,FBIS4-29091,419,4667.293749999995,borda
608,Q0,FT932-1454,420,4663.549999999994,borda
608,Q0,FT922-8411,421,4663.152499999995,borda
608,Q0,FT943-1854,422,4661.106249999996,borda
608,Q0,FBIS4-29111,423,4653.311249999996,borda
608,Q0,LA040190-0084,424,4645.953749999995,borda
608,Q0,FT942-5277,425,4638.454999999996,borda
608,Q0,FBIS4-34095,426,4622.343749999995,borda
608,Q0,FBIS4-31787,427,4616.073749999995,borda
608,Q0,FBIS4-45778,428,4615.573749999997,borda
608,Q0,LA012890-0104,429,4610.557499999995,borda
608,Q0,FT921-3029,430,4603.952499999997,borda
608,Q0,FT922-13517,431,4595.779999999995,borda
608,Q0,LA060290-0023,432,4594.599999999995,borda
608,Q0,FBIS4-28164,433,4587.783749999996,borda
608,Q0,FR941017-1-00039,434,4578.267499999997,borda
608,Q0,FT932-12991,435,4574.952499999998,borda
608,Q0,FT924-2950,436,4572.779999999995,borda
608,Q0,FT942-15384,437,4572.493749999995,borda
608,Q0,FT933-4379,438,4569.264999999997,borda
608,Q0,FT932-10844,439,4567.233749999997,borda
608,Q0,FT942-2831,440,4565.627499999996,borda
608,Q0,FT944-6233,441,4564.739999999997,borda
608,Q0,FR941031-2-00085,442,4561.926249999997,borda
608,Q0,FBIS4-28365,443,4548.359999999995,borda
608,Q0,FT943-7141,444,4546.5812499999965,borda
608,Q0,LA031989-0068,445,4544.937499999995,borda
608,Q0,FT934-11039,446,4524.8087499999965,borda
608,Q0,FBIS4-45042,447,4513.413749999996,borda
608,Q0,FBIS3-29699,448,4502.203749999994,borda
608,Q0,LA060289-0004,449,4501.583749999997,borda
608,Q0,FT934-5055,450,4492.332499999996,borda
608,Q0,FT934-9598,451,4490.178749999996,borda
608,Q0,FBIS3-50327,452,4484.763749999995,borda
608,Q0,FT931-10624,453,4484.672499999994,borda
608,Q0,FT921-4021,454,4481.5362499999965,borda
608,Q0,LA051789-0012,455,4474.599999999995,borda
608,Q0,FT923-8447,456,4472.016249999997,borda
608,Q0,FT923-5115,457,4467.528749999995,borda
608,Q0,FT931-2783,458,4460.461249999996,borda
608,Q0,FBIS3-42489,459,4459.643749999996,borda
608,Q0,FT942-7296,460,4453.413749999997,borda
608,Q0,FT942-11156,461,4449.286249999995,borda
608,Q0,LA042490-0179,462,4447.8037499999955,borda
608,Q0,LA042389-0158,463,4446.228749999997,borda
608,Q0,FT933-5719,464,4443.7862499999965,borda
608,Q0,FT921-1934,465,4440.283749999997,borda
608,Q0,LA060290-0022,466,4428.251249999995,borda
608,Q0,FT932-10165,467,4408.529999999996,borda
608,Q0,FBIS3-58952,468,4396.147499999995,borda
608,Q0,FBIS3-58349,469,4390.3487499999965,borda
608,Q0,LA080789-0113,470,4374.706249999995,borda
608,Q0,FBIS4-61382,471,4305.8574999999955,borda
608,Q0,FT934-5693,472,4288.814999999997,borda
608,Q0,LA120590-0005,473,4284.723749999997,borda
608,Q0,LA122989-0149,474,4282.133749999996,borda
608,Q0,FT921-4004,475,4277.412499999997,borda
608,Q0,FBIS4-42521,476,4276.499999999996,borda
608,Q0,FT924-2786,477,4271.502499999996,borda
608,Q0,LA012889-0018,478,4264.1074999999955,borda
608,Q0,FBIS3-46596,479,4258.403749999997,borda
608,Q0,FBIS3-30195,480,4248.238749999996,borda
608,Q0,FT931-246,481,4247.643749999995,borda
608,Q0,FBIS3-14874,482,4246.396249999995,borda
608,Q0,FBIS4-55019,483,4241.898749999995,borda
608,Q0,FT911-2375,484,4235.3049999999985,borda
608,Q0,FBIS3-26,485,4221.003749999996,borda
608,Q0,LA123189-0033,486,4219.878749999996,borda
608,Q0,FT942-4767,487,4213.264999999998,borda
608,Q0,LA120590-0131,488,4212.276249999995,borda
608,Q0,LA022090-0135,489,4211.389999999996,borda
608,Q0,FT933-14830,490,4196.652499999996,borda
608,Q0,FT934-15557,491,4195.432499999996,borda
608,Q0,FT932-3595,492,4195.022499999996,borda
608,Q0,FBIS3-20753,493,4185.556249999996,borda
608,Q0,FT944-17908,494,4182.3974999999955,borda
608,Q0,LA110790-0138,495,4168.454999999995,borda
608,Q0,FBIS4-30972,496,4165.118749999997,borda
608,Q0,FR940831-0-00045,497,4160.488749999997,borda
608,Q0,FBIS4-36778,498,4158.896249999994,borda
608,Q0,LA042589-0006,499,4156.617499999998,borda
608,Q0,FT932-1723,500,4155.218749999995,borda
608,Q0,FBIS4-63582,501,4146.458749999995,borda
608,Q0,FBIS4-23095,502,4144.063749999996,borda
608,Q0,LA043089-0101,503,4137.382499999996,borda
608,Q0,LA102690-0098,504,4136.577499999995,borda
608,Q0,FBIS3-41641,505,4134.873749999996,borda
608,Q0,FR940325-2-00181,506,4124.682499999996,borda
608,Q0,FBIS3-39578,507,4123.032499999997,borda
608,Q0,FBIS3-36235,508,4121.952499999996,borda
608,Q0,FT944-1656,509,4116.158749999997,borda
608,Q0,FT911-4753,510,4111.798749999997,borda
608,Q0,FT931-3052,511,4110.047499999998,borda
608,Q0,FT942-8760,512,4108.059999999996,borda
608,Q0,FBIS3-11983,513,4107.391249999996,borda
608,Q0,FT932-14923,514,4107.293749999997,borda
608,Q0,FBIS3-31473,515,4100.536249999996,borda
608,Q0,FBIS3-59261,516,4098.476249999997,borda
608,Q0,FT931-9883,517,4097.544999999997,borda
608,Q0,FT924-5291,518,4096.873749999998,borda
608,Q0,FT942-3410,519,4085.263749999995,borda
608,Q0,FBIS4-64643,520,4084.992499999995,borda
608,Q0,FR940705-2-00083,521,4073.548749999997,borda
608,Q0,FBIS3-24729,522,4069.491249999996,borda
608,Q0,FBIS4-11451,523,4065.9262499999963,borda
608,Q0,FBIS3-47304,524,4050.1924999999956,borda
608,Q0,LA012790-0016,525,4045.153749999998,borda
608,Q0,LA080590-0180,526,4044.5712499999972,borda
608,Q0,FBIS3-42722,527,4043.2087499999957,borda
608,Q0,FBIS4-64918,528,4030.674999999998,borda
608,Q0,FT924-15880,529,4026.536249999995,borda
608,Q0,FBIS3-39114,530,4022.124999999996,borda
608,Q0,FT941-6882,531,4014.787499999996,borda
608,Q0,FR940613-2-00068,532,3983.9099999999967,borda
608,Q0,FT921-4035,533,3982.062499999998,borda
608,Q0,FBIS3-23817,534,3976.1974999999966,borda
608,Q0,FT934-12756,535,3972.1087499999962,borda
608,Q0,FT944-16571,536,3967.1474999999973,borda
608,Q0,FT942-6690,537,3959.0424999999964,borda
608,Q0,FR940830-2-00005,538,3954.5637499999966,borda
608,Q0,LA012190-0129,539,3945.916249999998,borda
608,Q0,FBIS4-50081,540,3934.9099999999967,borda
608,Q0,FR940429-2-00118,541,3933.4437499999954,borda
608,Q0,LA102889-0106,542,3932.4662499999977,borda
608,Q0,FT922-10692,543,3931.026249999996,borda
608,Q0,FBIS3-44546,544,3925.8674999999967,borda
608,Q0,FT924-11687,545,3921.024999999996,borda
608,Q0,FT934-8678,546,3920.988749999997,borda
608,Q0,FR940304-2-00068,547,3910.3462499999973,borda
608,Q0,LA070190-0047,548,3904.586249999998,borda
608,Q0,FT941-11495,549,3903.459999999996,borda
608,Q0,FBIS4-56555,550,3899.302499999997,borda
608,Q0,FBIS3-59795,551,3882.2124999999965,borda
608,Q0,FBIS4-66476,552,3877.9112499999956,borda
608,Q0,LA050690-0042,553,3869.0712499999963,borda
608,Q0,FT931-4280,554,3866.493749999996,borda
608,Q0,LA062590-0051,555,3854.699999999998,borda
608,Q0,LA020589-0091,556,3852.542499999996,borda
608,Q0,FT934-5585,557,3852.316249999996,borda
608,Q0,FBIS3-40329,558,3848.796249999998,borda
608,Q0,FT931-15652,559,3840.278749999999,borda
608,Q0,LA062289-0021,560,3828.3237499999964,borda
608,Q0,FT932-13042,561,3822.021249999997,borda
608,Q0,FT943-16379,562,3819.212499999997,borda
608,Q0,FT943-13093,563,3816.182499999997,borda
608,Q0,FBIS4-22349,564,3815.7687499999965,borda
608,Q0,FT941-13757,565,3812.361249999997,borda
608,Q0,FBIS4-46259,566,3811.8787499999958,borda
608,Q0,FBIS3-17821,567,3811.6962499999963,borda
608,Q0,FBIS3-4708,568,3810.8499999999967,borda
608,Q0,FT934-5592,569,3808.423749999996,borda
608,Q0,FT933-5628,570,3804.426249999997,borda
608,Q0,FT931-8397,571,3798.9337499999997,borda
608,Q0,LA071590-0177,572,3798.018749999997,borda
608,Q0,FT923-12613,573,3793.3949999999986,borda
608,Q0,FT934-14087,574,3783.658749999999,borda
608,Q0,FT921-10807,575,3773.817499999996,borda
608,Q0,FBIS3-20854,576,3761.878749999997,borda
608,Q0,FBIS4-28772,577,3761.0912499999968,borda
608,Q0,FT933-13454,578,3759.148749999998,borda
608,Q0,FT933-14727,579,3757.9799999999973,borda
608,Q0,LA061890-0068,580,3755.941249999996,borda
608,Q0,FT931-16754,581,3750.4174999999977,borda
608,Q0,FT934-15535,582,3750.1687499999957,borda
608,Q0,FT943-10118,583,3748.7749999999965,borda
608,Q0,FR941128-2-00101,584,3747.094999999997,borda
608,Q0,LA070390-0058,585,3736.2749999999955,borda
608,Q0,FT943-2556,586,3733.051249999999,borda
608,Q0,FT942-1930,587,3729.393749999998,borda
608,Q0,FT934-5566,588,3726.577499999996,borda
608,Q0,FBIS3-32193,589,3724.7787499999977,borda
608,Q0,FT941-4936,590,3721.2062499999965,borda
608,Q0,FT944-6205,591,3718.5624999999964,borda
608,Q0,FBIS4-64191,592,3718.1662499999975,borda
608,Q0,FT911-1230,593,3711.7874999999976,borda
608,Q0,FT931-4276,594,3711.578749999996,borda
608,Q0,LA092489-0109,595,3689.1349999999984,borda
608,Q0,FT932-4751,596,3677.7549999999983,borda
608,Q0,FT941-2691,597,3670.0812499999984,borda
608,Q0,FT931-3048,598,3659.6262499999984,borda
608,Q0,FBIS3-20478,599,3657.351249999996,borda
608,Q0,FBIS3-14760,600,3648.7912499999957,borda
608,Q0,FBIS3-7567,601,3647.348749999998,borda
608,Q0,FBIS3-59363,602,3632.0049999999983,borda
608,Q0,FBIS4-19867,603,3629.4549999999967,borda
608,Q0,LA083189-0111,604,3627.288749999996,borda
608,Q0,FT934-5165,605,3615.3074999999963,borda
608,Q0,LA041389-0154,606,3613.8999999999955,borda
608,Q0,FR940831-0-00051,607,3613.2499999999977,borda
608,Q0,LA092889-0057,608,3605.232499999997,borda
608,Q0,LA022390-0186,609,3604.7024999999967,borda
608,Q0,LA090989-0062,610,3599.5624999999964,borda
608,Q0,FT944-16769,611,3598.609999999998,borda
608,Q0,FT922-14771,612,3589.443749999998,borda
608,Q0,FBIS3-19245,613,3584.2837499999964,borda
608,Q0,FR940325-2-00109,614,3568.7749999999955,borda
608,Q0,FT932-4862,615,3567.0087499999963,borda
608,Q0,LA061090-0063,616,3562.5249999999974,borda
608,Q0,FR940112-0-00032,617,3562.1212499999983,borda
608,Q0,FT921-3762,618,3558.556249999997,borda
608,Q0,LA051289-0126,619,3553.362499999996,borda
608,Q0,FBIS4-12038,620,3552.0937499999964,borda
608,Q0,FBIS4-68639,621,3546.8699999999967,borda
608,Q0,FT933-13608,622,3540.531249999997,borda
608,Q0,FBIS4-43246,623,3533.132499999998,borda
608,Q0,FR941107-2-00067,624,3531.9812499999966,borda
608,Q0,FT934-3219,625,3520.7787499999968,borda
608,Q0,FT944-14141,626,3520.133749999998,borda
608,Q0,FBIS3-57839,627,3519.434999999997,borda
608,Q0,FBIS3-20547,628,3512.669999999998,borda
608,Q0,FT941-4696,629,3512.0212499999957,borda
608,Q0,FT941-5530,630,3501.1337499999986,borda
608,Q0,FBIS3-10855,631,3489.567499999998,borda
608,Q0,LA051289-0155,632,3489.288749999996,borda
608,Q0,FT934-5132,633,3479.2424999999976,borda
608,Q0,LA111390-0168,634,3472.7599999999957,borda
608,Q0,FBIS3-59854,635,3471.252499999996,borda
608,Q0,FBIS4-10550,636,3470.5249999999965,borda
608,Q0,FT911-2046,637,3469.067499999998,borda
608,Q0,LA031789-0068,638,3466.2774999999974,borda
608,Q0,FT934-13896,639,3455.4662499999986,borda
608,Q0,FBIS4-46913,640,3450.9812499999953,borda
608,Q0,FT944-4322,641,3449.766249999996,borda
608,Q0,LA040190-0128,642,3445.7287499999966,borda
608,Q0,FR940204-2-00093,643,3445.4762499999974,borda
608,Q0,FBIS3-39135,644,3444.641249999996,borda
608,Q0,FT923-14305,645,3443.088749999999,borda
608,Q0,FR940527-2-00086,646,3439.4912499999955,borda
608,Q0,FT944-15155,647,3432.772499999996,borda
608,Q0,FT934-7548,648,3430.207499999997,borda
608,Q0,LA062989-0041,649,3425.894999999996,borda
608,Q0,FBIS3-19530,650,3423.8874999999985,borda
608,Q0,FBIS3-61342,651,3418.7149999999974,borda
608,Q0,FBIS4-7251,652,3418.2624999999966,borda
608,Q0,FBIS4-66752,653,3415.3999999999965,borda
608,Q0,FBIS3-29244,654,3402.3374999999965,borda
608,Q0,FT932-9877,655,3378.5099999999993,borda
608,Q0,FBIS3-61229,656,3359.2724999999978,borda
608,Q0,FT921-12746,657,3354.562499999999,borda
608,Q0,FT932-9856,658,3348.0637499999993,borda
608,Q0,FT933-7586,659,3347.336249999997,borda
608,Q0,FT923-9560,660,3316.0749999999985,borda
608,Q0,FT942-231,661,3314.576249999997,borda
608,Q0,FBIS4-5812,662,3305.9862499999977,borda
608,Q0,FT944-10012,663,3299.556249999996,borda
608,Q0,FT932-13970,664,3294.0712499999963,borda
608,Q0,FBIS4-33740,665,3289.193749999997,borda
608,Q0,FR940919-2-00012,666,3287.414999999997,borda
608,Q0,FBIS3-44769,667,3277.8349999999973,borda
608,Q0,FBIS3-5753,668,3277.7637499999973,borda
608,Q0,FBIS4-57341,669,3264.828749999997,borda
608,Q0,FBIS4-5290,670,3247.798749999997,borda
608,Q0,LA071590-0197,671,3246.976249999997,borda
608,Q0,FBIS4-47019,672,3245.744999999997,borda
608,Q0,FT941-3779,673,3242.2562499999967,borda
608,Q0,FBIS4-3612,674,3236.3837499999963,borda
608,Q0,FT932-15115,675,3232.9799999999987,borda
608,Q0,LA042289-0072,676,3230.7187499999977,borda
608,Q0,FT941-3961,677,3224.626249999997,borda
608,Q0,FBIS4-33711,678,3215.2399999999966,borda
608,Q0,FT923-5460,679,3214.767499999999,borda
608,Q0,FBIS4-40881,680,3211.4899999999984,borda
608,Q0,FR940506-2-00162,681,3206.517499999997,borda
608,Q0,LA123189-0093,682,3203.7874999999995,borda
608,Q0,FT941-3484,683,3193.886249999999,borda
608,Q0,FT934-5131,684,3188.4062499999977,borda
608,Q0,FBIS3-10065,685,3178.2724999999964,borda
608,Q0,FT932-8458,686,3176.8737499999975,borda
608,Q0,FR940106-0-00175,687,3173.3774999999955,borda
608,Q0,FBIS4-45041,688,3167.6149999999984,borda
608,Q0,FT931-14988,689,3155.7999999999984,borda
608,Q0,FT931-12348,690,3155.3387499999967,borda
608,Q0,FBIS4-28483,691,3152.418749999996,borda
608,Q0,FT932-15390,692,3145.1174999999976,borda
608,Q0,LA100190-0083,693,3142.9612499999967,borda
608,Q0,LA030490-0086,694,3139.7899999999963,borda
608,Q0,LA122990-0067,695,3138.647499999997,borda
608,Q0,LA012489-0096,696,3133.1987499999955,borda
608,Q0,FBIS4-43512,697,3130.296249999997,borda
608,Q0,FT932-6068,698,3128.7699999999963,borda
608,Q0,FT934-16362,699,3128.1087499999967,borda
608,Q0,LA101489-0060,700,3127.9062499999986,borda
608,Q0,FBIS3-57153,701,3127.371249999997,borda
608,Q0,FT934-12888,702,3125.116249999997,borda
608,Q0,FT924-5022,703,3124.2224999999958,borda
608,Q0,FT941-13924,704,3121.3812499999985,borda
608,Q0,FT942-17052,705,3115.6012499999993,borda
608,Q0,FT932-11049,706,3105.3874999999985,borda
608,Q0,FBIS3-19099,707,3099.873749999997,borda
608,Q0,FT931-7739,708,3087.779999999999,borda
608,Q0,FR940112-2-00087,709,3081.888749999997,borda
608,Q0,FT911-616,710,3081.463749999999,borda
608,Q0,FT932-7267,711,3079.074999999998,borda
608,Q0,FT933-9670,712,3069.4799999999977,borda
608,Q0,FT933-882,713,3067.812499999998,borda
608,Q0,FBIS3-59491,714,3066.853749999999,borda
608,Q0,FBIS3-24038,715,3064.5324999999984,borda
608,Q0,FBIS3-5983,716,3058.6624999999967,borda
608,Q0,LA070689-0011,717,3055.843749999998,borda
608,Q0,FBIS3-20916,718,3055.261249999996,borda
608,Q0,LA112689-0098,719,3052.9437499999976,borda
608,Q0,FBIS4-56233,720,3051.769999999998,borda
608,Q0,FT933-8449,721,3051.297499999999,borda
608,Q0,FT941-10053,722,3048.4899999999975,borda
608,Q0,FT944-9309,723,3046.242499999998,borda
608,Q0,FBIS3-58935,724,3038.337499999998,borda
608,Q0,FBIS4-64654,725,3031.7874999999967,borda
608,Q0,FR941007-2-00074,726,3023.608749999998,borda
608,Q0,FT934-10469,727,3022.636249999996,borda
608,Q0,FBIS4-22954,728,3020.294999999996,borda
608,Q0,LA062790-0045,729,3019.078749999998,borda
608,Q0,FT923-3582,730,3012.187499999997,borda
608,Q0,FBIS3-58641,731,3011.478749999998,borda
608,Q0,FT921-3173,732,3009.186249999996,borda
608,Q0,FT921-5488,733,3008.932499999998,borda
608,Q0,FT934-12800,734,3005.787499999997,borda
608,Q0,FT934-6443,735,3005.6374999999975,borda
608,Q0,FBIS3-53432,736,2993.9274999999966,borda
608,Q0,FT921-4603,737,2992.122499999996,borda
608,Q0,FT922-14244,738,2991.0724999999975,borda
608,Q0,FBIS3-59309,739,2987.6562499999986,borda
608,Q0,FBIS3-18105,740,2987.4374999999973,borda
608,Q0,FBIS4-49133,741,2977.059999999997,borda
608,Q0,FT934-1440,742,2973.907499999999,borda
608,Q0,FT922-7737,743,2960.241249999997,borda
608,Q0,FT933-1342,744,2959.4912499999978,borda
608,Q0,LA041989-0024,745,2954.2699999999963,borda
608,Q0,LA090190-0023,746,2946.887499999997,borda
608,Q0,FBIS3-31387,747,2944.8062499999965,borda
608,Q0,FT934-2293,748,2940.4412499999985,borda
608,Q0,FT933-6760,749,2938.583749999998,borda
608,Q0,FR941021-2-00090,750,2935.7774999999992,borda
608,Q0,FT942-15692,751,2932.1687499999994,borda
608,Q0,FBIS4-13618,752,2928.3137499999966,borda
608,Q0,FR940830-1-00041,753,2924.468749999998,borda
608,Q0,FBIS3-61167,754,2922.9549999999963,borda
608,Q0,FT934-4913,755,2922.3524999999972,borda
608,Q0,FBIS4-65102,756,2916.3874999999985,borda
608,Q0,FT921-15929,757,2913.8849999999984,borda
608,Q0,FBIS4-57879,758,2913.806249999997,borda
608,Q0,FR941230-1-00061,759,2900.3799999999974,borda
608,Q0,FT922-14327,760,2897.5249999999974,borda
608,Q0,FR940817-1-00058,761,2892.032499999996,borda
608,Q0,FT922-15456,762,2880.7612499999977,borda
608,Q0,FT933-7458,763,2876.3262499999983,borda
608,Q0,LA013190-0019,764,2872.576249999997,borda
608,Q0,FT941-13659,765,2867.118749999998,borda
608,Q0,LA062390-0123,766,2865.329999999996,borda
608,Q0,FT923-5204,767,2859.2362499999977,borda
608,Q0,FT934-12730,768,2858.9549999999986,borda
608,Q0,FT934-15181,769,2856.463749999998,borda
608,Q0,FT932-10758,770,2852.0737499999987,borda
608,Q0,FT931-15673,771,2851.301249999999,borda
608,Q0,FBIS3-39610,772,2847.526249999997,borda
608,Q0,LA072490-0046,773,2847.036249999997,borda
608,Q0,FT942-4766,774,2833.9249999999965,borda
608,Q0,LA101490-0221,775,2833.159999999997,borda
608,Q0,FT921-6793,776,2821.296249999997,borda
608,Q0,FT934-1525,777,2816.959999999999,borda
608,Q0,LA060689-0044,778,2812.852499999996,borda
608,Q0,LA042089-0089,779,2811.4824999999973,borda
608,Q0,FT943-3503,780,2809.4112499999965,borda
608,Q0,FT941-13061,781,2805.8087499999983,borda
608,Q0,FT941-4162,782,2799.327499999997,borda
608,Q0,FT934-8898,783,2798.5699999999965,borda
608,Q0,FR941026-1-00012,784,2794.6862499999975,borda
608,Q0,FT941-13822,785,2792.2524999999982,borda
608,Q0,LA022190-0001,786,2787.206249999997,borda
608,Q0,FBIS4-66277,787,2785.4812499999975,borda
608,Q0,FR941230-2-00120,788,2781.9487499999987,borda
608,Q0,FT932-3165,789,2778.283749999997,borda
608,Q0,FT934-7312,790,2776.926249999998,borda
608,Q0,FT944-14075,791,2776.7337499999994,borda
608,Q0,FBIS4-47048,792,2775.0024999999973,borda
608,Q0,LA070890-0090,793,2772.027499999997,borda
608,Q0,LA101589-0088,794,2770.132499999997,borda
608,Q0,LA041989-0041,795,2759.567499999997,borda
608,Q0,LA100589-0117,796,2755.8712499999974,borda
608,Q0,FT924-10951,797,2751.1687499999975,borda
608,Q0,FBIS3-54832,798,2746.494999999997,borda
608,Q0,FT932-174,799,2745.434999999999,borda
608,Q0,FBIS3-50509,800,2737.1349999999975,borda
608,Q0,FT943-5994,801,2730.4999999999977,borda
608,Q0,LA113090-0109,802,2729.8874999999966,borda
608,Q0,LA081590-0125,803,2725.583749999997,borda
608,Q0,FT931-4429,804,2724.5262499999994,borda
608,Q0,FBIS3-28687,805,2723.6449999999973,borda
608,Q0,LA042290-0184,806,2723.172499999997,borda
608,Q0,FT934-10072,807,2720.7712499999966,borda
608,Q0,FBIS3-51662,808,2717.5612499999975,borda
608,Q0,FT933-773,809,2717.288749999997,borda
608,Q0,FT923-2418,810,2708.486249999997,borda
608,Q0,FT924-987,811,2695.9862499999995,borda
608,Q0,FT943-1237,812,2694.7424999999976,borda
608,Q0,FT933-1443,813,2692.8712499999983,borda
608,Q0,FT934-6053,814,2690.132499999999,borda
608,Q0,FT931-7878,815,2681.934999999997,borda
608,Q0,FR941117-0-00011,816,2681.7849999999994,borda
608,Q0,FT921-1537,817,2671.8187499999963,borda
608,Q0,LA070790-0144,818,2670.9724999999967,borda
608,Q0,FT911-4177,819,2670.8862499999973,borda
608,Q0,FT922-1658,820,2670.6212499999983,borda
608,Q0,FBIS3-50510,821,2669.652499999999,borda
608,Q0,FBIS4-19836,822,2668.4174999999987,borda
608,Q0,LA080590-0230,823,2668.139999999997,borda
608,Q0,FT924-13243,824,2667.494999999997,borda
608,Q0,FT931-10822,825,2656.0937499999973,borda
608,Q0,FT921-11258,826,2652.368749999997,borda
608,Q0,FBIS4-32756,827,2652.2524999999987,borda
608,Q0,FT944-15025,828,2651.8699999999976,borda
608,Q0,FT932-6678,829,2650.9124999999976,borda
608,Q0,FT934-1775,830,2647.197499999999,borda
608,Q0,FBIS3-61307,831,2645.263749999999,borda
608,Q0,FBIS4-40127,832,2640.6049999999973,borda
608,Q0,FBIS3-49478,833,2638.7387499999973,borda
608,Q0,FBIS4-68533,834,2636.241249999999,borda
608,Q0,FT934-13602,835,2633.781249999998,borda
608,Q0,FT923-1765,836,2632.1187499999983,borda
608,Q0,LA040689-0110,837,2626.232499999996,borda
608,Q0,FBIS3-50253,838,2625.272499999998,borda
608,Q0,FT923-5117,839,2624.9412499999976,borda
608,Q0,LA042989-0110,840,2621.6999999999975,borda
608,Q0,FT941-6915,841,2620.7199999999975,borda
608,Q0,FR940223-0-00033,842,2617.4699999999993,borda
608,Q0,FR941206-2-00141,843,2612.946249999997,borda
608,Q0,FBIS4-39505,844,2612.788749999997,borda
608,Q0,FT921-2350,845,2603.9499999999985,borda
608,Q0,FR940928-2-00055,846,2602.5724999999984,borda
608,Q0,FT932-912,847,2598.6999999999975,borda
608,Q0,FBIS3-26731,848,2597.3137499999984,borda
608,Q0,LA032589-0077,849,2593.5387499999974,borda
608,Q0,FT934-1569,850,2592.387499999998,borda
608,Q0,FR940831-0-00041,851,2590.709999999998,borda
608,Q0,LA061589-0045,852,2588.2912499999993,borda
608,Q0,FT941-6690,853,2586.2899999999977,borda
608,Q0,FBIS4-43230,854,2584.314999999997,borda
608,Q0,FBIS4-62344,855,2582.936249999997,borda
608,Q0,FBIS4-65931,856,2576.103749999998,borda
608,Q0,FT931-6389,857,2574.8587499999985,borda
608,Q0,FT934-6056,858,2569.509999999998,borda
608,Q0,FT922-3092,859,2568.8112499999975,borda
608,Q0,FT921-11103,860,2567.054999999996,borda
608,Q0,FR941026-1-00013,861,2566.788749999999,borda
608,Q0,FBIS4-27331,862,2558.996249999997,borda
608,Q0,FT923-2791,863,2550.3199999999983,borda
608,Q0,FR940812-0-00037,864,2548.419999999998,borda
608,Q0,FR941205-2-00035,865,2548.136249999996,borda
608,Q0,FBIS4-64888,866,2534.906249999998,borda
608,Q0,FBIS4-55506,867,2532.1562499999973,borda
608,Q0,FT931-15992,868,2526.5574999999967,borda
608,Q0,FBIS4-53458,869,2522.984999999998,borda
608,Q0,FT934-6272,870,2512.7612499999987,borda
608,Q0,FBIS4-10957,871,2511.262499999999,borda
608,Q0,FBIS3-46906,872,2509.5687499999976,borda
608,Q0,FT944-17867,873,2508.754999999999,borda
608,Q0,FT942-10843,874,2505.696249999999,borda
608,Q0,FR941026-2-00040,875,2504.1737499999977,borda
608,Q0,FT932-4080,876,2503.666249999998,borda
608,Q0,FR941012-2-00072,877,2502.928749999998,borda
608,Q0,LA012490-0097,878,2501.3574999999987,borda
608,Q0,FBIS4-65868,879,2500.998749999997,borda
608,Q0,FBIS4-26299,880,2493.2799999999984,borda
608,Q0,LA120690-0186,881,2492.862499999998,borda
608,Q0,FT942-5650,882,2491.5149999999967,borda
608,Q0,FT931-17100,883,2490.2612499999973,borda
608,Q0,FT911-1078,884,2490.1799999999976,borda
608,Q0,FT943-1886,885,2486.0912499999995,borda
608,Q0,FT933-6766,886,2484.7224999999985,borda
608,Q0,FBIS3-18289,887,2481.794999999999,borda
608,Q0,FT943-15904,888,2477.7887499999983,borda
608,Q0,FR940721-2-00068,889,2476.533749999998,borda
608,Q0,FT941-6854,890,2474.0349999999976,borda
608,Q0,FBIS4-18322,891,2470.601249999998,borda
608,Q0,FT921-4547,892,2465.022499999998,borda
608,Q0,FT924-9014,893,2463.2424999999985,borda
608,Q0,FBIS4-62913,894,2460.5874999999965,borda
608,Q0,FR941103-2-00154,895,2460.057499999997,borda
608,Q0,FBIS3-24057,896,2455.7062499999984,borda
608,Q0,FT921-5261,897,2455.669999999999,borda
608,Q0,FT932-17100,898,2452.887499999998,borda
608,Q0,FR940912-2-00013,899,2450.3462499999987,borda
608,Q0,FBIS3-39962,900,2449.826249999997,borda
608,Q0,FBIS3-44767,901,2442.8549999999987,borda
608,Q0,LA011989-0212,902,2441.6049999999987,borda
608,Q0,FT941-9311,903,2439.6112499999977,borda
608,Q0,FT944-6212,904,2436.7174999999984,borda
608,Q0,FT942-10615,905,2436.4812499999975,borda
608,Q0,FT911-3673,906,2435.0775,borda
608,Q0,LA010890-0121,907,2431.4312499999965,borda
608,Q0,FT941-7881,908,2429.3699999999976,borda
608,Q0,FBIS3-39032,909,2428.859999999998,borda
608,Q0,FR940223-0-00029,910,2426.461249999997,borda
608,Q0,FT934-5057,911,2426.004999999997,borda
608,Q0,FR941206-2-00062,912,2422.6849999999977,borda
608,Q0,FR941021-2-00008,913,2421.362499999999,borda
608,Q0,LA031889-0096,914,2420.4649999999974,borda
608,Q0,FT932-2580,915,2419.402499999999,borda
608,Q0,FBIS4-28016,916,2417.556249999998,borda
608,Q0,FBIS4-17696,917,2415.0237499999976,borda
608,Q0,FBIS4-65627,918,2414.881249999998,borda
608,Q0,FT944-13373,919,2414.8724999999986,borda
608,Q0,FT931-4275,920,2414.5149999999976,borda
608,Q0,FT921-249,921,2409.7112499999976,borda
608,Q0,FBIS4-67458,922,2406.0337499999973,borda
608,Q0,FBIS3-20813,923,2404.131249999998,borda
608,Q0,FBIS3-39873,924,2402.5712499999972,borda
608,Q0,FT933-16085,925,2401.3799999999997,borda
608,Q0,FT941-2760,926,2391.5174999999986,borda
608,Q0,FBIS3-54853,927,2390.073749999998,borda
608,Q0,FT924-11986,928,2389.9137499999983,borda
608,Q0,FT933-9452,929,2387.942499999999,borda
608,Q0,FBIS4-58638,930,2386.526249999999,borda
608,Q0,FT942-3931,931,2384.3662499999996,borda
608,Q0,FT921-2636,932,2372.3237499999977,borda
608,Q0,FR940112-2-00085,933,2369.7324999999973,borda
608,Q0,FR940822-0-00021,934,2367.664999999999,borda
608,Q0,FT921-2635,935,2366.2412499999978,borda
608,Q0,LA072389-0203,936,2363.3462499999973,borda
608,Q0,FR940812-0-00045,937,2362.423749999997,borda
608,Q0,LA010589-0041,938,2360.906249999998,borda
608,Q0,FT931-10916,939,2357.1449999999986,borda
608,Q0,FR941205-2-00040,940,2355.092499999997,borda
608,Q0,FT943-3430,941,2353.928749999999,borda
608,Q0,LA052889-0127,942,2353.7724999999978,borda
608,Q0,FBIS3-36304,943,2348.241249999998,borda
608,Q0,FT921-6961,944,2343.8774999999964,borda
608,Q0,LA031890-0129,945,2340.8512499999993,borda
608,Q0,FR940919-1-00003,946,2340.5974999999976,borda
608,Q0,LA042490-0029,947,2338.0824999999977,borda
608,Q0,FT933-8391,948,2336.8512499999983,borda
608,Q0,FT943-2075,949,2328.5112499999973,borda
608,Q0,FT933-2134,950,2325.807499999999,borda
608,Q0,FT934-12861,951,2322.9962499999992,borda
608,Q0,FBIS3-58637,952,2321.166249999998,borda
608,Q0,FT924-8184,953,2317.8712499999974,borda
608,Q0,FBIS4-66301,954,2308.349999999999,borda
608,Q0,FBIS4-57469,955,2305.0624999999995,borda
608,Q0,FT921-8316,956,2304.8499999999963,borda
608,Q0,FT943-1808,957,2298.763749999999,borda
608,Q0,FT923-7373,958,2298.382499999998,borda
608,Q0,FT922-8857,959,2297.057499999997,borda
608,Q0,FT923-5706,960,2289.2087499999975,borda
608,Q0,FR940110-0-00021,961,2289.1087499999985,borda
608,Q0,FBIS4-62069,962,2285.4662499999977,borda
608,Q0,FBIS3-58293,963,2284.5787499999988,borda
608,Q0,LA112690-0052,964,2283.7887499999997,borda
608,Q0,FT941-4657,965,2282.109999999998,borda
608,Q0,FBIS4-22768,966,2281.5137499999983,borda
608,Q0,FT932-4032,967,2276.419999999999,borda
608,Q0,FBIS3-55715,968,2275.4462499999977,borda
608,Q0,FBIS4-1866,969,2272.639999999998,borda
608,Q0,FBIS4-56570,970,2272.3762499999966,borda
608,Q0,FBIS4-35882,971,2270.947499999998,borda
608,Q0,LA121789-0033,972,2268.337499999996,borda
608,Q0,FT931-8714,973,2263.5499999999993,borda
608,Q0,FT941-7354,974,2263.108749999999,borda
608,Q0,FBIS4-57764,975,2262.9287499999973,borda
608,Q0,LA092689-0077,976,2262.7512499999984,borda
608,Q0,FBIS3-44990,977,2259.933749999998,borda
608,Q0,FT921-16226,978,2256.934999999997,borda
608,Q0,FT932-437,979,2253.524999999999,borda
608,Q0,FBIS4-18600,980,2251.697499999998,borda
608,Q0,LA102790-0126,981,2251.203749999999,borda
608,Q0,FR940627-2-00087,982,2247.066249999996,borda
608,Q0,FT941-6411,983,2245.2024999999994,borda
608,Q0,FT932-10040,984,2244.923749999998,borda
608,Q0,FBIS4-20069,985,2244.1037499999966,borda
608,Q0,FBIS4-65776,986,2243.428749999998,borda
608,Q0,FBIS4-57549,987,2241.797499999998,borda
608,Q0,FT933-5063,988,2237.4412499999976,borda
608,Q0,FBIS4-7104,989,2227.6874999999977,borda
608,Q0,FBIS4-50133,990,2227.4874999999993,borda
608,Q0,FT934-804,991,2227.4137499999997,borda
608,Q0,FT944-642,992,2226.2749999999987,borda
608,Q0,FBIS4-18078,993,2222.712499999998,borda
608,Q0,LA090290-0212,994,2211.816249999999,borda
608,Q0,FT923-5744,995,2211.5187499999975,borda
608,Q0,FT931-1577,996,2211.401249999998,borda
608,Q0,FR940816-0-00004,997,2210.812499999999,borda
608,Q0,LA020790-0083,998,2204.507499999998,borda
608,Q0,LA032290-0102,999,2203.503749999998,borda
608,Q0,FT931-14647,1000,2200.1749999999975,borda
609,Q0,LA070690-0084,1,12850.457499999988,borda
609,Q0,LA070990-0085,2,12827.528749999987,borda
609,Q0,FBIS3-9210,3,12817.731249999988,borda
609,Q0,FT921-16,4,12708.391249999986,borda
609,Q0,LA102789-0099,5,12694.612499999988,borda
609,Q0,LA030689-0022,6,12693.156249999985,borda
609,Q0,FR940617-2-00242,7,12626.057499999984,borda
609,Q0,FT944-12394,8,12441.389999999989,borda
609,Q0,LA043089-0095,9,12409.878749999987,borda
609,Q0,FBIS3-20587,10,12409.706249999988,borda
609,Q0,FT931-14002,11,12364.821249999986,borda
609,Q0,FT933-10079,12,12249.996249999986,borda
609,Q0,FBIS3-26364,13,12247.883749999988,borda
609,Q0,LA102289-0100,14,12166.614999999987,borda
609,Q0,LA092689-0125,15,12103.562499999989,borda
609,Q0,FT923-7290,16,12065.918749999986,borda
609,Q0,FT923-4492,17,12007.598749999986,borda
609,Q0,FBIS3-20576,18,11966.767499999985,borda
609,Q0,FT933-6989,19,11951.763749999987,borda
609,Q0,LA021590-0067,20,11922.089999999987,borda
609,Q0,FT934-9308,21,11911.509999999987,borda
609,Q0,LA081089-0056,22,11842.91249999999,borda
609,Q0,FT943-3536,23,11748.742499999988,borda
609,Q0,FBIS4-66378,24,11703.971249999986,borda
609,Q0,LA111090-0110,25,11654.468749999987,borda
609,Q0,FR941221-2-00075,26,11593.232499999987,borda
609,Q0,FR940711-0-00029,27,11457.287499999988,borda
609,Q0,FBIS4-26680,28,11453.99624999999,borda
609,Q0,FBIS4-44533,29,11397.804999999988,borda
609,Q0,FBIS4-44425,30,11338.996249999987,borda
609,Q0,FBIS4-44507,31,11324.45999999999,borda
609,Q0,FT944-12940,32,11279.154999999988,borda
609,Q0,FBIS4-4075,33,11263.553749999988,borda
609,Q0,FBIS4-50482,34,11254.128749999987,borda
609,Q0,LA080790-0026,35,11188.923749999987,borda
609,Q0,FT943-15179,36,11105.813749999988,borda
609,Q0,FT922-628,37,11104.822499999987,borda
609,Q0,FBIS3-23963,38,11104.437499999989,borda
609,Q0,FBIS3-43075,39,11079.459999999986,borda
609,Q0,FBIS4-1511,40,11005.27374999999,borda
609,Q0,FBIS4-44426,41,10918.134999999987,borda
609,Q0,FBIS3-20538,42,10807.058749999987,borda
609,Q0,FBIS4-6521,43,10790.464999999991,borda
609,Q0,FBIS3-26562,44,10784.59999999999,borda
609,Q0,FBIS4-67365,45,10685.51124999999,borda
609,Q0,FT924-7553,46,10684.878749999987,borda
609,Q0,FT941-6148,47,10665.276249999992,borda
609,Q0,FT921-437,48,10657.24124999999,borda
609,Q0,FT933-15869,49,10649.141249999988,borda
609,Q0,FT943-9865,50,10630.461249999988,borda
609,Q0,FBIS4-1942,51,10612.981249999988,borda
609,Q0,FT924-12825,52,10605.414999999988,borda
609,Q0,LA031590-0014,53,10596.499999999989,borda
609,Q0,LA011890-0090,54,10587.268749999992,borda
609,Q0,FBIS3-42833,55,10556.39874999999,borda
609,Q0,FT942-900,56,10555.55999999999,borda
609,Q0,FBIS3-32509,57,10552.927499999989,borda
609,Q0,FBIS4-20377,58,10537.50749999999,borda
609,Q0,LA042690-0021,59,10488.903749999992,borda
609,Q0,FT931-3767,60,10469.398749999991,borda
609,Q0,FBIS3-22369,61,10451.39374999999,borda
609,Q0,FT931-3214,62,10421.916249999991,borda
609,Q0,LA100590-0127,63,10347.662499999988,borda
609,Q0,LA081490-0100,64,10315.69249999999,borda
609,Q0,LA120889-0165,65,10315.372499999992,borda
609,Q0,LA081490-0163,66,10314.92249999999,borda
609,Q0,FBIS4-1981,67,10295.892499999989,borda
609,Q0,LA061790-0068,68,10288.236249999993,borda
609,Q0,FBIS3-27582,69,10204.451249999991,borda
609,Q0,FBIS4-67013,70,10173.17249999999,borda
609,Q0,LA031989-0227,71,10107.833749999993,borda
609,Q0,LA081789-0086,72,10097.613749999993,borda
609,Q0,FBIS3-16169,73,10093.049999999988,borda
609,Q0,FBIS3-2628,74,10073.646249999987,borda
609,Q0,LA051889-0151,75,10065.93249999999,borda
609,Q0,FBIS3-20511,76,10047.506249999988,borda
609,Q0,FBIS3-22151,77,10044.792499999989,borda
609,Q0,LA073089-0120,78,10038.32874999999,borda
609,Q0,LA071290-0192,79,10021.70749999999,borda
609,Q0,FBIS3-27013,80,10011.244999999988,borda
609,Q0,LA011190-0074,81,9905.52249999999,borda
609,Q0,FT944-4231,82,9898.239999999987,borda
609,Q0,FT943-14757,83,9876.034999999989,borda
609,Q0,FBIS3-59964,84,9868.264999999989,borda
609,Q0,FT944-697,85,9811.40624999999,borda
609,Q0,FBIS3-33519,86,9790.09249999999,borda
609,Q0,FBIS4-66282,87,9783.868749999987,borda
609,Q0,FBIS3-55303,88,9782.347499999987,borda
609,Q0,LA090490-0069,89,9776.666249999987,borda
609,Q0,FT923-14926,90,9752.50874999999,borda
609,Q0,FT922-6692,91,9725.038749999989,borda
609,Q0,FT924-909,92,9686.318749999991,borda
609,Q0,FT934-7492,93,9664.23749999999,borda
609,Q0,FBIS3-3556,94,9658.582499999991,borda
609,Q0,FT942-16049,95,9642.44124999999,borda
609,Q0,FT921-14546,96,9607.61749999999,borda
609,Q0,LA031290-0013,97,9607.612499999992,borda
609,Q0,LA042690-0117,98,9594.202499999992,borda
609,Q0,FT943-7112,99,9581.488749999986,borda
609,Q0,LA061090-0143,100,9535.829999999994,borda
609,Q0,LA030289-0093,101,9520.569999999992,borda
609,Q0,LA112290-0184,102,9511.67874999999,borda
609,Q0,FBIS3-59343,103,9494.677499999989,borda
609,Q0,FBIS4-44488,104,9438.611249999987,borda
609,Q0,LA011289-0151,105,9401.923749999989,borda
609,Q0,FT924-7253,106,9364.907499999988,borda
609,Q0,FT931-9873,107,9354.293749999992,borda
609,Q0,LA120489-0064,108,9352.183749999991,borda
609,Q0,FBIS4-20303,109,9337.348749999992,borda
609,Q0,FR940617-2-00241,110,9265.55874999999,borda
609,Q0,FBIS3-48221,111,9243.84874999999,borda
609,Q0,FBIS4-26956,112,9230.881249999991,borda
609,Q0,FBIS3-4240,113,9221.722499999993,borda
609,Q0,LA123190-0105,114,9200.433749999993,borda
609,Q0,FR940719-2-00169,115,9118.499999999993,borda
609,Q0,LA031889-0013,116,9109.824999999992,borda
609,Q0,FT922-2626,117,9062.06499999999,borda
609,Q0,FBIS3-23836,118,9058.33874999999,borda
609,Q0,LA071990-0242,119,9028.682499999992,borda
609,Q0,FBIS4-1992,120,9016.394999999988,borda
609,Q0,FBIS4-67017,121,9014.76749999999,borda
609,Q0,FT924-2254,122,9014.55499999999,borda
609,Q0,FBIS3-14433,123,9012.037499999991,borda
609,Q0,FT944-7073,124,9010.002499999993,borda
609,Q0,FT923-6417,125,8998.25874999999,borda
609,Q0,FT921-13094,126,8978.676249999991,borda
609,Q0,FR940617-1-00008,127,8975.72124999999,borda
609,Q0,FR940317-1-00022,128,8969.756249999991,borda
609,Q0,LA111789-0017,129,8964.833749999993,borda
609,Q0,FBIS4-51075,130,8939.07999999999,borda
609,Q0,FBIS3-20578,131,8905.10374999999,borda
609,Q0,LA022090-0004,132,8869.623749999995,borda
609,Q0,FBIS4-20383,133,8846.218749999989,borda
609,Q0,FT942-15971,134,8843.893749999988,borda
609,Q0,LA022089-0042,135,8837.76749999999,borda
609,Q0,FBIS3-46117,136,8810.10999999999,borda
609,Q0,FT942-9114,137,8794.873749999992,borda
609,Q0,LA111390-0063,138,8777.629999999992,borda
609,Q0,FBIS4-57687,139,8727.69874999999,borda
609,Q0,FR940204-0-00010,140,8705.458749999989,borda
609,Q0,FBIS4-24672,141,8674.928749999992,borda
609,Q0,LA051189-0024,142,8669.289999999994,borda
609,Q0,FBIS4-64195,143,8666.181249999989,borda
609,Q0,FBIS4-20308,144,8656.48249999999,borda
609,Q0,LA011789-0106,145,8628.95124999999,borda
609,Q0,FBIS4-26685,146,8604.301249999993,borda
609,Q0,FR941110-1-00066,147,8603.843749999989,borda
609,Q0,FBIS3-60281,148,8584.592499999988,borda
609,Q0,FBIS3-22119,149,8567.207499999993,borda
609,Q0,FT921-11387,150,8559.133749999992,borda
609,Q0,FBIS3-1629,151,8554.61874999999,borda
609,Q0,FBIS4-26954,152,8519.698749999992,borda
609,Q0,FBIS4-2320,153,8450.81249999999,borda
609,Q0,FT931-2364,154,8442.52124999999,borda
609,Q0,FT943-7340,155,8392.209999999992,borda
609,Q0,FBIS4-68507,156,8376.80249999999,borda
609,Q0,FBIS4-66206,157,8373.28999999999,borda
609,Q0,FBIS4-20349,158,8357.23499999999,borda
609,Q0,FBIS4-50913,159,8335.49749999999,borda
609,Q0,FT922-13959,160,8335.06624999999,borda
609,Q0,FBIS4-11043,161,8274.677499999993,borda
609,Q0,FBIS4-2778,162,8268.304999999991,borda
609,Q0,FT932-1944,163,8240.073749999992,borda
609,Q0,FBIS4-45479,164,8238.801249999993,borda
609,Q0,FR941017-2-00003,165,8237.07124999999,borda
609,Q0,FR940114-1-00032,166,8234.767499999993,borda
609,Q0,FBIS4-32426,167,8233.45374999999,borda
609,Q0,FT942-5274,168,8224.998749999992,borda
609,Q0,FT933-10489,169,8194.684999999992,borda
609,Q0,LA010189-0083,170,8131.598749999991,borda
609,Q0,LA062890-0068,171,8119.926249999992,borda
609,Q0,FR940314-2-00145,172,8116.9087499999905,borda
609,Q0,FT942-1759,173,8042.47124999999,borda
609,Q0,FBIS4-47357,174,8036.869999999989,borda
609,Q0,FBIS4-24439,175,8011.391249999991,borda
609,Q0,LA111089-0132,176,7940.081249999994,borda
609,Q0,LA101190-0208,177,7933.126249999992,borda
609,Q0,FT932-16693,178,7929.282499999993,borda
609,Q0,FBIS3-42633,179,7915.318749999992,borda
609,Q0,FBIS3-20413,180,7897.767499999993,borda
609,Q0,LA101089-0065,181,7889.5087499999945,borda
609,Q0,FT942-8233,182,7880.473749999996,borda
609,Q0,FR940318-0-00203,183,7853.026249999993,borda
609,Q0,FBIS3-26845,184,7851.4174999999905,borda
609,Q0,FBIS4-2322,185,7830.236249999993,borda
609,Q0,LA102090-0155,186,7753.699999999992,borda
609,Q0,LA121690-0065,187,7714.19249999999,borda
609,Q0,FT942-961,188,7679.962499999991,borda
609,Q0,FBIS3-44777,189,7651.1412499999915,borda
609,Q0,FBIS3-20569,190,7639.836249999991,borda
609,Q0,FBIS4-26441,191,7633.726249999992,borda
609,Q0,FT933-277,192,7633.227499999991,borda
609,Q0,FT933-12730,193,7630.267499999991,borda
609,Q0,LA070389-0049,194,7624.402499999993,borda
609,Q0,LA031989-0112,195,7592.991249999992,borda
609,Q0,FT932-8302,196,7588.048749999993,borda
609,Q0,FBIS4-51438,197,7587.767499999991,borda
609,Q0,FBIS4-26682,198,7570.569999999992,borda
609,Q0,FBIS4-51175,199,7517.729999999991,borda
609,Q0,LA011090-0003,200,7514.008749999994,borda
609,Q0,FBIS4-45684,201,7511.702499999992,borda
609,Q0,LA071690-0091,202,7473.42749999999,borda
609,Q0,FT924-2263,203,7463.481249999992,borda
609,Q0,LA102289-0092,204,7448.059999999993,borda
609,Q0,FBIS4-17337,205,7443.772499999992,borda
609,Q0,FT931-6915,206,7421.76874999999,borda
609,Q0,LA082990-0125,207,7414.922499999994,borda
609,Q0,FT934-822,208,7395.869999999992,borda
609,Q0,FBIS4-20384,209,7382.549999999992,borda
609,Q0,FBIS4-64906,210,7358.317499999993,borda
609,Q0,FBIS4-67121,211,7347.972499999992,borda
609,Q0,FBIS4-56744,212,7326.169999999992,borda
609,Q0,LA031789-0068,213,7324.424999999994,borda
609,Q0,LA070290-0074,214,7299.137499999993,borda
609,Q0,FR941019-1-00046,215,7293.241249999992,borda
609,Q0,FT943-11212,216,7288.519999999994,borda
609,Q0,LA050989-0064,217,7288.386249999992,borda
609,Q0,LA090990-0132,218,7278.531249999994,borda
609,Q0,LA060690-0155,219,7272.6687499999925,borda
609,Q0,FBIS4-49268,220,7271.9849999999915,borda
609,Q0,LA022789-0055,221,7239.407499999995,borda
609,Q0,FT942-4688,222,7218.979999999991,borda
609,Q0,FBIS4-67034,223,7206.846249999994,borda
609,Q0,FT932-3434,224,7205.402499999991,borda
609,Q0,FBIS4-24533,225,7198.546249999991,borda
609,Q0,FT924-4006,226,7185.726249999992,borda
609,Q0,FBIS4-3244,227,7156.5199999999895,borda
609,Q0,FT922-8172,228,7130.564999999992,borda
609,Q0,FT931-3010,229,7100.963749999992,borda
609,Q0,LA100890-0042,230,7086.603749999992,borda
609,Q0,FBIS3-40671,231,7063.977499999992,borda
609,Q0,LA100589-0069,232,7043.877499999992,borda
609,Q0,LA030289-0054,233,7019.248749999994,borda
609,Q0,FBIS4-58609,234,7014.799999999992,borda
609,Q0,FBIS4-66204,235,7011.888749999992,borda
609,Q0,FT931-14260,236,7006.203749999994,borda
609,Q0,LA011090-0162,237,7002.432499999992,borda
609,Q0,FBIS3-1988,238,7001.854999999993,borda
609,Q0,LA073090-0091,239,7001.283749999995,borda
609,Q0,FBIS4-66283,240,6988.861249999993,borda
609,Q0,LA122790-0195,241,6985.798749999994,borda
609,Q0,FBIS3-26940,242,6981.924999999991,borda
609,Q0,FT932-16951,243,6955.41374999999,borda
609,Q0,FBIS3-1611,244,6936.401249999992,borda
609,Q0,FBIS4-22548,245,6934.7887499999915,borda
609,Q0,LA053190-0018,246,6925.606249999992,borda
609,Q0,FT934-5688,247,6914.556249999992,borda
609,Q0,FT924-14528,248,6910.319999999991,borda
609,Q0,FT942-7127,249,6906.524999999993,borda
609,Q0,FR940617-0-00066,250,6893.242499999991,borda
609,Q0,FT911-3789,251,6876.523749999992,borda
609,Q0,FT932-5456,252,6876.522499999992,borda
609,Q0,FT911-3419,253,6876.073749999991,borda
609,Q0,LA060890-0065,254,6874.9774999999945,borda
609,Q0,FBIS3-27349,255,6863.344999999993,borda
609,Q0,FT942-1541,256,6854.444999999993,borda
609,Q0,FT941-8574,257,6850.261249999992,borda
609,Q0,FT934-9701,258,6838.494999999992,borda
609,Q0,FR940525-1-00080,259,6827.577499999992,borda
609,Q0,FT923-34,260,6822.498749999993,borda
609,Q0,FBIS4-1954,261,6815.324999999992,borda
609,Q0,LA070389-0032,262,6814.927499999993,borda
609,Q0,FT923-10181,263,6806.733749999995,borda
609,Q0,FBIS3-2517,264,6788.093749999991,borda
609,Q0,LA100890-0102,265,6782.481249999994,borda
609,Q0,FBIS4-26679,266,6736.3737499999925,borda
609,Q0,FT944-6603,267,6732.289999999994,borda
609,Q0,FT932-11284,268,6711.7449999999935,borda
609,Q0,FR940525-1-00064,269,6694.393749999993,borda
609,Q0,FBIS3-45465,270,6690.832499999993,borda
609,Q0,FBIS4-1978,271,6659.998749999992,borda
609,Q0,FT944-11234,272,6654.146249999992,borda
609,Q0,FT942-5795,273,6636.651249999992,borda
609,Q0,FBIS4-22711,274,6632.338749999993,borda
609,Q0,LA112289-0094,275,6630.999999999994,borda
609,Q0,FBIS4-1940,276,6594.997499999991,borda
609,Q0,FT944-18706,277,6585.777499999992,borda
609,Q0,LA051090-0030,278,6574.8599999999915,borda
609,Q0,FBIS4-51409,279,6573.992499999993,borda
609,Q0,FT921-6511,280,6552.6149999999925,borda
609,Q0,FBIS3-46065,281,6537.034999999992,borda
609,Q0,FT924-2555,282,6536.523749999991,borda
609,Q0,FBIS4-3910,283,6518.528749999991,borda
609,Q0,LA072090-0149,284,6516.821249999992,borda
609,Q0,LA092089-0014,285,6513.437499999994,borda
609,Q0,LA122389-0102,286,6495.013749999994,borda
609,Q0,FBIS3-1645,287,6487.352499999992,borda
609,Q0,FBIS4-21477,288,6467.892499999992,borda
609,Q0,FT932-4860,289,6466.762499999992,borda
609,Q0,FBIS4-52582,290,6460.753749999993,borda
609,Q0,FBIS4-51435,291,6459.746249999994,borda
609,Q0,FT924-11153,292,6436.662499999992,borda
609,Q0,FBIS4-56315,293,6436.483749999992,borda
609,Q0,FT934-1037,294,6429.174999999993,borda
609,Q0,LA070790-0058,295,6425.394999999995,borda
609,Q0,FT911-2333,296,6414.263749999992,borda
609,Q0,FT942-10727,297,6410.937499999993,borda
609,Q0,FT941-15758,298,6410.499999999994,borda
609,Q0,FT921-13535,299,6375.546249999991,borda
609,Q0,FT922-9388,300,6360.673749999993,borda
609,Q0,FBIS4-25475,301,6337.7587499999945,borda
609,Q0,FT942-2300,302,6327.263749999992,borda
609,Q0,FT943-6313,303,6323.311249999994,borda
609,Q0,LA100390-0070,304,6286.466249999993,borda
609,Q0,FT942-5255,305,6227.048749999994,borda
609,Q0,FR941230-2-00078,306,6222.348749999995,borda
609,Q0,FT943-12492,307,6221.241249999994,borda
609,Q0,LA092189-0073,308,6209.591249999995,borda
609,Q0,FBIS4-56236,309,6207.308749999995,borda
609,Q0,FBIS4-45742,310,6192.846249999993,borda
609,Q0,FT942-17001,311,6192.604999999994,borda
609,Q0,FT924-11407,312,6184.692499999993,borda
609,Q0,FBIS4-56568,313,6180.686249999995,borda
609,Q0,FT924-979,314,6178.312499999994,borda
609,Q0,FT921-4274,315,6172.313749999993,borda
609,Q0,FT924-3107,316,6170.716249999992,borda
609,Q0,FT944-3175,317,6169.932499999994,borda
609,Q0,LA080290-0190,318,6163.641249999995,borda
609,Q0,FBIS4-67434,319,6161.519999999993,borda
609,Q0,FBIS4-51424,320,6159.007499999995,borda
609,Q0,FBIS4-66187,321,6150.9324999999935,borda
609,Q0,FBIS4-51425,322,6150.376249999995,borda
609,Q0,FT921-8471,323,6143.057499999991,borda
609,Q0,FBIS3-4420,324,6137.547499999992,borda
609,Q0,LA072990-0084,325,6133.7949999999955,borda
609,Q0,FT932-2636,326,6130.35874999999,borda
609,Q0,LA101590-0097,327,6129.4237499999945,borda
609,Q0,FBIS3-27638,328,6114.637499999993,borda
609,Q0,FT933-15633,329,6103.164999999992,borda
609,Q0,FBIS3-45219,330,6094.267499999994,borda
609,Q0,FBIS4-47841,331,6088.579999999991,borda
609,Q0,FT943-9458,332,6086.3074999999935,borda
609,Q0,FBIS3-45270,333,6081.412499999993,borda
609,Q0,FBIS4-66274,334,6081.2499999999945,borda
609,Q0,LA122290-0002,335,6078.567499999995,borda
609,Q0,FBIS4-2040,336,6050.626249999994,borda
609,Q0,FT922-5218,337,6042.287499999992,borda
609,Q0,FBIS3-42808,338,6035.922499999992,borda
609,Q0,FT923-14479,339,6032.824999999993,borda
609,Q0,FBIS4-50044,340,6029.849999999995,borda
609,Q0,FT932-4709,341,6019.349999999993,borda
609,Q0,FT932-11408,342,6017.748749999993,borda
609,Q0,FT922-536,343,6009.516249999993,borda
609,Q0,LA112889-0020,344,6008.746249999995,borda
609,Q0,FT933-11271,345,5995.238749999993,borda
609,Q0,FT931-15445,346,5990.529999999993,borda
609,Q0,FT923-5716,347,5956.591249999992,borda
609,Q0,FT933-6008,348,5952.646249999992,borda
609,Q0,FBIS4-2880,349,5948.063749999995,borda
609,Q0,FT924-6488,350,5932.636249999994,borda
609,Q0,FR940707-0-00022,351,5915.937499999994,borda
609,Q0,LA101389-0089,352,5913.144999999994,borda
609,Q0,LA031990-0019,353,5893.642499999995,borda
609,Q0,LA122690-0063,354,5887.128749999994,borda
609,Q0,FT924-10040,355,5872.139999999993,borda
609,Q0,FT941-16807,356,5861.314999999993,borda
609,Q0,FT944-11158,357,5859.068749999993,borda
609,Q0,LA062289-0035,358,5823.4199999999955,borda
609,Q0,FBIS3-16267,359,5819.263749999993,borda
609,Q0,FT944-182,360,5809.958749999994,borda
609,Q0,FR940527-2-00182,361,5807.453749999994,borda
609,Q0,FR940930-1-00010,362,5797.042499999996,borda
609,Q0,FT911-793,363,5779.184999999992,borda
609,Q0,FBIS4-24992,364,5764.288749999994,borda
609,Q0,FBIS3-40200,365,5747.417499999995,borda
609,Q0,FT942-14089,366,5734.876249999995,borda
609,Q0,FR940711-2-00093,367,5732.766249999993,borda
609,Q0,FT944-14544,368,5730.802499999994,borda
609,Q0,FT942-2904,369,5725.081249999992,borda
609,Q0,FBIS4-57781,370,5722.967499999995,borda
609,Q0,LA052789-0031,371,5717.412499999994,borda
609,Q0,FT944-7297,372,5698.826249999995,borda
609,Q0,FBIS3-4419,373,5679.069999999992,borda
609,Q0,LA052689-0012,374,5652.761249999996,borda
609,Q0,FT923-5391,375,5645.614999999993,borda
609,Q0,FBIS3-2735,376,5644.774999999994,borda
609,Q0,FBIS3-20495,377,5640.011249999993,borda
609,Q0,FBIS3-60181,378,5635.992499999993,borda
609,Q0,FBIS3-41422,379,5622.456249999992,borda
609,Q0,FR940105-2-00013,380,5593.929999999995,borda
609,Q0,LA091690-0032,381,5588.268749999993,borda
609,Q0,FBIS3-59303,382,5588.149999999994,borda
609,Q0,LA051190-0100,383,5586.407499999995,borda
609,Q0,FT923-2256,384,5581.393749999993,borda
609,Q0,LA021490-0059,385,5581.216249999995,borda
609,Q0,FBIS3-47423,386,5576.973749999994,borda
609,Q0,FT943-15526,387,5567.9324999999935,borda
609,Q0,FBIS3-20494,388,5566.131249999993,borda
609,Q0,FT933-962,389,5534.916249999995,borda
609,Q0,FBIS3-20496,390,5530.041249999993,borda
609,Q0,FT931-5686,391,5528.2187499999945,borda
609,Q0,FBIS4-44460,392,5508.754999999993,borda
609,Q0,FT931-3047,393,5505.0312499999945,borda
609,Q0,LA091390-0118,394,5499.507499999995,borda
609,Q0,LA032789-0065,395,5498.197499999996,borda
609,Q0,LA060890-0008,396,5489.878749999995,borda
609,Q0,LA032790-0072,397,5487.034999999995,borda
609,Q0,LA072390-0041,398,5480.7999999999965,borda
609,Q0,FT931-7792,399,5454.839999999993,borda
609,Q0,FT924-9801,400,5448.862499999995,borda
609,Q0,FBIS4-2016,401,5439.104999999995,borda
609,Q0,FBIS4-39417,402,5420.878749999994,borda
609,Q0,FT924-9658,403,5415.426249999992,borda
609,Q0,FBIS3-5264,404,5413.324999999993,borda
609,Q0,LA122790-0050,405,5402.907499999996,borda
609,Q0,FBIS3-26702,406,5384.051249999993,borda
609,Q0,FT933-32,407,5376.118749999993,borda
609,Q0,FT932-42,408,5365.9374999999945,borda
609,Q0,FT942-11699,409,5360.801249999994,borda
609,Q0,FBIS3-4067,410,5358.211249999994,borda
609,Q0,LA021790-0005,411,5354.978749999994,borda
609,Q0,FT941-10407,412,5347.2724999999955,borda
609,Q0,LA092689-0106,413,5339.172499999995,borda
609,Q0,FR940711-2-00096,414,5325.133749999994,borda
609,Q0,LA030889-0101,415,5319.918749999995,borda
609,Q0,FBIS4-49351,416,5314.1599999999935,borda
609,Q0,LA091389-0059,417,5290.311249999995,borda
609,Q0,FT931-12551,418,5288.5574999999935,borda
609,Q0,FT922-11938,419,5286.7537499999935,borda
609,Q0,FBIS4-67254,420,5276.092499999994,borda
609,Q0,FT941-15265,421,5271.762499999993,borda
609,Q0,FT944-9087,422,5257.234999999995,borda
609,Q0,FR940930-1-00011,423,5254.457499999995,borda
609,Q0,LA031689-0147,424,5245.027499999996,borda
609,Q0,FBIS3-24133,425,5203.387499999996,borda
609,Q0,FBIS4-50590,426,5190.237499999994,borda
609,Q0,FBIS4-3206,427,5170.228749999993,borda
609,Q0,FT932-3841,428,5151.432499999994,borda
609,Q0,LA062690-0088,429,5151.152499999996,borda
609,Q0,FBIS3-3944,430,5127.412499999994,borda
609,Q0,FBIS3-20581,431,5115.788749999995,borda
609,Q0,FBIS4-44474,432,5103.421249999996,borda
609,Q0,FBIS4-45394,433,5097.5712499999945,borda
609,Q0,FT942-293,434,5086.1024999999945,borda
609,Q0,LA112289-0072,435,5069.177499999996,borda
609,Q0,LA030190-0243,436,5066.882499999994,borda
609,Q0,FBIS3-26051,437,5064.947499999995,borda
609,Q0,FBIS4-26684,438,5040.184999999994,borda
609,Q0,FT922-15273,439,5037.492499999994,borda
609,Q0,LA030289-0173,440,5037.133749999995,borda
609,Q0,FBIS4-67145,441,5025.541249999996,borda
609,Q0,LA081690-0119,442,4970.894999999998,borda
609,Q0,LA080590-0066,443,4967.017499999995,borda
609,Q0,FT922-15218,444,4953.104999999994,borda
609,Q0,LA121989-0102,445,4949.5449999999955,borda
609,Q0,FBIS3-20510,446,4932.652499999994,borda
609,Q0,FBIS3-1746,447,4931.942499999995,borda
609,Q0,FT943-4784,448,4931.548749999994,borda
609,Q0,LA031589-0080,449,4928.622499999997,borda
609,Q0,FBIS4-5476,450,4915.726249999994,borda
609,Q0,FBIS4-1669,451,4915.334999999996,borda
609,Q0,FBIS3-23837,452,4912.337499999994,borda
609,Q0,FBIS4-45741,453,4902.431249999995,borda
609,Q0,FBIS3-5299,454,4897.863749999996,borda
609,Q0,LA092090-0132,455,4873.348749999997,borda
609,Q0,FBIS4-24738,456,4867.748749999993,borda
609,Q0,FT931-4232,457,4866.074999999997,borda
609,Q0,FBIS3-44324,458,4852.257499999994,borda
609,Q0,FBIS4-20362,459,4832.426249999995,borda
609,Q0,FT942-15947,460,4816.109999999996,borda
609,Q0,FBIS3-45476,461,4816.027499999996,borda
609,Q0,FT924-11099,462,4803.396249999995,borda
609,Q0,FR940525-1-00086,463,4791.3387499999935,borda
609,Q0,FBIS3-41278,464,4787.551249999995,borda
609,Q0,FBIS4-20333,465,4774.366249999995,borda
609,Q0,FBIS3-45645,466,4769.912499999995,borda
609,Q0,LA050389-0010,467,4762.888749999995,borda
609,Q0,FBIS3-20482,468,4750.8212499999945,borda
609,Q0,FBIS4-20361,469,4747.391249999995,borda
609,Q0,LA122090-0232,470,4744.604999999996,borda
609,Q0,FBIS4-43917,471,4743.592499999994,borda
609,Q0,FT943-8514,472,4736.812499999995,borda
609,Q0,FBIS3-60059,473,4726.609999999996,borda
609,Q0,FT924-4568,474,4718.602499999995,borda
609,Q0,FBIS4-20321,475,4705.453749999995,borda
609,Q0,LA041290-0077,476,4660.818749999996,borda
609,Q0,FT924-1768,477,4660.422499999995,borda
609,Q0,FBIS3-40128,478,4654.269999999994,borda
609,Q0,FBIS3-40172,479,4641.876249999995,borda
609,Q0,LA072790-0050,480,4640.093749999997,borda
609,Q0,LA031590-0007,481,4634.181249999995,borda
609,Q0,FBIS4-20306,482,4630.234999999996,borda
609,Q0,FT923-10356,483,4626.967499999995,borda
609,Q0,FBIS4-5259,484,4625.306249999996,borda
609,Q0,FBIS3-3727,485,4622.8612499999945,borda
609,Q0,FBIS3-22161,486,4622.701249999995,borda
609,Q0,FBIS4-27375,487,4621.164999999995,borda
609,Q0,FBIS3-1679,488,4584.958749999994,borda
609,Q0,LA091590-0120,489,4572.317499999996,borda
609,Q0,FT922-14137,490,4569.169999999995,borda
609,Q0,FT934-16635,491,4559.742499999995,borda
609,Q0,FBIS4-56745,492,4558.086249999994,borda
609,Q0,FBIS3-57998,493,4545.584999999997,borda
609,Q0,LA051790-0065,494,4511.693749999995,borda
609,Q0,FBIS3-26064,495,4511.062499999995,borda
609,Q0,FBIS4-57380,496,4501.854999999995,borda
609,Q0,FT921-15450,497,4497.918749999993,borda
609,Q0,LA030490-0101,498,4494.439999999996,borda
609,Q0,LA081590-0017,499,4491.533749999995,borda
609,Q0,FBIS4-49847,500,4484.649999999995,borda
609,Q0,FT922-10566,501,4472.711249999994,borda
609,Q0,FBIS3-44490,502,4461.558749999996,borda
609,Q0,FT944-11434,503,4453.992499999995,borda
609,Q0,FBIS3-26956,504,4448.194999999995,borda
609,Q0,FBIS4-57552,505,4425.542499999995,borda
609,Q0,FBIS4-67039,506,4425.511249999995,borda
609,Q0,FBIS3-39083,507,4413.448749999994,borda
609,Q0,LA100989-0106,508,4381.266249999996,borda
609,Q0,LA062789-0111,509,4381.198749999997,borda
609,Q0,FBIS3-44502,510,4375.0937499999945,borda
609,Q0,FBIS4-44427,511,4369.872499999995,borda
609,Q0,FBIS3-66,512,4357.0174999999945,borda
609,Q0,FBIS4-66303,513,4351.006249999996,borda
609,Q0,FBIS3-11770,514,4323.554999999994,borda
609,Q0,LA123189-0111,515,4321.886249999997,borda
609,Q0,FBIS3-21737,516,4308.943749999995,borda
609,Q0,FT923-2983,517,4286.271249999995,borda
609,Q0,FBIS3-67,518,4283.462499999997,borda
609,Q0,FBIS4-5501,519,4282.243749999996,borda
609,Q0,FT923-1910,520,4271.536249999996,borda
609,Q0,LA082390-0185,521,4253.491249999996,borda
609,Q0,FT944-4471,522,4246.346249999995,borda
609,Q0,FR940204-1-00053,523,4232.421249999997,borda
609,Q0,FBIS4-6769,524,4227.474999999995,borda
609,Q0,LA102890-0178,525,4209.986249999996,borda
609,Q0,FBIS3-48942,526,4203.421249999995,borda
609,Q0,FBIS3-20497,527,4202.426249999996,borda
609,Q0,FT942-5031,528,4189.824999999996,borda
609,Q0,FBIS3-26275,529,4181.2412499999955,borda
609,Q0,FBIS3-45462,530,4180.088749999995,borda
609,Q0,FT932-7356,531,4177.806249999996,borda
609,Q0,LA030589-0201,532,4174.963749999997,borda
609,Q0,FT941-221,533,4174.457499999995,borda
609,Q0,FR940817-2-00115,534,4156.988749999995,borda
609,Q0,FBIS4-22280,535,4151.409999999996,borda
609,Q0,LA110390-0085,536,4139.612499999997,borda
609,Q0,FBIS3-2339,537,4134.304999999995,borda
609,Q0,FBIS3-3778,538,4130.8037499999955,borda
609,Q0,FBIS4-2265,539,4128.181249999996,borda
609,Q0,FBIS3-45895,540,4124.206249999996,borda
609,Q0,FR940324-2-00081,541,4122.879999999996,borda
609,Q0,FT942-10392,542,4115.222499999994,borda
609,Q0,FT931-1213,543,4105.112499999996,borda
609,Q0,FBIS4-2324,544,4079.9574999999954,borda
609,Q0,FT943-4678,545,4056.703749999994,borda
609,Q0,FT923-13280,546,4041.5162499999983,borda
609,Q0,FBIS3-23750,547,4038.913749999997,borda
609,Q0,FT931-14259,548,4036.806249999998,borda
609,Q0,FR940831-2-00168,549,4024.659999999994,borda
609,Q0,FT931-9053,550,4022.2624999999953,borda
609,Q0,FBIS3-27034,551,4019.3874999999953,borda
609,Q0,FT923-13399,552,4006.7924999999977,borda
609,Q0,FT934-7999,553,4003.6074999999955,borda
609,Q0,LA041990-0238,554,3991.5549999999967,borda
609,Q0,FBIS3-13225,555,3985.1474999999955,borda
609,Q0,FBIS3-20424,556,3980.8799999999965,borda
609,Q0,FR940222-1-00044,557,3973.5449999999964,borda
609,Q0,FT924-15557,558,3960.633749999997,borda
609,Q0,FBIS4-57004,559,3954.4362499999957,borda
609,Q0,FBIS3-46676,560,3948.0549999999957,borda
609,Q0,FBIS4-66727,561,3938.7487499999966,borda
609,Q0,LA102290-0093,562,3936.9687499999977,borda
609,Q0,LA042089-0007,563,3934.1874999999964,borda
609,Q0,FBIS3-42604,564,3926.2174999999966,borda
609,Q0,FT932-8145,565,3915.632499999995,borda
609,Q0,FBIS4-2185,566,3915.5899999999956,borda
609,Q0,FBIS3-51678,567,3899.4212499999962,borda
609,Q0,FBIS4-21318,568,3898.9837499999944,borda
609,Q0,FT922-5877,569,3898.6812499999965,borda
609,Q0,FBIS4-32741,570,3898.547499999995,borda
609,Q0,FT941-13589,571,3884.567499999998,borda
609,Q0,LA012789-0124,572,3865.723749999996,borda
609,Q0,FBIS4-67158,573,3864.3712499999956,borda
609,Q0,FBIS3-20592,574,3864.313749999997,borda
609,Q0,FR940606-1-00012,575,3843.951249999998,borda
609,Q0,FBIS4-50706,576,3839.9487499999973,borda
609,Q0,FR941104-1-00029,577,3821.184999999996,borda
609,Q0,FT934-810,578,3821.0599999999954,borda
609,Q0,FT943-9200,579,3818.247499999996,borda
609,Q0,LA040690-0130,580,3813.0987499999974,borda
609,Q0,FR941230-2-00074,581,3811.396249999998,borda
609,Q0,FBIS4-2119,582,3810.506249999996,borda
609,Q0,FBIS3-44465,583,3805.847499999996,borda
609,Q0,LA081389-0127,584,3800.718749999998,borda
609,Q0,FT924-6019,585,3800.587499999996,borda
609,Q0,FBIS3-21762,586,3799.247499999996,borda
609,Q0,FR940128-1-00085,587,3793.071249999996,borda
609,Q0,FBIS3-26526,588,3782.4124999999963,borda
609,Q0,FT934-15056,589,3781.919999999994,borda
609,Q0,LA080389-0040,590,3765.367499999997,borda
609,Q0,LA100290-0100,591,3750.734999999998,borda
609,Q0,LA062890-0199,592,3741.9262499999963,borda
609,Q0,LA030589-0190,593,3736.0374999999963,borda
609,Q0,FT924-7651,594,3728.162499999998,borda
609,Q0,FT931-590,595,3726.968749999995,borda
609,Q0,FBIS3-40107,596,3708.8162499999967,borda
609,Q0,FR940526-2-00123,597,3707.8137499999953,borda
609,Q0,FBIS4-47412,598,3707.4812499999944,borda
609,Q0,FT924-7110,599,3703.9074999999975,borda
609,Q0,FBIS3-58,600,3695.9362499999984,borda
609,Q0,LA090290-0099,601,3687.5124999999985,borda
609,Q0,FBIS3-27063,602,3682.108749999996,borda
609,Q0,FT944-1769,603,3673.8874999999975,borda
609,Q0,FT934-15676,604,3670.7849999999958,borda
609,Q0,FR940222-1-00051,605,3670.7412499999955,borda
609,Q0,FT943-8536,606,3668.354999999997,borda
609,Q0,LA122990-0108,607,3666.293749999998,borda
609,Q0,FT944-6271,608,3662.4999999999977,borda
609,Q0,LA030289-0176,609,3657.527499999998,borda
609,Q0,FR941230-2-00081,610,3656.2249999999985,borda
609,Q0,FT941-9415,611,3650.039999999995,borda
609,Q0,FR941110-1-00082,612,3643.819999999996,borda
609,Q0,FBIS4-31032,613,3635.052499999998,borda
609,Q0,FBIS3-27344,614,3634.049999999996,borda
609,Q0,FT922-7513,615,3632.8712499999947,borda
609,Q0,FBIS3-46388,616,3629.8599999999956,borda
609,Q0,FT941-2748,617,3629.513749999996,borda
609,Q0,FBIS4-24784,618,3628.5724999999966,borda
609,Q0,FT934-12150,619,3625.791249999998,borda
609,Q0,FR940819-1-00029,620,3624.1624999999963,borda
609,Q0,FR940526-2-00121,621,3617.2974999999956,borda
609,Q0,FBIS4-1952,622,3616.4012499999953,borda
609,Q0,FT943-14805,623,3616.1312499999967,borda
609,Q0,FT921-9724,624,3609.863749999997,borda
609,Q0,FR940105-2-00016,625,3604.3837499999954,borda
609,Q0,LA091289-0027,626,3601.1624999999967,borda
609,Q0,FBIS4-2713,627,3595.5262499999963,borda
609,Q0,FR940426-1-00053,628,3578.2587499999977,borda
609,Q0,FBIS3-46263,629,3572.8537499999975,borda
609,Q0,FT944-4029,630,3572.398749999997,borda
609,Q0,FR940719-2-00170,631,3567.331249999996,borda
609,Q0,FT933-1184,632,3555.361249999997,borda
609,Q0,FT944-10647,633,3545.368749999995,borda
609,Q0,FR940317-1-00023,634,3538.688749999998,borda
609,Q0,LA072590-0047,635,3532.1962499999977,borda
609,Q0,FBIS3-59318,636,3529.0099999999957,borda
609,Q0,LA100390-0156,637,3526.096249999997,borda
609,Q0,FBIS4-46914,638,3520.9674999999975,borda
609,Q0,FBIS3-26637,639,3514.7499999999964,borda
609,Q0,LA010890-0012,640,3513.6337499999972,borda
609,Q0,FT924-11830,641,3508.957499999996,borda
609,Q0,FBIS3-22049,642,3504.831249999996,borda
609,Q0,FR940526-2-00128,643,3499.8037499999955,borda
609,Q0,FBIS4-44484,644,3493.117499999996,borda
609,Q0,FBIS4-67581,645,3485.749999999997,borda
609,Q0,FBIS4-68753,646,3480.0124999999966,borda
609,Q0,FR941202-0-00121,647,3478.2512499999957,borda
609,Q0,LA031689-0144,648,3476.9574999999986,borda
609,Q0,LA051090-0023,649,3476.033749999997,borda
609,Q0,LA011990-0062,650,3468.543749999998,borda
609,Q0,FBIS4-25844,651,3468.1024999999963,borda
609,Q0,FBIS4-66357,652,3465.947499999996,borda
609,Q0,FT922-4436,653,3463.5287499999963,borda
609,Q0,FBIS4-26966,654,3459.239999999997,borda
609,Q0,FT941-6679,655,3456.291249999998,borda
609,Q0,LA020389-0122,656,3454.4912499999973,borda
609,Q0,FBIS4-20387,657,3443.638749999998,borda
609,Q0,LA062090-0086,658,3440.227499999998,borda
609,Q0,LA120389-0043,659,3438.8474999999985,borda
609,Q0,FR940114-1-00031,660,3414.833749999998,borda
609,Q0,LA031690-0179,661,3411.083749999996,borda
609,Q0,FBIS4-32245,662,3410.876249999996,borda
609,Q0,FBIS4-3519,663,3398.857499999997,borda
609,Q0,LA102690-0191,664,3397.8924999999986,borda
609,Q0,FR940803-0-00104,665,3394.891249999996,borda
609,Q0,FBIS3-51719,666,3386.698749999996,borda
609,Q0,FT931-12815,667,3383.321249999996,borda
609,Q0,LA100790-0093,668,3382.707499999999,borda
609,Q0,FBIS4-27674,669,3375.0137499999964,borda
609,Q0,FT923-3935,670,3367.1799999999957,borda
609,Q0,FR941019-1-00053,671,3357.5649999999973,borda
609,Q0,FBIS3-50527,672,3357.514999999996,borda
609,Q0,FBIS4-66308,673,3355.6999999999975,borda
609,Q0,FBIS4-1866,674,3345.0824999999977,borda
609,Q0,FT931-11132,675,3326.6412499999974,borda
609,Q0,FBIS3-42810,676,3309.479999999997,borda
609,Q0,FBIS4-1862,677,3306.7337499999967,borda
609,Q0,LA100889-0042,678,3305.1637499999983,borda
609,Q0,FT944-6724,679,3298.4949999999976,borda
609,Q0,FBIS3-4132,680,3288.0462499999967,borda
609,Q0,FT922-13422,681,3286.8612499999967,borda
609,Q0,FR940216-1-00017,682,3282.568749999997,borda
609,Q0,FT932-7060,683,3277.7487499999957,borda
609,Q0,LA043089-0157,684,3270.5499999999956,borda
609,Q0,FT944-7710,685,3268.3037499999964,borda
609,Q0,FR941019-1-00047,686,3267.443749999998,borda
609,Q0,FT931-5265,687,3267.007499999998,borda
609,Q0,FBIS4-20422,688,3256.532499999996,borda
609,Q0,FT922-2758,689,3256.3087499999965,borda
609,Q0,LA110190-0068,690,3252.3949999999977,borda
609,Q0,FT934-11026,691,3250.862499999997,borda
609,Q0,FBIS4-49723,692,3250.3399999999974,borda
609,Q0,FT933-14628,693,3248.3887499999955,borda
609,Q0,LA120890-0060,694,3242.1049999999973,borda
609,Q0,FBIS4-68741,695,3240.9087499999973,borda
609,Q0,FR940222-1-00024,696,3234.339999999997,borda
609,Q0,FBIS3-3387,697,3232.4149999999972,borda
609,Q0,FBIS3-4430,698,3199.1012499999974,borda
609,Q0,FBIS3-25933,699,3197.487499999997,borda
609,Q0,FR940817-0-00013,700,3193.136249999998,borda
609,Q0,FBIS3-45760,701,3190.2237499999965,borda
609,Q0,LA011189-0133,702,3181.9224999999988,borda
609,Q0,FT942-6190,703,3181.5412499999984,borda
609,Q0,LA121089-0191,704,3173.8062499999987,borda
609,Q0,FBIS3-59370,705,3170.3187499999985,borda
609,Q0,FT943-711,706,3168.233749999998,borda
609,Q0,FBIS4-1843,707,3161.9274999999984,borda
609,Q0,FT931-1593,708,3156.472499999999,borda
609,Q0,FBIS4-31601,709,3142.1712499999967,borda
609,Q0,FT932-16971,710,3131.3774999999964,borda
609,Q0,FBIS4-4067,711,3131.199999999998,borda
609,Q0,FT931-7673,712,3127.7899999999977,borda
609,Q0,LA060789-0127,713,3122.5387499999983,borda
609,Q0,FBIS3-3842,714,3121.1962499999963,borda
609,Q0,FBIS4-66312,715,3115.4387499999984,borda
609,Q0,FT932-4778,716,3114.1437499999984,borda
609,Q0,FBIS3-20571,717,3113.674999999997,borda
609,Q0,FT932-12180,718,3112.0012499999984,borda
609,Q0,FBIS3-21363,719,3111.8287499999974,borda
609,Q0,FT942-13223,720,3104.6549999999993,borda
609,Q0,LA091689-0056,721,3104.001249999999,borda
609,Q0,FBIS4-2128,722,3100.3987499999985,borda
609,Q0,FR940526-2-00099,723,3085.6949999999965,borda
609,Q0,FBIS4-2720,724,3083.9199999999964,borda
609,Q0,LA050589-0177,725,3079.0637499999966,borda
609,Q0,FBIS3-26036,726,3073.9499999999975,borda
609,Q0,FBIS4-1860,727,3060.8024999999984,borda
609,Q0,FBIS3-1974,728,3049.2799999999966,borda
609,Q0,FBIS4-44486,729,3048.223749999996,borda
609,Q0,FR940725-0-00110,730,3044.7274999999977,borda
609,Q0,LA092390-0181,731,3040.703749999998,borda
609,Q0,FR940426-1-00039,732,3019.177499999999,borda
609,Q0,FBIS4-49832,733,3016.954999999999,borda
609,Q0,FT924-597,734,3013.9849999999988,borda
609,Q0,FBIS4-22315,735,3007.8962499999975,borda
609,Q0,LA092889-0071,736,3003.773749999998,borda
609,Q0,FR940118-1-00004,737,3001.1837499999974,borda
609,Q0,FT922-12506,738,2998.127499999998,borda
609,Q0,LA100589-0051,739,2997.0087499999986,borda
609,Q0,LA122189-0054,740,2981.4262499999977,borda
609,Q0,FT941-6583,741,2979.669999999998,borda
609,Q0,FR940111-1-00032,742,2967.3462499999964,borda
609,Q0,FT922-12580,743,2960.5299999999975,borda
609,Q0,LA102890-0069,744,2957.8437499999977,borda
609,Q0,FT931-12100,745,2931.938749999999,borda
609,Q0,FT943-3077,746,2926.749999999997,borda
609,Q0,FR940825-0-00011,747,2920.0537499999955,borda
609,Q0,FT934-5428,748,2918.8799999999987,borda
609,Q0,FBIS3-45822,749,2897.8837499999972,borda
609,Q0,LA110989-0061,750,2888.4874999999984,borda
609,Q0,FT943-12251,751,2886.6637499999974,borda
609,Q0,FBIS3-1964,752,2886.201249999997,borda
609,Q0,LA100189-0088,753,2882.5037499999994,borda
609,Q0,FT923-4175,754,2881.287499999997,borda
609,Q0,FT924-11114,755,2868.5874999999965,borda
609,Q0,LA061189-0115,756,2854.169999999997,borda
609,Q0,FT944-17768,757,2853.7874999999963,borda
609,Q0,FBIS3-23751,758,2848.264999999998,borda
609,Q0,FBIS3-45663,759,2839.5974999999958,borda
609,Q0,FBIS4-30653,760,2838.0849999999973,borda
609,Q0,LA030589-0191,761,2837.2587499999977,borda
609,Q0,FT924-3920,762,2835.953749999996,borda
609,Q0,FBIS4-1861,763,2831.2299999999987,borda
609,Q0,FT934-13586,764,2830.464999999999,borda
609,Q0,FT944-10916,765,2824.0099999999966,borda
609,Q0,LA040789-0089,766,2815.6237499999966,borda
609,Q0,LA030289-0184,767,2811.333749999999,borda
609,Q0,FR940216-1-00016,768,2807.2099999999987,borda
609,Q0,FBIS3-1737,769,2805.699999999997,borda
609,Q0,LA123190-0090,770,2802.8199999999983,borda
609,Q0,FBIS3-40167,771,2788.2624999999975,borda
609,Q0,FBIS3-2011,772,2766.2774999999965,borda
609,Q0,FT942-10802,773,2758.166249999998,borda
609,Q0,FBIS3-3498,774,2756.398749999998,borda
609,Q0,FT922-13103,775,2746.3662499999964,borda
609,Q0,LA030789-0133,776,2743.9812499999966,borda
609,Q0,LA021090-0056,777,2740.183749999998,borda
609,Q0,FR941202-0-00158,778,2733.7499999999977,borda
609,Q0,FT933-12279,779,2731.2087499999984,borda
609,Q0,FBIS3-2959,780,2727.7862499999965,borda
609,Q0,FBIS3-20509,781,2704.068749999997,borda
609,Q0,FT931-15205,782,2703.0012499999984,borda
609,Q0,FT933-16758,783,2693.7699999999963,borda
609,Q0,FT931-9967,784,2687.6762499999963,borda
609,Q0,FT921-1627,785,2684.4837499999976,borda
609,Q0,FT924-6084,786,2681.367499999996,borda
609,Q0,LA083090-0082,787,2678.6712499999985,borda
609,Q0,LA020990-0166,788,2675.4274999999993,borda
609,Q0,FBIS4-2323,789,2673.4974999999995,borda
609,Q0,FBIS4-20472,790,2670.477499999999,borda
609,Q0,FR940617-1-00046,791,2668.198749999999,borda
609,Q0,FBIS3-43160,792,2659.6924999999997,borda
609,Q0,FBIS3-43214,793,2654.2499999999995,borda
609,Q0,FBIS4-3402,794,2648.6249999999973,borda
609,Q0,FBIS4-1804,795,2645.9362499999975,borda
609,Q0,FBIS3-24064,796,2644.556249999998,borda
609,Q0,FBIS3-23966,797,2643.5262499999976,borda
609,Q0,LA082990-0066,798,2641.3212499999986,borda
609,Q0,FT933-2219,799,2625.993749999995,borda
609,Q0,FT911-2810,800,2623.597499999997,borda
609,Q0,LA050490-0175,801,2622.754999999998,borda
609,Q0,FBIS4-54623,802,2620.877499999999,borda
609,Q0,FBIS3-4007,803,2602.2299999999973,borda
609,Q0,FBIS4-47038,804,2601.801249999999,borda
609,Q0,LA031789-0115,805,2591.382499999999,borda
609,Q0,FR940802-2-00115,806,2584.4412499999994,borda
609,Q0,FT922-8425,807,2583.6549999999966,borda
609,Q0,FT921-4835,808,2579.3174999999956,borda
609,Q0,FBIS3-59282,809,2579.211249999996,borda
609,Q0,FBIS4-58892,810,2571.791249999998,borda
609,Q0,FBIS4-3107,811,2567.821249999997,borda
609,Q0,LA122489-0090,812,2564.293749999999,borda
609,Q0,FBIS4-26677,813,2559.694999999997,borda
609,Q0,FBIS3-3484,814,2545.1612499999974,borda
609,Q0,FBIS3-2094,815,2537.2949999999973,borda
609,Q0,FT923-5558,816,2535.124999999999,borda
609,Q0,FT923-8372,817,2533.418749999998,borda
609,Q0,FT942-6204,818,2533.0274999999974,borda
609,Q0,FT941-10442,819,2529.3262499999973,borda
609,Q0,FBIS3-46262,820,2525.767499999997,borda
609,Q0,FBIS4-2047,821,2525.2837499999982,borda
609,Q0,FR940817-0-00014,822,2522.724999999999,borda
609,Q0,FT933-10618,823,2509.438749999999,borda
609,Q0,FBIS4-26678,824,2509.278749999999,borda
609,Q0,FBIS4-49797,825,2507.6537499999977,borda
609,Q0,FBIS4-26641,826,2507.3824999999983,borda
609,Q0,FT933-11933,827,2505.827499999998,borda
609,Q0,FT942-11675,828,2501.0174999999967,borda
609,Q0,FBIS4-7901,829,2500.0412499999984,borda
609,Q0,FBIS4-2129,830,2496.622499999997,borda
609,Q0,FBIS3-26477,831,2488.151249999998,borda
609,Q0,FBIS4-25886,832,2480.6849999999963,borda
609,Q0,FBIS4-11289,833,2480.387499999997,borda
609,Q0,FT933-217,834,2476.992499999998,borda
609,Q0,FBIS3-24189,835,2474.1049999999987,borda
609,Q0,FR941011-2-00107,836,2471.0337499999964,borda
609,Q0,FBIS3-41666,837,2470.4712499999996,borda
609,Q0,FBIS4-26683,838,2467.5637499999984,borda
609,Q0,LA022289-0063,839,2467.137499999997,borda
609,Q0,FR940112-0-00128,840,2464.683749999999,borda
609,Q0,FBIS3-2976,841,2462.8899999999967,borda
609,Q0,FT932-15294,842,2458.131249999999,borda
609,Q0,FT944-18340,843,2448.109999999999,borda
609,Q0,FBIS4-47155,844,2444.047499999998,borda
609,Q0,FBIS3-2347,845,2439.437499999997,borda
609,Q0,FT944-3374,846,2433.3412499999986,borda
609,Q0,LA032190-0073,847,2430.144999999998,borda
609,Q0,FR940426-1-00041,848,2425.109999999999,borda
609,Q0,FT944-4322,849,2424.143749999999,borda
609,Q0,FBIS3-10683,850,2422.358749999997,borda
609,Q0,FR941104-1-00036,851,2415.692499999998,borda
609,Q0,FBIS4-3651,852,2414.1799999999976,borda
609,Q0,FT942-10383,853,2413.9174999999977,borda
609,Q0,FT941-12411,854,2411.659999999998,borda
609,Q0,LA062890-0070,855,2404.5574999999994,borda
609,Q0,FT934-7664,856,2402.1974999999966,borda
609,Q0,FT922-5386,857,2400.9349999999986,borda
609,Q0,FT932-3574,858,2399.7437499999974,borda
609,Q0,FT923-11006,859,2399.594999999998,borda
609,Q0,FBIS4-1797,860,2397.5537499999964,borda
609,Q0,FT942-17226,861,2397.313749999999,borda
609,Q0,FR940526-2-00124,862,2387.527499999997,borda
609,Q0,FBIS3-26928,863,2379.182499999999,borda
609,Q0,FR940314-2-00140,864,2371.1037499999993,borda
609,Q0,FBIS3-54781,865,2364.0024999999964,borda
609,Q0,FBIS3-45289,866,2363.293749999997,borda
609,Q0,FBIS3-46203,867,2362.0424999999977,borda
609,Q0,FT923-15697,868,2357.187499999999,borda
609,Q0,FT921-6939,869,2355.4024999999983,borda
609,Q0,FBIS4-20331,870,2352.8862499999973,borda
609,Q0,LA070390-0038,871,2346.7637499999987,borda
609,Q0,FT933-5765,872,2342.1987499999973,borda
609,Q0,LA012090-0082,873,2339.8512499999983,borda
609,Q0,FBIS3-40166,874,2336.1799999999994,borda
609,Q0,LA102190-0050,875,2333.9449999999993,borda
609,Q0,FR940802-2-00108,876,2331.7337499999994,borda
609,Q0,FT922-10445,877,2330.5399999999977,borda
609,Q0,LA122189-0128,878,2329.7924999999996,borda
609,Q0,LA040190-0088,879,2319.6037499999998,borda
609,Q0,FBIS4-50048,880,2318.552499999997,borda
609,Q0,FBIS3-2585,881,2317.614999999997,borda
609,Q0,LA110690-0190,882,2315.288749999999,borda
609,Q0,LA061790-0132,883,2313.0512499999973,borda
609,Q0,FT931-7537,884,2305.8912499999988,borda
609,Q0,FT924-4012,885,2295.646249999997,borda
609,Q0,FBIS4-44518,886,2294.028749999999,borda
609,Q0,FT941-16639,887,2293.6537499999995,borda
609,Q0,FBIS3-52383,888,2292.6549999999984,borda
609,Q0,FT942-11696,889,2285.7737499999985,borda
609,Q0,FR940526-2-00126,890,2283.573749999997,borda
609,Q0,FT942-328,891,2275.9549999999977,borda
609,Q0,FT942-14269,892,2274.467499999998,borda
609,Q0,FBIS3-45834,893,2268.511249999998,borda
609,Q0,FBIS3-3376,894,2267.718749999997,borda
609,Q0,FT922-6791,895,2264.658749999999,borda
609,Q0,FT944-6269,896,2256.596249999999,borda
609,Q0,FR941202-1-00040,897,2254.0724999999984,borda
609,Q0,LA080489-0140,898,2243.5087499999986,borda
609,Q0,FBIS3-25922,899,2238.9862499999977,borda
609,Q0,FT934-12576,900,2235.269999999999,borda
609,Q0,FBIS3-48887,901,2231.693749999997,borda
609,Q0,FR941102-2-00069,902,2229.886249999999,borda
609,Q0,FBIS3-59326,903,2228.089999999997,borda
609,Q0,FR940405-1-00029,904,2218.3199999999974,borda
609,Q0,FT944-290,905,2216.141249999998,borda
609,Q0,FBIS4-40514,906,2215.1037499999998,borda
609,Q0,LA091090-0001,907,2211.581249999999,borda
609,Q0,FT941-6971,908,2210.3712499999983,borda
609,Q0,FBIS3-20487,909,2199.4637499999985,borda
609,Q0,FT944-6187,910,2198.024999999999,borda
609,Q0,FBIS4-25986,911,2193.1299999999974,borda
609,Q0,FR940105-0-00011,912,2191.7787499999986,borda
609,Q0,FBIS4-23084,913,2189.81625,borda
609,Q0,FBIS3-44325,914,2188.563749999998,borda
609,Q0,LA102690-0099,915,2185.2937499999994,borda
609,Q0,FR940222-1-00025,916,2182.5387499999965,borda
609,Q0,FR941125-0-00029,917,2182.066249999997,borda
609,Q0,LA081690-0033,918,2178.801249999999,borda
609,Q0,FBIS4-22952,919,2168.582499999998,borda
609,Q0,FT934-673,920,2168.5624999999986,borda
609,Q0,LA101290-0124,921,2165.272499999997,borda
609,Q0,LA022090-0020,922,2161.1324999999997,borda
609,Q0,FBIS4-3596,923,2156.8012499999973,borda
609,Q0,LA082890-0136,924,2150.257499999999,borda
609,Q0,FBIS4-49725,925,2131.5087499999972,borda
609,Q0,FBIS4-22620,926,2130.716249999999,borda
609,Q0,FBIS4-24677,927,2129.4924999999976,borda
609,Q0,FBIS4-66440,928,2128.3549999999977,borda
609,Q0,FBIS3-3467,929,2124.886249999997,borda
609,Q0,LA061089-0051,930,2118.1487499999976,borda
609,Q0,FBIS4-3972,931,2117.638749999997,borda
609,Q0,FBIS4-17339,932,2112.5162499999965,borda
609,Q0,FR940405-1-00027,933,2111.4324999999976,borda
609,Q0,LA111689-0090,934,2110.6824999999994,borda
609,Q0,FR941202-1-00037,935,2101.1162499999978,borda
609,Q0,FR940817-2-00221,936,2100.6174999999976,borda
609,Q0,FT921-16450,937,2099.026249999997,borda
609,Q0,LA102689-0110,938,2086.402499999998,borda
609,Q0,LA022890-0160,939,2077.9849999999983,borda
609,Q0,FT923-6156,940,2074.163749999998,borda
609,Q0,LA092590-0051,941,2072.1237499999993,borda
609,Q0,FR941202-0-00146,942,2070.5449999999987,borda
609,Q0,FBIS3-60001,943,2069.851249999998,borda
609,Q0,FBIS4-27011,944,2066.0824999999977,borda
609,Q0,FT923-10732,945,2065.109999999999,borda
609,Q0,FBIS4-50193,946,2052.902499999997,borda
609,Q0,FT941-13459,947,2049.2199999999957,borda
609,Q0,FT931-4737,948,2046.4249999999981,borda
609,Q0,FT924-10922,949,2044.321249999997,borda
609,Q0,FBIS4-2948,950,2042.6237499999975,borda
609,Q0,FT942-1602,951,2038.8849999999982,borda
609,Q0,FBIS4-66513,952,2037.0799999999983,borda
609,Q0,LA091090-0073,953,2036.5162499999985,borda
609,Q0,LA090590-0030,954,2034.5512499999993,borda
609,Q0,FBIS4-53169,955,2030.1112499999983,borda
609,Q0,FBIS3-26113,956,2029.9974999999972,borda
609,Q0,FT934-4153,957,2028.8037499999991,borda
609,Q0,LA090189-0149,958,2025.0174999999967,borda
609,Q0,FBIS3-20858,959,2024.681249999997,borda
609,Q0,FBIS4-68662,960,2021.8512499999974,borda
609,Q0,LA122789-0102,961,2020.524999999999,borda
609,Q0,FBIS4-3130,962,2016.6749999999977,borda
609,Q0,FT934-5909,963,2012.0562499999978,borda
609,Q0,FBIS3-46596,964,2001.3049999999987,borda
609,Q0,FBIS3-2891,965,1999.204999999997,borda
609,Q0,FBIS3-20854,966,1998.5612499999982,borda
609,Q0,LA021190-0209,967,1995.6812499999985,borda
609,Q0,LA052990-0101,968,1995.0637499999978,borda
609,Q0,FR941003-2-00205,969,1994.9637499999988,borda
609,Q0,FBIS4-29,970,1994.9374999999984,borda
609,Q0,FR940426-1-00042,971,1993.748749999999,borda
609,Q0,FBIS3-42726,972,1988.0324999999984,borda
609,Q0,LA032290-0039,973,1986.3862499999973,borda
609,Q0,FBIS4-44989,974,1981.1312499999979,borda
609,Q0,LA012189-0141,975,1980.2962499999992,borda
609,Q0,FT932-7122,976,1978.1937499999972,borda
609,Q0,LA122890-0130,977,1969.236249999998,borda
609,Q0,FBIS4-1666,978,1950.021249999998,borda
609,Q0,FBIS4-2869,979,1947.2162499999972,borda
609,Q0,FR940930-1-00013,980,1942.6824999999976,borda
609,Q0,LA120289-0008,981,1940.082499999998,borda
609,Q0,LA100790-0252,982,1937.8524999999984,borda
609,Q0,FR940617-1-00082,983,1935.4174999999987,borda
609,Q0,FBIS4-2204,984,1934.1862499999984,borda
609,Q0,LA081089-0204,985,1931.7224999999974,borda
609,Q0,LA073190-0091,986,1926.9087499999976,borda
609,Q0,LA031990-0050,987,1919.1862499999975,borda
609,Q0,FT924-1243,988,1916.3937499999984,borda
609,Q0,FT933-10392,989,1915.729999999998,borda
609,Q0,LA031190-0143,990,1914.562499999999,borda
609,Q0,LA020889-0133,991,1911.044999999998,borda
609,Q0,FBIS4-16842,992,1903.7474999999972,borda
609,Q0,FBIS3-24369,993,1900.2087499999973,borda
609,Q0,FR940725-0-00094,994,1896.7412499999973,borda
609,Q0,FBIS4-45041,995,1895.9337499999983,borda
609,Q0,FT934-7673,996,1889.552499999997,borda
609,Q0,FT932-12803,997,1883.1874999999982,borda
609,Q0,FT942-8751,998,1880.141249999999,borda
609,Q0,FBIS4-51059,999,1877.4399999999978,borda
609,Q0,FR941130-0-00122,1000,1875.9212499999983,borda
610,Q0,FT921-280,1,12525.982499999987,borda
610,Q0,FT924-9284,2,12369.516249999986,borda
610,Q0,FT934-14971,3,12350.127499999984,borda
610,Q0,FT921-5263,4,12293.194999999989,borda
610,Q0,FR940830-1-00028,5,12145.774999999987,borda
610,Q0,FT942-4821,6,12087.89499999999,borda
610,Q0,LA110989-0124,7,12061.33124999999,borda
610,Q0,FT942-4818,8,12058.926249999988,borda
610,Q0,LA092089-0032,9,12013.214999999987,borda
610,Q0,FR940204-2-00109,10,11843.357499999986,borda
610,Q0,FBIS3-40878,11,11825.864999999987,borda
610,Q0,FR940513-1-00089,12,11737.448749999987,borda
610,Q0,FT921-369,13,11733.511249999989,borda
610,Q0,FR940513-1-00103,14,11561.343749999989,borda
610,Q0,LA032489-0042,15,11516.878749999985,borda
610,Q0,FT944-18432,16,11498.80874999999,borda
610,Q0,FT921-259,17,11333.157499999987,borda
610,Q0,FR940719-1-00083,18,11319.721249999988,borda
610,Q0,FR940621-0-00017,19,11281.872499999987,borda
610,Q0,FR940128-2-00044,20,11232.253749999987,borda
610,Q0,FR940825-1-00127,21,11193.16249999999,borda
610,Q0,FT921-12821,22,11187.02749999999,borda
610,Q0,LA051289-0041,23,11027.274999999987,borda
610,Q0,FR940202-2-00006,24,11005.572499999987,borda
610,Q0,LA090789-0023,25,10983.70249999999,borda
610,Q0,FT944-10844,26,10775.222499999993,borda
610,Q0,FT944-841,27,10763.37124999999,borda
610,Q0,FT941-9633,28,10643.34749999999,borda
610,Q0,FBIS3-6284,29,10595.336249999991,borda
610,Q0,FR941130-1-00004,30,10571.21499999999,borda
610,Q0,FT931-12911,31,10566.214999999986,borda
610,Q0,LA051889-0149,32,10530.004999999988,borda
610,Q0,FR940719-0-00045,33,10524.40249999999,borda
610,Q0,FT933-8669,34,10516.97874999999,borda
610,Q0,FT921-260,35,10472.22874999999,borda
610,Q0,FR940919-0-00029,36,10429.65874999999,borda
610,Q0,FT941-16395,37,10329.36749999999,borda
610,Q0,LA040689-0202,38,10287.047499999988,borda
610,Q0,LA051289-0058,39,10252.64499999999,borda
610,Q0,FT922-15282,40,10168.86999999999,borda
610,Q0,LA031089-0007,41,10157.68374999999,borda
610,Q0,FT921-366,42,10134.744999999988,borda
610,Q0,FR940720-0-00082,43,10132.343749999989,borda
610,Q0,FR940404-0-00035,44,10126.877499999991,borda
610,Q0,FR940304-2-00024,45,10117.179999999988,borda
610,Q0,LA020389-0042,46,10046.584999999988,borda
610,Q0,FT944-16017,47,10036.534999999989,borda
610,Q0,LA061790-0022,48,9917.292499999989,borda
610,Q0,FR940414-0-00028,49,9893.13624999999,borda
610,Q0,FBIS3-42750,50,9809.13249999999,borda
610,Q0,FT911-1087,51,9719.57874999999,borda
610,Q0,FR940512-0-00022,52,9688.83624999999,borda
610,Q0,FR941025-0-00046,53,9627.968749999993,borda
610,Q0,FR940216-0-00171,54,9620.663749999989,borda
610,Q0,LA030989-0100,55,9595.277499999987,borda
610,Q0,FT921-368,56,9592.352499999992,borda
610,Q0,FR940503-1-00078,57,9547.23124999999,borda
610,Q0,FT932-499,58,9490.488749999991,borda
610,Q0,FT944-1761,59,9466.678749999988,borda
610,Q0,FBIS4-11621,60,9443.18999999999,borda
610,Q0,FR940817-0-00023,61,9399.706249999994,borda
610,Q0,FT921-1211,62,9305.53499999999,borda
610,Q0,FR940906-0-00012,63,9300.84124999999,borda
610,Q0,FBIS4-6759,64,9296.64749999999,borda
610,Q0,FR940930-0-00176,65,9278.19249999999,borda
610,Q0,FT943-53,66,9236.022499999992,borda
610,Q0,FR940118-1-00042,67,9216.49374999999,borda
610,Q0,LA080590-0178,68,9141.957499999991,borda
610,Q0,FBIS3-24679,69,9014.40374999999,borda
610,Q0,FR940204-0-00025,70,9002.204999999993,borda
610,Q0,FR941219-1-00042,71,8893.046249999989,borda
610,Q0,FT941-3932,72,8874.61374999999,borda
610,Q0,FR940516-0-00077,73,8867.504999999992,borda
610,Q0,FR940719-0-00039,74,8842.402499999991,borda
610,Q0,FT933-1191,75,8827.623749999992,borda
610,Q0,FR941216-0-00073,76,8819.30624999999,borda
610,Q0,FR940325-0-00035,77,8800.907499999988,borda
610,Q0,FBIS3-44755,78,8737.804999999991,borda
610,Q0,FR940523-0-00002,79,8664.367499999991,borda
610,Q0,FT921-842,80,8643.21874999999,borda
610,Q0,FT933-2296,81,8620.194999999992,borda
610,Q0,FR940323-0-00002,82,8533.267499999987,borda
610,Q0,FT921-8091,83,8518.713749999992,borda
610,Q0,FR940907-0-00025,84,8475.533749999991,borda
610,Q0,FBIS3-14647,85,8472.041249999993,borda
610,Q0,LA112689-0137,86,8464.20499999999,borda
610,Q0,FT924-8483,87,8458.154999999992,borda
610,Q0,FT934-9422,88,8430.383749999992,borda
610,Q0,FBIS4-51722,89,8375.45624999999,borda
610,Q0,FR940119-0-00034,90,8307.74374999999,borda
610,Q0,LA071789-0006,91,8207.128749999993,borda
610,Q0,FR940602-1-00112,92,8182.59499999999,borda
610,Q0,FT921-12745,93,8180.463749999991,borda
610,Q0,FBIS4-25848,94,8168.2212499999905,borda
610,Q0,FR940628-1-00049,95,8146.59124999999,borda
610,Q0,FBIS3-23980,96,8139.733749999991,borda
610,Q0,LA103089-0088,97,8078.116249999994,borda
610,Q0,FT944-1356,98,8030.131249999991,borda
610,Q0,FBIS4-68841,99,8014.893749999992,borda
610,Q0,FR940804-0-00078,100,8008.6187499999905,borda
610,Q0,FR940304-1-00058,101,7964.982499999991,borda
610,Q0,FT944-8326,102,7964.18499999999,borda
610,Q0,FR940304-1-00174,103,7939.878749999991,borda
610,Q0,FR940105-0-00072,104,7937.508749999991,borda
610,Q0,FT931-12530,105,7934.493749999991,borda
610,Q0,FT921-2894,106,7929.528749999991,borda
610,Q0,FR941110-1-00092,107,7924.978749999993,borda
610,Q0,FBIS4-42430,108,7877.6462499999925,borda
610,Q0,FR941012-1-00004,109,7876.66374999999,borda
610,Q0,FT934-5689,110,7870.872499999992,borda
610,Q0,FBIS4-39248,111,7869.923749999994,borda
610,Q0,LA051189-0180,112,7863.068749999992,borda
610,Q0,FR941202-0-00070,113,7841.332499999992,borda
610,Q0,LA032389-0097,114,7745.246249999995,borda
610,Q0,LA040689-0046,115,7738.304999999992,borda
610,Q0,FR940208-1-00062,116,7711.5249999999905,borda
610,Q0,FT944-18659,117,7687.907499999991,borda
610,Q0,FR940930-0-00264,118,7664.55374999999,borda
610,Q0,FR941220-0-00093,119,7660.8774999999905,borda
610,Q0,FR940819-0-00020,120,7660.368749999991,borda
610,Q0,FR940516-1-00126,121,7649.307499999991,borda
610,Q0,FT922-14687,122,7648.61499999999,borda
610,Q0,FR940512-1-00090,123,7633.0337499999905,borda
610,Q0,FBIS4-41493,124,7627.139999999993,borda
610,Q0,FBIS4-41579,125,7619.653749999994,borda
610,Q0,FR940921-0-00058,126,7589.666249999991,borda
610,Q0,FR940106-0-00085,127,7576.396249999992,borda
610,Q0,FR940912-1-00047,128,7575.566249999991,borda
610,Q0,FR940920-1-00065,129,7550.3824999999915,borda
610,Q0,LA010289-0062,130,7522.911249999991,borda
610,Q0,FR940620-0-00031,131,7522.682499999992,borda
610,Q0,FR940324-1-00038,132,7501.323749999993,borda
610,Q0,FBIS4-10549,133,7473.081249999991,borda
610,Q0,LA032389-0194,134,7453.9674999999925,borda
610,Q0,LA112689-0194,135,7446.778749999993,borda
610,Q0,FR941116-0-00092,136,7425.321249999991,borda
610,Q0,LA112889-0108,137,7385.134999999991,borda
610,Q0,FR940921-0-00022,138,7358.461249999992,borda
610,Q0,FR940207-1-00067,139,7339.92874999999,borda
610,Q0,FT924-3462,140,7331.577499999992,borda
610,Q0,FR940922-1-00062,141,7304.1324999999915,borda
610,Q0,FR940719-2-00163,142,7261.382499999993,borda
610,Q0,LA022189-0017,143,7249.896249999993,borda
610,Q0,FT943-483,144,7217.341249999993,borda
610,Q0,FT931-9019,145,7182.772499999992,borda
610,Q0,FR940720-0-00118,146,7169.2349999999915,borda
610,Q0,LA091890-0141,147,7159.261249999994,borda
610,Q0,FBIS4-64095,148,7154.564999999993,borda
610,Q0,FR940124-1-00028,149,7140.897499999994,borda
610,Q0,FR941028-1-00034,150,7140.576249999991,borda
610,Q0,FT944-5229,151,7130.854999999991,borda
610,Q0,FR940920-1-00108,152,7129.997499999994,borda
610,Q0,FR940426-1-00064,153,7107.761249999992,borda
610,Q0,FR940407-0-00011,154,7083.264999999991,borda
610,Q0,FT944-152,155,7066.336249999992,borda
610,Q0,FR941206-1-00115,156,7064.693749999992,borda
610,Q0,FR940407-0-00091,157,7064.107499999991,borda
610,Q0,LA110789-0135,158,7053.634999999994,borda
610,Q0,FBIS3-26,159,7041.944999999992,borda
610,Q0,FR940516-1-00081,160,7041.3912499999915,borda
610,Q0,FBIS4-41149,161,7037.982499999993,borda
610,Q0,FBIS4-20351,162,7028.569999999992,borda
610,Q0,LA111289-0049,163,7007.689999999992,borda
610,Q0,FT942-4868,164,6934.044999999993,borda
610,Q0,FT924-9258,165,6925.283749999992,borda
610,Q0,FT921-8440,166,6918.792499999992,borda
610,Q0,FR941222-2-00077,167,6908.591249999994,borda
610,Q0,FR940603-0-00044,168,6908.037499999994,borda
610,Q0,FBIS4-35120,169,6901.987499999994,borda
610,Q0,FT931-10320,170,6889.428749999995,borda
610,Q0,FT932-1395,171,6851.302499999994,borda
610,Q0,FR940127-1-00077,172,6823.084999999991,borda
610,Q0,FR940505-1-00203,173,6807.668749999992,borda
610,Q0,FR940812-0-00052,174,6802.664999999994,borda
610,Q0,FBIS4-28918,175,6798.574999999992,borda
610,Q0,LA111889-0139,176,6747.433749999992,borda
610,Q0,LA041889-0135,177,6729.871249999993,borda
610,Q0,FR940926-1-00012,178,6708.263749999992,borda
610,Q0,FR940504-2-00036,179,6707.001249999995,borda
610,Q0,FR940830-1-00016,180,6700.502499999992,borda
610,Q0,FBIS3-15979,181,6697.169999999995,borda
610,Q0,FR940711-0-00087,182,6654.823749999991,borda
610,Q0,FT922-15283,183,6625.428749999994,borda
610,Q0,FR940930-1-00006,184,6619.598749999993,borda
610,Q0,FBIS4-40691,185,6589.741249999992,borda
610,Q0,FR940317-1-00183,186,6587.794999999992,borda
610,Q0,FBIS4-63016,187,6583.092499999993,borda
610,Q0,FBIS4-68591,188,6563.317499999995,borda
610,Q0,FR941122-0-00045,189,6555.909999999994,borda
610,Q0,FR940803-0-00114,190,6525.946249999993,borda
610,Q0,FT924-8274,191,6520.958749999994,borda
610,Q0,FR941027-0-00004,192,6518.103749999993,borda
610,Q0,FT922-15149,193,6515.607499999994,borda
610,Q0,FT924-9715,194,6509.456249999993,borda
610,Q0,FBIS4-22505,195,6495.358749999993,borda
610,Q0,FT932-6020,196,6490.587499999994,borda
610,Q0,FR940802-0-00058,197,6488.396249999992,borda
610,Q0,FR940325-0-00011,198,6464.863749999992,borda
610,Q0,FBIS3-54795,199,6422.429999999994,borda
610,Q0,FR941206-1-00083,200,6393.028749999995,borda
610,Q0,FBIS4-47128,201,6370.847499999994,borda
610,Q0,FR940622-1-00048,202,6369.704999999992,borda
610,Q0,FBIS3-47166,203,6356.079999999994,borda
610,Q0,FR941202-0-00071,204,6334.733749999994,borda
610,Q0,FR940503-1-00046,205,6325.492499999993,borda
610,Q0,FR940119-0-00026,206,6323.707499999991,borda
610,Q0,FR940419-0-00107,207,6309.574999999992,borda
610,Q0,FR940317-1-00006,208,6306.539999999992,borda
610,Q0,FR940428-0-00060,209,6291.487499999992,borda
610,Q0,FR941004-1-00008,210,6284.718749999993,borda
610,Q0,FR940318-0-00251,211,6279.686249999993,borda
610,Q0,FT934-10047,212,6251.789999999992,borda
610,Q0,FR940318-0-00092,213,6248.411249999995,borda
610,Q0,FBIS4-34271,214,6242.129999999994,borda
610,Q0,FR940228-0-00032,215,6234.943749999993,borda
610,Q0,FT941-10346,216,6232.158749999996,borda
610,Q0,FBIS4-42613,217,6204.489999999993,borda
610,Q0,LA103090-0018,218,6201.211249999991,borda
610,Q0,FR940119-0-00004,219,6176.057499999992,borda
610,Q0,LA012989-0050,220,6160.457499999993,borda
610,Q0,LA062489-0009,221,6127.296249999995,borda
610,Q0,FT943-15904,222,6126.779999999993,borda
610,Q0,FBIS4-68875,223,6106.933749999993,borda
610,Q0,LA022289-0129,224,6105.431249999991,borda
610,Q0,FR940407-2-00150,225,6097.959999999994,borda
610,Q0,FR940318-0-00028,226,6096.128749999992,borda
610,Q0,FR940713-1-00054,227,6063.474999999993,borda
610,Q0,FT942-1934,228,6055.821249999992,borda
610,Q0,FT944-12284,229,6032.441249999993,borda
610,Q0,FR941221-0-00063,230,5978.906249999993,borda
610,Q0,FR940214-1-00005,231,5970.781249999992,borda
610,Q0,FT924-15515,232,5947.136249999993,borda
610,Q0,FR940413-0-00025,233,5943.646249999994,borda
610,Q0,FR940124-1-00036,234,5927.5749999999925,borda
610,Q0,FR940404-0-00028,235,5924.266249999992,borda
610,Q0,FBIS4-47069,236,5920.336249999994,borda
610,Q0,FBIS4-11568,237,5908.261249999993,borda
610,Q0,FT923-3849,238,5902.979999999994,borda
610,Q0,FR940804-0-00032,239,5898.439999999993,borda
610,Q0,FR941012-1-00070,240,5887.334999999994,borda
610,Q0,FR940805-1-00047,241,5885.197499999995,borda
610,Q0,FT941-2709,242,5884.293749999993,borda
610,Q0,FR940913-0-00042,243,5874.171249999994,borda
610,Q0,FT924-9215,244,5868.548749999992,borda
610,Q0,FR940728-0-00010,245,5834.547499999993,borda
610,Q0,FBIS3-15620,246,5829.599999999994,borda
610,Q0,FR940106-0-00090,247,5829.413749999992,borda
610,Q0,FT921-936,248,5816.1112499999945,borda
610,Q0,FR940912-0-00072,249,5807.616249999995,borda
610,Q0,FR940804-0-00036,250,5770.854999999994,borda
610,Q0,FR940810-0-00032,251,5765.838749999994,borda
610,Q0,FT924-9282,252,5756.981249999993,borda
610,Q0,FR940404-0-00076,253,5749.662499999994,borda
610,Q0,FR941220-1-00089,254,5744.319999999994,borda
610,Q0,FR941013-1-00085,255,5731.598749999996,borda
610,Q0,FBIS4-34570,256,5722.049999999994,borda
610,Q0,FR940621-0-00042,257,5712.668749999994,borda
610,Q0,FBIS4-34599,258,5712.482499999996,borda
610,Q0,FT922-14520,259,5698.967499999995,borda
610,Q0,FBIS3-5763,260,5686.782499999995,borda
610,Q0,FT924-7502,261,5682.533749999996,borda
610,Q0,FR941206-1-00142,262,5682.192499999995,borda
610,Q0,FT934-14906,263,5663.791249999994,borda
610,Q0,FR940112-0-00024,264,5661.676249999993,borda
610,Q0,FT921-5893,265,5660.7087499999925,borda
610,Q0,FR941216-2-00034,266,5656.189999999995,borda
610,Q0,FBIS3-14585,267,5655.747499999994,borda
610,Q0,FBIS4-65906,268,5655.443749999993,borda
610,Q0,FR941005-0-00017,269,5630.643749999994,borda
610,Q0,FR940919-0-00043,270,5623.199999999993,borda
610,Q0,FR941007-2-00099,271,5612.721249999992,borda
610,Q0,FR940617-0-00149,272,5608.223749999993,borda
610,Q0,FT942-10631,273,5605.363749999995,borda
610,Q0,FT921-3542,274,5595.4774999999945,borda
610,Q0,FT933-14750,275,5581.414999999994,borda
610,Q0,LA022190-0066,276,5572.947499999993,borda
610,Q0,FR941006-2-00113,277,5560.456249999993,borda
610,Q0,FR940927-0-00035,278,5549.676249999993,borda
610,Q0,FR940916-2-00076,279,5547.977499999994,borda
610,Q0,FR940803-0-00072,280,5544.027499999994,borda
610,Q0,LA040789-0082,281,5543.494999999995,borda
610,Q0,FR940727-1-00048,282,5523.0312499999945,borda
610,Q0,FR940114-2-00131,283,5522.7274999999945,borda
610,Q0,FR940214-2-00057,284,5517.508749999994,borda
610,Q0,FR940318-2-00162,285,5506.8874999999925,borda
610,Q0,FR940304-2-00113,286,5506.468749999994,borda
610,Q0,FT942-16407,287,5499.634999999995,borda
610,Q0,FR940429-2-00071,288,5496.336249999994,borda
610,Q0,FBIS4-35154,289,5494.312499999996,borda
610,Q0,FR940325-2-00144,290,5491.354999999992,borda
610,Q0,FR940325-0-00046,291,5486.932499999993,borda
610,Q0,FR940812-2-00170,292,5486.259999999994,borda
610,Q0,FT921-258,293,5482.497499999993,borda
610,Q0,FR940112-1-00035,294,5479.8662499999955,borda
610,Q0,FR940819-2-00120,295,5479.468749999994,borda
610,Q0,FR940506-2-00127,296,5477.689999999993,borda
610,Q0,FR940722-2-00085,297,5477.149999999993,borda
610,Q0,FR940527-2-00114,298,5474.787499999994,borda
610,Q0,FR940610-2-00109,299,5472.104999999994,borda
610,Q0,FR941121-0-00059,300,5467.554999999994,borda
610,Q0,FR940603-2-00110,301,5461.9012499999935,borda
610,Q0,FR940826-2-00115,302,5453.989999999994,borda
610,Q0,FR940617-2-00147,303,5450.996249999993,borda
610,Q0,FBIS4-68356,304,5439.836249999996,borda
610,Q0,FR940805-2-00090,305,5426.072499999995,borda
610,Q0,FR941028-2-00116,306,5424.396249999994,borda
610,Q0,FR941021-2-00128,307,5412.747499999994,borda
610,Q0,FT933-9600,308,5409.531249999993,borda
610,Q0,FR940930-2-00172,309,5404.987499999994,borda
610,Q0,FT944-4232,310,5395.7987499999945,borda
610,Q0,FR941104-2-00090,311,5390.409999999994,borda
610,Q0,FR941125-2-00142,312,5387.957499999993,borda
610,Q0,FR940825-0-00114,313,5386.028749999994,borda
610,Q0,FR940511-1-00092,314,5384.803749999995,borda
610,Q0,FR941216-2-00138,315,5378.4237499999945,borda
610,Q0,FR941007-2-00119,316,5375.749999999994,borda
610,Q0,FR940830-1-00018,317,5359.131249999994,borda
610,Q0,FR941230-2-00086,318,5358.366249999995,borda
610,Q0,LA112989-0008,319,5346.587499999994,borda
610,Q0,FR940902-2-00110,320,5341.9949999999935,borda
610,Q0,FR940511-2-00146,321,5340.197499999996,borda
610,Q0,FBIS4-46794,322,5337.332499999993,borda
610,Q0,FBIS4-56742,323,5333.833749999995,borda
610,Q0,FT932-2958,324,5330.149999999993,borda
610,Q0,FBIS4-40345,325,5327.108749999996,borda
610,Q0,FT922-14579,326,5316.681249999995,borda
610,Q0,FT944-1300,327,5315.667499999994,borda
610,Q0,FR940719-1-00006,328,5302.118749999993,borda
610,Q0,FR940706-0-00096,329,5296.5662499999935,borda
610,Q0,FR940406-0-00120,330,5296.244999999994,borda
610,Q0,FT921-917,331,5293.367499999995,borda
610,Q0,FR941202-2-00073,332,5289.5974999999935,borda
610,Q0,FR940511-1-00039,333,5288.478749999994,borda
610,Q0,FT942-5948,334,5285.201249999995,borda
610,Q0,FBIS4-50290,335,5272.601249999995,borda
610,Q0,FT942-12196,336,5270.774999999994,borda
610,Q0,FT941-16163,337,5268.524999999995,borda
610,Q0,FT934-16854,338,5262.576249999994,borda
610,Q0,FR941031-0-00024,339,5256.547499999995,borda
610,Q0,FT921-598,340,5240.547499999995,borda
610,Q0,FBIS4-33042,341,5230.514999999995,borda
610,Q0,FT944-8285,342,5230.108749999996,borda
610,Q0,LA111789-0170,343,5225.802499999994,borda
610,Q0,FR940727-0-00092,344,5213.421249999993,borda
610,Q0,FR940106-0-00144,345,5203.658749999993,borda
610,Q0,FR940203-1-00026,346,5196.128749999994,borda
610,Q0,FR940620-0-00069,347,5189.8662499999955,borda
610,Q0,FT944-12834,348,5182.559999999997,borda
610,Q0,FR941004-0-00036,349,5173.772499999994,borda
610,Q0,FR941011-0-00053,350,5171.118749999995,borda
610,Q0,FR940114-0-00058,351,5163.702499999994,borda
610,Q0,FT941-6866,352,5141.523749999995,borda
610,Q0,FBIS3-3088,353,5138.599999999994,borda
610,Q0,FR940621-1-00010,354,5136.213749999994,borda
610,Q0,FR940203-2-00039,355,5135.573749999993,borda
610,Q0,FR940727-1-00008,356,5133.2499999999945,borda
610,Q0,FR941021-0-00137,357,5127.886249999993,borda
610,Q0,LA060889-0059,358,5117.381249999996,borda
610,Q0,FBIS3-23540,359,5096.517499999995,borda
610,Q0,FR941011-1-00029,360,5093.6199999999935,borda
610,Q0,FR941020-1-00014,361,5089.316249999994,borda
610,Q0,FR941222-1-00080,362,5075.233749999994,borda
610,Q0,FR940603-0-00043,363,5073.047499999995,borda
610,Q0,FR940106-0-00091,364,5064.688749999994,borda
610,Q0,FT921-1131,365,5062.127499999995,borda
610,Q0,FR940825-0-00069,366,5060.489999999994,borda
610,Q0,FT931-9309,367,5058.054999999995,borda
610,Q0,FR940902-0-00108,368,5052.942499999995,borda
610,Q0,FR940128-1-00080,369,5035.057499999994,borda
610,Q0,FR940223-0-00052,370,5029.974999999996,borda
610,Q0,FR941222-0-00028,371,5023.121249999995,borda
610,Q0,FR940810-0-00173,372,5022.7362499999945,borda
610,Q0,FT944-8035,373,5008.809999999996,borda
610,Q0,FR940426-0-00066,374,4999.328749999994,borda
610,Q0,FR940104-0-00031,375,4945.718749999995,borda
610,Q0,FR941006-2-00120,376,4939.359999999993,borda
610,Q0,FR940106-2-00068,377,4936.6599999999935,borda
610,Q0,FT934-3717,378,4934.211249999996,borda
610,Q0,FT934-12630,379,4928.8662499999955,borda
610,Q0,FT944-9310,380,4914.2099999999955,borda
610,Q0,FBIS3-42618,381,4914.077499999996,borda
610,Q0,FT942-516,382,4905.658749999995,borda
610,Q0,FBIS3-23979,383,4905.328749999994,borda
610,Q0,FT924-12689,384,4903.164999999996,borda
610,Q0,FR940118-0-00070,385,4901.356249999995,borda
610,Q0,FR940419-0-00084,386,4896.579999999995,borda
610,Q0,FT933-1566,387,4893.123749999995,borda
610,Q0,FR940128-2-00187,388,4869.096249999994,borda
610,Q0,FT924-910,389,4866.054999999996,borda
610,Q0,FT944-18506,390,4863.352499999994,borda
610,Q0,FT911-1265,391,4855.3299999999945,borda
610,Q0,FBIS4-15023,392,4852.679999999995,borda
610,Q0,FR941220-0-00101,393,4836.954999999994,borda
610,Q0,FBIS4-42354,394,4835.142499999995,borda
610,Q0,FR940228-1-00021,395,4823.977499999995,borda
610,Q0,FBIS4-15073,396,4823.896249999995,borda
610,Q0,FR941116-0-00079,397,4817.388749999995,borda
610,Q0,FR940826-0-00030,398,4816.198749999995,borda
610,Q0,LA050489-0047,399,4810.689999999995,borda
610,Q0,FR940106-0-00151,400,4808.0262499999935,borda
610,Q0,FR941206-1-00089,401,4795.497499999994,borda
610,Q0,FT921-6179,402,4777.017499999998,borda
610,Q0,FR940318-0-00206,403,4770.421249999995,borda
610,Q0,FR940525-0-00016,404,4765.352499999995,borda
610,Q0,LA012689-0106,405,4761.931249999996,borda
610,Q0,FT944-5706,406,4758.811249999994,borda
610,Q0,FR941205-0-00136,407,4750.418749999995,borda
610,Q0,FT911-3722,408,4746.948749999996,borda
610,Q0,FR940826-0-00057,409,4729.293749999993,borda
610,Q0,FT933-8397,410,4713.364999999996,borda
610,Q0,FR940926-0-00083,411,4711.464999999995,borda
610,Q0,FR940413-0-00051,412,4704.501249999994,borda
610,Q0,FR940805-1-00030,413,4703.703749999994,borda
610,Q0,FR941222-2-00038,414,4693.417499999994,borda
610,Q0,FR941026-0-00046,415,4689.409999999994,borda
610,Q0,FT934-16575,416,4682.2987499999945,borda
610,Q0,FBIS4-47116,417,4653.234999999996,borda
610,Q0,FR941206-0-00173,418,4647.794999999995,borda
610,Q0,FR940325-0-00050,419,4643.973749999995,borda
610,Q0,FT934-15096,420,4642.696249999996,borda
610,Q0,FT933-5628,421,4640.247499999994,borda
610,Q0,FR941213-0-00034,422,4638.643749999995,borda
610,Q0,FT943-16998,423,4637.583749999993,borda
610,Q0,FT924-12831,424,4637.198749999994,borda
610,Q0,LA082690-0167,425,4635.017499999995,borda
610,Q0,FT944-9826,426,4628.2012499999955,borda
610,Q0,FT934-9264,427,4603.569999999995,borda
610,Q0,LA050389-0013,428,4600.298749999996,borda
610,Q0,FT921-1415,429,4595.394999999997,borda
610,Q0,FT941-11487,430,4587.196249999995,borda
610,Q0,FR940822-0-00035,431,4581.661249999996,borda
610,Q0,FBIS3-7035,432,4569.366249999996,borda
610,Q0,FT934-5664,433,4569.304999999996,borda
610,Q0,FR940106-0-00152,434,4560.2187499999945,borda
610,Q0,FT943-4613,435,4559.448749999994,borda
610,Q0,FR940202-0-00095,436,4541.184999999996,borda
610,Q0,FBIS4-42726,437,4536.324999999994,borda
610,Q0,FT941-6948,438,4524.716249999996,borda
610,Q0,FR941006-0-00065,439,4523.442499999996,borda
610,Q0,FR941007-2-00118,440,4522.7587499999945,borda
610,Q0,FT923-13442,441,4516.284999999996,borda
610,Q0,FR940527-2-00021,442,4512.877499999997,borda
610,Q0,FT943-11230,443,4507.951249999996,borda
610,Q0,FT932-10583,444,4499.918749999995,borda
610,Q0,FT911-3973,445,4498.376249999996,borda
610,Q0,FT942-1268,446,4493.536249999996,borda
610,Q0,FR940407-2-00155,447,4481.997499999995,borda
610,Q0,FT934-4806,448,4471.983749999995,borda
610,Q0,FR940324-0-00033,449,4466.9287499999955,borda
610,Q0,FR940907-0-00027,450,4461.358749999996,borda
610,Q0,FT922-14101,451,4448.948749999995,borda
610,Q0,FT933-7586,452,4440.148749999996,borda
610,Q0,FBIS3-46848,453,4429.082499999996,borda
610,Q0,FT932-12956,454,4427.678749999994,borda
610,Q0,FT941-3998,455,4401.349999999995,borda
610,Q0,FR940926-0-00082,456,4399.791249999996,borda
610,Q0,FR940118-1-00054,457,4383.5537499999955,borda
610,Q0,FR940124-1-00020,458,4383.346249999995,borda
610,Q0,FR940112-1-00034,459,4383.0812499999965,borda
610,Q0,FT942-5299,460,4372.077499999996,borda
610,Q0,FT933-16769,461,4370.2149999999965,borda
610,Q0,FBIS4-39005,462,4368.722499999995,borda
610,Q0,FT943-15578,463,4367.931249999994,borda
610,Q0,FR940706-2-00040,464,4361.821249999995,borda
610,Q0,FT942-15012,465,4360.332499999996,borda
610,Q0,FT942-13974,466,4332.288749999993,borda
610,Q0,FT931-3171,467,4320.713749999995,borda
610,Q0,FBIS3-20813,468,4316.363749999996,borda
610,Q0,FT944-13521,469,4312.668749999995,borda
610,Q0,FR940128-1-00005,470,4301.444999999995,borda
610,Q0,FBIS3-24038,471,4297.219999999996,borda
610,Q0,FT922-14661,472,4290.327499999997,borda
610,Q0,FT944-8130,473,4287.121249999996,borda
610,Q0,FR941006-1-00153,474,4255.322499999997,borda
610,Q0,FR940627-0-00172,475,4248.798749999995,borda
610,Q0,FR940913-0-00048,476,4247.952499999996,borda
610,Q0,FR940317-0-00003,477,4246.531249999996,borda
610,Q0,FR940707-2-00005,478,4230.8887499999955,borda
610,Q0,FT941-1167,479,4228.418749999996,borda
610,Q0,FR940602-1-00006,480,4225.639999999995,borda
610,Q0,FR941220-0-00091,481,4214.462499999995,borda
610,Q0,FR940707-0-00014,482,4209.592499999994,borda
610,Q0,FT922-12363,483,4191.799999999996,borda
610,Q0,FT921-706,484,4182.541249999997,borda
610,Q0,FR940513-1-00101,485,4155.333749999996,borda
610,Q0,LA072890-0057,486,4153.618749999996,borda
610,Q0,FR940805-2-00008,487,4152.943749999995,borda
610,Q0,FT923-1907,488,4150.513749999996,borda
610,Q0,FT942-12536,489,4146.923749999996,borda
610,Q0,FR941220-1-00049,490,4143.844999999996,borda
610,Q0,FT924-12569,491,4142.597499999995,borda
610,Q0,FBIS3-57281,492,4133.324999999997,borda
610,Q0,FBIS4-19768,493,4133.294999999995,borda
610,Q0,FBIS4-43035,494,4115.293749999997,borda
610,Q0,FT941-8063,495,4105.199999999995,borda
610,Q0,FR940727-0-00137,496,4099.3349999999955,borda
610,Q0,FT934-12740,497,4095.4437499999963,borda
610,Q0,FR940414-0-00072,498,4087.272499999994,borda
610,Q0,FR940719-1-00020,499,4077.9874999999965,borda
610,Q0,FT943-2112,500,4071.4149999999977,borda
610,Q0,FR940826-1-00060,501,4070.9287499999955,borda
610,Q0,FR940602-2-00167,502,4062.8574999999955,borda
610,Q0,FBIS4-54032,503,4053.6512499999963,borda
610,Q0,FR941205-0-00024,504,4020.569999999995,borda
610,Q0,FR941220-0-00042,505,4020.3874999999957,borda
610,Q0,FR940621-1-00016,506,4011.5549999999957,borda
610,Q0,FT933-7228,507,4010.931249999995,borda
610,Q0,FBIS3-6884,508,4009.9337499999965,borda
610,Q0,FBIS4-66235,509,4009.091249999995,borda
610,Q0,FBIS4-47015,510,4001.283749999997,borda
610,Q0,FR940727-0-00107,511,4000.986249999995,borda
610,Q0,FR940617-2-00044,512,3998.0562499999955,borda
610,Q0,FR940111-0-00059,513,3984.5549999999967,borda
610,Q0,LA032990-0081,514,3981.864999999996,borda
610,Q0,FT942-13748,515,3979.3112499999966,borda
610,Q0,FT944-14270,516,3973.926249999998,borda
610,Q0,FBIS4-57341,517,3965.9624999999974,borda
610,Q0,FR940725-0-00021,518,3950.489999999996,borda
610,Q0,LA072990-0221,519,3939.424999999997,borda
610,Q0,FT911-3235,520,3934.3237499999977,borda
610,Q0,FBIS3-60,521,3922.2687499999965,borda
610,Q0,FT942-115,522,3920.6212499999974,borda
610,Q0,FR940527-2-00219,523,3916.7337499999944,borda
610,Q0,FBIS3-18067,524,3915.4574999999973,borda
610,Q0,FT942-3667,525,3909.5062499999976,borda
610,Q0,FR940602-0-00029,526,3900.6824999999963,borda
610,Q0,FR940110-0-00025,527,3886.533749999995,borda
610,Q0,LA081390-0118,528,3883.9449999999956,borda
610,Q0,FT943-2549,529,3883.237499999998,borda
610,Q0,FR940511-0-00071,530,3881.6662499999957,borda
610,Q0,FR940819-0-00016,531,3880.207499999997,borda
610,Q0,FR941220-0-00089,532,3859.619999999997,borda
610,Q0,FT943-5994,533,3855.246249999998,borda
610,Q0,FR941220-0-00108,534,3853.5274999999956,borda
610,Q0,FR941206-0-00068,535,3842.2537499999953,borda
610,Q0,FBIS4-11648,536,3825.6187499999974,borda
610,Q0,FR940621-0-00003,537,3821.1299999999956,borda
610,Q0,FT921-2402,538,3818.004999999998,borda
610,Q0,FT944-14146,539,3805.8949999999973,borda
610,Q0,FT921-2359,540,3802.6674999999987,borda
610,Q0,FT933-8379,541,3800.8174999999956,borda
610,Q0,FBIS3-7567,542,3799.9249999999956,borda
610,Q0,FR941220-0-00081,543,3799.811249999995,borda
610,Q0,FR940419-0-00036,544,3796.013749999996,borda
610,Q0,FT931-7717,545,3794.486249999997,borda
610,Q0,FR940523-1-00003,546,3791.861249999996,borda
610,Q0,FT931-16755,547,3787.7924999999973,borda
610,Q0,FBIS4-6543,548,3787.7262499999974,borda
610,Q0,FR941103-0-00154,549,3779.4549999999967,borda
610,Q0,FR940104-2-00042,550,3776.3874999999957,borda
610,Q0,FT933-928,551,3773.5724999999957,borda
610,Q0,FBIS3-50766,552,3772.107499999996,borda
610,Q0,FR941220-0-00109,553,3762.2599999999957,borda
610,Q0,FT922-13182,554,3756.9599999999955,borda
610,Q0,LA041190-0134,555,3753.5399999999972,borda
610,Q0,LA040289-0056,556,3743.8662499999973,borda
610,Q0,FR940902-0-00007,557,3743.2962499999962,borda
610,Q0,FR940705-1-00026,558,3740.3912499999965,borda
610,Q0,FR940106-0-00099,559,3734.018749999996,borda
610,Q0,FT944-18125,560,3726.9787499999975,borda
610,Q0,FR940803-1-00004,561,3717.294999999996,borda
610,Q0,FT933-13071,562,3706.429999999998,borda
610,Q0,FR940711-2-00112,563,3702.0424999999955,borda
610,Q0,FT944-6281,564,3697.6749999999975,borda
610,Q0,FT933-857,565,3696.318749999997,borda
610,Q0,FR940607-0-00024,566,3689.404999999995,borda
610,Q0,FR940906-0-00020,567,3689.009999999996,borda
610,Q0,FBIS4-43641,568,3670.471249999998,borda
610,Q0,LA042790-0115,569,3669.2324999999973,borda
610,Q0,FT921-4035,570,3663.5187499999975,borda
610,Q0,FBIS3-61124,571,3659.756249999998,borda
610,Q0,FR940725-0-00105,572,3654.144999999996,borda
610,Q0,FT921-2350,573,3652.444999999998,borda
610,Q0,FR940114-1-00066,574,3650.0062499999963,borda
610,Q0,FR940712-1-00051,575,3643.007499999996,borda
610,Q0,FR940803-0-00078,576,3633.381249999997,borda
610,Q0,FR941221-0-00031,577,3631.8599999999965,borda
610,Q0,FT941-3272,578,3631.3912499999974,borda
610,Q0,FR940426-1-00008,579,3602.316249999997,borda
610,Q0,FR940223-0-00044,580,3601.3687499999974,borda
610,Q0,LA051989-0184,581,3596.9162499999975,borda
610,Q0,FT941-929,582,3593.3837499999986,borda
610,Q0,FBIS4-46902,583,3592.356249999998,borda
610,Q0,FR940112-0-00065,584,3590.8924999999967,borda
610,Q0,FR941006-0-00020,585,3588.3224999999966,borda
610,Q0,FR940825-0-00009,586,3587.1199999999963,borda
610,Q0,FR940825-0-00074,587,3586.1712499999962,borda
610,Q0,FBIS3-1945,588,3584.5024999999987,borda
610,Q0,FR940919-0-00034,589,3582.706249999996,borda
610,Q0,FT942-249,590,3581.8724999999977,borda
610,Q0,FT933-8052,591,3576.8637499999963,borda
610,Q0,FR941103-0-00078,592,3575.062499999996,borda
610,Q0,FR940722-0-00115,593,3559.4862499999977,borda
610,Q0,FR940930-0-00076,594,3557.556249999996,borda
610,Q0,FR941116-0-00088,595,3538.128749999997,borda
610,Q0,FR940916-1-00007,596,3527.373749999997,borda
610,Q0,FT923-7502,597,3525.5887499999976,borda
610,Q0,FBIS4-68430,598,3521.579999999998,borda
610,Q0,FR940620-1-00113,599,3517.1737499999963,borda
610,Q0,LA051790-0048,600,3515.407499999999,borda
610,Q0,FT934-9447,601,3512.0774999999962,borda
610,Q0,FR940114-1-00089,602,3509.3324999999954,borda
610,Q0,LA071590-0177,603,3500.691249999996,borda
610,Q0,FBIS4-22403,604,3500.2799999999975,borda
610,Q0,FT944-14558,605,3495.882499999997,borda
610,Q0,FR941031-0-00026,606,3485.7549999999965,borda
610,Q0,FR941207-2-00012,607,3471.5099999999966,borda
610,Q0,FR940426-1-00103,608,3466.9762499999974,borda
610,Q0,FR940223-1-00063,609,3452.774999999997,borda
610,Q0,FT932-16590,610,3449.644999999995,borda
610,Q0,FT934-9451,611,3447.986249999997,borda
610,Q0,FR940603-0-00042,612,3441.271249999998,borda
610,Q0,FR940628-0-00014,613,3429.458749999997,borda
610,Q0,FR940913-0-00087,614,3417.284999999996,borda
610,Q0,FR940105-0-00046,615,3416.7112499999967,borda
610,Q0,FR940613-0-00148,616,3412.873749999996,borda
610,Q0,FBIS3-19533,617,3393.929999999998,borda
610,Q0,FR940711-2-00057,618,3385.708749999997,borda
610,Q0,FT921-4577,619,3378.1449999999973,borda
610,Q0,FR940314-1-00031,620,3373.9012499999963,borda
610,Q0,FR940617-0-00075,621,3371.8299999999963,borda
610,Q0,LA101790-0022,622,3370.816249999997,borda
610,Q0,FT941-6733,623,3363.532499999998,borda
610,Q0,FT941-1153,624,3358.9937499999983,borda
610,Q0,FR941116-1-00027,625,3357.853749999997,borda
610,Q0,FR940825-0-00055,626,3348.763749999996,borda
610,Q0,FR940617-0-00107,627,3338.884999999996,borda
610,Q0,FR940404-1-00007,628,3338.6799999999967,borda
610,Q0,FT931-3052,629,3334.0574999999985,borda
610,Q0,FBIS3-42799,630,3330.8849999999975,borda
610,Q0,FT934-16058,631,3305.478749999998,borda
610,Q0,LA030989-0118,632,3299.339999999999,borda
610,Q0,LA051390-0102,633,3297.3399999999974,borda
610,Q0,FR940428-1-00009,634,3287.863749999997,borda
610,Q0,FT943-1808,635,3285.774999999996,borda
610,Q0,FR940414-1-00085,636,3284.1087499999976,borda
610,Q0,FR940830-1-00017,637,3283.739999999996,borda
610,Q0,FR941007-1-00029,638,3281.0949999999957,borda
610,Q0,FT934-11484,639,3280.458749999998,borda
610,Q0,FBIS4-44,640,3277.5024999999964,borda
610,Q0,FBIS3-23882,641,3272.9362499999975,borda
610,Q0,FR940927-1-00030,642,3260.473749999996,borda
610,Q0,FBIS3-19043,643,3256.264999999998,borda
610,Q0,FBIS4-41833,644,3252.9287499999978,borda
610,Q0,FR941230-0-00067,645,3252.9249999999975,borda
610,Q0,FR940705-0-00069,646,3251.682499999998,borda
610,Q0,FR940831-0-00057,647,3247.776249999997,borda
610,Q0,FR940819-0-00026,648,3247.4387499999966,borda
610,Q0,FR940930-1-00030,649,3247.307499999997,borda
610,Q0,FR941004-0-00038,650,3243.8599999999965,borda
610,Q0,FR940817-1-00048,651,3242.398749999998,borda
610,Q0,FT921-3389,652,3239.6337499999977,borda
610,Q0,FT934-17134,653,3232.1237499999975,borda
610,Q0,FT942-4766,654,3227.878749999998,borda
610,Q0,FR940314-0-00008,655,3225.102499999997,borda
610,Q0,FT933-6917,656,3221.567499999998,borda
610,Q0,FT943-1193,657,3218.7037499999974,borda
610,Q0,FT931-12848,658,3218.6749999999975,borda
610,Q0,FT924-12397,659,3217.904999999997,borda
610,Q0,FR940926-1-00037,660,3212.9774999999972,borda
610,Q0,FT921-3126,661,3207.636249999998,borda
610,Q0,FR940119-1-00029,662,3202.3624999999975,borda
610,Q0,FR940919-0-00014,663,3191.9999999999973,borda
610,Q0,FT911-241,664,3190.2512499999984,borda
610,Q0,FBIS3-61205,665,3189.074999999997,borda
610,Q0,FR940728-1-00005,666,3184.489999999997,borda
610,Q0,FT924-10165,667,3183.688749999997,borda
610,Q0,FT911-1174,668,3182.411249999997,borda
610,Q0,LA060989-0070,669,3182.002499999999,borda
610,Q0,FR940418-0-00018,670,3181.837499999998,borda
610,Q0,FR941207-0-00129,671,3178.8824999999974,borda
610,Q0,FR941230-0-00053,672,3172.757499999997,borda
610,Q0,LA042990-0245,673,3168.9837499999994,borda
610,Q0,FR940110-0-00014,674,3154.293749999997,borda
610,Q0,FR941011-0-00056,675,3148.289999999997,borda
610,Q0,FR940228-0-00004,676,3145.2699999999973,borda
610,Q0,FT921-2889,677,3137.9949999999976,borda
610,Q0,LA051989-0180,678,3134.6737499999977,borda
610,Q0,FBIS4-5607,679,3133.9949999999985,borda
610,Q0,FR940128-0-00040,680,3133.764999999998,borda
610,Q0,FBIS4-38731,681,3133.041249999998,borda
610,Q0,FT934-15550,682,3132.668749999998,borda
610,Q0,FT931-2267,683,3131.2624999999975,borda
610,Q0,LA092090-0096,684,3126.7312499999985,borda
610,Q0,FT921-968,685,3121.027499999996,borda
610,Q0,FR940304-1-00187,686,3117.5799999999967,borda
610,Q0,FR940126-0-00006,687,3117.447499999997,borda
610,Q0,LA032590-0243,688,3112.5299999999984,borda
610,Q0,FR940622-1-00052,689,3111.189999999997,borda
610,Q0,FR940613-0-00076,690,3101.086249999997,borda
610,Q0,FT924-9285,691,3093.0062499999976,borda
610,Q0,FT924-15353,692,3089.1674999999977,borda
610,Q0,FR941221-0-00029,693,3088.043749999997,borda
610,Q0,FT944-18886,694,3085.0737499999977,borda
610,Q0,FT932-7950,695,3084.4574999999963,borda
610,Q0,FT941-3024,696,3082.8149999999982,borda
610,Q0,FT921-1748,697,3077.6149999999984,borda
610,Q0,FR940907-0-00026,698,3074.168749999997,borda
610,Q0,FR941116-0-00013,699,3072.4312499999974,borda
610,Q0,FT924-12188,700,3067.8987499999976,borda
610,Q0,FT943-5989,701,3066.054999999999,borda
610,Q0,FT944-7603,702,3062.986249999998,borda
610,Q0,FR941222-1-00004,703,3057.8237499999964,borda
610,Q0,FR941117-0-00028,704,3052.4137499999974,borda
610,Q0,FR941222-0-00112,705,3052.346249999997,borda
610,Q0,FT924-9618,706,3052.217499999996,borda
610,Q0,FR940414-0-00034,707,3050.614999999997,borda
610,Q0,FT922-6359,708,3049.356249999997,borda
610,Q0,FT924-9572,709,3048.652499999997,borda
610,Q0,FR940819-0-00019,710,3044.0899999999983,borda
610,Q0,FR940527-1-00063,711,3043.8787499999976,borda
610,Q0,FR940406-0-00090,712,3043.2912499999966,borda
610,Q0,FBIS3-19183,713,3041.364999999998,borda
610,Q0,FBIS3-5905,714,3028.377499999998,borda
610,Q0,FT943-3165,715,3023.859999999998,borda
610,Q0,FBIS4-11055,716,3017.371249999997,borda
610,Q0,FR941116-2-00071,717,3016.951249999997,borda
610,Q0,FR940414-1-00073,718,3008.6299999999974,borda
610,Q0,FR940830-1-00089,719,3007.941249999996,borda
610,Q0,FR940426-1-00097,720,3000.4699999999966,borda
610,Q0,FR940902-1-00048,721,2999.3162499999994,borda
610,Q0,FR940428-0-00040,722,2995.7449999999967,borda
610,Q0,FBIS4-16673,723,2991.0749999999994,borda
610,Q0,FT932-1170,724,2987.1174999999976,borda
610,Q0,FT941-5941,725,2982.898749999999,borda
610,Q0,FBIS3-18567,726,2981.1049999999987,borda
610,Q0,FR940627-0-00067,727,2979.5149999999962,borda
610,Q0,FT911-4327,728,2960.5374999999985,borda
610,Q0,FT941-818,729,2947.5762499999987,borda
610,Q0,FR940314-1-00053,730,2946.333749999996,borda
610,Q0,FR940525-0-00026,731,2945.1087499999967,borda
610,Q0,FT924-11302,732,2944.0024999999973,borda
610,Q0,FR940621-0-00005,733,2933.2262499999965,borda
610,Q0,FR940720-1-00039,734,2930.426249999997,borda
610,Q0,FT923-2575,735,2922.788749999999,borda
610,Q0,FR940203-1-00035,736,2892.9362499999966,borda
610,Q0,FR940913-0-00077,737,2887.7987499999967,borda
610,Q0,FBIS3-42807,738,2884.3537499999984,borda
610,Q0,FT924-3128,739,2882.3124999999955,borda
610,Q0,FR940318-0-00024,740,2877.0262499999967,borda
610,Q0,FR940304-1-00091,741,2872.5774999999976,borda
610,Q0,FT941-5952,742,2872.2237499999987,borda
610,Q0,FT921-2875,743,2863.6987499999973,borda
610,Q0,FR940314-1-00054,744,2862.727499999996,borda
610,Q0,FR940304-0-00029,745,2849.5324999999975,borda
610,Q0,FT943-294,746,2845.0687499999963,borda
610,Q0,LA123090-0171,747,2843.7974999999988,borda
610,Q0,FR940124-1-00098,748,2827.8512499999974,borda
610,Q0,FT933-7591,749,2827.737499999999,borda
610,Q0,FBIS4-42903,750,2822.937499999999,borda
610,Q0,FR940721-0-00032,751,2814.6962499999972,borda
610,Q0,FT911-1397,752,2811.552499999999,borda
610,Q0,FBIS3-40324,753,2811.2987499999977,borda
610,Q0,FR940930-0-00072,754,2808.511249999996,borda
610,Q0,FBIS4-2113,755,2804.8837499999986,borda
610,Q0,FR940119-1-00009,756,2794.018749999998,borda
610,Q0,FR940406-1-00007,757,2780.6787499999973,borda
610,Q0,FT921-14578,758,2778.6412499999965,borda
610,Q0,FBIS4-27289,759,2768.2112499999985,borda
610,Q0,FBIS4-43667,760,2765.413749999997,borda
610,Q0,FR940426-1-00109,761,2761.6687499999966,borda
610,Q0,FT934-12211,762,2757.0774999999962,borda
610,Q0,FR941027-1-00030,763,2753.9649999999992,borda
610,Q0,FR940804-0-00017,764,2749.868749999997,borda
610,Q0,FT941-682,765,2735.719999999999,borda
610,Q0,FBIS3-23,766,2728.411249999999,borda
610,Q0,FR940405-1-00016,767,2717.617499999996,borda
610,Q0,FT911-4847,768,2717.259999999999,borda
610,Q0,FR941128-1-00029,769,2711.4199999999973,borda
610,Q0,FR940602-1-00023,770,2709.377499999999,borda
610,Q0,FR940414-0-00074,771,2701.574999999997,borda
610,Q0,FR941221-0-00036,772,2696.7549999999965,borda
610,Q0,LA052189-0223,773,2695.353749999997,borda
610,Q0,FR941220-0-00011,774,2695.2187499999977,borda
610,Q0,FR940223-0-00042,775,2693.963749999998,borda
610,Q0,FBIS3-32624,776,2691.767499999998,borda
610,Q0,LA072690-0009,777,2687.0812499999975,borda
610,Q0,FBIS4-13939,778,2681.1912499999958,borda
610,Q0,FT942-4764,779,2675.4537499999974,borda
610,Q0,FR940831-0-00060,780,2672.8224999999966,borda
610,Q0,FT943-2071,781,2665.8974999999973,borda
610,Q0,FR940603-0-00032,782,2665.3762499999966,borda
610,Q0,FR941026-0-00040,783,2662.0399999999963,borda
610,Q0,FR940802-0-00066,784,2661.5524999999975,borda
610,Q0,LA052189-0047,785,2647.358749999999,borda
610,Q0,FR940606-0-00030,786,2644.941249999998,borda
610,Q0,FT933-482,787,2644.6162499999987,borda
610,Q0,FR941102-0-00061,788,2641.1212499999965,borda
610,Q0,FR941012-1-00021,789,2639.8587499999967,borda
610,Q0,FR941130-0-00122,790,2639.5349999999994,borda
610,Q0,FR940503-0-00077,791,2638.1737499999967,borda
610,Q0,LA090190-0100,792,2634.7849999999985,borda
610,Q0,LA013189-0080,793,2632.1924999999983,borda
610,Q0,LA092189-0017,794,2623.441249999996,borda
610,Q0,FT921-5799,795,2617.379999999998,borda
610,Q0,FT944-13569,796,2616.572499999999,borda
610,Q0,FR940810-0-00028,797,2607.606249999998,borda
610,Q0,FR940819-0-00017,798,2606.206249999999,borda
610,Q0,FBIS4-5135,799,2605.047499999997,borda
610,Q0,FR940719-1-00008,800,2604.7349999999956,borda
610,Q0,FR940620-0-00057,801,2601.582499999996,borda
610,Q0,FR940825-0-00105,802,2600.8324999999986,borda
610,Q0,FT933-6708,803,2591.877499999997,borda
610,Q0,FR940913-1-00035,804,2591.6349999999975,borda
610,Q0,FT911-2141,805,2591.5337499999987,borda
610,Q0,FT932-8523,806,2589.739999999996,borda
610,Q0,FR940525-0-00042,807,2584.228749999998,borda
610,Q0,FBIS3-4949,808,2581.742499999997,borda
610,Q0,FR940525-0-00028,809,2581.083749999997,borda
610,Q0,FR940106-0-00137,810,2580.1374999999966,borda
610,Q0,FT933-1570,811,2573.314999999999,borda
610,Q0,FR941027-0-00017,812,2571.8074999999994,borda
610,Q0,FR940208-0-00042,813,2570.2674999999967,borda
610,Q0,LA021590-0124,814,2569.3537499999993,borda
610,Q0,FBIS3-43160,815,2567.6774999999993,borda
610,Q0,FR940407-0-00012,816,2565.5699999999974,borda
610,Q0,FR941117-0-00034,817,2565.288749999997,borda
610,Q0,FBIS3-43214,818,2564.1899999999996,borda
610,Q0,FR940106-0-00042,819,2561.5612499999984,borda
610,Q0,FR941007-2-00120,820,2556.8187499999963,borda
610,Q0,FBIS4-46816,821,2548.8474999999985,borda
610,Q0,FR940105-0-00059,822,2540.489999999997,borda
610,Q0,FR940119-0-00033,823,2524.766249999998,borda
610,Q0,FR940126-0-00007,824,2519.313749999997,borda
610,Q0,FBIS3-44756,825,2518.2774999999983,borda
610,Q0,FBIS3-42912,826,2515.6274999999987,borda
610,Q0,FR940812-2-00011,827,2513.009999999998,borda
610,Q0,FR941116-0-00195,828,2510.4074999999975,borda
610,Q0,FR940428-0-00061,829,2508.7649999999967,borda
610,Q0,FT941-9819,830,2507.6949999999974,borda
610,Q0,FR941128-2-00027,831,2507.1012499999974,borda
610,Q0,FT943-15074,832,2497.2374999999993,borda
610,Q0,FT922-4436,833,2495.6899999999973,borda
610,Q0,FR940811-1-00007,834,2495.2412499999973,borda
610,Q0,FR941031-0-00019,835,2487.614999999998,borda
610,Q0,FR940304-0-00032,836,2477.8374999999974,borda
610,Q0,FR940727-1-00061,837,2476.6062499999975,borda
610,Q0,FR940819-0-00018,838,2476.231249999998,borda
610,Q0,FR940620-0-00068,839,2471.6099999999974,borda
610,Q0,FR941206-1-00134,840,2460.8512499999997,borda
610,Q0,FR941004-1-00123,841,2459.1924999999983,borda
610,Q0,FR940617-0-00083,842,2458.926249999997,borda
610,Q0,FR941019-0-00078,843,2452.3974999999973,borda
610,Q0,FR940405-1-00112,844,2449.374999999998,borda
610,Q0,FT924-6843,845,2446.9774999999986,borda
610,Q0,FR940128-1-00085,846,2439.8462499999973,borda
610,Q0,FR940318-0-00093,847,2438.423749999999,borda
610,Q0,FT942-4107,848,2433.591249999999,borda
610,Q0,FR940527-1-00056,849,2432.342499999998,borda
610,Q0,FR941020-0-00043,850,2430.7737499999976,borda
610,Q0,FT921-1664,851,2430.6287499999976,borda
610,Q0,FR941219-1-00018,852,2425.9687499999973,borda
610,Q0,FT934-15101,853,2425.0412499999984,borda
610,Q0,LA122489-0068,854,2419.1412499999974,borda
610,Q0,FR940621-0-00022,855,2417.304999999997,borda
610,Q0,FBIS3-29,856,2413.27875,borda
610,Q0,FR940325-0-00026,857,2410.7237499999983,borda
610,Q0,FT931-4377,858,2408.9674999999984,borda
610,Q0,FR940119-1-00030,859,2402.717499999998,borda
610,Q0,FR940722-0-00113,860,2401.711249999998,borda
610,Q0,FR941220-0-00097,861,2401.6049999999973,borda
610,Q0,FBIS4-61149,862,2392.837499999999,borda
610,Q0,FR940817-0-00024,863,2391.8637499999977,borda
610,Q0,FBIS4-46879,864,2391.6199999999976,borda
610,Q0,FR941102-0-00062,865,2385.194999999997,borda
610,Q0,LA101490-0026,866,2381.9249999999975,borda
610,Q0,FBIS4-38429,867,2378.6224999999986,borda
610,Q0,FR940630-0-00106,868,2376.877499999998,borda
610,Q0,FR940713-0-00031,869,2375.969999999998,borda
610,Q0,FR940907-2-00093,870,2369.9662499999968,borda
610,Q0,FR941007-1-00030,871,2369.944999999996,borda
610,Q0,FR940804-0-00011,872,2368.8274999999976,borda
610,Q0,FR940511-1-00049,873,2363.2599999999984,borda
610,Q0,FR941216-1-00069,874,2361.108749999998,borda
610,Q0,FR940921-0-00016,875,2358.738749999998,borda
610,Q0,FT921-8898,876,2356.6912499999976,borda
610,Q0,FR940204-0-00017,877,2350.5274999999965,borda
610,Q0,FR940302-0-00022,878,2350.2637499999973,borda
610,Q0,FBIS4-46686,879,2348.6612499999983,borda
610,Q0,FBIS3-51448,880,2346.6324999999965,borda
610,Q0,FR940822-1-00012,881,2346.137499999998,borda
610,Q0,FR940902-1-00040,882,2344.8399999999974,borda
610,Q0,FR940204-2-00110,883,2342.856249999996,borda
610,Q0,FR941202-0-00055,884,2338.471249999997,borda
610,Q0,FR940304-1-00170,885,2335.2637499999983,borda
610,Q0,FR940902-1-00022,886,2333.756249999998,borda
610,Q0,FBIS4-68893,887,2328.0049999999997,borda
610,Q0,FR940819-2-00044,888,2318.9574999999977,borda
610,Q0,FBIS3-24653,889,2318.0512499999995,borda
610,Q0,FR941004-0-00037,890,2316.306249999998,borda
610,Q0,FBIS4-47020,891,2314.171249999998,borda
610,Q0,FR941026-0-00036,892,2313.1662499999975,borda
610,Q0,FBIS4-42,893,2311.975,borda
610,Q0,FR940802-0-00067,894,2304.6587499999987,borda
610,Q0,FR940610-2-00018,895,2301.4324999999976,borda
610,Q0,FR940304-1-00059,896,2299.8749999999986,borda
610,Q0,FR940413-0-00045,897,2296.479999999997,borda
610,Q0,FR940314-0-00006,898,2296.383749999998,borda
610,Q0,FT931-14390,899,2292.8437499999986,borda
610,Q0,FBIS3-20332,900,2289.581249999999,borda
610,Q0,FR941011-0-00035,901,2286.0762499999964,borda
610,Q0,FBIS3-37947,902,2285.13625,borda
610,Q0,FR941007-0-00044,903,2280.0749999999975,borda
610,Q0,FR940822-2-00020,904,2278.987499999999,borda
610,Q0,FR940112-0-00125,905,2271.542499999997,borda
610,Q0,FT944-14900,906,2269.721249999999,borda
610,Q0,FR940324-0-00005,907,2266.3862499999977,borda
610,Q0,FR941116-0-00166,908,2264.3662499999973,borda
610,Q0,FT922-8446,909,2264.162499999998,borda
610,Q0,FR940627-0-00167,910,2263.9624999999983,borda
610,Q0,FBIS4-62911,911,2261.4274999999975,borda
610,Q0,FT933-9578,912,2259.7799999999966,borda
610,Q0,FR941216-2-00031,913,2257.7924999999977,borda
610,Q0,FR940819-0-00061,914,2253.1299999999983,borda
610,Q0,FR940124-0-00020,915,2252.2162499999977,borda
610,Q0,FT934-14082,916,2249.1499999999974,borda
610,Q0,FT931-11571,917,2248.0674999999987,borda
610,Q0,FR940527-1-00183,918,2241.6462499999984,borda
610,Q0,FR941031-1-00021,919,2241.1299999999983,borda
610,Q0,LA012590-0136,920,2240.7724999999978,borda
610,Q0,FR940705-0-00067,921,2238.3624999999984,borda
610,Q0,FBIS4-27813,922,2236.756249999997,borda
610,Q0,FR940428-0-00023,923,2235.296249999997,borda
610,Q0,LA101389-0186,924,2232.167499999997,borda
610,Q0,FR941220-0-00102,925,2231.966249999999,borda
610,Q0,FBIS3-67,926,2229.98625,borda
610,Q0,FT931-15070,927,2221.418749999999,borda
610,Q0,FBIS3-42726,928,2221.403749999999,borda
610,Q0,FT921-12203,929,2215.757499999999,borda
610,Q0,FBIS3-39252,930,2213.074999999999,borda
610,Q0,LA073089-0094,931,2212.8774999999987,borda
610,Q0,FT923-3700,932,2211.3549999999987,borda
610,Q0,FR940203-2-00038,933,2207.6324999999983,borda
610,Q0,FBIS3-27240,934,2202.592499999999,borda
610,Q0,FR941230-0-00028,935,2201.4662499999977,borda
610,Q0,FR940628-1-00040,936,2197.1862499999975,borda
610,Q0,FT943-16338,937,2196.6637499999983,borda
610,Q0,FT922-7481,938,2194.8512499999997,borda
610,Q0,FT941-1243,939,2194.7774999999974,borda
610,Q0,FR941205-0-00181,940,2194.223749999997,borda
610,Q0,FT921-3032,941,2192.906249999998,borda
610,Q0,FR941227-0-00083,942,2190.9337499999974,borda
610,Q0,FR940720-0-00042,943,2189.6262499999984,borda
610,Q0,FR941219-0-00062,944,2182.793749999997,borda
610,Q0,FT924-9942,945,2182.1862499999984,borda
610,Q0,FR940926-1-00007,946,2178.496249999999,borda
610,Q0,FR941130-0-00064,947,2177.324999999998,borda
610,Q0,FR941102-1-00119,948,2176.624999999999,borda
610,Q0,FR940203-0-00058,949,2175.219999999999,borda
610,Q0,FT934-9705,950,2171.1537499999977,borda
610,Q0,FBIS4-21264,951,2168.028749999999,borda
610,Q0,FR940317-2-00100,952,2167.5649999999987,borda
610,Q0,FR940706-0-00055,953,2162.704999999997,borda
610,Q0,FT943-2055,954,2159.1774999999993,borda
610,Q0,FBIS3-10723,955,2154.663749999999,borda
610,Q0,FT921-2047,956,2154.2937500000003,borda
610,Q0,FR940303-0-00050,957,2153.9624999999987,borda
610,Q0,FBIS3-55121,958,2153.1987499999973,borda
610,Q0,FBIS4-19843,959,2149.523749999998,borda
610,Q0,FT921-3446,960,2139.7249999999985,borda
610,Q0,FR940607-0-00043,961,2135.088749999997,borda
610,Q0,FT932-15927,962,2133.8174999999974,borda
610,Q0,FR940920-1-00118,963,2133.1737499999986,borda
610,Q0,FR941212-1-00033,964,2132.471249999997,borda
610,Q0,FR941213-0-00037,965,2130.6624999999985,borda
610,Q0,FR941212-0-00025,966,2130.428749999997,borda
610,Q0,FR940513-0-00122,967,2130.3849999999984,borda
610,Q0,FT941-839,968,2130.293749999998,borda
610,Q0,FBIS3-19652,969,2129.151249999998,borda
610,Q0,FBIS4-46906,970,2128.989999999999,borda
610,Q0,FR940114-2-00138,971,2126.2187499999977,borda
610,Q0,FR941220-1-00044,972,2120.3724999999986,borda
610,Q0,FR941128-2-00171,973,2116.8062499999965,borda
610,Q0,FT934-3590,974,2112.161249999999,borda
610,Q0,FR941021-0-00075,975,2108.7787499999977,borda
610,Q0,FBIS4-24810,976,2108.0262499999994,borda
610,Q0,FR940817-2-00094,977,2105.7874999999976,borda
610,Q0,FT942-12768,978,2105.711249999999,borda
610,Q0,FR941219-2-00104,979,2104.321249999998,borda
610,Q0,FT944-18593,980,2103.393749999999,borda
610,Q0,FT941-7545,981,2103.206249999998,borda
610,Q0,FR940406-0-00189,982,2102.6362499999973,borda
610,Q0,FT942-14172,983,2100.702499999999,borda
610,Q0,FT943-6352,984,2096.497499999998,borda
610,Q0,FR940621-2-00071,985,2095.013749999998,borda
610,Q0,FR940810-1-00068,986,2090.178749999998,borda
610,Q0,FR941025-2-00091,987,2081.1874999999977,borda
610,Q0,FR941212-0-00035,988,2079.0849999999973,borda
610,Q0,FR940913-0-00021,989,2078.288749999998,borda
610,Q0,FR941031-2-00086,990,2077.262499999998,borda
610,Q0,FBIS4-19646,991,2075.699999999998,borda
610,Q0,FR940720-1-00038,992,2074.9737499999974,borda
610,Q0,FT923-7340,993,2070.4324999999994,borda
610,Q0,FBIS4-9354,994,2067.8775,borda
610,Q0,FR940406-0-00190,995,2067.23625,borda
610,Q0,FBIS4-47016,996,2067.0937499999995,borda
610,Q0,FR940822-0-00067,997,2066.7999999999993,borda
610,Q0,LA090789-0049,998,2060.7824999999975,borda
610,Q0,FR941122-2-00087,999,2060.216249999997,borda
610,Q0,FR940111-0-00061,1000,2058.948749999998,borda
612,Q0,LA030989-0104,1,12851.556249999987,borda
612,Q0,LA012189-0056,2,12824.779999999986,borda
612,Q0,LA013089-0055,3,12791.298749999989,borda
612,Q0,FT932-5619,4,12786.329999999985,borda
612,Q0,LA030689-0004,5,12777.17999999999,borda
612,Q0,LA031289-0148,6,12773.398749999988,borda
612,Q0,LA031189-0049,7,12764.247499999983,borda
612,Q0,FBIS4-24390,8,12736.044999999984,borda
612,Q0,LA120389-0122,9,12727.289999999986,borda
612,Q0,FBIS3-25845,10,12723.086249999984,borda
612,Q0,FT944-610,11,12691.162499999988,borda
612,Q0,FBIS3-27046,12,12684.384999999987,borda
612,Q0,LA032089-0010,13,12668.724999999986,borda
612,Q0,FBIS4-24470,14,12665.857499999987,borda
612,Q0,LA080889-0077,15,12662.563749999987,borda
612,Q0,FT932-7323,16,12655.502499999988,borda
612,Q0,LA010790-0046,17,12634.753749999987,borda
612,Q0,LA070889-0049,18,12623.528749999987,borda
612,Q0,FBIS3-3122,19,12622.68999999999,borda
612,Q0,LA031489-0010,20,12571.603749999987,borda
612,Q0,FT932-7361,21,12489.189999999988,borda
612,Q0,FBIS4-25053,22,12486.293749999986,borda
612,Q0,FBIS3-3140,23,12479.571249999983,borda
612,Q0,FT922-8413,24,12399.742499999988,borda
612,Q0,FT932-6495,25,12379.068749999988,borda
612,Q0,FT922-8555,26,12285.678749999985,borda
612,Q0,LA123189-0020,27,12270.839999999987,borda
612,Q0,FBIS3-3225,28,12260.631249999986,borda
612,Q0,FBIS3-2764,29,12228.863749999986,borda
612,Q0,FBIS3-2151,30,12225.702499999987,borda
612,Q0,FT941-8310,31,12212.52374999999,borda
612,Q0,FBIS3-44974,32,12185.006249999988,borda
612,Q0,FBIS3-13750,33,12177.554999999988,borda
612,Q0,FT932-6788,34,12160.694999999987,borda
612,Q0,LA091489-0083,35,12158.872499999987,borda
612,Q0,FBIS3-3695,36,12154.782499999987,borda
612,Q0,FBIS4-48876,37,12147.412499999988,borda
612,Q0,FT932-6542,38,12133.584999999986,borda
612,Q0,FT932-7063,39,12011.256249999988,borda
612,Q0,FBIS4-4223,40,11995.316249999989,borda
612,Q0,FBIS4-50507,41,11989.388749999987,borda
612,Q0,FBIS3-26865,42,11962.526249999986,borda
612,Q0,LA031389-0006,43,11939.324999999988,borda
612,Q0,FT942-4663,44,11905.674999999987,borda
612,Q0,FBIS4-26899,45,11902.20374999999,borda
612,Q0,FT932-9648,46,11884.48874999999,borda
612,Q0,FBIS3-3454,47,11880.77624999999,borda
612,Q0,LA072489-0010,48,11864.376249999987,borda
612,Q0,LA022690-0012,49,11827.573749999989,borda
612,Q0,LA010189-0096,50,11825.566249999987,borda
612,Q0,FBIS3-25866,51,11825.28249999999,borda
612,Q0,FBIS3-3453,52,11801.77249999999,borda
612,Q0,FT911-4612,53,11798.442499999988,borda
612,Q0,FT924-6290,54,11793.361249999987,borda
612,Q0,FBIS4-4222,55,11784.542499999987,borda
612,Q0,FBIS3-3224,56,11774.46999999999,borda
612,Q0,LA030990-0042,57,11756.722499999989,borda
612,Q0,FBIS3-25968,58,11749.834999999988,borda
612,Q0,FBIS3-2577,59,11728.236249999989,borda
612,Q0,LA100589-0216,60,11706.947499999987,borda
612,Q0,FBIS4-25121,61,11705.841249999989,borda
612,Q0,FBIS4-51013,62,11657.406249999989,borda
612,Q0,FBIS4-49686,63,11639.251249999988,borda
612,Q0,FBIS4-3759,64,11623.993749999989,borda
612,Q0,FBIS4-49375,65,11598.417499999987,borda
612,Q0,FBIS3-38102,66,11565.168749999988,borda
612,Q0,FBIS4-63372,67,11507.856249999988,borda
612,Q0,FBIS4-50308,68,11424.826249999987,borda
612,Q0,FBIS3-2843,69,11344.17874999999,borda
612,Q0,FBIS3-25849,70,11330.307499999988,borda
612,Q0,FBIS4-13765,71,11321.35999999999,borda
612,Q0,FBIS4-25615,72,11295.148749999988,borda
612,Q0,LA012490-0016,73,11244.714999999991,borda
612,Q0,LA050290-0051,74,11195.848749999988,borda
612,Q0,FBIS3-41523,75,11167.25124999999,borda
612,Q0,LA052289-0052,76,11153.122499999987,borda
612,Q0,LA121389-0018,77,11149.333749999989,borda
612,Q0,FBIS4-24775,78,11063.168749999988,borda
612,Q0,FBIS3-40769,79,11047.989999999989,borda
612,Q0,FBIS4-25262,80,10989.033749999988,borda
612,Q0,FBIS4-1711,81,10943.543749999988,borda
612,Q0,FBIS3-26814,82,10905.066249999987,borda
612,Q0,FT941-4753,83,10853.987499999992,borda
612,Q0,LA050690-0143,84,10843.287499999991,borda
612,Q0,FBIS3-2576,85,10817.24124999999,borda
612,Q0,FBIS4-49311,86,10816.639999999989,borda
612,Q0,FBIS3-2255,87,10816.243749999989,borda
612,Q0,FBIS3-2513,88,10746.242499999991,borda
612,Q0,FBIS4-49356,89,10735.46249999999,borda
612,Q0,FBIS3-46095,90,10735.03874999999,borda
612,Q0,FBIS4-63373,91,10651.052499999989,borda
612,Q0,FT911-2974,92,10637.16749999999,borda
612,Q0,FT932-14113,93,10620.094999999988,borda
612,Q0,FBIS4-49010,94,10594.091249999989,borda
612,Q0,FBIS4-51383,95,10583.329999999989,borda
612,Q0,FT933-9850,96,10569.706249999988,borda
612,Q0,FBIS3-59039,97,10564.10624999999,borda
612,Q0,FBIS3-26810,98,10531.96624999999,borda
612,Q0,FBIS4-50135,99,10463.21624999999,borda
612,Q0,FBIS4-49396,100,10461.639999999989,borda
612,Q0,FBIS4-51216,101,10440.924999999988,borda
612,Q0,FBIS3-26340,102,10399.594999999987,borda
612,Q0,FBIS3-44598,103,10382.606249999988,borda
612,Q0,FBIS4-26069,104,10361.77499999999,borda
612,Q0,FBIS4-47645,105,10357.018749999988,borda
612,Q0,FBIS3-44343,106,10336.867499999988,borda
612,Q0,FBIS4-50351,107,10323.817499999988,borda
612,Q0,FBIS4-50626,108,10295.912499999988,borda
612,Q0,FBIS3-59040,109,10266.447499999987,borda
612,Q0,FBIS4-67075,110,10261.081249999988,borda
612,Q0,FBIS3-45193,111,10229.84124999999,borda
612,Q0,FBIS4-25717,112,10212.67624999999,borda
612,Q0,FBIS4-49075,113,10211.92249999999,borda
612,Q0,FBIS4-3366,114,10193.89624999999,borda
612,Q0,FBIS3-27067,115,10190.562499999993,borda
612,Q0,FBIS3-38270,116,10158.58374999999,borda
612,Q0,FT911-3449,117,10152.317499999988,borda
612,Q0,FBIS3-19042,118,10146.144999999991,borda
612,Q0,FBIS4-3717,119,10131.662499999991,borda
612,Q0,FBIS4-25267,120,10120.833749999989,borda
612,Q0,LA041589-0005,121,10093.48999999999,borda
612,Q0,FBIS3-26343,122,10064.931249999989,borda
612,Q0,FBIS4-3229,123,10058.38249999999,borda
612,Q0,LA061689-0037,124,10048.814999999991,borda
612,Q0,FBIS4-25052,125,10042.42374999999,borda
612,Q0,FBIS3-38103,126,10042.07999999999,borda
612,Q0,FBIS4-51089,127,10041.61124999999,borda
612,Q0,FBIS4-25042,128,10025.74499999999,borda
612,Q0,FBIS3-26910,129,10018.408749999988,borda
612,Q0,FBIS4-13766,130,9991.146249999987,borda
612,Q0,FBIS4-24471,131,9988.16749999999,borda
612,Q0,FBIS3-3566,132,9977.416249999987,borda
612,Q0,FBIS3-2116,133,9976.55499999999,borda
612,Q0,FT942-12119,134,9965.193749999988,borda
612,Q0,FT932-6782,135,9954.45999999999,borda
612,Q0,FBIS4-49961,136,9943.83624999999,borda
612,Q0,FBIS3-44735,137,9899.977499999988,borda
612,Q0,FBIS4-49611,138,9880.883749999992,borda
612,Q0,FBIS4-59006,139,9832.144999999991,borda
612,Q0,FBIS4-26070,140,9690.49249999999,borda
612,Q0,FBIS4-49976,141,9682.562499999989,borda
612,Q0,FBIS3-3950,142,9656.22874999999,borda
612,Q0,LA061189-0147,143,9630.95249999999,borda
612,Q0,FBIS3-2536,144,9612.27874999999,borda
612,Q0,FBIS3-26421,145,9565.137499999988,borda
612,Q0,FBIS3-2315,146,9547.054999999991,borda
612,Q0,LA092589-0078,147,9542.73749999999,borda
612,Q0,LA061289-0022,148,9495.91749999999,borda
612,Q0,FBIS4-27085,149,9442.43499999999,borda
612,Q0,FBIS3-39450,150,9416.491249999988,borda
612,Q0,FBIS4-50838,151,9365.966249999992,borda
612,Q0,FBIS4-50484,152,9357.756249999991,borda
612,Q0,FBIS4-24473,153,9307.377499999991,borda
612,Q0,FBIS4-3033,154,9269.096249999991,borda
612,Q0,FBIS4-21346,155,9258.91499999999,borda
612,Q0,FBIS3-3141,156,9252.547499999988,borda
612,Q0,FBIS3-4051,157,9230.028749999992,borda
612,Q0,FBIS3-26816,158,9211.094999999992,borda
612,Q0,FBIS4-26071,159,9184.17499999999,borda
612,Q0,LA060889-0115,160,9176.25124999999,borda
612,Q0,FBIS4-25487,161,9167.279999999992,borda
612,Q0,FBIS4-3945,162,9134.20999999999,borda
612,Q0,FBIS3-26817,163,9099.03124999999,borda
612,Q0,FBIS3-25846,164,9099.008749999992,borda
612,Q0,FT944-12934,165,9079.46124999999,borda
612,Q0,FBIS3-2845,166,9066.24249999999,borda
612,Q0,FBIS3-2446,167,9061.40999999999,borda
612,Q0,FBIS3-22271,168,9046.561249999992,borda
612,Q0,FBIS4-49609,169,9033.467499999992,borda
612,Q0,LA040989-0070,170,9032.99999999999,borda
612,Q0,FBIS3-25969,171,9016.73999999999,borda
612,Q0,FBIS4-3750,172,9000.709999999988,borda
612,Q0,LA062389-0158,173,8973.878749999993,borda
612,Q0,FBIS3-2844,174,8969.78124999999,borda
612,Q0,LA053089-0102,175,8928.092499999992,borda
612,Q0,FBIS3-4049,176,8920.91124999999,borda
612,Q0,FT932-7939,177,8907.73499999999,borda
612,Q0,FBIS3-3483,178,8896.967499999992,borda
612,Q0,FBIS4-24890,179,8872.82499999999,borda
612,Q0,FT932-7069,180,8866.176249999988,borda
612,Q0,FT932-5662,181,8859.644999999993,borda
612,Q0,LA061689-0043,182,8854.57249999999,borda
612,Q0,FBIS3-28,183,8836.221249999993,borda
612,Q0,FBIS4-50483,184,8821.94874999999,borda
612,Q0,FBIS3-44515,185,8806.022499999992,borda
612,Q0,LA021890-0043,186,8783.286249999988,borda
612,Q0,FBIS3-26378,187,8775.13249999999,borda
612,Q0,FBIS3-44414,188,8762.202499999992,borda
612,Q0,FBIS4-25350,189,8751.54999999999,borda
612,Q0,FBIS4-26652,190,8727.701249999991,borda
612,Q0,FBIS3-26815,191,8718.72624999999,borda
612,Q0,LA070989-0066,192,8688.59874999999,borda
612,Q0,LA031489-0115,193,8664.817499999992,borda
612,Q0,FBIS4-44505,194,8662.988749999993,borda
612,Q0,LA080689-0103,195,8639.07249999999,borda
612,Q0,LA061189-0081,196,8608.797499999995,borda
612,Q0,FBIS4-25719,197,8574.34124999999,borda
612,Q0,FBIS3-3947,198,8571.618749999992,borda
612,Q0,FBIS3-3571,199,8548.38374999999,borda
612,Q0,FBIS4-6210,200,8533.496249999991,borda
612,Q0,LA061389-0022,201,8515.974999999993,borda
612,Q0,LA022089-0101,202,8503.026249999992,borda
612,Q0,FT942-16011,203,8480.408749999991,borda
612,Q0,FBIS4-3716,204,8447.751249999992,borda
612,Q0,FT943-16673,205,8433.369999999994,borda
612,Q0,LA071289-0141,206,8419.447499999993,borda
612,Q0,FBIS3-46094,207,8410.473749999992,borda
612,Q0,FBIS3-3570,208,8335.739999999994,borda
612,Q0,LA062189-0044,209,8270.552499999993,borda
612,Q0,FBIS4-3745,210,8240.18249999999,borda
612,Q0,FBIS4-24477,211,8239.862499999992,borda
612,Q0,FT923-808,212,8231.652499999993,borda
612,Q0,LA070890-0030,213,8210.86499999999,borda
612,Q0,FBIS4-26538,214,8209.527499999991,borda
612,Q0,LA020790-0098,215,8200.009999999991,borda
612,Q0,LA121189-0057,216,8158.527499999992,borda
612,Q0,FBIS4-26068,217,8156.912499999989,borda
612,Q0,LA061589-0042,218,8155.664999999991,borda
612,Q0,FBIS4-51215,219,8145.3599999999915,borda
612,Q0,FBIS4-24472,220,8144.577499999992,borda
612,Q0,FBIS4-58,221,8138.638749999993,borda
612,Q0,FBIS4-24379,222,8116.357499999993,borda
612,Q0,FBIS4-2335,223,8104.499999999991,borda
612,Q0,FBIS3-4195,224,8103.927499999992,borda
612,Q0,LA052990-0070,225,8099.928749999991,borda
612,Q0,FBIS3-2065,226,8099.796249999992,borda
612,Q0,FBIS4-44974,227,8099.452499999991,borda
612,Q0,FBIS4-66185,228,8091.282499999995,borda
612,Q0,LA061289-0003,229,8080.524999999992,borda
612,Q0,FBIS4-26265,230,8076.799999999991,borda
612,Q0,FBIS4-4109,231,8051.012499999992,borda
612,Q0,FBIS3-3108,232,8041.76249999999,borda
612,Q0,FBIS4-25051,233,8037.193749999992,borda
612,Q0,FBIS4-3944,234,8017.959999999992,borda
612,Q0,LA101489-0131,235,7958.947499999991,borda
612,Q0,FBIS3-3433,236,7949.919999999995,borda
612,Q0,FBIS4-26431,237,7933.257499999993,borda
612,Q0,FBIS4-1919,238,7914.823749999992,borda
612,Q0,FBIS3-27377,239,7914.358749999991,borda
612,Q0,FBIS4-24598,240,7901.93249999999,borda
612,Q0,FBIS4-49610,241,7873.377499999992,borda
612,Q0,FBIS4-64220,242,7864.24749999999,borda
612,Q0,LA062589-0193,243,7861.899999999993,borda
612,Q0,LA092589-0069,244,7803.434999999992,borda
612,Q0,LA081189-0060,245,7777.844999999992,borda
612,Q0,FBIS3-6016,246,7771.688749999992,borda
612,Q0,FBIS4-49138,247,7771.131249999991,borda
612,Q0,FBIS3-3663,248,7742.098749999994,borda
612,Q0,FT931-8733,249,7738.282499999992,borda
612,Q0,LA060289-0089,250,7737.004999999992,borda
612,Q0,FBIS3-3858,251,7693.527499999992,borda
612,Q0,FBIS3-3356,252,7684.6112499999945,borda
612,Q0,LA062789-0059,253,7665.957499999991,borda
612,Q0,FBIS4-3226,254,7659.737499999991,borda
612,Q0,FBIS3-20467,255,7659.391249999991,borda
612,Q0,FBIS3-59869,256,7632.212499999991,borda
612,Q0,FBIS4-50237,257,7618.477499999991,borda
612,Q0,FBIS4-50307,258,7612.928749999993,borda
612,Q0,FBIS4-3165,259,7603.303749999995,borda
612,Q0,FT941-4754,260,7586.273749999992,borda
612,Q0,FBIS4-25718,261,7585.501249999992,borda
612,Q0,FBIS4-3789,262,7580.037499999991,borda
612,Q0,FT943-3962,263,7572.802499999993,borda
612,Q0,LA062289-0065,264,7571.903749999994,borda
612,Q0,FBIS3-2846,265,7561.781249999993,borda
612,Q0,FBIS3-3569,266,7522.3024999999925,borda
612,Q0,FBIS3-3115,267,7481.466249999991,borda
612,Q0,FBIS3-45012,268,7477.249999999993,borda
612,Q0,FBIS4-24499,269,7467.9812499999925,borda
612,Q0,FBIS4-1719,270,7466.649999999993,borda
612,Q0,FBIS3-45920,271,7465.478749999993,borda
612,Q0,FBIS4-66186,272,7460.638749999993,borda
612,Q0,LA120489-0052,273,7446.198749999994,borda
612,Q0,LA012090-0009,274,7435.724999999993,borda
612,Q0,FBIS4-51122,275,7427.129999999993,borda
612,Q0,FBIS4-2916,276,7413.118749999992,borda
612,Q0,LA082790-0025,277,7398.514999999992,borda
612,Q0,FBIS3-3572,278,7394.847499999992,borda
612,Q0,FBIS4-26900,279,7386.649999999992,borda
612,Q0,FBIS3-2152,280,7362.206249999993,borda
612,Q0,FBIS4-24474,281,7361.52999999999,borda
612,Q0,LA061889-0109,282,7345.693749999994,borda
612,Q0,FBIS3-2578,283,7338.456249999992,borda
612,Q0,LA061489-0136,284,7324.384999999994,borda
612,Q0,FBIS4-26264,285,7314.267499999994,borda
612,Q0,FBIS3-18842,286,7227.183749999992,borda
612,Q0,FBIS3-22287,287,7212.704999999994,borda
612,Q0,LA072289-0051,288,7208.3599999999915,borda
612,Q0,FBIS4-3248,289,7205.963749999994,borda
612,Q0,FBIS3-45011,290,7150.1687499999925,borda
612,Q0,FBIS4-45000,291,7147.3787499999935,borda
612,Q0,LA032189-0069,292,7131.038749999993,borda
612,Q0,FBIS3-38101,293,7123.584999999991,borda
612,Q0,FBIS3-44734,294,7113.201249999995,borda
612,Q0,FBIS3-1748,295,7102.557499999991,borda
612,Q0,LA061489-0045,296,6996.043749999993,borda
612,Q0,FBIS4-24475,297,6976.678749999992,borda
612,Q0,FT941-3699,298,6955.289999999994,borda
612,Q0,FBIS4-24478,299,6945.178749999994,borda
612,Q0,FBIS4-66562,300,6936.2749999999905,borda
612,Q0,LA040989-0065,301,6936.061249999995,borda
612,Q0,FBIS4-25713,302,6930.348749999991,borda
612,Q0,FBIS4-3230,303,6925.304999999992,borda
612,Q0,FBIS4-3367,304,6918.093749999992,borda
612,Q0,FBIS3-4050,305,6893.1412499999915,borda
612,Q0,LA043089-0143,306,6872.162499999992,borda
612,Q0,FBIS3-26809,307,6866.313749999993,borda
612,Q0,FBIS3-26937,308,6854.696249999993,borda
612,Q0,FBIS4-25054,309,6849.612499999993,borda
612,Q0,FBIS3-45616,310,6849.146249999991,borda
612,Q0,FBIS4-63225,311,6847.398749999993,borda
612,Q0,FBIS4-49612,312,6845.0074999999915,borda
612,Q0,FBIS3-3567,313,6842.603749999992,borda
612,Q0,FBIS4-2585,314,6819.811249999993,borda
612,Q0,FBIS3-26840,315,6817.064999999994,borda
612,Q0,FBIS4-26668,316,6809.671249999993,borda
612,Q0,LA040690-0009,317,6801.009999999993,borda
612,Q0,FBIS3-2695,318,6783.283749999993,borda
612,Q0,LA112490-0114,319,6771.216249999994,borda
612,Q0,FBIS4-24469,320,6768.826249999994,borda
612,Q0,FBIS4-3227,321,6762.5624999999945,borda
612,Q0,LA063089-0055,322,6757.314999999993,borda
612,Q0,FBIS4-3890,323,6753.013749999993,borda
612,Q0,FBIS3-3696,324,6735.197499999991,borda
612,Q0,FT941-3168,325,6733.336249999993,borda
612,Q0,FBIS3-26379,326,6731.613749999994,borda
612,Q0,LA120189-0116,327,6729.393749999992,borda
612,Q0,FBIS4-50137,328,6729.224999999994,borda
612,Q0,FBIS4-13990,329,6710.336249999992,borda
612,Q0,FBIS3-2405,330,6708.772499999994,borda
612,Q0,FBIS4-51309,331,6705.049999999991,borda
612,Q0,FT942-6801,332,6699.174999999992,borda
612,Q0,FBIS3-2847,333,6695.599999999992,borda
612,Q0,FBIS3-3170,334,6689.748749999994,borda
612,Q0,FBIS3-3699,335,6656.674999999993,borda
612,Q0,FBIS3-2115,336,6651.926249999993,borda
612,Q0,LA101289-0220,337,6651.103749999997,borda
612,Q0,LA071589-0069,338,6640.627499999993,borda
612,Q0,LA052189-0100,339,6640.196249999994,borda
612,Q0,FT943-10626,340,6636.396249999994,borda
612,Q0,FBIS3-3573,341,6632.051249999994,borda
612,Q0,FBIS4-25712,342,6626.496249999994,borda
612,Q0,LA072689-0030,343,6612.809999999992,borda
612,Q0,FT941-3989,344,6584.966249999993,borda
612,Q0,LA011990-0112,345,6580.604999999995,borda
612,Q0,FT911-665,346,6502.149999999993,borda
612,Q0,FBIS4-50134,347,6477.326249999993,borda
612,Q0,FBIS4-45016,348,6469.721249999993,borda
612,Q0,FBIS4-51088,349,6459.567499999993,borda
612,Q0,FBIS4-25614,350,6437.619999999993,borda
612,Q0,LA122589-0031,351,6403.192499999995,borda
612,Q0,FBIS3-25847,352,6403.034999999993,borda
612,Q0,FBIS4-2947,353,6388.436249999992,borda
612,Q0,FBIS4-6058,354,6388.123749999994,borda
612,Q0,LA060689-0064,355,6383.382499999995,borda
612,Q0,FBIS4-2680,356,6356.583749999993,borda
612,Q0,FBIS3-19258,357,6347.434999999995,borda
612,Q0,LA032489-0165,358,6342.5574999999935,borda
612,Q0,FBIS4-65448,359,6333.487499999992,borda
612,Q0,FBIS3-46454,360,6333.006249999993,borda
612,Q0,FBIS4-25948,361,6327.726249999993,borda
612,Q0,FT932-11533,362,6316.327499999993,borda
612,Q0,FBIS3-2928,363,6304.018749999993,borda
612,Q0,FBIS4-25653,364,6265.699999999993,borda
612,Q0,LA071889-0152,365,6233.6024999999945,borda
612,Q0,FT943-14336,366,6201.217499999994,borda
612,Q0,LA040590-0181,367,6176.459999999995,borda
612,Q0,FBIS3-59866,368,6173.627499999994,borda
612,Q0,FBIS3-26049,369,6150.367499999994,borda
612,Q0,LA080489-0109,370,6138.833749999993,borda
612,Q0,LA062589-0191,371,6132.762499999993,borda
612,Q0,LA042289-0055,372,6121.838749999994,borda
612,Q0,FT944-7390,373,6121.506249999993,borda
612,Q0,FBIS4-24479,374,6113.548749999993,borda
612,Q0,LA052090-0246,375,6107.126249999994,borda
612,Q0,FBIS4-24404,376,6093.181249999993,borda
612,Q0,FBIS4-24553,377,6085.028749999996,borda
612,Q0,LA082889-0104,378,6084.469999999994,borda
612,Q0,FBIS3-26808,379,6076.808749999992,borda
612,Q0,LA052189-0101,380,6069.377499999993,borda
612,Q0,FBIS3-26681,381,6031.154999999993,borda
612,Q0,FT933-7330,382,6009.587499999993,borda
612,Q0,FBIS3-3949,383,6001.049999999992,borda
612,Q0,LA032290-0238,384,6000.323749999995,borda
612,Q0,FBIS4-25702,385,5993.232499999992,borda
612,Q0,FBIS4-56655,386,5993.172499999993,borda
612,Q0,FBIS4-49219,387,5988.689999999993,borda
612,Q0,LA071989-0046,388,5974.0487499999945,borda
612,Q0,FBIS3-26050,389,5962.542499999993,borda
612,Q0,FT932-6224,390,5950.113749999994,borda
612,Q0,LA101589-0182,391,5933.086249999996,borda
612,Q0,FT941-5653,392,5923.419999999995,borda
612,Q0,LA040190-0201,393,5919.1074999999955,borda
612,Q0,LA070690-0029,394,5904.874999999994,borda
612,Q0,FBIS3-3759,395,5899.819999999993,borda
612,Q0,LA052189-0097,396,5874.149999999994,borda
612,Q0,FBIS3-45013,397,5871.1599999999935,borda
612,Q0,FBIS4-1731,398,5868.6024999999945,borda
612,Q0,FBIS3-26433,399,5849.964999999995,borda
612,Q0,LA040490-0156,400,5842.336249999994,borda
612,Q0,FBIS3-3418,401,5837.6599999999935,borda
612,Q0,LA060489-0092,402,5830.447499999995,borda
612,Q0,FBIS3-22276,403,5827.732499999994,borda
612,Q0,FBIS3-3575,404,5789.763749999995,borda
612,Q0,FT924-4983,405,5788.358749999994,borda
612,Q0,FBIS3-3568,406,5786.672499999994,borda
612,Q0,FBIS4-24476,407,5778.062499999994,borda
612,Q0,FBIS3-27044,408,5773.131249999993,borda
612,Q0,FBIS4-26901,409,5772.489999999994,borda
612,Q0,FBIS4-49608,410,5772.053749999994,borda
612,Q0,FBIS4-2882,411,5769.618749999994,borda
612,Q0,LA050389-0061,412,5763.084999999994,borda
612,Q0,FBIS4-6211,413,5753.581249999995,borda
612,Q0,FBIS4-51021,414,5749.124999999994,borda
612,Q0,LA053189-0053,415,5746.366249999993,borda
612,Q0,FBIS4-24480,416,5724.981249999993,borda
612,Q0,FBIS4-50136,417,5709.712499999993,borda
612,Q0,LA060490-0037,418,5693.5399999999945,borda
612,Q0,FBIS4-25041,419,5683.548749999993,borda
612,Q0,LA102989-0193,420,5682.837499999995,borda
612,Q0,LA111990-0093,421,5681.484999999994,borda
612,Q0,LA012989-0104,422,5656.511249999996,borda
612,Q0,FBIS4-49962,423,5645.482499999994,borda
612,Q0,FT943-10452,424,5634.288749999993,borda
612,Q0,FBIS4-24889,425,5629.631249999995,borda
612,Q0,FBIS4-50208,426,5622.508749999995,borda
612,Q0,LA060690-0149,427,5611.629999999995,borda
612,Q0,FT943-16838,428,5602.972499999994,borda
612,Q0,LA041590-0133,429,5529.687499999996,borda
612,Q0,FBIS4-2333,430,5465.181249999994,borda
612,Q0,FBIS4-51217,431,5460.754999999994,borda
612,Q0,FBIS4-50236,432,5459.691249999994,borda
612,Q0,FT941-8975,433,5452.082499999996,borda
612,Q0,FBIS4-2681,434,5421.091249999994,borda
612,Q0,LA111889-0134,435,5419.939999999996,borda
612,Q0,LA070489-0097,436,5404.241249999996,borda
612,Q0,FBIS3-2216,437,5385.856249999994,borda
612,Q0,FT944-11242,438,5385.612499999993,borda
612,Q0,LA082789-0101,439,5383.091249999995,borda
612,Q0,FBIS4-48901,440,5344.871249999995,borda
612,Q0,FBIS3-3576,441,5316.523749999994,borda
612,Q0,FBIS4-1815,442,5313.051249999996,borda
612,Q0,LA081189-0149,443,5295.631249999995,borda
612,Q0,FBIS3-26432,444,5293.741249999994,borda
612,Q0,LA012390-0044,445,5289.443749999996,borda
612,Q0,FBIS3-46350,446,5279.588749999995,borda
612,Q0,FBIS3-59271,447,5277.2049999999945,borda
612,Q0,FBIS4-26325,448,5256.753749999995,borda
612,Q0,LA061690-0048,449,5243.057499999995,borda
612,Q0,FBIS3-3751,450,5239.823749999994,borda
612,Q0,FBIS3-26813,451,5232.9237499999945,borda
612,Q0,LA100289-0040,452,5192.8037499999955,borda
612,Q0,LA033190-0079,453,5192.696249999992,borda
612,Q0,FBIS4-51220,454,5191.0399999999945,borda
612,Q0,FBIS4-2281,455,5188.213749999994,borda
612,Q0,FBIS3-3698,456,5183.893749999994,borda
612,Q0,FBIS3-27041,457,5178.251249999994,borda
612,Q0,FT944-13865,458,5149.119999999994,borda
612,Q0,LA071389-0058,459,5122.504999999994,borda
612,Q0,FBIS4-26433,460,5104.933749999995,borda
612,Q0,LA042389-0104,461,5088.373749999994,borda
612,Q0,FBIS4-1918,462,5088.2187499999945,borda
612,Q0,LA060589-0059,463,5076.792499999995,borda
612,Q0,LA062590-0108,464,5073.731249999995,borda
612,Q0,FT921-13062,465,5070.261249999995,borda
612,Q0,FT921-1139,466,5065.288749999995,borda
612,Q0,LA041189-0045,467,5052.392499999996,borda
612,Q0,FBIS3-44872,468,5052.119999999994,borda
612,Q0,LA111289-0202,469,5033.548749999995,borda
612,Q0,LA090389-0027,470,4989.994999999997,borda
612,Q0,FBIS3-1597,471,4986.883749999994,borda
612,Q0,FBIS3-2739,472,4977.568749999996,borda
612,Q0,FBIS4-24885,473,4972.029999999995,borda
612,Q0,FBIS3-2404,474,4945.084999999994,borda
612,Q0,LA042789-0028,475,4925.542499999995,borda
612,Q0,FBIS4-50837,476,4912.011249999994,borda
612,Q0,FT932-14534,477,4898.477499999995,borda
612,Q0,LA032089-0099,478,4892.381249999995,borda
612,Q0,FT944-3654,479,4892.373749999995,borda
612,Q0,FBIS4-3919,480,4892.117499999996,borda
612,Q0,LA112289-0142,481,4881.201249999994,borda
612,Q0,FBIS4-3821,482,4867.661249999996,borda
612,Q0,FBIS4-1920,483,4866.571249999994,borda
612,Q0,FBIS3-58855,484,4864.843749999995,borda
612,Q0,FBIS3-29699,485,4855.632499999994,borda
612,Q0,LA092789-0129,486,4855.011249999995,borda
612,Q0,LA043089-0072,487,4849.256249999997,borda
612,Q0,FBIS4-3010,488,4830.203749999994,borda
612,Q0,FBIS4-49543,489,4819.276249999996,borda
612,Q0,FT923-5132,490,4796.923749999995,borda
612,Q0,LA042490-0101,491,4779.698749999994,borda
612,Q0,LA061389-0029,492,4776.537499999995,borda
612,Q0,LA060389-0048,493,4752.187499999994,borda
612,Q0,FBIS3-4318,494,4740.752499999995,borda
612,Q0,FBIS3-3574,495,4740.527499999994,borda
612,Q0,FBIS4-48962,496,4702.097499999995,borda
612,Q0,FBIS3-49860,497,4691.739999999996,borda
612,Q0,LA040889-0119,498,4685.208749999996,borda
612,Q0,FBIS3-45741,499,4674.767499999995,borda
612,Q0,FBIS4-50238,500,4673.969999999994,borda
612,Q0,FBIS3-19262,501,4668.121249999995,borda
612,Q0,LA051489-0169,502,4663.244999999996,borda
612,Q0,LA032489-0040,503,4651.457499999997,borda
612,Q0,FBIS4-68353,504,4645.251249999995,borda
612,Q0,FBIS4-51090,505,4631.4374999999945,borda
612,Q0,FBIS3-3354,506,4625.9999999999945,borda
612,Q0,LA072989-0071,507,4618.691249999995,borda
612,Q0,FBIS4-2722,508,4611.841249999994,borda
612,Q0,FBIS3-3665,509,4608.137499999995,borda
612,Q0,FBIS3-2763,510,4599.803749999996,borda
612,Q0,FBIS4-2242,511,4596.687499999996,borda
612,Q0,FBIS4-3480,512,4572.791249999994,borda
612,Q0,FBIS4-4282,513,4570.191249999995,borda
612,Q0,LA061189-0100,514,4556.459999999997,borda
612,Q0,FBIS3-13146,515,4550.439999999995,borda
612,Q0,FBIS4-66706,516,4548.663749999995,borda
612,Q0,FBIS4-26872,517,4543.552499999995,borda
612,Q0,FBIS4-2054,518,4538.368749999995,borda
612,Q0,FBIS4-2723,519,4536.417499999996,borda
612,Q0,LA072489-0029,520,4528.762499999996,borda
612,Q0,FBIS4-63988,521,4515.079999999995,borda
612,Q0,LA041590-0152,522,4512.976249999996,borda
612,Q0,FT921-4479,523,4509.658749999996,borda
612,Q0,FT922-10319,524,4507.717499999995,borda
612,Q0,FT942-5500,525,4506.458749999995,borda
612,Q0,FBIS4-2849,526,4505.821249999996,borda
612,Q0,FT911-2061,527,4504.611249999996,borda
612,Q0,FBIS4-44408,528,4499.369999999996,borda
612,Q0,FT942-15727,529,4496.976249999994,borda
612,Q0,FBIS4-26826,530,4465.731249999996,borda
612,Q0,LA042789-0040,531,4457.141249999997,borda
612,Q0,LA100389-0027,532,4455.669999999996,borda
612,Q0,FBIS4-49977,533,4451.731249999995,borda
612,Q0,LA062089-0131,534,4439.139999999995,borda
612,Q0,LA062289-0064,535,4431.633749999995,borda
612,Q0,FBIS4-18673,536,4423.047499999995,borda
612,Q0,LA103090-0017,537,4416.333749999996,borda
612,Q0,FBIS3-59067,538,4415.436249999996,borda
612,Q0,LA032089-0052,539,4409.724999999997,borda
612,Q0,LA121890-0117,540,4406.159999999996,borda
612,Q0,FBIS3-2500,541,4405.023749999997,borda
612,Q0,FBIS4-7905,542,4390.999999999996,borda
612,Q0,LA030790-0086,543,4389.321249999995,borda
612,Q0,LA071989-0041,544,4385.368749999996,borda
612,Q0,LA032689-0115,545,4376.868749999997,borda
612,Q0,FT944-3103,546,4369.3712499999965,borda
612,Q0,LA100389-0035,547,4366.903749999997,borda
612,Q0,FBIS4-50513,548,4366.6924999999965,borda
612,Q0,LA041289-0092,549,4364.029999999996,borda
612,Q0,FT911-3439,550,4359.427499999994,borda
612,Q0,FBIS4-2137,551,4348.718749999996,borda
612,Q0,FBIS3-26267,552,4334.279999999995,borda
612,Q0,LA110489-0098,553,4332.142499999995,borda
612,Q0,LA030890-0187,554,4329.612499999997,borda
612,Q0,FBIS3-45620,555,4325.7774999999965,borda
612,Q0,FBIS3-45869,556,4308.881249999996,borda
612,Q0,LA121090-0079,557,4308.4649999999965,borda
612,Q0,LA072189-0039,558,4299.559999999997,borda
612,Q0,LA072389-0088,559,4288.743749999996,borda
612,Q0,FBIS4-49014,560,4281.007499999995,borda
612,Q0,LA091290-0152,561,4272.984999999997,borda
612,Q0,LA052889-0092,562,4266.399999999996,borda
612,Q0,FT911-3448,563,4260.003749999996,borda
612,Q0,FBIS4-25514,564,4255.882499999995,borda
612,Q0,FBIS4-26432,565,4233.089999999996,borda
612,Q0,FBIS3-2223,566,4218.314999999996,borda
612,Q0,LA070689-0006,567,4210.108749999996,borda
612,Q0,LA070589-0001,568,4207.506249999996,borda
612,Q0,FBIS4-42745,569,4199.326249999996,borda
612,Q0,FBIS3-2373,570,4170.858749999996,borda
612,Q0,FBIS4-24633,571,4170.388749999996,borda
612,Q0,LA061689-0063,572,4108.744999999997,borda
612,Q0,LA041890-0033,573,4098.296249999995,borda
612,Q0,FBIS4-6209,574,4095.142499999996,borda
612,Q0,LA090490-0104,575,4083.1324999999974,borda
612,Q0,FT941-14033,576,4063.642499999996,borda
612,Q0,FBIS4-67345,577,4062.8612499999963,borda
612,Q0,FBIS3-58786,578,4060.822499999996,borda
612,Q0,FBIS3-3749,579,4054.953749999996,borda
612,Q0,LA102789-0055,580,4045.244999999996,borda
612,Q0,FBIS3-26173,581,4038.8212499999954,borda
612,Q0,FBIS4-6698,582,4036.902499999996,borda
612,Q0,FBIS3-2371,583,4022.5974999999967,borda
612,Q0,FBIS4-53591,584,4011.931249999997,borda
612,Q0,LA042389-0064,585,4003.9924999999976,borda
612,Q0,FBIS4-20441,586,3983.053749999996,borda
612,Q0,FBIS4-50641,587,3979.5937499999964,borda
612,Q0,LA010590-0006,588,3975.347499999997,borda
612,Q0,FBIS3-2403,589,3967.807499999995,borda
612,Q0,FBIS4-49613,590,3966.4987499999957,borda
612,Q0,LA100790-0132,591,3963.122499999997,borda
612,Q0,LA042589-0122,592,3957.7899999999972,borda
612,Q0,LA042589-0102,593,3944.6987499999946,borda
612,Q0,LA082289-0088,594,3939.5612499999957,borda
612,Q0,LA090689-0055,595,3939.3737499999966,borda
612,Q0,FBIS4-18611,596,3927.758749999997,borda
612,Q0,FBIS4-3943,597,3899.516249999995,borda
612,Q0,LA072489-0018,598,3891.0074999999965,borda
612,Q0,FBIS3-25938,599,3878.849999999996,borda
612,Q0,FBIS3-52915,600,3865.5562499999974,borda
612,Q0,FBIS3-26811,601,3858.3837499999954,borda
612,Q0,FBIS4-49542,602,3855.0949999999975,borda
612,Q0,LA030290-0156,603,3807.252499999997,borda
612,Q0,FBIS4-44440,604,3793.3974999999973,borda
612,Q0,FBIS3-19705,605,3775.4124999999963,borda
612,Q0,FBIS4-25253,606,3764.599999999996,borda
612,Q0,LA123190-0010,607,3759.8412499999986,borda
612,Q0,LA121089-0194,608,3750.4287499999978,borda
612,Q0,LA062389-0001,609,3740.409999999996,borda
612,Q0,LA121089-0212,610,3697.834999999997,borda
612,Q0,LA042490-0081,611,3680.3724999999968,borda
612,Q0,LA052889-0184,612,3679.6162499999964,borda
612,Q0,LA030589-0130,613,3668.5549999999953,borda
612,Q0,FBIS3-2329,614,3666.5349999999953,borda
612,Q0,FBIS3-4502,615,3664.0012499999957,borda
612,Q0,FBIS3-46357,616,3653.303749999996,borda
612,Q0,FBIS3-3697,617,3651.5712499999963,borda
612,Q0,LA050489-0212,618,3648.117499999997,borda
612,Q0,FT941-11212,619,3632.0137499999964,borda
612,Q0,LA071689-0180,620,3625.7937499999966,borda
612,Q0,LA010890-0031,621,3618.284999999998,borda
612,Q0,FBIS3-58962,622,3575.1712499999967,borda
612,Q0,LA060689-0055,623,3570.203749999996,borda
612,Q0,FT933-15913,624,3567.651249999998,borda
612,Q0,LA031190-0213,625,3565.552499999997,borda
612,Q0,FT941-2364,626,3560.436249999997,borda
612,Q0,FBIS4-2488,627,3542.656249999996,borda
612,Q0,LA020490-0098,628,3535.474999999997,borda
612,Q0,FBIS4-50986,629,3532.0287499999963,borda
612,Q0,LA062489-0049,630,3531.702499999997,borda
612,Q0,FBIS4-52736,631,3518.4612499999976,borda
612,Q0,LA060589-0077,632,3513.2912499999966,borda
612,Q0,LA010890-0014,633,3508.409999999996,borda
612,Q0,FBIS4-66355,634,3489.034999999996,borda
612,Q0,LA060390-0071,635,3486.6937499999967,borda
612,Q0,LA090389-0171,636,3484.5949999999966,borda
612,Q0,FBIS4-25616,637,3484.028749999996,borda
612,Q0,FBIS3-4052,638,3480.5162499999965,borda
612,Q0,FT942-7107,639,3467.836249999997,borda
612,Q0,FBIS3-3963,640,3465.9687499999977,borda
612,Q0,FBIS3-4042,641,3462.931249999997,borda
612,Q0,LA060990-0025,642,3454.667499999997,borda
612,Q0,LA101890-0253,643,3436.758749999997,borda
612,Q0,LA010590-0170,644,3420.267499999997,borda
612,Q0,FBIS4-50485,645,3408.6449999999963,borda
612,Q0,LA010589-0203,646,3407.2074999999973,borda
612,Q0,LA030989-0110,647,3393.2187499999977,borda
612,Q0,FBIS4-26380,648,3377.351249999996,borda
612,Q0,FBIS3-45316,649,3376.8049999999957,borda
612,Q0,LA041189-0126,650,3362.463749999998,borda
612,Q0,LA040190-0179,651,3350.637499999997,borda
612,Q0,FT941-5480,652,3332.5449999999983,borda
612,Q0,LA010990-0164,653,3322.9049999999984,borda
612,Q0,LA111789-0112,654,3320.887499999997,borda
612,Q0,FBIS4-25715,655,3319.7874999999963,borda
612,Q0,FBIS4-49512,656,3310.5074999999974,borda
612,Q0,FBIS3-7661,657,3309.556249999997,borda
612,Q0,FBIS4-66535,658,3303.4487499999973,borda
612,Q0,FBIS4-50518,659,3296.593749999997,borda
612,Q0,FBIS4-3212,660,3292.436249999996,borda
612,Q0,FT911-5008,661,3291.2187499999986,borda
612,Q0,LA030790-0178,662,3280.3024999999975,borda
612,Q0,LA060889-0116,663,3273.7274999999963,borda
612,Q0,FT923-11888,664,3269.313749999998,borda
612,Q0,LA121589-0090,665,3252.514999999996,borda
612,Q0,LA122389-0071,666,3234.8324999999977,borda
612,Q0,FBIS4-50839,667,3225.3112499999966,borda
612,Q0,LA080289-0086,668,3217.1712499999962,borda
612,Q0,FBIS3-2580,669,3205.8024999999966,borda
612,Q0,LA111189-0071,670,3200.4449999999974,borda
612,Q0,LA072290-0038,671,3190.481249999997,borda
612,Q0,FBIS4-3751,672,3178.293749999996,borda
612,Q0,FBIS4-2514,673,3174.892499999997,borda
612,Q0,LA052389-0104,674,3166.6037499999975,borda
612,Q0,LA040990-0112,675,3156.606249999997,borda
612,Q0,FT921-876,676,3139.1687499999985,borda
612,Q0,FBIS3-4222,677,3119.8999999999974,borda
612,Q0,LA022090-0125,678,3113.1212499999974,borda
612,Q0,FBIS4-26846,679,3112.632499999999,borda
612,Q0,FBIS4-49268,680,3093.9424999999965,borda
612,Q0,FBIS3-2369,681,3092.5024999999964,borda
612,Q0,LA052389-0103,682,3083.2849999999976,borda
612,Q0,LA020690-0016,683,3041.0787499999983,borda
612,Q0,LA061689-0009,684,3037.663749999997,borda
612,Q0,FT922-4547,685,3036.333749999997,borda
612,Q0,LA060389-0036,686,3031.2362499999963,borda
612,Q0,LA122289-0163,687,3028.8437499999977,borda
612,Q0,FBIS4-42208,688,3027.2499999999973,borda
612,Q0,LA081690-0070,689,3014.478749999998,borda
612,Q0,FBIS3-27043,690,3010.0499999999965,borda
612,Q0,LA042390-0123,691,3009.1987499999987,borda
612,Q0,LA081089-0100,692,2998.8199999999983,borda
612,Q0,FT922-7341,693,2994.349999999999,borda
612,Q0,LA060590-0015,694,2993.708749999998,borda
612,Q0,LA090290-0127,695,2993.3687499999983,borda
612,Q0,LA100289-0006,696,2993.1062499999994,borda
612,Q0,LA052589-0070,697,2982.577499999998,borda
612,Q0,FT943-13660,698,2973.668749999997,borda
612,Q0,FT944-9887,699,2937.2562499999976,borda
612,Q0,FBIS4-25716,700,2931.254999999996,borda
612,Q0,LA121689-0031,701,2924.8574999999983,borda
612,Q0,FBIS3-45199,702,2923.597499999996,borda
612,Q0,LA101789-0043,703,2920.509999999997,borda
612,Q0,LA091590-0095,704,2916.351249999997,borda
612,Q0,FBIS4-50204,705,2909.4499999999975,borda
612,Q0,LA070989-0056,706,2908.6324999999974,borda
612,Q0,FBIS4-25841,707,2904.4237499999967,borda
612,Q0,FBIS4-49541,708,2889.806249999997,borda
612,Q0,LA041490-0071,709,2889.6774999999984,borda
612,Q0,FBIS4-2318,710,2889.344999999998,borda
612,Q0,LA081089-0006,711,2883.054999999998,borda
612,Q0,LA071490-0084,712,2882.7337499999967,borda
612,Q0,FBIS4-5157,713,2879.832499999998,borda
612,Q0,LA071189-0130,714,2869.547499999997,borda
612,Q0,FBIS4-3566,715,2866.313749999997,borda
612,Q0,FBIS4-3228,716,2850.056249999997,borda
612,Q0,FT924-8982,717,2841.8687499999965,borda
612,Q0,FT942-16238,718,2840.6474999999978,borda
612,Q0,LA091390-0057,719,2831.3924999999986,borda
612,Q0,FBIS4-61899,720,2823.9699999999984,borda
612,Q0,LA030689-0102,721,2821.7949999999983,borda
612,Q0,FBIS3-9447,722,2814.9374999999977,borda
612,Q0,LA112089-0026,723,2807.7112499999967,borda
612,Q0,LA081689-0017,724,2807.409999999997,borda
612,Q0,FBIS4-67478,725,2804.1212499999974,borda
612,Q0,LA031690-0146,726,2803.8012499999986,borda
612,Q0,FT922-6194,727,2803.0274999999992,borda
612,Q0,LA020390-0132,728,2802.1437499999984,borda
612,Q0,LA041189-0144,729,2785.2562499999985,borda
612,Q0,LA012289-0133,730,2781.743749999999,borda
612,Q0,LA071289-0012,731,2773.089999999998,borda
612,Q0,FT922-3949,732,2772.1149999999975,borda
612,Q0,FBIS4-51419,733,2751.358749999997,borda
612,Q0,LA092889-0072,734,2748.6887499999984,borda
612,Q0,LA090189-0099,735,2747.763749999997,borda
612,Q0,FBIS4-51020,736,2742.8499999999967,borda
612,Q0,FBIS3-45961,737,2739.3512499999974,borda
612,Q0,LA062889-0032,738,2734.588749999998,borda
612,Q0,LA031190-0038,739,2731.7212499999973,borda
612,Q0,LA062089-0072,740,2726.7987499999977,borda
612,Q0,LA030290-0098,741,2726.723749999998,borda
612,Q0,LA042890-0147,742,2722.9499999999985,borda
612,Q0,FBIS4-18108,743,2708.619999999998,borda
612,Q0,FBIS3-44558,744,2705.634999999997,borda
612,Q0,FBIS4-6751,745,2697.8312499999984,borda
612,Q0,FBIS4-4263,746,2690.2312499999966,borda
612,Q0,FBIS3-3948,747,2687.3787499999976,borda
612,Q0,FBIS4-2453,748,2684.541249999997,borda
612,Q0,FBIS3-3191,749,2677.8949999999973,borda
612,Q0,LA063089-0165,750,2670.693749999998,borda
612,Q0,FBIS3-27338,751,2666.6512499999963,borda
612,Q0,FBIS3-20670,752,2661.6937499999963,borda
612,Q0,FT922-10068,753,2661.1562499999977,borda
612,Q0,LA040189-0038,754,2658.5774999999985,borda
612,Q0,LA042289-0071,755,2656.399999999997,borda
612,Q0,FBIS4-42518,756,2649.0424999999973,borda
612,Q0,FBIS4-3640,757,2639.686249999997,borda
612,Q0,FBIS3-21653,758,2635.929999999999,borda
612,Q0,FBIS3-3035,759,2632.0299999999975,borda
612,Q0,LA062190-0250,760,2621.7024999999994,borda
612,Q0,FBIS3-3180,761,2620.6412499999974,borda
612,Q0,FT923-14233,762,2620.4324999999976,borda
612,Q0,FBIS4-26395,763,2612.922499999997,borda
612,Q0,FBIS4-25060,764,2600.0549999999967,borda
612,Q0,FBIS4-2969,765,2599.8562499999966,borda
612,Q0,LA081990-0096,766,2595.4312499999974,borda
612,Q0,FBIS4-2327,767,2595.2162499999977,borda
612,Q0,FBIS4-3529,768,2591.8687499999974,borda
612,Q0,FBIS4-49544,769,2585.6462499999975,borda
612,Q0,LA022389-0141,770,2585.563749999997,borda
612,Q0,FBIS4-3749,771,2579.313749999997,borda
612,Q0,LA062190-0052,772,2576.586249999998,borda
612,Q0,FBIS4-6060,773,2557.538749999998,borda
612,Q0,LA081890-0060,774,2552.007499999997,borda
612,Q0,LA022590-0199,775,2550.987499999997,borda
612,Q0,FBIS4-2477,776,2550.118749999997,borda
612,Q0,FBIS4-3324,777,2548.8124999999977,borda
612,Q0,FBIS3-27400,778,2545.349999999997,borda
612,Q0,LA112590-0009,779,2542.5299999999975,borda
612,Q0,LA101889-0088,780,2539.8599999999988,borda
612,Q0,LA052090-0152,781,2538.889999999998,borda
612,Q0,LA062589-0091,782,2533.1937499999985,borda
612,Q0,LA050290-0092,783,2530.4562499999975,borda
612,Q0,FBIS3-34626,784,2529.424999999998,borda
612,Q0,FT944-11426,785,2525.825,borda
612,Q0,FBIS4-66388,786,2519.127499999997,borda
612,Q0,FBIS4-25083,787,2515.342499999997,borda
612,Q0,LA113089-0145,788,2514.761249999999,borda
612,Q0,FBIS4-3006,789,2514.427499999997,borda
612,Q0,LA061390-0104,790,2511.0774999999985,borda
612,Q0,LA030290-0002,791,2510.8512499999983,borda
612,Q0,FBIS3-8173,792,2499.2687499999975,borda
612,Q0,FBIS4-53147,793,2496.7974999999983,borda
612,Q0,LA061389-0056,794,2490.302499999997,borda
612,Q0,FBIS4-46094,795,2481.904999999997,borda
612,Q0,FBIS4-51407,796,2481.019999999997,borda
612,Q0,FBIS4-25714,797,2480.1349999999966,borda
612,Q0,LA052790-0083,798,2477.572499999998,borda
612,Q0,LA083089-0001,799,2468.507499999999,borda
612,Q0,FT942-13338,800,2452.4437499999976,borda
612,Q0,FBIS4-51243,801,2445.774999999997,borda
612,Q0,FBIS3-26812,802,2440.3749999999973,borda
612,Q0,FT942-16423,803,2437.981249999997,borda
612,Q0,LA112890-0126,804,2433.288749999999,borda
612,Q0,FBIS3-59180,805,2420.504999999997,borda
612,Q0,LA050590-0114,806,2407.2487499999975,borda
612,Q0,LA052089-0036,807,2399.0412499999975,borda
612,Q0,LA051590-0151,808,2389.1624999999976,borda
612,Q0,FBIS3-26699,809,2383.0249999999974,borda
612,Q0,LA111089-0013,810,2381.4349999999977,borda
612,Q0,LA062789-0139,811,2380.238749999997,borda
612,Q0,FBIS3-13998,812,2376.317499999997,borda
612,Q0,FBIS4-44301,813,2374.509999999998,borda
612,Q0,LA060589-0068,814,2371.241249999997,borda
612,Q0,LA112189-0040,815,2369.8849999999966,borda
612,Q0,FT924-8734,816,2357.0387499999974,borda
612,Q0,LA091789-0208,817,2352.4562499999984,borda
612,Q0,FBIS4-6214,818,2349.137499999999,borda
612,Q0,FBIS3-2445,819,2344.286249999997,borda
612,Q0,LA042289-0080,820,2344.2299999999987,borda
612,Q0,LA082389-0014,821,2342.746249999999,borda
612,Q0,LA052290-0103,822,2331.324999999998,borda
612,Q0,LA092189-0154,823,2330.464999999997,borda
612,Q0,FT922-6893,824,2330.023749999997,borda
612,Q0,FBIS4-49099,825,2329.5274999999974,borda
612,Q0,FBIS3-45883,826,2328.6374999999975,borda
612,Q0,LA011289-0094,827,2318.681249999999,borda
612,Q0,LA081590-0089,828,2313.092499999997,borda
612,Q0,LA090489-0068,829,2312.532499999998,borda
612,Q0,LA111989-0088,830,2312.0574999999976,borda
612,Q0,LA102690-0206,831,2305.5637499999975,borda
612,Q0,LA061989-0071,832,2297.863749999999,borda
612,Q0,LA060590-0036,833,2292.8812499999976,borda
612,Q0,LA041390-0152,834,2279.1187499999974,borda
612,Q0,FBIS4-9240,835,2276.554999999998,borda
612,Q0,LA061089-0062,836,2275.502499999997,borda
612,Q0,LA120189-0090,837,2273.0037499999994,borda
612,Q0,FT941-4458,838,2252.299999999998,borda
612,Q0,FBIS3-28080,839,2251.898749999997,borda
612,Q0,FBIS3-48545,840,2250.4474999999975,borda
612,Q0,LA112189-0042,841,2249.7362499999977,borda
612,Q0,LA051990-0071,842,2243.6337499999972,borda
612,Q0,FBIS4-65665,843,2225.6924999999987,borda
612,Q0,FBIS3-27045,844,2224.88375,borda
612,Q0,FT924-11339,845,2222.8949999999977,borda
612,Q0,LA052689-0101,846,2222.797499999997,borda
612,Q0,LA052889-0038,847,2219.907499999998,borda
612,Q0,LA042990-0201,848,2214.6549999999993,borda
612,Q0,FBIS4-4009,849,2212.909999999998,borda
612,Q0,FT922-5231,850,2200.2674999999977,borda
612,Q0,LA111989-0033,851,2193.0137499999987,borda
612,Q0,LA070590-0088,852,2179.827499999997,borda
612,Q0,FBIS4-2873,853,2171.1612499999974,borda
612,Q0,FBIS4-19059,854,2167.4987499999975,borda
612,Q0,LA021889-0139,855,2157.4699999999975,borda
612,Q0,LA031990-0073,856,2156.6674999999973,borda
612,Q0,FBIS3-2738,857,2147.291249999998,borda
612,Q0,FT933-14243,858,2143.7949999999973,borda
612,Q0,FBIS3-54469,859,2131.947499999997,borda
612,Q0,FBIS4-29963,860,2120.623749999999,borda
612,Q0,FBIS3-52248,861,2106.6649999999972,borda
612,Q0,FBIS4-6437,862,2102.9937499999987,borda
612,Q0,FBIS4-3447,863,2098.641249999998,borda
612,Q0,LA012289-0175,864,2087.107499999998,borda
612,Q0,LA042890-0001,865,2084.7237499999974,borda
612,Q0,LA010989-0026,866,2080.2324999999983,borda
612,Q0,LA062790-0099,867,2078.924999999997,borda
612,Q0,FT941-9246,868,2067.4987499999984,borda
612,Q0,LA062189-0129,869,2048.677499999997,borda
612,Q0,LA011290-0077,870,2046.584999999998,borda
612,Q0,FBIS3-4453,871,2037.1487499999969,borda
612,Q0,FBIS4-49412,872,2030.4087499999973,borda
612,Q0,FBIS3-4545,873,2029.4099999999978,borda
612,Q0,LA090290-0169,874,2028.5162499999983,borda
612,Q0,LA030289-0094,875,2021.2062499999981,borda
612,Q0,FBIS3-3962,876,2017.5624999999982,borda
612,Q0,FBIS3-45868,877,2017.4574999999973,borda
612,Q0,FBIS4-26781,878,2017.3562499999982,borda
612,Q0,FBIS4-4023,879,2016.986249999997,borda
612,Q0,FT921-4621,880,2015.7474999999977,borda
612,Q0,LA051789-0141,881,2009.8112499999975,borda
612,Q0,LA060989-0114,882,1998.0649999999976,borda
612,Q0,LA080489-0160,883,1997.8587499999971,borda
612,Q0,LA121189-0038,884,1997.681249999998,borda
612,Q0,LA072089-0152,885,1990.9849999999983,borda
612,Q0,LA050789-0081,886,1990.2249999999979,borda
612,Q0,FBIS4-30517,887,1988.0099999999982,borda
612,Q0,FBIS4-3250,888,1971.7862499999976,borda
612,Q0,FBIS4-50504,889,1970.4424999999978,borda
612,Q0,LA012089-0009,890,1968.2099999999973,borda
612,Q0,LA092289-0058,891,1967.1662499999984,borda
612,Q0,FBIS4-20774,892,1965.3074999999976,borda
612,Q0,FBIS3-26913,893,1965.3012499999984,borda
612,Q0,LA072989-0072,894,1956.9537499999974,borda
612,Q0,LA070789-0124,895,1955.7874999999985,borda
612,Q0,FBIS4-4024,896,1955.3687499999971,borda
612,Q0,LA042289-0002,897,1950.7237499999974,borda
612,Q0,FBIS4-24953,898,1941.3799999999978,borda
612,Q0,LA110289-0123,899,1938.5549999999982,borda
612,Q0,LA081290-0129,900,1927.0312499999975,borda
612,Q0,FT932-7666,901,1924.4487499999977,borda
612,Q0,FT932-3351,902,1916.6749999999984,borda
612,Q0,LA060689-0070,903,1913.802499999998,borda
612,Q0,FBIS4-25578,904,1911.6787499999987,borda
612,Q0,FBIS3-26089,905,1908.6949999999983,borda
612,Q0,LA062989-0172,906,1904.6424999999988,borda
612,Q0,FBIS3-25798,907,1896.579999999999,borda
612,Q0,FBIS4-26651,908,1890.658749999999,borda
612,Q0,FBIS4-63046,909,1890.0299999999988,borda
612,Q0,FBIS3-27042,910,1888.8349999999973,borda
612,Q0,FBIS3-20668,911,1884.2799999999975,borda
612,Q0,FBIS4-67877,912,1882.3687499999987,borda
612,Q0,FT942-14579,913,1873.7424999999987,borda
612,Q0,FBIS3-3302,914,1873.4287499999984,borda
612,Q0,FT933-15397,915,1869.5637499999978,borda
612,Q0,FBIS4-50913,916,1868.3312499999975,borda
612,Q0,LA051389-0031,917,1866.6937499999976,borda
612,Q0,FBIS3-24683,918,1864.3387499999972,borda
612,Q0,LA111989-0119,919,1849.7774999999979,borda
612,Q0,FBIS4-50157,920,1849.2199999999973,borda
612,Q0,FT941-11041,921,1848.664999999999,borda
612,Q0,FBIS4-1932,922,1847.004999999998,borda
612,Q0,FBIS4-24529,923,1841.8649999999977,borda
612,Q0,LA051190-0081,924,1840.396249999998,borda
612,Q0,FBIS4-24547,925,1838.0762499999978,borda
612,Q0,FBIS3-2747,926,1829.3012499999982,borda
612,Q0,LA020290-0188,927,1807.7199999999982,borda
612,Q0,FBIS4-2332,928,1797.753749999998,borda
612,Q0,LA061289-0002,929,1777.6887499999982,borda
612,Q0,LA061389-0030,930,1775.8037499999978,borda
612,Q0,LA011389-0033,931,1774.3724999999977,borda
612,Q0,FT932-7306,932,1773.696249999998,borda
612,Q0,LA062289-0042,933,1766.3037499999982,borda
612,Q0,FBIS4-4010,934,1765.4149999999975,borda
612,Q0,FT932-696,935,1764.9012499999983,borda
612,Q0,LA031489-0112,936,1759.356249999998,borda
612,Q0,LA112589-0082,937,1758.2837499999982,borda
612,Q0,LA031589-0019,938,1756.0949999999984,borda
612,Q0,FBIS4-42320,939,1750.7124999999978,borda
612,Q0,FT942-16474,940,1733.0299999999986,borda
612,Q0,LA091290-0016,941,1729.2174999999982,borda
612,Q0,LA092789-0059,942,1728.3874999999978,borda
612,Q0,LA052089-0070,943,1724.5449999999983,borda
612,Q0,LA050390-0177,944,1719.0312499999982,borda
612,Q0,LA060889-0167,945,1717.5812499999984,borda
612,Q0,LA052490-0040,946,1716.8449999999982,borda
612,Q0,LA010590-0085,947,1712.2599999999984,borda
612,Q0,LA012790-0072,948,1711.4199999999983,borda
612,Q0,FBIS4-4025,949,1708.8099999999974,borda
612,Q0,FBIS3-25926,950,1703.3512499999983,borda
612,Q0,LA060489-0119,951,1703.108749999998,borda
612,Q0,LA091390-0085,952,1702.0099999999982,borda
612,Q0,LA052589-0048,953,1701.5024999999978,borda
612,Q0,FT941-4989,954,1701.447499999998,borda
612,Q0,LA041989-0053,955,1696.356249999998,borda
612,Q0,FBIS4-63674,956,1693.984999999997,borda
612,Q0,LA042990-0098,957,1690.1237499999975,borda
612,Q0,LA081189-0032,958,1689.6749999999988,borda
612,Q0,FBIS4-7604,959,1683.9674999999984,borda
612,Q0,FBIS4-28586,960,1679.224999999998,borda
612,Q0,FT921-7586,961,1665.2712499999989,borda
612,Q0,LA072090-0031,962,1663.9749999999988,borda
612,Q0,LA062589-0194,963,1662.6087499999976,borda
612,Q0,FBIS3-46319,964,1660.339999999999,borda
612,Q0,LA102289-0102,965,1657.9999999999975,borda
612,Q0,LA122389-0060,966,1645.599999999998,borda
612,Q0,FBIS3-45870,967,1643.1274999999973,borda
612,Q0,FBIS4-3373,968,1638.1449999999982,borda
612,Q0,LA021289-0103,969,1637.409999999998,borda
612,Q0,FT934-7681,970,1631.4612499999982,borda
612,Q0,LA032990-0219,971,1626.133749999998,borda
612,Q0,LA050189-0039,972,1625.1537499999984,borda
612,Q0,LA030589-0102,973,1624.2212499999987,borda
612,Q0,LA062489-0063,974,1623.8062499999983,borda
612,Q0,LA081189-0095,975,1611.714999999999,borda
612,Q0,FT944-13082,976,1610.1299999999983,borda
612,Q0,LA031689-0122,977,1605.718749999997,borda
612,Q0,FBIS4-49239,978,1604.6099999999985,borda
612,Q0,FBIS4-4008,979,1603.1787499999978,borda
612,Q0,LA121089-0037,980,1602.5474999999988,borda
612,Q0,FBIS4-61173,981,1598.3062499999985,borda
612,Q0,FBIS3-53034,982,1597.9662499999981,borda
612,Q0,LA010890-0065,983,1595.4024999999986,borda
612,Q0,LA081589-0038,984,1594.6837499999986,borda
612,Q0,FT944-11172,985,1593.444999999999,borda
612,Q0,FBIS4-50205,986,1593.371249999998,borda
612,Q0,LA072090-0094,987,1586.4487499999984,borda
612,Q0,LA041889-0017,988,1582.8674999999985,borda
612,Q0,LA021989-0031,989,1582.388749999998,borda
612,Q0,FBIS4-4011,990,1577.0887499999978,borda
612,Q0,LA031190-0146,991,1576.8487499999983,borda
612,Q0,LA051190-0096,992,1569.5512499999977,borda
612,Q0,LA052789-0063,993,1568.827499999998,borda
612,Q0,FT942-14637,994,1568.4774999999981,borda
612,Q0,LA080889-0103,995,1566.8549999999987,borda
612,Q0,LA062789-0067,996,1562.8874999999985,borda
612,Q0,LA100989-0029,997,1558.427499999998,borda
612,Q0,FT911-2324,998,1556.5899999999995,borda
612,Q0,FBIS4-25021,999,1552.2787499999984,borda
612,Q0,FBIS4-2452,1000,1552.141249999998,borda
618,Q0,LA060690-0084,1,12751.104999999983,borda
618,Q0,LA122790-0078,2,12735.07124999999,borda
618,Q0,LA060589-0062,3,12718.633749999988,borda
618,Q0,LA021590-0206,4,12697.682499999984,borda
618,Q0,LA060689-0056,5,12669.783749999988,borda
618,Q0,LA060590-0034,6,12639.189999999984,borda
618,Q0,LA060689-0057,7,12627.582499999988,borda
618,Q0,LA031889-0055,8,12620.323749999987,borda
618,Q0,LA022089-0012,9,12620.209999999985,borda
618,Q0,LA071489-0009,10,12612.476249999989,borda
618,Q0,LA021789-0052,11,12560.80374999999,borda
618,Q0,LA060689-0019,12,12537.057499999988,borda
618,Q0,LA030789-0067,13,12535.032499999987,borda
618,Q0,LA031289-0149,14,12516.637499999986,borda
618,Q0,LA031589-0063,15,12511.216249999987,borda
618,Q0,LA052789-0036,16,12501.462499999987,borda
618,Q0,LA061289-0017,17,12491.862499999988,borda
618,Q0,LA022789-0047,18,12490.36499999999,borda
618,Q0,LA080789-0016,19,12489.12124999999,borda
618,Q0,LA060589-0056,20,12484.532499999988,borda
618,Q0,LA060589-0061,21,12482.061249999986,borda
618,Q0,LA061289-0016,22,12473.01124999999,borda
618,Q0,LA021589-0078,23,12471.254999999985,borda
618,Q0,LA030789-0137,24,12452.434999999987,borda
618,Q0,LA030489-0010,25,12432.557499999988,borda
618,Q0,LA102189-0146,26,12431.902499999986,borda
618,Q0,LA062389-0059,27,12409.848749999985,borda
618,Q0,LA092790-0243,28,12409.374999999989,borda
618,Q0,LA021689-0217,29,12408.583749999987,borda
618,Q0,LA110489-0078,30,12406.632499999989,borda
618,Q0,LA060489-0115,31,12388.253749999989,borda
618,Q0,LA052489-0052,32,12358.651249999988,borda
618,Q0,FT931-11916,33,12350.861249999987,borda
618,Q0,LA060589-0101,34,12348.82374999999,borda
618,Q0,LA031089-0054,35,12345.777499999986,borda
618,Q0,LA022189-0116,36,12341.272499999988,borda
618,Q0,LA062690-0155,37,12335.559999999983,borda
618,Q0,LA030689-0012,38,12323.166249999987,borda
618,Q0,LA122890-0173,39,12275.404999999988,borda
618,Q0,FT944-72,40,12271.522499999988,borda
618,Q0,LA110589-0183,41,12252.15124999999,borda
618,Q0,LA050689-0087,42,12244.684999999989,borda
618,Q0,LA060689-0063,43,12234.108749999987,borda
618,Q0,LA032189-0058,44,12216.874999999985,borda
618,Q0,LA042090-0166,45,12213.444999999987,borda
618,Q0,FT931-2701,46,12204.848749999988,borda
618,Q0,LA061189-0028,47,12198.171249999987,borda
618,Q0,LA060589-0012,48,12176.957499999988,borda
618,Q0,LA061989-0070,49,12174.313749999987,borda
618,Q0,LA022389-0001,50,12164.224999999988,borda
618,Q0,LA111489-0124,51,12161.688749999988,borda
618,Q0,LA082089-0064,52,12156.758749999986,borda
618,Q0,LA083089-0076,53,12147.946249999985,borda
618,Q0,LA081189-0143,54,12140.751249999988,borda
618,Q0,LA102289-0101,55,12139.958749999987,borda
618,Q0,LA022889-0171,56,12136.403749999987,borda
618,Q0,LA040589-0072,57,12123.236249999987,borda
618,Q0,LA122490-0102,58,12095.18624999999,borda
618,Q0,LA061089-0057,59,12090.90499999999,borda
618,Q0,LA081289-0003,60,12040.277499999987,borda
618,Q0,LA060689-0147,61,12032.987499999988,borda
618,Q0,LA020490-0061,62,12018.652499999987,borda
618,Q0,LA020490-0092,63,12004.264999999987,borda
618,Q0,FT924-7829,64,11998.352499999986,borda
618,Q0,LA061889-0148,65,11997.92999999999,borda
618,Q0,LA051390-0004,66,11900.966249999989,borda
618,Q0,LA053089-0037,67,11851.39124999999,borda
618,Q0,LA060389-0043,68,11833.873749999988,borda
618,Q0,LA092890-0097,69,11819.109999999988,borda
618,Q0,FT921-8172,70,11816.178749999986,borda
618,Q0,LA082089-0122,71,11811.361249999987,borda
618,Q0,FT943-9096,72,11794.244999999986,borda
618,Q0,LA060589-0104,73,11780.223749999986,borda
618,Q0,FBIS4-42377,74,11750.193749999988,borda
618,Q0,LA041489-0122,75,11747.357499999987,borda
618,Q0,LA011090-0076,76,11743.416249999984,borda
618,Q0,LA022289-0145,77,11731.29374999999,borda
618,Q0,LA121290-0140,78,11666.362499999985,borda
618,Q0,LA061389-0002,79,11634.022499999988,borda
618,Q0,LA060689-0120,80,11630.161249999988,borda
618,Q0,LA021290-0130,81,11628.632499999989,borda
618,Q0,FBIS3-59850,82,11624.027499999991,borda
618,Q0,LA071589-0068,83,11613.356249999986,borda
618,Q0,LA041489-0059,84,11610.314999999988,borda
618,Q0,LA030989-0178,85,11609.292499999987,borda
618,Q0,LA060689-0062,86,11573.786249999986,borda
618,Q0,FT942-12559,87,11563.111249999989,borda
618,Q0,FT922-13705,88,11562.856249999988,borda
618,Q0,LA092389-0109,89,11553.761249999989,borda
618,Q0,LA071489-0156,90,11507.62124999999,borda
618,Q0,LA082589-0155,91,11506.093749999985,borda
618,Q0,FT922-8767,92,11481.997499999989,borda
618,Q0,FBIS3-39251,93,11462.384999999987,borda
618,Q0,LA050489-0046,94,11448.14749999999,borda
618,Q0,FT933-8307,95,11435.964999999987,borda
618,Q0,LA012090-0009,96,11420.889999999985,borda
618,Q0,LA062089-0107,97,11415.77374999999,borda
618,Q0,LA091789-0147,98,11401.324999999988,borda
618,Q0,LA070889-0046,99,11394.952499999989,borda
618,Q0,FBIS4-46218,100,11378.52749999999,borda
618,Q0,LA020489-0044,101,11376.376249999987,borda
618,Q0,LA080789-0079,102,11372.179999999988,borda
618,Q0,FT922-3309,103,11342.13374999999,borda
618,Q0,LA031889-0050,104,11303.984999999988,borda
618,Q0,LA030489-0030,105,11302.884999999987,borda
618,Q0,LA031989-0096,106,11300.884999999991,borda
618,Q0,FT931-10620,107,11299.903749999989,borda
618,Q0,LA020989-0093,108,11281.241249999988,borda
618,Q0,LA021589-0071,109,11280.366249999986,borda
618,Q0,FT931-9004,110,11275.28874999999,borda
618,Q0,LA062390-0057,111,11272.789999999988,borda
618,Q0,LA021790-0006,112,11271.196249999988,borda
618,Q0,FT931-16362,113,11247.707499999988,borda
618,Q0,LA062589-0076,114,11217.777499999987,borda
618,Q0,FT931-10611,115,11209.55749999999,borda
618,Q0,LA020589-0069,116,11200.98499999999,borda
618,Q0,LA052689-0132,117,11199.59249999999,borda
618,Q0,LA041689-0138,118,11180.778749999987,borda
618,Q0,LA091390-0088,119,11161.34374999999,borda
618,Q0,LA022589-0010,120,11129.999999999987,borda
618,Q0,FT934-6460,121,11110.331249999988,borda
618,Q0,FBIS3-26299,122,11103.434999999987,borda
618,Q0,FT931-10622,123,11084.61624999999,borda
618,Q0,LA070289-0164,124,11036.22874999999,borda
618,Q0,FT942-12254,125,11026.066249999989,borda
618,Q0,LA033189-0106,126,11024.944999999989,borda
618,Q0,LA062490-0037,127,11023.498749999984,borda
618,Q0,LA040789-0015,128,11020.856249999986,borda
618,Q0,LA011590-0087,129,11007.071249999988,borda
618,Q0,LA080189-0033,130,10986.103749999987,borda
618,Q0,LA121889-0046,131,10973.599999999991,borda
618,Q0,LA030589-0099,132,10972.849999999991,borda
618,Q0,LA031889-0062,133,10959.573749999989,borda
618,Q0,FT922-13513,134,10955.154999999988,borda
618,Q0,LA031289-0144,135,10953.90999999999,borda
618,Q0,LA020989-0125,136,10940.548749999989,borda
618,Q0,LA102489-0139,137,10918.25624999999,borda
618,Q0,LA121890-0169,138,10899.631249999991,borda
618,Q0,LA083090-0010,139,10870.564999999988,borda
618,Q0,FBIS3-33010,140,10855.307499999988,borda
618,Q0,FBIS3-39513,141,10843.879999999986,borda
618,Q0,LA090389-0159,142,10833.73374999999,borda
618,Q0,LA010189-0118,143,10810.418749999992,borda
618,Q0,FT931-9187,144,10741.95999999999,borda
618,Q0,LA050190-0053,145,10735.062499999989,borda
618,Q0,LA081089-0019,146,10727.006249999991,borda
618,Q0,LA030889-0087,147,10693.649999999985,borda
618,Q0,LA010189-0082,148,10687.128749999989,borda
618,Q0,FBIS3-58732,149,10661.187499999989,borda
618,Q0,LA110589-0006,150,10657.027499999991,borda
618,Q0,FT922-2993,151,10642.398749999991,borda
618,Q0,LA061889-0013,152,10633.17124999999,borda
618,Q0,LA030789-0012,153,10629.704999999987,borda
618,Q0,FT942-12462,154,10626.823749999987,borda
618,Q0,FBIS3-28804,155,10619.351249999989,borda
618,Q0,FBIS4-38274,156,10593.012499999988,borda
618,Q0,LA111190-0070,157,10570.93999999999,borda
618,Q0,LA070489-0081,158,10495.239999999989,borda
618,Q0,LA022489-0033,159,10484.476249999989,borda
618,Q0,LA062090-0016,160,10480.22999999999,borda
618,Q0,FBIS4-66615,161,10473.846249999988,borda
618,Q0,LA062490-0161,162,10437.23499999999,borda
618,Q0,LA080489-0063,163,10417.701249999991,borda
618,Q0,LA012190-0117,164,10396.24124999999,borda
618,Q0,FBIS3-59851,165,10376.633749999994,borda
618,Q0,LA042189-0131,166,10374.66124999999,borda
618,Q0,LA070789-0117,167,10355.41499999999,borda
618,Q0,FT922-13252,168,10349.432499999988,borda
618,Q0,LA070889-0050,169,10345.63999999999,borda
618,Q0,FT931-10612,170,10332.241249999988,borda
618,Q0,LA010490-0080,171,10325.18499999999,borda
618,Q0,FBIS3-40581,172,10315.634999999991,borda
618,Q0,LA072289-0056,173,10314.348749999992,borda
618,Q0,FBIS3-22984,174,10305.04124999999,borda
618,Q0,FT934-15034,175,10301.42249999999,borda
618,Q0,LA051889-0048,176,10261.334999999988,borda
618,Q0,FT931-10610,177,10247.94124999999,borda
618,Q0,LA091690-0025,178,10236.51999999999,borda
618,Q0,LA032389-0107,179,10219.454999999989,borda
618,Q0,FT921-12770,180,10196.333749999989,borda
618,Q0,LA050989-0113,181,10176.402499999987,borda
618,Q0,LA062290-0020,182,10174.88499999999,borda
618,Q0,LA032289-0066,183,10169.124999999993,borda
618,Q0,LA022589-0011,184,10168.88374999999,borda
618,Q0,LA062190-0237,185,10168.484999999991,borda
618,Q0,LA080589-0040,186,10167.287499999988,borda
618,Q0,FT924-9617,187,10164.178749999992,borda
618,Q0,LA022489-0010,188,10155.64374999999,borda
618,Q0,FT922-1239,189,10130.104999999989,borda
618,Q0,FBIS3-35306,190,10116.61249999999,borda
618,Q0,LA032889-0024,191,10057.073749999989,borda
618,Q0,FT922-4983,192,10051.88374999999,borda
618,Q0,LA022389-0002,193,10049.634999999991,borda
618,Q0,FBIS3-42224,194,10024.28749999999,borda
618,Q0,LA032489-0004,195,10019.23249999999,borda
618,Q0,LA030389-0014,196,10011.467499999992,borda
618,Q0,FBIS4-60344,197,9998.41374999999,borda
618,Q0,LA040489-0024,198,9978.40749999999,borda
618,Q0,LA111289-0064,199,9961.018749999988,borda
618,Q0,FT943-12140,200,9922.30874999999,borda
618,Q0,FBIS3-33870,201,9919.331249999988,borda
618,Q0,FBIS4-44993,202,9854.75124999999,borda
618,Q0,FBIS4-12817,203,9848.62874999999,borda
618,Q0,LA100389-0011,204,9836.461249999991,borda
618,Q0,LA022789-0054,205,9828.67374999999,borda
618,Q0,LA032189-0053,206,9811.278749999987,borda
618,Q0,LA081290-0054,207,9806.09874999999,borda
618,Q0,LA090690-0097,208,9794.14624999999,borda
618,Q0,LA062690-0117,209,9771.839999999987,borda
618,Q0,LA030389-0137,210,9713.64124999999,borda
618,Q0,LA041790-0102,211,9699.73124999999,borda
618,Q0,LA031489-0144,212,9693.92999999999,borda
618,Q0,LA080789-0012,213,9661.84874999999,borda
618,Q0,FT923-6556,214,9636.929999999991,borda
618,Q0,LA042189-0145,215,9619.133749999988,borda
618,Q0,FT921-987,216,9576.121249999987,borda
618,Q0,FBIS4-66646,217,9555.199999999992,borda
618,Q0,FBIS3-52483,218,9544.917499999989,borda
618,Q0,LA022589-0001,219,9531.67749999999,borda
618,Q0,FBIS4-44992,220,9515.23749999999,borda
618,Q0,LA071790-0025,221,9473.539999999992,borda
618,Q0,FBIS3-52482,222,9462.136249999989,borda
618,Q0,LA101489-0008,223,9420.97624999999,borda
618,Q0,FT931-5368,224,9403.92249999999,borda
618,Q0,LA070889-0025,225,9401.30124999999,borda
618,Q0,LA032889-0095,226,9396.266249999991,borda
618,Q0,LA082289-0156,227,9343.81999999999,borda
618,Q0,FT932-9903,228,9331.18249999999,borda
618,Q0,LA081690-0049,229,9314.71749999999,borda
618,Q0,LA022589-0013,230,9292.97499999999,borda
618,Q0,FT933-14223,231,9288.34249999999,borda
618,Q0,FBIS4-37555,232,9244.58374999999,borda
618,Q0,FT933-9697,233,9177.981249999992,borda
618,Q0,LA031189-0042,234,9120.00124999999,borda
618,Q0,FT922-8766,235,9088.602499999992,borda
618,Q0,LA081589-0062,236,9077.41749999999,borda
618,Q0,FT922-8949,237,9053.493749999989,borda
618,Q0,FT931-6164,238,9044.823749999992,borda
618,Q0,LA062589-0013,239,8930.718749999993,borda
618,Q0,LA050789-0068,240,8913.302499999993,borda
618,Q0,FT924-6008,241,8872.71624999999,borda
618,Q0,LA022889-0155,242,8832.703749999991,borda
618,Q0,LA021789-0145,243,8830.09124999999,borda
618,Q0,FT932-16749,244,8800.158749999991,borda
618,Q0,LA090289-0063,245,8775.732499999991,borda
618,Q0,FBIS4-59741,246,8741.04874999999,borda
618,Q0,LA041289-0076,247,8727.789999999992,borda
618,Q0,LA050989-0129,248,8650.251249999994,borda
618,Q0,FBIS3-53623,249,8605.93124999999,borda
618,Q0,FBIS3-24848,250,8593.73624999999,borda
618,Q0,FBIS3-33986,251,8583.882499999992,borda
618,Q0,LA020989-0092,252,8565.58124999999,borda
618,Q0,LA032189-0043,253,8500.207499999993,borda
618,Q0,LA120990-0041,254,8478.388749999991,borda
618,Q0,LA103090-0201,255,8449.30624999999,borda
618,Q0,FT941-13426,256,8393.791249999991,borda
618,Q0,FT911-784,257,8375.43624999999,borda
618,Q0,FBIS3-34406,258,8369.44624999999,borda
618,Q0,FBIS3-58417,259,8342.098749999992,borda
618,Q0,LA092289-0172,260,8278.13374999999,borda
618,Q0,FT911-4360,261,8272.047499999991,borda
618,Q0,LA033189-0027,262,8269.09124999999,borda
618,Q0,LA010790-0036,263,8262.982499999991,borda
618,Q0,LA041289-0058,264,8247.384999999991,borda
618,Q0,FT923-12472,265,8232.779999999992,borda
618,Q0,FBIS4-37588,266,8195.922499999993,borda
618,Q0,FBIS3-22833,267,8185.783749999992,borda
618,Q0,FBIS4-20248,268,8171.908749999992,borda
618,Q0,FBIS3-53212,269,8153.796249999991,borda
618,Q0,FT923-13476,270,8134.0199999999895,borda
618,Q0,LA031289-0139,271,8130.363749999991,borda
618,Q0,LA031389-0072,272,8095.696249999991,borda
618,Q0,LA022489-0009,273,8067.287499999991,borda
618,Q0,FT923-14224,274,8063.67499999999,borda
618,Q0,LA100390-0012,275,8050.412499999989,borda
618,Q0,FBIS4-20250,276,8037.888749999992,borda
618,Q0,FBIS3-34434,277,8025.277499999992,borda
618,Q0,FT922-13976,278,8015.911249999992,borda
618,Q0,FBIS3-52922,279,8014.338749999992,borda
618,Q0,LA011389-0037,280,7965.713749999993,borda
618,Q0,FBIS4-52087,281,7955.844999999992,borda
618,Q0,LA122390-0161,282,7955.714999999989,borda
618,Q0,FBIS4-52094,283,7945.991249999993,borda
618,Q0,FBIS4-12824,284,7943.50999999999,borda
618,Q0,FBIS4-64253,285,7943.0599999999895,borda
618,Q0,LA030189-0060,286,7941.114999999992,borda
618,Q0,FT923-13475,287,7867.326249999992,borda
618,Q0,FBIS3-59811,288,7833.397499999992,borda
618,Q0,LA051889-0142,289,7806.394999999991,borda
618,Q0,LA011890-0135,290,7806.086249999991,borda
618,Q0,FT943-15980,291,7799.11874999999,borda
618,Q0,FBIS3-52490,292,7757.197499999991,borda
618,Q0,LA102790-0083,293,7730.667499999992,borda
618,Q0,LA030489-0061,294,7720.46499999999,borda
618,Q0,FT923-11194,295,7717.139999999991,borda
618,Q0,LA020389-0170,296,7695.911249999991,borda
618,Q0,FBIS3-53080,297,7680.548749999992,borda
618,Q0,LA070589-0066,298,7640.896249999992,borda
618,Q0,FBIS4-43147,299,7637.678749999992,borda
618,Q0,LA030289-0153,300,7611.113749999992,borda
618,Q0,FBIS4-20743,301,7610.588749999993,borda
618,Q0,LA030189-0080,302,7604.804999999991,borda
618,Q0,FBIS3-54158,303,7593.046249999992,borda
618,Q0,LA031289-0058,304,7562.742499999991,borda
618,Q0,LA050789-0066,305,7553.6774999999925,borda
618,Q0,FBIS3-52407,306,7528.289999999993,borda
618,Q0,LA022589-0005,307,7493.4362499999925,borda
618,Q0,FBIS3-59803,308,7490.897499999992,borda
618,Q0,FBIS3-34325,309,7486.018749999991,borda
618,Q0,LA071190-0007,310,7378.718749999992,borda
618,Q0,LA062290-0005,311,7361.304999999992,borda
618,Q0,FT931-8765,312,7350.677499999993,borda
618,Q0,LA070590-0058,313,7350.157499999993,borda
618,Q0,FBIS3-59804,314,7339.6062499999925,borda
618,Q0,FBIS3-13846,315,7296.008749999993,borda
618,Q0,LA081590-0156,316,7290.232499999993,borda
618,Q0,FT931-14445,317,7284.178749999994,borda
618,Q0,FBIS3-13906,318,7277.226249999991,borda
618,Q0,LA022589-0007,319,7224.143749999992,borda
618,Q0,FBIS3-13428,320,7222.552499999992,borda
618,Q0,LA022590-0105,321,7215.312499999992,borda
618,Q0,LA062789-0016,322,7139.486249999993,borda
618,Q0,FBIS4-35832,323,7129.7899999999945,borda
618,Q0,LA012590-0149,324,7075.512499999991,borda
618,Q0,LA021389-0093,325,7044.838749999992,borda
618,Q0,FBIS3-34537,326,7036.184999999993,borda
618,Q0,LA022589-0006,327,7032.331249999993,borda
618,Q0,LA060689-0113,328,7028.834999999993,borda
618,Q0,FBIS4-35317,329,7023.231249999992,borda
618,Q0,FBIS4-12811,330,7001.937499999992,borda
618,Q0,LA092290-0008,331,6931.439999999992,borda
618,Q0,LA041689-0204,332,6907.861249999992,borda
618,Q0,LA042589-0042,333,6901.217499999992,borda
618,Q0,FT921-8710,334,6881.4849999999915,borda
618,Q0,FBIS3-34435,335,6871.436249999993,borda
618,Q0,FBIS3-35204,336,6864.443749999993,borda
618,Q0,LA101290-0122,337,6858.534999999993,borda
618,Q0,FBIS3-35430,338,6850.129999999994,borda
618,Q0,FBIS4-12483,339,6838.022499999994,borda
618,Q0,LA030889-0151,340,6826.702499999994,borda
618,Q0,FBIS3-35563,341,6819.187499999993,borda
618,Q0,LA012690-0162,342,6818.863749999993,borda
618,Q0,FBIS3-52208,343,6749.908749999992,borda
618,Q0,FBIS3-35132,344,6749.551249999991,borda
618,Q0,FBIS4-58331,345,6733.849999999993,borda
618,Q0,FBIS4-11916,346,6730.141249999992,borda
618,Q0,FT922-15511,347,6719.992499999993,borda
618,Q0,FBIS4-67138,348,6705.966249999994,borda
618,Q0,FT933-7343,349,6697.553749999992,borda
618,Q0,FBIS3-53335,350,6696.357499999992,borda
618,Q0,FBIS3-31245,351,6691.251249999994,borda
618,Q0,FBIS3-12762,352,6672.496249999991,borda
618,Q0,FT924-10093,353,6664.4412499999935,borda
618,Q0,LA012390-0097,354,6663.226249999992,borda
618,Q0,FBIS4-3646,355,6618.632499999994,borda
618,Q0,FBIS4-12203,356,6605.001249999992,borda
618,Q0,FBIS4-12398,357,6597.553749999992,borda
618,Q0,FT942-10184,358,6585.203749999994,borda
618,Q0,LA030189-0130,359,6582.347499999993,borda
618,Q0,LA120690-0021,360,6539.171249999993,borda
618,Q0,LA091390-0082,361,6519.794999999995,borda
618,Q0,FT931-14433,362,6517.401249999992,borda
618,Q0,FBIS3-34324,363,6503.081249999994,borda
618,Q0,FBIS3-12617,364,6497.132499999993,borda
618,Q0,FBIS4-14344,365,6496.108749999994,borda
618,Q0,FBIS3-13717,366,6485.812499999993,borda
618,Q0,LA081789-0092,367,6465.018749999994,borda
618,Q0,LA030489-0031,368,6458.309999999994,borda
618,Q0,FBIS3-33798,369,6438.219999999994,borda
618,Q0,FBIS4-35669,370,6406.942499999994,borda
618,Q0,FBIS4-59569,371,6386.756249999993,borda
618,Q0,LA120990-0039,372,6340.788749999992,borda
618,Q0,FBIS4-58167,373,6337.471249999993,borda
618,Q0,FBIS3-34436,374,6336.613749999995,borda
618,Q0,FBIS4-64377,375,6328.001249999994,borda
618,Q0,FT921-11945,376,6327.561249999993,borda
618,Q0,FT922-5975,377,6312.991249999994,borda
618,Q0,FBIS3-35309,378,6309.204999999992,borda
618,Q0,LA071189-0022,379,6298.273749999993,borda
618,Q0,FBIS4-11810,380,6285.017499999993,borda
618,Q0,LA092290-0009,381,6283.353749999993,borda
618,Q0,FBIS4-12422,382,6252.888749999993,borda
618,Q0,FBIS3-48352,383,6245.479999999994,borda
618,Q0,LA062289-0198,384,6234.726249999992,borda
618,Q0,FBIS4-18992,385,6233.853749999994,borda
618,Q0,FBIS3-54165,386,6192.169999999994,borda
618,Q0,FT944-14566,387,6188.568749999994,borda
618,Q0,FT922-11305,388,6176.839999999993,borda
618,Q0,LA032289-0139,389,6176.344999999993,borda
618,Q0,FBIS4-58738,390,6164.4949999999935,borda
618,Q0,LA011890-0126,391,6150.429999999994,borda
618,Q0,FBIS4-60478,392,6136.424999999992,borda
618,Q0,LA031490-0075,393,6127.383749999994,borda
618,Q0,LA031489-0006,394,6111.472499999992,borda
618,Q0,FBIS3-13686,395,6109.704999999994,borda
618,Q0,FBIS4-59582,396,6107.879999999994,borda
618,Q0,FBIS3-13189,397,6101.824999999992,borda
618,Q0,FBIS4-12165,398,6099.3837499999945,borda
618,Q0,FBIS3-14718,399,6095.441249999995,borda
618,Q0,LA091990-0009,400,6091.779999999995,borda
618,Q0,LA091690-0037,401,6091.276249999993,borda
618,Q0,FBIS3-13146,402,6086.232499999994,borda
618,Q0,FBIS4-35827,403,6059.2312499999925,borda
618,Q0,FBIS3-14174,404,6043.326249999993,borda
618,Q0,FBIS3-23225,405,6041.118749999993,borda
618,Q0,FT921-2916,406,5995.642499999994,borda
618,Q0,LA082190-0074,407,5992.293749999994,borda
618,Q0,FBIS4-58164,408,5967.964999999993,borda
618,Q0,FBIS4-58045,409,5941.021249999993,borda
618,Q0,LA012689-0125,410,5939.252499999995,borda
618,Q0,LA030389-0005,411,5928.576249999995,borda
618,Q0,FBIS4-59726,412,5915.716249999993,borda
618,Q0,LA042490-0209,413,5867.5312499999945,borda
618,Q0,FT944-14397,414,5829.296249999994,borda
618,Q0,FBIS4-59851,415,5814.706249999994,borda
618,Q0,FBIS3-60755,416,5795.997499999992,borda
618,Q0,FBIS4-13712,417,5793.798749999993,borda
618,Q0,FT921-10501,418,5782.339999999993,borda
618,Q0,FT923-14942,419,5778.281249999994,borda
618,Q0,FBIS3-24119,420,5763.323749999993,borda
618,Q0,FBIS3-52489,421,5750.421249999996,borda
618,Q0,FBIS4-36335,422,5747.041249999993,borda
618,Q0,FBIS4-35256,423,5735.5749999999925,borda
618,Q0,FBIS4-37553,424,5726.799999999993,borda
618,Q0,LA012190-0192,425,5677.849999999994,borda
618,Q0,FBIS3-12841,426,5659.651249999994,borda
618,Q0,FBIS4-11736,427,5655.544999999993,borda
618,Q0,FBIS3-45949,428,5653.452499999993,borda
618,Q0,LA062290-0169,429,5650.761249999994,borda
618,Q0,LA082089-0138,430,5648.733749999995,borda
618,Q0,FBIS4-59729,431,5647.5799999999945,borda
618,Q0,FT944-18198,432,5635.614999999994,borda
618,Q0,FBIS3-58306,433,5630.274999999995,borda
618,Q0,LA061189-0150,434,5625.031249999994,borda
618,Q0,FBIS3-52385,435,5613.828749999994,borda
618,Q0,FT921-12078,436,5605.174999999994,borda
618,Q0,FT924-10062,437,5572.364999999993,borda
618,Q0,FBIS3-13186,438,5567.342499999993,borda
618,Q0,LA100390-0118,439,5559.302499999995,borda
618,Q0,FBIS3-22832,440,5546.839999999994,borda
618,Q0,FBIS3-40582,441,5538.581249999994,borda
618,Q0,LA010590-0092,442,5517.114999999994,borda
618,Q0,FT932-14067,443,5487.183749999994,borda
618,Q0,FT941-9537,444,5482.542499999996,borda
618,Q0,LA021289-0041,445,5478.358749999993,borda
618,Q0,FBIS4-37419,446,5470.512499999993,borda
618,Q0,FBIS3-12619,447,5428.174999999995,borda
618,Q0,FT942-2198,448,5423.807499999993,borda
618,Q0,FBIS3-40764,449,5422.2049999999945,borda
618,Q0,FBIS3-33848,450,5416.232499999994,borda
618,Q0,FBIS4-37426,451,5412.8037499999955,borda
618,Q0,FBIS3-42171,452,5399.457499999995,borda
618,Q0,LA080989-0041,453,5398.196249999995,borda
618,Q0,LA101289-0086,454,5385.108749999995,borda
618,Q0,FBIS4-13382,455,5369.643749999994,borda
618,Q0,FBIS3-35131,456,5355.017499999995,borda
618,Q0,LA062990-0177,457,5347.534999999995,borda
618,Q0,LA022689-0173,458,5332.1424999999945,borda
618,Q0,FBIS3-59852,459,5325.4024999999965,borda
618,Q0,FBIS3-59049,460,5325.361249999994,borda
618,Q0,FBIS3-34598,461,5320.731249999993,borda
618,Q0,FBIS4-37549,462,5301.962499999994,borda
618,Q0,FBIS4-12482,463,5299.299999999994,borda
618,Q0,FBIS4-21742,464,5292.862499999995,borda
618,Q0,FBIS3-34544,465,5266.966249999993,borda
618,Q0,LA060489-0037,466,5246.359999999995,borda
618,Q0,FT921-13870,467,5225.9237499999945,borda
618,Q0,FT931-9371,468,5224.813749999995,borda
618,Q0,LA101990-0168,469,5209.5799999999945,borda
618,Q0,FT932-15634,470,5208.349999999993,borda
618,Q0,FT931-2960,471,5198.719999999994,borda
618,Q0,FT931-9367,472,5174.219999999995,borda
618,Q0,FBIS3-58731,473,5143.483749999994,borda
618,Q0,FBIS3-52761,474,5128.171249999994,borda
618,Q0,FBIS3-34735,475,5119.963749999995,borda
618,Q0,FBIS3-40017,476,5108.574999999995,borda
618,Q0,LA022390-0081,477,5091.9187499999925,borda
618,Q0,FBIS4-64863,478,5091.601249999995,borda
618,Q0,FBIS4-36025,479,5083.9999999999945,borda
618,Q0,FT934-819,480,5080.619999999994,borda
618,Q0,FBIS4-26798,481,5072.2049999999945,borda
618,Q0,LA052790-0080,482,5065.304999999994,borda
618,Q0,FBIS3-14719,483,5053.569999999994,borda
618,Q0,LA080389-0016,484,5040.669999999994,borda
618,Q0,FT944-17707,485,5036.858749999996,borda
618,Q0,FBIS4-13858,486,5009.537499999995,borda
618,Q0,FBIS4-60346,487,4997.698749999996,borda
618,Q0,FBIS3-16721,488,4996.433749999995,borda
618,Q0,LA091490-0070,489,4985.613749999995,borda
618,Q0,FBIS3-18110,490,4980.623749999996,borda
618,Q0,FBIS3-12666,491,4965.2587499999945,borda
618,Q0,FBIS4-37944,492,4961.306249999994,borda
618,Q0,FT933-275,493,4948.7012499999955,borda
618,Q0,FBIS4-20747,494,4928.456249999995,borda
618,Q0,LA080489-0156,495,4926.091249999995,borda
618,Q0,FBIS3-14151,496,4914.863749999995,borda
618,Q0,FBIS3-34887,497,4904.006249999996,borda
618,Q0,FT931-10521,498,4901.447499999996,borda
618,Q0,FBIS3-60960,499,4889.814999999995,borda
618,Q0,LA092689-0103,500,4887.787499999995,borda
618,Q0,FT933-12057,501,4877.101249999994,borda
618,Q0,FBIS3-52207,502,4856.183749999994,borda
618,Q0,FBIS3-59833,503,4847.808749999995,borda
618,Q0,FT943-12167,504,4813.317499999995,borda
618,Q0,FT932-10824,505,4811.826249999995,borda
618,Q0,LA041490-0092,506,4759.4412499999935,borda
618,Q0,LA091590-0044,507,4752.058749999995,borda
618,Q0,FT933-5486,508,4730.114999999995,borda
618,Q0,LA051889-0056,509,4725.151249999995,borda
618,Q0,LA111089-0102,510,4713.044999999995,borda
618,Q0,FBIS4-37799,511,4659.1074999999955,borda
618,Q0,FT921-8521,512,4645.4999999999945,borda
618,Q0,LA011389-0117,513,4615.942499999995,borda
618,Q0,FBIS3-13496,514,4589.4599999999955,borda
618,Q0,LA090490-0145,515,4569.564999999995,borda
618,Q0,FBIS3-58019,516,4564.837499999994,borda
618,Q0,FBIS3-58049,517,4555.123749999995,borda
618,Q0,FBIS3-54295,518,4505.0224999999955,borda
618,Q0,LA090490-0097,519,4455.927499999995,borda
618,Q0,FT922-6091,520,4432.992499999995,borda
618,Q0,FBIS4-14352,521,4425.8349999999955,borda
618,Q0,FBIS4-66724,522,4373.747499999996,borda
618,Q0,FBIS4-59843,523,4346.6474999999955,borda
618,Q0,FBIS3-54226,524,4343.992499999996,borda
618,Q0,FBIS3-33855,525,4319.609999999995,borda
618,Q0,FBIS3-58794,526,4293.616249999995,borda
618,Q0,FBIS3-53315,527,4255.286249999996,borda
618,Q0,LA040189-0032,528,4253.657499999995,borda
618,Q0,FBIS3-58733,529,4251.754999999995,borda
618,Q0,LA030789-0011,530,4221.447499999995,borda
618,Q0,FT931-6379,531,4218.357499999995,borda
618,Q0,FBIS4-13453,532,4189.257499999995,borda
618,Q0,FBIS3-23152,533,4177.654999999995,borda
618,Q0,FBIS4-37163,534,4155.707499999996,borda
618,Q0,LA031190-0139,535,4149.101249999995,borda
618,Q0,FBIS3-58018,536,4102.426249999995,borda
618,Q0,FBIS3-58048,537,4092.3437499999964,borda
618,Q0,FBIS3-52209,538,4069.6262499999966,borda
618,Q0,FT942-1060,539,4051.989999999996,borda
618,Q0,LA091290-0153,540,4040.6049999999964,borda
618,Q0,FBIS4-68829,541,4016.457499999996,borda
618,Q0,LA052090-0045,542,3981.0699999999947,borda
618,Q0,FBIS4-11677,543,3979.247499999996,borda
618,Q0,FBIS4-60634,544,3968.5624999999973,borda
618,Q0,FBIS4-60157,545,3964.6262499999953,borda
618,Q0,FBIS4-37834,546,3962.286249999996,borda
618,Q0,FBIS3-33731,547,3951.6174999999967,borda
618,Q0,FBIS3-24850,548,3935.264999999996,borda
618,Q0,FBIS3-33988,549,3928.1837499999965,borda
618,Q0,FBIS3-60829,550,3927.402499999995,borda
618,Q0,FBIS4-36847,551,3924.261249999995,borda
618,Q0,LA082189-0048,552,3905.8187499999967,borda
618,Q0,LA050589-0169,553,3894.8987499999957,borda
618,Q0,LA042089-0043,554,3891.0287499999968,borda
618,Q0,FT931-8781,555,3857.122499999996,borda
618,Q0,FT931-8938,556,3847.5949999999957,borda
618,Q0,FBIS3-35130,557,3840.8987499999967,borda
618,Q0,LA090990-0180,558,3833.5399999999963,borda
618,Q0,FT931-5358,559,3810.003749999996,borda
618,Q0,FBIS3-35558,560,3806.766249999996,borda
618,Q0,FBIS3-57348,561,3752.767499999997,borda
618,Q0,FT911-233,562,3752.3599999999974,borda
618,Q0,FBIS3-35119,563,3748.069999999996,borda
618,Q0,FBIS4-36027,564,3721.2824999999966,borda
618,Q0,FBIS4-52088,565,3715.2474999999963,borda
618,Q0,FBIS3-52620,566,3712.628749999996,borda
618,Q0,FBIS4-36844,567,3682.4974999999963,borda
618,Q0,FBIS4-46219,568,3673.748749999995,borda
618,Q0,LA070389-0011,569,3640.2637499999955,borda
618,Q0,FBIS4-67993,570,3604.4599999999964,borda
618,Q0,FBIS4-13838,571,3586.7112499999953,borda
618,Q0,FBIS4-12417,572,3583.9974999999968,borda
618,Q0,FBIS4-58734,573,3574.9424999999965,borda
618,Q0,FBIS4-59940,574,3572.5149999999953,borda
618,Q0,FBIS3-34334,575,3571.1787499999973,borda
618,Q0,FBIS4-38094,576,3557.8449999999953,borda
618,Q0,FBIS4-67107,577,3549.913749999996,borda
618,Q0,FBIS3-34762,578,3545.4774999999972,borda
618,Q0,LA051389-0031,579,3536.464999999998,borda
618,Q0,FBIS3-14573,580,3533.4237499999967,borda
618,Q0,FBIS3-34433,581,3489.5024999999964,borda
618,Q0,FBIS3-53325,582,3486.3899999999967,borda
618,Q0,FBIS4-43761,583,3476.074999999996,borda
618,Q0,FT942-9487,584,3453.884999999997,borda
618,Q0,FBIS4-38099,585,3406.6762499999963,borda
618,Q0,FBIS3-58418,586,3396.8737499999975,borda
618,Q0,FBIS3-17499,587,3392.533749999996,borda
618,Q0,FBIS3-17963,588,3368.6499999999955,borda
618,Q0,FBIS3-53429,589,3324.2737499999976,borda
618,Q0,LA032389-0092,590,3323.9012499999976,borda
618,Q0,LA080289-0125,591,3308.172499999997,borda
618,Q0,FT911-4285,592,3303.9437499999954,borda
618,Q0,LA080389-0046,593,3262.9162499999966,borda
618,Q0,FBIS3-59805,594,3257.0287499999977,borda
618,Q0,FBIS3-42366,595,3244.3499999999967,borda
618,Q0,LA062990-0018,596,3222.0237499999967,borda
618,Q0,FBIS3-23473,597,3196.912499999996,borda
618,Q0,FBIS4-38100,598,3189.1474999999973,borda
618,Q0,FBIS4-60084,599,3162.336249999997,borda
618,Q0,FBIS4-58542,600,3161.5037499999953,borda
618,Q0,FBIS3-53428,601,3152.3474999999967,borda
618,Q0,FBIS3-13076,602,3143.8224999999966,borda
618,Q0,FBIS3-34776,603,3121.847499999997,borda
618,Q0,LA022390-0082,604,3119.034999999997,borda
618,Q0,FBIS4-46287,605,3115.2387499999977,borda
618,Q0,FT923-6426,606,3099.7624999999975,borda
618,Q0,FBIS4-38221,607,3091.7737499999967,borda
618,Q0,FBIS3-35307,608,3086.5674999999974,borda
618,Q0,LA081490-0007,609,3086.4537499999965,borda
618,Q0,FBIS3-33853,610,3085.483749999997,borda
618,Q0,FBIS4-12999,611,3083.6624999999967,borda
618,Q0,FT922-1825,612,3066.858749999997,borda
618,Q0,LA111289-0105,613,3038.0637499999957,borda
618,Q0,FT932-5888,614,3030.229999999997,borda
618,Q0,FBIS4-13702,615,3026.2499999999964,borda
618,Q0,FT922-3095,616,3024.404999999998,borda
618,Q0,FT942-12558,617,2996.971249999998,borda
618,Q0,LA031889-0054,618,2984.678749999998,borda
618,Q0,FBIS3-54464,619,2963.3949999999973,borda
618,Q0,FT932-4048,620,2937.487499999998,borda
618,Q0,FBIS4-58904,621,2933.967499999996,borda
618,Q0,FT924-7696,622,2925.1487499999976,borda
618,Q0,LA050990-0037,623,2914.0024999999987,borda
618,Q0,FT941-16960,624,2908.923749999998,borda
618,Q0,FBIS3-34187,625,2879.9312499999974,borda
618,Q0,FBIS4-13548,626,2867.3612499999967,borda
618,Q0,FT922-10522,627,2847.1249999999986,borda
618,Q0,FT921-16644,628,2845.863749999996,borda
618,Q0,FBIS3-34738,629,2845.8399999999974,borda
618,Q0,LA062390-0068,630,2843.979999999996,borda
618,Q0,FBIS4-20746,631,2837.4112499999974,borda
618,Q0,FT911-2894,632,2833.6574999999966,borda
618,Q0,FBIS3-55316,633,2830.8024999999984,borda
618,Q0,FBIS4-59804,634,2828.0124999999975,borda
618,Q0,FBIS4-42577,635,2818.8287499999974,borda
618,Q0,FBIS4-67788,636,2817.2887499999974,borda
618,Q0,LA122490-0044,637,2812.846249999996,borda
618,Q0,FBIS4-36336,638,2810.067499999998,borda
618,Q0,LA080689-0166,639,2808.433749999998,borda
618,Q0,FBIS4-56512,640,2796.639999999998,borda
618,Q0,LA070690-0120,641,2788.7862499999983,borda
618,Q0,LA102590-0244,642,2779.622499999999,borda
618,Q0,LA071889-0111,643,2779.2312499999966,borda
618,Q0,LA091589-0087,644,2768.0887499999985,borda
618,Q0,FT932-9647,645,2756.4312499999987,borda
618,Q0,FBIS3-53625,646,2750.3324999999973,borda
618,Q0,FBIS3-55312,647,2749.0074999999983,borda
618,Q0,LA020590-0119,648,2743.737499999998,borda
618,Q0,FBIS3-22566,649,2741.6724999999983,borda
618,Q0,FBIS3-41760,650,2738.131249999999,borda
618,Q0,LA052190-0073,651,2734.238749999998,borda
618,Q0,LA081689-0134,652,2730.0587499999983,borda
618,Q0,LA092989-0110,653,2728.5024999999982,borda
618,Q0,FT921-1111,654,2720.664999999999,borda
618,Q0,FT921-8945,655,2660.7462499999983,borda
618,Q0,FBIS3-1544,656,2659.654999999998,borda
618,Q0,LA082989-0061,657,2657.9687499999977,borda
618,Q0,FBIS4-18716,658,2650.8612499999986,borda
618,Q0,LA070590-0078,659,2640.8287499999983,borda
618,Q0,FBIS4-35830,660,2637.924999999998,borda
618,Q0,FBIS4-35772,661,2635.7637499999973,borda
618,Q0,FBIS4-13694,662,2627.1037499999966,borda
618,Q0,LA071990-0097,663,2623.388749999998,borda
618,Q0,FBIS3-52379,664,2623.0687499999967,borda
618,Q0,LA092190-0125,665,2606.976249999997,borda
618,Q0,FT941-15629,666,2598.298749999998,borda
618,Q0,FT941-9658,667,2554.961249999999,borda
618,Q0,FBIS3-13427,668,2554.822499999998,borda
618,Q0,FBIS3-35136,669,2547.4024999999983,borda
618,Q0,FBIS3-34336,670,2545.8987499999985,borda
618,Q0,FT921-15190,671,2536.474999999999,borda
618,Q0,FBIS4-42169,672,2525.5062499999985,borda
618,Q0,FBIS4-58480,673,2516.5899999999974,borda
618,Q0,FBIS4-58171,674,2515.8474999999976,borda
618,Q0,FBIS3-22568,675,2515.1099999999988,borda
618,Q0,LA070590-0068,676,2499.274999999998,borda
618,Q0,FT932-9939,677,2492.0137499999987,borda
618,Q0,FBIS4-63560,678,2487.591249999998,borda
618,Q0,FBIS4-58942,679,2485.6237499999975,borda
618,Q0,FBIS3-12349,680,2471.709999999997,borda
618,Q0,FBIS3-34081,681,2469.4999999999977,borda
618,Q0,FBIS3-57870,682,2446.331249999997,borda
618,Q0,FT941-15617,683,2437.6662499999984,borda
618,Q0,FBIS4-11819,684,2434.6287499999976,borda
618,Q0,FBIS3-23248,685,2430.2299999999973,borda
618,Q0,LA092989-0112,686,2429.9887499999977,borda
618,Q0,LA020689-0019,687,2413.1537499999986,borda
618,Q0,LA070490-0112,688,2407.224999999997,borda
618,Q0,FBIS4-12492,689,2406.151249999998,borda
618,Q0,LA102790-0128,690,2405.3749999999995,borda
618,Q0,FBIS4-37420,691,2398.5074999999974,borda
618,Q0,FBIS4-11902,692,2396.6212499999983,borda
618,Q0,FBIS3-55411,693,2396.041249999999,borda
618,Q0,FBIS4-38098,694,2385.8212499999977,borda
618,Q0,LA010990-0052,695,2385.3824999999974,borda
618,Q0,FBIS3-23407,696,2378.4212499999985,borda
618,Q0,FBIS3-52747,697,2374.224999999998,borda
618,Q0,FBIS3-52908,698,2369.6387499999983,borda
618,Q0,FBIS3-35047,699,2361.641249999999,borda
618,Q0,FT922-12940,700,2344.8062499999974,borda
618,Q0,FBIS3-52753,701,2334.058749999998,borda
618,Q0,FBIS3-60401,702,2333.6437499999965,borda
618,Q0,FBIS3-55713,703,2327.6312499999985,borda
618,Q0,FBIS4-2824,704,2322.6949999999983,borda
618,Q0,FR940930-1-00071,705,2320.8449999999984,borda
618,Q0,FBIS4-36601,706,2311.374999999998,borda
618,Q0,FBIS3-35437,707,2303.292499999998,borda
618,Q0,FBIS3-35124,708,2299.878749999998,borda
618,Q0,FBIS4-61732,709,2294.428749999999,borda
618,Q0,FBIS4-51526,710,2294.003749999998,borda
618,Q0,FBIS4-59865,711,2292.984999999997,borda
618,Q0,LA122690-0035,712,2281.8974999999987,borda
618,Q0,FBIS4-21891,713,2277.844999999998,borda
618,Q0,FT931-2704,714,2277.4387499999984,borda
618,Q0,FR940722-1-00029,715,2274.7037499999983,borda
618,Q0,FBIS4-42060,716,2263.1612499999987,borda
618,Q0,FBIS4-18528,717,2249.8637499999977,borda
618,Q0,FBIS4-59864,718,2244.9062499999973,borda
618,Q0,FBIS4-38222,719,2242.239999999998,borda
618,Q0,FT932-7522,720,2229.068749999997,borda
618,Q0,FBIS3-55096,721,2223.6562499999995,borda
618,Q0,FT924-13328,722,2222.429999999999,borda
618,Q0,FBIS4-67321,723,2220.6549999999993,borda
618,Q0,FBIS3-26888,724,2210.0762499999983,borda
618,Q0,LA040290-0056,725,2209.7774999999974,borda
618,Q0,FBIS3-20121,726,2209.3374999999987,borda
618,Q0,LA033189-0003,727,2203.2087499999993,borda
618,Q0,FBIS4-21228,728,2198.494999999999,borda
618,Q0,LA122589-0058,729,2192.6299999999983,borda
618,Q0,LA100590-0044,730,2187.509999999998,borda
618,Q0,FBIS4-13841,731,2184.2437499999974,borda
618,Q0,LA062190-0024,732,2182.7862499999965,borda
618,Q0,FBIS4-58333,733,2179.4124999999995,borda
618,Q0,FBIS3-34188,734,2175.8424999999975,borda
618,Q0,FBIS4-58607,735,2170.7949999999987,borda
618,Q0,FT942-9952,736,2152.4962499999992,borda
618,Q0,LA021389-0077,737,2147.911249999998,borda
618,Q0,FBIS4-42048,738,2144.2174999999984,borda
618,Q0,FBIS3-53107,739,2140.269999999997,borda
618,Q0,LA122689-0081,740,2139.091249999997,borda
618,Q0,LA040590-0014,741,2134.9974999999995,borda
618,Q0,FBIS4-35833,742,2128.098749999998,borda
618,Q0,FBIS3-21872,743,2125.712499999999,borda
618,Q0,LA062590-0052,744,2124.0649999999973,borda
618,Q0,LA031689-0158,745,2097.5737499999987,borda
618,Q0,FBIS4-24155,746,2097.131249999999,borda
618,Q0,LA021290-0063,747,2087.0299999999993,borda
618,Q0,LA021489-0104,748,2080.313749999998,borda
618,Q0,FT922-12062,749,2079.1312499999985,borda
618,Q0,LA022389-0216,750,2070.2149999999974,borda
618,Q0,LA011489-0006,751,2066.554999999999,borda
618,Q0,FBIS3-36779,752,2063.7799999999984,borda
618,Q0,FBIS4-34204,753,2060.2674999999977,borda
618,Q0,FBIS4-37639,754,2057.933749999998,borda
618,Q0,FBIS4-38194,755,2046.2599999999977,borda
618,Q0,FBIS3-55095,756,2039.886249999998,borda
618,Q0,FT931-10617,757,2034.0549999999982,borda
618,Q0,FBIS3-60054,758,2028.3774999999978,borda
618,Q0,FBIS3-60108,759,2023.4212499999978,borda
618,Q0,FBIS4-12818,760,2022.5287499999984,borda
618,Q0,LA081790-0103,761,2022.4787499999984,borda
618,Q0,LA040289-0160,762,2019.6174999999982,borda
618,Q0,FBIS3-53796,763,2019.432499999998,borda
618,Q0,FBIS4-58481,764,2018.4162499999984,borda
618,Q0,FT943-10790,765,2014.0149999999985,borda
618,Q0,FBIS3-602,766,2012.9912499999984,borda
618,Q0,FT943-14067,767,2006.8374999999971,borda
618,Q0,LA121489-0240,768,2000.7462499999979,borda
618,Q0,FBIS3-60048,769,1995.2674999999983,borda
618,Q0,LA110689-0045,770,1994.307499999998,borda
618,Q0,FBIS4-46254,771,1990.1262499999975,borda
618,Q0,FBIS3-60102,772,1989.912499999998,borda
618,Q0,LA022689-0065,773,1988.0537499999987,borda
618,Q0,LA062390-0099,774,1986.0262499999978,borda
618,Q0,FT943-2153,775,1983.3574999999976,borda
618,Q0,FT931-9560,776,1980.3324999999982,borda
618,Q0,FT934-2850,777,1975.7462499999979,borda
618,Q0,LA070990-0080,778,1966.0612499999975,borda
618,Q0,LA092989-0111,779,1965.8887499999983,borda
618,Q0,LA062589-0073,780,1964.139999999998,borda
618,Q0,FBIS4-59740,781,1961.3324999999973,borda
618,Q0,LA100290-0123,782,1960.7087499999984,borda
618,Q0,LA102989-0190,783,1954.4212499999985,borda
618,Q0,FBIS4-44340,784,1950.7999999999977,borda
618,Q0,LA072290-0170,785,1942.2324999999978,borda
618,Q0,FBIS3-22828,786,1939.5862499999982,borda
618,Q0,FT943-11921,787,1939.2299999999977,borda
618,Q0,FT941-9688,788,1937.662499999998,borda
618,Q0,FBIS3-35125,789,1937.4649999999979,borda
618,Q0,FBIS4-33477,790,1937.3349999999984,borda
618,Q0,FBIS4-18470,791,1933.4737499999985,borda
618,Q0,FBIS4-33512,792,1933.4224999999983,borda
618,Q0,FBIS4-60158,793,1929.9599999999978,borda
618,Q0,LA081789-0104,794,1929.5074999999981,borda
618,Q0,LA082990-0029,795,1927.8937499999984,borda
618,Q0,FBIS4-30202,796,1926.7899999999981,borda
618,Q0,FBIS4-36234,797,1926.5699999999983,borda
618,Q0,LA072290-0141,798,1925.266249999999,borda
618,Q0,FBIS4-511,799,1921.008749999998,borda
618,Q0,FT931-7760,800,1917.5624999999984,borda
618,Q0,FBIS4-35829,801,1916.2899999999988,borda
618,Q0,FBIS3-28766,802,1913.884999999998,borda
618,Q0,FBIS3-4744,803,1909.7574999999986,borda
618,Q0,LA011289-0202,804,1908.282499999998,borda
618,Q0,FBIS4-56915,805,1907.873749999998,borda
618,Q0,LA071389-0088,806,1906.9299999999982,borda
618,Q0,LA062290-0134,807,1900.3549999999984,borda
618,Q0,FBIS3-471,808,1892.488749999998,borda
618,Q0,FBIS3-54170,809,1885.7899999999975,borda
618,Q0,LA113089-0135,810,1883.2462499999979,borda
618,Q0,FT932-3588,811,1882.8187499999972,borda
618,Q0,FBIS4-59272,812,1880.6099999999988,borda
618,Q0,FBIS4-35828,813,1879.6599999999983,borda
618,Q0,LA110290-0100,814,1877.858749999998,borda
618,Q0,LA091390-0247,815,1875.5162499999979,borda
618,Q0,FT932-14340,816,1865.1174999999982,borda
618,Q0,LA072890-0108,817,1862.5812499999981,borda
618,Q0,FBIS4-60404,818,1862.3512499999977,borda
618,Q0,FBIS4-46327,819,1858.3912499999976,borda
618,Q0,FT931-9554,820,1856.1574999999982,borda
618,Q0,FR940720-1-00014,821,1856.0712499999984,borda
618,Q0,FBIS3-20253,822,1854.2212499999982,borda
618,Q0,LA071090-0061,823,1852.921249999998,borda
618,Q0,LA061389-0043,824,1852.4524999999978,borda
618,Q0,LA030590-0116,825,1849.2412499999982,borda
618,Q0,FBIS4-47143,826,1846.7387499999986,borda
618,Q0,FBIS4-60401,827,1846.6849999999984,borda
618,Q0,FBIS3-35203,828,1842.3787499999978,borda
618,Q0,FBIS3-55093,829,1839.9749999999983,borda
618,Q0,LA100690-0118,830,1835.3874999999985,borda
618,Q0,FBIS3-52624,831,1835.0812499999984,borda
618,Q0,FBIS4-18710,832,1831.2587499999984,borda
618,Q0,FBIS4-59364,833,1823.8024999999984,borda
618,Q0,FBIS3-13563,834,1823.1124999999986,borda
618,Q0,FT911-1450,835,1822.5699999999983,borda
618,Q0,FBIS4-359,836,1822.0174999999983,borda
618,Q0,LA040190-0132,837,1819.6037499999982,borda
618,Q0,FBIS3-52210,838,1819.428749999997,borda
618,Q0,LA071090-0065,839,1817.1362499999982,borda
618,Q0,FT933-9104,840,1816.3424999999986,borda
618,Q0,FT944-7378,841,1815.347499999998,borda
618,Q0,LA043089-0143,842,1812.7699999999986,borda
618,Q0,FT934-11011,843,1811.4774999999984,borda
618,Q0,FBIS4-24290,844,1809.0999999999988,borda
618,Q0,FT923-15264,845,1808.148749999998,borda
618,Q0,LA020290-0082,846,1807.392499999998,borda
618,Q0,FT942-12072,847,1806.4162499999986,borda
618,Q0,FT943-5579,848,1802.1974999999984,borda
618,Q0,LA040190-0221,849,1799.3512499999986,borda
618,Q0,FBIS4-33510,850,1799.1599999999976,borda
618,Q0,FBIS4-36233,851,1793.7099999999978,borda
618,Q0,FBIS4-12487,852,1793.1724999999988,borda
618,Q0,LA042590-0026,853,1787.328749999998,borda
618,Q0,LA061089-0059,854,1787.2849999999987,borda
618,Q0,LA070890-0129,855,1786.7737499999985,borda
618,Q0,FBIS3-35078,856,1782.4374999999975,borda
618,Q0,FT922-10013,857,1779.6124999999981,borda
618,Q0,FT922-9736,858,1775.4599999999982,borda
618,Q0,FBIS4-60254,859,1774.6737499999992,borda
618,Q0,FBIS4-60107,860,1773.9149999999981,borda
618,Q0,FBIS4-12294,861,1772.6949999999986,borda
618,Q0,FBIS4-41648,862,1770.878749999998,borda
618,Q0,FT922-13070,863,1769.6624999999983,borda
618,Q0,LA022090-0010,864,1766.7624999999982,borda
618,Q0,FT933-9658,865,1766.2599999999982,borda
618,Q0,FT931-815,866,1757.6337499999975,borda
618,Q0,LA082189-0090,867,1757.507499999998,borda
618,Q0,LA020589-0109,868,1754.3137499999984,borda
618,Q0,FT933-7475,869,1750.8424999999975,borda
618,Q0,LA012190-0054,870,1750.7224999999985,borda
618,Q0,FT933-2173,871,1748.4712499999982,borda
618,Q0,LA062190-0255,872,1747.0062499999983,borda
618,Q0,FT933-4131,873,1740.5337499999978,borda
618,Q0,LA062689-0013,874,1739.9474999999984,borda
618,Q0,FT931-12107,875,1736.3649999999984,borda
618,Q0,FT911-1385,876,1735.2849999999983,borda
618,Q0,LA121989-0007,877,1735.1924999999985,borda
618,Q0,LA031689-0151,878,1735.166249999998,borda
618,Q0,FBIS4-12676,879,1731.4162499999982,borda
618,Q0,LA021189-0120,880,1730.9674999999984,borda
618,Q0,LA092290-0028,881,1730.237499999998,borda
618,Q0,FBIS3-50519,882,1721.8062499999985,borda
618,Q0,LA030189-0042,883,1717.6374999999985,borda
618,Q0,LA011990-0046,884,1717.4962499999986,borda
618,Q0,LA101590-0075,885,1715.9287499999982,borda
618,Q0,LA042590-0139,886,1711.1812499999983,borda
618,Q0,LA042390-0037,887,1709.6387499999987,borda
618,Q0,FBIS3-48345,888,1704.2524999999978,borda
618,Q0,LA073090-0128,889,1703.6949999999983,borda
618,Q0,FBIS4-56,890,1697.9762499999981,borda
618,Q0,FBIS3-14133,891,1696.5199999999984,borda
618,Q0,FT932-13488,892,1696.2324999999983,borda
618,Q0,FBIS3-13696,893,1692.4399999999982,borda
618,Q0,LA040590-0016,894,1689.6562499999984,borda
618,Q0,FBIS4-36928,895,1689.406249999998,borda
618,Q0,LA011589-0064,896,1685.5499999999984,borda
618,Q0,FBIS4-53417,897,1683.0424999999984,borda
618,Q0,FT942-17528,898,1681.8749999999986,borda
618,Q0,LA121589-0082,899,1681.6887499999978,borda
618,Q0,FT941-15226,900,1680.838749999998,borda
618,Q0,LA010790-0123,901,1674.2274999999986,borda
618,Q0,LA040989-0077,902,1673.8549999999977,borda
618,Q0,LA012489-0006,903,1672.5624999999989,borda
618,Q0,LA020489-0019,904,1671.5412499999986,borda
618,Q0,LA081089-0166,905,1664.9087499999982,borda
618,Q0,FBIS3-21345,906,1660.3299999999977,borda
618,Q0,FBIS4-13262,907,1659.4249999999986,borda
618,Q0,LA032590-0035,908,1656.9499999999987,borda
618,Q0,FR940720-1-00015,909,1652.9074999999987,borda
618,Q0,LA032889-0105,910,1652.6837499999986,borda
618,Q0,FT922-10434,911,1651.516249999998,borda
618,Q0,LA030789-0066,912,1651.4387499999984,borda
618,Q0,FT932-13257,913,1650.2312499999987,borda
618,Q0,LA092289-0100,914,1650.1062499999987,borda
618,Q0,LA062189-0129,915,1646.6499999999985,borda
618,Q0,FBIS3-34979,916,1646.5099999999984,borda
618,Q0,LA040190-0210,917,1645.8412499999986,borda
618,Q0,LA030190-0115,918,1645.1799999999987,borda
618,Q0,FT941-10378,919,1641.3174999999987,borda
618,Q0,FBIS4-14394,920,1641.0012499999982,borda
618,Q0,FBIS3-30328,921,1635.2549999999985,borda
618,Q0,LA050490-0054,922,1633.0174999999983,borda
618,Q0,LA010989-0092,923,1632.7999999999986,borda
618,Q0,FBIS3-13062,924,1632.3999999999985,borda
618,Q0,FBIS4-58464,925,1629.4087499999982,borda
618,Q0,FBIS4-61674,926,1627.2099999999987,borda
618,Q0,LA032689-0067,927,1625.5262499999983,borda
618,Q0,FBIS4-13551,928,1610.2287499999986,borda
618,Q0,LA050789-0077,929,1606.9374999999982,borda
618,Q0,FBIS3-54171,930,1605.6637499999981,borda
618,Q0,LA031690-0118,931,1602.434999999998,borda
618,Q0,FBIS4-12160,932,1602.299999999998,borda
618,Q0,LA122689-0149,933,1598.928749999999,borda
618,Q0,FBIS3-34078,934,1598.522499999999,borda
618,Q0,FR940720-1-00013,935,1592.6824999999985,borda
618,Q0,FBIS4-14088,936,1588.4887499999982,borda
618,Q0,FBIS4-59037,937,1587.6962499999984,borda
618,Q0,LA070690-0042,938,1585.5874999999985,borda
618,Q0,LA040189-0009,939,1584.4849999999988,borda
618,Q0,FBIS4-31697,940,1583.0299999999988,borda
618,Q0,LA080689-0086,941,1579.804999999998,borda
618,Q0,LA120989-0057,942,1571.5649999999987,borda
618,Q0,FBIS3-13518,943,1571.2362499999983,borda
618,Q0,LA112390-0082,944,1567.7212499999982,borda
618,Q0,FT921-13503,945,1562.6762499999984,borda
618,Q0,LA121789-0060,946,1562.6399999999987,borda
618,Q0,LA041590-0037,947,1561.1749999999986,borda
618,Q0,FBIS3-18216,948,1559.6337499999977,borda
618,Q0,LA041590-0091,949,1558.6099999999988,borda
618,Q0,LA102989-0059,950,1557.9199999999985,borda
618,Q0,FBIS3-52760,951,1557.8374999999978,borda
618,Q0,LA110590-0054,952,1556.9912499999987,borda
618,Q0,FBIS3-13934,953,1554.3099999999984,borda
618,Q0,FBIS3-50104,954,1553.5699999999983,borda
618,Q0,FT931-6190,955,1552.474999999999,borda
618,Q0,FBIS4-12880,956,1550.0112499999982,borda
618,Q0,FBIS4-12047,957,1538.494999999999,borda
618,Q0,FBIS4-22009,958,1533.673749999998,borda
618,Q0,FBIS4-14793,959,1533.6587499999982,borda
618,Q0,FT924-14314,960,1532.789999999998,borda
618,Q0,LA032890-0088,961,1527.1712499999985,borda
618,Q0,FBIS4-58494,962,1525.657499999998,borda
618,Q0,LA052889-0178,963,1522.0687499999976,borda
618,Q0,LA030690-0121,964,1519.6799999999987,borda
618,Q0,LA012589-0082,965,1515.222499999999,borda
618,Q0,FBIS4-11681,966,1510.1924999999978,borda
618,Q0,LA011589-0062,967,1504.2749999999983,borda
618,Q0,FBIS4-33845,968,1500.7212499999987,borda
618,Q0,LA051789-0145,969,1500.616249999998,borda
618,Q0,FBIS4-237,970,1500.3874999999987,borda
618,Q0,FBIS3-14128,971,1498.5849999999984,borda
618,Q0,FBIS3-12832,972,1498.0349999999987,borda
618,Q0,FBIS3-41813,973,1497.3924999999977,borda
618,Q0,LA031389-0081,974,1497.0574999999978,borda
618,Q0,FBIS4-37815,975,1495.0499999999981,borda
618,Q0,LA081889-0083,976,1485.2337499999976,borda
618,Q0,FBIS3-57381,977,1482.0674999999987,borda
618,Q0,FBIS4-59654,978,1480.1737499999979,borda
618,Q0,FBIS4-14177,979,1478.482499999998,borda
618,Q0,FBIS3-12668,980,1477.7912499999982,borda
618,Q0,LA092590-0077,981,1477.7037499999988,borda
618,Q0,LA040890-0087,982,1470.357499999999,borda
618,Q0,FBIS3-54461,983,1462.1024999999988,borda
618,Q0,FT922-12960,984,1460.7949999999987,borda
618,Q0,FT941-10498,985,1456.356249999999,borda
618,Q0,FBIS3-18678,986,1454.974999999998,borda
618,Q0,FT933-12927,987,1453.5262499999988,borda
618,Q0,LA051489-0155,988,1452.772499999999,borda
618,Q0,FT942-17514,989,1450.8174999999992,borda
618,Q0,FT941-7887,990,1447.516249999998,borda
618,Q0,FT931-17022,991,1447.092499999999,borda
618,Q0,FT932-9693,992,1443.2474999999988,borda
618,Q0,FT941-2258,993,1434.092499999999,borda
618,Q0,FT944-4806,994,1427.9687499999989,borda
618,Q0,FBIS3-21493,995,1417.331249999998,borda
618,Q0,FT922-86,996,1412.171249999999,borda
618,Q0,FT942-13523,997,1411.1087499999983,borda
618,Q0,FT921-13627,998,1410.7249999999988,borda
618,Q0,FT941-10874,999,1409.7549999999983,borda
618,Q0,FBIS4-41234,1000,1401.9337499999986,borda
619,Q0,LA051490-0058,1,12837.434999999987,borda
619,Q0,LA022789-0050,2,12825.618749999985,borda
619,Q0,LA052590-0178,3,12823.768749999988,borda
619,Q0,LA021789-0053,4,12798.196249999986,borda
619,Q0,LA030889-0103,5,12790.298749999987,borda
619,Q0,LA022689-0169,6,12780.416249999987,borda
619,Q0,LA080890-0154,7,12777.24874999999,borda
619,Q0,FT932-5616,8,12752.219999999985,borda
619,Q0,FT911-127,9,12744.179999999984,borda
619,Q0,LA021389-0032,10,12741.187499999987,borda
619,Q0,FT922-13245,11,12740.798749999987,borda
619,Q0,LA050290-0157,12,12705.241249999983,borda
619,Q0,FT934-5813,13,12701.879999999986,borda
619,Q0,FT934-3421,14,12662.133749999988,borda
619,Q0,LA021689-0215,15,12649.662499999988,borda
619,Q0,FBIS4-48577,16,12624.23499999999,borda
619,Q0,FT911-2598,17,12617.466249999992,borda
619,Q0,FT934-7926,18,12613.523749999988,borda
619,Q0,LA070390-0074,19,12604.413749999989,borda
619,Q0,LA021190-0180,20,12578.10374999999,borda
619,Q0,LA021190-0243,21,12567.396249999985,borda
619,Q0,LA071089-0067,22,12557.791249999986,borda
619,Q0,FT944-3872,23,12550.791249999987,borda
619,Q0,FT922-12719,24,12541.763749999987,borda
619,Q0,LA092190-0004,25,12517.717499999988,borda
619,Q0,FT922-13170,26,12496.757499999987,borda
619,Q0,LA020290-0186,27,12494.669999999987,borda
619,Q0,FBIS3-43832,28,12431.087499999985,borda
619,Q0,LA071989-0034,29,12425.841249999985,borda
619,Q0,LA022890-0067,30,12416.159999999987,borda
619,Q0,LA021690-0060,31,12399.408749999986,borda
619,Q0,LA062190-0049,32,12366.223749999988,borda
619,Q0,FBIS4-480,33,12358.533749999986,borda
619,Q0,LA102690-0200,34,12338.999999999989,borda
619,Q0,FBIS4-23709,35,12304.046249999985,borda
619,Q0,FT941-14040,36,12270.457499999986,borda
619,Q0,LA063090-0060,37,12266.103749999984,borda
619,Q0,FT934-6961,38,12261.038749999989,borda
619,Q0,LA031890-0190,39,12257.572499999987,borda
619,Q0,FBIS4-23867,40,12257.19374999999,borda
619,Q0,FBIS3-1127,41,12255.39124999999,borda
619,Q0,FT922-13074,42,12253.962499999987,borda
619,Q0,LA062690-0180,43,12244.309999999987,borda
619,Q0,LA053090-0095,44,12235.781249999989,borda
619,Q0,LA071889-0112,45,12212.522499999988,borda
619,Q0,LA021190-0181,46,12211.44124999999,borda
619,Q0,LA020490-0121,47,12197.93624999999,borda
619,Q0,LA012889-0065,48,12196.046249999989,borda
619,Q0,LA062090-0138,49,12164.973749999986,borda
619,Q0,FBIS4-48174,50,12159.168749999988,borda
619,Q0,LA063090-0092,51,12139.203749999988,borda
619,Q0,FT932-14306,52,12113.56874999999,borda
619,Q0,FT943-13921,53,12094.441249999989,borda
619,Q0,LA020790-0094,54,12084.62249999999,borda
619,Q0,LA051990-0065,55,12072.418749999983,borda
619,Q0,LA070190-0127,56,12071.169999999986,borda
619,Q0,FT942-12133,57,12051.88499999999,borda
619,Q0,LA021490-0034,58,12019.06374999999,borda
619,Q0,FT942-10183,59,11989.906249999987,borda
619,Q0,FT944-1144,60,11941.809999999989,borda
619,Q0,FBIS4-48283,61,11939.856249999988,borda
619,Q0,LA063090-0048,62,11933.857499999987,borda
619,Q0,LA061090-0190,63,11849.207499999988,borda
619,Q0,LA061890-0030,64,11801.332499999986,borda
619,Q0,FBIS4-611,65,11779.93624999999,borda
619,Q0,LA020690-0147,66,11751.824999999986,borda
619,Q0,LA101389-0092,67,11695.507499999985,borda
619,Q0,LA071990-0176,68,11656.866249999988,borda
619,Q0,FBIS3-44085,69,11654.337499999987,borda
619,Q0,LA021390-0065,70,11639.464999999987,borda
619,Q0,FT923-3661,71,11631.458749999985,borda
619,Q0,FT911-286,72,11588.56499999999,borda
619,Q0,LA022190-0130,73,11585.77249999999,borda
619,Q0,FBIS3-25536,74,11579.427499999987,borda
619,Q0,LA020990-0090,75,11535.859999999988,borda
619,Q0,LA012690-0094,76,11531.802499999989,borda
619,Q0,FBIS4-23924,77,11510.092499999988,borda
619,Q0,LA033190-0063,78,11495.498749999986,borda
619,Q0,LA061390-0073,79,11495.173749999985,borda
619,Q0,LA080590-0260,80,11456.59124999999,borda
619,Q0,FT943-13932,81,11442.519999999988,borda
619,Q0,FT922-13019,82,11427.68999999999,borda
619,Q0,LA062790-0021,83,11401.058749999991,borda
619,Q0,FT944-1143,84,11354.851249999989,borda
619,Q0,LA081790-0113,85,11264.49874999999,borda
619,Q0,LA082490-0080,86,11207.551249999986,borda
619,Q0,FT932-14513,87,11182.931249999992,borda
619,Q0,LA071789-0099,88,11171.339999999987,borda
619,Q0,LA021290-0046,89,11132.80499999999,borda
619,Q0,FT922-14549,90,11099.051249999988,borda
619,Q0,LA102289-0186,91,11052.953749999986,borda
619,Q0,LA021090-0047,92,11042.64124999999,borda
619,Q0,LA063090-0053,93,11038.448749999989,borda
619,Q0,FBIS3-43426,94,10970.043749999988,borda
619,Q0,FT932-1380,95,10965.16249999999,borda
619,Q0,FBIS4-23368,96,10959.44249999999,borda
619,Q0,LA021290-0044,97,10955.55999999999,borda
619,Q0,LA061990-0155,98,10951.948749999989,borda
619,Q0,FT932-6779,99,10948.742499999988,borda
619,Q0,LA021590-0203,100,10928.786249999988,borda
619,Q0,FBIS4-1216,101,10921.797499999986,borda
619,Q0,FT934-14764,102,10920.65749999999,borda
619,Q0,LA062790-0046,103,10914.62874999999,borda
619,Q0,FT944-71,104,10896.95124999999,borda
619,Q0,LA041690-0099,105,10893.953749999988,borda
619,Q0,LA041890-0095,106,10885.621249999991,borda
619,Q0,LA101689-0046,107,10862.07999999999,borda
619,Q0,LA080790-0058,108,10857.614999999989,borda
619,Q0,FBIS3-44259,109,10856.409999999987,borda
619,Q0,FBIS4-24052,110,10846.078749999991,borda
619,Q0,LA020390-0134,111,10816.89124999999,borda
619,Q0,LA020690-0087,112,10806.04499999999,borda
619,Q0,FBIS4-48285,113,10805.499999999989,borda
619,Q0,LA071489-0051,114,10802.18124999999,borda
619,Q0,LA021190-0179,115,10802.018749999987,borda
619,Q0,FBIS4-23641,116,10799.172499999991,borda
619,Q0,FBIS3-44058,117,10773.207499999988,borda
619,Q0,FBIS4-60267,118,10738.028749999989,borda
619,Q0,LA032290-0142,119,10726.39499999999,borda
619,Q0,LA061890-0104,120,10724.83624999999,borda
619,Q0,LA082590-0049,121,10723.309999999989,borda
619,Q0,LA052090-0065,122,10714.473749999992,borda
619,Q0,LA102490-0135,123,10656.319999999989,borda
619,Q0,FBIS4-788,124,10651.58374999999,borda
619,Q0,FBIS4-48834,125,10647.372499999989,borda
619,Q0,FBIS3-123,126,10626.786249999988,borda
619,Q0,FBIS4-23595,127,10607.70874999999,borda
619,Q0,FBIS4-47794,128,10601.88499999999,borda
619,Q0,FBIS4-23365,129,10575.331249999988,borda
619,Q0,FT943-13711,130,10538.747499999989,borda
619,Q0,LA082390-0150,131,10450.081249999987,borda
619,Q0,FT932-14422,132,10431.77249999999,borda
619,Q0,FBIS3-24900,133,10361.55124999999,borda
619,Q0,FBIS3-44056,134,10357.127499999988,borda
619,Q0,FBIS3-43443,135,10355.746249999987,borda
619,Q0,LA062490-0038,136,10308.993749999987,borda
619,Q0,LA030190-0136,137,10294.23874999999,borda
619,Q0,FT943-8240,138,10275.73124999999,borda
619,Q0,LA122289-0043,139,10228.751249999988,borda
619,Q0,LA021290-0045,140,10213.71624999999,borda
619,Q0,FT942-10429,141,10174.58374999999,borda
619,Q0,FT942-10559,142,10172.456249999992,borda
619,Q0,FBIS4-48234,143,10151.069999999989,borda
619,Q0,FBIS4-49232,144,10146.40499999999,borda
619,Q0,LA092290-0083,145,10145.349999999991,borda
619,Q0,LA062190-0058,146,10132.61874999999,borda
619,Q0,LA121790-0055,147,10092.947499999987,borda
619,Q0,FBIS3-1051,148,10085.77249999999,borda
619,Q0,LA041790-0097,149,10073.134999999991,borda
619,Q0,LA063090-0047,150,9958.883749999986,borda
619,Q0,FBIS4-23251,151,9957.757499999989,borda
619,Q0,LA042289-0117,152,9945.12624999999,borda
619,Q0,LA020790-0155,153,9915.99999999999,borda
619,Q0,LA071290-0125,154,9913.574999999992,borda
619,Q0,LA021190-0178,155,9890.272499999992,borda
619,Q0,FT934-14533,156,9889.83124999999,borda
619,Q0,LA122590-0074,157,9880.42499999999,borda
619,Q0,LA101589-0173,158,9879.403749999989,borda
619,Q0,LA110890-0212,159,9871.81624999999,borda
619,Q0,LA040690-0001,160,9844.70499999999,borda
619,Q0,FBIS3-515,161,9804.383749999994,borda
619,Q0,FBIS3-27188,162,9779.528749999989,borda
619,Q0,FT922-1535,163,9776.178749999988,borda
619,Q0,LA123090-0137,164,9774.464999999993,borda
619,Q0,LA022390-0091,165,9773.371249999991,borda
619,Q0,FBIS4-944,166,9764.06124999999,borda
619,Q0,FT921-7379,167,9747.368749999989,borda
619,Q0,FT933-1164,168,9723.634999999991,borda
619,Q0,FT934-14759,169,9718.43124999999,borda
619,Q0,LA070590-0057,170,9712.57249999999,borda
619,Q0,LA060790-0051,171,9701.87374999999,borda
619,Q0,LA123090-0077,172,9697.951249999991,borda
619,Q0,FT942-12101,173,9663.35999999999,borda
619,Q0,FBIS3-43942,174,9602.61249999999,borda
619,Q0,FT921-9952,175,9555.07499999999,borda
619,Q0,FBIS4-48005,176,9543.132499999989,borda
619,Q0,FBIS3-126,177,9542.727499999988,borda
619,Q0,FBIS4-48168,178,9542.67374999999,borda
619,Q0,FBIS4-47982,179,9531.434999999989,borda
619,Q0,LA121290-0158,180,9504.607499999991,borda
619,Q0,FBIS4-25363,181,9491.63874999999,borda
619,Q0,FBIS4-48457,182,9487.58874999999,borda
619,Q0,FT934-15495,183,9486.63999999999,borda
619,Q0,FT942-16138,184,9476.36124999999,borda
619,Q0,FBIS3-43444,185,9431.33124999999,borda
619,Q0,FT911-556,186,9420.464999999991,borda
619,Q0,LA041190-0012,187,9412.48874999999,borda
619,Q0,FBIS4-56759,188,9410.436249999992,borda
619,Q0,LA031090-0113,189,9394.891249999991,borda
619,Q0,FBIS4-47747,190,9385.39499999999,borda
619,Q0,LA021790-0114,191,9308.672499999988,borda
619,Q0,LA051190-0084,192,9296.54874999999,borda
619,Q0,LA100990-0060,193,9288.33624999999,borda
619,Q0,FBIS4-47793,194,9266.12124999999,borda
619,Q0,LA070290-0038,195,9263.827499999989,borda
619,Q0,LA011290-0012,196,9259.894999999993,borda
619,Q0,FBIS4-24160,197,9242.34749999999,borda
619,Q0,LA040190-0173,198,9235.27374999999,borda
619,Q0,FBIS4-48278,199,9234.577499999992,borda
619,Q0,FBIS4-47843,200,9229.881249999991,borda
619,Q0,LA030590-0080,201,9212.13374999999,borda
619,Q0,LA022190-0179,202,9206.51124999999,borda
619,Q0,FBIS4-324,203,9203.388749999991,borda
619,Q0,FT933-1169,204,9198.269999999991,borda
619,Q0,FBIS3-24794,205,9193.20249999999,borda
619,Q0,FBIS3-422,206,9192.422499999993,borda
619,Q0,LA062790-0106,207,9182.351249999989,borda
619,Q0,FT942-10457,208,9177.674999999992,borda
619,Q0,LA081590-0087,209,9170.88624999999,borda
619,Q0,FT921-9774,210,9132.689999999991,borda
619,Q0,FBIS4-48001,211,9129.721249999991,borda
619,Q0,LA070390-0077,212,9105.979999999992,borda
619,Q0,FBIS3-43497,213,9091.89999999999,borda
619,Q0,LA091290-0073,214,9056.54749999999,borda
619,Q0,FBIS3-43895,215,9036.806249999994,borda
619,Q0,FT942-12786,216,9017.117499999991,borda
619,Q0,LA082690-0230,217,8998.75749999999,borda
619,Q0,FT934-15494,218,8943.09249999999,borda
619,Q0,FT923-9007,219,8913.799999999992,borda
619,Q0,FBIS4-57010,220,8909.27499999999,borda
619,Q0,FBIS3-24720,221,8864.973749999992,borda
619,Q0,FBIS4-47801,222,8859.902499999993,borda
619,Q0,FBIS4-47702,223,8847.42249999999,borda
619,Q0,LA062290-0171,224,8828.167499999992,borda
619,Q0,FT942-13549,225,8813.871249999991,borda
619,Q0,FBIS3-308,226,8803.782499999992,borda
619,Q0,FBIS4-48038,227,8787.776249999992,borda
619,Q0,FBIS3-25045,228,8747.79999999999,borda
619,Q0,LA031690-0178,229,8747.51874999999,borda
619,Q0,FT932-15491,230,8746.494999999992,borda
619,Q0,FT911-1296,231,8740.242499999991,borda
619,Q0,FBIS3-39609,232,8721.922499999991,borda
619,Q0,FT932-11352,233,8710.023749999991,borda
619,Q0,LA062890-0166,234,8686.612499999988,borda
619,Q0,FBIS4-23280,235,8679.61374999999,borda
619,Q0,FT934-16819,236,8678.52874999999,borda
619,Q0,FT943-4408,237,8669.482499999991,borda
619,Q0,FBIS3-25041,238,8649.92749999999,borda
619,Q0,FBIS4-48136,239,8642.68874999999,borda
619,Q0,FT932-15172,240,8615.988749999991,borda
619,Q0,FBIS4-48710,241,8599.889999999992,borda
619,Q0,FBIS4-62147,242,8585.842499999992,borda
619,Q0,FBIS3-2723,243,8567.25374999999,borda
619,Q0,FT943-7358,244,8552.384999999993,borda
619,Q0,FBIS4-48109,245,8465.95999999999,borda
619,Q0,LA121389-0160,246,8463.843749999993,borda
619,Q0,LA120990-0172,247,8442.69249999999,borda
619,Q0,FT933-10055,248,8438.883749999992,borda
619,Q0,LA070490-0024,249,8417.813749999992,borda
619,Q0,LA031790-0067,250,8416.03249999999,borda
619,Q0,LA062590-0047,251,8413.752499999991,borda
619,Q0,FBIS4-3321,252,8393.241249999992,borda
619,Q0,FT942-17233,253,8389.30749999999,borda
619,Q0,LA061190-0053,254,8373.849999999991,borda
619,Q0,FBIS4-49056,255,8365.65374999999,borda
619,Q0,FBIS4-57082,256,8358.537499999991,borda
619,Q0,FT923-14864,257,8357.054999999991,borda
619,Q0,FT932-14415,258,8347.822499999993,borda
619,Q0,FBIS4-56760,259,8346.011249999989,borda
619,Q0,FBIS4-23910,260,8345.547499999991,borda
619,Q0,FT923-9844,261,8302.103749999991,borda
619,Q0,LA050290-0046,262,8288.752499999993,borda
619,Q0,LA072190-0067,263,8256.80249999999,borda
619,Q0,FT911-3269,264,8238.297499999991,borda
619,Q0,FBIS4-47868,265,8210.586249999991,borda
619,Q0,FT943-16086,266,8208.254999999992,borda
619,Q0,FBIS3-25664,267,8204.002499999991,borda
619,Q0,FT932-1388,268,8193.388749999993,borda
619,Q0,FT933-6149,269,8187.351249999991,borda
619,Q0,LA021890-0095,270,8163.361249999992,borda
619,Q0,LA050390-0170,271,8127.3237499999905,borda
619,Q0,FBIS4-48078,272,8125.157499999989,borda
619,Q0,FBIS4-48225,273,8116.992499999991,borda
619,Q0,FBIS4-10452,274,8109.04749999999,borda
619,Q0,FBIS4-46340,275,8095.623749999991,borda
619,Q0,FT934-15877,276,8093.261249999992,borda
619,Q0,FBIS3-27424,277,8090.962499999991,borda
619,Q0,FBIS3-44051,278,8066.016249999992,borda
619,Q0,FT944-1473,279,8056.462499999992,borda
619,Q0,FBIS3-25773,280,8043.701249999991,borda
619,Q0,FBIS4-477,281,8033.531249999991,borda
619,Q0,LA062890-0017,282,8027.93999999999,borda
619,Q0,FBIS3-25191,283,8021.672499999992,borda
619,Q0,LA062690-0159,284,7992.714999999992,borda
619,Q0,FT934-4235,285,7988.579999999993,borda
619,Q0,FBIS4-24161,286,7980.768749999992,borda
619,Q0,FBIS4-47867,287,7967.947499999991,borda
619,Q0,FT934-15268,288,7946.651249999992,borda
619,Q0,FBIS4-189,289,7935.689999999991,borda
619,Q0,FBIS4-478,290,7931.054999999991,borda
619,Q0,FBIS4-23425,291,7871.924999999991,borda
619,Q0,FBIS3-43553,292,7857.25624999999,borda
619,Q0,LA091490-0060,293,7850.136249999993,borda
619,Q0,FBIS4-23183,294,7806.066249999993,borda
619,Q0,LA040290-0065,295,7789.0437499999925,borda
619,Q0,LA071889-0027,296,7759.704999999993,borda
619,Q0,LA031390-0154,297,7739.521249999991,borda
619,Q0,FT941-8675,298,7713.996249999993,borda
619,Q0,FT932-7454,299,7702.706249999994,borda
619,Q0,FBIS3-1293,300,7693.481249999992,borda
619,Q0,LA020490-0206,301,7634.339999999994,borda
619,Q0,FBIS4-24264,302,7631.551249999991,borda
619,Q0,FBIS4-59405,303,7622.7537499999935,borda
619,Q0,FT943-8232,304,7617.303749999993,borda
619,Q0,FT923-10790,305,7609.468749999994,borda
619,Q0,FT941-9496,306,7597.797499999992,borda
619,Q0,FT932-14218,307,7585.183749999991,borda
619,Q0,LA121590-0055,308,7562.497499999992,borda
619,Q0,FBIS4-48135,309,7555.5962499999905,borda
619,Q0,FT932-7108,310,7511.4499999999925,borda
619,Q0,LA060890-0013,311,7483.391249999993,borda
619,Q0,FT941-5026,312,7467.8337499999925,borda
619,Q0,FBIS4-48848,313,7467.188749999991,borda
619,Q0,FBIS3-24944,314,7466.669999999993,borda
619,Q0,FT921-8439,315,7456.581249999994,borda
619,Q0,FBIS4-48039,316,7456.472499999992,borda
619,Q0,LA032390-0141,317,7455.323749999993,borda
619,Q0,FBIS4-56625,318,7448.169999999993,borda
619,Q0,FT934-7856,319,7444.939999999993,borda
619,Q0,LA050590-0118,320,7444.342499999993,borda
619,Q0,LA072890-0074,321,7429.844999999991,borda
619,Q0,FBIS4-47751,322,7424.132499999992,borda
619,Q0,FBIS4-47700,323,7414.747499999993,borda
619,Q0,FBIS4-1494,324,7409.218749999994,borda
619,Q0,FBIS4-61588,325,7394.229999999992,borda
619,Q0,LA121890-0065,326,7392.908749999992,borda
619,Q0,FBIS4-592,327,7321.6374999999925,borda
619,Q0,FBIS4-48636,328,7320.566249999993,borda
619,Q0,FBIS4-57022,329,7303.222499999993,borda
619,Q0,FBIS4-190,330,7299.552499999992,borda
619,Q0,FT943-3668,331,7292.026249999993,borda
619,Q0,FBIS4-57011,332,7263.637499999991,borda
619,Q0,LA062790-0011,333,7254.551249999994,borda
619,Q0,FBIS3-25416,334,7251.143749999992,borda
619,Q0,FT941-9886,335,7247.389999999994,borda
619,Q0,LA062790-0009,336,7238.896249999993,borda
619,Q0,LA062790-0018,337,7234.116249999992,borda
619,Q0,FBIS4-57083,338,7224.867499999992,borda
619,Q0,FBIS4-48085,339,7221.116249999994,borda
619,Q0,FBIS3-43941,340,7212.313749999993,borda
619,Q0,FBIS3-1424,341,7209.718749999994,borda
619,Q0,FBIS4-47981,342,7203.131249999992,borda
619,Q0,LA030990-0010,343,7185.894999999991,borda
619,Q0,FBIS4-47909,344,7185.651249999994,borda
619,Q0,FBIS3-317,345,7110.036249999992,borda
619,Q0,LA081490-0183,346,7106.263749999995,borda
619,Q0,FBIS3-43827,347,7088.882499999993,borda
619,Q0,FBIS4-53142,348,7043.049999999994,borda
619,Q0,FBIS3-39547,349,7031.984999999992,borda
619,Q0,FBIS4-47803,350,7020.734999999994,borda
619,Q0,FBIS3-24843,351,6994.197499999993,borda
619,Q0,FBIS4-56409,352,6943.864999999994,borda
619,Q0,FBIS4-56490,353,6935.391249999993,borda
619,Q0,FBIS4-59034,354,6928.597499999993,borda
619,Q0,FT942-11797,355,6927.383749999993,borda
619,Q0,FBIS3-44100,356,6920.969999999992,borda
619,Q0,FBIS4-56994,357,6916.613749999992,borda
619,Q0,FT942-12075,358,6911.626249999994,borda
619,Q0,LA063090-0059,359,6908.277499999996,borda
619,Q0,FT942-15041,360,6904.594999999993,borda
619,Q0,FBIS3-39823,361,6897.5837499999925,borda
619,Q0,FT932-11101,362,6890.837499999993,borda
619,Q0,FT941-14277,363,6868.298749999993,borda
619,Q0,FT922-7560,364,6840.1549999999925,borda
619,Q0,FT943-6424,365,6831.251249999994,borda
619,Q0,FBIS4-56761,366,6827.883749999994,borda
619,Q0,FT942-11103,367,6823.661249999995,borda
619,Q0,LA070190-0128,368,6807.592499999994,borda
619,Q0,FBIS4-57079,369,6795.652499999993,borda
619,Q0,FBIS3-44072,370,6788.257499999992,borda
619,Q0,FBIS4-48043,371,6759.208749999993,borda
619,Q0,FBIS4-52427,372,6756.761249999994,borda
619,Q0,LA022490-0016,373,6755.773749999994,borda
619,Q0,FT942-10870,374,6749.737499999994,borda
619,Q0,FBIS4-42201,375,6747.043749999991,borda
619,Q0,FBIS4-51544,376,6720.588749999993,borda
619,Q0,LA071990-0238,377,6718.567499999992,borda
619,Q0,FBIS3-25193,378,6715.858749999992,borda
619,Q0,FT931-5792,379,6712.921249999992,borda
619,Q0,LA060890-0061,380,6710.843749999993,borda
619,Q0,FBIS4-48605,381,6689.618749999993,borda
619,Q0,FT942-4376,382,6687.244999999993,borda
619,Q0,FBIS3-43863,383,6668.296249999992,borda
619,Q0,FBIS4-47701,384,6648.002499999993,borda
619,Q0,LA100390-0079,385,6638.437499999993,borda
619,Q0,FBIS3-399,386,6624.868749999993,borda
619,Q0,FBIS4-23152,387,6622.211249999992,borda
619,Q0,FBIS4-48006,388,6622.146249999994,borda
619,Q0,LA022490-0013,389,6621.484999999993,borda
619,Q0,FT923-4078,390,6553.849999999992,borda
619,Q0,FT911-5238,391,6535.833749999993,borda
619,Q0,FT931-6074,392,6533.182499999994,borda
619,Q0,FBIS4-1435,393,6531.117499999994,borda
619,Q0,FT934-7749,394,6517.231249999994,borda
619,Q0,FT942-11079,395,6517.2049999999945,borda
619,Q0,FT932-14224,396,6507.759999999993,borda
619,Q0,LA032490-0118,397,6500.477499999993,borda
619,Q0,FBIS4-57065,398,6486.737499999994,borda
619,Q0,FT921-10975,399,6480.012499999994,borda
619,Q0,FT942-17080,400,6477.002499999991,borda
619,Q0,FBIS4-48604,401,6474.069999999992,borda
619,Q0,FT932-11794,402,6450.049999999995,borda
619,Q0,FT942-12103,403,6449.212499999994,borda
619,Q0,LA012390-0158,404,6429.356249999992,borda
619,Q0,FT932-3842,405,6427.748749999993,borda
619,Q0,FBIS3-43551,406,6404.929999999994,borda
619,Q0,FT922-1410,407,6361.469999999996,borda
619,Q0,FBIS4-47782,408,6356.614999999994,borda
619,Q0,FBIS4-47872,409,6343.478749999993,borda
619,Q0,FBIS4-47988,410,6326.571249999994,borda
619,Q0,FT942-13105,411,6317.718749999995,borda
619,Q0,FT943-15306,412,6309.482499999994,borda
619,Q0,FBIS3-25659,413,6302.687499999994,borda
619,Q0,FT942-13258,414,6261.768749999995,borda
619,Q0,FBIS4-23338,415,6260.534999999992,borda
619,Q0,FBIS4-47869,416,6253.924999999993,borda
619,Q0,FT932-13023,417,6250.606249999994,borda
619,Q0,FBIS4-23786,418,6223.159999999994,borda
619,Q0,FBIS4-23598,419,6213.741249999995,borda
619,Q0,FBIS4-56876,420,6209.012499999995,borda
619,Q0,FBIS4-48824,421,6205.991249999993,borda
619,Q0,FT943-764,422,6188.174999999994,borda
619,Q0,FBIS4-47865,423,6187.672499999993,borda
619,Q0,FBIS4-48603,424,6170.874999999993,borda
619,Q0,LA032490-0119,425,6166.069999999995,borda
619,Q0,FT943-7910,426,6148.457499999993,borda
619,Q0,FBIS4-47863,427,6145.3699999999935,borda
619,Q0,FT944-2485,428,6138.513749999994,borda
619,Q0,FBIS4-48040,429,6130.656249999994,borda
619,Q0,FBIS3-468,430,6113.489999999993,borda
619,Q0,FT941-12255,431,6085.967499999993,borda
619,Q0,LA041390-0081,432,6047.836249999995,borda
619,Q0,FT922-1523,433,6028.492499999994,borda
619,Q0,FBIS4-24141,434,6026.631249999994,borda
619,Q0,FT943-4626,435,6019.886249999995,borda
619,Q0,LA070790-0025,436,6019.794999999994,borda
619,Q0,FBIS4-23872,437,6019.392499999994,borda
619,Q0,FBIS4-56762,438,6014.856249999994,borda
619,Q0,FBIS3-24718,439,5988.402499999995,borda
619,Q0,FBIS4-271,440,5982.432499999994,borda
619,Q0,FBIS4-57012,441,5982.163749999995,borda
619,Q0,LA050190-0116,442,5974.983749999996,borda
619,Q0,FT933-7151,443,5972.618749999993,borda
619,Q0,FT922-4438,444,5966.597499999994,borda
619,Q0,FBIS4-46325,445,5964.5487499999945,borda
619,Q0,FT941-1460,446,5952.466249999995,borda
619,Q0,FBIS4-47987,447,5941.544999999993,borda
619,Q0,FBIS3-25047,448,5929.123749999995,borda
619,Q0,FBIS3-949,449,5925.263749999993,borda
619,Q0,FBIS4-48066,450,5924.927499999994,borda
619,Q0,FT943-8123,451,5912.208749999994,borda
619,Q0,LA061590-0175,452,5909.209999999995,borda
619,Q0,FBIS4-49677,453,5902.422499999994,borda
619,Q0,FBIS4-23565,454,5893.303749999995,borda
619,Q0,FT942-17076,455,5843.401249999994,borda
619,Q0,FBIS3-43816,456,5840.022499999994,borda
619,Q0,FBIS4-24212,457,5832.191249999994,borda
619,Q0,FBIS3-24945,458,5812.996249999993,borda
619,Q0,FBIS4-47749,459,5772.782499999995,borda
619,Q0,FT922-9006,460,5761.093749999994,borda
619,Q0,FBIS4-23253,461,5759.561249999995,borda
619,Q0,FBIS3-25296,462,5753.1424999999945,borda
619,Q0,FT942-11032,463,5747.167499999996,borda
619,Q0,FT923-13026,464,5727.489999999994,borda
619,Q0,FBIS4-64423,465,5720.318749999993,borda
619,Q0,FBIS4-47770,466,5713.246249999994,borda
619,Q0,FT923-14861,467,5678.676249999994,borda
619,Q0,FT934-7603,468,5656.521249999995,borda
619,Q0,FT942-10695,469,5619.838749999996,borda
619,Q0,LA062790-0015,470,5603.739999999993,borda
619,Q0,FBIS3-25760,471,5591.2224999999935,borda
619,Q0,FT944-7861,472,5587.927499999996,borda
619,Q0,FBIS4-48037,473,5586.103749999995,borda
619,Q0,FBIS4-34687,474,5583.212499999994,borda
619,Q0,FT922-840,475,5573.131249999997,borda
619,Q0,LA042090-0069,476,5554.447499999995,borda
619,Q0,FT934-4597,477,5539.029999999994,borda
619,Q0,FT942-15461,478,5517.131249999995,borda
619,Q0,FBIS4-1410,479,5514.609999999995,borda
619,Q0,FT942-12079,480,5484.474999999993,borda
619,Q0,LA123190-0040,481,5477.206249999995,borda
619,Q0,FT922-380,482,5434.402499999996,borda
619,Q0,FT911-485,483,5414.427499999995,borda
619,Q0,FBIS4-51420,484,5411.141249999995,borda
619,Q0,FT921-7122,485,5405.864999999995,borda
619,Q0,LA063090-0057,486,5394.398749999994,borda
619,Q0,FT922-607,487,5391.552499999994,borda
619,Q0,LA050490-0197,488,5383.426249999995,borda
619,Q0,FT923-12390,489,5383.382499999995,borda
619,Q0,FBIS4-1343,490,5378.557499999994,borda
619,Q0,FBIS4-52206,491,5372.523749999994,borda
619,Q0,FBIS3-32092,492,5371.444999999995,borda
619,Q0,LA062990-0053,493,5363.661249999995,borda
619,Q0,FBIS3-43657,494,5349.021249999993,borda
619,Q0,FBIS4-58253,495,5331.896249999995,borda
619,Q0,FT941-3546,496,5284.683749999994,borda
619,Q0,FT943-10553,497,5261.213749999996,borda
619,Q0,FBIS4-50665,498,5257.8087499999965,borda
619,Q0,LA022390-0169,499,5236.642499999994,borda
619,Q0,FBIS4-64973,500,5220.532499999994,borda
619,Q0,FBIS4-24338,501,5216.121249999993,borda
619,Q0,FT942-11064,502,5210.851249999995,borda
619,Q0,LA092790-0009,503,5208.262499999995,borda
619,Q0,LA062789-0115,504,5201.118749999995,borda
619,Q0,FT942-13663,505,5200.714999999994,borda
619,Q0,FBIS4-23452,506,5198.2987499999945,borda
619,Q0,FBIS4-57534,507,5187.301249999995,borda
619,Q0,FBIS4-48755,508,5183.3974999999955,borda
619,Q0,LA022490-0014,509,5162.7274999999945,borda
619,Q0,FT924-7174,510,5149.696249999995,borda
619,Q0,FBIS4-1495,511,5147.061249999994,borda
619,Q0,FT942-7646,512,5141.061249999995,borda
619,Q0,FBIS3-1382,513,5140.2637499999955,borda
619,Q0,FBIS3-1423,514,5136.621249999994,borda
619,Q0,LA010190-0081,515,5117.418749999996,borda
619,Q0,FBIS4-48171,516,5109.733749999995,borda
619,Q0,FBIS3-514,517,5107.8574999999955,borda
619,Q0,FT943-8102,518,5107.699999999996,borda
619,Q0,FT932-2099,519,5101.654999999995,borda
619,Q0,FBIS4-47799,520,5088.362499999996,borda
619,Q0,LA090890-0048,521,5085.146249999996,borda
619,Q0,FT932-15395,522,5079.753749999996,borda
619,Q0,FBIS4-1073,523,5065.524999999995,borda
619,Q0,FBIS4-49678,524,5065.453749999995,borda
619,Q0,FT942-3859,525,5036.279999999995,borda
619,Q0,LA020290-0198,526,5032.398749999997,borda
619,Q0,FBIS4-24140,527,5032.204999999994,borda
619,Q0,FBIS3-411,528,5029.899999999995,borda
619,Q0,FT942-13546,529,5028.762499999995,borda
619,Q0,FBIS4-47822,530,5006.236249999996,borda
619,Q0,FBIS4-47974,531,5003.547499999994,borda
619,Q0,LA120490-0155,532,4996.537499999996,borda
619,Q0,FBIS3-43656,533,4978.801249999994,borda
619,Q0,FBIS4-47818,534,4971.964999999996,borda
619,Q0,FBIS4-49391,535,4970.442499999996,borda
619,Q0,FBIS4-57106,536,4964.046249999995,borda
619,Q0,FBIS4-48815,537,4961.426249999994,borda
619,Q0,FBIS3-43299,538,4956.9824999999955,borda
619,Q0,FT931-9629,539,4932.097499999995,borda
619,Q0,FT934-7341,540,4924.461249999994,borda
619,Q0,FBIS4-23921,541,4920.949999999994,borda
619,Q0,FBIS4-52271,542,4918.524999999993,borda
619,Q0,FBIS3-230,543,4914.577499999995,borda
619,Q0,FBIS4-48162,544,4907.296249999994,borda
619,Q0,LA050690-0146,545,4902.158749999995,borda
619,Q0,LA062890-0018,546,4889.514999999997,borda
619,Q0,FT923-12899,547,4888.758749999995,borda
619,Q0,FT943-16420,548,4885.964999999996,borda
619,Q0,FBIS3-43746,549,4860.236249999995,borda
619,Q0,LA062790-0010,550,4855.296249999995,borda
619,Q0,FT944-2523,551,4843.673749999994,borda
619,Q0,LA013190-0146,552,4827.852499999995,borda
619,Q0,FBIS4-47748,553,4808.961249999996,borda
619,Q0,FBIS4-23708,554,4801.771249999994,borda
619,Q0,FBIS3-1125,555,4782.5537499999955,borda
619,Q0,FBIS4-48237,556,4773.647499999995,borda
619,Q0,LA051590-0162,557,4770.148749999995,borda
619,Q0,FBIS3-1004,558,4768.819999999996,borda
619,Q0,LA052990-0134,559,4764.961249999995,borda
619,Q0,FBIS4-56784,560,4761.551249999995,borda
619,Q0,FBIS4-52241,561,4744.868749999994,borda
619,Q0,FT944-2588,562,4723.056249999997,borda
619,Q0,FBIS4-65074,563,4713.063749999995,borda
619,Q0,FBIS4-23344,564,4701.877499999994,borda
619,Q0,FBIS4-47750,565,4682.627499999995,borda
619,Q0,FBIS4-328,566,4672.581249999995,borda
619,Q0,FT943-6077,567,4660.462499999995,borda
619,Q0,FT942-5006,568,4633.239999999995,borda
619,Q0,FBIS3-25494,569,4619.496249999994,borda
619,Q0,FBIS4-52393,570,4600.034999999995,borda
619,Q0,FBIS4-23434,571,4596.924999999995,borda
619,Q0,LA063090-0058,572,4595.893749999996,borda
619,Q0,LA101390-0095,573,4585.549999999996,borda
619,Q0,FBIS4-48386,574,4580.893749999995,borda
619,Q0,FT932-17185,575,4576.612499999996,borda
619,Q0,FBIS4-4036,576,4573.738749999995,borda
619,Q0,FT923-13112,577,4571.333749999995,borda
619,Q0,FBIS3-43818,578,4569.403749999996,borda
619,Q0,LA020490-0001,579,4558.294999999995,borda
619,Q0,FT943-1426,580,4555.534999999994,borda
619,Q0,LA072590-0151,581,4544.936249999994,borda
619,Q0,FBIS4-24048,582,4532.587499999996,borda
619,Q0,FBIS4-531,583,4530.672499999996,borda
619,Q0,LA050290-0156,584,4529.619999999995,borda
619,Q0,LA052790-0205,585,4525.399999999997,borda
619,Q0,FBIS3-24767,586,4488.256249999995,borda
619,Q0,FBIS4-48035,587,4467.669999999996,borda
619,Q0,FBIS3-1168,588,4457.1162499999955,borda
619,Q0,FBIS3-44265,589,4449.999999999995,borda
619,Q0,FBIS4-47845,590,4442.181249999995,borda
619,Q0,FT924-11013,591,4435.534999999996,borda
619,Q0,FBIS4-48226,592,4427.142499999996,borda
619,Q0,FBIS4-23868,593,4422.1249999999945,borda
619,Q0,FBIS4-23597,594,4409.101249999996,borda
619,Q0,FT923-14003,595,4403.309999999997,borda
619,Q0,FT941-7117,596,4400.446249999996,borda
619,Q0,LA102390-0051,597,4397.621249999996,borda
619,Q0,FBIS3-584,598,4389.656249999995,borda
619,Q0,LA062990-0008,599,4380.903749999997,borda
619,Q0,FBIS4-475,600,4374.496249999996,borda
619,Q0,FBIS3-1490,601,4360.354999999996,borda
619,Q0,FBIS3-43612,602,4359.241249999995,borda
619,Q0,FBIS4-49320,603,4349.497499999997,borda
619,Q0,FBIS3-44071,604,4337.239999999995,borda
619,Q0,FT942-16516,605,4301.449999999995,borda
619,Q0,FBIS4-64639,606,4290.437499999995,borda
619,Q0,FBIS4-3603,607,4287.824999999996,borda
619,Q0,FT943-2054,608,4280.078749999995,borda
619,Q0,FBIS4-1127,609,4272.737499999995,borda
619,Q0,FT934-7752,610,4263.233749999996,borda
619,Q0,FT923-12511,611,4237.426249999997,borda
619,Q0,FBIS3-44073,612,4233.461249999997,borda
619,Q0,FT922-7526,613,4231.2099999999955,borda
619,Q0,FT921-8637,614,4201.624999999996,borda
619,Q0,FT923-615,615,4193.402499999997,borda
619,Q0,FT944-10610,616,4187.111249999997,borda
619,Q0,FT943-15254,617,4174.484999999996,borda
619,Q0,FBIS4-51581,618,4153.869999999996,borda
619,Q0,FBIS4-57497,619,4150.896249999997,borda
619,Q0,FBIS3-749,620,4127.252499999995,borda
619,Q0,LA100290-0180,621,4122.488749999996,borda
619,Q0,FBIS3-25341,622,4115.569999999996,borda
619,Q0,FT943-2582,623,4111.646249999996,borda
619,Q0,FBIS4-23367,624,4105.582499999995,borda
619,Q0,LA090490-0138,625,4102.731249999996,borda
619,Q0,FBIS3-1164,626,4098.019999999997,borda
619,Q0,FBIS4-61587,627,4086.4724999999967,borda
619,Q0,FBIS4-111,628,4080.007499999996,borda
619,Q0,FBIS4-61826,629,4070.648749999996,borda
619,Q0,FT942-10878,630,4060.694999999997,borda
619,Q0,FBIS4-1120,631,4044.343749999996,borda
619,Q0,FBIS3-665,632,4035.8399999999956,borda
619,Q0,FBIS3-43552,633,3998.691249999996,borda
619,Q0,FBIS4-55563,634,3982.6412499999956,borda
619,Q0,FT922-4439,635,3968.282499999997,borda
619,Q0,FBIS4-48058,636,3948.782499999997,borda
619,Q0,FBIS4-47986,637,3939.5874999999965,borda
619,Q0,FBIS4-49319,638,3938.2574999999965,borda
619,Q0,FT941-5452,639,3937.5449999999955,borda
619,Q0,FBIS4-48774,640,3927.731249999996,borda
619,Q0,FBIS4-47864,641,3927.4237499999954,borda
619,Q0,FT942-12078,642,3919.0674999999956,borda
619,Q0,FT941-9034,643,3915.8787499999953,borda
619,Q0,FT923-510,644,3907.838749999996,borda
619,Q0,FBIS4-56636,645,3906.9699999999966,borda
619,Q0,FBIS4-48724,646,3903.8449999999966,borda
619,Q0,FBIS3-660,647,3901.3912499999965,borda
619,Q0,FBIS3-25153,648,3892.962499999996,borda
619,Q0,FT934-15493,649,3883.3837499999963,borda
619,Q0,FBIS4-57396,650,3880.647499999996,borda
619,Q0,FT942-13570,651,3877.113749999995,borda
619,Q0,FT933-235,652,3868.249999999997,borda
619,Q0,FT934-15183,653,3853.8024999999975,borda
619,Q0,LA071390-0012,654,3843.5337499999973,borda
619,Q0,FBIS4-23542,655,3835.8012499999954,borda
619,Q0,FBIS4-48759,656,3829.2574999999965,borda
619,Q0,FBIS3-44049,657,3809.5149999999967,borda
619,Q0,FBIS3-43842,658,3799.1962499999954,borda
619,Q0,FBIS4-47929,659,3780.252499999996,borda
619,Q0,FBIS4-48134,660,3754.471249999997,borda
619,Q0,FT932-14430,661,3742.371249999997,borda
619,Q0,FT942-7621,662,3685.279999999997,borda
619,Q0,FBIS3-25297,663,3680.3824999999965,borda
619,Q0,FBIS3-25771,664,3654.9162499999975,borda
619,Q0,FBIS4-471,665,3651.556249999995,borda
619,Q0,FT941-6229,666,3631.2899999999954,borda
619,Q0,FT934-7594,667,3628.473749999996,borda
619,Q0,FBIS4-48646,668,3628.3324999999973,borda
619,Q0,FBIS4-23292,669,3600.632499999996,borda
619,Q0,FBIS4-52739,670,3598.221249999998,borda
619,Q0,FBIS3-43940,671,3573.519999999996,borda
619,Q0,FT941-6452,672,3566.646249999996,borda
619,Q0,FBIS4-50141,673,3556.396249999996,borda
619,Q0,FT924-12677,674,3540.3262499999973,borda
619,Q0,FBIS3-2660,675,3533.1299999999983,borda
619,Q0,FT933-7160,676,3532.679999999997,borda
619,Q0,FBIS4-59282,677,3528.184999999997,borda
619,Q0,FBIS3-25260,678,3527.384999999996,borda
619,Q0,FT921-3279,679,3506.7312499999957,borda
619,Q0,FBIS3-24741,680,3500.774999999995,borda
619,Q0,FT911-3779,681,3494.842499999998,borda
619,Q0,FBIS3-523,682,3481.434999999996,borda
619,Q0,FT922-8595,683,3479.2987499999963,borda
619,Q0,FT942-13365,684,3460.8512499999965,borda
619,Q0,FT923-4012,685,3460.609999999996,borda
619,Q0,FBIS4-48239,686,3457.9599999999973,borda
619,Q0,FT943-16224,687,3447.0224999999973,borda
619,Q0,FBIS4-58624,688,3445.1824999999967,borda
619,Q0,LA092490-0070,689,3440.762499999997,borda
619,Q0,FT924-4946,690,3433.428749999996,borda
619,Q0,FBIS4-23596,691,3433.231249999996,borda
619,Q0,LA040290-0109,692,3431.372499999996,borda
619,Q0,LA021790-0128,693,3428.0449999999973,borda
619,Q0,FBIS4-64779,694,3419.617499999996,borda
619,Q0,FT943-13743,695,3416.1624999999967,borda
619,Q0,FBIS3-24795,696,3411.9537499999956,borda
619,Q0,FBIS3-1001,697,3408.156249999997,borda
619,Q0,FBIS4-58876,698,3388.4399999999973,borda
619,Q0,FBIS4-69,699,3371.3974999999964,borda
619,Q0,FT942-13462,700,3358.961249999997,borda
619,Q0,FBIS4-48236,701,3354.3949999999963,borda
619,Q0,FBIS4-48538,702,3331.182499999996,borda
619,Q0,FBIS4-48632,703,3324.538749999996,borda
619,Q0,FBIS4-48822,704,3324.313749999997,borda
619,Q0,FBIS4-48086,705,3323.7349999999974,borda
619,Q0,FBIS4-48754,706,3309.049999999997,borda
619,Q0,FBIS4-23841,707,3308.9824999999964,borda
619,Q0,FBIS4-49997,708,3284.496249999996,borda
619,Q0,FT932-4810,709,3279.731249999996,borda
619,Q0,FT944-618,710,3267.1949999999965,borda
619,Q0,FBIS4-48110,711,3265.392499999998,borda
619,Q0,FBIS4-48160,712,3258.766249999997,borda
619,Q0,LA111990-0020,713,3257.813749999997,borda
619,Q0,FBIS4-59849,714,3243.2462499999983,borda
619,Q0,FT934-7281,715,3235.6687499999966,borda
619,Q0,FT942-10709,716,3235.513749999998,borda
619,Q0,FT942-13062,717,3226.704999999997,borda
619,Q0,FT921-7665,718,3217.0874999999974,borda
619,Q0,FBIS3-3272,719,3207.8662499999973,borda
619,Q0,FBIS4-47767,720,3202.821249999998,borda
619,Q0,FT923-9216,721,3197.063749999998,borda
619,Q0,FBIS4-48583,722,3189.5399999999963,borda
619,Q0,FT921-4548,723,3187.952499999997,borda
619,Q0,FT944-17820,724,3181.5837499999966,borda
619,Q0,FBIS4-57395,725,3165.6262499999966,borda
619,Q0,FT934-7747,726,3158.4662499999968,borda
619,Q0,FBIS4-1124,727,3157.0112499999973,borda
619,Q0,FT933-1650,728,3152.507499999998,borda
619,Q0,FBIS3-25774,729,3149.074999999998,borda
619,Q0,FT943-8542,730,3144.9662499999986,borda
619,Q0,LA022490-0044,731,3143.601249999997,borda
619,Q0,FT942-16417,732,3127.2299999999964,borda
619,Q0,FBIS4-47819,733,3116.3524999999972,borda
619,Q0,FT933-16293,734,3115.7512499999984,borda
619,Q0,FBIS3-43712,735,3109.249999999997,borda
619,Q0,LA062990-0080,736,3100.2349999999974,borda
619,Q0,FT943-8537,737,3090.613749999998,borda
619,Q0,FT921-16368,738,3081.5787499999983,borda
619,Q0,FBIS4-48227,739,3070.3899999999976,borda
619,Q0,FBIS3-25583,740,3064.759999999997,borda
619,Q0,LA102690-0182,741,3062.2274999999986,borda
619,Q0,FT934-15955,742,3059.1987499999977,borda
619,Q0,LA111189-0069,743,3054.084999999998,borda
619,Q0,LA072090-0030,744,3052.9324999999976,borda
619,Q0,FT941-13157,745,3042.6874999999986,borda
619,Q0,FBIS3-24721,746,3036.4412499999967,borda
619,Q0,FT943-15926,747,3029.714999999997,borda
619,Q0,FBIS3-43705,748,3024.5899999999974,borda
619,Q0,FBIS4-57006,749,3009.1887499999984,borda
619,Q0,FBIS4-326,750,2995.163749999996,borda
619,Q0,FBIS4-23735,751,2988.5112499999973,borda
619,Q0,FBIS4-50552,752,2981.224999999998,borda
619,Q0,LA060890-0169,753,2976.2524999999973,borda
619,Q0,FT923-14732,754,2975.707499999997,borda
619,Q0,LA081990-0198,755,2974.2424999999994,borda
619,Q0,FT942-11344,756,2963.4924999999985,borda
619,Q0,FBIS4-48652,757,2960.721249999998,borda
619,Q0,FBIS4-23758,758,2955.089999999996,borda
619,Q0,FBIS4-34688,759,2953.2474999999986,borda
619,Q0,FBIS3-25111,760,2952.4487499999973,borda
619,Q0,FBIS4-408,761,2949.3437499999977,borda
619,Q0,FBIS4-52956,762,2947.1562499999986,borda
619,Q0,FBIS4-48195,763,2943.0037499999985,borda
619,Q0,FT923-746,764,2929.558749999998,borda
619,Q0,FBIS4-48579,765,2916.609999999997,borda
619,Q0,FBIS3-211,766,2913.964999999997,borda
619,Q0,FT933-744,767,2913.3187499999976,borda
619,Q0,FT942-12077,768,2907.2987499999986,borda
619,Q0,FBIS4-48599,769,2897.266249999997,borda
619,Q0,FBIS4-48241,770,2890.993749999997,borda
619,Q0,FBIS4-1428,771,2878.266249999996,borda
619,Q0,FT924-10741,772,2869.881249999998,borda
619,Q0,FT922-272,773,2828.3987499999976,borda
619,Q0,FT933-2751,774,2825.4387499999966,borda
619,Q0,LA022190-0070,775,2824.4812499999985,borda
619,Q0,FBIS4-1126,776,2822.0674999999965,borda
619,Q0,LA011589-0005,777,2819.7199999999993,borda
619,Q0,FBIS4-988,778,2813.7587499999972,borda
619,Q0,FT921-10274,779,2812.5499999999975,borda
619,Q0,FT923-6550,780,2810.268749999999,borda
619,Q0,FT941-10506,781,2804.8062499999974,borda
619,Q0,FBIS4-13531,782,2796.9862499999986,borda
619,Q0,FT942-13374,783,2794.822499999998,borda
619,Q0,FBIS4-58816,784,2779.8762499999966,borda
619,Q0,FT944-18463,785,2765.484999999997,borda
619,Q0,FBIS4-57080,786,2760.016249999998,borda
619,Q0,LA111090-0114,787,2755.9437499999976,borda
619,Q0,FBIS3-43817,788,2754.8924999999963,borda
619,Q0,FT921-9935,789,2754.1387499999987,borda
619,Q0,LA060890-0014,790,2750.886249999998,borda
619,Q0,LA071190-0172,791,2748.039999999999,borda
619,Q0,FBIS4-48606,792,2746.3612499999977,borda
619,Q0,FBIS4-58779,793,2738.631249999999,borda
619,Q0,FBIS4-53033,794,2731.2799999999975,borda
619,Q0,LA060790-0222,795,2726.766249999998,borda
619,Q0,FT942-12457,796,2714.5249999999987,borda
619,Q0,LA122089-0108,797,2710.7387499999973,borda
619,Q0,FBIS4-49121,798,2698.309999999997,borda
619,Q0,FT942-13769,799,2697.9824999999973,borda
619,Q0,FBIS3-45420,800,2690.9724999999967,borda
619,Q0,FBIS4-23529,801,2684.8112499999975,borda
619,Q0,LA092490-0110,802,2675.5987499999983,borda
619,Q0,FT924-5643,803,2670.724999999998,borda
619,Q0,FBIS4-48080,804,2658.0687499999985,borda
619,Q0,FBIS4-23603,805,2656.8724999999968,borda
619,Q0,LA022290-0034,806,2648.307499999998,borda
619,Q0,FBIS4-47768,807,2646.807499999999,borda
619,Q0,FBIS3-25201,808,2639.7874999999985,borda
619,Q0,LA031990-0067,809,2634.463749999997,borda
619,Q0,FBIS4-23799,810,2633.6299999999974,borda
619,Q0,LA100590-0180,811,2630.579999999997,borda
619,Q0,FT942-11246,812,2628.226249999998,borda
619,Q0,FBIS4-47745,813,2627.602499999998,borda
619,Q0,FT942-13064,814,2621.0562499999987,borda
619,Q0,FBIS4-58902,815,2612.8324999999977,borda
619,Q0,FT944-18605,816,2608.268749999998,borda
619,Q0,FBIS4-47815,817,2596.8074999999976,borda
619,Q0,FBIS3-1066,818,2594.4087499999973,borda
619,Q0,FBIS4-48036,819,2583.4262499999977,borda
619,Q0,FT944-3745,820,2582.9437499999967,borda
619,Q0,FT942-10872,821,2581.8137499999975,borda
619,Q0,FT922-13373,822,2579.401249999999,borda
619,Q0,LA061090-0052,823,2577.3037499999973,borda
619,Q0,FT922-3384,824,2576.6924999999965,borda
619,Q0,FT922-3275,825,2573.7762499999967,borda
619,Q0,FBIS3-39822,826,2567.659999999998,borda
619,Q0,FBIS3-44089,827,2566.9562499999975,borda
619,Q0,FBIS4-1224,828,2561.846249999997,borda
619,Q0,FT942-15464,829,2554.4987499999984,borda
619,Q0,FBIS3-1190,830,2550.594999999997,borda
619,Q0,FBIS4-23337,831,2550.523749999997,borda
619,Q0,FBIS4-47992,832,2536.681249999998,borda
619,Q0,FBIS4-24080,833,2521.724999999998,borda
619,Q0,FBIS4-19099,834,2510.3649999999975,borda
619,Q0,FBIS3-25266,835,2502.844999999997,borda
619,Q0,FBIS4-49318,836,2497.666249999998,borda
619,Q0,FBIS4-48044,837,2484.0749999999985,borda
619,Q0,FBIS4-56877,838,2480.253749999999,borda
619,Q0,LA011689-0106,839,2477.1974999999993,borda
619,Q0,FT944-13875,840,2468.126249999999,borda
619,Q0,FBIS3-1303,841,2466.642499999997,borda
619,Q0,LA070290-0029,842,2445.2437499999983,borda
619,Q0,FBIS3-44035,843,2443.674999999999,borda
619,Q0,FT934-3155,844,2438.237499999998,borda
619,Q0,FBIS4-48729,845,2427.159999999998,borda
619,Q0,FT921-7000,846,2425.5074999999993,borda
619,Q0,FBIS3-24756,847,2423.749999999998,borda
619,Q0,FBIS3-664,848,2421.331249999997,borda
619,Q0,LA032390-0175,849,2418.866249999998,borda
619,Q0,FT921-2406,850,2402.0737499999987,borda
619,Q0,FBIS4-764,851,2401.387499999998,borda
619,Q0,FT941-14559,852,2397.332499999998,borda
619,Q0,FBIS4-51713,853,2392.1099999999988,borda
619,Q0,FBIS4-1228,854,2388.0312499999977,borda
619,Q0,FBIS4-1297,855,2378.887499999998,borda
619,Q0,FT942-16843,856,2347.434999999999,borda
619,Q0,FBIS4-303,857,2342.7537499999967,borda
619,Q0,FBIS4-48042,858,2339.7949999999987,borda
619,Q0,FBIS3-135,859,2317.324999999998,borda
619,Q0,FT922-5744,860,2310.8712499999983,borda
619,Q0,FT924-6723,861,2304.302499999997,borda
619,Q0,LA070890-0070,862,2303.7749999999983,borda
619,Q0,LA112690-0061,863,2300.4024999999997,borda
619,Q0,FT932-16852,864,2294.206249999998,borda
619,Q0,FBIS4-404,865,2293.9987499999984,borda
619,Q0,FBIS3-1070,866,2289.642499999999,borda
619,Q0,FBIS3-44172,867,2287.262499999997,borda
619,Q0,FT944-16013,868,2277.9149999999972,borda
619,Q0,LA022590-0095,869,2276.4912499999978,borda
619,Q0,FBIS3-25046,870,2270.901249999998,borda
619,Q0,FBIS4-44192,871,2265.2724999999973,borda
619,Q0,LA062890-0019,872,2260.569999999998,borda
619,Q0,FBIS4-48034,873,2258.3049999999976,borda
619,Q0,FT943-5801,874,2253.833749999999,borda
619,Q0,FBIS4-48041,875,2249.858749999999,borda
619,Q0,FBIS4-57081,876,2243.7049999999986,borda
619,Q0,FT931-6672,877,2241.134999999997,borda
619,Q0,LA110189-0045,878,2230.6137499999986,borda
619,Q0,FBIS3-24838,879,2228.2049999999967,borda
619,Q0,FT941-4102,880,2218.8124999999986,borda
619,Q0,FT944-17700,881,2211.3324999999986,borda
619,Q0,FT934-7923,882,2200.5074999999974,borda
619,Q0,FBIS3-176,883,2187.4162499999975,borda
619,Q0,FT943-1210,884,2177.086249999999,borda
619,Q0,FBIS4-1433,885,2170.341249999998,borda
619,Q0,FBIS3-59406,886,2167.7237499999974,borda
619,Q0,LA070890-0015,887,2167.076249999998,borda
619,Q0,FBIS4-1190,888,2162.747499999997,borda
619,Q0,FBIS4-1134,889,2159.6074999999973,borda
619,Q0,FBIS4-47795,890,2158.161249999998,borda
619,Q0,LA070690-0008,891,2154.431249999998,borda
619,Q0,FT944-2626,892,2147.4612499999985,borda
619,Q0,FT932-2859,893,2145.663749999998,borda
619,Q0,FBIS4-924,894,2124.1187499999987,borda
619,Q0,LA012290-0010,895,2113.8437499999973,borda
619,Q0,FBIS3-25059,896,2111.561249999997,borda
619,Q0,LA103089-0007,897,2104.2087499999993,borda
619,Q0,LA050790-0134,898,2103.8437499999977,borda
619,Q0,FBIS4-23161,899,2082.0787499999988,borda
619,Q0,FBIS4-48672,900,2079.9412499999976,borda
619,Q0,FBIS3-1354,901,2079.3874999999975,borda
619,Q0,FBIS3-44205,902,2075.873749999998,borda
619,Q0,FBIS4-523,903,2070.2787499999977,borda
619,Q0,FT942-13661,904,2060.461249999999,borda
619,Q0,FBIS4-19909,905,2053.2224999999994,borda
619,Q0,FT943-6379,906,2052.229999999998,borda
619,Q0,FT924-7484,907,2044.871249999998,borda
619,Q0,FBIS4-57759,908,2038.0874999999974,borda
619,Q0,FBIS4-46324,909,2037.5349999999976,borda
619,Q0,FBIS3-25772,910,2029.163749999998,borda
619,Q0,LA122389-0087,911,2021.3912499999972,borda
619,Q0,FBIS4-65171,912,2017.5712499999981,borda
619,Q0,FBIS4-52566,913,2017.5112499999982,borda
619,Q0,FT944-12943,914,2015.537499999998,borda
619,Q0,FBIS4-48295,915,2014.8862499999977,borda
619,Q0,FT942-11873,916,2008.7087499999984,borda
619,Q0,FBIS4-48061,917,2005.854999999998,borda
619,Q0,LA111789-0141,918,2003.7799999999975,borda
619,Q0,LA112189-0045,919,2003.5174999999986,borda
619,Q0,FBIS3-43641,920,1994.6187499999971,borda
619,Q0,FBIS4-57088,921,1981.462499999997,borda
619,Q0,FBIS3-43597,922,1975.7149999999988,borda
619,Q0,LA071890-0152,923,1972.958749999997,borda
619,Q0,FBIS4-68275,924,1969.9199999999985,borda
619,Q0,FT942-10492,925,1969.5299999999977,borda
619,Q0,FBIS4-48279,926,1960.2399999999977,borda
619,Q0,FT932-696,927,1946.8899999999978,borda
619,Q0,FBIS4-75,928,1942.7587499999972,borda
619,Q0,FT942-9372,929,1936.6462499999977,borda
619,Q0,FT943-2151,930,1924.557499999998,borda
619,Q0,FBIS3-597,931,1922.256249999998,borda
619,Q0,LA051490-0027,932,1915.1112499999974,borda
619,Q0,FBIS4-23534,933,1904.8312499999977,borda
619,Q0,FT941-3567,934,1900.177499999998,borda
619,Q0,FT922-13457,935,1891.7912499999982,borda
619,Q0,LA121689-0061,936,1888.1612499999983,borda
619,Q0,FBIS3-24906,937,1873.6687499999978,borda
619,Q0,FT922-242,938,1863.2762499999983,borda
619,Q0,FBIS4-23800,939,1856.6074999999978,borda
619,Q0,FBIS4-23332,940,1854.5687499999979,borda
619,Q0,FBIS3-44198,941,1846.3437499999973,borda
619,Q0,FT924-1986,942,1845.239999999998,borda
619,Q0,FBIS4-48124,943,1839.2887499999983,borda
619,Q0,FT932-3840,944,1834.9374999999984,borda
619,Q0,FBIS4-47680,945,1825.508749999998,borda
619,Q0,LA121289-0096,946,1824.8887499999973,borda
619,Q0,FBIS4-48296,947,1822.6212499999979,borda
619,Q0,FT934-2925,948,1816.1587499999982,borda
619,Q0,FBIS3-52486,949,1815.3112499999977,borda
619,Q0,FT924-14196,950,1812.2249999999983,borda
619,Q0,LA052589-0008,951,1806.3612499999988,borda
619,Q0,FBIS4-58588,952,1805.2837499999985,borda
619,Q0,FBIS3-43894,953,1797.4999999999975,borda
619,Q0,FT923-3642,954,1788.8374999999983,borda
619,Q0,FBIS4-229,955,1788.4774999999977,borda
619,Q0,FBIS4-23218,956,1786.5737499999984,borda
619,Q0,FBIS3-43721,957,1784.467499999998,borda
619,Q0,FBIS4-24211,958,1772.3662499999978,borda
619,Q0,LA080189-0120,959,1771.7587499999975,borda
619,Q0,FT933-9427,960,1768.9062499999977,borda
619,Q0,FBIS4-23159,961,1761.9362499999982,borda
619,Q0,FBIS3-1118,962,1754.851249999998,borda
619,Q0,FT934-5425,963,1739.6962499999981,borda
619,Q0,FBIS4-48082,964,1738.6337499999981,borda
619,Q0,FBIS4-64274,965,1727.7174999999977,borda
619,Q0,FBIS3-1332,966,1721.3024999999989,borda
619,Q0,FT942-5013,967,1720.3412499999972,borda
619,Q0,FBIS4-49229,968,1715.4149999999975,borda
619,Q0,FT921-8887,969,1714.8124999999986,borda
619,Q0,FBIS4-47866,970,1706.9274999999977,borda
619,Q0,FBIS4-48758,971,1705.9024999999976,borda
619,Q0,FBIS3-1334,972,1696.706249999998,borda
619,Q0,LA050690-0238,973,1687.2199999999975,borda
619,Q0,FT922-7602,974,1686.4099999999987,borda
619,Q0,FT911-3905,975,1681.734999999999,borda
619,Q0,FBIS4-66671,976,1681.5312499999977,borda
619,Q0,LA072690-0254,977,1676.264999999998,borda
619,Q0,LA101390-0086,978,1673.1662499999984,borda
619,Q0,FBIS3-25298,979,1673.1074999999978,borda
619,Q0,FT942-10573,980,1664.1012499999983,borda
619,Q0,LA122789-0096,981,1656.6887499999982,borda
619,Q0,FT942-16420,982,1647.573749999999,borda
619,Q0,FBIS3-60342,983,1644.6512499999988,borda
619,Q0,FBIS4-29593,984,1623.6462499999982,borda
619,Q0,FBIS4-48584,985,1613.3512499999988,borda
619,Q0,FT942-8278,986,1612.2799999999986,borda
619,Q0,LA102090-0143,987,1604.5074999999981,borda
619,Q0,FT911-1033,988,1600.007499999999,borda
619,Q0,FBIS3-24766,989,1594.5612499999988,borda
619,Q0,FBIS4-1427,990,1592.1937499999979,borda
619,Q0,FBIS3-25496,991,1592.1237499999977,borda
619,Q0,FBIS4-48167,992,1588.0724999999986,borda
619,Q0,FBIS3-25110,993,1587.8762499999982,borda
619,Q0,FT942-17452,994,1583.1612499999987,borda
619,Q0,FBIS3-148,995,1582.2262499999974,borda
619,Q0,LA082690-0203,996,1570.2024999999985,borda
619,Q0,LA082389-0075,997,1567.2274999999977,borda
619,Q0,LA051090-0180,998,1565.6299999999985,borda
619,Q0,FT942-802,999,1562.2962499999987,borda
619,Q0,LA022690-0124,1000,1562.0524999999986,borda
626,Q0,FBIS4-60291,1,12841.157499999987,borda
626,Q0,FT941-5519,2,12506.129999999986,borda
626,Q0,FT942-7622,3,12479.032499999988,borda
626,Q0,LA030589-0080,4,12267.95749999999,borda
626,Q0,LA062690-0090,5,12047.091249999989,borda
626,Q0,FT924-13949,6,11379.723749999988,borda
626,Q0,FBIS3-471,7,11301.137499999992,borda
626,Q0,LA082090-0032,8,11244.14874999999,borda
626,Q0,FBIS4-36847,9,10887.253749999989,borda
626,Q0,FT931-14000,10,10743.326249999987,borda
626,Q0,LA080389-0083,11,10610.931249999987,borda
626,Q0,FT944-7609,12,10577.699999999988,borda
626,Q0,FT941-8535,13,10512.27249999999,borda
626,Q0,LA060589-0101,14,10450.569999999987,borda
626,Q0,FT921-11648,15,10445.742499999991,borda
626,Q0,FT931-17135,16,10435.541249999987,borda
626,Q0,FT923-8486,17,10398.54874999999,borda
626,Q0,LA020989-0094,18,10396.771249999989,borda
626,Q0,LA072989-0053,19,10316.614999999989,borda
626,Q0,FBIS3-21279,20,10313.88374999999,borda
626,Q0,LA122090-0112,21,10271.28749999999,borda
626,Q0,LA042889-0176,22,10235.688749999988,borda
626,Q0,FBIS4-60493,23,10235.59124999999,borda
626,Q0,LA020889-0137,24,10215.154999999988,borda
626,Q0,FBIS4-60401,25,10189.649999999989,borda
626,Q0,FT943-1818,26,10043.051249999991,borda
626,Q0,FT932-8209,27,10011.579999999989,borda
626,Q0,LA031590-0007,28,9993.06999999999,borda
626,Q0,FBIS4-60292,29,9901.091249999987,borda
626,Q0,FT944-3360,30,9827.968749999989,borda
626,Q0,FBIS3-25118,31,9555.57624999999,borda
626,Q0,FBIS3-602,32,9550.878749999993,borda
626,Q0,LA011090-0058,33,9458.15999999999,borda
626,Q0,FT942-15041,34,9426.469999999987,borda
626,Q0,FBIS4-24155,35,9323.05999999999,borda
626,Q0,LA021989-0175,36,9316.07124999999,borda
626,Q0,LA021390-0144,37,9314.98124999999,borda
626,Q0,FBIS3-27400,38,9038.651249999992,borda
626,Q0,FBIS3-39309,39,8993.17874999999,borda
626,Q0,LA111890-0098,40,8901.359999999991,borda
626,Q0,FT944-12290,41,8832.678749999988,borda
626,Q0,FT943-13869,42,8819.85124999999,borda
626,Q0,LA050990-0037,43,8739.077499999992,borda
626,Q0,FBIS3-21373,44,8688.49874999999,borda
626,Q0,FR941003-0-00080,45,8670.70624999999,borda
626,Q0,FT931-7660,46,8615.80624999999,borda
626,Q0,LA121790-0086,47,8593.641249999993,borda
626,Q0,FBIS4-6213,48,8520.78124999999,borda
626,Q0,FT934-1488,49,8505.49874999999,borda
626,Q0,FT924-7684,50,8487.10874999999,borda
626,Q0,FBIS3-39347,51,8478.34499999999,borda
626,Q0,LA031590-0114,52,8455.339999999991,borda
626,Q0,LA071690-0111,53,8421.443749999991,borda
626,Q0,LA061790-0207,54,8412.408749999991,borda
626,Q0,FBIS4-56810,55,8411.58249999999,borda
626,Q0,LA050490-0089,56,8407.608749999989,borda
626,Q0,LA021389-0016,57,8394.264999999992,borda
626,Q0,FBIS4-2424,58,8366.049999999992,borda
626,Q0,FT942-9952,59,8354.483749999992,borda
626,Q0,FBIS4-19066,60,8351.697499999991,borda
626,Q0,FBIS4-25224,61,8345.436249999992,borda
626,Q0,FBIS3-33328,62,8294.533749999991,borda
626,Q0,LA123090-0081,63,8243.882499999992,borda
626,Q0,LA061289-0015,64,8229.273749999991,borda
626,Q0,FT921-15797,65,8192.65999999999,borda
626,Q0,FT924-11018,66,8184.078749999991,borda
626,Q0,FT941-13184,67,8153.867499999993,borda
626,Q0,FBIS4-25262,68,8125.301249999991,borda
626,Q0,LA030389-0010,69,8096.61999999999,borda
626,Q0,LA090290-0025,70,8089.434999999991,borda
626,Q0,LA101290-0145,71,8087.702499999991,borda
626,Q0,LA022190-0068,72,8047.593749999991,borda
626,Q0,LA020989-0071,73,8031.204999999992,borda
626,Q0,LA073089-0099,74,8018.15874999999,borda
626,Q0,FT933-14268,75,7975.206249999989,borda
626,Q0,FBIS4-47971,76,7953.823749999992,borda
626,Q0,LA060190-0138,77,7942.118749999991,borda
626,Q0,LA122490-0010,78,7908.916249999992,borda
626,Q0,FT921-1339,79,7907.928749999993,borda
626,Q0,LA041990-0259,80,7835.068749999993,borda
626,Q0,FBIS3-34556,81,7825.336249999991,borda
626,Q0,LA092089-0015,82,7825.164999999992,borda
626,Q0,LA123089-0112,83,7813.258749999992,borda
626,Q0,FT933-8272,84,7791.58124999999,borda
626,Q0,FR941027-1-00030,85,7760.609999999992,borda
626,Q0,FT921-5289,86,7750.818749999992,borda
626,Q0,LA092789-0117,87,7736.571249999992,borda
626,Q0,FT931-16464,88,7726.872499999991,borda
626,Q0,FT941-13174,89,7713.039999999993,borda
626,Q0,FBIS3-34317,90,7706.872499999993,borda
626,Q0,FBIS4-60762,91,7698.104999999991,borda
626,Q0,FBIS3-10326,92,7598.162499999993,borda
626,Q0,LA081290-0032,93,7558.121249999991,borda
626,Q0,LA082789-0084,94,7545.776249999993,borda
626,Q0,FT924-12932,95,7521.488749999991,borda
626,Q0,FT922-4973,96,7502.692499999991,borda
626,Q0,FT921-15304,97,7426.98624999999,borda
626,Q0,FT924-4713,98,7418.119999999993,borda
626,Q0,LA061889-0004,99,7418.003749999992,borda
626,Q0,LA101689-0027,100,7415.7399999999925,borda
626,Q0,FT942-7561,101,7408.31249999999,borda
626,Q0,FBIS3-32495,102,7318.0387499999915,borda
626,Q0,FT943-3057,103,7302.123749999992,borda
626,Q0,LA070889-0049,104,7258.101249999993,borda
626,Q0,FT932-8197,105,7250.919999999992,borda
626,Q0,FBIS3-60769,106,7243.818749999993,borda
626,Q0,LA081890-0023,107,7243.616249999992,borda
626,Q0,FT944-7107,108,7227.164999999993,borda
626,Q0,LA030789-0066,109,7216.849999999994,borda
626,Q0,FBIS4-44962,110,7211.897499999994,borda
626,Q0,FBIS3-51362,111,7192.012499999992,borda
626,Q0,FT944-17837,112,7162.304999999993,borda
626,Q0,LA111589-0017,113,7154.919999999993,borda
626,Q0,LA030590-0013,114,7153.071249999994,borda
626,Q0,LA111090-0107,115,7137.922499999992,borda
626,Q0,FBIS4-48716,116,7125.236249999993,borda
626,Q0,FT923-7896,117,7100.363749999993,borda
626,Q0,FT932-1420,118,7087.103749999991,borda
626,Q0,LA040289-0179,119,7085.2174999999925,borda
626,Q0,FT942-1359,120,7078.718749999993,borda
626,Q0,FBIS3-470,121,7070.092499999992,borda
626,Q0,FBIS4-13457,122,7068.028749999991,borda
626,Q0,FBIS3-14029,123,7060.134999999994,borda
626,Q0,FT942-13916,124,7042.951249999992,borda
626,Q0,LA082089-0005,125,7020.504999999994,borda
626,Q0,FBIS4-59260,126,7019.511249999991,borda
626,Q0,FBIS4-3873,127,6992.664999999994,borda
626,Q0,LA071390-0073,128,6975.727499999993,borda
626,Q0,FBIS4-48649,129,6950.839999999993,borda
626,Q0,FBIS4-56340,130,6914.8787499999935,borda
626,Q0,LA122089-0058,131,6902.576249999994,borda
626,Q0,FBIS3-32050,132,6896.508749999994,borda
626,Q0,FBIS3-51609,133,6859.5787499999915,borda
626,Q0,LA111189-0088,134,6826.106249999992,borda
626,Q0,FBIS4-4769,135,6807.587499999992,borda
626,Q0,LA042389-0109,136,6803.668749999992,borda
626,Q0,FT924-3571,137,6786.194999999992,borda
626,Q0,FBIS4-21845,138,6778.681249999991,borda
626,Q0,LA052689-0191,139,6772.812499999993,borda
626,Q0,FBIS3-32675,140,6742.696249999994,borda
626,Q0,LA070690-0120,141,6725.832499999993,borda
626,Q0,FT943-14141,142,6725.5162499999915,borda
626,Q0,FT923-14006,143,6724.814999999994,borda
626,Q0,LA111690-0081,144,6690.0699999999915,borda
626,Q0,FBIS3-24986,145,6689.131249999994,borda
626,Q0,FT921-15718,146,6643.1549999999925,borda
626,Q0,FT921-15416,147,6618.083749999992,borda
626,Q0,LA061890-0129,148,6611.466249999991,borda
626,Q0,FT932-7061,149,6581.354999999993,borda
626,Q0,LA072889-0041,150,6581.1287499999935,borda
626,Q0,FT921-4056,151,6579.553749999993,borda
626,Q0,FBIS4-32781,152,6570.783749999991,borda
626,Q0,LA010189-0001,153,6563.392499999994,borda
626,Q0,LA081990-0085,154,6549.4812499999925,borda
626,Q0,LA122790-0085,155,6546.382499999995,borda
626,Q0,LA081990-0198,156,6522.022499999993,borda
626,Q0,FBIS4-511,157,6507.721249999994,borda
626,Q0,LA031689-0123,158,6497.323749999995,borda
626,Q0,FT933-15385,159,6493.151249999993,borda
626,Q0,FT922-13720,160,6488.651249999993,borda
626,Q0,FR940304-0-00090,161,6476.773749999993,borda
626,Q0,FT944-16185,162,6457.249999999993,borda
626,Q0,LA060390-0197,163,6447.044999999994,borda
626,Q0,FT932-17459,164,6410.487499999993,borda
626,Q0,FT933-8732,165,6348.894999999992,borda
626,Q0,FT923-13581,166,6335.884999999993,borda
626,Q0,LA102989-0190,167,6289.873749999996,borda
626,Q0,FT922-13750,168,6269.261249999991,borda
626,Q0,FT923-9001,169,6261.951249999994,borda
626,Q0,FBIS3-59351,170,6233.393749999994,borda
626,Q0,LA111690-0018,171,6225.006249999992,borda
626,Q0,LA112089-0004,172,6222.1549999999925,borda
626,Q0,FBIS4-2990,173,6216.214999999994,borda
626,Q0,FT943-9745,174,6214.154999999993,borda
626,Q0,LA010890-0084,175,6208.902499999992,borda
626,Q0,LA030690-0148,176,6206.151249999993,borda
626,Q0,LA062090-0010,177,6205.651249999994,borda
626,Q0,LA100290-0178,178,6190.598749999993,borda
626,Q0,FBIS4-48002,179,6183.898749999994,borda
626,Q0,FT944-3079,180,6177.734999999993,borda
626,Q0,FT944-16067,181,6165.116249999993,borda
626,Q0,LA042790-0056,182,6129.268749999994,borda
626,Q0,FT931-6512,183,6114.8474999999935,borda
626,Q0,LA021489-0064,184,6107.588749999994,borda
626,Q0,LA090790-0034,185,6106.707499999994,borda
626,Q0,FT923-4341,186,6103.697499999994,borda
626,Q0,FR940922-2-00126,187,6090.098749999994,borda
626,Q0,LA022890-0024,188,6086.693749999994,borda
626,Q0,LA121789-0060,189,6078.801249999992,borda
626,Q0,FT923-12120,190,6065.731249999993,borda
626,Q0,FT923-6827,191,6060.9987499999925,borda
626,Q0,LA030690-0045,192,6048.298749999993,borda
626,Q0,FT924-13262,193,6039.534999999993,borda
626,Q0,FT924-7219,194,6023.109999999994,borda
626,Q0,FBIS4-60634,195,6000.542499999996,borda
626,Q0,FBIS4-60753,196,5998.763749999995,borda
626,Q0,LA041290-0144,197,5987.001249999995,borda
626,Q0,LA061990-0091,198,5984.126249999993,borda
626,Q0,FT942-4525,199,5983.959999999994,borda
626,Q0,LA032590-0155,200,5983.9062499999945,borda
626,Q0,FT931-3764,201,5970.176249999995,borda
626,Q0,LA092089-0087,202,5967.381249999996,borda
626,Q0,FT923-2788,203,5931.162499999993,borda
626,Q0,LA050789-0065,204,5923.693749999995,borda
626,Q0,FBIS4-18992,205,5913.388749999993,borda
626,Q0,LA090489-0002,206,5891.914999999993,borda
626,Q0,FBIS4-18470,207,5889.132499999994,borda
626,Q0,FT932-12725,208,5882.688749999993,borda
626,Q0,FT932-1462,209,5878.956249999995,borda
626,Q0,LA072590-0144,210,5869.157499999993,borda
626,Q0,LA100589-0120,211,5846.597499999995,borda
626,Q0,LA042690-0210,212,5845.776249999993,borda
626,Q0,LA013190-0146,213,5844.671249999992,borda
626,Q0,FT922-7062,214,5796.459999999993,borda
626,Q0,LA070390-0076,215,5791.296249999995,borda
626,Q0,FT923-5555,216,5770.158749999994,borda
626,Q0,FT941-9841,217,5769.241249999995,borda
626,Q0,FT942-17626,218,5745.028749999994,borda
626,Q0,FBIS3-12147,219,5728.291249999994,borda
626,Q0,FT924-4227,220,5722.378749999994,borda
626,Q0,FT932-233,221,5701.189999999995,borda
626,Q0,FBIS4-24633,222,5699.968749999994,borda
626,Q0,FT932-13957,223,5679.5574999999935,borda
626,Q0,LA122689-0070,224,5678.698749999994,borda
626,Q0,FBIS3-48291,225,5668.144999999992,borda
626,Q0,LA012989-0076,226,5654.706249999994,borda
626,Q0,LA012789-0155,227,5598.008749999994,borda
626,Q0,LA120190-0052,228,5584.978749999994,borda
626,Q0,LA090290-0188,229,5572.082499999993,borda
626,Q0,FBIS4-23984,230,5554.567499999994,borda
626,Q0,FT943-6525,231,5552.366249999995,borda
626,Q0,LA031190-0139,232,5547.611249999994,borda
626,Q0,FT921-5151,233,5547.596249999994,borda
626,Q0,LA072190-0153,234,5526.657499999995,borda
626,Q0,LA012190-0131,235,5518.593749999994,borda
626,Q0,FT934-678,236,5516.292499999994,borda
626,Q0,FBIS4-45057,237,5515.129999999995,borda
626,Q0,LA052490-0060,238,5513.267499999994,borda
626,Q0,LA010589-0118,239,5500.536249999996,borda
626,Q0,LA012189-0071,240,5478.051249999994,borda
626,Q0,LA121089-0140,241,5477.512499999994,borda
626,Q0,FT933-9712,242,5464.321249999996,borda
626,Q0,LA052190-0073,243,5463.846249999995,borda
626,Q0,FT941-4787,244,5463.602499999994,borda
626,Q0,FBIS3-12736,245,5463.248749999993,borda
626,Q0,LA042789-0046,246,5454.441249999995,borda
626,Q0,FT934-11556,247,5453.721249999995,borda
626,Q0,FT934-16723,248,5449.876249999994,borda
626,Q0,LA010390-0028,249,5430.736249999994,borda
626,Q0,LA031789-0016,250,5427.7362499999945,borda
626,Q0,LA111789-0150,251,5419.064999999993,borda
626,Q0,FT924-13068,252,5414.057499999994,borda
626,Q0,FT924-7056,253,5406.3699999999935,borda
626,Q0,FT934-13515,254,5397.811249999994,borda
626,Q0,LA100589-0056,255,5392.5349999999935,borda
626,Q0,FT932-3653,256,5386.949999999994,borda
626,Q0,FT932-5044,257,5370.646249999993,borda
626,Q0,FBIS4-48766,258,5360.293749999993,borda
626,Q0,FT924-4448,259,5358.472499999995,borda
626,Q0,FBIS3-38101,260,5333.349999999994,borda
626,Q0,LA071789-0079,261,5317.242499999994,borda
626,Q0,FT922-10359,262,5311.151249999994,borda
626,Q0,FBIS4-47143,263,5297.628749999994,borda
626,Q0,FBIS3-51442,264,5296.348749999994,borda
626,Q0,LA102889-0077,265,5288.8437499999945,borda
626,Q0,LA040390-0013,266,5281.633749999995,borda
626,Q0,FT923-9204,267,5277.606249999994,borda
626,Q0,LA012990-0058,268,5276.181249999994,borda
626,Q0,LA111589-0021,269,5274.279999999995,borda
626,Q0,LA032890-0088,270,5268.353749999997,borda
626,Q0,LA121789-0028,271,5267.467499999994,borda
626,Q0,FT923-10945,272,5267.113749999994,borda
626,Q0,FBIS4-42905,273,5261.294999999994,borda
626,Q0,LA090689-0027,274,5258.2049999999945,borda
626,Q0,LA021489-0082,275,5253.779999999994,borda
626,Q0,FT924-7994,276,5245.616249999995,borda
626,Q0,LA101690-0040,277,5241.778749999995,borda
626,Q0,FBIS4-38275,278,5200.943749999993,borda
626,Q0,LA040290-0135,279,5200.049999999996,borda
626,Q0,FT942-9459,280,5195.641249999995,borda
626,Q0,FT934-11558,281,5186.902499999995,borda
626,Q0,FBIS3-10633,282,5177.553749999993,borda
626,Q0,FBIS4-58942,283,5175.088749999994,borda
626,Q0,FBIS3-18216,284,5164.848749999995,borda
626,Q0,FT942-13143,285,5157.783749999995,borda
626,Q0,FBIS3-60135,286,5145.974999999995,borda
626,Q0,LA091489-0016,287,5141.5312499999945,borda
626,Q0,FT921-16492,288,5089.581249999994,borda
626,Q0,LA060389-0047,289,5087.223749999996,borda
626,Q0,FBIS4-13895,290,5065.697499999995,borda
626,Q0,FBIS3-23219,291,5057.236249999994,borda
626,Q0,FT942-13479,292,5054.931249999995,borda
626,Q0,FBIS3-9510,293,5050.3837499999945,borda
626,Q0,FT942-13409,294,5034.499999999994,borda
626,Q0,FT941-1639,295,5029.968749999995,borda
626,Q0,FBIS3-32780,296,5029.738749999993,borda
626,Q0,FT944-17199,297,5028.206249999994,borda
626,Q0,FT942-11102,298,5011.824999999993,borda
626,Q0,FT944-14197,299,5009.137499999993,borda
626,Q0,FT932-2176,300,4976.543749999994,borda
626,Q0,LA041490-0149,301,4968.761249999997,borda
626,Q0,FT943-16735,302,4967.307499999994,borda
626,Q0,LA070590-0058,303,4950.184999999995,borda
626,Q0,FT923-3010,304,4948.663749999995,borda
626,Q0,LA021190-0102,305,4945.742499999996,borda
626,Q0,FT942-5501,306,4931.858749999995,borda
626,Q0,FR940602-2-00146,307,4901.911249999995,borda
626,Q0,FT941-2122,308,4894.791249999995,borda
626,Q0,LA122190-0015,309,4890.202499999995,borda
626,Q0,LA090190-0008,310,4888.486249999995,borda
626,Q0,FT931-3713,311,4876.518749999996,borda
626,Q0,FBIS3-51291,312,4862.116249999996,borda
626,Q0,FT933-10098,313,4854.007499999995,borda
626,Q0,FT934-2739,314,4849.462499999995,borda
626,Q0,LA031789-0072,315,4841.588749999995,borda
626,Q0,LA111990-0040,316,4821.811249999995,borda
626,Q0,LA062990-0032,317,4820.269999999995,borda
626,Q0,FT941-12381,318,4816.381249999995,borda
626,Q0,LA112789-0028,319,4800.413749999994,borda
626,Q0,FT941-10085,320,4788.569999999995,borda
626,Q0,FT932-3691,321,4781.1249999999945,borda
626,Q0,FT942-5290,322,4777.476249999994,borda
626,Q0,FT933-11261,323,4763.032499999995,borda
626,Q0,FR940512-0-00033,324,4756.974999999997,borda
626,Q0,LA090790-0013,325,4752.509999999995,borda
626,Q0,LA080589-0056,326,4737.0899999999965,borda
626,Q0,FT924-14998,327,4730.274999999997,borda
626,Q0,FT943-2720,328,4726.171249999995,borda
626,Q0,LA013189-0119,329,4719.447499999996,borda
626,Q0,LA021689-0118,330,4711.676249999995,borda
626,Q0,FR941006-1-00115,331,4710.501249999995,borda
626,Q0,FBIS4-27354,332,4706.146249999995,borda
626,Q0,FT933-9358,333,4701.953749999995,borda
626,Q0,LA100589-0117,334,4701.203749999995,borda
626,Q0,FR940627-0-00245,335,4695.358749999995,borda
626,Q0,FBIS4-9834,336,4666.019999999995,borda
626,Q0,FT924-12394,337,4660.0174999999945,borda
626,Q0,FBIS3-34371,338,4659.018749999995,borda
626,Q0,FT941-15629,339,4655.717499999996,borda
626,Q0,FR941006-1-00126,340,4653.392499999995,borda
626,Q0,LA100389-0066,341,4649.467499999995,borda
626,Q0,FBIS4-9156,342,4642.663749999995,borda
626,Q0,LA103190-0034,343,4634.6162499999955,borda
626,Q0,FBIS3-34592,344,4627.996249999996,borda
626,Q0,LA040590-0016,345,4627.153749999996,borda
626,Q0,LA051189-0174,346,4622.919999999995,borda
626,Q0,FBIS4-46356,347,4619.103749999994,borda
626,Q0,LA012190-0047,348,4600.086249999996,borda
626,Q0,LA092990-0111,349,4597.668749999995,borda
626,Q0,LA120490-0095,350,4586.406249999995,borda
626,Q0,FT911-5298,351,4577.176249999995,borda
626,Q0,FT944-12815,352,4564.718749999995,borda
626,Q0,FBIS4-23488,353,4561.167499999995,borda
626,Q0,FT933-12381,354,4552.168749999995,borda
626,Q0,FT941-15617,355,4549.322499999996,borda
626,Q0,LA121589-0077,356,4541.411249999995,borda
626,Q0,FT932-1935,357,4540.733749999996,borda
626,Q0,FBIS4-43706,358,4538.0937499999945,borda
626,Q0,FT932-4755,359,4533.592499999996,borda
626,Q0,FBIS3-1299,360,4533.3312499999965,borda
626,Q0,LA110789-0030,361,4532.633749999995,borda
626,Q0,FT931-4199,362,4525.9549999999945,borda
626,Q0,FBIS4-37037,363,4524.459999999995,borda
626,Q0,FBIS3-10615,364,4519.113749999995,borda
626,Q0,FT931-12588,365,4518.519999999996,borda
626,Q0,LA051289-0145,366,4516.869999999994,borda
626,Q0,FBIS4-66840,367,4515.274999999996,borda
626,Q0,FT944-4538,368,4484.837499999995,borda
626,Q0,LA011289-0094,369,4484.126249999996,borda
626,Q0,LA010990-0002,370,4476.569999999996,borda
626,Q0,FT944-5006,371,4457.886249999997,borda
626,Q0,FR940720-1-00014,372,4441.1024999999945,borda
626,Q0,FBIS4-48640,373,4436.354999999995,borda
626,Q0,LA021089-0073,374,4435.617499999995,borda
626,Q0,FT923-7394,375,4430.602499999995,borda
626,Q0,FR940506-2-00119,376,4427.154999999995,borda
626,Q0,LA110990-0164,377,4421.717499999996,borda
626,Q0,FBIS3-42218,378,4417.791249999996,borda
626,Q0,FT922-14607,379,4410.211249999995,borda
626,Q0,FBIS4-55075,380,4409.766249999995,borda
626,Q0,LA111889-0038,381,4404.608749999996,borda
626,Q0,FT931-5264,382,4396.362499999996,borda
626,Q0,LA120990-0151,383,4389.544999999996,borda
626,Q0,LA030889-0045,384,4383.467499999996,borda
626,Q0,LA081390-0087,385,4377.427499999995,borda
626,Q0,FT921-10122,386,4375.457499999996,borda
626,Q0,LA070390-0058,387,4372.488749999996,borda
626,Q0,FT944-6429,388,4368.633749999996,borda
626,Q0,FT933-7438,389,4367.038749999997,borda
626,Q0,FT923-14005,390,4358.598749999995,borda
626,Q0,FT942-10460,391,4348.023749999995,borda
626,Q0,LA012989-0023,392,4343.351249999995,borda
626,Q0,FBIS4-59865,393,4339.564999999995,borda
626,Q0,LA011990-0135,394,4335.296249999996,borda
626,Q0,FBIS4-66725,395,4330.589999999995,borda
626,Q0,LA051189-0062,396,4325.699999999996,borda
626,Q0,LA121790-0058,397,4323.3574999999955,borda
626,Q0,FT924-10263,398,4313.332499999996,borda
626,Q0,FBIS3-14003,399,4310.587499999996,borda
626,Q0,FT941-6776,400,4303.346249999997,borda
626,Q0,LA012089-0009,401,4301.364999999996,borda
626,Q0,FT934-1435,402,4300.659999999995,borda
626,Q0,LA022690-0088,403,4296.083749999997,borda
626,Q0,FT943-2051,404,4281.129999999996,borda
626,Q0,FBIS3-5808,405,4274.181249999995,borda
626,Q0,FT932-1739,406,4269.112499999996,borda
626,Q0,FBIS3-32589,407,4259.631249999996,borda
626,Q0,FT944-19,408,4257.688749999995,borda
626,Q0,LA022790-0147,409,4254.6524999999965,borda
626,Q0,LA042290-0098,410,4243.766249999997,borda
626,Q0,FT924-12311,411,4242.636249999996,borda
626,Q0,FBIS4-512,412,4241.644999999997,borda
626,Q0,FT922-8628,413,4227.412499999996,borda
626,Q0,FBIS3-60966,414,4226.694999999996,borda
626,Q0,FT933-6106,415,4225.427499999997,borda
626,Q0,FT944-9962,416,4194.422499999996,borda
626,Q0,FT923-8026,417,4191.098749999996,borda
626,Q0,FBIS4-56389,418,4187.516249999996,borda
626,Q0,FT922-5506,419,4187.319999999996,borda
626,Q0,FT933-7151,420,4184.286249999995,borda
626,Q0,FT921-372,421,4182.921249999996,borda
626,Q0,LA061989-0045,422,4181.022499999995,borda
626,Q0,FT924-14893,423,4179.182499999996,borda
626,Q0,FBIS4-33701,424,4176.952499999996,borda
626,Q0,FT921-13811,425,4173.654999999996,borda
626,Q0,LA091189-0012,426,4164.586249999996,borda
626,Q0,FT931-7117,427,4161.869999999995,borda
626,Q0,FR940817-2-00263,428,4159.807499999997,borda
626,Q0,LA062390-0056,429,4153.637499999995,borda
626,Q0,LA061790-0153,430,4153.581249999996,borda
626,Q0,FT923-10251,431,4149.134999999996,borda
626,Q0,LA122490-0043,432,4144.803749999996,borda
626,Q0,FT932-16742,433,4138.943749999996,borda
626,Q0,FT933-1272,434,4137.519999999997,borda
626,Q0,FT944-2050,435,4135.422499999995,borda
626,Q0,FBIS4-46248,436,4134.212499999994,borda
626,Q0,FT921-3976,437,4133.319999999996,borda
626,Q0,FT911-667,438,4131.354999999996,borda
626,Q0,FT923-1815,439,4131.337499999995,borda
626,Q0,FBIS3-14396,440,4121.182499999996,borda
626,Q0,LA112990-0089,441,4119.343749999996,borda
626,Q0,FT934-7206,442,4114.981249999996,borda
626,Q0,LA110290-0175,443,4110.468749999996,borda
626,Q0,FT934-5861,444,4104.382499999996,borda
626,Q0,FT944-1844,445,4103.994999999996,borda
626,Q0,LA031589-0020,446,4095.8162499999967,borda
626,Q0,LA092689-0080,447,4093.2949999999964,borda
626,Q0,FT933-9955,448,4086.891249999997,borda
626,Q0,LA051689-0033,449,4086.859999999997,borda
626,Q0,FT922-5719,450,4079.232499999997,borda
626,Q0,FT943-7779,451,4078.4549999999963,borda
626,Q0,LA072289-0057,452,4073.596249999995,borda
626,Q0,FBIS4-37679,453,4070.5774999999953,borda
626,Q0,LA041390-0024,454,4059.468749999997,borda
626,Q0,FT923-14571,455,4058.5337499999955,borda
626,Q0,LA011589-0183,456,4039.743749999997,borda
626,Q0,LA010790-0016,457,4037.138749999997,borda
626,Q0,LA021989-0232,458,4020.696249999997,borda
626,Q0,LA112889-0054,459,4019.9424999999965,borda
626,Q0,FBIS4-67675,460,4017.623749999995,borda
626,Q0,FT944-4273,461,4017.0612499999966,borda
626,Q0,FT921-2220,462,4009.5324999999957,borda
626,Q0,FT922-10522,463,4009.4024999999956,borda
626,Q0,FBIS4-22685,464,4007.4887499999973,borda
626,Q0,LA021089-0070,465,4001.832499999995,borda
626,Q0,FR940208-0-00084,466,3998.386249999995,borda
626,Q0,LA111589-0069,467,3982.133749999997,borda
626,Q0,FT933-4828,468,3980.6624999999967,borda
626,Q0,LA030289-0120,469,3975.573749999996,borda
626,Q0,FT941-12569,470,3969.5912499999963,borda
626,Q0,FBIS4-21767,471,3955.8849999999975,borda
626,Q0,FBIS4-865,472,3951.0949999999966,borda
626,Q0,FBIS3-33992,473,3948.087499999996,borda
626,Q0,LA050489-0173,474,3944.2274999999954,borda
626,Q0,LA013190-0118,475,3943.4012499999963,borda
626,Q0,LA041590-0029,476,3940.0874999999955,borda
626,Q0,FT942-971,477,3926.4749999999963,borda
626,Q0,FBIS4-46358,478,3923.861249999996,borda
626,Q0,LA102589-0092,479,3921.948749999997,borda
626,Q0,FT944-3352,480,3920.3387499999953,borda
626,Q0,FBIS4-45290,481,3920.0837499999952,borda
626,Q0,FT943-10896,482,3918.8912499999965,borda
626,Q0,LA092690-0153,483,3917.421249999996,borda
626,Q0,FT941-17238,484,3907.2224999999967,borda
626,Q0,FT932-16747,485,3906.902499999997,borda
626,Q0,LA100590-0161,486,3899.958749999996,borda
626,Q0,LA020490-0199,487,3896.6274999999964,borda
626,Q0,LA063089-0107,488,3894.7774999999974,borda
626,Q0,LA021989-0029,489,3891.802499999996,borda
626,Q0,LA090989-0108,490,3889.2349999999965,borda
626,Q0,LA121990-0103,491,3887.1362499999973,borda
626,Q0,FBIS4-51657,492,3886.7999999999965,borda
626,Q0,FT932-10486,493,3884.208749999997,borda
626,Q0,FBIS3-26913,494,3881.893749999997,borda
626,Q0,LA011490-0137,495,3879.662499999996,borda
626,Q0,FT924-3102,496,3879.5699999999965,borda
626,Q0,FT941-3169,497,3868.194999999996,borda
626,Q0,FT944-11221,498,3861.388749999997,borda
626,Q0,FR941025-1-00013,499,3858.2249999999963,borda
626,Q0,LA042789-0176,500,3853.2049999999967,borda
626,Q0,FT922-7495,501,3845.6962499999972,borda
626,Q0,FBIS4-23108,502,3843.057499999996,borda
626,Q0,FBIS3-33027,503,3831.4524999999953,borda
626,Q0,LA060189-0013,504,3827.683749999997,borda
626,Q0,FT942-2248,505,3827.2849999999967,borda
626,Q0,LA092689-0119,506,3814.8762499999957,borda
626,Q0,LA042290-0026,507,3805.866249999997,borda
626,Q0,FT922-9683,508,3805.8587499999962,borda
626,Q0,FT931-7062,509,3798.9437499999967,borda
626,Q0,FBIS3-19768,510,3795.212499999996,borda
626,Q0,LA092789-0056,511,3780.4224999999965,borda
626,Q0,LA101289-0111,512,3775.501249999997,borda
626,Q0,FT923-6644,513,3771.931249999996,borda
626,Q0,LA061389-0086,514,3755.1087499999976,borda
626,Q0,FR941102-2-00074,515,3751.577499999995,borda
626,Q0,FBIS4-366,516,3736.5174999999954,borda
626,Q0,FT924-2191,517,3731.4887499999963,borda
626,Q0,FR941025-1-00012,518,3729.9549999999963,borda
626,Q0,FT921-6049,519,3723.477499999997,borda
626,Q0,FT941-3290,520,3721.8699999999967,borda
626,Q0,LA051990-0089,521,3721.6787499999978,borda
626,Q0,FBIS4-2849,522,3718.887499999995,borda
626,Q0,LA020489-0038,523,3717.956249999998,borda
626,Q0,LA110390-0059,524,3708.533749999997,borda
626,Q0,FT932-3608,525,3705.463749999997,borda
626,Q0,FR941006-1-00149,526,3701.246249999996,borda
626,Q0,LA032790-0136,527,3698.0712499999963,borda
626,Q0,LA022690-0067,528,3692.679999999997,borda
626,Q0,FBIS4-18880,529,3690.9699999999957,borda
626,Q0,LA051790-0095,530,3689.8224999999975,borda
626,Q0,FT942-6688,531,3684.011249999997,borda
626,Q0,FR940930-0-00050,532,3681.442499999996,borda
626,Q0,FBIS4-67666,533,3668.9999999999955,borda
626,Q0,FT933-8249,534,3668.1724999999974,borda
626,Q0,LA122990-0100,535,3663.3312499999975,borda
626,Q0,FT941-5263,536,3654.906249999996,borda
626,Q0,LA040790-0076,537,3652.227499999997,borda
626,Q0,FT941-16676,538,3642.259999999997,borda
626,Q0,LA030190-0115,539,3639.9224999999965,borda
626,Q0,FT933-6149,540,3636.3224999999966,borda
626,Q0,LA061290-0078,541,3636.1024999999972,borda
626,Q0,LA052390-0062,542,3630.433749999998,borda
626,Q0,FT933-11413,543,3628.091249999997,borda
626,Q0,FT944-8387,544,3626.1824999999967,borda
626,Q0,LA041590-0164,545,3622.0024999999973,borda
626,Q0,FT932-13106,546,3618.777499999997,borda
626,Q0,FT924-4007,547,3617.512499999997,borda
626,Q0,FT942-12345,548,3614.4237499999963,borda
626,Q0,LA032290-0239,549,3610.639999999995,borda
626,Q0,FBIS3-26681,550,3606.5587499999965,borda
626,Q0,LA092789-0011,551,3597.4237499999954,borda
626,Q0,LA011890-0172,552,3596.3937499999965,borda
626,Q0,LA071989-0099,553,3593.142499999997,borda
626,Q0,FBIS4-46357,554,3592.209999999996,borda
626,Q0,LA031089-0139,555,3590.961249999997,borda
626,Q0,LA032690-0022,556,3590.393749999997,borda
626,Q0,LA070890-0174,557,3588.8999999999983,borda
626,Q0,FBIS4-19477,558,3585.7987499999963,borda
626,Q0,FT931-8067,559,3581.3924999999963,borda
626,Q0,FBIS3-60386,560,3579.733749999996,borda
626,Q0,LA121789-0229,561,3573.8162499999967,borda
626,Q0,FBIS4-11009,562,3563.894999999996,borda
626,Q0,FT944-18645,563,3558.646249999995,borda
626,Q0,LA061290-0136,564,3556.314999999997,borda
626,Q0,LA040990-0077,565,3555.772499999997,borda
626,Q0,LA022289-0054,566,3545.246249999996,borda
626,Q0,FT941-15081,567,3539.3387499999976,borda
626,Q0,FBIS4-59831,568,3534.4649999999956,borda
626,Q0,LA092590-0114,569,3529.421249999997,borda
626,Q0,FT944-3663,570,3523.7487499999966,borda
626,Q0,LA122789-0070,571,3514.7424999999967,borda
626,Q0,FT911-4182,572,3514.5212499999966,borda
626,Q0,FBIS3-32183,573,3514.408749999998,borda
626,Q0,LA021189-0068,574,3498.318749999997,borda
626,Q0,FT924-13069,575,3493.2899999999963,borda
626,Q0,FBIS3-52242,576,3491.8237499999973,borda
626,Q0,FT932-1877,577,3482.4737499999974,borda
626,Q0,FBIS3-53762,578,3478.7762499999963,borda
626,Q0,FBIS4-10769,579,3475.162499999997,borda
626,Q0,FBIS4-33148,580,3467.5862499999957,borda
626,Q0,FBIS4-60107,581,3463.906249999997,borda
626,Q0,LA041889-0055,582,3462.1687499999966,borda
626,Q0,LA062689-0013,583,3461.658749999997,borda
626,Q0,LA032089-0042,584,3451.5324999999975,borda
626,Q0,FT923-6896,585,3437.4462499999954,borda
626,Q0,LA012689-0176,586,3421.5374999999963,borda
626,Q0,FBIS4-60290,587,3416.0462499999985,borda
626,Q0,FBIS3-27740,588,3411.611249999996,borda
626,Q0,FBIS4-46247,589,3409.928749999996,borda
626,Q0,FT924-3535,590,3409.523749999997,borda
626,Q0,FT941-17370,591,3405.173749999997,borda
626,Q0,FT924-5353,592,3402.1949999999956,borda
626,Q0,FT942-17214,593,3399.716249999997,borda
626,Q0,LA091190-0090,594,3398.7262499999956,borda
626,Q0,FR940112-1-00044,595,3389.831249999998,borda
626,Q0,LA052890-0038,596,3387.778749999997,borda
626,Q0,FT943-41,597,3376.7549999999974,borda
626,Q0,LA101990-0049,598,3364.0462499999976,borda
626,Q0,LA032889-0009,599,3361.988749999996,borda
626,Q0,LA021689-0023,600,3358.6399999999962,borda
626,Q0,LA100990-0059,601,3354.9174999999987,borda
626,Q0,FT941-17623,602,3354.482499999997,borda
626,Q0,FT942-14899,603,3350.024999999997,borda
626,Q0,LA052990-0011,604,3347.3274999999967,borda
626,Q0,FBIS3-50737,605,3346.1249999999977,borda
626,Q0,FT944-10918,606,3335.519999999998,borda
626,Q0,LA092289-0100,607,3329.5774999999967,borda
626,Q0,FBIS3-33115,608,3324.939999999996,borda
626,Q0,FT923-605,609,3313.4874999999956,borda
626,Q0,FT931-16496,610,3310.081249999997,borda
626,Q0,LA071889-0016,611,3309.1812499999965,borda
626,Q0,LA050690-0140,612,3300.4949999999967,borda
626,Q0,FT932-543,613,3295.419999999997,borda
626,Q0,FBIS4-5459,614,3292.7024999999967,borda
626,Q0,FT924-2371,615,3286.3287499999965,borda
626,Q0,FBIS4-43285,616,3284.9012499999967,borda
626,Q0,LA011390-0030,617,3282.8187499999967,borda
626,Q0,LA120490-0023,618,3276.677499999998,borda
626,Q0,LA110789-0076,619,3275.319999999995,borda
626,Q0,FT943-6090,620,3275.152499999997,borda
626,Q0,FBIS3-32853,621,3272.827499999996,borda
626,Q0,FBIS3-21399,622,3243.8449999999975,borda
626,Q0,FT943-14606,623,3232.239999999998,borda
626,Q0,FBIS3-64,624,3226.1049999999973,borda
626,Q0,LA110289-0123,625,3223.016249999996,borda
626,Q0,LA061189-0085,626,3221.8749999999955,borda
626,Q0,LA030890-0003,627,3216.681249999996,borda
626,Q0,FBIS3-41749,628,3214.077499999996,borda
626,Q0,LA082390-0088,629,3211.278749999997,borda
626,Q0,FR941006-1-00125,630,3209.6337499999954,borda
626,Q0,LA011589-0064,631,3200.197499999997,borda
626,Q0,FBIS4-49075,632,3191.972499999996,borda
626,Q0,FBIS3-50932,633,3184.2787499999968,borda
626,Q0,LA062889-0007,634,3182.6974999999966,borda
626,Q0,FBIS4-26365,635,3179.602499999997,borda
626,Q0,FT932-3350,636,3178.3512499999965,borda
626,Q0,LA101589-0187,637,3156.2812499999973,borda
626,Q0,LA050790-0010,638,3153.5024999999973,borda
626,Q0,LA032190-0105,639,3149.6299999999974,borda
626,Q0,FT931-16980,640,3147.6787499999978,borda
626,Q0,LA121589-0192,641,3146.4424999999974,borda
626,Q0,FT921-13185,642,3137.9949999999967,borda
626,Q0,LA081489-0049,643,3135.312499999998,borda
626,Q0,LA052990-0055,644,3123.359999999998,borda
626,Q0,FBIS3-43236,645,3121.1449999999977,borda
626,Q0,FR940426-0-00029,646,3115.8512499999974,borda
626,Q0,FT941-17705,647,3107.5262499999976,borda
626,Q0,FT944-12912,648,3102.9437499999967,borda
626,Q0,LA092389-0115,649,3095.971249999996,borda
626,Q0,FT942-5993,650,3095.644999999997,borda
626,Q0,FBIS3-51203,651,3088.0012499999966,borda
626,Q0,LA050190-0050,652,3087.5174999999967,borda
626,Q0,LA062190-0012,653,3086.703749999997,borda
626,Q0,FT943-1788,654,3084.794999999998,borda
626,Q0,LA041790-0060,655,3084.5049999999974,borda
626,Q0,FR940426-0-00028,656,3082.719999999997,borda
626,Q0,FBIS4-33420,657,3082.2824999999975,borda
626,Q0,LA010489-0041,658,3068.9612499999976,borda
626,Q0,LA122690-0035,659,3065.811249999997,borda
626,Q0,LA021590-0166,660,3058.063749999998,borda
626,Q0,FBIS3-10272,661,3054.101249999997,borda
626,Q0,LA022589-0013,662,3050.569999999997,borda
626,Q0,FBIS3-57306,663,3048.1574999999975,borda
626,Q0,FR940610-1-00095,664,3045.871249999996,borda
626,Q0,FBIS4-10332,665,3043.3024999999984,borda
626,Q0,LA091690-0067,666,3033.9724999999976,borda
626,Q0,FT933-10146,667,3029.8212499999977,borda
626,Q0,FBIS4-52032,668,3026.7312499999975,borda
626,Q0,LA060390-0239,669,3016.2374999999975,borda
626,Q0,FT934-163,670,3015.3724999999977,borda
626,Q0,FBIS3-41824,671,3015.066249999996,borda
626,Q0,FT923-453,672,3007.339999999997,borda
626,Q0,FBIS4-237,673,3006.2499999999973,borda
626,Q0,FBIS4-50906,674,3005.182499999997,borda
626,Q0,LA082689-0129,675,3004.3387499999985,borda
626,Q0,FBIS4-2293,676,3000.1574999999966,borda
626,Q0,LA042190-0143,677,2997.281249999998,borda
626,Q0,FBIS4-59749,678,2992.637499999996,borda
626,Q0,FR940728-2-00106,679,2989.472499999997,borda
626,Q0,FT931-6073,680,2985.8474999999976,borda
626,Q0,FBIS3-50482,681,2982.0649999999982,borda
626,Q0,FBIS3-7672,682,2972.8512499999965,borda
626,Q0,FBIS3-34090,683,2968.5024999999987,borda
626,Q0,LA071489-0144,684,2967.989999999998,borda
626,Q0,FT934-7737,685,2966.6399999999976,borda
626,Q0,FBIS3-35304,686,2963.8324999999973,borda
626,Q0,FBIS4-24382,687,2958.3737499999984,borda
626,Q0,LA100889-0040,688,2958.0137499999983,borda
626,Q0,FT944-687,689,2956.618749999998,borda
626,Q0,FT934-219,690,2955.5737499999973,borda
626,Q0,FR940627-0-00248,691,2947.613749999997,borda
626,Q0,FT933-10735,692,2946.6549999999975,borda
626,Q0,LA031289-0148,693,2946.0287499999968,borda
626,Q0,LA041690-0043,694,2919.471249999997,borda
626,Q0,LA072889-0009,695,2917.171249999997,borda
626,Q0,FR940912-0-00062,696,2908.368749999997,borda
626,Q0,FBIS4-47098,697,2904.253749999997,borda
626,Q0,LA071689-0144,698,2903.3999999999965,borda
626,Q0,FBIS4-13150,699,2895.2312499999975,borda
626,Q0,FBIS4-17532,700,2891.816249999996,borda
626,Q0,LA092389-0109,701,2891.716249999998,borda
626,Q0,LA020890-0160,702,2880.002499999996,borda
626,Q0,LA032690-0018,703,2872.864999999997,borda
626,Q0,LA113089-0135,704,2869.6687499999985,borda
626,Q0,FT941-9688,705,2862.399999999998,borda
626,Q0,FT932-2700,706,2862.0224999999973,borda
626,Q0,LA110689-0045,707,2858.6449999999977,borda
626,Q0,FT924-1986,708,2850.7287499999966,borda
626,Q0,FT941-11155,709,2850.4087499999987,borda
626,Q0,FBIS4-4936,710,2846.4087499999982,borda
626,Q0,FBIS3-9956,711,2844.862499999998,borda
626,Q0,LA063090-0044,712,2840.9887499999977,borda
626,Q0,FBIS4-67564,713,2838.374999999997,borda
626,Q0,FBIS3-51950,714,2832.299999999996,borda
626,Q0,LA082789-0148,715,2831.3262499999973,borda
626,Q0,LA022190-0022,716,2831.2287499999966,borda
626,Q0,FBIS3-52060,717,2830.828749999996,borda
626,Q0,FBIS4-21379,718,2829.2699999999977,borda
626,Q0,FT923-3386,719,2825.0487499999995,borda
626,Q0,FR940603-2-00066,720,2824.3712499999965,borda
626,Q0,FT924-12444,721,2823.9087499999982,borda
626,Q0,LA022590-0159,722,2808.2399999999975,borda
626,Q0,LA112489-0010,723,2800.7099999999978,borda
626,Q0,LA011490-0080,724,2797.573749999997,borda
626,Q0,LA011490-0163,725,2793.184999999998,borda
626,Q0,FT933-1415,726,2787.3249999999985,borda
626,Q0,LA040190-0175,727,2784.7549999999983,borda
626,Q0,FBIS3-42724,728,2784.191249999998,borda
626,Q0,LA012489-0022,729,2781.856249999998,borda
626,Q0,FT934-14159,730,2778.936249999997,borda
626,Q0,FBIS4-519,731,2778.5587499999965,borda
626,Q0,FBIS4-33847,732,2777.7487499999966,borda
626,Q0,LA011689-0032,733,2776.8974999999978,borda
626,Q0,FR941202-0-00029,734,2776.4462499999972,borda
626,Q0,LA010790-0132,735,2774.4812499999975,borda
626,Q0,FBIS3-32390,736,2769.1687499999975,borda
626,Q0,LA103190-0026,737,2765.8424999999975,borda
626,Q0,LA082989-0013,738,2759.257499999999,borda
626,Q0,LA083189-0020,739,2749.6387499999964,borda
626,Q0,FT933-16347,740,2725.7012499999987,borda
626,Q0,FT942-6028,741,2725.677499999996,borda
626,Q0,FT942-3708,742,2721.4762499999974,borda
626,Q0,LA060990-0054,743,2716.3799999999987,borda
626,Q0,LA063090-0105,744,2714.7024999999976,borda
626,Q0,LA082789-0056,745,2714.677499999999,borda
626,Q0,FT921-4479,746,2713.8712499999983,borda
626,Q0,LA090490-0008,747,2702.012499999998,borda
626,Q0,FBIS4-10450,748,2701.069999999997,borda
626,Q0,FT943-496,749,2694.4837499999967,borda
626,Q0,FT932-14238,750,2690.6412499999965,borda
626,Q0,LA061489-0118,751,2688.9324999999994,borda
626,Q0,LA051890-0016,752,2669.523749999998,borda
626,Q0,LA032689-0067,753,2660.5187499999975,borda
626,Q0,FBIS3-10607,754,2649.7424999999985,borda
626,Q0,FT944-11435,755,2643.452499999998,borda
626,Q0,FBIS4-21228,756,2640.166249999996,borda
626,Q0,LA122790-0186,757,2636.2812499999977,borda
626,Q0,FBIS4-53,758,2633.227499999998,borda
626,Q0,FT941-13431,759,2632.6524999999974,borda
626,Q0,FBIS3-32289,760,2631.479999999999,borda
626,Q0,FT932-5126,761,2631.0462499999985,borda
626,Q0,FBIS4-59989,762,2626.912499999998,borda
626,Q0,FT922-11730,763,2623.7074999999973,borda
626,Q0,FBIS4-19739,764,2623.6099999999983,borda
626,Q0,LA010990-0051,765,2623.3524999999977,borda
626,Q0,FT921-13629,766,2614.171249999997,borda
626,Q0,FBIS4-33866,767,2613.148749999997,borda
626,Q0,FR941006-1-00109,768,2608.3599999999965,borda
626,Q0,LA051489-0009,769,2603.786249999999,borda
626,Q0,FBIS3-43060,770,2599.0749999999975,borda
626,Q0,FBIS3-10130,771,2598.3812499999963,borda
626,Q0,FBIS4-19584,772,2594.2224999999967,borda
626,Q0,FBIS3-51557,773,2589.9949999999963,borda
626,Q0,FR941130-0-00122,774,2583.1274999999996,borda
626,Q0,FT923-15030,775,2580.6449999999977,borda
626,Q0,FBIS3-18504,776,2579.1674999999973,borda
626,Q0,LA022189-0048,777,2574.9274999999975,borda
626,Q0,LA031090-0156,778,2573.457499999997,borda
626,Q0,FBIS4-2736,779,2569.0574999999967,borda
626,Q0,FT921-596,780,2563.462499999997,borda
626,Q0,FT921-11584,781,2562.832499999997,borda
626,Q0,LA012789-0151,782,2559.972499999999,borda
626,Q0,LA122990-0058,783,2555.3362499999976,borda
626,Q0,LA071089-0076,784,2550.2824999999966,borda
626,Q0,LA062690-0069,785,2529.867499999997,borda
626,Q0,LA072789-0013,786,2528.399999999998,borda
626,Q0,FBIS3-22566,787,2520.151249999998,borda
626,Q0,FBIS3-22119,788,2517.0974999999994,borda
626,Q0,LA082590-0096,789,2516.8974999999973,borda
626,Q0,FR940817-2-00244,790,2512.2224999999985,borda
626,Q0,LA042089-0073,791,2508.6149999999975,borda
626,Q0,FBIS4-60468,792,2507.9999999999995,borda
626,Q0,FT941-16459,793,2506.174999999998,borda
626,Q0,FT943-3330,794,2502.5249999999965,borda
626,Q0,FT932-16749,795,2500.4987499999975,borda
626,Q0,LA120990-0181,796,2496.094999999998,borda
626,Q0,FR941122-0-00094,797,2488.772499999997,borda
626,Q0,FBIS3-50809,798,2488.7474999999986,borda
626,Q0,FT933-15435,799,2488.019999999997,borda
626,Q0,FT921-5028,800,2480.127499999998,borda
626,Q0,FBIS4-7850,801,2472.336249999998,borda
626,Q0,FT942-17528,802,2470.466249999998,borda
626,Q0,FBIS4-57608,803,2467.9712499999964,borda
626,Q0,FT923-9586,804,2461.667499999997,borda
626,Q0,FR940610-1-00089,805,2461.5762499999973,borda
626,Q0,FBIS4-36787,806,2458.922499999998,borda
626,Q0,FBIS4-56617,807,2453.909999999998,borda
626,Q0,LA020589-0041,808,2447.9974999999977,borda
626,Q0,FBIS3-40154,809,2447.15625,borda
626,Q0,FBIS3-53992,810,2441.681249999999,borda
626,Q0,LA081789-0092,811,2440.3824999999983,borda
626,Q0,LA100790-0252,812,2429.8962499999984,borda
626,Q0,LA122190-0019,813,2429.6912499999985,borda
626,Q0,LA102089-0061,814,2428.1162499999978,borda
626,Q0,FT934-8128,815,2426.777499999997,borda
626,Q0,LA092589-0024,816,2425.5899999999965,borda
626,Q0,FR941130-1-00021,817,2419.829999999999,borda
626,Q0,FBIS3-60532,818,2412.4999999999964,borda
626,Q0,LA071390-0090,819,2409.8137499999984,borda
626,Q0,FT934-14395,820,2403.164999999999,borda
626,Q0,FBIS4-30202,821,2402.9437499999963,borda
626,Q0,FBIS4-37851,822,2398.908749999997,borda
626,Q0,FT924-14004,823,2397.3899999999985,borda
626,Q0,FBIS4-58608,824,2394.1874999999986,borda
626,Q0,FBIS3-59353,825,2391.49,borda
626,Q0,LA090190-0006,826,2387.6712499999967,borda
626,Q0,FR941026-1-00013,827,2383.7074999999973,borda
626,Q0,FBIS4-65749,828,2380.0062499999976,borda
626,Q0,LA082589-0088,829,2377.087499999997,borda
626,Q0,LA071290-0210,830,2375.063749999997,borda
626,Q0,FBIS3-33012,831,2371.507499999998,borda
626,Q0,FT943-4010,832,2368.5787499999974,borda
626,Q0,LA062490-0231,833,2364.8675,borda
626,Q0,LA071690-0092,834,2358.862499999998,borda
626,Q0,LA112489-0123,835,2356.4699999999984,borda
626,Q0,LA110990-0040,836,2355.206249999997,borda
626,Q0,LA012989-0056,837,2354.5099999999975,borda
626,Q0,FR940817-2-00242,838,2348.9162499999984,borda
626,Q0,LA120590-0020,839,2348.353749999997,borda
626,Q0,FBIS3-10728,840,2346.3437499999964,borda
626,Q0,FBIS4-60404,841,2342.4599999999973,borda
626,Q0,FBIS4-54688,842,2340.556249999998,borda
626,Q0,LA050889-0036,843,2337.6587499999973,borda
626,Q0,FT943-15179,844,2332.662499999998,borda
626,Q0,FT941-3584,845,2331.0237499999967,borda
626,Q0,FT922-3082,846,2327.904999999999,borda
626,Q0,LA052190-0043,847,2325.62,borda
626,Q0,FT921-7951,848,2321.8749999999995,borda
626,Q0,LA040190-0221,849,2320.718749999998,borda
626,Q0,FBIS4-36788,850,2318.103749999998,borda
626,Q0,LA052490-0104,851,2313.9249999999984,borda
626,Q0,FBIS3-10926,852,2311.5287499999968,borda
626,Q0,FBIS3-60342,853,2310.3525,borda
626,Q0,FT924-8932,854,2310.3049999999994,borda
626,Q0,LA052190-0064,855,2294.8062499999983,borda
626,Q0,FBIS4-9678,856,2293.3112499999984,borda
626,Q0,FBIS3-20085,857,2291.6249999999973,borda
626,Q0,LA111990-0056,858,2289.1049999999987,borda
626,Q0,LA090290-0118,859,2286.3237499999996,borda
626,Q0,LA082189-0061,860,2279.653749999998,borda
626,Q0,LA041389-0164,861,2279.3012499999995,borda
626,Q0,LA122290-0049,862,2277.151249999997,borda
626,Q0,FBIS4-52189,863,2275.723749999998,borda
626,Q0,LA081290-0070,864,2272.2850000000003,borda
626,Q0,FT942-10938,865,2270.7875,borda
626,Q0,FBIS3-13510,866,2269.9637499999976,borda
626,Q0,LA042689-0064,867,2267.7099999999996,borda
626,Q0,FR940719-1-00042,868,2264.056249999997,borda
626,Q0,FBIS3-50519,869,2263.6099999999988,borda
626,Q0,LA092290-0158,870,2260.3512499999983,borda
626,Q0,LA112189-0045,871,2258.7662499999983,borda
626,Q0,FT931-8047,872,2252.768749999998,borda
626,Q0,LA101490-0180,873,2249.4624999999987,borda
626,Q0,FBIS4-36710,874,2248.7949999999973,borda
626,Q0,LA042089-0118,875,2246.814999999999,borda
626,Q0,FT934-1219,876,2243.2312499999975,borda
626,Q0,FR940328-0-00048,877,2242.2999999999975,borda
626,Q0,FT921-12447,878,2238.257499999997,borda
626,Q0,FBIS4-39376,879,2238.2424999999985,borda
626,Q0,LA122390-0123,880,2236.539999999999,borda
626,Q0,FT924-4249,881,2228.906249999998,borda
626,Q0,FT941-7075,882,2227.9687499999977,borda
626,Q0,FBIS4-67321,883,2227.4337499999965,borda
626,Q0,FT943-9238,884,2226.548749999998,borda
626,Q0,FBIS4-35429,885,2221.6649999999972,borda
626,Q0,FBIS4-33295,886,2219.35625,borda
626,Q0,LA011589-0005,887,2218.9,borda
626,Q0,LA072689-0058,888,2215.3337499999966,borda
626,Q0,FBIS4-24379,889,2214.9462499999972,borda
626,Q0,LA072989-0020,890,2213.0887499999985,borda
626,Q0,FT934-8689,891,2209.074999999998,borda
626,Q0,FBIS4-33915,892,2206.63625,borda
626,Q0,FT931-8120,893,2206.20375,borda
626,Q0,FR940105-1-00007,894,2198.393749999997,borda
626,Q0,FBIS3-10449,895,2195.5587499999983,borda
626,Q0,LA103089-0097,896,2193.3724999999977,borda
626,Q0,LA032390-0070,897,2192.231249999997,borda
626,Q0,FBIS4-47413,898,2191.793749999997,borda
626,Q0,LA030989-0066,899,2191.5462499999976,borda
626,Q0,FBIS3-10480,900,2188.7637499999983,borda
626,Q0,FR941202-0-00032,901,2188.6449999999973,borda
626,Q0,LA042890-0029,902,2186.0324999999975,borda
626,Q0,FR940405-1-00064,903,2183.9899999999984,borda
626,Q0,LA031389-0087,904,2180.318749999998,borda
626,Q0,FT942-9027,905,2166.183749999997,borda
626,Q0,LA010790-0002,906,2165.556249999998,borda
626,Q0,LA082689-0127,907,2165.3474999999985,borda
626,Q0,LA092090-0243,908,2159.368749999998,borda
626,Q0,FR940822-0-00067,909,2158.951249999998,borda
626,Q0,FBIS3-60516,910,2156.5249999999983,borda
626,Q0,LA120990-0193,911,2151.9500000000003,borda
626,Q0,LA061889-0099,912,2148.944999999999,borda
626,Q0,FBIS4-37908,913,2148.859999999997,borda
626,Q0,FBIS3-60504,914,2139.3299999999967,borda
626,Q0,FT931-785,915,2138.053749999999,borda
626,Q0,FBIS4-67624,916,2137.689999999997,borda
626,Q0,FT943-15933,917,2136.378749999998,borda
626,Q0,FBIS3-28382,918,2121.3724999999977,borda
626,Q0,LA032789-0038,919,2121.2812499999977,borda
626,Q0,LA090290-0152,920,2116.3649999999984,borda
626,Q0,FBIS3-41810,921,2110.572499999998,borda
626,Q0,FBIS3-26006,922,2108.597499999997,borda
626,Q0,FT924-15580,923,2106.801249999998,borda
626,Q0,FBIS3-21934,924,2106.7862499999974,borda
626,Q0,FT942-10906,925,2106.7774999999997,borda
626,Q0,FBIS3-41666,926,2106.27125,borda
626,Q0,LA112190-0053,927,2105.1987499999996,borda
626,Q0,FT944-7786,928,2105.0074999999974,borda
626,Q0,FT933-2548,929,2100.048749999997,borda
626,Q0,FR940822-1-00017,930,2095.8987499999976,borda
626,Q0,FBIS4-45420,931,2092.144999999998,borda
626,Q0,LA032390-0061,932,2091.063749999999,borda
626,Q0,LA112389-0003,933,2091.009999999999,borda
626,Q0,FBIS4-60127,934,2087.8324999999977,borda
626,Q0,LA051690-0173,935,2082.252499999997,borda
626,Q0,LA120490-0106,936,2076.3212499999972,borda
626,Q0,FT923-14971,937,2069.7299999999987,borda
626,Q0,FT922-7697,938,2069.5449999999983,borda
626,Q0,FBIS4-45343,939,2067.534999999998,borda
626,Q0,LA033089-0019,940,2064.526249999997,borda
626,Q0,FR940203-0-00060,941,2063.466249999997,borda
626,Q0,LA030389-0099,942,2057.489999999998,borda
626,Q0,FBIS4-57469,943,2055.8725,borda
626,Q0,LA102890-0213,944,2053.865,borda
626,Q0,LA041689-0206,945,2053.5349999999976,borda
626,Q0,FR941012-0-00135,946,2047.8499999999974,borda
626,Q0,FT924-10680,947,2036.1337499999984,borda
626,Q0,FBIS3-50873,948,2035.6774999999977,borda
626,Q0,FBIS4-8732,949,2031.281249999998,borda
626,Q0,FT934-1290,950,2026.4649999999986,borda
626,Q0,LA021690-0189,951,2015.884999999998,borda
626,Q0,LA112189-0130,952,2015.3962499999989,borda
626,Q0,FT923-15472,953,2009.7924999999984,borda
626,Q0,LA080489-0045,954,2008.8049999999978,borda
626,Q0,LA092689-0078,955,2004.8474999999976,borda
626,Q0,LA021589-0001,956,1999.1124999999975,borda
626,Q0,LA032589-0109,957,1997.903749999998,borda
626,Q0,FBIS3-57274,958,1995.5949999999975,borda
626,Q0,FBIS4-58556,959,1995.4974999999974,borda
626,Q0,LA101690-0128,960,1995.3599999999976,borda
626,Q0,FT933-5884,961,1989.7099999999984,borda
626,Q0,FT922-6987,962,1984.5562499999976,borda
626,Q0,LA081789-0083,963,1984.444999999998,borda
626,Q0,FBIS3-10266,964,1983.2462499999976,borda
626,Q0,LA082490-0107,965,1980.7812499999984,borda
626,Q0,LA102989-0202,966,1978.1149999999984,borda
626,Q0,FBIS4-33368,967,1978.0849999999973,borda
626,Q0,FBIS3-10772,968,1976.5874999999971,borda
626,Q0,FBIS3-33073,969,1976.2737499999976,borda
626,Q0,FBIS4-65494,970,1972.3487499999976,borda
626,Q0,FBIS3-51235,971,1972.1474999999978,borda
626,Q0,FBIS3-28322,972,1971.0224999999973,borda
626,Q0,FBIS3-173,973,1970.4437499999972,borda
626,Q0,LA062890-0104,974,1967.9712499999976,borda
626,Q0,LA090989-0079,975,1966.2699999999984,borda
626,Q0,FR940928-1-00051,976,1957.4274999999984,borda
626,Q0,FR941122-0-00068,977,1945.7437499999974,borda
626,Q0,LA040490-0056,978,1939.9862499999983,borda
626,Q0,LA042290-0104,979,1939.642499999998,borda
626,Q0,LA031989-0012,980,1939.4349999999984,borda
626,Q0,LA110489-0078,981,1932.8337499999986,borda
626,Q0,FBIS3-43959,982,1924.9074999999978,borda
626,Q0,FR940419-2-00038,983,1924.8112499999975,borda
626,Q0,FR940630-1-00006,984,1919.4362499999986,borda
626,Q0,FBIS4-20345,985,1918.3787499999967,borda
626,Q0,FR940705-2-00225,986,1916.4987499999972,borda
626,Q0,LA012289-0117,987,1914.753749999998,borda
626,Q0,LA010890-0029,988,1911.807499999998,borda
626,Q0,LA042789-0029,989,1910.0849999999973,borda
626,Q0,FBIS4-60096,990,1902.2287499999975,borda
626,Q0,LA032490-0135,991,1900.5474999999976,borda
626,Q0,FT933-5756,992,1898.5749999999975,borda
626,Q0,FBIS3-41670,993,1895.1924999999974,borda
626,Q0,LA102789-0126,994,1893.9362499999982,borda
626,Q0,LA040589-0049,995,1893.7387499999977,borda
626,Q0,FBIS3-36078,996,1893.7237499999985,borda
626,Q0,FBIS3-43597,997,1891.4724999999983,borda
626,Q0,FBIS4-33868,998,1890.613749999998,borda
626,Q0,LA120289-0017,999,1886.6587499999976,borda
626,Q0,FBIS3-33277,1000,1886.1112499999977,borda
630,Q0,FBIS3-41804,1,12850.014999999987,borda
630,Q0,FBIS4-67633,2,12836.954999999985,borda
630,Q0,FT944-16460,3,12661.067499999988,borda
630,Q0,LA120990-0203,4,12637.448749999989,borda
630,Q0,FT944-11095,5,12183.987499999988,borda
630,Q0,FBIS3-22143,6,12155.834999999986,borda
630,Q0,FBIS4-31795,7,12056.438749999985,borda
630,Q0,LA111890-0094,8,12009.971249999986,borda
630,Q0,LA111290-0068,9,11995.532499999987,borda
630,Q0,FBIS3-38744,10,11974.15249999999,borda
630,Q0,FT941-11467,11,11916.511249999987,borda
630,Q0,FT931-15237,12,11900.477499999988,borda
630,Q0,FT924-6029,13,11894.356249999986,borda
630,Q0,LA111090-0159,14,11840.349999999988,borda
630,Q0,FBIS3-38324,15,11835.863749999986,borda
630,Q0,FR940927-2-00034,16,11735.119999999986,borda
630,Q0,LA111390-0058,17,11635.404999999984,borda
630,Q0,FT922-1525,18,11568.719999999987,borda
630,Q0,FT923-8174,19,11504.238749999988,borda
630,Q0,FBIS3-53929,20,11355.913749999987,borda
630,Q0,FBIS4-58262,21,11294.21499999999,borda
630,Q0,LA093090-0219,22,11253.38749999999,borda
630,Q0,LA122090-0200,23,11238.373749999988,borda
630,Q0,FBIS4-37202,24,11227.137499999988,borda
630,Q0,LA121790-0076,25,11201.698749999989,borda
630,Q0,LA111490-0051,26,11153.702499999989,borda
630,Q0,FT923-7164,27,11110.424999999988,borda
630,Q0,LA110690-0019,28,11065.483749999989,borda
630,Q0,LA081990-0065,29,11043.97249999999,borda
630,Q0,FT923-5308,30,11001.362499999988,borda
630,Q0,LA121390-0059,31,10917.477499999988,borda
630,Q0,FT921-13870,32,10913.756249999988,borda
630,Q0,FBIS3-21285,33,10853.812499999987,borda
630,Q0,FBIS3-22768,34,10843.646249999987,borda
630,Q0,FT911-4019,35,10836.56499999999,borda
630,Q0,LA110290-0086,36,10795.662499999988,borda
630,Q0,LA122390-0166,37,10752.606249999988,borda
630,Q0,LA100590-0026,38,10670.50499999999,borda
630,Q0,LA121090-0033,39,10634.318749999988,borda
630,Q0,LA042890-0002,40,10562.11999999999,borda
630,Q0,FBIS4-60608,41,10526.07249999999,borda
630,Q0,FT923-7392,42,10501.522499999986,borda
630,Q0,LA122290-0076,43,10493.56624999999,borda
630,Q0,LA113090-0151,44,10463.66999999999,borda
630,Q0,LA110990-0004,45,10421.067499999986,borda
630,Q0,LA120590-0024,46,10402.80374999999,borda
630,Q0,LA110190-0141,47,10387.204999999989,borda
630,Q0,LA100490-0161,48,10367.18624999999,borda
630,Q0,LA122390-0056,49,10318.378749999989,borda
630,Q0,LA111390-0100,50,10280.477499999988,borda
630,Q0,LA041889-0082,51,10261.906249999993,borda
630,Q0,FT921-6899,52,10218.324999999988,borda
630,Q0,FT941-9861,53,10173.80999999999,borda
630,Q0,LA122690-0031,54,10171.786249999988,borda
630,Q0,LA082290-0148,55,10138.352499999988,borda
630,Q0,FT911-837,56,10103.834999999988,borda
630,Q0,FT922-13244,57,10051.731249999988,borda
630,Q0,LA120490-0102,58,10022.52499999999,borda
630,Q0,LA091490-0069,59,10015.604999999987,borda
630,Q0,FT923-13481,60,9959.50874999999,borda
630,Q0,LA081290-0054,61,9956.759999999987,borda
630,Q0,LA080490-0109,62,9953.583749999987,borda
630,Q0,LA111190-0158,63,9946.624999999989,borda
630,Q0,LA122890-0085,64,9937.40624999999,borda
630,Q0,FBIS4-33493,65,9917.734999999991,borda
630,Q0,FBIS4-33511,66,9908.981249999992,borda
630,Q0,FBIS4-36207,67,9895.127499999988,borda
630,Q0,LA100790-0057,68,9893.114999999989,borda
630,Q0,LA100390-0084,69,9879.364999999989,borda
630,Q0,LA123090-0139,70,9867.574999999988,borda
630,Q0,FT923-13480,71,9850.198749999989,borda
630,Q0,FT923-10990,72,9840.74999999999,borda
630,Q0,LA081190-0014,73,9823.31374999999,borda
630,Q0,LA082490-0072,74,9822.09999999999,borda
630,Q0,LA081990-0085,75,9800.602499999988,borda
630,Q0,LA121390-0017,76,9774.504999999988,borda
630,Q0,LA123090-0144,77,9718.927499999993,borda
630,Q0,FT934-17211,78,9717.876249999992,borda
630,Q0,FT923-14503,79,9676.407499999992,borda
630,Q0,LA110190-0161,80,9662.603749999987,borda
630,Q0,LA122589-0047,81,9562.614999999989,borda
630,Q0,LA082690-0066,82,9561.24249999999,borda
630,Q0,FBIS3-35139,83,9558.201249999991,borda
630,Q0,LA091890-0048,84,9518.586249999991,borda
630,Q0,FBIS3-54271,85,9453.71624999999,borda
630,Q0,LA092490-0069,86,9435.277499999991,borda
630,Q0,LA082790-0074,87,9422.731249999988,borda
630,Q0,FT931-15159,88,9420.87249999999,borda
630,Q0,LA112590-0224,89,9342.289999999992,borda
630,Q0,FT921-6208,90,9336.533749999993,borda
630,Q0,LA111490-0056,91,9326.48249999999,borda
630,Q0,FT934-434,92,9318.19124999999,borda
630,Q0,FT911-3266,93,9288.89124999999,borda
630,Q0,LA081690-0049,94,9272.03624999999,borda
630,Q0,FT911-4623,95,9228.879999999988,borda
630,Q0,FT944-17157,96,9226.698749999992,borda
630,Q0,LA121690-0159,97,9215.61624999999,borda
630,Q0,LA031289-0088,98,9198.914999999994,borda
630,Q0,LA091490-0070,99,9188.991249999988,borda
630,Q0,LA072990-0036,100,9168.314999999991,borda
630,Q0,LA103190-0125,101,9160.798749999989,borda
630,Q0,LA020790-0103,102,9149.154999999988,borda
630,Q0,FBIS3-35188,103,9131.047499999993,borda
630,Q0,LA101690-0044,104,9109.84874999999,borda
630,Q0,FBIS4-11989,105,9104.982499999991,borda
630,Q0,LA090590-0008,106,9057.764999999992,borda
630,Q0,FBIS3-21394,107,9007.956249999992,borda
630,Q0,LA110190-0074,108,8971.09499999999,borda
630,Q0,LA102190-0047,109,8964.432499999992,borda
630,Q0,FR940405-1-00039,110,8962.116249999992,borda
630,Q0,LA122090-0244,111,8935.433749999991,borda
630,Q0,LA122690-0033,112,8933.038749999992,borda
630,Q0,FT932-4288,113,8931.83249999999,borda
630,Q0,FBIS4-43363,114,8931.632499999992,borda
630,Q0,LA111690-0052,115,8931.367499999991,borda
630,Q0,LA090490-0093,116,8925.17749999999,borda
630,Q0,LA082990-0090,117,8907.04999999999,borda
630,Q0,LA111890-0093,118,8876.697499999991,borda
630,Q0,FT921-14373,119,8866.443749999991,borda
630,Q0,FT921-15587,120,8855.287499999991,borda
630,Q0,FT944-17245,121,8854.00999999999,borda
630,Q0,LA122090-0179,122,8832.183749999991,borda
630,Q0,FT921-11731,123,8798.548749999993,borda
630,Q0,FT924-7491,124,8795.534999999993,borda
630,Q0,LA080990-0093,125,8790.419999999993,borda
630,Q0,FT944-17310,126,8773.227499999992,borda
630,Q0,LA091390-0088,127,8766.544999999991,borda
630,Q0,LA110590-0066,128,8713.549999999992,borda
630,Q0,LA122190-0053,129,8679.181249999992,borda
630,Q0,LA053089-0057,130,8674.70499999999,borda
630,Q0,LA120490-0011,131,8654.796249999992,borda
630,Q0,LA100389-0011,132,8613.822499999991,borda
630,Q0,LA121190-0027,133,8613.157499999992,borda
630,Q0,LA092990-0025,134,8608.16874999999,borda
630,Q0,LA112790-0059,135,8591.981249999992,borda
630,Q0,FT921-12207,136,8590.836249999993,borda
630,Q0,FR940712-0-00007,137,8559.064999999991,borda
630,Q0,FT923-15086,138,8543.78249999999,borda
630,Q0,FBIS4-36801,139,8539.777499999991,borda
630,Q0,LA110890-0170,140,8532.941249999993,borda
630,Q0,FBIS4-12850,141,8530.61624999999,borda
630,Q0,FT921-9264,142,8503.25124999999,borda
630,Q0,FBIS4-21373,143,8493.557499999992,borda
630,Q0,LA122990-0048,144,8479.67374999999,borda
630,Q0,LA081190-0086,145,8470.393749999988,borda
630,Q0,LA082790-0067,146,8444.912499999991,borda
630,Q0,LA091290-0068,147,8403.074999999992,borda
630,Q0,FBIS4-60017,148,8313.99749999999,borda
630,Q0,FT921-3964,149,8309.997499999994,borda
630,Q0,LA121089-0196,150,8280.919999999993,borda
630,Q0,LA120690-0183,151,8271.334999999992,borda
630,Q0,FBIS3-45017,152,8263.488749999991,borda
630,Q0,LA090490-0097,153,8248.241249999992,borda
630,Q0,LA083090-0086,154,8227.38374999999,borda
630,Q0,FT931-14372,155,8197.03249999999,borda
630,Q0,LA110190-0020,156,8164.7224999999935,borda
630,Q0,LA111290-0065,157,8137.407499999992,borda
630,Q0,FBIS3-34316,158,8129.442499999991,borda
630,Q0,LA111490-0037,159,8119.552499999991,borda
630,Q0,LA120190-0119,160,8112.864999999991,borda
630,Q0,FBIS4-35646,161,8095.88249999999,borda
630,Q0,FT921-8405,162,8074.348749999992,borda
630,Q0,LA111490-0061,163,8046.158749999992,borda
630,Q0,LA112590-0223,164,8011.252499999991,borda
630,Q0,LA111689-0180,165,7986.003749999993,borda
630,Q0,LA111090-0104,166,7976.21999999999,borda
630,Q0,FT911-5208,167,7969.856249999991,borda
630,Q0,FT922-11945,168,7928.27874999999,borda
630,Q0,LA090990-0039,169,7924.863749999991,borda
630,Q0,FT921-6675,170,7828.22374999999,borda
630,Q0,FBIS3-22833,171,7795.502499999993,borda
630,Q0,LA082990-0067,172,7763.568749999995,borda
630,Q0,FT924-4511,173,7754.283749999992,borda
630,Q0,LA121990-0114,174,7746.846249999993,borda
630,Q0,LA100390-0009,175,7707.636249999991,borda
630,Q0,LA122790-0080,176,7665.043749999992,borda
630,Q0,FT931-14750,177,7658.432499999991,borda
630,Q0,LA110590-0081,178,7629.258749999994,borda
630,Q0,FT921-13624,179,7618.907499999991,borda
630,Q0,FT911-3939,180,7614.677499999992,borda
630,Q0,LA111490-0002,181,7611.823749999992,borda
630,Q0,FBIS3-34941,182,7594.406249999992,borda
630,Q0,FT943-13870,183,7591.666249999991,borda
630,Q0,FT911-4328,184,7546.901249999991,borda
630,Q0,FBIS3-13635,185,7537.683749999991,borda
630,Q0,LA100290-0176,186,7535.019999999993,borda
630,Q0,LA122490-0059,187,7508.386249999992,borda
630,Q0,FT924-14688,188,7508.076249999991,borda
630,Q0,LA082290-0018,189,7480.498749999992,borda
630,Q0,FT922-7974,190,7480.369999999991,borda
630,Q0,FT934-17449,191,7465.693749999994,borda
630,Q0,FT921-4986,192,7461.768749999991,borda
630,Q0,FT923-439,193,7459.934999999995,borda
630,Q0,FT921-14173,194,7451.907499999992,borda
630,Q0,LA042289-0012,195,7427.814999999992,borda
630,Q0,FR940405-1-00040,196,7425.594999999993,borda
630,Q0,FBIS3-34876,197,7420.057499999992,borda
630,Q0,LA070990-0007,198,7397.389999999992,borda
630,Q0,FT931-8526,199,7395.673749999993,borda
630,Q0,FT932-8452,200,7378.586249999993,borda
630,Q0,LA122890-0077,201,7364.332499999995,borda
630,Q0,LA122590-0075,202,7358.668749999993,borda
630,Q0,FT921-12686,203,7343.053749999992,borda
630,Q0,LA020589-0110,204,7306.8074999999935,borda
630,Q0,LA120290-0083,205,7294.446249999993,borda
630,Q0,FBIS3-13842,206,7283.469999999992,borda
630,Q0,FT923-13475,207,7275.241249999991,borda
630,Q0,LA082390-0184,208,7271.3374999999905,borda
630,Q0,LA121790-0060,209,7268.266249999992,borda
630,Q0,FT944-1260,210,7242.982499999994,borda
630,Q0,LA070490-0026,211,7241.7362499999945,borda
630,Q0,LA081690-0060,212,7235.488749999992,borda
630,Q0,LA060890-0027,213,7218.111249999992,borda
630,Q0,FT931-14440,214,7206.28624999999,borda
630,Q0,FBIS3-14248,215,7200.886249999991,borda
630,Q0,LA091190-0052,216,7195.971249999994,borda
630,Q0,LA110390-0008,217,7192.007499999993,borda
630,Q0,FT923-10884,218,7180.7262499999915,borda
630,Q0,FT943-4318,219,7129.116249999994,borda
630,Q0,FBIS3-61195,220,7124.201249999993,borda
630,Q0,FT921-6843,221,7122.311249999993,borda
630,Q0,LA091890-0017,222,7112.262499999993,borda
630,Q0,FBIS3-45,223,7109.889999999992,borda
630,Q0,LA092689-0103,224,7103.567499999993,borda
630,Q0,LA103090-0061,225,7084.933749999992,borda
630,Q0,LA111790-0027,226,7082.0474999999915,borda
630,Q0,FT921-1249,227,7057.858749999991,borda
630,Q0,FT932-12220,228,7024.119999999994,borda
630,Q0,LA120290-0165,229,7018.182499999992,borda
630,Q0,LA090390-0029,230,7011.582499999992,borda
630,Q0,LA082290-0085,231,6989.174999999994,borda
630,Q0,LA081990-0044,232,6968.946249999993,borda
630,Q0,LA100590-0179,233,6924.309999999994,borda
630,Q0,LA020289-0212,234,6912.532499999991,borda
630,Q0,LA091790-0125,235,6880.339999999995,borda
630,Q0,LA082090-0034,236,6872.662499999993,borda
630,Q0,FBIS4-43162,237,6861.836249999992,borda
630,Q0,FT932-1704,238,6856.95249999999,borda
630,Q0,FT931-14924,239,6853.553749999995,borda
630,Q0,LA081990-0080,240,6841.981249999992,borda
630,Q0,FBIS3-54309,241,6839.679999999991,borda
630,Q0,LA021289-0131,242,6819.053749999994,borda
630,Q0,FR941006-1-00134,243,6803.684999999994,borda
630,Q0,FBIS4-59182,244,6797.492499999994,borda
630,Q0,LA120690-0022,245,6795.219999999992,borda
630,Q0,LA111190-0182,246,6794.352499999993,borda
630,Q0,LA112590-0222,247,6789.1012499999915,borda
630,Q0,LA091590-0046,248,6782.952499999994,borda
630,Q0,LA082890-0097,249,6770.142499999993,borda
630,Q0,FT944-17263,250,6762.441249999992,borda
630,Q0,FR940523-2-00065,251,6761.968749999994,borda
630,Q0,FT921-12899,252,6755.729999999991,borda
630,Q0,LA090190-0083,253,6755.077499999994,borda
630,Q0,FBIS4-58356,254,6748.656249999992,borda
630,Q0,LA121989-0108,255,6735.808749999994,borda
630,Q0,LA090490-0107,256,6733.312499999993,borda
630,Q0,LA072590-0044,257,6727.424999999994,borda
630,Q0,LA111590-0205,258,6725.051249999993,borda
630,Q0,FT934-10749,259,6698.563749999991,borda
630,Q0,LA120990-0181,260,6691.171249999994,borda
630,Q0,FBIS3-13919,261,6688.018749999994,borda
630,Q0,LA123090-0145,262,6663.326249999995,borda
630,Q0,LA091190-0051,263,6662.8112499999925,borda
630,Q0,FT923-10989,264,6614.044999999991,borda
630,Q0,LA092390-0217,265,6601.302499999993,borda
630,Q0,LA100290-0117,266,6600.323749999992,borda
630,Q0,LA100690-0080,267,6562.642499999993,borda
630,Q0,FBIS4-59460,268,6561.2174999999925,borda
630,Q0,LA021490-0021,269,6560.851249999994,borda
630,Q0,FBIS4-36825,270,6555.782499999993,borda
630,Q0,LA112689-0093,271,6549.062499999993,borda
630,Q0,FBIS3-59817,272,6543.198749999992,borda
630,Q0,LA060490-0010,273,6498.392499999992,borda
630,Q0,FBIS4-47614,274,6489.153749999994,borda
630,Q0,LA111290-0066,275,6464.497499999993,borda
630,Q0,FBIS4-67696,276,6459.631249999994,borda
630,Q0,FT911-409,277,6444.654999999993,borda
630,Q0,LA122990-0073,278,6442.988749999996,borda
630,Q0,FBIS4-59828,279,6439.846249999991,borda
630,Q0,LA112390-0076,280,6436.106249999993,borda
630,Q0,FT924-8272,281,6435.948749999995,borda
630,Q0,FBIS4-11776,282,6418.6199999999935,borda
630,Q0,FT923-13426,283,6403.652499999994,borda
630,Q0,LA122790-0024,284,6397.863749999993,borda
630,Q0,LA113090-0154,285,6397.689999999993,borda
630,Q0,FBIS4-12419,286,6394.697499999994,borda
630,Q0,FT911-2053,287,6382.916249999993,borda
630,Q0,LA072690-0119,288,6374.292499999994,borda
630,Q0,LA111390-0108,289,6350.219999999996,borda
630,Q0,LA082190-0087,290,6346.206249999992,borda
630,Q0,FBIS3-14600,291,6326.647499999994,borda
630,Q0,FT923-4291,292,6319.306249999993,borda
630,Q0,FT944-2866,293,6310.977499999993,borda
630,Q0,LA110990-0049,294,6295.573749999992,borda
630,Q0,LA092490-0076,295,6253.951249999995,borda
630,Q0,FBIS3-53076,296,6252.903749999992,borda
630,Q0,LA091390-0084,297,6248.178749999995,borda
630,Q0,LA113090-0172,298,6239.443749999991,borda
630,Q0,LA092390-0069,299,6238.073749999993,borda
630,Q0,LA082190-0007,300,6234.359999999995,borda
630,Q0,FT932-9371,301,6229.759999999992,borda
630,Q0,FBIS3-35411,302,6228.9862499999945,borda
630,Q0,LA091490-0174,303,6210.003749999996,borda
630,Q0,FBIS4-36681,304,6200.163749999992,borda
630,Q0,LA082390-0169,305,6189.032499999994,borda
630,Q0,FT923-9638,306,6180.071249999993,borda
630,Q0,LA082190-0078,307,6166.149999999993,borda
630,Q0,LA072390-0059,308,6158.497499999994,borda
630,Q0,FBIS3-53597,309,6119.3024999999925,borda
630,Q0,FT921-7985,310,6100.247499999992,borda
630,Q0,LA090390-0085,311,6086.183749999993,borda
630,Q0,LA091390-0082,312,6067.264999999995,borda
630,Q0,LA040989-0072,313,6063.8024999999925,borda
630,Q0,LA090190-0082,314,6050.7499999999945,borda
630,Q0,LA082190-0074,315,6046.756249999995,borda
630,Q0,FBIS3-13513,316,6034.348749999992,borda
630,Q0,LA093090-0205,317,6031.283749999994,borda
630,Q0,FT922-12161,318,6031.018749999993,borda
630,Q0,FBIS4-6334,319,6022.723749999993,borda
630,Q0,LA112190-0008,320,6010.7224999999935,borda
630,Q0,FT942-3456,321,6008.952499999993,borda
630,Q0,LA101490-0131,322,6004.967499999995,borda
630,Q0,LA081490-0006,323,6003.1337499999945,borda
630,Q0,LA083190-0014,324,5985.081249999995,borda
630,Q0,FT931-15174,325,5952.623749999993,borda
630,Q0,LA111989-0138,326,5946.238749999993,borda
630,Q0,FBIS4-47552,327,5935.546249999994,borda
630,Q0,LA091590-0011,328,5927.232499999995,borda
630,Q0,FT931-887,329,5924.134999999993,borda
630,Q0,LA102390-0010,330,5923.276249999994,borda
630,Q0,FBIS4-55671,331,5919.297499999995,borda
630,Q0,FT921-15004,332,5913.3737499999925,borda
630,Q0,FT934-11100,333,5907.524999999994,borda
630,Q0,FBIS3-34318,334,5905.352499999991,borda
630,Q0,FT922-9097,335,5900.713749999992,borda
630,Q0,FT911-1254,336,5894.778749999993,borda
630,Q0,FT934-3491,337,5863.221249999994,borda
630,Q0,LA111090-0108,338,5856.513749999995,borda
630,Q0,FT922-13149,339,5844.742499999993,borda
630,Q0,LA072090-0039,340,5823.792499999993,borda
630,Q0,LA082690-0076,341,5807.494999999994,borda
630,Q0,FT931-14476,342,5806.864999999993,borda
630,Q0,FT933-9465,343,5799.804999999994,borda
630,Q0,LA090490-0108,344,5785.451249999993,borda
630,Q0,FR940523-2-00069,345,5782.701249999995,borda
630,Q0,LA092990-0141,346,5769.929999999995,borda
630,Q0,FT931-14483,347,5766.848749999995,borda
630,Q0,FT921-4499,348,5754.577499999995,borda
630,Q0,FT943-5602,349,5742.851249999995,borda
630,Q0,FBIS4-38011,350,5737.716249999994,borda
630,Q0,LA112190-0026,351,5731.393749999993,borda
630,Q0,FBIS4-37346,352,5721.132499999993,borda
630,Q0,FT921-14442,353,5706.742499999993,borda
630,Q0,FT943-15,354,5706.547499999994,borda
630,Q0,FBIS3-34598,355,5695.494999999995,borda
630,Q0,FT923-6577,356,5693.591249999994,borda
630,Q0,FR940405-1-00038,357,5679.477499999994,borda
630,Q0,FBIS4-20146,358,5673.204999999995,borda
630,Q0,FT944-17026,359,5672.456249999993,borda
630,Q0,FR940523-2-00061,360,5669.7987499999945,borda
630,Q0,LA111190-0183,361,5668.184999999997,borda
630,Q0,LA091390-0089,362,5664.067499999996,borda
630,Q0,FT944-17243,363,5651.841249999992,borda
630,Q0,FT932-4832,364,5626.313749999994,borda
630,Q0,FBIS4-36752,365,5615.733749999996,borda
630,Q0,LA092190-0061,366,5607.956249999992,borda
630,Q0,FBIS3-52827,367,5599.959999999993,borda
630,Q0,LA092290-0077,368,5596.833749999994,borda
630,Q0,LA051289-0071,369,5591.632499999994,borda
630,Q0,FBIS4-13943,370,5556.016249999995,borda
630,Q0,LA072189-0016,371,5543.334999999993,borda
630,Q0,FBIS3-31031,372,5532.7812499999945,borda
630,Q0,FT924-8281,373,5526.542499999995,borda
630,Q0,LA112090-0115,374,5519.334999999994,borda
630,Q0,LA123090-0179,375,5515.676249999993,borda
630,Q0,LA120790-0082,376,5508.522499999994,borda
630,Q0,FBIS3-28576,377,5489.691249999993,borda
630,Q0,FT922-7798,378,5486.552499999994,borda
630,Q0,FT921-198,379,5481.422499999994,borda
630,Q0,LA100490-0007,380,5479.501249999993,borda
630,Q0,FT931-15691,381,5476.2899999999945,borda
630,Q0,LA112790-0035,382,5470.786249999995,borda
630,Q0,FT941-5980,383,5465.564999999994,borda
630,Q0,FT911-3839,384,5464.384999999993,borda
630,Q0,FT922-12369,385,5464.127499999993,borda
630,Q0,LA081990-0069,386,5453.251249999994,borda
630,Q0,FBIS4-38133,387,5451.746249999994,borda
630,Q0,FT921-7455,388,5426.024999999995,borda
630,Q0,LA111890-0127,389,5420.922499999994,borda
630,Q0,LA122090-0177,390,5414.682499999995,borda
630,Q0,FBIS4-11814,391,5380.117499999995,borda
630,Q0,FT931-1048,392,5364.1562499999945,borda
630,Q0,FBIS4-35956,393,5362.132499999993,borda
630,Q0,FT944-16053,394,5356.349999999996,borda
630,Q0,FT931-316,395,5349.222499999994,borda
630,Q0,FT921-11724,396,5345.197499999995,borda
630,Q0,FT924-2834,397,5343.893749999994,borda
630,Q0,FT944-13371,398,5342.519999999993,borda
630,Q0,LA112790-0060,399,5338.844999999994,borda
630,Q0,FBIS3-35405,400,5331.239999999993,borda
630,Q0,LA121390-0237,401,5329.103749999996,borda
630,Q0,LA092090-0154,402,5327.573749999994,borda
630,Q0,LA081890-0087,403,5309.964999999996,borda
630,Q0,LA013190-0001,404,5308.411249999994,borda
630,Q0,LA092389-0050,405,5297.434999999994,borda
630,Q0,FBIS4-6830,406,5292.913749999993,borda
630,Q0,FT923-7003,407,5268.828749999996,borda
630,Q0,FT934-10813,408,5258.061249999995,borda
630,Q0,LA091090-0079,409,5239.694999999995,borda
630,Q0,FT941-8315,410,5236.261249999994,borda
630,Q0,FR940523-2-00071,411,5232.641249999993,borda
630,Q0,FT923-14468,412,5228.324999999994,borda
630,Q0,FT922-13555,413,5224.128749999995,borda
630,Q0,FT922-7061,414,5222.566249999993,borda
630,Q0,FBIS3-41801,415,5210.893749999996,borda
630,Q0,FT911-5241,416,5200.821249999993,borda
630,Q0,FBIS4-11910,417,5198.951249999995,borda
630,Q0,LA120990-0041,418,5191.327499999995,borda
630,Q0,FBIS3-61070,419,5183.144999999996,borda
630,Q0,FBIS4-11824,420,5165.422499999995,borda
630,Q0,FBIS4-36285,421,5160.353749999993,borda
630,Q0,LA081890-0088,422,5156.587499999995,borda
630,Q0,FT911-1599,423,5151.174999999996,borda
630,Q0,LA111490-0059,424,5150.606249999995,borda
630,Q0,FT921-16551,425,5145.167499999995,borda
630,Q0,LA030890-0003,426,5139.182499999994,borda
630,Q0,FBIS3-34104,427,5122.093749999994,borda
630,Q0,FR940523-2-00066,428,5113.964999999995,borda
630,Q0,FT921-10291,429,5097.382499999995,borda
630,Q0,LA032090-0121,430,5084.091249999995,borda
630,Q0,FBIS4-35399,431,5061.983749999995,borda
630,Q0,FT923-10888,432,5049.8387499999935,borda
630,Q0,FT921-6631,433,5037.438749999993,borda
630,Q0,LA112390-0148,434,5030.938749999997,borda
630,Q0,LA122590-0099,435,5023.094999999994,borda
630,Q0,FT911-5019,436,5013.524999999995,borda
630,Q0,LA080289-0005,437,5003.373749999995,borda
630,Q0,LA081290-0118,438,4997.739999999995,borda
630,Q0,LA083090-0088,439,4987.809999999995,borda
630,Q0,FBIS4-60289,440,4982.8212499999945,borda
630,Q0,LA092090-0231,441,4967.482499999993,borda
630,Q0,FT933-14011,442,4953.256249999996,borda
630,Q0,LA032789-0066,443,4934.2862499999965,borda
630,Q0,LA090590-0006,444,4934.148749999995,borda
630,Q0,FBIS4-37927,445,4929.753749999994,borda
630,Q0,FR940405-1-00092,446,4912.242499999996,borda
630,Q0,FT934-807,447,4910.4374999999945,borda
630,Q0,FT933-13395,448,4900.474999999994,borda
630,Q0,LA111190-0160,449,4889.643749999994,borda
630,Q0,FR940817-2-00220,450,4870.784999999994,borda
630,Q0,LA091090-0008,451,4866.448749999996,borda
630,Q0,FT944-2875,452,4860.378749999995,borda
630,Q0,FR940817-2-00243,453,4850.127499999995,borda
630,Q0,FBIS4-66219,454,4846.173749999995,borda
630,Q0,FT921-11439,455,4826.463749999995,borda
630,Q0,FT921-11728,456,4820.0762499999955,borda
630,Q0,LA112990-0122,457,4818.628749999996,borda
630,Q0,FT911-3953,458,4807.011249999996,borda
630,Q0,LA081090-0070,459,4792.956249999994,borda
630,Q0,LA051190-0179,460,4780.818749999997,borda
630,Q0,FT924-9293,461,4773.872499999996,borda
630,Q0,LA043089-0106,462,4761.977499999995,borda
630,Q0,FT934-17228,463,4744.159999999994,borda
630,Q0,LA111490-0038,464,4735.691249999995,borda
630,Q0,FT923-11060,465,4725.728749999995,borda
630,Q0,LA021989-0078,466,4717.632499999997,borda
630,Q0,LA113090-0156,467,4716.606249999995,borda
630,Q0,LA110689-0031,468,4683.908749999995,borda
630,Q0,FT924-8672,469,4674.198749999994,borda
630,Q0,FR940405-1-00077,470,4663.186249999996,borda
630,Q0,FBIS4-24599,471,4662.449999999994,borda
630,Q0,FT931-587,472,4660.072499999995,borda
630,Q0,LA081490-0042,473,4654.771249999995,borda
630,Q0,LA082490-0007,474,4652.268749999996,borda
630,Q0,LA112390-0156,475,4651.264999999996,borda
630,Q0,LA030390-0089,476,4638.859999999996,borda
630,Q0,LA120790-0182,477,4635.474999999997,borda
630,Q0,FBIS3-53053,478,4620.166249999995,borda
630,Q0,LA081990-0088,479,4598.766249999995,borda
630,Q0,LA081889-0061,480,4592.822499999997,borda
630,Q0,FT922-11763,481,4591.774999999995,borda
630,Q0,LA093089-0065,482,4577.993749999996,borda
630,Q0,FR940405-1-00098,483,4555.544999999996,borda
630,Q0,LA083190-0077,484,4549.461249999996,borda
630,Q0,FT922-830,485,4545.764999999994,borda
630,Q0,FT921-16100,486,4543.342499999995,borda
630,Q0,LA082990-0100,487,4539.177499999995,borda
630,Q0,FT931-6952,488,4533.078749999995,borda
630,Q0,LA082990-0101,489,4528.723749999995,borda
630,Q0,LA112090-0108,490,4521.929999999996,borda
630,Q0,FR940523-2-00068,491,4520.091249999996,borda
630,Q0,FT921-2759,492,4512.848749999996,borda
630,Q0,LA093090-0186,493,4511.2199999999975,borda
630,Q0,FBIS3-13564,494,4509.058749999995,borda
630,Q0,FBIS3-13471,495,4508.366249999995,borda
630,Q0,FR940516-0-00089,496,4508.074999999995,borda
630,Q0,FBIS4-36061,497,4502.093749999995,borda
630,Q0,FT923-13479,498,4501.933749999995,borda
630,Q0,LA121590-0052,499,4500.817499999995,borda
630,Q0,LA091490-0168,500,4500.183749999995,borda
630,Q0,FBIS3-14713,501,4497.877499999994,borda
630,Q0,FT911-5247,502,4493.699999999995,borda
630,Q0,FBIS4-27268,503,4493.623749999995,borda
630,Q0,LA081590-0161,504,4487.503749999995,borda
630,Q0,FT921-15577,505,4482.717499999994,borda
630,Q0,FT924-8275,506,4478.578749999995,borda
630,Q0,LA111390-0099,507,4461.8624999999965,borda
630,Q0,FT934-819,508,4454.4737499999965,borda
630,Q0,FT921-10724,509,4451.871249999994,borda
630,Q0,LA101890-0049,510,4449.378749999994,borda
630,Q0,FT923-8239,511,4447.992499999995,borda
630,Q0,LA081690-0050,512,4447.7012499999955,borda
630,Q0,LA092590-0167,513,4443.541249999996,borda
630,Q0,FT911-1388,514,4435.634999999997,borda
630,Q0,LA111789-0062,515,4427.622499999996,borda
630,Q0,FR941021-1-00036,516,4427.382499999997,borda
630,Q0,LA013090-0111,517,4416.364999999995,borda
630,Q0,LA092390-0215,518,4415.673749999995,borda
630,Q0,LA062189-0009,519,4415.141249999995,borda
630,Q0,FT921-3819,520,4408.513749999995,borda
630,Q0,LA123190-0061,521,4399.992499999996,borda
630,Q0,FBIS3-52386,522,4397.153749999994,borda
630,Q0,FBIS3-40991,523,4395.321249999995,borda
630,Q0,FBIS4-37562,524,4393.297499999996,borda
630,Q0,FBIS4-37042,525,4391.326249999994,borda
630,Q0,LA121390-0115,526,4386.881249999994,borda
630,Q0,LA080789-0045,527,4380.111249999997,borda
630,Q0,FBIS3-59112,528,4372.579999999995,borda
630,Q0,LA090190-0075,529,4372.504999999996,borda
630,Q0,FT924-15322,530,4367.958749999996,borda
630,Q0,FBIS3-42096,531,4367.326249999996,borda
630,Q0,FBIS4-37642,532,4350.352499999995,borda
630,Q0,FT921-12018,533,4340.521249999995,borda
630,Q0,LA080490-0114,534,4331.244999999996,borda
630,Q0,FBIS4-20757,535,4329.092499999997,borda
630,Q0,LA081989-0134,536,4308.989999999996,borda
630,Q0,FBIS3-54506,537,4306.403749999996,borda
630,Q0,LA092390-0165,538,4290.6612499999965,borda
630,Q0,FT924-4329,539,4286.437499999995,borda
630,Q0,FT944-1232,540,4269.474999999996,borda
630,Q0,FT922-7765,541,4268.454999999995,borda
630,Q0,LA111890-0012,542,4264.718749999996,borda
630,Q0,LA091290-0021,543,4258.371249999996,borda
630,Q0,LA031290-0118,544,4244.729999999997,borda
630,Q0,LA081890-0086,545,4237.9287499999955,borda
630,Q0,LA070590-0006,546,4236.837499999996,borda
630,Q0,LA100690-0122,547,4230.704999999995,borda
630,Q0,FBIS3-13280,548,4228.554999999994,borda
630,Q0,FBIS3-33740,549,4220.583749999995,borda
630,Q0,FT944-2870,550,4217.644999999996,borda
630,Q0,FT922-5362,551,4208.193749999995,borda
630,Q0,FT922-15338,552,4194.338749999995,borda
630,Q0,FT933-15317,553,4191.581249999996,borda
630,Q0,FT921-8134,554,4188.929999999996,borda
630,Q0,FT944-16954,555,4179.092499999997,borda
630,Q0,LA110690-0084,556,4171.4287499999955,borda
630,Q0,FT911-2570,557,4169.473749999994,borda
630,Q0,LA112090-0033,558,4158.933749999995,borda
630,Q0,FT921-15811,559,4154.119999999995,borda
630,Q0,FT911-2005,560,4149.149999999995,borda
630,Q0,FBIS4-64278,561,4139.993749999996,borda
630,Q0,FBIS3-26971,562,4130.779999999997,borda
630,Q0,LA121390-0114,563,4125.137499999997,borda
630,Q0,FBIS4-13341,564,4107.848749999995,borda
630,Q0,FBIS3-39074,565,4105.416249999997,borda
630,Q0,FT944-16778,566,4097.099999999996,borda
630,Q0,FBIS4-37988,567,4096.968749999995,borda
630,Q0,FT921-15971,568,4092.5899999999965,borda
630,Q0,LA103090-0056,569,4090.3099999999963,borda
630,Q0,FT923-6054,570,4082.6837499999947,borda
630,Q0,LA070989-0004,571,4082.0499999999965,borda
630,Q0,LA122490-0042,572,4079.599999999996,borda
630,Q0,LA071590-0202,573,4076.5499999999975,borda
630,Q0,FT924-4183,574,4075.6437499999965,borda
630,Q0,LA092590-0070,575,4071.966249999995,borda
630,Q0,LA062489-0134,576,4061.531249999997,borda
630,Q0,LA081390-0108,577,4058.9924999999957,borda
630,Q0,FR940405-1-00054,578,4044.5012499999975,borda
630,Q0,FR940523-2-00070,579,4032.426249999997,borda
630,Q0,LA082389-0044,580,4027.097499999996,borda
630,Q0,FBIS3-52365,581,4024.0262499999963,borda
630,Q0,FT921-10803,582,4021.2762499999953,borda
630,Q0,LA061690-0143,583,4020.628749999998,borda
630,Q0,FT931-8555,584,4016.3299999999954,borda
630,Q0,FT943-2497,585,4005.576249999998,borda
630,Q0,LA081690-0239,586,4001.572499999997,borda
630,Q0,FBIS4-67708,587,3999.4362499999966,borda
630,Q0,LA120490-0096,588,3998.674999999997,borda
630,Q0,LA060889-0127,589,3992.7949999999973,borda
630,Q0,LA112990-0166,590,3973.7074999999963,borda
630,Q0,LA073089-0075,591,3969.8999999999974,borda
630,Q0,LA051189-0112,592,3960.164999999997,borda
630,Q0,FT934-17443,593,3958.0774999999962,borda
630,Q0,FT921-15689,594,3926.353749999997,borda
630,Q0,LA012090-0059,595,3914.5662499999985,borda
630,Q0,FBIS3-54414,596,3912.003749999996,borda
630,Q0,LA102590-0245,597,3900.2199999999957,borda
630,Q0,LA012289-0016,598,3896.4987499999984,borda
630,Q0,FBIS3-13208,599,3886.978749999995,borda
630,Q0,LA042089-0084,600,3883.2974999999947,borda
630,Q0,FBIS4-12377,601,3877.462499999995,borda
630,Q0,FT921-10867,602,3873.4399999999973,borda
630,Q0,FT923-13027,603,3861.9687499999973,borda
630,Q0,FT924-4113,604,3859.8474999999967,borda
630,Q0,FT911-5209,605,3858.1187499999955,borda
630,Q0,FBIS4-22285,606,3855.247499999998,borda
630,Q0,FBIS3-60519,607,3854.1412499999983,borda
630,Q0,FBIS3-28537,608,3842.0899999999947,borda
630,Q0,LA122190-0054,609,3827.569999999997,borda
630,Q0,FBIS4-28474,610,3821.2449999999953,borda
630,Q0,FT921-14947,611,3819.0324999999975,borda
630,Q0,LA122690-0034,612,3817.857499999997,borda
630,Q0,FT932-4503,613,3816.7099999999955,borda
630,Q0,LA120390-0107,614,3811.5749999999975,borda
630,Q0,FBIS4-37807,615,3808.317499999996,borda
630,Q0,LA081490-0156,616,3806.7087499999975,borda
630,Q0,FT941-16077,617,3801.7462499999974,borda
630,Q0,LA011789-0106,618,3800.2574999999974,borda
630,Q0,LA080590-0028,619,3795.1912499999967,borda
630,Q0,FT933-7157,620,3791.2374999999965,borda
630,Q0,FBIS4-68780,621,3790.6362499999973,borda
630,Q0,LA082189-0052,622,3788.0124999999975,borda
630,Q0,FBIS3-41979,623,3786.0987499999947,borda
630,Q0,LA111689-0145,624,3784.233749999998,borda
630,Q0,FT921-13397,625,3776.078749999996,borda
630,Q0,LA062190-0031,626,3774.2999999999975,borda
630,Q0,FBIS4-2988,627,3762.212499999995,borda
630,Q0,LA032490-0135,628,3761.3937499999984,borda
630,Q0,FT911-3396,629,3753.8974999999955,borda
630,Q0,FT932-11098,630,3749.4912499999964,borda
630,Q0,LA090990-0232,631,3747.3449999999975,borda
630,Q0,LA111290-0072,632,3728.4649999999965,borda
630,Q0,LA031089-0169,633,3718.6687499999985,borda
630,Q0,LA110390-0073,634,3712.3949999999977,borda
630,Q0,FT924-15879,635,3706.267499999997,borda
630,Q0,LA101490-0140,636,3700.0937499999977,borda
630,Q0,FT923-11753,637,3680.242499999995,borda
630,Q0,LA081090-0026,638,3679.422499999998,borda
630,Q0,LA081590-0094,639,3675.4599999999964,borda
630,Q0,LA091490-0059,640,3670.158749999997,borda
630,Q0,FT934-824,641,3668.802499999998,borda
630,Q0,LA091790-0108,642,3666.027499999995,borda
630,Q0,FT911-2635,643,3662.259999999995,borda
630,Q0,LA040190-0221,644,3645.0787499999974,borda
630,Q0,FR940202-1-00055,645,3643.1474999999973,borda
630,Q0,FBIS4-13853,646,3640.4324999999963,borda
630,Q0,LA081289-0097,647,3637.792499999998,borda
630,Q0,FT911-2095,648,3631.311249999997,borda
630,Q0,FT944-16298,649,3627.541249999995,borda
630,Q0,LA120290-0117,650,3625.301249999995,borda
630,Q0,FBIS4-65040,651,3618.874999999996,borda
630,Q0,LA032390-0061,652,3603.1749999999984,borda
630,Q0,FR940817-2-00221,653,3600.061249999998,borda
630,Q0,FT921-10667,654,3596.369999999996,borda
630,Q0,FT923-14316,655,3587.252499999997,borda
630,Q0,LA082190-0077,656,3577.151249999997,borda
630,Q0,LA111190-0161,657,3559.3687499999983,borda
630,Q0,FT921-14036,658,3556.097499999997,borda
630,Q0,LA112290-0152,659,3545.513749999997,borda
630,Q0,LA120990-0170,660,3534.391249999997,borda
630,Q0,LA012189-0084,661,3533.671249999998,borda
630,Q0,LA121690-0207,662,3533.2699999999963,borda
630,Q0,LA091290-0066,663,3527.9499999999985,borda
630,Q0,FT921-13854,664,3524.7149999999983,borda
630,Q0,FT931-14439,665,3524.351249999996,borda
630,Q0,FBIS4-60049,666,3522.0712499999963,borda
630,Q0,FT931-13703,667,3519.2524999999955,borda
630,Q0,LA093090-0212,668,3518.2437499999955,borda
630,Q0,FBIS3-13198,669,3512.2549999999956,borda
630,Q0,LA092490-0122,670,3506.857499999998,borda
630,Q0,FBIS3-31706,671,3484.0149999999962,borda
630,Q0,FT921-10701,672,3482.4574999999973,borda
630,Q0,LA022689-0006,673,3471.027499999998,borda
630,Q0,LA092290-0166,674,3460.618749999997,borda
630,Q0,FT922-1681,675,3456.077499999996,borda
630,Q0,LA122590-0061,676,3453.4737499999974,borda
630,Q0,FBIS4-49523,677,3447.7649999999967,borda
630,Q0,LA032390-0070,678,3439.228749999999,borda
630,Q0,FT931-14590,679,3434.9387499999953,borda
630,Q0,LA100890-0075,680,3422.3587499999967,borda
630,Q0,FT943-761,681,3412.9087499999955,borda
630,Q0,FT922-8939,682,3406.7137499999967,borda
630,Q0,FT924-11907,683,3396.9174999999964,borda
630,Q0,LA080690-0031,684,3393.0924999999966,borda
630,Q0,FT911-1813,685,3383.9837499999976,borda
630,Q0,FBIS3-22952,686,3381.8912499999956,borda
630,Q0,FT923-12319,687,3379.9062499999973,borda
630,Q0,LA093090-0077,688,3368.6274999999964,borda
630,Q0,FR940511-2-00057,689,3365.036249999996,borda
630,Q0,LA101190-0236,690,3357.489999999997,borda
630,Q0,FT911-3818,691,3348.0512499999954,borda
630,Q0,LA122390-0075,692,3347.449999999998,borda
630,Q0,FBIS4-66218,693,3346.708749999997,borda
630,Q0,FT921-5965,694,3336.7699999999986,borda
630,Q0,LA112189-0021,695,3336.363749999999,borda
630,Q0,LA041390-0172,696,3334.0237499999985,borda
630,Q0,FT944-89,697,3311.277499999999,borda
630,Q0,LA101490-0132,698,3310.8824999999965,borda
630,Q0,LA111090-0106,699,3304.9924999999985,borda
630,Q0,LA082290-0073,700,3292.156249999997,borda
630,Q0,FT934-9698,701,3287.4637499999967,borda
630,Q0,LA110990-0044,702,3283.096249999997,borda
630,Q0,LA041889-0011,703,3281.5024999999987,borda
630,Q0,FT933-8029,704,3279.327499999998,borda
630,Q0,LA012890-0114,705,3272.0949999999975,borda
630,Q0,LA022090-0058,706,3269.772499999998,borda
630,Q0,FT933-3196,707,3266.683749999998,borda
630,Q0,FBIS4-47430,708,3261.6324999999993,borda
630,Q0,FT944-277,709,3260.749999999996,borda
630,Q0,LA091190-0011,710,3260.5437499999953,borda
630,Q0,LA102989-0011,711,3254.1687499999985,borda
630,Q0,FT941-7155,712,3247.3012499999977,borda
630,Q0,LA092090-0159,713,3241.623749999997,borda
630,Q0,LA122090-0111,714,3240.103749999997,borda
630,Q0,FT911-4706,715,3236.9737499999965,borda
630,Q0,FT921-4448,716,3232.8224999999966,borda
630,Q0,LA112290-0006,717,3232.504999999996,borda
630,Q0,FT931-16611,718,3230.218749999996,borda
630,Q0,FT934-17476,719,3224.9849999999988,borda
630,Q0,LA060990-0054,720,3219.0999999999976,borda
630,Q0,FBIS3-52563,721,3217.588749999998,borda
630,Q0,LA010990-0068,722,3207.5012499999984,borda
630,Q0,LA101090-0089,723,3204.7262499999983,borda
630,Q0,LA080590-0140,724,3194.528749999998,borda
630,Q0,LA061390-0156,725,3193.821249999998,borda
630,Q0,LA041289-0054,726,3188.7212499999982,borda
630,Q0,FT911-1800,727,3188.566249999996,borda
630,Q0,FBIS3-35190,728,3187.539999999997,borda
630,Q0,FBIS4-12573,729,3186.207499999996,borda
630,Q0,FT923-12801,730,3183.7312499999985,borda
630,Q0,FR940202-1-00056,731,3170.5462499999976,borda
630,Q0,FT944-16797,732,3167.863749999997,borda
630,Q0,LA081590-0009,733,3166.1074999999964,borda
630,Q0,LA092290-0079,734,3163.6987499999977,borda
630,Q0,LA081790-0103,735,3163.4649999999974,borda
630,Q0,FT922-9255,736,3162.9774999999986,borda
630,Q0,LA122990-0074,737,3154.969999999998,borda
630,Q0,LA120690-0201,738,3141.0512499999986,borda
630,Q0,LA113090-0112,739,3137.0849999999978,borda
630,Q0,FT923-14006,740,3128.281249999996,borda
630,Q0,LA081390-0082,741,3127.082499999997,borda
630,Q0,FBIS3-54164,742,3119.561249999996,borda
630,Q0,LA083090-0125,743,3101.5599999999963,borda
630,Q0,FT931-14442,744,3100.687499999998,borda
630,Q0,FT931-15012,745,3100.3049999999976,borda
630,Q0,LA020789-0128,746,3094.738749999998,borda
630,Q0,LA043089-0054,747,3090.8562499999975,borda
630,Q0,FT923-10592,748,3090.394999999996,borda
630,Q0,LA081490-0150,749,3085.033749999998,borda
630,Q0,FT923-7506,750,3084.5499999999975,borda
630,Q0,LA111590-0008,751,3078.404999999998,borda
630,Q0,LA111990-0044,752,3057.658749999998,borda
630,Q0,LA012489-0078,753,3051.6999999999985,borda
630,Q0,LA022189-0016,754,3044.403749999998,borda
630,Q0,FBIS4-9255,755,3040.701249999995,borda
630,Q0,LA020690-0097,756,3040.364999999999,borda
630,Q0,FT933-11848,757,3035.324999999999,borda
630,Q0,FT943-5576,758,3035.297499999997,borda
630,Q0,FBIS4-38303,759,3032.029999999996,borda
630,Q0,LA122290-0137,760,3031.888749999999,borda
630,Q0,LA090690-0023,761,3027.646249999997,borda
630,Q0,FT921-15838,762,3024.2274999999972,borda
630,Q0,LA022190-0106,763,3022.051249999999,borda
630,Q0,LA051889-0151,764,3021.8637499999986,borda
630,Q0,FBIS4-3148,765,3001.2162499999954,borda
630,Q0,LA100690-0123,766,2999.4649999999974,borda
630,Q0,LA112789-0001,767,2995.1587499999987,borda
630,Q0,FT921-13399,768,2988.422499999996,borda
630,Q0,FT921-14466,769,2979.8787499999976,borda
630,Q0,FBIS3-35490,770,2970.041249999997,borda
630,Q0,FT922-14000,771,2966.553749999996,borda
630,Q0,LA083189-0124,772,2966.3299999999995,borda
630,Q0,LA102689-0108,773,2955.7712499999984,borda
630,Q0,FT944-6787,774,2954.848749999998,borda
630,Q0,LA120390-0061,775,2951.2712499999975,borda
630,Q0,LA120490-0103,776,2941.251249999997,borda
630,Q0,FT941-15233,777,2935.313749999999,borda
630,Q0,LA082490-0125,778,2929.6324999999983,borda
630,Q0,LA061589-0179,779,2921.5674999999987,borda
630,Q0,FT932-14860,780,2916.1424999999967,borda
630,Q0,LA082690-0110,781,2912.634999999998,borda
630,Q0,LA092689-0080,782,2905.717499999999,borda
630,Q0,LA011689-0048,783,2899.058749999999,borda
630,Q0,LA092689-0119,784,2897.917499999998,borda
630,Q0,LA102990-0099,785,2897.646249999999,borda
630,Q0,LA090389-0159,786,2889.9249999999975,borda
630,Q0,FT921-11725,787,2877.349999999997,borda
630,Q0,FT921-3231,788,2867.8437499999977,borda
630,Q0,FT911-4559,789,2867.824999999998,borda
630,Q0,FT922-9691,790,2867.0887499999963,borda
630,Q0,LA080990-0094,791,2856.476249999998,borda
630,Q0,LA081890-0073,792,2853.8287499999988,borda
630,Q0,LA082790-0072,793,2848.8787499999985,borda
630,Q0,FT922-8684,794,2848.7424999999957,borda
630,Q0,LA030689-0075,795,2847.3862499999977,borda
630,Q0,LA101289-0074,796,2835.8774999999964,borda
630,Q0,FT911-1698,797,2834.058749999996,borda
630,Q0,LA082290-0013,798,2832.9712499999973,borda
630,Q0,FBIS4-28039,799,2831.606249999996,borda
630,Q0,LA080789-0031,800,2830.236249999999,borda
630,Q0,FT922-5267,801,2825.0324999999975,borda
630,Q0,FT921-1815,802,2823.3574999999964,borda
630,Q0,LA092590-0078,803,2821.0174999999986,borda
630,Q0,FT911-5225,804,2814.248749999999,borda
630,Q0,LA052689-0094,805,2811.551249999999,borda
630,Q0,LA062789-0089,806,2810.9699999999984,borda
630,Q0,FT924-5123,807,2810.524999999999,borda
630,Q0,FBIS4-33479,808,2799.427499999996,borda
630,Q0,FBIS4-33494,809,2791.5687499999963,borda
630,Q0,FBIS4-36208,810,2788.9424999999965,borda
630,Q0,LA121890-0151,811,2787.267499999997,borda
630,Q0,FT921-10625,812,2778.4349999999995,borda
630,Q0,FR940405-1-00062,813,2775.666249999997,borda
630,Q0,FBIS3-53023,814,2772.2449999999967,borda
630,Q0,FBIS3-48638,815,2768.958749999997,borda
630,Q0,LA102590-0133,816,2768.304999999998,borda
630,Q0,FR940817-2-00231,817,2759.941249999999,borda
630,Q0,LA120790-0110,818,2755.179999999998,borda
630,Q0,FBIS3-47305,819,2752.681249999996,borda
630,Q0,FT931-14589,820,2750.469999999998,borda
630,Q0,FT944-13668,821,2748.8287499999997,borda
630,Q0,FBIS3-60516,822,2744.247499999999,borda
630,Q0,LA101790-0043,823,2742.4974999999977,borda
630,Q0,LA100590-0052,824,2741.6887499999975,borda
630,Q0,FBIS4-18219,825,2741.498749999997,borda
630,Q0,FBIS4-60167,826,2740.2187499999973,borda
630,Q0,FBIS3-2950,827,2732.001249999997,borda
630,Q0,LA103190-0033,828,2729.8087499999965,borda
630,Q0,LA100790-0149,829,2723.611249999999,borda
630,Q0,FT931-2608,830,2715.621249999999,borda
630,Q0,LA112090-0034,831,2713.8987499999994,borda
630,Q0,FBIS4-46014,832,2706.357499999998,borda
630,Q0,LA111489-0106,833,2704.0987499999987,borda
630,Q0,LA090190-0123,834,2702.676249999997,borda
630,Q0,LA081590-0100,835,2701.377499999999,borda
630,Q0,FR940725-0-00095,836,2700.3412499999995,borda
630,Q0,FBIS3-14717,837,2699.5399999999972,borda
630,Q0,FBIS4-16699,838,2693.5512499999963,borda
630,Q0,LA112990-0096,839,2692.1837499999983,borda
630,Q0,FBIS3-5210,840,2686.6249999999986,borda
630,Q0,LA090590-0058,841,2684.786249999998,borda
630,Q0,LA121190-0110,842,2679.476249999999,borda
630,Q0,LA092090-0162,843,2669.0124999999985,borda
630,Q0,LA081890-0020,844,2660.939999999998,borda
630,Q0,LA082890-0057,845,2655.0749999999975,borda
630,Q0,LA120290-0099,846,2651.9224999999983,borda
630,Q0,LA012190-0203,847,2651.2999999999993,borda
630,Q0,LA030989-0098,848,2646.851249999999,borda
630,Q0,LA082490-0058,849,2645.299999999999,borda
630,Q0,LA012590-0010,850,2644.121249999999,borda
630,Q0,LA091090-0071,851,2637.1024999999986,borda
630,Q0,LA091790-0041,852,2632.8499999999967,borda
630,Q0,FT921-3280,853,2624.7799999999975,borda
630,Q0,FBIS4-58873,854,2615.7287499999966,borda
630,Q0,FT923-11476,855,2611.914999999999,borda
630,Q0,LA102089-0099,856,2607.5612499999984,borda
630,Q0,FR940405-1-00084,857,2602.364999999999,borda
630,Q0,FBIS4-29168,858,2602.266249999998,borda
630,Q0,FBIS4-55103,859,2591.5874999999983,borda
630,Q0,LA100290-0126,860,2589.3637499999986,borda
630,Q0,LA080790-0061,861,2588.937499999999,borda
630,Q0,FBIS3-34315,862,2583.851249999997,borda
630,Q0,LA122489-0035,863,2573.329999999999,borda
630,Q0,LA061589-0030,864,2563.3599999999965,borda
630,Q0,FT922-15070,865,2558.501249999996,borda
630,Q0,LA112390-0084,866,2557.4474999999993,borda
630,Q0,FT921-7028,867,2554.9012499999976,borda
630,Q0,LA110989-0080,868,2543.4787499999998,borda
630,Q0,LA050490-0037,869,2534.1162499999996,borda
630,Q0,LA060989-0129,870,2532.879999999999,borda
630,Q0,LA042590-0136,871,2531.1337499999995,borda
630,Q0,FT922-3272,872,2527.6937499999976,borda
630,Q0,FBIS4-64275,873,2520.079999999999,borda
630,Q0,FT911-521,874,2517.6499999999983,borda
630,Q0,FR941117-2-00015,875,2513.0799999999963,borda
630,Q0,FT931-10620,876,2506.1112499999986,borda
630,Q0,LA090990-0180,877,2495.6862499999984,borda
630,Q0,FBIS3-14374,878,2495.3512499999965,borda
630,Q0,LA040889-0048,879,2487.288749999996,borda
630,Q0,FBIS4-20756,880,2486.972499999998,borda
630,Q0,LA121290-0114,881,2485.7387499999973,borda
630,Q0,FT921-316,882,2482.6862499999966,borda
630,Q0,FT921-10611,883,2481.8449999999975,borda
630,Q0,LA021989-0166,884,2478.688749999999,borda
630,Q0,FT922-12025,885,2468.744999999998,borda
630,Q0,FT931-15267,886,2467.7624999999975,borda
630,Q0,FBIS3-22519,887,2464.9587499999993,borda
630,Q0,FT911-305,888,2463.7187499999977,borda
630,Q0,FBIS4-60030,889,2451.3299999999967,borda
630,Q0,FBIS3-12669,890,2450.588749999998,borda
630,Q0,FT911-2011,891,2448.9637499999963,borda
630,Q0,FT924-8276,892,2448.814999999997,borda
630,Q0,FBIS3-18062,893,2448.103749999998,borda
630,Q0,FBIS4-12958,894,2428.522499999997,borda
630,Q0,FBIS3-21473,895,2424.552499999997,borda
630,Q0,FT941-2153,896,2423.018749999999,borda
630,Q0,FT922-2595,897,2419.458749999996,borda
630,Q0,LA111190-0067,898,2417.4874999999984,borda
630,Q0,LA082490-0001,899,2416.8299999999977,borda
630,Q0,FBIS3-59837,900,2416.1299999999983,borda
630,Q0,FT923-8509,901,2413.30125,borda
630,Q0,FR940616-0-00097,902,2406.453749999999,borda
630,Q0,LA071190-0053,903,2389.2449999999994,borda
630,Q0,FBIS3-41666,904,2388.3949999999995,borda
630,Q0,FT922-1142,905,2383.5462499999994,borda
630,Q0,LA031490-0076,906,2379.3237499999996,borda
630,Q0,LA101790-0049,907,2378.8362499999994,borda
630,Q0,FT911-4068,908,2377.518749999996,borda
630,Q0,FBIS3-13790,909,2374.298749999998,borda
630,Q0,FT923-11618,910,2363.804999999998,borda
630,Q0,FT931-8478,911,2359.5412499999975,borda
630,Q0,LA081990-0042,912,2356.7274999999986,borda
630,Q0,LA110690-0082,913,2355.9287499999978,borda
630,Q0,FR940725-0-00110,914,2352.7274999999995,borda
630,Q0,FBIS3-35041,915,2350.801249999997,borda
630,Q0,FBIS4-60066,916,2338.798749999997,borda
630,Q0,LA112190-0028,917,2334.9824999999983,borda
630,Q0,LA060689-0057,918,2330.454999999999,borda
630,Q0,FBIS3-14487,919,2325.381249999997,borda
630,Q0,FT911-519,920,2316.6624999999967,borda
630,Q0,FT941-15135,921,2315.1487499999985,borda
630,Q0,LA051790-0095,922,2313.529999999998,borda
630,Q0,LA112790-0062,923,2313.233749999999,borda
630,Q0,FT921-11377,924,2312.8737499999966,borda
630,Q0,FT921-10236,925,2304.416249999997,borda
630,Q0,FT923-14264,926,2304.266249999997,borda
630,Q0,FT921-405,927,2302.481249999997,borda
630,Q0,LA121790-0028,928,2301.2537499999994,borda
630,Q0,LA081090-0065,929,2300.8499999999976,borda
630,Q0,LA020189-0103,930,2298.88375,borda
630,Q0,FT921-6280,931,2297.243749999997,borda
630,Q0,FBIS4-66185,932,2290.4875,borda
630,Q0,LA091690-0154,933,2285.5737499999977,borda
630,Q0,FR940203-2-00015,934,2277.5374999999967,borda
630,Q0,LA073089-0082,935,2270.536249999999,borda
630,Q0,FT921-15287,936,2269.08,borda
630,Q0,FT921-16087,937,2266.0774999999994,borda
630,Q0,FT921-5287,938,2264.9274999999966,borda
630,Q0,FT943-7159,939,2255.862499999999,borda
630,Q0,FBIS3-22443,940,2252.9974999999963,borda
630,Q0,FT924-10364,941,2248.906249999999,borda
630,Q0,FT911-1307,942,2247.5012499999984,borda
630,Q0,LA102790-0137,943,2245.8262499999973,borda
630,Q0,FR940722-2-00010,944,2239.2424999999967,borda
630,Q0,FT923-5574,945,2237.7562499999967,borda
630,Q0,LA101790-0084,946,2233.65875,borda
630,Q0,FT924-8903,947,2230.149999999998,borda
630,Q0,LA121089-0235,948,2230.1149999999984,borda
630,Q0,FT942-15268,949,2223.834999999998,borda
630,Q0,FBIS3-13177,950,2223.634999999998,borda
630,Q0,FT921-10914,951,2221.1374999999975,borda
630,Q0,LA122389-0074,952,2216.846249999999,borda
630,Q0,FT932-16488,953,2211.7737499999976,borda
630,Q0,LA061190-0013,954,2206.5299999999997,borda
630,Q0,FBIS3-13511,955,2187.717499999999,borda
630,Q0,LA100890-0114,956,2185.2887499999993,borda
630,Q0,FT921-1950,957,2180.3137500000007,borda
630,Q0,FT931-16810,958,2177.954999999997,borda
630,Q0,FBIS3-44845,959,2175.717499999997,borda
630,Q0,FBIS4-6369,960,2174.6724999999974,borda
630,Q0,FT911-1782,961,2174.19875,borda
630,Q0,FBIS3-44937,962,2171.0712499999972,borda
630,Q0,LA080490-0107,963,2169.4124999999985,borda
630,Q0,FBIS3-34907,964,2169.4062499999986,borda
630,Q0,LA090190-0081,965,2159.7099999999973,borda
630,Q0,FT922-2527,966,2158.939999999999,borda
630,Q0,LA091990-0008,967,2158.9012499999985,borda
630,Q0,LA080490-0110,968,2157.9249999999984,borda
630,Q0,LA120190-0063,969,2154.8012499999986,borda
630,Q0,FT911-4309,970,2154.1199999999963,borda
630,Q0,LA121690-0224,971,2153.131249999999,borda
630,Q0,LA122690-0003,972,2150.4212499999976,borda
630,Q0,FBIS4-37163,973,2150.0624999999986,borda
630,Q0,LA081290-0070,974,2143.104999999999,borda
630,Q0,FBIS3-31006,975,2141.549999999999,borda
630,Q0,LA020690-0088,976,2141.0049999999997,borda
630,Q0,LA012989-0030,977,2139.3037499999987,borda
630,Q0,FBIS3-54066,978,2138.5762499999973,borda
630,Q0,FBIS3-54082,979,2132.403749999997,borda
630,Q0,FT944-7541,980,2125.2149999999997,borda
630,Q0,LA011590-0099,981,2124.4074999999993,borda
630,Q0,FR941227-2-00032,982,2116.128749999997,borda
630,Q0,FBIS4-59001,983,2104.1762499999977,borda
630,Q0,LA101490-0024,984,2098.7174999999984,borda
630,Q0,LA020889-0092,985,2096.168749999998,borda
630,Q0,FBIS4-36341,986,2096.0637499999984,borda
630,Q0,FT933-12069,987,2095.101249999998,borda
630,Q0,FBIS4-36953,988,2089.192499999997,borda
630,Q0,LA120690-0188,989,2087.9362499999975,borda
630,Q0,FT942-1237,990,2087.0587499999992,borda
630,Q0,FT911-748,991,2086.443749999997,borda
630,Q0,FT943-1481,992,2076.179999999997,borda
630,Q0,FT922-2120,993,2074.738749999997,borda
630,Q0,LA090990-0032,994,2074.194999999998,borda
630,Q0,LA111190-0190,995,2068.3249999999994,borda
630,Q0,FBIS3-44300,996,2064.2949999999973,borda
630,Q0,FT924-9214,997,2063.604999999997,borda
630,Q0,FBIS3-12777,998,2063.086249999999,borda
630,Q0,LA110490-0183,999,2061.2974999999983,borda
630,Q0,LA120290-0166,1000,2049.686249999999,borda
645,Q0,FT944-16684,1,12843.096249999986,borda
645,Q0,FT942-9936,2,12814.888749999987,borda
645,Q0,FT931-8281,3,12810.057499999986,borda
645,Q0,FT932-5610,4,12782.758749999988,borda
645,Q0,FT924-2798,5,12774.042499999987,borda
645,Q0,FT921-6989,6,12770.149999999985,borda
645,Q0,FT924-4322,7,12763.953749999982,borda
645,Q0,FT944-15783,8,12763.73749999999,borda
645,Q0,FT923-13993,9,12718.157499999988,borda
645,Q0,FBIS4-7278,10,12695.771249999987,borda
645,Q0,FT934-5574,11,12686.91499999999,borda
645,Q0,FBIS4-66776,12,12679.038749999985,borda
645,Q0,FT921-16027,13,12658.407499999987,borda
645,Q0,FT911-3757,14,12652.82874999999,borda
645,Q0,LA102290-0109,15,12638.212499999983,borda
645,Q0,FT941-308,16,12626.454999999985,borda
645,Q0,FT934-6158,17,12620.502499999988,borda
645,Q0,FT942-4659,18,12592.698749999985,borda
645,Q0,FT924-4321,19,12588.693749999988,borda
645,Q0,FT942-4841,20,12549.676249999988,borda
645,Q0,FBIS3-42979,21,12549.11374999999,borda
645,Q0,FT943-7674,22,12545.586249999991,borda
645,Q0,FBIS3-43017,23,12536.24624999999,borda
645,Q0,FBIS3-27983,24,12532.139999999987,borda
645,Q0,FT934-12634,25,12530.861249999987,borda
645,Q0,FT922-12038,26,12529.16499999999,borda
645,Q0,FT932-14130,27,12521.286249999986,borda
645,Q0,FBIS4-34652,28,12508.694999999985,borda
645,Q0,FT943-17085,29,12508.188749999988,borda
645,Q0,LA080289-0103,30,12502.431249999989,borda
645,Q0,FT932-2521,31,12462.466249999987,borda
645,Q0,FT944-13685,32,12451.96499999999,borda
645,Q0,FT944-1361,33,12447.891249999988,borda
645,Q0,FBIS4-1581,34,12416.392499999989,borda
645,Q0,FT941-9238,35,12410.088749999988,borda
645,Q0,FT911-3870,36,12402.948749999987,borda
645,Q0,FT932-17437,37,12369.164999999988,borda
645,Q0,FT911-4754,38,12363.92624999999,borda
645,Q0,FT944-13688,39,12356.236249999989,borda
645,Q0,FT923-178,40,12287.719999999992,borda
645,Q0,FT911-4628,41,12274.154999999988,borda
645,Q0,FBIS3-2003,42,12249.528749999987,borda
645,Q0,FT932-17442,43,12248.786249999988,borda
645,Q0,FT931-6663,44,12247.571249999985,borda
645,Q0,FBIS3-59760,45,12222.787499999986,borda
645,Q0,FT942-7652,46,12206.019999999988,borda
645,Q0,FT934-5579,47,12192.379999999986,borda
645,Q0,FT911-4874,48,12048.819999999989,borda
645,Q0,FT922-6363,49,12004.033749999988,borda
645,Q0,FT932-14146,50,11969.229999999989,borda
645,Q0,FT941-774,51,11922.322499999984,borda
645,Q0,FBIS4-26215,52,11889.464999999987,borda
645,Q0,FBIS4-27675,53,11864.333749999987,borda
645,Q0,FBIS3-31287,54,11835.598749999985,borda
645,Q0,FBIS4-26051,55,11749.87624999999,borda
645,Q0,FBIS4-26750,56,11721.702499999989,borda
645,Q0,FT924-2990,57,11569.218749999987,borda
645,Q0,FT944-17861,58,11503.00124999999,borda
645,Q0,FT944-12009,59,11465.628749999987,borda
645,Q0,FT911-3920,60,11456.426249999988,borda
645,Q0,FT922-1476,61,11384.952499999989,borda
645,Q0,FT942-17037,62,11335.727499999986,borda
645,Q0,LA121490-0080,63,11299.027499999991,borda
645,Q0,FT942-13126,64,11278.65999999999,borda
645,Q0,FT943-6349,65,11277.637499999988,borda
645,Q0,FT921-14351,66,11270.011249999987,borda
645,Q0,FT942-13270,67,11221.603749999987,borda
645,Q0,FT911-4053,68,11139.891249999988,borda
645,Q0,FT942-1588,69,10944.61749999999,borda
645,Q0,FT922-12236,70,10837.62374999999,borda
645,Q0,FT924-12863,71,10835.75124999999,borda
645,Q0,FT942-13117,72,10805.666249999987,borda
645,Q0,FBIS4-27360,73,10805.389999999989,borda
645,Q0,FT942-17598,74,10771.032499999988,borda
645,Q0,FT922-8611,75,10692.83124999999,borda
645,Q0,FT933-13152,76,10659.016249999988,borda
645,Q0,FT944-18395,77,10655.27999999999,borda
645,Q0,FBIS4-49920,78,10655.13874999999,borda
645,Q0,FT921-9212,79,10647.082499999988,borda
645,Q0,FT921-3046,80,10640.95874999999,borda
645,Q0,FT923-11779,81,10587.96124999999,borda
645,Q0,FT921-11827,82,10553.611249999989,borda
645,Q0,FBIS3-10216,83,10527.707499999986,borda
645,Q0,FT933-7303,84,10517.983749999989,borda
645,Q0,FT943-2455,85,10457.26124999999,borda
645,Q0,FT944-9458,86,10453.484999999991,borda
645,Q0,LA123090-0166,87,10432.224999999988,borda
645,Q0,FBIS3-29709,88,10398.81624999999,borda
645,Q0,FT932-14140,89,10373.066249999989,borda
645,Q0,FT931-4284,90,10372.99124999999,borda
645,Q0,FT943-3259,91,10367.83999999999,borda
645,Q0,LA051690-0141,92,10350.659999999987,borda
645,Q0,FT942-3695,93,10348.971249999988,borda
645,Q0,FT942-13146,94,10337.338749999986,borda
645,Q0,FT922-2579,95,10283.182499999992,borda
645,Q0,FT911-3908,96,10277.468749999989,borda
645,Q0,FT941-15987,97,10251.644999999988,borda
645,Q0,FT943-11702,98,10238.97124999999,borda
645,Q0,FT942-7293,99,10200.45874999999,borda
645,Q0,LA022890-0049,100,10186.04374999999,borda
645,Q0,FT931-8283,101,10107.87499999999,borda
645,Q0,FT933-1582,102,10102.49374999999,borda
645,Q0,FT943-13649,103,10085.28874999999,borda
645,Q0,FR940620-1-00070,104,10083.96624999999,borda
645,Q0,FT922-761,105,10046.339999999987,borda
645,Q0,FR940620-1-00064,106,10025.829999999989,borda
645,Q0,FT941-1164,107,9984.747499999989,borda
645,Q0,FT921-14961,108,9930.161249999994,borda
645,Q0,FT931-8977,109,9916.31374999999,borda
645,Q0,FR940620-1-00091,110,9799.60999999999,borda
645,Q0,FR940620-1-00069,111,9798.249999999989,borda
645,Q0,FT922-12957,112,9726.87624999999,borda
645,Q0,FT923-15227,113,9720.99374999999,borda
645,Q0,FT911-3911,114,9679.87624999999,borda
645,Q0,FT944-16463,115,9600.478749999993,borda
645,Q0,FT943-1226,116,9591.923749999993,borda
645,Q0,FT932-11952,117,9585.15249999999,borda
645,Q0,FT932-1318,118,9574.677499999993,borda
645,Q0,FT931-5088,119,9551.472499999993,borda
645,Q0,FT924-2775,120,9492.97999999999,borda
645,Q0,FT924-2794,121,9491.412499999991,borda
645,Q0,LA061389-0077,122,9471.207499999991,borda
645,Q0,FT934-4789,123,9439.298749999989,borda
645,Q0,FT921-9218,124,9410.509999999991,borda
645,Q0,FT942-10534,125,9397.99374999999,borda
645,Q0,FT922-2709,126,9393.239999999993,borda
645,Q0,FT942-11282,127,9373.206249999992,borda
645,Q0,FT932-3930,128,9313.292499999992,borda
645,Q0,FR941117-2-00076,129,9309.067499999992,borda
645,Q0,FR940303-2-00212,130,9287.528749999992,borda
645,Q0,FT932-4390,131,9263.31999999999,borda
645,Q0,FT922-8115,132,9231.338749999992,borda
645,Q0,LA120889-0080,133,9217.89999999999,borda
645,Q0,FT924-4316,134,9123.803749999992,borda
645,Q0,LA090490-0071,135,9108.211249999995,borda
645,Q0,FT941-1564,136,9088.71874999999,borda
645,Q0,FT942-13534,137,9083.571249999992,borda
645,Q0,FT922-1473,138,9080.43249999999,borda
645,Q0,FT941-16810,139,9079.113749999991,borda
645,Q0,FT943-13543,140,9071.48874999999,borda
645,Q0,FT944-138,141,9041.018749999992,borda
645,Q0,FR940112-1-00024,142,9038.851249999992,borda
645,Q0,FT944-5815,143,9026.987499999992,borda
645,Q0,LA050790-0087,144,9026.492499999993,borda
645,Q0,FT944-17507,145,9021.86624999999,borda
645,Q0,FT933-2205,146,9016.21874999999,borda
645,Q0,FT922-11931,147,8993.716249999992,borda
645,Q0,FT941-14975,148,8993.67624999999,borda
645,Q0,FT942-575,149,8938.364999999993,borda
645,Q0,FT944-10923,150,8905.447499999991,borda
645,Q0,FR940620-1-00063,151,8903.018749999988,borda
645,Q0,FT924-15674,152,8899.52499999999,borda
645,Q0,FT941-1865,153,8886.77999999999,borda
645,Q0,LA020889-0057,154,8877.40499999999,borda
645,Q0,FBIS3-4779,155,8872.983749999989,borda
645,Q0,FR940525-0-00042,156,8866.76749999999,borda
645,Q0,FT932-2428,157,8859.016249999991,borda
645,Q0,FT934-1168,158,8855.99499999999,borda
645,Q0,FR941117-2-00081,159,8841.889999999992,borda
645,Q0,FT911-4347,160,8790.46374999999,borda
645,Q0,FT924-15719,161,8765.802499999993,borda
645,Q0,FT944-11947,162,8754.14999999999,borda
645,Q0,FR940620-1-00059,163,8742.727499999992,borda
645,Q0,FT924-15216,164,8740.586249999995,borda
645,Q0,LA121590-0042,165,8681.54874999999,borda
645,Q0,FT941-13624,166,8651.443749999991,borda
645,Q0,FT944-5796,167,8644.00624999999,borda
645,Q0,FT911-4013,168,8637.346249999991,borda
645,Q0,FT933-1953,169,8636.401249999992,borda
645,Q0,FT911-59,170,8635.29124999999,borda
645,Q0,FR940620-1-00092,171,8630.633749999994,borda
645,Q0,FT922-10427,172,8622.83374999999,borda
645,Q0,FT933-11784,173,8621.807499999992,borda
645,Q0,FT931-8262,174,8608.733749999992,borda
645,Q0,FT941-3889,175,8606.442499999992,borda
645,Q0,FT943-615,176,8599.759999999991,borda
645,Q0,FT932-10518,177,8597.911249999992,borda
645,Q0,FR940620-1-00060,178,8592.60874999999,borda
645,Q0,FT943-13881,179,8588.30999999999,borda
645,Q0,FT933-6659,180,8563.464999999991,borda
645,Q0,FT931-6361,181,8557.409999999993,borda
645,Q0,LA071090-0086,182,8543.346249999991,borda
645,Q0,FT933-4157,183,8532.176249999993,borda
645,Q0,FT923-1054,184,8516.693749999991,borda
645,Q0,FT921-8549,185,8498.856249999992,borda
645,Q0,FBIS4-49204,186,8495.32374999999,borda
645,Q0,FT931-16882,187,8479.06624999999,borda
645,Q0,FT934-9845,188,8466.523749999991,borda
645,Q0,FT942-6304,189,8453.402499999991,borda
645,Q0,FR940620-1-00082,190,8392.461249999991,borda
645,Q0,FBIS4-49424,191,8383.34374999999,borda
645,Q0,FT933-4694,192,8377.551249999991,borda
645,Q0,FR940523-1-00012,193,8375.26249999999,borda
645,Q0,FT943-13172,194,8274.18749999999,borda
645,Q0,FT932-16091,195,8273.948749999992,borda
645,Q0,LA080189-0113,196,8253.678749999992,borda
645,Q0,LA112189-0138,197,8232.304999999991,borda
645,Q0,FT933-12550,198,8223.32374999999,borda
645,Q0,FBIS3-45996,199,8219.95874999999,borda
645,Q0,LA051590-0137,200,8184.098749999993,borda
645,Q0,FT942-13122,201,8132.7574999999915,borda
645,Q0,FT942-13134,202,8122.791249999992,borda
645,Q0,FT931-12492,203,8115.457499999991,borda
645,Q0,FT944-18387,204,8104.304999999993,borda
645,Q0,FT924-15330,205,8092.939999999992,borda
645,Q0,FT931-7292,206,8049.227499999991,borda
645,Q0,FR940902-1-00014,207,8032.562499999992,borda
645,Q0,FT943-16041,208,8018.318749999992,borda
645,Q0,FT934-5597,209,7993.19999999999,borda
645,Q0,FT931-599,210,7984.938749999992,borda
645,Q0,FT941-13206,211,7977.393749999991,borda
645,Q0,FT934-5581,212,7972.573749999994,borda
645,Q0,FT932-3446,213,7964.4137499999915,borda
645,Q0,FT942-13131,214,7952.762499999992,borda
645,Q0,LA111390-0082,215,7921.948749999993,borda
645,Q0,FT933-12138,216,7915.516249999992,borda
645,Q0,FR940620-1-00099,217,7899.276249999993,borda
645,Q0,FT924-8560,218,7899.242499999993,borda
645,Q0,FT932-6837,219,7853.1149999999925,borda
645,Q0,LA110890-0182,220,7844.178749999993,borda
645,Q0,FT944-18631,221,7828.961249999994,borda
645,Q0,FT942-8610,222,7797.007499999992,borda
645,Q0,FT942-4365,223,7773.693749999994,borda
645,Q0,FR940620-1-00061,224,7768.274999999991,borda
645,Q0,FT934-5580,225,7767.788749999994,borda
645,Q0,FT942-15716,226,7751.964999999991,borda
645,Q0,FT934-8509,227,7742.716249999993,borda
645,Q0,FT942-5021,228,7742.213749999993,borda
645,Q0,LA062990-0125,229,7730.942499999992,borda
645,Q0,FT922-5829,230,7728.316249999993,borda
645,Q0,FT942-8859,231,7720.409999999992,borda
645,Q0,FR941117-2-00077,232,7707.624999999993,borda
645,Q0,FT933-9460,233,7701.214999999993,borda
645,Q0,FT944-14789,234,7694.0212499999925,borda
645,Q0,FR940620-1-00066,235,7671.21124999999,borda
645,Q0,FT922-14466,236,7670.351249999992,borda
645,Q0,FT934-13974,237,7667.611249999995,borda
645,Q0,FT931-2665,238,7664.046249999993,borda
645,Q0,FBIS3-59600,239,7640.221249999992,borda
645,Q0,FT932-11172,240,7626.881249999991,borda
645,Q0,FT922-14470,241,7594.377499999991,borda
645,Q0,FT924-2795,242,7572.959999999991,borda
645,Q0,FT923-14592,243,7567.118749999991,borda
645,Q0,FT923-14085,244,7523.792499999991,borda
645,Q0,FT941-8138,245,7515.902499999993,borda
645,Q0,FR940414-0-00011,246,7506.932499999993,borda
645,Q0,FR940620-1-00080,247,7501.206249999993,borda
645,Q0,FT923-14623,248,7484.67124999999,borda
645,Q0,FT922-1466,249,7483.133749999994,borda
645,Q0,FT923-14595,250,7467.356249999991,borda
645,Q0,FT943-8569,251,7465.139999999992,borda
645,Q0,FT943-2287,252,7460.484999999992,borda
645,Q0,FT931-8285,253,7453.636249999994,borda
645,Q0,FT942-4813,254,7441.752499999993,borda
645,Q0,FT944-14002,255,7436.438749999994,borda
645,Q0,FT923-14624,256,7433.696249999992,borda
645,Q0,FT941-4573,257,7417.141249999993,borda
645,Q0,FT931-8241,258,7398.043749999993,borda
645,Q0,FR940620-1-00081,259,7393.136249999994,borda
645,Q0,FT943-7226,260,7392.716249999992,borda
645,Q0,FT931-8286,261,7386.309999999994,borda
645,Q0,FT921-2411,262,7365.768749999991,borda
645,Q0,FT934-13283,263,7355.979999999992,borda
645,Q0,FT941-3302,264,7331.122499999991,borda
645,Q0,FT941-13212,265,7319.563749999992,borda
645,Q0,FT943-8634,266,7305.16249999999,borda
645,Q0,FT933-4464,267,7281.997499999991,borda
645,Q0,FT941-15055,268,7270.479999999991,borda
645,Q0,FT933-16673,269,7260.9274999999925,borda
645,Q0,FT941-4513,270,7258.3112499999925,borda
645,Q0,FR940620-1-00083,271,7256.488749999992,borda
645,Q0,FT923-14594,272,7236.849999999991,borda
645,Q0,FBIS4-50931,273,7198.039999999995,borda
645,Q0,FT932-1541,274,7193.598749999994,borda
645,Q0,FT944-15988,275,7191.6324999999915,borda
645,Q0,FT941-15141,276,7177.922499999992,borda
645,Q0,FR940620-1-00065,277,7170.434999999993,borda
645,Q0,FBIS4-49423,278,7170.331249999991,borda
645,Q0,LA080689-0161,279,7168.451249999991,borda
645,Q0,FT944-11429,280,7167.962499999991,borda
645,Q0,FR940620-1-00062,281,7167.027499999993,borda
645,Q0,FT922-125,282,7164.252499999991,borda
645,Q0,FT934-8931,283,7163.6724999999915,borda
645,Q0,FT944-11964,284,7159.518749999992,borda
645,Q0,LA123189-0015,285,7138.448749999993,borda
645,Q0,LA122790-0191,286,7119.083749999993,borda
645,Q0,FR940620-1-00058,287,7103.249999999993,borda
645,Q0,FBIS3-30130,288,7067.106249999993,borda
645,Q0,FT941-1909,289,7065.126249999991,borda
645,Q0,FT934-9932,290,7060.429999999993,borda
645,Q0,FT933-4495,291,7052.062499999991,borda
645,Q0,FBIS3-47698,292,7035.756249999994,borda
645,Q0,FBIS4-28468,293,7034.242499999994,borda
645,Q0,FT931-1755,294,7024.442499999994,borda
645,Q0,FT932-303,295,7007.303749999994,borda
645,Q0,LA020490-0231,296,7006.987499999992,borda
645,Q0,FR941117-2-00082,297,7006.351249999993,borda
645,Q0,FT942-6211,298,7003.176249999994,borda
645,Q0,FT922-1480,299,6995.2049999999945,borda
645,Q0,LA051689-0089,300,6995.027499999992,borda
645,Q0,LA080189-0145,301,6983.851249999994,borda
645,Q0,FT933-6435,302,6963.7437499999905,borda
645,Q0,FT941-7487,303,6947.629999999992,borda
645,Q0,FT931-2010,304,6918.952499999991,borda
645,Q0,FT924-15645,305,6915.5662499999935,borda
645,Q0,FR940516-0-00059,306,6910.263749999992,borda
645,Q0,LA121389-0058,307,6902.973749999994,borda
645,Q0,FT932-13340,308,6901.299999999994,borda
645,Q0,FT932-290,309,6901.006249999993,borda
645,Q0,FR940620-1-00039,310,6894.993749999992,borda
645,Q0,LA112290-0170,311,6894.193749999993,borda
645,Q0,FT943-13245,312,6881.51499999999,borda
645,Q0,FT941-4524,313,6855.8387499999935,borda
645,Q0,FT941-12167,314,6851.593749999993,borda
645,Q0,FT944-11829,315,6846.626249999995,borda
645,Q0,FR940620-1-00040,316,6834.898749999991,borda
645,Q0,FT931-4265,317,6830.777499999993,borda
645,Q0,FT942-4221,318,6820.962499999993,borda
645,Q0,FT943-4709,319,6815.296249999993,borda
645,Q0,FT943-386,320,6810.204999999993,borda
645,Q0,FR940414-0-00012,321,6795.283749999993,borda
645,Q0,FBIS4-50144,322,6775.234999999993,borda
645,Q0,FT944-9479,323,6764.388749999994,borda
645,Q0,FT922-11709,324,6725.361249999992,borda
645,Q0,FT934-5601,325,6723.334999999994,borda
645,Q0,LA102489-0085,326,6699.376249999992,borda
645,Q0,FT931-10758,327,6682.824999999993,borda
645,Q0,FR940414-0-00003,328,6671.132499999992,borda
645,Q0,FT932-8992,329,6669.5212499999925,borda
645,Q0,LA091989-0147,330,6655.427499999994,borda
645,Q0,FT923-39,331,6654.209999999994,borda
645,Q0,FT932-2982,332,6649.951249999994,borda
645,Q0,FT942-230,333,6636.142499999993,borda
645,Q0,FT911-5319,334,6631.246249999993,borda
645,Q0,FT941-4525,335,6621.261249999992,borda
645,Q0,FT941-2351,336,6615.456249999992,borda
645,Q0,FBIS4-44544,337,6591.354999999993,borda
645,Q0,FBIS4-44576,338,6580.831249999995,borda
645,Q0,FBIS3-40209,339,6574.903749999993,borda
645,Q0,FBIS4-27339,340,6574.841249999993,borda
645,Q0,LA121589-0128,341,6574.757499999992,borda
645,Q0,FT941-9935,342,6573.491249999992,borda
645,Q0,FT944-14887,343,6572.199999999993,borda
645,Q0,FT922-6382,344,6569.372499999995,borda
645,Q0,FT942-6324,345,6544.1249999999945,borda
645,Q0,FT944-14659,346,6517.0312499999945,borda
645,Q0,FT941-4531,347,6499.341249999994,borda
645,Q0,FT931-13611,348,6496.072499999993,borda
645,Q0,FT941-4521,349,6480.931249999992,borda
645,Q0,FR940620-1-00101,350,6478.002499999992,borda
645,Q0,FBIS4-35174,351,6476.636249999994,borda
645,Q0,FT942-13125,352,6458.044999999993,borda
645,Q0,FT941-16806,353,6458.022499999993,borda
645,Q0,FT944-16180,354,6451.483749999993,borda
645,Q0,FT944-9533,355,6449.996249999993,borda
645,Q0,FT944-7722,356,6437.073749999994,borda
645,Q0,FT941-5575,357,6409.351249999993,borda
645,Q0,FT944-18386,358,6362.822499999996,borda
645,Q0,FR940620-1-00088,359,6352.849999999993,borda
645,Q0,FBIS3-46434,360,6350.799999999994,borda
645,Q0,LA041889-0125,361,6350.653749999993,borda
645,Q0,LA090790-0074,362,6337.887499999993,borda
645,Q0,FT924-13875,363,6326.426249999994,borda
645,Q0,FR941013-1-00092,364,6297.481249999993,borda
645,Q0,FT944-15786,365,6295.882499999992,borda
645,Q0,FT934-5576,366,6286.423749999993,borda
645,Q0,FT932-10244,367,6283.598749999994,borda
645,Q0,FT932-9747,368,6278.869999999993,borda
645,Q0,FBIS4-49190,369,6260.232499999994,borda
645,Q0,FT923-14470,370,6249.704999999995,borda
645,Q0,FT911-3906,371,6244.344999999994,borda
645,Q0,FR940620-1-00089,372,6210.929999999994,borda
645,Q0,FT944-8974,373,6196.624999999993,borda
645,Q0,FT941-3632,374,6194.384999999994,borda
645,Q0,FT944-9277,375,6191.326249999994,borda
645,Q0,FT924-13710,376,6182.849999999994,borda
645,Q0,FT933-3183,377,6180.926249999993,borda
645,Q0,FT944-5788,378,6174.0887499999935,borda
645,Q0,FT942-2139,379,6173.709999999993,borda
645,Q0,FT941-7937,380,6165.012499999993,borda
645,Q0,FT911-4457,381,6152.228749999994,borda
645,Q0,LA013090-0138,382,6151.872499999992,borda
645,Q0,FT944-9457,383,6149.396249999993,borda
645,Q0,LA111390-0083,384,6146.912499999995,borda
645,Q0,FBIS4-42798,385,6139.2674999999945,borda
645,Q0,FR940620-1-00093,386,6135.984999999993,borda
645,Q0,FT932-6846,387,6130.934999999994,borda
645,Q0,FT932-6862,388,6130.623749999993,borda
645,Q0,FT932-14134,389,6130.184999999992,borda
645,Q0,FT924-15711,390,6089.902499999995,borda
645,Q0,FT922-14465,391,6066.293749999993,borda
645,Q0,FT944-1871,392,6031.244999999994,borda
645,Q0,FT943-14212,393,6029.571249999994,borda
645,Q0,FT933-12831,394,6019.421249999993,borda
645,Q0,LA103189-0036,395,6016.218749999993,borda
645,Q0,FT931-4263,396,6012.364999999993,borda
645,Q0,FBIS4-53973,397,6008.7812499999945,borda
645,Q0,FT931-6319,398,6000.111249999994,borda
645,Q0,FT922-187,399,5989.067499999995,borda
645,Q0,FT933-3392,400,5988.983749999995,borda
645,Q0,FT924-2586,401,5983.311249999993,borda
645,Q0,FT932-4747,402,5980.117499999994,borda
645,Q0,FT934-11879,403,5956.121249999994,borda
645,Q0,FT942-14716,404,5952.367499999993,borda
645,Q0,FT942-5871,405,5941.051249999993,borda
645,Q0,FT941-3331,406,5935.663749999995,borda
645,Q0,FT934-16359,407,5914.243749999994,borda
645,Q0,FR940819-2-00102,408,5888.864999999993,borda
645,Q0,FT944-2078,409,5887.451249999995,borda
645,Q0,FBIS3-4383,410,5855.5524999999925,borda
645,Q0,FT922-1483,411,5853.109999999993,borda
645,Q0,FT911-1567,412,5834.123749999994,borda
645,Q0,FT924-6809,413,5833.309999999993,borda
645,Q0,FR940620-1-00096,414,5779.869999999994,borda
645,Q0,FT922-10523,415,5758.842499999994,borda
645,Q0,FT924-3074,416,5755.512499999994,borda
645,Q0,FT922-4737,417,5740.151249999994,borda
645,Q0,FR940620-1-00084,418,5725.766249999993,borda
645,Q0,FT911-3921,419,5718.241249999994,borda
645,Q0,FT941-12801,420,5701.546249999994,borda
645,Q0,FT931-4274,421,5695.024999999993,borda
645,Q0,FT941-14083,422,5690.857499999994,borda
645,Q0,FT942-13143,423,5690.701249999994,borda
645,Q0,FT911-4085,424,5687.246249999996,borda
645,Q0,FT931-2664,425,5661.337499999995,borda
645,Q0,FT941-4520,426,5661.048749999994,borda
645,Q0,FT931-2734,427,5656.877499999996,borda
645,Q0,FT921-2584,428,5634.054999999995,borda
645,Q0,FR940620-1-00068,429,5622.701249999994,borda
645,Q0,FT923-13306,430,5609.944999999993,borda
645,Q0,FT932-17364,431,5606.026249999994,borda
645,Q0,FT932-10646,432,5577.674999999994,borda
645,Q0,FR940620-1-00094,433,5577.368749999992,borda
645,Q0,FT932-297,434,5567.553749999993,borda
645,Q0,FT934-12094,435,5553.997499999994,borda
645,Q0,FT923-29,436,5529.162499999993,borda
645,Q0,FT932-353,437,5522.418749999993,borda
645,Q0,FT941-10368,438,5519.117499999996,borda
645,Q0,FBIS3-1847,439,5515.918749999995,borda
645,Q0,FT942-6994,440,5494.838749999994,borda
645,Q0,FT944-11044,441,5485.736249999993,borda
645,Q0,FT944-5778,442,5459.077499999994,borda
645,Q0,FT921-2413,443,5451.664999999995,borda
645,Q0,FT931-2000,444,5433.906249999994,borda
645,Q0,FT944-5797,445,5428.149999999993,borda
645,Q0,FT933-10240,446,5422.206249999994,borda
645,Q0,FT932-6844,447,5418.599999999994,borda
645,Q0,FT944-13158,448,5416.7587499999945,borda
645,Q0,FR940620-1-00079,449,5371.217499999993,borda
645,Q0,FT942-12410,450,5367.831249999995,borda
645,Q0,FT942-3311,451,5361.119999999994,borda
645,Q0,FT921-3916,452,5354.028749999994,borda
645,Q0,FT922-15298,453,5344.541249999995,borda
645,Q0,FT922-1461,454,5339.242499999994,borda
645,Q0,FT924-8749,455,5323.962499999995,borda
645,Q0,LA100489-0126,456,5307.0712499999945,borda
645,Q0,FT923-14472,457,5261.084999999994,borda
645,Q0,FR940620-1-00085,458,5249.182499999993,borda
645,Q0,FT941-4530,459,5242.933749999995,borda
645,Q0,FT933-1949,460,5238.797499999994,borda
645,Q0,FT923-14477,461,5235.371249999995,borda
645,Q0,FT941-4395,462,5229.167499999996,borda
645,Q0,FT924-7381,463,5218.984999999993,borda
645,Q0,FT942-14235,464,5209.538749999994,borda
645,Q0,FT934-5571,465,5205.707499999994,borda
645,Q0,FT942-7825,466,5191.501249999994,borda
645,Q0,LA052189-0063,467,5191.406249999996,borda
645,Q0,FT942-3222,468,5186.073749999995,borda
645,Q0,LA051789-0122,469,5176.271249999995,borda
645,Q0,FT943-13888,470,5161.319999999996,borda
645,Q0,FT922-14232,471,5159.907499999994,borda
645,Q0,FT941-3568,472,5156.469999999995,borda
645,Q0,FT943-2308,473,5155.342499999995,borda
645,Q0,LA050189-0066,474,5150.409999999996,borda
645,Q0,FT941-4141,475,5143.838749999995,borda
645,Q0,FT942-13795,476,5136.567499999995,borda
645,Q0,FBIS4-66486,477,5129.021249999994,borda
645,Q0,FBIS4-50758,478,5107.767499999995,borda
645,Q0,FT934-5578,479,5106.747499999993,borda
645,Q0,FT943-13586,480,5092.968749999995,borda
645,Q0,FBIS4-44885,481,5068.068749999995,borda
645,Q0,FT932-14914,482,5067.358749999997,borda
645,Q0,FT923-14651,483,5056.749999999996,borda
645,Q0,LA060390-0215,484,5048.576249999995,borda
645,Q0,FT941-4517,485,5048.492499999995,borda
645,Q0,FT932-6865,486,5046.869999999995,borda
645,Q0,FT931-1491,487,5031.5937499999945,borda
645,Q0,FT911-2173,488,5030.824999999995,borda
645,Q0,FT932-6420,489,5001.636249999993,borda
645,Q0,FT933-4471,490,4996.764999999994,borda
645,Q0,FT921-7492,491,4994.907499999997,borda
645,Q0,LA082390-0055,492,4992.096249999995,borda
645,Q0,FT942-7206,493,4988.844999999994,borda
645,Q0,FT944-238,494,4986.197499999994,borda
645,Q0,FT942-13271,495,4967.999999999996,borda
645,Q0,FT933-1583,496,4967.272499999995,borda
645,Q0,FBIS3-59538,497,4966.208749999994,borda
645,Q0,FBIS4-49442,498,4963.092499999996,borda
645,Q0,FT931-16698,499,4957.527499999994,borda
645,Q0,FT942-16943,500,4956.984999999994,borda
645,Q0,FT944-18446,501,4956.412499999997,borda
645,Q0,LA052189-0059,502,4947.322499999995,borda
645,Q0,FT944-9909,503,4945.042499999994,borda
645,Q0,FT931-6305,504,4934.068749999993,borda
645,Q0,FT931-4275,505,4926.329999999995,borda
645,Q0,FT921-2460,506,4916.239999999995,borda
645,Q0,FT931-6473,507,4914.529999999994,borda
645,Q0,FT932-382,508,4896.854999999995,borda
645,Q0,FT932-14128,509,4893.068749999997,borda
645,Q0,FT924-3349,510,4889.994999999995,borda
645,Q0,FT933-1365,511,4886.747499999995,borda
645,Q0,FT941-14242,512,4886.042499999995,borda
645,Q0,FT941-9939,513,4870.594999999996,borda
645,Q0,FT923-216,514,4868.818749999993,borda
645,Q0,FT942-6266,515,4851.198749999997,borda
645,Q0,FT932-2345,516,4824.751249999995,borda
645,Q0,FR940414-0-00008,517,4819.857499999994,borda
645,Q0,FT923-9880,518,4811.943749999997,borda
645,Q0,FBIS3-59526,519,4794.3262499999955,borda
645,Q0,FT924-15875,520,4791.0049999999965,borda
645,Q0,FR940414-0-00004,521,4778.837499999994,borda
645,Q0,FT934-9043,522,4775.712499999995,borda
645,Q0,FT933-15370,523,4759.4287499999955,borda
645,Q0,FT931-4,524,4758.319999999995,borda
645,Q0,FT942-4137,525,4758.117499999996,borda
645,Q0,FT921-2453,526,4757.078749999997,borda
645,Q0,FT931-4283,527,4750.403749999994,borda
645,Q0,FT941-3375,528,4741.663749999996,borda
645,Q0,FT924-8568,529,4740.867499999995,borda
645,Q0,FT924-15656,530,4737.633749999995,borda
645,Q0,FT923-14598,531,4724.671249999995,borda
645,Q0,FT944-9256,532,4719.086249999995,borda
645,Q0,FT934-8305,533,4717.734999999996,borda
645,Q0,LA081089-0189,534,4715.693749999996,borda
645,Q0,FT911-3918,535,4689.264999999995,borda
645,Q0,FT943-9975,536,4682.912499999996,borda
645,Q0,FR941013-1-00091,537,4676.834999999996,borda
645,Q0,FT934-15481,538,4668.332499999997,borda
645,Q0,FT921-1251,539,4659.666249999995,borda
645,Q0,FT934-14195,540,4657.073749999995,borda
645,Q0,FT943-4344,541,4652.533749999997,borda
645,Q0,FT924-2781,542,4640.953749999994,borda
645,Q0,FT944-5853,543,4636.997499999997,borda
645,Q0,FT932-6863,544,4625.127499999994,borda
645,Q0,FBIS3-49796,545,4602.426249999996,borda
645,Q0,LA012990-0039,546,4602.064999999996,borda
645,Q0,FT934-5568,547,4591.828749999996,borda
645,Q0,FT911-3936,548,4587.002499999995,borda
645,Q0,FT923-14600,549,4585.1337499999945,borda
645,Q0,FT932-10832,550,4576.558749999995,borda
645,Q0,FT932-8586,551,4569.238749999997,borda
645,Q0,FT944-11983,552,4568.5137499999955,borda
645,Q0,FT934-9941,553,4561.207499999996,borda
645,Q0,FT924-378,554,4544.744999999997,borda
645,Q0,FT931-4273,555,4531.556249999995,borda
645,Q0,FT941-5515,556,4530.072499999995,borda
645,Q0,FT924-2023,557,4525.337499999995,borda
645,Q0,FT931-8273,558,4505.731249999995,borda
645,Q0,FR940516-0-00048,559,4499.924999999996,borda
645,Q0,FT934-9209,560,4498.582499999995,borda
645,Q0,FBIS4-27438,561,4496.524999999996,borda
645,Q0,FT942-187,562,4496.334999999997,borda
645,Q0,FT933-13993,563,4472.451249999996,borda
645,Q0,LA052490-0220,564,4453.047499999995,borda
645,Q0,FT933-11004,565,4452.119999999997,borda
645,Q0,LA011890-0145,566,4424.967499999995,borda
645,Q0,FT942-4017,567,4421.744999999996,borda
645,Q0,FT941-1580,568,4402.478749999996,borda
645,Q0,FBIS4-49125,569,4387.719999999996,borda
645,Q0,FT911-137,570,4385.931249999995,borda
645,Q0,FT931-17089,571,4381.854999999994,borda
645,Q0,FT931-17002,572,4366.707499999995,borda
645,Q0,FT933-1584,573,4366.129999999996,borda
645,Q0,FT941-11593,574,4365.099999999996,borda
645,Q0,FBIS4-26214,575,4358.883749999997,borda
645,Q0,FT934-9935,576,4352.214999999995,borda
645,Q0,FR940916-1-00141,577,4348.223749999995,borda
645,Q0,LA091190-0039,578,4348.001249999996,borda
645,Q0,FT934-13675,579,4346.719999999997,borda
645,Q0,FT943-1170,580,4336.178749999996,borda
645,Q0,FT944-13680,581,4321.273749999995,borda
645,Q0,LA101189-0093,582,4299.096249999996,borda
645,Q0,FT934-5570,583,4292.692499999996,borda
645,Q0,LA091990-0095,584,4287.591249999997,borda
645,Q0,LA091890-0131,585,4276.821249999996,borda
645,Q0,LA060990-0083,586,4275.776249999995,borda
645,Q0,FBIS3-20590,587,4270.461249999998,borda
645,Q0,FT921-5607,588,4247.227499999995,borda
645,Q0,FT934-13189,589,4245.274999999995,borda
645,Q0,FT932-10947,590,4240.702499999996,borda
645,Q0,FBIS4-24854,591,4227.436249999996,borda
645,Q0,FT933-12797,592,4204.197499999997,borda
645,Q0,FT923-10436,593,4195.1612499999965,borda
645,Q0,FT943-2281,594,4184.763749999997,borda
645,Q0,FT933-1957,595,4177.614999999994,borda
645,Q0,FBIS3-40515,596,4176.779999999996,borda
645,Q0,FT921-11462,597,4171.896249999995,borda
645,Q0,FT944-15664,598,4161.924999999996,borda
645,Q0,FT932-11956,599,4155.696249999996,borda
645,Q0,FT942-11613,600,4129.379999999997,borda
645,Q0,FT933-10392,601,4121.368749999996,borda
645,Q0,FR940620-1-00071,602,4120.207499999996,borda
645,Q0,FT942-1799,603,4119.724999999997,borda
645,Q0,LA102590-0191,604,4097.489999999995,borda
645,Q0,LA021689-0135,605,4094.013749999995,borda
645,Q0,FT943-6319,606,4087.6987499999977,borda
645,Q0,FT941-4512,607,4086.197499999995,borda
645,Q0,FT941-3858,608,4083.314999999995,borda
645,Q0,FT944-13911,609,4076.591249999996,borda
645,Q0,FT934-12593,610,4052.729999999996,borda
645,Q0,LA070390-0125,611,4048.5824999999977,borda
645,Q0,FT931-8272,612,4016.061249999997,borda
645,Q0,FT933-1948,613,4010.7137499999976,borda
645,Q0,FT933-2075,614,4006.6162499999955,borda
645,Q0,FT921-4471,615,4004.2312499999957,borda
645,Q0,LA090690-0040,616,3991.611249999997,borda
645,Q0,FT934-14966,617,3991.074999999996,borda
645,Q0,FT934-4514,618,3981.651249999996,borda
645,Q0,FT942-1582,619,3972.994999999997,borda
645,Q0,FT923-14471,620,3972.408749999996,borda
645,Q0,FT943-5732,621,3965.9899999999966,borda
645,Q0,FT941-13745,622,3957.709999999996,borda
645,Q0,FR940414-0-00010,623,3945.7699999999954,borda
645,Q0,FT924-2793,624,3944.497499999996,borda
645,Q0,FT924-15694,625,3944.362499999996,borda
645,Q0,FT942-11727,626,3939.712499999994,borda
645,Q0,FT923-7464,627,3935.8612499999963,borda
645,Q0,FT921-7489,628,3935.8424999999966,borda
645,Q0,FBIS4-60337,629,3920.013749999996,borda
645,Q0,FT911-1108,630,3917.671249999997,borda
645,Q0,FT921-6954,631,3917.1012499999974,borda
645,Q0,FT922-2001,632,3911.5249999999965,borda
645,Q0,FT942-8882,633,3910.772499999997,borda
645,Q0,LA101189-0094,634,3908.288749999997,borda
645,Q0,LA112489-0082,635,3903.297499999997,borda
645,Q0,FT934-16755,636,3894.7912499999957,borda
645,Q0,FT941-16453,637,3888.213749999996,borda
645,Q0,FT933-12569,638,3877.7787499999968,borda
645,Q0,FT944-5785,639,3875.433749999995,borda
645,Q0,FT932-1513,640,3865.486249999996,borda
645,Q0,FT924-10434,641,3849.2924999999964,borda
645,Q0,FR940819-2-00096,642,3843.499999999995,borda
645,Q0,FT932-2259,643,3835.773749999995,borda
645,Q0,FT932-14125,644,3826.8437499999973,borda
645,Q0,FT934-13438,645,3809.991249999997,borda
645,Q0,FT941-3184,646,3793.5312499999964,borda
645,Q0,FT921-8553,647,3789.5437499999953,borda
645,Q0,FT924-15717,648,3788.816249999996,borda
645,Q0,FT922-1467,649,3771.231249999996,borda
645,Q0,FT911-3937,650,3770.8512499999956,borda
645,Q0,FT944-9184,651,3767.2462499999956,borda
645,Q0,FT943-13904,652,3756.0074999999974,borda
645,Q0,FT931-14225,653,3754.218749999996,borda
645,Q0,FT921-2422,654,3741.1124999999965,borda
645,Q0,FT942-17166,655,3739.1687499999957,borda
645,Q0,LA082990-0115,656,3733.661249999998,borda
645,Q0,FT921-14183,657,3733.5124999999975,borda
645,Q0,FT932-6840,658,3728.078749999995,borda
645,Q0,LA082290-0095,659,3715.893749999997,borda
645,Q0,FBIS4-50246,660,3713.674999999998,borda
645,Q0,FT921-4469,661,3707.9324999999985,borda
645,Q0,FT944-3148,662,3705.982499999997,borda
645,Q0,FT944-5225,663,3697.3724999999963,borda
645,Q0,FT941-7562,664,3683.274999999997,borda
645,Q0,FT923-14596,665,3678.8899999999967,borda
645,Q0,LA122090-0191,666,3675.0187499999975,borda
645,Q0,FT934-5569,667,3653.7262499999965,borda
645,Q0,FT941-14189,668,3641.5699999999983,borda
645,Q0,LA101889-0049,669,3630.6012499999965,borda
645,Q0,FT934-14268,670,3618.5487499999977,borda
645,Q0,FT932-14120,671,3614.033749999995,borda
645,Q0,FT921-2582,672,3610.398749999997,borda
645,Q0,FBIS4-50756,673,3610.049999999997,borda
645,Q0,FT932-6839,674,3607.3337499999975,borda
645,Q0,FT934-10664,675,3598.6012499999956,borda
645,Q0,FT922-964,676,3595.9199999999955,borda
645,Q0,LA092789-0126,677,3587.0849999999964,borda
645,Q0,LA030889-0122,678,3583.612499999996,borda
645,Q0,LA072189-0145,679,3582.853749999995,borda
645,Q0,FT942-347,680,3565.4449999999974,borda
645,Q0,LA110290-0152,681,3564.9499999999953,borda
645,Q0,FBIS4-26342,682,3564.479999999998,borda
645,Q0,FT923-6542,683,3563.388749999996,borda
645,Q0,FBIS3-59514,684,3559.1274999999982,borda
645,Q0,FT924-13945,685,3556.9562499999965,borda
645,Q0,FT931-12363,686,3553.5587499999965,borda
645,Q0,FT942-13136,687,3551.742499999997,borda
645,Q0,FT944-16973,688,3550.7174999999966,borda
645,Q0,LA032889-0045,689,3545.7662499999983,borda
645,Q0,FT944-5805,690,3545.612499999996,borda
645,Q0,FT944-13466,691,3534.492499999996,borda
645,Q0,LA031690-0062,692,3505.588749999998,borda
645,Q0,FT941-7455,693,3496.7674999999977,borda
645,Q0,LA061989-0108,694,3492.0562499999974,borda
645,Q0,FT922-319,695,3482.826249999996,borda
645,Q0,LA071389-0152,696,3482.441249999996,borda
645,Q0,FT931-4279,697,3466.4649999999956,borda
645,Q0,FT944-9024,698,3451.5112499999973,borda
645,Q0,LA102390-0114,699,3445.5062499999963,borda
645,Q0,FT921-12400,700,3438.3799999999956,borda
645,Q0,FT942-15402,701,3436.503749999999,borda
645,Q0,FT934-3791,702,3432.9149999999977,borda
645,Q0,FT941-11818,703,3432.024999999996,borda
645,Q0,FT942-13966,704,3429.952499999998,borda
645,Q0,FT933-7325,705,3426.0974999999976,borda
645,Q0,FT924-15327,706,3425.919999999997,borda
645,Q0,LA033089-0203,707,3421.7724999999955,borda
645,Q0,FT924-661,708,3417.621249999996,borda
645,Q0,FBIS3-48230,709,3407.398749999998,borda
645,Q0,FT921-2585,710,3404.538749999998,borda
645,Q0,FT941-3307,711,3385.486249999996,borda
645,Q0,LA111489-0012,712,3374.881249999998,borda
645,Q0,FR940429-0-00181,713,3373.8837499999972,borda
645,Q0,LA122889-0029,714,3363.8462499999964,borda
645,Q0,FT924-14774,715,3363.3087499999965,borda
645,Q0,FT924-15811,716,3357.412499999997,borda
645,Q0,FBIS3-40467,717,3353.0487499999977,borda
645,Q0,FT943-1199,718,3351.212499999996,borda
645,Q0,FBIS4-22970,719,3343.3237499999955,borda
645,Q0,LA090890-0066,720,3342.9212499999976,borda
645,Q0,FT941-9087,721,3332.983749999997,borda
645,Q0,FT943-1590,722,3326.7924999999973,borda
645,Q0,FT932-6858,723,3319.913749999997,borda
645,Q0,FT944-2922,724,3316.2924999999977,borda
645,Q0,FT943-11606,725,3315.9774999999972,borda
645,Q0,FT911-3931,726,3305.8174999999974,borda
645,Q0,LA072490-0093,727,3293.419999999997,borda
645,Q0,FT933-3811,728,3285.032499999998,borda
645,Q0,FT943-10988,729,3266.768749999998,borda
645,Q0,LA040989-0081,730,3266.686249999996,borda
645,Q0,FT941-15816,731,3266.181249999997,borda
645,Q0,FT921-14319,732,3265.818749999996,borda
645,Q0,FT944-14700,733,3259.4399999999964,borda
645,Q0,FT921-2438,734,3258.122499999997,borda
645,Q0,FR940617-0-00042,735,3255.288749999997,borda
645,Q0,FT933-12566,736,3252.464999999996,borda
645,Q0,FT944-5789,737,3250.089999999996,borda
645,Q0,FBIS4-28322,738,3249.4349999999977,borda
645,Q0,FT942-6268,739,3249.1474999999964,borda
645,Q0,FT934-9052,740,3243.2974999999974,borda
645,Q0,FT941-3320,741,3238.766249999996,borda
645,Q0,FT924-15644,742,3235.3562499999957,borda
645,Q0,FT931-376,743,3232.508749999998,borda
645,Q0,FT941-3308,744,3222.2549999999956,borda
645,Q0,LA020989-0174,745,3221.377499999997,borda
645,Q0,FT924-2789,746,3221.116249999996,borda
645,Q0,FT933-16246,747,3216.9787499999975,borda
645,Q0,FT934-15161,748,3211.256249999997,borda
645,Q0,FBIS3-3864,749,3210.2462499999974,borda
645,Q0,FT942-1386,750,3203.813749999996,borda
645,Q0,FBIS3-48613,751,3199.108749999998,borda
645,Q0,FT931-9831,752,3192.4724999999976,borda
645,Q0,FT921-2456,753,3191.6862499999957,borda
645,Q0,FT924-15663,754,3189.208749999997,borda
645,Q0,FT944-17127,755,3188.9399999999973,borda
645,Q0,FT933-4462,756,3183.6512499999967,borda
645,Q0,LA041189-0109,757,3178.0799999999967,borda
645,Q0,FT934-6859,758,3168.7824999999975,borda
645,Q0,FT941-12973,759,3164.0474999999974,borda
645,Q0,FT921-7102,760,3161.3112499999984,borda
645,Q0,FT933-700,761,3160.5699999999965,borda
645,Q0,FT924-4051,762,3157.4912499999978,borda
645,Q0,FT943-10345,763,3157.099999999998,borda
645,Q0,FT941-4519,764,3155.8962499999966,borda
645,Q0,FT934-15741,765,3155.138749999996,borda
645,Q0,FT942-11485,766,3152.884999999998,borda
645,Q0,FR941117-2-00078,767,3146.7287499999957,borda
645,Q0,LA022590-0101,768,3144.772499999998,borda
645,Q0,LA112090-0133,769,3140.011249999997,borda
645,Q0,FBIS4-68220,770,3138.422499999996,borda
645,Q0,FR940705-2-00017,771,3119.4124999999967,borda
645,Q0,FT932-8579,772,3114.752499999996,borda
645,Q0,FT933-4492,773,3110.0699999999983,borda
645,Q0,FT942-1812,774,3107.4599999999973,borda
645,Q0,LA092889-0164,775,3101.503749999996,borda
645,Q0,FBIS4-3518,776,3100.489999999998,borda
645,Q0,FR940112-1-00025,777,3085.294999999997,borda
645,Q0,FR940720-0-00064,778,3083.9849999999988,borda
645,Q0,FT911-3926,779,3083.2424999999957,borda
645,Q0,FT934-12473,780,3082.226249999998,borda
645,Q0,FBIS4-60593,781,3066.4999999999986,borda
645,Q0,FT941-4527,782,3065.822499999997,borda
645,Q0,FT932-13994,783,3064.9999999999973,borda
645,Q0,LA012490-0053,784,3062.6224999999954,borda
645,Q0,FT933-11155,785,3060.024999999996,borda
645,Q0,FT943-2881,786,3053.846249999996,borda
645,Q0,LA082390-0134,787,3053.327499999998,borda
645,Q0,FT941-3758,788,3053.2199999999975,borda
645,Q0,FR940525-0-00041,789,3033.409999999996,borda
645,Q0,FT942-13174,790,3033.304999999997,borda
645,Q0,FT941-359,791,3025.864999999998,borda
645,Q0,FBIS3-27025,792,3023.511249999998,borda
645,Q0,LA050989-0080,793,3018.2474999999986,borda
645,Q0,FT941-13098,794,3008.5249999999983,borda
645,Q0,FT941-4526,795,3007.873749999997,borda
645,Q0,FT933-1943,796,3007.7012499999983,borda
645,Q0,FT924-15700,797,3007.166249999997,borda
645,Q0,FT943-12244,798,3001.9012499999967,borda
645,Q0,LA123190-0109,799,2995.096249999997,borda
645,Q0,FT934-6861,800,2992.819999999996,borda
645,Q0,FT934-7267,801,2982.176249999997,borda
645,Q0,LA030690-0051,802,2975.1337499999986,borda
645,Q0,FR940414-0-00007,803,2955.4724999999976,borda
645,Q0,LA102489-0107,804,2942.072499999999,borda
645,Q0,FT934-16215,805,2932.1249999999986,borda
645,Q0,FT924-15715,806,2928.483749999997,borda
645,Q0,FT921-14080,807,2923.0599999999986,borda
645,Q0,FBIS4-26950,808,2919.9762499999983,borda
645,Q0,LA060989-0040,809,2914.0412499999984,borda
645,Q0,LA041389-0015,810,2913.118749999998,borda
645,Q0,FT944-5935,811,2912.9049999999966,borda
645,Q0,FT941-3334,812,2910.149999999997,borda
645,Q0,FT934-14196,813,2908.416249999996,borda
645,Q0,FT944-11011,814,2905.088749999998,borda
645,Q0,FT922-14395,815,2903.631249999997,borda
645,Q0,FT934-7998,816,2902.2524999999973,borda
645,Q0,FT932-4505,817,2886.661249999996,borda
645,Q0,FT942-3805,818,2860.606249999996,borda
645,Q0,FT911-750,819,2857.492499999997,borda
645,Q0,FT934-5598,820,2853.268749999997,borda
645,Q0,LA121290-0135,821,2850.9437499999967,borda
645,Q0,FT931-5,822,2850.216249999998,borda
645,Q0,FT941-3306,823,2848.1474999999973,borda
645,Q0,FT932-7826,824,2829.5899999999997,borda
645,Q0,FBIS4-3589,825,2816.804999999998,borda
645,Q0,FBIS3-49026,826,2815.2574999999997,borda
645,Q0,FT921-2437,827,2813.311249999997,borda
645,Q0,FT934-14190,828,2808.7212499999973,borda
645,Q0,FT933-13995,829,2805.6199999999963,borda
645,Q0,FT931-12126,830,2801.0987499999983,borda
645,Q0,FT941-3313,831,2800.044999999997,borda
645,Q0,FT932-6857,832,2790.9212499999976,borda
645,Q0,LA112890-0080,833,2788.5712499999972,borda
645,Q0,FT923-14617,834,2787.6149999999975,borda
645,Q0,FT931-8268,835,2779.7674999999963,borda
645,Q0,FR940505-2-00092,836,2770.783749999998,borda
645,Q0,LA092189-0179,837,2767.0299999999984,borda
645,Q0,FT934-14192,838,2765.6587499999973,borda
645,Q0,FT931-10928,839,2758.208749999999,borda
645,Q0,FT941-6287,840,2749.9562499999975,borda
645,Q0,FBIS3-4009,841,2745.0337499999973,borda
645,Q0,FT911-3037,842,2743.482499999998,borda
645,Q0,FT941-13208,843,2722.8887499999973,borda
645,Q0,FT933-11194,844,2722.8187499999976,borda
645,Q0,FBIS4-49621,845,2719.898749999998,borda
645,Q0,FT942-6381,846,2710.961249999997,borda
645,Q0,FT942-3221,847,2702.0224999999973,borda
645,Q0,FBIS4-26752,848,2699.173749999999,borda
645,Q0,FBIS4-1621,849,2692.0699999999983,borda
645,Q0,LA091289-0060,850,2687.3574999999996,borda
645,Q0,FT931-1240,851,2660.5937499999977,borda
645,Q0,FT933-7844,852,2654.5612499999966,borda
645,Q0,FT922-3914,853,2652.5474999999983,borda
645,Q0,FT933-10801,854,2644.466249999997,borda
645,Q0,FBIS4-53276,855,2632.738749999998,borda
645,Q0,LA121190-0031,856,2622.701249999997,borda
645,Q0,FT941-15964,857,2616.963749999998,borda
645,Q0,FT934-15659,858,2611.5137499999973,borda
645,Q0,FT941-4528,859,2604.1887499999975,borda
645,Q0,FT924-12149,860,2601.771249999998,borda
645,Q0,FT924-5695,861,2592.7412499999964,borda
645,Q0,FT932-292,862,2589.9837499999976,borda
645,Q0,FT941-4515,863,2586.389999999997,borda
645,Q0,FT922-963,864,2583.459999999997,borda
645,Q0,LA102390-0115,865,2579.0449999999973,borda
645,Q0,FT942-5998,866,2576.686249999999,borda
645,Q0,FT934-2470,867,2572.2999999999984,borda
645,Q0,FT943-12981,868,2570.5249999999987,borda
645,Q0,FT932-14131,869,2562.6524999999974,borda
645,Q0,FT921-5024,870,2556.2724999999987,borda
645,Q0,FT944-8149,871,2555.852499999997,borda
645,Q0,FBIS3-28311,872,2549.664999999997,borda
645,Q0,FBIS3-21036,873,2539.9999999999964,borda
645,Q0,FT943-14217,874,2538.663749999998,borda
645,Q0,FR940414-0-00009,875,2537.9999999999973,borda
645,Q0,FT934-1485,876,2535.186249999997,borda
645,Q0,FT911-4696,877,2533.5112499999996,borda
645,Q0,FT941-14531,878,2532.617499999999,borda
645,Q0,FBIS3-42934,879,2526.0962499999987,borda
645,Q0,FT941-13070,880,2520.937499999999,borda
645,Q0,FT921-8543,881,2519.171249999997,borda
645,Q0,LA041990-0039,882,2518.3224999999975,borda
645,Q0,FT944-16104,883,2511.2574999999965,borda
645,Q0,FT942-8710,884,2505.3824999999974,borda
645,Q0,FT941-12732,885,2505.199999999997,borda
645,Q0,FBIS4-50759,886,2505.147499999999,borda
645,Q0,FT921-10920,887,2500.8849999999975,borda
645,Q0,FT943-49,888,2500.404999999999,borda
645,Q0,FT944-18249,889,2495.776249999997,borda
645,Q0,FT932-6852,890,2485.4687499999986,borda
645,Q0,FT942-9467,891,2483.8374999999996,borda
645,Q0,FT941-5035,892,2483.1812499999974,borda
645,Q0,FT943-1225,893,2478.3274999999976,borda
645,Q0,FT944-9894,894,2474.4674999999984,borda
645,Q0,FBIS4-20700,895,2471.3612499999977,borda
645,Q0,LA010590-0114,896,2469.724999999999,borda
645,Q0,FT933-4564,897,2468.094999999997,borda
645,Q0,LA112190-0023,898,2466.818749999999,borda
645,Q0,FT931-13987,899,2463.2762499999976,borda
645,Q0,FT931-12125,900,2447.7124999999987,borda
645,Q0,LA032990-0017,901,2431.528749999997,borda
645,Q0,FT942-557,902,2428.132499999998,borda
645,Q0,FT933-7122,903,2426.072499999999,borda
645,Q0,LA062090-0119,904,2422.047499999997,borda
645,Q0,FBIS4-67139,905,2417.632499999999,borda
645,Q0,LA112189-0102,906,2409.408749999999,borda
645,Q0,FBIS4-44814,907,2403.359999999997,borda
645,Q0,FT931-10502,908,2400.319999999998,borda
645,Q0,FT924-10560,909,2395.5474999999974,borda
645,Q0,FT942-13147,910,2394.963749999997,borda
645,Q0,FT911-3919,911,2394.612499999997,borda
645,Q0,LA092289-0125,912,2374.2149999999965,borda
645,Q0,FT933-13996,913,2367.098749999997,borda
645,Q0,FT923-10527,914,2362.877499999998,borda
645,Q0,FBIS3-44900,915,2358.0837499999984,borda
645,Q0,FT932-9996,916,2357.234999999999,borda
645,Q0,FT944-3295,917,2350.27375,borda
645,Q0,FT933-11258,918,2339.932499999997,borda
645,Q0,LA040390-0201,919,2339.7137499999976,borda
645,Q0,FBIS4-1811,920,2337.8762499999984,borda
645,Q0,FT934-16142,921,2325.2512499999975,borda
645,Q0,FT942-9877,922,2319.0649999999973,borda
645,Q0,LA043089-0236,923,2318.336249999998,borda
645,Q0,FT923-9321,924,2311.7649999999985,borda
645,Q0,FT931-12306,925,2294.754999999997,borda
645,Q0,FT931-5876,926,2289.0037499999994,borda
645,Q0,FT941-1687,927,2284.758749999999,borda
645,Q0,FT944-8827,928,2281.0525,borda
645,Q0,FT924-15708,929,2276.409999999997,borda
645,Q0,FT943-6305,930,2271.6399999999994,borda
645,Q0,FT933-12925,931,2261.2162499999986,borda
645,Q0,FT941-7564,932,2259.2599999999975,borda
645,Q0,FT941-16705,933,2258.553749999998,borda
645,Q0,FR940822-1-00042,934,2250.172499999998,borda
645,Q0,FT934-14085,935,2243.6549999999984,borda
645,Q0,FT923-1266,936,2241.8824999999983,borda
645,Q0,LA063089-0136,937,2235.042499999997,borda
645,Q0,FT941-3311,938,2232.001249999999,borda
645,Q0,LA101989-0169,939,2231.8712499999974,borda
645,Q0,FT931-16987,940,2216.518749999998,borda
645,Q0,FT942-14146,941,2208.5487499999967,borda
645,Q0,FT921-5724,942,2207.6099999999997,borda
645,Q0,FT924-2774,943,2203.6162499999987,borda
645,Q0,LA101389-0050,944,2202.543749999999,borda
645,Q0,FT942-6893,945,2188.3824999999983,borda
645,Q0,FT923-15653,946,2185.364999999997,borda
645,Q0,FT934-5577,947,2185.2524999999982,borda
645,Q0,FT924-2799,948,2181.5912499999986,borda
645,Q0,FT933-12795,949,2179.8612499999967,borda
645,Q0,LA041090-0064,950,2172.6999999999966,borda
645,Q0,FT944-11064,951,2169.4987499999975,borda
645,Q0,FT922-11131,952,2155.8837499999977,borda
645,Q0,FT931-4277,953,2152.035,borda
645,Q0,FT943-4744,954,2147.2274999999972,borda
645,Q0,FT943-7446,955,2144.9874999999984,borda
645,Q0,FT944-9469,956,2141.6749999999975,borda
645,Q0,FR941117-2-00086,957,2130.9762499999983,borda
645,Q0,FT932-10210,958,2128.9587499999993,borda
645,Q0,FT941-3305,959,2114.332499999998,borda
645,Q0,FBIS4-23127,960,2111.759999999999,borda
645,Q0,FR940617-2-00035,961,2083.783749999998,borda
645,Q0,FT942-12940,962,2083.739999999997,borda
645,Q0,FT941-12981,963,2082.578749999998,borda
645,Q0,LA032189-0050,964,2082.2112499999994,borda
645,Q0,FT924-15709,965,2080.9637499999985,borda
645,Q0,LA100890-0028,966,2079.9962499999974,borda
645,Q0,FBIS4-26880,967,2078.9674999999997,borda
645,Q0,FT931-86,968,2073.7174999999984,borda
645,Q0,LA012390-0059,969,2070.8949999999973,borda
645,Q0,FT944-13916,970,2065.8474999999985,borda
645,Q0,FT933-11159,971,2065.191249999998,borda
645,Q0,FT922-9038,972,2064.6912499999985,borda
645,Q0,FT933-1951,973,2063.699999999999,borda
645,Q0,FT943-12951,974,2062.4874999999984,borda
645,Q0,FT934-12842,975,2047.438749999997,borda
645,Q0,FT944-11230,976,2044.468749999998,borda
645,Q0,FT923-14625,977,2036.4899999999977,borda
645,Q0,FBIS3-46621,978,2027.8987499999982,borda
645,Q0,FT924-2785,979,2019.824999999997,borda
645,Q0,FBIS4-26053,980,2016.6349999999989,borda
645,Q0,FT933-11156,981,2014.2062499999988,borda
645,Q0,FT943-6840,982,2012.3687499999974,borda
645,Q0,LA082889-0046,983,2011.0387499999977,borda
645,Q0,FT933-11581,984,2007.5587499999983,borda
645,Q0,FT911-30,985,2004.0462499999976,borda
645,Q0,FR940105-0-00019,986,2003.3649999999977,borda
645,Q0,FT933-4481,987,2003.146249999998,borda
645,Q0,FT924-2776,988,2000.8712499999974,borda
645,Q0,LA051689-0151,989,1988.4437499999983,borda
645,Q0,FT931-2012,990,1987.441249999998,borda
645,Q0,LA030789-0088,991,1985.9287499999978,borda
645,Q0,FT933-8192,992,1978.917499999997,borda
645,Q0,FT933-4994,993,1978.2237499999978,borda
645,Q0,FT921-6010,994,1964.5649999999976,borda
645,Q0,FT924-13357,995,1962.467499999999,borda
645,Q0,LA111690-0154,996,1960.9349999999972,borda
645,Q0,FT924-13374,997,1958.9712499999987,borda
645,Q0,FT921-8542,998,1958.0474999999983,borda
645,Q0,FBIS4-60230,999,1952.8949999999977,borda
645,Q0,FT922-5828,1000,1940.7237499999976,borda
648,Q0,LA072689-0011,1,12650.768749999987,borda
648,Q0,LA011389-0111,2,11454.393749999988,borda
648,Q0,FT934-17414,3,11289.97874999999,borda
648,Q0,FBIS4-1141,4,11228.398749999991,borda
648,Q0,FT921-9823,5,11119.543749999988,borda
648,Q0,LA032689-0035,6,11004.86624999999,borda
648,Q0,FT943-8785,7,10981.601249999987,borda
648,Q0,FT923-13442,8,10979.722499999989,borda
648,Q0,FT921-3529,9,10907.937499999989,borda
648,Q0,FT942-6972,10,10791.226249999989,borda
648,Q0,FT932-17157,11,10775.92624999999,borda
648,Q0,FR941202-0-00185,12,10532.92999999999,borda
648,Q0,FT934-15518,13,10516.061249999992,borda
648,Q0,FR940805-2-00124,14,10484.519999999991,borda
648,Q0,FBIS3-53657,15,10296.68999999999,borda
648,Q0,FT933-15038,16,10134.71374999999,borda
648,Q0,FT942-11684,17,10083.33749999999,borda
648,Q0,LA051190-0070,18,9922.551249999991,borda
648,Q0,FBIS4-62540,19,9864.386249999987,borda
648,Q0,FBIS3-59264,20,9857.87999999999,borda
648,Q0,FT942-1111,21,9829.919999999993,borda
648,Q0,FR941202-0-00180,22,9746.22124999999,borda
648,Q0,FR940317-1-00115,23,9348.128749999993,borda
648,Q0,LA051390-0161,24,9336.77624999999,borda
648,Q0,FT934-2777,25,9197.09624999999,borda
648,Q0,FT922-1228,26,9172.466249999992,borda
648,Q0,LA041290-0245,27,9134.006249999991,borda
648,Q0,FBIS4-35510,28,9029.91374999999,borda
648,Q0,FT934-2774,29,8967.83749999999,borda
648,Q0,FBIS4-26377,30,8849.677499999993,borda
648,Q0,FBIS4-26554,31,8837.473749999992,borda
648,Q0,FR941011-1-00026,32,8662.872499999992,borda
648,Q0,FR941212-0-00120,33,8650.167499999992,borda
648,Q0,FBIS4-68481,34,8597.483749999992,borda
648,Q0,FBIS3-61092,35,8544.24499999999,borda
648,Q0,FR940902-2-00105,36,8539.832499999991,borda
648,Q0,FR940314-2-00104,37,8526.032499999992,borda
648,Q0,FT933-6973,38,8466.848749999992,borda
648,Q0,LA040489-0044,39,8419.636249999992,borda
648,Q0,FT943-7508,40,8409.73624999999,borda
648,Q0,FT942-6665,41,8397.062499999993,borda
648,Q0,FT922-4108,42,8301.357499999991,borda
648,Q0,FBIS3-24679,43,8290.268749999994,borda
648,Q0,FBIS3-52674,44,8209.676249999991,borda
648,Q0,LA031389-0061,45,8187.256249999992,borda
648,Q0,FT934-3602,46,8146.0424999999905,borda
648,Q0,LA080689-0167,47,8089.323749999992,borda
648,Q0,FBIS4-22163,48,8040.8337499999925,borda
648,Q0,FR941202-0-00178,49,8023.8612499999945,borda
648,Q0,FBIS3-40329,50,7945.488749999992,borda
648,Q0,LA092889-0190,51,7910.546249999991,borda
648,Q0,FR940317-1-00124,52,7889.832499999991,borda
648,Q0,FBIS3-58349,53,7872.136249999993,borda
648,Q0,FR940323-0-00078,54,7815.668749999992,borda
648,Q0,FT924-2086,55,7810.0387499999915,borda
648,Q0,FBIS4-54453,56,7796.621249999992,borda
648,Q0,LA061690-0051,57,7781.878749999993,borda
648,Q0,FR941202-0-00181,58,7748.9499999999925,borda
648,Q0,FT944-12948,59,7735.411249999992,borda
648,Q0,LA082390-0155,60,7735.041249999992,borda
648,Q0,FT944-15321,61,7729.887499999993,borda
648,Q0,FBIS4-64327,62,7693.676249999993,borda
648,Q0,FR941206-2-00060,63,7676.348749999991,borda
648,Q0,FT933-859,64,7669.197499999994,borda
648,Q0,FBIS3-16283,65,7589.572499999994,borda
648,Q0,FBIS4-60545,66,7553.528749999992,borda
648,Q0,FR941202-0-00179,67,7501.032499999993,borda
648,Q0,LA081690-0199,68,7464.814999999992,borda
648,Q0,LA110189-0133,69,7459.437499999993,borda
648,Q0,LA031889-0044,70,7440.816249999993,borda
648,Q0,FR941212-0-00125,71,7407.126249999992,borda
648,Q0,FBIS4-2634,72,7391.586249999992,borda
648,Q0,FBIS4-63275,73,7380.853749999993,borda
648,Q0,FT922-3031,74,7319.513749999993,borda
648,Q0,FBIS3-42684,75,7311.203749999992,borda
648,Q0,LA121189-0062,76,7260.754999999994,borda
648,Q0,FBIS3-20796,77,7231.134999999993,borda
648,Q0,LA112189-0009,78,7207.581249999992,borda
648,Q0,FT943-7818,79,7189.531249999992,borda
648,Q0,FT942-4150,80,7181.948749999993,borda
648,Q0,LA072790-0004,81,7178.564999999993,borda
648,Q0,LA061590-0042,82,7171.614999999992,borda
648,Q0,LA070890-0023,83,7139.759999999994,borda
648,Q0,FT931-15192,84,7084.587499999991,borda
648,Q0,FR941202-0-00176,85,7071.2812499999945,borda
648,Q0,FR941202-0-00177,86,7060.001249999993,borda
648,Q0,LA020789-0111,87,7037.604999999992,borda
648,Q0,FR940902-0-00168,88,6991.2937499999925,borda
648,Q0,FT933-14589,89,6983.8962499999925,borda
648,Q0,FR940927-0-00088,90,6955.143749999993,borda
648,Q0,LA090990-0139,91,6905.877499999993,borda
648,Q0,FR941202-0-00183,92,6902.996249999995,borda
648,Q0,FBIS3-838,93,6868.684999999994,borda
648,Q0,FT923-12459,94,6837.761249999993,borda
648,Q0,FR940317-1-00121,95,6832.712499999992,borda
648,Q0,FR940628-0-00024,96,6831.608749999992,borda
648,Q0,FT922-7727,97,6824.091249999994,borda
648,Q0,FR941220-0-00089,98,6777.811249999993,borda
648,Q0,LA051589-0038,99,6768.298749999993,borda
648,Q0,FBIS4-31932,100,6764.937499999993,borda
648,Q0,FT921-10121,101,6752.084999999993,borda
648,Q0,FT921-15015,102,6727.098749999993,borda
648,Q0,FBIS4-50511,103,6720.1687499999925,borda
648,Q0,FT934-14422,104,6719.073749999991,borda
648,Q0,FT933-8556,105,6715.943749999993,borda
648,Q0,LA092889-0019,106,6663.254999999994,borda
648,Q0,FBIS3-2397,107,6648.161249999994,borda
648,Q0,FT924-14266,108,6646.322499999995,borda
648,Q0,FR940831-2-00104,109,6640.604999999994,borda
648,Q0,FR940314-2-00107,110,6619.3474999999935,borda
648,Q0,LA120690-0003,111,6604.549999999995,borda
648,Q0,FR940317-1-00088,112,6604.394999999994,borda
648,Q0,FT924-4450,113,6602.952499999992,borda
648,Q0,FBIS4-46532,114,6601.753749999994,borda
648,Q0,LA051890-0054,115,6598.027499999994,borda
648,Q0,LA051790-0183,116,6586.893749999995,borda
648,Q0,FBIS3-24301,117,6584.423749999993,borda
648,Q0,FT931-10814,118,6583.032499999994,borda
648,Q0,LA051890-0055,119,6573.688749999996,borda
648,Q0,FT933-8554,120,6540.253749999993,borda
648,Q0,FBIS3-61124,121,6519.289999999994,borda
648,Q0,FT943-1234,122,6483.847499999994,borda
648,Q0,LA040989-0071,123,6476.592499999995,borda
648,Q0,FBIS4-15977,124,6380.147499999995,borda
648,Q0,FR941104-1-00020,125,6373.801249999993,borda
648,Q0,FR940314-2-00093,126,6341.407499999994,borda
648,Q0,FR940228-1-00157,127,6329.902499999994,borda
648,Q0,FT933-16953,128,6324.974999999992,borda
648,Q0,FT943-1037,129,6308.909999999992,borda
648,Q0,FT944-8174,130,6300.523749999992,borda
648,Q0,FT931-9339,131,6296.229999999993,borda
648,Q0,FT942-4571,132,6286.4674999999925,borda
648,Q0,FR941011-1-00025,133,6280.593749999994,borda
648,Q0,FR940314-2-00109,134,6253.752499999993,borda
648,Q0,FR940106-0-00170,135,6249.896249999993,borda
648,Q0,FT942-8508,136,6237.498749999994,borda
648,Q0,LA100990-0149,137,6228.547499999994,borda
648,Q0,FR940314-2-00106,138,6227.049999999994,borda
648,Q0,FT934-6857,139,6183.7849999999935,borda
648,Q0,LA061289-0083,140,6171.462499999995,borda
648,Q0,FBIS3-12807,141,6166.193749999992,borda
648,Q0,FBIS4-54547,142,6118.281249999993,borda
648,Q0,FT923-12462,143,6117.846249999993,borda
648,Q0,FT931-17050,144,6117.604999999992,borda
648,Q0,FBIS4-26654,145,6114.482499999994,borda
648,Q0,FR941212-0-00121,146,6091.384999999993,borda
648,Q0,FBIS3-42750,147,6087.4237499999945,borda
648,Q0,FT923-12989,148,6047.569999999994,borda
648,Q0,LA061790-0235,149,6026.2987499999945,borda
648,Q0,LA102989-0054,150,6017.627499999994,borda
648,Q0,FBIS3-60417,151,6009.277499999994,borda
648,Q0,FR940317-1-00116,152,6008.442499999994,borda
648,Q0,FBIS3-20547,153,6000.851249999993,borda
648,Q0,FBIS3-61562,154,5973.073749999994,borda
648,Q0,FR940314-2-00099,155,5925.301249999993,borda
648,Q0,FT932-10416,156,5920.861249999993,borda
648,Q0,LA102690-0134,157,5919.536249999996,borda
648,Q0,FBIS4-54954,158,5918.477499999995,borda
648,Q0,FT921-5722,159,5867.073749999994,borda
648,Q0,FBIS3-32677,160,5861.752499999993,borda
648,Q0,FBIS4-11047,161,5834.364999999994,borda
648,Q0,FBIS3-31533,162,5812.791249999993,borda
648,Q0,LA122190-0049,163,5810.889999999996,borda
648,Q0,FT942-1110,164,5786.418749999995,borda
648,Q0,FR941011-1-00022,165,5786.359999999995,borda
648,Q0,LA100389-0067,166,5785.773749999995,borda
648,Q0,FBIS3-21618,167,5778.742499999992,borda
648,Q0,LA050990-0047,168,5775.733749999996,borda
648,Q0,FBIS4-53630,169,5770.142499999995,borda
648,Q0,FT924-11961,170,5769.849999999993,borda
648,Q0,FBIS3-7944,171,5759.683749999995,borda
648,Q0,FBIS3-30041,172,5750.094999999994,borda
648,Q0,FBIS3-20431,173,5748.704999999995,borda
648,Q0,FT943-15308,174,5745.513749999995,borda
648,Q0,FR941212-0-00126,175,5740.544999999994,borda
648,Q0,LA040789-0004,176,5709.524999999994,borda
648,Q0,LA062990-0183,177,5697.791249999995,borda
648,Q0,FBIS3-42859,178,5676.193749999994,borda
648,Q0,FR940721-2-00056,179,5655.947499999995,borda
648,Q0,FR940902-2-00102,180,5649.689999999996,borda
648,Q0,LA022690-0011,181,5627.614999999994,borda
648,Q0,FT941-12567,182,5625.002499999993,borda
648,Q0,FR940916-1-00067,183,5605.569999999995,borda
648,Q0,LA063090-0094,184,5595.212499999995,borda
648,Q0,FBIS4-14074,185,5592.973749999996,borda
648,Q0,FBIS4-61366,186,5583.289999999995,borda
648,Q0,FBIS3-16013,187,5570.672499999995,borda
648,Q0,LA050890-0094,188,5570.401249999995,borda
648,Q0,FBIS4-21336,189,5557.927499999993,borda
648,Q0,FT934-2522,190,5534.001249999994,borda
648,Q0,FBIS4-40881,191,5532.421249999996,borda
648,Q0,FR940817-1-00007,192,5523.816249999995,borda
648,Q0,FT934-5066,193,5515.662499999994,borda
648,Q0,FT941-14741,194,5507.4999999999945,borda
648,Q0,LA041589-0027,195,5471.351249999994,borda
648,Q0,LA062290-0109,196,5460.669999999995,borda
648,Q0,FR940822-2-00099,197,5449.142499999994,borda
648,Q0,FBIS3-13116,198,5439.302499999994,borda
648,Q0,LA082489-0114,199,5432.323749999994,borda
648,Q0,LA020190-0191,200,5431.248749999994,borda
648,Q0,FR941019-0-00030,201,5427.549999999994,borda
648,Q0,FT934-17071,202,5423.851249999995,borda
648,Q0,LA062589-0044,203,5412.0799999999945,borda
648,Q0,FR940106-0-00151,204,5410.306249999995,borda
648,Q0,FR941212-0-00127,205,5374.141249999994,borda
648,Q0,FT944-12964,206,5350.188749999994,borda
648,Q0,FR941122-0-00032,207,5315.936249999994,borda
648,Q0,LA061090-0103,208,5297.691249999994,borda
648,Q0,LA072989-0129,209,5260.601249999995,borda
648,Q0,FBIS3-14877,210,5260.282499999994,borda
648,Q0,LA030690-0077,211,5259.228749999995,borda
648,Q0,FR940810-0-00148,212,5255.037499999996,borda
648,Q0,FBIS4-53803,213,5235.4649999999965,borda
648,Q0,FT941-11010,214,5233.698749999996,borda
648,Q0,FBIS3-41758,215,5193.872499999995,borda
648,Q0,FR940426-1-00150,216,5178.791249999994,borda
648,Q0,LA091789-0006,217,5175.999999999995,borda
648,Q0,LA101589-0043,218,5173.489999999995,borda
648,Q0,FR941107-2-00067,219,5162.121249999995,borda
648,Q0,FT941-2230,220,5153.598749999993,borda
648,Q0,FR940912-0-00055,221,5131.798749999995,borda
648,Q0,FBIS3-61173,222,5096.268749999995,borda
648,Q0,FT922-3773,223,5084.161249999994,borda
648,Q0,FT924-7567,224,5026.489999999995,borda
648,Q0,FT921-5348,225,5022.994999999996,borda
648,Q0,FBIS4-3218,226,5021.163749999994,borda
648,Q0,FBIS4-35133,227,4996.894999999995,borda
648,Q0,LA011090-0124,228,4977.816249999994,borda
648,Q0,FR941122-0-00040,229,4963.007499999994,borda
648,Q0,FT943-14043,230,4959.776249999995,borda
648,Q0,FT944-9634,231,4940.014999999994,borda
648,Q0,FT923-7769,232,4937.202499999994,borda
648,Q0,LA112290-0144,233,4902.512499999995,borda
648,Q0,FT942-16382,234,4893.573749999997,borda
648,Q0,LA061190-0019,235,4889.758749999996,borda
648,Q0,FR940711-1-00030,236,4871.434999999995,borda
648,Q0,FR941104-1-00019,237,4869.652499999994,borda
648,Q0,FR940919-2-00012,238,4837.391249999996,borda
648,Q0,FT934-5068,239,4834.212499999996,borda
648,Q0,LA061490-0125,240,4832.192499999995,borda
648,Q0,FT922-12697,241,4831.771249999994,borda
648,Q0,LA042290-0199,242,4829.103749999995,borda
648,Q0,FT923-1008,243,4818.677499999996,borda
648,Q0,FBIS3-32230,244,4815.734999999995,borda
648,Q0,FT921-13913,245,4811.864999999994,borda
648,Q0,FT931-11152,246,4798.827499999995,borda
648,Q0,FBIS3-61308,247,4762.956249999995,borda
648,Q0,FT931-11594,248,4753.608749999994,borda
648,Q0,FT924-3727,249,4745.931249999995,borda
648,Q0,FBIS4-46537,250,4742.299999999995,borda
648,Q0,LA042389-0088,251,4737.189999999995,borda
648,Q0,FT943-11002,252,4735.3212499999945,borda
648,Q0,FR941212-0-00104,253,4731.854999999997,borda
648,Q0,FR940314-2-00097,254,4711.427499999995,borda
648,Q0,FT944-1522,255,4694.629999999996,borda
648,Q0,FBIS4-54955,256,4642.712499999994,borda
648,Q0,LA020389-0042,257,4635.962499999996,borda
648,Q0,FR940106-0-00175,258,4619.623749999995,borda
648,Q0,FBIS4-46621,259,4601.9824999999955,borda
648,Q0,FT921-12673,260,4599.077499999995,borda
648,Q0,LA050489-0136,261,4584.063749999996,borda
648,Q0,FT921-14675,262,4574.5487499999945,borda
648,Q0,FT921-10480,263,4570.3749999999945,borda
648,Q0,LA011989-0132,264,4566.148749999994,borda
648,Q0,FT933-10965,265,4558.752499999995,borda
648,Q0,FBIS4-14426,266,4550.848749999995,borda
648,Q0,FBIS4-54970,267,4550.737499999996,borda
648,Q0,FBIS3-19923,268,4537.224999999995,borda
648,Q0,FT932-15241,269,4531.174999999995,borda
648,Q0,LA020289-0103,270,4517.252499999997,borda
648,Q0,FT931-9685,271,4508.343749999995,borda
648,Q0,FR940317-1-00065,272,4489.452499999996,borda
648,Q0,FT943-6613,273,4489.057499999994,borda
648,Q0,LA061690-0050,274,4488.179999999996,borda
648,Q0,FT924-4002,275,4481.564999999995,borda
648,Q0,LA012289-0089,276,4465.912499999995,borda
648,Q0,FR940314-2-00103,277,4460.278749999996,borda
648,Q0,FT921-11258,278,4454.782499999995,borda
648,Q0,FBIS4-63072,279,4438.256249999996,borda
648,Q0,FBIS4-17391,280,4431.503749999998,borda
648,Q0,FT933-3764,281,4424.964999999995,borda
648,Q0,FBIS4-7850,282,4417.771249999996,borda
648,Q0,FT942-5244,283,4411.512499999995,borda
648,Q0,FR940412-1-00052,284,4397.753749999994,borda
648,Q0,LA070389-0011,285,4382.592499999994,borda
648,Q0,FT923-8380,286,4382.348749999994,borda
648,Q0,LA072290-0039,287,4364.809999999996,borda
648,Q0,FR940314-2-00098,288,4363.597499999996,borda
648,Q0,LA091689-0092,289,4354.3887499999955,borda
648,Q0,FBIS3-39883,290,4344.732499999996,borda
648,Q0,FR941110-0-00070,291,4330.993749999996,borda
648,Q0,FT932-3677,292,4330.1124999999965,borda
648,Q0,LA022190-0117,293,4325.154999999997,borda
648,Q0,FBIS4-25261,294,4324.214999999997,borda
648,Q0,FT931-2691,295,4300.402499999995,borda
648,Q0,FR940412-1-00033,296,4298.912499999996,borda
648,Q0,FT933-1664,297,4294.856249999995,borda
648,Q0,FT921-7188,298,4289.884999999997,borda
648,Q0,FT943-15578,299,4289.256249999997,borda
648,Q0,FBIS3-42724,300,4287.866249999996,borda
648,Q0,LA060189-0090,301,4276.728749999997,borda
648,Q0,FR940721-1-00056,302,4274.863749999995,borda
648,Q0,LA040289-0107,303,4265.012499999997,borda
648,Q0,FBIS4-54956,304,4253.079999999995,borda
648,Q0,LA031789-0022,305,4246.447499999995,borda
648,Q0,FR940223-2-00142,306,4243.821249999995,borda
648,Q0,LA060290-0141,307,4229.396249999995,borda
648,Q0,LA042189-0006,308,4202.719999999997,borda
648,Q0,FR941110-2-00129,309,4198.731249999994,borda
648,Q0,FT934-1163,310,4194.514999999997,borda
648,Q0,LA011689-0072,311,4180.536249999996,borda
648,Q0,FR940627-2-00037,312,4178.757499999996,borda
648,Q0,FT931-12912,313,4173.139999999995,borda
648,Q0,FBIS3-57655,314,4172.648749999995,borda
648,Q0,FT944-3264,315,4167.2099999999955,borda
648,Q0,FR941212-0-00087,316,4148.699999999996,borda
648,Q0,FBIS4-45883,317,4143.962499999995,borda
648,Q0,LA032990-0077,318,4140.757499999996,borda
648,Q0,FBIS3-23960,319,4139.849999999996,borda
648,Q0,FT921-3923,320,4130.116249999996,borda
648,Q0,LA072089-0057,321,4126.896249999996,borda
648,Q0,FBIS4-66228,322,4123.636249999997,borda
648,Q0,FT934-6949,323,4106.937499999996,borda
648,Q0,FR941212-0-00148,324,4095.9537499999974,borda
648,Q0,FT941-7532,325,4091.1624999999954,borda
648,Q0,FBIS3-28152,326,4084.372499999995,borda
648,Q0,FT911-4585,327,4083.983749999995,borda
648,Q0,LA102590-0127,328,4082.9612499999976,borda
648,Q0,FT942-8285,329,4073.616249999996,borda
648,Q0,FR940902-2-00106,330,4066.3412499999968,borda
648,Q0,FT921-2350,331,4064.039999999997,borda
648,Q0,FBIS3-58882,332,4031.3712499999956,borda
648,Q0,LA010590-0191,333,4026.5124999999953,borda
648,Q0,FBIS3-8436,334,4023.8012499999977,borda
648,Q0,LA061689-0113,335,4021.2112499999944,borda
648,Q0,FT943-14319,336,4020.3974999999978,borda
648,Q0,FT924-6629,337,4012.249999999996,borda
648,Q0,LA060689-0074,338,4007.8449999999966,borda
648,Q0,FR941212-0-00128,339,4007.0349999999958,borda
648,Q0,FT922-3817,340,3991.8374999999965,borda
648,Q0,FT944-12972,341,3976.7912499999957,borda
648,Q0,FT921-2118,342,3962.654999999996,borda
648,Q0,FT932-15781,343,3955.0999999999963,borda
648,Q0,FT911-5115,344,3951.542499999995,borda
648,Q0,FR940912-0-00060,345,3948.311249999996,borda
648,Q0,FR941011-1-00024,346,3946.1699999999964,borda
648,Q0,LA021989-0226,347,3942.2562499999954,borda
648,Q0,FT933-5165,348,3921.7624999999966,borda
648,Q0,FBIS3-54871,349,3914.673749999996,borda
648,Q0,FT942-7843,350,3913.006249999997,borda
648,Q0,FT933-3762,351,3909.5874999999955,borda
648,Q0,LA102590-0212,352,3904.934999999996,borda
648,Q0,LA031390-0131,353,3902.4787499999957,borda
648,Q0,FBIS4-47019,354,3898.7587499999972,borda
648,Q0,FBIS3-34687,355,3875.9637499999976,borda
648,Q0,FT931-5252,356,3875.956249999996,borda
648,Q0,FT911-3271,357,3869.1962499999963,borda
648,Q0,FBIS4-2413,358,3861.571249999997,borda
648,Q0,FT944-15308,359,3849.107499999996,borda
648,Q0,FT932-10421,360,3845.276249999995,borda
648,Q0,FBIS4-37225,361,3836.2074999999954,borda
648,Q0,LA092389-0019,362,3824.4724999999944,borda
648,Q0,FR940325-0-00105,363,3820.6862499999957,borda
648,Q0,FT941-13924,364,3817.743749999995,borda
648,Q0,FT923-11280,365,3815.209999999997,borda
648,Q0,FT923-15255,366,3812.8762499999975,borda
648,Q0,FT924-3747,367,3811.1487499999967,borda
648,Q0,FT922-3002,368,3807.7624999999953,borda
648,Q0,FT944-5359,369,3804.5637499999975,borda
648,Q0,FT922-767,370,3802.323749999996,borda
648,Q0,FBIS4-32366,371,3800.683749999995,borda
648,Q0,FT934-17469,372,3799.309999999995,borda
648,Q0,FR940426-1-00153,373,3795.703749999997,borda
648,Q0,FBIS3-18722,374,3790.852499999997,borda
648,Q0,FBIS3-58088,375,3786.6499999999974,borda
648,Q0,FR940106-0-00176,376,3783.597499999996,borda
648,Q0,FR941221-0-00004,377,3782.1274999999964,borda
648,Q0,LA092389-0143,378,3762.858749999995,borda
648,Q0,FR940202-0-00089,379,3762.732499999997,borda
648,Q0,FT923-3376,380,3762.422499999997,borda
648,Q0,LA062290-0050,381,3748.013749999996,borda
648,Q0,FT942-3162,382,3745.8974999999946,borda
648,Q0,FBIS4-68361,383,3738.9774999999977,borda
648,Q0,FT923-14881,384,3731.4662499999963,borda
648,Q0,FBIS3-1945,385,3729.308749999997,borda
648,Q0,FBIS4-42220,386,3728.674999999995,borda
648,Q0,FBIS4-41213,387,3724.7837499999964,borda
648,Q0,FT921-6435,388,3714.721249999994,borda
648,Q0,FT943-7075,389,3710.2137499999944,borda
648,Q0,FBIS3-34245,390,3687.5037499999976,borda
648,Q0,FT921-5118,391,3678.9799999999955,borda
648,Q0,LA030990-0121,392,3678.884999999999,borda
648,Q0,FBIS4-51252,393,3672.9974999999963,borda
648,Q0,LA101689-0039,394,3668.8249999999994,borda
648,Q0,FR940728-2-00062,395,3665.667499999995,borda
648,Q0,LA081290-0132,396,3663.4137499999965,borda
648,Q0,LA060590-0019,397,3659.8637499999977,borda
648,Q0,FBIS4-68471,398,3653.726249999998,borda
648,Q0,FBIS4-54505,399,3647.376249999998,borda
648,Q0,FBIS3-2603,400,3645.6362499999977,borda
648,Q0,FR940317-1-00156,401,3640.309999999997,borda
648,Q0,FBIS4-44507,402,3636.952499999996,borda
648,Q0,FT932-14603,403,3631.422499999995,borda
648,Q0,FBIS4-66698,404,3630.4212499999985,borda
648,Q0,FBIS4-68474,405,3628.2299999999946,borda
648,Q0,FR941110-0-00329,406,3609.3299999999967,borda
648,Q0,FT923-6631,407,3598.016249999996,borda
648,Q0,FBIS4-17073,408,3592.951249999996,borda
648,Q0,FT942-9570,409,3589.713749999996,borda
648,Q0,LA123189-0191,410,3584.6124999999984,borda
648,Q0,FT943-8516,411,3582.8337499999966,borda
648,Q0,FT932-17476,412,3578.649999999997,borda
648,Q0,FBIS4-65353,413,3577.058749999997,borda
648,Q0,FBIS4-50016,414,3575.9574999999986,borda
648,Q0,FR941212-0-00091,415,3569.706249999997,borda
648,Q0,LA032790-0103,416,3568.2749999999983,borda
648,Q0,FT922-991,417,3560.4287499999964,borda
648,Q0,FR941031-1-00013,418,3556.8399999999965,borda
648,Q0,FT943-5183,419,3555.2799999999966,borda
648,Q0,FT942-4797,420,3546.933749999995,borda
648,Q0,FR940906-2-00098,421,3545.1887499999984,borda
648,Q0,FBIS4-30082,422,3539.6374999999966,borda
648,Q0,LA052189-0032,423,3534.5199999999973,borda
648,Q0,LA102390-0072,424,3532.8074999999967,borda
648,Q0,FT931-8108,425,3528.038749999997,borda
648,Q0,FT921-3435,426,3523.298749999997,borda
648,Q0,FBIS3-59491,427,3516.1512499999967,borda
648,Q0,FR940511-1-00064,428,3514.5537499999978,borda
648,Q0,LA102990-0049,429,3513.8174999999965,borda
648,Q0,FR940722-1-00035,430,3512.417499999997,borda
648,Q0,FR941006-2-00161,431,3510.172499999996,borda
648,Q0,FBIS4-66616,432,3504.5587499999974,borda
648,Q0,LA062389-0009,433,3470.1699999999987,borda
648,Q0,FR941212-0-00119,434,3461.0762499999973,borda
648,Q0,FBIS4-66768,435,3459.4649999999965,borda
648,Q0,FR941207-0-00002,436,3438.6224999999977,borda
648,Q0,FBIS3-5774,437,3436.197499999997,borda
648,Q0,LA100989-0084,438,3434.5987499999974,borda
648,Q0,LA080990-0192,439,3434.499999999998,borda
648,Q0,FBIS4-22442,440,3422.676249999996,borda
648,Q0,FBIS4-38878,441,3416.8387499999967,borda
648,Q0,FT934-808,442,3411.0637499999966,borda
648,Q0,FT934-16249,443,3409.5187499999975,borda
648,Q0,LA090489-0050,444,3402.032499999997,borda
648,Q0,LA010690-0145,445,3391.219999999999,borda
648,Q0,FT933-12192,446,3387.461249999998,borda
648,Q0,FT943-15631,447,3384.1899999999973,borda
648,Q0,FT923-6015,448,3381.071249999997,borda
648,Q0,FBIS3-58635,449,3378.8999999999974,borda
648,Q0,LA092090-0215,450,3366.1712499999985,borda
648,Q0,FBIS3-36078,451,3359.5024999999982,borda
648,Q0,LA051790-0172,452,3353.1524999999974,borda
648,Q0,FBIS3-59440,453,3341.889999999995,borda
648,Q0,FT932-7551,454,3338.6662499999966,borda
648,Q0,FT922-6248,455,3335.834999999997,borda
648,Q0,FT932-10769,456,3327.6687499999966,borda
648,Q0,FT931-12922,457,3326.532499999998,borda
648,Q0,FBIS3-6491,458,3319.726249999995,borda
648,Q0,FT934-17341,459,3309.499999999997,borda
648,Q0,FR940317-1-00113,460,3302.669999999997,borda
648,Q0,LA102089-0138,461,3302.4837499999994,borda
648,Q0,FR940902-2-00101,462,3302.2887499999965,borda
648,Q0,FBIS3-23613,463,3288.386249999998,borda
648,Q0,FT924-10071,464,3284.007499999997,borda
648,Q0,FBIS3-40822,465,3283.7549999999956,borda
648,Q0,FT924-4625,466,3280.3299999999967,borda
648,Q0,LA072989-0067,467,3279.773749999998,borda
648,Q0,LA112789-0115,468,3271.811249999996,borda
648,Q0,LA042190-0086,469,3270.7674999999967,borda
648,Q0,FR940902-2-00100,470,3265.1974999999975,borda
648,Q0,FBIS4-529,471,3259.4124999999976,borda
648,Q0,FBIS3-20420,472,3251.6562499999973,borda
648,Q0,FBIS4-1647,473,3248.0087499999963,borda
648,Q0,FT933-1020,474,3247.711249999997,borda
648,Q0,FT942-3411,475,3247.079999999999,borda
648,Q0,LA032390-0010,476,3243.9262499999977,borda
648,Q0,FBIS3-59300,477,3239.946249999998,borda
648,Q0,FR941004-1-00072,478,3239.396249999998,borda
648,Q0,FT942-11625,479,3238.4874999999965,borda
648,Q0,LA021290-0025,480,3234.2074999999977,borda
648,Q0,LA033089-0030,481,3232.6474999999964,borda
648,Q0,LA082489-0137,482,3225.609999999998,borda
648,Q0,FT942-14033,483,3222.3012499999973,borda
648,Q0,FT922-12132,484,3219.7299999999987,borda
648,Q0,LA051090-0057,485,3214.3062499999983,borda
648,Q0,LA061790-0115,486,3205.833749999998,borda
648,Q0,FBIS3-40122,487,3203.941249999998,borda
648,Q0,FBIS4-42072,488,3203.2012499999983,borda
648,Q0,FBIS3-33534,489,3196.5799999999967,borda
648,Q0,FT911-1962,490,3193.234999999996,borda
648,Q0,FR941220-0-00107,491,3190.8862499999987,borda
648,Q0,FBIS4-49208,492,3182.929999999998,borda
648,Q0,FBIS3-51677,493,3181.0149999999976,borda
648,Q0,FR940722-0-00019,494,3176.7474999999977,borda
648,Q0,FT942-13383,495,3167.3487499999956,borda
648,Q0,FR940511-1-00065,496,3166.844999999998,borda
648,Q0,FR941202-0-00182,497,3165.1124999999984,borda
648,Q0,LA112689-0019,498,3163.823749999997,borda
648,Q0,FT944-9070,499,3160.486249999997,borda
648,Q0,LA120789-0016,500,3159.7812499999973,borda
648,Q0,FT923-11275,501,3154.009999999997,borda
648,Q0,LA121690-0222,502,3152.399999999998,borda
648,Q0,LA012989-0055,503,3149.813749999996,borda
648,Q0,LA012989-0169,504,3148.9762499999993,borda
648,Q0,LA021190-0144,505,3148.5362499999965,borda
648,Q0,FBIS4-1671,506,3146.1812499999974,borda
648,Q0,FBIS3-8359,507,3143.3899999999967,borda
648,Q0,FT942-1430,508,3136.402499999997,borda
648,Q0,FR940317-1-00126,509,3135.8537499999966,borda
648,Q0,FT944-1517,510,3117.454999999997,borda
648,Q0,FT932-11171,511,3110.8224999999975,borda
648,Q0,LA082590-0131,512,3105.266249999998,borda
648,Q0,FT933-9441,513,3096.0474999999974,borda
648,Q0,FR941104-1-00024,514,3093.7124999999974,borda
648,Q0,FT932-16766,515,3089.109999999996,borda
648,Q0,LA101790-0010,516,3088.8124999999973,borda
648,Q0,FR940722-0-00015,517,3085.4462499999977,borda
648,Q0,FR940927-0-00085,518,3084.5362499999965,borda
648,Q0,FT923-10025,519,3081.612499999997,borda
648,Q0,FBIS3-4789,520,3080.9299999999967,borda
648,Q0,FT944-6228,521,3074.206249999997,borda
648,Q0,LA010190-0086,522,3073.3312499999975,borda
648,Q0,FT933-12311,523,3068.206249999998,borda
648,Q0,FR940317-1-00097,524,3055.659999999999,borda
648,Q0,LA102289-0131,525,3050.9137499999983,borda
648,Q0,FBIS3-53394,526,3044.7187499999977,borda
648,Q0,FT944-2225,527,3034.037499999996,borda
648,Q0,FR940721-2-00063,528,3030.2812499999977,borda
648,Q0,FR940802-0-00089,529,3023.2224999999976,borda
648,Q0,FBIS3-56482,530,3015.878749999996,borda
648,Q0,FR941202-0-00186,531,3013.468749999998,borda
648,Q0,LA102990-0050,532,3012.7737499999976,borda
648,Q0,FT943-1867,533,3009.1612499999983,borda
648,Q0,FR941122-0-00041,534,3005.0774999999976,borda
648,Q0,FT941-6990,535,2997.3849999999957,borda
648,Q0,FBIS3-59345,536,2996.246249999999,borda
648,Q0,FBIS4-41851,537,2991.1362499999964,borda
648,Q0,FT941-13131,538,2985.216249999997,borda
648,Q0,FR940412-1-00051,539,2982.387499999996,borda
648,Q0,FR941207-0-00092,540,2982.2549999999965,borda
648,Q0,LA102290-0082,541,2981.6362499999973,borda
648,Q0,LA012690-0112,542,2974.697499999996,borda
648,Q0,FBIS3-1747,543,2971.162499999997,borda
648,Q0,FT934-16166,544,2969.1587499999955,borda
648,Q0,FR940106-0-00149,545,2967.189999999998,borda
648,Q0,FT934-12730,546,2966.668749999997,borda
648,Q0,FBIS4-34661,547,2965.037499999998,borda
648,Q0,FR941227-1-00026,548,2963.432499999996,borda
648,Q0,LA070890-0048,549,2960.1124999999975,borda
648,Q0,FR940819-1-00050,550,2960.054999999998,borda
648,Q0,FR940721-2-00064,551,2953.494999999998,borda
648,Q0,FBIS4-45052,552,2949.3512499999965,borda
648,Q0,LA010590-0127,553,2948.1599999999985,borda
648,Q0,LA052189-0211,554,2947.807499999998,borda
648,Q0,FBIS4-46959,555,2946.1962499999986,borda
648,Q0,FBIS4-59527,556,2945.868749999996,borda
648,Q0,FT944-2010,557,2937.7424999999957,borda
648,Q0,FR941019-0-00029,558,2935.579999999998,borda
648,Q0,FT942-13642,559,2923.691249999998,borda
648,Q0,FR940325-0-00098,560,2923.3549999999973,borda
648,Q0,LA012890-0069,561,2920.3374999999965,borda
648,Q0,FR940412-1-00030,562,2919.7537499999958,borda
648,Q0,FT921-13013,563,2913.4862499999977,borda
648,Q0,LA051890-0133,564,2910.792499999998,borda
648,Q0,FR940511-1-00104,565,2906.6262499999984,borda
648,Q0,FBIS4-44407,566,2905.818749999997,borda
648,Q0,LA032690-0026,567,2900.413749999999,borda
648,Q0,FR941004-1-00074,568,2882.7537499999994,borda
648,Q0,FBIS4-63554,569,2882.474999999996,borda
648,Q0,FR940214-2-00105,570,2881.9974999999977,borda
648,Q0,LA030189-0098,571,2877.3312499999984,borda
648,Q0,FT944-14269,572,2869.332499999996,borda
648,Q0,LA100790-0108,573,2869.279999999996,borda
648,Q0,FBIS3-12176,574,2865.018749999997,borda
648,Q0,FBIS4-22759,575,2862.4962499999956,borda
648,Q0,FT924-9307,576,2855.6962499999972,borda
648,Q0,LA021989-0233,577,2855.2762499999994,borda
648,Q0,LA082690-0128,578,2850.202499999997,borda
648,Q0,LA082789-0173,579,2840.3649999999957,borda
648,Q0,FBIS3-55606,580,2836.104999999997,borda
648,Q0,FR940317-1-00092,581,2826.596249999998,borda
648,Q0,LA032590-0091,582,2826.359999999998,borda
648,Q0,FT942-297,583,2821.3337499999957,borda
648,Q0,FT921-13258,584,2816.263749999996,borda
648,Q0,LA051289-0053,585,2815.6137499999973,borda
648,Q0,FT932-7550,586,2813.734999999997,borda
648,Q0,FR941011-1-00028,587,2811.959999999998,borda
648,Q0,LA100790-0224,588,2806.7687499999965,borda
648,Q0,FT934-3832,589,2804.6162499999955,borda
648,Q0,LA082689-0131,590,2792.208749999998,borda
648,Q0,FR940207-1-00031,591,2790.2599999999984,borda
648,Q0,FR941011-1-00023,592,2788.6437499999975,borda
648,Q0,LA010690-0133,593,2787.266249999997,borda
648,Q0,FT922-704,594,2787.0062499999963,borda
648,Q0,FBIS3-15594,595,2786.103749999996,borda
648,Q0,FT944-13786,596,2778.028749999996,borda
648,Q0,FT934-14428,597,2775.8799999999956,borda
648,Q0,FR941202-1-00030,598,2774.764999999998,borda
648,Q0,FBIS4-68601,599,2769.918749999996,borda
648,Q0,FR940504-1-00052,600,2768.6824999999976,borda
648,Q0,FT931-7138,601,2768.167499999998,borda
648,Q0,LA111289-0017,602,2765.559999999998,borda
648,Q0,LA022390-0085,603,2762.552499999999,borda
648,Q0,FBIS3-55372,604,2758.683749999997,borda
648,Q0,LA071490-0054,605,2757.0637499999984,borda
648,Q0,LA052089-0131,606,2756.2624999999985,borda
648,Q0,FBIS4-10752,607,2748.1812499999983,borda
648,Q0,LA111190-0216,608,2742.423749999997,borda
648,Q0,LA051989-0049,609,2738.9487499999973,borda
648,Q0,FT923-10023,610,2731.9212499999962,borda
648,Q0,FBIS4-60255,611,2723.287499999999,borda
648,Q0,FBIS3-13221,612,2722.8312499999993,borda
648,Q0,LA121489-0198,613,2719.6049999999987,borda
648,Q0,FT943-1865,614,2714.1562499999986,borda
648,Q0,LA040890-0113,615,2708.391249999998,borda
648,Q0,LA031190-0054,616,2708.363749999997,borda
648,Q0,LA121789-0089,617,2704.467499999998,borda
648,Q0,FT943-10095,618,2701.422499999996,borda
648,Q0,FT921-4755,619,2694.7787499999963,borda
648,Q0,LA060689-0122,620,2693.6737499999986,borda
648,Q0,LA110589-0079,621,2691.8687499999987,borda
648,Q0,FR940106-0-00152,622,2687.9062499999986,borda
648,Q0,FBIS4-22491,623,2679.002499999996,borda
648,Q0,FBIS4-22569,624,2678.213749999997,borda
648,Q0,FT922-4230,625,2673.973749999996,borda
648,Q0,FT934-4618,626,2672.5062499999976,borda
648,Q0,FR941130-0-00007,627,2670.427499999996,borda
648,Q0,FT942-12117,628,2666.976249999998,borda
648,Q0,FBIS4-22768,629,2665.5637499999984,borda
648,Q0,FT941-8414,630,2665.1412499999965,borda
648,Q0,FR941107-0-00034,631,2653.554999999999,borda
648,Q0,FT911-3886,632,2645.5312499999986,borda
648,Q0,FBIS3-57975,633,2643.8399999999974,borda
648,Q0,FT944-8079,634,2635.8537499999966,borda
648,Q0,FT944-17324,635,2630.3862499999977,borda
648,Q0,FT922-5030,636,2625.8074999999967,borda
648,Q0,FT923-14084,637,2608.7037499999988,borda
648,Q0,LA062190-0124,638,2608.283749999999,borda
648,Q0,FT932-14487,639,2601.086249999998,borda
648,Q0,FBIS4-47178,640,2597.144999999998,borda
648,Q0,FR940613-1-00025,641,2592.807499999996,borda
648,Q0,LA032389-0066,642,2590.897499999998,borda
648,Q0,FT934-4818,643,2585.2024999999976,borda
648,Q0,LA092390-0097,644,2582.859999999997,borda
648,Q0,FR941104-1-00021,645,2572.9887499999986,borda
648,Q0,LA010990-0026,646,2568.4887499999963,borda
648,Q0,FBIS3-40865,647,2568.2899999999977,borda
648,Q0,FBIS4-44104,648,2565.648749999997,borda
648,Q0,FT942-9457,649,2563.821249999998,borda
648,Q0,FBIS3-48296,650,2563.205,borda
648,Q0,LA060290-0116,651,2562.711249999997,borda
648,Q0,FT942-2003,652,2561.686249999998,borda
648,Q0,FT941-15284,653,2560.361249999998,borda
648,Q0,FT922-6726,654,2559.6587499999973,borda
648,Q0,LA012190-0103,655,2555.918749999996,borda
648,Q0,FBIS3-42690,656,2554.75375,borda
648,Q0,FBIS3-13962,657,2551.08875,borda
648,Q0,FBIS4-19803,658,2547.6599999999976,borda
648,Q0,FT922-5936,659,2547.4049999999975,borda
648,Q0,FT932-13293,660,2534.9687499999977,borda
648,Q0,FT931-6716,661,2532.536249999996,borda
648,Q0,FR940325-2-00133,662,2529.7637499999987,borda
648,Q0,LA042389-0150,663,2527.3637499999995,borda
648,Q0,FT934-5671,664,2526.6662499999975,borda
648,Q0,LA052989-0074,665,2525.033749999999,borda
648,Q0,FT933-9381,666,2523.794999999998,borda
648,Q0,FR940812-0-00073,667,2520.4724999999976,borda
648,Q0,LA110490-0010,668,2517.7662499999988,borda
648,Q0,LA121089-0088,669,2516.6749999999975,borda
648,Q0,LA011090-0069,670,2511.483749999998,borda
648,Q0,LA051489-0009,671,2510.66125,borda
648,Q0,FBIS3-23576,672,2508.659999999996,borda
648,Q0,FR941205-2-00039,673,2508.638749999999,borda
648,Q0,FBIS3-12430,674,2508.2074999999986,borda
648,Q0,LA112290-0106,675,2504.8774999999982,borda
648,Q0,FBIS4-66515,676,2504.4074999999993,borda
648,Q0,LA022390-0037,677,2501.638749999998,borda
648,Q0,FT921-13760,678,2500.4112499999965,borda
648,Q0,LA081990-0198,679,2496.67125,borda
648,Q0,LA101189-0057,680,2495.6874999999973,borda
648,Q0,FR940916-1-00064,681,2490.461249999998,borda
648,Q0,FBIS4-66191,682,2490.3587499999985,borda
648,Q0,FT944-13836,683,2489.5137499999964,borda
648,Q0,FBIS3-6661,684,2485.9249999999984,borda
648,Q0,LA062589-0099,685,2479.443749999999,borda
648,Q0,FBIS3-58472,686,2473.9049999999975,borda
648,Q0,LA111289-0132,687,2473.8949999999995,borda
648,Q0,FR940512-2-00173,688,2471.338749999999,borda
648,Q0,LA052490-0011,689,2470.7762499999985,borda
648,Q0,FR941212-0-00102,690,2469.6037499999993,borda
648,Q0,LA032289-0031,691,2469.142499999999,borda
648,Q0,FBIS4-68440,692,2468.0099999999993,borda
648,Q0,FT933-4538,693,2466.8687499999987,borda
648,Q0,LA120290-0040,694,2463.9012499999994,borda
648,Q0,FT933-4822,695,2460.2562499999963,borda
648,Q0,FT924-1406,696,2457.357499999997,borda
648,Q0,LA012190-0106,697,2450.467499999997,borda
648,Q0,LA100790-0132,698,2450.08875,borda
648,Q0,FR940118-2-00127,699,2448.1899999999964,borda
648,Q0,LA051090-0167,700,2445.798749999999,borda
648,Q0,FT942-13661,701,2445.419999999999,borda
648,Q0,FBIS3-57344,702,2444.60125,borda
648,Q0,LA111590-0050,703,2439.893749999999,borda
648,Q0,LA052490-0024,704,2438.8824999999983,borda
648,Q0,FBIS3-42851,705,2436.114999999998,borda
648,Q0,FBIS4-26830,706,2435.6287499999967,borda
648,Q0,FT941-6441,707,2432.0587499999965,borda
648,Q0,FR941011-1-00027,708,2430.1537499999986,borda
648,Q0,LA043089-0095,709,2427.7724999999987,borda
648,Q0,FBIS3-24308,710,2427.6737499999977,borda
648,Q0,FBIS3-4694,711,2427.1737499999995,borda
648,Q0,FT923-2297,712,2425.763749999999,borda
648,Q0,FBIS3-67,713,2419.81375,borda
648,Q0,FR940104-2-00015,714,2417.0737499999964,borda
648,Q0,FT922-1805,715,2416.4149999999977,borda
648,Q0,FT943-4837,716,2408.574999999998,borda
648,Q0,LA021989-0004,717,2404.8062499999996,borda
648,Q0,FBIS4-46985,718,2403.8362499999994,borda
648,Q0,FR940314-2-00105,719,2399.7712499999984,borda
648,Q0,FR940826-1-00032,720,2397.0999999999985,borda
648,Q0,FT921-13786,721,2395.5324999999975,borda
648,Q0,FR941219-0-00023,722,2393.1249999999973,borda
648,Q0,FBIS3-43072,723,2388.7124999999996,borda
648,Q0,FR940927-0-00093,724,2388.1962499999986,borda
648,Q0,FT921-15123,725,2386.068749999999,borda
648,Q0,FR941219-0-00024,726,2382.7062499999975,borda
648,Q0,FBIS4-66836,727,2382.129999999997,borda
648,Q0,FBIS3-24364,728,2380.8762499999975,borda
648,Q0,FT933-7393,729,2379.632499999997,borda
648,Q0,LA040790-0159,730,2379.0424999999973,borda
648,Q0,FBIS4-57286,731,2378.5387499999983,borda
648,Q0,FT921-8773,732,2373.6337499999977,borda
648,Q0,FR940819-1-00017,733,2367.264999999998,borda
648,Q0,FR940728-0-00006,734,2366.947499999999,borda
648,Q0,FBIS4-49759,735,2364.207499999999,borda
648,Q0,FBIS4-53182,736,2361.6587499999996,borda
648,Q0,FR941202-0-00188,737,2357.747499999999,borda
648,Q0,FR940214-0-00064,738,2357.0224999999964,borda
648,Q0,FT933-9737,739,2354.567499999998,borda
648,Q0,LA070190-0146,740,2353.9674999999975,borda
648,Q0,FR940405-1-00097,741,2353.402499999998,borda
648,Q0,FBIS3-10875,742,2353.033749999999,borda
648,Q0,FT942-7830,743,2351.193749999998,borda
648,Q0,FBIS3-54726,744,2350.50375,borda
648,Q0,FT922-13404,745,2349.457499999997,borda
648,Q0,FT942-4436,746,2348.0499999999975,borda
648,Q0,FT931-6549,747,2346.7099999999973,borda
648,Q0,FT921-6018,748,2341.8562499999985,borda
648,Q0,FBIS3-54460,749,2341.0412499999998,borda
648,Q0,FT934-5035,750,2336.262499999997,borda
648,Q0,FBIS4-17935,751,2335.3062499999974,borda
648,Q0,LA011589-0005,752,2334.3312499999997,borda
648,Q0,FBIS3-24618,753,2330.9374999999995,borda
648,Q0,FBIS4-31787,754,2330.2862499999997,borda
648,Q0,FT944-5364,755,2329.7249999999985,borda
648,Q0,FR940722-0-00021,756,2325.7087499999984,borda
648,Q0,FBIS3-37947,757,2325.4275,borda
648,Q0,FT921-9994,758,2322.7887499999983,borda
648,Q0,FT924-1107,759,2322.246249999999,borda
648,Q0,FT942-11683,760,2313.1374999999975,borda
648,Q0,LA120389-0229,761,2313.003749999999,borda
648,Q0,FT934-4220,762,2311.9287499999973,borda
648,Q0,FR940318-2-00093,763,2311.358749999997,borda
648,Q0,FBIS3-9932,764,2310.8062499999983,borda
648,Q0,LA031289-0091,765,2310.2599999999993,borda
648,Q0,FT923-3319,766,2308.5299999999975,borda
648,Q0,LA071090-0002,767,2308.2962499999967,borda
648,Q0,FBIS4-16934,768,2306.2724999999987,borda
648,Q0,FBIS4-68275,769,2305.2675,borda
648,Q0,FR940711-1-00020,770,2303.9812499999985,borda
648,Q0,FBIS3-13154,771,2302.2749999999987,borda
648,Q0,FT933-1011,772,2300.3249999999966,borda
648,Q0,FT922-10144,773,2298.9237499999967,borda
648,Q0,LA121690-0217,774,2298.464999999999,borda
648,Q0,LA031190-0237,775,2295.0299999999997,borda
648,Q0,FBIS4-22201,776,2288.2724999999973,borda
648,Q0,FT924-5345,777,2287.1424999999967,borda
648,Q0,LA040490-0181,778,2285.222499999997,borda
648,Q0,FT924-3730,779,2282.9212499999985,borda
648,Q0,FBIS4-46813,780,2281.3612499999986,borda
648,Q0,LA041989-0056,781,2278.48625,borda
648,Q0,LA081389-0171,782,2274.0524999999975,borda
648,Q0,LA070289-0164,783,2273.1,borda
648,Q0,FBIS3-23651,784,2272.4312499999974,borda
648,Q0,FBIS4-22492,785,2269.264999999998,borda
648,Q0,LA120889-0124,786,2269.144999999999,borda
648,Q0,FR941212-0-00137,787,2266.9824999999996,borda
648,Q0,LA031590-0117,788,2265.4237499999995,borda
648,Q0,FBIS3-9572,789,2264.1924999999974,borda
648,Q0,FR940705-1-00003,790,2262.6324999999993,borda
648,Q0,FT924-1754,791,2258.344999999998,borda
648,Q0,FT923-9625,792,2257.6324999999997,borda
648,Q0,FR940627-0-00060,793,2252.982499999999,borda
648,Q0,FBIS3-23961,794,2252.912499999998,borda
648,Q0,LA102289-0016,795,2250.7174999999975,borda
648,Q0,FT921-5503,796,2250.0799999999977,borda
648,Q0,FBIS4-22382,797,2248.852499999999,borda
648,Q0,FT933-5135,798,2246.99,borda
648,Q0,FBIS3-24037,799,2245.4924999999985,borda
648,Q0,LA050689-0003,800,2244.7549999999997,borda
648,Q0,FBIS4-32325,801,2242.6937499999985,borda
648,Q0,FBIS4-32344,802,2238.3999999999987,borda
648,Q0,FT933-8358,803,2235.97,borda
648,Q0,FT944-5748,804,2234.348749999998,borda
648,Q0,LA061989-0039,805,2233.827499999997,borda
648,Q0,FT921-11666,806,2233.486249999997,borda
648,Q0,FT924-7223,807,2232.6049999999987,borda
648,Q0,FBIS3-19515,808,2231.1062499999994,borda
648,Q0,LA122989-0075,809,2228.319999999998,borda
648,Q0,FR941221-0-00006,810,2224.511249999999,borda
648,Q0,FT922-5979,811,2220.9949999999963,borda
648,Q0,FT923-14,812,2219.929999999998,borda
648,Q0,LA112290-0135,813,2219.5137499999964,borda
648,Q0,LA091189-0123,814,2218.7937499999994,borda
648,Q0,FBIS4-64007,815,2212.5912499999963,borda
648,Q0,FBIS4-49549,816,2208.4962499999983,borda
648,Q0,FBIS3-35411,817,2207.242499999997,borda
648,Q0,FBIS3-2216,818,2202.313749999997,borda
648,Q0,LA121089-0032,819,2199.70375,borda
648,Q0,FBIS3-61186,820,2199.59625,borda
648,Q0,FBIS4-68846,821,2199.1662499999998,borda
648,Q0,LA042990-0245,822,2198.85875,borda
648,Q0,FBIS4-46892,823,2198.0325,borda
648,Q0,FT921-4453,824,2195.804999999998,borda
648,Q0,LA112489-0120,825,2191.0662500000003,borda
648,Q0,FR940512-2-00172,826,2187.8287499999988,borda
648,Q0,FR941110-0-00087,827,2186.8912499999988,borda
648,Q0,FR940722-1-00036,828,2182.1224999999977,borda
648,Q0,FT943-9226,829,2182.0912499999968,borda
648,Q0,LA112689-0194,830,2181.5874999999987,borda
648,Q0,FT921-1173,831,2181.552499999997,borda
648,Q0,FBIS3-23833,832,2181.304999999998,borda
648,Q0,FBIS4-66185,833,2180.5724999999998,borda
648,Q0,FT942-15202,834,2177.992499999999,borda
648,Q0,FR940222-0-00031,835,2169.8237499999987,borda
648,Q0,LA051289-0146,836,2163.6599999999976,borda
648,Q0,LA020189-0123,837,2160.574999999999,borda
648,Q0,FR940825-1-00066,838,2158.9062499999977,borda
648,Q0,FT934-4806,839,2158.516249999998,borda
648,Q0,FT924-10760,840,2154.9362499999975,borda
648,Q0,FR940527-0-00062,841,2153.867499999998,borda
648,Q0,FR940404-2-00124,842,2140.746249999998,borda
648,Q0,FR940314-2-00111,843,2140.251249999999,borda
648,Q0,FT942-8153,844,2139.4149999999977,borda
648,Q0,FT923-14872,845,2138.4524999999994,borda
648,Q0,FR940216-0-00144,846,2138.319999999997,borda
648,Q0,LA041890-0072,847,2132.87625,borda
648,Q0,FT921-4454,848,2130.7962499999976,borda
648,Q0,FBIS4-36967,849,2130.534999999997,borda
648,Q0,FT942-6685,850,2125.882499999999,borda
648,Q0,LA020190-0021,851,2123.756249999998,borda
648,Q0,FT924-968,852,2118.8487499999974,borda
648,Q0,LA050490-0029,853,2114.5874999999987,borda
648,Q0,FBIS4-54506,854,2111.4912499999978,borda
648,Q0,LA042089-0118,855,2110.464999999999,borda
648,Q0,LA061589-0186,856,2109.9950000000003,borda
648,Q0,FT934-3673,857,2106.6599999999976,borda
648,Q0,FT941-2017,858,2102.601249999999,borda
648,Q0,FBIS4-47630,859,2102.524999999998,borda
648,Q0,FT943-10429,860,2102.3962499999984,borda
648,Q0,FBIS4-58121,861,2100.705,borda
648,Q0,FBIS3-24162,862,2098.3137499999975,borda
648,Q0,FBIS4-22350,863,2097.334999999998,borda
648,Q0,FT944-11478,864,2095.722499999999,borda
648,Q0,FT931-2239,865,2091.9512499999973,borda
648,Q0,FBIS4-35474,866,2090.132499999997,borda
648,Q0,FT944-14457,867,2090.111249999999,borda
648,Q0,FBIS3-61192,868,2087.948749999998,borda
648,Q0,FBIS4-44523,869,2084.56875,borda
648,Q0,LA061889-0125,870,2084.2387499999995,borda
648,Q0,FT922-13145,871,2078.3549999999977,borda
648,Q0,FR940825-1-00058,872,2077.1437499999984,borda
648,Q0,FT922-470,873,2071.381249999998,borda
648,Q0,FBIS3-55918,874,2070.836249999998,borda
648,Q0,FBIS4-54594,875,2069.3312499999984,borda
648,Q0,FBIS4-47603,876,2069.1875,borda
648,Q0,FBIS4-29,877,2064.37625,borda
648,Q0,FBIS3-54461,878,2062.88625,borda
648,Q0,FT933-9195,879,2062.4737499999983,borda
648,Q0,LA020189-0108,880,2061.43125,borda
648,Q0,LA082590-0006,881,2058.2924999999977,borda
648,Q0,FBIS3-14832,882,2056.7262499999997,borda
648,Q0,FBIS4-55666,883,2056.4374999999977,borda
648,Q0,FR940419-1-00058,884,2056.012499999997,borda
648,Q0,FBIS4-22649,885,2055.0712499999977,borda
648,Q0,FT944-2177,886,2051.469999999998,borda
648,Q0,FR941221-0-00060,887,2051.2437499999983,borda
648,Q0,FR941207-0-00004,888,2047.649999999999,borda
648,Q0,FT942-10642,889,2046.491249999997,borda
648,Q0,FT923-5532,890,2045.076249999998,borda
648,Q0,FBIS4-22804,891,2045.013749999999,borda
648,Q0,FT921-4339,892,2042.0112499999977,borda
648,Q0,FR940325-0-00077,893,2041.7037499999974,borda
648,Q0,LA011489-0085,894,2037.731249999997,borda
648,Q0,FR940802-2-00042,895,2036.3187499999974,borda
648,Q0,FR941212-0-00107,896,2034.2049999999983,borda
648,Q0,FT911-647,897,2033.5974999999978,borda
648,Q0,LA093090-0214,898,2032.3862499999987,borda
648,Q0,LA040890-0145,899,2030.1974999999975,borda
648,Q0,FT942-10416,900,2028.4724999999985,borda
648,Q0,FBIS3-50199,901,2027.1387499999983,borda
648,Q0,FBIS3-16518,902,2023.9849999999974,borda
648,Q0,FT932-13400,903,2023.8499999999979,borda
648,Q0,FT922-3020,904,2023.2587499999984,borda
648,Q0,FR941027-2-00141,905,2022.3362499999969,borda
648,Q0,LA012190-0215,906,2022.029999999998,borda
648,Q0,FR940812-2-00044,907,2019.8037499999973,borda
648,Q0,LA011589-0050,908,2013.1237499999982,borda
648,Q0,FT944-17320,909,2011.9287499999973,borda
648,Q0,FT944-1967,910,2011.0387499999974,borda
648,Q0,FR941110-0-00221,911,2009.8437499999968,borda
648,Q0,LA121889-0008,912,2007.6674999999987,borda
648,Q0,LA121690-0098,913,2007.2799999999986,borda
648,Q0,FBIS4-39751,914,2005.8949999999977,borda
648,Q0,LA091389-0028,915,2005.3974999999975,borda
648,Q0,FT942-6361,916,2005.0324999999968,borda
648,Q0,FR940902-0-00103,917,2004.346249999999,borda
648,Q0,FBIS4-30972,918,2003.5574999999978,borda
648,Q0,LA112689-0137,919,2002.8749999999977,borda
648,Q0,FR940202-2-00155,920,1998.0887499999974,borda
648,Q0,FBIS4-44,921,1996.4624999999976,borda
648,Q0,FBIS4-66190,922,1981.2049999999986,borda
648,Q0,LA061790-0022,923,1980.234999999999,borda
648,Q0,FT943-9915,924,1978.668749999998,borda
648,Q0,FT932-9749,925,1977.7487499999975,borda
648,Q0,FBIS4-49547,926,1976.1649999999981,borda
648,Q0,LA071389-0084,927,1973.3837499999972,borda
648,Q0,LA051289-0138,928,1973.2824999999987,borda
648,Q0,FT911-1382,929,1973.1074999999962,borda
648,Q0,FR940325-2-00137,930,1972.3212499999975,borda
648,Q0,FR941202-0-00187,931,1971.331249999998,borda
648,Q0,LA040890-0248,932,1970.8787499999985,borda
648,Q0,FT944-18004,933,1970.5949999999978,borda
648,Q0,FT921-10870,934,1969.789999999998,borda
648,Q0,LA032389-0095,935,1969.5162499999976,borda
648,Q0,FT921-4034,936,1965.3362499999978,borda
648,Q0,FR940902-0-00118,937,1964.5612499999977,borda
648,Q0,LA080489-0018,938,1964.3987499999978,borda
648,Q0,FT934-2243,939,1964.009999999997,borda
648,Q0,FR940916-2-00089,940,1960.6787499999978,borda
648,Q0,FR940404-0-00100,941,1957.6574999999975,borda
648,Q0,LA022590-0189,942,1957.4374999999984,borda
648,Q0,FBIS4-4067,943,1954.7862499999987,borda
648,Q0,FT924-1844,944,1952.5962499999976,borda
648,Q0,LA051790-0119,945,1950.7687499999981,borda
648,Q0,FR940825-1-00093,946,1947.3937499999977,borda
648,Q0,LA102990-0078,947,1947.3887499999983,borda
648,Q0,FT934-10424,948,1947.228749999998,borda
648,Q0,FBIS3-17831,949,1946.238749999998,borda
648,Q0,LA060590-0066,950,1943.7724999999987,borda
648,Q0,FR940511-1-00105,951,1938.194999999998,borda
648,Q0,FT922-7051,952,1937.3537499999986,borda
648,Q0,FT944-16236,953,1936.878749999998,borda
648,Q0,FBIS4-16952,954,1934.3099999999972,borda
648,Q0,FT944-10134,955,1930.4937499999978,borda
648,Q0,FR940511-1-00103,956,1929.5737499999982,borda
648,Q0,FR941202-0-00184,957,1929.331249999998,borda
648,Q0,FT921-7529,958,1928.7012499999992,borda
648,Q0,FBIS4-24828,959,1924.857499999998,borda
648,Q0,FR940526-2-00187,960,1923.5687499999967,borda
648,Q0,FR940810-1-00050,961,1920.877499999998,borda
648,Q0,FT934-11179,962,1919.0124999999975,borda
648,Q0,FR940825-1-00068,963,1918.9587499999975,borda
648,Q0,FT923-11271,964,1918.8199999999974,borda
648,Q0,FT944-5486,965,1917.3737499999986,borda
648,Q0,LA010789-0050,966,1916.8712499999983,borda
648,Q0,FBIS4-9637,967,1911.3537499999982,borda
648,Q0,LA111689-0144,968,1910.643749999997,borda
648,Q0,FBIS4-1932,969,1908.438749999997,borda
648,Q0,LA072990-0149,970,1907.4762499999986,borda
648,Q0,LA031890-0100,971,1907.166249999997,borda
648,Q0,FT931-12849,972,1901.977499999998,borda
648,Q0,FT932-11276,973,1900.7324999999983,borda
648,Q0,FBIS4-45041,974,1899.8674999999985,borda
648,Q0,FR941011-1-00030,975,1898.9337499999976,borda
648,Q0,LA031890-0198,976,1898.0737499999984,borda
648,Q0,FBIS3-61301,977,1897.9187499999978,borda
648,Q0,FBIS4-37351,978,1897.0612499999988,borda
648,Q0,LA080990-0173,979,1896.6912499999978,borda
648,Q0,FT943-12357,980,1893.546249999998,borda
648,Q0,LA070689-0181,981,1892.538749999997,borda
648,Q0,FT944-14535,982,1889.1424999999977,borda
648,Q0,LA071689-0175,983,1888.8999999999974,borda
648,Q0,FR940317-1-00073,984,1888.648749999998,borda
648,Q0,LA102689-0174,985,1885.8249999999985,borda
648,Q0,LA090690-0015,986,1885.6599999999967,borda
648,Q0,LA010189-0071,987,1884.2237499999983,borda
648,Q0,LA072090-0029,988,1883.4799999999977,borda
648,Q0,LA022890-0004,989,1882.5574999999972,borda
648,Q0,FT921-15280,990,1880.9399999999991,borda
648,Q0,FT942-8167,991,1879.187499999998,borda
648,Q0,LA090490-0060,992,1878.1287499999974,borda
648,Q0,FT933-14717,993,1877.9787499999984,borda
648,Q0,LA101690-0037,994,1876.028749999998,borda
648,Q0,FT942-984,995,1875.2574999999986,borda
648,Q0,FR940223-0-00020,996,1872.972499999998,borda
648,Q0,FR940825-1-00085,997,1871.5724999999975,borda
648,Q0,LA062990-0041,998,1870.8362499999978,borda
648,Q0,FT922-13703,999,1870.4837499999974,borda
648,Q0,LA012189-0074,1000,1869.744999999998,borda
649,Q0,FT921-5724,1,12829.663749999985,borda
649,Q0,FT944-9024,2,12824.784999999987,borda
649,Q0,FT941-13624,3,12807.804999999986,borda
649,Q0,LA101189-0094,4,12807.108749999989,borda
649,Q0,LA101089-0139,5,12792.773749999988,borda
649,Q0,FT921-4469,6,12764.443749999984,borda
649,Q0,FT922-1458,7,12762.699999999983,borda
649,Q0,LA101289-0156,8,12760.922499999986,borda
649,Q0,FBIS4-50440,9,12758.486249999989,borda
649,Q0,LA101389-0050,10,12747.792499999985,borda
649,Q0,FT942-578,11,12718.61374999999,borda
649,Q0,FT921-5043,12,12704.803749999985,borda
649,Q0,FT921-4867,13,12691.622499999989,borda
649,Q0,LA101489-0161,14,12685.924999999988,borda
649,Q0,LA072189-0145,15,12678.501249999988,borda
649,Q0,LA072189-0102,16,12659.271249999983,borda
649,Q0,FT934-5574,17,12634.867499999988,borda
649,Q0,FT931-2005,18,12632.68874999999,borda
649,Q0,FBIS4-1556,19,12603.627499999988,borda
649,Q0,FT942-15716,20,12590.098749999986,borda
649,Q0,FT911-3918,21,12582.643749999987,borda
649,Q0,FT943-1214,22,12536.758749999986,borda
649,Q0,FBIS4-54715,23,12522.137499999986,borda
649,Q0,FT942-15717,24,12518.848749999986,borda
649,Q0,FT942-15711,25,12497.633749999986,borda
649,Q0,FR941116-2-00127,26,12444.702499999989,borda
649,Q0,LA072689-0138,27,12376.088749999983,borda
649,Q0,FT934-3935,28,12338.022499999986,borda
649,Q0,FBIS3-2063,29,12323.546249999989,borda
649,Q0,FT934-5580,30,12322.507499999989,borda
649,Q0,FBIS3-40468,31,12320.159999999987,borda
649,Q0,FT933-11258,32,12268.669999999987,borda
649,Q0,FT933-10490,33,12258.40749999999,borda
649,Q0,FT934-12464,34,12137.946249999988,borda
649,Q0,FT924-13926,35,12134.716249999987,borda
649,Q0,LA021389-0076,36,12121.291249999991,borda
649,Q0,FT931-8273,37,12099.697499999987,borda
649,Q0,FBIS3-3921,38,12076.844999999987,borda
649,Q0,LA021489-0144,39,12037.70749999999,borda
649,Q0,LA051090-0016,40,12035.587499999987,borda
649,Q0,FT934-5577,41,12006.297499999986,borda
649,Q0,LA040289-0088,42,11984.881249999986,borda
649,Q0,LA122789-0010,43,11931.21124999999,borda
649,Q0,LA031190-0011,44,11880.199999999986,borda
649,Q0,LA032789-0045,45,11879.751249999988,borda
649,Q0,FBIS3-42979,46,11864.73499999999,borda
649,Q0,LA050990-0086,47,11852.013749999991,borda
649,Q0,FBIS3-43017,48,11851.867499999986,borda
649,Q0,FT923-2796,49,11834.71749999999,borda
649,Q0,FT942-6141,50,11801.864999999987,borda
649,Q0,LA110489-0086,51,11799.446249999988,borda
649,Q0,FT921-14183,52,11792.627499999986,borda
649,Q0,LA122590-0033,53,11780.049999999988,borda
649,Q0,LA050789-0124,54,11777.786249999986,borda
649,Q0,LA071490-0081,55,11707.967499999988,borda
649,Q0,FT923-449,56,11687.071249999986,borda
649,Q0,FBIS3-22703,57,11680.421249999987,borda
649,Q0,LA022189-0015,58,11679.532499999987,borda
649,Q0,LA080689-0161,59,11659.349999999986,borda
649,Q0,FT932-11172,60,11601.653749999987,borda
649,Q0,FBIS3-59603,61,11473.76999999999,borda
649,Q0,LA082390-0157,62,11354.517499999987,borda
649,Q0,FBIS4-66776,63,11322.809999999987,borda
649,Q0,LA091289-0148,64,11301.521249999987,borda
649,Q0,FT933-7438,65,11282.194999999987,borda
649,Q0,FT933-11707,66,11260.341249999987,borda
649,Q0,FT924-8561,67,11172.662499999988,borda
649,Q0,LA101290-0001,68,11101.504999999992,borda
649,Q0,LA031989-0182,69,11084.478749999987,borda
649,Q0,LA011389-0162,70,11014.52249999999,borda
649,Q0,LA030889-0102,71,10955.632499999989,borda
649,Q0,FT943-8696,72,10852.22624999999,borda
649,Q0,FT921-4687,73,10847.516249999991,borda
649,Q0,LA021089-0070,74,10795.404999999988,borda
649,Q0,FT943-1215,75,10746.01124999999,borda
649,Q0,LA072089-0198,76,10707.58749999999,borda
649,Q0,LA010189-0044,77,10625.388749999991,borda
649,Q0,FR940202-2-00143,78,10579.809999999989,borda
649,Q0,LA052890-0040,79,10453.333749999989,borda
649,Q0,FR940202-2-00144,80,10424.538749999989,borda
649,Q0,LA120590-0156,81,10422.00249999999,borda
649,Q0,FT932-14875,82,10365.257499999989,borda
649,Q0,LA120689-0090,83,10258.876249999987,borda
649,Q0,LA021389-0067,84,10218.847499999989,borda
649,Q0,FT931-15632,85,10217.759999999991,borda
649,Q0,LA020890-0169,86,9909.726249999987,borda
649,Q0,FT942-8460,87,9883.789999999992,borda
649,Q0,FT931-376,88,9880.843749999989,borda
649,Q0,FT944-16521,89,9774.069999999989,borda
649,Q0,LA060189-0089,90,9758.71999999999,borda
649,Q0,LA042589-0134,91,9724.572499999991,borda
649,Q0,FBIS3-41710,92,9576.281249999989,borda
649,Q0,FT931-8287,93,9553.76874999999,borda
649,Q0,FT922-2168,94,9533.516249999991,borda
649,Q0,FT931-14151,95,9510.20624999999,borda
649,Q0,FBIS4-1796,96,9502.744999999992,borda
649,Q0,LA062590-0046,97,9490.046249999989,borda
649,Q0,FT931-13033,98,9481.22374999999,borda
649,Q0,LA050189-0014,99,9459.742499999991,borda
649,Q0,FT942-13142,100,9383.20999999999,borda
649,Q0,FT931-14664,101,9362.01874999999,borda
649,Q0,LA021789-0036,102,9313.632499999989,borda
649,Q0,FR940202-2-00112,103,9279.028749999989,borda
649,Q0,FR940127-2-00201,104,9236.44249999999,borda
649,Q0,LA052589-0209,105,9230.314999999993,borda
649,Q0,LA112089-0054,106,9227.09749999999,borda
649,Q0,LA112390-0084,107,9208.787499999988,borda
649,Q0,LA081489-0064,108,9192.724999999991,borda
649,Q0,LA102989-0210,109,9107.41874999999,borda
649,Q0,FT934-5581,110,9101.49124999999,borda
649,Q0,FT911-3913,111,9078.561249999993,borda
649,Q0,FT911-4842,112,9071.199999999993,borda
649,Q0,LA080290-0048,113,9023.05124999999,borda
649,Q0,LA070989-0053,114,8999.893749999994,borda
649,Q0,LA030990-0213,115,8998.378749999989,borda
649,Q0,LA020589-0042,116,8970.27124999999,borda
649,Q0,FT923-4507,117,8963.358749999992,borda
649,Q0,FR940727-1-00022,118,8962.65874999999,borda
649,Q0,LA030590-0055,119,8944.167499999989,borda
649,Q0,FBIS4-20445,120,8942.014999999992,borda
649,Q0,LA011090-0064,121,8934.08749999999,borda
649,Q0,LA011989-0091,122,8928.62749999999,borda
649,Q0,FBIS4-25561,123,8878.50124999999,borda
649,Q0,FBIS4-67638,124,8874.14499999999,borda
649,Q0,FBIS4-25574,125,8869.733749999989,borda
649,Q0,FT933-8865,126,8836.243749999989,borda
649,Q0,FBIS4-45904,127,8833.12624999999,borda
649,Q0,FT934-10289,128,8798.49624999999,borda
649,Q0,FT942-11282,129,8792.83999999999,borda
649,Q0,LA021789-0056,130,8792.482499999991,borda
649,Q0,LA020189-0103,131,8788.769999999991,borda
649,Q0,LA060889-0155,132,8783.657499999988,borda
649,Q0,FT944-17070,133,8745.679999999991,borda
649,Q0,LA041889-0082,134,8738.703749999991,borda
649,Q0,LA032289-0018,135,8724.85124999999,borda
649,Q0,FT922-2251,136,8693.49499999999,borda
649,Q0,LA052190-0045,137,8681.63374999999,borda
649,Q0,FR941017-0-00008,138,8678.41249999999,borda
649,Q0,FBIS3-41801,139,8652.626249999992,borda
649,Q0,FBIS3-61509,140,8639.144999999991,borda
649,Q0,FT921-10261,141,8610.83999999999,borda
649,Q0,FBIS3-24607,142,8553.39749999999,borda
649,Q0,LA052489-0045,143,8519.63249999999,borda
649,Q0,FBIS4-45906,144,8490.17124999999,borda
649,Q0,LA072389-0207,145,8460.244999999992,borda
649,Q0,LA092689-0119,146,8414.541249999991,borda
649,Q0,LA080290-0073,147,8345.71624999999,borda
649,Q0,LA092689-0080,148,8294.50249999999,borda
649,Q0,FBIS4-47556,149,8289.457499999991,borda
649,Q0,FBIS3-24544,150,8261.01249999999,borda
649,Q0,LA072890-0066,151,8256.30249999999,borda
649,Q0,FT942-6645,152,8245.68874999999,borda
649,Q0,FT932-1153,153,8208.353749999991,borda
649,Q0,FR940705-2-00134,154,8181.346249999991,borda
649,Q0,FBIS3-21399,155,8123.874999999993,borda
649,Q0,LA092790-0217,156,8114.306249999991,borda
649,Q0,FT921-8542,157,8068.968749999991,borda
649,Q0,FT911-3935,158,8048.647499999992,borda
649,Q0,FT922-884,159,7995.86374999999,borda
649,Q0,FT944-18645,160,7967.7087499999925,borda
649,Q0,FT943-11853,161,7965.237499999993,borda
649,Q0,FT922-2252,162,7952.003749999991,borda
649,Q0,FT934-14349,163,7941.45124999999,borda
649,Q0,LA122089-0062,164,7909.4899999999925,borda
649,Q0,FR940523-2-00003,165,7909.012499999992,borda
649,Q0,FBIS3-61569,166,7905.849999999992,borda
649,Q0,LA070390-0042,167,7905.044999999992,borda
649,Q0,FR940127-2-00200,168,7894.178749999991,borda
649,Q0,FT931-8288,169,7866.529999999992,borda
649,Q0,LA070390-0087,170,7827.382499999991,borda
649,Q0,LA111390-0102,171,7824.249999999992,borda
649,Q0,FT941-11234,172,7818.471249999991,borda
649,Q0,FBIS3-22526,173,7772.8737499999925,borda
649,Q0,FR940705-2-00169,174,7718.647499999991,borda
649,Q0,FR940705-2-00184,175,7636.301249999992,borda
649,Q0,FT921-8552,176,7567.677499999992,borda
649,Q0,FBIS4-68758,177,7422.646249999992,borda
649,Q0,FBIS3-9568,178,7379.224999999991,borda
649,Q0,LA101890-0243,179,7346.516249999993,borda
649,Q0,FBIS4-20817,180,7343.088749999993,borda
649,Q0,LA041290-0047,181,7309.6912499999935,borda
649,Q0,FT944-13535,182,7274.766249999993,borda
649,Q0,FR940202-2-00146,183,7266.681249999992,borda
649,Q0,FT944-3523,184,7259.453749999992,borda
649,Q0,FBIS3-60446,185,7209.497499999994,borda
649,Q0,FT931-8285,186,7189.7312499999925,borda
649,Q0,FBIS3-59542,187,7183.364999999992,borda
649,Q0,LA080290-0177,188,7080.546249999993,borda
649,Q0,FT942-7603,189,6989.579999999991,borda
649,Q0,FT911-3933,190,6877.938749999992,borda
649,Q0,LA050389-0119,191,6832.596249999993,borda
649,Q0,FR940128-1-00012,192,6806.992499999991,borda
649,Q0,LA101290-0153,193,6796.8912499999915,borda
649,Q0,LA062789-0075,194,6791.877499999992,borda
649,Q0,FBIS4-22955,195,6710.882499999993,borda
649,Q0,LA081089-0189,196,6705.232499999993,borda
649,Q0,FT943-8254,197,6680.667499999995,borda
649,Q0,LA113089-0091,198,6617.287499999993,borda
649,Q0,LA021689-0084,199,6593.419999999993,borda
649,Q0,FBIS4-67598,200,6587.106249999994,borda
649,Q0,LA101290-0114,201,6569.327499999994,borda
649,Q0,FBIS4-7532,202,6558.618749999993,borda
649,Q0,FT921-7102,203,6519.434999999994,borda
649,Q0,LA032489-0047,204,6497.589999999994,borda
649,Q0,FBIS3-60491,205,6494.186249999993,borda
649,Q0,LA091990-0135,206,6492.247499999994,borda
649,Q0,FBIS4-27356,207,6477.298749999994,borda
649,Q0,FBIS3-40379,208,6473.452499999993,borda
649,Q0,FR940705-2-00202,209,6450.189999999993,borda
649,Q0,FT944-18022,210,6449.452499999993,borda
649,Q0,LA121390-0168,211,6441.133749999994,borda
649,Q0,FT944-13685,212,6405.968749999994,borda
649,Q0,FT923-12060,213,6401.751249999993,borda
649,Q0,FBIS4-20931,214,6392.109999999994,borda
649,Q0,FBIS3-60489,215,6365.202499999994,borda
649,Q0,LA091189-0084,216,6352.077499999993,borda
649,Q0,LA062789-0047,217,6329.781249999994,borda
649,Q0,FR940202-2-00142,218,6303.801249999993,borda
649,Q0,LA050989-0110,219,6299.304999999994,borda
649,Q0,LA112290-0170,220,6283.919999999993,borda
649,Q0,FT933-5257,221,6252.424999999994,borda
649,Q0,FBIS4-67616,222,6234.573749999995,borda
649,Q0,FT931-12577,223,6220.801249999993,borda
649,Q0,FT911-647,224,6194.967499999994,borda
649,Q0,FR941213-2-00004,225,6179.767499999994,borda
649,Q0,LA062490-0094,226,6154.434999999993,borda
649,Q0,FT932-6858,227,6120.887499999993,borda
649,Q0,FBIS3-42992,228,6116.707499999993,borda
649,Q0,FBIS3-43030,229,6108.456249999995,borda
649,Q0,LA103190-0094,230,6099.373749999993,borda
649,Q0,FT933-4496,231,6070.336249999996,borda
649,Q0,LA111090-0140,232,6050.997499999994,borda
649,Q0,FT921-4470,233,6032.239999999993,borda
649,Q0,FR940705-2-00187,234,6031.0974999999935,borda
649,Q0,FT944-15438,235,6010.072499999993,borda
649,Q0,FR940705-2-00181,236,5975.646249999994,borda
649,Q0,LA032289-0131,237,5966.346249999993,borda
649,Q0,FR940405-1-00059,238,5948.818749999994,borda
649,Q0,FT944-863,239,5946.176249999995,borda
649,Q0,LA091890-0130,240,5944.863749999995,borda
649,Q0,FT921-400,241,5939.541249999993,borda
649,Q0,FR940705-2-00149,242,5921.0624999999945,borda
649,Q0,FT911-3924,243,5919.798749999994,borda
649,Q0,FR940202-2-00113,244,5827.752499999994,borda
649,Q0,LA021589-0047,245,5816.087499999994,borda
649,Q0,LA022189-0016,246,5799.001249999994,borda
649,Q0,LA032390-0055,247,5785.323749999994,borda
649,Q0,FT932-5508,248,5768.007499999995,borda
649,Q0,FT924-12703,249,5754.804999999994,borda
649,Q0,FBIS4-27354,250,5739.098749999996,borda
649,Q0,FT922-15298,251,5734.622499999994,borda
649,Q0,FBIS3-41748,252,5722.906249999994,borda
649,Q0,FT931-8283,253,5705.938749999996,borda
649,Q0,LA052189-0059,254,5679.794999999995,borda
649,Q0,FT921-8539,255,5675.987499999994,borda
649,Q0,FR940705-2-00166,256,5667.931249999994,borda
649,Q0,LA050689-0091,257,5650.709999999995,borda
649,Q0,LA052389-0081,258,5649.104999999996,borda
649,Q0,LA080890-0056,259,5630.567499999995,borda
649,Q0,LA021590-0045,260,5622.761249999995,borda
649,Q0,LA011989-0016,261,5612.271249999994,borda
649,Q0,FT923-12325,262,5609.962499999994,borda
649,Q0,LA113089-0021,263,5609.953749999993,borda
649,Q0,FT911-754,264,5589.143749999992,borda
649,Q0,LA042389-0072,265,5581.502499999994,borda
649,Q0,FT932-2516,266,5572.791249999995,borda
649,Q0,FT942-6279,267,5565.646249999995,borda
649,Q0,LA051689-0089,268,5564.384999999994,borda
649,Q0,FR940705-2-00135,269,5561.933749999995,borda
649,Q0,FBIS4-34971,270,5555.918749999995,borda
649,Q0,FR940202-2-00145,271,5555.406249999993,borda
649,Q0,LA050990-0120,272,5546.144999999994,borda
649,Q0,FT931-15924,273,5531.751249999994,borda
649,Q0,LA020389-0033,274,5521.186249999995,borda
649,Q0,LA122589-0047,275,5507.807499999995,borda
649,Q0,FBIS3-60402,276,5489.326249999994,borda
649,Q0,LA082290-0095,277,5467.553749999993,borda
649,Q0,LA100890-0028,278,5463.293749999995,borda
649,Q0,FBIS3-21038,279,5435.437499999993,borda
649,Q0,FBIS3-22534,280,5397.466249999995,borda
649,Q0,FT921-8554,281,5395.657499999994,borda
649,Q0,FT924-13876,282,5392.122499999995,borda
649,Q0,LA111190-0161,283,5391.042499999994,borda
649,Q0,FT934-9209,284,5359.289999999995,borda
649,Q0,LA091890-0056,285,5353.813749999996,borda
649,Q0,LA041789-0061,286,5351.348749999994,borda
649,Q0,FBIS3-43143,287,5344.722499999994,borda
649,Q0,FT923-10043,288,5342.707499999993,borda
649,Q0,FBIS3-43197,289,5338.409999999994,borda
649,Q0,FT941-13211,290,5333.479999999994,borda
649,Q0,FR940705-2-00185,291,5332.2449999999935,borda
649,Q0,LA021890-0038,292,5323.317499999996,borda
649,Q0,FBIS3-41780,293,5316.484999999995,borda
649,Q0,FT933-4707,294,5315.242499999995,borda
649,Q0,LA071389-0152,295,5306.324999999996,borda
649,Q0,LA062190-0053,296,5301.261249999995,borda
649,Q0,FR940617-1-00078,297,5252.936249999993,borda
649,Q0,FBIS3-22564,298,5250.106249999995,borda
649,Q0,FT944-5316,299,5249.238749999996,borda
649,Q0,FBIS3-41725,300,5241.306249999996,borda
649,Q0,FT941-6108,301,5240.908749999994,borda
649,Q0,FR940705-2-00168,302,5235.236249999995,borda
649,Q0,FBIS3-20469,303,5223.7637499999955,borda
649,Q0,LA083190-0078,304,5214.902499999994,borda
649,Q0,LA102290-0118,305,5208.558749999996,borda
649,Q0,FT941-211,306,5203.567499999994,borda
649,Q0,LA051190-0185,307,5197.063749999994,borda
649,Q0,LA031189-0012,308,5176.437499999994,borda
649,Q0,FBIS4-45896,309,5167.983749999996,borda
649,Q0,LA081289-0097,310,5159.889999999994,borda
649,Q0,FBIS4-22994,311,5155.2949999999955,borda
649,Q0,LA112890-0080,312,5152.961249999993,borda
649,Q0,LA080589-0091,313,5143.483749999996,borda
649,Q0,FT923-1708,314,5127.479999999994,borda
649,Q0,FT922-14466,315,5116.0312499999945,borda
649,Q0,LA100990-0078,316,5114.283749999996,borda
649,Q0,LA100589-0145,317,5109.232499999995,borda
649,Q0,FT932-909,318,5107.014999999994,borda
649,Q0,FBIS3-41821,319,5103.4199999999955,borda
649,Q0,FT911-139,320,5100.2012499999955,borda
649,Q0,FT922-10278,321,5096.293749999995,borda
649,Q0,FT942-577,322,5092.5624999999945,borda
649,Q0,FBIS3-26855,323,5081.698749999994,borda
649,Q0,FT942-13147,324,5073.411249999995,borda
649,Q0,LA052090-0171,325,5063.003749999995,borda
649,Q0,FT932-6869,326,5038.084999999996,borda
649,Q0,LA101189-0093,327,5031.6337499999945,borda
649,Q0,FT923-38,328,5030.803749999994,borda
649,Q0,LA080890-0159,329,5016.588749999995,borda
649,Q0,LA030390-0089,330,5012.633749999995,borda
649,Q0,LA051289-0071,331,5012.543749999995,borda
649,Q0,FT921-12400,332,5005.332499999995,borda
649,Q0,LA051190-0163,333,5005.191249999995,borda
649,Q0,FBIS4-61131,334,5003.304999999996,borda
649,Q0,FR941107-2-00233,335,4994.846249999996,borda
649,Q0,FR940425-2-00076,336,4993.592499999993,borda
649,Q0,FT923-8521,337,4978.068749999995,borda
649,Q0,LA030289-0017,338,4973.909999999995,borda
649,Q0,FT944-7040,339,4950.283749999995,borda
649,Q0,FBIS4-67670,340,4932.287499999997,borda
649,Q0,FT931-6704,341,4925.692499999996,borda
649,Q0,FT922-2008,342,4914.663749999994,borda
649,Q0,FT921-8553,343,4908.0537499999955,borda
649,Q0,FR940705-2-00234,344,4907.0849999999955,borda
649,Q0,LA061790-0166,345,4904.666249999994,borda
649,Q0,FT941-1663,346,4892.9374999999945,borda
649,Q0,LA122289-0115,347,4870.868749999992,borda
649,Q0,FT922-14467,348,4868.107499999995,borda
649,Q0,FBIS3-21037,349,4866.711249999994,borda
649,Q0,FR941028-2-00208,350,4845.552499999995,borda
649,Q0,LA090690-0218,351,4841.504999999996,borda
649,Q0,LA051789-0122,352,4820.846249999995,borda
649,Q0,FT931-10316,353,4807.952499999995,borda
649,Q0,LA041590-0164,354,4799.351249999997,borda
649,Q0,FT933-1002,355,4797.194999999996,borda
649,Q0,LA012689-0167,356,4796.3262499999955,borda
649,Q0,FT933-1927,357,4795.2324999999955,borda
649,Q0,FT922-14470,358,4782.936249999994,borda
649,Q0,LA021689-0137,359,4781.822499999995,borda
649,Q0,FT944-16463,360,4773.5224999999955,borda
649,Q0,FT921-8544,361,4772.8624999999965,borda
649,Q0,FT942-16174,362,4765.443749999995,borda
649,Q0,LA040989-0081,363,4737.731249999995,borda
649,Q0,LA073089-0058,364,4729.754999999994,borda
649,Q0,FT921-2450,365,4717.917499999995,borda
649,Q0,LA012190-0203,366,4716.468749999995,borda
649,Q0,FT924-5307,367,4715.494999999996,borda
649,Q0,FBIS3-4009,368,4707.713749999994,borda
649,Q0,LA021090-0085,369,4701.679999999996,borda
649,Q0,FBIS3-41744,370,4701.228749999997,borda
649,Q0,LA101790-0003,371,4699.983749999995,borda
649,Q0,FT932-16160,372,4699.809999999996,borda
649,Q0,LA010789-0007,373,4678.332499999994,borda
649,Q0,LA110789-0096,374,4672.831249999995,borda
649,Q0,LA061690-0143,375,4671.362499999995,borda
649,Q0,FT934-9924,376,4668.924999999996,borda
649,Q0,FT911-3936,377,4651.4324999999935,borda
649,Q0,FT911-3872,378,4646.148749999996,borda
649,Q0,LA040789-0151,379,4645.022499999995,borda
649,Q0,LA091289-0131,380,4639.2637499999955,borda
649,Q0,FT921-16061,381,4621.166249999994,borda
649,Q0,FBIS3-22497,382,4601.783749999996,borda
649,Q0,LA040490-0022,383,4600.617499999996,borda
649,Q0,LA100189-0190,384,4596.346249999996,borda
649,Q0,FT932-4748,385,4591.551249999996,borda
649,Q0,FBIS3-22527,386,4580.824999999996,borda
649,Q0,LA061390-0071,387,4576.726249999996,borda
649,Q0,FR940620-1-00058,388,4557.808749999995,borda
649,Q0,LA060589-0052,389,4524.341249999996,borda
649,Q0,FT941-13213,390,4519.9337499999965,borda
649,Q0,LA111189-0018,391,4517.174999999996,borda
649,Q0,FT921-8550,392,4512.479999999995,borda
649,Q0,LA111589-0135,393,4500.311249999996,borda
649,Q0,FT911-2081,394,4500.251249999997,borda
649,Q0,FT923-3680,395,4496.708749999995,borda
649,Q0,FT943-9853,396,4490.832499999996,borda
649,Q0,LA032689-0202,397,4474.239999999995,borda
649,Q0,FT922-187,398,4474.036249999996,borda
649,Q0,FBIS3-60479,399,4452.946249999996,borda
649,Q0,FT931-9831,400,4446.451249999995,borda
649,Q0,FBIS3-60478,401,4442.082499999997,borda
649,Q0,LA021689-0135,402,4433.594999999994,borda
649,Q0,FBIS4-36343,403,4427.2099999999955,borda
649,Q0,FBIS3-22691,404,4420.637499999995,borda
649,Q0,LA102289-0181,405,4418.384999999997,borda
649,Q0,FT941-13208,406,4418.123749999994,borda
649,Q0,FT931-2806,407,4412.318749999996,borda
649,Q0,LA040990-0066,408,4411.604999999996,borda
649,Q0,FBIS4-29654,409,4409.083749999996,borda
649,Q0,LA051190-0038,410,4380.057499999996,borda
649,Q0,FT934-9925,411,4375.538749999996,borda
649,Q0,LA060589-0053,412,4374.582499999996,borda
649,Q0,FT942-16868,413,4368.451249999996,borda
649,Q0,FT931-3482,414,4362.172499999997,borda
649,Q0,FBIS4-45847,415,4354.263749999996,borda
649,Q0,FBIS4-49143,416,4348.247499999996,borda
649,Q0,LA091290-0129,417,4343.264999999996,borda
649,Q0,FBIS4-66892,418,4333.012499999996,borda
649,Q0,LA040590-0097,419,4332.016249999996,borda
649,Q0,LA031390-0151,420,4326.381249999996,borda
649,Q0,FBIS4-45861,421,4310.799999999996,borda
649,Q0,LA122190-0092,422,4303.914999999995,borda
649,Q0,FT944-5859,423,4303.169999999996,borda
649,Q0,FT924-8607,424,4293.823749999995,borda
649,Q0,LA081290-0070,425,4291.981249999998,borda
649,Q0,LA062190-0051,426,4290.498749999995,borda
649,Q0,FT941-13220,427,4289.402499999995,borda
649,Q0,FBIS3-41838,428,4277.411249999996,borda
649,Q0,FT933-16073,429,4269.379999999997,borda
649,Q0,FT933-8510,430,4246.848749999997,borda
649,Q0,LA081889-0061,431,4242.961249999996,borda
649,Q0,LA031490-0076,432,4233.251249999997,borda
649,Q0,LA051290-0120,433,4233.091249999996,borda
649,Q0,LA030190-0186,434,4223.936249999996,borda
649,Q0,FBIS4-40107,435,4200.124999999996,borda
649,Q0,FT932-1718,436,4193.716249999996,borda
649,Q0,FBIS4-47557,437,4184.538749999995,borda
649,Q0,FT932-16370,438,4182.973749999996,borda
649,Q0,FBIS4-20930,439,4176.958749999994,borda
649,Q0,LA090289-0066,440,4168.472499999996,borda
649,Q0,FBIS4-20443,441,4159.638749999996,borda
649,Q0,FT922-5140,442,4156.583749999996,borda
649,Q0,LA080190-0140,443,4154.149999999996,borda
649,Q0,FBIS3-60431,444,4150.389999999997,borda
649,Q0,FR940628-1-00008,445,4145.666249999996,borda
649,Q0,FT942-16430,446,4140.746249999997,borda
649,Q0,FT933-8272,447,4135.423749999995,borda
649,Q0,LA112890-0079,448,4134.443749999996,borda
649,Q0,FT932-3794,449,4130.141249999996,borda
649,Q0,FBIS4-9338,450,4126.348749999996,borda
649,Q0,FBIS4-66853,451,4123.401249999996,borda
649,Q0,FT923-1126,452,4117.659999999996,borda
649,Q0,LA062090-0119,453,4111.549999999996,borda
649,Q0,LA020990-0017,454,4100.884999999996,borda
649,Q0,FR940705-2-00136,455,4092.6087499999953,borda
649,Q0,FT941-12182,456,4090.4187499999966,borda
649,Q0,FR940318-0-00053,457,4087.8312499999956,borda
649,Q0,FT923-11202,458,4086.9637499999967,borda
649,Q0,FT921-13065,459,4077.8174999999974,borda
649,Q0,LA062490-0164,460,4076.316249999996,borda
649,Q0,FBIS4-45859,461,4072.7599999999975,borda
649,Q0,FT942-3246,462,4068.7362499999954,borda
649,Q0,LA042090-0081,463,4063.913749999996,borda
649,Q0,LA061989-0108,464,4063.147499999997,borda
649,Q0,FBIS4-47308,465,4059.712499999997,borda
649,Q0,FBIS4-7533,466,4043.8724999999945,borda
649,Q0,LA030690-0095,467,4038.1674999999955,borda
649,Q0,FBIS3-42462,468,4027.804999999997,borda
649,Q0,LA062289-0048,469,4016.8762499999966,borda
649,Q0,FT944-13690,470,4014.7337499999967,borda
649,Q0,FT931-8259,471,4014.102499999996,borda
649,Q0,FBIS4-47569,472,4011.376249999997,borda
649,Q0,FT934-6386,473,4007.9124999999935,borda
649,Q0,FBIS4-3501,474,4002.6162499999973,borda
649,Q0,FR940705-2-00170,475,4002.0649999999964,borda
649,Q0,FR940202-2-00114,476,3998.7162499999963,borda
649,Q0,FBIS4-67681,477,3997.504999999997,borda
649,Q0,FT932-14670,478,3991.2012499999973,borda
649,Q0,LA050490-0049,479,3980.673749999996,borda
649,Q0,LA102390-0114,480,3974.161249999997,borda
649,Q0,FBIS3-22512,481,3965.6849999999968,borda
649,Q0,FT923-11350,482,3961.4024999999965,borda
649,Q0,FBIS3-59466,483,3961.271249999997,borda
649,Q0,LA021189-0114,484,3952.033749999996,borda
649,Q0,LA013190-0001,485,3949.8362499999967,borda
649,Q0,FT921-8549,486,3948.857499999996,borda
649,Q0,FT922-15064,487,3929.984999999998,borda
649,Q0,FT931-8292,488,3929.6887499999966,borda
649,Q0,FBIS4-45907,489,3928.726249999997,borda
649,Q0,LA082789-0193,490,3927.664999999997,borda
649,Q0,LA112890-0077,491,3922.7374999999965,borda
649,Q0,FBIS3-24609,492,3917.327499999996,borda
649,Q0,FT921-7493,493,3889.779999999996,borda
649,Q0,FBIS3-41721,494,3889.141249999996,borda
649,Q0,FT921-5443,495,3886.4662499999963,borda
649,Q0,FT931-1831,496,3880.8362499999967,borda
649,Q0,LA121890-0145,497,3870.7462499999974,borda
649,Q0,FT922-7375,498,3870.6137499999973,borda
649,Q0,LA120689-0096,499,3866.3949999999954,borda
649,Q0,FT933-1957,500,3863.4512499999964,borda
649,Q0,FT911-1066,501,3856.317499999997,borda
649,Q0,FBIS4-45867,502,3853.5174999999963,borda
649,Q0,LA011890-0112,503,3841.4874999999965,borda
649,Q0,LA101690-0040,504,3841.4762499999965,borda
649,Q0,LA062389-0056,505,3841.317499999996,borda
649,Q0,FBIS3-60416,506,3840.6112499999963,borda
649,Q0,LA082490-0065,507,3836.7112499999967,borda
649,Q0,FT931-8272,508,3828.4662499999968,borda
649,Q0,FBIS3-22556,509,3826.1712499999967,borda
649,Q0,FT932-6859,510,3824.4712499999964,borda
649,Q0,FT911-1806,511,3821.706249999997,borda
649,Q0,FT931-16457,512,3821.6399999999967,borda
649,Q0,LA011189-0062,513,3820.844999999996,borda
649,Q0,FT944-18299,514,3816.457499999997,borda
649,Q0,LA033089-0203,515,3814.517499999997,borda
649,Q0,LA100489-0049,516,3814.2074999999963,borda
649,Q0,FR940620-1-00089,517,3798.622499999997,borda
649,Q0,LA050790-0003,518,3796.1249999999955,borda
649,Q0,FR940202-2-00101,519,3786.5062499999963,borda
649,Q0,FR941028-2-00207,520,3782.8249999999966,borda
649,Q0,FR940620-1-00079,521,3782.2274999999972,borda
649,Q0,LA052689-0094,522,3778.4199999999964,borda
649,Q0,FT941-8037,523,3750.6899999999973,borda
649,Q0,FT934-7869,524,3749.464999999998,borda
649,Q0,FT942-11725,525,3747.176249999996,borda
649,Q0,FT922-1141,526,3746.4349999999977,borda
649,Q0,FR941031-2-00023,527,3745.2337499999953,borda
649,Q0,FR940705-2-00190,528,3743.452499999997,borda
649,Q0,FT942-13146,529,3742.259999999997,borda
649,Q0,FT931-86,530,3731.2949999999973,borda
649,Q0,FR940202-2-00097,531,3730.503749999997,borda
649,Q0,FT942-13133,532,3721.929999999997,borda
649,Q0,LA112290-0122,533,3718.9974999999977,borda
649,Q0,FBIS3-22538,534,3704.8887499999973,borda
649,Q0,LA121290-0135,535,3697.4612499999967,borda
649,Q0,FT943-10078,536,3695.5199999999977,borda
649,Q0,LA022389-0194,537,3684.6212499999965,borda
649,Q0,FBIS3-41701,538,3675.963749999997,borda
649,Q0,FBIS4-51004,539,3671.212499999997,borda
649,Q0,FT934-5571,540,3671.048749999996,borda
649,Q0,LA041389-0118,541,3663.8424999999975,borda
649,Q0,FT923-11693,542,3653.793749999997,borda
649,Q0,FBIS3-22565,543,3651.158749999997,borda
649,Q0,LA061289-0069,544,3638.951249999997,borda
649,Q0,FBIS3-60461,545,3635.6787499999964,borda
649,Q0,LA080290-0065,546,3632.316249999997,borda
649,Q0,FT911-5306,547,3631.7012499999973,borda
649,Q0,FBIS3-43056,548,3628.4199999999973,borda
649,Q0,FT933-16948,549,3628.1412499999965,borda
649,Q0,FT921-9289,550,3626.512499999997,borda
649,Q0,FT932-16683,551,3626.4212499999967,borda
649,Q0,FBIS4-67665,552,3619.676249999997,borda
649,Q0,LA010190-0023,553,3617.9874999999965,borda
649,Q0,FBIS3-41835,554,3600.742499999997,borda
649,Q0,LA102989-0049,555,3599.0037499999967,borda
649,Q0,FBIS4-5050,556,3597.4587499999975,borda
649,Q0,LA110990-0126,557,3595.066249999997,borda
649,Q0,FT921-9296,558,3594.8912499999974,borda
649,Q0,LA031290-0118,559,3591.6324999999974,borda
649,Q0,LA111389-0037,560,3585.9774999999954,borda
649,Q0,FBIS4-67649,561,3585.4274999999975,borda
649,Q0,LA121589-0140,562,3583.1374999999966,borda
649,Q0,LA030890-0179,563,3581.766249999998,borda
649,Q0,FT933-13982,564,3579.166249999998,borda
649,Q0,FBIS3-4352,565,3560.253749999997,borda
649,Q0,FT922-2349,566,3555.583749999997,borda
649,Q0,LA092089-0062,567,3553.9724999999976,borda
649,Q0,FT941-4511,568,3549.094999999996,borda
649,Q0,LA012390-0029,569,3547.2474999999963,borda
649,Q0,FT924-6540,570,3535.163749999998,borda
649,Q0,LA120590-0082,571,3533.216249999998,borda
649,Q0,FT941-3313,572,3531.2724999999964,borda
649,Q0,FT923-12277,573,3530.6112499999967,borda
649,Q0,FT942-13137,574,3520.103749999996,borda
649,Q0,FR940628-1-00017,575,3520.001249999997,borda
649,Q0,LA112390-0159,576,3516.369999999997,borda
649,Q0,LA022889-0055,577,3512.433749999997,borda
649,Q0,LA011890-0106,578,3510.744999999997,borda
649,Q0,LA121190-0141,579,3503.889999999997,borda
649,Q0,LA020589-0070,580,3502.4237499999977,borda
649,Q0,FBIS4-42455,581,3502.3112499999975,borda
649,Q0,LA082190-0076,582,3502.2262499999965,borda
649,Q0,LA112489-0082,583,3492.9712499999964,borda
649,Q0,LA082490-0004,584,3488.4324999999967,borda
649,Q0,LA040289-0001,585,3483.7612499999977,borda
649,Q0,FBIS4-67667,586,3476.701249999998,borda
649,Q0,FR940705-2-00162,587,3473.387499999997,borda
649,Q0,LA032089-0015,588,3463.0062499999967,borda
649,Q0,FT921-8504,589,3462.3549999999973,borda
649,Q0,LA110590-0128,590,3458.5499999999965,borda
649,Q0,LA122889-0147,591,3457.3574999999964,borda
649,Q0,FBIS3-41816,592,3443.7199999999966,borda
649,Q0,LA042690-0184,593,3437.0637499999966,borda
649,Q0,FT924-15332,594,3431.1087499999967,borda
649,Q0,FBIS3-40220,595,3418.344999999998,borda
649,Q0,LA030890-0054,596,3409.862499999997,borda
649,Q0,LA042190-0118,597,3407.179999999997,borda
649,Q0,LA030590-0122,598,3401.503749999997,borda
649,Q0,LA030989-0198,599,3398.503749999996,borda
649,Q0,LA061490-0080,600,3396.337499999997,borda
649,Q0,LA072090-0110,601,3391.7699999999973,borda
649,Q0,FT924-13963,602,3390.491249999996,borda
649,Q0,LA050690-0210,603,3387.559999999997,borda
649,Q0,FT921-16643,604,3386.9149999999972,borda
649,Q0,FT921-8322,605,3364.6874999999973,borda
649,Q0,LA121889-0106,606,3359.961249999997,borda
649,Q0,LA080290-0178,607,3358.627499999996,borda
649,Q0,LA052390-0149,608,3357.707499999997,borda
649,Q0,LA070490-0049,609,3352.958749999996,borda
649,Q0,LA040390-0158,610,3350.629999999997,borda
649,Q0,FT921-2452,611,3349.701249999997,borda
649,Q0,FBIS3-61451,612,3343.127499999998,borda
649,Q0,FT921-8424,613,3338.1224999999968,borda
649,Q0,FT941-14869,614,3334.218749999997,borda
649,Q0,FT932-14146,615,3329.7362499999977,borda
649,Q0,FT932-1784,616,3326.6599999999985,borda
649,Q0,FBIS3-60456,617,3324.4199999999973,borda
649,Q0,FT932-2515,618,3322.937499999998,borda
649,Q0,LA111089-0123,619,3317.2662499999965,borda
649,Q0,FT931-7297,620,3316.528749999997,borda
649,Q0,LA031490-0136,621,3315.4687499999973,borda
649,Q0,LA081290-0004,622,3314.361249999997,borda
649,Q0,FT943-11209,623,3311.927499999998,borda
649,Q0,FT933-1954,624,3311.3499999999963,borda
649,Q0,FT922-3160,625,3304.0712499999972,borda
649,Q0,FT922-1473,626,3301.6774999999975,borda
649,Q0,FBIS3-60503,627,3301.538749999997,borda
649,Q0,FT941-10752,628,3297.999999999997,borda
649,Q0,LA111689-0213,629,3292.489999999998,borda
649,Q0,FT934-14926,630,3283.924999999997,borda
649,Q0,FT924-5695,631,3275.6499999999965,borda
649,Q0,LA111090-0106,632,3262.862499999997,borda
649,Q0,FR940126-2-00107,633,3261.1212499999974,borda
649,Q0,FT942-10460,634,3257.2187499999973,borda
649,Q0,LA050489-0023,635,3253.1262499999975,borda
649,Q0,FBIS3-60448,636,3251.826249999997,borda
649,Q0,FT924-11123,637,3246.654999999998,borda
649,Q0,LA112490-0106,638,3237.5774999999953,borda
649,Q0,FR940620-1-00071,639,3231.7999999999975,borda
649,Q0,FT944-8266,640,3230.4462499999977,borda
649,Q0,FBIS3-41730,641,3229.458749999997,borda
649,Q0,LA100389-0096,642,3224.924999999998,borda
649,Q0,LA042590-0136,643,3224.674999999997,borda
649,Q0,FT943-5147,644,3223.6012499999974,borda
649,Q0,FT933-9681,645,3220.871249999998,borda
649,Q0,FBIS3-26043,646,3220.653749999999,borda
649,Q0,LA090190-0142,647,3220.009999999998,borda
649,Q0,FT932-14131,648,3219.0849999999973,borda
649,Q0,FT921-16322,649,3218.5099999999975,borda
649,Q0,FT924-997,650,3217.419999999997,borda
649,Q0,FBIS3-22637,651,3216.8049999999976,borda
649,Q0,FBIS3-22713,652,3207.0624999999973,borda
649,Q0,FT922-3302,653,3201.691249999997,borda
649,Q0,FT924-14005,654,3198.038749999997,borda
649,Q0,FT944-10280,655,3197.9912499999973,borda
649,Q0,FT943-1228,656,3194.671249999997,borda
649,Q0,LA021889-0051,657,3190.7999999999975,borda
649,Q0,LA092189-0184,658,3189.556249999998,borda
649,Q0,FT943-1205,659,3189.071249999997,borda
649,Q0,FT921-15869,660,3188.4199999999973,borda
649,Q0,FT941-13207,661,3188.052499999996,borda
649,Q0,LA041090-0123,662,3187.518749999997,borda
649,Q0,FT931-9752,663,3184.1774999999966,borda
649,Q0,FBIS3-60528,664,3180.1137499999977,borda
649,Q0,LA062290-0021,665,3178.716249999997,borda
649,Q0,LA101790-0049,666,3168.7137499999967,borda
649,Q0,FBIS3-22609,667,3168.2974999999983,borda
649,Q0,LA063090-0049,668,3166.3962499999957,borda
649,Q0,FT944-1871,669,3163.564999999996,borda
649,Q0,FT922-14463,670,3162.4687499999964,borda
649,Q0,LA111390-0085,671,3162.1324999999965,borda
649,Q0,FR940825-0-00007,672,3158.4274999999966,borda
649,Q0,FT932-6845,673,3151.226249999997,borda
649,Q0,LA101389-0052,674,3140.6299999999974,borda
649,Q0,FT932-4805,675,3139.1574999999984,borda
649,Q0,FT923-13622,676,3134.021249999999,borda
649,Q0,FBIS4-20441,677,3132.0224999999973,borda
649,Q0,FR940705-2-00139,678,3125.1874999999964,borda
649,Q0,FBIS3-60480,679,3117.472499999997,borda
649,Q0,FT923-4279,680,3101.868749999997,borda
649,Q0,FT932-14127,681,3100.6074999999987,borda
649,Q0,FT932-14137,682,3094.8962499999966,borda
649,Q0,FT911-30,683,3093.207499999996,borda
649,Q0,LA061990-0138,684,3091.552499999997,borda
649,Q0,LA030790-0162,685,3087.512499999997,borda
649,Q0,LA031189-0132,686,3087.186249999999,borda
649,Q0,FT932-14128,687,3086.367499999998,borda
649,Q0,FBIS4-67609,688,3080.557499999997,borda
649,Q0,FR940705-2-00204,689,3079.1824999999976,borda
649,Q0,FT944-2078,690,3071.7099999999964,borda
649,Q0,FT921-8328,691,3069.9562499999975,borda
649,Q0,LA031190-0128,692,3068.803749999998,borda
649,Q0,FBIS3-22693,693,3068.304999999998,borda
649,Q0,LA071290-0132,694,3067.7862499999965,borda
649,Q0,LA070990-0007,695,3067.4687499999977,borda
649,Q0,LA070590-0086,696,3063.0774999999967,borda
649,Q0,FT944-11429,697,3058.1299999999974,borda
649,Q0,FT941-15268,698,3056.8524999999995,borda
649,Q0,FT941-3334,699,3050.172499999996,borda
649,Q0,LA072490-0124,700,3045.6249999999964,borda
649,Q0,LA082789-0123,701,3044.906249999997,borda
649,Q0,FR940405-1-00040,702,3043.739999999998,borda
649,Q0,FBIS4-27355,703,3042.4249999999984,borda
649,Q0,FBIS3-60482,704,3041.368749999997,borda
649,Q0,FR940620-1-00059,705,3038.723749999996,borda
649,Q0,FT934-13546,706,3038.1237499999975,borda
649,Q0,FT943-9176,707,3036.3062499999974,borda
649,Q0,FT942-16800,708,3032.7149999999965,borda
649,Q0,FT944-11359,709,3031.358749999998,borda
649,Q0,FR940722-2-00069,710,3024.522499999998,borda
649,Q0,FT931-8959,711,3014.938749999998,borda
649,Q0,LA031990-0076,712,2999.109999999998,borda
649,Q0,FT933-9458,713,2997.3474999999976,borda
649,Q0,LA041189-0109,714,2996.034999999997,borda
649,Q0,FT934-1168,715,2993.583749999996,borda
649,Q0,FBIS3-26758,716,2987.0949999999984,borda
649,Q0,FR940318-0-00047,717,2983.781249999997,borda
649,Q0,LA073190-0070,718,2975.694999999998,borda
649,Q0,LA071289-0099,719,2975.211249999997,borda
649,Q0,FT931-4263,720,2968.9787499999966,borda
649,Q0,FT932-6840,721,2964.8437499999973,borda
649,Q0,FT922-2486,722,2954.0749999999985,borda
649,Q0,LA122090-0193,723,2952.327499999998,borda
649,Q0,LA062289-0031,724,2949.547499999998,borda
649,Q0,FT931-3944,725,2948.0912499999977,borda
649,Q0,FT933-14628,726,2948.0287499999977,borda
649,Q0,LA010890-0043,727,2932.097499999999,borda
649,Q0,FT934-9642,728,2929.991249999998,borda
649,Q0,FR940105-0-00038,729,2929.0849999999955,borda
649,Q0,LA040490-0074,730,2926.138749999997,borda
649,Q0,FBIS3-41829,731,2926.0849999999973,borda
649,Q0,FBIS4-45852,732,2923.671249999997,borda
649,Q0,FT932-6847,733,2923.1599999999985,borda
649,Q0,FT923-42,734,2918.096249999997,borda
649,Q0,LA050989-0080,735,2911.3949999999973,borda
649,Q0,LA041490-0061,736,2904.7412499999978,borda
649,Q0,FT921-8653,737,2903.291249999998,borda
649,Q0,FT942-5237,738,2898.2224999999976,borda
649,Q0,LA062989-0168,739,2895.4162499999975,borda
649,Q0,FT934-9647,740,2893.1674999999977,borda
649,Q0,FR940620-1-00072,741,2892.5824999999986,borda
649,Q0,FT921-4351,742,2882.5949999999975,borda
649,Q0,LA022889-0071,743,2874.2199999999984,borda
649,Q0,FT931-7090,744,2873.541249999998,borda
649,Q0,FT923-5693,745,2872.9662499999977,borda
649,Q0,FBIS3-60475,746,2871.289999999998,borda
649,Q0,FT921-10976,747,2869.6274999999987,borda
649,Q0,FT934-5207,748,2862.8074999999976,borda
649,Q0,FT911-137,749,2859.527499999998,borda
649,Q0,FT921-13564,750,2859.218749999997,borda
649,Q0,FT931-5088,751,2854.361249999997,borda
649,Q0,FR941205-2-00028,752,2853.3112499999966,borda
649,Q0,FT931-8281,753,2842.748749999997,borda
649,Q0,FT924-2780,754,2841.862499999997,borda
649,Q0,FT943-8342,755,2839.6637499999974,borda
649,Q0,LA072189-0093,756,2839.118749999998,borda
649,Q0,LA052990-0123,757,2836.027499999998,borda
649,Q0,FT944-12615,758,2831.9262499999977,borda
649,Q0,LA100390-0058,759,2821.536249999998,borda
649,Q0,LA040889-0111,760,2821.144999999997,borda
649,Q0,FR940705-2-00219,761,2813.807499999997,borda
649,Q0,LA052189-0138,762,2811.1887499999975,borda
649,Q0,FT922-1469,763,2808.936249999998,borda
649,Q0,LA022689-0006,764,2803.2724999999973,borda
649,Q0,FT932-293,765,2802.396249999997,borda
649,Q0,LA101690-0066,766,2800.391249999997,borda
649,Q0,FT934-5579,767,2781.9399999999987,borda
649,Q0,FT932-297,768,2779.8387499999967,borda
649,Q0,FT921-12864,769,2766.5724999999984,borda
649,Q0,FT941-5035,770,2764.4099999999967,borda
649,Q0,FT941-3591,771,2762.5899999999992,borda
649,Q0,FT942-151,772,2760.8087499999974,borda
649,Q0,FT921-1600,773,2760.798749999997,borda
649,Q0,LA032990-0219,774,2759.763749999997,borda
649,Q0,FBIS3-22579,775,2758.634999999998,borda
649,Q0,LA092789-0097,776,2756.5724999999975,borda
649,Q0,LA010789-0104,777,2752.476249999998,borda
649,Q0,LA123090-0127,778,2744.747499999999,borda
649,Q0,FT931-2938,779,2744.5174999999986,borda
649,Q0,LA083189-0012,780,2741.434999999997,borda
649,Q0,FBIS4-47409,781,2738.9574999999995,borda
649,Q0,FT933-6518,782,2738.4562499999984,borda
649,Q0,FT934-14021,783,2736.341249999998,borda
649,Q0,LA081190-0091,784,2731.692499999997,borda
649,Q0,FT933-10783,785,2728.1274999999987,borda
649,Q0,LA110190-0156,786,2726.0999999999976,borda
649,Q0,FT942-6266,787,2724.6449999999977,borda
649,Q0,FT941-834,788,2708.3024999999984,borda
649,Q0,FBIS3-22655,789,2697.3274999999976,borda
649,Q0,LA110789-0055,790,2695.1074999999964,borda
649,Q0,LA021989-0159,791,2686.7562499999976,borda
649,Q0,FT943-8860,792,2684.1162499999978,borda
649,Q0,LA052490-0220,793,2681.021249999997,borda
649,Q0,LA090690-0040,794,2680.043749999998,borda
649,Q0,FT911-4198,795,2678.5537499999973,borda
649,Q0,LA072690-0005,796,2677.3362499999967,borda
649,Q0,FT911-3937,797,2668.4212499999985,borda
649,Q0,LA041290-0093,798,2666.3112499999966,borda
649,Q0,LA022489-0061,799,2664.5149999999976,borda
649,Q0,LA092189-0227,800,2663.721249999999,borda
649,Q0,FT943-9371,801,2659.5737499999977,borda
649,Q0,FT944-11346,802,2659.2749999999955,borda
649,Q0,FT931-3841,803,2658.8649999999984,borda
649,Q0,FT923-14835,804,2655.8462499999982,borda
649,Q0,LA050989-0027,805,2654.0649999999973,borda
649,Q0,FT931-12872,806,2650.0712499999995,borda
649,Q0,FBIS3-22706,807,2649.138749999997,borda
649,Q0,LA040190-0149,808,2647.9349999999968,borda
649,Q0,LA050189-0066,809,2647.859999999998,borda
649,Q0,LA070489-0108,810,2647.4999999999995,borda
649,Q0,FT931-12689,811,2646.768749999999,borda
649,Q0,LA031589-0045,812,2645.228749999999,borda
649,Q0,FBIS4-47588,813,2641.328749999998,borda
649,Q0,LA011490-0129,814,2640.288749999999,borda
649,Q0,FT933-6574,815,2639.9962499999974,borda
649,Q0,FT933-12301,816,2637.604999999999,borda
649,Q0,FT924-12680,817,2637.0312499999986,borda
649,Q0,FT923-32,818,2636.5812499999975,borda
649,Q0,FT924-5902,819,2630.803749999997,borda
649,Q0,FT941-14083,820,2629.8349999999964,borda
649,Q0,LA020690-0088,821,2628.208749999998,borda
649,Q0,FBIS3-22677,822,2627.4587499999975,borda
649,Q0,FBIS3-41726,823,2626.586249999998,borda
649,Q0,LA092189-0149,824,2625.8387499999967,borda
649,Q0,LA120789-0214,825,2616.9699999999966,borda
649,Q0,FT942-14203,826,2616.343749999998,borda
649,Q0,FT922-14916,827,2615.841249999998,borda
649,Q0,FBIS3-41705,828,2613.2524999999973,borda
649,Q0,LA101089-0095,829,2610.773749999998,borda
649,Q0,FR940620-1-00099,830,2608.1824999999985,borda
649,Q0,FT931-10582,831,2605.3899999999976,borda
649,Q0,FT933-2687,832,2601.312499999998,borda
649,Q0,LA030389-0103,833,2600.609999999997,borda
649,Q0,LA110390-0177,834,2596.849999999999,borda
649,Q0,FBIS3-22544,835,2593.792499999997,borda
649,Q0,FT923-1127,836,2592.921249999997,borda
649,Q0,FT944-13684,837,2588.402499999997,borda
649,Q0,LA092989-0114,838,2588.068749999999,borda
649,Q0,FT922-3984,839,2588.058749999998,borda
649,Q0,FBIS3-40378,840,2584.1099999999983,borda
649,Q0,LA101289-0211,841,2582.7374999999975,borda
649,Q0,LA120489-0065,842,2579.7412499999996,borda
649,Q0,FT941-12328,843,2570.7924999999987,borda
649,Q0,FR941107-2-00218,844,2558.6487499999994,borda
649,Q0,FT924-6665,845,2556.4262499999986,borda
649,Q0,FT932-14124,846,2552.822499999997,borda
649,Q0,FBIS3-42980,847,2550.5049999999987,borda
649,Q0,FBIS3-43018,848,2548.9087499999987,borda
649,Q0,LA012090-0059,849,2543.5824999999973,borda
649,Q0,FT934-6298,850,2537.4724999999985,borda
649,Q0,FBIS4-44542,851,2534.543749999999,borda
649,Q0,LA012790-0152,852,2530.4887499999973,borda
649,Q0,FBIS4-44574,853,2528.9787499999993,borda
649,Q0,FBIS4-54367,854,2528.4424999999983,borda
649,Q0,LA100690-0117,855,2527.3437499999973,borda
649,Q0,FT934-12474,856,2526.843749999997,borda
649,Q0,FT923-14625,857,2526.229999999998,borda
649,Q0,FBIS4-20813,858,2524.3249999999966,borda
649,Q0,LA092690-0018,859,2522.6999999999975,borda
649,Q0,FBIS3-9244,860,2522.698749999997,borda
649,Q0,LA122789-0013,861,2522.261249999999,borda
649,Q0,FT943-13586,862,2522.169999999998,borda
649,Q0,FBIS4-27941,863,2520.6449999999977,borda
649,Q0,LA112990-0019,864,2516.9937499999974,borda
649,Q0,LA090389-0127,865,2511.573749999997,borda
649,Q0,FT932-6713,866,2508.784999999999,borda
649,Q0,LA110489-0087,867,2498.467499999997,borda
649,Q0,FT911-4053,868,2498.186249999997,borda
649,Q0,LA022489-0087,869,2497.6487499999976,borda
649,Q0,LA081789-0008,870,2497.499999999997,borda
649,Q0,FBIS3-6146,871,2496.197499999999,borda
649,Q0,FBIS4-67625,872,2492.459999999998,borda
649,Q0,LA082989-0106,873,2490.546249999997,borda
649,Q0,LA013090-0074,874,2490.191249999998,borda
649,Q0,FT942-13145,875,2489.7212499999973,borda
649,Q0,FBIS3-22470,876,2488.471249999997,borda
649,Q0,LA100990-0132,877,2488.289999999998,borda
649,Q0,LA031289-0071,878,2486.378749999997,borda
649,Q0,FT934-527,879,2486.3512499999974,borda
649,Q0,FR940628-1-00025,880,2481.724999999998,borda
649,Q0,LA060190-0105,881,2480.263749999997,borda
649,Q0,FBIS4-20480,882,2479.8824999999965,borda
649,Q0,FBIS4-22980,883,2479.132499999999,borda
649,Q0,FT932-3201,884,2473.0587499999992,borda
649,Q0,FT931-3244,885,2471.9912499999973,borda
649,Q0,FBIS3-46348,886,2470.0437499999975,borda
649,Q0,LA061589-0058,887,2469.7362499999963,borda
649,Q0,FT922-1483,888,2468.897499999997,borda
649,Q0,FT932-10832,889,2468.1499999999974,borda
649,Q0,FT931-2937,890,2464.0337499999987,borda
649,Q0,FBIS3-41783,891,2463.2224999999976,borda
649,Q0,FT923-4804,892,2461.184999999999,borda
649,Q0,LA040189-0034,893,2454.2162499999977,borda
649,Q0,FT922-1460,894,2453.884999999998,borda
649,Q0,FR941028-2-00216,895,2449.9812499999994,borda
649,Q0,LA102989-0004,896,2445.789999999998,borda
649,Q0,FT924-5983,897,2438.7299999999977,borda
649,Q0,FT931-16261,898,2437.0137499999987,borda
649,Q0,FT934-12530,899,2435.8587499999976,borda
649,Q0,FT924-819,900,2434.6987499999973,borda
649,Q0,FT931-16316,901,2433.1349999999993,borda
649,Q0,LA031289-0009,902,2425.3962499999993,borda
649,Q0,FT943-8569,903,2424.7312499999975,borda
649,Q0,LA013190-0089,904,2420.7187499999977,borda
649,Q0,LA042290-0104,905,2410.5324999999966,borda
649,Q0,LA032089-0016,906,2409.232499999998,borda
649,Q0,FR940620-1-00063,907,2408.158749999998,borda
649,Q0,LA052290-0152,908,2408.136249999998,borda
649,Q0,LA103090-0154,909,2407.8724999999995,borda
649,Q0,LA043090-0125,910,2407.3037499999978,borda
649,Q0,FBIS3-60561,911,2404.192499999998,borda
649,Q0,LA062990-0006,912,2401.423749999997,borda
649,Q0,LA072589-0107,913,2391.1049999999977,borda
649,Q0,LA012790-0148,914,2386.489999999999,borda
649,Q0,FT911-4684,915,2383.9399999999996,borda
649,Q0,FT942-17172,916,2380.782499999997,borda
649,Q0,FT924-8024,917,2367.003749999997,borda
649,Q0,FBIS3-59549,918,2364.651249999999,borda
649,Q0,FT921-2451,919,2357.5162499999983,borda
649,Q0,FT933-4055,920,2354.5212499999984,borda
649,Q0,LA110790-0160,921,2354.518749999999,borda
649,Q0,FR940620-1-00069,922,2351.323749999997,borda
649,Q0,FT933-15625,923,2350.45375,borda
649,Q0,FT931-14225,924,2349.111249999999,borda
649,Q0,LA120690-0009,925,2345.026249999997,borda
649,Q0,FBIS3-51019,926,2342.046249999998,borda
649,Q0,FT933-15810,927,2338.887499999999,borda
649,Q0,FT921-5737,928,2336.764999999997,borda
649,Q0,FBIS3-60568,929,2334.0424999999977,borda
649,Q0,FT922-1462,930,2330.6499999999983,borda
649,Q0,LA051890-0112,931,2322.016249999998,borda
649,Q0,FT923-5564,932,2316.2849999999976,borda
649,Q0,FT933-12442,933,2315.689999999998,borda
649,Q0,FT932-6863,934,2314.3849999999984,borda
649,Q0,FT942-16834,935,2313.5887499999985,borda
649,Q0,FT942-3805,936,2312.706249999997,borda
649,Q0,LA061190-0013,937,2304.9674999999975,borda
649,Q0,FT941-1164,938,2299.1537499999986,borda
649,Q0,LA040390-0033,939,2296.6037499999975,borda
649,Q0,LA110789-0112,940,2296.268749999997,borda
649,Q0,FR940202-2-00123,941,2295.1687500000003,borda
649,Q0,FT921-9831,942,2294.067499999998,borda
649,Q0,FT931-11098,943,2293.271249999999,borda
649,Q0,FT931-2021,944,2290.856249999999,borda
649,Q0,FT942-3508,945,2290.852499999999,borda
649,Q0,FT942-6274,946,2289.5699999999983,borda
649,Q0,FBIS4-3345,947,2289.1962499999986,borda
649,Q0,LA020789-0127,948,2286.672499999998,borda
649,Q0,FBIS4-47124,949,2284.8899999999985,borda
649,Q0,FT941-13205,950,2282.244999999997,borda
649,Q0,LA101389-0140,951,2280.2799999999975,borda
649,Q0,FT932-3963,952,2277.1524999999974,borda
649,Q0,LA032390-0176,953,2273.454999999998,borda
649,Q0,FT931-11498,954,2269.7562499999985,borda
649,Q0,FR941028-2-00164,955,2268.507499999999,borda
649,Q0,FT933-10469,956,2267.487499999999,borda
649,Q0,LA120189-0067,957,2265.4374999999977,borda
649,Q0,FT921-8760,958,2262.9687499999973,borda
649,Q0,FBIS3-60486,959,2257.171249999998,borda
649,Q0,FBIS4-67627,960,2255.7149999999992,borda
649,Q0,FT943-4357,961,2253.0487499999967,borda
649,Q0,FBIS3-40222,962,2250.661249999999,borda
649,Q0,FT922-1482,963,2250.4049999999975,borda
649,Q0,FT932-7643,964,2249.937499999999,borda
649,Q0,LA051289-0077,965,2249.8712499999983,borda
649,Q0,LA042589-0167,966,2247.361249999999,borda
649,Q0,FBIS4-45725,967,2246.5612499999975,borda
649,Q0,LA011890-0071,968,2243.1049999999973,borda
649,Q0,FT942-12913,969,2242.3049999999994,borda
649,Q0,LA083189-0179,970,2241.319999999998,borda
649,Q0,FT921-5384,971,2235.9137499999997,borda
649,Q0,FT932-10646,972,2232.067499999997,borda
649,Q0,LA021189-0032,973,2228.2137499999976,borda
649,Q0,FT941-16806,974,2225.433749999997,borda
649,Q0,FBIS3-9187,975,2223.8237499999973,borda
649,Q0,FT911-3920,976,2221.4712499999973,borda
649,Q0,LA062589-0037,977,2221.282499999997,borda
649,Q0,FT932-3980,978,2217.043749999998,borda
649,Q0,FBIS4-67696,979,2213.8224999999975,borda
649,Q0,FT922-2853,980,2212.631249999999,borda
649,Q0,FT933-13340,981,2198.153749999997,borda
649,Q0,FT932-10910,982,2196.213749999999,borda
649,Q0,LA030989-0034,983,2195.4299999999985,borda
649,Q0,FT942-6273,984,2191.6112499999967,borda
649,Q0,FBIS3-22484,985,2190.5137499999983,borda
649,Q0,LA111190-0023,986,2189.972499999998,borda
649,Q0,FT931-8963,987,2187.4662499999977,borda
649,Q0,FT924-4876,988,2185.9337499999983,borda
649,Q0,FT931-7553,989,2185.2174999999993,borda
649,Q0,FBIS3-46429,990,2184.3524999999986,borda
649,Q0,FR940803-2-00048,991,2182.8149999999973,borda
649,Q0,FT934-8305,992,2179.794999999997,borda
649,Q0,FBIS4-21556,993,2174.763749999998,borda
649,Q0,FBIS3-22683,994,2170.3149999999982,borda
649,Q0,FT924-450,995,2169.787499999999,borda
649,Q0,FT924-15743,996,2165.4949999999985,borda
649,Q0,FT923-30,997,2165.4774999999972,borda
649,Q0,FT942-7825,998,2163.7762499999967,borda
649,Q0,FT941-3858,999,2163.396249999997,borda
649,Q0,FT944-1726,1000,2161.7949999999987,borda
650,Q0,LA092590-0146,1,12791.366249999985,borda
650,Q0,LA121289-0013,2,12727.481249999986,borda
650,Q0,LA062689-0056,3,12694.531249999985,borda
650,Q0,LA121389-0126,4,12605.241249999988,borda
650,Q0,LA040690-0139,5,12522.707499999986,borda
650,Q0,LA102690-0100,6,12493.137499999986,borda
650,Q0,LA121989-0022,7,12473.224999999988,borda
650,Q0,LA121389-0003,8,12424.299999999988,borda
650,Q0,LA121190-0096,9,12353.579999999989,borda
650,Q0,LA110289-0197,10,12289.207499999988,borda
650,Q0,LA030889-0018,11,12268.181249999985,borda
650,Q0,LA030790-0049,12,12249.417499999985,borda
650,Q0,LA021189-0023,13,12228.613749999982,borda
650,Q0,LA013090-0116,14,12228.092499999986,borda
650,Q0,LA041790-0108,15,12200.776249999984,borda
650,Q0,LA040889-0060,16,12188.038749999987,borda
650,Q0,LA110290-0103,17,12166.853749999987,borda
650,Q0,LA121390-0041,18,12154.601249999987,borda
650,Q0,LA082889-0002,19,12116.696249999985,borda
650,Q0,LA022190-0013,20,12055.886249999985,borda
650,Q0,FT931-3667,21,12026.35124999999,borda
650,Q0,LA120589-0053,22,12002.208749999989,borda
650,Q0,LA033089-0030,23,12000.434999999992,borda
650,Q0,FBIS3-51891,24,11987.642499999987,borda
650,Q0,FBIS3-28799,25,11979.634999999987,borda
650,Q0,LA021090-0081,26,11978.173749999985,borda
650,Q0,LA021390-0041,27,11936.238749999988,borda
650,Q0,LA053189-0041,28,11932.027499999986,borda
650,Q0,LA071190-0103,29,11922.333749999989,borda
650,Q0,LA061389-0136,30,11890.90874999999,borda
650,Q0,LA091289-0087,31,11877.94624999999,borda
650,Q0,FBIS4-6983,32,11830.226249999989,borda
650,Q0,LA122089-0034,33,11814.718749999989,borda
650,Q0,LA120489-0113,34,11794.716249999989,borda
650,Q0,LA122889-0008,35,11729.439999999986,borda
650,Q0,FT941-11239,36,11680.249999999989,borda
650,Q0,FBIS4-25245,37,11607.676249999986,borda
650,Q0,LA033190-0003,38,11592.51999999999,borda
650,Q0,LA082590-0061,39,11505.697499999986,borda
650,Q0,LA010890-0106,40,11480.86249999999,borda
650,Q0,FBIS4-5673,41,11479.664999999986,borda
650,Q0,FT932-2366,42,11473.651249999988,borda
650,Q0,LA042090-0109,43,11396.69999999999,borda
650,Q0,FT943-8759,44,11351.042499999985,borda
650,Q0,LA103090-0078,45,11319.15374999999,borda
650,Q0,LA121390-0120,46,11233.849999999988,borda
650,Q0,LA042090-0182,47,11118.12999999999,borda
650,Q0,LA021390-0055,48,11111.19999999999,borda
650,Q0,LA022089-0053,49,11092.936249999986,borda
650,Q0,LA091490-0183,50,10926.791249999987,borda
650,Q0,LA090590-0091,51,10874.526249999988,borda
650,Q0,LA041789-0115,52,10855.522499999988,borda
650,Q0,LA012889-0016,53,10809.412499999988,borda
650,Q0,FT934-15498,54,10774.30999999999,borda
650,Q0,LA090889-0170,55,10701.874999999989,borda
650,Q0,LA042589-0089,56,10697.958749999989,borda
650,Q0,FBIS4-3911,57,10690.173749999987,borda
650,Q0,LA101790-0029,58,10659.48749999999,borda
650,Q0,FBIS4-1842,59,10610.45749999999,borda
650,Q0,LA081889-0133,60,10595.521249999989,borda
650,Q0,LA072090-0032,61,10500.20374999999,borda
650,Q0,LA011189-0054,62,10453.347499999987,borda
650,Q0,FT922-5966,63,10442.54749999999,borda
650,Q0,LA011790-0123,64,10317.27249999999,borda
650,Q0,LA030389-0147,65,10306.41124999999,borda
650,Q0,FBIS4-57473,66,10304.596249999988,borda
650,Q0,FT921-7686,67,10283.53374999999,borda
650,Q0,LA072090-0142,68,10226.14624999999,borda
650,Q0,LA121589-0011,69,10209.644999999986,borda
650,Q0,LA041489-0142,70,10190.966249999987,borda
650,Q0,LA021589-0099,71,10187.07749999999,borda
650,Q0,LA072690-0179,72,10145.126249999992,borda
650,Q0,FT931-574,73,10142.233749999989,borda
650,Q0,LA102790-0090,74,10056.968749999989,borda
650,Q0,LA060989-0178,75,9966.69749999999,borda
650,Q0,LA072289-0132,76,9937.747499999992,borda
650,Q0,FT932-632,77,9917.69874999999,borda
650,Q0,LA031089-0144,78,9899.54749999999,borda
650,Q0,FBIS4-51818,79,9872.83374999999,borda
650,Q0,LA080390-0101,80,9870.424999999988,borda
650,Q0,LA112389-0032,81,9851.50624999999,borda
650,Q0,FT941-10103,82,9839.04999999999,borda
650,Q0,LA120289-0142,83,9833.64624999999,borda
650,Q0,LA011689-0065,84,9828.801249999988,borda
650,Q0,LA020590-0137,85,9819.319999999989,borda
650,Q0,LA042190-0020,86,9818.943749999988,borda
650,Q0,LA111589-0039,87,9817.19374999999,borda
650,Q0,FBIS4-44451,88,9776.141249999988,borda
650,Q0,LA060789-0093,89,9754.14499999999,borda
650,Q0,LA032190-0140,90,9745.744999999988,borda
650,Q0,LA041289-0081,91,9745.039999999992,borda
650,Q0,FBIS4-41103,92,9733.862499999988,borda
650,Q0,LA091190-0092,93,9724.151249999992,borda
650,Q0,LA080790-0119,94,9693.75374999999,borda
650,Q0,LA080290-0068,95,9683.202499999989,borda
650,Q0,LA100690-0136,96,9680.46124999999,borda
650,Q0,LA083190-0159,97,9666.41624999999,borda
650,Q0,LA072789-0069,98,9663.267499999989,borda
650,Q0,LA031590-0101,99,9634.77749999999,borda
650,Q0,FBIS4-25176,100,9634.46749999999,borda
650,Q0,LA011489-0094,101,9626.027499999991,borda
650,Q0,FBIS3-3908,102,9616.077499999989,borda
650,Q0,LA101989-0006,103,9604.919999999991,borda
650,Q0,LA112790-0105,104,9596.79749999999,borda
650,Q0,LA061589-0158,105,9596.03124999999,borda
650,Q0,LA081190-0096,106,9595.45874999999,borda
650,Q0,LA031389-0066,107,9564.283749999988,borda
650,Q0,FBIS3-7212,108,9563.55749999999,borda
650,Q0,LA032889-0111,109,9536.748749999992,borda
650,Q0,LA082589-0044,110,9535.09749999999,borda
650,Q0,LA040689-0003,111,9532.88624999999,borda
650,Q0,FBIS4-3264,112,9519.172499999991,borda
650,Q0,LA082189-0076,113,9489.39374999999,borda
650,Q0,LA032090-0110,114,9436.858749999992,borda
650,Q0,LA083189-0176,115,9426.13749999999,borda
650,Q0,LA070489-0069,116,9422.76249999999,borda
650,Q0,LA042390-0120,117,9406.71249999999,borda
650,Q0,FT931-16219,118,9377.144999999993,borda
650,Q0,LA052290-0153,119,9372.14499999999,borda
650,Q0,LA110990-0077,120,9340.73749999999,borda
650,Q0,LA041489-0087,121,9331.838749999992,borda
650,Q0,LA041789-0046,122,9299.456249999994,borda
650,Q0,LA111690-0010,123,9296.18124999999,borda
650,Q0,LA121290-0151,124,9294.061249999992,borda
650,Q0,LA033190-0006,125,9203.446249999992,borda
650,Q0,LA012589-0008,126,9202.529999999992,borda
650,Q0,LA040489-0068,127,9173.771249999989,borda
650,Q0,LA052589-0077,128,9155.78749999999,borda
650,Q0,LA112289-0077,129,9077.022499999988,borda
650,Q0,FBIS4-33037,130,9072.77749999999,borda
650,Q0,LA090389-0109,131,9058.07374999999,borda
650,Q0,FT932-7626,132,9051.85499999999,borda
650,Q0,LA032290-0185,133,9037.151249999992,borda
650,Q0,FBIS4-20351,134,8992.04374999999,borda
650,Q0,LA091990-0033,135,8981.34124999999,borda
650,Q0,LA070789-0089,136,8934.09749999999,borda
650,Q0,LA010789-0052,137,8911.411249999992,borda
650,Q0,LA101290-0080,138,8910.26999999999,borda
650,Q0,LA041489-0085,139,8871.366249999988,borda
650,Q0,LA111390-0132,140,8852.273749999991,borda
650,Q0,LA031690-0004,141,8796.40624999999,borda
650,Q0,LA061089-0074,142,8790.29874999999,borda
650,Q0,LA012990-0095,143,8672.611249999989,borda
650,Q0,LA021689-0223,144,8633.391249999991,borda
650,Q0,LA070690-0007,145,8558.92874999999,borda
650,Q0,LA042989-0080,146,8496.306249999989,borda
650,Q0,FBIS4-26588,147,8419.916249999991,borda
650,Q0,LA112090-0036,148,8348.492499999991,borda
650,Q0,LA020289-0141,149,8328.826249999991,borda
650,Q0,LA022289-0133,150,8323.658749999991,borda
650,Q0,LA092789-0006,151,8291.894999999991,borda
650,Q0,FT942-8320,152,8286.877499999991,borda
650,Q0,LA082290-0068,153,8286.00749999999,borda
650,Q0,FBIS4-2767,154,8283.043749999992,borda
650,Q0,LA050389-0054,155,8248.868749999992,borda
650,Q0,LA071290-0162,156,8213.877499999991,borda
650,Q0,LA032490-0049,157,8208.393749999992,borda
650,Q0,LA012089-0131,158,8207.18999999999,borda
650,Q0,LA011990-0185,159,8199.884999999991,borda
650,Q0,LA091890-0163,160,8172.633749999993,borda
650,Q0,LA032189-0136,161,8168.634999999992,borda
650,Q0,LA121389-0124,162,8152.482499999991,borda
650,Q0,LA121289-0034,163,8124.171249999992,borda
650,Q0,LA060890-0032,164,8108.946249999991,borda
650,Q0,LA050290-0007,165,8104.512499999991,borda
650,Q0,LA121289-0096,166,8103.293749999991,borda
650,Q0,LA033089-0139,167,8049.822499999991,borda
650,Q0,LA120689-0103,168,8038.226249999991,borda
650,Q0,LA101489-0094,169,8024.462499999992,borda
650,Q0,LA012989-0206,170,8009.13999999999,borda
650,Q0,LA081090-0134,171,7990.427499999991,borda
650,Q0,FBIS3-20483,172,7986.392499999993,borda
650,Q0,LA090790-0192,173,7976.076249999991,borda
650,Q0,FT911-1027,174,7945.289999999993,borda
650,Q0,LA090190-0103,175,7923.188749999991,borda
650,Q0,LA102589-0019,176,7861.941249999992,borda
650,Q0,LA042290-0153,177,7853.0212499999925,borda
650,Q0,LA011090-0161,178,7822.814999999991,borda
650,Q0,FT922-8419,179,7816.758749999992,borda
650,Q0,LA112790-0133,180,7808.956249999992,borda
650,Q0,LA030789-0059,181,7808.121249999991,borda
650,Q0,LA051589-0064,182,7778.327499999992,borda
650,Q0,LA060190-0072,183,7715.364999999992,borda
650,Q0,LA080989-0119,184,7711.441249999992,borda
650,Q0,LA113090-0090,185,7681.606249999992,borda
650,Q0,LA110190-0099,186,7680.084999999992,borda
650,Q0,FT933-472,187,7675.251249999991,borda
650,Q0,FBIS4-8569,188,7629.418749999993,borda
650,Q0,LA120989-0068,189,7612.727499999992,borda
650,Q0,LA110990-0122,190,7602.674999999992,borda
650,Q0,LA012889-0001,191,7578.028749999992,borda
650,Q0,LA051790-0237,192,7575.591249999991,borda
650,Q0,FT941-3345,193,7559.321249999993,borda
650,Q0,LA101190-0076,194,7543.648749999993,borda
650,Q0,FBIS3-44644,195,7521.888749999994,borda
650,Q0,FBIS4-53946,196,7495.774999999995,borda
650,Q0,LA082589-0071,197,7455.716249999991,borda
650,Q0,FBIS4-4162,198,7437.3512499999915,borda
650,Q0,LA080490-0057,199,7426.091249999993,borda
650,Q0,FT922-8564,200,7424.068749999993,borda
650,Q0,LA022890-0061,201,7423.974999999992,borda
650,Q0,LA032490-0144,202,7396.478749999992,borda
650,Q0,LA010690-0066,203,7370.744999999993,borda
650,Q0,LA030189-0121,204,7345.981249999992,borda
650,Q0,LA040989-0053,205,7342.819999999993,borda
650,Q0,LA051190-0071,206,7258.216249999992,borda
650,Q0,LA111490-0030,207,7252.738749999991,borda
650,Q0,LA112789-0113,208,7245.563749999992,borda
650,Q0,LA011490-0115,209,7225.468749999992,borda
650,Q0,LA010689-0081,210,7209.822499999992,borda
650,Q0,FT922-5014,211,7188.287499999993,borda
650,Q0,LA110289-0002,212,7173.867499999991,borda
650,Q0,FBIS4-55199,213,7133.832499999994,borda
650,Q0,FT941-5024,214,7126.611249999993,borda
650,Q0,LA112290-0148,215,7098.222499999993,borda
650,Q0,LA010689-0134,216,7089.3162499999935,borda
650,Q0,FBIS4-6649,217,7058.768749999995,borda
650,Q0,LA092989-0058,218,7040.9499999999925,borda
650,Q0,LA031590-0008,219,7031.533749999993,borda
650,Q0,LA030790-0149,220,7008.158749999992,borda
650,Q0,LA102390-0140,221,7000.307499999993,borda
650,Q0,FBIS3-5623,222,6996.914999999992,borda
650,Q0,LA010690-0101,223,6996.619999999993,borda
650,Q0,FT942-10685,224,6991.617499999994,borda
650,Q0,LA112890-0088,225,6988.761249999993,borda
650,Q0,LA010489-0091,226,6987.093749999994,borda
650,Q0,FT921-439,227,6975.799999999993,borda
650,Q0,LA091389-0036,228,6940.966249999992,borda
650,Q0,LA112090-0097,229,6935.839999999994,borda
650,Q0,LA110489-0119,230,6930.552499999993,borda
650,Q0,LA011189-0053,231,6929.337499999994,borda
650,Q0,FBIS4-17015,232,6928.301249999994,borda
650,Q0,FT941-4481,233,6909.034999999993,borda
650,Q0,FT931-3310,234,6887.832499999993,borda
650,Q0,LA041489-0180,235,6874.789999999993,borda
650,Q0,FT931-4747,236,6859.063749999992,borda
650,Q0,LA092090-0181,237,6841.013749999993,borda
650,Q0,LA101389-0053,238,6837.414999999991,borda
650,Q0,LA080289-0122,239,6829.664999999993,borda
650,Q0,LA080990-0008,240,6777.666249999994,borda
650,Q0,LA032290-0147,241,6777.354999999992,borda
650,Q0,LA061489-0132,242,6732.527499999993,borda
650,Q0,LA061790-0067,243,6718.962499999992,borda
650,Q0,LA022089-0058,244,6687.219999999993,borda
650,Q0,FT931-4803,245,6656.978749999993,borda
650,Q0,LA090189-0088,246,6640.639999999994,borda
650,Q0,LA030489-0041,247,6633.421249999992,borda
650,Q0,LA022490-0077,248,6629.408749999992,borda
650,Q0,LA110890-0210,249,6628.851249999994,borda
650,Q0,LA122090-0253,250,6625.304999999993,borda
650,Q0,LA083089-0029,251,6621.882499999994,borda
650,Q0,LA081490-0094,252,6620.696249999993,borda
650,Q0,LA091289-0056,253,6583.513749999992,borda
650,Q0,LA081090-0107,254,6573.976249999994,borda
650,Q0,LA031089-0049,255,6558.646249999993,borda
650,Q0,LA081090-0013,256,6548.951249999994,borda
650,Q0,FBIS4-11451,257,6481.583749999994,borda
650,Q0,LA082590-0081,258,6456.313749999992,borda
650,Q0,LA032990-0121,259,6446.721249999994,borda
650,Q0,FBIS3-32941,260,6438.589999999993,borda
650,Q0,LA092989-0099,261,6436.229999999993,borda
650,Q0,FBIS3-33092,262,6425.021249999994,borda
650,Q0,FBIS3-33050,263,6417.844999999993,borda
650,Q0,LA112990-0003,264,6386.727499999993,borda
650,Q0,LA082890-0115,265,6380.843749999994,borda
650,Q0,LA033089-0170,266,6374.697499999993,borda
650,Q0,LA101989-0156,267,6346.027499999995,borda
650,Q0,LA111989-0130,268,6336.447499999993,borda
650,Q0,LA072590-0130,269,6332.5612499999925,borda
650,Q0,LA010590-0084,270,6330.402499999993,borda
650,Q0,FT933-5905,271,6303.424999999995,borda
650,Q0,FBIS4-24633,272,6291.453749999995,borda
650,Q0,LA040489-0049,273,6254.513749999993,borda
650,Q0,LA072689-0084,274,6239.493749999992,borda
650,Q0,LA121090-0065,275,6238.724999999993,borda
650,Q0,FT934-9389,276,6232.577499999993,borda
650,Q0,FT931-4526,277,6213.5887499999935,borda
650,Q0,LA031189-0133,278,6213.402499999995,borda
650,Q0,LA072690-0009,279,6206.8387499999935,borda
650,Q0,LA011790-0027,280,6171.316249999992,borda
650,Q0,LA110289-0121,281,6164.501249999994,borda
650,Q0,LA092290-0085,282,6154.528749999993,borda
650,Q0,FR941220-2-00082,283,6149.694999999992,borda
650,Q0,LA060989-0165,284,6142.674999999993,borda
650,Q0,LA122390-0076,285,6127.558749999994,borda
650,Q0,LA111689-0075,286,6121.931249999993,borda
650,Q0,LA042189-0165,287,6115.954999999994,borda
650,Q0,LA040990-0075,288,6097.168749999993,borda
650,Q0,FT942-8302,289,6095.2137499999935,borda
650,Q0,LA101989-0144,290,6068.564999999992,borda
650,Q0,LA090689-0050,291,6068.266249999993,borda
650,Q0,LA021789-0147,292,6051.736249999993,borda
650,Q0,FT943-14142,293,6033.9149999999945,borda
650,Q0,LA110389-0030,294,6026.8924999999945,borda
650,Q0,FBIS4-2105,295,6016.5662499999935,borda
650,Q0,LA040489-0091,296,6012.8699999999935,borda
650,Q0,LA072289-0046,297,5990.578749999994,borda
650,Q0,LA032389-0031,298,5974.884999999993,borda
650,Q0,LA111090-0016,299,5964.962499999993,borda
650,Q0,FT934-10284,300,5948.8837499999945,borda
650,Q0,LA100689-0122,301,5937.777499999995,borda
650,Q0,FT921-9617,302,5931.121249999994,borda
650,Q0,LA102089-0076,303,5928.516249999994,borda
650,Q0,FT924-8732,304,5928.293749999995,borda
650,Q0,FBIS3-7310,305,5924.824999999993,borda
650,Q0,LA072689-0085,306,5920.244999999993,borda
650,Q0,LA112090-0104,307,5919.402499999994,borda
650,Q0,LA051890-0048,308,5905.748749999994,borda
650,Q0,LA092089-0039,309,5893.456249999994,borda
650,Q0,FBIS3-4471,310,5889.863749999994,borda
650,Q0,LA081990-0230,311,5874.909999999993,borda
650,Q0,LA121090-0117,312,5874.288749999995,borda
650,Q0,LA022589-0037,313,5872.216249999996,borda
650,Q0,FT934-10281,314,5848.178749999995,borda
650,Q0,FBIS4-26947,315,5839.677499999993,borda
650,Q0,LA122289-0133,316,5836.688749999994,borda
650,Q0,LA011489-0112,317,5826.791249999995,borda
650,Q0,LA070290-0116,318,5824.3212499999945,borda
650,Q0,FT944-9889,319,5823.937499999995,borda
650,Q0,LA022489-0129,320,5823.008749999994,borda
650,Q0,LA042289-0076,321,5820.014999999994,borda
650,Q0,LA091389-0082,322,5818.243749999992,borda
650,Q0,LA112890-0024,323,5810.077499999993,borda
650,Q0,LA041389-0170,324,5806.267499999993,borda
650,Q0,FR940725-2-00084,325,5793.882499999993,borda
650,Q0,LA012989-0112,326,5790.8574999999955,borda
650,Q0,LA031889-0123,327,5751.087499999995,borda
650,Q0,LA071389-0142,328,5741.307499999994,borda
650,Q0,LA083189-0196,329,5739.3699999999935,borda
650,Q0,LA092590-0089,330,5728.934999999994,borda
650,Q0,FT931-972,331,5704.554999999995,borda
650,Q0,FT921-5899,332,5659.747499999994,borda
650,Q0,LA102690-0059,333,5644.642499999994,borda
650,Q0,FT921-14907,334,5627.647499999995,borda
650,Q0,FBIS3-10152,335,5618.649999999995,borda
650,Q0,LA042189-0096,336,5611.332499999995,borda
650,Q0,LA061589-0214,337,5604.014999999995,borda
650,Q0,LA040689-0169,338,5601.501249999994,borda
650,Q0,FBIS3-18640,339,5583.594999999996,borda
650,Q0,LA041389-0126,340,5574.872499999994,borda
650,Q0,LA121489-0080,341,5570.141249999994,borda
650,Q0,LA041889-0005,342,5569.1287499999935,borda
650,Q0,FBIS4-66178,343,5564.384999999995,borda
650,Q0,FT922-7449,344,5559.671249999996,borda
650,Q0,FT943-3312,345,5559.479999999994,borda
650,Q0,LA030190-0113,346,5558.414999999995,borda
650,Q0,LA031289-0069,347,5554.072499999995,borda
650,Q0,LA100689-0182,348,5547.783749999993,borda
650,Q0,LA101290-0165,349,5528.014999999993,borda
650,Q0,FT944-7099,350,5524.9687499999945,borda
650,Q0,LA012690-0169,351,5517.574999999993,borda
650,Q0,FT941-4197,352,5508.486249999994,borda
650,Q0,LA061490-0083,353,5505.377499999993,borda
650,Q0,LA080489-0111,354,5473.401249999994,borda
650,Q0,LA103089-0080,355,5459.189999999995,borda
650,Q0,LA122389-0069,356,5459.141249999993,borda
650,Q0,LA042190-0086,357,5455.623749999994,borda
650,Q0,LA083190-0123,358,5455.341249999996,borda
650,Q0,FBIS4-50863,359,5450.108749999995,borda
650,Q0,LA120590-0128,360,5445.836249999995,borda
650,Q0,FT944-4876,361,5435.763749999995,borda
650,Q0,LA092289-0123,362,5434.248749999993,borda
650,Q0,LA110789-0036,363,5427.077499999994,borda
650,Q0,FT922-13715,364,5421.766249999994,borda
650,Q0,LA062790-0117,365,5408.974999999994,borda
650,Q0,LA032289-0071,366,5406.959999999994,borda
650,Q0,LA051990-0027,367,5386.0087499999945,borda
650,Q0,FT944-3615,368,5385.8924999999945,borda
650,Q0,FT921-4643,369,5379.538749999994,borda
650,Q0,FBIS4-64395,370,5367.501249999995,borda
650,Q0,LA090189-0120,371,5367.053749999994,borda
650,Q0,LA090989-0107,372,5348.337499999994,borda
650,Q0,LA011089-0035,373,5345.211249999994,borda
650,Q0,LA083189-0170,374,5336.037499999993,borda
650,Q0,LA060690-0081,375,5328.291249999995,borda
650,Q0,FBIS3-17641,376,5319.294999999994,borda
650,Q0,FT923-3631,377,5317.683749999994,borda
650,Q0,LA072690-0214,378,5317.086249999995,borda
650,Q0,LA081790-0122,379,5309.222499999994,borda
650,Q0,FBIS3-855,380,5305.036249999995,borda
650,Q0,FT934-4883,381,5287.7187499999945,borda
650,Q0,FR941006-2-00153,382,5286.754999999993,borda
650,Q0,FBIS3-58756,383,5274.172499999995,borda
650,Q0,LA090989-0033,384,5255.034999999994,borda
650,Q0,FBIS4-1656,385,5251.669999999992,borda
650,Q0,LA050590-0088,386,5249.274999999993,borda
650,Q0,FBIS4-23112,387,5212.989999999994,borda
650,Q0,FBIS3-20562,388,5180.994999999995,borda
650,Q0,LA081589-0078,389,5173.143749999993,borda
650,Q0,LA082590-0063,390,5171.632499999992,borda
650,Q0,LA040189-0014,391,5155.9062499999945,borda
650,Q0,FT944-18793,392,5138.407499999994,borda
650,Q0,FT924-6069,393,5137.289999999995,borda
650,Q0,FT943-766,394,5135.394999999992,borda
650,Q0,LA092290-0175,395,5115.982499999995,borda
650,Q0,LA092889-0193,396,5104.732499999995,borda
650,Q0,LA081790-0156,397,5097.721249999994,borda
650,Q0,FBIS3-18174,398,5082.924999999994,borda
650,Q0,LA080790-0013,399,5077.179999999995,borda
650,Q0,LA101089-0041,400,5074.834999999994,borda
650,Q0,LA031489-0132,401,5053.902499999995,borda
650,Q0,LA090989-0058,402,5019.023749999996,borda
650,Q0,LA102790-0044,403,5017.159999999995,borda
650,Q0,LA102589-0002,404,5014.491249999995,borda
650,Q0,FBIS3-59262,405,5008.103749999995,borda
650,Q0,FBIS3-21468,406,4993.233749999994,borda
650,Q0,LA031790-0074,407,4992.476249999996,borda
650,Q0,LA032190-0143,408,4987.456249999994,borda
650,Q0,LA112289-0002,409,4977.739999999997,borda
650,Q0,LA112290-0144,410,4965.681249999995,borda
650,Q0,FT941-16080,411,4960.898749999996,borda
650,Q0,LA110489-0100,412,4947.938749999994,borda
650,Q0,LA101990-0051,413,4912.054999999995,borda
650,Q0,FT944-10779,414,4907.456249999995,borda
650,Q0,LA103190-0121,415,4900.977499999995,borda
650,Q0,FT924-9475,416,4893.673749999994,borda
650,Q0,LA061289-0064,417,4892.472499999996,borda
650,Q0,LA100689-0052,418,4887.846249999994,borda
650,Q0,FT944-12386,419,4868.988749999995,borda
650,Q0,FT923-13699,420,4867.014999999993,borda
650,Q0,LA102889-0021,421,4859.788749999996,borda
650,Q0,LA052389-0171,422,4854.7637499999955,borda
650,Q0,LA092790-0218,423,4837.1387499999955,borda
650,Q0,FT924-10193,424,4830.371249999994,borda
650,Q0,LA041289-0051,425,4824.122499999995,borda
650,Q0,FBIS3-59223,426,4797.036249999995,borda
650,Q0,FT932-15115,427,4775.538749999994,borda
650,Q0,FBIS4-50979,428,4769.728749999996,borda
650,Q0,LA080990-0217,429,4766.043749999995,borda
650,Q0,LA100489-0025,430,4764.084999999995,borda
650,Q0,LA080490-0145,431,4762.797499999995,borda
650,Q0,LA042389-0164,432,4743.307499999996,borda
650,Q0,LA111790-0113,433,4737.903749999995,borda
650,Q0,LA042789-0154,434,4719.886249999995,borda
650,Q0,FT931-11799,435,4712.768749999995,borda
650,Q0,LA041989-0156,436,4710.254999999996,borda
650,Q0,LA082589-0090,437,4710.087499999995,borda
650,Q0,LA061490-0067,438,4705.663749999994,borda
650,Q0,LA050589-0102,439,4704.731249999995,borda
650,Q0,FT944-12692,440,4696.998749999995,borda
650,Q0,FT933-229,441,4656.541249999996,borda
650,Q0,FBIS4-11583,442,4645.939999999995,borda
650,Q0,FBIS3-10385,443,4634.766249999995,borda
650,Q0,LA090989-0057,444,4613.087499999995,borda
650,Q0,LA100590-0121,445,4608.083749999994,borda
650,Q0,LA101790-0125,446,4606.953749999995,borda
650,Q0,LA121989-0065,447,4600.318749999996,borda
650,Q0,LA080389-0183,448,4597.992499999996,borda
650,Q0,LA081289-0066,449,4593.361249999995,borda
650,Q0,LA111089-0164,450,4582.166249999994,borda
650,Q0,LA091589-0118,451,4580.031249999995,borda
650,Q0,LA110190-0096,452,4572.088749999995,borda
650,Q0,LA042090-0179,453,4564.599999999994,borda
650,Q0,FT923-14878,454,4552.766249999996,borda
650,Q0,LA051890-0045,455,4550.4999999999945,borda
650,Q0,LA121389-0075,456,4542.486249999995,borda
650,Q0,LA091589-0109,457,4525.144999999995,borda
650,Q0,LA041289-0010,458,4524.979999999994,borda
650,Q0,LA012689-0139,459,4521.636249999996,borda
650,Q0,LA082089-0179,460,4510.8612499999945,borda
650,Q0,LA042789-0218,461,4506.812499999995,borda
650,Q0,FT933-6681,462,4481.108749999997,borda
650,Q0,LA011989-0144,463,4474.974999999996,borda
650,Q0,LA121989-0127,464,4473.308749999995,borda
650,Q0,FBIS3-3018,465,4446.463749999996,borda
650,Q0,FT922-13597,466,4445.954999999995,borda
650,Q0,LA061490-0234,467,4441.764999999994,borda
650,Q0,FBIS3-51662,468,4438.9462499999945,borda
650,Q0,FBIS4-44461,469,4420.611249999997,borda
650,Q0,LA050389-0099,470,4397.794999999995,borda
650,Q0,FT922-2369,471,4395.311249999995,borda
650,Q0,LA041189-0152,472,4394.697499999996,borda
650,Q0,LA012789-0140,473,4390.702499999996,borda
650,Q0,LA010489-0068,474,4385.894999999995,borda
650,Q0,LA082989-0151,475,4382.163749999996,borda
650,Q0,FT934-10278,476,4379.962499999995,borda
650,Q0,LA051690-0012,477,4344.121249999996,borda
650,Q0,FBIS3-26872,478,4320.526249999994,borda
650,Q0,LA101190-0224,479,4312.896249999995,borda
650,Q0,FT922-6850,480,4305.478749999996,borda
650,Q0,FT942-4386,481,4297.4824999999955,borda
650,Q0,LA052589-0073,482,4296.263749999994,borda
650,Q0,FT924-11752,483,4292.909999999996,borda
650,Q0,FT911-576,484,4292.024999999996,borda
650,Q0,LA083089-0044,485,4276.519999999998,borda
650,Q0,FT931-6830,486,4275.104999999996,borda
650,Q0,LA092190-0172,487,4274.259999999997,borda
650,Q0,LA072990-0057,488,4256.428749999996,borda
650,Q0,FBIS4-25002,489,4249.2899999999945,borda
650,Q0,LA081989-0094,490,4245.083749999997,borda
650,Q0,FBIS3-2296,491,4231.004999999995,borda
650,Q0,LA100590-0122,492,4227.776249999996,borda
650,Q0,LA111489-0067,493,4214.702499999996,borda
650,Q0,FT923-2406,494,4209.662499999995,borda
650,Q0,LA061089-0004,495,4202.1387499999955,borda
650,Q0,LA101289-0021,496,4197.588749999997,borda
650,Q0,LA092889-0142,497,4177.814999999995,borda
650,Q0,FBIS3-20869,498,4172.563749999996,borda
650,Q0,FT934-4875,499,4170.791249999995,borda
650,Q0,LA011190-0030,500,4159.178749999996,borda
650,Q0,FT923-7088,501,4157.936249999996,borda
650,Q0,FT933-11327,502,4155.896249999994,borda
650,Q0,FT943-16330,503,4150.977499999995,borda
650,Q0,LA081989-0118,504,4132.979999999996,borda
650,Q0,LA121990-0025,505,4131.074999999995,borda
650,Q0,FBIS4-50993,506,4125.806249999996,borda
650,Q0,FT924-9107,507,4105.568749999995,borda
650,Q0,FBIS3-2089,508,4104.738749999997,borda
650,Q0,LA093089-0069,509,4094.897499999997,borda
650,Q0,FBIS4-49289,510,4082.722499999996,borda
650,Q0,LA121289-0100,511,4042.2199999999953,borda
650,Q0,LA032290-0034,512,4038.318749999995,borda
650,Q0,LA101990-0050,513,4036.1949999999956,borda
650,Q0,LA062589-0141,514,4034.054999999997,borda
650,Q0,LA032190-0079,515,4018.5949999999953,borda
650,Q0,LA071190-0099,516,4011.819999999996,borda
650,Q0,LA070889-0013,517,4010.661249999996,borda
650,Q0,LA010790-0228,518,4001.7799999999943,borda
650,Q0,FT931-8545,519,3998.981249999996,borda
650,Q0,FBIS3-10897,520,3996.5849999999973,borda
650,Q0,LA091890-0125,521,3990.423749999996,borda
650,Q0,LA040890-0157,522,3983.8087499999956,borda
650,Q0,LA082389-0039,523,3980.8549999999946,borda
650,Q0,LA011090-0017,524,3968.776249999997,borda
650,Q0,LA110789-0103,525,3964.9612499999957,borda
650,Q0,FT933-10057,526,3949.239999999998,borda
650,Q0,LA042189-0042,527,3943.949999999996,borda
650,Q0,LA062889-0089,528,3932.0537499999964,borda
650,Q0,LA071990-0062,529,3923.1774999999957,borda
650,Q0,LA120590-0022,530,3922.8012499999973,borda
650,Q0,LA092889-0160,531,3920.279999999997,borda
650,Q0,LA062389-0131,532,3920.248749999996,borda
650,Q0,LA072790-0046,533,3919.6524999999956,borda
650,Q0,LA102690-0053,534,3898.5637499999966,borda
650,Q0,LA111690-0009,535,3880.869999999997,borda
650,Q0,LA071390-0101,536,3878.7324999999964,borda
650,Q0,LA082389-0149,537,3876.6512499999967,borda
650,Q0,FBIS4-67323,538,3872.8912499999947,borda
650,Q0,LA071290-0123,539,3838.974999999996,borda
650,Q0,FT922-6867,540,3822.5624999999973,borda
650,Q0,FT944-6042,541,3815.2437499999974,borda
650,Q0,FT942-8081,542,3810.1662499999975,borda
650,Q0,LA031490-0027,543,3808.701249999998,borda
650,Q0,LA102589-0064,544,3796.476249999996,borda
650,Q0,LA100489-0054,545,3780.1887499999966,borda
650,Q0,FT932-876,546,3780.163749999997,borda
650,Q0,LA100690-0105,547,3766.4524999999967,borda
650,Q0,LA073089-0109,548,3742.1387499999964,borda
650,Q0,LA051690-0108,549,3732.828749999995,borda
650,Q0,FT944-5723,550,3731.4374999999973,borda
650,Q0,LA032290-0104,551,3727.012499999996,borda
650,Q0,FT931-4882,552,3724.1874999999964,borda
650,Q0,FT933-12860,553,3722.967499999996,borda
650,Q0,LA021790-0081,554,3715.6937499999963,borda
650,Q0,FT923-15404,555,3712.571249999996,borda
650,Q0,FT923-1442,556,3704.8849999999948,borda
650,Q0,FBIS3-30031,557,3699.046249999997,borda
650,Q0,LA022590-0191,558,3698.517499999995,borda
650,Q0,LA040489-0112,559,3692.9162499999975,borda
650,Q0,LA020990-0086,560,3687.4874999999956,borda
650,Q0,FBIS3-38571,561,3679.7612499999973,borda
650,Q0,FT942-11589,562,3676.3487499999974,borda
650,Q0,LA020989-0166,563,3667.2049999999954,borda
650,Q0,LA073089-0186,564,3666.9387499999966,borda
650,Q0,FT942-6116,565,3661.8962499999957,borda
650,Q0,FT944-4817,566,3657.3237499999973,borda
650,Q0,LA091890-0106,567,3655.6749999999965,borda
650,Q0,FBIS4-1651,568,3651.772499999997,borda
650,Q0,FBIS4-10957,569,3619.7224999999967,borda
650,Q0,LA061689-0125,570,3619.694999999996,borda
650,Q0,FT942-8547,571,3617.181249999998,borda
650,Q0,FBIS3-59279,572,3610.9624999999974,borda
650,Q0,LA112289-0035,573,3609.5712499999972,borda
650,Q0,LA012889-0028,574,3596.064999999995,borda
650,Q0,FT922-3845,575,3595.856249999996,borda
650,Q0,FBIS4-63623,576,3584.7024999999967,borda
650,Q0,LA052489-0079,577,3584.6849999999977,borda
650,Q0,LA020190-0217,578,3572.6074999999964,borda
650,Q0,FR940407-2-00136,579,3572.0524999999957,borda
650,Q0,LA120490-0124,580,3560.5187499999956,borda
650,Q0,LA063090-0101,581,3559.4662499999968,borda
650,Q0,FT942-5980,582,3559.0299999999957,borda
650,Q0,LA090889-0024,583,3551.0424999999973,borda
650,Q0,FT931-14030,584,3549.448749999996,borda
650,Q0,LA041290-0084,585,3546.179999999996,borda
650,Q0,FT931-9617,586,3545.8687499999983,borda
650,Q0,LA041190-0023,587,3540.528749999996,borda
650,Q0,FBIS3-4161,588,3538.7199999999966,borda
650,Q0,LA090289-0059,589,3537.8849999999957,borda
650,Q0,LA051689-0046,590,3529.701249999996,borda
650,Q0,FT923-10482,591,3527.8587499999962,borda
650,Q0,FBIS3-3019,592,3526.709999999997,borda
650,Q0,FBIS4-5650,593,3525.542499999995,borda
650,Q0,LA011990-0095,594,3524.614999999996,borda
650,Q0,FT924-9435,595,3511.7749999999983,borda
650,Q0,FT943-10772,596,3505.837499999998,borda
650,Q0,LA032290-0231,597,3505.381249999997,borda
650,Q0,LA062790-0014,598,3504.9349999999968,borda
650,Q0,FBIS4-33560,599,3501.283749999997,borda
650,Q0,LA080989-0009,600,3493.9099999999976,borda
650,Q0,FT943-5551,601,3485.811249999997,borda
650,Q0,FT941-10094,602,3462.143749999997,borda
650,Q0,LA022089-0050,603,3456.2674999999967,borda
650,Q0,FT942-5097,604,3453.1237499999975,borda
650,Q0,FBIS3-45997,605,3450.606249999997,borda
650,Q0,LA022089-0091,606,3448.799999999997,borda
650,Q0,LA031690-0069,607,3447.472499999997,borda
650,Q0,FBIS3-29644,608,3433.8474999999967,borda
650,Q0,LA052289-0100,609,3420.7137499999967,borda
650,Q0,FT924-4745,610,3416.729999999998,borda
650,Q0,FT922-13977,611,3411.8574999999973,borda
650,Q0,LA100490-0094,612,3411.3449999999957,borda
650,Q0,LA032289-0153,613,3410.5337499999964,borda
650,Q0,FT933-594,614,3402.114999999996,borda
650,Q0,FT944-4855,615,3397.354999999998,borda
650,Q0,FT944-2836,616,3395.2074999999977,borda
650,Q0,LA012590-0153,617,3390.902499999997,borda
650,Q0,LA013190-0085,618,3381.6287499999958,borda
650,Q0,LA031390-0115,619,3373.2024999999962,borda
650,Q0,LA053190-0248,620,3372.4774999999977,borda
650,Q0,FT922-9616,621,3371.323749999998,borda
650,Q0,LA031789-0161,622,3353.119999999997,borda
650,Q0,LA071989-0125,623,3344.2537499999958,borda
650,Q0,FT931-11801,624,3329.759999999998,borda
650,Q0,LA112290-0164,625,3329.276249999998,borda
650,Q0,LA120589-0077,626,3317.7837499999973,borda
650,Q0,LA051190-0046,627,3317.466249999997,borda
650,Q0,LA083189-0186,628,3317.1112499999954,borda
650,Q0,LA120589-0142,629,3316.176249999997,borda
650,Q0,LA100489-0081,630,3316.0649999999982,borda
650,Q0,LA120590-0083,631,3315.3012499999977,borda
650,Q0,FT942-10382,632,3309.072499999998,borda
650,Q0,LA121989-0006,633,3300.2549999999965,borda
650,Q0,FT922-11743,634,3289.621249999997,borda
650,Q0,FT922-12727,635,3289.5249999999983,borda
650,Q0,LA102289-0192,636,3285.5599999999954,borda
650,Q0,FT934-12043,637,3279.633749999997,borda
650,Q0,FT933-8103,638,3278.9999999999977,borda
650,Q0,FT931-4802,639,3269.6037499999975,borda
650,Q0,LA101790-0033,640,3268.682499999997,borda
650,Q0,LA091189-0119,641,3264.591249999998,borda
650,Q0,LA050790-0046,642,3258.841249999998,borda
650,Q0,LA091790-0112,643,3251.963749999998,borda
650,Q0,LA031590-0239,644,3249.1724999999965,borda
650,Q0,LA080289-0094,645,3241.218749999997,borda
650,Q0,FBIS4-10915,646,3228.4224999999965,borda
650,Q0,FT931-3026,647,3222.094999999998,borda
650,Q0,LA031890-0185,648,3221.5062499999967,borda
650,Q0,FBIS4-6444,649,3216.7712499999957,borda
650,Q0,LA062990-0045,650,3213.9174999999977,borda
650,Q0,LA111690-0146,651,3213.7812499999964,borda
650,Q0,LA050890-0179,652,3213.2674999999977,borda
650,Q0,FT924-9298,653,3202.4474999999984,borda
650,Q0,LA071189-0125,654,3191.9624999999965,borda
650,Q0,LA083189-0180,655,3191.746249999999,borda
650,Q0,FT924-6063,656,3186.1062499999966,borda
650,Q0,FT922-12044,657,3175.052499999998,borda
650,Q0,FBIS3-50679,658,3173.7874999999963,borda
650,Q0,LA040190-0025,659,3171.022499999996,borda
650,Q0,FBIS4-47613,660,3165.6237499999984,borda
650,Q0,LA090589-0128,661,3160.137499999998,borda
650,Q0,LA102090-0055,662,3159.0749999999966,borda
650,Q0,LA052290-0012,663,3155.8749999999964,borda
650,Q0,FBIS3-60021,664,3147.5824999999963,borda
650,Q0,LA032790-0103,665,3139.7487499999966,borda
650,Q0,FT924-2718,666,3134.1087499999967,borda
650,Q0,LA062790-0145,667,3132.0449999999983,borda
650,Q0,FT943-13660,668,3128.0574999999976,borda
650,Q0,LA030589-0231,669,3123.3299999999986,borda
650,Q0,LA080790-0094,670,3113.639999999998,borda
650,Q0,LA102090-0064,671,3109.5674999999956,borda
650,Q0,LA122389-0107,672,3104.524999999997,borda
650,Q0,LA102990-0067,673,3098.6962499999977,borda
650,Q0,LA041390-0084,674,3088.376249999997,borda
650,Q0,LA091489-0196,675,3084.371249999998,borda
650,Q0,LA021389-0003,676,3079.8024999999984,borda
650,Q0,FT931-2375,677,3075.8499999999976,borda
650,Q0,LA022489-0170,678,3072.2674999999967,borda
650,Q0,LA102690-0132,679,3072.253749999998,borda
650,Q0,FBIS3-59362,680,3072.042499999997,borda
650,Q0,LA121490-0069,681,3067.5399999999963,borda
650,Q0,LA082589-0097,682,3065.9349999999963,borda
650,Q0,LA022889-0142,683,3055.8212499999972,borda
650,Q0,FT923-10216,684,3055.211249999997,borda
650,Q0,LA051890-0086,685,3054.854999999997,borda
650,Q0,LA112889-0078,686,3052.858749999998,borda
650,Q0,LA072089-0004,687,3051.4312499999983,borda
650,Q0,LA053089-0086,688,3039.444999999998,borda
650,Q0,LA041890-0002,689,3025.9399999999982,borda
650,Q0,FT933-12677,690,3024.7024999999967,borda
650,Q0,LA011190-0001,691,3022.3137499999984,borda
650,Q0,LA060189-0001,692,3009.3637499999963,borda
650,Q0,FT932-13042,693,2998.5862499999976,borda
650,Q0,LA091189-0110,694,2994.217499999996,borda
650,Q0,FT933-11346,695,2994.048749999998,borda
650,Q0,LA020390-0103,696,2985.7362499999963,borda
650,Q0,FT942-17091,697,2982.6862499999975,borda
650,Q0,FT933-15388,698,2980.3124999999964,borda
650,Q0,LA031390-0092,699,2979.961249999997,borda
650,Q0,FT934-10851,700,2973.8387499999985,borda
650,Q0,FBIS4-46845,701,2972.037499999997,borda
650,Q0,FT923-8742,702,2971.818749999998,borda
650,Q0,LA011789-0134,703,2968.8412499999968,borda
650,Q0,FT931-5141,704,2963.2737499999976,borda
650,Q0,LA061290-0032,705,2957.9874999999965,borda
650,Q0,LA041389-0074,706,2951.6287499999967,borda
650,Q0,LA102490-0052,707,2951.439999999998,borda
650,Q0,LA122790-0084,708,2944.236249999997,borda
650,Q0,LA052389-0145,709,2941.393749999998,borda
650,Q0,LA071590-0177,710,2935.109999999998,borda
650,Q0,LA033089-0140,711,2922.453749999997,borda
650,Q0,FT922-2757,712,2920.734999999996,borda
650,Q0,LA090889-0059,713,2920.5124999999975,borda
650,Q0,LA101189-0048,714,2920.352499999997,borda
650,Q0,FT944-3571,715,2916.361249999998,borda
650,Q0,LA091089-0123,716,2913.337499999997,borda
650,Q0,FT944-4829,717,2912.347499999998,borda
650,Q0,LA111189-0103,718,2910.138749999996,borda
650,Q0,LA081689-0002,719,2906.902499999998,borda
650,Q0,LA042590-0033,720,2905.5462499999967,borda
650,Q0,LA060990-0097,721,2903.8324999999973,borda
650,Q0,FT943-13664,722,2902.1774999999966,borda
650,Q0,LA072789-0006,723,2897.8737499999975,borda
650,Q0,FT921-10013,724,2894.8924999999977,borda
650,Q0,LA061190-0049,725,2893.8024999999975,borda
650,Q0,LA082290-0060,726,2879.3999999999983,borda
650,Q0,LA030589-0234,727,2872.739999999999,borda
650,Q0,LA091689-0063,728,2850.2637499999964,borda
650,Q0,LA070689-0167,729,2839.4374999999977,borda
650,Q0,LA013089-0010,730,2833.978749999998,borda
650,Q0,LA092890-0172,731,2819.1524999999965,borda
650,Q0,LA120190-0087,732,2817.718749999996,borda
650,Q0,LA092190-0178,733,2817.3799999999974,borda
650,Q0,FBIS3-50990,734,2813.562499999998,borda
650,Q0,LA110689-0109,735,2804.689999999998,borda
650,Q0,FT923-14125,736,2799.1749999999975,borda
650,Q0,FT933-4839,737,2798.1412499999983,borda
650,Q0,FT923-12551,738,2796.5337499999973,borda
650,Q0,LA012589-0141,739,2796.5149999999962,borda
650,Q0,FBIS3-50760,740,2794.202499999999,borda
650,Q0,LA051090-0231,741,2788.7712499999966,borda
650,Q0,LA103190-0086,742,2785.9599999999987,borda
650,Q0,FT942-117,743,2774.749999999998,borda
650,Q0,LA121289-0130,744,2762.964999999999,borda
650,Q0,FBIS3-18529,745,2758.9649999999983,borda
650,Q0,FT931-3047,746,2754.8799999999987,borda
650,Q0,LA042590-0017,747,2752.508749999997,borda
650,Q0,LA122789-0054,748,2750.9924999999976,borda
650,Q0,FBIS3-67,749,2750.0399999999995,borda
650,Q0,LA052389-0067,750,2746.9262499999973,borda
650,Q0,FBIS4-33117,751,2742.2412499999973,borda
650,Q0,LA120289-0072,752,2731.0224999999973,borda
650,Q0,LA052090-0020,753,2725.9649999999974,borda
650,Q0,LA031889-0096,754,2725.087499999999,borda
650,Q0,FT933-8482,755,2720.318749999997,borda
650,Q0,LA102290-0109,756,2714.159999999996,borda
650,Q0,LA082190-0111,757,2712.7662499999974,borda
650,Q0,LA050589-0094,758,2711.942499999997,borda
650,Q0,FBIS3-6884,759,2696.7649999999976,borda
650,Q0,LA030589-0233,760,2694.2374999999993,borda
650,Q0,LA090589-0057,761,2690.458749999998,borda
650,Q0,LA092090-0005,762,2686.062499999997,borda
650,Q0,LA010689-0158,763,2684.4162499999975,borda
650,Q0,LA040589-0019,764,2681.0524999999975,borda
650,Q0,LA021590-0221,765,2680.2437499999983,borda
650,Q0,LA110989-0128,766,2672.362499999998,borda
650,Q0,LA092989-0108,767,2667.686249999997,borda
650,Q0,FT943-12404,768,2666.963749999998,borda
650,Q0,FT922-2531,769,2666.7587499999972,borda
650,Q0,FT931-16050,770,2659.583749999998,borda
650,Q0,LA033090-0139,771,2659.1449999999977,borda
650,Q0,LA020690-0089,772,2658.6974999999966,borda
650,Q0,LA090589-0066,773,2657.706249999998,borda
650,Q0,FBIS3-32193,774,2650.172499999999,borda
650,Q0,FBIS4-23084,775,2649.9374999999986,borda
650,Q0,FBIS4-49108,776,2648.4262499999973,borda
650,Q0,LA072589-0005,777,2643.8349999999978,borda
650,Q0,FBIS3-29035,778,2642.382499999998,borda
650,Q0,LA103089-0087,779,2641.1249999999977,borda
650,Q0,FBIS3-20106,780,2635.4974999999968,borda
650,Q0,LA071090-0030,781,2632.3612499999986,borda
650,Q0,FBIS3-7592,782,2631.2649999999967,borda
650,Q0,FBIS3-20131,783,2630.436249999997,borda
650,Q0,LA080589-0103,784,2625.6699999999983,borda
650,Q0,FBIS4-42,785,2622.804999999999,borda
650,Q0,LA021589-0006,786,2621.8324999999986,borda
650,Q0,FBIS4-4743,787,2616.002499999997,borda
650,Q0,FT932-5714,788,2615.3662499999978,borda
650,Q0,FBIS3-28089,789,2615.0074999999965,borda
650,Q0,FT941-9634,790,2613.437499999998,borda
650,Q0,LA072689-0108,791,2593.958749999997,borda
650,Q0,FBIS4-49107,792,2593.5537499999987,borda
650,Q0,LA090190-0097,793,2591.2237499999983,borda
650,Q0,FBIS3-15299,794,2585.4887499999963,borda
650,Q0,FBIS3-50510,795,2572.2574999999997,borda
650,Q0,FBIS3-59363,796,2564.2737499999985,borda
650,Q0,LA011189-0097,797,2561.717499999997,borda
650,Q0,LA071289-0049,798,2556.5662499999967,borda
650,Q0,LA081190-0079,799,2553.737499999996,borda
650,Q0,LA091289-0085,800,2550.9899999999975,borda
650,Q0,FR941012-2-00137,801,2549.2499999999964,borda
650,Q0,LA062789-0058,802,2544.5199999999986,borda
650,Q0,FT944-7051,803,2534.622499999998,borda
650,Q0,FT934-12148,804,2534.5312499999973,borda
650,Q0,LA100490-0047,805,2532.6437499999965,borda
650,Q0,FT934-15748,806,2514.487499999998,borda
650,Q0,LA041390-0100,807,2513.8774999999973,borda
650,Q0,FT922-1125,808,2511.6962499999995,borda
650,Q0,LA041589-0031,809,2502.842499999997,borda
650,Q0,FBIS4-44407,810,2499.5287499999995,borda
650,Q0,FT931-15570,811,2498.8162499999994,borda
650,Q0,LA010490-0017,812,2493.916249999997,borda
650,Q0,FBIS3-7306,813,2492.156249999998,borda
650,Q0,FBIS4-3464,814,2491.5775,borda
650,Q0,FT944-3117,815,2489.5962499999982,borda
650,Q0,FBIS4-49123,816,2488.7987499999977,borda
650,Q0,LA021089-0102,817,2484.0287499999968,borda
650,Q0,LA100590-0037,818,2480.7024999999962,borda
650,Q0,FT931-8719,819,2480.0599999999986,borda
650,Q0,LA120590-0029,820,2475.5862499999985,borda
650,Q0,LA011690-0102,821,2474.8662499999978,borda
650,Q0,LA033089-0031,822,2472.0687499999967,borda
650,Q0,LA080190-0056,823,2471.477499999998,borda
650,Q0,LA080989-0042,824,2468.9462499999986,borda
650,Q0,LA020489-0032,825,2467.212499999997,borda
650,Q0,FBIS3-10065,826,2460.758749999999,borda
650,Q0,FT922-13173,827,2452.594999999997,borda
650,Q0,FT923-13912,828,2451.644999999998,borda
650,Q0,FBIS4-45041,829,2448.225,borda
650,Q0,LA033190-0070,830,2446.3137499999975,borda
650,Q0,FT944-6003,831,2444.793749999998,borda
650,Q0,LA021590-0218,832,2444.2987499999986,borda
650,Q0,FBIS3-57914,833,2438.5599999999986,borda
650,Q0,FBIS4-47609,834,2437.2312499999994,borda
650,Q0,FT923-9311,835,2436.3024999999975,borda
650,Q0,FBIS4-68893,836,2434.5312499999995,borda
650,Q0,LA041389-0011,837,2434.0812499999984,borda
650,Q0,FBIS4-50133,838,2432.4487499999996,borda
650,Q0,LA092590-0024,839,2430.9749999999967,borda
650,Q0,LA010490-0203,840,2427.2437499999974,borda
650,Q0,FBIS4-66298,841,2423.0149999999994,borda
650,Q0,LA101289-0018,842,2420.4237499999967,borda
650,Q0,LA102289-0171,843,2414.788749999999,borda
650,Q0,LA090589-0076,844,2414.5137499999964,borda
650,Q0,FT921-11115,845,2398.6212499999983,borda
650,Q0,LA020490-0122,846,2396.642499999998,borda
650,Q0,LA092390-0204,847,2395.6787499999978,borda
650,Q0,LA101289-0153,848,2394.7699999999973,borda
650,Q0,FBIS3-59294,849,2394.2474999999986,borda
650,Q0,FBIS4-68533,850,2390.0324999999993,borda
650,Q0,LA071589-0045,851,2388.7012499999973,borda
650,Q0,LA011489-0044,852,2384.1649999999977,borda
650,Q0,LA061089-0068,853,2383.2024999999976,borda
650,Q0,LA060189-0096,854,2381.8199999999974,borda
650,Q0,FT933-9670,855,2379.87625,borda
650,Q0,FT931-3052,856,2357.75875,borda
650,Q0,LA082590-0021,857,2353.0912499999986,borda
650,Q0,LA112890-0090,858,2348.0887499999994,borda
650,Q0,FT944-5432,859,2336.2862499999983,borda
650,Q0,FBIS4-65230,860,2334.9237499999986,borda
650,Q0,FBIS4-23089,861,2330.115,borda
650,Q0,FT942-7607,862,2315.3462499999982,borda
650,Q0,FBIS3-24678,863,2314.9512499999996,borda
650,Q0,LA032889-0099,864,2312.841249999998,borda
650,Q0,FBIS4-47629,865,2311.7262499999997,borda
650,Q0,FBIS3-23,866,2307.43,borda
650,Q0,LA110290-0122,867,2305.6099999999983,borda
650,Q0,LA062390-0123,868,2304.5037499999976,borda
650,Q0,FT932-16884,869,2303.599999999999,borda
650,Q0,LA012689-0138,870,2300.7637499999983,borda
650,Q0,LA072890-0062,871,2299.5062499999995,borda
650,Q0,LA102189-0092,872,2299.504999999997,borda
650,Q0,FBIS4-67154,873,2294.1274999999964,borda
650,Q0,FBIS3-43160,874,2294.06875,borda
650,Q0,FBIS3-43214,875,2291.40875,borda
650,Q0,FBIS4-56947,876,2288.8824999999965,borda
650,Q0,FT931-8105,877,2288.4887499999995,borda
650,Q0,LA031589-0088,878,2275.8499999999976,borda
650,Q0,FT944-6219,879,2271.7724999999996,borda
650,Q0,LA021290-0124,880,2268.139999999998,borda
650,Q0,FT921-8679,881,2263.7312499999975,borda
650,Q0,LA092690-0115,882,2261.7862499999983,borda
650,Q0,FBIS3-50817,883,2248.1637499999997,borda
650,Q0,FT922-7809,884,2246.0287499999977,borda
650,Q0,LA100390-0044,885,2245.2687499999975,borda
650,Q0,FT921-14230,886,2245.1087499999985,borda
650,Q0,FT921-4035,887,2243.8675,borda
650,Q0,FBIS3-20567,888,2243.8287499999997,borda
650,Q0,LA050489-0224,889,2242.467499999997,borda
650,Q0,FBIS3-40497,890,2238.08375,borda
650,Q0,FBIS3-59309,891,2237.58625,borda
650,Q0,FBIS4-47046,892,2236.257499999998,borda
650,Q0,LA091989-0108,893,2234.8249999999985,borda
650,Q0,FT931-8549,894,2233.8112499999997,borda
650,Q0,FT932-2580,895,2227.656249999999,borda
650,Q0,LA051189-0081,896,2225.551249999999,borda
650,Q0,FBIS4-27483,897,2224.6837499999992,borda
650,Q0,FBIS3-43142,898,2222.8325,borda
650,Q0,LA013089-0053,899,2220.277499999998,borda
650,Q0,FBIS3-43196,900,2220.1725,borda
650,Q0,FT943-2817,901,2212.3562499999975,borda
650,Q0,FBIS4-4397,902,2210.4599999999978,borda
650,Q0,FT932-14992,903,2209.089999999998,borda
650,Q0,FBIS3-60279,904,2208.309999999999,borda
650,Q0,FBIS3-8746,905,2200.6262499999975,borda
650,Q0,LA081889-0140,906,2198.7837499999982,borda
650,Q0,FT944-6228,907,2195.68125,borda
650,Q0,LA032490-0015,908,2189.237499999998,borda
650,Q0,LA110790-0168,909,2186.516249999997,borda
650,Q0,FT943-7559,910,2179.6512499999985,borda
650,Q0,FBIS4-31028,911,2175.69375,borda
650,Q0,FT933-10873,912,2172.3487499999965,borda
650,Q0,LA091289-0146,913,2168.8362499999976,borda
650,Q0,FBIS3-26,914,2168.13875,borda
650,Q0,FT943-11073,915,2160.4275,borda
650,Q0,FT911-4753,916,2151.535,borda
650,Q0,LA081790-0115,917,2151.414999999998,borda
650,Q0,FT921-1188,918,2145.3687499999983,borda
650,Q0,FT933-6679,919,2143.992499999999,borda
650,Q0,FT943-3037,920,2137.8637499999977,borda
650,Q0,FBIS4-68416,921,2133.57125,borda
650,Q0,LA040990-0035,922,2130.829999999998,borda
650,Q0,LA033090-0001,923,2125.421249999997,borda
650,Q0,LA021290-0122,924,2119.929999999999,borda
650,Q0,FT921-4577,925,2119.13875,borda
650,Q0,FT931-3368,926,2119.053749999998,borda
650,Q0,FT932-1371,927,2117.5974999999985,borda
650,Q0,FBIS4-9581,928,2115.7049999999995,borda
650,Q0,FBIS3-43120,929,2114.6775,borda
650,Q0,FBIS3-22998,930,2113.8624999999975,borda
650,Q0,FBIS3-43174,931,2112.0175,borda
650,Q0,FT931-3048,932,2111.65625,borda
650,Q0,FBIS4-56568,933,2110.5575000000003,borda
650,Q0,LA051090-0161,934,2106.937499999999,borda
650,Q0,FT932-6580,935,2106.604999999999,borda
650,Q0,LA030190-0137,936,2103.1037499999984,borda
650,Q0,FT931-3011,937,2095.685,borda
650,Q0,LA091490-0082,938,2093.5662499999985,borda
650,Q0,LA102189-0077,939,2092.5887499999976,borda
650,Q0,LA110389-0075,940,2091.956249999998,borda
650,Q0,FT921-4016,941,2087.2725,borda
650,Q0,LA012390-0086,942,2085.8662499999973,borda
650,Q0,FBIS3-24068,943,2083.04375,borda
650,Q0,FBIS3-24656,944,2080.1112499999995,borda
650,Q0,FBIS3-43132,945,2079.743749999998,borda
650,Q0,FBIS3-49138,946,2076.7374999999975,borda
650,Q0,FBIS3-43186,947,2075.197499999998,borda
650,Q0,LA030290-0111,948,2074.516249999998,borda
650,Q0,FBIS3-7408,949,2074.356249999999,borda
650,Q0,FBIS3-49095,950,2070.0412499999975,borda
650,Q0,FT934-5058,951,2069.1425000000004,borda
650,Q0,LA071790-0030,952,2068.7637499999996,borda
650,Q0,FT921-6371,953,2065.7562499999985,borda
650,Q0,FT932-5458,954,2065.7399999999993,borda
650,Q0,FT933-8391,955,2065.0674999999987,borda
650,Q0,FT923-10458,956,2062.653749999998,borda
650,Q0,LA090189-0136,957,2057.7399999999975,borda
650,Q0,FBIS3-57876,958,2052.2737499999985,borda
650,Q0,FT932-9279,959,2050.8287499999997,borda
650,Q0,FBIS4-50446,960,2048.2,borda
650,Q0,FT931-9658,961,2045.568749999999,borda
650,Q0,FBIS4-22319,962,2033.3549999999987,borda
650,Q0,LA092390-0224,963,2031.7462499999979,borda
650,Q0,FBIS3-3715,964,2031.7287499999975,borda
650,Q0,LA122689-0073,965,2028.992499999997,borda
650,Q0,FT911-3405,966,2024.5074999999974,borda
650,Q0,FT943-6926,967,2022.242499999997,borda
650,Q0,FBIS3-20416,968,2022.1387499999983,borda
650,Q0,LA071590-0078,969,2021.0649999999976,borda
650,Q0,FT943-6725,970,2020.6037499999968,borda
650,Q0,LA092290-0106,971,2020.0337499999987,borda
650,Q0,LA053190-0137,972,2010.7224999999987,borda
650,Q0,LA061589-0168,973,2009.8312499999975,borda
650,Q0,FT931-15308,974,2008.3787499999983,borda
650,Q0,FBIS4-10944,975,2005.6149999999982,borda
650,Q0,FBIS3-47483,976,2003.1162499999982,borda
650,Q0,FT933-1415,977,2001.3512499999986,borda
650,Q0,FT921-4011,978,1994.5262499999983,borda
650,Q0,FBIS3-61321,979,1994.4199999999985,borda
650,Q0,FBIS4-2931,980,1992.4812499999985,borda
650,Q0,LA052590-0119,981,1991.166249999998,borda
650,Q0,FBIS4-29,982,1988.7462499999983,borda
650,Q0,FT934-5048,983,1988.5024999999987,borda
650,Q0,FT931-3033,984,1985.4549999999986,borda
650,Q0,LA010789-0074,985,1981.447499999998,borda
650,Q0,LA092889-0175,986,1981.0824999999973,borda
650,Q0,FBIS3-59341,987,1978.2949999999985,borda
650,Q0,LA012389-0002,988,1978.0774999999976,borda
650,Q0,FT931-8466,989,1977.634999999998,borda
650,Q0,LA121890-0104,990,1968.276249999998,borda
650,Q0,LA040990-0073,991,1960.4049999999977,borda
650,Q0,FT932-6640,992,1960.3812499999988,borda
650,Q0,LA102289-0091,993,1958.3924999999977,borda
650,Q0,FBIS4-23131,994,1956.7987499999986,borda
650,Q0,FBIS3-6977,995,1953.4674999999986,borda
650,Q0,FT934-15096,996,1949.9649999999972,borda
650,Q0,FBIS4-68423,997,1946.444999999998,borda
650,Q0,FT932-9545,998,1945.6724999999988,borda
650,Q0,FBIS4-30407,999,1944.7937499999985,borda
650,Q0,LA033090-0069,1000,1942.3387499999978,borda
