query,q0,docid,rank,score,system
154,Q0,DOE1-65-1069,1,12.665275580008506,minmaxnorm
154,Q0,AP890510-0036,2,12.439812322788864,minmaxnorm
154,Q0,AP890718-0177,3,12.439792584665842,minmaxnorm
154,Q0,AP890510-0039,4,12.250018119619819,minmaxnorm
154,Q0,AP890914-0039,5,12.076866219460133,minmaxnorm
154,Q0,AP890328-0022,6,11.550422789967792,minmaxnorm
154,Q0,AP890624-0116,7,11.237083568424481,minmaxnorm
154,Q0,AP890113-0234,8,10.918216317917615,minmaxnorm
154,Q0,AP890625-0011,9,10.895415838583494,minmaxnorm
154,Q0,AP890626-0153,10,10.8656453078309,minmaxnorm
154,Q0,AP890912-0169,11,10.701370453645376,minmaxnorm
154,Q0,AP890326-0061,12,10.655266130195479,minmaxnorm
154,Q0,WSJ890807-0098,13,10.503438892577885,minmaxnorm
154,Q0,AP890627-0023,14,10.487348369090569,minmaxnorm
154,Q0,DOE2-37-0759,15,10.425738063930561,minmaxnorm
154,Q0,AP890329-0175,16,10.396397335721,minmaxnorm
154,Q0,AP890509-0277,17,10.20731693761942,minmaxnorm
154,Q0,AP890627-0018,18,9.872075523070826,minmaxnorm
154,Q0,AP890408-0063,19,9.868846503629573,minmaxnorm
154,Q0,AP890805-0029,20,9.789444781324178,minmaxnorm
154,Q0,WSJ911029-0109,21,9.505010722155772,minmaxnorm
154,Q0,AP890406-0246,22,9.493446263128314,minmaxnorm
154,Q0,AP890626-0142,23,9.375511146394095,minmaxnorm
154,Q0,DOE1-26-0141,24,9.29839497894146,minmaxnorm
154,Q0,DOE2-54-0625,25,9.188342436239228,minmaxnorm
154,Q0,DOE2-30-0655,26,9.142342607190088,minmaxnorm
154,Q0,AP890620-0155,27,9.14048982058641,minmaxnorm
154,Q0,AP890328-0072,28,9.094969483525935,minmaxnorm
154,Q0,AP890128-0135,29,9.00414527035516,minmaxnorm
154,Q0,AP890913-0042,30,8.985262153077782,minmaxnorm
154,Q0,AP890325-0143,31,8.90135832314312,minmaxnorm
154,Q0,AP890517-0072,32,8.887148448094553,minmaxnorm
154,Q0,AP890418-0193,33,8.86822022955845,minmaxnorm
154,Q0,AP890718-0241,34,8.856217604638722,minmaxnorm
154,Q0,WSJ910905-0114,35,8.798681642237508,minmaxnorm
154,Q0,WSJ900619-0004,36,8.786297176639248,minmaxnorm
154,Q0,DOE2-33-0917,37,8.776056719116438,minmaxnorm
154,Q0,AP890327-0116,38,8.748587672842106,minmaxnorm
154,Q0,AP890626-0129,39,8.727409518157828,minmaxnorm
154,Q0,AP890906-0022,40,8.720574456443435,minmaxnorm
154,Q0,AP890519-0229,41,8.688819046228263,minmaxnorm
154,Q0,AP890628-0209,42,8.630630799236213,minmaxnorm
154,Q0,AP891018-0054,43,8.577963235526838,minmaxnorm
154,Q0,WSJ890808-0077,44,8.554013925701073,minmaxnorm
154,Q0,AP890624-0120,45,8.480489364735027,minmaxnorm
154,Q0,WSJ891010-0016,46,8.461796524776961,minmaxnorm
154,Q0,AP890410-0118,47,8.448743904956913,minmaxnorm
154,Q0,AP890519-0164,48,8.31808310372126,minmaxnorm
154,Q0,AP890729-0125,49,8.253568481854648,minmaxnorm
154,Q0,AP891115-0267,50,8.249628618665222,minmaxnorm
154,Q0,WSJ900613-0035,51,8.248471777097864,minmaxnorm
154,Q0,AP890401-0089,52,8.242391363905114,minmaxnorm
154,Q0,AP891205-0199,53,8.232701655621192,minmaxnorm
154,Q0,AP890624-0121,54,8.21882882984417,minmaxnorm
154,Q0,AP890728-0229,55,8.216300542337507,minmaxnorm
154,Q0,WSJ910705-0069,56,8.201011385703742,minmaxnorm
154,Q0,WSJ890915-0006,57,8.190304313898237,minmaxnorm
154,Q0,AP890419-0085,58,8.150655873838208,minmaxnorm
154,Q0,AP890404-0068,59,8.128995260796312,minmaxnorm
154,Q0,AP890414-0224,60,8.059430703991813,minmaxnorm
154,Q0,WSJ910319-0033,61,8.039254348745754,minmaxnorm
154,Q0,AP890429-0124,62,7.982863228001802,minmaxnorm
154,Q0,AP890830-0008,63,7.960694896770607,minmaxnorm
154,Q0,DOE1-40-0286,64,7.958747990621004,minmaxnorm
154,Q0,AP890909-0104,65,7.950736761218356,minmaxnorm
154,Q0,WSJ890811-0045,66,7.944738520593169,minmaxnorm
154,Q0,AP890403-0044,67,7.9253759886295,minmaxnorm
154,Q0,AP890715-0012,68,7.87918045347293,minmaxnorm
154,Q0,DOE1-29-0048,69,7.825146547011279,minmaxnorm
154,Q0,WSJ910410-0063,70,7.7756092141722455,minmaxnorm
154,Q0,WSJ880115-0116,71,7.764662776333215,minmaxnorm
154,Q0,AP890901-0075,72,7.757105216671947,minmaxnorm
154,Q0,AP891012-0253,73,7.709033706250656,minmaxnorm
154,Q0,ZF207-661-798,74,7.7067281943785515,minmaxnorm
154,Q0,AP880916-0241,75,7.684492127032167,minmaxnorm
154,Q0,AP890414-0235,76,7.676440512204953,minmaxnorm
154,Q0,AP890713-0247,77,7.671597176776783,minmaxnorm
154,Q0,AP890711-0221,78,7.65620972068132,minmaxnorm
154,Q0,WSJ900413-0099,79,7.646469384719049,minmaxnorm
154,Q0,AP890407-0045,80,7.632606893598329,minmaxnorm
154,Q0,AP890404-0090,81,7.622380926598469,minmaxnorm
154,Q0,AP890524-0196,82,7.596037684379506,minmaxnorm
154,Q0,AP890816-0057,83,7.586678157429992,minmaxnorm
154,Q0,AP890512-0248,84,7.572777319840632,minmaxnorm
154,Q0,AP890303-0137,85,7.5636216888138685,minmaxnorm
154,Q0,DOE1-76-0098,86,7.561073654052132,minmaxnorm
154,Q0,AP880628-0027,87,7.541802900303669,minmaxnorm
154,Q0,AP890327-0238,88,7.500209361726618,minmaxnorm
154,Q0,AP890626-0097,89,7.49416730196083,minmaxnorm
154,Q0,AP890719-0089,90,7.467077855552668,minmaxnorm
154,Q0,AP890625-0047,91,7.464870717515466,minmaxnorm
154,Q0,WSJ880629-0100,92,7.443067492050472,minmaxnorm
154,Q0,DOE1-23-0230,93,7.352990643486869,minmaxnorm
154,Q0,AP890327-0226,94,7.3461371371996735,minmaxnorm
154,Q0,AP890311-0121,95,7.328274416524418,minmaxnorm
154,Q0,WSJ900907-0086,96,7.326736285709518,minmaxnorm
154,Q0,WSJ910117-0021,97,7.2295527091185185,minmaxnorm
154,Q0,AP880811-0219,98,7.213670745973908,minmaxnorm
154,Q0,ZF207-190-134,99,7.201636987080277,minmaxnorm
154,Q0,AP890508-0291,100,7.151409849385031,minmaxnorm
154,Q0,AP890906-0197,101,7.137065110511301,minmaxnorm
154,Q0,WSJ900612-0001,102,7.1356739109276335,minmaxnorm
154,Q0,AP891129-0272,103,7.131232893935938,minmaxnorm
154,Q0,DOE2-40-0392,104,7.12630762019228,minmaxnorm
154,Q0,WSJ900612-0039,105,7.073398407730485,minmaxnorm
154,Q0,AP890523-0247,106,7.065716061687361,minmaxnorm
154,Q0,WSJ900417-0072,107,7.038113168554051,minmaxnorm
154,Q0,DOE2-30-0985,108,7.019149903369163,minmaxnorm
154,Q0,AP880627-0152,109,7.017584833169821,minmaxnorm
154,Q0,ZF207-424-988,110,7.006062593324954,minmaxnorm
154,Q0,AP890624-0021,111,6.989258042870286,minmaxnorm
154,Q0,AP890711-0124,112,6.989216797366299,minmaxnorm
154,Q0,WSJ891009-0059,113,6.95865985905876,minmaxnorm
154,Q0,AP890421-0236,114,6.94176257878174,minmaxnorm
154,Q0,WSJ910128-0047,115,6.940966645603919,minmaxnorm
154,Q0,AP890629-0164,116,6.9373712196592345,minmaxnorm
154,Q0,AP890325-0030,117,6.934001991637847,minmaxnorm
154,Q0,AP890714-0192,118,6.930647171007419,minmaxnorm
154,Q0,AP890621-0146,119,6.922157975758079,minmaxnorm
154,Q0,AP880915-0155,120,6.898447739436061,minmaxnorm
154,Q0,AP890330-0206,121,6.8965277203481286,minmaxnorm
154,Q0,WSJ910220-0007,122,6.879497566625459,minmaxnorm
154,Q0,WSJ900719-0046,123,6.87552690641072,minmaxnorm
154,Q0,AP890914-0206,124,6.863805754970372,minmaxnorm
154,Q0,AP890630-0041,125,6.8519517054486645,minmaxnorm
154,Q0,WSJ910125-0047,126,6.835813643031693,minmaxnorm
154,Q0,AP890407-0244,127,6.829933423544757,minmaxnorm
154,Q0,WSJ880114-0016,128,6.823938967060744,minmaxnorm
154,Q0,DOE1-43-0782,129,6.811902783444077,minmaxnorm
154,Q0,AP890509-0152,130,6.80386250177469,minmaxnorm
154,Q0,AP890404-0143,131,6.785305570288779,minmaxnorm
154,Q0,WSJ910129-0015,132,6.78291149205276,minmaxnorm
154,Q0,AP890407-0140,133,6.780950990912174,minmaxnorm
154,Q0,DOE2-40-1090,134,6.777085676912177,minmaxnorm
154,Q0,AP890520-0019,135,6.762151450036013,minmaxnorm
154,Q0,AP891104-0051,136,6.717437279453454,minmaxnorm
154,Q0,FR88725-0063,137,6.716659341103,minmaxnorm
154,Q0,WSJ910722-0089,138,6.715470488592761,minmaxnorm
154,Q0,AP891107-0205,139,6.709158760348265,minmaxnorm
154,Q0,WSJ900507-0069,140,6.7089433525809925,minmaxnorm
154,Q0,AP890624-0062,141,6.701665339302028,minmaxnorm
154,Q0,AP890327-0092,142,6.687080693453536,minmaxnorm
154,Q0,WSJ900801-0059,143,6.652956005220637,minmaxnorm
154,Q0,AP890425-0303,144,6.632378066560132,minmaxnorm
154,Q0,AP890622-0203,145,6.625063608703809,minmaxnorm
154,Q0,WSJ880112-0002,146,6.606741934949883,minmaxnorm
154,Q0,ZF207-275-142,147,6.5780062089017335,minmaxnorm
154,Q0,AP890329-0107,148,6.560582235223855,minmaxnorm
154,Q0,WSJ900629-0050,149,6.544817562617982,minmaxnorm
154,Q0,WSJ900730-0058,150,6.536444534828528,minmaxnorm
154,Q0,DOE1-34-0840,151,6.529052984571745,minmaxnorm
154,Q0,WSJ900803-0065,152,6.477869350969949,minmaxnorm
154,Q0,AP890511-0283,153,6.455871352616409,minmaxnorm
154,Q0,AP890418-0228,154,6.452960046813845,minmaxnorm
154,Q0,AP891108-0197,155,6.447948613324536,minmaxnorm
154,Q0,AP880521-0183,156,6.431401306268292,minmaxnorm
154,Q0,WSJ900727-0077,157,6.425254169889834,minmaxnorm
154,Q0,WSJ891002-0039,158,6.411824535561111,minmaxnorm
154,Q0,ZF207-406-226,159,6.397788627165885,minmaxnorm
154,Q0,DOE2-37-0757,160,6.388232475224312,minmaxnorm
154,Q0,AP890404-0141,161,6.3794375011428315,minmaxnorm
154,Q0,AP890724-0088,162,6.371685535069078,minmaxnorm
154,Q0,AP890831-0169,163,6.370136710271565,minmaxnorm
154,Q0,AP890404-0258,164,6.36721137192853,minmaxnorm
154,Q0,WSJ890727-0081,165,6.3326862625209195,minmaxnorm
154,Q0,DOE2-40-1096,166,6.330243117069649,minmaxnorm
154,Q0,AP890620-0044,167,6.320117277743034,minmaxnorm
154,Q0,AP890330-0209,168,6.31731711160939,minmaxnorm
154,Q0,AP890403-0149,169,6.3141929880591725,minmaxnorm
154,Q0,AP890304-0053,170,6.313007805259587,minmaxnorm
154,Q0,AP890304-0141,171,6.299835190074143,minmaxnorm
154,Q0,DOE1-37-0329,172,6.2970313163089955,minmaxnorm
154,Q0,AP890722-0016,173,6.269142472617104,minmaxnorm
154,Q0,AP890621-0024,174,6.2670194150326255,minmaxnorm
154,Q0,AP890406-0150,175,6.249866131035999,minmaxnorm
154,Q0,AP890627-0008,176,6.249772683701652,minmaxnorm
154,Q0,AP890705-0086,177,6.242919129907099,minmaxnorm
154,Q0,AP890513-0038,178,6.239526461899298,minmaxnorm
154,Q0,AP890405-0133,179,6.237710683061304,minmaxnorm
154,Q0,AP890328-0111,180,6.204122041588992,minmaxnorm
154,Q0,AP890325-0029,181,6.182533075228905,minmaxnorm
154,Q0,AP880425-0184,182,6.106899103823424,minmaxnorm
154,Q0,AP890422-0113,183,6.106507365684512,minmaxnorm
154,Q0,AP890727-0147,184,6.099867955122999,minmaxnorm
154,Q0,DOE2-31-0784,185,6.084903466731793,minmaxnorm
154,Q0,AP890609-0205,186,6.0588444233770495,minmaxnorm
154,Q0,AP890506-0127,187,6.056850016181287,minmaxnorm
154,Q0,WSJ900710-0023,188,6.0536825619093015,minmaxnorm
154,Q0,AP890403-0040,189,6.012114583658752,minmaxnorm
154,Q0,AP890508-0253,190,6.009855740768724,minmaxnorm
154,Q0,WSJ910213-0064,191,6.008403325181658,minmaxnorm
154,Q0,AP890419-0183,192,5.974828461801862,minmaxnorm
154,Q0,AP890101-0050,193,5.969791995061661,minmaxnorm
154,Q0,AP890811-0135,194,5.94942177126443,minmaxnorm
154,Q0,WSJ890831-0087,195,5.943235099127349,minmaxnorm
154,Q0,AP890508-0268,196,5.938879149674758,minmaxnorm
154,Q0,AP890718-0196,197,5.917053369299077,minmaxnorm
154,Q0,AP880714-0115,198,5.893248737849787,minmaxnorm
154,Q0,AP890511-0243,199,5.888565077812437,minmaxnorm
154,Q0,AP891125-0023,200,5.871246513114307,minmaxnorm
154,Q0,AP891127-0127,201,5.859434660059543,minmaxnorm
154,Q0,AP890625-0004,202,5.855436746885761,minmaxnorm
154,Q0,AP890518-0056,203,5.847269513227938,minmaxnorm
154,Q0,WSJ900716-0105,204,5.841430181830112,minmaxnorm
154,Q0,AP890426-0210,205,5.836668699125701,minmaxnorm
154,Q0,AP890511-0187,206,5.830708717072348,minmaxnorm
154,Q0,DOE1-35-0131,207,5.822916988046629,minmaxnorm
154,Q0,AP890429-0069,208,5.812180503676277,minmaxnorm
154,Q0,AP890722-0001,209,5.804056621613568,minmaxnorm
154,Q0,DOE2-40-1100,210,5.802167801070053,minmaxnorm
154,Q0,AP890407-0203,211,5.797454432175046,minmaxnorm
154,Q0,AP890405-0162,212,5.737556396215708,minmaxnorm
154,Q0,WSJ900910-0080,213,5.720886172081173,minmaxnorm
154,Q0,AP890725-0219,214,5.7146246665594616,minmaxnorm
154,Q0,AP881228-0133,215,5.703521575092485,minmaxnorm
154,Q0,AP890418-0029,216,5.701094270004628,minmaxnorm
154,Q0,AP890624-0077,217,5.698213263910624,minmaxnorm
154,Q0,AP890327-0218,218,5.69462914434419,minmaxnorm
154,Q0,AP890422-0125,219,5.693187015119666,minmaxnorm
154,Q0,AP890531-0072,220,5.69191132240708,minmaxnorm
154,Q0,AP890412-0140,221,5.6757906201127355,minmaxnorm
154,Q0,ZF207-760-725,222,5.673892201937817,minmaxnorm
154,Q0,DOE1-34-0843,223,5.672953118447069,minmaxnorm
154,Q0,WSJ900904-0087,224,5.666387595938696,minmaxnorm
154,Q0,WSJ900713-0079,225,5.653400242108653,minmaxnorm
154,Q0,AP890627-0123,226,5.651570702263007,minmaxnorm
154,Q0,AP890418-0159,227,5.642923159538614,minmaxnorm
154,Q0,AP890324-0123,228,5.6424909313658365,minmaxnorm
154,Q0,WSJ911002-0174,229,5.632284473276289,minmaxnorm
154,Q0,WSJ891024-0035,230,5.624847476037582,minmaxnorm
154,Q0,AP890406-0148,231,5.602110751737268,minmaxnorm
154,Q0,AP881224-0014,232,5.599052841752308,minmaxnorm
154,Q0,AP890330-0007,233,5.5956235433076,minmaxnorm
154,Q0,AP890629-0214,234,5.591863040609478,minmaxnorm
154,Q0,AP890728-0069,235,5.575905346645909,minmaxnorm
154,Q0,AP890916-0068,236,5.562648258316886,minmaxnorm
154,Q0,AP890326-0081,237,5.5573978113361076,minmaxnorm
154,Q0,AP890507-0038,238,5.554149226911751,minmaxnorm
154,Q0,AP890628-0108,239,5.531264314419854,minmaxnorm
154,Q0,AP890725-0270,240,5.503018521302082,minmaxnorm
154,Q0,WSJ900907-0083,241,5.499722796837013,minmaxnorm
154,Q0,AP891002-0241,242,5.4994293654521265,minmaxnorm
154,Q0,DOE1-23-0234,243,5.470071849179912,minmaxnorm
154,Q0,DOE1-82-1053,244,5.465259517464601,minmaxnorm
154,Q0,DOE2-61-0015,245,5.465074341456119,minmaxnorm
154,Q0,AP890502-0161,246,5.446156027170214,minmaxnorm
154,Q0,AP890606-0203,247,5.430484190469701,minmaxnorm
154,Q0,ZF207-160-776,248,5.426145521314344,minmaxnorm
154,Q0,AP890404-0008,249,5.423248552169735,minmaxnorm
154,Q0,AP890918-0020,250,5.419860141257895,minmaxnorm
154,Q0,AP890831-0086,251,5.393432056490459,minmaxnorm
154,Q0,AP890511-0259,252,5.386783028295748,minmaxnorm
154,Q0,AP890517-0241,253,5.38498178804931,minmaxnorm
154,Q0,DOE1-40-0319,254,5.371296517975128,minmaxnorm
154,Q0,AP890404-0260,255,5.369082724443522,minmaxnorm
154,Q0,AP890408-0035,256,5.358712935800021,minmaxnorm
154,Q0,AP890726-0260,257,5.35245750916515,minmaxnorm
154,Q0,AP890628-0206,258,5.344038975213616,minmaxnorm
154,Q0,AP890401-0038,259,5.3434187703385225,minmaxnorm
154,Q0,AP880312-0091,260,5.33289357014233,minmaxnorm
154,Q0,AP890626-0052,261,5.290158974714128,minmaxnorm
154,Q0,AP890525-0147,262,5.285560050311871,minmaxnorm
154,Q0,FR89811-0133,263,5.283308719476223,minmaxnorm
154,Q0,DOE1-75-0474,264,5.281562175693314,minmaxnorm
154,Q0,DOE1-26-0942,265,5.280837094438129,minmaxnorm
154,Q0,AP891024-0068,266,5.274605083408976,minmaxnorm
154,Q0,AP890412-0113,267,5.270069480503134,minmaxnorm
154,Q0,DOE2-30-0657,268,5.265138817116489,minmaxnorm
154,Q0,AP880425-0058,269,5.263014282163173,minmaxnorm
154,Q0,AP890429-0043,270,5.254383416421622,minmaxnorm
154,Q0,AP890329-0094,271,5.246419516007813,minmaxnorm
154,Q0,WSJ900620-0136,272,5.233517777406085,minmaxnorm
154,Q0,AP890107-0137,273,5.233100073645358,minmaxnorm
154,Q0,ZF208-046-548,274,5.2241499454730596,minmaxnorm
154,Q0,AP890625-0002,275,5.218555374000118,minmaxnorm
154,Q0,DOE1-64-0686,276,5.216049503780239,minmaxnorm
154,Q0,DOE2-47-0928,277,5.211273856773514,minmaxnorm
154,Q0,AP890727-0082,278,5.205039591501573,minmaxnorm
154,Q0,AP890419-0132,279,5.201747478310578,minmaxnorm
154,Q0,WSJ890816-0048,280,5.197770480433254,minmaxnorm
154,Q0,AP890519-0244,281,5.191481100355009,minmaxnorm
154,Q0,WSJ900726-0061,282,5.179556793943279,minmaxnorm
154,Q0,FR881109-0038,283,5.170855644000444,minmaxnorm
154,Q0,AP890410-0008,284,5.169436711054394,minmaxnorm
154,Q0,AP880426-0146,285,5.1692314348492285,minmaxnorm
154,Q0,WSJ910308-0172,286,5.168575077369915,minmaxnorm
154,Q0,AP890303-0049,287,5.140480069432803,minmaxnorm
154,Q0,WSJ891030-0078,288,5.139834647793192,minmaxnorm
154,Q0,AP880427-0209,289,5.138638702516025,minmaxnorm
154,Q0,WSJ900705-0105,290,5.136047770431301,minmaxnorm
154,Q0,DOE1-23-0233,291,5.125847712045112,minmaxnorm
154,Q0,AP890302-0094,292,5.122157090679334,minmaxnorm
154,Q0,DOE1-65-0263,293,5.12160922387002,minmaxnorm
154,Q0,WSJ900608-0153,294,5.116611537392614,minmaxnorm
154,Q0,DOE1-80-0472,295,5.114115129967088,minmaxnorm
154,Q0,AP891110-0030,296,5.1072692368019625,minmaxnorm
154,Q0,DOE2-40-1098,297,5.104041147420995,minmaxnorm
154,Q0,AP891213-0061,298,5.043913088954024,minmaxnorm
154,Q0,AP890306-0093,299,5.035001878738207,minmaxnorm
154,Q0,AP891102-0151,300,5.034921987665164,minmaxnorm
154,Q0,AP890819-0146,301,5.034346712767043,minmaxnorm
154,Q0,AP890323-0192,302,5.03043148327649,minmaxnorm
154,Q0,AP890509-0253,303,5.008206326052658,minmaxnorm
154,Q0,AP890726-0311,304,4.993523854751712,minmaxnorm
154,Q0,AP890407-0243,305,4.9901139847228055,minmaxnorm
154,Q0,FR88615-0067,306,4.982939556507299,minmaxnorm
154,Q0,AP890621-0085,307,4.978142630855535,minmaxnorm
154,Q0,AP890708-0001,308,4.975823716833629,minmaxnorm
154,Q0,WSJ880707-0127,309,4.973885074754227,minmaxnorm
154,Q0,DOE1-87-0518,310,4.972326734819383,minmaxnorm
154,Q0,AP891228-0073,311,4.972199620652302,minmaxnorm
154,Q0,AP890203-0041,312,4.971683598188348,minmaxnorm
154,Q0,AP890202-0089,313,4.965005772593265,minmaxnorm
154,Q0,DOE2-28-0160,314,4.963823937718995,minmaxnorm
154,Q0,DOE1-23-0220,315,4.942266590654138,minmaxnorm
154,Q0,DOE1-34-0841,316,4.941596314080154,minmaxnorm
154,Q0,AP890629-0195,317,4.940785444196132,minmaxnorm
154,Q0,AP890512-0194,318,4.9357895144541875,minmaxnorm
154,Q0,AP891019-0147,319,4.905982987112729,minmaxnorm
154,Q0,AP890406-0241,320,4.896692646077146,minmaxnorm
154,Q0,DOE2-40-1109,321,4.895250538756171,minmaxnorm
154,Q0,AP890329-0045,322,4.877863947096056,minmaxnorm
154,Q0,DOE1-42-0530,323,4.877488010731554,minmaxnorm
154,Q0,ZF207-297-226,324,4.87029445294352,minmaxnorm
154,Q0,AP890629-0127,325,4.863692038886663,minmaxnorm
154,Q0,DOE2-28-0161,326,4.846833979225206,minmaxnorm
154,Q0,AP890719-0049,327,4.819460222703651,minmaxnorm
154,Q0,AP890502-0188,328,4.782782483118044,minmaxnorm
154,Q0,AP890709-0042,329,4.777684332790277,minmaxnorm
154,Q0,AP890718-0081,330,4.763371763957881,minmaxnorm
154,Q0,AP890410-0025,331,4.762214877893622,minmaxnorm
154,Q0,DOE1-46-0018,332,4.756582109251082,minmaxnorm
154,Q0,AP890414-0039,333,4.750021925361697,minmaxnorm
154,Q0,AP890914-0281,334,4.74217488060791,minmaxnorm
154,Q0,AP890329-0148,335,4.738839194228949,minmaxnorm
154,Q0,AP890106-0072,336,4.730625542598266,minmaxnorm
154,Q0,WSJ900608-0093,337,4.7045522033472436,minmaxnorm
154,Q0,AP890522-0359,338,4.6891212017992,minmaxnorm
154,Q0,AP890506-0030,339,4.687518357192462,minmaxnorm
154,Q0,DOE2-19-0030,340,4.6777774802394685,minmaxnorm
154,Q0,AP890711-0195,341,4.6653935762706915,minmaxnorm
154,Q0,WSJ900914-0034,342,4.658391010373286,minmaxnorm
154,Q0,AP890725-0246,343,4.65335920843757,minmaxnorm
154,Q0,AP890101-0017,344,4.652488988805199,minmaxnorm
154,Q0,AP890330-0088,345,4.651637719160246,minmaxnorm
154,Q0,AP880426-0188,346,4.648024991994474,minmaxnorm
154,Q0,AP891109-0017,347,4.643651048174834,minmaxnorm
154,Q0,AP890201-0171,348,4.63770809091485,minmaxnorm
154,Q0,AP890328-0231,349,4.637629571838094,minmaxnorm
154,Q0,AP891003-0053,350,4.621525553519693,minmaxnorm
154,Q0,AP890917-0062,351,4.620647278819847,minmaxnorm
154,Q0,DOE1-26-0941,352,4.616237320514521,minmaxnorm
154,Q0,AP890811-0019,353,4.614769623463446,minmaxnorm
154,Q0,AP890916-0144,354,4.585719987589527,minmaxnorm
154,Q0,AP890327-0146,355,4.571775569993898,minmaxnorm
154,Q0,AP890916-0045,356,4.568265820829927,minmaxnorm
154,Q0,WSJ910404-0028,357,4.565590402263111,minmaxnorm
154,Q0,AP890730-0083,358,4.5650398662686005,minmaxnorm
154,Q0,AP890626-0107,359,4.564189822099828,minmaxnorm
154,Q0,AP890520-0074,360,4.560549295135702,minmaxnorm
154,Q0,DOE2-44-0007,361,4.559846408276688,minmaxnorm
154,Q0,AP891129-0113,362,4.554714744816791,minmaxnorm
154,Q0,AP890414-0110,363,4.551480234817668,minmaxnorm
154,Q0,AP890605-0157,364,4.547371191586228,minmaxnorm
154,Q0,AP890629-0089,365,4.532388808975714,minmaxnorm
154,Q0,AP890513-0132,366,4.531692302491082,minmaxnorm
154,Q0,DOE2-09-0672,367,4.517423988439685,minmaxnorm
154,Q0,AP890804-0009,368,4.514911033922286,minmaxnorm
154,Q0,AP891026-0061,369,4.480497109032908,minmaxnorm
154,Q0,AP890407-0143,370,4.477624190225892,minmaxnorm
154,Q0,AP890303-0093,371,4.465455116121424,minmaxnorm
154,Q0,AP890508-0063,372,4.455290690359416,minmaxnorm
154,Q0,AP890502-0205,373,4.451872554482542,minmaxnorm
154,Q0,WSJ880105-0090,374,4.451815764584376,minmaxnorm
154,Q0,AP891212-0104,375,4.4516190873311015,minmaxnorm
154,Q0,AP880604-0186,376,4.429108929224723,minmaxnorm
154,Q0,WSJ910905-0019,377,4.4277259420598565,minmaxnorm
154,Q0,AP890515-0036,378,4.425612129316668,minmaxnorm
154,Q0,AP890328-0191,379,4.419517856679299,minmaxnorm
154,Q0,AP890916-0020,380,4.417840104403105,minmaxnorm
154,Q0,DOE1-56-0140,381,4.416312903671256,minmaxnorm
154,Q0,AP890505-0222,382,4.4162595955923525,minmaxnorm
154,Q0,AP890423-0083,383,4.413242528601357,minmaxnorm
154,Q0,AP890418-0049,384,4.407703817017201,minmaxnorm
154,Q0,AP890227-0189,385,4.40211498051712,minmaxnorm
154,Q0,AP890704-0033,386,4.398494132833047,minmaxnorm
154,Q0,WSJ910510-0061,387,4.374233106155918,minmaxnorm
154,Q0,AP890429-0098,388,4.363190284698824,minmaxnorm
154,Q0,WSJ910320-0013,389,4.359699669954449,minmaxnorm
154,Q0,AP890210-0210,390,4.358101646922876,minmaxnorm
154,Q0,WSJ900410-0017,391,4.356816060211736,minmaxnorm
154,Q0,WSJ910130-0066,392,4.346302413413862,minmaxnorm
154,Q0,AP880415-0104,393,4.3462984138901675,minmaxnorm
154,Q0,AP890303-0079,394,4.330923241114414,minmaxnorm
154,Q0,AP890107-0084,395,4.326950183215065,minmaxnorm
154,Q0,AP890329-0265,396,4.303224142088024,minmaxnorm
154,Q0,DOE1-92-1083,397,4.280927039504181,minmaxnorm
154,Q0,AP890406-0222,398,4.270356855562681,minmaxnorm
154,Q0,AP890424-0008,399,4.26550843937149,minmaxnorm
154,Q0,WSJ890815-0120,400,4.258671098811453,minmaxnorm
154,Q0,AP890427-0139,401,4.257971138695629,minmaxnorm
154,Q0,AP890502-0162,402,4.252749766362776,minmaxnorm
154,Q0,AP891127-0197,403,4.2492698305890215,minmaxnorm
154,Q0,AP890714-0175,404,4.228231024151045,minmaxnorm
154,Q0,ZF207-668-074,405,4.223977088939834,minmaxnorm
154,Q0,AP890410-0055,406,4.221924506264288,minmaxnorm
154,Q0,DOE1-73-0702,407,4.219829676269615,minmaxnorm
154,Q0,DOE2-44-0006,408,4.210795621349658,minmaxnorm
154,Q0,AP890408-0109,409,4.1858347122841755,minmaxnorm
154,Q0,AP891104-0001,410,4.170154597285034,minmaxnorm
154,Q0,AP890425-0217,411,4.1673961314410155,minmaxnorm
154,Q0,AP890510-0060,412,4.157591603371401,minmaxnorm
154,Q0,WSJ890808-0125,413,4.1327482100354676,minmaxnorm
154,Q0,AP890830-0253,414,4.1287161697256725,minmaxnorm
154,Q0,DOE2-14-0119,415,4.117842684173501,minmaxnorm
154,Q0,AP890427-0156,416,4.102425972155377,minmaxnorm
154,Q0,AP890414-0261,417,4.081444164215769,minmaxnorm
154,Q0,AP890824-0077,418,4.046200522266406,minmaxnorm
154,Q0,AP890420-0210,419,4.044757013080099,minmaxnorm
154,Q0,AP890614-0185,420,4.041473496658393,minmaxnorm
154,Q0,AP890201-0196,421,4.036581983049963,minmaxnorm
154,Q0,AP890420-0238,422,4.0360730643580744,minmaxnorm
154,Q0,AP880430-0163,423,4.0270253979422925,minmaxnorm
154,Q0,AP890410-0242,424,4.0253670314693695,minmaxnorm
154,Q0,AP890509-0278,425,4.013382541705979,minmaxnorm
154,Q0,AP890914-0241,426,4.006263427871311,minmaxnorm
154,Q0,ZF207-536-622,427,4.005398920923996,minmaxnorm
154,Q0,ZF108-325-160,428,3.995250724632122,minmaxnorm
154,Q0,DOE2-71-0530,429,3.994936957574238,minmaxnorm
154,Q0,AP890421-0185,430,3.9923265433556514,minmaxnorm
154,Q0,AP890816-0240,431,3.9672684181940983,minmaxnorm
154,Q0,AP890826-0134,432,3.963534959350258,minmaxnorm
154,Q0,AP890422-0034,433,3.9608130037108755,minmaxnorm
154,Q0,AP890327-0243,434,3.9596118616240656,minmaxnorm
154,Q0,AP890624-0138,435,3.945010336379595,minmaxnorm
154,Q0,AP881225-0056,436,3.9387364959122992,minmaxnorm
154,Q0,AP890419-0205,437,3.9334471998018743,minmaxnorm
154,Q0,AP890913-0188,438,3.9286209881884053,minmaxnorm
154,Q0,AP890407-0169,439,3.9181349113822694,minmaxnorm
154,Q0,AP890202-0179,440,3.9061832328538917,minmaxnorm
154,Q0,WSJ910911-0065,441,3.90057991755099,minmaxnorm
154,Q0,AP890621-0224,442,3.890766986613994,minmaxnorm
154,Q0,DOE2-42-0187,443,3.8834141240714932,minmaxnorm
154,Q0,DOE1-52-0450,444,3.878336203499837,minmaxnorm
154,Q0,AP890412-0167,445,3.8771574401148476,minmaxnorm
154,Q0,AP890517-0282,446,3.87664818709844,minmaxnorm
154,Q0,WSJ910415-0109,447,3.8459451820234536,minmaxnorm
154,Q0,DOE1-65-1075,448,3.834019311798781,minmaxnorm
154,Q0,AP890624-0012,449,3.8293387747474448,minmaxnorm
154,Q0,AP890623-0002,450,3.828045730566118,minmaxnorm
154,Q0,DOE1-13-0012,451,3.827737761520159,minmaxnorm
154,Q0,AP890503-0215,452,3.8245092802522906,minmaxnorm
154,Q0,AP890920-0088,453,3.820661519932682,minmaxnorm
154,Q0,WSJ910912-0059,454,3.817389587271128,minmaxnorm
154,Q0,WSJ890821-0123,455,3.8144944997815635,minmaxnorm
154,Q0,AP890806-0006,456,3.812174151716091,minmaxnorm
154,Q0,AP890204-0086,457,3.809794630769785,minmaxnorm
154,Q0,AP891026-0209,458,3.804549000556068,minmaxnorm
154,Q0,AP891128-0047,459,3.7781227970941895,minmaxnorm
154,Q0,ZF108-377-246,460,3.7715163259492375,minmaxnorm
154,Q0,AP890817-0186,461,3.7685797074034895,minmaxnorm
154,Q0,DOE2-40-0393,462,3.759353961927678,minmaxnorm
154,Q0,WSJ880225-0049,463,3.7568143786092003,minmaxnorm
154,Q0,WSJ910204-0059,464,3.756697546875162,minmaxnorm
154,Q0,AP890406-0219,465,3.7560975202821125,minmaxnorm
154,Q0,AP890502-0128,466,3.750788424258447,minmaxnorm
154,Q0,AP890414-0017,467,3.748291217768613,minmaxnorm
154,Q0,AP891024-0084,468,3.737854677029713,minmaxnorm
154,Q0,AP890408-0018,469,3.732218812484541,minmaxnorm
154,Q0,AP890503-0052,470,3.7229550043689774,minmaxnorm
154,Q0,AP890702-0064,471,3.721833904708698,minmaxnorm
154,Q0,AP890421-0281,472,3.719080687362983,minmaxnorm
154,Q0,ZF207-631-866,473,3.7056410111513025,minmaxnorm
154,Q0,DOE1-73-0681,474,3.700916813775811,minmaxnorm
154,Q0,AP890413-0230,475,3.69249081884514,minmaxnorm
154,Q0,AP890420-0091,476,3.6800872713731003,minmaxnorm
154,Q0,AP891002-0110,477,3.677943019054861,minmaxnorm
154,Q0,WSJ910325-0064,478,3.673167238781077,minmaxnorm
154,Q0,AP890730-0004,479,3.662335940811933,minmaxnorm
154,Q0,ZF109-526-005,480,3.6612499801993503,minmaxnorm
154,Q0,WSJ910805-0095,481,3.660936845696194,minmaxnorm
154,Q0,AP890414-0142,482,3.6569051218511333,minmaxnorm
154,Q0,AP890328-0106,483,3.6519249704386243,minmaxnorm
154,Q0,AP890515-0017,484,3.6507893594327734,minmaxnorm
154,Q0,AP880228-0002,485,3.6486058282684346,minmaxnorm
154,Q0,AP890628-0259,486,3.6427467189802973,minmaxnorm
154,Q0,AP890912-0204,487,3.640647511833894,minmaxnorm
154,Q0,AP890502-0044,488,3.6367640919819793,minmaxnorm
154,Q0,AP890817-0003,489,3.6306423227980815,minmaxnorm
154,Q0,AP890425-0289,490,3.6131917770630873,minmaxnorm
154,Q0,AP890624-0112,491,3.6079287109754485,minmaxnorm
154,Q0,AP890725-0047,492,3.6064353763029344,minmaxnorm
154,Q0,AP890619-0141,493,3.602946709287298,minmaxnorm
154,Q0,AP890920-0174,494,3.596099974227342,minmaxnorm
154,Q0,AP891231-0031,495,3.586796881211988,minmaxnorm
154,Q0,WSJ911015-0111,496,3.5813836499257894,minmaxnorm
154,Q0,FR891003-0046,497,3.5751108532422298,minmaxnorm
154,Q0,WSJ880106-0027,498,3.5654820360191666,minmaxnorm
154,Q0,WSJ910214-0041,499,3.5623854585482704,minmaxnorm
154,Q0,DOE1-87-1176,500,3.5336953225655385,minmaxnorm
154,Q0,AP890411-0241,501,3.533287273306706,minmaxnorm
154,Q0,AP890412-0090,502,3.5179532560303772,minmaxnorm
154,Q0,AP890405-0207,503,3.5131503882925452,minmaxnorm
154,Q0,DOE1-17-0254,504,3.495112182300557,minmaxnorm
154,Q0,WSJ880108-0047,505,3.492638843034807,minmaxnorm
154,Q0,WSJ910325-0176,506,3.4831135338945662,minmaxnorm
154,Q0,AP880331-0122,507,3.475659681136138,minmaxnorm
154,Q0,AP890919-0003,508,3.4754109977170957,minmaxnorm
154,Q0,AP890915-0064,509,3.469330432879188,minmaxnorm
154,Q0,AP890709-0018,510,3.4667166207959674,minmaxnorm
154,Q0,WSJ920127-0051,511,3.4662240587267945,minmaxnorm
154,Q0,AP890929-0152,512,3.4646645133478997,minmaxnorm
154,Q0,AP880402-0092,513,3.459447629932665,minmaxnorm
154,Q0,AP880718-0010,514,3.453822296773975,minmaxnorm
154,Q0,AP890920-0101,515,3.453289254513928,minmaxnorm
154,Q0,FR891103-0103,516,3.4502943868452243,minmaxnorm
154,Q0,WSJ910222-0172,517,3.438518708190435,minmaxnorm
154,Q0,WSJ900801-0011,518,3.4282432298046883,minmaxnorm
154,Q0,WSJ880108-0082,519,3.4200920479689993,minmaxnorm
154,Q0,AP890422-0024,520,3.4164945644784885,minmaxnorm
154,Q0,DOE1-27-0335,521,3.411591383182988,minmaxnorm
154,Q0,AP891118-0124,522,3.4063699938671146,minmaxnorm
154,Q0,AP891107-0315,523,3.3991219238967303,minmaxnorm
154,Q0,DOE1-23-0228,524,3.3955377909372313,minmaxnorm
154,Q0,DOE2-40-0395,525,3.393926147017074,minmaxnorm
154,Q0,AP890418-0236,526,3.3804236967094363,minmaxnorm
154,Q0,DOE2-35-0755,527,3.37846144651467,minmaxnorm
154,Q0,AP890626-0009,528,3.3783902669566164,minmaxnorm
154,Q0,AP890916-0105,529,3.369170686271377,minmaxnorm
154,Q0,AP890423-0071,530,3.3647744868312155,minmaxnorm
154,Q0,AP890502-0310,531,3.358355436927423,minmaxnorm
154,Q0,AP881123-0176,532,3.3582602230209817,minmaxnorm
154,Q0,AP890520-0117,533,3.3541366103906585,minmaxnorm
154,Q0,AP890510-0184,534,3.35311657440666,minmaxnorm
154,Q0,AP890519-0014,535,3.351004527796338,minmaxnorm
154,Q0,AP890512-0251,536,3.3363812077125434,minmaxnorm
154,Q0,AP890913-0066,537,3.331236578685846,minmaxnorm
154,Q0,ZF207-396-978,538,3.328023364372044,minmaxnorm
154,Q0,AP890330-0233,539,3.313882526707738,minmaxnorm
154,Q0,WSJ890801-0114,540,3.313626702595893,minmaxnorm
154,Q0,AP890818-0023,541,3.3075484784403213,minmaxnorm
154,Q0,WSJ920110-0048,542,3.3052564662998356,minmaxnorm
154,Q0,AP890206-0025,543,3.303995549840176,minmaxnorm
154,Q0,AP890417-0265,544,3.302398356674262,minmaxnorm
154,Q0,AP890103-0157,545,3.2914422177307596,minmaxnorm
154,Q0,AP890328-0199,546,3.29099735505274,minmaxnorm
154,Q0,AP890428-0183,547,3.2792325906340896,minmaxnorm
154,Q0,AP890402-0001,548,3.27508178256454,minmaxnorm
154,Q0,AP890429-0066,549,3.2735180804896586,minmaxnorm
154,Q0,AP890508-0222,550,3.2692040398219366,minmaxnorm
154,Q0,AP890412-0009,551,3.261918643949956,minmaxnorm
154,Q0,AP890407-0066,552,3.254999369046474,minmaxnorm
154,Q0,AP890523-0021,553,3.2482899052516663,minmaxnorm
154,Q0,DOE1-13-0646,554,3.238713917222474,minmaxnorm
154,Q0,AP880403-0049,555,3.2299846252877176,minmaxnorm
154,Q0,DOE1-40-0314,556,3.229587949117538,minmaxnorm
154,Q0,AP890328-0060,557,3.225505654605689,minmaxnorm
154,Q0,AP890521-0015,558,3.2216212440457066,minmaxnorm
154,Q0,WSJ900801-0069,559,3.2205800212956457,minmaxnorm
154,Q0,AP890425-0007,560,3.200227101151031,minmaxnorm
154,Q0,AP890524-0023,561,3.199717047130917,minmaxnorm
154,Q0,AP890328-0168,562,3.194948012296069,minmaxnorm
154,Q0,DOE2-62-0648,563,3.183574974447065,minmaxnorm
154,Q0,DOE1-42-0965,564,3.1811510050591463,minmaxnorm
154,Q0,DOE2-09-0856,565,3.1746086373277684,minmaxnorm
154,Q0,AP890822-0059,566,3.1683423304231315,minmaxnorm
154,Q0,AP890415-0052,567,3.1666755168664413,minmaxnorm
154,Q0,WSJ890824-0103,568,3.1502342350877606,minmaxnorm
154,Q0,AP890411-0201,569,3.137494977896739,minmaxnorm
154,Q0,AP880527-0334,570,3.1269776293968383,minmaxnorm
154,Q0,DOE1-64-1200,571,3.124605009553513,minmaxnorm
154,Q0,AP890731-0032,572,3.1227535497330368,minmaxnorm
154,Q0,AP890511-0037,573,3.120821190012946,minmaxnorm
154,Q0,WSJ910424-0075,574,3.1196624091768976,minmaxnorm
154,Q0,WSJ890726-0057,575,3.1157667073908177,minmaxnorm
154,Q0,WSJ910131-0025,576,3.110077174518183,minmaxnorm
154,Q0,AP890501-0176,577,3.1088064959990986,minmaxnorm
154,Q0,AP890729-0049,578,3.106370761999703,minmaxnorm
154,Q0,AP890505-0267,579,3.1057664956653204,minmaxnorm
154,Q0,WSJ900411-0024,580,3.1057058160720814,minmaxnorm
154,Q0,DOE2-40-0388,581,3.105161604246266,minmaxnorm
154,Q0,AP890626-0132,582,3.094654311891914,minmaxnorm
154,Q0,AP890508-0040,583,3.0849086182360232,minmaxnorm
154,Q0,DOE1-45-0054,584,3.0808310282069393,minmaxnorm
154,Q0,AP890729-0052,585,3.068587637456095,minmaxnorm
154,Q0,WSJ900523-0016,586,3.066360087826357,minmaxnorm
154,Q0,WSJ910219-0046,587,3.065589890032276,minmaxnorm
154,Q0,AP890412-0110,588,3.063659243966455,minmaxnorm
154,Q0,WSJ911009-0096,589,3.06134614236964,minmaxnorm
154,Q0,AP890401-0071,590,3.058449637529591,minmaxnorm
154,Q0,AP881223-0213,591,3.045993319208087,minmaxnorm
154,Q0,AP890507-0084,592,3.028771879824921,minmaxnorm
154,Q0,DOE2-40-0390,593,3.0233609157466956,minmaxnorm
154,Q0,WSJ890920-0112,594,3.0213038898624793,minmaxnorm
154,Q0,ZF207-358-810,595,3.0204269886589192,minmaxnorm
154,Q0,AP890602-0047,596,3.0175640737247007,minmaxnorm
154,Q0,AP890701-0129,597,3.0106263607101256,minmaxnorm
154,Q0,AP890715-0090,598,3.010234639523666,minmaxnorm
154,Q0,AP890414-0229,599,3.0095885235370625,minmaxnorm
154,Q0,AP890517-0096,600,3.004955280301477,minmaxnorm
154,Q0,AP890621-0222,601,2.9965414674110558,minmaxnorm
154,Q0,AP890330-0025,602,2.9910506223091184,minmaxnorm
154,Q0,AP890505-0068,603,2.9800634003276794,minmaxnorm
154,Q0,AP890518-0277,604,2.976985273867957,minmaxnorm
154,Q0,AP890622-0034,605,2.972901118706166,minmaxnorm
154,Q0,DOE1-82-1052,606,2.959980270509851,minmaxnorm
154,Q0,ZF207-846-182,607,2.9557084364331674,minmaxnorm
154,Q0,AP891004-0192,608,2.946908278947107,minmaxnorm
154,Q0,AP890916-0107,609,2.945877784936253,minmaxnorm
154,Q0,AP890407-0271,610,2.941631897699567,minmaxnorm
154,Q0,DOE2-40-1112,611,2.9347909172716173,minmaxnorm
154,Q0,AP890407-0149,612,2.9332802631077346,minmaxnorm
154,Q0,WSJ900629-0077,613,2.9322513570684317,minmaxnorm
154,Q0,AP890405-0266,614,2.9313545653321578,minmaxnorm
154,Q0,AP890912-0043,615,2.923317358461225,minmaxnorm
154,Q0,AP890630-0262,616,2.9229885101050535,minmaxnorm
154,Q0,AP890405-0262,617,2.9226210478280286,minmaxnorm
154,Q0,WSJ881007-0022,618,2.9193331871944945,minmaxnorm
154,Q0,AP890330-0130,619,2.9143986760028815,minmaxnorm
154,Q0,AP880428-0065,620,2.9068152568213423,minmaxnorm
154,Q0,AP890408-0086,621,2.8955051937192047,minmaxnorm
154,Q0,AP890204-0019,622,2.8915474879551315,minmaxnorm
154,Q0,AP880526-0266,623,2.890711426784843,minmaxnorm
154,Q0,AP890519-0032,624,2.881812494432782,minmaxnorm
154,Q0,WSJ891027-0140,625,2.8672091909481088,minmaxnorm
154,Q0,AP890426-0132,626,2.8625196137062234,minmaxnorm
154,Q0,AP890524-0195,627,2.8615773703725904,minmaxnorm
154,Q0,DOE1-40-0311,628,2.8550686004821864,minmaxnorm
154,Q0,WSJ890817-0085,629,2.851447870092575,minmaxnorm
154,Q0,DOE1-64-1204,630,2.851400495743624,minmaxnorm
154,Q0,DOE2-08-0130,631,2.842326419890279,minmaxnorm
154,Q0,AP890620-0220,632,2.8355356771972473,minmaxnorm
154,Q0,AP890410-0094,633,2.8285678504294043,minmaxnorm
154,Q0,AP890909-0143,634,2.8278508446270396,minmaxnorm
154,Q0,WSJ880527-0134,635,2.8243236093699586,minmaxnorm
154,Q0,AP890624-0105,636,2.804073929437831,minmaxnorm
154,Q0,AP890522-0082,637,2.803985391305915,minmaxnorm
154,Q0,AP890503-0140,638,2.8021757602963344,minmaxnorm
154,Q0,AP890908-0099,639,2.799489007852046,minmaxnorm
154,Q0,AP890427-0166,640,2.7940155844153947,minmaxnorm
154,Q0,WSJ910923-0134,641,2.78998808071212,minmaxnorm
154,Q0,AP890621-0225,642,2.788885293615504,minmaxnorm
154,Q0,AP890408-0031,643,2.7887170059845885,minmaxnorm
154,Q0,AP890623-0160,644,2.787590642579393,minmaxnorm
154,Q0,DOE2-40-0383,645,2.782600541216936,minmaxnorm
154,Q0,FR89317-0130,646,2.7811820562460365,minmaxnorm
154,Q0,AP890831-0136,647,2.7765739644813214,minmaxnorm
154,Q0,AP890701-0007,648,2.7759794604733674,minmaxnorm
154,Q0,AP890629-0096,649,2.774043659994825,minmaxnorm
154,Q0,AP891203-0041,650,2.770412235671101,minmaxnorm
154,Q0,AP890420-0049,651,2.7657922128306525,minmaxnorm
154,Q0,AP890924-0037,652,2.7618823935567165,minmaxnorm
154,Q0,AP880428-0207,653,2.7462389977609427,minmaxnorm
154,Q0,AP890603-0132,654,2.7360766755416392,minmaxnorm
154,Q0,AP890621-0099,655,2.7357093041689264,minmaxnorm
154,Q0,ZF207-388-544,656,2.734205423420237,minmaxnorm
154,Q0,AP890429-0032,657,2.7324096005284617,minmaxnorm
154,Q0,ZF207-942-612,658,2.731994081374716,minmaxnorm
154,Q0,AP890221-0136,659,2.728658392111163,minmaxnorm
154,Q0,AP890616-0185,660,2.7224689362144865,minmaxnorm
154,Q0,AP890103-0067,661,2.7205583233721486,minmaxnorm
154,Q0,AP890207-0152,662,2.711745505060918,minmaxnorm
154,Q0,DOE2-37-0780,663,2.6976885401472113,minmaxnorm
154,Q0,AP891010-0254,664,2.689125800052295,minmaxnorm
154,Q0,AP891006-0133,665,2.6847090245665073,minmaxnorm
154,Q0,AP890705-0002,666,2.6829632063785156,minmaxnorm
154,Q0,AP890506-0094,667,2.6687761536001293,minmaxnorm
154,Q0,ZF109-435-071,668,2.6566240798389833,minmaxnorm
154,Q0,DOE1-40-0323,669,2.652879024596143,minmaxnorm
154,Q0,AP890505-0248,670,2.652624877754878,minmaxnorm
154,Q0,AP890328-0225,671,2.649779966780215,minmaxnorm
154,Q0,DOE1-65-0842,672,2.6317006442252016,minmaxnorm
154,Q0,AP890911-0026,673,2.6263498987109895,minmaxnorm
154,Q0,AP890703-0060,674,2.6249038981926893,minmaxnorm
154,Q0,AP890606-0065,675,2.6225608457093847,minmaxnorm
154,Q0,AP890504-0235,676,2.6217316087540428,minmaxnorm
154,Q0,WSJ910131-0140,677,2.618544443301651,minmaxnorm
154,Q0,AP890417-0280,678,2.6043863413577184,minmaxnorm
154,Q0,AP890802-0199,679,2.603451370047278,minmaxnorm
154,Q0,AP890404-0211,680,2.6034305173784893,minmaxnorm
154,Q0,AP890804-0049,681,2.594530189851153,minmaxnorm
154,Q0,AP890424-0289,682,2.584086959072049,minmaxnorm
154,Q0,DOE1-23-0235,683,2.5821020031868533,minmaxnorm
154,Q0,AP890424-0030,684,2.5727281077943736,minmaxnorm
154,Q0,AP890510-0154,685,2.571269673443856,minmaxnorm
154,Q0,AP890514-0047,686,2.567196830808231,minmaxnorm
154,Q0,AP890717-0042,687,2.565850534069388,minmaxnorm
154,Q0,AP891124-0040,688,2.5540354664666607,minmaxnorm
154,Q0,WSJ890728-0050,689,2.552004646022251,minmaxnorm
154,Q0,DOE1-52-0466,690,2.551323961143881,minmaxnorm
154,Q0,AP890425-0122,691,2.5476047279040333,minmaxnorm
154,Q0,AP891225-0076,692,2.528617823735627,minmaxnorm
154,Q0,WSJ891023-0087,693,2.522076264044837,minmaxnorm
154,Q0,AP890427-0223,694,2.5220353993341704,minmaxnorm
154,Q0,AP890503-0020,695,2.517435156327819,minmaxnorm
154,Q0,AP890406-0163,696,2.5128641370582803,minmaxnorm
154,Q0,AP890502-0262,697,2.505723520229359,minmaxnorm
154,Q0,AP890407-0245,698,2.4918186804485303,minmaxnorm
154,Q0,DOE1-73-0680,699,2.4863701013546207,minmaxnorm
154,Q0,DOE2-52-0765,700,2.4854490215074767,minmaxnorm
154,Q0,DOE2-51-0889,701,2.483986720293005,minmaxnorm
154,Q0,AP890609-0231,702,2.483507659594874,minmaxnorm
154,Q0,WSJ900927-0147,703,2.4784221493824354,minmaxnorm
154,Q0,WSJ910926-0052,704,2.4768983247643104,minmaxnorm
154,Q0,DOE1-92-1087,705,2.4753215231481884,minmaxnorm
154,Q0,WSJ910308-0089,706,2.4749549650389486,minmaxnorm
154,Q0,AP890726-0094,707,2.462510129188716,minmaxnorm
154,Q0,AP881231-0126,708,2.460853696656443,minmaxnorm
154,Q0,AP881227-0053,709,2.4608353711026196,minmaxnorm
154,Q0,WSJ911105-0028,710,2.4599463345633565,minmaxnorm
154,Q0,AP890325-0043,711,2.4504561008802925,minmaxnorm
154,Q0,AP890915-0117,712,2.4470918230757883,minmaxnorm
154,Q0,WSJ890804-0100,713,2.446896067876618,minmaxnorm
154,Q0,FR89927-0064,714,2.4432125560397155,minmaxnorm
154,Q0,AP890926-0121,715,2.4364554845388975,minmaxnorm
154,Q0,AP890407-0218,716,2.4332974823854343,minmaxnorm
154,Q0,DOE1-47-0819,717,2.4269711210671603,minmaxnorm
154,Q0,AP890727-0248,718,2.4141689167524705,minmaxnorm
154,Q0,DOE2-30-0274,719,2.40888881861772,minmaxnorm
154,Q0,DOE1-34-0845,720,2.4039495155395723,minmaxnorm
154,Q0,WSJ880916-0058,721,2.3980601735386746,minmaxnorm
154,Q0,AP890823-0014,722,2.3805461401664485,minmaxnorm
154,Q0,AP890404-0174,723,2.375244068090958,minmaxnorm
154,Q0,AP881224-0041,724,2.372874500706553,minmaxnorm
154,Q0,WSJ911031-0094,725,2.3687902649636543,minmaxnorm
154,Q0,AP880429-0029,726,2.3630797141589275,minmaxnorm
154,Q0,AP890505-0051,727,2.345424327976793,minmaxnorm
154,Q0,AP890422-0040,728,2.319548320301641,minmaxnorm
154,Q0,AP891108-0213,729,2.317908640645925,minmaxnorm
154,Q0,AP890430-0052,730,2.312926217493834,minmaxnorm
154,Q0,AP890823-0250,731,2.312560313306268,minmaxnorm
154,Q0,DOE2-44-0008,732,2.3080841819272027,minmaxnorm
154,Q0,WSJ890731-0072,733,2.306250296247718,minmaxnorm
154,Q0,AP890412-0184,734,2.301480429880315,minmaxnorm
154,Q0,AP890424-0297,735,2.2984017720674226,minmaxnorm
154,Q0,WSJ920207-0010,736,2.2976174892836614,minmaxnorm
154,Q0,AP890405-0091,737,2.2962843133986137,minmaxnorm
154,Q0,DOE1-61-0729,738,2.2962027141659376,minmaxnorm
154,Q0,AP891007-0051,739,2.295609859943277,minmaxnorm
154,Q0,AP890404-0005,740,2.288066159262005,minmaxnorm
154,Q0,ZF207-214-226,741,2.2816856255204887,minmaxnorm
154,Q0,WSJ900815-0051,742,2.261415444720837,minmaxnorm
154,Q0,AP891028-0010,743,2.2489684707862945,minmaxnorm
154,Q0,AP890419-0063,744,2.245715938513664,minmaxnorm
154,Q0,WSJ910313-0087,745,2.2201954627874727,minmaxnorm
154,Q0,AP890404-0097,746,2.2196424405342228,minmaxnorm
154,Q0,AP890410-0120,747,2.2028987604405286,minmaxnorm
154,Q0,AP880903-0137,748,2.184076795301698,minmaxnorm
154,Q0,AP890516-0004,749,2.182669263258041,minmaxnorm
154,Q0,AP890405-0272,750,2.1792033595070066,minmaxnorm
154,Q0,DOE2-54-0639,751,2.168290340490306,minmaxnorm
154,Q0,WSJ910812-0057,752,2.161270634318309,minmaxnorm
154,Q0,AP891019-0058,753,2.1604704139736133,minmaxnorm
154,Q0,AP890910-0037,754,2.1597990263795825,minmaxnorm
154,Q0,WSJ900423-0072,755,2.1534435431164014,minmaxnorm
154,Q0,DOE1-23-0218,756,2.144727710382929,minmaxnorm
154,Q0,AP890621-0226,757,2.1381597622753055,minmaxnorm
154,Q0,AP890415-0008,758,2.133790708043427,minmaxnorm
154,Q0,WSJ910506-0145,759,2.132443442167795,minmaxnorm
154,Q0,WSJ920220-0110,760,2.1267767720854636,minmaxnorm
154,Q0,AP890427-0032,761,2.1090574391893218,minmaxnorm
154,Q0,DOE2-29-0206,762,2.098922026872282,minmaxnorm
154,Q0,DOE1-92-1088,763,2.0955719444985785,minmaxnorm
154,Q0,AP880229-0120,764,2.0949178446336214,minmaxnorm
154,Q0,WSJ910423-0162,765,2.091041510327874,minmaxnorm
154,Q0,AP890510-0110,766,2.090412134390146,minmaxnorm
154,Q0,AP890406-0216,767,2.080653915094122,minmaxnorm
154,Q0,WSJ890818-0112,768,2.0802216277554386,minmaxnorm
154,Q0,AP890329-0070,769,2.0781946285923025,minmaxnorm
154,Q0,WSJ900412-0115,770,2.063139137949439,minmaxnorm
154,Q0,WSJ880112-0101,771,2.06255756588644,minmaxnorm
154,Q0,WSJ910416-0061,772,2.059075288007004,minmaxnorm
154,Q0,AP890303-0113,773,2.0540607931888157,minmaxnorm
154,Q0,AP890427-0037,774,2.0533633839095202,minmaxnorm
154,Q0,DOE1-43-0061,775,2.043244256048639,minmaxnorm
154,Q0,AP890426-0014,776,2.0418375412832344,minmaxnorm
154,Q0,AP880717-0027,777,2.0404701108816115,minmaxnorm
154,Q0,DOE1-43-0682,778,2.039657856328833,minmaxnorm
154,Q0,AP890715-0127,779,2.02554645377373,minmaxnorm
154,Q0,AP890303-0087,780,2.0223232086937935,minmaxnorm
154,Q0,AP890721-0141,781,2.013372149311546,minmaxnorm
154,Q0,AP890929-0191,782,2.007038224703386,minmaxnorm
154,Q0,AP890405-0158,783,2.0052922269378373,minmaxnorm
154,Q0,DOE1-03-0588,784,2.002465607159149,minmaxnorm
154,Q0,AP890630-0087,785,2.0012762244319475,minmaxnorm
154,Q0,DOE2-02-0972,786,1.9933483505078375,minmaxnorm
154,Q0,AP890907-0037,787,1.9843953564239127,minmaxnorm
154,Q0,WSJ880914-0086,788,1.9835811907357137,minmaxnorm
154,Q0,AP891228-0070,789,1.9783004560913837,minmaxnorm
154,Q0,WSJ890727-0102,790,1.9713451096616645,minmaxnorm
154,Q0,WSJ900822-0064,791,1.9698113493585157,minmaxnorm
154,Q0,AP890420-0092,792,1.9672383568480574,minmaxnorm
154,Q0,AP890724-0165,793,1.9652372587915712,minmaxnorm
154,Q0,AP890216-0196,794,1.9631163936124587,minmaxnorm
154,Q0,AP890713-0062,795,1.9569072877849838,minmaxnorm
154,Q0,AP890507-0006,796,1.9558786178994607,minmaxnorm
154,Q0,DOE1-61-0742,797,1.953456841122972,minmaxnorm
154,Q0,AP880618-0038,798,1.9529204533223092,minmaxnorm
154,Q0,WSJ891024-0071,799,1.9520521725926978,minmaxnorm
154,Q0,AP890829-0036,800,1.95187275227318,minmaxnorm
154,Q0,AP881006-0295,801,1.9497869936727785,minmaxnorm
154,Q0,AP890915-0194,802,1.940959079716985,minmaxnorm
154,Q0,ZF108-678-994,803,1.939839378096966,minmaxnorm
154,Q0,AP880616-0190,804,1.9352722264246935,minmaxnorm
154,Q0,AP890407-0234,805,1.9287790492401586,minmaxnorm
154,Q0,WSJ880902-0016,806,1.9264640483218554,minmaxnorm
154,Q0,AP890510-0270,807,1.9145609598100541,minmaxnorm
154,Q0,DOE1-40-0313,808,1.9060373911939477,minmaxnorm
154,Q0,WSJ910123-0010,809,1.8914799741830999,minmaxnorm
154,Q0,DOE1-64-1197,810,1.8861981262405199,minmaxnorm
154,Q0,AP890527-0048,811,1.8777921050259334,minmaxnorm
154,Q0,AP890421-0047,812,1.8689976568490039,minmaxnorm
154,Q0,ZF207-581-380,813,1.8627436795557122,minmaxnorm
154,Q0,AP890724-0044,814,1.854529368436268,minmaxnorm
154,Q0,WSJ890727-0071,815,1.854490284544691,minmaxnorm
154,Q0,DOE2-30-0661,816,1.84201046038258,minmaxnorm
154,Q0,AP890504-0109,817,1.8401565663260793,minmaxnorm
154,Q0,WSJ900613-0014,818,1.8389032618084755,minmaxnorm
154,Q0,AP890404-0075,819,1.8315329196797867,minmaxnorm
154,Q0,AP890914-0072,820,1.8302936216133305,minmaxnorm
154,Q0,AP891204-0185,821,1.8257283930151966,minmaxnorm
154,Q0,AP891028-0002,822,1.8199076015142661,minmaxnorm
154,Q0,WSJ911107-0123,823,1.81965603359973,minmaxnorm
154,Q0,AP890726-0214,824,1.8166084826952937,minmaxnorm
154,Q0,AP890710-0014,825,1.816283850991814,minmaxnorm
154,Q0,AP880311-0018,826,1.8115129233020792,minmaxnorm
154,Q0,AP880605-0047,827,1.8059838739652172,minmaxnorm
154,Q0,AP890627-0086,828,1.7985497975708653,minmaxnorm
154,Q0,WSJ890817-0102,829,1.7966024629144846,minmaxnorm
154,Q0,DOE1-02-0679,830,1.796229171295105,minmaxnorm
154,Q0,DOE2-35-0458,831,1.7956872858905615,minmaxnorm
154,Q0,AP891102-0082,832,1.7937423464400815,minmaxnorm
154,Q0,AP890427-0292,833,1.7906726513284812,minmaxnorm
154,Q0,AP890720-0092,834,1.7788872175053485,minmaxnorm
154,Q0,AP891010-0227,835,1.778001384185813,minmaxnorm
154,Q0,AP890502-0045,836,1.775201684909652,minmaxnorm
154,Q0,WSJ890823-0122,837,1.7721083131044715,minmaxnorm
154,Q0,AP890619-0214,838,1.770388779067459,minmaxnorm
154,Q0,AP890804-0190,839,1.7701114981564756,minmaxnorm
154,Q0,AP891011-0079,840,1.7693503274076332,minmaxnorm
154,Q0,AP890406-0154,841,1.7670685918296807,minmaxnorm
154,Q0,DOE1-35-1180,842,1.766274002043684,minmaxnorm
154,Q0,WSJ910304-0081,843,1.7623946328317364,minmaxnorm
154,Q0,AP890726-0277,844,1.761191364989879,minmaxnorm
154,Q0,DOE1-04-0948,845,1.7486412279261043,minmaxnorm
154,Q0,AP880526-0331,846,1.7476274723719623,minmaxnorm
154,Q0,AP890407-0109,847,1.7364123483692233,minmaxnorm
154,Q0,AP891012-0199,848,1.733474723791179,minmaxnorm
154,Q0,WSJ890823-0006,849,1.7273347114940085,minmaxnorm
154,Q0,DOE1-93-0129,850,1.7267951426154449,minmaxnorm
154,Q0,AP891125-0042,851,1.7254473293311356,minmaxnorm
154,Q0,AP890204-0017,852,1.7230156124924598,minmaxnorm
154,Q0,AP890515-0212,853,1.720660190141397,minmaxnorm
154,Q0,DOE2-14-0124,854,1.7203483233841002,minmaxnorm
154,Q0,WSJ910930-0103,855,1.7167257303516736,minmaxnorm
154,Q0,AP890110-0090,856,1.7117571713377682,minmaxnorm
154,Q0,AP890403-0152,857,1.7107997546648632,minmaxnorm
154,Q0,WSJ911107-0034,858,1.7063188683145678,minmaxnorm
154,Q0,WSJ910515-0146,859,1.7033865053053259,minmaxnorm
154,Q0,AP890414-0139,860,1.6994371629127867,minmaxnorm
154,Q0,WSJ911115-0044,861,1.694748961632831,minmaxnorm
154,Q0,AP890621-0212,862,1.6897547206995005,minmaxnorm
154,Q0,AP890504-0271,863,1.6856852860225564,minmaxnorm
154,Q0,AP890518-0028,864,1.68311597198582,minmaxnorm
154,Q0,AP890928-0175,865,1.6800216346214594,minmaxnorm
154,Q0,WSJ910711-0084,866,1.676117585191536,minmaxnorm
154,Q0,AP890910-0034,867,1.6755292638710944,minmaxnorm
154,Q0,AP890722-0046,868,1.6724282281125846,minmaxnorm
154,Q0,AP890416-0082,869,1.6714880174872182,minmaxnorm
154,Q0,AP891216-0039,870,1.671160785111728,minmaxnorm
154,Q0,FR88502-0034,871,1.668599101581717,minmaxnorm
154,Q0,DOE1-47-0233,872,1.6631710100655914,minmaxnorm
154,Q0,WSJ910207-0111,873,1.6535055757580654,minmaxnorm
154,Q0,DOE1-16-0606,874,1.652093105276277,minmaxnorm
154,Q0,AP890501-0233,875,1.6482333258585151,minmaxnorm
154,Q0,DOE2-27-0730,876,1.6428480002457322,minmaxnorm
154,Q0,AP891119-0062,877,1.6407331921414885,minmaxnorm
154,Q0,WSJ880620-0072,878,1.6360620283648257,minmaxnorm
154,Q0,DOE2-09-0376,879,1.6340772979514138,minmaxnorm
154,Q0,WSJ890919-0137,880,1.6303724568141937,minmaxnorm
154,Q0,WSJ900424-0049,881,1.621913811585216,minmaxnorm
154,Q0,WSJ910208-0051,882,1.6202977875673876,minmaxnorm
154,Q0,AP891124-0126,883,1.615064679871908,minmaxnorm
154,Q0,AP890404-0114,884,1.6072417456242283,minmaxnorm
154,Q0,AP890801-0137,885,1.605744513703009,minmaxnorm
154,Q0,WSJ911101-0179,886,1.5896324210694697,minmaxnorm
154,Q0,WSJ910408-0136,887,1.580005049933769,minmaxnorm
154,Q0,AP890925-0010,888,1.5753500425635212,minmaxnorm
154,Q0,AP880722-0246,889,1.5742066284858707,minmaxnorm
154,Q0,AP890408-0110,890,1.5714536015245624,minmaxnorm
154,Q0,AP890426-0047,891,1.5650959890552811,minmaxnorm
154,Q0,AP890726-0246,892,1.5614980227923378,minmaxnorm
154,Q0,AP880430-0116,893,1.5510655270249223,minmaxnorm
154,Q0,AP890404-0248,894,1.5417733203902113,minmaxnorm
154,Q0,AP891117-0060,895,1.5402140389774512,minmaxnorm
154,Q0,AP890719-0205,896,1.538282953318886,minmaxnorm
154,Q0,AP890729-0128,897,1.5375472930031173,minmaxnorm
154,Q0,FR891114-0088,898,1.532347649425479,minmaxnorm
154,Q0,WSJ910304-0046,899,1.5318849311526672,minmaxnorm
154,Q0,AP890327-0169,900,1.5286999530400132,minmaxnorm
154,Q0,FR89815-0092,901,1.5264412218387482,minmaxnorm
154,Q0,AP890807-0144,902,1.5234385525661283,minmaxnorm
154,Q0,AP890830-0264,903,1.5225766748332321,minmaxnorm
154,Q0,ZF207-908-218,904,1.5053544476803087,minmaxnorm
154,Q0,AP890415-0118,905,1.5051084184496242,minmaxnorm
154,Q0,WSJ910314-0141,906,1.5019463929885821,minmaxnorm
154,Q0,WSJ900814-0013,907,1.4989541936665027,minmaxnorm
154,Q0,AP890707-0061,908,1.492615786398134,minmaxnorm
154,Q0,AP890407-0106,909,1.4882672912657786,minmaxnorm
154,Q0,AP890104-0051,910,1.4870864292100814,minmaxnorm
154,Q0,AP890426-0108,911,1.486378678348402,minmaxnorm
154,Q0,AP890713-0205,912,1.4855570665685205,minmaxnorm
154,Q0,AP890220-0028,913,1.4853738505971514,minmaxnorm
154,Q0,AP890406-0112,914,1.4819940693416749,minmaxnorm
154,Q0,DOE2-76-1247,915,1.478870703707554,minmaxnorm
154,Q0,WSJ910502-0085,916,1.4739773979760835,minmaxnorm
154,Q0,AP890721-0081,917,1.4728733877367737,minmaxnorm
154,Q0,DOE2-11-0090,918,1.4704513954864347,minmaxnorm
154,Q0,AP890505-0296,919,1.4683202984895263,minmaxnorm
154,Q0,WSJ880914-0080,920,1.4680098176687941,minmaxnorm
154,Q0,AP880301-0120,921,1.4663271207135755,minmaxnorm
154,Q0,AP890729-0023,922,1.4526370192498452,minmaxnorm
154,Q0,AP891018-0233,923,1.451040073065274,minmaxnorm
154,Q0,AP890301-0220,924,1.4465417537617087,minmaxnorm
154,Q0,DOE2-40-1107,925,1.4458103438629024,minmaxnorm
154,Q0,AP881121-0196,926,1.4429622832176436,minmaxnorm
154,Q0,WSJ911127-0030,927,1.4426347832765958,minmaxnorm
154,Q0,WSJ900802-0013,928,1.433685014294517,minmaxnorm
154,Q0,AP890815-0041,929,1.4324823497159078,minmaxnorm
154,Q0,WSJ900620-0083,930,1.430202466980772,minmaxnorm
154,Q0,WSJ880711-0022,931,1.4274991474094176,minmaxnorm
154,Q0,DOE1-40-0325,932,1.42460218034253,minmaxnorm
154,Q0,AP880730-0024,933,1.4164756142854187,minmaxnorm
154,Q0,WSJ910426-0077,934,1.4141369278309468,minmaxnorm
154,Q0,AP890426-0096,935,1.4112180506182295,minmaxnorm
154,Q0,DOE2-70-0510,936,1.4106230083995304,minmaxnorm
154,Q0,AP891123-0136,937,1.4087076314878817,minmaxnorm
154,Q0,FR88923-0021,938,1.4085237689531782,minmaxnorm
154,Q0,WSJ910425-0066,939,1.403368569844036,minmaxnorm
154,Q0,AP890518-0105,940,1.4015276226774485,minmaxnorm
154,Q0,AP891104-0048,941,1.3989118263471307,minmaxnorm
154,Q0,AP890823-0113,942,1.390873052431075,minmaxnorm
154,Q0,WSJ900413-0119,943,1.39052201278956,minmaxnorm
154,Q0,AP890415-0109,944,1.3889884872721034,minmaxnorm
154,Q0,DOE2-31-0788,945,1.381366054847103,minmaxnorm
154,Q0,AP890913-0157,946,1.3795957345468384,minmaxnorm
154,Q0,WSJ900813-0116,947,1.373309185685174,minmaxnorm
154,Q0,ZF207-309-724,948,1.3723928172189004,minmaxnorm
154,Q0,WSJ910228-0135,949,1.360544830632415,minmaxnorm
154,Q0,AP890408-0005,950,1.3599075081741185,minmaxnorm
154,Q0,AP890929-0098,951,1.3587829387058665,minmaxnorm
154,Q0,AP890320-0247,952,1.3572955478699877,minmaxnorm
154,Q0,AP890929-0094,953,1.352527077225655,minmaxnorm
154,Q0,AP890423-0042,954,1.3474272051217027,minmaxnorm
154,Q0,WSJ911108-0009,955,1.343871452764314,minmaxnorm
154,Q0,AP890412-0091,956,1.3423425448105308,minmaxnorm
154,Q0,AP890809-0285,957,1.3382924849243198,minmaxnorm
154,Q0,WSJ910524-0169,958,1.3305386488460997,minmaxnorm
154,Q0,AP881224-0127,959,1.3278208510669962,minmaxnorm
154,Q0,AP890302-0188,960,1.3195253228781414,minmaxnorm
154,Q0,AP890615-0123,961,1.3181580731470044,minmaxnorm
154,Q0,AP890415-0107,962,1.3079294856313999,minmaxnorm
154,Q0,AP890219-0095,963,1.3046045741317827,minmaxnorm
154,Q0,AP890429-0087,964,1.3034357114366184,minmaxnorm
154,Q0,AP890613-0022,965,1.3012725197067754,minmaxnorm
154,Q0,AP890405-0212,966,1.2968052946919861,minmaxnorm
154,Q0,AP890502-0226,967,1.2927216378499806,minmaxnorm
154,Q0,AP891122-0078,968,1.285091070324039,minmaxnorm
154,Q0,AP891021-0052,969,1.2849167141336064,minmaxnorm
154,Q0,DOE1-68-0551,970,1.2823099438837897,minmaxnorm
154,Q0,AP890817-0039,971,1.2736025984280535,minmaxnorm
154,Q0,AP890405-0013,972,1.2724120915872168,minmaxnorm
154,Q0,AP890703-0222,973,1.27226685489423,minmaxnorm
154,Q0,AP890518-0267,974,1.2720366303981248,minmaxnorm
154,Q0,AP890404-0032,975,1.2702602653524553,minmaxnorm
154,Q0,AP890701-0048,976,1.2670350136522315,minmaxnorm
154,Q0,AP880708-0114,977,1.2660137636732332,minmaxnorm
154,Q0,WSJ890905-0125,978,1.2637869048650496,minmaxnorm
154,Q0,AP891010-0200,979,1.25637815262436,minmaxnorm
154,Q0,AP880901-0152,980,1.2547803251851708,minmaxnorm
154,Q0,WSJ870707-0083,981,1.248369289421881,minmaxnorm
154,Q0,FR891006-0030,982,1.2445335109179354,minmaxnorm
154,Q0,AP890329-0232,983,1.2416326248880796,minmaxnorm
154,Q0,AP891112-0085,984,1.2378586974274064,minmaxnorm
154,Q0,AP890823-0101,985,1.2362717851262772,minmaxnorm
154,Q0,AP890801-0052,986,1.2352782929557655,minmaxnorm
154,Q0,WSJ900702-0014,987,1.2291159181326656,minmaxnorm
154,Q0,WSJ900426-0068,988,1.2256710264819881,minmaxnorm
154,Q0,WSJ910711-0105,989,1.2250628926546852,minmaxnorm
154,Q0,AP890404-0212,990,1.2243852677049276,minmaxnorm
154,Q0,AP890624-0111,991,1.2178872292334768,minmaxnorm
154,Q0,WSJ911001-0165,992,1.2128862886690854,minmaxnorm
154,Q0,DOE2-75-0415,993,1.2123716732252705,minmaxnorm
154,Q0,AP890418-0030,994,1.211748088047787,minmaxnorm
154,Q0,AP891021-0055,995,1.2084497023027336,minmaxnorm
154,Q0,AP890221-0184,996,1.2054898348282332,minmaxnorm
154,Q0,AP890607-0123,997,1.2031913261401477,minmaxnorm
154,Q0,WSJ891003-0109,998,1.1978459438952433,minmaxnorm
154,Q0,WSJ910502-0004,999,1.1960465474577733,minmaxnorm
154,Q0,WSJ910208-0114,1000,1.1871266169242394,minmaxnorm
155,Q0,AP880613-0027,1,11.928562206007244,minmaxnorm
155,Q0,AP880926-0016,2,11.842897653265823,minmaxnorm
155,Q0,WSJ890926-0054,3,11.754349140728523,minmaxnorm
155,Q0,AP880615-0056,4,11.445599226688655,minmaxnorm
155,Q0,WSJ890925-0121,5,11.236946529229773,minmaxnorm
155,Q0,AP880614-0143,6,10.957087108512995,minmaxnorm
155,Q0,WSJ861202-0115,7,10.907163701513479,minmaxnorm
155,Q0,AP890612-0051,8,10.489943385960528,minmaxnorm
155,Q0,AP880604-0131,9,10.417917676394971,minmaxnorm
155,Q0,AP881010-0149,10,9.967818941720607,minmaxnorm
155,Q0,WSJ870504-0028,11,9.795196643965632,minmaxnorm
155,Q0,WSJ881020-0199,12,9.668641147308316,minmaxnorm
155,Q0,AP891109-0131,13,9.284778572345806,minmaxnorm
155,Q0,AP880816-0001,14,9.106992170879195,minmaxnorm
155,Q0,AP891115-0168,15,8.679824369061212,minmaxnorm
155,Q0,AP890522-0296,16,8.573782753641588,minmaxnorm
155,Q0,AP880411-0183,17,8.375641934828673,minmaxnorm
155,Q0,AP890329-0192,18,8.114794541908454,minmaxnorm
155,Q0,WSJ880108-0069,19,7.93988698362228,minmaxnorm
155,Q0,AP890522-0298,20,7.692072395421823,minmaxnorm
155,Q0,AP881016-0047,21,7.650627957020645,minmaxnorm
155,Q0,AP890328-0181,22,7.632277400654252,minmaxnorm
155,Q0,AP880607-0144,23,7.624251410025982,minmaxnorm
155,Q0,AP891223-0055,24,7.591754907208147,minmaxnorm
155,Q0,WSJ871116-0037,25,7.4129073484255805,minmaxnorm
155,Q0,WSJ880816-0058,26,7.23588710028471,minmaxnorm
155,Q0,AP890815-0108,27,7.217324287088195,minmaxnorm
155,Q0,AP881014-0255,28,7.177509411717615,minmaxnorm
155,Q0,WSJ880307-0050,29,7.166738467799337,minmaxnorm
155,Q0,AP890407-0189,30,7.083176404524186,minmaxnorm
155,Q0,AP881112-0087,31,7.077383641113302,minmaxnorm
155,Q0,AP880309-0247,32,7.070702416001044,minmaxnorm
155,Q0,WSJ910501-0144,33,6.923648345212423,minmaxnorm
155,Q0,AP880823-0037,34,6.860028204306622,minmaxnorm
155,Q0,AP880401-0175,35,6.797919552071553,minmaxnorm
155,Q0,WSJ870813-0142,36,6.758603377489761,minmaxnorm
155,Q0,WSJ900425-0125,37,6.7284499311010455,minmaxnorm
155,Q0,AP890522-0297,38,6.7198940220871926,minmaxnorm
155,Q0,AP880226-0016,39,6.711471628185239,minmaxnorm
155,Q0,WSJ880323-0073,40,6.708972965984429,minmaxnorm
155,Q0,WSJ870807-0080,41,6.661794522135472,minmaxnorm
155,Q0,AP881017-0199,42,6.549105920056111,minmaxnorm
155,Q0,AP891025-0144,43,6.404441124585855,minmaxnorm
155,Q0,AP880614-0070,44,6.336478932075586,minmaxnorm
155,Q0,AP880719-0250,45,6.318979541216127,minmaxnorm
155,Q0,AP890503-0242,46,6.31334989178561,minmaxnorm
155,Q0,AP890315-0238,47,6.205181512006622,minmaxnorm
155,Q0,AP890130-0085,48,6.2019087359700755,minmaxnorm
155,Q0,AP881102-0222,49,6.184587591637791,minmaxnorm
155,Q0,AP880401-0273,50,6.18375224614503,minmaxnorm
155,Q0,AP891024-0065,51,6.153262178492686,minmaxnorm
155,Q0,AP891023-0057,52,6.130600477245719,minmaxnorm
155,Q0,WSJ870522-0131,53,6.089548195925566,minmaxnorm
155,Q0,WSJ891013-0120,54,5.982332059847208,minmaxnorm
155,Q0,WSJ870327-0121,55,5.977440979517527,minmaxnorm
155,Q0,AP890412-0085,56,5.955272881786015,minmaxnorm
155,Q0,WSJ910930-0070,57,5.930913012172032,minmaxnorm
155,Q0,AP890318-0119,58,5.9056435686030735,minmaxnorm
155,Q0,AP891110-0117,59,5.895979039556096,minmaxnorm
155,Q0,AP890411-0073,60,5.842918441004543,minmaxnorm
155,Q0,WSJ900507-0012,61,5.8417245535866265,minmaxnorm
155,Q0,WSJ870325-0134,62,5.804016472028646,minmaxnorm
155,Q0,AP880822-0190,63,5.7939884976899165,minmaxnorm
155,Q0,AP891108-0034,64,5.785581930356451,minmaxnorm
155,Q0,AP891227-0153,65,5.66629606299965,minmaxnorm
155,Q0,WSJ910107-0164,66,5.594490277708304,minmaxnorm
155,Q0,AP880502-0114,67,5.513602754643267,minmaxnorm
155,Q0,WSJ861216-0001,68,5.50932577619007,minmaxnorm
155,Q0,AP890316-0029,69,5.469409564484588,minmaxnorm
155,Q0,WSJ871222-0108,70,5.467625310614447,minmaxnorm
155,Q0,AP881018-0224,71,5.414673960367579,minmaxnorm
155,Q0,AP890722-0115,72,5.388005659201967,minmaxnorm
155,Q0,AP881011-0214,73,5.382727396857702,minmaxnorm
155,Q0,AP891112-0022,74,5.342890061080152,minmaxnorm
155,Q0,AP891217-0010,75,5.329751319946257,minmaxnorm
155,Q0,WSJ880518-0162,76,5.185224558779604,minmaxnorm
155,Q0,AP890709-0013,77,5.162224085085893,minmaxnorm
155,Q0,AP880803-0243,78,5.116819056318852,minmaxnorm
155,Q0,AP890809-0187,79,5.110265026972079,minmaxnorm
155,Q0,AP880612-0027,80,5.108646959071308,minmaxnorm
155,Q0,AP880930-0026,81,5.085584570571954,minmaxnorm
155,Q0,AP890908-0049,82,5.01289218024868,minmaxnorm
155,Q0,AP891214-0084,83,4.970892587685496,minmaxnorm
155,Q0,AP890218-0061,84,4.970622571908765,minmaxnorm
155,Q0,AP890126-0022,85,4.968683843853727,minmaxnorm
155,Q0,AP890317-0155,86,4.94644973484382,minmaxnorm
155,Q0,AP880817-0221,87,4.944470234050077,minmaxnorm
155,Q0,WSJ880119-0115,88,4.943666364100374,minmaxnorm
155,Q0,AP881129-0165,89,4.94160796192641,minmaxnorm
155,Q0,WSJ870914-0102,90,4.919334553504801,minmaxnorm
155,Q0,AP890306-0036,91,4.913610506712481,minmaxnorm
155,Q0,AP890301-0148,92,4.912316836948221,minmaxnorm
155,Q0,AP890907-0141,93,4.903202625391566,minmaxnorm
155,Q0,AP890411-0118,94,4.842306684660406,minmaxnorm
155,Q0,AP890912-0221,95,4.827981033077096,minmaxnorm
155,Q0,AP890517-0044,96,4.790345025032978,minmaxnorm
155,Q0,AP880902-0211,97,4.7630729525426965,minmaxnorm
155,Q0,AP880327-0028,98,4.750272535867827,minmaxnorm
155,Q0,AP880616-0038,99,4.73836761185305,minmaxnorm
155,Q0,WSJ870720-0117,100,4.7256675293968184,minmaxnorm
155,Q0,AP890316-0063,101,4.725651127122963,minmaxnorm
155,Q0,WSJ910514-0086,102,4.697101900639067,minmaxnorm
155,Q0,WSJ880105-0132,103,4.677845431544038,minmaxnorm
155,Q0,AP880920-0150,104,4.671185089110395,minmaxnorm
155,Q0,AP880601-0273,105,4.652133071805521,minmaxnorm
155,Q0,AP890412-0179,106,4.620197469741649,minmaxnorm
155,Q0,AP881021-0057,107,4.597754665167912,minmaxnorm
155,Q0,AP890905-0072,108,4.59061624853595,minmaxnorm
155,Q0,AP881228-0038,109,4.57730024209627,minmaxnorm
155,Q0,AP890315-0023,110,4.5623425430773015,minmaxnorm
155,Q0,WSJ900702-0004,111,4.559737938193573,minmaxnorm
155,Q0,AP891004-0093,112,4.490256885382982,minmaxnorm
155,Q0,AP880509-0127,113,4.48687399007801,minmaxnorm
155,Q0,AP890503-0066,114,4.434046079686201,minmaxnorm
155,Q0,AP880223-0056,115,4.433756719652967,minmaxnorm
155,Q0,AP880609-0240,116,4.4070674551944435,minmaxnorm
155,Q0,AP880521-0052,117,4.400438632608016,minmaxnorm
155,Q0,AP890305-0046,118,4.3826445932680995,minmaxnorm
155,Q0,AP880624-0033,119,4.3475655987952315,minmaxnorm
155,Q0,AP890223-0073,120,4.325838941957413,minmaxnorm
155,Q0,AP890130-0045,121,4.317217970361039,minmaxnorm
155,Q0,AP890313-0070,122,4.293990725202175,minmaxnorm
155,Q0,AP881231-0044,123,4.268674506645299,minmaxnorm
155,Q0,WSJ910320-0166,124,4.25227486957065,minmaxnorm
155,Q0,WSJ880210-0060,125,4.217843659905092,minmaxnorm
155,Q0,WSJ870511-0107,126,4.2068453190114,minmaxnorm
155,Q0,AP880624-0115,127,4.196178081907424,minmaxnorm
155,Q0,AP890912-0051,128,4.193724789804566,minmaxnorm
155,Q0,AP890915-0003,129,4.169503043615843,minmaxnorm
155,Q0,AP880608-0060,130,4.151121665067636,minmaxnorm
155,Q0,AP890912-0224,131,4.150404592671809,minmaxnorm
155,Q0,AP891118-0054,132,4.144660131085522,minmaxnorm
155,Q0,WSJ870703-0148,133,4.135633632157908,minmaxnorm
155,Q0,WSJ880912-0058,134,4.103877611145832,minmaxnorm
155,Q0,AP880502-0240,135,4.094977463222067,minmaxnorm
155,Q0,AP881219-0192,136,4.064974549894259,minmaxnorm
155,Q0,AP880319-0177,137,4.060364083002293,minmaxnorm
155,Q0,AP890315-0217,138,4.058425228459935,minmaxnorm
155,Q0,WSJ870312-0109,139,4.053966001517751,minmaxnorm
155,Q0,AP890304-0151,140,4.053266155102222,minmaxnorm
155,Q0,AP890608-0142,141,4.010998414447483,minmaxnorm
155,Q0,WSJ880620-0044,142,3.974994513985325,minmaxnorm
155,Q0,AP890628-0119,143,3.96238035645619,minmaxnorm
155,Q0,AP880914-0112,144,3.959566198588399,minmaxnorm
155,Q0,AP890831-0183,145,3.951941997004052,minmaxnorm
155,Q0,AP880312-0204,146,3.932332338017784,minmaxnorm
155,Q0,AP890213-0097,147,3.9143530153322583,minmaxnorm
155,Q0,AP880303-0038,148,3.9132219536305755,minmaxnorm
155,Q0,AP880416-0082,149,3.8924012582827716,minmaxnorm
155,Q0,AP880617-0035,150,3.8833700049664825,minmaxnorm
155,Q0,AP890313-0023,151,3.877068061980675,minmaxnorm
155,Q0,AP891114-0127,152,3.8303012204411147,minmaxnorm
155,Q0,AP890831-0074,153,3.805024190154026,minmaxnorm
155,Q0,AP880425-0029,154,3.7887671502565143,minmaxnorm
155,Q0,WSJ870302-0006,155,3.7861320833366636,minmaxnorm
155,Q0,WSJ880223-0078,156,3.774588158289698,minmaxnorm
155,Q0,AP880825-0170,157,3.771190106274395,minmaxnorm
155,Q0,WSJ910513-0050,158,3.769647010716127,minmaxnorm
155,Q0,AP880320-0076,159,3.766051969511648,minmaxnorm
155,Q0,AP880823-0005,160,3.761487361371759,minmaxnorm
155,Q0,WSJ870126-0022,161,3.7468338046994774,minmaxnorm
155,Q0,WSJ910320-0140,162,3.7455915750763267,minmaxnorm
155,Q0,WSJ910716-0107,163,3.7398821152021164,minmaxnorm
155,Q0,AP890219-0094,164,3.735769781415716,minmaxnorm
155,Q0,AP880428-0164,165,3.730980939373095,minmaxnorm
155,Q0,AP890621-0149,166,3.7274379956218175,minmaxnorm
155,Q0,WSJ900608-0007,167,3.7206506937231136,minmaxnorm
155,Q0,WSJ870813-0122,168,3.7181830767831854,minmaxnorm
155,Q0,WSJ870930-0092,169,3.7059528863242144,minmaxnorm
155,Q0,WSJ881017-0112,170,3.6937174055318844,minmaxnorm
155,Q0,WSJ870810-0077,171,3.6711404733222306,minmaxnorm
155,Q0,AP880301-0188,172,3.6633289440483243,minmaxnorm
155,Q0,AP890927-0036,173,3.661222352274033,minmaxnorm
155,Q0,AP880901-0037,174,3.648236175886762,minmaxnorm
155,Q0,AP890201-0213,175,3.6321981156660104,minmaxnorm
155,Q0,AP891006-0021,176,3.6230484034278603,minmaxnorm
155,Q0,AP890512-0117,177,3.584901075029833,minmaxnorm
155,Q0,AP891106-0096,178,3.5832814604980854,minmaxnorm
155,Q0,WSJ880224-0138,179,3.556475797169027,minmaxnorm
155,Q0,AP891002-0070,180,3.548784127828477,minmaxnorm
155,Q0,AP881221-0191,181,3.548677617355179,minmaxnorm
155,Q0,AP881214-0248,182,3.541670591932585,minmaxnorm
155,Q0,AP880921-0182,183,3.5308141043889334,minmaxnorm
155,Q0,AP881109-0202,184,3.5305438603967962,minmaxnorm
155,Q0,AP880818-0025,185,3.5216719952170132,minmaxnorm
155,Q0,AP890125-0134,186,3.5106287737532744,minmaxnorm
155,Q0,AP880912-0083,187,3.507779590677522,minmaxnorm
155,Q0,AP890828-0186,188,3.507365972454955,minmaxnorm
155,Q0,AP880319-0187,189,3.5032744560271536,minmaxnorm
155,Q0,WSJ870202-0050,190,3.50106322793319,minmaxnorm
155,Q0,AP891023-0168,191,3.4962629227850726,minmaxnorm
155,Q0,AP891004-0016,192,3.4850789089393186,minmaxnorm
155,Q0,AP891105-0095,193,3.4673134097395035,minmaxnorm
155,Q0,AP880816-0153,194,3.424410428887874,minmaxnorm
155,Q0,WSJ910118-0162,195,3.4231990524225733,minmaxnorm
155,Q0,WSJ900829-0110,196,3.411613143372484,minmaxnorm
155,Q0,AP880321-0040,197,3.3952707413519647,minmaxnorm
155,Q0,AP880531-0069,198,3.3878795241720585,minmaxnorm
155,Q0,AP890527-0030,199,3.3658748541252783,minmaxnorm
155,Q0,WSJ870105-0100,200,3.3653441700946782,minmaxnorm
155,Q0,AP890323-0109,201,3.35765627018275,minmaxnorm
155,Q0,AP890421-0046,202,3.32380075121342,minmaxnorm
155,Q0,WSJ911231-0022,203,3.3099208710382744,minmaxnorm
155,Q0,AP881227-0180,204,3.305142029770402,minmaxnorm
155,Q0,WSJ880913-0155,205,3.2986669869016305,minmaxnorm
155,Q0,AP890616-0172,206,3.2975282106156127,minmaxnorm
155,Q0,AP890124-0034,207,3.292738426394854,minmaxnorm
155,Q0,AP890328-0013,208,3.2914335165322033,minmaxnorm
155,Q0,AP880615-0252,209,3.2801080087976318,minmaxnorm
155,Q0,WSJ870218-0060,210,3.2746907221155337,minmaxnorm
155,Q0,AP891102-0146,211,3.2599460715662594,minmaxnorm
155,Q0,AP880824-0157,212,3.257022642957166,minmaxnorm
155,Q0,AP880511-0155,213,3.2563549509026983,minmaxnorm
155,Q0,AP890707-0020,214,3.243415524457723,minmaxnorm
155,Q0,AP880215-0002,215,3.242761399447346,minmaxnorm
155,Q0,AP890320-0040,216,3.239309866176333,minmaxnorm
155,Q0,AP881208-0170,217,3.2355479653423753,minmaxnorm
155,Q0,AP890228-0169,218,3.2323168409429397,minmaxnorm
155,Q0,AP891012-0201,219,3.214744674610488,minmaxnorm
155,Q0,AP890603-0114,220,3.213061872812306,minmaxnorm
155,Q0,AP880213-0200,221,3.201876130251713,minmaxnorm
155,Q0,WSJ870624-0115,222,3.20073014017325,minmaxnorm
155,Q0,AP890504-0244,223,3.195778931576072,minmaxnorm
155,Q0,AP880324-0192,224,3.19239629185131,minmaxnorm
155,Q0,WSJ880511-0138,225,3.19111056627451,minmaxnorm
155,Q0,AP881213-0211,226,3.1854832876735064,minmaxnorm
155,Q0,AP890129-0056,227,3.1795915313848147,minmaxnorm
155,Q0,WSJ870902-0110,228,3.1688486854221085,minmaxnorm
155,Q0,AP881230-0005,229,3.163696084468326,minmaxnorm
155,Q0,AP880225-0020,230,3.1583378220639844,minmaxnorm
155,Q0,AP880417-0071,231,3.1575749968104234,minmaxnorm
155,Q0,WSJ870812-0075,232,3.1493775831478703,minmaxnorm
155,Q0,AP890805-0058,233,3.1313027402333864,minmaxnorm
155,Q0,AP891104-0059,234,3.1252585273042093,minmaxnorm
155,Q0,AP880511-0005,235,3.1156890838925637,minmaxnorm
155,Q0,FR881206-0095,236,3.115684309123768,minmaxnorm
155,Q0,AP880505-0293,237,3.109640394904935,minmaxnorm
155,Q0,AP880609-0104,238,3.084380287643378,minmaxnorm
155,Q0,AP881122-0055,239,3.0773765983069485,minmaxnorm
155,Q0,AP880302-0272,240,3.0698247625860478,minmaxnorm
155,Q0,AP890906-0184,241,3.0674780334391336,minmaxnorm
155,Q0,WSJ891012-0145,242,3.0671030290779093,minmaxnorm
155,Q0,AP880528-0160,243,3.047593426401249,minmaxnorm
155,Q0,WSJ871224-0003,244,3.0430200718265477,minmaxnorm
155,Q0,AP880928-0147,245,3.038204257667062,minmaxnorm
155,Q0,AP881101-0107,246,3.0334918498307823,minmaxnorm
155,Q0,AP890504-0132,247,3.0323580620663146,minmaxnorm
155,Q0,WSJ870622-0085,248,3.028209377152107,minmaxnorm
155,Q0,AP890613-0133,249,3.0221949252775953,minmaxnorm
155,Q0,AP881111-0139,250,3.008988869887439,minmaxnorm
155,Q0,AP890302-0019,251,2.9893719539198638,minmaxnorm
155,Q0,AP891013-0055,252,2.9874187983180707,minmaxnorm
155,Q0,AP890405-0066,253,2.9873453981100497,minmaxnorm
155,Q0,WSJ920113-0019,254,2.9784966125216976,minmaxnorm
155,Q0,WSJ870127-0017,255,2.9739693741088464,minmaxnorm
155,Q0,AP890208-0243,256,2.968777226284055,minmaxnorm
155,Q0,WSJ870518-0041,257,2.9533509387088097,minmaxnorm
155,Q0,WSJ920304-0103,258,2.9433305338940423,minmaxnorm
155,Q0,WSJ900424-0097,259,2.9397037168079887,minmaxnorm
155,Q0,WSJ890907-0113,260,2.9296594753545127,minmaxnorm
155,Q0,AP880816-0122,261,2.9182675998629772,minmaxnorm
155,Q0,WSJ870908-0164,262,2.9088863512820047,minmaxnorm
155,Q0,WSJ880115-0075,263,2.9071475707905345,minmaxnorm
155,Q0,AP880317-0068,264,2.9042970900517053,minmaxnorm
155,Q0,WSJ880520-0132,265,2.89886226302859,minmaxnorm
155,Q0,AP880317-0187,266,2.8967729011455052,minmaxnorm
155,Q0,AP880912-0159,267,2.890490879720475,minmaxnorm
155,Q0,WSJ870917-0048,268,2.879780679998974,minmaxnorm
155,Q0,AP891129-0152,269,2.8791367712285267,minmaxnorm
155,Q0,WSJ870924-0152,270,2.8641318421032507,minmaxnorm
155,Q0,AP880906-0011,271,2.8621770750640927,minmaxnorm
155,Q0,AP881008-0096,272,2.86055840362979,minmaxnorm
155,Q0,WSJ881007-0089,273,2.843023291487417,minmaxnorm
155,Q0,AP890529-0005,274,2.8417431939145494,minmaxnorm
155,Q0,WSJ900705-0138,275,2.8391440797170038,minmaxnorm
155,Q0,AP880325-0012,276,2.8340011337263236,minmaxnorm
155,Q0,AP890503-0205,277,2.831978518590651,minmaxnorm
155,Q0,AP880521-0192,278,2.8306800133213783,minmaxnorm
155,Q0,WSJ880513-0188,279,2.829952506350001,minmaxnorm
155,Q0,AP890306-0008,280,2.8265932484403327,minmaxnorm
155,Q0,AP890320-0201,281,2.8208699957802303,minmaxnorm
155,Q0,WSJ911112-0136,282,2.816814573117919,minmaxnorm
155,Q0,WSJ870608-0108,283,2.8129049129057533,minmaxnorm
155,Q0,WSJ910204-0141,284,2.8083700633232023,minmaxnorm
155,Q0,AP880402-0014,285,2.7790273503201983,minmaxnorm
155,Q0,AP891125-0050,286,2.778812308384397,minmaxnorm
155,Q0,AP880817-0086,287,2.7739616057983496,minmaxnorm
155,Q0,AP890503-0222,288,2.7699946372548623,minmaxnorm
155,Q0,AP890123-0201,289,2.7674015462765156,minmaxnorm
155,Q0,AP890625-0059,290,2.759244796074601,minmaxnorm
155,Q0,AP891111-0104,291,2.75038273719818,minmaxnorm
155,Q0,WSJ900410-0101,292,2.745708756666133,minmaxnorm
155,Q0,AP880621-0277,293,2.7332523140394693,minmaxnorm
155,Q0,AP891114-0067,294,2.7290266652878152,minmaxnorm
155,Q0,AP881122-0064,295,2.7274735319793906,minmaxnorm
155,Q0,WSJ861226-0041,296,2.7233779999354817,minmaxnorm
155,Q0,AP890407-0127,297,2.7162197347918555,minmaxnorm
155,Q0,AP890210-0169,298,2.7014085400786265,minmaxnorm
155,Q0,WSJ901231-0145,299,2.700259765904557,minmaxnorm
155,Q0,AP880923-0009,300,2.6960471361933136,minmaxnorm
155,Q0,AP890423-0078,301,2.6948252973642672,minmaxnorm
155,Q0,AP880516-0015,302,2.6941123423784417,minmaxnorm
155,Q0,AP890222-0049,303,2.6899611470950067,minmaxnorm
155,Q0,AP881221-0216,304,2.68475303070377,minmaxnorm
155,Q0,WSJ880609-0119,305,2.680013074755008,minmaxnorm
155,Q0,WSJ900917-0085,306,2.67679039955769,minmaxnorm
155,Q0,WSJ900925-0159,307,2.672224018985525,minmaxnorm
155,Q0,WSJ911219-0107,308,2.6666264587385373,minmaxnorm
155,Q0,WSJ880615-0086,309,2.6484059128388595,minmaxnorm
155,Q0,AP890601-0170,310,2.6459154177156625,minmaxnorm
155,Q0,AP880418-0032,311,2.629868690422991,minmaxnorm
155,Q0,AP890414-0076,312,2.6298158914294527,minmaxnorm
155,Q0,WSJ870421-0051,313,2.627206799060088,minmaxnorm
155,Q0,AP890224-0174,314,2.624818286934384,minmaxnorm
155,Q0,AP880219-0124,315,2.622321267492248,minmaxnorm
155,Q0,WSJ900529-0081,316,2.6194711027034496,minmaxnorm
155,Q0,WSJ901220-0176,317,2.6191831585344927,minmaxnorm
155,Q0,AP880427-0003,318,2.6085975245754023,minmaxnorm
155,Q0,AP891029-0033,319,2.6014383337436375,minmaxnorm
155,Q0,AP880507-0093,320,2.591920437618434,minmaxnorm
155,Q0,WSJ870513-0149,321,2.591231901978262,minmaxnorm
155,Q0,AP881114-0021,322,2.5882965744608994,minmaxnorm
155,Q0,AP891004-0195,323,2.5834378810736123,minmaxnorm
155,Q0,AP881018-0208,324,2.5790552161465996,minmaxnorm
155,Q0,AP880904-0041,325,2.577359119243033,minmaxnorm
155,Q0,AP891027-0154,326,2.5605969612348183,minmaxnorm
155,Q0,WSJ911115-0170,327,2.5569386664857734,minmaxnorm
155,Q0,WSJ890817-0021,328,2.5514510520206146,minmaxnorm
155,Q0,WSJ880401-0113,329,2.540472363199136,minmaxnorm
155,Q0,ZF108-073-656,330,2.5373090116264416,minmaxnorm
155,Q0,AP890305-0049,331,2.5268625668187767,minmaxnorm
155,Q0,WSJ910927-0179,332,2.5159610471785117,minmaxnorm
155,Q0,AP890920-0024,333,2.515457945525934,minmaxnorm
155,Q0,AP880818-0250,334,2.514874896306123,minmaxnorm
155,Q0,WSJ881011-0133,335,2.5141103390527073,minmaxnorm
155,Q0,AP890217-0135,336,2.508543900379475,minmaxnorm
155,Q0,AP880903-0055,337,2.5041865979448343,minmaxnorm
155,Q0,AP891104-0125,338,2.503854561876434,minmaxnorm
155,Q0,AP890906-0073,339,2.483210279797761,minmaxnorm
155,Q0,AP891104-0067,340,2.4763808447850786,minmaxnorm
155,Q0,AP881219-0088,341,2.468945527957732,minmaxnorm
155,Q0,WSJ890901-0137,342,2.4653770657814076,minmaxnorm
155,Q0,AP881006-0003,343,2.460773579808164,minmaxnorm
155,Q0,WSJ900830-0148,344,2.4509522892475353,minmaxnorm
155,Q0,AP881207-0008,345,2.4503480199127483,minmaxnorm
155,Q0,AP881217-0105,346,2.4483235248146213,minmaxnorm
155,Q0,AP890501-0222,347,2.4444665209755043,minmaxnorm
155,Q0,WSJ880307-0126,348,2.4351254993213294,minmaxnorm
155,Q0,WSJ870210-0160,349,2.4301810432279733,minmaxnorm
155,Q0,AP881103-0155,350,2.4235210523343267,minmaxnorm
155,Q0,WSJ890807-0005,351,2.4156507542632384,minmaxnorm
155,Q0,AP881207-0149,352,2.4128165198571025,minmaxnorm
155,Q0,WSJ881103-0103,353,2.4092941842932927,minmaxnorm
155,Q0,AP880520-0217,354,2.4032196317930077,minmaxnorm
155,Q0,AP890130-0145,355,2.393565056757606,minmaxnorm
155,Q0,WSJ910924-0092,356,2.3924826426646417,minmaxnorm
155,Q0,AP891026-0013,357,2.3916072597913125,minmaxnorm
155,Q0,AP890320-0026,358,2.385814010005896,minmaxnorm
155,Q0,WSJ911231-0119,359,2.3839977499248537,minmaxnorm
155,Q0,WSJ870513-0114,360,2.375843244357032,minmaxnorm
155,Q0,AP880922-0137,361,2.3754308268432203,minmaxnorm
155,Q0,AP891129-0083,362,2.373426917715897,minmaxnorm
155,Q0,AP881125-0162,363,2.3612264985999887,minmaxnorm
155,Q0,AP880421-0103,364,2.3563563878608265,minmaxnorm
155,Q0,AP880925-0090,365,2.3556249065529453,minmaxnorm
155,Q0,AP880604-0120,366,2.341652510172671,minmaxnorm
155,Q0,AP890423-0074,367,2.3416010104371976,minmaxnorm
155,Q0,WSJ880201-0114,368,2.3395877333928237,minmaxnorm
155,Q0,AP890417-0229,369,2.3346915750760076,minmaxnorm
155,Q0,WSJ900705-0139,370,2.3332499561658158,minmaxnorm
155,Q0,AP880516-0267,371,2.3300381015950995,minmaxnorm
155,Q0,WSJ910423-0172,372,2.330036925589909,minmaxnorm
155,Q0,AP890320-0003,373,2.3155275643395976,minmaxnorm
155,Q0,AP890610-0009,374,2.3095418315449234,minmaxnorm
155,Q0,WSJ871112-0079,375,2.30862975785342,minmaxnorm
155,Q0,WSJ900427-0076,376,2.303477512905448,minmaxnorm
155,Q0,AP880905-0100,377,2.2981610770123444,minmaxnorm
155,Q0,AP891030-0067,378,2.288577688239153,minmaxnorm
155,Q0,AP890510-0227,379,2.2884717888590833,minmaxnorm
155,Q0,WSJ910327-0138,380,2.2875317121418917,minmaxnorm
155,Q0,AP880308-0032,381,2.286647302376352,minmaxnorm
155,Q0,AP880625-0115,382,2.2774033848599142,minmaxnorm
155,Q0,WSJ911231-0049,383,2.2705509897847596,minmaxnorm
155,Q0,AP890603-0017,384,2.2693415155879646,minmaxnorm
155,Q0,AP890117-0213,385,2.2643178851922587,minmaxnorm
155,Q0,AP890411-0007,386,2.258472748475752,minmaxnorm
155,Q0,AP880323-0029,387,2.2496729255707937,minmaxnorm
155,Q0,AP891006-0217,388,2.2449561988365714,minmaxnorm
155,Q0,AP881124-0052,389,2.2422483548801,minmaxnorm
155,Q0,AP891012-0225,390,2.2401682863413406,minmaxnorm
155,Q0,AP890709-0030,391,2.226103019857771,minmaxnorm
155,Q0,AP880330-0233,392,2.2139278708561423,minmaxnorm
155,Q0,AP880217-0138,393,2.2121850474078775,minmaxnorm
155,Q0,AP891125-0084,394,2.207322604152776,minmaxnorm
155,Q0,AP891122-0226,395,2.204566252726632,minmaxnorm
155,Q0,WSJ880531-0144,396,2.204061424441904,minmaxnorm
155,Q0,AP881015-0021,397,2.2039561382577935,minmaxnorm
155,Q0,AP880816-0121,398,2.2030264988234722,minmaxnorm
155,Q0,WSJ900803-0105,399,2.2016060000558797,minmaxnorm
155,Q0,WSJ890807-0002,400,2.1916401479248653,minmaxnorm
155,Q0,AP891104-0016,401,2.1813501249290503,minmaxnorm
155,Q0,AP880831-0140,402,2.178074071834813,minmaxnorm
155,Q0,AP890222-0192,403,2.1756601441079995,minmaxnorm
155,Q0,AP891030-0147,404,2.175253640318778,minmaxnorm
155,Q0,AP880615-0093,405,2.168391922777871,minmaxnorm
155,Q0,AP891002-0097,406,2.1670529479099856,minmaxnorm
155,Q0,AP890914-0061,407,2.1658617296346985,minmaxnorm
155,Q0,AP880524-0247,408,2.161280088923159,minmaxnorm
155,Q0,WSJ911204-0108,409,2.1610414356775944,minmaxnorm
155,Q0,AP881024-0154,410,2.159606796870814,minmaxnorm
155,Q0,AP880729-0216,411,2.1581720368102872,minmaxnorm
155,Q0,AP880924-0001,412,2.153628758327122,minmaxnorm
155,Q0,WSJ920120-0125,413,2.1492040092789506,minmaxnorm
155,Q0,AP890419-0113,414,2.1486348700151363,minmaxnorm
155,Q0,AP890318-0070,415,2.145886159270109,minmaxnorm
155,Q0,AP890620-0273,416,2.1445398592729994,minmaxnorm
155,Q0,AP890203-0172,417,2.1336310558485363,minmaxnorm
155,Q0,AP880901-0203,418,2.12388484940699,minmaxnorm
155,Q0,AP890419-0159,419,2.1200951317428327,minmaxnorm
155,Q0,WSJ890824-0066,420,2.107329063025196,minmaxnorm
155,Q0,AP890124-0172,421,2.0997282597404547,minmaxnorm
155,Q0,WSJ870701-0184,422,2.0948462958617067,minmaxnorm
155,Q0,AP890918-0178,423,2.0940197902866178,minmaxnorm
155,Q0,WSJ910110-0012,424,2.086778142205396,minmaxnorm
155,Q0,WSJ900503-0037,425,2.08095609291989,minmaxnorm
155,Q0,AP880928-0231,426,2.0773856006926845,minmaxnorm
155,Q0,AP891018-0217,427,2.0724587215428185,minmaxnorm
155,Q0,AP890906-0142,428,2.0712952668165903,minmaxnorm
155,Q0,AP890727-0124,429,2.0638583058882434,minmaxnorm
155,Q0,AP891020-0087,430,2.061593988574641,minmaxnorm
155,Q0,AP880213-0143,431,2.0598662267989227,minmaxnorm
155,Q0,AP891020-0197,432,2.0597273259182227,minmaxnorm
155,Q0,WSJ880302-0075,433,2.050910219765951,minmaxnorm
155,Q0,AP880818-0211,434,2.0453283241907703,minmaxnorm
155,Q0,AP890131-0149,435,2.0336491495313522,minmaxnorm
155,Q0,AP891224-0020,436,2.0278237429037897,minmaxnorm
155,Q0,AP880309-0093,437,2.0274263242351567,minmaxnorm
155,Q0,AP881003-0180,438,2.021563588924622,minmaxnorm
155,Q0,AP880310-0209,439,2.013998815000671,minmaxnorm
155,Q0,AP891202-0097,440,2.0099188039115887,minmaxnorm
155,Q0,AP891018-0237,441,2.007523496082549,minmaxnorm
155,Q0,AP881015-0025,442,2.002923118068491,minmaxnorm
155,Q0,WSJ871130-0049,443,1.9987149658210739,minmaxnorm
155,Q0,WSJ900711-0008,444,1.9942964813159343,minmaxnorm
155,Q0,WSJ870219-0102,445,1.9941151673806117,minmaxnorm
155,Q0,WSJ870402-0138,446,1.9907483906558647,minmaxnorm
155,Q0,AP880401-0224,447,1.9880283123061568,minmaxnorm
155,Q0,AP881107-0169,448,1.9875365196174455,minmaxnorm
155,Q0,AP890705-0081,449,1.9870112304663414,minmaxnorm
155,Q0,AP880213-0065,450,1.9842283283382178,minmaxnorm
155,Q0,AP891120-0006,451,1.9825093773171354,minmaxnorm
155,Q0,AP890703-0037,452,1.975359299972274,minmaxnorm
155,Q0,AP891127-0009,453,1.9747196455670382,minmaxnorm
155,Q0,AP890319-0042,454,1.9736564507013752,minmaxnorm
155,Q0,WSJ910308-0165,455,1.967361832123089,minmaxnorm
155,Q0,AP881005-0238,456,1.9621493039216205,minmaxnorm
155,Q0,AP890204-0135,457,1.9600867672011406,minmaxnorm
155,Q0,AP881022-0175,458,1.9492150376994988,minmaxnorm
155,Q0,AP880423-0161,459,1.9484107543441707,minmaxnorm
155,Q0,AP890613-0160,460,1.9471505846492925,minmaxnorm
155,Q0,AP880509-0049,461,1.9427529759651176,minmaxnorm
155,Q0,AP881013-0168,462,1.9180070428413964,minmaxnorm
155,Q0,WSJ870331-0163,463,1.9156258544800948,minmaxnorm
155,Q0,AP881127-0017,464,1.9120785592439102,minmaxnorm
155,Q0,WSJ910219-0191,465,1.9081512382344468,minmaxnorm
155,Q0,AP890912-0222,466,1.9066302055455124,minmaxnorm
155,Q0,WSJ880722-0100,467,1.9053737568611706,minmaxnorm
155,Q0,AP890505-0131,468,1.9028804805930397,minmaxnorm
155,Q0,WSJ910206-0075,469,1.9002820705241312,minmaxnorm
155,Q0,AP890320-0133,470,1.883165001573651,minmaxnorm
155,Q0,AP890525-0004,471,1.873365188299767,minmaxnorm
155,Q0,WSJ871204-0026,472,1.8717430105146837,minmaxnorm
155,Q0,AP881005-0049,473,1.868843094646069,minmaxnorm
155,Q0,WSJ870824-0082,474,1.8646918698781443,minmaxnorm
155,Q0,AP890126-0176,475,1.8645262416366262,minmaxnorm
155,Q0,AP891218-0058,476,1.8630148442760768,minmaxnorm
155,Q0,WSJ870724-0155,477,1.8624954998617336,minmaxnorm
155,Q0,AP880327-0022,478,1.849062046399255,minmaxnorm
155,Q0,WSJ880817-0079,479,1.8464240613193306,minmaxnorm
155,Q0,AP890908-0072,480,1.8410946474054892,minmaxnorm
155,Q0,AP890805-0096,481,1.840764457328514,minmaxnorm
155,Q0,AP890907-0041,482,1.8384786359855136,minmaxnorm
155,Q0,AP880304-0041,483,1.8377350094563252,minmaxnorm
155,Q0,AP890303-0105,484,1.83171998182452,minmaxnorm
155,Q0,AP890321-0007,485,1.8294614967019516,minmaxnorm
155,Q0,AP890929-0050,486,1.8278378807114004,minmaxnorm
155,Q0,AP880309-0347,487,1.8268275924203357,minmaxnorm
155,Q0,AP890722-0116,488,1.8242661095104538,minmaxnorm
155,Q0,AP880220-0022,489,1.8238822099665566,minmaxnorm
155,Q0,WSJ870220-0163,490,1.8198711680320667,minmaxnorm
155,Q0,AP890720-0174,491,1.8174203915892566,minmaxnorm
155,Q0,AP890816-0022,492,1.8158642809977334,minmaxnorm
155,Q0,AP880809-0116,493,1.808417333455682,minmaxnorm
155,Q0,AP880928-0085,494,1.8075390994078806,minmaxnorm
155,Q0,ZF207-376-393,495,1.8070313376519123,minmaxnorm
155,Q0,WSJ880801-0083,496,1.806855889844765,minmaxnorm
155,Q0,AP881222-0079,497,1.8036717992483458,minmaxnorm
155,Q0,WSJ861201-0091,498,1.8036283659420196,minmaxnorm
155,Q0,WSJ880803-0146,499,1.803100197135254,minmaxnorm
155,Q0,AP891019-0075,500,1.7956248958915129,minmaxnorm
155,Q0,AP880615-0022,501,1.7912583796182788,minmaxnorm
155,Q0,AP880322-0213,502,1.7882432442704985,minmaxnorm
155,Q0,AP880614-0099,503,1.7822460449385138,minmaxnorm
155,Q0,AP880609-0231,504,1.7809459071202753,minmaxnorm
155,Q0,AP881012-0189,505,1.7778844098714428,minmaxnorm
155,Q0,WSJ870626-0137,506,1.7763992263372455,minmaxnorm
155,Q0,WSJ920310-0087,507,1.7759843297134432,minmaxnorm
155,Q0,WSJ920213-0057,508,1.7728907209675857,minmaxnorm
155,Q0,AP890803-0232,509,1.7702508285225445,minmaxnorm
155,Q0,AP890205-0057,510,1.765467293270851,minmaxnorm
155,Q0,WSJ900824-0037,511,1.7632249311267376,minmaxnorm
155,Q0,AP890519-0214,512,1.7624450295549605,minmaxnorm
155,Q0,AP890302-0185,513,1.759554244427956,minmaxnorm
155,Q0,AP881221-0141,514,1.7576017609643035,minmaxnorm
155,Q0,AP891022-0088,515,1.7533435292226474,minmaxnorm
155,Q0,AP880408-0066,516,1.7531085305309688,minmaxnorm
155,Q0,AP881207-0087,517,1.7482515981020859,minmaxnorm
155,Q0,AP881129-0177,518,1.747595825774901,minmaxnorm
155,Q0,AP891129-0111,519,1.746658406944102,minmaxnorm
155,Q0,WSJ861211-0104,520,1.7431995296253529,minmaxnorm
155,Q0,AP880304-0017,521,1.7374061688128635,minmaxnorm
155,Q0,AP890320-0163,522,1.7371346419097158,minmaxnorm
155,Q0,AP890804-0135,523,1.7370682364422712,minmaxnorm
155,Q0,AP890219-0085,524,1.735428156013864,minmaxnorm
155,Q0,WSJ870804-0001,525,1.7322829181334167,minmaxnorm
155,Q0,WSJ880330-0165,526,1.7277056113718263,minmaxnorm
155,Q0,WSJ871203-0103,527,1.7257762950240498,minmaxnorm
155,Q0,WSJ880720-0125,528,1.7240078686696352,minmaxnorm
155,Q0,AP880727-0253,529,1.7180225097943755,minmaxnorm
155,Q0,WSJ900911-0001,530,1.7113394919827984,minmaxnorm
155,Q0,AP890315-0254,531,1.711214288269146,minmaxnorm
155,Q0,AP880516-0166,532,1.7111530041592529,minmaxnorm
155,Q0,WSJ900405-0087,533,1.7099872947392227,minmaxnorm
155,Q0,AP890722-0098,534,1.7075620530245088,minmaxnorm
155,Q0,AP881102-0056,535,1.705910543360593,minmaxnorm
155,Q0,AP880910-0061,536,1.704879803355409,minmaxnorm
155,Q0,AP890531-0138,537,1.7027544619186323,minmaxnorm
155,Q0,AP880927-0134,538,1.698638785558869,minmaxnorm
155,Q0,WSJ910222-0142,539,1.6966285521656572,minmaxnorm
155,Q0,WSJ870727-0159,540,1.6896174825197583,minmaxnorm
155,Q0,AP880328-0217,541,1.6865793796801916,minmaxnorm
155,Q0,AP890811-0193,542,1.6814507806121204,minmaxnorm
155,Q0,AP880502-0196,543,1.6766788757370679,minmaxnorm
155,Q0,WSJ870921-0013,544,1.6745499658139915,minmaxnorm
155,Q0,WSJ880310-0116,545,1.672968547623796,minmaxnorm
155,Q0,AP880228-0045,546,1.669763329302466,minmaxnorm
155,Q0,AP890310-0195,547,1.6677382639194203,minmaxnorm
155,Q0,AP890703-0094,548,1.6617460859319093,minmaxnorm
155,Q0,AP880522-0010,549,1.660053015062908,minmaxnorm
155,Q0,AP891021-0064,550,1.65753675419648,minmaxnorm
155,Q0,AP880825-0187,551,1.65731756289185,minmaxnorm
155,Q0,AP881227-0146,552,1.6562129936265082,minmaxnorm
155,Q0,AP881212-0126,553,1.6558537624468186,minmaxnorm
155,Q0,AP891117-0070,554,1.6546892007685998,minmaxnorm
155,Q0,AP880507-0035,555,1.651306801978296,minmaxnorm
155,Q0,WSJ900418-0019,556,1.650987392488956,minmaxnorm
155,Q0,AP890608-0070,557,1.6496331415674763,minmaxnorm
155,Q0,AP890320-0039,558,1.6475948078363212,minmaxnorm
155,Q0,AP880413-0150,559,1.6475533369203679,minmaxnorm
155,Q0,AP890301-0193,560,1.6473419902218487,minmaxnorm
155,Q0,AP881130-0205,561,1.6436254431998178,minmaxnorm
155,Q0,AP890416-0072,562,1.6436173651223984,minmaxnorm
155,Q0,DOE2-42-1159,563,1.640116303987314,minmaxnorm
155,Q0,AP881021-0210,564,1.6388389243978616,minmaxnorm
155,Q0,AP890814-0028,565,1.637732307301798,minmaxnorm
155,Q0,AP881111-0201,566,1.6346684954910962,minmaxnorm
155,Q0,AP890315-0080,567,1.633387482913093,minmaxnorm
155,Q0,AP890727-0051,568,1.6291338668972841,minmaxnorm
155,Q0,DOE1-62-0073,569,1.626047696704137,minmaxnorm
155,Q0,AP890221-0028,570,1.6257279467212027,minmaxnorm
155,Q0,WSJ910626-0087,571,1.622627590438744,minmaxnorm
155,Q0,AP890905-0070,572,1.6222340732688585,minmaxnorm
155,Q0,WSJ910531-0065,573,1.620385004032552,minmaxnorm
155,Q0,WSJ871005-0101,574,1.6160360080099503,minmaxnorm
155,Q0,WSJ861205-0110,575,1.615106102209787,minmaxnorm
155,Q0,AP890629-0115,576,1.6073539823711134,minmaxnorm
155,Q0,ZF207-252-006,577,1.6062480395961714,minmaxnorm
155,Q0,AP890213-0137,578,1.5984811584376686,minmaxnorm
155,Q0,AP890205-0051,579,1.5935525011243101,minmaxnorm
155,Q0,WSJ861219-0121,580,1.5907920439001986,minmaxnorm
155,Q0,AP880311-0057,581,1.5881580827601272,minmaxnorm
155,Q0,AP890731-0040,582,1.5878885935744183,minmaxnorm
155,Q0,AP880411-0184,583,1.5870897822385837,minmaxnorm
155,Q0,AP890911-0111,584,1.5774458259442068,minmaxnorm
155,Q0,AP891107-0138,585,1.5761464514143761,minmaxnorm
155,Q0,AP890722-0034,586,1.572742531654808,minmaxnorm
155,Q0,AP880325-0014,587,1.5677939354475485,minmaxnorm
155,Q0,WSJ881003-0012,588,1.565001013316754,minmaxnorm
155,Q0,AP890221-0162,589,1.5637018380989827,minmaxnorm
155,Q0,AP890707-0185,590,1.5587290006717425,minmaxnorm
155,Q0,AP890221-0067,591,1.5585750958894722,minmaxnorm
155,Q0,AP890428-0170,592,1.557092562923538,minmaxnorm
155,Q0,WSJ881017-0121,593,1.5501958288292619,minmaxnorm
155,Q0,AP880418-0208,594,1.5448034443558871,minmaxnorm
155,Q0,AP891002-0177,595,1.5440216055191607,minmaxnorm
155,Q0,WSJ920323-0128,596,1.5437138654578069,minmaxnorm
155,Q0,AP890519-0096,597,1.5433526971205351,minmaxnorm
155,Q0,WSJ891017-0096,598,1.54061775674768,minmaxnorm
155,Q0,AP880222-0101,599,1.5380122174639062,minmaxnorm
155,Q0,AP880604-0119,600,1.5315031797613865,minmaxnorm
155,Q0,WSJ910228-0064,601,1.5289093384582586,minmaxnorm
155,Q0,WSJ880620-0096,602,1.5287875520702845,minmaxnorm
155,Q0,AP880318-0276,603,1.5284995796246812,minmaxnorm
155,Q0,AP890513-0118,604,1.528011642331227,minmaxnorm
155,Q0,AP880810-0038,605,1.5209139919007235,minmaxnorm
155,Q0,AP890729-0135,606,1.516205882402104,minmaxnorm
155,Q0,AP880506-0126,607,1.5157697147538556,minmaxnorm
155,Q0,AP890925-0047,608,1.512150486534557,minmaxnorm
155,Q0,WSJ880819-0060,609,1.509739907370571,minmaxnorm
155,Q0,AP890703-0110,610,1.507194885914572,minmaxnorm
155,Q0,WSJ891006-0145,611,1.498438087487996,minmaxnorm
155,Q0,AP880817-0132,612,1.4954609658933007,minmaxnorm
155,Q0,WSJ871023-0046,613,1.4895352986124284,minmaxnorm
155,Q0,AP890606-0032,614,1.4882776737205885,minmaxnorm
155,Q0,AP890301-0080,615,1.4878241855104468,minmaxnorm
155,Q0,AP880302-0196,616,1.483737473348897,minmaxnorm
155,Q0,AP880830-0040,617,1.470814788409736,minmaxnorm
155,Q0,WSJ870528-0131,618,1.4695529307318103,minmaxnorm
155,Q0,WSJ920310-0158,619,1.4658799718881397,minmaxnorm
155,Q0,WSJ920207-0111,620,1.462433187088644,minmaxnorm
155,Q0,AP890207-0180,621,1.4613229140061688,minmaxnorm
155,Q0,FR88516-0128,622,1.4573750540865522,minmaxnorm
155,Q0,WSJ920106-0120,623,1.4517804547428348,minmaxnorm
155,Q0,AP891008-0043,624,1.4508905177026723,minmaxnorm
155,Q0,AP890730-0014,625,1.4500854406023431,minmaxnorm
155,Q0,AP890123-0001,626,1.4485374217584002,minmaxnorm
155,Q0,WSJ910418-0145,627,1.4467739391629872,minmaxnorm
155,Q0,AP881215-0108,628,1.443582107383611,minmaxnorm
155,Q0,AP890831-0139,629,1.4420649471056703,minmaxnorm
155,Q0,AP891003-0074,630,1.4417149210910185,minmaxnorm
155,Q0,AP890717-0171,631,1.4340197723118995,minmaxnorm
155,Q0,AP880822-0137,632,1.4289030761659822,minmaxnorm
155,Q0,WSJ900703-0003,633,1.4285194412280222,minmaxnorm
155,Q0,WSJ871006-0101,634,1.42806729876383,minmaxnorm
155,Q0,AP881019-0113,635,1.4234467947548233,minmaxnorm
155,Q0,AP891201-0058,636,1.4089725014932053,minmaxnorm
155,Q0,AP890726-0170,637,1.3989081563631551,minmaxnorm
155,Q0,WSJ911028-0082,638,1.398874662609785,minmaxnorm
155,Q0,AP880518-0221,639,1.3968192679163292,minmaxnorm
155,Q0,WSJ880302-0120,640,1.3883543582443152,minmaxnorm
155,Q0,AP890703-0298,641,1.3865770305865148,minmaxnorm
155,Q0,AP890721-0063,642,1.3862218977250607,minmaxnorm
155,Q0,AP890304-0097,643,1.3823127593668418,minmaxnorm
155,Q0,WSJ880930-0096,644,1.3821312442535154,minmaxnorm
155,Q0,AP880326-0032,645,1.3814948598527534,minmaxnorm
155,Q0,AP890714-0194,646,1.3808421667001465,minmaxnorm
155,Q0,WSJ920219-0103,647,1.3783125849917073,minmaxnorm
155,Q0,AP880414-0078,648,1.376082827310926,minmaxnorm
155,Q0,AP880923-0062,649,1.3742163806734433,minmaxnorm
155,Q0,AP890624-0002,650,1.373346490847858,minmaxnorm
155,Q0,AP880629-0020,651,1.370696394748247,minmaxnorm
155,Q0,AP891227-0159,652,1.3698952243124944,minmaxnorm
155,Q0,FR89929-0156,653,1.3686771197125758,minmaxnorm
155,Q0,WSJ900622-0114,654,1.3646598877475338,minmaxnorm
155,Q0,WSJ911009-0006,655,1.3614156063692158,minmaxnorm
155,Q0,AP881129-0049,656,1.3601128414839088,minmaxnorm
155,Q0,AP890216-0212,657,1.3569353366393537,minmaxnorm
155,Q0,AP880315-0135,658,1.3548535980069873,minmaxnorm
155,Q0,WSJ871231-0121,659,1.3501922230658279,minmaxnorm
155,Q0,AP891016-0133,660,1.3470737659168686,minmaxnorm
155,Q0,WSJ881007-0156,661,1.3429753028426494,minmaxnorm
155,Q0,AP880621-0199,662,1.342240551795524,minmaxnorm
155,Q0,AP890830-0202,663,1.3418011519116955,minmaxnorm
155,Q0,WSJ920123-0104,664,1.3393940254081946,minmaxnorm
155,Q0,WSJ910920-0105,665,1.3304176430678403,minmaxnorm
155,Q0,WSJ871127-0111,666,1.3302788145376374,minmaxnorm
155,Q0,WSJ870306-0010,667,1.326992797273695,minmaxnorm
155,Q0,AP880413-0098,668,1.3269718602995986,minmaxnorm
155,Q0,AP880404-0199,669,1.3161446065874742,minmaxnorm
155,Q0,WSJ881102-0026,670,1.3139822279820565,minmaxnorm
155,Q0,AP891108-0185,671,1.313837263482471,minmaxnorm
155,Q0,WSJ880630-0096,672,1.3124952831021055,minmaxnorm
155,Q0,AP890625-0057,673,1.3105862457930986,minmaxnorm
155,Q0,AP891024-0176,674,1.3102554362379597,minmaxnorm
155,Q0,WSJ890816-0046,675,1.3101034324763985,minmaxnorm
155,Q0,AP890619-0196,676,1.3089289790301368,minmaxnorm
155,Q0,AP891001-0041,677,1.3077827525093344,minmaxnorm
155,Q0,AP890428-0157,678,1.30775357038513,minmaxnorm
155,Q0,AP890928-0216,679,1.3068519775080052,minmaxnorm
155,Q0,AP880903-0113,680,1.3064940220783758,minmaxnorm
155,Q0,AP891216-0125,681,1.3063248119902835,minmaxnorm
155,Q0,AP880227-0071,682,1.3041594345184513,minmaxnorm
155,Q0,AP881124-0127,683,1.3039578733862722,minmaxnorm
155,Q0,WSJ870206-0141,684,1.3028001317528681,minmaxnorm
155,Q0,AP880314-0022,685,1.299693556797857,minmaxnorm
155,Q0,WSJ900619-0102,686,1.2988470595269321,minmaxnorm
155,Q0,WSJ900523-0072,687,1.2982959873287783,minmaxnorm
155,Q0,WSJ900611-0052,688,1.298178136810039,minmaxnorm
155,Q0,AP880418-0155,689,1.2974474056973893,minmaxnorm
155,Q0,AP890815-0113,690,1.289743536601725,minmaxnorm
155,Q0,WSJ881010-0154,691,1.2897399450853746,minmaxnorm
155,Q0,AP891122-0077,692,1.2874368430953496,minmaxnorm
155,Q0,AP890921-0215,693,1.2863228037139656,minmaxnorm
155,Q0,AP881017-0200,694,1.2836243423284313,minmaxnorm
155,Q0,AP890216-0085,695,1.2805723349607232,minmaxnorm
155,Q0,WSJ911101-0183,696,1.27786500385953,minmaxnorm
155,Q0,AP881105-0108,697,1.2768918358963952,minmaxnorm
155,Q0,WSJ900412-0117,698,1.276753643706996,minmaxnorm
155,Q0,WSJ891020-0185,699,1.2712386228237038,minmaxnorm
155,Q0,AP880616-0043,700,1.2703672865062536,minmaxnorm
155,Q0,AP881208-0261,701,1.2690594350864737,minmaxnorm
155,Q0,WSJ870429-0109,702,1.2683508049633088,minmaxnorm
155,Q0,WSJ911122-0156,703,1.264814048744069,minmaxnorm
155,Q0,AP890302-0130,704,1.2632915322820288,minmaxnorm
155,Q0,AP880330-0253,705,1.2624766937436784,minmaxnorm
155,Q0,AP881125-0065,706,1.2607163178037248,minmaxnorm
155,Q0,AP880423-0085,707,1.2599511838816224,minmaxnorm
155,Q0,WSJ870505-0113,708,1.256840071248712,minmaxnorm
155,Q0,WSJ900928-0154,709,1.2548161470828918,minmaxnorm
155,Q0,WSJ880225-0133,710,1.2491648667660618,minmaxnorm
155,Q0,AP881128-0181,711,1.2491204749487577,minmaxnorm
155,Q0,AP890528-0063,712,1.2441628926854864,minmaxnorm
155,Q0,AP890711-0008,713,1.2427050961343333,minmaxnorm
155,Q0,AP881019-0182,714,1.2410088461297881,minmaxnorm
155,Q0,WSJ880411-0047,715,1.240579130923363,minmaxnorm
155,Q0,AP880315-0159,716,1.2361385719193851,minmaxnorm
155,Q0,AP880803-0235,717,1.235772310729698,minmaxnorm
155,Q0,AP880511-0229,718,1.2334247227956499,minmaxnorm
155,Q0,AP890930-0068,719,1.2326681275690834,minmaxnorm
155,Q0,AP880222-0204,720,1.2326505525888125,minmaxnorm
155,Q0,ZF108-192-096,721,1.2304653262415581,minmaxnorm
155,Q0,WSJ880209-0106,722,1.229120102172249,minmaxnorm
155,Q0,AP880906-0197,723,1.2233514310791092,minmaxnorm
155,Q0,AP881003-0166,724,1.2171460405250873,minmaxnorm
155,Q0,FR88514-0001,725,1.2146650501499225,minmaxnorm
155,Q0,AP880616-0154,726,1.2115636164390786,minmaxnorm
155,Q0,WSJ891005-0089,727,1.2112650536215597,minmaxnorm
155,Q0,AP890309-0116,728,1.209269548127366,minmaxnorm
155,Q0,AP880824-0231,729,1.2044498744362357,minmaxnorm
155,Q0,AP880728-0130,730,1.2013987606743899,minmaxnorm
155,Q0,AP890221-0145,731,1.1991667246877409,minmaxnorm
155,Q0,AP880330-0257,732,1.1946771891902654,minmaxnorm
155,Q0,AP880613-0219,733,1.1891787098520856,minmaxnorm
155,Q0,AP890409-0005,734,1.187957379081788,minmaxnorm
155,Q0,AP891014-0011,735,1.183419728160271,minmaxnorm
155,Q0,AP880803-0240,736,1.180921154577964,minmaxnorm
155,Q0,AP880412-0184,737,1.1809200510685272,minmaxnorm
155,Q0,AP890703-0008,738,1.1805723630916207,minmaxnorm
155,Q0,AP880618-0125,739,1.179381652412907,minmaxnorm
155,Q0,WSJ870313-0125,740,1.1793729141191978,minmaxnorm
155,Q0,AP891105-0012,741,1.1778516410021551,minmaxnorm
155,Q0,AP880419-0090,742,1.1763469077340036,minmaxnorm
155,Q0,AP880725-0214,743,1.1726908488744798,minmaxnorm
155,Q0,AP891005-0060,744,1.1668442596919844,minmaxnorm
155,Q0,WSJ870827-0044,745,1.1652829087617536,minmaxnorm
155,Q0,AP890822-0048,746,1.1614426455722693,minmaxnorm
155,Q0,AP890907-0077,747,1.1606763477324975,minmaxnorm
155,Q0,WSJ880831-0113,748,1.1591192393964165,minmaxnorm
155,Q0,AP890317-0026,749,1.1566699301393975,minmaxnorm
155,Q0,AP890313-0044,750,1.1555551556928656,minmaxnorm
155,Q0,AP881114-0038,751,1.14859141181073,minmaxnorm
155,Q0,WSJ910718-0155,752,1.148176153786828,minmaxnorm
155,Q0,AP891019-0049,753,1.1477530307960193,minmaxnorm
155,Q0,WSJ910214-0019,754,1.1404895356063383,minmaxnorm
155,Q0,AP880215-0012,755,1.1385291543568838,minmaxnorm
155,Q0,WSJ910211-0140,756,1.1362273281727315,minmaxnorm
155,Q0,WSJ910506-0149,757,1.136156562784264,minmaxnorm
155,Q0,AP880529-0044,758,1.1355078235518987,minmaxnorm
155,Q0,AP881007-0141,759,1.1354967738203172,minmaxnorm
155,Q0,WSJ880128-0010,760,1.1348463503009036,minmaxnorm
155,Q0,AP891120-0178,761,1.1337202671945277,minmaxnorm
155,Q0,AP890209-0111,762,1.1279741828661305,minmaxnorm
155,Q0,AP891215-0033,763,1.1256870491055693,minmaxnorm
155,Q0,WSJ890913-0055,764,1.1216424317672682,minmaxnorm
155,Q0,AP891002-0108,765,1.1162784043807552,minmaxnorm
155,Q0,WSJ871012-0041,766,1.115938632795604,minmaxnorm
155,Q0,AP890405-0234,767,1.1158138533573685,minmaxnorm
155,Q0,AP880428-0176,768,1.1151875752256615,minmaxnorm
155,Q0,AP890118-0056,769,1.114419055486593,minmaxnorm
155,Q0,AP880708-0181,770,1.110518317282956,minmaxnorm
155,Q0,AP890622-0205,771,1.1101479598146804,minmaxnorm
155,Q0,AP880930-0135,772,1.1099217928925778,minmaxnorm
155,Q0,AP880719-0223,773,1.109109682752234,minmaxnorm
155,Q0,WSJ880314-0121,774,1.1072141273638716,minmaxnorm
155,Q0,WSJ870928-0102,775,1.1068778139614837,minmaxnorm
155,Q0,AP890322-0045,776,1.1057012287343868,minmaxnorm
155,Q0,WSJ910326-0059,777,1.1034126319385942,minmaxnorm
155,Q0,WSJ911030-0156,778,1.1030098974604097,minmaxnorm
155,Q0,AP890324-0191,779,1.101790329674523,minmaxnorm
155,Q0,AP891227-0054,780,1.1007720052920846,minmaxnorm
155,Q0,AP881226-0006,781,1.0976819803365094,minmaxnorm
155,Q0,AP890322-0217,782,1.0976589920414095,minmaxnorm
155,Q0,AP890317-0102,783,1.0950916420027115,minmaxnorm
155,Q0,WSJ870316-0058,784,1.0921999558103967,minmaxnorm
155,Q0,AP880721-0033,785,1.0896334773535101,minmaxnorm
155,Q0,AP890601-0155,786,1.0892157510054967,minmaxnorm
155,Q0,AP881220-0203,787,1.0857941815253687,minmaxnorm
155,Q0,AP891212-0203,788,1.085548456841901,minmaxnorm
155,Q0,AP880404-0091,789,1.0854762212197977,minmaxnorm
155,Q0,WSJ870729-0164,790,1.08351063176519,minmaxnorm
155,Q0,AP881115-0055,791,1.0820143283473165,minmaxnorm
155,Q0,AP890601-0224,792,1.0789302279221404,minmaxnorm
155,Q0,AP880914-0223,793,1.0775939085144697,minmaxnorm
155,Q0,AP890815-0204,794,1.0764925714399518,minmaxnorm
155,Q0,DOE1-74-0082,795,1.0755895582874198,minmaxnorm
155,Q0,WSJ920316-0113,796,1.0750511710183184,minmaxnorm
155,Q0,AP890916-0072,797,1.074927761953269,minmaxnorm
155,Q0,WSJ871216-0180,798,1.074266824224237,minmaxnorm
155,Q0,WSJ910129-0065,799,1.0727811150109825,minmaxnorm
155,Q0,AP890216-0142,800,1.0720338657722848,minmaxnorm
155,Q0,WSJ910124-0085,801,1.0714112583726367,minmaxnorm
155,Q0,AP880926-0181,802,1.0701610912802204,minmaxnorm
155,Q0,WSJ911113-0077,803,1.066256445585758,minmaxnorm
155,Q0,AP891130-0151,804,1.0652178280717444,minmaxnorm
155,Q0,WSJ870826-0004,805,1.064710729868728,minmaxnorm
155,Q0,AP881129-0210,806,1.0625714289164938,minmaxnorm
155,Q0,AP890422-0023,807,1.0612853148865316,minmaxnorm
155,Q0,WSJ870518-0045,808,1.0597688527404443,minmaxnorm
155,Q0,AP881123-0246,809,1.0589512383575612,minmaxnorm
155,Q0,AP890607-0210,810,1.058520723414521,minmaxnorm
155,Q0,AP891102-0068,811,1.0568152541620404,minmaxnorm
155,Q0,WSJ910506-0125,812,1.0563814821037132,minmaxnorm
155,Q0,AP890814-0057,813,1.0556712383249163,minmaxnorm
155,Q0,AP890822-0006,814,1.0543337051395683,minmaxnorm
155,Q0,WSJ871007-0114,815,1.0539963094544793,minmaxnorm
155,Q0,AP880617-0123,816,1.0521835836145497,minmaxnorm
155,Q0,WSJ910220-0160,817,1.0515049093383917,minmaxnorm
155,Q0,AP890527-0053,818,1.0483982364704383,minmaxnorm
155,Q0,WSJ870924-0149,819,1.0475085757706721,minmaxnorm
155,Q0,WSJ910614-0105,820,1.0466660408605826,minmaxnorm
155,Q0,AP880601-0062,821,1.0429864173603967,minmaxnorm
155,Q0,AP880229-0095,822,1.0404109693202033,minmaxnorm
155,Q0,WSJ880118-0168,823,1.0398795409379584,minmaxnorm
155,Q0,WSJ880601-0180,824,1.039174128395864,minmaxnorm
155,Q0,AP881107-0059,825,1.0321123998813688,minmaxnorm
155,Q0,AP890201-0151,826,1.0317262266097333,minmaxnorm
155,Q0,AP890509-0222,827,1.0309263956298418,minmaxnorm
155,Q0,AP890524-0114,828,1.0298486916089038,minmaxnorm
155,Q0,AP890122-0066,829,1.029167531385713,minmaxnorm
155,Q0,WSJ920207-0101,830,1.0244381449907407,minmaxnorm
155,Q0,AP880311-0151,831,1.021181102124093,minmaxnorm
155,Q0,WSJ910618-0160,832,1.0210540242732258,minmaxnorm
155,Q0,WSJ920120-0174,833,1.0187585992763857,minmaxnorm
155,Q0,AP890805-0007,834,1.0184081020863636,minmaxnorm
155,Q0,AP881207-0213,835,1.0180095176543775,minmaxnorm
155,Q0,AP880610-0240,836,1.0171476045246879,minmaxnorm
155,Q0,WSJ920121-0019,837,1.0170604987574017,minmaxnorm
155,Q0,AP880921-0197,838,1.0145963698372737,minmaxnorm
155,Q0,AP890529-0014,839,1.0142101184606815,minmaxnorm
155,Q0,AP891002-0001,840,1.012658240642359,minmaxnorm
155,Q0,WSJ881014-0191,841,1.0107567028747153,minmaxnorm
155,Q0,AP890925-0141,842,1.0090365501245282,minmaxnorm
155,Q0,AP891105-0068,843,1.0080248716954485,minmaxnorm
155,Q0,AP881028-0236,844,1.006447698440939,minmaxnorm
155,Q0,AP891006-0022,845,1.0047236427750188,minmaxnorm
155,Q0,WSJ910409-0145,846,1.0041665921194458,minmaxnorm
155,Q0,WSJ900911-0103,847,1.0036748759598395,minmaxnorm
155,Q0,WSJ920213-0007,848,1.000099333325702,minmaxnorm
155,Q0,WSJ920220-0008,849,0.9985540309251189,minmaxnorm
155,Q0,AP881213-0226,850,0.9969332422773203,minmaxnorm
155,Q0,AP880823-0177,851,0.9965574634524914,minmaxnorm
155,Q0,WSJ871030-0086,852,0.9963751785593796,minmaxnorm
155,Q0,AP890722-0043,853,0.9960339840487664,minmaxnorm
155,Q0,AP890703-0089,854,0.9900870399736904,minmaxnorm
155,Q0,AP890602-0013,855,0.9897712220845594,minmaxnorm
155,Q0,AP881219-0011,856,0.9894571218884088,minmaxnorm
155,Q0,WSJ870819-0128,857,0.9871203243143917,minmaxnorm
155,Q0,AP890302-0007,858,0.9837036711267062,minmaxnorm
155,Q0,AP890103-0044,859,0.9835454482709447,minmaxnorm
155,Q0,WSJ880121-0124,860,0.982311564297289,minmaxnorm
155,Q0,WSJ910606-0138,861,0.981482911371386,minmaxnorm
155,Q0,WSJ880811-0098,862,0.9807014946562115,minmaxnorm
155,Q0,FR88929-0170,863,0.9798374808324013,minmaxnorm
155,Q0,AP880524-0101,864,0.9789634998346237,minmaxnorm
155,Q0,AP890622-0049,865,0.9774368449838204,minmaxnorm
155,Q0,AP890601-0238,866,0.9760954741198512,minmaxnorm
155,Q0,AP890624-0011,867,0.9734445007610237,minmaxnorm
155,Q0,AP890319-0062,868,0.9717266758720131,minmaxnorm
155,Q0,AP890703-0085,869,0.9716314729857594,minmaxnorm
155,Q0,AP890228-0190,870,0.9714648481800107,minmaxnorm
155,Q0,AP890328-0183,871,0.9685906185079645,minmaxnorm
155,Q0,AP891203-0059,872,0.9674285381872514,minmaxnorm
155,Q0,AP881229-0048,873,0.9671734281052817,minmaxnorm
155,Q0,AP880222-0193,874,0.962405410193858,minmaxnorm
155,Q0,FR88518-0136,875,0.9623171956658239,minmaxnorm
155,Q0,AP880602-0150,876,0.9604026887711979,minmaxnorm
155,Q0,AP890816-0009,877,0.9595057032496384,minmaxnorm
155,Q0,AP890213-0032,878,0.9583900738728545,minmaxnorm
155,Q0,AP880324-0080,879,0.9580032004301807,minmaxnorm
155,Q0,WSJ900720-0090,880,0.9576592718077356,minmaxnorm
155,Q0,WSJ920121-0074,881,0.9526486499103222,minmaxnorm
155,Q0,AP880325-0013,882,0.952246137025954,minmaxnorm
155,Q0,AP881013-0092,883,0.9509974574196163,minmaxnorm
155,Q0,WSJ870520-0096,884,0.9506356946217785,minmaxnorm
155,Q0,AP890222-0208,885,0.9494808398399398,minmaxnorm
155,Q0,WSJ880121-0122,886,0.947304569154623,minmaxnorm
155,Q0,AP890316-0133,887,0.9455052436391884,minmaxnorm
155,Q0,AP880907-0223,888,0.9454804840539528,minmaxnorm
155,Q0,AP890314-0195,889,0.9427635025174828,minmaxnorm
155,Q0,AP880504-0080,890,0.9410286103831214,minmaxnorm
155,Q0,AP890131-0073,891,0.9409092596741919,minmaxnorm
155,Q0,WSJ880502-0145,892,0.9373987539072424,minmaxnorm
155,Q0,DOE1-11-0243,893,0.9361478345275399,minmaxnorm
155,Q0,WSJ880308-0117,894,0.9335327919933083,minmaxnorm
155,Q0,AP881015-0138,895,0.9328252685591769,minmaxnorm
155,Q0,AP881024-0190,896,0.9312186810011691,minmaxnorm
155,Q0,AP891130-0072,897,0.9273783489337049,minmaxnorm
155,Q0,AP890306-0076,898,0.9263259724456568,minmaxnorm
155,Q0,AP880304-0168,899,0.9260744521081499,minmaxnorm
155,Q0,WSJ871014-0004,900,0.9260730256134114,minmaxnorm
155,Q0,AP881101-0053,901,0.9250660894053686,minmaxnorm
155,Q0,WSJ900615-0052,902,0.924959812413662,minmaxnorm
155,Q0,AP891221-0076,903,0.9225233691876411,minmaxnorm
155,Q0,DOE2-51-0929,904,0.9220910692592111,minmaxnorm
155,Q0,WSJ880427-0150,905,0.9196013695823897,minmaxnorm
155,Q0,WSJ900607-0036,906,0.9195706209243807,minmaxnorm
155,Q0,ZF207-508-376,907,0.9182164637812401,minmaxnorm
155,Q0,FR88511-0168,908,0.9179550508625961,minmaxnorm
155,Q0,WSJ880516-0146,909,0.9168891011443854,minmaxnorm
155,Q0,WSJ870114-0124,910,0.9158959684984255,minmaxnorm
155,Q0,AP881021-0224,911,0.9150979082718456,minmaxnorm
155,Q0,WSJ880325-0141,912,0.9147587237946532,minmaxnorm
155,Q0,AP880601-0071,913,0.914428108412661,minmaxnorm
155,Q0,AP881004-0211,914,0.9144214041595494,minmaxnorm
155,Q0,WSJ881115-0091,915,0.9137079934778511,minmaxnorm
155,Q0,WSJ910515-0100,916,0.9132533261038673,minmaxnorm
155,Q0,AP890530-0149,917,0.9130481319421915,minmaxnorm
155,Q0,ZF108-583-448,918,0.9127395178691009,minmaxnorm
155,Q0,AP880429-0054,919,0.9120039863823282,minmaxnorm
155,Q0,AP890703-0184,920,0.9113363049271505,minmaxnorm
155,Q0,AP890324-0149,921,0.9105421905787546,minmaxnorm
155,Q0,WSJ870701-0143,922,0.910110882339133,minmaxnorm
155,Q0,WSJ910510-0152,923,0.9097668090221496,minmaxnorm
155,Q0,AP890401-0061,924,0.9069244610258064,minmaxnorm
155,Q0,AP880802-0240,925,0.9047213991588081,minmaxnorm
155,Q0,AP880315-0115,926,0.9020774304897297,minmaxnorm
155,Q0,AP881104-0061,927,0.9010185868655654,minmaxnorm
155,Q0,AP891116-0068,928,0.8994994981299942,minmaxnorm
155,Q0,WSJ900820-0117,929,0.8994802562901925,minmaxnorm
155,Q0,WSJ870831-0075,930,0.8976870474204381,minmaxnorm
155,Q0,AP880309-0249,931,0.8969505521547272,minmaxnorm
155,Q0,AP890117-0067,932,0.8959502690803831,minmaxnorm
155,Q0,AP890703-0096,933,0.8958304838155582,minmaxnorm
155,Q0,AP890322-0279,934,0.8936832085095027,minmaxnorm
155,Q0,AP880325-0223,935,0.8913545492910696,minmaxnorm
155,Q0,WSJ880729-0070,936,0.890182302229015,minmaxnorm
155,Q0,WSJ900814-0006,937,0.8900036852447827,minmaxnorm
155,Q0,WSJ870109-0080,938,0.8887363780454176,minmaxnorm
155,Q0,WSJ870702-0007,939,0.8849653466904402,minmaxnorm
155,Q0,WSJ910226-0003,940,0.8844385431428794,minmaxnorm
155,Q0,WSJ881006-0040,941,0.8844367421086227,minmaxnorm
155,Q0,AP890626-0128,942,0.8830743348494232,minmaxnorm
155,Q0,AP880817-0156,943,0.8823322181324285,minmaxnorm
155,Q0,WSJ890911-0122,944,0.8822121836348731,minmaxnorm
155,Q0,ZF207-131-360,945,0.8816903213340297,minmaxnorm
155,Q0,AP890206-0013,946,0.8793746708266591,minmaxnorm
155,Q0,AP881218-0084,947,0.8784963251223612,minmaxnorm
155,Q0,WSJ870722-0137,948,0.8783619919562167,minmaxnorm
155,Q0,AP880508-0001,949,0.8754135090340249,minmaxnorm
155,Q0,AP880417-0029,950,0.8747058623187682,minmaxnorm
155,Q0,ZF207-290-797,951,0.8745938664304178,minmaxnorm
155,Q0,AP881022-0101,952,0.873958234431759,minmaxnorm
155,Q0,WSJ890922-0200,953,0.8738857820558268,minmaxnorm
155,Q0,AP880816-0078,954,0.8728987174727004,minmaxnorm
155,Q0,AP881116-0069,955,0.8712344083057196,minmaxnorm
155,Q0,WSJ880805-0077,956,0.8709780158077395,minmaxnorm
155,Q0,AP890411-0090,957,0.8703803045365947,minmaxnorm
155,Q0,AP881120-0051,958,0.870259803038492,minmaxnorm
155,Q0,AP891023-0101,959,0.8689364130464783,minmaxnorm
155,Q0,AP891122-0223,960,0.8683498056009749,minmaxnorm
155,Q0,AP890531-0230,961,0.865667429211905,minmaxnorm
155,Q0,ZF207-591-862,962,0.8641848199950051,minmaxnorm
155,Q0,AP891110-0102,963,0.8632314686620393,minmaxnorm
155,Q0,AP891006-0062,964,0.8627453994554968,minmaxnorm
155,Q0,ZF207-102-938,965,0.8618268298707465,minmaxnorm
155,Q0,WSJ870325-0064,966,0.8577699137278381,minmaxnorm
155,Q0,AP881003-0004,967,0.8532590864703834,minmaxnorm
155,Q0,WSJ870916-0125,968,0.8507032580967249,minmaxnorm
155,Q0,WSJ870501-0106,969,0.8493965827138122,minmaxnorm
155,Q0,WSJ900406-0028,970,0.8482990606350214,minmaxnorm
155,Q0,AP880831-0088,971,0.8475391295370831,minmaxnorm
155,Q0,AP891205-0083,972,0.8435594830431087,minmaxnorm
155,Q0,WSJ911220-0045,973,0.8430653459124163,minmaxnorm
155,Q0,AP881209-0123,974,0.8429370111632802,minmaxnorm
155,Q0,WSJ870924-0096,975,0.8423057866522339,minmaxnorm
155,Q0,WSJ880919-0003,976,0.8422340670650988,minmaxnorm
155,Q0,WSJ911211-0100,977,0.8414742251653698,minmaxnorm
155,Q0,AP880622-0175,978,0.8404639096334975,minmaxnorm
155,Q0,WSJ900502-0107,979,0.8391736334543332,minmaxnorm
155,Q0,WSJ911220-0081,980,0.837554957920548,minmaxnorm
155,Q0,AP890704-0126,981,0.8355327638903473,minmaxnorm
155,Q0,AP880706-0169,982,0.835531481347104,minmaxnorm
155,Q0,AP891223-0067,983,0.8348205849074697,minmaxnorm
155,Q0,AP880815-0231,984,0.832666190158447,minmaxnorm
155,Q0,AP880530-0059,985,0.8317866249875641,minmaxnorm
155,Q0,AP881124-0014,986,0.8312493969374422,minmaxnorm
155,Q0,WSJ880331-0010,987,0.8301510765226362,minmaxnorm
155,Q0,AP890922-0150,988,0.8300770082487424,minmaxnorm
155,Q0,AP880927-0239,989,0.8290402055907788,minmaxnorm
155,Q0,AP890821-0159,990,0.8288884664401363,minmaxnorm
155,Q0,WSJ861212-0151,991,0.8282561333321374,minmaxnorm
155,Q0,AP880519-0123,992,0.8279271454667917,minmaxnorm
155,Q0,AP891027-0133,993,0.8237548138519861,minmaxnorm
155,Q0,AP890101-0062,994,0.8235680773497466,minmaxnorm
155,Q0,AP880512-0035,995,0.821126753747721,minmaxnorm
155,Q0,AP880524-0139,996,0.8201360394453043,minmaxnorm
155,Q0,AP880429-0084,997,0.818147845379257,minmaxnorm
155,Q0,WSJ920110-0011,998,0.8155495969174016,minmaxnorm
155,Q0,AP890917-0080,999,0.8150285534869308,minmaxnorm
155,Q0,AP890701-0125,1000,0.8141016299993514,minmaxnorm
157,Q0,AP880701-0046,1,14.669113600756493,minmaxnorm
157,Q0,AP890119-0150,2,13.800246841801963,minmaxnorm
157,Q0,WSJ910916-0050,3,13.277284739349975,minmaxnorm
157,Q0,AP890630-0013,4,13.151176501171959,minmaxnorm
157,Q0,AP890127-0026,5,13.107326477347623,minmaxnorm
157,Q0,AP880503-0040,6,12.807247080124196,minmaxnorm
157,Q0,WSJ920306-0019,7,11.10426445498469,minmaxnorm
157,Q0,WSJ911008-0108,8,11.001281452392789,minmaxnorm
157,Q0,WSJ910118-0134,9,9.929237156040314,minmaxnorm
157,Q0,AP880907-0013,10,9.744629892063848,minmaxnorm
157,Q0,WSJ900702-0073,11,9.095701904578958,minmaxnorm
157,Q0,DOE2-71-0764,12,8.496314601231175,minmaxnorm
157,Q0,WSJ880527-0031,13,8.160455274612522,minmaxnorm
157,Q0,AP890311-0087,14,8.03150954826535,minmaxnorm
157,Q0,WSJ911002-0113,15,7.845815153829828,minmaxnorm
157,Q0,AP890524-0197,16,7.810704203830785,minmaxnorm
157,Q0,WSJ880627-0115,17,7.787552011211612,minmaxnorm
157,Q0,WSJ920213-0106,18,7.7365959787067675,minmaxnorm
157,Q0,DOE2-81-0137,19,7.584456787363314,minmaxnorm
157,Q0,DOE1-37-0856,20,7.38058471023978,minmaxnorm
157,Q0,WSJ910923-0185,21,7.319600175744162,minmaxnorm
157,Q0,WSJ880816-0037,22,7.063995174838703,minmaxnorm
157,Q0,WSJ900529-0136,23,6.95416878488469,minmaxnorm
157,Q0,AP880701-0242,24,6.866065906436866,minmaxnorm
157,Q0,AP881019-0229,25,6.746440199813664,minmaxnorm
157,Q0,WSJ890914-0104,26,6.563926739919851,minmaxnorm
157,Q0,WSJ910701-0175,27,6.52145365758367,minmaxnorm
157,Q0,WSJ900430-0187,28,6.456187536991596,minmaxnorm
157,Q0,AP881215-0232,29,6.4303228044907055,minmaxnorm
157,Q0,FR89821-0084,30,6.312177485513977,minmaxnorm
157,Q0,WSJ900607-0125,31,6.2763939082614675,minmaxnorm
157,Q0,FR89421-0114,32,6.258071731552065,minmaxnorm
157,Q0,FR89216-0070,33,6.219130347210735,minmaxnorm
157,Q0,AP880906-0134,34,6.137697104678341,minmaxnorm
157,Q0,FR88516-0122,35,6.116556683098445,minmaxnorm
157,Q0,AP881125-0019,36,6.058688014468127,minmaxnorm
157,Q0,WSJ871215-0159,37,5.822050884662331,minmaxnorm
157,Q0,WSJ870916-0140,38,5.746608909214149,minmaxnorm
157,Q0,AP880815-0168,39,5.74070387291917,minmaxnorm
157,Q0,AP890521-0018,40,5.740200181311313,minmaxnorm
157,Q0,AP890818-0087,41,5.737104386111443,minmaxnorm
157,Q0,WSJ900815-0129,42,5.667056712770973,minmaxnorm
157,Q0,WSJ880623-0075,43,5.642406571698593,minmaxnorm
157,Q0,AP880630-0267,44,5.625439956597417,minmaxnorm
157,Q0,WSJ880901-0006,45,5.495286931919731,minmaxnorm
157,Q0,WSJ870403-0097,46,5.492660708904358,minmaxnorm
157,Q0,WSJ870220-0089,47,5.475676740995698,minmaxnorm
157,Q0,DOE2-80-1019,48,5.471215099721585,minmaxnorm
157,Q0,WSJ871127-0108,49,5.406532867806841,minmaxnorm
157,Q0,DOE2-15-0264,50,5.403549391883475,minmaxnorm
157,Q0,AP890825-0016,51,5.372486386683651,minmaxnorm
157,Q0,AP880418-0241,52,5.351502221643412,minmaxnorm
157,Q0,AP881201-0059,53,5.342601576591094,minmaxnorm
157,Q0,AP880521-0142,54,5.331468186257772,minmaxnorm
157,Q0,WSJ911204-0002,55,5.271570345833282,minmaxnorm
157,Q0,AP881215-0055,56,5.253955109533873,minmaxnorm
157,Q0,WSJ890915-0058,57,5.227679020946906,minmaxnorm
157,Q0,WSJ880727-0108,58,5.19309804703751,minmaxnorm
157,Q0,DOE2-61-0627,59,5.17901000174709,minmaxnorm
157,Q0,FR881021-0019,60,5.157461514417478,minmaxnorm
157,Q0,WSJ870521-0034,61,5.147692767854968,minmaxnorm
157,Q0,WSJ871005-0104,62,5.114769530936647,minmaxnorm
157,Q0,DOE2-81-0140,63,5.0922137168386845,minmaxnorm
157,Q0,WSJ880603-0039,64,5.081905849727009,minmaxnorm
157,Q0,AP890817-0042,65,5.077303289263639,minmaxnorm
157,Q0,DOE2-49-0034,66,5.07277174152849,minmaxnorm
157,Q0,WSJ880428-0072,67,5.057417633682374,minmaxnorm
157,Q0,WSJ900720-0111,68,5.056829419169913,minmaxnorm
157,Q0,DOE2-07-0980,69,5.043759419843311,minmaxnorm
157,Q0,DOE1-78-0261,70,5.000733510933067,minmaxnorm
157,Q0,DOE2-14-0637,71,4.981520143697096,minmaxnorm
157,Q0,WSJ890804-0119,72,4.9765940743144865,minmaxnorm
157,Q0,WSJ900720-0024,73,4.9537384185760205,minmaxnorm
157,Q0,WSJ910510-0056,74,4.906210665892366,minmaxnorm
157,Q0,AP891003-0010,75,4.899532775039605,minmaxnorm
157,Q0,AP880310-0025,76,4.888296995229544,minmaxnorm
157,Q0,WSJ880317-0158,77,4.865450217721893,minmaxnorm
157,Q0,AP881028-0268,78,4.817250180317661,minmaxnorm
157,Q0,FR88129-0124,79,4.78834189508862,minmaxnorm
157,Q0,AP881102-0002,80,4.782880318333784,minmaxnorm
157,Q0,WSJ880712-0031,81,4.782530479150845,minmaxnorm
157,Q0,DOE1-33-0440,82,4.7782438908967775,minmaxnorm
157,Q0,AP881005-0054,83,4.752086062405744,minmaxnorm
157,Q0,AP880511-0196,84,4.741201081382926,minmaxnorm
157,Q0,WSJ900815-0113,85,4.735910268892721,minmaxnorm
157,Q0,WSJ890804-0101,86,4.6941298280947725,minmaxnorm
157,Q0,AP890308-0056,87,4.669605089968992,minmaxnorm
157,Q0,DOE2-03-1053,88,4.618502692596444,minmaxnorm
157,Q0,AP881017-0087,89,4.597054506741769,minmaxnorm
157,Q0,AP880225-0183,90,4.578103500786731,minmaxnorm
157,Q0,WSJ880816-0081,91,4.532558357031195,minmaxnorm
157,Q0,DOE2-75-0129,92,4.508816998491237,minmaxnorm
157,Q0,AP880226-0076,93,4.46300795533398,minmaxnorm
157,Q0,WSJ870824-0067,94,4.448143465320636,minmaxnorm
157,Q0,DOE2-51-0094,95,4.439740848529356,minmaxnorm
157,Q0,AP890627-0022,96,4.40074079677911,minmaxnorm
157,Q0,AP881010-0021,97,4.340177157790851,minmaxnorm
157,Q0,AP880401-0022,98,4.302691679688465,minmaxnorm
157,Q0,WSJ870722-0113,99,4.300535791788569,minmaxnorm
157,Q0,WSJ900905-0010,100,4.291570116666518,minmaxnorm
157,Q0,DOE2-81-0151,101,4.290843230035877,minmaxnorm
157,Q0,AP880610-0177,102,4.279242405893739,minmaxnorm
157,Q0,WSJ870409-0127,103,4.271194638673933,minmaxnorm
157,Q0,WSJ880915-0053,104,4.258125726887444,minmaxnorm
157,Q0,DOE1-06-0604,105,4.257739523107811,minmaxnorm
157,Q0,AP881123-0033,106,4.2340033798465235,minmaxnorm
157,Q0,AP890523-0088,107,4.210095105712827,minmaxnorm
157,Q0,WSJ920228-0125,108,4.200067192292285,minmaxnorm
157,Q0,DOE2-14-0424,109,4.170132913373899,minmaxnorm
157,Q0,FR88129-0125,110,4.152085429379295,minmaxnorm
157,Q0,DOE2-03-1130,111,4.099744319320904,minmaxnorm
157,Q0,AP890811-0091,112,4.0973423148716845,minmaxnorm
157,Q0,WSJ880211-0103,113,4.097190384035624,minmaxnorm
157,Q0,AP880603-0064,114,4.092082177175791,minmaxnorm
157,Q0,AP880428-0212,115,4.065067054622486,minmaxnorm
157,Q0,WSJ890818-0066,116,4.059588941299335,minmaxnorm
157,Q0,WSJ871204-0108,117,4.053721213694543,minmaxnorm
157,Q0,DOE2-81-1285,118,4.0202510344498865,minmaxnorm
157,Q0,AP880929-0011,119,4.0180965326985385,minmaxnorm
157,Q0,AP890720-0226,120,3.979734768901446,minmaxnorm
157,Q0,WSJ891024-0140,121,3.974243969280707,minmaxnorm
157,Q0,AP890622-0271,122,3.9544982557583266,minmaxnorm
157,Q0,AP890721-0018,123,3.9405782574138377,minmaxnorm
157,Q0,DOE1-45-0857,124,3.940397476109651,minmaxnorm
157,Q0,DOE1-61-0302,125,3.9403674868998055,minmaxnorm
157,Q0,WSJ880127-0105,126,3.9118474426220615,minmaxnorm
157,Q0,WSJ900924-0091,127,3.897837564852588,minmaxnorm
157,Q0,AP891004-0167,128,3.8853448213446504,minmaxnorm
157,Q0,WSJ900802-0101,129,3.8792229980262096,minmaxnorm
157,Q0,DOE2-38-0881,130,3.8744060088429215,minmaxnorm
157,Q0,WSJ900417-0078,131,3.846390233482015,minmaxnorm
157,Q0,WSJ910620-0124,132,3.844154876776949,minmaxnorm
157,Q0,AP880225-0104,133,3.839737360763574,minmaxnorm
157,Q0,WSJ870518-0062,134,3.8199104365616305,minmaxnorm
157,Q0,WSJ900418-0110,135,3.8048183204058583,minmaxnorm
157,Q0,WSJ871015-0165,136,3.8004199530288307,minmaxnorm
157,Q0,WSJ920225-0057,137,3.7966103309843775,minmaxnorm
157,Q0,DOE2-81-0135,138,3.7954619158454617,minmaxnorm
157,Q0,WSJ911126-0009,139,3.792247312161481,minmaxnorm
157,Q0,WSJ900530-0068,140,3.7889218600238883,minmaxnorm
157,Q0,AP890518-0107,141,3.788148658321554,minmaxnorm
157,Q0,AP890915-0108,142,3.779633641843329,minmaxnorm
157,Q0,WSJ900511-0148,143,3.772112875441113,minmaxnorm
157,Q0,WSJ880128-0006,144,3.7650455166436365,minmaxnorm
157,Q0,WSJ870618-0076,145,3.7617432000086857,minmaxnorm
157,Q0,AP880331-0168,146,3.752651436998181,minmaxnorm
157,Q0,AP890219-0069,147,3.7517528973866345,minmaxnorm
157,Q0,AP890524-0044,148,3.7500384899955956,minmaxnorm
157,Q0,WSJ900402-0174,149,3.702926595941069,minmaxnorm
157,Q0,AP890919-0140,150,3.698844745213587,minmaxnorm
157,Q0,WSJ911202-0032,151,3.6958549828267184,minmaxnorm
157,Q0,DOE1-49-1157,152,3.684573116701209,minmaxnorm
157,Q0,WSJ910503-0122,153,3.676720582195219,minmaxnorm
157,Q0,WSJ870209-0080,154,3.6619072178174306,minmaxnorm
157,Q0,WSJ880608-0039,155,3.640483261518309,minmaxnorm
157,Q0,AP890828-0202,156,3.6317891448447646,minmaxnorm
157,Q0,WSJ880613-0123,157,3.6235247651956035,minmaxnorm
157,Q0,DOE2-14-0425,158,3.6155533249817027,minmaxnorm
157,Q0,WSJ880226-0124,159,3.577426667601594,minmaxnorm
157,Q0,WSJ900806-0105,160,3.573601759962647,minmaxnorm
157,Q0,AP890822-0119,161,3.552920660709264,minmaxnorm
157,Q0,AP891018-0184,162,3.5488145804504003,minmaxnorm
157,Q0,WSJ880520-0186,163,3.5423902746097418,minmaxnorm
157,Q0,AP890601-0107,164,3.539344948739358,minmaxnorm
157,Q0,AP881229-0056,165,3.536477573409386,minmaxnorm
157,Q0,WSJ920103-0028,166,3.521881126097671,minmaxnorm
157,Q0,WSJ900611-0095,167,3.496917635332119,minmaxnorm
157,Q0,WSJ880429-0091,168,3.476906706759272,minmaxnorm
157,Q0,WSJ870423-0018,169,3.459190740834936,minmaxnorm
157,Q0,AP891214-0035,170,3.4551137417701687,minmaxnorm
157,Q0,AP880331-0184,171,3.45485952675684,minmaxnorm
157,Q0,FR89804-0031,172,3.4524327180466754,minmaxnorm
157,Q0,AP881022-0002,173,3.4448213179972234,minmaxnorm
157,Q0,AP880915-0053,174,3.4387044987716457,minmaxnorm
157,Q0,WSJ861209-0069,175,3.4254612660845143,minmaxnorm
157,Q0,AP880229-0034,176,3.4236014155173953,minmaxnorm
157,Q0,AP880429-0069,177,3.4224564029709184,minmaxnorm
157,Q0,WSJ870421-0071,178,3.4199649089478603,minmaxnorm
157,Q0,WSJ910627-0111,179,3.398561879743198,minmaxnorm
157,Q0,WSJ900625-0157,180,3.3851248985641735,minmaxnorm
157,Q0,WSJ870723-0106,181,3.3847577725066937,minmaxnorm
157,Q0,AP881101-0127,182,3.3799724408870953,minmaxnorm
157,Q0,FR88504-0118,183,3.3685188887012485,minmaxnorm
157,Q0,AP891226-0181,184,3.365064307765493,minmaxnorm
157,Q0,WSJ910201-0122,185,3.3592099282291343,minmaxnorm
157,Q0,WSJ870305-0014,186,3.3579863975024913,minmaxnorm
157,Q0,WSJ910531-0138,187,3.346970753601174,minmaxnorm
157,Q0,ZF109-580-331,188,3.342615027977676,minmaxnorm
157,Q0,WSJ870116-0047,189,3.332550782378298,minmaxnorm
157,Q0,WSJ900514-0084,190,3.3224352617992783,minmaxnorm
157,Q0,AP891129-0033,191,3.321849102991096,minmaxnorm
157,Q0,AP891115-0146,192,3.321376800199293,minmaxnorm
157,Q0,AP881102-0235,193,3.3175509440797257,minmaxnorm
157,Q0,WSJ910802-0098,194,3.3148180486700882,minmaxnorm
157,Q0,AP890821-0106,195,3.3112123049248985,minmaxnorm
157,Q0,AP880617-0002,196,3.292168522790689,minmaxnorm
157,Q0,AP881125-0010,197,3.274561839152157,minmaxnorm
157,Q0,FR89721-0025,198,3.2723629052779417,minmaxnorm
157,Q0,WSJ910125-0084,199,3.248536483931324,minmaxnorm
157,Q0,WSJ881004-0040,200,3.2426128617345826,minmaxnorm
157,Q0,FR89315-0153,201,3.242208424053001,minmaxnorm
157,Q0,WSJ920224-0089,202,3.231990248203491,minmaxnorm
157,Q0,AP890314-0104,203,3.2084221592054676,minmaxnorm
157,Q0,AP891222-0044,204,3.205264171811208,minmaxnorm
157,Q0,WSJ911014-0053,205,3.1955669992390905,minmaxnorm
157,Q0,AP890126-0012,206,3.1894248044287328,minmaxnorm
157,Q0,AP880630-0047,207,3.181001822784353,minmaxnorm
157,Q0,WSJ900726-0113,208,3.160706636898736,minmaxnorm
157,Q0,WSJ881115-0147,209,3.157029320504283,minmaxnorm
157,Q0,WSJ861216-0006,210,3.1542011757631223,minmaxnorm
157,Q0,DOE2-68-0776,211,3.1466631262647997,minmaxnorm
157,Q0,FR89623-0122,212,3.1463227284823585,minmaxnorm
157,Q0,WSJ880615-0028,213,3.1348059536176667,minmaxnorm
157,Q0,WSJ900913-0146,214,3.1310765406056054,minmaxnorm
157,Q0,WSJ871021-0036,215,3.12883240099461,minmaxnorm
157,Q0,AP891110-0024,216,3.111097029606918,minmaxnorm
157,Q0,DOE1-79-0413,217,3.1104334480933638,minmaxnorm
157,Q0,DOE1-33-0034,218,3.0716121211572283,minmaxnorm
157,Q0,WSJ910524-0068,219,3.067783188845133,minmaxnorm
157,Q0,DOE1-14-1166,220,3.0459825128864226,minmaxnorm
157,Q0,AP880813-0054,221,3.0451429707432602,minmaxnorm
157,Q0,WSJ870209-0053,222,3.0263660671641017,minmaxnorm
157,Q0,WSJ910521-0097,223,3.0216356425930946,minmaxnorm
157,Q0,DOE1-07-1331,224,3.015409170689998,minmaxnorm
157,Q0,AP880322-0086,225,3.0153877617807106,minmaxnorm
157,Q0,WSJ910613-0126,226,3.006525029882302,minmaxnorm
157,Q0,AP890116-0056,227,2.998536142130843,minmaxnorm
157,Q0,ZF108-344-035,228,2.98527909919233,minmaxnorm
157,Q0,ZF107-975-858,229,2.974418484416089,minmaxnorm
157,Q0,AP890113-0008,230,2.968009789943712,minmaxnorm
157,Q0,WSJ890929-0073,231,2.963199892781919,minmaxnorm
157,Q0,ZF108-706-656,232,2.9628989683740516,minmaxnorm
157,Q0,WSJ910502-0054,233,2.936349456050443,minmaxnorm
157,Q0,WSJ911003-0064,234,2.9335830933498404,minmaxnorm
157,Q0,AP881005-0158,235,2.929294774072378,minmaxnorm
157,Q0,WSJ880913-0158,236,2.92071391144001,minmaxnorm
157,Q0,WSJ911111-0048,237,2.9193784537888288,minmaxnorm
157,Q0,DOE2-81-0142,238,2.9177529696132893,minmaxnorm
157,Q0,AP881001-0050,239,2.9169517124102717,minmaxnorm
157,Q0,WSJ911107-0088,240,2.9081725001648997,minmaxnorm
157,Q0,ZF107-942-584,241,2.8916534459641894,minmaxnorm
157,Q0,WSJ910716-0084,242,2.879373711542034,minmaxnorm
157,Q0,WSJ911129-0005,243,2.8757641915283654,minmaxnorm
157,Q0,DOE2-09-0441,244,2.8700276718140643,minmaxnorm
157,Q0,WSJ871228-0076,245,2.857755113825255,minmaxnorm
157,Q0,AP890927-0132,246,2.8508649498114753,minmaxnorm
157,Q0,WSJ891009-0170,247,2.84711249131283,minmaxnorm
157,Q0,AP880613-0255,248,2.8434639931278034,minmaxnorm
157,Q0,DOE2-15-0263,249,2.8371169901007347,minmaxnorm
157,Q0,AP880502-0178,250,2.82791135499036,minmaxnorm
157,Q0,WSJ861208-0187,251,2.826475421085222,minmaxnorm
157,Q0,AP891122-0234,252,2.821786465307624,minmaxnorm
157,Q0,WSJ900503-0153,253,2.8213929364671415,minmaxnorm
157,Q0,FR89203-0031,254,2.8171438769042454,minmaxnorm
157,Q0,WSJ890821-0084,255,2.8092733591484147,minmaxnorm
157,Q0,AP891221-0208,256,2.8091667030795073,minmaxnorm
157,Q0,WSJ870914-0085,257,2.8063532247193064,minmaxnorm
157,Q0,WSJ920317-0050,258,2.806159762545517,minmaxnorm
157,Q0,AP891027-0033,259,2.805286236910398,minmaxnorm
157,Q0,WSJ911203-0127,260,2.8032811962690425,minmaxnorm
157,Q0,WSJ900809-0004,261,2.7773287957363704,minmaxnorm
157,Q0,AP890306-0026,262,2.7683511295815135,minmaxnorm
157,Q0,WSJ900717-0041,263,2.7650252268556716,minmaxnorm
157,Q0,WSJ900830-0153,264,2.7624449672188907,minmaxnorm
157,Q0,FR89918-0059,265,2.7594274387309015,minmaxnorm
157,Q0,AP890818-0020,266,2.7496107972649697,minmaxnorm
157,Q0,DOE1-49-1150,267,2.7333469393344556,minmaxnorm
157,Q0,WSJ870810-0088,268,2.7305053705839595,minmaxnorm
157,Q0,WSJ880610-0106,269,2.7284004332410356,minmaxnorm
157,Q0,AP880524-0168,270,2.723221253142219,minmaxnorm
157,Q0,AP890629-0049,271,2.68646017122972,minmaxnorm
157,Q0,AP890714-0024,272,2.6864151969976575,minmaxnorm
157,Q0,FR88929-0168,273,2.6454367487965946,minmaxnorm
157,Q0,WSJ871013-0099,274,2.6392667576362574,minmaxnorm
157,Q0,AP890711-0018,275,2.636113230257424,minmaxnorm
157,Q0,AP880412-0072,276,2.635243819114591,minmaxnorm
157,Q0,WSJ911115-0135,277,2.6262775181560296,minmaxnorm
157,Q0,WSJ870424-0144,278,2.624988667229579,minmaxnorm
157,Q0,AP891026-0221,279,2.623401788906654,minmaxnorm
157,Q0,AP891006-0226,280,2.6160440751222573,minmaxnorm
157,Q0,WSJ910801-0082,281,2.612962282191467,minmaxnorm
157,Q0,WSJ870804-0031,282,2.5975908521969164,minmaxnorm
157,Q0,AP890425-0096,283,2.5972510087784264,minmaxnorm
157,Q0,WSJ910718-0160,284,2.5960628302780706,minmaxnorm
157,Q0,AP880219-0085,285,2.5930230707375435,minmaxnorm
157,Q0,WSJ890828-0145,286,2.5870419718020066,minmaxnorm
157,Q0,WSJ900801-0090,287,2.5658723360938644,minmaxnorm
157,Q0,AP890208-0153,288,2.560598100395064,minmaxnorm
157,Q0,WSJ910923-0012,289,2.551684830963666,minmaxnorm
157,Q0,AP880216-0141,290,2.5464520885451627,minmaxnorm
157,Q0,AP880813-0185,291,2.541147852073567,minmaxnorm
157,Q0,WSJ871125-0086,292,2.534646976285979,minmaxnorm
157,Q0,WSJ920214-0032,293,2.533752062535197,minmaxnorm
157,Q0,WSJ911113-0022,294,2.5317390675093625,minmaxnorm
157,Q0,FR89123-0103,295,2.5312187018149057,minmaxnorm
157,Q0,WSJ861212-0060,296,2.5297106014478774,minmaxnorm
157,Q0,WSJ911003-0062,297,2.517499507657222,minmaxnorm
157,Q0,WSJ900713-0178,298,2.5141992298609144,minmaxnorm
157,Q0,WSJ900405-0151,299,2.507539334463711,minmaxnorm
157,Q0,WSJ911203-0009,300,2.5042629255809845,minmaxnorm
157,Q0,DOE2-45-0040,301,2.502099273027951,minmaxnorm
157,Q0,AP890828-0203,302,2.5004412967174847,minmaxnorm
157,Q0,WSJ870120-0009,303,2.4920987576176423,minmaxnorm
157,Q0,WSJ910522-0053,304,2.4912993626714495,minmaxnorm
157,Q0,WSJ880106-0061,305,2.485724623628592,minmaxnorm
157,Q0,WSJ890929-0167,306,2.4816078361795886,minmaxnorm
157,Q0,AP881116-0066,307,2.4783610165866885,minmaxnorm
157,Q0,WSJ900907-0140,308,2.471648846171893,minmaxnorm
157,Q0,FR89530-0038,309,2.4694297819718267,minmaxnorm
157,Q0,WSJ870828-0009,310,2.468816386821304,minmaxnorm
157,Q0,WSJ910405-0005,311,2.459782162120917,minmaxnorm
157,Q0,ZF207-500-286,312,2.4551036106833877,minmaxnorm
157,Q0,AP881128-0248,313,2.451367219768771,minmaxnorm
157,Q0,WSJ870424-0155,314,2.4483734901668934,minmaxnorm
157,Q0,WSJ910228-0202,315,2.440676838250951,minmaxnorm
157,Q0,AP880330-0001,316,2.438401300083592,minmaxnorm
157,Q0,WSJ880615-0154,317,2.436961163680572,minmaxnorm
157,Q0,WSJ881110-0086,318,2.422603568731612,minmaxnorm
157,Q0,WSJ880520-0084,319,2.420557108545545,minmaxnorm
157,Q0,AP880323-0139,320,2.4201936679775566,minmaxnorm
157,Q0,FR88906-0052,321,2.420038728256968,minmaxnorm
157,Q0,AP880506-0194,322,2.419847336723851,minmaxnorm
157,Q0,AP891215-0004,323,2.4167208627761796,minmaxnorm
157,Q0,WSJ870108-0002,324,2.408116671147879,minmaxnorm
157,Q0,WSJ870424-0116,325,2.407518953803412,minmaxnorm
157,Q0,WSJ880524-0068,326,2.405777800088601,minmaxnorm
157,Q0,FR88929-0080,327,2.395881102017467,minmaxnorm
157,Q0,WSJ920306-0016,328,2.3943476908324803,minmaxnorm
157,Q0,WSJ910807-0011,329,2.3920976157278426,minmaxnorm
157,Q0,WSJ900522-0123,330,2.390256711505307,minmaxnorm
157,Q0,DOE1-69-0422,331,2.3859016491158793,minmaxnorm
157,Q0,DOE2-61-0597,332,2.3814913530112216,minmaxnorm
157,Q0,WSJ911021-0167,333,2.3748043162143846,minmaxnorm
157,Q0,WSJ880303-0051,334,2.3744010994656235,minmaxnorm
157,Q0,WSJ900419-0016,335,2.3672179262834505,minmaxnorm
157,Q0,WSJ880718-0072,336,2.355775727629631,minmaxnorm
157,Q0,AP890913-0055,337,2.3550523399129055,minmaxnorm
157,Q0,AP890329-0167,338,2.318434174331756,minmaxnorm
157,Q0,WSJ910621-0089,339,2.3122008173227635,minmaxnorm
157,Q0,WSJ900521-0110,340,2.311164001037629,minmaxnorm
157,Q0,FR89130-0036,341,2.3088684737103753,minmaxnorm
157,Q0,FR89620-0103,342,2.30657550067848,minmaxnorm
157,Q0,DOE1-73-0041,343,2.293010940270396,minmaxnorm
157,Q0,AP881017-0157,344,2.2907311391105494,minmaxnorm
157,Q0,AP880421-0182,345,2.288789620031443,minmaxnorm
157,Q0,AP880502-0218,346,2.285952222646562,minmaxnorm
157,Q0,WSJ920213-0113,347,2.2836767837370173,minmaxnorm
157,Q0,DOE1-85-0852,348,2.2770981126993712,minmaxnorm
157,Q0,AP891205-0185,349,2.2717505818398385,minmaxnorm
157,Q0,AP890424-0179,350,2.268104876488164,minmaxnorm
157,Q0,DOE1-25-0399,351,2.254741603933152,minmaxnorm
157,Q0,WSJ881102-0125,352,2.2500208180043204,minmaxnorm
157,Q0,ZF207-347-217,353,2.2499890221366687,minmaxnorm
157,Q0,AP890510-0055,354,2.2421644695755387,minmaxnorm
157,Q0,WSJ900914-0163,355,2.2355426016192914,minmaxnorm
157,Q0,AP890315-0061,356,2.2318783927351187,minmaxnorm
157,Q0,WSJ880812-0077,357,2.2299342109055993,minmaxnorm
157,Q0,WSJ910904-0082,358,2.2292435242544593,minmaxnorm
157,Q0,AP890414-0078,359,2.2243429970440403,minmaxnorm
157,Q0,WSJ911107-0049,360,2.2166916466450064,minmaxnorm
157,Q0,WSJ900816-0142,361,2.2156208611923582,minmaxnorm
157,Q0,WSJ870811-0088,362,2.2156140081500455,minmaxnorm
157,Q0,AP880524-0036,363,2.207235762059775,minmaxnorm
157,Q0,WSJ911014-0065,364,2.2068877226310555,minmaxnorm
157,Q0,AP890213-0102,365,2.206098004271758,minmaxnorm
157,Q0,WSJ870320-0168,366,2.2058047922899817,minmaxnorm
157,Q0,WSJ910717-0158,367,2.200328708820501,minmaxnorm
157,Q0,AP890102-0137,368,2.1860076507506827,minmaxnorm
157,Q0,WSJ900517-0062,369,2.182261676936248,minmaxnorm
157,Q0,AP880531-0172,370,2.1808106189457463,minmaxnorm
157,Q0,WSJ910703-0075,371,2.1804877955524087,minmaxnorm
157,Q0,FR89406-0112,372,2.180379557329406,minmaxnorm
157,Q0,WSJ880531-0118,373,2.172286485784602,minmaxnorm
157,Q0,AP880525-0152,374,2.159716857801885,minmaxnorm
157,Q0,AP890224-0146,375,2.1571211109768953,minmaxnorm
157,Q0,AP880731-0004,376,2.156786263835629,minmaxnorm
157,Q0,WSJ871027-0077,377,2.1560411160596735,minmaxnorm
157,Q0,DOE1-78-0237,378,2.142439676393237,minmaxnorm
157,Q0,WSJ880714-0011,379,2.138904890224775,minmaxnorm
157,Q0,WSJ910207-0007,380,2.1386549445347764,minmaxnorm
157,Q0,DOE2-76-0178,381,2.137233978234789,minmaxnorm
157,Q0,DOE1-13-1224,382,2.1360575768663352,minmaxnorm
157,Q0,WSJ910415-0028,383,2.1295439848854003,minmaxnorm
157,Q0,FR89126-0169,384,2.125091397931359,minmaxnorm
157,Q0,FR89108-0080,385,2.111308699067385,minmaxnorm
157,Q0,WSJ870416-0067,386,2.1049358413380217,minmaxnorm
157,Q0,AP881113-0002,387,2.095863870543755,minmaxnorm
157,Q0,AP891221-0115,388,2.0917854605751054,minmaxnorm
157,Q0,AP890604-0014,389,2.090088569299619,minmaxnorm
157,Q0,WSJ900810-0076,390,2.0821025317708175,minmaxnorm
157,Q0,AP890523-0182,391,2.075826765985147,minmaxnorm
157,Q0,WSJ870608-0092,392,2.0758040965091893,minmaxnorm
157,Q0,AP890803-0127,393,2.072930091419371,minmaxnorm
157,Q0,DOE1-37-0675,394,2.0677173774189703,minmaxnorm
157,Q0,AP880617-0252,395,2.062464785826394,minmaxnorm
157,Q0,WSJ880922-0143,396,2.0589298663421527,minmaxnorm
157,Q0,AP890921-0016,397,2.056798309965108,minmaxnorm
157,Q0,WSJ870413-0018,398,2.0535469328108116,minmaxnorm
157,Q0,WSJ880317-0139,399,2.0507053549491268,minmaxnorm
157,Q0,AP890113-0052,400,2.0465054419496798,minmaxnorm
157,Q0,FR88603-0018,401,2.0394284353579146,minmaxnorm
157,Q0,AP881118-0038,402,2.03814318439,minmaxnorm
157,Q0,DOE2-66-0336,403,2.0351529054201327,minmaxnorm
157,Q0,WSJ910826-0110,404,2.032705516504398,minmaxnorm
157,Q0,WSJ890728-0109,405,2.022756715137426,minmaxnorm
157,Q0,FR89712-0123,406,2.0206156079427675,minmaxnorm
157,Q0,WSJ910418-0117,407,2.0095653729445795,minmaxnorm
157,Q0,FR88922-0017,408,2.0088104940677916,minmaxnorm
157,Q0,FR88815-0032,409,2.0029036734516645,minmaxnorm
157,Q0,WSJ870203-0110,410,2.0009733029252805,minmaxnorm
157,Q0,DOE2-08-0597,411,1.9960494322149767,minmaxnorm
157,Q0,WSJ900925-0148,412,1.9954427957145926,minmaxnorm
157,Q0,DOE1-43-0247,413,1.9839171736462404,minmaxnorm
157,Q0,AP881022-0012,414,1.981911140790354,minmaxnorm
157,Q0,WSJ890908-0091,415,1.980947229914483,minmaxnorm
157,Q0,AP891130-0101,416,1.977792624773347,minmaxnorm
157,Q0,DOE2-42-0594,417,1.9773908777496692,minmaxnorm
157,Q0,AP880512-0024,418,1.9751322857130358,minmaxnorm
157,Q0,FR891102-0034,419,1.9748875308815517,minmaxnorm
157,Q0,AP890824-0080,420,1.963652543374382,minmaxnorm
157,Q0,WSJ910411-0055,421,1.9590385556780594,minmaxnorm
157,Q0,DOE2-11-0804,422,1.951397526911211,minmaxnorm
157,Q0,DOE1-80-0023,423,1.946879027925475,minmaxnorm
157,Q0,WSJ910725-0117,424,1.9362529286554944,minmaxnorm
157,Q0,FR881121-0034,425,1.9349017998300309,minmaxnorm
157,Q0,WSJ871112-0105,426,1.9282115444164964,minmaxnorm
157,Q0,DOE2-13-1007,427,1.9219476802233775,minmaxnorm
157,Q0,AP880324-0171,428,1.9215549394443645,minmaxnorm
157,Q0,AP890619-0140,429,1.9195641792922387,minmaxnorm
157,Q0,WSJ870528-0085,430,1.9139265109570152,minmaxnorm
157,Q0,WSJ911016-0095,431,1.9111764265829645,minmaxnorm
157,Q0,AP881226-0027,432,1.9102720728815337,minmaxnorm
157,Q0,AP881205-0174,433,1.9072779847126389,minmaxnorm
157,Q0,ZF108-497-554,434,1.9013353317078376,minmaxnorm
157,Q0,WSJ870424-0135,435,1.8981403998940776,minmaxnorm
157,Q0,WSJ910130-0105,436,1.8947181666512447,minmaxnorm
157,Q0,WSJ911101-0029,437,1.8890237064279978,minmaxnorm
157,Q0,DOE1-48-0010,438,1.8751162518617155,minmaxnorm
157,Q0,AP890208-0102,439,1.873180280133693,minmaxnorm
157,Q0,FR88510-0032,440,1.8699896057814882,minmaxnorm
157,Q0,DOE1-35-0697,441,1.86353979113616,minmaxnorm
157,Q0,FR89324-0021,442,1.8628418428639306,minmaxnorm
157,Q0,WSJ880915-0113,443,1.851520408397411,minmaxnorm
157,Q0,WSJ881006-0096,444,1.8492614238632692,minmaxnorm
157,Q0,AP890119-0059,445,1.8482982342301233,minmaxnorm
157,Q0,AP881017-0300,446,1.8473752370474243,minmaxnorm
157,Q0,WSJ910307-0102,447,1.8451304459655473,minmaxnorm
157,Q0,AP881216-0031,448,1.844752394827099,minmaxnorm
157,Q0,WSJ870605-0063,449,1.844484522964459,minmaxnorm
157,Q0,AP890308-0174,450,1.8434783105585506,minmaxnorm
157,Q0,AP880610-0045,451,1.8380297789919111,minmaxnorm
157,Q0,AP890310-0051,452,1.8371959099215702,minmaxnorm
157,Q0,WSJ911002-0117,453,1.8329715430101008,minmaxnorm
157,Q0,DOE2-75-0512,454,1.8258587011643899,minmaxnorm
157,Q0,WSJ861229-0001,455,1.8221769150112634,minmaxnorm
157,Q0,FR89721-0117,456,1.8208504193794919,minmaxnorm
157,Q0,WSJ910806-0124,457,1.8177458794108574,minmaxnorm
157,Q0,DOE1-21-0569,458,1.8160678396288366,minmaxnorm
157,Q0,WSJ900912-0041,459,1.8114538006088632,minmaxnorm
157,Q0,WSJ900620-0121,460,1.8104848719911737,minmaxnorm
157,Q0,AP880503-0052,461,1.8099793882889952,minmaxnorm
157,Q0,WSJ890921-0147,462,1.807304688412528,minmaxnorm
157,Q0,WSJ900705-0100,463,1.802384879068295,minmaxnorm
157,Q0,AP881027-0063,464,1.7990974609422543,minmaxnorm
157,Q0,AP880612-0038,465,1.7947035906169948,minmaxnorm
157,Q0,DOE1-90-1195,466,1.7942899813615327,minmaxnorm
157,Q0,DOE1-33-0026,467,1.7940676691693356,minmaxnorm
157,Q0,AP880721-0005,468,1.7905467497193914,minmaxnorm
157,Q0,DOE2-81-0145,469,1.7884663108358247,minmaxnorm
157,Q0,WSJ870806-0078,470,1.7868195001848637,minmaxnorm
157,Q0,WSJ920114-0003,471,1.785924292689087,minmaxnorm
157,Q0,WSJ910603-0087,472,1.7804529679352725,minmaxnorm
157,Q0,AP891230-0008,473,1.7764841274970953,minmaxnorm
157,Q0,AP890102-0140,474,1.775355534623769,minmaxnorm
157,Q0,AP891024-0219,475,1.7746091051466795,minmaxnorm
157,Q0,WSJ880711-0104,476,1.7628246096379165,minmaxnorm
157,Q0,WSJ910530-0117,477,1.7628041963645997,minmaxnorm
157,Q0,FR891003-0049,478,1.750643825058216,minmaxnorm
157,Q0,WSJ881003-0153,479,1.748251972796111,minmaxnorm
157,Q0,WSJ890922-0046,480,1.7438951130835127,minmaxnorm
157,Q0,WSJ911120-0077,481,1.7402628983010318,minmaxnorm
157,Q0,AP881013-0061,482,1.7391672226400063,minmaxnorm
157,Q0,WSJ911008-0113,483,1.7254751394797971,minmaxnorm
157,Q0,DOE2-81-1229,484,1.7178203814564246,minmaxnorm
157,Q0,WSJ920302-0158,485,1.714322858317594,minmaxnorm
157,Q0,AP890610-0124,486,1.7142881079449555,minmaxnorm
157,Q0,AP890424-0253,487,1.7082315297613753,minmaxnorm
157,Q0,AP890531-0026,488,1.6978882006421958,minmaxnorm
157,Q0,WSJ920115-0040,489,1.697725491106847,minmaxnorm
157,Q0,AP890718-0006,490,1.6976197825685984,minmaxnorm
157,Q0,WSJ880829-0058,491,1.6976040812249225,minmaxnorm
157,Q0,FR89302-0031,492,1.694119113978639,minmaxnorm
157,Q0,FR88929-0018,493,1.6934969921581728,minmaxnorm
157,Q0,AP890824-0141,494,1.6931019879528748,minmaxnorm
157,Q0,WSJ900608-0142,495,1.689475947992297,minmaxnorm
157,Q0,DOE1-33-0509,496,1.6890637016504446,minmaxnorm
157,Q0,AP891213-0165,497,1.6880041315990588,minmaxnorm
157,Q0,AP890911-0196,498,1.6765832532435727,minmaxnorm
157,Q0,WSJ910814-0076,499,1.6730148024666316,minmaxnorm
157,Q0,WSJ870831-0073,500,1.6729181434878106,minmaxnorm
157,Q0,AP890712-0072,501,1.6720505522793017,minmaxnorm
157,Q0,AP880613-0034,502,1.670894587991601,minmaxnorm
157,Q0,AP880223-0184,503,1.6706706880902897,minmaxnorm
157,Q0,WSJ871008-0101,504,1.6695714896387555,minmaxnorm
157,Q0,DOE1-48-0005,505,1.664756874784079,minmaxnorm
157,Q0,WSJ880526-0112,506,1.6632087660058128,minmaxnorm
157,Q0,WSJ880912-0005,507,1.6617543826305838,minmaxnorm
157,Q0,AP880725-0123,508,1.6577800155144373,minmaxnorm
157,Q0,AP890112-0140,509,1.65360765224327,minmaxnorm
157,Q0,FR89927-0029,510,1.6517487663835175,minmaxnorm
157,Q0,WSJ910621-0064,511,1.6506126428849999,minmaxnorm
157,Q0,WSJ880819-0015,512,1.6478784761172713,minmaxnorm
157,Q0,WSJ911218-0076,513,1.6454098174274454,minmaxnorm
157,Q0,FR881024-0095,514,1.6412242500239271,minmaxnorm
157,Q0,AP890330-0017,515,1.6411408450641016,minmaxnorm
157,Q0,FR89206-0011,516,1.6366059009410523,minmaxnorm
157,Q0,AP881014-0116,517,1.6343698665796473,minmaxnorm
157,Q0,FR89607-0014,518,1.632039351940749,minmaxnorm
157,Q0,AP881005-0058,519,1.6293050350358418,minmaxnorm
157,Q0,AP891115-0169,520,1.6288799093458048,minmaxnorm
157,Q0,AP880602-0192,521,1.6256361293892998,minmaxnorm
157,Q0,DOE1-34-0408,522,1.620304119953948,minmaxnorm
157,Q0,WSJ910531-0002,523,1.6142897781553538,minmaxnorm
157,Q0,AP890825-0112,524,1.6090400848336175,minmaxnorm
157,Q0,WSJ870112-0024,525,1.608668778522195,minmaxnorm
157,Q0,AP880615-0071,526,1.603401546830439,minmaxnorm
157,Q0,WSJ910506-0166,527,1.601971796590537,minmaxnorm
157,Q0,WSJ870219-0041,528,1.6019089520908105,minmaxnorm
157,Q0,FR89302-0052,529,1.597964960308916,minmaxnorm
157,Q0,AP891116-0038,530,1.5924019010651698,minmaxnorm
157,Q0,WSJ920313-0060,531,1.5914094253082474,minmaxnorm
157,Q0,DOE1-78-0134,532,1.5893110944979623,minmaxnorm
157,Q0,WSJ911119-0035,533,1.5868287735432351,minmaxnorm
157,Q0,WSJ870414-0088,534,1.5770983106863088,minmaxnorm
157,Q0,WSJ880324-0086,535,1.576197547040207,minmaxnorm
157,Q0,AP881103-0177,536,1.5734982538898532,minmaxnorm
157,Q0,AP880801-0056,537,1.5706589891137983,minmaxnorm
157,Q0,DOE2-48-1067,538,1.5696284492263857,minmaxnorm
157,Q0,AP890706-0107,539,1.5686360221019606,minmaxnorm
157,Q0,WSJ910508-0103,540,1.5657701623490445,minmaxnorm
157,Q0,FR881121-0028,541,1.5637826475943668,minmaxnorm
157,Q0,FR89201-0083,542,1.561128244782195,minmaxnorm
157,Q0,AP890628-0097,543,1.5574741772551406,minmaxnorm
157,Q0,DOE2-18-0553,544,1.5565346638153974,minmaxnorm
157,Q0,WSJ881004-0047,545,1.554700637464035,minmaxnorm
157,Q0,AP890622-0165,546,1.5486835845757139,minmaxnorm
157,Q0,WSJ870420-0055,547,1.5427644906425695,minmaxnorm
157,Q0,AP880609-0256,548,1.5417656555387025,minmaxnorm
157,Q0,AP880803-0006,549,1.5392395061683555,minmaxnorm
157,Q0,AP880601-0056,550,1.5375957939038636,minmaxnorm
157,Q0,WSJ870218-0081,551,1.5293857528292512,minmaxnorm
157,Q0,AP880223-0144,552,1.5283192014831557,minmaxnorm
157,Q0,WSJ900628-0115,553,1.5169986962995827,minmaxnorm
157,Q0,WSJ890911-0002,554,1.5167289560954815,minmaxnorm
157,Q0,FR88812-0024,555,1.5167174801112027,minmaxnorm
157,Q0,DOE1-48-0008,556,1.51617435987535,minmaxnorm
157,Q0,WSJ871006-0105,557,1.5121011013839665,minmaxnorm
157,Q0,WSJ911115-0137,558,1.510015364331878,minmaxnorm
157,Q0,WSJ870611-0036,559,1.5092016715285648,minmaxnorm
157,Q0,AP890615-0195,560,1.5057158038670366,minmaxnorm
157,Q0,WSJ910625-0040,561,1.4963699782462467,minmaxnorm
157,Q0,AP880629-0161,562,1.4955647334601287,minmaxnorm
157,Q0,DOE1-88-0746,563,1.495300991549293,minmaxnorm
157,Q0,AP880421-0062,564,1.4942090394462075,minmaxnorm
157,Q0,AP890512-0064,565,1.4933772481351093,minmaxnorm
157,Q0,WSJ900917-0059,566,1.4923180922634163,minmaxnorm
157,Q0,AP881220-0167,567,1.4851234717432165,minmaxnorm
157,Q0,WSJ911224-0118,568,1.4843358292298885,minmaxnorm
157,Q0,DOE1-57-0652,569,1.4798919743331884,minmaxnorm
157,Q0,AP890824-0047,570,1.4795619549346306,minmaxnorm
157,Q0,AP890606-0076,571,1.4781004692281088,minmaxnorm
157,Q0,WSJ910930-0045,572,1.4774260827979109,minmaxnorm
157,Q0,WSJ900831-0010,573,1.4758467479215358,minmaxnorm
157,Q0,AP880805-0035,574,1.4721341989563834,minmaxnorm
157,Q0,WSJ900917-0046,575,1.4672425801977151,minmaxnorm
157,Q0,FR89123-0023,576,1.4662515444352533,minmaxnorm
157,Q0,DOE2-49-0916,577,1.4645061883506088,minmaxnorm
157,Q0,WSJ910327-0083,578,1.4632923738038446,minmaxnorm
157,Q0,WSJ910822-0065,579,1.4614129400691243,minmaxnorm
157,Q0,WSJ920210-0141,580,1.4596625231211269,minmaxnorm
157,Q0,WSJ891031-0047,581,1.4567091951529938,minmaxnorm
157,Q0,WSJ890928-0066,582,1.45569773958002,minmaxnorm
157,Q0,AP891207-0010,583,1.4530364987568234,minmaxnorm
157,Q0,AP890104-0083,584,1.4510914744558545,minmaxnorm
157,Q0,AP891226-0015,585,1.443733581706516,minmaxnorm
157,Q0,AP890127-0100,586,1.4417207436085444,minmaxnorm
157,Q0,WSJ871221-0140,587,1.4396554432367976,minmaxnorm
157,Q0,AP880317-0007,588,1.4380003004905046,minmaxnorm
157,Q0,AP880723-0184,589,1.436986280463111,minmaxnorm
157,Q0,DOE2-36-0367,590,1.435712688223884,minmaxnorm
157,Q0,DOE2-08-0067,591,1.4309672851610868,minmaxnorm
157,Q0,WSJ891023-0116,592,1.4281454589232139,minmaxnorm
157,Q0,FR89216-0022,593,1.4266542664092683,minmaxnorm
157,Q0,AP890104-0151,594,1.4248322545806438,minmaxnorm
157,Q0,DOE2-44-0279,595,1.4244577496909996,minmaxnorm
157,Q0,AP890228-0096,596,1.4237653518277509,minmaxnorm
157,Q0,FR881107-0026,597,1.421302097700138,minmaxnorm
157,Q0,WSJ900914-0168,598,1.4177499919763608,minmaxnorm
157,Q0,AP890106-0086,599,1.4138264365581124,minmaxnorm
157,Q0,WSJ871214-0061,600,1.4126939467808002,minmaxnorm
157,Q0,AP880526-0140,601,1.4106717233749653,minmaxnorm
157,Q0,WSJ870323-0061,602,1.4101337900755522,minmaxnorm
157,Q0,AP890703-0137,603,1.4079026162864052,minmaxnorm
157,Q0,WSJ890728-0019,604,1.4035674484252556,minmaxnorm
157,Q0,WSJ880422-0140,605,1.4025356012636547,minmaxnorm
157,Q0,WSJ890915-0061,606,1.3957815861814054,minmaxnorm
157,Q0,AP880729-0025,607,1.394160572262084,minmaxnorm
157,Q0,WSJ890907-0061,608,1.3926117853798128,minmaxnorm
157,Q0,AP880613-0008,609,1.3897635041240568,minmaxnorm
157,Q0,WSJ900921-0119,610,1.3872937805247028,minmaxnorm
157,Q0,FR88831-0134,611,1.3837239460056852,minmaxnorm
157,Q0,FR89317-0115,612,1.3787628061366761,minmaxnorm
157,Q0,DOE1-65-0535,613,1.3783464324841763,minmaxnorm
157,Q0,FR891205-0017,614,1.3781252841853568,minmaxnorm
157,Q0,AP890801-0135,615,1.3777207406550447,minmaxnorm
157,Q0,DOE1-63-0390,616,1.3769631746723177,minmaxnorm
157,Q0,AP890509-0164,617,1.376694701506296,minmaxnorm
157,Q0,FR88201-0020,618,1.3744857098311534,minmaxnorm
157,Q0,WSJ871217-0005,619,1.3686223195584537,minmaxnorm
157,Q0,WSJ881014-0029,620,1.3655498003020832,minmaxnorm
157,Q0,AP880907-0061,621,1.3649706786232119,minmaxnorm
157,Q0,AP880531-0268,622,1.364918167750374,minmaxnorm
157,Q0,FR88218-0127,623,1.3629233830590037,minmaxnorm
157,Q0,DOE2-09-1140,624,1.3625360178620687,minmaxnorm
157,Q0,AP880609-0257,625,1.361449026899052,minmaxnorm
157,Q0,AP880516-0274,626,1.3605367685193495,minmaxnorm
157,Q0,AP891215-0230,627,1.3594704954930141,minmaxnorm
157,Q0,DOE2-68-0354,628,1.3594444447609308,minmaxnorm
157,Q0,AP880816-0158,629,1.3561427418630159,minmaxnorm
157,Q0,FR89313-0041,630,1.355917496826181,minmaxnorm
157,Q0,AP890615-0145,631,1.3536482325237331,minmaxnorm
157,Q0,DOE2-61-0605,632,1.3527819271940933,minmaxnorm
157,Q0,WSJ880923-0132,633,1.3520399959147866,minmaxnorm
157,Q0,DOE1-49-0434,634,1.3418440138184502,minmaxnorm
157,Q0,AP890824-0206,635,1.341439071265729,minmaxnorm
157,Q0,DOE2-32-0073,636,1.3414174385422009,minmaxnorm
157,Q0,FR891003-0132,637,1.3380640127423589,minmaxnorm
157,Q0,AP880512-0041,638,1.3355888529178557,minmaxnorm
157,Q0,WSJ900521-0145,639,1.3347372086338418,minmaxnorm
157,Q0,AP890707-0052,640,1.3317980569315644,minmaxnorm
157,Q0,AP880731-0003,641,1.3249862992916877,minmaxnorm
157,Q0,ZF108-735-626,642,1.3221788632410696,minmaxnorm
157,Q0,AP890927-0078,643,1.320762815774388,minmaxnorm
157,Q0,AP881114-0216,644,1.319348164191451,minmaxnorm
157,Q0,AP880301-0011,645,1.3155039529571864,minmaxnorm
157,Q0,WSJ920130-0151,646,1.3053929581157324,minmaxnorm
157,Q0,AP880605-0044,647,1.297977924171569,minmaxnorm
157,Q0,DOE1-63-0215,648,1.294129841778782,minmaxnorm
157,Q0,AP881021-0040,649,1.2930520811571171,minmaxnorm
157,Q0,AP880803-0261,650,1.2875198154580376,minmaxnorm
157,Q0,AP880610-0008,651,1.2874379017352544,minmaxnorm
157,Q0,WSJ881011-0135,652,1.2861179738249526,minmaxnorm
157,Q0,DOE2-61-0871,653,1.2842205054604305,minmaxnorm
157,Q0,AP880812-0033,654,1.2841401227740126,minmaxnorm
157,Q0,DOE1-40-0686,655,1.2831554924943014,minmaxnorm
157,Q0,WSJ911226-0048,656,1.2780052380055655,minmaxnorm
157,Q0,AP880929-0056,657,1.2779702586047736,minmaxnorm
157,Q0,FR891129-0091,658,1.2757614787789433,minmaxnorm
157,Q0,WSJ900920-0171,659,1.2746458623780295,minmaxnorm
157,Q0,WSJ880929-0091,660,1.2728705065819563,minmaxnorm
157,Q0,WSJ880502-0077,661,1.2660905411605625,minmaxnorm
157,Q0,DOE1-37-0634,662,1.2655801424666528,minmaxnorm
157,Q0,FR88601-0004,663,1.264558395706106,minmaxnorm
157,Q0,AP880519-0186,664,1.263390097920456,minmaxnorm
157,Q0,AP880926-0074,665,1.2617659898593463,minmaxnorm
157,Q0,FR88514-0001,666,1.2614868657474978,minmaxnorm
157,Q0,AP890223-0166,667,1.257316725697146,minmaxnorm
157,Q0,FR88602-0011,668,1.256426164563751,minmaxnorm
157,Q0,WSJ910322-0161,669,1.2541684446222658,minmaxnorm
157,Q0,AP881114-0214,670,1.2531700300404018,minmaxnorm
157,Q0,FR89526-0005,671,1.2498146451067302,minmaxnorm
157,Q0,AP880718-0233,672,1.249197399564026,minmaxnorm
157,Q0,AP891106-0235,673,1.247423065188549,minmaxnorm
157,Q0,DOE1-60-1042,674,1.2467632142399796,minmaxnorm
157,Q0,WSJ910715-0105,675,1.238313470361253,minmaxnorm
157,Q0,AP890921-0276,676,1.2344441906365562,minmaxnorm
157,Q0,DOE2-39-0452,677,1.2313977469453843,minmaxnorm
157,Q0,WSJ911227-0016,678,1.2279523616101071,minmaxnorm
157,Q0,WSJ920220-0035,679,1.2238679016640743,minmaxnorm
157,Q0,WSJ910108-0063,680,1.2175990438896707,minmaxnorm
157,Q0,WSJ910516-0129,681,1.2167806433971664,minmaxnorm
157,Q0,AP880525-0051,682,1.216653398733765,minmaxnorm
157,Q0,WSJ911226-0005,683,1.2122391484373456,minmaxnorm
157,Q0,DOE1-35-0729,684,1.2119837647917377,minmaxnorm
157,Q0,AP881219-0184,685,1.2094039073215794,minmaxnorm
157,Q0,DOE1-49-0371,686,1.20203307441497,minmaxnorm
157,Q0,AP881101-0165,687,1.2010012307014497,minmaxnorm
157,Q0,AP890622-0063,688,1.1987805382683223,minmaxnorm
157,Q0,WSJ870602-0007,689,1.1979498977841097,minmaxnorm
157,Q0,WSJ870807-0045,690,1.1955444484975748,minmaxnorm
157,Q0,DOE1-72-0772,691,1.1917174962859916,minmaxnorm
157,Q0,DOE2-34-1127,692,1.189069408518511,minmaxnorm
157,Q0,WSJ911004-0093,693,1.1887054836604685,minmaxnorm
157,Q0,WSJ910110-0062,694,1.1855309170525017,minmaxnorm
157,Q0,ZF108-276-672,695,1.184728092158371,minmaxnorm
157,Q0,DOE1-49-0395,696,1.1841360004006523,minmaxnorm
157,Q0,FR89817-0026,697,1.180186811123877,minmaxnorm
157,Q0,WSJ880617-0163,698,1.1794024038151643,minmaxnorm
157,Q0,WSJ880125-0158,699,1.1779930719491116,minmaxnorm
157,Q0,ZF207-833-946,700,1.177692708235626,minmaxnorm
157,Q0,AP880220-0067,701,1.1747359505641373,minmaxnorm
157,Q0,FR89131-0022,702,1.1740327808741695,minmaxnorm
157,Q0,WSJ871218-0104,703,1.1723023303381876,minmaxnorm
157,Q0,DOE1-61-0548,704,1.1719881229416529,minmaxnorm
157,Q0,AP880915-0031,705,1.1707549107827724,minmaxnorm
157,Q0,AP891102-0237,706,1.1707128581450694,minmaxnorm
157,Q0,WSJ911028-0006,707,1.1703926341306912,minmaxnorm
157,Q0,AP890304-0127,708,1.1694953459447843,minmaxnorm
157,Q0,DOE1-80-0632,709,1.168736480692064,minmaxnorm
157,Q0,WSJ871016-0003,710,1.1671803945922856,minmaxnorm
157,Q0,WSJ900514-0129,711,1.1663088085187916,minmaxnorm
157,Q0,DOE2-15-0443,712,1.165743993560891,minmaxnorm
157,Q0,AP880616-0006,713,1.164308697089327,minmaxnorm
157,Q0,WSJ870413-0103,714,1.1641224766189955,minmaxnorm
157,Q0,DOE1-43-0262,715,1.162937772707047,minmaxnorm
157,Q0,DOE2-04-0705,716,1.1618594521720538,minmaxnorm
157,Q0,FR881121-0032,717,1.1540625174514476,minmaxnorm
157,Q0,AP881102-0041,718,1.1524921025225456,minmaxnorm
157,Q0,WSJ900720-0141,719,1.150750175310162,minmaxnorm
157,Q0,WSJ890828-0086,720,1.1501092505976436,minmaxnorm
157,Q0,FR88616-0040,721,1.1493066925316688,minmaxnorm
157,Q0,WSJ870420-0042,722,1.1466213942986494,minmaxnorm
157,Q0,AP881028-0027,723,1.1452247914165854,minmaxnorm
157,Q0,AP880601-0055,724,1.1451001101209155,minmaxnorm
157,Q0,ZF207-305-623,725,1.1438409257968867,minmaxnorm
157,Q0,FR88216-0152,726,1.142182089458218,minmaxnorm
157,Q0,WSJ870217-0027,727,1.1411231344332124,minmaxnorm
157,Q0,FR89228-0030,728,1.1410004398763676,minmaxnorm
157,Q0,DOE1-29-0312,729,1.138953092085637,minmaxnorm
157,Q0,DOE2-14-0650,730,1.1388504156680626,minmaxnorm
157,Q0,FR891117-0126,731,1.1380689242176656,minmaxnorm
157,Q0,DOE1-48-1357,732,1.1377427559507176,minmaxnorm
157,Q0,WSJ901228-0103,733,1.1356873636203522,minmaxnorm
157,Q0,WSJ911105-0075,734,1.1336981648984399,minmaxnorm
157,Q0,AP890131-0039,735,1.132699862605272,minmaxnorm
157,Q0,WSJ900511-0169,736,1.1313963959439428,minmaxnorm
157,Q0,FR89119-0111,737,1.1302579180716092,minmaxnorm
157,Q0,AP891026-0072,738,1.1301933213862339,minmaxnorm
157,Q0,WSJ861208-0065,739,1.12787555615016,minmaxnorm
157,Q0,DOE1-70-1231,740,1.1239235441585629,minmaxnorm
157,Q0,FR89315-0032,741,1.123776697215867,minmaxnorm
157,Q0,AP881209-0049,742,1.1225324551500586,minmaxnorm
157,Q0,WSJ880225-0110,743,1.1221254861066907,minmaxnorm
157,Q0,DOE1-11-0684,744,1.12206139489916,minmaxnorm
157,Q0,DOE2-03-0747,745,1.1183391054541287,minmaxnorm
157,Q0,WSJ880411-0049,746,1.114581416299674,minmaxnorm
157,Q0,ZF108-761-860,747,1.1109875291459796,minmaxnorm
157,Q0,DOE2-76-0151,748,1.1089731704782024,minmaxnorm
157,Q0,FR881121-0030,749,1.1083745983558115,minmaxnorm
157,Q0,AP890511-0058,750,1.1054772520358285,minmaxnorm
157,Q0,AP880323-0007,751,1.1021907076648698,minmaxnorm
157,Q0,FR89918-0015,752,1.1010195350118641,minmaxnorm
157,Q0,AP881012-0164,753,1.0977662045053687,minmaxnorm
157,Q0,FR89131-0021,754,1.0969726270992846,minmaxnorm
157,Q0,WSJ910111-0142,755,1.09646767318383,minmaxnorm
157,Q0,WSJ870129-0101,756,1.0953837185039874,minmaxnorm
157,Q0,DOE1-87-0743,757,1.0931487530614166,minmaxnorm
157,Q0,FR89216-0020,758,1.0883879187034158,minmaxnorm
157,Q0,FR88708-0004,759,1.0877688018003409,minmaxnorm
157,Q0,FR88914-0020,760,1.085628203111956,minmaxnorm
157,Q0,FR88708-0023,761,1.0821330472679125,minmaxnorm
157,Q0,FR891003-0050,762,1.0808568169333188,minmaxnorm
157,Q0,WSJ900510-0094,763,1.0807592748568629,minmaxnorm
157,Q0,FR89413-0159,764,1.0795105781943874,minmaxnorm
157,Q0,FR881027-0006,765,1.0780686510448974,minmaxnorm
157,Q0,AP880615-0048,766,1.0747207443736861,minmaxnorm
157,Q0,WSJ880616-0076,767,1.074475079879401,minmaxnorm
157,Q0,WSJ911025-0043,768,1.0729044484108825,minmaxnorm
157,Q0,WSJ910215-0010,769,1.0721474567474623,minmaxnorm
157,Q0,AP890120-0023,770,1.068040651941111,minmaxnorm
157,Q0,WSJ911101-0176,771,1.0667405494469895,minmaxnorm
157,Q0,WSJ880722-0019,772,1.0608796269789855,minmaxnorm
157,Q0,DOE2-58-0687,773,1.0600074492656228,minmaxnorm
157,Q0,WSJ880115-0052,774,1.0590086215159062,minmaxnorm
157,Q0,FR89606-0030,775,1.0588339933628996,minmaxnorm
157,Q0,WSJ901221-0147,776,1.0574013629105419,minmaxnorm
157,Q0,ZF108-638-342,777,1.0572367796745374,minmaxnorm
157,Q0,WSJ920324-0005,778,1.0567908507156947,minmaxnorm
157,Q0,WSJ920204-0019,779,1.0539974264625593,minmaxnorm
157,Q0,WSJ890929-0065,780,1.0533674407091542,minmaxnorm
157,Q0,DOE2-15-0427,781,1.0484197757394704,minmaxnorm
157,Q0,DOE2-27-0214,782,1.0478518014723037,minmaxnorm
157,Q0,WSJ880330-0168,783,1.047503746259179,minmaxnorm
157,Q0,WSJ911031-0107,784,1.0457348691538484,minmaxnorm
157,Q0,WSJ910401-0081,785,1.0455731438425317,minmaxnorm
157,Q0,DOE1-32-1396,786,1.0439583005932866,minmaxnorm
157,Q0,AP890508-0012,787,1.0425463228221636,minmaxnorm
157,Q0,FR88708-0019,788,1.0419629686733236,minmaxnorm
157,Q0,WSJ910118-0039,789,1.0388877989961136,minmaxnorm
157,Q0,AP890308-0163,790,1.0354529855944437,minmaxnorm
157,Q0,DOE2-02-0235,791,1.0346517228869234,minmaxnorm
157,Q0,AP880505-0298,792,1.0340159055202587,minmaxnorm
157,Q0,ZF108-615-804,793,1.0325165865734014,minmaxnorm
157,Q0,AP890120-0209,794,1.0314430185519217,minmaxnorm
157,Q0,FR89512-0052,795,1.027154916076655,minmaxnorm
157,Q0,DOE2-39-0423,796,1.0271154665369473,minmaxnorm
157,Q0,WSJ920113-0092,797,1.0262209999690057,minmaxnorm
157,Q0,AP890201-0012,798,1.0260851892620688,minmaxnorm
157,Q0,WSJ920210-0151,799,1.0255954435275305,minmaxnorm
157,Q0,DOE1-22-0093,800,1.0215790686151294,minmaxnorm
157,Q0,WSJ880314-0141,801,1.0213479412910396,minmaxnorm
157,Q0,FR88708-0021,802,1.0186591457410819,minmaxnorm
157,Q0,WSJ910226-0107,803,1.0175385157527281,minmaxnorm
157,Q0,DOE1-49-0465,804,1.0142027409518712,minmaxnorm
157,Q0,ZF207-955-554,805,1.0134755492480827,minmaxnorm
157,Q0,FR88708-0009,806,1.012844241809274,minmaxnorm
157,Q0,ZF108-523-360,807,1.0122920220263867,minmaxnorm
157,Q0,WSJ870521-0075,808,1.0106721028165313,minmaxnorm
157,Q0,DOE2-28-0807,809,1.0094037592649072,minmaxnorm
157,Q0,WSJ920129-0039,810,1.0091182175519464,minmaxnorm
157,Q0,FR88721-0017,811,1.0086710647627541,minmaxnorm
157,Q0,AP880907-0172,812,1.0061096072292086,minmaxnorm
157,Q0,FR881121-0036,813,1.0019783686445658,minmaxnorm
157,Q0,WSJ870526-0176,814,1.0013877904107233,minmaxnorm
157,Q0,AP880609-0232,815,0.9988890104214184,minmaxnorm
157,Q0,AP891115-0073,816,0.9981829257349951,minmaxnorm
157,Q0,AP881122-0017,817,0.9909024223435826,minmaxnorm
157,Q0,FR881027-0014,818,0.98943897565148,minmaxnorm
157,Q0,WSJ920117-0002,819,0.9867101222953785,minmaxnorm
157,Q0,WSJ871103-0108,820,0.9844637479325177,minmaxnorm
157,Q0,AP890821-0206,821,0.9750004437813488,minmaxnorm
157,Q0,AP890127-0057,822,0.9715310111255002,minmaxnorm
157,Q0,AP881023-0047,823,0.9689994246760703,minmaxnorm
157,Q0,AP890907-0016,824,0.9676445972943142,minmaxnorm
157,Q0,AP890623-0115,825,0.9669141435646329,minmaxnorm
157,Q0,AP890209-0048,826,0.9662612215702212,minmaxnorm
157,Q0,DOE1-87-0896,827,0.9650167664532877,minmaxnorm
157,Q0,FR89710-0023,828,0.9626761614537884,minmaxnorm
157,Q0,DOE2-73-0254,829,0.9626411776979246,minmaxnorm
157,Q0,DOE2-17-0324,830,0.9612163537741921,minmaxnorm
157,Q0,AP881031-0250,831,0.9611293237747918,minmaxnorm
157,Q0,AP890811-0033,832,0.9599106745358412,minmaxnorm
157,Q0,DOE2-07-0051,833,0.9576534046520552,minmaxnorm
157,Q0,WSJ910419-0086,834,0.956538700991558,minmaxnorm
157,Q0,WSJ880713-0157,835,0.9548935182047018,minmaxnorm
157,Q0,WSJ871013-0121,836,0.9543000974851097,minmaxnorm
157,Q0,WSJ880517-0046,837,0.9528557288546524,minmaxnorm
157,Q0,ZF109-446-947,838,0.9497177349500147,minmaxnorm
157,Q0,FR88516-0128,839,0.9481578614920612,minmaxnorm
157,Q0,FR89329-0031,840,0.9468245385174163,minmaxnorm
157,Q0,WSJ910501-0079,841,0.9454937759923748,minmaxnorm
157,Q0,WSJ910814-0080,842,0.9437257957842812,minmaxnorm
157,Q0,FR881121-0025,843,0.9429732017046709,minmaxnorm
157,Q0,WSJ910912-0092,844,0.9338864081607158,minmaxnorm
157,Q0,AP880810-0050,845,0.9325483798505629,minmaxnorm
157,Q0,WSJ880610-0138,846,0.9321644049766546,minmaxnorm
157,Q0,WSJ900511-0174,847,0.9308876107070684,minmaxnorm
157,Q0,WSJ900622-0080,848,0.9301682124128551,minmaxnorm
157,Q0,WSJ910516-0166,849,0.9296796647532015,minmaxnorm
157,Q0,AP890512-0207,850,0.9261156570154222,minmaxnorm
157,Q0,WSJ881012-0150,851,0.9259858585700157,minmaxnorm
157,Q0,FR881121-0038,852,0.9253677583207598,minmaxnorm
157,Q0,WSJ870504-0117,853,0.9239603425216718,minmaxnorm
157,Q0,DOE2-63-0139,854,0.9221697420530053,minmaxnorm
157,Q0,AP881013-0027,855,0.921646292084411,minmaxnorm
157,Q0,AP880915-0203,856,0.9207964694312099,minmaxnorm
157,Q0,WSJ890818-0033,857,0.9204425149533261,minmaxnorm
157,Q0,AP880527-0061,858,0.9197764633145962,minmaxnorm
157,Q0,WSJ871029-0128,859,0.9192035956269007,minmaxnorm
157,Q0,WSJ880810-0005,860,0.9185335460182155,minmaxnorm
157,Q0,WSJ891101-0067,861,0.9183226235226989,minmaxnorm
157,Q0,FR88126-0032,862,0.9143327195143408,minmaxnorm
157,Q0,AP880630-0223,863,0.9134188642633354,minmaxnorm
157,Q0,DOE1-78-0253,864,0.9118248182252722,minmaxnorm
157,Q0,AP880602-0066,865,0.9097488217045949,minmaxnorm
157,Q0,WSJ900907-0161,866,0.8986356263779788,minmaxnorm
157,Q0,FR88129-0127,867,0.8941694401970403,minmaxnorm
157,Q0,WSJ880726-0135,868,0.893623463845638,minmaxnorm
157,Q0,AP880520-0036,869,0.8935433604029444,minmaxnorm
157,Q0,FR881019-0053,870,0.8918506932027621,minmaxnorm
157,Q0,AP890305-0055,871,0.8917240722448456,minmaxnorm
157,Q0,AP890316-0126,872,0.8890354923613581,minmaxnorm
157,Q0,AP880602-0244,873,0.887732487183329,minmaxnorm
157,Q0,AP880323-0179,874,0.8863911356501092,minmaxnorm
157,Q0,AP880218-0104,875,0.8861903027988159,minmaxnorm
157,Q0,AP880312-0040,876,0.8803830283537747,minmaxnorm
157,Q0,DOE2-51-0260,877,0.8798978424412537,minmaxnorm
157,Q0,FR88511-0168,878,0.8781577836607122,minmaxnorm
157,Q0,AP881031-0304,879,0.8778767031672625,minmaxnorm
157,Q0,DOE2-15-0007,880,0.8755152162396682,minmaxnorm
157,Q0,WSJ880526-0087,881,0.8754381436475018,minmaxnorm
157,Q0,FR891108-0040,882,0.8713644687326132,minmaxnorm
157,Q0,AP890120-0026,883,0.8702494422600737,minmaxnorm
157,Q0,DOE2-73-0549,884,0.8699252663638886,minmaxnorm
157,Q0,AP890422-0012,885,0.8693135054870801,minmaxnorm
157,Q0,DOE1-49-1146,886,0.8650627283357023,minmaxnorm
157,Q0,AP890803-0205,887,0.8644270562184173,minmaxnorm
157,Q0,DOE1-94-0751,888,0.8621963186201481,minmaxnorm
157,Q0,AP881007-0201,889,0.8605527725961656,minmaxnorm
157,Q0,WSJ910513-0087,890,0.8594901279321596,minmaxnorm
157,Q0,AP881012-0025,891,0.8576199313258991,minmaxnorm
157,Q0,DOE2-65-0189,892,0.8566202534134958,minmaxnorm
157,Q0,AP890626-0038,893,0.8557547034153555,minmaxnorm
157,Q0,AP890820-0015,894,0.855322144778874,minmaxnorm
157,Q0,FR88728-0026,895,0.8552845438203678,minmaxnorm
157,Q0,ZF109-632-701,896,0.8548921097794933,minmaxnorm
157,Q0,AP890609-0128,897,0.8545084858113994,minmaxnorm
157,Q0,FR891113-0106,898,0.8530501315260606,minmaxnorm
157,Q0,DOE1-83-1038,899,0.8526803301223689,minmaxnorm
157,Q0,FR881122-0137,900,0.8525870707767795,minmaxnorm
157,Q0,FR88818-0123,901,0.8520065372727077,minmaxnorm
157,Q0,DOE1-77-0105,902,0.8503017252106051,minmaxnorm
157,Q0,ZF108-479-938,903,0.8497341464006499,minmaxnorm
157,Q0,WSJ910808-0059,904,0.8488236597224851,minmaxnorm
157,Q0,DOE2-33-1214,905,0.8485607367631385,minmaxnorm
157,Q0,FR89414-0195,906,0.8482912273220644,minmaxnorm
157,Q0,FR88607-0109,907,0.8478771868687758,minmaxnorm
157,Q0,DOE2-27-0435,908,0.8470938662767676,minmaxnorm
157,Q0,WSJ900419-0163,909,0.8438112172824086,minmaxnorm
157,Q0,ZF108-449-466,910,0.8436720012952803,minmaxnorm
157,Q0,WSJ900420-0077,911,0.8421324138440391,minmaxnorm
157,Q0,FR881122-0099,912,0.8408028240556226,minmaxnorm
157,Q0,DOE1-43-0278,913,0.8401726088765942,minmaxnorm
157,Q0,DOE1-79-0891,914,0.8381471126417603,minmaxnorm
157,Q0,FR891027-0021,915,0.8363722095515388,minmaxnorm
157,Q0,FR89406-0115,916,0.8360685809241633,minmaxnorm
157,Q0,ZF207-864-530,917,0.8357386610903874,minmaxnorm
157,Q0,WSJ870928-0051,918,0.8340713585680923,minmaxnorm
157,Q0,AP891214-0200,919,0.834051142031948,minmaxnorm
157,Q0,WSJ911127-0124,920,0.8333691919431718,minmaxnorm
157,Q0,AP891130-0161,921,0.8325062785786601,minmaxnorm
157,Q0,AP880609-0185,922,0.8322899045844688,minmaxnorm
157,Q0,DOE2-35-0902,923,0.8321181915925137,minmaxnorm
157,Q0,AP890616-0048,924,0.8320055077897628,minmaxnorm
157,Q0,FR89404-0124,925,0.829811791404606,minmaxnorm
157,Q0,WSJ880525-0006,926,0.8293807933455035,minmaxnorm
157,Q0,WSJ881021-0091,927,0.8283051702116311,minmaxnorm
157,Q0,AP891222-0031,928,0.8259350126353218,minmaxnorm
157,Q0,WSJ911024-0091,929,0.8254623747417185,minmaxnorm
157,Q0,AP880520-0044,930,0.82448372998825,minmaxnorm
157,Q0,WSJ910520-0151,931,0.8242546785475611,minmaxnorm
157,Q0,AP890208-0075,932,0.8232267765397046,minmaxnorm
157,Q0,FR89821-0128,933,0.8215929908447933,minmaxnorm
157,Q0,WSJ920121-0035,934,0.8193410225882461,minmaxnorm
157,Q0,AP890915-0061,935,0.8159105418337755,minmaxnorm
157,Q0,AP880810-0030,936,0.8147729711483069,minmaxnorm
157,Q0,FR88812-0012,937,0.8140593215168044,minmaxnorm
157,Q0,FR89302-0051,938,0.8095424187558482,minmaxnorm
157,Q0,ZF208-042-684,939,0.8089788350567282,minmaxnorm
157,Q0,DOE2-40-0722,940,0.8082909410830686,minmaxnorm
157,Q0,WSJ880805-0076,941,0.8079526601379429,minmaxnorm
157,Q0,DOE1-32-0542,942,0.8077144294620395,minmaxnorm
157,Q0,WSJ891003-0178,943,0.8070602422015989,minmaxnorm
157,Q0,AP880310-0081,944,0.8059552902982527,minmaxnorm
157,Q0,AP880422-0017,945,0.8049633597370232,minmaxnorm
157,Q0,AP880212-0056,946,0.8026850616950351,minmaxnorm
157,Q0,WSJ900511-0168,947,0.8011312238857518,minmaxnorm
157,Q0,WSJ910621-0035,948,0.7993672249564094,minmaxnorm
157,Q0,DOE1-77-0759,949,0.7969935880836304,minmaxnorm
157,Q0,DOE2-42-0357,950,0.7955660081322747,minmaxnorm
157,Q0,FR891017-0157,951,0.7952597008023721,minmaxnorm
157,Q0,AP890426-0077,952,0.7939829964116922,minmaxnorm
157,Q0,ZF109-495-935,953,0.7927217430235094,minmaxnorm
157,Q0,FR89214-0010,954,0.7895146626102494,minmaxnorm
157,Q0,WSJ910802-0019,955,0.7888787445946192,minmaxnorm
157,Q0,AP890922-0093,956,0.787960632503967,minmaxnorm
157,Q0,DOE2-11-0802,957,0.7804924086863393,minmaxnorm
157,Q0,WSJ891027-0060,958,0.7801503612754014,minmaxnorm
157,Q0,DOE2-03-0756,959,0.7801037099194175,minmaxnorm
157,Q0,DOE1-30-0390,960,0.7779298148847218,minmaxnorm
157,Q0,FR89317-0116,961,0.7775880115732229,minmaxnorm
157,Q0,WSJ880520-0114,962,0.7774356207507372,minmaxnorm
157,Q0,WSJ870522-0097,963,0.7762479949238014,minmaxnorm
157,Q0,AP880719-0021,964,0.7749231323768474,minmaxnorm
157,Q0,AP880510-0007,965,0.7737424060980187,minmaxnorm
157,Q0,WSJ911125-0150,966,0.7733367974419468,minmaxnorm
157,Q0,AP890713-0046,967,0.7722801528833975,minmaxnorm
157,Q0,AP890206-0207,968,0.7689763634917527,minmaxnorm
157,Q0,AP890906-0047,969,0.7689062501084428,minmaxnorm
157,Q0,DOE2-07-1131,970,0.7687062821206491,minmaxnorm
157,Q0,DOE2-62-0398,971,0.7681568868860933,minmaxnorm
157,Q0,DOE2-07-1074,972,0.7667701599743086,minmaxnorm
157,Q0,DOE2-63-1088,973,0.7655578666199089,minmaxnorm
157,Q0,FR881021-0114,974,0.7646586422499417,minmaxnorm
157,Q0,AP881004-0169,975,0.7631666344488077,minmaxnorm
157,Q0,AP880504-0064,976,0.7624986377881059,minmaxnorm
157,Q0,AP890617-0083,977,0.7622728722329786,minmaxnorm
157,Q0,DOE1-85-0020,978,0.761368115875299,minmaxnorm
157,Q0,AP890106-0004,979,0.7611251149457101,minmaxnorm
157,Q0,WSJ890801-0074,980,0.7569920288689457,minmaxnorm
157,Q0,ZF109-485-977,981,0.7569576294974536,minmaxnorm
157,Q0,AP881101-0025,982,0.7542924601964576,minmaxnorm
157,Q0,ZF207-282-441,983,0.7538045713410999,minmaxnorm
157,Q0,WSJ920224-0017,984,0.7533966133407075,minmaxnorm
157,Q0,DOE2-23-1226,985,0.7532549209994147,minmaxnorm
157,Q0,DOE2-70-0582,986,0.7530174284723599,minmaxnorm
157,Q0,DOE1-01-0615,987,0.7521411751941494,minmaxnorm
157,Q0,DOE1-58-0743,988,0.7512044116523932,minmaxnorm
157,Q0,WSJ920218-0112,989,0.75110761214501,minmaxnorm
157,Q0,AP880215-0066,990,0.7491526409831112,minmaxnorm
157,Q0,AP880616-0108,991,0.7475467953180512,minmaxnorm
157,Q0,WSJ870911-0072,992,0.7472122420063265,minmaxnorm
157,Q0,FR89201-0080,993,0.7468395708608838,minmaxnorm
157,Q0,DOE1-14-0073,994,0.7454273340534787,minmaxnorm
157,Q0,AP880401-0056,995,0.7450812691743314,minmaxnorm
157,Q0,AP880531-0223,996,0.7450456138687181,minmaxnorm
157,Q0,WSJ881117-0093,997,0.7434222443075287,minmaxnorm
157,Q0,WSJ880115-0131,998,0.7409231761638639,minmaxnorm
157,Q0,WSJ910226-0149,999,0.7396283181922696,minmaxnorm
157,Q0,DOE2-14-0634,1000,0.7359812735678387,minmaxnorm
159,Q0,WSJ910827-0095,1,14.509191416337588,minmaxnorm
159,Q0,WSJ910910-0098,2,14.16659688329509,minmaxnorm
159,Q0,WSJ910625-0038,3,13.727871618283265,minmaxnorm
159,Q0,WSJ910826-0053,4,12.976812083030651,minmaxnorm
159,Q0,WSJ900419-0084,5,12.925149857839004,minmaxnorm
159,Q0,DOE1-75-1062,6,11.956812282719198,minmaxnorm
159,Q0,WSJ910201-0110,7,11.160335919682124,minmaxnorm
159,Q0,WSJ910121-0058,8,11.098195650947947,minmaxnorm
159,Q0,WSJ911028-0151,9,10.857880859057573,minmaxnorm
159,Q0,WSJ920113-0105,10,10.584474309494224,minmaxnorm
159,Q0,WSJ910326-0066,11,10.359403064530909,minmaxnorm
159,Q0,WSJ911206-0135,12,10.303177715297585,minmaxnorm
159,Q0,AP891114-0276,13,10.28616820694294,minmaxnorm
159,Q0,DOE2-82-0779,14,9.550843725073083,minmaxnorm
159,Q0,AP890427-0240,15,9.216515915754606,minmaxnorm
159,Q0,WSJ910909-0050,16,8.999997656706237,minmaxnorm
159,Q0,AP890828-0039,17,8.816220890898583,minmaxnorm
159,Q0,WSJ920304-0105,18,8.361179250793482,minmaxnorm
159,Q0,WSJ870501-0158,19,8.329655194663859,minmaxnorm
159,Q0,DOE2-75-0066,20,7.798398544002843,minmaxnorm
159,Q0,WSJ910107-0099,21,7.588162349417851,minmaxnorm
159,Q0,WSJ901224-0122,22,6.969006724520856,minmaxnorm
159,Q0,DOE1-66-0187,23,6.951198842696827,minmaxnorm
159,Q0,DOE1-92-0939,24,6.673400592887049,minmaxnorm
159,Q0,WSJ900810-0059,25,6.4394521528203414,minmaxnorm
159,Q0,WSJ910221-0169,26,6.264276156685481,minmaxnorm
159,Q0,DOE1-82-0257,27,6.192774341176838,minmaxnorm
159,Q0,DOE2-59-0365,28,6.0391404614695166,minmaxnorm
159,Q0,WSJ920227-0076,29,5.902505583402598,minmaxnorm
159,Q0,DOE1-83-0824,30,5.64212828399223,minmaxnorm
159,Q0,DOE1-81-1126,31,5.533421273518291,minmaxnorm
159,Q0,WSJ900924-0140,32,5.465539036627733,minmaxnorm
159,Q0,WSJ910919-0047,33,5.360006857373185,minmaxnorm
159,Q0,DOE2-59-0425,34,5.343207667353244,minmaxnorm
159,Q0,WSJ910807-0121,35,4.968348608889622,minmaxnorm
159,Q0,WSJ910327-0046,36,4.898267359735373,minmaxnorm
159,Q0,WSJ911015-0037,37,4.761089705755853,minmaxnorm
159,Q0,WSJ911024-0089,38,4.720800768775692,minmaxnorm
159,Q0,DOE1-49-0902,39,4.6252745467988685,minmaxnorm
159,Q0,AP891115-0248,40,4.513975257607198,minmaxnorm
159,Q0,WSJ900514-0097,41,4.512462279276164,minmaxnorm
159,Q0,DOE1-31-1002,42,4.463551994460332,minmaxnorm
159,Q0,WSJ910927-0025,43,4.453925400571789,minmaxnorm
159,Q0,WSJ910301-0036,44,4.339432619995786,minmaxnorm
159,Q0,WSJ920115-0033,45,4.282829164457424,minmaxnorm
159,Q0,WSJ900927-0048,46,4.240545411035459,minmaxnorm
159,Q0,AP881129-0121,47,4.223439058469188,minmaxnorm
159,Q0,WSJ920309-0134,48,4.156344296467518,minmaxnorm
159,Q0,WSJ900914-0056,49,4.131636354179347,minmaxnorm
159,Q0,WSJ920117-0049,50,4.105715812904992,minmaxnorm
159,Q0,WSJ880519-0027,51,4.090210003509963,minmaxnorm
159,Q0,DOE1-92-0938,52,4.068597870220081,minmaxnorm
159,Q0,WSJ920123-0078,53,4.013822402214506,minmaxnorm
159,Q0,ZF207-492-936,54,3.7643425340674117,minmaxnorm
159,Q0,WSJ890925-0123,55,3.6793100441054016,minmaxnorm
159,Q0,WSJ870519-0152,56,3.6428270909870752,minmaxnorm
159,Q0,WSJ911203-0093,57,3.613684214178269,minmaxnorm
159,Q0,WSJ911016-0070,58,3.5820943145140745,minmaxnorm
159,Q0,WSJ910723-0155,59,3.5415620335965907,minmaxnorm
159,Q0,WSJ870707-0134,60,3.526695097788894,minmaxnorm
159,Q0,DOE2-66-0228,61,3.4667021397766646,minmaxnorm
159,Q0,DOE2-64-0149,62,3.3744515706349087,minmaxnorm
159,Q0,WSJ900817-0066,63,3.3493174546423594,minmaxnorm
159,Q0,AP890623-0213,64,3.3441044043510764,minmaxnorm
159,Q0,WSJ910305-0028,65,3.3339310955586146,minmaxnorm
159,Q0,AP891215-0058,66,3.32482109534521,minmaxnorm
159,Q0,WSJ880218-0134,67,3.308936627326356,minmaxnorm
159,Q0,WSJ911216-0001,68,3.2987901866137506,minmaxnorm
159,Q0,DOE2-75-0201,69,3.2877278626706232,minmaxnorm
159,Q0,WSJ871023-0146,70,3.2765912236162618,minmaxnorm
159,Q0,DOE2-47-0054,71,3.2355995918834557,minmaxnorm
159,Q0,WSJ920110-0043,72,3.214257381510504,minmaxnorm
159,Q0,WSJ920203-0056,73,3.195910685597278,minmaxnorm
159,Q0,ZF109-577-665,74,3.195545123040459,minmaxnorm
159,Q0,DOE1-09-1001,75,3.168081100393535,minmaxnorm
159,Q0,DOE1-80-0362,76,3.1616767202531024,minmaxnorm
159,Q0,DOE2-75-1015,77,3.1452888755142054,minmaxnorm
159,Q0,AP890912-0235,78,3.143587465313965,minmaxnorm
159,Q0,DOE1-54-1145,79,3.094434349011952,minmaxnorm
159,Q0,AP891219-0203,80,3.0173618962111566,minmaxnorm
159,Q0,ZF207-134-052,81,2.9829661929358897,minmaxnorm
159,Q0,ZF108-746-972,82,2.9777808916255446,minmaxnorm
159,Q0,FR88211-0358,83,2.9600659357753294,minmaxnorm
159,Q0,WSJ911112-0008,84,2.940026645307885,minmaxnorm
159,Q0,DOE1-28-0391,85,2.9068668521478243,minmaxnorm
159,Q0,DOE2-71-0469,86,2.9028575368171152,minmaxnorm
159,Q0,DOE1-01-0098,87,2.8932800432440193,minmaxnorm
159,Q0,ZF108-327-976,88,2.865001080692477,minmaxnorm
159,Q0,WSJ900910-0133,89,2.8410150767446978,minmaxnorm
159,Q0,FR89112-0048,90,2.8393094249101174,minmaxnorm
159,Q0,AP891102-0228,91,2.826910229726834,minmaxnorm
159,Q0,DOE2-20-0212,92,2.8177195709696443,minmaxnorm
159,Q0,DOE1-71-0684,93,2.7594963750059724,minmaxnorm
159,Q0,ZF207-537-354,94,2.7449842531936537,minmaxnorm
159,Q0,DOE2-42-0933,95,2.726403413844085,minmaxnorm
159,Q0,AP890529-0027,96,2.6608331607393176,minmaxnorm
159,Q0,DOE1-03-0505,97,2.6242388280080364,minmaxnorm
159,Q0,DOE2-21-0337,98,2.6233141152405426,minmaxnorm
159,Q0,WSJ910513-0043,99,2.6010700574921786,minmaxnorm
159,Q0,AP890817-0033,100,2.567381116412098,minmaxnorm
159,Q0,WSJ920324-0109,101,2.5667630246663444,minmaxnorm
159,Q0,WSJ920313-0048,102,2.5273529397523715,minmaxnorm
159,Q0,DOE1-75-1055,103,2.521487662860763,minmaxnorm
159,Q0,AP880507-0141,104,2.513184477964302,minmaxnorm
159,Q0,WSJ910729-0063,105,2.4921207433227184,minmaxnorm
159,Q0,DOE1-34-0922,106,2.4819950144565737,minmaxnorm
159,Q0,ZF109-683-811,107,2.468937245999707,minmaxnorm
159,Q0,WSJ880413-0046,108,2.4617853654793467,minmaxnorm
159,Q0,FR88602-0123,109,2.457163996292388,minmaxnorm
159,Q0,DOE1-34-0970,110,2.449245490536278,minmaxnorm
159,Q0,DOE2-84-0648,111,2.446373560740459,minmaxnorm
159,Q0,AP891009-0163,112,2.4433408088973847,minmaxnorm
159,Q0,DOE1-71-0441,113,2.430398158903761,minmaxnorm
159,Q0,AP891214-0162,114,2.4149514084960555,minmaxnorm
159,Q0,DOE2-84-0635,115,2.3991197069803007,minmaxnorm
159,Q0,DOE1-80-0363,116,2.3952559768228663,minmaxnorm
159,Q0,WSJ870401-0009,117,2.355313390612771,minmaxnorm
159,Q0,DOE1-23-0963,118,2.349216323013788,minmaxnorm
159,Q0,DOE2-75-0200,119,2.344240709839579,minmaxnorm
159,Q0,ZF207-294-249,120,2.33749946167655,minmaxnorm
159,Q0,ZF109-521-625,121,2.310179373745567,minmaxnorm
159,Q0,WSJ910108-0010,122,2.3067541963370135,minmaxnorm
159,Q0,DOE1-87-1149,123,2.293034564225339,minmaxnorm
159,Q0,DOE2-16-0119,124,2.2751708523222334,minmaxnorm
159,Q0,WSJ920211-0046,125,2.268492682006311,minmaxnorm
159,Q0,AP880901-0185,126,2.246411500310336,minmaxnorm
159,Q0,AP881125-0025,127,2.2405578898925045,minmaxnorm
159,Q0,DOE1-94-0579,128,2.2195594448732914,minmaxnorm
159,Q0,WSJ900507-0045,129,2.2155767950808074,minmaxnorm
159,Q0,WSJ910214-0062,130,2.1947250786568526,minmaxnorm
159,Q0,WSJ910319-0010,131,2.189093348256926,minmaxnorm
159,Q0,DOE1-78-0774,132,2.185119561695381,minmaxnorm
159,Q0,WSJ920210-0091,133,2.1783636792402583,minmaxnorm
159,Q0,AP890902-0123,134,2.1750818054198175,minmaxnorm
159,Q0,WSJ910530-0101,135,2.1381640611334847,minmaxnorm
159,Q0,DOE1-26-0072,136,2.1257436400807888,minmaxnorm
159,Q0,AP880912-0223,137,2.1207811693517495,minmaxnorm
159,Q0,DOE2-13-0820,138,2.1152150839922275,minmaxnorm
159,Q0,ZF207-983-640,139,2.1025015132365605,minmaxnorm
159,Q0,WSJ920106-0150,140,2.0956007971342228,minmaxnorm
159,Q0,ZF208-107-266,141,2.0433116132799616,minmaxnorm
159,Q0,DOE2-03-1228,142,2.042244763051632,minmaxnorm
159,Q0,ZF108-498-752,143,2.0271427464844316,minmaxnorm
159,Q0,DOE1-67-0966,144,2.0056406778769476,minmaxnorm
159,Q0,WSJ910603-0110,145,1.9942215112355737,minmaxnorm
159,Q0,WSJ870702-0057,146,1.9752100734954376,minmaxnorm
159,Q0,ZF207-955-552,147,1.9737729830615702,minmaxnorm
159,Q0,WSJ920316-0110,148,1.9686620441674627,minmaxnorm
159,Q0,WSJ900614-0073,149,1.9654528120294639,minmaxnorm
159,Q0,WSJ911121-0039,150,1.9579478586748915,minmaxnorm
159,Q0,WSJ880304-0024,151,1.956290841426212,minmaxnorm
159,Q0,ZF207-158-562,152,1.9523388528803296,minmaxnorm
159,Q0,WSJ901231-0128,153,1.9515299758475084,minmaxnorm
159,Q0,AP880623-0021,154,1.9446754166939237,minmaxnorm
159,Q0,FR881207-0031,155,1.928677940138922,minmaxnorm
159,Q0,DOE2-34-1019,156,1.923260666118981,minmaxnorm
159,Q0,DOE1-35-0144,157,1.9077050264870394,minmaxnorm
159,Q0,DOE1-11-0893,158,1.9054025735826101,minmaxnorm
159,Q0,WSJ870406-0020,159,1.9032081307918565,minmaxnorm
159,Q0,WSJ910827-0019,160,1.8967140866241576,minmaxnorm
159,Q0,ZF108-172-158,161,1.8958858618730705,minmaxnorm
159,Q0,WSJ900406-0040,162,1.8953661663177486,minmaxnorm
159,Q0,ZF108-267-066,163,1.8768912784152523,minmaxnorm
159,Q0,DOE2-30-0445,164,1.8652640092877502,minmaxnorm
159,Q0,WSJ910116-0070,165,1.8538098269822894,minmaxnorm
159,Q0,ZF108-755-638,166,1.852378063145213,minmaxnorm
159,Q0,DOE1-38-0737,167,1.8470657339528689,minmaxnorm
159,Q0,DOE1-23-1029,168,1.8360212793295894,minmaxnorm
159,Q0,WSJ911001-0160,169,1.8326086008170344,minmaxnorm
159,Q0,DOE1-80-0364,170,1.8294151383406438,minmaxnorm
159,Q0,DOE1-66-0891,171,1.8164103699439014,minmaxnorm
159,Q0,DOE2-36-0581,172,1.8128145503068491,minmaxnorm
159,Q0,AP890607-0072,173,1.8098008898527278,minmaxnorm
159,Q0,DOE1-50-1051,174,1.804287221681817,minmaxnorm
159,Q0,DOE1-87-0565,175,1.7904826311589683,minmaxnorm
159,Q0,AP890530-0024,176,1.785008796690261,minmaxnorm
159,Q0,ZF207-806-266,177,1.782862993248409,minmaxnorm
159,Q0,WSJ900523-0167,178,1.7806214460234722,minmaxnorm
159,Q0,WSJ870506-0036,179,1.7715796172114113,minmaxnorm
159,Q0,DOE1-36-0810,180,1.7700629279717677,minmaxnorm
159,Q0,WSJ870807-0146,181,1.7615031569919655,minmaxnorm
159,Q0,ZF207-353-140,182,1.760151703118404,minmaxnorm
159,Q0,AP880407-0053,183,1.7492357190330665,minmaxnorm
159,Q0,AP890829-0229,184,1.7479440211826482,minmaxnorm
159,Q0,ZF207-320-388,185,1.7400245670910595,minmaxnorm
159,Q0,DOE1-26-0977,186,1.7389896350561982,minmaxnorm
159,Q0,DOE2-21-0328,187,1.7383971291828213,minmaxnorm
159,Q0,ZF108-704-120,188,1.737667410275875,minmaxnorm
159,Q0,ZF207-077-450,189,1.734381357161986,minmaxnorm
159,Q0,AP880519-0045,190,1.7341096056064416,minmaxnorm
159,Q0,FR891102-0098,191,1.7278157653398551,minmaxnorm
159,Q0,DOE2-82-0630,192,1.7216528772775632,minmaxnorm
159,Q0,DOE2-75-0072,193,1.721306908751112,minmaxnorm
159,Q0,ZF207-130-284,194,1.7131804866114346,minmaxnorm
159,Q0,FR88114-0062,195,1.7095769515114423,minmaxnorm
159,Q0,DOE2-08-0995,196,1.6997817198535075,minmaxnorm
159,Q0,WSJ870828-0136,197,1.6977832400560915,minmaxnorm
159,Q0,WSJ910222-0034,198,1.6935912247711133,minmaxnorm
159,Q0,WSJ911029-0019,199,1.6906968535259381,minmaxnorm
159,Q0,FR891003-0110,200,1.6574168693666473,minmaxnorm
159,Q0,DOE1-28-0398,201,1.6516311098744063,minmaxnorm
159,Q0,WSJ910222-0104,202,1.6490370747944803,minmaxnorm
159,Q0,DOE2-65-1153,203,1.6358850297766854,minmaxnorm
159,Q0,DOE1-66-0803,204,1.6273400117419532,minmaxnorm
159,Q0,FR88908-0139,205,1.6254971141956263,minmaxnorm
159,Q0,WSJ880223-0095,206,1.6176867844806786,minmaxnorm
159,Q0,WSJ870514-0080,207,1.6170180360627708,minmaxnorm
159,Q0,DOE1-08-1116,208,1.6152171063000653,minmaxnorm
159,Q0,WSJ870612-0181,209,1.6024900922938528,minmaxnorm
159,Q0,DOE1-12-1245,210,1.5981960867730003,minmaxnorm
159,Q0,WSJ861215-0165,211,1.5966138757675303,minmaxnorm
159,Q0,DOE2-56-0516,212,1.5940655229472644,minmaxnorm
159,Q0,ZF109-569-031,213,1.592973582265971,minmaxnorm
159,Q0,WSJ900622-0140,214,1.5902212653654615,minmaxnorm
159,Q0,DOE1-11-0990,215,1.5777223056250818,minmaxnorm
159,Q0,WSJ911125-0120,216,1.5764903802772572,minmaxnorm
159,Q0,ZF108-215-578,217,1.5745402911446664,minmaxnorm
159,Q0,AP890621-0167,218,1.5692912060237247,minmaxnorm
159,Q0,DOE1-84-0088,219,1.563351293257809,minmaxnorm
159,Q0,AP880316-0328,220,1.561520115126655,minmaxnorm
159,Q0,DOE2-04-0462,221,1.5510197038552798,minmaxnorm
159,Q0,DOE1-65-0920,222,1.5494978722634587,minmaxnorm
159,Q0,DOE2-68-0155,223,1.543831925414335,minmaxnorm
159,Q0,AP890726-0290,224,1.5410671156046776,minmaxnorm
159,Q0,AP890524-0123,225,1.5407358187360638,minmaxnorm
159,Q0,DOE2-16-1094,226,1.5319014182638424,minmaxnorm
159,Q0,DOE2-74-0134,227,1.5306928947793983,minmaxnorm
159,Q0,DOE2-09-0215,228,1.5302326766480363,minmaxnorm
159,Q0,DOE2-60-0080,229,1.5281024273738701,minmaxnorm
159,Q0,WSJ910715-0041,230,1.5265540151136074,minmaxnorm
159,Q0,WSJ861217-0204,231,1.5246813810898316,minmaxnorm
159,Q0,DOE1-78-0850,232,1.5244196526147349,minmaxnorm
159,Q0,WSJ870122-0101,233,1.5227714784997124,minmaxnorm
159,Q0,DOE1-22-0960,234,1.5159663620763777,minmaxnorm
159,Q0,DOE2-32-1088,235,1.515964614810519,minmaxnorm
159,Q0,AP880621-0295,236,1.5135418100722553,minmaxnorm
159,Q0,DOE2-20-0210,237,1.5127679240220568,minmaxnorm
159,Q0,WSJ870612-0079,238,1.512538766481944,minmaxnorm
159,Q0,DOE1-32-1071,239,1.508644798070713,minmaxnorm
159,Q0,DOE2-28-0250,240,1.503882000751442,minmaxnorm
159,Q0,WSJ870410-0114,241,1.5030759200979666,minmaxnorm
159,Q0,AP891211-0302,242,1.5015400494688291,minmaxnorm
159,Q0,WSJ861219-0117,243,1.4979439268899304,minmaxnorm
159,Q0,DOE2-04-0006,244,1.4961016495442347,minmaxnorm
159,Q0,DOE1-84-0081,245,1.4944204993198902,minmaxnorm
159,Q0,ZF108-274-798,246,1.4912536788518787,minmaxnorm
159,Q0,ZF108-813-560,247,1.4852376753495844,minmaxnorm
159,Q0,AP890318-0028,248,1.4840241704107147,minmaxnorm
159,Q0,WSJ870904-0133,249,1.4816646022015307,minmaxnorm
159,Q0,FR89331-0146,250,1.4680208006081104,minmaxnorm
159,Q0,DOE1-85-0817,251,1.4674689311087512,minmaxnorm
159,Q0,ZF109-587-619,252,1.4644950034846769,minmaxnorm
159,Q0,AP880401-0207,253,1.463759997017318,minmaxnorm
159,Q0,FR881123-0117,254,1.462628440955916,minmaxnorm
159,Q0,DOE1-66-0949,255,1.4603232717433166,minmaxnorm
159,Q0,DOE2-75-0190,256,1.4527831555290374,minmaxnorm
159,Q0,WSJ900725-0043,257,1.4514902762816495,minmaxnorm
159,Q0,ZF207-253-378,258,1.4500842795791775,minmaxnorm
159,Q0,ZF107-993-340,259,1.4495573189564122,minmaxnorm
159,Q0,WSJ911106-0099,260,1.4454696396875404,minmaxnorm
159,Q0,WSJ870630-0041,261,1.444504870117133,minmaxnorm
159,Q0,AP881216-0210,262,1.4418997221576235,minmaxnorm
159,Q0,DOE2-75-0189,263,1.4367717903147796,minmaxnorm
159,Q0,WSJ871127-0068,264,1.4337748448823822,minmaxnorm
159,Q0,ZF108-402-412,265,1.433328920833373,minmaxnorm
159,Q0,WSJ910401-0101,266,1.4278197351057644,minmaxnorm
159,Q0,ZF207-955-554,267,1.4242150019073587,minmaxnorm
159,Q0,ZF110-374-520,268,1.4213683415993081,minmaxnorm
159,Q0,DOE1-77-0334,269,1.4151489211024708,minmaxnorm
159,Q0,DOE1-55-0104,270,1.4096590049137556,minmaxnorm
159,Q0,FR89223-0131,271,1.4025101805110083,minmaxnorm
159,Q0,DOE1-88-0100,272,1.389629795601961,minmaxnorm
159,Q0,DOE1-65-0777,273,1.3842588432914877,minmaxnorm
159,Q0,DOE1-28-0364,274,1.3794338073946384,minmaxnorm
159,Q0,WSJ900920-0065,275,1.377869861809276,minmaxnorm
159,Q0,DOE1-37-0229,276,1.3776883827861424,minmaxnorm
159,Q0,AP890613-0263,277,1.3770480913961476,minmaxnorm
159,Q0,ZF108-562-308,278,1.3720837526191632,minmaxnorm
159,Q0,DOE2-64-1184,279,1.3636632197146816,minmaxnorm
159,Q0,DOE1-23-0947,280,1.3615356025214498,minmaxnorm
159,Q0,DOE1-37-0459,281,1.3559099786974835,minmaxnorm
159,Q0,WSJ861216-0012,282,1.347420854512098,minmaxnorm
159,Q0,FR89221-0026,283,1.3328836126257428,minmaxnorm
159,Q0,DOE1-28-0253,284,1.3304736713140228,minmaxnorm
159,Q0,WSJ880726-0134,285,1.3301372952690635,minmaxnorm
159,Q0,ZF108-840-714,286,1.3295953278206019,minmaxnorm
159,Q0,WSJ880425-0139,287,1.3258362383746842,minmaxnorm
159,Q0,WSJ900810-0038,288,1.3218464305805293,minmaxnorm
159,Q0,ZF108-080-340,289,1.3192913177571293,minmaxnorm
159,Q0,DOE1-30-0097,290,1.318059731388131,minmaxnorm
159,Q0,FR881024-0107,291,1.3147710193759696,minmaxnorm
159,Q0,WSJ900614-0146,292,1.311619823298043,minmaxnorm
159,Q0,DOE1-91-0637,293,1.3091750335732388,minmaxnorm
159,Q0,WSJ910411-0085,294,1.3089311173895413,minmaxnorm
159,Q0,WSJ910410-0074,295,1.2982035308263336,minmaxnorm
159,Q0,WSJ900807-0074,296,1.2947124691538454,minmaxnorm
159,Q0,AP890927-0159,297,1.2911295499933213,minmaxnorm
159,Q0,DOE2-39-0029,298,1.2878579388267295,minmaxnorm
159,Q0,FR89413-0158,299,1.2854816440987393,minmaxnorm
159,Q0,FR88923-0021,300,1.285045251485078,minmaxnorm
159,Q0,WSJ870330-0115,301,1.2800450164809716,minmaxnorm
159,Q0,ZF208-215-631,302,1.2793004545124687,minmaxnorm
159,Q0,DOE1-76-0334,303,1.276511463759737,minmaxnorm
159,Q0,WSJ920210-0138,304,1.276336647275431,minmaxnorm
159,Q0,DOE2-25-0424,305,1.2756073921821145,minmaxnorm
159,Q0,ZF108-074-710,306,1.2745799904535828,minmaxnorm
159,Q0,FR881207-0029,307,1.2734993404204136,minmaxnorm
159,Q0,WSJ870619-0067,308,1.2732626875171895,minmaxnorm
159,Q0,DOE1-53-0444,309,1.2725480817499009,minmaxnorm
159,Q0,ZF109-410-503,310,1.2699629005047628,minmaxnorm
159,Q0,DOE2-11-0888,311,1.2597255247142523,minmaxnorm
159,Q0,WSJ890803-0079,312,1.2562100855650744,minmaxnorm
159,Q0,DOE2-53-0416,313,1.2544665797274819,minmaxnorm
159,Q0,FR89823-0059,314,1.2536114995990701,minmaxnorm
159,Q0,FR89307-0043,315,1.2533977450990466,minmaxnorm
159,Q0,ZF108-241-370,316,1.253074090152267,minmaxnorm
159,Q0,FR891124-0055,317,1.2528361336457687,minmaxnorm
159,Q0,FR88514-0001,318,1.2528221056561262,minmaxnorm
159,Q0,DOE2-69-0841,319,1.24863823855436,minmaxnorm
159,Q0,WSJ910430-0101,320,1.2461130178763553,minmaxnorm
159,Q0,WSJ920225-0086,321,1.2456601175749185,minmaxnorm
159,Q0,ZF109-454-907,322,1.241487497596849,minmaxnorm
159,Q0,FR89404-0057,323,1.2385175938740975,minmaxnorm
159,Q0,FR891102-0034,324,1.2332252676566502,minmaxnorm
159,Q0,AP880514-0021,325,1.2306954409558157,minmaxnorm
159,Q0,AP890925-0244,326,1.2297168950997799,minmaxnorm
159,Q0,DOE1-57-0498,327,1.2292223318817004,minmaxnorm
159,Q0,FR89213-0042,328,1.2265577269521106,minmaxnorm
159,Q0,ZF207-784-274,329,1.2213683133445412,minmaxnorm
159,Q0,DOE1-81-1156,330,1.215367626928913,minmaxnorm
159,Q0,DOE2-77-1338,331,1.2123573740990519,minmaxnorm
159,Q0,ZF207-513-472,332,1.207932099117845,minmaxnorm
159,Q0,DOE2-68-0942,333,1.2071852929535374,minmaxnorm
159,Q0,DOE1-47-0749,334,1.2064296630381623,minmaxnorm
159,Q0,DOE2-21-0688,335,1.2062596574391085,minmaxnorm
159,Q0,WSJ890921-0039,336,1.2057950932446349,minmaxnorm
159,Q0,DOE2-08-0910,337,1.205312712259249,minmaxnorm
159,Q0,WSJ861203-0143,338,1.204597667437225,minmaxnorm
159,Q0,ZF108-366-190,339,1.204319219657209,minmaxnorm
159,Q0,ZF108-351-888,340,1.2014577103014004,minmaxnorm
159,Q0,DOE2-16-1135,341,1.1968221330242463,minmaxnorm
159,Q0,FR891103-0067,342,1.1964408148902401,minmaxnorm
159,Q0,DOE2-60-0091,343,1.1954543170719152,minmaxnorm
159,Q0,FR891023-0039,344,1.1954415157677274,minmaxnorm
159,Q0,AP881216-0180,345,1.1932996056167482,minmaxnorm
159,Q0,DOE1-84-0529,346,1.1900486062121636,minmaxnorm
159,Q0,FR89329-0008,347,1.1882461216662545,minmaxnorm
159,Q0,AP880620-0015,348,1.1878534230863709,minmaxnorm
159,Q0,AP880709-0101,349,1.1876277509326987,minmaxnorm
159,Q0,DOE2-78-0126,350,1.1837609745854443,minmaxnorm
159,Q0,ZF207-221-190,351,1.1817939461793385,minmaxnorm
159,Q0,WSJ881103-0110,352,1.1799533633259833,minmaxnorm
159,Q0,DOE2-25-0255,353,1.1798519335722202,minmaxnorm
159,Q0,ZF109-421-543,354,1.1791914072233263,minmaxnorm
159,Q0,DOE1-88-0333,355,1.175821242591513,minmaxnorm
159,Q0,FR88728-0026,356,1.1756714155535812,minmaxnorm
159,Q0,WSJ880928-0156,357,1.1752053374780769,minmaxnorm
159,Q0,AP890420-0093,358,1.17406111598488,minmaxnorm
159,Q0,DOE2-67-1091,359,1.1738943540010278,minmaxnorm
159,Q0,DOE1-88-0111,360,1.1723775363932403,minmaxnorm
159,Q0,WSJ880815-0046,361,1.1694998053239218,minmaxnorm
159,Q0,WSJ900511-0059,362,1.1651699741626043,minmaxnorm
159,Q0,WSJ880701-0007,363,1.1623056081602148,minmaxnorm
159,Q0,FR88729-0121,364,1.161128443235497,minmaxnorm
159,Q0,WSJ900525-0169,365,1.1549979699501602,minmaxnorm
159,Q0,DOE1-83-1071,366,1.1536806520242102,minmaxnorm
159,Q0,WSJ920305-0122,367,1.1535515803461436,minmaxnorm
159,Q0,ZF108-288-494,368,1.1494175261507038,minmaxnorm
159,Q0,WSJ870413-0098,369,1.1481223652343027,minmaxnorm
159,Q0,DOE2-21-0361,370,1.147983177518226,minmaxnorm
159,Q0,ZF207-255-050,371,1.1449460849368553,minmaxnorm
159,Q0,DOE2-56-0587,372,1.1416157752760343,minmaxnorm
159,Q0,FR89728-0017,373,1.139786223414602,minmaxnorm
159,Q0,ZF108-593-348,374,1.1379352228976156,minmaxnorm
159,Q0,FR88926-0108,375,1.1365954267651908,minmaxnorm
159,Q0,ZF109-649-431,376,1.1322059191897755,minmaxnorm
159,Q0,WSJ910103-0022,377,1.1321263216003086,minmaxnorm
159,Q0,DOE2-73-0710,378,1.1277693714501764,minmaxnorm
159,Q0,DOE2-43-0802,379,1.1268977056791758,minmaxnorm
159,Q0,WSJ910521-0057,380,1.1264093620546072,minmaxnorm
159,Q0,DOE2-21-0356,381,1.1248496087650317,minmaxnorm
159,Q0,AP880513-0113,382,1.123838044736991,minmaxnorm
159,Q0,DOE1-30-0565,383,1.1236434511939384,minmaxnorm
159,Q0,WSJ911226-0038,384,1.1223172308639198,minmaxnorm
159,Q0,AP881221-0092,385,1.121721587630065,minmaxnorm
159,Q0,ZF108-127-700,386,1.1208848340033066,minmaxnorm
159,Q0,WSJ900427-0055,387,1.11892305970774,minmaxnorm
159,Q0,DOE2-67-0022,388,1.1183186307799107,minmaxnorm
159,Q0,DOE2-32-1025,389,1.1168679203118201,minmaxnorm
159,Q0,DOE1-40-0336,390,1.1135488099424506,minmaxnorm
159,Q0,FR89623-0017,391,1.1113350307663552,minmaxnorm
159,Q0,WSJ880303-0077,392,1.1112484720198634,minmaxnorm
159,Q0,ZF109-487-315,393,1.1096362626731406,minmaxnorm
159,Q0,WSJ910507-0016,394,1.107095352178628,minmaxnorm
159,Q0,AP880901-0014,395,1.101466886728667,minmaxnorm
159,Q0,AP890805-0025,396,1.1011538265888947,minmaxnorm
159,Q0,DOE1-23-0777,397,1.101024603757166,minmaxnorm
159,Q0,ZF108-624-064,398,1.0971016172175725,minmaxnorm
159,Q0,WSJ920131-0179,399,1.0946606141856727,minmaxnorm
159,Q0,WSJ910301-0195,400,1.0931849675417633,minmaxnorm
159,Q0,WSJ920218-0191,401,1.0929734933234792,minmaxnorm
159,Q0,WSJ890919-0108,402,1.0918551522505415,minmaxnorm
159,Q0,FR88516-0128,403,1.0916761731483164,minmaxnorm
159,Q0,AP890525-0174,404,1.0870179461073117,minmaxnorm
159,Q0,ZF108-397-498,405,1.0804726130108626,minmaxnorm
159,Q0,ZF207-298-574,406,1.079598037599616,minmaxnorm
159,Q0,DOE2-82-1173,407,1.0788397151874418,minmaxnorm
159,Q0,WSJ880504-0069,408,1.0771863980976248,minmaxnorm
159,Q0,DOE2-07-0687,409,1.076410146310828,minmaxnorm
159,Q0,DOE2-78-0812,410,1.0758718876504927,minmaxnorm
159,Q0,FR89206-0035,411,1.0751171266472577,minmaxnorm
159,Q0,FR89710-0114,412,1.073679397389322,minmaxnorm
159,Q0,WSJ881111-0154,413,1.0637574882657501,minmaxnorm
159,Q0,ZF207-215-636,414,1.0628756005141513,minmaxnorm
159,Q0,DOE2-55-0026,415,1.059604127219813,minmaxnorm
159,Q0,AP890624-0011,416,1.0560010941420037,minmaxnorm
159,Q0,FR891024-0038,417,1.0515204110631062,minmaxnorm
159,Q0,DOE2-61-0183,418,1.0503157012873185,minmaxnorm
159,Q0,AP890920-0162,419,1.0492024079737663,minmaxnorm
159,Q0,DOE1-63-1157,420,1.048269385622073,minmaxnorm
159,Q0,DOE2-44-0859,421,1.0449200407195387,minmaxnorm
159,Q0,DOE1-67-0699,422,1.0433984780343846,minmaxnorm
159,Q0,AP890104-0133,423,1.042934294044118,minmaxnorm
159,Q0,AP880509-0152,424,1.0424210104164406,minmaxnorm
159,Q0,ZF207-248-471,425,1.0411838294021847,minmaxnorm
159,Q0,WSJ890818-0059,426,1.0402167529970696,minmaxnorm
159,Q0,DOE2-43-0202,427,1.0373866519978976,minmaxnorm
159,Q0,WSJ880701-0025,428,1.031564807670366,minmaxnorm
159,Q0,AP880219-0091,429,1.03068573587503,minmaxnorm
159,Q0,WSJ880203-0005,430,1.0276861648813007,minmaxnorm
159,Q0,DOE1-65-1060,431,1.0257822017840919,minmaxnorm
159,Q0,DOE2-18-0654,432,1.0226248931368958,minmaxnorm
159,Q0,AP881216-0071,433,1.0226062034816994,minmaxnorm
159,Q0,DOE2-05-0989,434,1.022252478636037,minmaxnorm
159,Q0,DOE2-62-0482,435,1.0197996412571422,minmaxnorm
159,Q0,WSJ881003-0142,436,1.0189111279679857,minmaxnorm
159,Q0,ZF207-178-702,437,1.018510791027232,minmaxnorm
159,Q0,DOE1-68-0134,438,1.0182256560717395,minmaxnorm
159,Q0,DOE1-32-0649,439,1.017504382361188,minmaxnorm
159,Q0,WSJ920221-0025,440,1.016937280659082,minmaxnorm
159,Q0,FR88126-0016,441,1.013439424211187,minmaxnorm
159,Q0,FR88922-0101,442,1.0109700098501444,minmaxnorm
159,Q0,WSJ891011-0097,443,1.0074971936741757,minmaxnorm
159,Q0,DOE2-48-0102,444,1.0072934678696444,minmaxnorm
159,Q0,ZF207-402-938,445,0.9995931769649422,minmaxnorm
159,Q0,DOE1-35-1195,446,0.9992279891230103,minmaxnorm
159,Q0,FR881024-0103,447,0.9963052679133506,minmaxnorm
159,Q0,FR89410-0034,448,0.9955802808025982,minmaxnorm
159,Q0,ZF108-066-946,449,0.9932686263354163,minmaxnorm
159,Q0,DOE2-68-0451,450,0.9925828243066892,minmaxnorm
159,Q0,DOE1-17-0050,451,0.988927102738778,minmaxnorm
159,Q0,FR89823-0004,452,0.9868637871663951,minmaxnorm
159,Q0,ZF207-582-361,453,0.9820002013858721,minmaxnorm
159,Q0,DOE1-93-1054,454,0.9808856107134085,minmaxnorm
159,Q0,WSJ880209-0147,455,0.9805578604210702,minmaxnorm
159,Q0,WSJ880408-0156,456,0.9802071306629832,minmaxnorm
159,Q0,WSJ880125-0030,457,0.9778205587154795,minmaxnorm
159,Q0,FR88830-0045,458,0.9764272740685958,minmaxnorm
159,Q0,FR88829-0045,459,0.9764041944161166,minmaxnorm
159,Q0,FR88127-0024,460,0.9745842065174302,minmaxnorm
159,Q0,ZF108-528-740,461,0.9743282869054629,minmaxnorm
159,Q0,ZF108-112-950,462,0.9739307899980206,minmaxnorm
159,Q0,ZF207-309-641,463,0.9736868697564357,minmaxnorm
159,Q0,FR891003-0044,464,0.9707365720185546,minmaxnorm
159,Q0,WSJ870501-0064,465,0.9693797379586171,minmaxnorm
159,Q0,ZF108-673-612,466,0.9687268029730869,minmaxnorm
159,Q0,ZF207-397-196,467,0.9672837122517456,minmaxnorm
159,Q0,FR881025-0140,468,0.9641882178989122,minmaxnorm
159,Q0,FR88203-0026,469,0.9618694725912977,minmaxnorm
159,Q0,FR88505-0010,470,0.9618079288368195,minmaxnorm
159,Q0,FR89130-0041,471,0.9608363755262568,minmaxnorm
159,Q0,WSJ900404-0017,472,0.9607856769074015,minmaxnorm
159,Q0,DOE2-70-0831,473,0.9597416123529113,minmaxnorm
159,Q0,ZF109-467-517,474,0.9588985089016893,minmaxnorm
159,Q0,WSJ861222-0003,475,0.9561657393986577,minmaxnorm
159,Q0,FR89926-0011,476,0.9540423327962141,minmaxnorm
159,Q0,ZF109-497-937,477,0.9493032360970902,minmaxnorm
159,Q0,WSJ870729-0036,478,0.9482818102378371,minmaxnorm
159,Q0,WSJ880714-0007,479,0.9466371488561213,minmaxnorm
159,Q0,AP880429-0054,480,0.9466165942540702,minmaxnorm
159,Q0,AP880725-0259,481,0.9434694153112738,minmaxnorm
159,Q0,ZF108-182-804,482,0.942616810183085,minmaxnorm
159,Q0,DOE2-55-0019,483,0.9410433358238455,minmaxnorm
159,Q0,AP880621-0301,484,0.9385789182572717,minmaxnorm
159,Q0,FR89321-0028,485,0.9374056126124624,minmaxnorm
159,Q0,WSJ890906-0150,486,0.9367092391740786,minmaxnorm
159,Q0,WSJ870707-0043,487,0.9335431300954011,minmaxnorm
159,Q0,AP880925-0023,488,0.9332887840968155,minmaxnorm
159,Q0,FR89104-0114,489,0.9312975499923254,minmaxnorm
159,Q0,FR89718-0104,490,0.9305663102798916,minmaxnorm
159,Q0,ZF207-598-488,491,0.9275058056638018,minmaxnorm
159,Q0,WSJ900813-0153,492,0.9268439482565326,minmaxnorm
159,Q0,AP891121-0028,493,0.9261630270121809,minmaxnorm
159,Q0,DOE2-75-0770,494,0.9261559587790439,minmaxnorm
159,Q0,ZF109-423-877,495,0.9257191998162806,minmaxnorm
159,Q0,ZF207-097-616,496,0.925352882075306,minmaxnorm
159,Q0,DOE2-40-0722,497,0.925097116471992,minmaxnorm
159,Q0,ZF109-507-897,498,0.9226145945710913,minmaxnorm
159,Q0,WSJ910222-0056,499,0.9206833781933149,minmaxnorm
159,Q0,DOE2-54-0605,500,0.9206440862496204,minmaxnorm
159,Q0,FR89103-0114,501,0.919759608087349,minmaxnorm
159,Q0,AP890317-0173,502,0.9180101005574088,minmaxnorm
159,Q0,FR88504-0021,503,0.9154445079937452,minmaxnorm
159,Q0,ZF108-100-542,504,0.9149686185546159,minmaxnorm
159,Q0,WSJ870203-0011,505,0.9132116953576712,minmaxnorm
159,Q0,WSJ891018-0086,506,0.9127925927178256,minmaxnorm
159,Q0,AP890511-0263,507,0.9115015723749729,minmaxnorm
159,Q0,DOE1-63-0721,508,0.9099146170249065,minmaxnorm
159,Q0,DOE2-03-0889,509,0.9086868925316497,minmaxnorm
159,Q0,DOE2-63-0902,510,0.9081198301712601,minmaxnorm
159,Q0,ZF207-517-460,511,0.9075807425779232,minmaxnorm
159,Q0,DOE1-91-0721,512,0.9040673921566318,minmaxnorm
159,Q0,ZF207-727-178,513,0.9038369351869844,minmaxnorm
159,Q0,DOE1-32-1103,514,0.9026069436908236,minmaxnorm
159,Q0,DOE2-69-1089,515,0.902197665589428,minmaxnorm
159,Q0,DOE1-31-1001,516,0.9015917439735348,minmaxnorm
159,Q0,FR89108-0080,517,0.8993094505402169,minmaxnorm
159,Q0,DOE1-06-0160,518,0.8985144190328659,minmaxnorm
159,Q0,WSJ920110-0148,519,0.897604337396386,minmaxnorm
159,Q0,ZF207-726-510,520,0.8961892553855806,minmaxnorm
159,Q0,DOE1-84-1163,521,0.8927137999056598,minmaxnorm
159,Q0,DOE2-69-0766,522,0.8918160680697069,minmaxnorm
159,Q0,DOE1-29-1018,523,0.8916704833276622,minmaxnorm
159,Q0,DOE1-66-0820,524,0.8905099388574672,minmaxnorm
159,Q0,WSJ890818-0043,525,0.8903082675030046,minmaxnorm
159,Q0,FR89602-0019,526,0.8886431006513982,minmaxnorm
159,Q0,WSJ910906-0093,527,0.8872114913214684,minmaxnorm
159,Q0,DOE2-01-0676,528,0.8834960476813994,minmaxnorm
159,Q0,DOE1-87-1150,529,0.8823035138379893,minmaxnorm
159,Q0,WSJ920207-0202,530,0.8781256958954453,minmaxnorm
159,Q0,ZF207-397-592,531,0.8779915920447071,minmaxnorm
159,Q0,DOE2-07-0652,532,0.8778904856173333,minmaxnorm
159,Q0,AP891018-0089,533,0.8775589250648606,minmaxnorm
159,Q0,DOE2-77-1331,534,0.8762467496323701,minmaxnorm
159,Q0,DOE1-31-0177,535,0.8760125809449605,minmaxnorm
159,Q0,WSJ871209-0044,536,0.8756447056002795,minmaxnorm
159,Q0,ZF109-514-477,537,0.8721592019556876,minmaxnorm
159,Q0,WSJ910412-0110,538,0.8707854393435361,minmaxnorm
159,Q0,FR88818-0125,539,0.8688028943493555,minmaxnorm
159,Q0,WSJ890908-0027,540,0.8679830153754913,minmaxnorm
159,Q0,ZF207-576-318,541,0.8669729524879812,minmaxnorm
159,Q0,ZF109-452-781,542,0.8665889637418218,minmaxnorm
159,Q0,DOE1-22-0371,543,0.8640945717246764,minmaxnorm
159,Q0,DOE1-92-0927,544,0.8640780031116455,minmaxnorm
159,Q0,FR89605-0033,545,0.8633489148131033,minmaxnorm
159,Q0,AP890103-0246,546,0.8615060786117963,minmaxnorm
159,Q0,FR88926-0045,547,0.8603304820238367,minmaxnorm
159,Q0,DOE1-32-0655,548,0.8597956615940927,minmaxnorm
159,Q0,WSJ881111-0108,549,0.8593204654961012,minmaxnorm
159,Q0,ZF109-444-785,550,0.8592718449481456,minmaxnorm
159,Q0,FR89518-0135,551,0.8576351819597386,minmaxnorm
159,Q0,FR89609-0043,552,0.8565642024944449,minmaxnorm
159,Q0,WSJ870602-0161,553,0.8551955476716391,minmaxnorm
159,Q0,WSJ870806-0120,554,0.8544155428854407,minmaxnorm
159,Q0,FR88727-0110,555,0.8535631776313128,minmaxnorm
159,Q0,FR89123-0023,556,0.8524815573683968,minmaxnorm
159,Q0,DOE2-07-0247,557,0.8516015790353264,minmaxnorm
159,Q0,DOE2-73-0022,558,0.8515153600915587,minmaxnorm
159,Q0,DOE2-46-0392,559,0.8475474493691046,minmaxnorm
159,Q0,ZF208-213-031,560,0.8472570551694033,minmaxnorm
159,Q0,WSJ920213-0042,561,0.843893434291676,minmaxnorm
159,Q0,FR88804-0052,562,0.843680743240769,minmaxnorm
159,Q0,FR89515-0033,563,0.8379574519865607,minmaxnorm
159,Q0,AP890120-0187,564,0.8374389072175568,minmaxnorm
159,Q0,DOE1-78-0824,565,0.8366789008153128,minmaxnorm
159,Q0,FR89426-0082,566,0.835931424403726,minmaxnorm
159,Q0,AP881009-0049,567,0.8353702958478127,minmaxnorm
159,Q0,AP880415-0197,568,0.834122880420723,minmaxnorm
159,Q0,ZF207-592-520,569,0.8339402754359009,minmaxnorm
159,Q0,FR89313-0060,570,0.8333819474142297,minmaxnorm
159,Q0,ZF207-865-182,571,0.8325494199032093,minmaxnorm
159,Q0,WSJ910912-0011,572,0.8319266619457376,minmaxnorm
159,Q0,FR88915-0101,573,0.8317930814112922,minmaxnorm
159,Q0,WSJ910524-0174,574,0.8313827355626479,minmaxnorm
159,Q0,AP890104-0143,575,0.8289786203573661,minmaxnorm
159,Q0,FR89503-0089,576,0.8281716649569169,minmaxnorm
159,Q0,DOE1-23-1028,577,0.8278684537455143,minmaxnorm
159,Q0,WSJ881114-0124,578,0.827471686286244,minmaxnorm
159,Q0,ZF109-485-433,579,0.8267809988590505,minmaxnorm
159,Q0,DOE1-89-0407,580,0.8260494331144269,minmaxnorm
159,Q0,WSJ880923-0175,581,0.8255630893285717,minmaxnorm
159,Q0,ZF109-683-517,582,0.8249927783456501,minmaxnorm
159,Q0,DOE2-63-0064,583,0.8229927443296057,minmaxnorm
159,Q0,WSJ871218-0056,584,0.822862612027355,minmaxnorm
159,Q0,DOE2-34-0873,585,0.8220727767439393,minmaxnorm
159,Q0,FR881024-0121,586,0.8214564603593865,minmaxnorm
159,Q0,DOE2-51-0965,587,0.8214362900344678,minmaxnorm
159,Q0,WSJ880927-0052,588,0.8201241479718324,minmaxnorm
159,Q0,DOE1-78-0834,589,0.8195550928733228,minmaxnorm
159,Q0,DOE2-38-0130,590,0.8178681848591198,minmaxnorm
159,Q0,WSJ910905-0063,591,0.8174908685922966,minmaxnorm
159,Q0,FR89130-0119,592,0.8154302758851594,minmaxnorm
159,Q0,DOE2-58-0303,593,0.814869327427116,minmaxnorm
159,Q0,DOE2-73-0737,594,0.8143586501138507,minmaxnorm
159,Q0,DOE1-91-0660,595,0.8141246284091753,minmaxnorm
159,Q0,WSJ870416-0100,596,0.8119897475543141,minmaxnorm
159,Q0,DOE1-74-1043,597,0.8119458703345047,minmaxnorm
159,Q0,AP890324-0245,598,0.8108763252503997,minmaxnorm
159,Q0,FR89804-0135,599,0.8103144963009905,minmaxnorm
159,Q0,FR88802-0083,600,0.8090118605686967,minmaxnorm
159,Q0,FR881121-0036,601,0.8076646871272222,minmaxnorm
159,Q0,WSJ900925-0067,602,0.8068669837255729,minmaxnorm
159,Q0,ZF207-754-492,603,0.8066684685177021,minmaxnorm
159,Q0,DOE1-75-1241,604,0.8061908110535944,minmaxnorm
159,Q0,ZF108-198-830,605,0.8052817894996068,minmaxnorm
159,Q0,DOE2-78-0332,606,0.8046245263548029,minmaxnorm
159,Q0,AP881220-0017,607,0.8043395471734317,minmaxnorm
159,Q0,ZF207-339-692,608,0.8038549908104126,minmaxnorm
159,Q0,ZF108-241-220,609,0.8032045294813853,minmaxnorm
159,Q0,DOE1-37-1041,610,0.798494508775079,minmaxnorm
159,Q0,FR89123-0111,611,0.797921283953551,minmaxnorm
159,Q0,WSJ900424-0005,612,0.7955773408001031,minmaxnorm
159,Q0,ZF108-525-784,613,0.7945431444516275,minmaxnorm
159,Q0,ZF207-318-926,614,0.7934556045031812,minmaxnorm
159,Q0,WSJ920212-0013,615,0.7903908558061841,minmaxnorm
159,Q0,WSJ911108-0008,616,0.7898619787520031,minmaxnorm
159,Q0,DOE1-35-0777,617,0.7897883399258034,minmaxnorm
159,Q0,DOE2-54-0588,618,0.7894559984418716,minmaxnorm
159,Q0,WSJ920220-0123,619,0.7891014151190081,minmaxnorm
159,Q0,WSJ910621-0043,620,0.7886334093015175,minmaxnorm
159,Q0,ZF207-162-110,621,0.7882383540586982,minmaxnorm
159,Q0,DOE1-77-0957,622,0.787927360207398,minmaxnorm
159,Q0,WSJ920324-0115,623,0.7871513758822792,minmaxnorm
159,Q0,ZF207-643-687,624,0.7864183901112038,minmaxnorm
159,Q0,AP890422-0081,625,0.7856943309795589,minmaxnorm
159,Q0,WSJ870423-0071,626,0.78520390938091,minmaxnorm
159,Q0,ZF108-049-348,627,0.7846542350594826,minmaxnorm
159,Q0,ZF207-155-658,628,0.7843753405209122,minmaxnorm
159,Q0,ZF207-621-798,629,0.784292664286836,minmaxnorm
159,Q0,AP880907-0073,630,0.7835871244963881,minmaxnorm
159,Q0,FR88504-0009,631,0.7825157311278769,minmaxnorm
159,Q0,DOE1-92-0932,632,0.7816497884484962,minmaxnorm
159,Q0,DOE2-56-0700,633,0.781392374961166,minmaxnorm
159,Q0,WSJ881007-0120,634,0.7811343919526874,minmaxnorm
159,Q0,WSJ880712-0051,635,0.7801478399536574,minmaxnorm
159,Q0,WSJ911119-0061,636,0.7798641689908854,minmaxnorm
159,Q0,AP890802-0295,637,0.7796965761328569,minmaxnorm
159,Q0,DOE1-15-0717,638,0.7782784630215245,minmaxnorm
159,Q0,WSJ880908-0168,639,0.7761056228669103,minmaxnorm
159,Q0,DOE1-39-0870,640,0.7760573623001146,minmaxnorm
159,Q0,WSJ900504-0071,641,0.7751164901476215,minmaxnorm
159,Q0,DOE1-33-0509,642,0.7729642329778854,minmaxnorm
159,Q0,DOE2-47-1119,643,0.7718137795308471,minmaxnorm
159,Q0,DOE1-37-0026,644,0.7714459162664292,minmaxnorm
159,Q0,AP890114-0078,645,0.7709461304757658,minmaxnorm
159,Q0,AP890703-0031,646,0.7678157060095483,minmaxnorm
159,Q0,DOE2-23-1015,647,0.7674928727152317,minmaxnorm
159,Q0,AP880605-0048,648,0.7670919824986714,minmaxnorm
159,Q0,DOE2-01-0191,649,0.7666449827589494,minmaxnorm
159,Q0,DOE1-32-0659,650,0.764436435314105,minmaxnorm
159,Q0,AP890126-0245,651,0.7636481720220809,minmaxnorm
159,Q0,FR89802-0032,652,0.763420595279337,minmaxnorm
159,Q0,ZF108-601-616,653,0.7622904342520811,minmaxnorm
159,Q0,DOE2-06-1031,654,0.7613559839135827,minmaxnorm
159,Q0,ZF108-507-284,655,0.7587875071300674,minmaxnorm
159,Q0,DOE2-72-0512,656,0.7584669799248465,minmaxnorm
159,Q0,DOE2-07-0729,657,0.7580814116038883,minmaxnorm
159,Q0,ZF109-409-183,658,0.7578127996627465,minmaxnorm
159,Q0,ZF108-294-394,659,0.7576656767302015,minmaxnorm
159,Q0,ZF207-102-706,660,0.7569874167518624,minmaxnorm
159,Q0,WSJ920317-0047,661,0.7568980751029668,minmaxnorm
159,Q0,ZF207-321-754,662,0.7547957799478836,minmaxnorm
159,Q0,ZF109-420-555,663,0.7545114045287964,minmaxnorm
159,Q0,FR88824-0050,664,0.7544300145471227,minmaxnorm
159,Q0,WSJ900514-0082,665,0.7543492354568792,minmaxnorm
159,Q0,FR881121-0069,666,0.7540459888337856,minmaxnorm
159,Q0,AP880224-0249,667,0.7539904427923081,minmaxnorm
159,Q0,FR89419-0025,668,0.7530079911406832,minmaxnorm
159,Q0,WSJ900509-0029,669,0.751191755486657,minmaxnorm
159,Q0,ZF207-589-681,670,0.7509093938657849,minmaxnorm
159,Q0,DOE2-68-0197,671,0.7503104051302124,minmaxnorm
159,Q0,ZF108-198-230,672,0.7502037405898527,minmaxnorm
159,Q0,DOE1-70-1324,673,0.7494141869998261,minmaxnorm
159,Q0,ZF207-527-330,674,0.7491062746417938,minmaxnorm
159,Q0,WSJ910211-0099,675,0.7474379415854377,minmaxnorm
159,Q0,ZF108-495-830,676,0.7473210841591819,minmaxnorm
159,Q0,WSJ910913-0179,677,0.7471299725783278,minmaxnorm
159,Q0,FR881109-0024,678,0.7467571144946309,minmaxnorm
159,Q0,DOE1-39-1122,679,0.7464864206634605,minmaxnorm
159,Q0,ZF207-449-984,680,0.7463572581123111,minmaxnorm
159,Q0,AP891018-0097,681,0.7462773169530248,minmaxnorm
159,Q0,AP891227-0164,682,0.745469472274897,minmaxnorm
159,Q0,ZF108-262-744,683,0.7447302761497989,minmaxnorm
159,Q0,ZF108-675-524,684,0.7428155814652995,minmaxnorm
159,Q0,WSJ911028-0058,685,0.7420826307922315,minmaxnorm
159,Q0,ZF207-362-486,686,0.7415775219083118,minmaxnorm
159,Q0,ZF108-491-402,687,0.7408882880387568,minmaxnorm
159,Q0,WSJ910403-0068,688,0.7406447076711606,minmaxnorm
159,Q0,DOE1-43-0704,689,0.7400474567257295,minmaxnorm
159,Q0,FR89629-0014,690,0.7394907344421728,minmaxnorm
159,Q0,WSJ900709-0075,691,0.7391614023826418,minmaxnorm
159,Q0,ZF108-628-568,692,0.737492663294093,minmaxnorm
159,Q0,ZF209-522-811,693,0.7369705041452947,minmaxnorm
159,Q0,DOE1-05-0305,694,0.7368591085194885,minmaxnorm
159,Q0,AP890722-0011,695,0.7360261349078389,minmaxnorm
159,Q0,WSJ920313-0169,696,0.7346822297986456,minmaxnorm
159,Q0,DOE2-45-0136,697,0.7346280412101005,minmaxnorm
159,Q0,DOE2-18-0010,698,0.7325382178335823,minmaxnorm
159,Q0,DOE2-80-1220,699,0.7322889376298478,minmaxnorm
159,Q0,FR88511-0168,700,0.7319477509816413,minmaxnorm
159,Q0,WSJ920319-0086,701,0.7315587665608175,minmaxnorm
159,Q0,FR89508-0087,702,0.7308014675849068,minmaxnorm
159,Q0,ZF108-028-474,703,0.7304984893214391,minmaxnorm
159,Q0,WSJ910826-0060,704,0.7297719980070354,minmaxnorm
159,Q0,WSJ880714-0092,705,0.729673805765214,minmaxnorm
159,Q0,DOE1-75-0215,706,0.7296577346593932,minmaxnorm
159,Q0,AP881208-0139,707,0.7292128322495561,minmaxnorm
159,Q0,ZF108-497-600,708,0.7276164454538123,minmaxnorm
159,Q0,DOE2-58-0177,709,0.7272519900303507,minmaxnorm
159,Q0,ZF108-307-314,710,0.7270021302705862,minmaxnorm
159,Q0,ZF108-751-476,711,0.7253316481481433,minmaxnorm
159,Q0,WSJ910325-0177,712,0.7252219112882126,minmaxnorm
159,Q0,ZF109-598-545,713,0.7251344191739542,minmaxnorm
159,Q0,FR89731-0053,714,0.7250659070311085,minmaxnorm
159,Q0,ZF109-673-785,715,0.7245445653543641,minmaxnorm
159,Q0,FR89818-0017,716,0.7244621423965814,minmaxnorm
159,Q0,WSJ880603-0099,717,0.724004672635089,minmaxnorm
159,Q0,FR89228-0032,718,0.7219589888303303,minmaxnorm
159,Q0,WSJ910208-0009,719,0.7208709762058539,minmaxnorm
159,Q0,ZF108-085-602,720,0.7200705872136633,minmaxnorm
159,Q0,ZF109-732-933,721,0.7189884182676334,minmaxnorm
159,Q0,ZF108-521-874,722,0.7167066298412701,minmaxnorm
159,Q0,FR881121-0134,723,0.7152094658761334,minmaxnorm
159,Q0,DOE2-56-0581,724,0.7149675481876483,minmaxnorm
159,Q0,FR88225-0071,725,0.7128718504089157,minmaxnorm
159,Q0,WSJ910110-0135,726,0.7125441600139828,minmaxnorm
159,Q0,ZF207-160-720,727,0.7120151217008885,minmaxnorm
159,Q0,DOE2-64-0130,728,0.7092641534857641,minmaxnorm
159,Q0,ZF108-628-168,729,0.7089697365158728,minmaxnorm
159,Q0,AP890413-0252,730,0.7088921277421589,minmaxnorm
159,Q0,FR881107-0026,731,0.7082554777940143,minmaxnorm
159,Q0,ZF108-568-400,732,0.7080525775188798,minmaxnorm
159,Q0,ZF108-301-244,733,0.7070588037766972,minmaxnorm
159,Q0,FR89105-0002,734,0.7055341622048188,minmaxnorm
159,Q0,DOE1-07-0319,735,0.7053758124399384,minmaxnorm
159,Q0,DOE1-66-0222,736,0.7051839154980691,minmaxnorm
159,Q0,ZF108-586-042,737,0.705041650736912,minmaxnorm
159,Q0,ZF207-271-041,738,0.7050284177006545,minmaxnorm
159,Q0,FR891003-0037,739,0.7048036588484347,minmaxnorm
159,Q0,DOE2-73-0835,740,0.7023070984267149,minmaxnorm
159,Q0,WSJ900605-0006,741,0.701858262372381,minmaxnorm
159,Q0,ZF207-167-074,742,0.7011884528710132,minmaxnorm
159,Q0,ZF208-033-826,743,0.70110911598996,minmaxnorm
159,Q0,ZF109-560-333,744,0.6992490550019066,minmaxnorm
159,Q0,ZF109-534-051,745,0.6984814279370151,minmaxnorm
159,Q0,ZF109-619-427,746,0.6983281619764518,minmaxnorm
159,Q0,ZF207-214-282,747,0.6964357442382163,minmaxnorm
159,Q0,ZF207-309-079,748,0.6960030142817295,minmaxnorm
159,Q0,FR88907-0126,749,0.6958190325560696,minmaxnorm
159,Q0,DOE1-87-1028,750,0.6941869858657423,minmaxnorm
159,Q0,WSJ891017-0106,751,0.6941165418874811,minmaxnorm
159,Q0,AP880714-0107,752,0.6940390883968965,minmaxnorm
159,Q0,DOE2-67-0008,753,0.6935399444427097,minmaxnorm
159,Q0,WSJ870925-0106,754,0.6930977744556368,minmaxnorm
159,Q0,ZF207-189-114,755,0.6929377318998193,minmaxnorm
159,Q0,FR89405-0122,756,0.6909887855393531,minmaxnorm
159,Q0,WSJ880202-0093,757,0.6883932993827546,minmaxnorm
159,Q0,ZF108-619-194,758,0.6883185367974703,minmaxnorm
159,Q0,WSJ900608-0039,759,0.688067004433582,minmaxnorm
159,Q0,FR89509-0038,760,0.6870793040904126,minmaxnorm
159,Q0,ZF207-416-794,761,0.6854476620067754,minmaxnorm
159,Q0,ZF109-748-757,762,0.6851973007651235,minmaxnorm
159,Q0,FR88811-0146,763,0.6850520291040869,minmaxnorm
159,Q0,WSJ880902-0009,764,0.6825051111622411,minmaxnorm
159,Q0,ZF108-316-430,765,0.6823395887975736,minmaxnorm
159,Q0,WSJ880916-0019,766,0.6822398297615673,minmaxnorm
159,Q0,ZF109-559-257,767,0.6819169190364416,minmaxnorm
159,Q0,DOE2-83-0928,768,0.6799818528166526,minmaxnorm
159,Q0,ZF207-396-748,769,0.679781896160681,minmaxnorm
159,Q0,ZF108-840-280,770,0.679478282068303,minmaxnorm
159,Q0,ZF208-128-308,771,0.6786631162754192,minmaxnorm
159,Q0,WSJ870707-0008,772,0.6779325205457818,minmaxnorm
159,Q0,AP880922-0095,773,0.6777598297083064,minmaxnorm
159,Q0,WSJ861219-0176,774,0.677605536566183,minmaxnorm
159,Q0,ZF208-218-589,775,0.6769138214875501,minmaxnorm
159,Q0,ZF207-529-351,776,0.6765850558352503,minmaxnorm
159,Q0,DOE1-62-0798,777,0.6755274811386507,minmaxnorm
159,Q0,DOE2-16-0130,778,0.6754159467168326,minmaxnorm
159,Q0,WSJ910815-0091,779,0.6753754444098592,minmaxnorm
159,Q0,DOE2-72-0435,780,0.6751622328445046,minmaxnorm
159,Q0,WSJ920203-0135,781,0.6749386831934241,minmaxnorm
159,Q0,ZF207-164-604,782,0.6743309015104605,minmaxnorm
159,Q0,WSJ920313-0121,783,0.6742815630423709,minmaxnorm
159,Q0,FR89119-0111,784,0.6735697773880618,minmaxnorm
159,Q0,DOE1-65-1063,785,0.6733625254067122,minmaxnorm
159,Q0,ZF108-185-970,786,0.6731344021925743,minmaxnorm
159,Q0,DOE2-03-1016,787,0.6721573895348382,minmaxnorm
159,Q0,WSJ911011-0046,788,0.6717702525015472,minmaxnorm
159,Q0,WSJ880729-0016,789,0.6713952326828703,minmaxnorm
159,Q0,DOE1-30-0069,790,0.6703627852011634,minmaxnorm
159,Q0,FR88825-0020,791,0.6692109492088603,minmaxnorm
159,Q0,DOE2-72-0153,792,0.6691591179920304,minmaxnorm
159,Q0,DOE2-21-0939,793,0.668872434037915,minmaxnorm
159,Q0,ZF108-219-783,794,0.6681332542340837,minmaxnorm
159,Q0,WSJ900409-0157,795,0.6681193068210783,minmaxnorm
159,Q0,ZF108-585-732,796,0.6676913987524753,minmaxnorm
159,Q0,FR88718-0064,797,0.6675214472103019,minmaxnorm
159,Q0,ZF109-558-945,798,0.6649228530849512,minmaxnorm
159,Q0,WSJ870309-0165,799,0.664678124299331,minmaxnorm
159,Q0,DOE1-24-0769,800,0.66379112535355,minmaxnorm
159,Q0,ZF108-649-850,801,0.663364684877251,minmaxnorm
159,Q0,WSJ881028-0112,802,0.6628426671739693,minmaxnorm
159,Q0,DOE1-93-0245,803,0.6626458132906976,minmaxnorm
159,Q0,ZF207-530-564,804,0.6609773623053308,minmaxnorm
159,Q0,ZF207-726-370,805,0.6597500029987688,minmaxnorm
159,Q0,FR88216-0195,806,0.6591671659206932,minmaxnorm
159,Q0,ZF109-589-461,807,0.6578442465202197,minmaxnorm
159,Q0,AP880716-0077,808,0.6578349186939966,minmaxnorm
159,Q0,WSJ900807-0033,809,0.6575369004465375,minmaxnorm
159,Q0,ZF108-642-484,810,0.6565780283029642,minmaxnorm
159,Q0,ZF207-653-728,811,0.6558904094200892,minmaxnorm
159,Q0,ZF109-548-429,812,0.6554593451574293,minmaxnorm
159,Q0,FR89126-0157,813,0.6547039430647292,minmaxnorm
159,Q0,ZF207-894-708,814,0.6546357185394571,minmaxnorm
159,Q0,WSJ890929-0060,815,0.6544193970629957,minmaxnorm
159,Q0,FR88808-0043,816,0.6534606406569274,minmaxnorm
159,Q0,AP880716-0103,817,0.6527990191981402,minmaxnorm
159,Q0,FR88506-0085,818,0.6520097732536643,minmaxnorm
159,Q0,WSJ910619-0115,819,0.6519223439991862,minmaxnorm
159,Q0,WSJ880311-0023,820,0.6515164001584393,minmaxnorm
159,Q0,ZF207-135-046,821,0.6514278019990318,minmaxnorm
159,Q0,AP880327-0001,822,0.6510000199329578,minmaxnorm
159,Q0,DOE1-39-0826,823,0.650702753826294,minmaxnorm
159,Q0,DOE2-22-0817,824,0.6501379970919721,minmaxnorm
159,Q0,WSJ900615-0130,825,0.6497474358494799,minmaxnorm
159,Q0,DOE2-40-1134,826,0.6494392768080197,minmaxnorm
159,Q0,FR89323-0094,827,0.6490764970518721,minmaxnorm
159,Q0,AP891029-0062,828,0.6489423352661033,minmaxnorm
159,Q0,FR89414-0127,829,0.6488199900135114,minmaxnorm
159,Q0,ZF108-679-616,830,0.6486308955736587,minmaxnorm
159,Q0,DOE1-40-0286,831,0.6481871097033323,minmaxnorm
159,Q0,ZF109-593-531,832,0.6476622201138488,minmaxnorm
159,Q0,DOE1-06-0722,833,0.6476575519418286,minmaxnorm
159,Q0,ZF207-742-139,834,0.6474466418695665,minmaxnorm
159,Q0,DOE1-92-0647,835,0.6473748662438186,minmaxnorm
159,Q0,ZF207-366-502,836,0.6472976181994838,minmaxnorm
159,Q0,ZF109-821-127,837,0.6471724850806648,minmaxnorm
159,Q0,DOE2-54-0604,838,0.6453902901566786,minmaxnorm
159,Q0,WSJ911108-0182,839,0.6452987853050561,minmaxnorm
159,Q0,WSJ900518-0130,840,0.6437134116599197,minmaxnorm
159,Q0,ZF108-219-322,841,0.6434487933623865,minmaxnorm
159,Q0,WSJ880803-0143,842,0.6431841179222464,minmaxnorm
159,Q0,AP890606-0030,843,0.643044424290547,minmaxnorm
159,Q0,FR89413-0160,844,0.6428931722266626,minmaxnorm
159,Q0,ZF108-494-314,845,0.6425484692346443,minmaxnorm
159,Q0,DOE2-65-1128,846,0.6420503616275034,minmaxnorm
159,Q0,AP880513-0276,847,0.641947338584595,minmaxnorm
159,Q0,ZF109-533-083,848,0.6414558028844718,minmaxnorm
159,Q0,WSJ911111-0154,849,0.6413116567484415,minmaxnorm
159,Q0,WSJ900914-0022,850,0.6397304100119545,minmaxnorm
159,Q0,WSJ900810-0067,851,0.6390445700731524,minmaxnorm
159,Q0,DOE1-66-0952,852,0.638636049108345,minmaxnorm
159,Q0,ZF108-641-756,853,0.6385946314478833,minmaxnorm
159,Q0,FR88909-0056,854,0.6380912080805566,minmaxnorm
159,Q0,ZF207-715-012,855,0.6374009635961211,minmaxnorm
159,Q0,ZF108-336-040,856,0.6362072046438522,minmaxnorm
159,Q0,WSJ900504-0002,857,0.6360176156578629,minmaxnorm
159,Q0,ZF108-615-508,858,0.6350136122988159,minmaxnorm
159,Q0,AP880324-0268,859,0.6347720257779388,minmaxnorm
159,Q0,WSJ870115-0129,860,0.6343903532412174,minmaxnorm
159,Q0,ZF207-483-458,861,0.6341925275365905,minmaxnorm
159,Q0,WSJ910111-0042,862,0.6337864421380298,minmaxnorm
159,Q0,AP890721-0215,863,0.6332976405345812,minmaxnorm
159,Q0,ZF108-037-460,864,0.6329989278050268,minmaxnorm
159,Q0,FR89405-0017,865,0.6329885629533039,minmaxnorm
159,Q0,FR89518-0034,866,0.6325594900308306,minmaxnorm
159,Q0,WSJ880426-0071,867,0.6321983371640085,minmaxnorm
159,Q0,FR89531-0070,868,0.6320103165069043,minmaxnorm
159,Q0,DOE2-21-0358,869,0.6316343797945774,minmaxnorm
159,Q0,ZF108-777-904,870,0.6303966545689713,minmaxnorm
159,Q0,WSJ910308-0065,871,0.6302540657054994,minmaxnorm
159,Q0,WSJ890908-0153,872,0.6302067930671861,minmaxnorm
159,Q0,DOE1-19-0796,873,0.6301882060241396,minmaxnorm
159,Q0,WSJ910515-0045,874,0.6301598908638963,minmaxnorm
159,Q0,FR88518-0063,875,0.6292590693535827,minmaxnorm
159,Q0,ZF207-345-592,876,0.6290452935581363,minmaxnorm
159,Q0,WSJ911004-0151,877,0.6289580743515133,minmaxnorm
159,Q0,WSJ870416-0038,878,0.6288440032659401,minmaxnorm
159,Q0,DOE2-69-1142,879,0.628731448105814,minmaxnorm
159,Q0,ZF207-246-562,880,0.6282245231336949,minmaxnorm
159,Q0,FR881123-0027,881,0.627441753731877,minmaxnorm
159,Q0,FR89302-0028,882,0.6264767223603989,minmaxnorm
159,Q0,ZF107-991-310,883,0.626419823323373,minmaxnorm
159,Q0,DOE1-11-0243,884,0.6261576910534337,minmaxnorm
159,Q0,WSJ880513-0081,885,0.6259038690086755,minmaxnorm
159,Q0,ZF108-767-348,886,0.6254421142693343,minmaxnorm
159,Q0,FR89620-0015,887,0.6249990063623285,minmaxnorm
159,Q0,FR89621-0010,888,0.624564705355505,minmaxnorm
159,Q0,FR88517-0070,889,0.6242508980595045,minmaxnorm
159,Q0,ZF108-834-558,890,0.6241212930002761,minmaxnorm
159,Q0,FR89106-0100,891,0.6237605268632076,minmaxnorm
159,Q0,WSJ910401-0072,892,0.6223439330072388,minmaxnorm
159,Q0,FR89508-0018,893,0.6218641658010742,minmaxnorm
159,Q0,WSJ890807-0095,894,0.6217096140403353,minmaxnorm
159,Q0,ZF207-621-818,895,0.6216585829754403,minmaxnorm
159,Q0,ZF109-517-811,896,0.6210733505138263,minmaxnorm
159,Q0,WSJ890803-0008,897,0.6210520494194729,minmaxnorm
159,Q0,AP881001-0183,898,0.6209635872264716,minmaxnorm
159,Q0,AP880919-0229,899,0.6202768049702231,minmaxnorm
159,Q0,WSJ890929-0108,900,0.6202282750663421,minmaxnorm
159,Q0,DOE2-54-0550,901,0.6200080622393971,minmaxnorm
159,Q0,ZF207-194-364,902,0.6190167572960484,minmaxnorm
159,Q0,WSJ880516-0039,903,0.6188035387765286,minmaxnorm
159,Q0,ZF108-515-984,904,0.6172584457932105,minmaxnorm
159,Q0,AP880527-0223,905,0.6166936701731319,minmaxnorm
159,Q0,ZF109-435-123,906,0.616476794670094,minmaxnorm
159,Q0,ZF206-952-134,907,0.6157483947526449,minmaxnorm
159,Q0,ZF207-164-264,908,0.615689892204253,minmaxnorm
159,Q0,ZF207-996-654,909,0.6153169170499839,minmaxnorm
159,Q0,DOE2-10-0427,910,0.6152272692365081,minmaxnorm
159,Q0,ZF108-197-016,911,0.6150591049031986,minmaxnorm
159,Q0,ZF207-248-177,912,0.6147606398881406,minmaxnorm
159,Q0,ZF207-726-388,913,0.6140476892720191,minmaxnorm
159,Q0,AP890101-0056,914,0.6140410319722001,minmaxnorm
159,Q0,ZF108-525-786,915,0.6139564676494719,minmaxnorm
159,Q0,WSJ880425-0052,916,0.6136323101139024,minmaxnorm
159,Q0,WSJ870703-0068,917,0.613232437104842,minmaxnorm
159,Q0,ZF207-147-848,918,0.6128536734327361,minmaxnorm
159,Q0,ZF109-454-939,919,0.612405281016569,minmaxnorm
159,Q0,FR891122-0047,920,0.6119199857823737,minmaxnorm
159,Q0,AP880726-0013,921,0.6116916218981365,minmaxnorm
159,Q0,FR88906-0021,922,0.6098550824652451,minmaxnorm
159,Q0,DOE2-38-1617,923,0.6098403587629133,minmaxnorm
159,Q0,DOE1-77-0328,924,0.6096375757880258,minmaxnorm
159,Q0,DOE1-55-0212,925,0.6092762696725872,minmaxnorm
159,Q0,ZF107-909-490,926,0.6086577836760595,minmaxnorm
159,Q0,DOE1-25-0123,927,0.6083067507998536,minmaxnorm
159,Q0,DOE1-84-0087,928,0.6057455422538038,minmaxnorm
159,Q0,ZF207-303-096,929,0.6052441002762978,minmaxnorm
159,Q0,WSJ910809-0091,930,0.6045705383443891,minmaxnorm
159,Q0,ZF108-085-124,931,0.6044670501665481,minmaxnorm
159,Q0,DOE2-53-0134,932,0.6044290333364336,minmaxnorm
159,Q0,ZF207-323-078,933,0.6040928825005996,minmaxnorm
159,Q0,ZF108-215-464,934,0.6029436156634786,minmaxnorm
159,Q0,DOE2-33-1107,935,0.6027424751192006,minmaxnorm
159,Q0,ZF109-573-463,936,0.6024840025651244,minmaxnorm
159,Q0,DOE2-75-0104,937,0.6017064934618582,minmaxnorm
159,Q0,WSJ910222-0041,938,0.6015618617925041,minmaxnorm
159,Q0,WSJ880912-0132,939,0.6003877505233931,minmaxnorm
159,Q0,WSJ880108-0103,940,0.6002539525530254,minmaxnorm
159,Q0,WSJ920219-0088,941,0.5995376657392935,minmaxnorm
159,Q0,FR89801-0082,942,0.5991802018814215,minmaxnorm
159,Q0,ZF109-677-899,943,0.5983881870356123,minmaxnorm
159,Q0,ZF108-325-244,944,0.5981890356039659,minmaxnorm
159,Q0,WSJ900614-0039,945,0.597886527216741,minmaxnorm
159,Q0,WSJ870921-0037,946,0.5978726156824221,minmaxnorm
159,Q0,DOE2-73-1198,947,0.5976969891808424,minmaxnorm
159,Q0,FR89427-0083,948,0.5976288991826308,minmaxnorm
159,Q0,ZF108-647-164,949,0.5975463801474438,minmaxnorm
159,Q0,DOE1-80-0366,950,0.597519646205339,minmaxnorm
159,Q0,FR89620-0042,951,0.5967596875931834,minmaxnorm
159,Q0,WSJ910115-0072,952,0.5961153475452601,minmaxnorm
159,Q0,WSJ870316-0026,953,0.5960959276209888,minmaxnorm
159,Q0,DOE2-77-0046,954,0.5958887109296549,minmaxnorm
159,Q0,WSJ900703-0108,955,0.5952017487826695,minmaxnorm
159,Q0,AP891121-0161,956,0.5949545486259874,minmaxnorm
159,Q0,DOE2-74-0082,957,0.5940286519977872,minmaxnorm
159,Q0,AP890316-0101,958,0.5940269511740879,minmaxnorm
159,Q0,ZF207-311-006,959,0.5939785767201577,minmaxnorm
159,Q0,WSJ870605-0043,960,0.5935751247243735,minmaxnorm
159,Q0,ZF108-751-188,961,0.5929359923336635,minmaxnorm
159,Q0,FR89502-0035,962,0.5929299035061015,minmaxnorm
159,Q0,ZF207-374-184,963,0.5927848579834278,minmaxnorm
159,Q0,DOE2-21-0211,964,0.5926992630989686,minmaxnorm
159,Q0,ZF207-298-462,965,0.5925796823756466,minmaxnorm
159,Q0,DOE1-26-0218,966,0.5918433688865543,minmaxnorm
159,Q0,AP880512-0160,967,0.5916841176888684,minmaxnorm
159,Q0,ZF207-107-362,968,0.5915912820528972,minmaxnorm
159,Q0,DOE1-19-0831,969,0.5913330203211908,minmaxnorm
159,Q0,FR881129-0027,970,0.5913220048627218,minmaxnorm
159,Q0,ZF207-321-374,971,0.5903977061223669,minmaxnorm
159,Q0,ZF109-445-081,972,0.5899823457437736,minmaxnorm
159,Q0,AP890122-0001,973,0.5897844416245268,minmaxnorm
159,Q0,DOE1-92-0045,974,0.5897726114782459,minmaxnorm
159,Q0,WSJ920110-0056,975,0.5893122473184955,minmaxnorm
159,Q0,WSJ891006-0003,976,0.5892828905481259,minmaxnorm
159,Q0,WSJ880106-0060,977,0.5886746240725484,minmaxnorm
159,Q0,FR891018-0018,978,0.5885727244753772,minmaxnorm
159,Q0,FR89329-0128,979,0.5878385733216728,minmaxnorm
159,Q0,AP881218-0036,980,0.5878345715642987,minmaxnorm
159,Q0,AP881107-0102,981,0.5867557858565569,minmaxnorm
159,Q0,ZF207-275-178,982,0.5863505817407302,minmaxnorm
159,Q0,ZF108-717-760,983,0.5860041011373053,minmaxnorm
159,Q0,ZF108-100-788,984,0.5855480172885281,minmaxnorm
159,Q0,DOE1-95-0979,985,0.5820877153596853,minmaxnorm
159,Q0,ZF207-757-447,986,0.5819671475114625,minmaxnorm
159,Q0,WSJ880907-0124,987,0.5817353877833881,minmaxnorm
159,Q0,FR89123-0124,988,0.5806384830371293,minmaxnorm
159,Q0,WSJ890821-0091,989,0.5804947074015218,minmaxnorm
159,Q0,WSJ880714-0078,990,0.5800949472395113,minmaxnorm
159,Q0,WSJ900712-0126,991,0.5797239264466376,minmaxnorm
159,Q0,ZF108-627-480,992,0.5795798955219169,minmaxnorm
159,Q0,ZF207-249-613,993,0.5787240375229338,minmaxnorm
159,Q0,AP890915-0124,994,0.5785990246412247,minmaxnorm
159,Q0,FR89925-0001,995,0.578439786678601,minmaxnorm
159,Q0,ZF108-353-740,996,0.5781401105292175,minmaxnorm
159,Q0,WSJ880913-0141,997,0.577562685104041,minmaxnorm
159,Q0,WSJ900719-0130,998,0.5769788075901043,minmaxnorm
159,Q0,FR89802-0119,999,0.576784653795312,minmaxnorm
159,Q0,ZF207-695-587,1000,0.5767447853083056,minmaxnorm
163,Q0,AP890512-0009,1,16.886320639627133,minmaxnorm
163,Q0,WSJ880902-0090,2,16.37300590366064,minmaxnorm
163,Q0,AP891218-0117,3,15.93942081513666,minmaxnorm
163,Q0,AP881221-0124,4,15.886860137893473,minmaxnorm
163,Q0,AP891104-0009,5,15.884143880123812,minmaxnorm
163,Q0,AP880706-0116,6,15.806445602279247,minmaxnorm
163,Q0,AP880902-0065,7,15.435953176450578,minmaxnorm
163,Q0,AP880322-0032,8,15.431852740347308,minmaxnorm
163,Q0,AP891116-0096,9,15.426928217305859,minmaxnorm
163,Q0,AP880325-0081,10,15.203857344663229,minmaxnorm
163,Q0,AP890712-0036,11,15.15671053854387,minmaxnorm
163,Q0,AP890608-0162,12,14.88900171573738,minmaxnorm
163,Q0,AP890719-0025,13,14.888478702277549,minmaxnorm
163,Q0,AP890725-0166,14,14.876372335425987,minmaxnorm
163,Q0,AP890302-0076,15,14.461809662949888,minmaxnorm
163,Q0,AP891006-0170,16,14.405083132448846,minmaxnorm
163,Q0,WSJ910306-0136,17,14.16865344069363,minmaxnorm
163,Q0,AP891030-0013,18,14.160551937430844,minmaxnorm
163,Q0,AP890103-0006,19,14.013891113082082,minmaxnorm
163,Q0,AP890330-0110,20,14.003292477975922,minmaxnorm
163,Q0,AP891125-0015,21,13.999859628854345,minmaxnorm
163,Q0,AP890609-0106,22,13.958642949154571,minmaxnorm
163,Q0,AP890716-0034,23,13.88916916685928,minmaxnorm
163,Q0,WSJ870422-0070,24,13.884232125352836,minmaxnorm
163,Q0,AP880814-0052,25,13.874431228059882,minmaxnorm
163,Q0,AP890803-0120,26,13.758475937964201,minmaxnorm
163,Q0,AP881111-0167,27,13.655770786744698,minmaxnorm
163,Q0,AP880630-0207,28,13.622925898946104,minmaxnorm
163,Q0,AP880815-0056,29,13.57528754770716,minmaxnorm
163,Q0,AP890705-0084,30,13.561996781305872,minmaxnorm
163,Q0,DOE2-83-0220,31,13.341437429493151,minmaxnorm
163,Q0,AP890509-0035,32,13.330087220026677,minmaxnorm
163,Q0,AP881111-0117,33,13.309461821562532,minmaxnorm
163,Q0,AP880512-0014,34,13.26437576058412,minmaxnorm
163,Q0,DOE2-28-0585,35,13.25317088557921,minmaxnorm
163,Q0,AP881111-0142,36,13.234123271422332,minmaxnorm
163,Q0,WSJ880706-0058,37,13.173218366746518,minmaxnorm
163,Q0,AP890509-0015,38,12.93613182696427,minmaxnorm
163,Q0,WSJ900521-0004,39,12.916024915001636,minmaxnorm
163,Q0,AP880318-0076,40,12.792087563956919,minmaxnorm
163,Q0,AP890710-0143,41,12.72318880756601,minmaxnorm
163,Q0,AP880813-0089,42,12.522970120543954,minmaxnorm
163,Q0,AP891120-0112,43,12.498387578458996,minmaxnorm
163,Q0,AP890626-0006,44,12.477928638028176,minmaxnorm
163,Q0,AP890622-0264,45,12.41663459775661,minmaxnorm
163,Q0,AP891117-0173,46,12.369224833354913,minmaxnorm
163,Q0,AP890125-0175,47,12.104376680618842,minmaxnorm
163,Q0,WSJ911008-0079,48,12.063892277435315,minmaxnorm
163,Q0,AP880723-0059,49,12.045811149010234,minmaxnorm
163,Q0,AP890706-0060,50,11.966962704854957,minmaxnorm
163,Q0,WSJ880623-0084,51,11.94928271921951,minmaxnorm
163,Q0,AP890125-0053,52,11.927608196036449,minmaxnorm
163,Q0,AP881019-0035,53,11.778126551415438,minmaxnorm
163,Q0,AP881111-0102,54,11.771546887395525,minmaxnorm
163,Q0,AP890406-0111,55,11.677056942987976,minmaxnorm
163,Q0,AP880630-0325,56,11.53330627480346,minmaxnorm
163,Q0,FR89130-0110,57,11.132341540257162,minmaxnorm
163,Q0,AP880609-0047,58,11.112876753400037,minmaxnorm
163,Q0,AP881018-0205,59,11.097150815126707,minmaxnorm
163,Q0,AP880709-0004,60,11.066556576961423,minmaxnorm
163,Q0,FR89918-0113,61,10.929578513282172,minmaxnorm
163,Q0,FR88216-0234,62,10.87391668247338,minmaxnorm
163,Q0,FR88906-0086,63,10.676568300643497,minmaxnorm
163,Q0,AP880526-0180,64,10.666913327309214,minmaxnorm
163,Q0,FR881014-0138,65,9.988799665322357,minmaxnorm
163,Q0,AP890509-0047,66,9.794241385105813,minmaxnorm
163,Q0,AP880702-0162,67,9.631006287762233,minmaxnorm
163,Q0,AP880814-0007,68,9.564495890578291,minmaxnorm
163,Q0,AP891207-0111,69,9.552592970408714,minmaxnorm
163,Q0,AP890405-0294,70,9.447416233080785,minmaxnorm
163,Q0,AP881021-0013,71,9.445121265887293,minmaxnorm
163,Q0,AP881025-0177,72,9.418431089182373,minmaxnorm
163,Q0,AP890315-0162,73,9.314435478298055,minmaxnorm
163,Q0,WSJ910207-0055,74,9.212919265550134,minmaxnorm
163,Q0,AP880318-0002,75,9.183101708935853,minmaxnorm
163,Q0,WSJ910207-0057,76,9.110200191201828,minmaxnorm
163,Q0,AP890223-0024,77,9.100888566908603,minmaxnorm
163,Q0,DOE1-53-1102,78,9.004440372394804,minmaxnorm
163,Q0,WSJ870611-0046,79,8.855885238149307,minmaxnorm
163,Q0,AP890524-0199,80,8.812628308962688,minmaxnorm
163,Q0,AP880817-0243,81,8.80642493058135,minmaxnorm
163,Q0,AP880818-0206,82,8.799049288366074,minmaxnorm
163,Q0,AP890405-0184,83,8.452765962891926,minmaxnorm
163,Q0,WSJ861211-0167,84,8.401126978799565,minmaxnorm
163,Q0,AP890512-0222,85,8.392395691631537,minmaxnorm
163,Q0,AP891030-0068,86,8.205989780118543,minmaxnorm
163,Q0,AP880516-0274,87,8.18969926793876,minmaxnorm
163,Q0,AP891104-0130,88,8.003224586412694,minmaxnorm
163,Q0,AP890526-0025,89,7.947455176756049,minmaxnorm
163,Q0,DOE1-06-1082,90,7.906541377935718,minmaxnorm
163,Q0,WSJ910702-0083,91,7.801559919322736,minmaxnorm
163,Q0,AP890314-0154,92,7.704030704622564,minmaxnorm
163,Q0,WSJ880701-0122,93,7.685791274364281,minmaxnorm
163,Q0,AP880429-0264,94,7.540681170130252,minmaxnorm
163,Q0,WSJ880112-0114,95,7.531025880143883,minmaxnorm
163,Q0,AP890623-0032,96,7.386267811789719,minmaxnorm
163,Q0,WSJ880412-0013,97,7.265799244762125,minmaxnorm
163,Q0,AP891104-0048,98,7.204820185202526,minmaxnorm
163,Q0,AP890617-0023,99,6.902942284520306,minmaxnorm
163,Q0,FR891002-0010,100,6.8964237406941065,minmaxnorm
163,Q0,FR89306-0086,101,6.77993269885467,minmaxnorm
163,Q0,WSJ880628-0086,102,6.777306048558251,minmaxnorm
163,Q0,AP880705-0105,103,6.770638391015599,minmaxnorm
163,Q0,AP880730-0025,104,6.752982450308303,minmaxnorm
163,Q0,WSJ880804-0164,105,6.679899494548648,minmaxnorm
163,Q0,AP890316-0020,106,6.66156081110121,minmaxnorm
163,Q0,AP890509-0218,107,6.499524528518537,minmaxnorm
163,Q0,AP890120-0133,108,6.458589309520236,minmaxnorm
163,Q0,WSJ880908-0099,109,6.37925985551908,minmaxnorm
163,Q0,AP890501-0185,110,6.325773393740892,minmaxnorm
163,Q0,AP880619-0056,111,6.243177271055622,minmaxnorm
163,Q0,AP890424-0238,112,5.95850787693075,minmaxnorm
163,Q0,AP890120-0275,113,5.93681465775839,minmaxnorm
163,Q0,AP881017-0070,114,5.803009678562693,minmaxnorm
163,Q0,WSJ881020-0095,115,5.786868908987895,minmaxnorm
163,Q0,WSJ880609-0026,116,5.773602836021835,minmaxnorm
163,Q0,AP891030-0209,117,5.692943119217103,minmaxnorm
163,Q0,AP890208-0149,118,5.461476326232441,minmaxnorm
163,Q0,AP880630-0195,119,5.417514684102035,minmaxnorm
163,Q0,WSJ880825-0026,120,5.409905872784455,minmaxnorm
163,Q0,AP891011-0028,121,5.388496268358287,minmaxnorm
163,Q0,WSJ870916-0005,122,5.358465204611481,minmaxnorm
163,Q0,DOE1-58-0775,123,5.357099306848637,minmaxnorm
163,Q0,AP881111-0226,124,5.330574040469407,minmaxnorm
163,Q0,AP880425-0156,125,5.30722990358045,minmaxnorm
163,Q0,WSJ870904-0035,126,5.254466504015796,minmaxnorm
163,Q0,FR891018-0004,127,5.0969301549937,minmaxnorm
163,Q0,WSJ880726-0140,128,5.0902464363688065,minmaxnorm
163,Q0,FR88514-0001,129,5.0674380770616585,minmaxnorm
163,Q0,WSJ911226-0084,130,5.058951789128591,minmaxnorm
163,Q0,AP881002-0049,131,5.016527162706785,minmaxnorm
163,Q0,AP890411-0237,132,4.981458028809199,minmaxnorm
163,Q0,WSJ910124-0098,133,4.893703164924224,minmaxnorm
163,Q0,AP880607-0197,134,4.808909125465287,minmaxnorm
163,Q0,AP890525-0073,135,4.728991048822943,minmaxnorm
163,Q0,WSJ870429-0190,136,4.728746985985142,minmaxnorm
163,Q0,AP881228-0137,137,4.709992112794772,minmaxnorm
163,Q0,WSJ870119-0149,138,4.579056095144031,minmaxnorm
163,Q0,AP890525-0169,139,4.412501234036421,minmaxnorm
163,Q0,AP890209-0003,140,4.409262348231419,minmaxnorm
163,Q0,WSJ870902-0020,141,4.390305269613899,minmaxnorm
163,Q0,FR89818-0033,142,4.381268392392613,minmaxnorm
163,Q0,WSJ910304-0108,143,4.380226914696528,minmaxnorm
163,Q0,FR88512-0106,144,4.233280321269132,minmaxnorm
163,Q0,AP890417-0253,145,4.216510263523328,minmaxnorm
163,Q0,WSJ900523-0045,146,4.203732355081707,minmaxnorm
163,Q0,AP880512-0025,147,4.201754168032569,minmaxnorm
163,Q0,AP881005-0064,148,4.192321479965767,minmaxnorm
163,Q0,WSJ910125-0132,149,4.133491806592966,minmaxnorm
163,Q0,ZF207-653-612,150,4.115879933008417,minmaxnorm
163,Q0,AP890622-0200,151,4.069372970040397,minmaxnorm
163,Q0,FR88513-0162,152,4.053808469113913,minmaxnorm
163,Q0,AP880426-0019,153,4.052008278410115,minmaxnorm
163,Q0,WSJ880114-0090,154,4.0481910742570895,minmaxnorm
163,Q0,AP890708-0016,155,4.047327004109628,minmaxnorm
163,Q0,WSJ871120-0007,156,4.0466756824733086,minmaxnorm
163,Q0,AP880813-0091,157,4.037857962204401,minmaxnorm
163,Q0,WSJ920212-0151,158,4.006000805433964,minmaxnorm
163,Q0,WSJ900810-0015,159,3.9802540080665936,minmaxnorm
163,Q0,AP881228-0177,160,3.941088880836867,minmaxnorm
163,Q0,WSJ870319-0117,161,3.8991889524372207,minmaxnorm
163,Q0,AP890123-0064,162,3.886568079878278,minmaxnorm
163,Q0,AP890125-0019,163,3.8778133086044657,minmaxnorm
163,Q0,AP890515-0237,164,3.8618704846889784,minmaxnorm
163,Q0,FR881201-0036,165,3.8508048632369456,minmaxnorm
163,Q0,WSJ910130-0008,166,3.8261053539052656,minmaxnorm
163,Q0,AP881227-0075,167,3.8228707331283998,minmaxnorm
163,Q0,ZF207-798-930,168,3.7694350695509393,minmaxnorm
163,Q0,AP880516-0163,169,3.718140043727009,minmaxnorm
163,Q0,WSJ871117-0014,170,3.7076305845166537,minmaxnorm
163,Q0,FR88825-0140,171,3.6831807036641084,minmaxnorm
163,Q0,DOE1-24-0377,172,3.6788624165953623,minmaxnorm
163,Q0,AP890526-0137,173,3.655652694700681,minmaxnorm
163,Q0,FR891106-0126,174,3.620622930111685,minmaxnorm
163,Q0,AP880804-0106,175,3.6129184109493586,minmaxnorm
163,Q0,WSJ880208-0150,176,3.505716040297758,minmaxnorm
163,Q0,FR88120-0082,177,3.501831001880026,minmaxnorm
163,Q0,AP880602-0221,178,3.484802154272408,minmaxnorm
163,Q0,AP881228-0176,179,3.4735897730776215,minmaxnorm
163,Q0,AP890508-0008,180,3.4526711849395166,minmaxnorm
163,Q0,AP891108-0236,181,3.4443125423496963,minmaxnorm
163,Q0,WSJ871023-0078,182,3.4104699112644137,minmaxnorm
163,Q0,WSJ880512-0127,183,3.404292948752938,minmaxnorm
163,Q0,DOE1-92-1140,184,3.4025354639439875,minmaxnorm
163,Q0,WSJ880824-0083,185,3.402005806841061,minmaxnorm
163,Q0,AP880527-0273,186,3.364470311453262,minmaxnorm
163,Q0,AP890724-0110,187,3.302194259719038,minmaxnorm
163,Q0,ZF108-083-716,188,3.2901294419734377,minmaxnorm
163,Q0,AP890124-0150,189,3.268687469495698,minmaxnorm
163,Q0,AP890525-0109,190,3.2483275783414665,minmaxnorm
163,Q0,AP890707-0157,191,3.243611423786379,minmaxnorm
163,Q0,WSJ890801-0074,192,3.229911630657905,minmaxnorm
163,Q0,WSJ870706-0001,193,3.222553691021194,minmaxnorm
163,Q0,FR881108-0108,194,3.199531477025921,minmaxnorm
163,Q0,AP891218-0154,195,3.19387434942016,minmaxnorm
163,Q0,AP880905-0042,196,3.1754238752889417,minmaxnorm
163,Q0,AP880303-0300,197,3.160201977836411,minmaxnorm
163,Q0,FR89131-0143,198,3.157868446271188,minmaxnorm
163,Q0,AP881229-0036,199,3.1541151884696195,minmaxnorm
163,Q0,AP880510-0007,200,3.1518157674017298,minmaxnorm
163,Q0,AP880701-0251,201,3.1356714640676167,minmaxnorm
163,Q0,AP890529-0120,202,3.122355608480993,minmaxnorm
163,Q0,AP890209-0208,203,3.1209205120359473,minmaxnorm
163,Q0,AP890130-0004,204,3.083712871443711,minmaxnorm
163,Q0,FR88718-0095,205,3.0765275630761746,minmaxnorm
163,Q0,WSJ880706-0016,206,3.057326817330309,minmaxnorm
163,Q0,WSJ880503-0013,207,3.052115047404352,minmaxnorm
163,Q0,AP891230-0022,208,3.0514182579142095,minmaxnorm
163,Q0,FR891205-0104,209,3.04174502214942,minmaxnorm
163,Q0,AP881129-0150,210,3.0220100279408757,minmaxnorm
163,Q0,AP890128-0037,211,2.9995316216690173,minmaxnorm
163,Q0,AP880830-0044,212,2.958088134549606,minmaxnorm
163,Q0,AP881111-0058,213,2.9473695889140856,minmaxnorm
163,Q0,WSJ880308-0043,214,2.942152120257916,minmaxnorm
163,Q0,WSJ880831-0106,215,2.92197731548454,minmaxnorm
163,Q0,AP880701-0009,216,2.9202683510265977,minmaxnorm
163,Q0,ZF108-703-996,217,2.915587539576927,minmaxnorm
163,Q0,WSJ891031-0057,218,2.9019993090568708,minmaxnorm
163,Q0,AP890804-0038,219,2.8853217803518407,minmaxnorm
163,Q0,WSJ890825-0104,220,2.881287192636639,minmaxnorm
163,Q0,AP880824-0020,221,2.8810101896177702,minmaxnorm
163,Q0,FR89516-0118,222,2.8491218641138323,minmaxnorm
163,Q0,AP881215-0241,223,2.828158281345352,minmaxnorm
163,Q0,AP880623-0070,224,2.8234699158080403,minmaxnorm
163,Q0,AP891002-0017,225,2.778570060018134,minmaxnorm
163,Q0,FR89524-0088,226,2.770094386835159,minmaxnorm
163,Q0,WSJ880426-0082,227,2.767090669737003,minmaxnorm
163,Q0,AP881103-0049,228,2.760974126825928,minmaxnorm
163,Q0,AP880705-0077,229,2.751037628146468,minmaxnorm
163,Q0,AP890530-0014,230,2.7349292651384807,minmaxnorm
163,Q0,AP880609-0053,231,2.724372994602644,minmaxnorm
163,Q0,AP890225-0078,232,2.7239467976314744,minmaxnorm
163,Q0,AP891110-0128,233,2.6762075197512076,minmaxnorm
163,Q0,AP880913-0048,234,2.6153307179305516,minmaxnorm
163,Q0,AP890213-0080,235,2.611347516876109,minmaxnorm
163,Q0,AP881005-0075,236,2.6075279332364816,minmaxnorm
163,Q0,AP881111-0044,237,2.6036189886721717,minmaxnorm
163,Q0,AP890515-0238,238,2.5894717447410107,minmaxnorm
163,Q0,AP880322-0083,239,2.5792308836331483,minmaxnorm
163,Q0,AP891011-0050,240,2.5693337301573527,minmaxnorm
163,Q0,AP881104-0261,241,2.5634095614979087,minmaxnorm
163,Q0,AP890824-0023,242,2.556132292006387,minmaxnorm
163,Q0,AP880719-0089,243,2.5412129355004187,minmaxnorm
163,Q0,FR891003-0039,244,2.53800872552249,minmaxnorm
163,Q0,AP881222-0156,245,2.525742334505564,minmaxnorm
163,Q0,FR89201-0114,246,2.5095450485428343,minmaxnorm
163,Q0,AP880630-0187,247,2.4990543919282997,minmaxnorm
163,Q0,WSJ870402-0157,248,2.4630085866021565,minmaxnorm
163,Q0,FR89728-0120,249,2.4619784265814473,minmaxnorm
163,Q0,AP881229-0039,250,2.4578478235608205,minmaxnorm
163,Q0,AP890422-0080,251,2.4478734923675756,minmaxnorm
163,Q0,AP890406-0175,252,2.437957725297518,minmaxnorm
163,Q0,FR89531-0111,253,2.4221603100273352,minmaxnorm
163,Q0,AP890309-0106,254,2.383787819693469,minmaxnorm
163,Q0,AP891009-0002,255,2.3828550408575984,minmaxnorm
163,Q0,AP880704-0120,256,2.3751970362048676,minmaxnorm
163,Q0,AP891012-0076,257,2.370362486618429,minmaxnorm
163,Q0,AP881017-0229,258,2.3501488383655373,minmaxnorm
163,Q0,AP880416-0059,259,2.343027387673471,minmaxnorm
163,Q0,AP880526-0028,260,2.3389632246909975,minmaxnorm
163,Q0,AP881010-0067,261,2.3291588340080973,minmaxnorm
163,Q0,FR89726-0114,262,2.3183800986970127,minmaxnorm
163,Q0,AP890826-0046,263,2.307656094040182,minmaxnorm
163,Q0,AP880823-0022,264,2.3023716905590974,minmaxnorm
163,Q0,FR891124-0027,265,2.3008625168340817,minmaxnorm
163,Q0,WSJ910226-0113,266,2.276339882436199,minmaxnorm
163,Q0,FR881024-0163,267,2.273349990204309,minmaxnorm
163,Q0,FR88122-0015,268,2.26537409321512,minmaxnorm
163,Q0,AP880330-0247,269,2.250965447124365,minmaxnorm
163,Q0,AP880315-0037,270,2.23912491974872,minmaxnorm
163,Q0,FR88726-0030,271,2.234261603837429,minmaxnorm
163,Q0,AP880918-0075,272,2.2290092599977713,minmaxnorm
163,Q0,AP880713-0183,273,2.224388504552793,minmaxnorm
163,Q0,WSJ920214-0150,274,2.221773935090614,minmaxnorm
163,Q0,WSJ870911-0016,275,2.2196509093113184,minmaxnorm
163,Q0,AP880713-0205,276,2.213292359528235,minmaxnorm
163,Q0,AP880502-0056,277,2.2078278777824507,minmaxnorm
163,Q0,FR88212-0037,278,2.2009087349667342,minmaxnorm
163,Q0,AP881228-0162,279,2.1917631545271945,minmaxnorm
163,Q0,AP880520-0229,280,2.188590583321847,minmaxnorm
163,Q0,AP890126-0193,281,2.186409382651482,minmaxnorm
163,Q0,WSJ861216-0181,282,2.177581430614317,minmaxnorm
163,Q0,FR88819-0120,283,2.17591349417766,minmaxnorm
163,Q0,AP880902-0138,284,2.165089795284822,minmaxnorm
163,Q0,FR88907-0008,285,2.1587615477243727,minmaxnorm
163,Q0,AP890114-0058,286,2.156979350119303,minmaxnorm
163,Q0,AP880721-0107,287,2.148497509419648,minmaxnorm
163,Q0,AP890413-0210,288,2.129289451341745,minmaxnorm
163,Q0,AP890125-0172,289,2.128392983647655,minmaxnorm
163,Q0,FR881021-0109,290,2.1251131158211027,minmaxnorm
163,Q0,AP880606-0134,291,2.105309961970264,minmaxnorm
163,Q0,AP880329-0105,292,2.1020917166365245,minmaxnorm
163,Q0,WSJ910930-0045,293,2.083292335754085,minmaxnorm
163,Q0,AP881115-0109,294,2.0826194494555272,minmaxnorm
163,Q0,AP880908-0124,295,2.0806952158885204,minmaxnorm
163,Q0,FR881129-0021,296,2.075249676296225,minmaxnorm
163,Q0,AP890821-0042,297,2.074487259852613,minmaxnorm
163,Q0,AP881111-0227,298,2.0406807546750625,minmaxnorm
163,Q0,FR891027-0021,299,2.0372157477565374,minmaxnorm
163,Q0,WSJ881102-0136,300,2.018610096316627,minmaxnorm
163,Q0,FR89516-0115,301,2.01235850224929,minmaxnorm
163,Q0,AP890114-0036,302,2.0054490040686375,minmaxnorm
163,Q0,WSJ900711-0107,303,1.9976565130465924,minmaxnorm
163,Q0,WSJ861210-0114,304,1.9964455641181202,minmaxnorm
163,Q0,AP890808-0145,305,1.9869255279459497,minmaxnorm
163,Q0,FR89329-0015,306,1.9857374015254141,minmaxnorm
163,Q0,WSJ871103-0151,307,1.9758973972317857,minmaxnorm
163,Q0,DOE1-03-0045,308,1.9708608982519336,minmaxnorm
163,Q0,AP880624-0022,309,1.9655432308427585,minmaxnorm
163,Q0,WSJ880914-0070,310,1.9648248001437552,minmaxnorm
163,Q0,WSJ920124-0169,311,1.9638597025686098,minmaxnorm
163,Q0,FR881207-0004,312,1.959030864607868,minmaxnorm
163,Q0,AP880322-0009,313,1.9546580608600614,minmaxnorm
163,Q0,AP880423-0096,314,1.9363779297476127,minmaxnorm
163,Q0,FR881118-0026,315,1.9232960345334154,minmaxnorm
163,Q0,FR89206-0015,316,1.9147628018533938,minmaxnorm
163,Q0,AP880409-0058,317,1.9054722264674817,minmaxnorm
163,Q0,FR881207-0077,318,1.8999662536806479,minmaxnorm
163,Q0,AP880503-0017,319,1.8989679631407501,minmaxnorm
163,Q0,FR891128-0029,320,1.8956384070071972,minmaxnorm
163,Q0,AP890726-0164,321,1.8659833581695897,minmaxnorm
163,Q0,AP880427-0167,322,1.8564537329478792,minmaxnorm
163,Q0,FR89330-0023,323,1.854890392396312,minmaxnorm
163,Q0,AP880801-0052,324,1.8539903986544592,minmaxnorm
163,Q0,AP881112-0040,325,1.8537240495455405,minmaxnorm
163,Q0,FR88205-0154,326,1.8525727327220942,minmaxnorm
163,Q0,FR88119-0125,327,1.849790332039953,minmaxnorm
163,Q0,FR89215-0117,328,1.8481841414000664,minmaxnorm
163,Q0,AP880712-0128,329,1.845496830718942,minmaxnorm
163,Q0,AP880427-0100,330,1.8454227530343357,minmaxnorm
163,Q0,FR881014-0324,331,1.8441677857468524,minmaxnorm
163,Q0,AP881119-0084,332,1.8416028685288117,minmaxnorm
163,Q0,AP891030-0030,333,1.8372256649022105,minmaxnorm
163,Q0,WSJ900627-0085,334,1.8303749866245993,minmaxnorm
163,Q0,FR891025-0019,335,1.82966150345951,minmaxnorm
163,Q0,AP891228-0043,336,1.8226510117326402,minmaxnorm
163,Q0,AP891023-0045,337,1.8132478698254348,minmaxnorm
163,Q0,AP890505-0063,338,1.8100811489201036,minmaxnorm
163,Q0,WSJ900814-0049,339,1.8024596509630444,minmaxnorm
163,Q0,AP890619-0218,340,1.7953254288492644,minmaxnorm
163,Q0,AP880829-0133,341,1.7877835590909616,minmaxnorm
163,Q0,AP880224-0021,342,1.783161743806322,minmaxnorm
163,Q0,AP880623-0201,343,1.7828037678755029,minmaxnorm
163,Q0,AP890613-0098,344,1.7820448015461379,minmaxnorm
163,Q0,DOE1-29-0378,345,1.778913126579464,minmaxnorm
163,Q0,WSJ870212-0164,346,1.7587788483200284,minmaxnorm
163,Q0,WSJ870204-0109,347,1.7544761550987176,minmaxnorm
163,Q0,ZF108-279-524,348,1.7517831879808268,minmaxnorm
163,Q0,WSJ910506-0145,349,1.7504975620954046,minmaxnorm
163,Q0,WSJ910423-0005,350,1.7476214378430246,minmaxnorm
163,Q0,AP880324-0086,351,1.7404544902417918,minmaxnorm
163,Q0,AP881111-0133,352,1.7386996282091172,minmaxnorm
163,Q0,AP881208-0161,353,1.73773365703809,minmaxnorm
163,Q0,WSJ910404-0083,354,1.72711950829045,minmaxnorm
163,Q0,AP890103-0002,355,1.724029844913562,minmaxnorm
163,Q0,AP890215-0049,356,1.720683327874649,minmaxnorm
163,Q0,FR881118-0005,357,1.7150373851109415,minmaxnorm
163,Q0,AP891109-0051,358,1.703968430368993,minmaxnorm
163,Q0,AP890119-0031,359,1.6975964957038807,minmaxnorm
163,Q0,DOE1-60-0627,360,1.68982434281396,minmaxnorm
163,Q0,FR89628-0113,361,1.6888280002041065,minmaxnorm
163,Q0,FR891018-0091,362,1.6882168080557671,minmaxnorm
163,Q0,AP890530-0062,363,1.6835784375404874,minmaxnorm
163,Q0,AP890526-0058,364,1.683552482339581,minmaxnorm
163,Q0,FR88120-0080,365,1.683044475272741,minmaxnorm
163,Q0,AP880527-0143,366,1.6709299804822617,minmaxnorm
163,Q0,WSJ870422-0003,367,1.6692568325906736,minmaxnorm
163,Q0,FR89509-0001,368,1.6550437717385633,minmaxnorm
163,Q0,FR881109-0117,369,1.6550130769128109,minmaxnorm
163,Q0,FR89308-0002,370,1.6468555552069941,minmaxnorm
163,Q0,AP890228-0012,371,1.6383268323574232,minmaxnorm
163,Q0,FR891005-0031,372,1.6362345070986437,minmaxnorm
163,Q0,AP890913-0159,373,1.635708060000125,minmaxnorm
163,Q0,FR881209-0092,374,1.632825132471855,minmaxnorm
163,Q0,WSJ880127-0124,375,1.630111623282916,minmaxnorm
163,Q0,WSJ880121-0065,376,1.629159379685865,minmaxnorm
163,Q0,WSJ910603-0064,377,1.6288828041088679,minmaxnorm
163,Q0,AP890222-0144,378,1.628790704824894,minmaxnorm
163,Q0,DOE1-58-0771,379,1.6277568437182495,minmaxnorm
163,Q0,AP880403-0065,380,1.622176002970455,minmaxnorm
163,Q0,AP890529-0069,381,1.6151335046416764,minmaxnorm
163,Q0,AP880907-0060,382,1.615088419350315,minmaxnorm
163,Q0,AP890303-0135,383,1.613530623786012,minmaxnorm
163,Q0,WSJ871118-0033,384,1.6118474571716108,minmaxnorm
163,Q0,AP890223-0091,385,1.6099609188367923,minmaxnorm
163,Q0,FR88916-0112,386,1.6008797769710947,minmaxnorm
163,Q0,AP890105-0058,387,1.5891003442262246,minmaxnorm
163,Q0,FR881118-0025,388,1.5887841359888788,minmaxnorm
163,Q0,WSJ880909-0170,389,1.5886177044973442,minmaxnorm
163,Q0,AP890424-0239,390,1.5875032861482323,minmaxnorm
163,Q0,FR88126-0087,391,1.5854951509243793,minmaxnorm
163,Q0,AP880629-0169,392,1.5845812849105083,minmaxnorm
163,Q0,AP890512-0148,393,1.568389051045092,minmaxnorm
163,Q0,FR89406-0100,394,1.5608803863122696,minmaxnorm
163,Q0,AP880721-0095,395,1.5580388658928799,minmaxnorm
163,Q0,WSJ880504-0159,396,1.5523964627785243,minmaxnorm
163,Q0,ZF109-577-631,397,1.5520130436194155,minmaxnorm
163,Q0,AP880908-0160,398,1.5354115234451196,minmaxnorm
163,Q0,AP881230-0093,399,1.534093767843833,minmaxnorm
163,Q0,FR891006-0081,400,1.5154092167634559,minmaxnorm
163,Q0,DOE2-28-1028,401,1.5132693117675589,minmaxnorm
163,Q0,AP891009-0170,402,1.5074945996245166,minmaxnorm
163,Q0,AP881212-0230,403,1.5068171661928609,minmaxnorm
163,Q0,WSJ870218-0007,404,1.4995943105550797,minmaxnorm
163,Q0,WSJ910301-0007,405,1.4920300115772218,minmaxnorm
163,Q0,DOE1-11-1036,406,1.4894524844917638,minmaxnorm
163,Q0,FR891012-0081,407,1.4849077487539846,minmaxnorm
163,Q0,AP880831-0146,408,1.481882432665913,minmaxnorm
163,Q0,AP881112-0065,409,1.4628861735619052,minmaxnorm
163,Q0,WSJ880926-0005,410,1.4379590950618224,minmaxnorm
163,Q0,DOE1-22-1190,411,1.4341931218673047,minmaxnorm
163,Q0,AP880703-0032,412,1.4332057246151952,minmaxnorm
163,Q0,AP880312-0075,413,1.4278875966180613,minmaxnorm
163,Q0,WSJ911210-0048,414,1.4251669708453218,minmaxnorm
163,Q0,AP891106-0031,415,1.4212626022232822,minmaxnorm
163,Q0,FR89621-0009,416,1.4208747413108833,minmaxnorm
163,Q0,AP880620-0022,417,1.4197659567096275,minmaxnorm
163,Q0,AP890414-0092,418,1.4159658164215085,minmaxnorm
163,Q0,ZF108-325-328,419,1.4146202116705064,minmaxnorm
163,Q0,FR89522-0116,420,1.4125251144854838,minmaxnorm
163,Q0,FR89407-0115,421,1.4113406061200007,minmaxnorm
163,Q0,DOE1-78-0433,422,1.406095273736561,minmaxnorm
163,Q0,ZF108-837-268,423,1.3997319054756037,minmaxnorm
163,Q0,AP890109-0143,424,1.398527120868227,minmaxnorm
163,Q0,AP880617-0210,425,1.3976197869295737,minmaxnorm
163,Q0,WSJ910813-0095,426,1.3954070933710652,minmaxnorm
163,Q0,FR88719-0105,427,1.388668912891658,minmaxnorm
163,Q0,AP881012-0199,428,1.3860787028975743,minmaxnorm
163,Q0,AP890125-0047,429,1.3830241296319468,minmaxnorm
163,Q0,AP890530-0065,430,1.379072566759648,minmaxnorm
163,Q0,FR89803-0009,431,1.3790215205361427,minmaxnorm
163,Q0,FR89816-0069,432,1.3789419295908418,minmaxnorm
163,Q0,AP881118-0089,433,1.3785800618295942,minmaxnorm
163,Q0,AP881019-0218,434,1.3761470667581972,minmaxnorm
163,Q0,FR89509-0100,435,1.3730604046394819,minmaxnorm
163,Q0,WSJ891002-0090,436,1.3688287415536393,minmaxnorm
163,Q0,ZF108-101-254,437,1.3669193336646699,minmaxnorm
163,Q0,WSJ871111-0132,438,1.3569393873134246,minmaxnorm
163,Q0,WSJ900402-0033,439,1.3563440870559276,minmaxnorm
163,Q0,WSJ870715-0035,440,1.355655824359252,minmaxnorm
163,Q0,DOE1-01-0703,441,1.3555330677261113,minmaxnorm
163,Q0,DOE2-57-1122,442,1.3497208901404711,minmaxnorm
163,Q0,WSJ910926-0050,443,1.3437774154852402,minmaxnorm
163,Q0,AP880719-0232,444,1.3420951634213487,minmaxnorm
163,Q0,AP880302-0162,445,1.3396973021173784,minmaxnorm
163,Q0,AP890322-0162,446,1.336300564963675,minmaxnorm
163,Q0,WSJ861208-0113,447,1.3351119624213217,minmaxnorm
163,Q0,DOE1-58-0061,448,1.3348349384783873,minmaxnorm
163,Q0,AP880801-0088,449,1.33176411215644,minmaxnorm
163,Q0,AP880312-0149,450,1.3299698820468886,minmaxnorm
163,Q0,AP880611-0167,451,1.3299406200288584,minmaxnorm
163,Q0,AP881118-0120,452,1.3296524848896798,minmaxnorm
163,Q0,FR891011-0010,453,1.3295380298243769,minmaxnorm
163,Q0,AP880503-0062,454,1.3207502066353307,minmaxnorm
163,Q0,AP890527-0031,455,1.320589551591423,minmaxnorm
163,Q0,WSJ910313-0186,456,1.3188461632014992,minmaxnorm
163,Q0,WSJ890911-0104,457,1.3171155893825135,minmaxnorm
163,Q0,ZF207-339-885,458,1.3130319988006918,minmaxnorm
163,Q0,FR89313-0136,459,1.305390334935398,minmaxnorm
163,Q0,DOE1-11-0243,460,1.2992017039950006,minmaxnorm
163,Q0,FR89523-0131,461,1.295383465095537,minmaxnorm
163,Q0,AP880614-0132,462,1.2865510643739666,minmaxnorm
163,Q0,WSJ880411-0153,463,1.2839248713648506,minmaxnorm
163,Q0,FR891114-0108,464,1.2834563631700355,minmaxnorm
163,Q0,WSJ910909-0184,465,1.277450159075621,minmaxnorm
163,Q0,DOE2-48-1062,466,1.2669317560614541,minmaxnorm
163,Q0,FR891117-0127,467,1.2668560744237045,minmaxnorm
163,Q0,AP880901-0100,468,1.2635268998221099,minmaxnorm
163,Q0,AP880314-0073,469,1.2605635169974903,minmaxnorm
163,Q0,WSJ910415-0038,470,1.257719701090204,minmaxnorm
163,Q0,WSJ910125-0105,471,1.25651314381831,minmaxnorm
163,Q0,FR89412-0118,472,1.2539631492965475,minmaxnorm
163,Q0,AP880329-0081,473,1.2519568907206946,minmaxnorm
163,Q0,FR88707-0009,474,1.2484692344405788,minmaxnorm
163,Q0,DOE2-42-0099,475,1.2433999633122494,minmaxnorm
163,Q0,DOE1-01-1015,476,1.242109563142968,minmaxnorm
163,Q0,FR89616-0102,477,1.239857015906492,minmaxnorm
163,Q0,AP880609-0074,478,1.2388771217409145,minmaxnorm
163,Q0,AP880725-0182,479,1.237576847213827,minmaxnorm
163,Q0,FR88715-0073,480,1.2306257295474081,minmaxnorm
163,Q0,WSJ870326-0102,481,1.2286921598840435,minmaxnorm
163,Q0,WSJ910422-0089,482,1.2276272873424054,minmaxnorm
163,Q0,AP890811-0115,483,1.2235252335908764,minmaxnorm
163,Q0,FR88516-0128,484,1.2187573525401136,minmaxnorm
163,Q0,WSJ881006-0090,485,1.2118210764656567,minmaxnorm
163,Q0,AP880523-0091,486,1.2090196158822317,minmaxnorm
163,Q0,WSJ890817-0111,487,1.2082105189236085,minmaxnorm
163,Q0,WSJ880208-0147,488,1.2042194233136085,minmaxnorm
163,Q0,FR891106-0139,489,1.2021578461168734,minmaxnorm
163,Q0,AP890609-0190,490,1.1986447264436988,minmaxnorm
163,Q0,AP880407-0094,491,1.1985053012288631,minmaxnorm
163,Q0,ZF108-276-716,492,1.197914859639361,minmaxnorm
163,Q0,AP880324-0017,493,1.197714520365304,minmaxnorm
163,Q0,AP881025-0117,494,1.1958748056697441,minmaxnorm
163,Q0,AP890413-0129,495,1.188636913094391,minmaxnorm
163,Q0,FR89501-0053,496,1.1867346081874464,minmaxnorm
163,Q0,AP890728-0210,497,1.1829917577437719,minmaxnorm
163,Q0,WSJ910924-0001,498,1.1819042233172066,minmaxnorm
163,Q0,AP880218-0123,499,1.1802202042331118,minmaxnorm
163,Q0,AP880506-0056,500,1.1784225480614763,minmaxnorm
163,Q0,WSJ910114-0084,501,1.1726682299256979,minmaxnorm
163,Q0,AP891111-0101,502,1.168624707552214,minmaxnorm
163,Q0,FR89927-0005,503,1.1638641726172303,minmaxnorm
163,Q0,AP880524-0261,504,1.1608773578202787,minmaxnorm
163,Q0,DOE2-54-0546,505,1.1605204426485383,minmaxnorm
163,Q0,FR89619-0023,506,1.1502206179220205,minmaxnorm
163,Q0,WSJ870423-0086,507,1.1496715323742772,minmaxnorm
163,Q0,WSJ881114-0130,508,1.1494089577265518,minmaxnorm
163,Q0,FR89525-0091,509,1.1460684605441758,minmaxnorm
163,Q0,FR89802-0021,510,1.1430131818847074,minmaxnorm
163,Q0,AP880218-0207,511,1.1426759957308366,minmaxnorm
163,Q0,FR89612-0116,512,1.1354398217991486,minmaxnorm
163,Q0,DOE1-42-0254,513,1.1325144421909399,minmaxnorm
163,Q0,FR89821-0038,514,1.1314260318299747,minmaxnorm
163,Q0,AP881110-0141,515,1.1291203344488903,minmaxnorm
163,Q0,FR88502-0092,516,1.1289036704074509,minmaxnorm
163,Q0,AP880702-0157,517,1.1267824927775503,minmaxnorm
163,Q0,AP890611-0034,518,1.1230236007831735,minmaxnorm
163,Q0,FR88517-0011,519,1.1218822692466526,minmaxnorm
163,Q0,ZF207-259-046,520,1.1172501222764546,minmaxnorm
163,Q0,AP880527-0258,521,1.1146974772972007,minmaxnorm
163,Q0,DOE1-29-0237,522,1.11469055652687,minmaxnorm
163,Q0,AP890128-0040,523,1.1141479365043896,minmaxnorm
163,Q0,AP890107-0145,524,1.1105149034814352,minmaxnorm
163,Q0,FR88122-0016,525,1.1091120947866084,minmaxnorm
163,Q0,FR88216-0132,526,1.1082835754699563,minmaxnorm
163,Q0,WSJ870430-0093,527,1.1042167056499246,minmaxnorm
163,Q0,WSJ900502-0104,528,1.10217057895134,minmaxnorm
163,Q0,AP880302-0084,529,1.1019048407286647,minmaxnorm
163,Q0,WSJ920224-0098,530,1.09848953399307,minmaxnorm
163,Q0,WSJ870113-0090,531,1.0976855067885243,minmaxnorm
163,Q0,AP880719-0157,532,1.0946106604235708,minmaxnorm
163,Q0,AP891110-0028,533,1.0934070315575082,minmaxnorm
163,Q0,WSJ880223-0026,534,1.0913242904648048,minmaxnorm
163,Q0,AP880610-0019,535,1.087345842015773,minmaxnorm
163,Q0,DOE1-63-0204,536,1.0854060871260574,minmaxnorm
163,Q0,ZF207-344-647,537,1.0838200174112238,minmaxnorm
163,Q0,AP890302-0124,538,1.0824896160154256,minmaxnorm
163,Q0,ZF207-782-448,539,1.0813150106692921,minmaxnorm
163,Q0,AP880316-0050,540,1.076899486527145,minmaxnorm
163,Q0,AP890203-0189,541,1.0767925786004338,minmaxnorm
163,Q0,DOE2-08-1148,542,1.0743857345830832,minmaxnorm
163,Q0,FR88128-0130,543,1.0735158372311735,minmaxnorm
163,Q0,ZF208-032-432,544,1.070114578983987,minmaxnorm
163,Q0,FR88606-0010,545,1.0696185284652109,minmaxnorm
163,Q0,DOE1-82-0181,546,1.0664967371367433,minmaxnorm
163,Q0,AP880303-0208,547,1.0631296109157582,minmaxnorm
163,Q0,AP880511-0117,548,1.060840192427733,minmaxnorm
163,Q0,WSJ870218-0028,549,1.0600753558445948,minmaxnorm
163,Q0,FR891003-0042,550,1.058248985081185,minmaxnorm
163,Q0,WSJ880606-0049,551,1.0571489960171998,minmaxnorm
163,Q0,FR88512-0105,552,1.052345536007731,minmaxnorm
163,Q0,AP880503-0042,553,1.0495346115581379,minmaxnorm
163,Q0,FR89814-0126,554,1.0483138031527461,minmaxnorm
163,Q0,FR89615-0027,555,1.0444409580941936,minmaxnorm
163,Q0,DOE1-14-0148,556,1.0431928815892986,minmaxnorm
163,Q0,FR881024-0194,557,1.0399362420134293,minmaxnorm
163,Q0,ZF207-424-752,558,1.0386073376857237,minmaxnorm
163,Q0,DOE1-03-0282,559,1.03766599068589,minmaxnorm
163,Q0,FR89518-0107,560,1.0343851537806839,minmaxnorm
163,Q0,AP890730-0048,561,1.033904829244557,minmaxnorm
163,Q0,WSJ880412-0130,562,1.032690380620907,minmaxnorm
163,Q0,DOE2-65-0238,563,1.0278125248149461,minmaxnorm
163,Q0,AP880530-0108,564,1.0273661622668644,minmaxnorm
163,Q0,DOE1-52-1049,565,1.0218939557471556,minmaxnorm
163,Q0,AP880527-0162,566,1.020234743974146,minmaxnorm
163,Q0,ZF109-455-909,567,1.0199866140262992,minmaxnorm
163,Q0,WSJ870408-0060,568,1.0199555122359243,minmaxnorm
163,Q0,WSJ870703-0050,569,1.018049292170038,minmaxnorm
163,Q0,AP891209-0018,570,1.0166539192926534,minmaxnorm
163,Q0,FR89802-0020,571,1.0142929516180978,minmaxnorm
163,Q0,AP890528-0066,572,1.0126751101195828,minmaxnorm
163,Q0,FR881122-0138,573,1.0115373030985229,minmaxnorm
163,Q0,AP891109-0198,574,1.0097815809588917,minmaxnorm
163,Q0,DOE2-45-0004,575,1.0021736937264187,minmaxnorm
163,Q0,WSJ910314-0004,576,1.0014012891558521,minmaxnorm
163,Q0,DOE2-21-0909,577,0.9996744121437231,minmaxnorm
163,Q0,AP890227-0096,578,0.9992895434348137,minmaxnorm
163,Q0,WSJ920115-0040,579,0.9952128320497047,minmaxnorm
163,Q0,WSJ880209-0166,580,0.994832820253713,minmaxnorm
163,Q0,AP890803-0179,581,0.9928394381453598,minmaxnorm
163,Q0,FR88208-0090,582,0.9860049581668675,minmaxnorm
163,Q0,FR88212-0146,583,0.9843364945195496,minmaxnorm
163,Q0,AP880505-0233,584,0.98251009460968,minmaxnorm
163,Q0,WSJ870331-0145,585,0.9796336698861029,minmaxnorm
163,Q0,AP880622-0009,586,0.9768657633984522,minmaxnorm
163,Q0,AP880511-0139,587,0.9729610881774357,minmaxnorm
163,Q0,DOE2-21-0707,588,0.9670539458769325,minmaxnorm
163,Q0,AP880609-0064,589,0.9665207932327058,minmaxnorm
163,Q0,WSJ870213-0153,590,0.9636107085049068,minmaxnorm
163,Q0,AP891115-0144,591,0.9618014503798109,minmaxnorm
163,Q0,DOE2-70-0920,592,0.9598332126603236,minmaxnorm
163,Q0,WSJ910819-0055,593,0.9594121756044511,minmaxnorm
163,Q0,FR89519-0122,594,0.9573816640157977,minmaxnorm
163,Q0,AP890619-0201,595,0.9550607992375761,minmaxnorm
163,Q0,WSJ910806-0133,596,0.9542958895926253,minmaxnorm
163,Q0,FR89725-0091,597,0.9520820528179588,minmaxnorm
163,Q0,WSJ910923-0185,598,0.9516301712471109,minmaxnorm
163,Q0,FR891102-0008,599,0.9479271813776456,minmaxnorm
163,Q0,AP890905-0160,600,0.9474378948670152,minmaxnorm
163,Q0,DOE1-82-0163,601,0.9448127455602658,minmaxnorm
163,Q0,ZF108-136-522,602,0.9391705684459357,minmaxnorm
163,Q0,AP890117-0174,603,0.9391250736195861,minmaxnorm
163,Q0,AP890210-0068,604,0.9264242322343048,minmaxnorm
163,Q0,WSJ880607-0084,605,0.9250040913413309,minmaxnorm
163,Q0,AP880818-0202,606,0.9245013323717927,minmaxnorm
163,Q0,AP890105-0104,607,0.9225042679256193,minmaxnorm
163,Q0,AP881015-0106,608,0.9219970999126921,minmaxnorm
163,Q0,FR891026-0128,609,0.9207745628180252,minmaxnorm
163,Q0,WSJ920115-0076,610,0.9185570265285816,minmaxnorm
163,Q0,FR88811-0162,611,0.9128930447309986,minmaxnorm
163,Q0,AP880407-0244,612,0.9122860224729356,minmaxnorm
163,Q0,AP881124-0122,613,0.9121986454599288,minmaxnorm
163,Q0,AP891116-0015,614,0.911167490455709,minmaxnorm
163,Q0,AP880429-0054,615,0.9090443812358013,minmaxnorm
163,Q0,AP881004-0204,616,0.9063640667613374,minmaxnorm
163,Q0,FR88504-0112,617,0.9038566506082614,minmaxnorm
163,Q0,AP891228-0073,618,0.9011924433583918,minmaxnorm
163,Q0,WSJ880805-0038,619,0.8993854975125596,minmaxnorm
163,Q0,FR88114-0126,620,0.898589291528445,minmaxnorm
163,Q0,DOE1-36-0572,621,0.8983607529026916,minmaxnorm
163,Q0,FR891117-0029,622,0.8980997765214318,minmaxnorm
163,Q0,AP890912-0095,623,0.8976462812727967,minmaxnorm
163,Q0,FR88506-0016,624,0.8957763953478226,minmaxnorm
163,Q0,WSJ880823-0002,625,0.8953771111939854,minmaxnorm
163,Q0,FR89517-0008,626,0.8915109675250349,minmaxnorm
163,Q0,FR881024-0095,627,0.8913120847598958,minmaxnorm
163,Q0,FR88201-0031,628,0.8884924583766137,minmaxnorm
163,Q0,FR891003-0040,629,0.8867716934777047,minmaxnorm
163,Q0,AP890531-0037,630,0.8865495041545994,minmaxnorm
163,Q0,FR88615-0019,631,0.884527752286868,minmaxnorm
163,Q0,AP890621-0063,632,0.8839753400483525,minmaxnorm
163,Q0,WSJ861224-0006,633,0.8830386634373524,minmaxnorm
163,Q0,FR89919-0098,634,0.8823247084269303,minmaxnorm
163,Q0,WSJ910614-0121,635,0.8821477216224455,minmaxnorm
163,Q0,AP880528-0023,636,0.8800982198469833,minmaxnorm
163,Q0,AP890910-0024,637,0.8775417370884293,minmaxnorm
163,Q0,FR88929-0018,638,0.8760804084974068,minmaxnorm
163,Q0,WSJ901221-0144,639,0.8733326337083174,minmaxnorm
163,Q0,AP881104-0242,640,0.8718769233293994,minmaxnorm
163,Q0,AP881021-0204,641,0.8712032156788099,minmaxnorm
163,Q0,AP890828-0107,642,0.8697735166360028,minmaxnorm
163,Q0,AP880901-0158,643,0.8659545334763639,minmaxnorm
163,Q0,AP890301-0034,644,0.8653271355430746,minmaxnorm
163,Q0,WSJ871023-0004,645,0.8640178215604548,minmaxnorm
163,Q0,ZF207-714-350,646,0.8632180046272266,minmaxnorm
163,Q0,WSJ911216-0021,647,0.8589033955500367,minmaxnorm
163,Q0,AP880530-0021,648,0.8585034523312657,minmaxnorm
163,Q0,WSJ871221-0137,649,0.8578500322373119,minmaxnorm
163,Q0,ZF207-256-328,650,0.8570585458126017,minmaxnorm
163,Q0,FR89718-0038,651,0.8554106510762577,minmaxnorm
163,Q0,ZF207-340-930,652,0.8522694397213766,minmaxnorm
163,Q0,WSJ920120-0005,653,0.8521199875857087,minmaxnorm
163,Q0,AP890524-0142,654,0.8456204406478139,minmaxnorm
163,Q0,FR89613-0133,655,0.8453735227899968,minmaxnorm
163,Q0,WSJ911018-0113,656,0.8442768933808159,minmaxnorm
163,Q0,WSJ871208-0036,657,0.8420194735067958,minmaxnorm
163,Q0,FR88914-0102,658,0.8413049923625091,minmaxnorm
163,Q0,AP880521-0108,659,0.8399150886335225,minmaxnorm
163,Q0,WSJ870223-0159,660,0.838136368965646,minmaxnorm
163,Q0,WSJ911209-0078,661,0.8379953652604466,minmaxnorm
163,Q0,FR89130-0017,662,0.8373363586894391,minmaxnorm
163,Q0,WSJ880629-0054,663,0.8371872577345397,minmaxnorm
163,Q0,FR88125-0070,664,0.8368670838597015,minmaxnorm
163,Q0,FR89313-0035,665,0.8323791681939394,minmaxnorm
163,Q0,ZF108-279-880,666,0.832283561686451,minmaxnorm
163,Q0,WSJ881007-0160,667,0.8307725315765994,minmaxnorm
163,Q0,AP890204-0045,668,0.8293614721639749,minmaxnorm
163,Q0,AP890721-0172,669,0.8290788895733316,minmaxnorm
163,Q0,ZF108-101-306,670,0.8288794884949553,minmaxnorm
163,Q0,FR891117-0119,671,0.8283259570548874,minmaxnorm
163,Q0,AP890318-0137,672,0.8266719233548265,minmaxnorm
163,Q0,AP890312-0066,673,0.8256432270331769,minmaxnorm
163,Q0,WSJ880426-0055,674,0.824008459305978,minmaxnorm
163,Q0,AP880607-0216,675,0.8218687843913852,minmaxnorm
163,Q0,AP890109-0094,676,0.8211895317619016,minmaxnorm
163,Q0,FR89823-0030,677,0.8192441088058964,minmaxnorm
163,Q0,AP880314-0106,678,0.8186414420568537,minmaxnorm
163,Q0,WSJ870227-0184,679,0.8185629046321731,minmaxnorm
163,Q0,AP880621-0194,680,0.8164856509650177,minmaxnorm
163,Q0,AP890327-0035,681,0.8154142623932087,minmaxnorm
163,Q0,WSJ910516-0117,682,0.8148625256168667,minmaxnorm
163,Q0,FR89802-0019,683,0.8087763197279012,minmaxnorm
163,Q0,WSJ900521-0123,684,0.8087524515533808,minmaxnorm
163,Q0,FR881024-0103,685,0.80804026734703,minmaxnorm
163,Q0,FR89518-0034,686,0.8063523015165587,minmaxnorm
163,Q0,FR88513-0148,687,0.8055987098724452,minmaxnorm
163,Q0,AP890901-0111,688,0.8042588225294254,minmaxnorm
163,Q0,DOE2-48-1050,689,0.7985283599391964,minmaxnorm
163,Q0,WSJ870703-0114,690,0.798379772873115,minmaxnorm
163,Q0,AP880702-0074,691,0.7980551105113809,minmaxnorm
163,Q0,AP880509-0188,692,0.7969391429193797,minmaxnorm
163,Q0,AP890208-0006,693,0.7955482711962306,minmaxnorm
163,Q0,AP890906-0147,694,0.7923729361766825,minmaxnorm
163,Q0,WSJ900809-0085,695,0.7923269594097853,minmaxnorm
163,Q0,WSJ870521-0093,696,0.7887058726597358,minmaxnorm
163,Q0,DOE2-35-0389,697,0.7882364766914911,minmaxnorm
163,Q0,AP880914-0030,698,0.7865518534589303,minmaxnorm
163,Q0,FR89710-0114,699,0.7855707645678789,minmaxnorm
163,Q0,WSJ870113-0015,700,0.7853762960298234,minmaxnorm
163,Q0,DOE1-35-1130,701,0.7849289152889869,minmaxnorm
163,Q0,FR88205-0162,702,0.7847777175105511,minmaxnorm
163,Q0,DOE1-13-0615,703,0.7806757472480299,minmaxnorm
163,Q0,WSJ870423-0049,704,0.7797499893860742,minmaxnorm
163,Q0,AP881020-0204,705,0.7789772633074897,minmaxnorm
163,Q0,WSJ900829-0049,706,0.778909374060865,minmaxnorm
163,Q0,DOE2-09-0781,707,0.7777096366080121,minmaxnorm
163,Q0,DOE1-35-1195,708,0.7775338652156345,minmaxnorm
163,Q0,FR89929-0142,709,0.7767926716326006,minmaxnorm
163,Q0,DOE1-94-0855,710,0.7723693775157096,minmaxnorm
163,Q0,AP880822-0017,711,0.770379622595078,minmaxnorm
163,Q0,WSJ911218-0001,712,0.7625492212186741,minmaxnorm
163,Q0,FR89530-0038,713,0.7614375617572177,minmaxnorm
163,Q0,WSJ880314-0085,714,0.7611717935261587,minmaxnorm
163,Q0,ZF109-732-941,715,0.7609898642773072,minmaxnorm
163,Q0,FR89613-0132,716,0.7574252651594376,minmaxnorm
163,Q0,AP890712-0142,717,0.7564587612971102,minmaxnorm
163,Q0,FR89810-0084,718,0.7557170096785905,minmaxnorm
163,Q0,WSJ880609-0160,719,0.7551893512349217,minmaxnorm
163,Q0,FR89817-0010,720,0.7529726553000337,minmaxnorm
163,Q0,WSJ900831-0028,721,0.7528292744352543,minmaxnorm
163,Q0,AP880619-0095,722,0.752398327834694,minmaxnorm
163,Q0,FR88825-0012,723,0.7517152558157364,minmaxnorm
163,Q0,AP890616-0218,724,0.7510106358090363,minmaxnorm
163,Q0,AP890816-0023,725,0.7509044625972466,minmaxnorm
163,Q0,DOE2-16-1088,726,0.7487196955997801,minmaxnorm
163,Q0,AP880426-0073,727,0.748107339206097,minmaxnorm
163,Q0,AP880421-0099,728,0.746777145850793,minmaxnorm
163,Q0,WSJ910529-0123,729,0.7444067747774721,minmaxnorm
163,Q0,AP880426-0169,730,0.7434303977115053,minmaxnorm
163,Q0,AP890927-0003,731,0.7428752915367623,minmaxnorm
163,Q0,FR89221-0013,732,0.7397909086701928,minmaxnorm
163,Q0,DOE1-72-0017,733,0.7386770825824037,minmaxnorm
163,Q0,FR89801-0124,734,0.7383167315339673,minmaxnorm
163,Q0,FR88511-0168,735,0.7377971879015047,minmaxnorm
163,Q0,WSJ910905-0063,736,0.737773299896165,minmaxnorm
163,Q0,WSJ910131-0029,737,0.7376356822400082,minmaxnorm
163,Q0,AP890808-0136,738,0.7371140561471259,minmaxnorm
163,Q0,WSJ910306-0071,739,0.7360650789937582,minmaxnorm
163,Q0,DOE2-32-0073,740,0.7352908179513737,minmaxnorm
163,Q0,AP880819-0045,741,0.7345795417896679,minmaxnorm
163,Q0,WSJ881011-0025,742,0.7294956361493433,minmaxnorm
163,Q0,DOE2-35-0257,743,0.7278221452352944,minmaxnorm
163,Q0,WSJ910723-0153,744,0.7271983050045884,minmaxnorm
163,Q0,AP880615-0034,745,0.7255248635113345,minmaxnorm
163,Q0,FR88607-0109,746,0.7250925077012302,minmaxnorm
163,Q0,WSJ880112-0118,747,0.7225337522201932,minmaxnorm
163,Q0,FR88823-0110,748,0.722370794148402,minmaxnorm
163,Q0,WSJ910909-0009,749,0.7216491163388394,minmaxnorm
163,Q0,DOE1-30-0513,750,0.7204352329232362,minmaxnorm
163,Q0,WSJ890908-0132,751,0.7180129865451189,minmaxnorm
163,Q0,AP890325-0099,752,0.7173399197735095,minmaxnorm
163,Q0,WSJ861211-0007,753,0.7171666277145822,minmaxnorm
163,Q0,AP891221-0194,754,0.7166360601353092,minmaxnorm
163,Q0,FR88111-0072,755,0.7165943596352558,minmaxnorm
163,Q0,FR88502-0091,756,0.7152458295952485,minmaxnorm
163,Q0,AP891223-0127,757,0.7152311754861259,minmaxnorm
163,Q0,FR88218-0121,758,0.7147167592497876,minmaxnorm
163,Q0,AP891010-0080,759,0.7115104939005873,minmaxnorm
163,Q0,AP880902-0157,760,0.7099982827667382,minmaxnorm
163,Q0,DOE1-15-0948,761,0.7099146624070103,minmaxnorm
163,Q0,AP890324-0119,762,0.7096884284714592,minmaxnorm
163,Q0,WSJ900928-0095,763,0.7090498870585967,minmaxnorm
163,Q0,DOE2-78-0461,764,0.7088800463770482,minmaxnorm
163,Q0,AP890806-0038,765,0.7070822990437904,minmaxnorm
163,Q0,FR89119-0111,766,0.7061982583619454,minmaxnorm
163,Q0,DOE1-86-1217,767,0.7048844630146646,minmaxnorm
163,Q0,FR89516-0116,768,0.7044057302353584,minmaxnorm
163,Q0,FR89130-0107,769,0.7043535292224418,minmaxnorm
163,Q0,FR881123-0110,770,0.6993366820670692,minmaxnorm
163,Q0,DOE1-85-0809,771,0.6984736466029351,minmaxnorm
163,Q0,FR89223-0025,772,0.6969399416123905,minmaxnorm
163,Q0,AP881128-0062,773,0.6968070126334225,minmaxnorm
163,Q0,AP890606-0009,774,0.6961012286041124,minmaxnorm
163,Q0,FR89926-0041,775,0.6952612989090436,minmaxnorm
163,Q0,FR89523-0132,776,0.6952152089642465,minmaxnorm
163,Q0,FR88603-0136,777,0.694295530596493,minmaxnorm
163,Q0,WSJ880616-0159,778,0.6942456464821043,minmaxnorm
163,Q0,WSJ880518-0058,779,0.6940362319811262,minmaxnorm
163,Q0,WSJ870821-0001,780,0.6937957777007859,minmaxnorm
163,Q0,DOE2-63-0822,781,0.6917825148722625,minmaxnorm
163,Q0,WSJ880718-0149,782,0.6900820205310128,minmaxnorm
163,Q0,WSJ900906-0007,783,0.6900771540410007,minmaxnorm
163,Q0,DOE2-04-0197,784,0.6894706461938247,minmaxnorm
163,Q0,WSJ880701-0132,785,0.6891468534678382,minmaxnorm
163,Q0,DOE2-29-0812,786,0.6860252000884576,minmaxnorm
163,Q0,AP880603-0250,787,0.6854762928513313,minmaxnorm
163,Q0,DOE2-03-0253,788,0.6839490321558322,minmaxnorm
163,Q0,AP880723-0148,789,0.6830426022339909,minmaxnorm
163,Q0,AP890306-0132,790,0.6823424459552284,minmaxnorm
163,Q0,AP890420-0093,791,0.6812266361371266,minmaxnorm
163,Q0,DOE2-02-0147,792,0.6804414359095416,minmaxnorm
163,Q0,DOE1-66-0220,793,0.6771589721208046,minmaxnorm
163,Q0,DOE1-37-1058,794,0.6744740229439085,minmaxnorm
163,Q0,WSJ890802-0056,795,0.6728309566222755,minmaxnorm
163,Q0,DOE2-60-0658,796,0.6725927080636389,minmaxnorm
163,Q0,FR89417-0124,797,0.6725478815654711,minmaxnorm
163,Q0,FR88607-0100,798,0.670636328310217,minmaxnorm
163,Q0,ZF207-244-069,799,0.6705020124673527,minmaxnorm
163,Q0,DOE2-07-1101,800,0.6700539131016854,minmaxnorm
163,Q0,AP890501-0200,801,0.6692269460361886,minmaxnorm
163,Q0,DOE1-08-0754,802,0.6677585073062868,minmaxnorm
163,Q0,WSJ880616-0088,803,0.6676337479692145,minmaxnorm
163,Q0,AP880608-0219,804,0.6670332560267069,minmaxnorm
163,Q0,AP890310-0258,805,0.6668745732769975,minmaxnorm
163,Q0,WSJ910531-0164,806,0.6667210868407147,minmaxnorm
163,Q0,AP890620-0158,807,0.6659397340196853,minmaxnorm
163,Q0,FR89712-0125,808,0.664322966286366,minmaxnorm
163,Q0,FR88718-0094,809,0.6620851462394197,minmaxnorm
163,Q0,FR891031-0122,810,0.6619713260525806,minmaxnorm
163,Q0,AP890104-0158,811,0.6616325173357365,minmaxnorm
163,Q0,AP880430-0085,812,0.6594270059914692,minmaxnorm
163,Q0,FR88512-0113,813,0.6589157147979408,minmaxnorm
163,Q0,DOE2-53-1009,814,0.6577597696307929,minmaxnorm
163,Q0,FR89106-0087,815,0.6546599814659388,minmaxnorm
163,Q0,AP880716-0024,816,0.6542912824214197,minmaxnorm
163,Q0,AP880714-0119,817,0.653587529557416,minmaxnorm
163,Q0,WSJ910617-0160,818,0.6529573851059224,minmaxnorm
163,Q0,AP890120-0125,819,0.6528258530924717,minmaxnorm
163,Q0,AP880405-0164,820,0.6526007157030465,minmaxnorm
163,Q0,AP880514-0181,821,0.652323356977335,minmaxnorm
163,Q0,AP881006-0100,822,0.6521892347792421,minmaxnorm
163,Q0,AP890307-0138,823,0.652097326991466,minmaxnorm
163,Q0,ZF207-689-020,824,0.6515962047354162,minmaxnorm
163,Q0,FR881031-0096,825,0.6475988489949969,minmaxnorm
163,Q0,WSJ880202-0057,826,0.6462375615133956,minmaxnorm
163,Q0,FR88211-0128,827,0.6458001553982523,minmaxnorm
163,Q0,AP890131-0234,828,0.6448651664899533,minmaxnorm
163,Q0,FR891004-0025,829,0.6443820680005162,minmaxnorm
163,Q0,WSJ881020-0145,830,0.642737181594906,minmaxnorm
163,Q0,FR891031-0007,831,0.6426424746379977,minmaxnorm
163,Q0,FR88826-0128,832,0.6421142188472808,minmaxnorm
163,Q0,FR89526-0007,833,0.6405522896213185,minmaxnorm
163,Q0,DOE2-66-1137,834,0.6389354445702013,minmaxnorm
163,Q0,WSJ911203-0003,835,0.6368490941151014,minmaxnorm
163,Q0,FR89623-0017,836,0.6358174046027213,minmaxnorm
163,Q0,DOE1-19-1039,837,0.6355950844180733,minmaxnorm
163,Q0,WSJ880104-0125,838,0.6349541460038202,minmaxnorm
163,Q0,AP881028-0127,839,0.6342840949595268,minmaxnorm
163,Q0,AP880622-0168,840,0.6340164169161895,minmaxnorm
163,Q0,AP891101-0165,841,0.6335415311928035,minmaxnorm
163,Q0,FR89412-0014,842,0.6334807731499456,minmaxnorm
163,Q0,WSJ880914-0103,843,0.6331846182185565,minmaxnorm
163,Q0,WSJ880325-0133,844,0.6311885851068219,minmaxnorm
163,Q0,WSJ911212-0106,845,0.6302613843830154,minmaxnorm
163,Q0,FR89510-0140,846,0.6297606973328402,minmaxnorm
163,Q0,DOE1-48-1331,847,0.6285474125080501,minmaxnorm
163,Q0,ZF108-230-014,848,0.6281543983981027,minmaxnorm
163,Q0,AP890629-0185,849,0.6274860246574042,minmaxnorm
163,Q0,FR89512-0052,850,0.6260896677260981,minmaxnorm
163,Q0,FR891106-0034,851,0.6219644065643036,minmaxnorm
163,Q0,AP880822-0192,852,0.6218376362014276,minmaxnorm
163,Q0,ZF207-892-074,853,0.6218185697300287,minmaxnorm
163,Q0,FR88509-0122,854,0.6197326533034729,minmaxnorm
163,Q0,AP880822-0094,855,0.6194931515256995,minmaxnorm
163,Q0,FR891117-0028,856,0.6194234131072108,minmaxnorm
163,Q0,FR88512-0101,857,0.6176226107023183,minmaxnorm
163,Q0,FR88908-0008,858,0.6163131661361915,minmaxnorm
163,Q0,FR88208-0016,859,0.6151563569028654,minmaxnorm
163,Q0,FR88802-0086,860,0.6134316703044995,minmaxnorm
163,Q0,AP891028-0158,861,0.6119402644652164,minmaxnorm
163,Q0,AP890505-0290,862,0.6110453455928735,minmaxnorm
163,Q0,AP890725-0148,863,0.6109328171407951,minmaxnorm
163,Q0,WSJ871208-0053,864,0.6105756710921235,minmaxnorm
163,Q0,WSJ871127-0023,865,0.6100639848160461,minmaxnorm
163,Q0,AP881217-0002,866,0.6096104464381412,minmaxnorm
163,Q0,AP881027-0063,867,0.6092277171879601,minmaxnorm
163,Q0,AP890501-0194,868,0.6091950381044189,minmaxnorm
163,Q0,DOE2-45-1105,869,0.6090265783733303,minmaxnorm
163,Q0,AP880217-0059,870,0.6085368765666603,minmaxnorm
163,Q0,AP880222-0149,871,0.6085118393145137,minmaxnorm
163,Q0,AP880307-0223,872,0.6059995353136638,minmaxnorm
163,Q0,FR89804-0010,873,0.6057887934786496,minmaxnorm
163,Q0,WSJ871023-0105,874,0.6055226207068354,minmaxnorm
163,Q0,WSJ890901-0015,875,0.605139008389309,minmaxnorm
163,Q0,WSJ881010-0172,876,0.6036853008367835,minmaxnorm
163,Q0,AP880721-0100,877,0.6034792711192414,minmaxnorm
163,Q0,AP890506-0025,878,0.6028706271461631,minmaxnorm
163,Q0,FR88803-0102,879,0.6016402396122486,minmaxnorm
163,Q0,AP890314-0224,880,0.6008455135138508,minmaxnorm
163,Q0,FR891205-0115,881,0.5990289700103187,minmaxnorm
163,Q0,WSJ900507-0150,882,0.5985005895980734,minmaxnorm
163,Q0,WSJ880310-0126,883,0.5979174487812419,minmaxnorm
163,Q0,FR89524-0087,884,0.5976734444172772,minmaxnorm
163,Q0,FR88505-0010,885,0.5962660368057533,minmaxnorm
163,Q0,WSJ880212-0035,886,0.5952175031017806,minmaxnorm
163,Q0,WSJ900521-0030,887,0.5951058994683205,minmaxnorm
163,Q0,FR89124-0114,888,0.5917418235603714,minmaxnorm
163,Q0,AP891226-0148,889,0.5916125883910414,minmaxnorm
163,Q0,DOE2-54-0804,890,0.5909697663097616,minmaxnorm
163,Q0,AP881010-0032,891,0.5906315138448677,minmaxnorm
163,Q0,WSJ900828-0033,892,0.5902018853077581,minmaxnorm
163,Q0,DOE2-15-0387,893,0.5894361475019821,minmaxnorm
163,Q0,ZF207-298-478,894,0.5892111033007524,minmaxnorm
163,Q0,FR881027-0112,895,0.5881604150419368,minmaxnorm
163,Q0,FR88111-0007,896,0.5881555694444344,minmaxnorm
163,Q0,WSJ910815-0085,897,0.5881180950980304,minmaxnorm
163,Q0,AP880619-0049,898,0.5864392678760619,minmaxnorm
163,Q0,DOE2-48-0085,899,0.5858551518372723,minmaxnorm
163,Q0,AP880922-0026,900,0.5855874341720482,minmaxnorm
163,Q0,AP880708-0039,901,0.5853953735684246,minmaxnorm
163,Q0,AP880420-0246,902,0.5850641569766407,minmaxnorm
163,Q0,FR88111-0014,903,0.5846966872666934,minmaxnorm
163,Q0,AP880707-0125,904,0.5842860593538749,minmaxnorm
163,Q0,WSJ900521-0073,905,0.583885994209091,minmaxnorm
163,Q0,WSJ880111-0110,906,0.5836833711155569,minmaxnorm
163,Q0,AP890623-0149,907,0.5829553152330769,minmaxnorm
163,Q0,WSJ880805-0012,908,0.5827711013217504,minmaxnorm
163,Q0,WSJ880805-0085,909,0.5827007983148823,minmaxnorm
163,Q0,WSJ911226-0048,910,0.5820581443507483,minmaxnorm
163,Q0,FR89929-0143,911,0.5818204234728471,minmaxnorm
163,Q0,WSJ870311-0141,912,0.5810343759419765,minmaxnorm
163,Q0,WSJ880629-0057,913,0.5784610778544498,minmaxnorm
163,Q0,FR89405-0034,914,0.5781775462589854,minmaxnorm
163,Q0,WSJ881028-0112,915,0.5778028056614272,minmaxnorm
163,Q0,DOE2-48-0070,916,0.5762686157038256,minmaxnorm
163,Q0,WSJ871008-0037,917,0.5750007162264382,minmaxnorm
163,Q0,AP890313-0050,918,0.5738848616324561,minmaxnorm
163,Q0,FR89308-0162,919,0.5726310469651248,minmaxnorm
163,Q0,FR891107-0020,920,0.5723147985154828,minmaxnorm
163,Q0,WSJ870121-0117,921,0.5722253711581912,minmaxnorm
163,Q0,FR891017-0014,922,0.5676435798353263,minmaxnorm
163,Q0,WSJ900504-0122,923,0.5671426829725875,minmaxnorm
163,Q0,WSJ911115-0106,924,0.5669285278114783,minmaxnorm
163,Q0,FR89404-0111,925,0.5662749070912927,minmaxnorm
163,Q0,DOE2-46-1052,926,0.5659725162286999,minmaxnorm
163,Q0,WSJ880824-0115,927,0.5640658774064337,minmaxnorm
163,Q0,FR88928-0038,928,0.5615276747768929,minmaxnorm
163,Q0,DOE2-61-0600,929,0.561356011479095,minmaxnorm
163,Q0,WSJ920122-0012,930,0.5611220245253085,minmaxnorm
163,Q0,WSJ880908-0133,931,0.5606983550310822,minmaxnorm
163,Q0,AP890529-0139,932,0.5595300028202007,minmaxnorm
163,Q0,WSJ900614-0145,933,0.5586534185840986,minmaxnorm
163,Q0,FR89407-0113,934,0.5583706287967798,minmaxnorm
163,Q0,ZF108-066-850,935,0.5583252690280349,minmaxnorm
163,Q0,AP880729-0163,936,0.557414604542602,minmaxnorm
163,Q0,WSJ880803-0116,937,0.5566104118707287,minmaxnorm
163,Q0,WSJ870903-0130,938,0.5564176283274505,minmaxnorm
163,Q0,AP891019-0162,939,0.555605189242747,minmaxnorm
163,Q0,AP880901-0080,940,0.5548570168603559,minmaxnorm
163,Q0,WSJ880303-0086,941,0.5546234217718801,minmaxnorm
163,Q0,AP891215-0008,942,0.552525142986231,minmaxnorm
163,Q0,FR88712-0077,943,0.5524913528455603,minmaxnorm
163,Q0,WSJ911014-0053,944,0.5523372192816145,minmaxnorm
163,Q0,FR891004-0010,945,0.5521546310564595,minmaxnorm
163,Q0,AP880509-0016,946,0.5518235100791572,minmaxnorm
163,Q0,WSJ911115-0022,947,0.5513371943887819,minmaxnorm
163,Q0,AP881217-0037,948,0.5491183866630944,minmaxnorm
163,Q0,AP880611-0019,949,0.5479516712372972,minmaxnorm
163,Q0,DOE2-12-0687,950,0.5474656066556771,minmaxnorm
163,Q0,WSJ880208-0138,951,0.5458408247131836,minmaxnorm
163,Q0,AP880826-0111,952,0.5451366235616387,minmaxnorm
163,Q0,ZF108-518-300,953,0.5445382111254389,minmaxnorm
163,Q0,AP880429-0131,954,0.540566683276444,minmaxnorm
163,Q0,AP891002-0166,955,0.538733477166417,minmaxnorm
163,Q0,WSJ920211-0112,956,0.5384490917973079,minmaxnorm
163,Q0,WSJ871007-0016,957,0.537989633111105,minmaxnorm
163,Q0,AP881110-0035,958,0.5354599750604774,minmaxnorm
163,Q0,DOE2-28-0162,959,0.5339579621124839,minmaxnorm
163,Q0,AP880226-0089,960,0.5330444121021218,minmaxnorm
163,Q0,AP890607-0126,961,0.5320843495109829,minmaxnorm
163,Q0,WSJ910702-0073,962,0.5317208156168944,minmaxnorm
163,Q0,FR89322-0006,963,0.531077154077594,minmaxnorm
163,Q0,WSJ910530-0003,964,0.5309028979306494,minmaxnorm
163,Q0,ZF207-366-782,965,0.5308191558028704,minmaxnorm
163,Q0,FR89720-0126,966,0.5305124311211963,minmaxnorm
163,Q0,FR891117-0013,967,0.5296785722640647,minmaxnorm
163,Q0,WSJ911007-0116,968,0.528458638832199,minmaxnorm
163,Q0,DOE2-40-0874,969,0.5276155261527045,minmaxnorm
163,Q0,WSJ910515-0102,970,0.5272448712045091,minmaxnorm
163,Q0,WSJ920303-0146,971,0.5270802037945219,minmaxnorm
163,Q0,AP881218-0086,972,0.5266792506850099,minmaxnorm
163,Q0,AP880503-0022,973,0.5266185619752546,minmaxnorm
163,Q0,AP880406-0133,974,0.5249281299677973,minmaxnorm
163,Q0,AP890505-0126,975,0.5246898249211684,minmaxnorm
163,Q0,FR89410-0117,976,0.5236318637981928,minmaxnorm
163,Q0,WSJ911104-0021,977,0.5234152107624117,minmaxnorm
163,Q0,DOE1-80-0610,978,0.5233615629348947,minmaxnorm
163,Q0,AP880315-0072,979,0.5226041390196303,minmaxnorm
163,Q0,WSJ880526-0156,980,0.521614233783801,minmaxnorm
163,Q0,FR88504-0118,981,0.5204120510528137,minmaxnorm
163,Q0,AP880819-0012,982,0.5201996834673149,minmaxnorm
163,Q0,AP890518-0193,983,0.5201209678759735,minmaxnorm
163,Q0,DOE1-61-0856,984,0.5196312567870673,minmaxnorm
163,Q0,AP890527-0077,985,0.5192368470469961,minmaxnorm
163,Q0,WSJ900523-0052,986,0.5188996259390461,minmaxnorm
163,Q0,AP891021-0142,987,0.5184155932440524,minmaxnorm
163,Q0,WSJ911205-0089,988,0.5182875969002637,minmaxnorm
163,Q0,DOE1-58-0790,989,0.5179900248926987,minmaxnorm
163,Q0,WSJ870106-0001,990,0.5177078346360068,minmaxnorm
163,Q0,AP890501-0091,991,0.5162369327670158,minmaxnorm
163,Q0,AP880304-0055,992,0.5161929622523834,minmaxnorm
163,Q0,AP880509-0152,993,0.5159257965462567,minmaxnorm
163,Q0,AP890328-0129,994,0.5158444791037006,minmaxnorm
163,Q0,DOE2-83-0218,995,0.5150802928406424,minmaxnorm
163,Q0,FR89626-0128,996,0.514952397555495,minmaxnorm
163,Q0,WSJ870707-0089,997,0.511784430233595,minmaxnorm
163,Q0,DOE1-82-0688,998,0.5095636331567532,minmaxnorm
163,Q0,FR881121-0028,999,0.5076547556078244,minmaxnorm
163,Q0,FR881027-0022,1000,0.5076078512019551,minmaxnorm
166,Q0,AP890510-0052,1,16.875884156644357,minmaxnorm
166,Q0,AP890116-0001,2,16.056616654259425,minmaxnorm
166,Q0,AP880920-0044,3,15.861802248410775,minmaxnorm
166,Q0,AP890428-0069,4,14.495191962765062,minmaxnorm
166,Q0,AP880412-0136,5,14.450431048556544,minmaxnorm
166,Q0,AP890912-0009,6,14.171915002813087,minmaxnorm
166,Q0,AP880919-0153,7,13.611443975996911,minmaxnorm
166,Q0,AP890905-0188,8,13.095284278591938,minmaxnorm
166,Q0,AP880225-0087,9,10.797920131064775,minmaxnorm
166,Q0,AP881130-0085,10,10.72912987152013,minmaxnorm
166,Q0,WSJ870415-0069,11,10.342550208397993,minmaxnorm
166,Q0,WSJ890912-0120,12,10.301148285179112,minmaxnorm
166,Q0,WSJ910712-0094,13,10.137013999476958,minmaxnorm
166,Q0,AP890114-0128,14,9.944025337697793,minmaxnorm
166,Q0,AP890203-0201,15,9.140526248709854,minmaxnorm
166,Q0,AP880614-0008,16,9.009570788566236,minmaxnorm
166,Q0,WSJ880920-0045,17,8.95875153583438,minmaxnorm
166,Q0,WSJ900725-0106,18,8.713575641087937,minmaxnorm
166,Q0,WSJ870713-0153,19,8.237993337722786,minmaxnorm
166,Q0,AP891002-0111,20,8.176942278800897,minmaxnorm
166,Q0,WSJ910827-0088,21,7.98006113470219,minmaxnorm
166,Q0,AP881212-0007,22,7.8077827699972735,minmaxnorm
166,Q0,AP890712-0231,23,7.767647229297879,minmaxnorm
166,Q0,AP890911-0178,24,7.475714103459032,minmaxnorm
166,Q0,AP880225-0163,25,7.4124693129861114,minmaxnorm
166,Q0,WSJ910408-0106,26,7.129165914894484,minmaxnorm
166,Q0,AP890628-0028,27,6.9828383548095205,minmaxnorm
166,Q0,AP891028-0127,28,6.929511152595614,minmaxnorm
166,Q0,WSJ891102-0148,29,6.643304691276005,minmaxnorm
166,Q0,WSJ871202-0091,30,6.623929536501883,minmaxnorm
166,Q0,WSJ911122-0194,31,6.446997972371511,minmaxnorm
166,Q0,WSJ870602-0094,32,6.442485156346414,minmaxnorm
166,Q0,AP890909-0014,33,6.400514025114627,minmaxnorm
166,Q0,WSJ880916-0076,34,6.139632910101311,minmaxnorm
166,Q0,WSJ880201-0105,35,6.123886777178436,minmaxnorm
166,Q0,WSJ870403-0162,36,6.110301008996711,minmaxnorm
166,Q0,WSJ900828-0035,37,6.0743460813678105,minmaxnorm
166,Q0,WSJ910403-0072,38,6.024847151660574,minmaxnorm
166,Q0,AP881114-0103,39,5.976289212805887,minmaxnorm
166,Q0,ZF109-594-043,40,5.811673015648382,minmaxnorm
166,Q0,WSJ911004-0119,41,5.73841354740913,minmaxnorm
166,Q0,AP890503-0079,42,5.738335517637188,minmaxnorm
166,Q0,WSJ910426-0082,43,5.72145287487982,minmaxnorm
166,Q0,AP881116-0060,44,5.69174141364349,minmaxnorm
166,Q0,WSJ900424-0142,45,5.653559617240094,minmaxnorm
166,Q0,ZF207-651-820,46,5.643297370951638,minmaxnorm
166,Q0,AP891206-0081,47,5.598820773698761,minmaxnorm
166,Q0,AP880502-0017,48,5.539428686405153,minmaxnorm
166,Q0,AP891109-0250,49,5.529715481073379,minmaxnorm
166,Q0,AP890503-0218,50,5.484252722243158,minmaxnorm
166,Q0,WSJ880923-0193,51,5.478257431494856,minmaxnorm
166,Q0,WSJ880316-0044,52,5.449601830024859,minmaxnorm
166,Q0,WSJ910510-0021,53,5.393395757600387,minmaxnorm
166,Q0,AP880324-0093,54,5.3689568396456995,minmaxnorm
166,Q0,WSJ920324-0036,55,5.331615432646253,minmaxnorm
166,Q0,AP890918-0091,56,5.309798465825961,minmaxnorm
166,Q0,AP890920-0115,57,5.269113044083092,minmaxnorm
166,Q0,WSJ910715-0008,58,5.251378946912021,minmaxnorm
166,Q0,AP880308-0052,59,5.24901134584889,minmaxnorm
166,Q0,AP880622-0278,60,5.248210469729297,minmaxnorm
166,Q0,ZF109-594-119,61,5.239573435908466,minmaxnorm
166,Q0,WSJ900523-0137,62,5.230687005609536,minmaxnorm
166,Q0,WSJ910701-0124,63,5.229643829857224,minmaxnorm
166,Q0,WSJ870604-0134,64,5.1822088354953095,minmaxnorm
166,Q0,WSJ911205-0134,65,5.1357582083719215,minmaxnorm
166,Q0,WSJ870217-0105,66,5.131102493161896,minmaxnorm
166,Q0,WSJ900503-0077,67,5.1048520649398945,minmaxnorm
166,Q0,AP880321-0050,68,5.052404099570496,minmaxnorm
166,Q0,WSJ900709-0148,69,4.966452225906877,minmaxnorm
166,Q0,WSJ911104-0065,70,4.961369670177799,minmaxnorm
166,Q0,AP890912-0216,71,4.881506207988203,minmaxnorm
166,Q0,WSJ910906-0110,72,4.827509592378111,minmaxnorm
166,Q0,WSJ870226-0088,73,4.791798723964575,minmaxnorm
166,Q0,WSJ910605-0004,74,4.677518114022896,minmaxnorm
166,Q0,WSJ870928-0084,75,4.635676042469869,minmaxnorm
166,Q0,WSJ920323-0143,76,4.627822520771165,minmaxnorm
166,Q0,WSJ910501-0073,77,4.562677820799872,minmaxnorm
166,Q0,AP890531-0237,78,4.548874346073246,minmaxnorm
166,Q0,WSJ880122-0187,79,4.548291233678055,minmaxnorm
166,Q0,WSJ870203-0069,80,4.507103637212921,minmaxnorm
166,Q0,AP890522-0288,81,4.48289651751773,minmaxnorm
166,Q0,WSJ910508-0127,82,4.43711376787813,minmaxnorm
166,Q0,AP880602-0209,83,4.426861440442623,minmaxnorm
166,Q0,WSJ871007-0139,84,4.411217945267107,minmaxnorm
166,Q0,WSJ871211-0071,85,4.398425500282722,minmaxnorm
166,Q0,WSJ910607-0056,86,4.3179739042562275,minmaxnorm
166,Q0,WSJ911111-0102,87,4.2592627225041175,minmaxnorm
166,Q0,WSJ910520-0049,88,4.249770454959704,minmaxnorm
166,Q0,WSJ881028-0174,89,4.2381518031711405,minmaxnorm
166,Q0,WSJ910726-0190,90,4.213247520440903,minmaxnorm
166,Q0,WSJ920130-0112,91,4.183830929892791,minmaxnorm
166,Q0,AP890724-0166,92,4.180445555638967,minmaxnorm
166,Q0,WSJ910703-0123,93,4.156730387241845,minmaxnorm
166,Q0,AP880502-0102,94,4.155577496280567,minmaxnorm
166,Q0,AP880819-0094,95,4.1242539327736205,minmaxnorm
166,Q0,AP880527-0166,96,4.1161343416900475,minmaxnorm
166,Q0,WSJ911004-0034,97,4.09106031533131,minmaxnorm
166,Q0,AP880324-0185,98,4.086959423356193,minmaxnorm
166,Q0,AP880831-0236,99,4.056250116914533,minmaxnorm
166,Q0,AP880629-0332,100,3.99797084626295,minmaxnorm
166,Q0,AP880607-0152,101,3.9979408376204435,minmaxnorm
166,Q0,AP880627-0053,102,3.9833596970592255,minmaxnorm
166,Q0,AP891028-0046,103,3.9393060560149156,minmaxnorm
166,Q0,WSJ911216-0121,104,3.894698344406349,minmaxnorm
166,Q0,AP890529-0096,105,3.890882137665332,minmaxnorm
166,Q0,FR89519-0015,106,3.88406644549975,minmaxnorm
166,Q0,AP880316-0133,107,3.8763713549205483,minmaxnorm
166,Q0,AP890824-0151,108,3.874371299587638,minmaxnorm
166,Q0,WSJ910920-0029,109,3.8482635521345863,minmaxnorm
166,Q0,AP890823-0115,110,3.822342213889449,minmaxnorm
166,Q0,WSJ900511-0174,111,3.814139110617614,minmaxnorm
166,Q0,AP881030-0053,112,3.788337707720261,minmaxnorm
166,Q0,AP881126-0036,113,3.7687084389598633,minmaxnorm
166,Q0,WSJ880127-0153,114,3.677232280790692,minmaxnorm
166,Q0,AP880819-0165,115,3.6750692595171928,minmaxnorm
166,Q0,WSJ900613-0003,116,3.673117024358087,minmaxnorm
166,Q0,AP890103-0092,117,3.670881862032584,minmaxnorm
166,Q0,AP890115-0043,118,3.5723082900600067,minmaxnorm
166,Q0,AP880414-0008,119,3.494370070662737,minmaxnorm
166,Q0,WSJ880712-0044,120,3.4936134762782225,minmaxnorm
166,Q0,WSJ880114-0089,121,3.493394984765331,minmaxnorm
166,Q0,WSJ910610-0159,122,3.4791287178721952,minmaxnorm
166,Q0,WSJ880113-0111,123,3.474665775014594,minmaxnorm
166,Q0,AP891003-0044,124,3.465914224925518,minmaxnorm
166,Q0,AP881230-0069,125,3.43028797607162,minmaxnorm
166,Q0,AP880406-0228,126,3.4283363473677526,minmaxnorm
166,Q0,WSJ900608-0006,127,3.4006521799391374,minmaxnorm
166,Q0,AP891216-0077,128,3.392804402413257,minmaxnorm
166,Q0,WSJ900427-0155,129,3.3369371183050274,minmaxnorm
166,Q0,AP890504-0048,130,3.331509464896173,minmaxnorm
166,Q0,WSJ870505-0161,131,3.303507037204579,minmaxnorm
166,Q0,AP890815-0015,132,3.2994622625446106,minmaxnorm
166,Q0,AP890823-0012,133,3.2923717612674297,minmaxnorm
166,Q0,WSJ920205-0016,134,3.290353551066981,minmaxnorm
166,Q0,WSJ870317-0106,135,3.2757563917414716,minmaxnorm
166,Q0,AP890525-0071,136,3.2650759097807094,minmaxnorm
166,Q0,AP881118-0114,137,3.248574804168576,minmaxnorm
166,Q0,WSJ910328-0153,138,3.2454663998445414,minmaxnorm
166,Q0,AP890523-0136,139,3.237613390839244,minmaxnorm
166,Q0,AP890227-0295,140,3.2362502821385966,minmaxnorm
166,Q0,ZF207-203-684,141,3.228859084291967,minmaxnorm
166,Q0,AP880613-0048,142,3.222776209180625,minmaxnorm
166,Q0,AP890130-0139,143,3.2176339758404087,minmaxnorm
166,Q0,WSJ910731-0098,144,3.17697345622837,minmaxnorm
166,Q0,WSJ910521-0065,145,3.153204158626496,minmaxnorm
166,Q0,AP890227-0068,146,3.143113381965742,minmaxnorm
166,Q0,ZF108-451-990,147,3.132844158982727,minmaxnorm
166,Q0,AP890530-0092,148,3.12011390454347,minmaxnorm
166,Q0,WSJ870206-0109,149,3.1105112519128415,minmaxnorm
166,Q0,AP880912-0262,150,3.104337577133888,minmaxnorm
166,Q0,WSJ911114-0086,151,3.0992820544666753,minmaxnorm
166,Q0,AP880831-0235,152,3.098648555605151,minmaxnorm
166,Q0,WSJ910401-0033,153,3.0889338294721482,minmaxnorm
166,Q0,WSJ910501-0108,154,3.0598615878459254,minmaxnorm
166,Q0,WSJ920127-0166,155,3.0585089716110905,minmaxnorm
166,Q0,AP881117-0238,156,3.046090939920709,minmaxnorm
166,Q0,FR89306-0090,157,3.038374866816295,minmaxnorm
166,Q0,WSJ900904-0110,158,3.03254256958631,minmaxnorm
166,Q0,WSJ910507-0151,159,3.0125570225424827,minmaxnorm
166,Q0,WSJ910425-0176,160,2.9868510872118343,minmaxnorm
166,Q0,WSJ880714-0176,161,2.986804686168212,minmaxnorm
166,Q0,AP880425-0235,162,2.9605978731054106,minmaxnorm
166,Q0,AP880707-0033,163,2.954307066281525,minmaxnorm
166,Q0,AP881118-0029,164,2.952969206503626,minmaxnorm
166,Q0,WSJ910328-0160,165,2.9465745619762638,minmaxnorm
166,Q0,AP891030-0124,166,2.9445088628400296,minmaxnorm
166,Q0,AP880710-0044,167,2.94052449027775,minmaxnorm
166,Q0,AP880721-0142,168,2.9393874802786693,minmaxnorm
166,Q0,WSJ900423-0155,169,2.9348713296381,minmaxnorm
166,Q0,AP880913-0163,170,2.926196049041211,minmaxnorm
166,Q0,AP890126-0232,171,2.9108712050135748,minmaxnorm
166,Q0,FR88608-0080,172,2.9016739561179223,minmaxnorm
166,Q0,WSJ910116-0086,173,2.901620397263091,minmaxnorm
166,Q0,WSJ861229-0040,174,2.8878917508823845,minmaxnorm
166,Q0,WSJ911213-0103,175,2.877408394714357,minmaxnorm
166,Q0,AP880611-0123,176,2.8602252650933444,minmaxnorm
166,Q0,WSJ870326-0150,177,2.8477186666703513,minmaxnorm
166,Q0,WSJ900726-0157,178,2.794857165333799,minmaxnorm
166,Q0,AP891030-0065,179,2.790867351008718,minmaxnorm
166,Q0,FR89419-0114,180,2.7741371334706177,minmaxnorm
166,Q0,WSJ891102-0147,181,2.76808588975005,minmaxnorm
166,Q0,FR89814-0033,182,2.7654636363160168,minmaxnorm
166,Q0,WSJ880325-0129,183,2.7614272381494325,minmaxnorm
166,Q0,WSJ900906-0126,184,2.7603927652431595,minmaxnorm
166,Q0,WSJ901221-0078,185,2.746346535204052,minmaxnorm
166,Q0,AP890605-0073,186,2.720868696137336,minmaxnorm
166,Q0,WSJ880404-0073,187,2.7201672145047677,minmaxnorm
166,Q0,WSJ900423-0003,188,2.7094071079659043,minmaxnorm
166,Q0,AP880713-0113,189,2.7053020104179506,minmaxnorm
166,Q0,WSJ910830-0057,190,2.704603646277936,minmaxnorm
166,Q0,WSJ881003-0223,191,2.7043514815506633,minmaxnorm
166,Q0,FR89530-0115,192,2.6947968016983297,minmaxnorm
166,Q0,AP890625-0012,193,2.6781939975806486,minmaxnorm
166,Q0,WSJ911008-0018,194,2.6535515104030702,minmaxnorm
166,Q0,AP890523-0111,195,2.644022069948888,minmaxnorm
166,Q0,AP890329-0193,196,2.6363739681010707,minmaxnorm
166,Q0,FR89518-0026,197,2.6327487317599587,minmaxnorm
166,Q0,AP890118-0190,198,2.6031138381635417,minmaxnorm
166,Q0,AP890421-0204,199,2.5958667605856753,minmaxnorm
166,Q0,WSJ891025-0093,200,2.5909169765199276,minmaxnorm
166,Q0,AP881219-0030,201,2.5886034483478886,minmaxnorm
166,Q0,AP890123-0329,202,2.573187957106474,minmaxnorm
166,Q0,WSJ870312-0107,203,2.5724543585199937,minmaxnorm
166,Q0,DOE1-87-0733,204,2.566194422643682,minmaxnorm
166,Q0,WSJ900606-0162,205,2.5554550079423217,minmaxnorm
166,Q0,AP890129-0002,206,2.5521110375851954,minmaxnorm
166,Q0,AP880424-0011,207,2.549651352145187,minmaxnorm
166,Q0,WSJ910118-0122,208,2.5304321010591666,minmaxnorm
166,Q0,AP890322-0249,209,2.519777959326832,minmaxnorm
166,Q0,AP880823-0135,210,2.5003069191342973,minmaxnorm
166,Q0,WSJ900927-0046,211,2.498952472279529,minmaxnorm
166,Q0,AP890313-0198,212,2.480930697302035,minmaxnorm
166,Q0,WSJ870310-0085,213,2.4763076074485126,minmaxnorm
166,Q0,AP890301-0025,214,2.474241904301119,minmaxnorm
166,Q0,AP890712-0248,215,2.463864722924944,minmaxnorm
166,Q0,WSJ871013-0006,216,2.460997672798189,minmaxnorm
166,Q0,FR88912-0068,217,2.4478965744421823,minmaxnorm
166,Q0,DOE1-32-0325,218,2.446649542244655,minmaxnorm
166,Q0,WSJ870313-0091,219,2.439463670209435,minmaxnorm
166,Q0,WSJ870204-0093,220,2.416900444530389,minmaxnorm
166,Q0,FR89818-0019,221,2.4106899302018223,minmaxnorm
166,Q0,WSJ920107-0098,222,2.4082203907233617,minmaxnorm
166,Q0,WSJ911022-0121,223,2.3845597861474133,minmaxnorm
166,Q0,AP880327-0041,224,2.377281961998308,minmaxnorm
166,Q0,DOE2-09-0630,225,2.3728048421281143,minmaxnorm
166,Q0,WSJ871211-0033,226,2.370899972227274,minmaxnorm
166,Q0,WSJ871211-0035,227,2.3471466299777446,minmaxnorm
166,Q0,AP880504-0006,228,2.334655609731109,minmaxnorm
166,Q0,FR89712-0020,229,2.332111265218986,minmaxnorm
166,Q0,AP890525-0010,230,2.330840554667934,minmaxnorm
166,Q0,AP880609-0106,231,2.3215730751912242,minmaxnorm
166,Q0,WSJ910412-0020,232,2.3106025610363434,minmaxnorm
166,Q0,AP890303-0058,233,2.3083503466412916,minmaxnorm
166,Q0,WSJ871110-0045,234,2.3051945249331403,minmaxnorm
166,Q0,FR89620-0017,235,2.2956763379048932,minmaxnorm
166,Q0,WSJ920225-0161,236,2.2878610740771497,minmaxnorm
166,Q0,AP880308-0260,237,2.2821096604594557,minmaxnorm
166,Q0,WSJ910227-0109,238,2.2806423901119124,minmaxnorm
166,Q0,AP880428-0241,239,2.2679177768177907,minmaxnorm
166,Q0,WSJ900427-0107,240,2.26102585880357,minmaxnorm
166,Q0,AP891020-0110,241,2.258304121237047,minmaxnorm
166,Q0,WSJ911230-0002,242,2.2505108509718075,minmaxnorm
166,Q0,AP880509-0005,243,2.245337534510794,minmaxnorm
166,Q0,AP880802-0182,244,2.236724817529476,minmaxnorm
166,Q0,AP890601-0012,245,2.2134626841873954,minmaxnorm
166,Q0,AP880824-0156,246,2.2031998370968844,minmaxnorm
166,Q0,AP891024-0059,247,2.192509509012737,minmaxnorm
166,Q0,AP891211-0037,248,2.190085181355334,minmaxnorm
166,Q0,AP880313-0038,249,2.1431201884535738,minmaxnorm
166,Q0,WSJ870916-0064,250,2.142728508642114,minmaxnorm
166,Q0,AP890407-0075,251,2.1329173658601643,minmaxnorm
166,Q0,WSJ871014-0006,252,2.123145858548795,minmaxnorm
166,Q0,DOE1-39-0993,253,2.1190991259065877,minmaxnorm
166,Q0,WSJ910311-0056,254,2.1180183800832415,minmaxnorm
166,Q0,WSJ910320-0115,255,2.1123757731681203,minmaxnorm
166,Q0,ZF109-669-569,256,2.111553901215879,minmaxnorm
166,Q0,WSJ910306-0101,257,2.109509036911463,minmaxnorm
166,Q0,AP891203-0046,258,2.108898723296999,minmaxnorm
166,Q0,AP890427-0173,259,2.103776515492153,minmaxnorm
166,Q0,AP891028-0135,260,2.0888367316897,minmaxnorm
166,Q0,AP880710-0041,261,2.0790914859565923,minmaxnorm
166,Q0,AP890608-0205,262,2.052090449250157,minmaxnorm
166,Q0,WSJ870915-0119,263,2.0439642770965976,minmaxnorm
166,Q0,AP890606-0159,264,2.043657510164769,minmaxnorm
166,Q0,AP890203-0278,265,2.027380782437886,minmaxnorm
166,Q0,AP880627-0246,266,2.0185319645312627,minmaxnorm
166,Q0,DOE2-71-0383,267,2.0087987339536415,minmaxnorm
166,Q0,AP891222-0005,268,2.0080147995676523,minmaxnorm
166,Q0,AP891215-0004,269,2.0043490814079505,minmaxnorm
166,Q0,FR89524-0073,270,1.984372919922631,minmaxnorm
166,Q0,WSJ870710-0097,271,1.9785387219705224,minmaxnorm
166,Q0,AP880627-0256,272,1.9758591216569514,minmaxnorm
166,Q0,AP890504-0049,273,1.9684781825886029,minmaxnorm
166,Q0,AP880711-0051,274,1.9682781170811947,minmaxnorm
166,Q0,FR88831-0134,275,1.9668437714516176,minmaxnorm
166,Q0,AP880524-0074,276,1.9644844478707895,minmaxnorm
166,Q0,ZF108-413-718,277,1.9554524863797664,minmaxnorm
166,Q0,AP880412-0227,278,1.9509055293764634,minmaxnorm
166,Q0,WSJ900725-0092,279,1.94282564479233,minmaxnorm
166,Q0,AP881221-0013,280,1.9396281776335234,minmaxnorm
166,Q0,AP880418-0009,281,1.9370379106162785,minmaxnorm
166,Q0,WSJ900518-0117,282,1.9349491716730907,minmaxnorm
166,Q0,AP891019-0133,283,1.9329580580265107,minmaxnorm
166,Q0,AP880703-0051,284,1.9295293080352465,minmaxnorm
166,Q0,AP890713-0019,285,1.927881130223143,minmaxnorm
166,Q0,ZF108-220-010,286,1.9244995809669292,minmaxnorm
166,Q0,AP890629-0053,287,1.923950219467543,minmaxnorm
166,Q0,AP880721-0266,288,1.9172817450213406,minmaxnorm
166,Q0,WSJ911104-0021,289,1.9159845608398818,minmaxnorm
166,Q0,AP880419-0114,290,1.9112015614718323,minmaxnorm
166,Q0,AP890814-0054,291,1.9079919855328487,minmaxnorm
166,Q0,AP890123-0228,292,1.9034949581268845,minmaxnorm
166,Q0,WSJ900621-0083,293,1.899995527542976,minmaxnorm
166,Q0,AP890612-0278,294,1.8999502949387934,minmaxnorm
166,Q0,AP881107-0100,295,1.899717002828779,minmaxnorm
166,Q0,AP880802-0109,296,1.8967074475546175,minmaxnorm
166,Q0,WSJ900611-0110,297,1.8939117042606808,minmaxnorm
166,Q0,WSJ920120-0007,298,1.8930974674827254,minmaxnorm
166,Q0,WSJ900416-0099,299,1.8910262708110386,minmaxnorm
166,Q0,WSJ870414-0134,300,1.8908947204130293,minmaxnorm
166,Q0,WSJ900607-0112,301,1.8777871461413451,minmaxnorm
166,Q0,WSJ911028-0067,302,1.8679985243496948,minmaxnorm
166,Q0,AP880922-0007,303,1.8580306475003345,minmaxnorm
166,Q0,WSJ910121-0113,304,1.8535056125159763,minmaxnorm
166,Q0,FR89131-0128,305,1.8531545263915035,minmaxnorm
166,Q0,AP890602-0057,306,1.847693242917359,minmaxnorm
166,Q0,AP880502-0217,307,1.842895898022229,minmaxnorm
166,Q0,WSJ900926-0066,308,1.8386720611252017,minmaxnorm
166,Q0,WSJ870401-0172,309,1.8366217279054644,minmaxnorm
166,Q0,AP880401-0122,310,1.8273166706424746,minmaxnorm
166,Q0,WSJ870706-0072,311,1.8238827542557283,minmaxnorm
166,Q0,AP890522-0105,312,1.821825855796562,minmaxnorm
166,Q0,WSJ890814-0147,313,1.8090453072816717,minmaxnorm
166,Q0,WSJ900911-0079,314,1.8089099821945158,minmaxnorm
166,Q0,WSJ910503-0096,315,1.8023531875105272,minmaxnorm
166,Q0,AP890606-0015,316,1.7950918807126721,minmaxnorm
166,Q0,AP880920-0006,317,1.7940707537925291,minmaxnorm
166,Q0,WSJ911022-0069,318,1.7915735340086716,minmaxnorm
166,Q0,ZF109-517-669,319,1.7873353625805652,minmaxnorm
166,Q0,AP890411-0054,320,1.786430859452214,minmaxnorm
166,Q0,AP890714-0067,321,1.7821990795649985,minmaxnorm
166,Q0,AP890723-0025,322,1.7784268978455453,minmaxnorm
166,Q0,WSJ910919-0104,323,1.7658522697999923,minmaxnorm
166,Q0,AP880623-0200,324,1.763254050350199,minmaxnorm
166,Q0,ZF109-559-489,325,1.7580806828086217,minmaxnorm
166,Q0,WSJ900927-0149,326,1.7566241997617158,minmaxnorm
166,Q0,AP880714-0019,327,1.755665435805066,minmaxnorm
166,Q0,AP890525-0190,328,1.7516083690494053,minmaxnorm
166,Q0,FR88805-0046,329,1.7356000067364508,minmaxnorm
166,Q0,WSJ911212-0147,330,1.734050311488794,minmaxnorm
166,Q0,WSJ910627-0151,331,1.7254227395040413,minmaxnorm
166,Q0,FR89721-0117,332,1.7240244346078841,minmaxnorm
166,Q0,AP880225-0199,333,1.723800669129002,minmaxnorm
166,Q0,AP880627-0248,334,1.711770350432233,minmaxnorm
166,Q0,AP890316-0090,335,1.7084031829714221,minmaxnorm
166,Q0,AP880425-0236,336,1.702801719001144,minmaxnorm
166,Q0,FR89821-0020,337,1.7001548401388884,minmaxnorm
166,Q0,WSJ870612-0043,338,1.6971715818088402,minmaxnorm
166,Q0,AP890314-0237,339,1.6964899730028058,minmaxnorm
166,Q0,WSJ881007-0159,340,1.6941691880940712,minmaxnorm
166,Q0,AP880419-0017,341,1.6847634590796194,minmaxnorm
166,Q0,AP890613-0205,342,1.6823717740283812,minmaxnorm
166,Q0,AP880831-0292,343,1.6815073469790265,minmaxnorm
166,Q0,AP880331-0028,344,1.669050808296751,minmaxnorm
166,Q0,DOE1-74-0765,345,1.6688008757584591,minmaxnorm
166,Q0,AP890710-0166,346,1.664443233158363,minmaxnorm
166,Q0,WSJ910212-0149,347,1.6640967773875543,minmaxnorm
166,Q0,AP890919-0017,348,1.6614166790544498,minmaxnorm
166,Q0,FR89306-0092,349,1.657591977405342,minmaxnorm
166,Q0,AP891026-0110,350,1.6542776335739648,minmaxnorm
166,Q0,WSJ870130-0169,351,1.6520122585784571,minmaxnorm
166,Q0,AP880713-0096,352,1.6454901464281,minmaxnorm
166,Q0,ZF207-175-772,353,1.6380247165129813,minmaxnorm
166,Q0,AP880212-0108,354,1.6358297113423412,minmaxnorm
166,Q0,DOE1-52-0231,355,1.634627746033752,minmaxnorm
166,Q0,WSJ900507-0122,356,1.6341177431598655,minmaxnorm
166,Q0,ZF108-607-068,357,1.6235659544166146,minmaxnorm
166,Q0,WSJ880830-0124,358,1.623520914922455,minmaxnorm
166,Q0,WSJ910528-0077,359,1.6183766275486453,minmaxnorm
166,Q0,DOE2-55-0908,360,1.6151972152764096,minmaxnorm
166,Q0,DOE1-16-0329,361,1.6149736555771865,minmaxnorm
166,Q0,ZF206-949-704,362,1.6146917284995208,minmaxnorm
166,Q0,DOE1-26-1085,363,1.6122030701894408,minmaxnorm
166,Q0,AP891204-0137,364,1.6112323366253753,minmaxnorm
166,Q0,WSJ900419-0135,365,1.6047618599586024,minmaxnorm
166,Q0,AP881227-0009,366,1.6032847240876722,minmaxnorm
166,Q0,WSJ910903-0069,367,1.6023366761795053,minmaxnorm
166,Q0,DOE1-26-0322,368,1.6017196424215818,minmaxnorm
166,Q0,WSJ900504-0109,369,1.6016144550033464,minmaxnorm
166,Q0,DOE1-66-0843,370,1.5952392403351763,minmaxnorm
166,Q0,AP890724-0020,371,1.593564453930334,minmaxnorm
166,Q0,AP890605-0041,372,1.5899479004179458,minmaxnorm
166,Q0,AP880524-0056,373,1.5897355435206304,minmaxnorm
166,Q0,WSJ911204-0003,374,1.5814287279310624,minmaxnorm
166,Q0,WSJ910313-0102,375,1.577293215401567,minmaxnorm
166,Q0,WSJ910618-0054,376,1.576069462441498,minmaxnorm
166,Q0,FR88205-0164,377,1.5751987820365654,minmaxnorm
166,Q0,AP890314-0046,378,1.570380767818752,minmaxnorm
166,Q0,DOE2-70-0923,379,1.5670426155172466,minmaxnorm
166,Q0,WSJ890726-0100,380,1.5666754002092018,minmaxnorm
166,Q0,FR89323-0035,381,1.5577218978978205,minmaxnorm
166,Q0,WSJ890809-0119,382,1.5497780059963477,minmaxnorm
166,Q0,FR89210-0017,383,1.543806783818779,minmaxnorm
166,Q0,WSJ880119-0104,384,1.5419811671662311,minmaxnorm
166,Q0,AP880302-0177,385,1.5416089777889879,minmaxnorm
166,Q0,DOE1-15-1005,386,1.5408014482269714,minmaxnorm
166,Q0,AP890814-0087,387,1.5363111156922706,minmaxnorm
166,Q0,WSJ870309-0051,388,1.5341736058960767,minmaxnorm
166,Q0,AP890618-0020,389,1.533734193984212,minmaxnorm
166,Q0,FR88129-0127,390,1.526040877952102,minmaxnorm
166,Q0,AP890612-0071,391,1.5197039526528136,minmaxnorm
166,Q0,WSJ910730-0131,392,1.5160611035145313,minmaxnorm
166,Q0,AP880301-0020,393,1.5133437217175671,minmaxnorm
166,Q0,AP891215-0174,394,1.509470637891588,minmaxnorm
166,Q0,WSJ910503-0119,395,1.5080200762079516,minmaxnorm
166,Q0,WSJ900920-0069,396,1.5046392088640523,minmaxnorm
166,Q0,ZF207-059-138,397,1.4949309810381124,minmaxnorm
166,Q0,FR88608-0018,398,1.4885057705510685,minmaxnorm
166,Q0,FR88721-0017,399,1.4825128486554664,minmaxnorm
166,Q0,WSJ910528-0142,400,1.4824698674468284,minmaxnorm
166,Q0,AP890404-0137,401,1.4811968378390417,minmaxnorm
166,Q0,AP880303-0089,402,1.4805103722294426,minmaxnorm
166,Q0,AP880614-0119,403,1.4802169577159838,minmaxnorm
166,Q0,WSJ910807-0051,404,1.4787268270300562,minmaxnorm
166,Q0,AP881001-0073,405,1.473298141813794,minmaxnorm
166,Q0,FR89516-0096,406,1.470185218161888,minmaxnorm
166,Q0,AP880329-0062,407,1.4662423242524139,minmaxnorm
166,Q0,WSJ870804-0138,408,1.4644766990699267,minmaxnorm
166,Q0,WSJ910423-0241,409,1.464422243958804,minmaxnorm
166,Q0,WSJ890918-0050,410,1.4627565072971993,minmaxnorm
166,Q0,WSJ900420-0075,411,1.4614534362036333,minmaxnorm
166,Q0,WSJ911204-0028,412,1.45084105402505,minmaxnorm
166,Q0,WSJ910731-0106,413,1.4492417648246345,minmaxnorm
166,Q0,AP890823-0078,414,1.4412259548542994,minmaxnorm
166,Q0,FR89616-0087,415,1.4397362348507758,minmaxnorm
166,Q0,WSJ911105-0087,416,1.4379358030061429,minmaxnorm
166,Q0,DOE1-70-0802,417,1.436025534282737,minmaxnorm
166,Q0,WSJ910913-0086,418,1.4319808039066722,minmaxnorm
166,Q0,WSJ910423-0129,419,1.4277016547257448,minmaxnorm
166,Q0,AP880510-0251,420,1.4199416128037945,minmaxnorm
166,Q0,DOE1-61-1107,421,1.418062169655993,minmaxnorm
166,Q0,WSJ880308-0008,422,1.4146675391855283,minmaxnorm
166,Q0,AP881028-0145,423,1.4145354362709726,minmaxnorm
166,Q0,AP880906-0060,424,1.410166982370751,minmaxnorm
166,Q0,WSJ910320-0134,425,1.4070108787254216,minmaxnorm
166,Q0,AP890811-0198,426,1.4059014131516956,minmaxnorm
166,Q0,WSJ910212-0153,427,1.404951081151197,minmaxnorm
166,Q0,AP880721-0264,428,1.4037148276501177,minmaxnorm
166,Q0,WSJ880902-0104,429,1.4001425889887067,minmaxnorm
166,Q0,AP880902-0029,430,1.3978237313308737,minmaxnorm
166,Q0,AP890626-0217,431,1.3974874618167255,minmaxnorm
166,Q0,FR88812-0084,432,1.3934435099168496,minmaxnorm
166,Q0,ZF207-561-392,433,1.3896639427476223,minmaxnorm
166,Q0,DOE1-03-0062,434,1.3877029295563768,minmaxnorm
166,Q0,AP880602-0232,435,1.3857191088262713,minmaxnorm
166,Q0,WSJ900725-0122,436,1.3837164056180067,minmaxnorm
166,Q0,WSJ900618-0111,437,1.3816814704173366,minmaxnorm
166,Q0,AP880425-0089,438,1.3737899774851365,minmaxnorm
166,Q0,WSJ900911-0056,439,1.3695272356539512,minmaxnorm
166,Q0,WSJ870203-0067,440,1.3649093996442563,minmaxnorm
166,Q0,WSJ910130-0088,441,1.3543488575834437,minmaxnorm
166,Q0,ZF108-048-850,442,1.3531685853704012,minmaxnorm
166,Q0,WSJ910307-0078,443,1.3518920779835084,minmaxnorm
166,Q0,WSJ880304-0097,444,1.34280163908366,minmaxnorm
166,Q0,AP881228-0101,445,1.3413147013094107,minmaxnorm
166,Q0,DOE2-21-0165,446,1.3381952940427428,minmaxnorm
166,Q0,ZF108-288-618,447,1.3342150024353905,minmaxnorm
166,Q0,ZF108-146-216,448,1.333825439559696,minmaxnorm
166,Q0,ZF108-547-638,449,1.3279229138871103,minmaxnorm
166,Q0,WSJ890911-0077,450,1.3276381656433187,minmaxnorm
166,Q0,AP880721-0258,451,1.326516639807673,minmaxnorm
166,Q0,AP890713-0102,452,1.3193649167330703,minmaxnorm
166,Q0,FR88914-0018,453,1.3143356162418651,minmaxnorm
166,Q0,WSJ920311-0067,454,1.3125997891596861,minmaxnorm
166,Q0,AP880510-0252,455,1.3118912880728901,minmaxnorm
166,Q0,AP881113-0002,456,1.3115013586326612,minmaxnorm
166,Q0,FR891013-0020,457,1.3057731982836618,minmaxnorm
166,Q0,AP890522-0197,458,1.3004642595495857,minmaxnorm
166,Q0,DOE2-75-1236,459,1.2988296762290732,minmaxnorm
166,Q0,WSJ880913-0123,460,1.2979646829221583,minmaxnorm
166,Q0,AP890612-0132,461,1.293152722278767,minmaxnorm
166,Q0,AP880503-0145,462,1.2925395748010065,minmaxnorm
166,Q0,DOE1-94-0096,463,1.2909122179162513,minmaxnorm
166,Q0,WSJ870706-0086,464,1.2879165619553925,minmaxnorm
166,Q0,FR88902-0100,465,1.2871545323491818,minmaxnorm
166,Q0,FR88923-0042,466,1.2853486098951623,minmaxnorm
166,Q0,AP880301-0187,467,1.2825067315134453,minmaxnorm
166,Q0,AP890110-0138,468,1.2818000923233739,minmaxnorm
166,Q0,AP890312-0092,469,1.2816240175684364,minmaxnorm
166,Q0,ZF109-473-141,470,1.2812389862551945,minmaxnorm
166,Q0,DOE1-03-0063,471,1.2775887722407597,minmaxnorm
166,Q0,AP890324-0008,472,1.275339138856747,minmaxnorm
166,Q0,AP890426-0080,473,1.2714202723177526,minmaxnorm
166,Q0,FR88815-0018,474,1.2710039491838243,minmaxnorm
166,Q0,ZF207-349-299,475,1.269079896719337,minmaxnorm
166,Q0,AP880517-0033,476,1.2687127053493743,minmaxnorm
166,Q0,FR89313-0007,477,1.2669165594276828,minmaxnorm
166,Q0,WSJ910909-0010,478,1.2662680911743247,minmaxnorm
166,Q0,AP880413-0336,479,1.264784440250708,minmaxnorm
166,Q0,AP881115-0032,480,1.263755816691459,minmaxnorm
166,Q0,DOE1-03-0360,481,1.2624495043681432,minmaxnorm
166,Q0,DOE1-30-1006,482,1.2613429360476458,minmaxnorm
166,Q0,DOE1-94-0552,483,1.2607750307576098,minmaxnorm
166,Q0,DOE1-30-1007,484,1.2602025790006413,minmaxnorm
166,Q0,WSJ910521-0114,485,1.2552888309596555,minmaxnorm
166,Q0,ZF108-429-894,486,1.2546551967486501,minmaxnorm
166,Q0,WSJ881109-0079,487,1.2521946244623936,minmaxnorm
166,Q0,AP880513-0277,488,1.244846600566907,minmaxnorm
166,Q0,AP880829-0111,489,1.241250880636127,minmaxnorm
166,Q0,WSJ880111-0080,490,1.2331847700646255,minmaxnorm
166,Q0,AP890501-0220,491,1.23152271473098,minmaxnorm
166,Q0,AP880418-0008,492,1.2291131713420556,minmaxnorm
166,Q0,FR89817-0026,493,1.2288275444662757,minmaxnorm
166,Q0,AP880413-0251,494,1.2283103787482605,minmaxnorm
166,Q0,WSJ910606-0007,495,1.2195976601169547,minmaxnorm
166,Q0,AP890206-0013,496,1.2194607089087415,minmaxnorm
166,Q0,WSJ900723-0124,497,1.2174480436250827,minmaxnorm
166,Q0,WSJ910313-0106,498,1.2146303437752297,minmaxnorm
166,Q0,WSJ880506-0171,499,1.2116889414548737,minmaxnorm
166,Q0,FR89801-0042,500,1.2074013039694065,minmaxnorm
166,Q0,FR88701-0027,501,1.1991739959793932,minmaxnorm
166,Q0,FR89608-0098,502,1.1989262558157587,minmaxnorm
166,Q0,AP890130-0225,503,1.1983292414955993,minmaxnorm
166,Q0,WSJ880128-0029,504,1.1979469404742593,minmaxnorm
166,Q0,AP890522-0154,505,1.1976730695305988,minmaxnorm
166,Q0,DOE2-32-0935,506,1.19420948396152,minmaxnorm
166,Q0,WSJ900502-0082,507,1.1934889883604713,minmaxnorm
166,Q0,FR891023-0012,508,1.188074804378144,minmaxnorm
166,Q0,FR88926-0115,509,1.187876002026809,minmaxnorm
166,Q0,WSJ880204-0084,510,1.1877519277830382,minmaxnorm
166,Q0,WSJ900913-0044,511,1.1877044471434357,minmaxnorm
166,Q0,WSJ880412-0088,512,1.1855382199353128,minmaxnorm
166,Q0,AP890320-0043,513,1.1854319283846222,minmaxnorm
166,Q0,ZF108-677-650,514,1.1827952189884312,minmaxnorm
166,Q0,FR89718-0104,515,1.181332044144604,minmaxnorm
166,Q0,AP880221-0034,516,1.179495799626384,minmaxnorm
166,Q0,FR89105-0002,517,1.177790550004187,minmaxnorm
166,Q0,DOE2-28-0458,518,1.1775010741707646,minmaxnorm
166,Q0,WSJ870420-0089,519,1.1769385243060082,minmaxnorm
166,Q0,WSJ890728-0164,520,1.1746258717972515,minmaxnorm
166,Q0,FR89317-0116,521,1.1725993048850916,minmaxnorm
166,Q0,AP890927-0100,522,1.1656552975140675,minmaxnorm
166,Q0,WSJ920128-0129,523,1.1621749200727398,minmaxnorm
166,Q0,DOE1-06-0758,524,1.1612651939492147,minmaxnorm
166,Q0,ZF109-452-481,525,1.1579324848579267,minmaxnorm
166,Q0,DOE2-16-0427,526,1.1578921769065584,minmaxnorm
166,Q0,DOE1-82-0304,527,1.151073397982099,minmaxnorm
166,Q0,AP880622-0279,528,1.1462151018420133,minmaxnorm
166,Q0,AP881109-0052,529,1.1431965956767338,minmaxnorm
166,Q0,DOE1-76-1121,530,1.1421642296044712,minmaxnorm
166,Q0,FR881031-0018,531,1.1386013198126137,minmaxnorm
166,Q0,WSJ910320-0015,532,1.1344980143929178,minmaxnorm
166,Q0,ZF207-214-954,533,1.1332245272370391,minmaxnorm
166,Q0,DOE1-13-1087,534,1.1330983157669932,minmaxnorm
166,Q0,FR89427-0015,535,1.130164923841256,minmaxnorm
166,Q0,AP890409-0038,536,1.1216793231677011,minmaxnorm
166,Q0,AP881114-0036,537,1.1215276028225365,minmaxnorm
166,Q0,ZF108-325-708,538,1.1206250432124547,minmaxnorm
166,Q0,WSJ891009-0126,539,1.1197410152774179,minmaxnorm
166,Q0,ZF207-617-679,540,1.1188612964167353,minmaxnorm
166,Q0,FR89412-0032,541,1.1164673019472562,minmaxnorm
166,Q0,AP890615-0181,542,1.11312957427004,minmaxnorm
166,Q0,WSJ870811-0006,543,1.112408645680885,minmaxnorm
166,Q0,AP880922-0115,544,1.1101153837950013,minmaxnorm
166,Q0,AP881214-0002,545,1.1038864231256094,minmaxnorm
166,Q0,AP881215-0025,546,1.1037467649067978,minmaxnorm
166,Q0,DOE1-73-1007,547,1.1001964012245424,minmaxnorm
166,Q0,AP880831-0234,548,1.0974308093588563,minmaxnorm
166,Q0,ZF207-372-930,549,1.0967027273110377,minmaxnorm
166,Q0,WSJ910207-0120,550,1.0966611489227596,minmaxnorm
166,Q0,AP891208-0139,551,1.0863168348645256,minmaxnorm
166,Q0,AP890727-0066,552,1.083709549647389,minmaxnorm
166,Q0,DOE2-14-0980,553,1.0820658571622108,minmaxnorm
166,Q0,AP880403-0037,554,1.0799889888168748,minmaxnorm
166,Q0,FR89509-0079,555,1.0795096753483324,minmaxnorm
166,Q0,DOE1-86-0015,556,1.0788348905130143,minmaxnorm
166,Q0,DOE2-15-0760,557,1.0754716842144385,minmaxnorm
166,Q0,AP880919-0173,558,1.0740202069003741,minmaxnorm
166,Q0,AP880625-0149,559,1.0731228477101364,minmaxnorm
166,Q0,WSJ870608-0055,560,1.073118423270275,minmaxnorm
166,Q0,AP880216-0208,561,1.0702996137888423,minmaxnorm
166,Q0,DOE1-87-0741,562,1.0688292604480079,minmaxnorm
166,Q0,WSJ910913-0052,563,1.0684061021929785,minmaxnorm
166,Q0,AP891112-0013,564,1.0650239000444728,minmaxnorm
166,Q0,DOE1-33-0786,565,1.0580756664993949,minmaxnorm
166,Q0,WSJ910322-0041,566,1.0562035421589777,minmaxnorm
166,Q0,AP880414-0007,567,1.0559501925285577,minmaxnorm
166,Q0,DOE2-67-0194,568,1.055851393026409,minmaxnorm
166,Q0,ZF207-545-742,569,1.0513091759915092,minmaxnorm
166,Q0,WSJ870612-0129,570,1.0507759237525245,minmaxnorm
166,Q0,WSJ910919-0105,571,1.0486675178174396,minmaxnorm
166,Q0,AP891009-0060,572,1.0485121071321208,minmaxnorm
166,Q0,AP880406-0227,573,1.046352658076147,minmaxnorm
166,Q0,ZF109-548-385,574,1.046093807625241,minmaxnorm
166,Q0,FR89710-0114,575,1.0437545963541646,minmaxnorm
166,Q0,WSJ911008-0031,576,1.0391877635880786,minmaxnorm
166,Q0,DOE2-22-0620,577,1.0348955918912779,minmaxnorm
166,Q0,AP890915-0038,578,1.0333842706093617,minmaxnorm
166,Q0,ZF207-722-474,579,1.0323592737491667,minmaxnorm
166,Q0,AP880219-0129,580,1.030717347308075,minmaxnorm
166,Q0,AP880425-0115,581,1.0289081324165983,minmaxnorm
166,Q0,FR88512-0113,582,1.0280451111702336,minmaxnorm
166,Q0,ZF207-852-102,583,1.0268987980523556,minmaxnorm
166,Q0,ZF108-541-862,584,1.0253849545440852,minmaxnorm
166,Q0,DOE2-65-1012,585,1.018673779037489,minmaxnorm
166,Q0,AP880708-0165,586,1.0151633409416065,minmaxnorm
166,Q0,WSJ870506-0182,587,1.0132323256672398,minmaxnorm
166,Q0,AP890110-0270,588,1.0096728820327687,minmaxnorm
166,Q0,DOE2-10-1310,589,1.0075000522949353,minmaxnorm
166,Q0,WSJ880725-0081,590,1.00705543095181,minmaxnorm
166,Q0,WSJ861212-0079,591,1.0006629289985278,minmaxnorm
166,Q0,AP891117-0042,592,1.000628119879106,minmaxnorm
166,Q0,AP880505-0225,593,1.000409337685158,minmaxnorm
166,Q0,WSJ880513-0082,594,0.9996810836660324,minmaxnorm
166,Q0,ZF109-593-537,595,0.9984174297221847,minmaxnorm
166,Q0,WSJ920204-0178,596,0.9982082840577312,minmaxnorm
166,Q0,FR89823-0116,597,0.9967049234360812,minmaxnorm
166,Q0,DOE1-35-0299,598,0.9936672287595874,minmaxnorm
166,Q0,FR88803-0028,599,0.9927586482361499,minmaxnorm
166,Q0,AP881127-0052,600,0.9918777435906578,minmaxnorm
166,Q0,WSJ900827-0138,601,0.98964784707945,minmaxnorm
166,Q0,WSJ900608-0157,602,0.9867624838463622,minmaxnorm
166,Q0,FR89627-0029,603,0.9856269966738237,minmaxnorm
166,Q0,WSJ880120-0084,604,0.9840649574807447,minmaxnorm
166,Q0,AP880627-0250,605,0.9834479690654234,minmaxnorm
166,Q0,AP890124-0078,606,0.980873572258707,minmaxnorm
166,Q0,WSJ910701-0028,607,0.9800242632735331,minmaxnorm
166,Q0,WSJ911001-0104,608,0.9799959210206023,minmaxnorm
166,Q0,ZF108-631-270,609,0.9799631622329701,minmaxnorm
166,Q0,AP890612-0103,610,0.9797890465666057,minmaxnorm
166,Q0,WSJ880728-0007,611,0.9761070475448248,minmaxnorm
166,Q0,DOE2-77-0946,612,0.9741625432509129,minmaxnorm
166,Q0,ZF207-317-831,613,0.9727232583703389,minmaxnorm
166,Q0,WSJ920122-0153,614,0.971871716652295,minmaxnorm
166,Q0,FR89804-0031,615,0.9668142814999866,minmaxnorm
166,Q0,ZF207-253-372,616,0.9656729331392859,minmaxnorm
166,Q0,AP880602-0020,617,0.964832422377988,minmaxnorm
166,Q0,AP880331-0170,618,0.9647096742311091,minmaxnorm
166,Q0,AP880523-0195,619,0.9635605040045935,minmaxnorm
166,Q0,FR881130-0014,620,0.9609018343672351,minmaxnorm
166,Q0,AP890616-0042,621,0.9601256909110396,minmaxnorm
166,Q0,AP880505-0026,622,0.9582850814951298,minmaxnorm
166,Q0,ZF110-442-526,623,0.9547116350309623,minmaxnorm
166,Q0,AP891106-0107,624,0.9534072656645662,minmaxnorm
166,Q0,WSJ880610-0038,625,0.9523414722988919,minmaxnorm
166,Q0,AP890104-0136,626,0.9508303606009962,minmaxnorm
166,Q0,FR881021-0029,627,0.9495355815499289,minmaxnorm
166,Q0,DOE1-61-0355,628,0.9487353117136534,minmaxnorm
166,Q0,AP890118-0127,629,0.9472659614783085,minmaxnorm
166,Q0,ZF109-452-445,630,0.9437115648740925,minmaxnorm
166,Q0,DOE2-73-0712,631,0.9436710912367186,minmaxnorm
166,Q0,AP880423-0129,632,0.9426779263810598,minmaxnorm
166,Q0,ZF108-186-002,633,0.9385674215438556,minmaxnorm
166,Q0,AP880220-0073,634,0.9342651370774511,minmaxnorm
166,Q0,ZF207-162-778,635,0.9323760060114704,minmaxnorm
166,Q0,WSJ870415-0093,636,0.931604411680216,minmaxnorm
166,Q0,WSJ920226-0151,637,0.9315534525850658,minmaxnorm
166,Q0,DOE2-82-1311,638,0.9295541079159713,minmaxnorm
166,Q0,FR88511-0168,639,0.9295039651101824,minmaxnorm
166,Q0,WSJ910830-0128,640,0.9288262312250707,minmaxnorm
166,Q0,AP880405-0122,641,0.9256648752429827,minmaxnorm
166,Q0,DOE2-33-1234,642,0.9255366223524069,minmaxnorm
166,Q0,AP880824-0020,643,0.9225017805274474,minmaxnorm
166,Q0,WSJ910522-0115,644,0.9208661603278637,minmaxnorm
166,Q0,FR88201-0020,645,0.9204100457763168,minmaxnorm
166,Q0,WSJ880920-0005,646,0.917477650733313,minmaxnorm
166,Q0,ZF109-472-225,647,0.9168534491868432,minmaxnorm
166,Q0,WSJ910506-0125,648,0.9145911223552317,minmaxnorm
166,Q0,WSJ910618-0172,649,0.9142305801275733,minmaxnorm
166,Q0,AP890622-0030,650,0.9122186010177603,minmaxnorm
166,Q0,WSJ890802-0144,651,0.9079442591767297,minmaxnorm
166,Q0,DOE1-74-0069,652,0.9059416733162549,minmaxnorm
166,Q0,DOE2-47-1209,653,0.9033409403827661,minmaxnorm
166,Q0,WSJ870430-0176,654,0.9019663775566544,minmaxnorm
166,Q0,AP890727-0270,655,0.9011553170572185,minmaxnorm
166,Q0,FR89418-0028,656,0.8983337289853539,minmaxnorm
166,Q0,AP880511-0102,657,0.8966050041628144,minmaxnorm
166,Q0,WSJ920227-0002,658,0.896537792156606,minmaxnorm
166,Q0,AP890503-0216,659,0.8964970918415239,minmaxnorm
166,Q0,ZF108-793-444,660,0.8952024817859039,minmaxnorm
166,Q0,FR88920-0065,661,0.893498417717769,minmaxnorm
166,Q0,WSJ871221-0185,662,0.8931460333900908,minmaxnorm
166,Q0,WSJ880624-0118,663,0.8904008260070873,minmaxnorm
166,Q0,DOE1-06-0682,664,0.8858730774555212,minmaxnorm
166,Q0,AP891127-0149,665,0.8853868259628778,minmaxnorm
166,Q0,WSJ910401-0080,666,0.8845829274251251,minmaxnorm
166,Q0,WSJ910104-0103,667,0.8825055521951363,minmaxnorm
166,Q0,FR88610-0136,668,0.8813971739682832,minmaxnorm
166,Q0,WSJ910719-0187,669,0.8794465054126224,minmaxnorm
166,Q0,WSJ900904-0108,670,0.8769529746925337,minmaxnorm
166,Q0,FR881110-0168,671,0.8762311142675534,minmaxnorm
166,Q0,DOE1-20-0263,672,0.8747373057757124,minmaxnorm
166,Q0,AP890525-0059,673,0.8704058274041011,minmaxnorm
166,Q0,AP890118-0110,674,0.8700264256561621,minmaxnorm
166,Q0,DOE1-08-0474,675,0.8690151135635047,minmaxnorm
166,Q0,FR88817-0012,676,0.8689103336649266,minmaxnorm
166,Q0,ZF108-232-704,677,0.8686356912482869,minmaxnorm
166,Q0,FR88818-0055,678,0.8654849867961749,minmaxnorm
166,Q0,WSJ910813-0052,679,0.86485520500137,minmaxnorm
166,Q0,AP880401-0125,680,0.8633903597129825,minmaxnorm
166,Q0,WSJ900612-0097,681,0.863262794114449,minmaxnorm
166,Q0,FR89808-0083,682,0.8627626041635936,minmaxnorm
166,Q0,WSJ910515-0133,683,0.8613675572810537,minmaxnorm
166,Q0,FR89404-0118,684,0.8613299429497249,minmaxnorm
166,Q0,ZF207-149-420,685,0.8593483651442471,minmaxnorm
166,Q0,WSJ880706-0145,686,0.8586041688937464,minmaxnorm
166,Q0,WSJ920129-0009,687,0.8575189684877704,minmaxnorm
166,Q0,WSJ910516-0078,688,0.8533566074438549,minmaxnorm
166,Q0,ZF207-634-993,689,0.8512673362958503,minmaxnorm
166,Q0,WSJ911114-0002,690,0.8512663708396893,minmaxnorm
166,Q0,WSJ880510-0048,691,0.8506810472452757,minmaxnorm
166,Q0,WSJ880615-0086,692,0.850613754985619,minmaxnorm
166,Q0,WSJ911113-0031,693,0.8505716187111902,minmaxnorm
166,Q0,AP880926-0027,694,0.8499941528731307,minmaxnorm
166,Q0,FR88916-0083,695,0.8479052507338555,minmaxnorm
166,Q0,WSJ891020-0203,696,0.8468589922952301,minmaxnorm
166,Q0,ZF207-694-860,697,0.8442092233386191,minmaxnorm
166,Q0,DOE2-48-0255,698,0.8436488352703218,minmaxnorm
166,Q0,DOE1-11-0243,699,0.8407349768430107,minmaxnorm
166,Q0,WSJ891010-0109,700,0.8404061006130376,minmaxnorm
166,Q0,AP881021-0155,701,0.8401571714747006,minmaxnorm
166,Q0,FR88516-0128,702,0.8368868924149486,minmaxnorm
166,Q0,WSJ910905-0010,703,0.8368062297089464,minmaxnorm
166,Q0,DOE1-68-0666,704,0.834377416852726,minmaxnorm
166,Q0,DOE1-24-0816,705,0.8327811810980283,minmaxnorm
166,Q0,WSJ881003-0177,706,0.8295836299117566,minmaxnorm
166,Q0,WSJ871022-0153,707,0.8295159471675332,minmaxnorm
166,Q0,AP891211-0207,708,0.8268338347442455,minmaxnorm
166,Q0,WSJ910925-0065,709,0.8266368010744075,minmaxnorm
166,Q0,WSJ870618-0130,710,0.8265591052670025,minmaxnorm
166,Q0,AP881025-0184,711,0.8255977498559187,minmaxnorm
166,Q0,WSJ871207-0106,712,0.8255192357512017,minmaxnorm
166,Q0,AP880418-0005,713,0.8246224822573042,minmaxnorm
166,Q0,WSJ890825-0117,714,0.8246214618774153,minmaxnorm
166,Q0,WSJ911018-0112,715,0.8225580300170771,minmaxnorm
166,Q0,WSJ920227-0163,716,0.8220646391230715,minmaxnorm
166,Q0,AP881005-0146,717,0.8220493262738201,minmaxnorm
166,Q0,AP890621-0129,718,0.8207387458370877,minmaxnorm
166,Q0,WSJ910910-0144,719,0.8203931115713501,minmaxnorm
166,Q0,DOE1-58-1037,720,0.819917171242769,minmaxnorm
166,Q0,ZF207-522-476,721,0.8176676863694977,minmaxnorm
166,Q0,WSJ900531-0035,722,0.8174865704914626,minmaxnorm
166,Q0,AP891025-0189,723,0.817471402189487,minmaxnorm
166,Q0,ZF207-244-957,724,0.815873126295075,minmaxnorm
166,Q0,AP890425-0056,725,0.8152676331550881,minmaxnorm
166,Q0,ZF207-104-078,726,0.8119038630391038,minmaxnorm
166,Q0,FR881026-0023,727,0.8118919745785845,minmaxnorm
166,Q0,DOE2-34-1078,728,0.8101835543487237,minmaxnorm
166,Q0,WSJ911120-0086,729,0.8093798836449535,minmaxnorm
166,Q0,FR88514-0001,730,0.8080501434011645,minmaxnorm
166,Q0,AP880630-0143,731,0.8069654409723926,minmaxnorm
166,Q0,AP881022-0013,732,0.8067127835587048,minmaxnorm
166,Q0,WSJ910503-0109,733,0.806420306194364,minmaxnorm
166,Q0,AP890912-0017,734,0.8042046884143379,minmaxnorm
166,Q0,WSJ880912-0025,735,0.7975570915122647,minmaxnorm
166,Q0,ZF108-447-226,736,0.7972163134443072,minmaxnorm
166,Q0,WSJ880707-0143,737,0.797099574434134,minmaxnorm
166,Q0,WSJ870624-0059,738,0.7969372194612677,minmaxnorm
166,Q0,AP890502-0025,739,0.7952360542314135,minmaxnorm
166,Q0,DOE1-79-0415,740,0.7923182037271925,minmaxnorm
166,Q0,FR88817-0043,741,0.7894163688421942,minmaxnorm
166,Q0,AP880422-0137,742,0.7892919261915509,minmaxnorm
166,Q0,WSJ901226-0037,743,0.7888837917076229,minmaxnorm
166,Q0,DOE1-28-0745,744,0.7884623579205797,minmaxnorm
166,Q0,AP890619-0102,745,0.7869584826106767,minmaxnorm
166,Q0,WSJ910419-0091,746,0.786920581208169,minmaxnorm
166,Q0,ZF207-453-088,747,0.7869198180684449,minmaxnorm
166,Q0,DOE1-90-0046,748,0.7838724201282301,minmaxnorm
166,Q0,WSJ870227-0210,749,0.7819221776288572,minmaxnorm
166,Q0,DOE1-49-0679,750,0.7809864099256597,minmaxnorm
166,Q0,AP880824-0233,751,0.7804937133861604,minmaxnorm
166,Q0,AP890619-0031,752,0.7793276957136294,minmaxnorm
166,Q0,FR89530-0038,753,0.779211010091776,minmaxnorm
166,Q0,FR881117-0077,754,0.7785796693831583,minmaxnorm
166,Q0,AP890124-0114,755,0.7757402735483776,minmaxnorm
166,Q0,DOE1-87-1202,756,0.7753352559980414,minmaxnorm
166,Q0,WSJ880421-0175,757,0.7741059088234761,minmaxnorm
166,Q0,DOE2-33-0092,758,0.7722864482389573,minmaxnorm
166,Q0,WSJ910522-0170,759,0.7721167608591598,minmaxnorm
166,Q0,DOE1-51-0966,760,0.7720909546640157,minmaxnorm
166,Q0,WSJ870625-0056,761,0.7712036863603375,minmaxnorm
166,Q0,ZF108-609-522,762,0.7711739333779264,minmaxnorm
166,Q0,ZF109-670-997,763,0.7701934559709982,minmaxnorm
166,Q0,ZF207-290-921,764,0.7691965122889397,minmaxnorm
166,Q0,WSJ870123-0175,765,0.7690703317160698,minmaxnorm
166,Q0,WSJ910423-0027,766,0.7676193723980514,minmaxnorm
166,Q0,DOE2-62-0741,767,0.7675486468987381,minmaxnorm
166,Q0,ZF108-707-628,768,0.7662130670082254,minmaxnorm
166,Q0,WSJ910319-0130,769,0.766013856251861,minmaxnorm
166,Q0,AP890615-0130,770,0.7639859834070031,minmaxnorm
166,Q0,AP890920-0112,771,0.763965495423615,minmaxnorm
166,Q0,AP880825-0043,772,0.7621055246665731,minmaxnorm
166,Q0,FR89630-0085,773,0.7619782958769306,minmaxnorm
166,Q0,FR89314-0078,774,0.7611578100960452,minmaxnorm
166,Q0,WSJ910418-0145,775,0.76082935123472,minmaxnorm
166,Q0,FR89817-0032,776,0.759720782175042,minmaxnorm
166,Q0,ZF109-603-889,777,0.7573747177309069,minmaxnorm
166,Q0,FR89113-0032,778,0.7563562504692911,minmaxnorm
166,Q0,ZF108-523-320,779,0.7561331712859163,minmaxnorm
166,Q0,ZF207-747-024,780,0.7553295890571738,minmaxnorm
166,Q0,AP880714-0015,781,0.7527746200337146,minmaxnorm
166,Q0,AP890405-0043,782,0.7521636529888774,minmaxnorm
166,Q0,AP890411-0183,783,0.7490270829115429,minmaxnorm
166,Q0,AP890731-0250,784,0.7448386855127235,minmaxnorm
166,Q0,ZF108-821-944,785,0.7437985279596544,minmaxnorm
166,Q0,AP880609-0071,786,0.7425034869582298,minmaxnorm
166,Q0,AP881001-0031,787,0.7409279949573647,minmaxnorm
166,Q0,AP891118-0107,788,0.7408701693953129,minmaxnorm
166,Q0,WSJ880809-0085,789,0.7408339506048767,minmaxnorm
166,Q0,WSJ910913-0109,790,0.7406268943292545,minmaxnorm
166,Q0,ZF108-767-348,791,0.7395775418676417,minmaxnorm
166,Q0,FR89918-0059,792,0.7389825926701862,minmaxnorm
166,Q0,WSJ880614-0076,793,0.7374382514623249,minmaxnorm
166,Q0,AP890201-0112,794,0.7364756738292562,minmaxnorm
166,Q0,WSJ900518-0093,795,0.734707596126665,minmaxnorm
166,Q0,FR89108-0071,796,0.7311390413151794,minmaxnorm
166,Q0,AP880324-0236,797,0.7286418893432075,minmaxnorm
166,Q0,DOE2-62-0827,798,0.7281622417677988,minmaxnorm
166,Q0,AP880325-0038,799,0.7260926558320977,minmaxnorm
166,Q0,ZF108-102-582,800,0.7258739352714921,minmaxnorm
166,Q0,WSJ890731-0121,801,0.7240686614764391,minmaxnorm
166,Q0,FR88825-0022,802,0.723252881569368,minmaxnorm
166,Q0,AP880929-0241,803,0.72138514799203,minmaxnorm
166,Q0,AP881003-0029,804,0.7210656559632054,minmaxnorm
166,Q0,AP891207-0006,805,0.7174965654045766,minmaxnorm
166,Q0,ZF207-742-656,806,0.717378111636008,minmaxnorm
166,Q0,WSJ910418-0110,807,0.7173703756272956,minmaxnorm
166,Q0,WSJ900424-0140,808,0.7172814096403349,minmaxnorm
166,Q0,WSJ910402-0081,809,0.7171917626358543,minmaxnorm
166,Q0,DOE1-93-0295,810,0.7151324526805392,minmaxnorm
166,Q0,WSJ910925-0066,811,0.7150808519541216,minmaxnorm
166,Q0,FR88510-0124,812,0.7138501015472585,minmaxnorm
166,Q0,ZF108-817-522,813,0.7114979948536935,minmaxnorm
166,Q0,DOE1-96-0285,814,0.7112055895726761,minmaxnorm
166,Q0,DOE1-81-0180,815,0.7102869194004648,minmaxnorm
166,Q0,AP890306-0258,816,0.7101154612168764,minmaxnorm
166,Q0,FR88708-0133,817,0.7089710904906538,minmaxnorm
166,Q0,ZF108-755-586,818,0.7088828034872354,minmaxnorm
166,Q0,AP891031-0136,819,0.7061873544521768,minmaxnorm
166,Q0,AP890926-0179,820,0.7051266192968251,minmaxnorm
166,Q0,AP890317-0031,821,0.7051085404185704,minmaxnorm
166,Q0,AP890731-0251,822,0.7048078840087544,minmaxnorm
166,Q0,AP881127-0073,823,0.7031222198146129,minmaxnorm
166,Q0,AP880704-0090,824,0.701744836626558,minmaxnorm
166,Q0,ZF207-238-044,825,0.7014420334446279,minmaxnorm
166,Q0,AP890922-0246,826,0.7012608111291169,minmaxnorm
166,Q0,WSJ871201-0055,827,0.7011986048573066,minmaxnorm
166,Q0,ZF108-437-608,828,0.7008045635578015,minmaxnorm
166,Q0,FR881202-0145,829,0.7005878832752398,minmaxnorm
166,Q0,FR89726-0114,830,0.7002852296015345,minmaxnorm
166,Q0,AP880527-0141,831,0.6998364097780343,minmaxnorm
166,Q0,FR88707-0025,832,0.6980555627756955,minmaxnorm
166,Q0,AP890105-0244,833,0.6968328779815254,minmaxnorm
166,Q0,FR88120-0091,834,0.6968074934024604,minmaxnorm
166,Q0,AP880608-0078,835,0.694422871847445,minmaxnorm
166,Q0,AP890626-0080,836,0.6926031366259465,minmaxnorm
166,Q0,AP880323-0017,837,0.6916048876043166,minmaxnorm
166,Q0,WSJ880420-0117,838,0.6913552416412297,minmaxnorm
166,Q0,DOE2-35-0273,839,0.6880923786490243,minmaxnorm
166,Q0,FR89509-0010,840,0.6863100252795963,minmaxnorm
166,Q0,WSJ910725-0112,841,0.6846963013045538,minmaxnorm
166,Q0,AP880413-0090,842,0.6839826267204748,minmaxnorm
166,Q0,DOE1-28-1004,843,0.6837361422369898,minmaxnorm
166,Q0,FR89419-0037,844,0.682755106331433,minmaxnorm
166,Q0,ZF108-006-968,845,0.6809957094773935,minmaxnorm
166,Q0,DOE2-46-0344,846,0.6809339848184572,minmaxnorm
166,Q0,AP881108-0015,847,0.6786150238816082,minmaxnorm
166,Q0,DOE2-77-1157,848,0.6773885092594519,minmaxnorm
166,Q0,AP881111-0235,849,0.6771786779380334,minmaxnorm
166,Q0,DOE2-59-0954,850,0.6753926744890676,minmaxnorm
166,Q0,DOE2-19-0063,851,0.674397959850464,minmaxnorm
166,Q0,WSJ871023-0096,852,0.6743937230094804,minmaxnorm
166,Q0,WSJ880607-0065,853,0.6731952159148691,minmaxnorm
166,Q0,DOE1-40-0207,854,0.6727443973579176,minmaxnorm
166,Q0,FR89629-0109,855,0.6722915653926603,minmaxnorm
166,Q0,WSJ920310-0017,856,0.6722431119150177,minmaxnorm
166,Q0,DOE2-77-1010,857,0.6721087498061904,minmaxnorm
166,Q0,AP890104-0111,858,0.6714598587783089,minmaxnorm
166,Q0,DOE2-22-0407,859,0.6714242557642809,minmaxnorm
166,Q0,AP891206-0110,860,0.6711821883478504,minmaxnorm
166,Q0,DOE1-53-1111,861,0.6711680976275701,minmaxnorm
166,Q0,WSJ890817-0082,862,0.6708384066538491,minmaxnorm
166,Q0,AP881205-0230,863,0.67025827362166,minmaxnorm
166,Q0,ZF207-812-124,864,0.6700577220077226,minmaxnorm
166,Q0,DOE2-15-0933,865,0.6696762897321695,minmaxnorm
166,Q0,ZF108-839-996,866,0.6682892865665031,minmaxnorm
166,Q0,AP880301-0086,867,0.6680752206844693,minmaxnorm
166,Q0,FR88518-0136,868,0.6677495451804332,minmaxnorm
166,Q0,FR89130-0043,869,0.667409134287202,minmaxnorm
166,Q0,AP880223-0174,870,0.6658425529819598,minmaxnorm
166,Q0,AP880815-0010,871,0.6656701513684704,minmaxnorm
166,Q0,WSJ870417-0045,872,0.6656416266172902,minmaxnorm
166,Q0,AP880831-0237,873,0.6634466241887401,minmaxnorm
166,Q0,WSJ890822-0089,874,0.6620051155432213,minmaxnorm
166,Q0,ZF207-943-266,875,0.660803385797019,minmaxnorm
166,Q0,AP891019-0069,876,0.6606144973540691,minmaxnorm
166,Q0,AP890703-0196,877,0.6598828925399595,minmaxnorm
166,Q0,WSJ910610-0060,878,0.6595641159743318,minmaxnorm
166,Q0,AP890323-0013,879,0.6591444699491794,minmaxnorm
166,Q0,AP890116-0025,880,0.6586947696512304,minmaxnorm
166,Q0,FR89123-0023,881,0.6581352909459044,minmaxnorm
166,Q0,ZF108-629-686,882,0.6566456677679816,minmaxnorm
166,Q0,DOE1-16-0627,883,0.6559821746776389,minmaxnorm
166,Q0,DOE1-19-1077,884,0.6558073179056567,minmaxnorm
166,Q0,DOE2-45-0856,885,0.655091622304363,minmaxnorm
166,Q0,WSJ910125-0105,886,0.6548692071482913,minmaxnorm
166,Q0,WSJ900921-0126,887,0.654553559776581,minmaxnorm
166,Q0,WSJ870611-0100,888,0.6543576491928705,minmaxnorm
166,Q0,ZF207-833-952,889,0.6499598732101887,minmaxnorm
166,Q0,WSJ920103-0018,890,0.6495796312068851,minmaxnorm
166,Q0,ZF108-712-062,891,0.647405259121806,minmaxnorm
166,Q0,AP880722-0149,892,0.6464620065361529,minmaxnorm
166,Q0,AP890126-0020,893,0.6462249967324214,minmaxnorm
166,Q0,ZF207-540-768,894,0.6461815944196517,minmaxnorm
166,Q0,WSJ910219-0162,895,0.6460515571375711,minmaxnorm
166,Q0,WSJ900416-0089,896,0.6419138792742811,minmaxnorm
166,Q0,AP891228-0096,897,0.6406670058857402,minmaxnorm
166,Q0,WSJ880331-0077,898,0.639379178925447,minmaxnorm
166,Q0,WSJ910509-0073,899,0.6392489938200411,minmaxnorm
166,Q0,WSJ911105-0006,900,0.6378632545907676,minmaxnorm
166,Q0,DOE1-58-0632,901,0.6359688522653262,minmaxnorm
166,Q0,DOE1-26-1062,902,0.6349428003059218,minmaxnorm
166,Q0,ZF108-676-272,903,0.6346577792083147,minmaxnorm
166,Q0,WSJ880125-0166,904,0.6345589548230874,minmaxnorm
166,Q0,WSJ911021-0173,905,0.6343897459215186,minmaxnorm
166,Q0,WSJ870227-0155,906,0.6334433837013824,minmaxnorm
166,Q0,DOE1-44-0774,907,0.6321887751600007,minmaxnorm
166,Q0,WSJ880901-0053,908,0.6321161293144433,minmaxnorm
166,Q0,WSJ880830-0054,909,0.6320802428426613,minmaxnorm
166,Q0,WSJ870819-0055,910,0.6310969981874928,minmaxnorm
166,Q0,AP880818-0188,911,0.630986206777495,minmaxnorm
166,Q0,AP880721-0019,912,0.629877780914393,minmaxnorm
166,Q0,DOE1-67-0738,913,0.629652158530569,minmaxnorm
166,Q0,WSJ910109-0012,914,0.6292061114015943,minmaxnorm
166,Q0,WSJ871216-0140,915,0.6272913159586957,minmaxnorm
166,Q0,AP881006-0086,916,0.6269056120741452,minmaxnorm
166,Q0,WSJ910729-0121,917,0.6267087016064837,minmaxnorm
166,Q0,WSJ920324-0075,918,0.6260930440589256,minmaxnorm
166,Q0,AP890615-0017,919,0.624826943743077,minmaxnorm
166,Q0,AP880920-0113,920,0.6227085980055508,minmaxnorm
166,Q0,ZF107-975-798,921,0.6221429718746566,minmaxnorm
166,Q0,WSJ911129-0114,922,0.6218102434397987,minmaxnorm
166,Q0,FR88825-0020,923,0.6215291689604199,minmaxnorm
166,Q0,WSJ890905-0013,924,0.6197789828587975,minmaxnorm
166,Q0,AP881028-0268,925,0.6192374479036837,minmaxnorm
166,Q0,WSJ890913-0096,926,0.6191285964359204,minmaxnorm
166,Q0,ZF108-557-912,927,0.6190631913403023,minmaxnorm
166,Q0,ZF207-500-286,928,0.618683291736486,minmaxnorm
166,Q0,ZF108-643-638,929,0.6184276484405489,minmaxnorm
166,Q0,WSJ910513-0040,930,0.6175892435728852,minmaxnorm
166,Q0,AP891004-0194,931,0.6175846772338212,minmaxnorm
166,Q0,FR89808-0023,932,0.6162111084728392,minmaxnorm
166,Q0,DOE2-73-1172,933,0.6138767359186915,minmaxnorm
166,Q0,AP880411-0114,934,0.6133641146123046,minmaxnorm
166,Q0,FR89223-0041,935,0.6132286706175977,minmaxnorm
166,Q0,AP890728-0221,936,0.6120736995680239,minmaxnorm
166,Q0,WSJ870917-0024,937,0.6118737999100899,minmaxnorm
166,Q0,FR89612-0029,938,0.6117539859684817,minmaxnorm
166,Q0,WSJ870113-0098,939,0.607658804214769,minmaxnorm
166,Q0,DOE2-60-0427,940,0.6074394880814191,minmaxnorm
166,Q0,DOE2-33-0461,941,0.6056766158756881,minmaxnorm
166,Q0,ZF207-747-267,942,0.6055073012359099,minmaxnorm
166,Q0,AP890323-0053,943,0.6053111592220324,minmaxnorm
166,Q0,FR88708-0125,944,0.605125144766901,minmaxnorm
166,Q0,DOE2-38-0770,945,0.6050127064285833,minmaxnorm
166,Q0,WSJ900606-0159,946,0.6045713417223206,minmaxnorm
166,Q0,AP880929-0192,947,0.6011994346087992,minmaxnorm
166,Q0,ZF108-764-876,948,0.6009795735641167,minmaxnorm
166,Q0,WSJ880720-0024,949,0.60037860122278,minmaxnorm
166,Q0,AP880922-0120,950,0.5994209866264979,minmaxnorm
166,Q0,AP880519-0024,951,0.5991387902122919,minmaxnorm
166,Q0,WSJ910605-0105,952,0.599125097062495,minmaxnorm
166,Q0,AP890422-0055,953,0.5990389282365037,minmaxnorm
166,Q0,WSJ910701-0208,954,0.5983163898872692,minmaxnorm
166,Q0,AP891004-0165,955,0.5981789307121659,minmaxnorm
166,Q0,ZF207-449-858,956,0.5969860301814143,minmaxnorm
166,Q0,AP880822-0176,957,0.5956212890156423,minmaxnorm
166,Q0,ZF207-021-234,958,0.5941454814363909,minmaxnorm
166,Q0,AP881008-0067,959,0.5934209208349008,minmaxnorm
166,Q0,FR881118-0015,960,0.5930245307020924,minmaxnorm
166,Q0,WSJ870619-0053,961,0.59063766282905,minmaxnorm
166,Q0,WSJ900912-0089,962,0.5904930157345598,minmaxnorm
166,Q0,AP880502-0141,963,0.5900837237923701,minmaxnorm
166,Q0,ZF207-263-546,964,0.5883129002618922,minmaxnorm
166,Q0,WSJ900625-0157,965,0.5882627413819829,minmaxnorm
166,Q0,FR88614-0042,966,0.587771508436356,minmaxnorm
166,Q0,ZF207-514-546,967,0.5877186867468925,minmaxnorm
166,Q0,FR891026-0011,968,0.5870785000523117,minmaxnorm
166,Q0,WSJ911018-0097,969,0.5855675572911285,minmaxnorm
166,Q0,AP881103-0225,970,0.5839287653446177,minmaxnorm
166,Q0,FR881201-0027,971,0.5815107654502438,minmaxnorm
166,Q0,DOE1-96-0273,972,0.5812911880633519,minmaxnorm
166,Q0,AP880610-0069,973,0.5810669413226561,minmaxnorm
166,Q0,WSJ900628-0119,974,0.5809801497343797,minmaxnorm
166,Q0,ZF207-237-718,975,0.5778410558854674,minmaxnorm
166,Q0,AP890619-0018,976,0.5764798693753674,minmaxnorm
166,Q0,AP880810-0283,977,0.5755779520544306,minmaxnorm
166,Q0,DOE1-79-1014,978,0.5746079055348525,minmaxnorm
166,Q0,DOE2-41-0608,979,0.5743438641798704,minmaxnorm
166,Q0,WSJ900516-0132,980,0.5740098215496278,minmaxnorm
166,Q0,WSJ880518-0172,981,0.5738374154551471,minmaxnorm
166,Q0,ZF207-561-722,982,0.5737348189267861,minmaxnorm
166,Q0,ZF109-593-689,983,0.571644264132298,minmaxnorm
166,Q0,ZF108-056-466,984,0.5710423213609633,minmaxnorm
166,Q0,WSJ871210-0111,985,0.5703084503596647,minmaxnorm
166,Q0,WSJ881007-0129,986,0.5675398754456549,minmaxnorm
166,Q0,WSJ870519-0078,987,0.567426716837974,minmaxnorm
166,Q0,AP880422-0246,988,0.5664940037095303,minmaxnorm
166,Q0,FR89710-0015,989,0.5663900821663926,minmaxnorm
166,Q0,WSJ870904-0132,990,0.5662889371802612,minmaxnorm
166,Q0,WSJ870429-0013,991,0.5662722354932757,minmaxnorm
166,Q0,DOE2-28-0930,992,0.5661546702610746,minmaxnorm
166,Q0,WSJ910318-0175,993,0.5653379792666129,minmaxnorm
166,Q0,DOE1-01-1015,994,0.5623455733645446,minmaxnorm
166,Q0,AP880609-0187,995,0.5611126327099829,minmaxnorm
166,Q0,WSJ911129-0075,996,0.5610673135712962,minmaxnorm
166,Q0,AP880824-0158,997,0.5601209964690397,minmaxnorm
166,Q0,ZF207-365-206,998,0.559825241689426,minmaxnorm
166,Q0,WSJ880523-0026,999,0.5595787091034036,minmaxnorm
166,Q0,WSJ900522-0034,1000,0.558108036020119,minmaxnorm
188,Q0,AP890925-0063,1,14.45927317993393,minmaxnorm
188,Q0,AP891006-0221,2,13.29058492197245,minmaxnorm
188,Q0,DOE2-50-0197,3,12.498301743806207,minmaxnorm
188,Q0,FR88609-0048,4,11.928634784404002,minmaxnorm
188,Q0,FR891121-0061,5,9.917034979601109,minmaxnorm
188,Q0,AP880414-0094,6,9.242111615898711,minmaxnorm
188,Q0,FR88804-0038,7,9.199662677493283,minmaxnorm
188,Q0,AP880701-0040,8,9.087579933739613,minmaxnorm
188,Q0,AP890731-0197,9,8.876861446067675,minmaxnorm
188,Q0,DOE2-17-0324,10,8.543978581119203,minmaxnorm
188,Q0,WSJ861216-0131,11,8.46905950825429,minmaxnorm
188,Q0,FR89530-0054,12,8.468249364048436,minmaxnorm
188,Q0,AP880418-0163,13,8.419813690434594,minmaxnorm
188,Q0,AP890929-0035,14,7.997983176421329,minmaxnorm
188,Q0,AP880701-0041,15,7.9844514759697365,minmaxnorm
188,Q0,AP890923-0123,16,7.934879549309943,minmaxnorm
188,Q0,AP890615-0111,17,7.317260357776668,minmaxnorm
188,Q0,AP890703-0052,18,6.906754636897481,minmaxnorm
188,Q0,FR89627-0022,19,6.793244265631999,minmaxnorm
188,Q0,FR89512-0032,20,6.707068320227266,minmaxnorm
188,Q0,AP890930-0030,21,6.600859622997668,minmaxnorm
188,Q0,DOE2-31-0960,22,6.593587177128705,minmaxnorm
188,Q0,AP890126-0134,23,6.401808767254636,minmaxnorm
188,Q0,AP880701-0042,24,6.3226666999664385,minmaxnorm
188,Q0,WSJ910903-0047,25,6.254408656622046,minmaxnorm
188,Q0,AP891002-0237,26,6.19438124543523,minmaxnorm
188,Q0,AP891013-0037,27,6.131332708499944,minmaxnorm
188,Q0,FR891002-0035,28,6.125140454024828,minmaxnorm
188,Q0,AP890923-0109,29,6.0805903665916405,minmaxnorm
188,Q0,DOE2-49-0133,30,5.9786842904161945,minmaxnorm
188,Q0,DOE1-01-0802,31,5.95889643184222,minmaxnorm
188,Q0,FR88912-0023,32,5.928910021356649,minmaxnorm
188,Q0,FR88923-0015,33,5.857936015492467,minmaxnorm
188,Q0,AP890923-0028,34,5.829225308294191,minmaxnorm
188,Q0,DOE1-87-0453,35,5.776111036702833,minmaxnorm
188,Q0,WSJ880531-0141,36,5.671690913114844,minmaxnorm
188,Q0,FR88506-0022,37,5.637751147933289,minmaxnorm
188,Q0,FR88823-0039,38,5.558202715939514,minmaxnorm
188,Q0,AP891030-0023,39,5.544286990322883,minmaxnorm
188,Q0,FR88713-0039,40,5.474974355695503,minmaxnorm
188,Q0,DOE2-29-0903,41,5.457710897459621,minmaxnorm
188,Q0,DOE2-21-0174,42,5.372058854138395,minmaxnorm
188,Q0,FR881108-0022,43,5.340965386056017,minmaxnorm
188,Q0,DOE1-68-0813,44,5.22927640001026,minmaxnorm
188,Q0,DOE2-03-0037,45,5.2032750981220195,minmaxnorm
188,Q0,DOE1-62-0436,46,5.202744794425659,minmaxnorm
188,Q0,FR88201-0013,47,5.201172101592716,minmaxnorm
188,Q0,DOE2-70-0287,48,5.196258092036346,minmaxnorm
188,Q0,FR88203-0026,49,5.010780177418821,minmaxnorm
188,Q0,DOE1-84-0780,50,4.992188630129432,minmaxnorm
188,Q0,DOE1-52-1070,51,4.907526431263106,minmaxnorm
188,Q0,FR89123-0013,52,4.905518800921601,minmaxnorm
188,Q0,FR881207-0029,53,4.884468414220595,minmaxnorm
188,Q0,DOE1-40-0153,54,4.877442251539025,minmaxnorm
188,Q0,AP880701-0039,55,4.848460174784273,minmaxnorm
188,Q0,DOE2-08-1179,56,4.817198643974084,minmaxnorm
188,Q0,DOE2-30-0191,57,4.816749471473656,minmaxnorm
188,Q0,FR88929-0045,58,4.776121502295604,minmaxnorm
188,Q0,DOE2-63-0263,59,4.75524904702227,minmaxnorm
188,Q0,DOE1-64-0149,60,4.737797520004186,minmaxnorm
188,Q0,AP891204-0224,61,4.6811257993869,minmaxnorm
188,Q0,DOE1-84-1021,62,4.659708444386156,minmaxnorm
188,Q0,DOE1-60-0264,63,4.65104220234145,minmaxnorm
188,Q0,FR89222-0035,64,4.643912748460049,minmaxnorm
188,Q0,DOE1-38-0922,65,4.635762372212599,minmaxnorm
188,Q0,DOE1-65-0640,66,4.6265713848662156,minmaxnorm
188,Q0,DOE1-55-0019,67,4.610967883594152,minmaxnorm
188,Q0,FR881110-0070,68,4.433685590018516,minmaxnorm
188,Q0,FR89811-0042,69,4.394861234126318,minmaxnorm
188,Q0,DOE1-74-1063,70,4.3817175785744995,minmaxnorm
188,Q0,DOE2-20-1029,71,4.377570754365171,minmaxnorm
188,Q0,DOE2-64-0345,72,4.369668375736334,minmaxnorm
188,Q0,DOE1-71-0688,73,4.368198448395492,minmaxnorm
188,Q0,DOE2-07-0416,74,4.312564841775477,minmaxnorm
188,Q0,AP890925-0191,75,4.273877663002065,minmaxnorm
188,Q0,DOE1-73-0376,76,4.248563765528432,minmaxnorm
188,Q0,AP880318-0038,77,4.24412893687251,minmaxnorm
188,Q0,AP880715-0186,78,4.237843737712177,minmaxnorm
188,Q0,DOE2-02-0135,79,4.234570311508217,minmaxnorm
188,Q0,FR881118-0047,80,4.210528415070275,minmaxnorm
188,Q0,FR89317-0025,81,4.180560812395569,minmaxnorm
188,Q0,DOE1-14-0435,82,4.179841531002602,minmaxnorm
188,Q0,WSJ880627-0148,83,4.1614560550209765,minmaxnorm
188,Q0,DOE2-81-0349,84,4.07722239143641,minmaxnorm
188,Q0,AP880413-0222,85,4.047471234261625,minmaxnorm
188,Q0,DOE2-59-0421,86,4.041612740785963,minmaxnorm
188,Q0,AP891030-0022,87,4.025419273692073,minmaxnorm
188,Q0,DOE2-63-0793,88,4.020921822959237,minmaxnorm
188,Q0,AP891002-0128,89,4.015229305618552,minmaxnorm
188,Q0,ZF207-742-284,90,3.991270941882587,minmaxnorm
188,Q0,FR88510-0049,91,3.980086517787066,minmaxnorm
188,Q0,DOE2-80-0133,92,3.9597105133099855,minmaxnorm
188,Q0,DOE1-01-1103,93,3.956415403030354,minmaxnorm
188,Q0,AP891204-0018,94,3.941337890842593,minmaxnorm
188,Q0,DOE1-96-0485,95,3.920299949020117,minmaxnorm
188,Q0,DOE1-50-0675,96,3.8870744116078617,minmaxnorm
188,Q0,AP890127-0032,97,3.8688154291464008,minmaxnorm
188,Q0,FR891128-0008,98,3.806953051880063,minmaxnorm
188,Q0,DOE1-65-0238,99,3.7854962349078964,minmaxnorm
188,Q0,DOE1-93-0231,100,3.7781513973967,minmaxnorm
188,Q0,DOE2-43-0605,101,3.767481957777587,minmaxnorm
188,Q0,WSJ911209-0076,102,3.7492034164630654,minmaxnorm
188,Q0,AP890121-0026,103,3.7306176358938425,minmaxnorm
188,Q0,AP881122-0002,104,3.7248147056353424,minmaxnorm
188,Q0,DOE2-09-0118,105,3.721730109410892,minmaxnorm
188,Q0,ZF207-853-592,106,3.7025470677312766,minmaxnorm
188,Q0,DOE2-05-0714,107,3.686089499519332,minmaxnorm
188,Q0,AP881123-0003,108,3.6830053357051167,minmaxnorm
188,Q0,DOE2-54-1141,109,3.6829798014914714,minmaxnorm
188,Q0,DOE2-20-1033,110,3.681311604417429,minmaxnorm
188,Q0,FR88831-0059,111,3.662121567020282,minmaxnorm
188,Q0,FR89321-0028,112,3.640389879386165,minmaxnorm
188,Q0,DOE1-30-0413,113,3.6243537677518267,minmaxnorm
188,Q0,FR89110-0002,114,3.6064424065836533,minmaxnorm
188,Q0,DOE2-52-0424,115,3.59968481196959,minmaxnorm
188,Q0,DOE1-50-0256,116,3.5823878556720734,minmaxnorm
188,Q0,DOE1-19-0382,117,3.570386902141402,minmaxnorm
188,Q0,FR89815-0025,118,3.5621706114392477,minmaxnorm
188,Q0,DOE2-68-0241,119,3.562142347194607,minmaxnorm
188,Q0,DOE1-94-1102,120,3.521801454478279,minmaxnorm
188,Q0,AP880819-0137,121,3.516470339265787,minmaxnorm
188,Q0,FR88829-0045,122,3.511614172664974,minmaxnorm
188,Q0,AP891017-0070,123,3.5079507123050795,minmaxnorm
188,Q0,DOE1-23-1157,124,3.4966050966052626,minmaxnorm
188,Q0,FR88218-0029,125,3.4921206324546623,minmaxnorm
188,Q0,DOE2-14-0004,126,3.4902973491049734,minmaxnorm
188,Q0,FR88830-0045,127,3.4843841338969495,minmaxnorm
188,Q0,DOE1-72-0474,128,3.482805822551844,minmaxnorm
188,Q0,DOE2-14-0176,129,3.4546686630507546,minmaxnorm
188,Q0,DOE2-71-0551,130,3.4466312173489744,minmaxnorm
188,Q0,DOE2-64-0353,131,3.42135846235525,minmaxnorm
188,Q0,FR881025-0018,132,3.411424660780641,minmaxnorm
188,Q0,DOE2-71-0548,133,3.4081636141896006,minmaxnorm
188,Q0,FR88219-0021,134,3.3959945250062957,minmaxnorm
188,Q0,DOE1-81-0423,135,3.381573053953273,minmaxnorm
188,Q0,AP890929-0213,136,3.365873404934728,minmaxnorm
188,Q0,DOE2-13-0285,137,3.365547868360373,minmaxnorm
188,Q0,FR89418-0062,138,3.361684431789418,minmaxnorm
188,Q0,DOE1-24-1240,139,3.345584992280913,minmaxnorm
188,Q0,DOE1-20-0755,140,3.3389883997478176,minmaxnorm
188,Q0,AP890927-0104,141,3.3224673221079244,minmaxnorm
188,Q0,DOE2-21-0202,142,3.3103389473826117,minmaxnorm
188,Q0,DOE1-37-0583,143,3.291201292375429,minmaxnorm
188,Q0,DOE2-12-0625,144,3.2692933297516715,minmaxnorm
188,Q0,DOE2-10-0240,145,3.235971731040588,minmaxnorm
188,Q0,FR88606-0024,146,3.2290526853971997,minmaxnorm
188,Q0,DOE1-84-0580,147,3.220305652492117,minmaxnorm
188,Q0,AP891003-0089,148,3.198111734770196,minmaxnorm
188,Q0,DOE2-11-1114,149,3.1917698159095536,minmaxnorm
188,Q0,DOE2-01-0161,150,3.189288138540728,minmaxnorm
188,Q0,DOE1-57-0412,151,3.1763643418553498,minmaxnorm
188,Q0,AP890629-0076,152,3.156696168055133,minmaxnorm
188,Q0,FR89417-0051,153,3.154828609448192,minmaxnorm
188,Q0,AP890225-0123,154,3.152688549796927,minmaxnorm
188,Q0,DOE2-07-0522,155,3.134906376283928,minmaxnorm
188,Q0,AP890628-0160,156,3.130863897395421,minmaxnorm
188,Q0,DOE2-19-1022,157,3.128130094449975,minmaxnorm
188,Q0,AP891204-0154,158,3.127378391042669,minmaxnorm
188,Q0,DOE1-23-0245,159,3.1266250763616736,minmaxnorm
188,Q0,AP880919-0147,160,3.100285632692098,minmaxnorm
188,Q0,DOE1-26-0099,161,3.091792444858014,minmaxnorm
188,Q0,AP890310-0113,162,3.0622656480850585,minmaxnorm
188,Q0,AP890624-0147,163,3.05640740095568,minmaxnorm
188,Q0,DOE1-62-0170,164,3.051898541485982,minmaxnorm
188,Q0,FR89421-0013,165,3.0488258010241873,minmaxnorm
188,Q0,DOE1-62-0377,166,3.045424513497461,minmaxnorm
188,Q0,WSJ910510-0172,167,3.0387348524815363,minmaxnorm
188,Q0,FR89331-0083,168,3.037232030923003,minmaxnorm
188,Q0,DOE2-11-1066,169,3.0364144238119035,minmaxnorm
188,Q0,DOE2-71-0373,170,3.02317889324753,minmaxnorm
188,Q0,DOE1-49-0002,171,2.995875551932821,minmaxnorm
188,Q0,DOE1-18-1139,172,2.988841919872611,minmaxnorm
188,Q0,DOE1-35-1135,173,2.9596123123592077,minmaxnorm
188,Q0,FR891010-0043,174,2.952764583006744,minmaxnorm
188,Q0,DOE1-27-0757,175,2.9352012062659107,minmaxnorm
188,Q0,DOE2-50-0036,176,2.932884983516112,minmaxnorm
188,Q0,DOE1-79-0209,177,2.930046910318017,minmaxnorm
188,Q0,DOE2-52-0824,178,2.927109917597177,minmaxnorm
188,Q0,DOE1-40-0326,179,2.9116490095062857,minmaxnorm
188,Q0,WSJ890922-0062,180,2.8711785087650625,minmaxnorm
188,Q0,DOE1-63-0418,181,2.8659373583650067,minmaxnorm
188,Q0,DOE1-62-0494,182,2.8621433622122163,minmaxnorm
188,Q0,FR89106-0020,183,2.8507387075728072,minmaxnorm
188,Q0,DOE1-02-0627,184,2.8487655435897765,minmaxnorm
188,Q0,FR88908-0106,185,2.844330402593923,minmaxnorm
188,Q0,DOE1-73-0635,186,2.827809078397301,minmaxnorm
188,Q0,FR881025-0052,187,2.8143914964540446,minmaxnorm
188,Q0,FR89123-0052,188,2.81376474491616,minmaxnorm
188,Q0,FR88805-0035,189,2.8045603205116616,minmaxnorm
188,Q0,FR88718-0021,190,2.793885915083418,minmaxnorm
188,Q0,DOE2-71-0546,191,2.7895363432954,minmaxnorm
188,Q0,DOE2-74-0028,192,2.7872953626657333,minmaxnorm
188,Q0,DOE2-55-0521,193,2.7862802936299764,minmaxnorm
188,Q0,DOE2-01-0128,194,2.7853230014099295,minmaxnorm
188,Q0,DOE1-38-0908,195,2.781695694473789,minmaxnorm
188,Q0,DOE1-38-0611,196,2.775519498344643,minmaxnorm
188,Q0,AP891005-0167,197,2.770163272459253,minmaxnorm
188,Q0,FR88923-0038,198,2.7688063935562472,minmaxnorm
188,Q0,AP880511-0086,199,2.758794941841146,minmaxnorm
188,Q0,DOE1-04-0455,200,2.7554270614064937,minmaxnorm
188,Q0,FR881027-0016,201,2.752031336076958,minmaxnorm
188,Q0,DOE2-22-0209,202,2.751796842051836,minmaxnorm
188,Q0,DOE2-49-0334,203,2.7435327611823412,minmaxnorm
188,Q0,WSJ911127-0054,204,2.7380561645666126,minmaxnorm
188,Q0,AP890801-0010,205,2.7292358494445788,minmaxnorm
188,Q0,DOE2-09-0117,206,2.698524070770307,minmaxnorm
188,Q0,FR88923-0098,207,2.666863311673804,minmaxnorm
188,Q0,FR89106-0048,208,2.65732963076903,minmaxnorm
188,Q0,AP890311-0151,209,2.653074780060656,minmaxnorm
188,Q0,AP881126-0060,210,2.636853012918313,minmaxnorm
188,Q0,DOE1-75-0404,211,2.6316503993331035,minmaxnorm
188,Q0,DOE2-71-0552,212,2.626773253330482,minmaxnorm
188,Q0,DOE1-46-1325,213,2.6179192218615457,minmaxnorm
188,Q0,DOE2-35-0459,214,2.6143843137190497,minmaxnorm
188,Q0,FR89324-0021,215,2.597778838839054,minmaxnorm
188,Q0,DOE2-53-0553,216,2.5973706406733257,minmaxnorm
188,Q0,AP890130-0016,217,2.5752151358126505,minmaxnorm
188,Q0,FR881031-0014,218,2.573307099039749,minmaxnorm
188,Q0,DOE1-69-0398,219,2.541002316167418,minmaxnorm
188,Q0,DOE2-64-0319,220,2.507499496659807,minmaxnorm
188,Q0,DOE1-05-0818,221,2.503969168623931,minmaxnorm
188,Q0,DOE2-07-0918,222,2.4838561350082085,minmaxnorm
188,Q0,AP890322-0237,223,2.4827935251429114,minmaxnorm
188,Q0,FR891019-0034,224,2.453176529046886,minmaxnorm
188,Q0,AP891009-0110,225,2.451609352916597,minmaxnorm
188,Q0,DOE2-59-0411,226,2.4480032796787596,minmaxnorm
188,Q0,DOE1-62-0470,227,2.430096100590655,minmaxnorm
188,Q0,FR89222-0006,228,2.4177827869638753,minmaxnorm
188,Q0,DOE2-42-1014,229,2.414197172294059,minmaxnorm
188,Q0,DOE2-69-0394,230,2.4140526866007663,minmaxnorm
188,Q0,DOE1-62-0449,231,2.4094850817892164,minmaxnorm
188,Q0,FR881201-0059,232,2.3857412312030157,minmaxnorm
188,Q0,FR89804-0019,233,2.3816833603825875,minmaxnorm
188,Q0,AP880928-0115,234,2.3772996256025167,minmaxnorm
188,Q0,DOE2-81-0457,235,2.374628757717973,minmaxnorm
188,Q0,FR88708-0057,236,2.37204867135174,minmaxnorm
188,Q0,AP881228-0082,237,2.3713483238037565,minmaxnorm
188,Q0,DOE2-11-0957,238,2.360256944010815,minmaxnorm
188,Q0,DOE1-62-0434,239,2.35279240642829,minmaxnorm
188,Q0,DOE1-94-1214,240,2.3469030851695947,minmaxnorm
188,Q0,FR891004-0098,241,2.329317640955135,minmaxnorm
188,Q0,FR89331-0010,242,2.3282396812508277,minmaxnorm
188,Q0,DOE1-63-0795,243,2.311370153559616,minmaxnorm
188,Q0,FR88516-0028,244,2.3100597856872533,minmaxnorm
188,Q0,DOE2-09-0939,245,2.30082882464944,minmaxnorm
188,Q0,AP890729-0125,246,2.2950246253064868,minmaxnorm
188,Q0,DOE2-14-0833,247,2.2943235211276196,minmaxnorm
188,Q0,DOE2-53-0254,248,2.2777292021088162,minmaxnorm
188,Q0,DOE2-20-1030,249,2.275131106190311,minmaxnorm
188,Q0,FR881018-0019,250,2.269305355686887,minmaxnorm
188,Q0,DOE2-17-0311,251,2.26212894624264,minmaxnorm
188,Q0,DOE1-19-1086,252,2.2601633521781643,minmaxnorm
188,Q0,DOE2-31-0911,253,2.2368286128302373,minmaxnorm
188,Q0,FR88811-0150,254,2.222174668274188,minmaxnorm
188,Q0,DOE2-18-0892,255,2.2215855175905634,minmaxnorm
188,Q0,AP890608-0198,256,2.208596080494495,minmaxnorm
188,Q0,DOE2-75-0052,257,2.1967011915590917,minmaxnorm
188,Q0,FR881028-0057,258,2.194729242091824,minmaxnorm
188,Q0,FR88608-0023,259,2.1906546204294557,minmaxnorm
188,Q0,DOE1-05-0389,260,2.187953187717939,minmaxnorm
188,Q0,DOE1-91-1011,261,2.187086100881636,minmaxnorm
188,Q0,AP880330-0013,262,2.1802976793061277,minmaxnorm
188,Q0,AP880301-0169,263,2.1777637263942866,minmaxnorm
188,Q0,WSJ891003-0016,264,2.1729924061539787,minmaxnorm
188,Q0,DOE2-19-0145,265,2.1595065678046717,minmaxnorm
188,Q0,DOE2-25-0976,266,2.1543583174956686,minmaxnorm
188,Q0,DOE1-17-1322,267,2.152329256349025,minmaxnorm
188,Q0,FR88812-0012,268,2.1287440852440285,minmaxnorm
188,Q0,DOE1-86-0077,269,2.119928167027126,minmaxnorm
188,Q0,ZF109-631-829,270,2.118627905852723,minmaxnorm
188,Q0,DOE2-42-0612,271,2.1167254343679858,minmaxnorm
188,Q0,DOE2-06-0279,272,2.114906675922072,minmaxnorm
188,Q0,DOE2-61-0463,273,2.1130146793833497,minmaxnorm
188,Q0,AP880621-0184,274,2.1116844444250513,minmaxnorm
188,Q0,AP880603-0269,275,2.106340100886857,minmaxnorm
188,Q0,DOE1-44-1033,276,2.106051809298745,minmaxnorm
188,Q0,DOE1-84-1026,277,2.101764134995031,minmaxnorm
188,Q0,DOE2-02-0187,278,2.0704064630615417,minmaxnorm
188,Q0,DOE1-23-0733,279,2.0627290336706703,minmaxnorm
188,Q0,DOE2-50-0023,280,2.053635468676662,minmaxnorm
188,Q0,AP880928-0048,281,2.0469606395748334,minmaxnorm
188,Q0,DOE1-83-1234,282,2.0400649175042664,minmaxnorm
188,Q0,DOE1-89-0374,283,2.0385245249862165,minmaxnorm
188,Q0,DOE2-63-0915,284,2.0307340586129263,minmaxnorm
188,Q0,DOE2-28-0933,285,2.030428764829272,minmaxnorm
188,Q0,DOE1-55-1117,286,2.030053210412886,minmaxnorm
188,Q0,DOE2-17-0323,287,2.0300319510250686,minmaxnorm
188,Q0,FR89801-0083,288,2.029885497275891,minmaxnorm
188,Q0,FR88808-0054,289,2.0216680330203016,minmaxnorm
188,Q0,DOE1-89-1087,290,2.011204310919574,minmaxnorm
188,Q0,AP890713-0122,291,2.0099779835030027,minmaxnorm
188,Q0,DOE1-19-0224,292,2.0058602431512047,minmaxnorm
188,Q0,WSJ861219-0152,293,2.0033232882373295,minmaxnorm
188,Q0,FR89601-0089,294,1.9944609845539,minmaxnorm
188,Q0,DOE1-06-0960,295,1.9890364914238334,minmaxnorm
188,Q0,FR89522-0017,296,1.98772044627898,minmaxnorm
188,Q0,ZF207-185-046,297,1.9875486004728593,minmaxnorm
188,Q0,AP891016-0009,298,1.9864986973943721,minmaxnorm
188,Q0,DOE2-70-0371,299,1.9633946088814018,minmaxnorm
188,Q0,FR89307-0025,300,1.9584853177370036,minmaxnorm
188,Q0,DOE2-71-0557,301,1.9552128125292643,minmaxnorm
188,Q0,ZF207-702-370,302,1.9467776221843216,minmaxnorm
188,Q0,FR88728-0041,303,1.9406197030985075,minmaxnorm
188,Q0,DOE2-71-0553,304,1.930986529384919,minmaxnorm
188,Q0,DOE1-06-0983,305,1.9285468125334313,minmaxnorm
188,Q0,DOE2-83-1011,306,1.9227159443752906,minmaxnorm
188,Q0,DOE1-35-0325,307,1.919419456915684,minmaxnorm
188,Q0,DOE2-01-1298,308,1.915975919689334,minmaxnorm
188,Q0,DOE1-32-0890,309,1.9082238194962102,minmaxnorm
188,Q0,AP891023-0185,310,1.9071004725945082,minmaxnorm
188,Q0,FR891027-0071,311,1.905377795345064,minmaxnorm
188,Q0,DOE1-01-0485,312,1.9017962581255092,minmaxnorm
188,Q0,DOE2-35-0264,313,1.8906546064147232,minmaxnorm
188,Q0,FR891002-0026,314,1.8883933152268,minmaxnorm
188,Q0,DOE1-20-0166,315,1.8875314581253944,minmaxnorm
188,Q0,FR89501-0013,316,1.8797586727092377,minmaxnorm
188,Q0,DOE2-35-0460,317,1.8697348038032187,minmaxnorm
188,Q0,FR89928-0029,318,1.8614906052632965,minmaxnorm
188,Q0,DOE2-52-0835,319,1.8592035423804247,minmaxnorm
188,Q0,AP890922-0192,320,1.8549428361310576,minmaxnorm
188,Q0,AP890922-0169,321,1.8548708932462024,minmaxnorm
188,Q0,FR89307-0040,322,1.853708346403682,minmaxnorm
188,Q0,DOE2-20-0073,323,1.8517339992355517,minmaxnorm
188,Q0,FR89811-0133,324,1.8462740909143447,minmaxnorm
188,Q0,AP880416-0109,325,1.844811270001491,minmaxnorm
188,Q0,FR88211-0244,326,1.8430709296537404,minmaxnorm
188,Q0,DOE2-19-0142,327,1.8426688759168577,minmaxnorm
188,Q0,FR89814-0101,328,1.8354672304238784,minmaxnorm
188,Q0,FR89601-0013,329,1.8343075813815841,minmaxnorm
188,Q0,DOE1-67-0893,330,1.832972935539405,minmaxnorm
188,Q0,WSJ910509-0110,331,1.8239128871337107,minmaxnorm
188,Q0,DOE2-53-0262,332,1.8205349381365974,minmaxnorm
188,Q0,DOE2-21-0239,333,1.8118241802928678,minmaxnorm
188,Q0,AP880803-0166,334,1.8117218021687953,minmaxnorm
188,Q0,FR881122-0105,335,1.811524005747283,minmaxnorm
188,Q0,DOE1-49-0563,336,1.806288354588055,minmaxnorm
188,Q0,AP880907-0063,337,1.8039166575229615,minmaxnorm
188,Q0,DOE2-76-0699,338,1.802737049819134,minmaxnorm
188,Q0,AP890111-0139,339,1.7892897655446551,minmaxnorm
188,Q0,AP891205-0085,340,1.784058743588141,minmaxnorm
188,Q0,DOE1-29-0707,341,1.779800941717783,minmaxnorm
188,Q0,FR88126-0023,342,1.77155913937155,minmaxnorm
188,Q0,WSJ910131-0078,343,1.769209523360675,minmaxnorm
188,Q0,DOE1-70-0396,344,1.7623607047263872,minmaxnorm
188,Q0,FR88804-0022,345,1.756917574504764,minmaxnorm
188,Q0,FR88826-0028,346,1.7566118589316915,minmaxnorm
188,Q0,DOE2-48-0566,347,1.7471946555769344,minmaxnorm
188,Q0,ZF109-569-031,348,1.7470343851489107,minmaxnorm
188,Q0,FR88205-0029,349,1.746547706108994,minmaxnorm
188,Q0,FR89929-0103,350,1.7401903226919326,minmaxnorm
188,Q0,WSJ870323-0138,351,1.7352935362572466,minmaxnorm
188,Q0,DOE1-44-0280,352,1.734456471359837,minmaxnorm
188,Q0,DOE1-31-0240,353,1.7332014668140343,minmaxnorm
188,Q0,DOE1-32-0832,354,1.7274386576858538,minmaxnorm
188,Q0,FR89727-0022,355,1.724672823736118,minmaxnorm
188,Q0,FR89322-0003,356,1.72462490631377,minmaxnorm
188,Q0,DOE1-04-0452,357,1.7224083033060014,minmaxnorm
188,Q0,DOE1-35-1138,358,1.712689468339696,minmaxnorm
188,Q0,DOE2-80-0901,359,1.7123297054317204,minmaxnorm
188,Q0,FR881031-0032,360,1.7004975322889835,minmaxnorm
188,Q0,DOE1-85-0830,361,1.6982410372514205,minmaxnorm
188,Q0,DOE2-64-0347,362,1.6868211586176602,minmaxnorm
188,Q0,FR88817-0019,363,1.678513202807166,minmaxnorm
188,Q0,FR88830-0023,364,1.676395824396343,minmaxnorm
188,Q0,DOE2-71-0625,365,1.6759388188968758,minmaxnorm
188,Q0,AP881220-0103,366,1.6706305775034185,minmaxnorm
188,Q0,FR89206-0035,367,1.6683748314645457,minmaxnorm
188,Q0,FR88514-0001,368,1.6640279972462335,minmaxnorm
188,Q0,AP880504-0119,369,1.656201247649149,minmaxnorm
188,Q0,DOE1-11-0010,370,1.6555176850059676,minmaxnorm
188,Q0,FR881020-0107,371,1.6467584650187845,minmaxnorm
188,Q0,DOE2-71-0555,372,1.6456320927110766,minmaxnorm
188,Q0,AP881123-0029,373,1.6447110874598094,minmaxnorm
188,Q0,FR88506-0042,374,1.6419122874455456,minmaxnorm
188,Q0,AP890801-0012,375,1.6363070840987552,minmaxnorm
188,Q0,FR89303-0053,376,1.635607621831819,minmaxnorm
188,Q0,DOE1-78-0893,377,1.630588993331353,minmaxnorm
188,Q0,AP890926-0203,378,1.6230631499229804,minmaxnorm
188,Q0,DOE2-01-0852,379,1.6224326897062273,minmaxnorm
188,Q0,AP890404-0020,380,1.6198854441681512,minmaxnorm
188,Q0,FR89629-0015,381,1.6188250429986362,minmaxnorm
188,Q0,AP890125-0118,382,1.6108798657686696,minmaxnorm
188,Q0,DOE1-28-0400,383,1.6070358971254566,minmaxnorm
188,Q0,FR891013-0031,384,1.6050667098800062,minmaxnorm
188,Q0,AP890730-0050,385,1.5980487292984753,minmaxnorm
188,Q0,ZF108-448-920,386,1.5949782774525576,minmaxnorm
188,Q0,DOE2-14-0823,387,1.5858577010054296,minmaxnorm
188,Q0,FR88829-0023,388,1.5817105194268894,minmaxnorm
188,Q0,DOE1-92-1018,389,1.57864820893438,minmaxnorm
188,Q0,AP891002-0116,390,1.5781513503565214,minmaxnorm
188,Q0,FR89629-0041,391,1.5698142478378345,minmaxnorm
188,Q0,DOE2-71-0547,392,1.5686953726340418,minmaxnorm
188,Q0,DOE1-05-0702,393,1.5630562880968017,minmaxnorm
188,Q0,WSJ891023-0123,394,1.5608966853255952,minmaxnorm
188,Q0,FR88601-0032,395,1.5573088051377915,minmaxnorm
188,Q0,DOE2-71-0549,396,1.5396273734020398,minmaxnorm
188,Q0,WSJ901228-0089,397,1.5379844093598658,minmaxnorm
188,Q0,AP890922-0001,398,1.5299850852855,minmaxnorm
188,Q0,WSJ910726-0051,399,1.5280742961675338,minmaxnorm
188,Q0,DOE1-75-1241,400,1.526091208061154,minmaxnorm
188,Q0,FR88817-0047,401,1.521577874248356,minmaxnorm
188,Q0,DOE1-80-1090,402,1.5208007676649118,minmaxnorm
188,Q0,AP890621-0214,403,1.513069577658815,minmaxnorm
188,Q0,FR88225-0031,404,1.5104319948400355,minmaxnorm
188,Q0,DOE1-61-0313,405,1.5103726820646806,minmaxnorm
188,Q0,DOE2-49-1111,406,1.5073056211273963,minmaxnorm
188,Q0,DOE2-24-0402,407,1.5056659956223994,minmaxnorm
188,Q0,FR88927-0120,408,1.4967584608511297,minmaxnorm
188,Q0,FR88610-0081,409,1.4921334220745812,minmaxnorm
188,Q0,AP891224-0022,410,1.4918126954833122,minmaxnorm
188,Q0,FR88229-0012,411,1.490599343718891,minmaxnorm
188,Q0,FR88914-0018,412,1.484729511974343,minmaxnorm
188,Q0,DOE2-64-0320,413,1.4815393087600701,minmaxnorm
188,Q0,DOE2-61-0044,414,1.4721176538479788,minmaxnorm
188,Q0,ZF207-388-156,415,1.4684902741760932,minmaxnorm
188,Q0,FR89130-0014,416,1.4632097117152614,minmaxnorm
188,Q0,DOE2-15-0863,417,1.461983070136235,minmaxnorm
188,Q0,DOE1-35-0216,418,1.4588404240004094,minmaxnorm
188,Q0,FR89127-0071,419,1.4556032176482037,minmaxnorm
188,Q0,FR88511-0168,420,1.4553578723748821,minmaxnorm
188,Q0,WSJ870722-0141,421,1.4498735330743613,minmaxnorm
188,Q0,DOE1-80-1092,422,1.4479210009738905,minmaxnorm
188,Q0,DOE1-66-0935,423,1.4475468798234563,minmaxnorm
188,Q0,DOE2-36-1103,424,1.4474086541871007,minmaxnorm
188,Q0,DOE1-08-0482,425,1.4428200188259586,minmaxnorm
188,Q0,WSJ870729-0081,426,1.4396720406344534,minmaxnorm
188,Q0,DOE2-52-0823,427,1.4380769789152503,minmaxnorm
188,Q0,DOE1-62-0812,428,1.4379672949694586,minmaxnorm
188,Q0,DOE1-73-0636,429,1.4329861023100263,minmaxnorm
188,Q0,DOE2-50-0856,430,1.4275289827204918,minmaxnorm
188,Q0,DOE2-71-0534,431,1.4237414039296916,minmaxnorm
188,Q0,WSJ920103-0082,432,1.4212303537344348,minmaxnorm
188,Q0,DOE1-18-1144,433,1.4205770707733654,minmaxnorm
188,Q0,AP881118-0166,434,1.4141208237162866,minmaxnorm
188,Q0,AP880916-0176,435,1.4070159563260112,minmaxnorm
188,Q0,DOE1-16-1147,436,1.4056736300520876,minmaxnorm
188,Q0,FR88728-0022,437,1.4044719281703084,minmaxnorm
188,Q0,DOE1-84-0462,438,1.3927746016539164,minmaxnorm
188,Q0,WSJ880404-0114,439,1.385022278641344,minmaxnorm
188,Q0,DOE2-03-1086,440,1.381482108626393,minmaxnorm
188,Q0,FR88503-0021,441,1.380433951300838,minmaxnorm
188,Q0,DOE1-09-1007,442,1.3803999956941675,minmaxnorm
188,Q0,DOE1-11-0066,443,1.3778125429221166,minmaxnorm
188,Q0,DOE1-05-0789,444,1.37377370908013,minmaxnorm
188,Q0,AP890816-0098,445,1.3663576387295053,minmaxnorm
188,Q0,WSJ880808-0162,446,1.3601041675199537,minmaxnorm
188,Q0,AP890504-0154,447,1.3566283892089168,minmaxnorm
188,Q0,DOE2-28-0680,448,1.3535826823831918,minmaxnorm
188,Q0,FR891002-0031,449,1.3533086851115135,minmaxnorm
188,Q0,DOE1-11-0243,450,1.349778865186935,minmaxnorm
188,Q0,FR88211-0053,451,1.3491915796680791,minmaxnorm
188,Q0,FR88216-0053,452,1.347511143641423,minmaxnorm
188,Q0,FR88715-0039,453,1.345216107179302,minmaxnorm
188,Q0,FR88218-0086,454,1.3420725942215228,minmaxnorm
188,Q0,FR88808-0035,455,1.331652027785242,minmaxnorm
188,Q0,DOE1-80-0862,456,1.3261316440702557,minmaxnorm
188,Q0,DOE2-76-1149,457,1.3204104093481233,minmaxnorm
188,Q0,DOE1-47-0434,458,1.320282880736908,minmaxnorm
188,Q0,FR88928-0081,459,1.3190241498674002,minmaxnorm
188,Q0,DOE2-68-0421,460,1.3181182206702267,minmaxnorm
188,Q0,DOE1-68-0469,461,1.3178437258853608,minmaxnorm
188,Q0,FR88923-0067,462,1.3170767878690948,minmaxnorm
188,Q0,DOE2-26-0243,463,1.3170106318631098,minmaxnorm
188,Q0,DOE2-83-0521,464,1.3167341604559062,minmaxnorm
188,Q0,WSJ890727-0071,465,1.316192944411825,minmaxnorm
188,Q0,DOE2-12-1135,466,1.3019442569958048,minmaxnorm
188,Q0,DOE1-28-0592,467,1.3013776267677215,minmaxnorm
188,Q0,DOE2-67-0928,468,1.2973427718427162,minmaxnorm
188,Q0,FR89818-0029,469,1.2966889067911442,minmaxnorm
188,Q0,WSJ890821-0158,470,1.2905596689424663,minmaxnorm
188,Q0,AP891116-0078,471,1.2893404354469147,minmaxnorm
188,Q0,WSJ900910-0080,472,1.2775688077653915,minmaxnorm
188,Q0,DOE1-95-0667,473,1.2765299164183463,minmaxnorm
188,Q0,FR89322-0018,474,1.2750151795253974,minmaxnorm
188,Q0,FR88125-0006,475,1.2744829719262203,minmaxnorm
188,Q0,FR891004-0045,476,1.2704611784999216,minmaxnorm
188,Q0,DOE1-57-0718,477,1.2686475978409397,minmaxnorm
188,Q0,FR881027-0027,478,1.26860719142849,minmaxnorm
188,Q0,FR891018-0021,479,1.2682427019621907,minmaxnorm
188,Q0,FR89414-0002,480,1.2648421237703344,minmaxnorm
188,Q0,FR88928-0030,481,1.261098909730664,minmaxnorm
188,Q0,FR88803-0020,482,1.2610327005686106,minmaxnorm
188,Q0,FR89406-0010,483,1.2605526165686347,minmaxnorm
188,Q0,DOE1-67-0539,484,1.2598347961212413,minmaxnorm
188,Q0,AP890620-0018,485,1.2579524832154725,minmaxnorm
188,Q0,AP890819-0091,486,1.256079708666944,minmaxnorm
188,Q0,AP881020-0150,487,1.253401382807258,minmaxnorm
188,Q0,FR89718-0104,488,1.2525351828915208,minmaxnorm
188,Q0,AP880408-0256,489,1.2490606020152668,minmaxnorm
188,Q0,DOE1-87-0463,490,1.2466284672701844,minmaxnorm
188,Q0,AP890926-0030,491,1.2445573038838884,minmaxnorm
188,Q0,AP880927-0203,492,1.2409193119762087,minmaxnorm
188,Q0,FR891013-0022,493,1.2391091807797605,minmaxnorm
188,Q0,DOE2-01-1336,494,1.2384832698599355,minmaxnorm
188,Q0,FR89616-0112,495,1.237002794200254,minmaxnorm
188,Q0,DOE2-13-0316,496,1.2359618920095323,minmaxnorm
188,Q0,DOE1-75-0214,497,1.2294408648645603,minmaxnorm
188,Q0,AP880707-0145,498,1.2289101879685176,minmaxnorm
188,Q0,DOE1-89-0007,499,1.2180320371670692,minmaxnorm
188,Q0,DOE2-37-0643,500,1.2169196946338168,minmaxnorm
188,Q0,DOE1-96-0545,501,1.215472689551503,minmaxnorm
188,Q0,AP880810-0208,502,1.214038258725752,minmaxnorm
188,Q0,DOE1-12-0977,503,1.2112023435719783,minmaxnorm
188,Q0,FR881024-0107,504,1.2020688851535393,minmaxnorm
188,Q0,AP891005-0084,505,1.1933519985962393,minmaxnorm
188,Q0,AP890601-0105,506,1.191696696557933,minmaxnorm
188,Q0,FR881028-0054,507,1.1914035872774924,minmaxnorm
188,Q0,FR891109-0020,508,1.1896214026814715,minmaxnorm
188,Q0,DOE1-35-0300,509,1.1866075478636409,minmaxnorm
188,Q0,AP880326-0027,510,1.1791592554083143,minmaxnorm
188,Q0,DOE1-38-0431,511,1.1786704506550774,minmaxnorm
188,Q0,FR89710-0114,512,1.1693584264025632,minmaxnorm
188,Q0,FR88719-0105,513,1.1666926260509196,minmaxnorm
188,Q0,DOE1-92-0198,514,1.1665467324608736,minmaxnorm
188,Q0,FR89615-0040,515,1.165640265510823,minmaxnorm
188,Q0,FR88818-0110,516,1.1651436399891744,minmaxnorm
188,Q0,FR88212-0062,517,1.164706383673531,minmaxnorm
188,Q0,FR881205-0047,518,1.1644617962627615,minmaxnorm
188,Q0,FR89203-0061,519,1.1631042288783622,minmaxnorm
188,Q0,FR89206-0056,520,1.1613457062411943,minmaxnorm
188,Q0,DOE1-24-0818,521,1.1610793678151237,minmaxnorm
188,Q0,FR88920-0028,522,1.1579377202525154,minmaxnorm
188,Q0,AP880623-0021,523,1.153396413192679,minmaxnorm
188,Q0,AP880526-0266,524,1.1528796907779557,minmaxnorm
188,Q0,DOE2-69-1121,525,1.1520704726444928,minmaxnorm
188,Q0,AP890112-0055,526,1.1490412172594018,minmaxnorm
188,Q0,FR89502-0016,527,1.1418966217991746,minmaxnorm
188,Q0,AP890103-0115,528,1.1411986326405748,minmaxnorm
188,Q0,DOE1-67-0997,529,1.1343959115531637,minmaxnorm
188,Q0,FR89724-0022,530,1.1337685564292743,minmaxnorm
188,Q0,FR89712-0126,531,1.1312722046255723,minmaxnorm
188,Q0,WSJ900705-0035,532,1.130417178369974,minmaxnorm
188,Q0,FR891005-0108,533,1.1302902953202012,minmaxnorm
188,Q0,WSJ870506-0070,534,1.1297736928245166,minmaxnorm
188,Q0,DOE2-64-0334,535,1.1194377055835596,minmaxnorm
188,Q0,FR89221-0012,536,1.114845981702735,minmaxnorm
188,Q0,AP890601-0247,537,1.1148305629683017,minmaxnorm
188,Q0,DOE2-27-0977,538,1.1113444160804795,minmaxnorm
188,Q0,FR88708-0130,539,1.1103786545764753,minmaxnorm
188,Q0,FR89106-0012,540,1.107789015792067,minmaxnorm
188,Q0,AP890303-0066,541,1.107649414465885,minmaxnorm
188,Q0,DOE2-16-0682,542,1.1046272007030953,minmaxnorm
188,Q0,DOE1-84-1163,543,1.1045032216618773,minmaxnorm
188,Q0,WSJ910523-0053,544,1.102151904645709,minmaxnorm
188,Q0,FR89410-0021,545,1.0959393325948585,minmaxnorm
188,Q0,AP890802-0118,546,1.0910144329037412,minmaxnorm
188,Q0,FR88920-0015,547,1.089126221688507,minmaxnorm
188,Q0,FR89208-0071,548,1.085362744354522,minmaxnorm
188,Q0,FR89427-0026,549,1.0850963256670387,minmaxnorm
188,Q0,FR88819-0008,550,1.0847454949850226,minmaxnorm
188,Q0,FR88914-0062,551,1.0794502283304148,minmaxnorm
188,Q0,DOE1-81-0100,552,1.0792943113857145,minmaxnorm
188,Q0,AP891203-0041,553,1.0789254568605526,minmaxnorm
188,Q0,FR89927-0032,554,1.0711096047960744,minmaxnorm
188,Q0,AP890412-0215,555,1.069931067429116,minmaxnorm
188,Q0,DOE1-96-0484,556,1.068854397939332,minmaxnorm
188,Q0,DOE2-08-0098,557,1.0667242281846847,minmaxnorm
188,Q0,FR88711-0033,558,1.0644584091877258,minmaxnorm
188,Q0,WSJ891005-0142,559,1.0628599761433166,minmaxnorm
188,Q0,FR881024-0125,560,1.0606114001781095,minmaxnorm
188,Q0,AP890327-0012,561,1.0605575912265588,minmaxnorm
188,Q0,DOE2-79-0411,562,1.0602827680938973,minmaxnorm
188,Q0,FR88901-0033,563,1.0598064069297177,minmaxnorm
188,Q0,AP890903-0013,564,1.0595293121997986,minmaxnorm
188,Q0,DOE1-01-1015,565,1.059421446004449,minmaxnorm
188,Q0,WSJ880705-0159,566,1.0593493934996625,minmaxnorm
188,Q0,AP890516-0040,567,1.0576406012372401,minmaxnorm
188,Q0,FR88505-0017,568,1.0571072480469932,minmaxnorm
188,Q0,ZF108-276-654,569,1.0540542576900054,minmaxnorm
188,Q0,AP890926-0148,570,1.0528939356483964,minmaxnorm
188,Q0,AP890420-0093,571,1.051235157983068,minmaxnorm
188,Q0,WSJ870506-0066,572,1.0509858785336468,minmaxnorm
188,Q0,DOE1-47-0268,573,1.0429969568300594,minmaxnorm
188,Q0,FR88708-0127,574,1.0424012468428603,minmaxnorm
188,Q0,AP890621-0217,575,1.0411725270926477,minmaxnorm
188,Q0,DOE1-61-0826,576,1.0395507877820178,minmaxnorm
188,Q0,DOE2-40-0132,577,1.0342514270682848,minmaxnorm
188,Q0,FR88512-0113,578,1.0322015395819073,minmaxnorm
188,Q0,FR881122-0039,579,1.0314958123062865,minmaxnorm
188,Q0,FR89112-0040,580,1.0309125901941578,minmaxnorm
188,Q0,DOE1-66-0786,581,1.0303505212877224,minmaxnorm
188,Q0,FR881017-0018,582,1.0284472996659662,minmaxnorm
188,Q0,DOE2-28-0379,583,1.0252527365931625,minmaxnorm
188,Q0,FR89818-0042,584,1.0163368647479185,minmaxnorm
188,Q0,DOE2-40-1184,585,1.0131833994800465,minmaxnorm
188,Q0,WSJ870105-0035,586,1.0101807279646549,minmaxnorm
188,Q0,FR89404-0124,587,1.0101135548426852,minmaxnorm
188,Q0,WSJ891005-0105,588,1.0085045153390801,minmaxnorm
188,Q0,FR88712-0024,589,1.0083451386491071,minmaxnorm
188,Q0,FR891018-0087,590,1.007456513770577,minmaxnorm
188,Q0,DOE2-02-0363,591,1.0074442714251957,minmaxnorm
188,Q0,DOE1-46-0892,592,1.00574658170495,minmaxnorm
188,Q0,AP881114-0055,593,1.0056221100422933,minmaxnorm
188,Q0,FR89124-0042,594,1.0053052663938773,minmaxnorm
188,Q0,DOE2-71-0491,595,1.0025353846478704,minmaxnorm
188,Q0,DOE1-19-0817,596,1.0001049062283538,minmaxnorm
188,Q0,DOE2-60-0445,597,0.9958752675122167,minmaxnorm
188,Q0,FR89728-0029,598,0.9954200455841671,minmaxnorm
188,Q0,AP890921-0148,599,0.993036046229683,minmaxnorm
188,Q0,FR88914-0036,600,0.9860352562961281,minmaxnorm
188,Q0,WSJ861211-0175,601,0.9839394394269207,minmaxnorm
188,Q0,DOE2-68-0321,602,0.9836301841451724,minmaxnorm
188,Q0,ZF108-525-872,603,0.9832496878040694,minmaxnorm
188,Q0,AP890612-0015,604,0.9810883921983653,minmaxnorm
188,Q0,FR881028-0026,605,0.9792601496553648,minmaxnorm
188,Q0,DOE2-35-1067,606,0.9781551874687318,minmaxnorm
188,Q0,AP890323-0156,607,0.9777352435354676,minmaxnorm
188,Q0,WSJ900718-0032,608,0.974793864745504,minmaxnorm
188,Q0,AP890921-0036,609,0.9729224972168747,minmaxnorm
188,Q0,FR89201-0097,610,0.9727340598307663,minmaxnorm
188,Q0,FR89717-0046,611,0.9694260430197694,minmaxnorm
188,Q0,FR88923-0021,612,0.9694233757773,minmaxnorm
188,Q0,DOE2-11-0249,613,0.968337572578717,minmaxnorm
188,Q0,FR89113-0034,614,0.9644323944698349,minmaxnorm
188,Q0,DOE2-79-1071,615,0.9598310120678004,minmaxnorm
188,Q0,FR891019-0035,616,0.9585768741585621,minmaxnorm
188,Q0,DOE1-06-0889,617,0.9556306362169951,minmaxnorm
188,Q0,FR88708-0133,618,0.9553028085772082,minmaxnorm
188,Q0,DOE2-05-0060,619,0.9528145850439506,minmaxnorm
188,Q0,WSJ861217-0025,620,0.9509982218557125,minmaxnorm
188,Q0,DOE1-29-0018,621,0.9505424349363504,minmaxnorm
188,Q0,FR88216-0240,622,0.9488912891555021,minmaxnorm
188,Q0,FR88822-0075,623,0.948435476712289,minmaxnorm
188,Q0,FR88126-0109,624,0.947865371726098,minmaxnorm
188,Q0,AP880917-0129,625,0.947094284236568,minmaxnorm
188,Q0,FR891027-0043,626,0.9442356609837653,minmaxnorm
188,Q0,DOE1-78-0433,627,0.9439077599247848,minmaxnorm
188,Q0,FR89823-0027,628,0.9424702455242597,minmaxnorm
188,Q0,AP881115-0022,629,0.9407019368207009,minmaxnorm
188,Q0,WSJ870814-0108,630,0.9380520369418518,minmaxnorm
188,Q0,FR88719-0060,631,0.9367701863992928,minmaxnorm
188,Q0,DOE2-37-0321,632,0.9349712610349187,minmaxnorm
188,Q0,WSJ900411-0083,633,0.9341026810890379,minmaxnorm
188,Q0,FR891121-0132,634,0.9340092640723897,minmaxnorm
188,Q0,FR881019-0038,635,0.9313127921565818,minmaxnorm
188,Q0,AP880624-0266,636,0.9307568656912396,minmaxnorm
188,Q0,DOE1-73-0481,637,0.9306567119586614,minmaxnorm
188,Q0,AP881021-0058,638,0.930618171055124,minmaxnorm
188,Q0,AP890908-0129,639,0.9290352305323005,minmaxnorm
188,Q0,DOE1-64-1197,640,0.9281247609352307,minmaxnorm
188,Q0,DOE1-53-1291,641,0.9275370413667412,minmaxnorm
188,Q0,FR88808-0045,642,0.9267531689106911,minmaxnorm
188,Q0,WSJ880823-0051,643,0.92505420617512,minmaxnorm
188,Q0,AP880613-0026,644,0.9229433200095476,minmaxnorm
188,Q0,WSJ881018-0145,645,0.9227276921602013,minmaxnorm
188,Q0,FR88726-0018,646,0.9197454184249177,minmaxnorm
188,Q0,FR891002-0019,647,0.9195386550450864,minmaxnorm
188,Q0,DOE1-35-0214,648,0.9175312966850409,minmaxnorm
188,Q0,DOE2-11-0927,649,0.9174927964659704,minmaxnorm
188,Q0,FR89602-0040,650,0.9166699952021752,minmaxnorm
188,Q0,DOE1-62-0500,651,0.9164754855928777,minmaxnorm
188,Q0,FR881110-0037,652,0.9113068269737776,minmaxnorm
188,Q0,DOE2-55-0219,653,0.9075713523441216,minmaxnorm
188,Q0,DOE1-95-1107,654,0.9006535751176011,minmaxnorm
188,Q0,FR881025-0051,655,0.8991432345914793,minmaxnorm
188,Q0,FR89108-0080,656,0.8952729521183308,minmaxnorm
188,Q0,FR891031-0009,657,0.8924202447568909,minmaxnorm
188,Q0,AP880928-0229,658,0.8923726342345518,minmaxnorm
188,Q0,WSJ890928-0181,659,0.8895223924319022,minmaxnorm
188,Q0,DOE1-35-1195,660,0.8892863824389601,minmaxnorm
188,Q0,AP891003-0263,661,0.8889911959773986,minmaxnorm
188,Q0,AP890603-0009,662,0.8836561626857251,minmaxnorm
188,Q0,FR89522-0063,663,0.8817570082072521,minmaxnorm
188,Q0,FR89214-0012,664,0.8798179752181556,minmaxnorm
188,Q0,DOE1-94-1213,665,0.8795377694892301,minmaxnorm
188,Q0,AP890206-0128,666,0.8773122168640903,minmaxnorm
188,Q0,DOE2-73-0733,667,0.8754006614407169,minmaxnorm
188,Q0,DOE1-62-0492,668,0.8753556335212138,minmaxnorm
188,Q0,AP880418-0132,669,0.8738384279241227,minmaxnorm
188,Q0,FR89727-0028,670,0.8701602409851342,minmaxnorm
188,Q0,FR88211-0044,671,0.867857851710724,minmaxnorm
188,Q0,FR88216-0044,672,0.8677516722763446,minmaxnorm
188,Q0,FR88831-0132,673,0.8659841573258985,minmaxnorm
188,Q0,WSJ910716-0135,674,0.863868556180072,minmaxnorm
188,Q0,DOE2-52-0952,675,0.8625634296919428,minmaxnorm
188,Q0,DOE1-10-1059,676,0.861349227515968,minmaxnorm
188,Q0,DOE2-64-0333,677,0.8604719052511959,minmaxnorm
188,Q0,ZF109-452-471,678,0.8594170058915575,minmaxnorm
188,Q0,DOE2-22-0298,679,0.8589716054880092,minmaxnorm
188,Q0,DOE1-15-0933,680,0.8586751165430326,minmaxnorm
188,Q0,AP880730-0028,681,0.8584731086646915,minmaxnorm
188,Q0,FR89525-0029,682,0.8571855798794595,minmaxnorm
188,Q0,WSJ870212-0033,683,0.8563633734376459,minmaxnorm
188,Q0,FR88805-0070,684,0.8553140171370002,minmaxnorm
188,Q0,FR89621-0037,685,0.8545888671085953,minmaxnorm
188,Q0,FR89427-0024,686,0.8536273585084061,minmaxnorm
188,Q0,DOE1-62-0517,687,0.8533179382998629,minmaxnorm
188,Q0,DOE2-22-0966,688,0.8527064354607297,minmaxnorm
188,Q0,FR89223-0049,689,0.8526714218715096,minmaxnorm
188,Q0,FR89710-0029,690,0.8518663830727945,minmaxnorm
188,Q0,FR88606-0043,691,0.8496414703913419,minmaxnorm
188,Q0,FR89118-0014,692,0.8479894429944675,minmaxnorm
188,Q0,FR88512-0011,693,0.8475338078038013,minmaxnorm
188,Q0,DOE2-80-0830,694,0.8466683365279616,minmaxnorm
188,Q0,DOE1-27-0700,695,0.8454086885720461,minmaxnorm
188,Q0,FR89317-0116,696,0.844701061696561,minmaxnorm
188,Q0,WSJ870723-0126,697,0.8426486861217304,minmaxnorm
188,Q0,AP890624-0011,698,0.8418514966990402,minmaxnorm
188,Q0,FR891003-0089,699,0.8417408168170561,minmaxnorm
188,Q0,AP880802-0063,700,0.8402847649431657,minmaxnorm
188,Q0,DOE1-84-0578,701,0.8397904917275357,minmaxnorm
188,Q0,DOE1-30-0011,702,0.8392843737669305,minmaxnorm
188,Q0,AP890110-0090,703,0.8365466144406425,minmaxnorm
188,Q0,DOE2-23-0639,704,0.835661505187183,minmaxnorm
188,Q0,ZF109-638-589,705,0.8350780851561325,minmaxnorm
188,Q0,ZF207-273-000,706,0.8339304712229093,minmaxnorm
188,Q0,DOE2-50-0178,707,0.8337574952388865,minmaxnorm
188,Q0,DOE2-70-0831,708,0.8316270587040644,minmaxnorm
188,Q0,FR891128-0010,709,0.8278564957898843,minmaxnorm
188,Q0,WSJ870218-0043,710,0.8264449129798511,minmaxnorm
188,Q0,FR88707-0025,711,0.824912961198742,minmaxnorm
188,Q0,DOE2-58-0539,712,0.824145562815947,minmaxnorm
188,Q0,FR89217-0027,713,0.8238703735109058,minmaxnorm
188,Q0,AP890418-0236,714,0.8234126151945024,minmaxnorm
188,Q0,AP890104-0158,715,0.8214835669961493,minmaxnorm
188,Q0,WSJ871020-0025,716,0.8198602506777226,minmaxnorm
188,Q0,AP890801-0122,717,0.8197721410256782,minmaxnorm
188,Q0,WSJ911217-0111,718,0.8170116990880065,minmaxnorm
188,Q0,WSJ871105-0071,719,0.8169023042871548,minmaxnorm
188,Q0,WSJ880809-0128,720,0.8159975187384376,minmaxnorm
188,Q0,AP890107-0137,721,0.8131614457793684,minmaxnorm
188,Q0,WSJ870511-0130,722,0.8126561776047899,minmaxnorm
188,Q0,FR89222-0018,723,0.8105257587973965,minmaxnorm
188,Q0,DOE1-77-0525,724,0.807740847167842,minmaxnorm
188,Q0,FR89814-0067,725,0.8072300766056157,minmaxnorm
188,Q0,FR89428-0017,726,0.8071788845471708,minmaxnorm
188,Q0,DOE2-73-0610,727,0.8065069330664496,minmaxnorm
188,Q0,AP890801-0192,728,0.805525817021384,minmaxnorm
188,Q0,DOE1-11-0781,729,0.8048272774693817,minmaxnorm
188,Q0,DOE2-10-1146,730,0.802450715633754,minmaxnorm
188,Q0,WSJ870528-0146,731,0.8020443175774736,minmaxnorm
188,Q0,WSJ910319-0030,732,0.8019739664055651,minmaxnorm
188,Q0,FR891115-0141,733,0.8007630958236507,minmaxnorm
188,Q0,FR89510-0044,734,0.800685845777653,minmaxnorm
188,Q0,FR88518-0026,735,0.8006546087004364,minmaxnorm
188,Q0,WSJ880624-0153,736,0.7993600924808003,minmaxnorm
188,Q0,AP890903-0024,737,0.7981352048023572,minmaxnorm
188,Q0,FR89703-0078,738,0.7969014588942918,minmaxnorm
188,Q0,AP880604-0049,739,0.7968244786973164,minmaxnorm
188,Q0,FR89712-0238,740,0.7961178665897893,minmaxnorm
188,Q0,AP890906-0304,741,0.7958882083335374,minmaxnorm
188,Q0,DOE2-64-0337,742,0.7948798886482511,minmaxnorm
188,Q0,ZF207-317-815,743,0.792879471861945,minmaxnorm
188,Q0,DOE1-10-1116,744,0.7928692534070966,minmaxnorm
188,Q0,FR88818-0051,745,0.7904965708347751,minmaxnorm
188,Q0,WSJ870121-0063,746,0.7901857325527986,minmaxnorm
188,Q0,FR881102-0019,747,0.7879970710371592,minmaxnorm
188,Q0,FR89811-0019,748,0.7876596951172382,minmaxnorm
188,Q0,FR89602-0017,749,0.7872299445985944,minmaxnorm
188,Q0,FR88808-0047,750,0.7867993888150271,minmaxnorm
188,Q0,DOE2-36-0558,751,0.7856584209663462,minmaxnorm
188,Q0,FR88923-0022,752,0.7851510296408168,minmaxnorm
188,Q0,WSJ910822-0058,753,0.7845129900646686,minmaxnorm
188,Q0,WSJ920309-0170,754,0.7831462591174687,minmaxnorm
188,Q0,WSJ871125-0159,755,0.7809314706563099,minmaxnorm
188,Q0,DOE2-36-1091,756,0.7803158941878197,minmaxnorm
188,Q0,WSJ870219-0115,757,0.7793646024885885,minmaxnorm
188,Q0,WSJ910211-0149,758,0.777684170648102,minmaxnorm
188,Q0,DOE2-09-0116,759,0.777547999695881,minmaxnorm
188,Q0,FR88211-0290,760,0.7760034986329023,minmaxnorm
188,Q0,WSJ910221-0067,761,0.7753351785369387,minmaxnorm
188,Q0,AP890712-0094,762,0.7732631608223385,minmaxnorm
188,Q0,WSJ891020-0075,763,0.771240462057939,minmaxnorm
188,Q0,AP890621-0216,764,0.7686664903585534,minmaxnorm
188,Q0,WSJ910808-0103,765,0.7685450884728158,minmaxnorm
188,Q0,DOE2-66-0092,766,0.7675812120070487,minmaxnorm
188,Q0,DOE2-65-0456,767,0.7664330531850555,minmaxnorm
188,Q0,FR891108-0038,768,0.7662889042153126,minmaxnorm
188,Q0,FR891205-0017,769,0.7657484932791727,minmaxnorm
188,Q0,FR89310-0008,770,0.7652992377786444,minmaxnorm
188,Q0,DOE1-22-0485,771,0.7651072312241068,minmaxnorm
188,Q0,DOE1-95-0628,772,0.7646508329364208,minmaxnorm
188,Q0,WSJ910702-0073,773,0.7630242232522179,minmaxnorm
188,Q0,FR881129-0039,774,0.7622986078315039,minmaxnorm
188,Q0,ZF207-302-246,775,0.7614447261019277,minmaxnorm
188,Q0,FR88517-0056,776,0.760183897351192,minmaxnorm
188,Q0,FR89714-0007,777,0.7578281899574293,minmaxnorm
188,Q0,DOE1-32-0146,778,0.7577221046551019,minmaxnorm
188,Q0,WSJ911223-0125,779,0.7550510386029343,minmaxnorm
188,Q0,DOE1-12-0997,780,0.7546911170240198,minmaxnorm
188,Q0,DOE2-12-0693,781,0.7542085635865223,minmaxnorm
188,Q0,DOE2-35-0120,782,0.754161546041493,minmaxnorm
188,Q0,AP880808-0192,783,0.7532380620231266,minmaxnorm
188,Q0,WSJ911125-0028,784,0.751892107549496,minmaxnorm
188,Q0,AP881123-0111,785,0.7515539709438934,minmaxnorm
188,Q0,WSJ911113-0120,786,0.7497760988173884,minmaxnorm
188,Q0,WSJ910726-0182,787,0.7496679593139018,minmaxnorm
188,Q0,FR89712-0082,788,0.7495131274447302,minmaxnorm
188,Q0,WSJ870703-0186,789,0.748328011487972,minmaxnorm
188,Q0,WSJ920302-0153,790,0.7473558691147668,minmaxnorm
188,Q0,DOE2-04-0433,791,0.7471432357232972,minmaxnorm
188,Q0,WSJ910123-0104,792,0.7465346957280274,minmaxnorm
188,Q0,DOE2-50-0196,793,0.7459629471554313,minmaxnorm
188,Q0,FR88901-0034,794,0.7456866445159918,minmaxnorm
188,Q0,WSJ870921-0076,795,0.7449681919714317,minmaxnorm
188,Q0,WSJ871203-0054,796,0.7430287107361391,minmaxnorm
188,Q0,WSJ861215-0104,797,0.7429570371097602,minmaxnorm
188,Q0,FR88504-0118,798,0.7422980995022792,minmaxnorm
188,Q0,FR89108-0071,799,0.7421022073477851,minmaxnorm
188,Q0,WSJ870115-0103,800,0.7420211768261159,minmaxnorm
188,Q0,FR89329-0104,801,0.7416029319651317,minmaxnorm
188,Q0,DOE2-77-1147,802,0.7405695193381769,minmaxnorm
188,Q0,DOE2-58-0339,803,0.7399441843959662,minmaxnorm
188,Q0,DOE1-70-0373,804,0.7395437056473594,minmaxnorm
188,Q0,AP880721-0200,805,0.7377642952510282,minmaxnorm
188,Q0,WSJ880622-0069,806,0.7374012634117499,minmaxnorm
188,Q0,WSJ890727-0178,807,0.7366119445054315,minmaxnorm
188,Q0,DOE1-51-0807,808,0.7365835298579183,minmaxnorm
188,Q0,AP891006-0075,809,0.7365390604043188,minmaxnorm
188,Q0,DOE2-70-1033,810,0.7332374340920496,minmaxnorm
188,Q0,WSJ861224-0190,811,0.7321485044691212,minmaxnorm
188,Q0,FR89626-0137,812,0.7315457688983305,minmaxnorm
188,Q0,WSJ881003-0174,813,0.7313137865162319,minmaxnorm
188,Q0,WSJ890804-0106,814,0.7304930267853648,minmaxnorm
188,Q0,FR891025-0107,815,0.7297602824225659,minmaxnorm
188,Q0,WSJ870209-0086,816,0.7288514736730536,minmaxnorm
188,Q0,FR88825-0029,817,0.7268113764840177,minmaxnorm
188,Q0,FR88616-0128,818,0.7260075261136351,minmaxnorm
188,Q0,WSJ880718-0002,819,0.725195468761329,minmaxnorm
188,Q0,DOE2-54-0216,820,0.7245336064530111,minmaxnorm
188,Q0,WSJ911004-0016,821,0.724421139656301,minmaxnorm
188,Q0,DOE1-47-0818,822,0.7239498221406937,minmaxnorm
188,Q0,WSJ900905-0141,823,0.7228082323584768,minmaxnorm
188,Q0,DOE1-96-0882,824,0.7224621951238399,minmaxnorm
188,Q0,WSJ880321-0180,825,0.7216144762717599,minmaxnorm
188,Q0,ZF207-219-726,826,0.7205798993404262,minmaxnorm
188,Q0,FR881026-0020,827,0.7196660891792723,minmaxnorm
188,Q0,WSJ900907-0164,828,0.7181973487507506,minmaxnorm
188,Q0,FR881017-0003,829,0.7177766822869251,minmaxnorm
188,Q0,WSJ870204-0119,830,0.7157940456025494,minmaxnorm
188,Q0,WSJ920309-0017,831,0.7149732226742573,minmaxnorm
188,Q0,WSJ880728-0118,832,0.7143611357398807,minmaxnorm
188,Q0,ZF110-374-520,833,0.7136628507384053,minmaxnorm
188,Q0,FR89106-0015,834,0.7132237699823655,minmaxnorm
188,Q0,DOE1-09-0694,835,0.7124629441502364,minmaxnorm
188,Q0,DOE1-22-0486,836,0.7123425251113459,minmaxnorm
188,Q0,WSJ911125-0070,837,0.7117651321547735,minmaxnorm
188,Q0,FR88727-0020,838,0.7116503232477165,minmaxnorm
188,Q0,FR891103-0013,839,0.7103492399880399,minmaxnorm
188,Q0,DOE2-32-1001,840,0.7091091387301036,minmaxnorm
188,Q0,WSJ870217-0121,841,0.708929839370661,minmaxnorm
188,Q0,WSJ891027-0107,842,0.70813353982643,minmaxnorm
188,Q0,WSJ910708-0028,843,0.7073685074677987,minmaxnorm
188,Q0,WSJ880517-0089,844,0.7067888339247497,minmaxnorm
188,Q0,AP880429-0054,845,0.706521852288891,minmaxnorm
188,Q0,FR89118-0007,846,0.7055998282709428,minmaxnorm
188,Q0,ZF207-130-284,847,0.7048878387651272,minmaxnorm
188,Q0,WSJ880916-0129,848,0.7043030293651141,minmaxnorm
188,Q0,DOE1-32-0747,849,0.7022406713466869,minmaxnorm
188,Q0,FR88926-0045,850,0.7021120484326737,minmaxnorm
188,Q0,AP880509-0152,851,0.7018195825547394,minmaxnorm
188,Q0,WSJ870304-0078,852,0.7013928152616276,minmaxnorm
188,Q0,WSJ870413-0098,853,0.6993784734421485,minmaxnorm
188,Q0,FR89126-0167,854,0.6992861922520678,minmaxnorm
188,Q0,WSJ910717-0113,855,0.6981096918013439,minmaxnorm
188,Q0,FR89530-0140,856,0.6980127464790734,minmaxnorm
188,Q0,WSJ911203-0008,857,0.6978420382233235,minmaxnorm
188,Q0,DOE1-48-1102,858,0.6974405112779862,minmaxnorm
188,Q0,FR89215-0046,859,0.6968266998653102,minmaxnorm
188,Q0,FR89329-0047,860,0.6957422755723728,minmaxnorm
188,Q0,WSJ920206-0041,861,0.6956473124777574,minmaxnorm
188,Q0,AP890817-0069,862,0.6952492945807025,minmaxnorm
188,Q0,WSJ920210-0105,863,0.6944536532390424,minmaxnorm
188,Q0,ZF109-457-853,864,0.6942005165320309,minmaxnorm
188,Q0,WSJ870929-0058,865,0.6941481140822543,minmaxnorm
188,Q0,DOE1-60-0394,866,0.693929471239886,minmaxnorm
188,Q0,FR88929-0008,867,0.693890223098251,minmaxnorm
188,Q0,WSJ890804-0007,868,0.6932599644534794,minmaxnorm
188,Q0,DOE2-20-0268,869,0.6930280628807622,minmaxnorm
188,Q0,WSJ920117-0016,870,0.6920663610254773,minmaxnorm
188,Q0,FR89926-0008,871,0.6918853128753051,minmaxnorm
188,Q0,WSJ920221-0010,872,0.6912455971908811,minmaxnorm
188,Q0,FR881028-0040,873,0.6907495298512443,minmaxnorm
188,Q0,WSJ880321-0053,874,0.6900520060740657,minmaxnorm
188,Q0,DOE1-60-0635,875,0.6900458738541628,minmaxnorm
188,Q0,DOE2-50-0037,876,0.689368511785021,minmaxnorm
188,Q0,DOE2-09-0393,877,0.6884327078382694,minmaxnorm
188,Q0,WSJ870820-0058,878,0.6872918915027559,minmaxnorm
188,Q0,FR881129-0026,879,0.6868107791253373,minmaxnorm
188,Q0,FR88603-0150,880,0.6865314852439858,minmaxnorm
188,Q0,FR88831-0134,881,0.6857328362110017,minmaxnorm
188,Q0,FR89111-0078,882,0.6852006157902828,minmaxnorm
188,Q0,DOE2-53-0087,883,0.6849944892824709,minmaxnorm
188,Q0,WSJ920204-0084,884,0.684456559322846,minmaxnorm
188,Q0,FR89929-0050,885,0.6842163857288261,minmaxnorm
188,Q0,FR89525-0008,886,0.6836867248171644,minmaxnorm
188,Q0,WSJ871210-0013,887,0.6836358012334705,minmaxnorm
188,Q0,FR89309-0028,888,0.6835404860836577,minmaxnorm
188,Q0,WSJ870212-0013,889,0.6820914180849744,minmaxnorm
188,Q0,FR89818-0012,890,0.6810129255999384,minmaxnorm
188,Q0,WSJ880602-0118,891,0.6808039055407304,minmaxnorm
188,Q0,WSJ910905-0019,892,0.6805668885584956,minmaxnorm
188,Q0,DOE1-66-0405,893,0.6805366623559014,minmaxnorm
188,Q0,FR89420-0155,894,0.6803439576950655,minmaxnorm
188,Q0,AP880531-0155,895,0.6796081341178251,minmaxnorm
188,Q0,ZF108-276-656,896,0.679032897392067,minmaxnorm
188,Q0,WSJ920110-0011,897,0.6784883296096789,minmaxnorm
188,Q0,FR89519-0021,898,0.6782142897320943,minmaxnorm
188,Q0,WSJ891019-0119,899,0.6777603891925214,minmaxnorm
188,Q0,DOE2-64-0267,900,0.6774158996342163,minmaxnorm
188,Q0,FR88818-0059,901,0.6773786276126894,minmaxnorm
188,Q0,FR89821-0084,902,0.6765475607611489,minmaxnorm
188,Q0,DOE2-57-1240,903,0.6759719392954308,minmaxnorm
188,Q0,WSJ871222-0087,904,0.6755780761103949,minmaxnorm
188,Q0,WSJ910516-0072,905,0.6747039586068002,minmaxnorm
188,Q0,WSJ920317-0091,906,0.6740115846649859,minmaxnorm
188,Q0,FR89209-0034,907,0.6730608284437088,minmaxnorm
188,Q0,AP890208-0128,908,0.6725595582213262,minmaxnorm
188,Q0,DOE2-08-0105,909,0.6709625080374952,minmaxnorm
188,Q0,FR891026-0128,910,0.6707233477835851,minmaxnorm
188,Q0,WSJ911025-0079,911,0.669832643089916,minmaxnorm
188,Q0,FR89123-0046,912,0.6692783758516649,minmaxnorm
188,Q0,AP890605-0131,913,0.669103836994506,minmaxnorm
188,Q0,DOE1-34-0463,914,0.6689704280281973,minmaxnorm
188,Q0,AP881115-0173,915,0.6687370604250577,minmaxnorm
188,Q0,WSJ890817-0072,916,0.6686390306337104,minmaxnorm
188,Q0,WSJ870930-0046,917,0.6677687105190138,minmaxnorm
188,Q0,WSJ910718-0114,918,0.6674453008108585,minmaxnorm
188,Q0,FR88516-0128,919,0.6669274449888744,minmaxnorm
188,Q0,DOE1-76-0765,920,0.6668322305861971,minmaxnorm
188,Q0,AP880729-0236,921,0.6657384828922626,minmaxnorm
188,Q0,AP890724-0094,922,0.6656456314251085,minmaxnorm
188,Q0,AP891116-0106,923,0.6656403807034913,minmaxnorm
188,Q0,DOE1-40-0286,924,0.6654949849750715,minmaxnorm
188,Q0,WSJ880912-0080,925,0.6628935056897041,minmaxnorm
188,Q0,FR881020-0143,926,0.6611546726254112,minmaxnorm
188,Q0,FR89403-0001,927,0.6606747859661443,minmaxnorm
188,Q0,WSJ910905-0063,928,0.6604311370358129,minmaxnorm
188,Q0,FR891124-0050,929,0.6592669622176033,minmaxnorm
188,Q0,FR881019-0037,930,0.6590986220887727,minmaxnorm
188,Q0,WSJ910930-0141,931,0.6582666546468683,minmaxnorm
188,Q0,DOE2-15-0794,932,0.6569837255475319,minmaxnorm
188,Q0,FR88712-0003,933,0.6562204172306529,minmaxnorm
188,Q0,FR891003-0046,934,0.6560276621722757,minmaxnorm
188,Q0,WSJ870210-0077,935,0.6559642632835054,minmaxnorm
188,Q0,WSJ880111-0027,936,0.6558793706407609,minmaxnorm
188,Q0,AP891218-0108,937,0.6552150845507982,minmaxnorm
188,Q0,FR89123-0023,938,0.6542754857127281,minmaxnorm
188,Q0,AP880623-0092,939,0.6539445662405893,minmaxnorm
188,Q0,DOE1-84-0479,940,0.6535104820897979,minmaxnorm
188,Q0,AP881130-0256,941,0.6530180328385713,minmaxnorm
188,Q0,FR881121-0034,942,0.6527961885959322,minmaxnorm
188,Q0,WSJ901231-0021,943,0.6526713671203295,minmaxnorm
188,Q0,FR89419-0096,944,0.6520904657829147,minmaxnorm
188,Q0,WSJ911115-0107,945,0.6518505523994953,minmaxnorm
188,Q0,WSJ911115-0135,946,0.6502090247303032,minmaxnorm
188,Q0,DOE2-74-0956,947,0.6497195210280449,minmaxnorm
188,Q0,FR89222-0020,948,0.6480948498989181,minmaxnorm
188,Q0,AP880902-0237,949,0.6478412522630332,minmaxnorm
188,Q0,WSJ920224-0062,950,0.6478217300545006,minmaxnorm
188,Q0,FR89616-0063,951,0.6477359770703657,minmaxnorm
188,Q0,FR88114-0007,952,0.6476393334625336,minmaxnorm
188,Q0,WSJ870122-0101,953,0.6476338565801665,minmaxnorm
188,Q0,FR89306-0024,954,0.6475785917296757,minmaxnorm
188,Q0,FR89523-0037,955,0.6469949966191577,minmaxnorm
188,Q0,WSJ880630-0127,956,0.6466280855892097,minmaxnorm
188,Q0,FR881117-0025,957,0.6462155464071719,minmaxnorm
188,Q0,WSJ900801-0100,958,0.6461160120659373,minmaxnorm
188,Q0,WSJ880105-0088,959,0.6459258775722775,minmaxnorm
188,Q0,WSJ890925-0137,960,0.6456629102029429,minmaxnorm
188,Q0,FR89706-0074,961,0.6449849656951597,minmaxnorm
188,Q0,FR881107-0188,962,0.6445528492850976,minmaxnorm
188,Q0,FR89222-0004,963,0.644374463401429,minmaxnorm
188,Q0,WSJ890815-0120,964,0.6440495181356143,minmaxnorm
188,Q0,DOE1-80-0577,965,0.6434947698057311,minmaxnorm
188,Q0,AP891020-0252,966,0.6427357057326601,minmaxnorm
188,Q0,FR89731-0062,967,0.6419148158470606,minmaxnorm
188,Q0,FR89307-0043,968,0.6411721051155896,minmaxnorm
188,Q0,FR89710-0015,969,0.6409636361963486,minmaxnorm
188,Q0,FR88127-0003,970,0.6409587676921153,minmaxnorm
188,Q0,FR89301-0045,971,0.640523911428132,minmaxnorm
188,Q0,WSJ880919-0122,972,0.6401369610707317,minmaxnorm
188,Q0,FR89626-0103,973,0.6396483790348717,minmaxnorm
188,Q0,WSJ880404-0103,974,0.6389433494352719,minmaxnorm
188,Q0,DOE2-68-0535,975,0.6389211075165351,minmaxnorm
188,Q0,FR89217-0018,976,0.6383084905075409,minmaxnorm
188,Q0,WSJ900904-0051,977,0.6377496844513364,minmaxnorm
188,Q0,WSJ870807-0091,978,0.6375863458604156,minmaxnorm
188,Q0,FR88131-0082,979,0.6368967048856204,minmaxnorm
188,Q0,WSJ880224-0148,980,0.6364809578004988,minmaxnorm
188,Q0,FR881017-0020,981,0.6353178463525794,minmaxnorm
188,Q0,WSJ871022-0128,982,0.6335707650364025,minmaxnorm
188,Q0,DOE1-84-0638,983,0.6335357295494557,minmaxnorm
188,Q0,WSJ880930-0141,984,0.6327499872491282,minmaxnorm
188,Q0,FR88718-0022,985,0.6326863914941304,minmaxnorm
188,Q0,FR89313-0038,986,0.6322130916839434,minmaxnorm
188,Q0,FR891128-0122,987,0.6309407681623644,minmaxnorm
188,Q0,FR89427-0011,988,0.6305116996394229,minmaxnorm
188,Q0,WSJ890830-0054,989,0.6298398248526258,minmaxnorm
188,Q0,DOE1-06-0673,990,0.6290414698637109,minmaxnorm
188,Q0,FR88602-0135,991,0.62780535409646,minmaxnorm
188,Q0,FR88718-0006,992,0.6276015641523088,minmaxnorm
188,Q0,DOE1-20-0169,993,0.6274192693380312,minmaxnorm
188,Q0,AP890930-0090,994,0.6268309385416209,minmaxnorm
188,Q0,FR88108-0114,995,0.6256950947813443,minmaxnorm
188,Q0,FR881122-0037,996,0.6256260971560696,minmaxnorm
188,Q0,WSJ910530-0089,997,0.6252877991019079,minmaxnorm
188,Q0,AP880617-0189,998,0.6250037758706027,minmaxnorm
188,Q0,WSJ920316-0080,999,0.6247114016999531,minmaxnorm
188,Q0,FR88713-0018,1000,0.6245778793737542,minmaxnorm
192,Q0,WSJ890815-0120,1,16.524291406222623,minmaxnorm
192,Q0,AP890512-0194,2,14.326946288862866,minmaxnorm
192,Q0,AP890327-0226,3,14.112331461923823,minmaxnorm
192,Q0,AP890819-0146,4,13.493313967035103,minmaxnorm
192,Q0,AP890430-0052,5,13.241226135645658,minmaxnorm
192,Q0,AP890417-0280,6,13.079173495821195,minmaxnorm
192,Q0,AP891205-0199,7,13.07540419601435,minmaxnorm
192,Q0,AP890414-0224,8,13.074946599362507,minmaxnorm
192,Q0,AP890510-0184,9,13.054621069494532,minmaxnorm
192,Q0,AP890512-0251,10,12.87323593323203,minmaxnorm
192,Q0,AP890506-0030,11,12.857245578677102,minmaxnorm
192,Q0,AP890626-0009,12,12.548555203932208,minmaxnorm
192,Q0,AP890824-0077,13,12.34641139295933,minmaxnorm
192,Q0,AP890513-0038,14,12.151061642753627,minmaxnorm
192,Q0,AP890407-0140,15,12.135066230729597,minmaxnorm
192,Q0,AP890508-0291,16,12.062740993521126,minmaxnorm
192,Q0,AP890419-0085,17,12.046008502378726,minmaxnorm
192,Q0,AP890621-0222,18,12.038316376014471,minmaxnorm
192,Q0,AP890915-0194,19,12.035992868883389,minmaxnorm
192,Q0,AP890513-0132,20,11.923937484528448,minmaxnorm
192,Q0,AP890325-0143,21,11.86868807012601,minmaxnorm
192,Q0,AP890512-0248,22,11.785737072665542,minmaxnorm
192,Q0,AP891024-0068,23,11.779502338626047,minmaxnorm
192,Q0,ZF207-661-798,24,11.774356752002918,minmaxnorm
192,Q0,AP890418-0228,25,11.753753778249173,minmaxnorm
192,Q0,WSJ890915-0006,26,11.736724000391787,minmaxnorm
192,Q0,AP890328-0022,27,11.72378909038482,minmaxnorm
192,Q0,AP890916-0020,28,11.72010096129946,minmaxnorm
192,Q0,AP890414-0235,29,11.707838002402795,minmaxnorm
192,Q0,AP890511-0037,30,11.697882100082179,minmaxnorm
192,Q0,AP890519-0164,31,11.645582029338996,minmaxnorm
192,Q0,AP890328-0231,32,11.595065333358464,minmaxnorm
192,Q0,AP890914-0206,33,11.51898514202744,minmaxnorm
192,Q0,AP890912-0043,34,11.511989360673299,minmaxnorm
192,Q0,AP890906-0022,35,11.444869270109328,minmaxnorm
192,Q0,AP890502-0128,36,11.431937685380236,minmaxnorm
192,Q0,WSJ890727-0081,37,11.387827789697942,minmaxnorm
192,Q0,AP890915-0064,38,11.32054015566073,minmaxnorm
192,Q0,ZF207-760-725,39,11.256237048463829,minmaxnorm
192,Q0,AP890815-0106,40,11.235843671649453,minmaxnorm
192,Q0,AP890510-0110,41,11.23354717142375,minmaxnorm
192,Q0,AP891018-0054,42,11.183806505705379,minmaxnorm
192,Q0,AP890823-0250,43,11.153361071122529,minmaxnorm
192,Q0,AP890407-0169,44,11.120566917162492,minmaxnorm
192,Q0,AP890416-0080,45,11.023580156061206,minmaxnorm
192,Q0,AP890914-0281,46,10.954824739660133,minmaxnorm
192,Q0,AP890505-0222,47,10.909195383191172,minmaxnorm
192,Q0,AP890725-0270,48,10.870213848217075,minmaxnorm
192,Q0,WSJ890905-0125,49,10.84503132682786,minmaxnorm
192,Q0,AP890414-0261,50,10.842808873820585,minmaxnorm
192,Q0,AP890911-0026,51,10.815575968299708,minmaxnorm
192,Q0,AP890724-0165,52,10.78611310611733,minmaxnorm
192,Q0,AP890407-0203,53,10.782630634551174,minmaxnorm
192,Q0,WSJ890727-0071,54,10.770654640544528,minmaxnorm
192,Q0,AP890620-0155,55,10.745707652081038,minmaxnorm
192,Q0,AP890515-0036,56,10.742124652514079,minmaxnorm
192,Q0,AP890509-0253,57,10.736760492472518,minmaxnorm
192,Q0,AP890511-0283,58,10.633521939631297,minmaxnorm
192,Q0,AP890831-0086,59,10.600480493835605,minmaxnorm
192,Q0,AP890510-0154,60,10.587893705150385,minmaxnorm
192,Q0,WSJ890821-0123,61,10.575757574833974,minmaxnorm
192,Q0,AP890621-0085,62,10.5592151802139,minmaxnorm
192,Q0,AP890725-0047,63,10.538331357438091,minmaxnorm
192,Q0,WSJ890804-0100,64,10.503328749146496,minmaxnorm
192,Q0,AP890426-0210,65,10.412664363774294,minmaxnorm
192,Q0,AP891012-0253,66,10.411542066958857,minmaxnorm
192,Q0,AP890620-0044,67,10.40281535016989,minmaxnorm
192,Q0,AP890729-0125,68,10.402578727639783,minmaxnorm
192,Q0,ZF207-190-134,69,10.35769508541987,minmaxnorm
192,Q0,AP890510-0060,70,10.309998430235956,minmaxnorm
192,Q0,ZF207-160-776,71,10.293329061467338,minmaxnorm
192,Q0,AP890501-0176,72,10.274589621310376,minmaxnorm
192,Q0,AP890906-0197,73,10.262568893413583,minmaxnorm
192,Q0,AP890424-0297,74,10.165028979369872,minmaxnorm
192,Q0,AP890427-0139,75,10.110410467708574,minmaxnorm
192,Q0,AP890418-0193,76,10.089998795793932,minmaxnorm
192,Q0,WSJ900413-0119,77,9.98755678406163,minmaxnorm
192,Q0,AP890505-0068,78,9.960660793391897,minmaxnorm
192,Q0,AP890415-0052,79,9.933778260726154,minmaxnorm
192,Q0,AP890327-0092,80,9.920656217515965,minmaxnorm
192,Q0,AP890507-0084,81,9.895582370451894,minmaxnorm
192,Q0,AP890508-0268,82,9.894390981653617,minmaxnorm
192,Q0,AP890914-0039,83,9.813942980561437,minmaxnorm
192,Q0,AP890414-0039,84,9.81192952088455,minmaxnorm
192,Q0,AP890728-0069,85,9.76437798503913,minmaxnorm
192,Q0,AP890511-0259,86,9.7551312383932,minmaxnorm
192,Q0,WSJ900910-0080,87,9.723471057500515,minmaxnorm
192,Q0,AP890412-0140,88,9.6920319581713,minmaxnorm
192,Q0,AP890726-0246,89,9.680393656728015,minmaxnorm
192,Q0,AP890505-0248,90,9.679308428574773,minmaxnorm
192,Q0,AP890519-0244,91,9.662990930613365,minmaxnorm
192,Q0,AP890428-0183,92,9.662063678949863,minmaxnorm
192,Q0,AP890328-0191,93,9.613074262954354,minmaxnorm
192,Q0,ZF207-668-074,94,9.612685295635478,minmaxnorm
192,Q0,AP890517-0241,95,9.61088846804988,minmaxnorm
192,Q0,AP890325-0029,96,9.610789141333633,minmaxnorm
192,Q0,AP890519-0229,97,9.602536319535773,minmaxnorm
192,Q0,AP890428-0061,98,9.600033291183495,minmaxnorm
192,Q0,AP890909-0143,99,9.595189547944683,minmaxnorm
192,Q0,AP890626-0153,100,9.573415277935753,minmaxnorm
192,Q0,AP890726-0260,101,9.564394923125581,minmaxnorm
192,Q0,AP890602-0047,102,9.559482850742034,minmaxnorm
192,Q0,WSJ890726-0057,103,9.524513331402103,minmaxnorm
192,Q0,AP890413-0230,104,9.516004668754812,minmaxnorm
192,Q0,AP890622-0203,105,9.512312425180975,minmaxnorm
192,Q0,WSJ911029-0109,106,9.485763520134748,minmaxnorm
192,Q0,AP890422-0125,107,9.442502261874736,minmaxnorm
192,Q0,AP890627-0018,108,9.440391817948589,minmaxnorm
192,Q0,AP890728-0229,109,9.414586908127205,minmaxnorm
192,Q0,AP890914-0028,110,9.382924062397958,minmaxnorm
192,Q0,AP890404-0143,111,9.294087107231432,minmaxnorm
192,Q0,AP890725-0219,112,9.262659555509996,minmaxnorm
192,Q0,AP890621-0224,113,9.193621736404774,minmaxnorm
192,Q0,AP890423-0042,114,9.185582868873128,minmaxnorm
192,Q0,AP890429-0066,115,9.155022982260782,minmaxnorm
192,Q0,AP890913-0157,116,9.122793171710475,minmaxnorm
192,Q0,AP890504-0235,117,9.117284855800877,minmaxnorm
192,Q0,WSJ890824-0103,118,9.1115731265629,minmaxnorm
192,Q0,AP890326-0081,119,9.103544108909746,minmaxnorm
192,Q0,AP890510-0270,120,9.086942290478678,minmaxnorm
192,Q0,AP890418-0236,121,9.084600588037612,minmaxnorm
192,Q0,AP890408-0031,122,9.05278127716523,minmaxnorm
192,Q0,AP890517-0072,123,9.052430151603467,minmaxnorm
192,Q0,AP890421-0047,124,9.026435378654423,minmaxnorm
192,Q0,AP890805-0029,125,9.020096728128387,minmaxnorm
192,Q0,AP890407-0143,126,9.018847930997541,minmaxnorm
192,Q0,AP890919-0003,127,9.012656610375224,minmaxnorm
192,Q0,AP890304-0141,128,8.99721241073221,minmaxnorm
192,Q0,AP890619-0141,129,8.968993989348052,minmaxnorm
192,Q0,AP890817-0003,130,8.903080883116909,minmaxnorm
192,Q0,AP890509-0152,131,8.85526776478536,minmaxnorm
192,Q0,AP890628-0209,132,8.839951623507389,minmaxnorm
192,Q0,WSJ910410-0063,133,8.839099194437642,minmaxnorm
192,Q0,AP890728-0268,134,8.831358163161736,minmaxnorm
192,Q0,AP890408-0063,135,8.815801453503422,minmaxnorm
192,Q0,AP890429-0032,136,8.8131484263446,minmaxnorm
192,Q0,AP890806-0006,137,8.806510586377774,minmaxnorm
192,Q0,AP890729-0023,138,8.800026652506117,minmaxnorm
192,Q0,DOE1-65-1069,139,8.786008430142736,minmaxnorm
192,Q0,WSJ910905-0019,140,8.773806412455716,minmaxnorm
192,Q0,AP890622-0034,141,8.745538284514117,minmaxnorm
192,Q0,AP890404-0008,142,8.730163591253731,minmaxnorm
192,Q0,WSJ890731-0072,143,8.712597245284293,minmaxnorm
192,Q0,AP890508-0253,144,8.712163689301292,minmaxnorm
192,Q0,AP890502-0162,145,8.670667372914568,minmaxnorm
192,Q0,AP891002-0241,146,8.653255754743778,minmaxnorm
192,Q0,AP890415-0008,147,8.608222860851752,minmaxnorm
192,Q0,AP890408-0109,148,8.602387183577214,minmaxnorm
192,Q0,AP890523-0021,149,8.598341931521874,minmaxnorm
192,Q0,AP890910-0034,150,8.595567069665027,minmaxnorm
192,Q0,DOE1-34-0843,151,8.58978782043498,minmaxnorm
192,Q0,WSJ900907-0086,152,8.512724638721327,minmaxnorm
192,Q0,AP890725-0246,153,8.47838401404689,minmaxnorm
192,Q0,AP890410-0025,154,8.409204735694244,minmaxnorm
192,Q0,AP890926-0121,155,8.405241592688034,minmaxnorm
192,Q0,ZF207-214-226,156,8.403519022884533,minmaxnorm
192,Q0,AP890503-0215,157,8.400818340694386,minmaxnorm
192,Q0,AP890823-0113,158,8.362221980030089,minmaxnorm
192,Q0,AP890510-0036,159,8.307531400759348,minmaxnorm
192,Q0,AP890329-0094,160,8.291474999939858,minmaxnorm
192,Q0,AP890406-0148,161,8.289786373982883,minmaxnorm
192,Q0,WSJ900613-0035,162,8.271007153905336,minmaxnorm
192,Q0,AP890515-0017,163,8.249453073346558,minmaxnorm
192,Q0,AP891108-0197,164,8.224249287541227,minmaxnorm
192,Q0,WSJ891010-0016,165,8.212216721344992,minmaxnorm
192,Q0,AP890727-0147,166,8.203680402285396,minmaxnorm
192,Q0,WSJ890816-0048,167,8.195039582038433,minmaxnorm
192,Q0,AP890510-0039,168,8.173482313327881,minmaxnorm
192,Q0,AP890329-0107,169,8.132868528349954,minmaxnorm
192,Q0,AP890816-0057,170,8.126964609795778,minmaxnorm
192,Q0,AP890419-0183,171,8.114821080021548,minmaxnorm
192,Q0,AP890731-0032,172,8.088805319534355,minmaxnorm
192,Q0,AP890404-0090,173,8.085407077390851,minmaxnorm
192,Q0,ZF108-377-246,174,8.066972151280856,minmaxnorm
192,Q0,AP891125-0023,175,8.057310562325894,minmaxnorm
192,Q0,AP890410-0242,176,8.055994265749407,minmaxnorm
192,Q0,AP890502-0205,177,8.051712495564699,minmaxnorm
192,Q0,AP890916-0107,178,7.992403971723214,minmaxnorm
192,Q0,AP890425-0007,179,7.989014308708649,minmaxnorm
192,Q0,AP890509-0278,180,7.987810116974118,minmaxnorm
192,Q0,AP890401-0071,181,7.971102364642724,minmaxnorm
192,Q0,AP890621-0146,182,7.957046161258433,minmaxnorm
192,Q0,AP890403-0149,183,7.953864550633349,minmaxnorm
192,Q0,AP890501-0233,184,7.947503565453639,minmaxnorm
192,Q0,ZF207-396-978,185,7.935596501652839,minmaxnorm
192,Q0,AP890410-0055,186,7.93383225186578,minmaxnorm
192,Q0,AP890831-0136,187,7.893604377642666,minmaxnorm
192,Q0,AP890624-0021,188,7.890925093431015,minmaxnorm
192,Q0,AP890419-0205,189,7.858144247348238,minmaxnorm
192,Q0,WSJ891002-0039,190,7.835115008880501,minmaxnorm
192,Q0,AP890418-0030,191,7.777133685530319,minmaxnorm
192,Q0,AP890407-0234,192,7.747648528330674,minmaxnorm
192,Q0,DOE2-37-0759,193,7.746412395497794,minmaxnorm
192,Q0,AP890520-0019,194,7.741576429775674,minmaxnorm
192,Q0,WSJ890807-0098,195,7.711752121307532,minmaxnorm
192,Q0,AP890502-0188,196,7.675742152524853,minmaxnorm
192,Q0,WSJ890825-0031,197,7.631863041343793,minmaxnorm
192,Q0,AP890422-0034,198,7.6235956837443375,minmaxnorm
192,Q0,AP890328-0111,199,7.622215267338639,minmaxnorm
192,Q0,AP890728-0128,200,7.587940855126003,minmaxnorm
192,Q0,AP890327-0243,201,7.587596409062738,minmaxnorm
192,Q0,WSJ910912-0059,202,7.576657653206049,minmaxnorm
192,Q0,AP890429-0124,203,7.537288691069977,minmaxnorm
192,Q0,AP890621-0024,204,7.510836241211964,minmaxnorm
192,Q0,WSJ890809-0012,205,7.4918608374420606,minmaxnorm
192,Q0,AP890624-0121,206,7.462434850888826,minmaxnorm
192,Q0,AP890329-0265,207,7.41442728966296,minmaxnorm
192,Q0,WSJ910705-0069,208,7.409951365694432,minmaxnorm
192,Q0,AP890624-0062,209,7.382820185950881,minmaxnorm
192,Q0,AP890414-0110,210,7.379794122191263,minmaxnorm
192,Q0,ZF207-275-142,211,7.378882410250586,minmaxnorm
192,Q0,AP890304-0053,212,7.359653780983273,minmaxnorm
192,Q0,WSJ891009-0059,213,7.333878314741916,minmaxnorm
192,Q0,AP890408-0035,214,7.321728185177607,minmaxnorm
192,Q0,WSJ900710-0023,215,7.305288700279108,minmaxnorm
192,Q0,AP890705-0086,216,7.296224585877723,minmaxnorm
192,Q0,AP891018-0233,217,7.285925774242007,minmaxnorm
192,Q0,AP890407-0245,218,7.281361551958291,minmaxnorm
192,Q0,AP890714-0192,219,7.280579368570321,minmaxnorm
192,Q0,AP890730-0083,220,7.275120484055387,minmaxnorm
192,Q0,AP890724-0088,221,7.2354612550879445,minmaxnorm
192,Q0,AP890509-0277,222,7.234818574149543,minmaxnorm
192,Q0,AP890719-0089,223,7.2310114282643525,minmaxnorm
192,Q0,WSJ900612-0039,224,7.222701051001285,minmaxnorm
192,Q0,WSJ910219-0046,225,7.221178626478565,minmaxnorm
192,Q0,AP890508-0222,226,7.214553217605115,minmaxnorm
192,Q0,WSJ900904-0087,227,7.182863291184103,minmaxnorm
192,Q0,AP890701-0129,228,7.159465206751281,minmaxnorm
192,Q0,AP890711-0221,229,7.152787810302046,minmaxnorm
192,Q0,WSJ911002-0174,230,7.114936917262193,minmaxnorm
192,Q0,AP891127-0127,231,7.093624787042725,minmaxnorm
192,Q0,AP891107-0205,232,7.081137060873168,minmaxnorm
192,Q0,AP890427-0156,233,7.080475087637224,minmaxnorm
192,Q0,AP890328-0072,234,7.0563209706606225,minmaxnorm
192,Q0,AP890912-0169,235,7.034312760310712,minmaxnorm
192,Q0,AP890330-0130,236,7.033832624469203,minmaxnorm
192,Q0,AP890303-0137,237,6.986991121115277,minmaxnorm
192,Q0,AP890504-0109,238,6.9866641157051195,minmaxnorm
192,Q0,WSJ890808-0077,239,6.946348741176172,minmaxnorm
192,Q0,WSJ900413-0099,240,6.9388389460954025,minmaxnorm
192,Q0,AP890503-0020,241,6.9234534822613565,minmaxnorm
192,Q0,AP890715-0012,242,6.913313375921787,minmaxnorm
192,Q0,AP890506-0127,243,6.907535580605724,minmaxnorm
192,Q0,AP890406-0246,244,6.898511528108961,minmaxnorm
192,Q0,ZF109-435-071,245,6.889379228504247,minmaxnorm
192,Q0,AP890420-0092,246,6.861596622475281,minmaxnorm
192,Q0,AP890422-0024,247,6.844358537752403,minmaxnorm
192,Q0,AP890517-0282,248,6.841669532879731,minmaxnorm
192,Q0,WSJ890808-0125,249,6.825423853766678,minmaxnorm
192,Q0,WSJ891024-0035,250,6.821743711648427,minmaxnorm
192,Q0,WSJ910905-0114,251,6.778305218466309,minmaxnorm
192,Q0,AP890404-0260,252,6.744630174483448,minmaxnorm
192,Q0,AP890410-0120,253,6.736792752363774,minmaxnorm
192,Q0,WSJ900702-0014,254,6.695995766348428,minmaxnorm
192,Q0,ZF207-406-226,255,6.694561639617941,minmaxnorm
192,Q0,AP891109-0017,256,6.657216364189735,minmaxnorm
192,Q0,AP890404-0068,257,6.63339182552208,minmaxnorm
192,Q0,AP890511-0187,258,6.620333978026655,minmaxnorm
192,Q0,AP890427-0166,259,6.603014544793119,minmaxnorm
192,Q0,AP890729-0128,260,6.592640949692395,minmaxnorm
192,Q0,AP890525-0147,261,6.560675552262488,minmaxnorm
192,Q0,AP890421-0281,262,6.559421455315096,minmaxnorm
192,Q0,AP890729-0049,263,6.554810188792739,minmaxnorm
192,Q0,AP890330-0088,264,6.536338635807537,minmaxnorm
192,Q0,ZF207-536-622,265,6.529903157954389,minmaxnorm
192,Q0,WSJ890811-0045,266,6.520706631457158,minmaxnorm
192,Q0,AP890412-0183,267,6.515772723818855,minmaxnorm
192,Q0,AP890729-0052,268,6.497936836455669,minmaxnorm
192,Q0,WSJ900619-0004,269,6.488113674941461,minmaxnorm
192,Q0,AP890411-0201,270,6.4855467239367455,minmaxnorm
192,Q0,AP890502-0045,271,6.4790582656886455,minmaxnorm
192,Q0,AP890505-0051,272,6.455759204964915,minmaxnorm
192,Q0,AP890113-0234,273,6.452861765155858,minmaxnorm
192,Q0,AP890423-0071,274,6.438750621073435,minmaxnorm
192,Q0,AP890711-0195,275,6.428682203073909,minmaxnorm
192,Q0,AP890425-0289,276,6.409573214337694,minmaxnorm
192,Q0,WSJ900410-0017,277,6.385970667065107,minmaxnorm
192,Q0,AP890707-0142,278,6.385964796128289,minmaxnorm
192,Q0,AP890520-0074,279,6.355779122985308,minmaxnorm
192,Q0,WSJ890823-0042,280,6.3524716067321725,minmaxnorm
192,Q0,AP890627-0023,281,6.349661418295135,minmaxnorm
192,Q0,AP890626-0052,282,6.34846488788453,minmaxnorm
192,Q0,WSJ900612-0001,283,6.338080278236192,minmaxnorm
192,Q0,WSJ900719-0046,284,6.333744359319525,minmaxnorm
192,Q0,AP890410-0118,285,6.29263873127651,minmaxnorm
192,Q0,WSJ890831-0087,286,6.287751367210389,minmaxnorm
192,Q0,AP881227-0053,287,6.281926218196235,minmaxnorm
192,Q0,AP890405-0133,288,6.274406597959947,minmaxnorm
192,Q0,AP890406-0216,289,6.249614986118319,minmaxnorm
192,Q0,AP890330-0233,290,6.247350804496035,minmaxnorm
192,Q0,AP890406-0241,291,6.212229594266547,minmaxnorm
192,Q0,AP890406-0150,292,6.203776657018845,minmaxnorm
192,Q0,WSJ900620-0136,293,6.173462532264458,minmaxnorm
192,Q0,AP890524-0196,294,6.169680234842717,minmaxnorm
192,Q0,AP890407-0109,295,6.152060090691463,minmaxnorm
192,Q0,AP890414-0142,296,6.1346088757064035,minmaxnorm
192,Q0,AP890718-0177,297,6.124151489566839,minmaxnorm
192,Q0,WSJ900424-0049,298,6.114192263991805,minmaxnorm
192,Q0,AP890709-0018,299,6.0944160974724735,minmaxnorm
192,Q0,DOE2-40-1090,300,6.079668103863101,minmaxnorm
192,Q0,AP890625-0002,301,6.071616436595518,minmaxnorm
192,Q0,AP890520-0117,302,6.070339036002896,minmaxnorm
192,Q0,AP890722-0016,303,6.06871687290181,minmaxnorm
192,Q0,AP890531-0072,304,6.066444650408328,minmaxnorm
192,Q0,WSJ900705-0105,305,6.058893963236489,minmaxnorm
192,Q0,AP890101-0050,306,6.057803019262093,minmaxnorm
192,Q0,AP890404-0141,307,6.0227909090226595,minmaxnorm
192,Q0,AP890713-0062,308,6.002061837352135,minmaxnorm
192,Q0,AP890327-0146,309,5.995947257262224,minmaxnorm
192,Q0,AP891019-0147,310,5.984684718020533,minmaxnorm
192,Q0,WSJ900412-0115,311,5.980143418198546,minmaxnorm
192,Q0,AP890103-0067,312,5.938083092394166,minmaxnorm
192,Q0,AP881225-0056,313,5.936963367612223,minmaxnorm
192,Q0,WSJ891030-0078,314,5.911664362669859,minmaxnorm
192,Q0,AP890306-0093,315,5.863578267565462,minmaxnorm
192,Q0,AP890916-0068,316,5.844589645907919,minmaxnorm
192,Q0,WSJ900523-0004,317,5.843376442605323,minmaxnorm
192,Q0,AP891023-0244,318,5.823422853712819,minmaxnorm
192,Q0,AP890329-0148,319,5.8078473716909995,minmaxnorm
192,Q0,WSJ910214-0041,320,5.804208518688497,minmaxnorm
192,Q0,AP890913-0188,321,5.792661247807302,minmaxnorm
192,Q0,AP890410-0094,322,5.792521935384152,minmaxnorm
192,Q0,AP890407-0149,323,5.790387359720377,minmaxnorm
192,Q0,DOE1-34-0841,324,5.767134651789838,minmaxnorm
192,Q0,AP890407-0243,325,5.764802109443224,minmaxnorm
192,Q0,AP890918-0020,326,5.747129122581657,minmaxnorm
192,Q0,ZF207-631-866,327,5.733942979522864,minmaxnorm
192,Q0,AP890402-0001,328,5.712097973044279,minmaxnorm
192,Q0,AP890330-0209,329,5.692978190138173,minmaxnorm
192,Q0,AP890415-0107,330,5.615933567191864,minmaxnorm
192,Q0,AP890711-0124,331,5.601144708559881,minmaxnorm
192,Q0,AP890516-0224,332,5.590484491064606,minmaxnorm
192,Q0,AP891028-0010,333,5.586152490176752,minmaxnorm
192,Q0,AP890527-0048,334,5.583397804616889,minmaxnorm
192,Q0,AP891117-0134,335,5.582960161955676,minmaxnorm
192,Q0,AP890423-0083,336,5.558529837518926,minmaxnorm
192,Q0,AP890330-0007,337,5.5160504017003,minmaxnorm
192,Q0,WSJ900507-0069,338,5.510207754072996,minmaxnorm
192,Q0,AP890412-0090,339,5.494652933081769,minmaxnorm
192,Q0,AP890609-0205,340,5.488954788519557,minmaxnorm
192,Q0,AP890722-0046,341,5.446160932269064,minmaxnorm
192,Q0,ZF207-272-074,342,5.430427006660516,minmaxnorm
192,Q0,AP890701-0007,343,5.421037690366993,minmaxnorm
192,Q0,AP890502-0161,344,5.420290647789161,minmaxnorm
192,Q0,AP890916-0167,345,5.363227035319063,minmaxnorm
192,Q0,AP881228-0133,346,5.3488908527860435,minmaxnorm
192,Q0,WSJ900927-0147,347,5.309518295237558,minmaxnorm
192,Q0,AP890503-0052,348,5.308527163992378,minmaxnorm
192,Q0,ZF207-297-226,349,5.290223926892477,minmaxnorm
192,Q0,AP891102-0151,350,5.281044530537026,minmaxnorm
192,Q0,AP890518-0105,351,5.277737315628499,minmaxnorm
192,Q0,WSJ900608-0153,352,5.265641006418584,minmaxnorm
192,Q0,ZF207-581-380,353,5.260512296722957,minmaxnorm
192,Q0,AP890414-0151,354,5.213284844211794,minmaxnorm
192,Q0,AP890419-0063,355,5.210244354880478,minmaxnorm
192,Q0,AP890523-0247,356,5.2057796019274285,minmaxnorm
192,Q0,ZF207-309-724,357,5.187396042127584,minmaxnorm
192,Q0,ZF207-759-134,358,5.165050231544726,minmaxnorm
192,Q0,WSJ910325-0176,359,5.148382133462269,minmaxnorm
192,Q0,WSJ910923-0134,360,5.11957735528728,minmaxnorm
192,Q0,DOE1-61-0742,361,5.106609180277721,minmaxnorm
192,Q0,AP890327-0116,362,5.100627996874813,minmaxnorm
192,Q0,AP890416-0082,363,5.099472053856848,minmaxnorm
192,Q0,AP890412-0009,364,5.072818503588142,minmaxnorm
192,Q0,AP890624-0116,365,5.0577973670862315,minmaxnorm
192,Q0,AP890418-0029,366,5.051914113194358,minmaxnorm
192,Q0,AP890829-0036,367,5.050673028889124,minmaxnorm
192,Q0,AP890718-0081,368,5.033200722243706,minmaxnorm
192,Q0,AP890413-0043,369,5.011972593678927,minmaxnorm
192,Q0,WSJ900417-0072,370,5.0068586239581805,minmaxnorm
192,Q0,WSJ911031-0094,371,4.999286270732032,minmaxnorm
192,Q0,AP890418-0159,372,4.99837190674547,minmaxnorm
192,Q0,DOE2-47-0928,373,4.989208854169073,minmaxnorm
192,Q0,AP890403-0044,374,4.971568013775297,minmaxnorm
192,Q0,AP890425-0217,375,4.9496175919777325,minmaxnorm
192,Q0,AP890422-0113,376,4.932235135281931,minmaxnorm
192,Q0,AP890421-0236,377,4.871005994404005,minmaxnorm
192,Q0,AP890425-0122,378,4.853634465497351,minmaxnorm
192,Q0,AP890103-0157,379,4.841241892470152,minmaxnorm
192,Q0,AP890427-0292,380,4.83504857045246,minmaxnorm
192,Q0,DOE2-40-1100,381,4.806883519595877,minmaxnorm
192,Q0,AP890411-0241,382,4.795811357832892,minmaxnorm
192,Q0,AP890621-0226,383,4.774769173591324,minmaxnorm
192,Q0,AP890804-0009,384,4.763144620918118,minmaxnorm
192,Q0,AP890429-0087,385,4.7620705845189955,minmaxnorm
192,Q0,AP890705-0002,386,4.749154044956024,minmaxnorm
192,Q0,AP891228-0073,387,4.738802896095763,minmaxnorm
192,Q0,AP890110-0090,388,4.719075986345997,minmaxnorm
192,Q0,AP890909-0104,389,4.71757459432522,minmaxnorm
192,Q0,FR89630-0022,390,4.713710925623352,minmaxnorm
192,Q0,AP890508-0040,391,4.711667408252896,minmaxnorm
192,Q0,DOE2-30-0657,392,4.700100349988327,minmaxnorm
192,Q0,WSJ910314-0141,393,4.6923765718719626,minmaxnorm
192,Q0,AP890427-0032,394,4.673371652876,minmaxnorm
192,Q0,AP890419-0132,395,4.649076315359866,minmaxnorm
192,Q0,WSJ911009-0096,396,4.645860459347327,minmaxnorm
192,Q0,ZF207-388-544,397,4.6214023318928925,minmaxnorm
192,Q0,AP890404-0258,398,4.6198037427277905,minmaxnorm
192,Q0,AP890328-0106,399,4.599594613350138,minmaxnorm
192,Q0,AP890408-0005,400,4.5970474654819515,minmaxnorm
192,Q0,AP890401-0065,401,4.585006619123131,minmaxnorm
192,Q0,AP891021-0054,402,4.584154690329907,minmaxnorm
192,Q0,AP890412-0113,403,4.575141502855089,minmaxnorm
192,Q0,WSJ890817-0085,404,4.560128237886432,minmaxnorm
192,Q0,ZF207-942-612,405,4.555059867306008,minmaxnorm
192,Q0,AP890823-0101,406,4.542377720934585,minmaxnorm
192,Q0,AP890505-0243,407,4.5289716562468945,minmaxnorm
192,Q0,WSJ880115-0116,408,4.528523646269643,minmaxnorm
192,Q0,AP890502-0248,409,4.505638126616526,minmaxnorm
192,Q0,WSJ890823-0122,410,4.498263609795781,minmaxnorm
192,Q0,AP890624-0120,411,4.485149038328682,minmaxnorm
192,Q0,WSJ911015-0111,412,4.48199663828861,minmaxnorm
192,Q0,AP890408-0086,413,4.478149826256732,minmaxnorm
192,Q0,WSJ890728-0050,414,4.473188961622258,minmaxnorm
192,Q0,AP890518-0277,415,4.47186545835518,minmaxnorm
192,Q0,DOE1-92-1090,416,4.447124785645045,minmaxnorm
192,Q0,AP890514-0047,417,4.438020779483282,minmaxnorm
192,Q0,WSJ900426-0068,418,4.424360116636103,minmaxnorm
192,Q0,WSJ891024-0071,419,4.415178355681144,minmaxnorm
192,Q0,AP890425-0303,420,4.409956337404618,minmaxnorm
192,Q0,WSJ910325-0064,421,4.391839331246282,minmaxnorm
192,Q0,AP890210-0210,422,4.38358875288538,minmaxnorm
192,Q0,AP890106-0072,423,4.362327444404272,minmaxnorm
192,Q0,AP890505-0172,424,4.360837064934712,minmaxnorm
192,Q0,AP890624-0012,425,4.336424864868539,minmaxnorm
192,Q0,WSJ890801-0114,426,4.3278450639336485,minmaxnorm
192,Q0,DOE1-61-0730,427,4.3243039777714,minmaxnorm
192,Q0,AP891128-0047,428,4.308033173594527,minmaxnorm
192,Q0,FR89811-0133,429,4.306475616474525,minmaxnorm
192,Q0,AP890913-0066,430,4.2905432380108595,minmaxnorm
192,Q0,WSJ900803-0065,431,4.2836705246593,minmaxnorm
192,Q0,AP890730-0004,432,4.272474325681748,minmaxnorm
192,Q0,DOE1-26-0941,433,4.253712666357034,minmaxnorm
192,Q0,AP890830-0264,434,4.244858388906426,minmaxnorm
192,Q0,AP890929-0152,435,4.195630389273675,minmaxnorm
192,Q0,AP890408-0135,436,4.182318229927065,minmaxnorm
192,Q0,AP890328-0168,437,4.175251264622762,minmaxnorm
192,Q0,AP890407-0244,438,4.171407846835983,minmaxnorm
192,Q0,DOE1-92-1082,439,4.171106044116247,minmaxnorm
192,Q0,FR89815-0092,440,4.141414274479353,minmaxnorm
192,Q0,DOE1-26-0141,441,4.136150143408905,minmaxnorm
192,Q0,AP890624-0105,442,4.133853017069072,minmaxnorm
192,Q0,AP890707-0061,443,4.131076414715997,minmaxnorm
192,Q0,ZF108-325-160,444,4.130145656122751,minmaxnorm
192,Q0,AP890913-0042,445,4.129024685140708,minmaxnorm
192,Q0,AP890429-0098,446,4.10432477908613,minmaxnorm
192,Q0,AP890626-0129,447,4.099687855601831,minmaxnorm
192,Q0,AP890330-0206,448,4.094850403176518,minmaxnorm
192,Q0,WSJ910213-0064,449,4.074766416735178,minmaxnorm
192,Q0,AP890724-0044,450,4.066007279057064,minmaxnorm
192,Q0,AP890708-0001,451,4.057062018566211,minmaxnorm
192,Q0,AP890422-0040,452,4.0545516438487414,minmaxnorm
192,Q0,AP890519-0032,453,4.049468778086906,minmaxnorm
192,Q0,AP890424-0289,454,4.04639462628222,minmaxnorm
192,Q0,AP890713-0205,455,4.045210024630066,minmaxnorm
192,Q0,AP890518-0283,456,4.037410342824669,minmaxnorm
192,Q0,AP890626-0097,457,4.032292166506512,minmaxnorm
192,Q0,AP890519-0014,458,4.025117773887086,minmaxnorm
192,Q0,AP890414-0139,459,4.006580145807132,minmaxnorm
192,Q0,AP890511-0243,460,3.989883460226777,minmaxnorm
192,Q0,AP890716-0003,461,3.9323590380711,minmaxnorm
192,Q0,WSJ900727-0077,462,3.9272098010312444,minmaxnorm
192,Q0,AP890916-0045,463,3.9252233998241306,minmaxnorm
192,Q0,AP890506-0094,464,3.911145802301442,minmaxnorm
192,Q0,DOE1-76-0098,465,3.901014029044653,minmaxnorm
192,Q0,AP890504-0271,466,3.898899188504579,minmaxnorm
192,Q0,AP890605-0157,467,3.891287532745186,minmaxnorm
192,Q0,AP890613-0022,468,3.887189357824228,minmaxnorm
192,Q0,WSJ910924-0021,469,3.882713480581643,minmaxnorm
192,Q0,AP890505-0267,470,3.875481861889266,minmaxnorm
192,Q0,AP891010-0200,471,3.8642850227022216,minmaxnorm
192,Q0,AP881226-0044,472,3.8549111662762074,minmaxnorm
192,Q0,ZF207-358-810,473,3.8501700303054607,minmaxnorm
192,Q0,FR89927-0064,474,3.8452381138720346,minmaxnorm
192,Q0,AP890619-0214,475,3.841556504100095,minmaxnorm
192,Q0,DOE2-30-0655,476,3.8374394222671087,minmaxnorm
192,Q0,AP890524-0023,477,3.818086591820904,minmaxnorm
192,Q0,AP891002-0110,478,3.813556206126955,minmaxnorm
192,Q0,DOE2-40-0392,479,3.809239303533813,minmaxnorm
192,Q0,AP890427-0223,480,3.8089424513960477,minmaxnorm
192,Q0,AP891101-0028,481,3.8063608965149767,minmaxnorm
192,Q0,DOE1-65-1075,482,3.804482493486134,minmaxnorm
192,Q0,AP890518-0297,483,3.8038501867822956,minmaxnorm
192,Q0,WSJ900410-0075,484,3.8038288357895023,minmaxnorm
192,Q0,AP890417-0277,485,3.799480616927931,minmaxnorm
192,Q0,DOE1-03-0588,486,3.797935078485828,minmaxnorm
192,Q0,AP890515-0212,487,3.7829647287592962,minmaxnorm
192,Q0,WSJ911107-0134,488,3.782195541587471,minmaxnorm
192,Q0,WSJ890727-0102,489,3.780083118156651,minmaxnorm
192,Q0,AP890329-0175,490,3.7560513445336254,minmaxnorm
192,Q0,AP890521-0015,491,3.7410010489225036,minmaxnorm
192,Q0,AP890606-0203,492,3.7343309914029406,minmaxnorm
192,Q0,AP891003-0053,493,3.718735155121397,minmaxnorm
192,Q0,AP890719-0205,494,3.7186563240979096,minmaxnorm
192,Q0,AP890626-0010,495,3.7155007474131034,minmaxnorm
192,Q0,FR891114-0088,496,3.708822355104537,minmaxnorm
192,Q0,AP891011-0079,497,3.7027769864061035,minmaxnorm
192,Q0,AP880407-0154,498,3.6948655954125393,minmaxnorm
192,Q0,AP890502-0226,499,3.6864597363440357,minmaxnorm
192,Q0,AP890401-0038,500,3.67450680343277,minmaxnorm
192,Q0,WSJ910502-0004,501,3.6706874118223833,minmaxnorm
192,Q0,AP890720-0092,502,3.6701975825793354,minmaxnorm
192,Q0,AP890518-0267,503,3.665597900255476,minmaxnorm
192,Q0,DOE2-42-0187,504,3.6557077716428514,minmaxnorm
192,Q0,AP890710-0014,505,3.6456108386450805,minmaxnorm
192,Q0,WSJ910320-0013,506,3.644487583605609,minmaxnorm
192,Q0,AP890815-0189,507,3.640856034510575,minmaxnorm
192,Q0,AP890629-0089,508,3.6369979591558588,minmaxnorm
192,Q0,AP890404-0114,509,3.6284781253929554,minmaxnorm
192,Q0,AP890327-0218,510,3.6163415078481167,minmaxnorm
192,Q0,AP890522-0359,511,3.615163408534308,minmaxnorm
192,Q0,WSJ910722-0089,512,3.6151284128090952,minmaxnorm
192,Q0,AP890418-0049,513,3.615043957544889,minmaxnorm
192,Q0,AP890804-0049,514,3.590286809994791,minmaxnorm
192,Q0,FR89420-0148,515,3.5856590340089483,minmaxnorm
192,Q0,WSJ890818-0112,516,3.5726463685572787,minmaxnorm
192,Q0,AP890405-0266,517,3.552004945754081,minmaxnorm
192,Q0,AP880428-0065,518,3.5510509394611764,minmaxnorm
192,Q0,AP890727-0082,519,3.550375741042563,minmaxnorm
192,Q0,AP890623-0160,520,3.530182892044229,minmaxnorm
192,Q0,AP890628-0108,521,3.527807727090531,minmaxnorm
192,Q0,AP890426-0132,522,3.514527898545933,minmaxnorm
192,Q0,AP890627-0123,523,3.5091372507855327,minmaxnorm
192,Q0,AP891006-0133,524,3.4893863618476995,minmaxnorm
192,Q0,AP890717-0042,525,3.4890870524905773,minmaxnorm
192,Q0,AP890823-0014,526,3.459212915160668,minmaxnorm
192,Q0,AP890826-0134,527,3.45847341097111,minmaxnorm
192,Q0,AP890502-0310,528,3.4581919377542962,minmaxnorm
192,Q0,AP890820-0050,529,3.44373549330447,minmaxnorm
192,Q0,AP890420-0049,530,3.438294237167852,minmaxnorm
192,Q0,AP880714-0115,531,3.4273039803624634,minmaxnorm
192,Q0,DOE2-30-0985,532,3.419582451720216,minmaxnorm
192,Q0,AP890303-0049,533,3.412953821511271,minmaxnorm
192,Q0,AP880426-0188,534,3.406364846962963,minmaxnorm
192,Q0,AP890407-0045,535,3.3984074260164694,minmaxnorm
192,Q0,AP891205-0191,536,3.3918149817227436,minmaxnorm
192,Q0,AP890914-0211,537,3.3905585961970286,minmaxnorm
192,Q0,AP880427-0209,538,3.3846681381923505,minmaxnorm
192,Q0,DOE1-92-1087,539,3.381609936965985,minmaxnorm
192,Q0,AP890916-0105,540,3.3740947600143247,minmaxnorm
192,Q0,DOE1-80-0472,541,3.3734390989419305,minmaxnorm
192,Q0,AP890625-0004,542,3.3664419055226524,minmaxnorm
192,Q0,DOE1-36-0927,543,3.3639759762190846,minmaxnorm
192,Q0,WSJ910424-0075,544,3.337511363675816,minmaxnorm
192,Q0,AP890709-0042,545,3.3344808505682733,minmaxnorm
192,Q0,AP890629-0164,546,3.3258167667633556,minmaxnorm
192,Q0,WSJ900801-0069,547,3.316255136143608,minmaxnorm
192,Q0,DOE1-23-0230,548,3.310728700412427,minmaxnorm
192,Q0,AP890621-0223,549,3.306099021252232,minmaxnorm
192,Q0,AP890619-0215,550,3.298824255837483,minmaxnorm
192,Q0,AP890328-0150,551,3.283665560858317,minmaxnorm
192,Q0,AP890801-0052,552,3.268957005088277,minmaxnorm
192,Q0,WSJ890823-0006,553,3.2676961596593483,minmaxnorm
192,Q0,AP890721-0081,554,3.257832043133845,minmaxnorm
192,Q0,AP890914-0241,555,3.2559956901538416,minmaxnorm
192,Q0,WSJ910404-0028,556,3.2521846995628843,minmaxnorm
192,Q0,AP891104-0001,557,3.246251003723821,minmaxnorm
192,Q0,AP890628-0259,558,3.2365878959368635,minmaxnorm
192,Q0,AP891021-0055,559,3.2364396149331163,minmaxnorm
192,Q0,FR891103-0103,560,3.2349324778241737,minmaxnorm
192,Q0,AP890105-0036,561,3.232164784866953,minmaxnorm
192,Q0,AP890802-0199,562,3.211429534595513,minmaxnorm
192,Q0,DOE1-92-1083,563,3.2048842079790743,minmaxnorm
192,Q0,WSJ910128-0047,564,3.2032836966844878,minmaxnorm
192,Q0,AP890404-0032,565,3.203255118715715,minmaxnorm
192,Q0,AP890815-0041,566,3.1901842902279145,minmaxnorm
192,Q0,AP890830-0253,567,3.1754334471240906,minmaxnorm
192,Q0,AP890412-0184,568,3.1716129887258586,minmaxnorm
192,Q0,AP890624-0111,569,3.1689540710229047,minmaxnorm
192,Q0,DOE1-92-1088,570,3.166318875830443,minmaxnorm
192,Q0,ZF207-846-182,571,3.159461006635217,minmaxnorm
192,Q0,AP890324-0123,572,3.1583877891124152,minmaxnorm
192,Q0,WSJ911001-0165,573,3.1546653132406055,minmaxnorm
192,Q0,AP890516-0004,574,3.150803120841995,minmaxnorm
192,Q0,AP890915-0117,575,3.1465431392031427,minmaxnorm
192,Q0,WSJ900716-0105,576,3.1446458078036823,minmaxnorm
192,Q0,WSJ910125-0112,577,3.140850421506417,minmaxnorm
192,Q0,AP880521-0183,578,3.139048428270215,minmaxnorm
192,Q0,AP890511-0212,579,3.1341920208667307,minmaxnorm
192,Q0,AP890508-0063,580,3.1322268409446945,minmaxnorm
192,Q0,WSJ910319-0033,581,3.13144083001377,minmaxnorm
192,Q0,AP890203-0041,582,3.1251909163388163,minmaxnorm
192,Q0,WSJ910926-0052,583,3.1240881284095687,minmaxnorm
192,Q0,AP890518-0028,584,3.120767575825657,minmaxnorm
192,Q0,WSJ890727-0001,585,3.1205789288370664,minmaxnorm
192,Q0,AP880425-0058,586,3.114347891375279,minmaxnorm
192,Q0,AP890629-0096,587,3.108046779976065,minmaxnorm
192,Q0,AP890330-0025,588,3.1002504160572197,minmaxnorm
192,Q0,AP890616-0185,589,3.091214023472988,minmaxnorm
192,Q0,DOE2-09-0910,590,3.088237278357646,minmaxnorm
192,Q0,AP890415-0109,591,3.0762998491795583,minmaxnorm
192,Q0,DOE2-44-0008,592,3.0753603858543523,minmaxnorm
192,Q0,AP890423-0003,593,3.0711134348723617,minmaxnorm
192,Q0,AP890329-0213,594,3.0687671529254277,minmaxnorm
192,Q0,AP890627-0008,595,3.0672687968219225,minmaxnorm
192,Q0,AP890401-0089,596,3.05615137694954,minmaxnorm
192,Q0,AP890914-0052,597,3.0456304138362835,minmaxnorm
192,Q0,DOE1-29-0048,598,3.043087603417405,minmaxnorm
192,Q0,WSJ910524-0169,599,3.036672309726435,minmaxnorm
192,Q0,AP890401-0064,600,3.0304963312220963,minmaxnorm
192,Q0,ZF207-424-988,601,3.0273527514377223,minmaxnorm
192,Q0,WSJ910125-0047,602,3.0170097033870005,minmaxnorm
192,Q0,AP890628-0206,603,3.0028146183943987,minmaxnorm
192,Q0,AP890713-0247,604,3.0011316344003145,minmaxnorm
192,Q0,WSJ910930-0103,605,2.988411457496167,minmaxnorm
192,Q0,AP890405-0207,606,2.984979921138748,minmaxnorm
192,Q0,AP891213-0061,607,2.968711411263687,minmaxnorm
192,Q0,AP890626-0107,608,2.964967220664398,minmaxnorm
192,Q0,AP891216-0039,609,2.9543476929436245,minmaxnorm
192,Q0,AP891212-0104,610,2.932244880959592,minmaxnorm
192,Q0,AP890920-0088,611,2.9295626862139854,minmaxnorm
192,Q0,DOE2-56-0028,612,2.9294232004903193,minmaxnorm
192,Q0,WSJ891003-0109,613,2.926272174206842,minmaxnorm
192,Q0,AP890522-0010,614,2.9164236955141023,minmaxnorm
192,Q0,WSJ910129-0015,615,2.916154648377754,minmaxnorm
192,Q0,AP890412-0167,616,2.9137626434880963,minmaxnorm
192,Q0,AP890715-0127,617,2.905771294679077,minmaxnorm
192,Q0,AP890107-0137,618,2.888211240104526,minmaxnorm
192,Q0,WSJ900726-0061,619,2.8870708077857516,minmaxnorm
192,Q0,AP890629-0214,620,2.86952162760227,minmaxnorm
192,Q0,AP890509-0218,621,2.839703120076157,minmaxnorm
192,Q0,AP890621-0225,622,2.8323167347092504,minmaxnorm
192,Q0,AP890816-0240,623,2.8178003742047846,minmaxnorm
192,Q0,AP890719-0049,624,2.8112109171891824,minmaxnorm
192,Q0,WSJ900411-0024,625,2.8066030229653136,minmaxnorm
192,Q0,WSJ900914-0034,626,2.8029505954378773,minmaxnorm
192,Q0,AP880915-0155,627,2.8012731797468553,minmaxnorm
192,Q0,DOE1-37-0329,628,2.792644763263746,minmaxnorm
192,Q0,DOE1-61-0731,629,2.7871642696154333,minmaxnorm
192,Q0,FR89501-0150,630,2.761902085657588,minmaxnorm
192,Q0,AP890920-0174,631,2.7564713529581173,minmaxnorm
192,Q0,AP890424-0030,632,2.7559662788659818,minmaxnorm
192,Q0,AP880604-0186,633,2.736339053076377,minmaxnorm
192,Q0,AP890323-0192,634,2.7288439082416494,minmaxnorm
192,Q0,AP890809-0012,635,2.725521820070124,minmaxnorm
192,Q0,WSJ910207-0111,636,2.722960542859263,minmaxnorm
192,Q0,AP891127-0197,637,2.721776318300034,minmaxnorm
192,Q0,AP890920-0101,638,2.7217478497961176,minmaxnorm
192,Q0,AP890405-0212,639,2.7164196428236305,minmaxnorm
192,Q0,AP890404-0211,640,2.716351998202974,minmaxnorm
192,Q0,AP891115-0267,641,2.712662242289749,minmaxnorm
192,Q0,AP890408-0018,642,2.7095328725713252,minmaxnorm
192,Q0,AP890426-0014,643,2.705059054398201,minmaxnorm
192,Q0,DOE2-40-0395,644,2.683796199649767,minmaxnorm
192,Q0,AP890502-0044,645,2.681322251360437,minmaxnorm
192,Q0,AP881224-0041,646,2.681160684309263,minmaxnorm
192,Q0,AP890704-0157,647,2.6656016558081825,minmaxnorm
192,Q0,AP890329-0070,648,2.6424436024842928,minmaxnorm
192,Q0,DOE1-40-0323,649,2.631770451946104,minmaxnorm
192,Q0,AP891124-0040,650,2.62521570234239,minmaxnorm
192,Q0,AP890403-0152,651,2.618975817072819,minmaxnorm
192,Q0,WSJ910211-0060,652,2.5966935696075817,minmaxnorm
192,Q0,AP891110-0030,653,2.582631241674627,minmaxnorm
192,Q0,ZF109-526-005,654,2.5790413488837114,minmaxnorm
192,Q0,AP890405-0132,655,2.5723322067736625,minmaxnorm
192,Q0,ZF207-668-168,656,2.5689208723772015,minmaxnorm
192,Q0,AP890427-0037,657,2.5656062784637785,minmaxnorm
192,Q0,WSJ910515-0164,658,2.564693064729529,minmaxnorm
192,Q0,AP890410-0008,659,2.5627044260743905,minmaxnorm
192,Q0,AP890517-0237,660,2.550772512820306,minmaxnorm
192,Q0,WSJ910426-0077,661,2.5486478878596692,minmaxnorm
192,Q0,DOE2-40-1096,662,2.5405268399101413,minmaxnorm
192,Q0,AP890303-0093,663,2.5368845921613135,minmaxnorm
192,Q0,AP890522-0083,664,2.5332454307566135,minmaxnorm
192,Q0,DOE2-71-0530,665,2.528240190599367,minmaxnorm
192,Q0,AP880605-0047,666,2.519906863223256,minmaxnorm
192,Q0,AP890414-0229,667,2.5049766999119174,minmaxnorm
192,Q0,AP891123-0136,668,2.5040622409052853,minmaxnorm
192,Q0,WSJ910425-0066,669,2.5009717065470047,minmaxnorm
192,Q0,WSJ890919-0137,670,2.4984530700511267,minmaxnorm
192,Q0,WSJ910805-0095,671,2.4719776057031386,minmaxnorm
192,Q0,AP890405-0272,672,2.469132278292753,minmaxnorm
192,Q0,AP890311-0121,673,2.4622031526870236,minmaxnorm
192,Q0,AP890302-0094,674,2.4572143186148887,minmaxnorm
192,Q0,AP890518-0056,675,2.455899294169797,minmaxnorm
192,Q0,DOE1-26-0942,676,2.4539028066404933,minmaxnorm
192,Q0,AP890629-0127,677,2.452376441861186,minmaxnorm
192,Q0,DOE2-40-1109,678,2.452330967176878,minmaxnorm
192,Q0,AP891010-0227,679,2.4314254098184946,minmaxnorm
192,Q0,AP890407-0066,680,2.4263752286124642,minmaxnorm
192,Q0,AP890502-0262,681,2.4152100591727055,minmaxnorm
192,Q0,AP890817-0205,682,2.412577133631605,minmaxnorm
192,Q0,WSJ880707-0127,683,2.410741726986287,minmaxnorm
192,Q0,DOE1-64-1204,684,2.382577982023477,minmaxnorm
192,Q0,DOE1-04-0948,685,2.3771403988373097,minmaxnorm
192,Q0,AP891118-0124,686,2.37174773806116,minmaxnorm
192,Q0,DOE1-75-0474,687,2.3559454112666987,minmaxnorm
192,Q0,AP890818-0023,688,2.345709259215555,minmaxnorm
192,Q0,DOE1-56-0140,689,2.3450364745859105,minmaxnorm
192,Q0,WSJ910311-0036,690,2.34119274962483,minmaxnorm
192,Q0,AP890625-0011,691,2.3022351029703145,minmaxnorm
192,Q0,AP890630-0041,692,2.2977289773366794,minmaxnorm
192,Q0,WSJ910829-0111,693,2.295237970598784,minmaxnorm
192,Q0,AP891119-0062,694,2.290338044427056,minmaxnorm
192,Q0,WSJ910131-0025,695,2.2788990126839828,minmaxnorm
192,Q0,AP890202-0179,696,2.27745234625795,minmaxnorm
192,Q0,AP891026-0209,697,2.245862855223434,minmaxnorm
192,Q0,DOE2-54-0625,698,2.238927378833597,minmaxnorm
192,Q0,AP890704-0033,699,2.2372523178290513,minmaxnorm
192,Q0,AP890327-0238,700,2.2321402255126723,minmaxnorm
192,Q0,AP891026-0061,701,2.2292691592705385,minmaxnorm
192,Q0,DOE1-64-1203,702,2.22476070226335,minmaxnorm
192,Q0,AP880228-0002,703,2.2206595296852414,minmaxnorm
192,Q0,AP890406-0154,704,2.212277205458955,minmaxnorm
192,Q0,WSJ900629-0050,705,2.2120711784519504,minmaxnorm
192,Q0,WSJ900910-0022,706,2.1910299845790986,minmaxnorm
192,Q0,WSJ910911-0065,707,2.1859844063818654,minmaxnorm
192,Q0,ZF207-508-368,708,2.1827874314911555,minmaxnorm
192,Q0,AP890910-0037,709,2.1813350879481814,minmaxnorm
192,Q0,AP890627-0157,710,2.175865934637134,minmaxnorm
192,Q0,DOE1-40-0286,711,2.1675193214815947,minmaxnorm
192,Q0,AP890510-0229,712,2.1514279061692894,minmaxnorm
192,Q0,DOE1-23-0233,713,2.146910473305981,minmaxnorm
192,Q0,AP890516-0270,714,2.1450772443842445,minmaxnorm
192,Q0,AP880428-0207,715,2.143475114200132,minmaxnorm
192,Q0,WSJ900608-0093,716,2.1386302876106136,minmaxnorm
192,Q0,AP890626-0142,717,2.122371336747706,minmaxnorm
192,Q0,AP880430-0163,718,2.1193252421942974,minmaxnorm
192,Q0,WSJ910228-0003,719,2.1096083856795933,minmaxnorm
192,Q0,AP890822-0156,720,2.0995036751221865,minmaxnorm
192,Q0,AP890916-0079,721,2.0975360262569516,minmaxnorm
192,Q0,DOE1-13-0012,722,2.0955880460767267,minmaxnorm
192,Q0,WSJ910528-0053,723,2.0818910751729236,minmaxnorm
192,Q0,WSJ910823-0097,724,2.080367036642806,minmaxnorm
192,Q0,AP890907-0037,725,2.067519204977419,minmaxnorm
192,Q0,AP891225-0076,726,2.0674960816588466,minmaxnorm
192,Q0,AP891104-0051,727,2.0640627230064856,minmaxnorm
192,Q0,DOE1-35-0131,728,2.0618345742521282,minmaxnorm
192,Q0,AP890706-0208,729,2.060514796417799,minmaxnorm
192,Q0,DOE2-74-0422,730,2.045642587514475,minmaxnorm
192,Q0,AP890911-0062,731,2.043604078012531,minmaxnorm
192,Q0,AP880425-0184,732,2.030618804724719,minmaxnorm
192,Q0,AP890506-0015,733,2.0265140972221682,minmaxnorm
192,Q0,AP890408-0110,734,1.9984833125251396,minmaxnorm
192,Q0,AP890412-0091,735,1.9974052552172348,minmaxnorm
192,Q0,AP890424-0008,736,1.9965482287906744,minmaxnorm
192,Q0,WSJ910522-0059,737,1.9946063647975747,minmaxnorm
192,Q0,AP890404-0075,738,1.9811329905727566,minmaxnorm
192,Q0,WSJ910515-0146,739,1.9788278312974938,minmaxnorm
192,Q0,AP890426-0108,740,1.9631691408925276,minmaxnorm
192,Q0,AP890908-0099,741,1.9604716010398728,minmaxnorm
192,Q0,WSJ910208-0114,742,1.95482730346453,minmaxnorm
192,Q0,AP890831-0230,743,1.9533878313409232,minmaxnorm
192,Q0,WSJ890920-0112,744,1.9517021317449572,minmaxnorm
192,Q0,DOE2-01-1111,745,1.9495153360482886,minmaxnorm
192,Q0,WSJ900713-0079,746,1.9485865716045592,minmaxnorm
192,Q0,AP890721-0141,747,1.9327629630901995,minmaxnorm
192,Q0,AP890420-0210,748,1.929514989987475,minmaxnorm
192,Q0,DOE1-40-0319,749,1.9241137081820663,minmaxnorm
192,Q0,DOE2-37-0757,750,1.9221937877898823,minmaxnorm
192,Q0,WSJ910812-0057,751,1.8969861546117626,minmaxnorm
192,Q0,AP890822-0081,752,1.8718534040561088,minmaxnorm
192,Q0,AP890614-0185,753,1.8582899934813455,minmaxnorm
192,Q0,WSJ900724-0153,754,1.8553799102626165,minmaxnorm
192,Q0,AP891119-0019,755,1.852728721432252,minmaxnorm
192,Q0,AP890726-0094,756,1.8516904034565478,minmaxnorm
192,Q0,AP890401-0031,757,1.8501867920058666,minmaxnorm
192,Q0,AP890816-0174,758,1.848802857509282,minmaxnorm
192,Q0,AP881224-0127,759,1.8426105239168267,minmaxnorm
192,Q0,AP890731-0271,760,1.8395455884146772,minmaxnorm
192,Q0,AP890301-0220,761,1.838265829441017,minmaxnorm
192,Q0,AP890407-0106,762,1.837442681550915,minmaxnorm
192,Q0,DOE1-82-1052,763,1.8325353075884399,minmaxnorm
192,Q0,AP890420-0091,764,1.822825954382739,minmaxnorm
192,Q0,AP890718-0241,765,1.8226851437403733,minmaxnorm
192,Q0,ZF207-878-110,766,1.8220156356438348,minmaxnorm
192,Q0,AP890804-0190,767,1.819159208907045,minmaxnorm
192,Q0,AP890405-0162,768,1.8103554177359997,minmaxnorm
192,Q0,AP891028-0002,769,1.8098996210079485,minmaxnorm
192,Q0,DOE1-23-0234,770,1.795856581153319,minmaxnorm
192,Q0,WSJ910430-0050,771,1.7940613783024137,minmaxnorm
192,Q0,DOE1-64-0686,772,1.7930154262731077,minmaxnorm
192,Q0,DOE2-33-0917,773,1.7928981231372803,minmaxnorm
192,Q0,WSJ890816-0073,774,1.7886792114301702,minmaxnorm
192,Q0,AP880526-0266,775,1.7855968343409443,minmaxnorm
192,Q0,AP890817-0053,776,1.7786418812739917,minmaxnorm
192,Q0,WSJ900613-0014,777,1.7719251378537177,minmaxnorm
192,Q0,AP890204-0019,778,1.7711168748407375,minmaxnorm
192,Q0,DOE2-40-1098,779,1.7625379453741912,minmaxnorm
192,Q0,WSJ900801-0059,780,1.7566400086108216,minmaxnorm
192,Q0,WSJ910502-0085,781,1.7483802838308151,minmaxnorm
192,Q0,ZF207-908-218,782,1.7455527335980994,minmaxnorm
192,Q0,AP890714-0175,783,1.7397840204898007,minmaxnorm
192,Q0,AP890912-0204,784,1.7339753967992704,minmaxnorm
192,Q0,WSJ910613-0015,785,1.7269914239481485,minmaxnorm
192,Q0,AP890426-0202,786,1.7260381816828674,minmaxnorm
192,Q0,AP890406-0219,787,1.723260098371476,minmaxnorm
192,Q0,AP890620-0220,788,1.7178679887149366,minmaxnorm
192,Q0,DOE1-87-1105,789,1.717095724517062,minmaxnorm
192,Q0,AP890414-0017,790,1.7085191678805258,minmaxnorm
192,Q0,AP890809-0087,791,1.6960397886970229,minmaxnorm
192,Q0,AP890325-0030,792,1.6922957146754332,minmaxnorm
192,Q0,DOE2-40-1102,793,1.6915839026061752,minmaxnorm
192,Q0,WSJ910204-0059,794,1.6852423898636737,minmaxnorm
192,Q0,AP890412-0110,795,1.6821926783020227,minmaxnorm
192,Q0,WSJ900730-0058,796,1.6779397413160546,minmaxnorm
192,Q0,WSJ890911-0032,797,1.6758923059313093,minmaxnorm
192,Q0,AP890405-0226,798,1.6749410030853253,minmaxnorm
192,Q0,WSJ911101-0179,799,1.6735047569126684,minmaxnorm
192,Q0,WSJ880629-0100,800,1.6715393775988705,minmaxnorm
192,Q0,AP890328-0060,801,1.6670733502006108,minmaxnorm
192,Q0,AP890925-0010,802,1.649057898123554,minmaxnorm
192,Q0,AP890326-0061,803,1.6460628144224447,minmaxnorm
192,Q0,DOE1-26-0922,804,1.6438320054014934,minmaxnorm
192,Q0,AP890421-0185,805,1.6427730629298096,minmaxnorm
192,Q0,AP890625-0047,806,1.6407935494993868,minmaxnorm
192,Q0,AP891104-0048,807,1.6371999770050105,minmaxnorm
192,Q0,AP890916-0144,808,1.633941361143966,minmaxnorm
192,Q0,DOE1-43-0061,809,1.6240583401876891,minmaxnorm
192,Q0,WSJ900710-0042,810,1.6190418443012884,minmaxnorm
192,Q0,AP890724-0164,811,1.61448766131888,minmaxnorm
192,Q0,DOE1-65-0263,812,1.6106813110246163,minmaxnorm
192,Q0,DOE1-73-0702,813,1.6104655627430289,minmaxnorm
192,Q0,WSJ911025-0062,814,1.5998709193635436,minmaxnorm
192,Q0,AP890406-0222,815,1.5974855259911622,minmaxnorm
192,Q0,AP890807-0144,816,1.597405110689776,minmaxnorm
192,Q0,AP890416-0045,817,1.592996330108521,minmaxnorm
192,Q0,AP890503-0140,818,1.5849158209121332,minmaxnorm
192,Q0,WSJ890803-0063,819,1.5740218408091873,minmaxnorm
192,Q0,FR89417-0121,820,1.5622887441965418,minmaxnorm
192,Q0,ZF207-472-744,821,1.5592809661830576,minmaxnorm
192,Q0,WSJ910325-0177,822,1.5544967230606852,minmaxnorm
192,Q0,WSJ880105-0090,823,1.5515917619289308,minmaxnorm
192,Q0,FR891003-0046,824,1.5429701446286457,minmaxnorm
192,Q0,DOE2-31-0784,825,1.5340385517254345,minmaxnorm
192,Q0,DOE2-44-0007,826,1.526585909176131,minmaxnorm
192,Q0,FR88725-0063,827,1.5224161702127925,minmaxnorm
192,Q0,AP890413-0233,828,1.5143305607670743,minmaxnorm
192,Q0,DOE2-40-0383,829,1.5125157773225277,minmaxnorm
192,Q0,DOE2-31-0036,830,1.504149997305766,minmaxnorm
192,Q0,AP890518-0249,831,1.4987952034400598,minmaxnorm
192,Q0,FR881109-0038,832,1.4930090359215067,minmaxnorm
192,Q0,FR89317-0130,833,1.4818065295722709,minmaxnorm
192,Q0,ZF207-746-224,834,1.4812036534927617,minmaxnorm
192,Q0,DOE1-61-0729,835,1.4792158008717822,minmaxnorm
192,Q0,AP890406-0163,836,1.4696901425713884,minmaxnorm
192,Q0,AP890207-0152,837,1.4666347433208478,minmaxnorm
192,Q0,AP890722-0001,838,1.4657801375923492,minmaxnorm
192,Q0,AP890830-0008,839,1.463060553058828,minmaxnorm
192,Q0,WSJ910723-0133,840,1.4496599972469786,minmaxnorm
192,Q0,AP890801-0137,841,1.4493156900494615,minmaxnorm
192,Q0,AP890811-0135,842,1.4475637497047018,minmaxnorm
192,Q0,DOE1-34-0840,843,1.4474387547415088,minmaxnorm
192,Q0,AP890407-0246,844,1.4406259652523417,minmaxnorm
192,Q0,AP880916-0241,845,1.4399593166757068,minmaxnorm
192,Q0,FR89524-0025,846,1.4395722602901293,minmaxnorm
192,Q0,DOE2-52-0765,847,1.4297014627655427,minmaxnorm
192,Q0,FR88923-0021,848,1.426875472899684,minmaxnorm
192,Q0,AP890402-0003,849,1.4246450884517883,minmaxnorm
192,Q0,AP890614-0128,850,1.420231683587847,minmaxnorm
192,Q0,DOE2-61-0015,851,1.418333936974334,minmaxnorm
192,Q0,AP890204-0017,852,1.4161587815375087,minmaxnorm
192,Q0,AP890506-0042,853,1.4155688917966707,minmaxnorm
192,Q0,DOE1-03-0863,854,1.4130331764269646,minmaxnorm
192,Q0,AP890809-0285,855,1.3906010166168705,minmaxnorm
192,Q0,WSJ910418-0061,856,1.3895306082656163,minmaxnorm
192,Q0,WSJ900801-0011,857,1.3866598940731107,minmaxnorm
192,Q0,AP880718-0010,858,1.3798283750000055,minmaxnorm
192,Q0,WSJ910506-0145,859,1.3778531037151427,minmaxnorm
192,Q0,ZF208-046-548,860,1.367782012848674,minmaxnorm
192,Q0,WSJ880114-0016,861,1.3605609758940238,minmaxnorm
192,Q0,AP890421-0194,862,1.360107194614705,minmaxnorm
192,Q0,AP890427-0076,863,1.3598615420973834,minmaxnorm
192,Q0,DOE1-73-0703,864,1.3555473405937455,minmaxnorm
192,Q0,AP891129-0272,865,1.3534742220895322,minmaxnorm
192,Q0,AP890329-0045,866,1.3468622379353765,minmaxnorm
192,Q0,AP891228-0070,867,1.346107627095101,minmaxnorm
192,Q0,WSJ880621-0140,868,1.3436658208742258,minmaxnorm
192,Q0,AP890407-0271,869,1.3350570171677671,minmaxnorm
192,Q0,AP890404-0212,870,1.3134208496742192,minmaxnorm
192,Q0,WSJ910503-0039,871,1.304154341679267,minmaxnorm
192,Q0,DOE2-50-0256,872,1.3025611340414147,minmaxnorm
192,Q0,AP890202-0089,873,1.297404882401176,minmaxnorm
192,Q0,AP890929-0098,874,1.2961978087339245,minmaxnorm
192,Q0,AP880430-0116,875,1.2953485628338557,minmaxnorm
192,Q0,FR881024-0121,876,1.2928599934786176,minmaxnorm
192,Q0,AP890708-0028,877,1.2740976929244008,minmaxnorm
192,Q0,WSJ890831-0012,878,1.264948399410039,minmaxnorm
192,Q0,AP881231-0126,879,1.2630455466372081,minmaxnorm
192,Q0,ZF207-800-222,880,1.2621339754357417,minmaxnorm
192,Q0,DOE1-73-0681,881,1.2611082570454062,minmaxnorm
192,Q0,DOE1-13-0646,882,1.2589555642159023,minmaxnorm
192,Q0,ZF207-508-366,883,1.257461490332043,minmaxnorm
192,Q0,AP890517-0256,884,1.2521586658844432,minmaxnorm
192,Q0,ZF109-657-129,885,1.2508562931437754,minmaxnorm
192,Q0,WSJ911108-0009,886,1.2487359519735388,minmaxnorm
192,Q0,WSJ911115-0044,887,1.2306295617896645,minmaxnorm
192,Q0,AP891203-0041,888,1.2300023355508194,minmaxnorm
192,Q0,AP881117-0232,889,1.2270727029321493,minmaxnorm
192,Q0,WSJ880915-0146,890,1.2245304772291539,minmaxnorm
192,Q0,ZF207-413-020,891,1.216097079027348,minmaxnorm
192,Q0,AP890206-0025,892,1.2147346200281943,minmaxnorm
192,Q0,DOE1-39-0845,893,1.212706451683594,minmaxnorm
192,Q0,AP890406-0112,894,1.2098138424722298,minmaxnorm
192,Q0,AP880628-0027,895,1.1975857748794427,minmaxnorm
192,Q0,DOE1-17-0254,896,1.1954386849276377,minmaxnorm
192,Q0,DOE1-87-0518,897,1.1900763695250474,minmaxnorm
192,Q0,DOE1-23-0218,898,1.1876350268030023,minmaxnorm
192,Q0,DOE1-34-0845,899,1.1869686004909008,minmaxnorm
192,Q0,WSJ910220-0007,900,1.1862050728893598,minmaxnorm
192,Q0,DOE1-46-0018,901,1.1805403473746485,minmaxnorm
192,Q0,DOE1-88-0851,902,1.1785096659792575,minmaxnorm
192,Q0,FR88514-0001,903,1.1777314826405672,minmaxnorm
192,Q0,AP890426-0047,904,1.177376994935293,minmaxnorm
192,Q0,DOE1-40-0314,905,1.1772763092435208,minmaxnorm
192,Q0,AP891007-0051,906,1.1663257448881046,minmaxnorm
192,Q0,AP890421-0212,907,1.16529999730799,minmaxnorm
192,Q0,AP881224-0014,908,1.1646050162995554,minmaxnorm
192,Q0,DOE2-62-0648,909,1.161839047651369,minmaxnorm
192,Q0,WSJ910117-0021,910,1.1585509245784147,minmaxnorm
192,Q0,AP890505-0251,911,1.1550448854742246,minmaxnorm
192,Q0,AP880429-0029,912,1.1518186976099678,minmaxnorm
192,Q0,AP891109-0255,913,1.1487812974637839,minmaxnorm
192,Q0,DOE2-14-0119,914,1.141829539372411,minmaxnorm
192,Q0,DOE1-43-0682,915,1.1336556431660731,minmaxnorm
192,Q0,DOE2-40-0393,916,1.1293041707807758,minmaxnorm
192,Q0,AP890403-0040,917,1.1280071818643576,minmaxnorm
192,Q0,AP890330-0176,918,1.127999187450723,minmaxnorm
192,Q0,AP890626-0132,919,1.1232278668633113,minmaxnorm
192,Q0,AP890328-0225,920,1.1228627990235363,minmaxnorm
192,Q0,WSJ880112-0101,921,1.1218808266882803,minmaxnorm
192,Q0,AP890404-0005,922,1.1212677902038248,minmaxnorm
192,Q0,AP890502-0060,923,1.1195861446449706,minmaxnorm
192,Q0,DOE2-28-0752,924,1.1187548164792496,minmaxnorm
192,Q0,DOE1-92-0402,925,1.1170362828738385,minmaxnorm
192,Q0,AP890404-0248,926,1.1168302777485541,minmaxnorm
192,Q0,AP890817-0039,927,1.115916776742314,minmaxnorm
192,Q0,AP890428-0030,928,1.1025821313245858,minmaxnorm
192,Q0,AP890918-0172,929,1.102505011455295,minmaxnorm
192,Q0,AP891112-0085,930,1.100185062207375,minmaxnorm
192,Q0,ZF207-631-990,931,1.099748215088288,minmaxnorm
192,Q0,DOE2-30-0661,932,1.0955794397471799,minmaxnorm
192,Q0,WSJ911202-0101,933,1.0916438721506097,minmaxnorm
192,Q0,FR881019-0013,934,1.081869621926621,minmaxnorm
192,Q0,FR88602-0026,935,1.0781564389624823,minmaxnorm
192,Q0,WSJ900806-0150,936,1.0766707068508319,minmaxnorm
192,Q0,AP880218-0213,937,1.0734153057566511,minmaxnorm
192,Q0,AP890524-0195,938,1.0723906905501746,minmaxnorm
192,Q0,AP890509-0274,939,1.0699006985639379,minmaxnorm
192,Q0,AP890404-0184,940,1.0653671553205148,minmaxnorm
192,Q0,AP891228-0072,941,1.0568073845507928,minmaxnorm
192,Q0,AP891201-0042,942,1.0494408329521985,minmaxnorm
192,Q0,DOE1-82-1053,943,1.049317832431329,minmaxnorm
192,Q0,AP890417-0265,944,1.0478379998518055,minmaxnorm
192,Q0,AP890811-0019,945,1.0429190667703692,minmaxnorm
192,Q0,DOE2-40-1107,946,1.0421115634720877,minmaxnorm
192,Q0,WSJ880916-0058,947,1.0378633617207238,minmaxnorm
192,Q0,DOE2-11-0558,948,1.036801056590991,minmaxnorm
192,Q0,AP890512-0046,949,1.035646748329483,minmaxnorm
192,Q0,DOE2-40-0388,950,1.0331321398425934,minmaxnorm
192,Q0,DOE1-64-1197,951,1.032764173523308,minmaxnorm
192,Q0,FR89428-0017,952,1.0321900456566504,minmaxnorm
192,Q0,DOE1-23-0220,953,1.0301343332343889,minmaxnorm
192,Q0,AP890107-0084,954,1.0301287586204029,minmaxnorm
192,Q0,WSJ900713-0147,955,1.0267184401927656,minmaxnorm
192,Q0,AP890405-0013,956,1.0126125605060055,minmaxnorm
192,Q0,AP890526-0234,957,1.0125436936384913,minmaxnorm
192,Q0,AP890821-0090,958,1.010317130782404,minmaxnorm
192,Q0,DOE2-29-0178,959,1.0096541636145404,minmaxnorm
192,Q0,AP890429-0069,960,1.0035735224413462,minmaxnorm
192,Q0,DOE2-40-0385,961,0.9995592265167614,minmaxnorm
192,Q0,DOE1-68-0551,962,0.9976498622306771,minmaxnorm
192,Q0,WSJ910312-0125,963,0.9943614413415527,minmaxnorm
192,Q0,ZF207-928-628,964,0.9906082986227918,minmaxnorm
192,Q0,DOE2-09-0856,965,0.9905843572722498,minmaxnorm
192,Q0,AP890422-0088,966,0.986879740496772,minmaxnorm
192,Q0,AP890404-0174,967,0.9843859603670444,minmaxnorm
192,Q0,WSJ910412-0114,968,0.9822013852064666,minmaxnorm
192,Q0,AP890404-0097,969,0.9798756588265719,minmaxnorm
192,Q0,WSJ890905-0038,970,0.9736416449709333,minmaxnorm
192,Q0,ZF208-231-160,971,0.9724909823722467,minmaxnorm
192,Q0,AP890204-0086,972,0.9638030551777773,minmaxnorm
192,Q0,AP880415-0104,973,0.9613760567529076,minmaxnorm
192,Q0,ZF108-678-994,974,0.9599840431479667,minmaxnorm
192,Q0,WSJ890807-0021,975,0.9575274913125076,minmaxnorm
192,Q0,AP890913-0148,976,0.9572167786513407,minmaxnorm
192,Q0,AP890624-0138,977,0.9547316082394449,minmaxnorm
192,Q0,DOE2-44-0006,978,0.9541214376792828,minmaxnorm
192,Q0,ZF207-201-452,979,0.9502109364160216,minmaxnorm
192,Q0,AP890515-0239,980,0.9467327396588767,minmaxnorm
192,Q0,AP890501-0056,981,0.945017470605241,minmaxnorm
192,Q0,AP890929-0094,982,0.9449349331931569,minmaxnorm
192,Q0,AP890805-0013,983,0.9445461249979961,minmaxnorm
192,Q0,FR89420-0135,984,0.9435987866277573,minmaxnorm
192,Q0,AP890426-0083,985,0.9432933453496256,minmaxnorm
192,Q0,DOE2-82-1116,986,0.9380592274239404,minmaxnorm
192,Q0,DOE2-75-0415,987,0.9324825180618049,minmaxnorm
192,Q0,WSJ910408-0136,988,0.9305902152216481,minmaxnorm
192,Q0,AP890427-0226,989,0.9176159657835009,minmaxnorm
192,Q0,WSJ910423-0162,990,0.9161543130030149,minmaxnorm
192,Q0,FR881207-0029,991,0.9141310879558056,minmaxnorm
192,Q0,WSJ900516-0083,992,0.9123224317056353,minmaxnorm
192,Q0,WSJ910709-0091,993,0.9110429643426372,minmaxnorm
192,Q0,WSJ910104-0045,994,0.9103233900411067,minmaxnorm
192,Q0,WSJ900605-0079,995,0.9040230025982727,minmaxnorm
192,Q0,AP891010-0254,996,0.9034129191373079,minmaxnorm
192,Q0,AP891124-0126,997,0.9012824583657011,minmaxnorm
192,Q0,ZF108-546-844,998,0.8991961653009337,minmaxnorm
192,Q0,ZF207-471-416,999,0.8978611085382205,minmaxnorm
192,Q0,AP890929-0191,1000,0.8888969900749134,minmaxnorm
197,Q0,WSJ880919-0082,1,17.59294711234198,minmaxnorm
197,Q0,WSJ881007-0160,2,15.74075896797153,minmaxnorm
197,Q0,WSJ910423-0005,3,15.466235846722318,minmaxnorm
197,Q0,WSJ870408-0124,4,15.426180149794206,minmaxnorm
197,Q0,WSJ910128-0065,5,13.983417574275741,minmaxnorm
197,Q0,WSJ910314-0004,6,13.598354406752831,minmaxnorm
197,Q0,WSJ881007-0158,7,13.371939917233643,minmaxnorm
197,Q0,WSJ880908-0133,8,13.096865572661983,minmaxnorm
197,Q0,WSJ920106-0122,9,12.386993543920317,minmaxnorm
197,Q0,WSJ870223-0137,10,12.140836389791323,minmaxnorm
197,Q0,WSJ870211-0122,11,10.735544352829606,minmaxnorm
197,Q0,WSJ880914-0070,12,10.669839546894796,minmaxnorm
197,Q0,WSJ910305-0090,13,10.123122650861095,minmaxnorm
197,Q0,WSJ911230-0003,14,10.100903186315424,minmaxnorm
197,Q0,WSJ870511-0159,15,10.096486757191974,minmaxnorm
197,Q0,WSJ910814-0089,16,9.840941118678979,minmaxnorm
197,Q0,WSJ900919-0112,17,9.836487819147798,minmaxnorm
197,Q0,WSJ910424-0118,18,9.577765708307268,minmaxnorm
197,Q0,WSJ910517-0170,19,9.466368005931898,minmaxnorm
197,Q0,WSJ910401-0031,20,9.34815099086423,minmaxnorm
197,Q0,AP890626-0069,21,9.333435602282439,minmaxnorm
197,Q0,WSJ870211-0121,22,9.283004147701018,minmaxnorm
197,Q0,WSJ880606-0049,23,9.14348589399525,minmaxnorm
197,Q0,WSJ880808-0151,24,9.095965250820177,minmaxnorm
197,Q0,WSJ910318-0129,25,9.084510091162088,minmaxnorm
197,Q0,WSJ881013-0163,26,9.044212938623978,minmaxnorm
197,Q0,AP890217-0127,27,8.8993866728622,minmaxnorm
197,Q0,WSJ910613-0086,28,8.889000484110348,minmaxnorm
197,Q0,WSJ910821-0082,29,8.852465422814342,minmaxnorm
197,Q0,WSJ920211-0112,30,8.81526593756578,minmaxnorm
197,Q0,WSJ880826-0036,31,8.789724393498455,minmaxnorm
197,Q0,WSJ881017-0006,32,8.766548049784141,minmaxnorm
197,Q0,AP881206-0020,33,8.204829268706272,minmaxnorm
197,Q0,AP881116-0066,34,8.152265247846328,minmaxnorm
197,Q0,WSJ870113-0090,35,8.135285076695702,minmaxnorm
197,Q0,AP890419-0037,36,8.100998323981182,minmaxnorm
197,Q0,WSJ911007-0116,37,7.978384962357034,minmaxnorm
197,Q0,WSJ910815-0036,38,7.967959886587666,minmaxnorm
197,Q0,WSJ870112-0059,39,7.646990686950361,minmaxnorm
197,Q0,WSJ900502-0104,40,7.61588243675529,minmaxnorm
197,Q0,WSJ920108-0092,41,7.55149735996139,minmaxnorm
197,Q0,WSJ910515-0119,42,7.320321056230471,minmaxnorm
197,Q0,WSJ880106-0153,43,7.179543882795866,minmaxnorm
197,Q0,WSJ920212-0131,44,7.133711224186285,minmaxnorm
197,Q0,WSJ881006-0181,45,7.075784364208989,minmaxnorm
197,Q0,WSJ890829-0111,46,7.0716356566752285,minmaxnorm
197,Q0,ZF207-084-550,47,7.040600943499704,minmaxnorm
197,Q0,WSJ910416-0138,48,7.038057018220452,minmaxnorm
197,Q0,WSJ880119-0135,49,7.016570407845914,minmaxnorm
197,Q0,WSJ861222-0152,50,6.952148569960046,minmaxnorm
197,Q0,AP880308-0183,51,6.9497849852288835,minmaxnorm
197,Q0,AP890217-0116,52,6.934611298779296,minmaxnorm
197,Q0,WSJ911216-0072,53,6.907735373831697,minmaxnorm
197,Q0,WSJ910918-0096,54,6.898183882042409,minmaxnorm
197,Q0,WSJ880202-0118,55,6.866613636538417,minmaxnorm
197,Q0,WSJ880504-0168,56,6.826458812209838,minmaxnorm
197,Q0,WSJ880708-0137,57,6.814763734681851,minmaxnorm
197,Q0,WSJ880602-0122,58,6.807468940196152,minmaxnorm
197,Q0,WSJ881108-0113,59,6.762335179048147,minmaxnorm
197,Q0,WSJ910626-0146,60,6.580944867791744,minmaxnorm
197,Q0,WSJ910319-0062,61,6.534119418351984,minmaxnorm
197,Q0,WSJ900402-0091,62,6.515919290582169,minmaxnorm
197,Q0,ZF207-331-212,63,6.50323675180742,minmaxnorm
197,Q0,WSJ910524-0149,64,6.480710729754531,minmaxnorm
197,Q0,WSJ900418-0096,65,6.469108468067692,minmaxnorm
197,Q0,AP890526-0006,66,6.436381868620983,minmaxnorm
197,Q0,WSJ890807-0110,67,6.38937060364856,minmaxnorm
197,Q0,WSJ871023-0078,68,6.346738119665025,minmaxnorm
197,Q0,WSJ911018-0113,69,6.324703155109822,minmaxnorm
197,Q0,WSJ881115-0068,70,6.283376310312879,minmaxnorm
197,Q0,WSJ880106-0162,71,6.26680564105376,minmaxnorm
197,Q0,WSJ920203-0015,72,6.222291055968279,minmaxnorm
197,Q0,WSJ920206-0005,73,6.193259503849637,minmaxnorm
197,Q0,WSJ911205-0089,74,6.150504420072257,minmaxnorm
197,Q0,AP890421-0179,75,6.121433248624705,minmaxnorm
197,Q0,WSJ910809-0101,76,6.120190625042726,minmaxnorm
197,Q0,WSJ880613-0140,77,6.106302301934122,minmaxnorm
197,Q0,WSJ910305-0092,78,6.079656003708934,minmaxnorm
197,Q0,WSJ910123-0001,79,6.035698741501215,minmaxnorm
197,Q0,AP881205-0100,80,6.032734906804507,minmaxnorm
197,Q0,WSJ880705-0155,81,6.028170563229762,minmaxnorm
197,Q0,WSJ880627-0036,82,6.02685010391221,minmaxnorm
197,Q0,WSJ870505-0124,83,5.8802053100660725,minmaxnorm
197,Q0,WSJ881027-0085,84,5.831582807915144,minmaxnorm
197,Q0,WSJ900411-0141,85,5.826746196337748,minmaxnorm
197,Q0,WSJ871116-0080,86,5.81235190420612,minmaxnorm
197,Q0,WSJ881028-0108,87,5.7652542426849855,minmaxnorm
197,Q0,WSJ910510-0063,88,5.762029335848171,minmaxnorm
197,Q0,WSJ910314-0120,89,5.741728331490386,minmaxnorm
197,Q0,WSJ910313-0105,90,5.7034212049861015,minmaxnorm
197,Q0,AP890503-0032,91,5.663648392300283,minmaxnorm
197,Q0,AP881121-0321,92,5.654212301177938,minmaxnorm
197,Q0,WSJ910422-0150,93,5.649601357454971,minmaxnorm
197,Q0,WSJ870218-0002,94,5.626037713849605,minmaxnorm
197,Q0,WSJ871209-0058,95,5.623837928078168,minmaxnorm
197,Q0,AP881017-0023,96,5.525232168319511,minmaxnorm
197,Q0,WSJ861201-0075,97,5.518104898616259,minmaxnorm
197,Q0,AP890517-0218,98,5.5104979500134466,minmaxnorm
197,Q0,WSJ880629-0139,99,5.4857401513285895,minmaxnorm
197,Q0,WSJ880816-0012,100,5.44197861536927,minmaxnorm
197,Q0,WSJ870429-0143,101,5.417626219786578,minmaxnorm
197,Q0,WSJ910507-0088,102,5.397222323983325,minmaxnorm
197,Q0,WSJ910306-0060,103,5.387372904059332,minmaxnorm
197,Q0,WSJ900904-0025,104,5.342054095119002,minmaxnorm
197,Q0,WSJ910507-0027,105,5.3366621177936,minmaxnorm
197,Q0,WSJ910313-0011,106,5.301265400979448,minmaxnorm
197,Q0,AP881026-0048,107,5.292903359684174,minmaxnorm
197,Q0,WSJ870421-0073,108,5.289447459196443,minmaxnorm
197,Q0,WSJ911017-0117,109,5.286290896656877,minmaxnorm
197,Q0,AP891004-0279,110,5.255335853430152,minmaxnorm
197,Q0,WSJ881019-0161,111,5.236190399022744,minmaxnorm
197,Q0,WSJ911009-0133,112,5.196566742071269,minmaxnorm
197,Q0,WSJ911218-0019,113,5.178353315832488,minmaxnorm
197,Q0,WSJ900507-0150,114,5.169447571936816,minmaxnorm
197,Q0,AP881025-0205,115,5.148810424148066,minmaxnorm
197,Q0,WSJ880715-0038,116,5.12700838058846,minmaxnorm
197,Q0,WSJ911021-0116,117,5.114175531895151,minmaxnorm
197,Q0,WSJ911230-0009,118,5.1074435927462245,minmaxnorm
197,Q0,WSJ880111-0058,119,5.102388385350632,minmaxnorm
197,Q0,WSJ910508-0146,120,5.036620500495337,minmaxnorm
197,Q0,WSJ870608-0091,121,5.02105752147099,minmaxnorm
197,Q0,WSJ900910-0014,122,5.011395944587716,minmaxnorm
197,Q0,WSJ880125-0098,123,4.9615737609004364,minmaxnorm
197,Q0,FR89614-0010,124,4.94634931486835,minmaxnorm
197,Q0,AP880517-0225,125,4.944260358118708,minmaxnorm
197,Q0,AP890422-0028,126,4.92193309720449,minmaxnorm
197,Q0,WSJ880316-0142,127,4.911501628365211,minmaxnorm
197,Q0,AP881201-0166,128,4.908930675452529,minmaxnorm
197,Q0,WSJ870506-0069,129,4.85466041397553,minmaxnorm
197,Q0,WSJ880914-0103,130,4.837231023968831,minmaxnorm
197,Q0,WSJ901221-0094,131,4.828373731911346,minmaxnorm
197,Q0,WSJ870812-0110,132,4.810608841030332,minmaxnorm
197,Q0,ZF207-570-366,133,4.810350754933331,minmaxnorm
197,Q0,WSJ880701-0062,134,4.776605505082042,minmaxnorm
197,Q0,AP881121-0280,135,4.768870451616412,minmaxnorm
197,Q0,AP890221-0130,136,4.750573950519011,minmaxnorm
197,Q0,WSJ911212-0010,137,4.747917244830838,minmaxnorm
197,Q0,AP890314-0228,138,4.733311025281128,minmaxnorm
197,Q0,WSJ861223-0085,139,4.717567505456201,minmaxnorm
197,Q0,AP880915-0121,140,4.715685908867038,minmaxnorm
197,Q0,WSJ900823-0053,141,4.6586248255344564,minmaxnorm
197,Q0,WSJ911212-0066,142,4.6579394749048815,minmaxnorm
197,Q0,WSJ871110-0135,143,4.643147209178936,minmaxnorm
197,Q0,WSJ910516-0117,144,4.631195326399095,minmaxnorm
197,Q0,WSJ871105-0051,145,4.625472641703933,minmaxnorm
197,Q0,AP890117-0089,146,4.617255146172807,minmaxnorm
197,Q0,ZF207-500-286,147,4.6154151783829365,minmaxnorm
197,Q0,AP890505-0126,148,4.615032971596737,minmaxnorm
197,Q0,WSJ890901-0111,149,4.605839101029859,minmaxnorm
197,Q0,WSJ880812-0059,150,4.570722592519777,minmaxnorm
197,Q0,AP880218-0192,151,4.569712215250556,minmaxnorm
197,Q0,WSJ880518-0077,152,4.514311196205979,minmaxnorm
197,Q0,WSJ910502-0178,153,4.512112748685548,minmaxnorm
197,Q0,AP880811-0258,154,4.491133407601465,minmaxnorm
197,Q0,WSJ900723-0004,155,4.479616196995677,minmaxnorm
197,Q0,WSJ920312-0015,156,4.461066213612145,minmaxnorm
197,Q0,WSJ880614-0029,157,4.425722379317766,minmaxnorm
197,Q0,WSJ881114-0130,158,4.401832913473851,minmaxnorm
197,Q0,WSJ900925-0036,159,4.387165580422778,minmaxnorm
197,Q0,WSJ900619-0099,160,4.385462290410012,minmaxnorm
197,Q0,WSJ880224-0042,161,4.374632113870057,minmaxnorm
197,Q0,WSJ910305-0019,162,4.372575568782709,minmaxnorm
197,Q0,AP881216-0143,163,4.370483184248187,minmaxnorm
197,Q0,AP890630-0294,164,4.357410183311462,minmaxnorm
197,Q0,WSJ901226-0070,165,4.333376391950008,minmaxnorm
197,Q0,WSJ910628-0064,166,4.303806583432066,minmaxnorm
197,Q0,WSJ910215-0124,167,4.258370064492753,minmaxnorm
197,Q0,AP880531-0089,168,4.23705900442989,minmaxnorm
197,Q0,WSJ870220-0114,169,4.208754664163512,minmaxnorm
197,Q0,WSJ910614-0121,170,4.189632945412191,minmaxnorm
197,Q0,AP890622-0117,171,4.125228291745258,minmaxnorm
197,Q0,FR891027-0021,172,4.107331710960961,minmaxnorm
197,Q0,WSJ910422-0063,173,4.098954260743114,minmaxnorm
197,Q0,FR881207-0004,174,4.095737755575075,minmaxnorm
197,Q0,WSJ881021-0098,175,4.089309675583155,minmaxnorm
197,Q0,WSJ861218-0168,176,4.069322569303258,minmaxnorm
197,Q0,WSJ900928-0095,177,4.064624012401077,minmaxnorm
197,Q0,WSJ920129-0083,178,4.04970872438299,minmaxnorm
197,Q0,WSJ910708-0088,179,4.034853564108341,minmaxnorm
197,Q0,AP890313-0135,180,4.030607697019128,minmaxnorm
197,Q0,AP880914-0045,181,4.020409499229354,minmaxnorm
197,Q0,WSJ910429-0075,182,4.007861420347542,minmaxnorm
197,Q0,AP880928-0027,183,3.9988523060329966,minmaxnorm
197,Q0,WSJ910422-0166,184,3.9784456831839563,minmaxnorm
197,Q0,ZF108-284-748,185,3.97010986624723,minmaxnorm
197,Q0,AP881229-0199,186,3.9636589997550384,minmaxnorm
197,Q0,WSJ910227-0058,187,3.9621751592344854,minmaxnorm
197,Q0,WSJ880205-0121,188,3.9303143756799845,minmaxnorm
197,Q0,WSJ910301-0102,189,3.9109307917736054,minmaxnorm
197,Q0,AP880913-0277,190,3.90962969908606,minmaxnorm
197,Q0,WSJ900924-0035,191,3.9069810713498936,minmaxnorm
197,Q0,WSJ910911-0065,192,3.8755339236445563,minmaxnorm
197,Q0,WSJ910814-0101,193,3.8630049748623994,minmaxnorm
197,Q0,WSJ870909-0025,194,3.8620710195809362,minmaxnorm
197,Q0,WSJ910111-0011,195,3.846675086385089,minmaxnorm
197,Q0,WSJ911009-0057,196,3.8201471486005802,minmaxnorm
197,Q0,AP890216-0065,197,3.7992569920465753,minmaxnorm
197,Q0,AP880514-0002,198,3.7891862761515487,minmaxnorm
197,Q0,AP891106-0068,199,3.787972578397059,minmaxnorm
197,Q0,WSJ871111-0107,200,3.777831260826265,minmaxnorm
197,Q0,WSJ870813-0126,201,3.7746136685223375,minmaxnorm
197,Q0,WSJ911024-0110,202,3.7652882097317213,minmaxnorm
197,Q0,WSJ870721-0026,203,3.745341883941193,minmaxnorm
197,Q0,WSJ880628-0086,204,3.7379893043613737,minmaxnorm
197,Q0,WSJ880607-0078,205,3.7163738916922924,minmaxnorm
197,Q0,AP880407-0252,206,3.709222364114021,minmaxnorm
197,Q0,WSJ890907-0083,207,3.6991558954261996,minmaxnorm
197,Q0,WSJ910417-0072,208,3.681800841815565,minmaxnorm
197,Q0,WSJ910328-0078,209,3.678507757269311,minmaxnorm
197,Q0,WSJ870427-0060,210,3.6632271268330685,minmaxnorm
197,Q0,WSJ870601-0105,211,3.6325354617498413,minmaxnorm
197,Q0,WSJ910129-0073,212,3.632334439330216,minmaxnorm
197,Q0,WSJ910201-0052,213,3.6145169575099656,minmaxnorm
197,Q0,WSJ910621-0144,214,3.612447754921428,minmaxnorm
197,Q0,WSJ910520-0078,215,3.612409504988623,minmaxnorm
197,Q0,WSJ900711-0107,216,3.611350759170929,minmaxnorm
197,Q0,AP891215-0224,217,3.5813231132792844,minmaxnorm
197,Q0,AP880622-0299,218,3.5773846128975433,minmaxnorm
197,Q0,WSJ910814-0131,219,3.559386416541864,minmaxnorm
197,Q0,WSJ880921-0096,220,3.533674781679691,minmaxnorm
197,Q0,WSJ871127-0114,221,3.5271843246515466,minmaxnorm
197,Q0,WSJ880311-0084,222,3.5149354419016525,minmaxnorm
197,Q0,WSJ890810-0140,223,3.5057787103960387,minmaxnorm
197,Q0,WSJ900511-0063,224,3.500173827521525,minmaxnorm
197,Q0,AP880903-0126,225,3.4913036884347157,minmaxnorm
197,Q0,WSJ881111-0122,226,3.490269458235411,minmaxnorm
197,Q0,AP890626-0134,227,3.4899415320851594,minmaxnorm
197,Q0,WSJ880318-0056,228,3.485801706354124,minmaxnorm
197,Q0,AP890308-0058,229,3.485192843579304,minmaxnorm
197,Q0,WSJ880623-0034,230,3.460972575857374,minmaxnorm
197,Q0,AP880531-0094,231,3.4548451622420417,minmaxnorm
197,Q0,WSJ900709-0111,232,3.450812448493929,minmaxnorm
197,Q0,AP880622-0088,233,3.4353814469313297,minmaxnorm
197,Q0,WSJ920228-0037,234,3.4342457881083255,minmaxnorm
197,Q0,WSJ900719-0058,235,3.428078387938128,minmaxnorm
197,Q0,WSJ890802-0056,236,3.408261995675394,minmaxnorm
197,Q0,WSJ910509-0047,237,3.361258152337669,minmaxnorm
197,Q0,AP890703-0301,238,3.35905015604435,minmaxnorm
197,Q0,WSJ880727-0134,239,3.346426356202762,minmaxnorm
197,Q0,WSJ881021-0038,240,3.3291308747114376,minmaxnorm
197,Q0,WSJ911122-0095,241,3.3112406946079704,minmaxnorm
197,Q0,WSJ920205-0022,242,3.2982783279950234,minmaxnorm
197,Q0,AP881017-0177,243,3.2972271758987404,minmaxnorm
197,Q0,AP890829-0102,244,3.295387590279135,minmaxnorm
197,Q0,WSJ920115-0076,245,3.291041326798035,minmaxnorm
197,Q0,WSJ880614-0090,246,3.289826712942397,minmaxnorm
197,Q0,WSJ920203-0085,247,3.2730084000726296,minmaxnorm
197,Q0,WSJ880830-0077,248,3.266976651278175,minmaxnorm
197,Q0,AP880415-0195,249,3.2619910045329044,minmaxnorm
197,Q0,WSJ900712-0092,250,3.261443293428292,minmaxnorm
197,Q0,WSJ880615-0127,251,3.254796930292863,minmaxnorm
197,Q0,WSJ881116-0160,252,3.2520397758351334,minmaxnorm
197,Q0,AP890107-0121,253,3.2449281065527282,minmaxnorm
197,Q0,AP880909-0264,254,3.23661415419384,minmaxnorm
197,Q0,WSJ920218-0145,255,3.233488267261405,minmaxnorm
197,Q0,WSJ870713-0047,256,3.2254564154894476,minmaxnorm
197,Q0,AP891019-0158,257,3.2240034854252713,minmaxnorm
197,Q0,AP891002-0127,258,3.2216284727351234,minmaxnorm
197,Q0,WSJ880520-0183,259,3.216036488652383,minmaxnorm
197,Q0,WSJ910531-0119,260,3.21411800042777,minmaxnorm
197,Q0,WSJ910726-0112,261,3.2099029895350095,minmaxnorm
197,Q0,WSJ870720-0074,262,3.206754141473183,minmaxnorm
197,Q0,AP881229-0157,263,3.2066819023964412,minmaxnorm
197,Q0,WSJ880912-0057,264,3.204781937378379,minmaxnorm
197,Q0,AP890126-0031,265,3.201069899018073,minmaxnorm
197,Q0,WSJ900626-0129,266,3.1975982905672273,minmaxnorm
197,Q0,AP890816-0209,267,3.1960628778136684,minmaxnorm
197,Q0,AP881102-0059,268,3.181993354078928,minmaxnorm
197,Q0,WSJ911224-0010,269,3.1694670375904037,minmaxnorm
197,Q0,WSJ910813-0063,270,3.167201074976047,minmaxnorm
197,Q0,AP890216-0195,271,3.1599935560548453,minmaxnorm
197,Q0,WSJ861205-0089,272,3.1530966925721007,minmaxnorm
197,Q0,WSJ911223-0185,273,3.1397317011868915,minmaxnorm
197,Q0,WSJ870204-0109,274,3.1318938317628464,minmaxnorm
197,Q0,AP890902-0020,275,3.131064031390583,minmaxnorm
197,Q0,WSJ910116-0130,276,3.128207742395791,minmaxnorm
197,Q0,AP890616-0005,277,3.124769699194514,minmaxnorm
197,Q0,WSJ900810-0119,278,3.1212623318838166,minmaxnorm
197,Q0,WSJ880908-0127,279,3.1186003912687505,minmaxnorm
197,Q0,AP880811-0188,280,3.11448196072488,minmaxnorm
197,Q0,WSJ880219-0011,281,3.108819149220996,minmaxnorm
197,Q0,WSJ870429-0123,282,3.1064579624817763,minmaxnorm
197,Q0,WSJ890821-0032,283,3.1038841229100163,minmaxnorm
197,Q0,AP891002-0100,284,3.1001821105453233,minmaxnorm
197,Q0,AP891207-0095,285,3.099552610291477,minmaxnorm
197,Q0,WSJ900914-0034,286,3.092341817997686,minmaxnorm
197,Q0,AP881021-0189,287,3.0723548911110603,minmaxnorm
197,Q0,ZF109-617-581,288,3.0690525967093194,minmaxnorm
197,Q0,WSJ881109-0117,289,3.053921830094215,minmaxnorm
197,Q0,WSJ900919-0099,290,3.050813691401129,minmaxnorm
197,Q0,WSJ880429-0139,291,3.0459820440774577,minmaxnorm
197,Q0,AP880311-0115,292,3.0427889614025503,minmaxnorm
197,Q0,AP880614-0052,293,3.0289444209463254,minmaxnorm
197,Q0,WSJ910729-0096,294,3.0284482830524286,minmaxnorm
197,Q0,AP880405-0101,295,3.0238996080278757,minmaxnorm
197,Q0,WSJ910827-0092,296,3.0208148704662534,minmaxnorm
197,Q0,WSJ900717-0007,297,3.006586386123183,minmaxnorm
197,Q0,AP880615-0090,298,3.0006243438002587,minmaxnorm
197,Q0,WSJ900802-0048,299,2.9941228191671594,minmaxnorm
197,Q0,AP890215-0190,300,2.9767183327752864,minmaxnorm
197,Q0,WSJ910617-0160,301,2.9668328906288743,minmaxnorm
197,Q0,WSJ910822-0117,302,2.966484066725651,minmaxnorm
197,Q0,WSJ920210-0064,303,2.962692245325391,minmaxnorm
197,Q0,WSJ910125-0093,304,2.9537826578960256,minmaxnorm
197,Q0,WSJ881017-0090,305,2.9314323986571025,minmaxnorm
197,Q0,FR891017-0157,306,2.9264490052718215,minmaxnorm
197,Q0,WSJ870625-0104,307,2.9210175274001484,minmaxnorm
197,Q0,FR89821-0128,308,2.913625861394449,minmaxnorm
197,Q0,AP890208-0312,309,2.913534356881355,minmaxnorm
197,Q0,WSJ880831-0099,310,2.9046405616799165,minmaxnorm
197,Q0,WSJ870326-0102,311,2.890342624754368,minmaxnorm
197,Q0,WSJ900404-0043,312,2.885503666628399,minmaxnorm
197,Q0,WSJ910128-0009,313,2.878844835643127,minmaxnorm
197,Q0,AP890201-0074,314,2.8760365668805514,minmaxnorm
197,Q0,AP890706-0113,315,2.872832469903664,minmaxnorm
197,Q0,WSJ911004-0094,316,2.865269680380664,minmaxnorm
197,Q0,WSJ910327-0006,317,2.8638875408868305,minmaxnorm
197,Q0,FR89206-0015,318,2.8621069076440766,minmaxnorm
197,Q0,WSJ880111-0121,319,2.8551140450077073,minmaxnorm
197,Q0,WSJ870122-0010,320,2.8490952874415414,minmaxnorm
197,Q0,WSJ910910-0079,321,2.839947529512227,minmaxnorm
197,Q0,WSJ900618-0056,322,2.833279823990616,minmaxnorm
197,Q0,AP881013-0127,323,2.8252108657432986,minmaxnorm
197,Q0,AP880531-0091,324,2.81767675584419,minmaxnorm
197,Q0,WSJ900720-0122,325,2.8147987684133025,minmaxnorm
197,Q0,WSJ900509-0035,326,2.813611080177965,minmaxnorm
197,Q0,WSJ880229-0171,327,2.805622318619593,minmaxnorm
197,Q0,WSJ910425-0012,328,2.7814852577512337,minmaxnorm
197,Q0,WSJ910708-0038,329,2.776921239025285,minmaxnorm
197,Q0,AP891021-0103,330,2.770361993481008,minmaxnorm
197,Q0,AP890124-0237,331,2.759235696953335,minmaxnorm
197,Q0,WSJ910926-0050,332,2.7574017660131522,minmaxnorm
197,Q0,FR89216-0011,333,2.7461222928866933,minmaxnorm
197,Q0,WSJ911022-0179,334,2.7243993599750684,minmaxnorm
197,Q0,WSJ900926-0005,335,2.7129502879734058,minmaxnorm
197,Q0,FR891011-0010,336,2.710304462903329,minmaxnorm
197,Q0,WSJ910320-0101,337,2.656996156876239,minmaxnorm
197,Q0,WSJ871231-0034,338,2.652270628820171,minmaxnorm
197,Q0,WSJ880121-0090,339,2.6469919516216938,minmaxnorm
197,Q0,WSJ920129-0128,340,2.6369211903993346,minmaxnorm
197,Q0,AP881118-0159,341,2.6254379539881976,minmaxnorm
197,Q0,WSJ920109-0154,342,2.6230590859640315,minmaxnorm
197,Q0,WSJ870310-0094,343,2.606688413431203,minmaxnorm
197,Q0,WSJ910305-0042,344,2.6000229914081796,minmaxnorm
197,Q0,WSJ870506-0176,345,2.5792754886805866,minmaxnorm
197,Q0,WSJ910430-0051,346,2.5726230843461364,minmaxnorm
197,Q0,AP880504-0353,347,2.572501205708358,minmaxnorm
197,Q0,WSJ881004-0215,348,2.555761347018253,minmaxnorm
197,Q0,WSJ910603-0027,349,2.5545851290940456,minmaxnorm
197,Q0,WSJ911011-0135,350,2.554298612749344,minmaxnorm
197,Q0,WSJ920313-0068,351,2.553202208619806,minmaxnorm
197,Q0,AP881022-0072,352,2.550060854489552,minmaxnorm
197,Q0,WSJ880819-0065,353,2.550005525771722,minmaxnorm
197,Q0,WSJ880817-0081,354,2.5410698785079155,minmaxnorm
197,Q0,AP880618-0110,355,2.533358397185611,minmaxnorm
197,Q0,WSJ920124-0036,356,2.5271975662690225,minmaxnorm
197,Q0,AP890310-0289,357,2.5192943683340765,minmaxnorm
197,Q0,AP890427-0298,358,2.512813048054452,minmaxnorm
197,Q0,WSJ910322-0133,359,2.5045471728542323,minmaxnorm
197,Q0,WSJ910819-0084,360,2.4977820194387035,minmaxnorm
197,Q0,AP880627-0091,361,2.497266970588093,minmaxnorm
197,Q0,AP890405-0053,362,2.4917596171604957,minmaxnorm
197,Q0,AP891107-0293,363,2.482329170388865,minmaxnorm
197,Q0,AP881213-0191,364,2.475050121573595,minmaxnorm
197,Q0,AP880823-0043,365,2.45828493718423,minmaxnorm
197,Q0,AP880426-0009,366,2.454712640338096,minmaxnorm
197,Q0,WSJ910222-0092,367,2.4469265693558433,minmaxnorm
197,Q0,WSJ890726-0155,368,2.4461212734261593,minmaxnorm
197,Q0,WSJ880826-0113,369,2.445548695637314,minmaxnorm
197,Q0,AP890203-0090,370,2.437956635746588,minmaxnorm
197,Q0,FR891027-0023,371,2.4342736305787285,minmaxnorm
197,Q0,WSJ911104-0021,372,2.4334674488808417,minmaxnorm
197,Q0,WSJ900521-0073,373,2.4273680216754654,minmaxnorm
197,Q0,WSJ900813-0028,374,2.422725146390275,minmaxnorm
197,Q0,WSJ911028-0067,375,2.416420189509273,minmaxnorm
197,Q0,AP880624-0299,376,2.413211956711956,minmaxnorm
197,Q0,WSJ880527-0081,377,2.4024688468692914,minmaxnorm
197,Q0,WSJ911203-0142,378,2.3994525393031645,minmaxnorm
197,Q0,FR89123-0023,379,2.388766913782001,minmaxnorm
197,Q0,WSJ880803-0122,380,2.3841334887016044,minmaxnorm
197,Q0,FR88721-0006,381,2.3738176214608337,minmaxnorm
197,Q0,WSJ910711-0047,382,2.3674381199608363,minmaxnorm
197,Q0,WSJ911001-0107,383,2.3597235454739227,minmaxnorm
197,Q0,AP890803-0016,384,2.3561090519008885,minmaxnorm
197,Q0,AP890616-0051,385,2.3537857647862217,minmaxnorm
197,Q0,AP880224-0030,386,2.3531901993520727,minmaxnorm
197,Q0,WSJ870302-0067,387,2.3528736216482042,minmaxnorm
197,Q0,WSJ900921-0150,388,2.3490723322711973,minmaxnorm
197,Q0,WSJ870703-0085,389,2.3442345513287925,minmaxnorm
197,Q0,WSJ881107-0107,390,2.3398121198666804,minmaxnorm
197,Q0,WSJ870715-0035,391,2.3237899295824365,minmaxnorm
197,Q0,WSJ900814-0076,392,2.323146400947923,minmaxnorm
197,Q0,WSJ870415-0037,393,2.310068177090648,minmaxnorm
197,Q0,WSJ911210-0048,394,2.3049574487054314,minmaxnorm
197,Q0,AP880613-0305,395,2.300731101042869,minmaxnorm
197,Q0,AP881111-0290,396,2.299945169700682,minmaxnorm
197,Q0,WSJ911206-0064,397,2.287840102562687,minmaxnorm
197,Q0,WSJ880825-0058,398,2.2869113042942355,minmaxnorm
197,Q0,WSJ920130-0088,399,2.2794933596513434,minmaxnorm
197,Q0,WSJ870706-0074,400,2.2793620285648664,minmaxnorm
197,Q0,WSJ880920-0057,401,2.2792886704633517,minmaxnorm
197,Q0,AP880625-0058,402,2.2781294754112866,minmaxnorm
197,Q0,AP890609-0170,403,2.266345979785901,minmaxnorm
197,Q0,WSJ901231-0147,404,2.2653497925527253,minmaxnorm
197,Q0,WSJ871119-0031,405,2.2613766879719743,minmaxnorm
197,Q0,AP880307-0027,406,2.229935613726038,minmaxnorm
197,Q0,WSJ900605-0088,407,2.2291290590346025,minmaxnorm
197,Q0,WSJ910502-0188,408,2.22666201929638,minmaxnorm
197,Q0,FR881205-0005,409,2.2237145147681345,minmaxnorm
197,Q0,WSJ900725-0096,410,2.217554232030791,minmaxnorm
197,Q0,AP891019-0120,411,2.215774665641169,minmaxnorm
197,Q0,AP890404-0192,412,2.2078550651218265,minmaxnorm
197,Q0,AP880524-0184,413,2.205475064468245,minmaxnorm
197,Q0,AP880722-0129,414,2.20068927797465,minmaxnorm
197,Q0,WSJ900403-0087,415,2.1969280777420597,minmaxnorm
197,Q0,AP890805-0006,416,2.194886399407819,minmaxnorm
197,Q0,DOE2-79-0593,417,2.184327224136097,minmaxnorm
197,Q0,WSJ911001-0100,418,2.183904176289898,minmaxnorm
197,Q0,WSJ900829-0073,419,2.1825063939849283,minmaxnorm
197,Q0,WSJ900426-0110,420,2.1820836076051555,minmaxnorm
197,Q0,WSJ880229-0074,421,2.18136361884075,minmaxnorm
197,Q0,WSJ900618-0121,422,2.1807856192358104,minmaxnorm
197,Q0,WSJ910927-0097,423,2.174274573458394,minmaxnorm
197,Q0,AP890209-0215,424,2.1655596171371356,minmaxnorm
197,Q0,WSJ910725-0115,425,2.1591745555414597,minmaxnorm
197,Q0,AP880411-0255,426,2.1584921836460014,minmaxnorm
197,Q0,WSJ910923-0134,427,2.1479780715342884,minmaxnorm
197,Q0,WSJ880412-0013,428,2.13669840445553,minmaxnorm
197,Q0,AP881006-0204,429,2.135539715901693,minmaxnorm
197,Q0,WSJ920319-0054,430,2.1302765196157436,minmaxnorm
197,Q0,AP880826-0132,431,2.123531988134543,minmaxnorm
197,Q0,WSJ911227-0010,432,2.122713148872067,minmaxnorm
197,Q0,WSJ881018-0081,433,2.1184138204469156,minmaxnorm
197,Q0,WSJ910603-0139,434,2.117661105105305,minmaxnorm
197,Q0,AP890619-0108,435,2.1081598856692803,minmaxnorm
197,Q0,AP880422-0205,436,2.1057302865292686,minmaxnorm
197,Q0,WSJ890914-0077,437,2.102882907366178,minmaxnorm
197,Q0,WSJ880927-0136,438,2.096979424633246,minmaxnorm
197,Q0,WSJ900611-0081,439,2.0961114219022288,minmaxnorm
197,Q0,WSJ880627-0062,440,2.0852485071830262,minmaxnorm
197,Q0,AP881011-0076,441,2.0838292348066476,minmaxnorm
197,Q0,WSJ920303-0158,442,2.079556901884497,minmaxnorm
197,Q0,AP880302-0240,443,2.063132758559743,minmaxnorm
197,Q0,AP890905-0196,444,2.0545357502946153,minmaxnorm
197,Q0,WSJ911230-0002,445,2.051647153801949,minmaxnorm
197,Q0,WSJ881012-0023,446,2.049839452092423,minmaxnorm
197,Q0,WSJ920309-0119,447,2.0448685837048615,minmaxnorm
197,Q0,ZF109-562-887,448,2.044319173513042,minmaxnorm
197,Q0,AP890619-0100,449,2.0414012251856684,minmaxnorm
197,Q0,WSJ911121-0089,450,2.0413987170663797,minmaxnorm
197,Q0,WSJ880701-0113,451,2.039633517254922,minmaxnorm
197,Q0,WSJ871210-0153,452,2.0396137876123235,minmaxnorm
197,Q0,AP880722-0014,453,2.0324712723109766,minmaxnorm
197,Q0,WSJ911126-0098,454,2.026572716441006,minmaxnorm
197,Q0,WSJ910402-0090,455,2.024908090678086,minmaxnorm
197,Q0,AP880321-0194,456,2.023097931858715,minmaxnorm
197,Q0,AP880907-0274,457,2.019192415747562,minmaxnorm
197,Q0,WSJ910315-0066,458,2.018164952151581,minmaxnorm
197,Q0,WSJ900831-0037,459,2.014636905630021,minmaxnorm
197,Q0,AP880313-0045,460,2.0063229686943203,minmaxnorm
197,Q0,WSJ890918-0009,461,2.005452343063432,minmaxnorm
197,Q0,WSJ900402-0033,462,2.0004110271015128,minmaxnorm
197,Q0,WSJ910104-0092,463,1.9935827327154303,minmaxnorm
197,Q0,FR88514-0001,464,1.9926542678949954,minmaxnorm
197,Q0,FR88615-0019,465,1.9908877756148966,minmaxnorm
197,Q0,WSJ891011-0126,466,1.9879803727368686,minmaxnorm
197,Q0,WSJ911025-0084,467,1.9812769385934748,minmaxnorm
197,Q0,AP880615-0311,468,1.968606807372604,minmaxnorm
197,Q0,WSJ871008-0037,469,1.963606415949569,minmaxnorm
197,Q0,AP891115-0249,470,1.9626428601833112,minmaxnorm
197,Q0,WSJ900601-0037,471,1.9605593927199383,minmaxnorm
197,Q0,AP890407-0221,472,1.9579518308798427,minmaxnorm
197,Q0,AP881202-0064,473,1.9445665633671443,minmaxnorm
197,Q0,WSJ900711-0142,474,1.942181975593134,minmaxnorm
197,Q0,WSJ910523-0092,475,1.9391174413826742,minmaxnorm
197,Q0,WSJ911029-0021,476,1.9388977804266794,minmaxnorm
197,Q0,WSJ881107-0127,477,1.9381177547041815,minmaxnorm
197,Q0,AP890412-0237,478,1.9377769570697636,minmaxnorm
197,Q0,WSJ920225-0016,479,1.9374111334314463,minmaxnorm
197,Q0,WSJ910606-0046,480,1.9361712521946264,minmaxnorm
197,Q0,FR891031-0017,481,1.9337368399844626,minmaxnorm
197,Q0,WSJ880901-0029,482,1.9329973884524054,minmaxnorm
197,Q0,WSJ870702-0115,483,1.922912852107439,minmaxnorm
197,Q0,WSJ900516-0082,484,1.9105760624342925,minmaxnorm
197,Q0,AP881202-0057,485,1.895237539129414,minmaxnorm
197,Q0,WSJ910909-0007,486,1.882367472791184,minmaxnorm
197,Q0,AP881216-0258,487,1.8798544910956945,minmaxnorm
197,Q0,FR881006-0001,488,1.8755061365689862,minmaxnorm
197,Q0,WSJ880309-0078,489,1.8743519876458323,minmaxnorm
197,Q0,WSJ891026-0034,490,1.871484006270922,minmaxnorm
197,Q0,DOE2-08-0077,491,1.8685720387689249,minmaxnorm
197,Q0,AP880707-0219,492,1.8655904850472482,minmaxnorm
197,Q0,AP881115-0116,493,1.8611225390427646,minmaxnorm
197,Q0,WSJ880831-0048,494,1.8603332684525855,minmaxnorm
197,Q0,AP890622-0186,495,1.8514584577543005,minmaxnorm
197,Q0,AP891122-0069,496,1.8429158344825993,minmaxnorm
197,Q0,AP880406-0035,497,1.841809487886788,minmaxnorm
197,Q0,AP890406-0057,498,1.8312767370635918,minmaxnorm
197,Q0,WSJ880201-0114,499,1.8231726865252775,minmaxnorm
197,Q0,AP880901-0091,500,1.8137697205701775,minmaxnorm
197,Q0,AP890712-0093,501,1.813186113061393,minmaxnorm
197,Q0,AP890625-0043,502,1.808528770151668,minmaxnorm
197,Q0,WSJ870611-0032,503,1.8082543740619137,minmaxnorm
197,Q0,AP880316-0050,504,1.800698372969562,minmaxnorm
197,Q0,ZF109-426-491,505,1.7954925009157807,minmaxnorm
197,Q0,AP880615-0227,506,1.7949251298205433,minmaxnorm
197,Q0,WSJ910621-0139,507,1.7939967746916237,minmaxnorm
197,Q0,AP880614-0135,508,1.7881595713039673,minmaxnorm
197,Q0,WSJ871201-0020,509,1.784615866940221,minmaxnorm
197,Q0,WSJ861215-0071,510,1.7790398936153682,minmaxnorm
197,Q0,AP890707-0215,511,1.7777838227448703,minmaxnorm
197,Q0,WSJ871028-0164,512,1.7706735080644302,minmaxnorm
197,Q0,AP891211-0115,513,1.7609665661602345,minmaxnorm
197,Q0,WSJ910402-0051,514,1.7559125149554182,minmaxnorm
197,Q0,WSJ900720-0117,515,1.7542449800168882,minmaxnorm
197,Q0,WSJ870227-0028,516,1.7498717603150147,minmaxnorm
197,Q0,WSJ870810-0021,517,1.7495161453879375,minmaxnorm
197,Q0,ZF109-685-161,518,1.7457012650473902,minmaxnorm
197,Q0,WSJ880725-0085,519,1.7453417184225613,minmaxnorm
197,Q0,DOE1-03-0046,520,1.7299177648686432,minmaxnorm
197,Q0,AP890823-0188,521,1.7273559732555503,minmaxnorm
197,Q0,FR89606-0001,522,1.727307553276726,minmaxnorm
197,Q0,FR88511-0011,523,1.7268808775688476,minmaxnorm
197,Q0,WSJ880708-0167,524,1.7193150297565571,minmaxnorm
197,Q0,AP880307-0047,525,1.7178723701579883,minmaxnorm
197,Q0,WSJ920213-0032,526,1.7165799993843078,minmaxnorm
197,Q0,AP890506-0022,527,1.7162686183830989,minmaxnorm
197,Q0,AP880308-0194,528,1.7158219743752066,minmaxnorm
197,Q0,WSJ900716-0066,529,1.7112704889001193,minmaxnorm
197,Q0,FR891124-0015,530,1.710590470752264,minmaxnorm
197,Q0,WSJ900622-0101,531,1.7077897171643708,minmaxnorm
197,Q0,WSJ901224-0068,532,1.7073026949235037,minmaxnorm
197,Q0,WSJ910625-0115,533,1.7036889136654338,minmaxnorm
197,Q0,AP890327-0068,534,1.701069253761886,minmaxnorm
197,Q0,FR891128-0029,535,1.6843304305361697,minmaxnorm
197,Q0,FR89323-0035,536,1.683644332224644,minmaxnorm
197,Q0,WSJ900424-0150,537,1.6826021756201692,minmaxnorm
197,Q0,WSJ900508-0005,538,1.6705564446824082,minmaxnorm
197,Q0,WSJ910508-0031,539,1.6676970550120094,minmaxnorm
197,Q0,WSJ880328-0013,540,1.6675914851448628,minmaxnorm
197,Q0,WSJ920313-0035,541,1.666974276090102,minmaxnorm
197,Q0,WSJ870505-0128,542,1.660762529240386,minmaxnorm
197,Q0,FR881107-0026,543,1.646814781243742,minmaxnorm
197,Q0,WSJ870720-0052,544,1.6440068994130985,minmaxnorm
197,Q0,AP880907-0253,545,1.6434344466601203,minmaxnorm
197,Q0,WSJ891003-0138,546,1.6401597434380384,minmaxnorm
197,Q0,WSJ870727-0158,547,1.6339574697718604,minmaxnorm
197,Q0,WSJ911108-0097,548,1.6302358999007822,minmaxnorm
197,Q0,FR881021-0114,549,1.6271869759314364,minmaxnorm
197,Q0,AP880531-0236,550,1.6259112849964987,minmaxnorm
197,Q0,WSJ880512-0151,551,1.6250060981072798,minmaxnorm
197,Q0,FR88511-0168,552,1.6218664834202365,minmaxnorm
197,Q0,WSJ891004-0133,553,1.6202480644169879,minmaxnorm
197,Q0,WSJ910603-0064,554,1.6162814877797496,minmaxnorm
197,Q0,WSJ900716-0046,555,1.6140198743428626,minmaxnorm
197,Q0,AP881115-0078,556,1.6131957312432963,minmaxnorm
197,Q0,WSJ880831-0106,557,1.6121153668853372,minmaxnorm
197,Q0,WSJ890822-0005,558,1.6035077907663764,minmaxnorm
197,Q0,AP880917-0151,559,1.5943300281463135,minmaxnorm
197,Q0,WSJ920218-0114,560,1.5914584513715553,minmaxnorm
197,Q0,AP890324-0215,561,1.591337072859884,minmaxnorm
197,Q0,WSJ880404-0069,562,1.5898618479422821,minmaxnorm
197,Q0,WSJ891024-0116,563,1.5898173766331447,minmaxnorm
197,Q0,WSJ881019-0032,564,1.5876781794839585,minmaxnorm
197,Q0,AP880727-0122,565,1.5867161073252742,minmaxnorm
197,Q0,WSJ890915-0119,566,1.5702560849156235,minmaxnorm
197,Q0,WSJ880822-0066,567,1.5682614597593907,minmaxnorm
197,Q0,WSJ910813-0095,568,1.5605935213251199,minmaxnorm
197,Q0,FR89821-0020,569,1.5595381501851282,minmaxnorm
197,Q0,WSJ910104-0129,570,1.555243550262628,minmaxnorm
197,Q0,WSJ891006-0036,571,1.555220713000223,minmaxnorm
197,Q0,WSJ910207-0101,572,1.5545050114996175,minmaxnorm
197,Q0,WSJ880824-0079,573,1.554328581343987,minmaxnorm
197,Q0,WSJ881031-0031,574,1.5474607625683166,minmaxnorm
197,Q0,WSJ880419-0065,575,1.5427379069366667,minmaxnorm
197,Q0,WSJ880225-0068,576,1.537166443032209,minmaxnorm
197,Q0,AP880421-0206,577,1.5366251643778808,minmaxnorm
197,Q0,WSJ880322-0003,578,1.5335044674488931,minmaxnorm
197,Q0,AP881115-0235,579,1.5284511522269986,minmaxnorm
197,Q0,WSJ910607-0114,580,1.5216900722598097,minmaxnorm
197,Q0,AP881020-0316,581,1.513879387596575,minmaxnorm
197,Q0,WSJ900618-0002,582,1.5059120074874506,minmaxnorm
197,Q0,WSJ911205-0054,583,1.5043825919303704,minmaxnorm
197,Q0,AP880615-0343,584,1.5014903727655806,minmaxnorm
197,Q0,ZF109-576-223,585,1.501042967735923,minmaxnorm
197,Q0,WSJ880928-0066,586,1.4967134473732102,minmaxnorm
197,Q0,WSJ870930-0098,587,1.4910954820285918,minmaxnorm
197,Q0,WSJ920219-0086,588,1.4815482459872387,minmaxnorm
197,Q0,WSJ910205-0046,589,1.4787788327141427,minmaxnorm
197,Q0,WSJ900614-0102,590,1.47831671163864,minmaxnorm
197,Q0,WSJ891016-0026,591,1.4780309894660775,minmaxnorm
197,Q0,FR88804-0019,592,1.4764422502145051,minmaxnorm
197,Q0,WSJ880708-0152,593,1.4734700968465306,minmaxnorm
197,Q0,WSJ870608-0059,594,1.4675996032905154,minmaxnorm
197,Q0,AP880323-0248,595,1.4663157111523435,minmaxnorm
197,Q0,WSJ920323-0029,596,1.459313933534399,minmaxnorm
197,Q0,AP881111-0224,597,1.457812165525502,minmaxnorm
197,Q0,AP890226-0067,598,1.454045448265142,minmaxnorm
197,Q0,FR89717-0029,599,1.4500893378820872,minmaxnorm
197,Q0,AP890228-0059,600,1.4499708520568073,minmaxnorm
197,Q0,WSJ880823-0069,601,1.4474914302847295,minmaxnorm
197,Q0,AP880322-0289,602,1.4417144956760244,minmaxnorm
197,Q0,WSJ910610-0084,603,1.4386179967971404,minmaxnorm
197,Q0,AP881006-0073,604,1.4326042898791733,minmaxnorm
197,Q0,WSJ880801-0026,605,1.4281406355637838,minmaxnorm
197,Q0,WSJ911003-0048,606,1.4260473127026285,minmaxnorm
197,Q0,WSJ900515-0010,607,1.414189813381579,minmaxnorm
197,Q0,WSJ910114-0074,608,1.4012906121130666,minmaxnorm
197,Q0,AP890623-0105,609,1.3974647661126822,minmaxnorm
197,Q0,WSJ910828-0031,610,1.3926453491938016,minmaxnorm
197,Q0,FR891013-0020,611,1.390776490808513,minmaxnorm
197,Q0,AP890609-0103,612,1.3904161678749554,minmaxnorm
197,Q0,FR881006-0002,613,1.3845120647787683,minmaxnorm
197,Q0,AP880621-0325,614,1.3829354960591735,minmaxnorm
197,Q0,WSJ880803-0089,615,1.3825581582248343,minmaxnorm
197,Q0,WSJ910417-0043,616,1.3792408990851721,minmaxnorm
197,Q0,AP890904-0131,617,1.3759962965376094,minmaxnorm
197,Q0,FR88829-0023,618,1.375229707212645,minmaxnorm
197,Q0,WSJ911030-0092,619,1.372141885281789,minmaxnorm
197,Q0,AP891009-0060,620,1.367717734634293,minmaxnorm
197,Q0,AP880721-0100,621,1.36533784666685,minmaxnorm
197,Q0,AP890612-0263,622,1.3644729227258405,minmaxnorm
197,Q0,AP890525-0077,623,1.3634544355559657,minmaxnorm
197,Q0,WSJ891013-0090,624,1.362853159381994,minmaxnorm
197,Q0,WSJ871104-0030,625,1.3595545867939385,minmaxnorm
197,Q0,WSJ910418-0071,626,1.3587294287173841,minmaxnorm
197,Q0,WSJ880923-0137,627,1.3563107693984668,minmaxnorm
197,Q0,WSJ910401-0055,628,1.3557833416366585,minmaxnorm
197,Q0,WSJ911210-0118,629,1.3530400010365733,minmaxnorm
197,Q0,WSJ910415-0038,630,1.3493173913438072,minmaxnorm
197,Q0,WSJ910927-0178,631,1.3481687996747973,minmaxnorm
197,Q0,FR88719-0047,632,1.3456411689012073,minmaxnorm
197,Q0,WSJ880509-0135,633,1.3430687510262729,minmaxnorm
197,Q0,AP890328-0100,634,1.3416809329617285,minmaxnorm
197,Q0,WSJ880721-0139,635,1.3343693663688458,minmaxnorm
197,Q0,AP890416-0020,636,1.3301565766373642,minmaxnorm
197,Q0,WSJ910703-0109,637,1.3298695986988887,minmaxnorm
197,Q0,WSJ880705-0073,638,1.3275484822911452,minmaxnorm
197,Q0,WSJ900724-0084,639,1.3204947485982088,minmaxnorm
197,Q0,AP880507-0199,640,1.3135009635579211,minmaxnorm
197,Q0,WSJ890822-0136,641,1.3122139551120051,minmaxnorm
197,Q0,AP890505-0290,642,1.3049032643462182,minmaxnorm
197,Q0,ZF207-325-492,643,1.3027097276474553,minmaxnorm
197,Q0,FR88830-0023,644,1.301647019323926,minmaxnorm
197,Q0,WSJ880502-0069,645,1.300611828125411,minmaxnorm
197,Q0,AP890227-0301,646,1.2908603687874018,minmaxnorm
197,Q0,WSJ910611-0122,647,1.2893554072892108,minmaxnorm
197,Q0,WSJ870703-0114,648,1.2890440853624219,minmaxnorm
197,Q0,AP881221-0111,649,1.285079149035459,minmaxnorm
197,Q0,WSJ910719-0032,650,1.2827940907515558,minmaxnorm
197,Q0,WSJ910812-0012,651,1.2814701582622547,minmaxnorm
197,Q0,AP880609-0053,652,1.2781777098919174,minmaxnorm
197,Q0,WSJ880825-0158,653,1.2777846472622854,minmaxnorm
197,Q0,AP880418-0309,654,1.276349327713424,minmaxnorm
197,Q0,WSJ900604-0179,655,1.2757679058522893,minmaxnorm
197,Q0,WSJ910612-0142,656,1.2752055414174914,minmaxnorm
197,Q0,WSJ911011-0171,657,1.2737321912445088,minmaxnorm
197,Q0,WSJ880224-0142,658,1.268012213595442,minmaxnorm
197,Q0,WSJ870316-0051,659,1.267702267186806,minmaxnorm
197,Q0,WSJ910618-0062,660,1.2633432476127198,minmaxnorm
197,Q0,WSJ881025-0150,661,1.2630326705638464,minmaxnorm
197,Q0,WSJ910508-0003,662,1.261239918731703,minmaxnorm
197,Q0,AP890916-0120,663,1.2603553302455985,minmaxnorm
197,Q0,AP890217-0167,664,1.2489660552232968,minmaxnorm
197,Q0,ZF109-573-365,665,1.2474385520090427,minmaxnorm
197,Q0,WSJ920114-0088,666,1.243336407452976,minmaxnorm
197,Q0,WSJ890814-0165,667,1.240469055149639,minmaxnorm
197,Q0,WSJ880810-0160,668,1.2374307327338803,minmaxnorm
197,Q0,AP891223-0127,669,1.2370607274484753,minmaxnorm
197,Q0,FR88518-0136,670,1.2366964172175576,minmaxnorm
197,Q0,AP890310-0346,671,1.235603644067515,minmaxnorm
197,Q0,AP881201-0001,672,1.2352975081392115,minmaxnorm
197,Q0,WSJ900627-0022,673,1.2334252527543752,minmaxnorm
197,Q0,WSJ880405-0076,674,1.2322062736375607,minmaxnorm
197,Q0,FR89706-0016,675,1.2318669600028493,minmaxnorm
197,Q0,ZF109-541-631,676,1.2304577358955233,minmaxnorm
197,Q0,WSJ911125-0043,677,1.229117928084457,minmaxnorm
197,Q0,AP880408-0074,678,1.228223960424203,minmaxnorm
197,Q0,WSJ891020-0084,679,1.2217979579346014,minmaxnorm
197,Q0,WSJ880408-0118,680,1.2122432268038281,minmaxnorm
197,Q0,WSJ910409-0150,681,1.2088830125404704,minmaxnorm
197,Q0,WSJ880202-0057,682,1.2078818909250044,minmaxnorm
197,Q0,AP880813-0174,683,1.2066658735441955,minmaxnorm
197,Q0,WSJ911009-0060,684,1.2005593394605656,minmaxnorm
197,Q0,AP880502-0273,685,1.1983655124149168,minmaxnorm
197,Q0,WSJ881018-0007,686,1.196254039608777,minmaxnorm
197,Q0,ZF109-497-169,687,1.193153249813404,minmaxnorm
197,Q0,WSJ880422-0094,688,1.187847982627131,minmaxnorm
197,Q0,ZF207-168-248,689,1.1855541326496897,minmaxnorm
197,Q0,FR881024-0194,690,1.184927201385668,minmaxnorm
197,Q0,AP880217-0279,691,1.1776302461341759,minmaxnorm
197,Q0,WSJ891025-0081,692,1.1761732517086252,minmaxnorm
197,Q0,ZF107-998-426,693,1.1747080013738662,minmaxnorm
197,Q0,WSJ870723-0086,694,1.161279401619305,minmaxnorm
197,Q0,WSJ880615-0009,695,1.161038739840772,minmaxnorm
197,Q0,AP880516-0167,696,1.1564162985824988,minmaxnorm
197,Q0,FR88516-0128,697,1.153456184558673,minmaxnorm
197,Q0,FR88907-0036,698,1.1491242073232275,minmaxnorm
197,Q0,WSJ910801-0011,699,1.1485268783213685,minmaxnorm
197,Q0,WSJ870609-0041,700,1.1474491976776966,minmaxnorm
197,Q0,WSJ881020-0063,701,1.1447399382409242,minmaxnorm
197,Q0,AP890320-0132,702,1.141732155571455,minmaxnorm
197,Q0,WSJ870914-0002,703,1.1416699387074973,minmaxnorm
197,Q0,FR881024-0095,704,1.1377546530036442,minmaxnorm
197,Q0,ZF208-249-408,705,1.1364641684755605,minmaxnorm
197,Q0,WSJ870629-0131,706,1.1358407010811153,minmaxnorm
197,Q0,WSJ870225-0104,707,1.135645782674688,minmaxnorm
197,Q0,WSJ880819-0045,708,1.1349620130913984,minmaxnorm
197,Q0,AP890615-0298,709,1.1348657934775592,minmaxnorm
197,Q0,AP890501-0243,710,1.1342306112649816,minmaxnorm
197,Q0,WSJ880919-0114,711,1.1339375852780302,minmaxnorm
197,Q0,AP890214-0187,712,1.1330418001839089,minmaxnorm
197,Q0,AP881017-0231,713,1.1219631065685418,minmaxnorm
197,Q0,AP881101-0063,714,1.1174444058101054,minmaxnorm
197,Q0,WSJ881109-0092,715,1.1114942066970452,minmaxnorm
197,Q0,AP881115-0156,716,1.111011995622465,minmaxnorm
197,Q0,WSJ911029-0031,717,1.1109171143427838,minmaxnorm
197,Q0,FR89530-0026,718,1.1095678944924894,minmaxnorm
197,Q0,WSJ900510-0063,719,1.1085414498455768,minmaxnorm
197,Q0,FR891013-0117,720,1.1030979882489866,minmaxnorm
197,Q0,WSJ880113-0102,721,1.101129532872242,minmaxnorm
197,Q0,WSJ900725-0082,722,1.0988315180945558,minmaxnorm
197,Q0,WSJ881012-0021,723,1.0977955210099686,minmaxnorm
197,Q0,WSJ880919-0080,724,1.0962446568089894,minmaxnorm
197,Q0,WSJ910506-0122,725,1.0949320956895106,minmaxnorm
197,Q0,AP890327-0054,726,1.094248499031616,minmaxnorm
197,Q0,FR88928-0010,727,1.0917998966336662,minmaxnorm
197,Q0,WSJ911211-0062,728,1.0880964892535345,minmaxnorm
197,Q0,AP880516-0095,729,1.0871667897588395,minmaxnorm
197,Q0,FR89108-0023,730,1.0848206859639897,minmaxnorm
197,Q0,WSJ870827-0078,731,1.084498607779088,minmaxnorm
197,Q0,WSJ870320-0091,732,1.080362729268019,minmaxnorm
197,Q0,AP890216-0205,733,1.079668251489673,minmaxnorm
197,Q0,FR891026-0128,734,1.076002491176346,minmaxnorm
197,Q0,AP881130-0085,735,1.0699893583553015,minmaxnorm
197,Q0,AP880315-0055,736,1.0691159675328719,minmaxnorm
197,Q0,AP880304-0055,737,1.0639526344688142,minmaxnorm
197,Q0,AP881223-0204,738,1.0626320451736024,minmaxnorm
197,Q0,WSJ910524-0153,739,1.0598286985404242,minmaxnorm
197,Q0,WSJ910213-0061,740,1.059560287180892,minmaxnorm
197,Q0,AP880219-0183,741,1.058837551738269,minmaxnorm
197,Q0,WSJ870429-0087,742,1.0576880121744852,minmaxnorm
197,Q0,WSJ871223-0123,743,1.0569845325010454,minmaxnorm
197,Q0,AP880517-0181,744,1.056405032978155,minmaxnorm
197,Q0,WSJ870708-0031,745,1.0471378755544136,minmaxnorm
197,Q0,AP890817-0135,746,1.0395705163474398,minmaxnorm
197,Q0,AP890518-0239,747,1.0392318950998436,minmaxnorm
197,Q0,WSJ910415-0084,748,1.036293872572288,minmaxnorm
197,Q0,ZF207-841-630,749,1.035495212572593,minmaxnorm
197,Q0,AP890407-0047,750,1.034712365838639,minmaxnorm
197,Q0,AP881026-0034,751,1.0346554944881843,minmaxnorm
197,Q0,WSJ870413-0044,752,1.0343371130402341,minmaxnorm
197,Q0,AP880324-0160,753,1.0341866043737022,minmaxnorm
197,Q0,AP891211-0111,754,1.027885194678007,minmaxnorm
197,Q0,ZF208-219-907,755,1.0269646148193838,minmaxnorm
197,Q0,ZF109-770-469,756,1.026613390858044,minmaxnorm
197,Q0,AP891218-0252,757,1.024148319620176,minmaxnorm
197,Q0,FR88831-0134,758,1.0222498076055688,minmaxnorm
197,Q0,WSJ910429-0003,759,1.0222011840726732,minmaxnorm
197,Q0,WSJ900627-0083,760,1.0166524914466522,minmaxnorm
197,Q0,AP890211-0153,761,1.0166022047366292,minmaxnorm
197,Q0,AP880507-0055,762,1.015567470975913,minmaxnorm
197,Q0,WSJ900621-0067,763,1.015257215891709,minmaxnorm
197,Q0,FR89518-0107,764,1.0147647452854083,minmaxnorm
197,Q0,AP880219-0213,765,1.014129357561091,minmaxnorm
197,Q0,FR88512-0113,766,1.0115376427027711,minmaxnorm
197,Q0,AP880614-0055,767,1.0094843898779111,minmaxnorm
197,Q0,FR89516-0105,768,1.0091187220572868,minmaxnorm
197,Q0,WSJ890811-0041,769,1.0079850019705006,minmaxnorm
197,Q0,WSJ910423-0162,770,1.0076003896879184,minmaxnorm
197,Q0,FR89706-0026,771,1.004716676517328,minmaxnorm
197,Q0,WSJ871118-0059,772,1.001335760118994,minmaxnorm
197,Q0,WSJ911230-0012,773,1.000417312399439,minmaxnorm
197,Q0,FR89710-0114,774,0.9988678028449923,minmaxnorm
197,Q0,WSJ911202-0098,775,0.9969040836275125,minmaxnorm
197,Q0,WSJ910626-0052,776,0.993807330001734,minmaxnorm
197,Q0,AP880817-0052,777,0.9931619494128913,minmaxnorm
197,Q0,FR881110-0018,778,0.9923713537593735,minmaxnorm
197,Q0,WSJ890810-0096,779,0.9922889742310991,minmaxnorm
197,Q0,ZF207-402-954,780,0.9916203898687771,minmaxnorm
197,Q0,WSJ870223-0135,781,0.9916069633261393,minmaxnorm
197,Q0,ZF108-219-210,782,0.9864109966865262,minmaxnorm
197,Q0,AP880316-0052,783,0.9860032360897775,minmaxnorm
197,Q0,FR891002-0030,784,0.9824426892035093,minmaxnorm
197,Q0,AP890315-0051,785,0.981387336655744,minmaxnorm
197,Q0,WSJ900426-0010,786,0.9774573329783157,minmaxnorm
197,Q0,WSJ900920-0130,787,0.9750182587187955,minmaxnorm
197,Q0,ZF108-080-336,788,0.9748607468709096,minmaxnorm
197,Q0,AP890319-0072,789,0.9742543456788355,minmaxnorm
197,Q0,FR891025-0107,790,0.9720561730940628,minmaxnorm
197,Q0,WSJ900425-0095,791,0.9717650861615268,minmaxnorm
197,Q0,AP890817-0074,792,0.9715067497327127,minmaxnorm
197,Q0,WSJ870629-0021,793,0.9714799542014926,minmaxnorm
197,Q0,AP880620-0049,794,0.9674426623622021,minmaxnorm
197,Q0,WSJ911024-0108,795,0.9613497540316962,minmaxnorm
197,Q0,WSJ910403-0063,796,0.9611363543255327,minmaxnorm
197,Q0,WSJ870703-0080,797,0.9565216603580192,minmaxnorm
197,Q0,AP890627-0014,798,0.9530512811357164,minmaxnorm
197,Q0,WSJ871210-0003,799,0.9528756492536222,minmaxnorm
197,Q0,WSJ910318-0117,800,0.9513825749767848,minmaxnorm
197,Q0,AP880517-0277,801,0.948924570844911,minmaxnorm
197,Q0,WSJ910924-0001,802,0.9485704684028422,minmaxnorm
197,Q0,WSJ900829-0063,803,0.9430462774802406,minmaxnorm
197,Q0,FR88711-0001,804,0.9402520898996601,minmaxnorm
197,Q0,FR88909-0013,805,0.9395464339759124,minmaxnorm
197,Q0,WSJ911122-0072,806,0.9385137008962525,minmaxnorm
197,Q0,AP891025-0100,807,0.9379824158867007,minmaxnorm
197,Q0,AP890301-0027,808,0.9359015674171711,minmaxnorm
197,Q0,FR891004-0102,809,0.935898769823503,minmaxnorm
197,Q0,WSJ910514-0105,810,0.9355219034247011,minmaxnorm
197,Q0,WSJ900410-0089,811,0.9346355666142352,minmaxnorm
197,Q0,WSJ900523-0121,812,0.9336307679733681,minmaxnorm
197,Q0,AP880905-0083,813,0.9327179797898874,minmaxnorm
197,Q0,FR88503-0014,814,0.9266067189182046,minmaxnorm
197,Q0,WSJ870828-0088,815,0.9249498784208594,minmaxnorm
197,Q0,WSJ880906-0018,816,0.9242925695663705,minmaxnorm
197,Q0,AP880317-0242,817,0.922633949279863,minmaxnorm
197,Q0,ZF109-460-805,818,0.918875586807917,minmaxnorm
197,Q0,AP880315-0144,819,0.9186629151181736,minmaxnorm
197,Q0,AP890420-0093,820,0.911841191707327,minmaxnorm
197,Q0,FR89210-0017,821,0.9108789572167242,minmaxnorm
197,Q0,WSJ881028-0065,822,0.9106526081302522,minmaxnorm
197,Q0,AP890214-0053,823,0.9105414986929448,minmaxnorm
197,Q0,WSJ900611-0128,824,0.9100289449179082,minmaxnorm
197,Q0,FR881024-0099,825,0.9069256588526662,minmaxnorm
197,Q0,AP890616-0199,826,0.9065147598265811,minmaxnorm
197,Q0,WSJ920114-0041,827,0.9061585299260595,minmaxnorm
197,Q0,AP880422-0296,828,0.9046067161455112,minmaxnorm
197,Q0,FR88607-0109,829,0.9024748113668123,minmaxnorm
197,Q0,AP880831-0250,830,0.9002237855381527,minmaxnorm
197,Q0,WSJ870112-0026,831,0.9001519922145891,minmaxnorm
197,Q0,WSJ920207-0102,832,0.8952402473758937,minmaxnorm
197,Q0,FR89510-0140,833,0.894653307350455,minmaxnorm
197,Q0,WSJ920317-0024,834,0.8927574630986943,minmaxnorm
197,Q0,WSJ870519-0054,835,0.8874710405423498,minmaxnorm
197,Q0,AP880224-0160,836,0.8862563354213336,minmaxnorm
197,Q0,WSJ911114-0031,837,0.8841803926625742,minmaxnorm
197,Q0,WSJ890822-0007,838,0.8837249790471747,minmaxnorm
197,Q0,AP881206-0049,839,0.8803907212642698,minmaxnorm
197,Q0,AP890227-0215,840,0.8761347862837124,minmaxnorm
197,Q0,WSJ910312-0059,841,0.8743338508491688,minmaxnorm
197,Q0,WSJ881103-0104,842,0.8737407401228366,minmaxnorm
197,Q0,ZF207-508-274,843,0.8704860355677205,minmaxnorm
197,Q0,AP890413-0300,844,0.8703165155982509,minmaxnorm
197,Q0,ZF107-947-890,845,0.86917355002359,minmaxnorm
197,Q0,ZF109-519-203,846,0.8658775496821037,minmaxnorm
197,Q0,AP891204-0281,847,0.8653415135120788,minmaxnorm
197,Q0,WSJ920213-0022,848,0.8652466032514186,minmaxnorm
197,Q0,FR89302-0028,849,0.8648167659166254,minmaxnorm
197,Q0,AP891204-0246,850,0.8639116238620083,minmaxnorm
197,Q0,WSJ880928-0039,851,0.8624773283515151,minmaxnorm
197,Q0,WSJ911126-0095,852,0.8622697930239014,minmaxnorm
197,Q0,FR89804-0017,853,0.8618634338728847,minmaxnorm
197,Q0,AP890308-0060,854,0.8615015717278988,minmaxnorm
197,Q0,WSJ920320-0132,855,0.8611638505581263,minmaxnorm
197,Q0,FR89302-0130,856,0.8602762277263898,minmaxnorm
197,Q0,WSJ870527-0114,857,0.8573053980477408,minmaxnorm
197,Q0,WSJ870615-0065,858,0.8561155666993384,minmaxnorm
197,Q0,WSJ871006-0122,859,0.8548765744553943,minmaxnorm
197,Q0,WSJ920310-0116,860,0.853399981952164,minmaxnorm
197,Q0,FR89718-0104,861,0.8533029715796103,minmaxnorm
197,Q0,WSJ880725-0103,862,0.8477264974009342,minmaxnorm
197,Q0,WSJ900419-0095,863,0.8447273748880285,minmaxnorm
197,Q0,WSJ911218-0080,864,0.8429798158833965,minmaxnorm
197,Q0,AP890215-0249,865,0.8427285071477145,minmaxnorm
197,Q0,WSJ900912-0053,866,0.8427138481387991,minmaxnorm
197,Q0,WSJ910506-0145,867,0.8390769759821118,minmaxnorm
197,Q0,AP880715-0265,868,0.8385666035842533,minmaxnorm
197,Q0,WSJ920123-0148,869,0.837442668188922,minmaxnorm
197,Q0,FR89518-0108,870,0.8314630826725766,minmaxnorm
197,Q0,AP890812-0015,871,0.8290584872236314,minmaxnorm
197,Q0,FR88915-0116,872,0.8289738641058407,minmaxnorm
197,Q0,WSJ871123-0046,873,0.8284201852407869,minmaxnorm
197,Q0,WSJ910604-0135,874,0.826429036809396,minmaxnorm
197,Q0,ZF108-650-988,875,0.82573361271734,minmaxnorm
197,Q0,WSJ870403-0164,876,0.8239168458179602,minmaxnorm
197,Q0,FR89119-0111,877,0.8234982318997488,minmaxnorm
197,Q0,WSJ910610-0103,878,0.8230623404192499,minmaxnorm
197,Q0,WSJ910711-0121,879,0.8206547338657054,minmaxnorm
197,Q0,AP880512-0130,880,0.8192606641996311,minmaxnorm
197,Q0,AP890311-0041,881,0.8180114306693388,minmaxnorm
197,Q0,WSJ890817-0085,882,0.817338285311459,minmaxnorm
197,Q0,WSJ911025-0025,883,0.8163168642223284,minmaxnorm
197,Q0,WSJ870422-0118,884,0.8093398061539284,minmaxnorm
197,Q0,AP890803-0261,885,0.8092458570662351,minmaxnorm
197,Q0,AP890512-0136,886,0.8087642975785074,minmaxnorm
197,Q0,WSJ910514-0138,887,0.8080768442432477,minmaxnorm
197,Q0,WSJ881021-0077,888,0.8070271887152911,minmaxnorm
197,Q0,AP890123-0288,889,0.8021664676081472,minmaxnorm
197,Q0,WSJ870324-0064,890,0.7979789561121271,minmaxnorm
197,Q0,WSJ911104-0084,891,0.7959757169767261,minmaxnorm
197,Q0,ZF207-903-950,892,0.7951549933242349,minmaxnorm
197,Q0,ZF207-150-014,893,0.7944771287588341,minmaxnorm
197,Q0,WSJ880225-0092,894,0.7940742376609653,minmaxnorm
197,Q0,WSJ900723-0106,895,0.7932782373728873,minmaxnorm
197,Q0,WSJ890825-0089,896,0.7931443319941284,minmaxnorm
197,Q0,WSJ870515-0067,897,0.7926744336790789,minmaxnorm
197,Q0,WSJ911031-0101,898,0.792522450104451,minmaxnorm
197,Q0,WSJ900529-0018,899,0.7904380373509571,minmaxnorm
197,Q0,AP881205-0270,900,0.7900951776239796,minmaxnorm
197,Q0,WSJ870706-0053,901,0.7887544400573199,minmaxnorm
197,Q0,WSJ901228-0130,902,0.7881951038101623,minmaxnorm
197,Q0,FR88503-0011,903,0.7873387124553525,minmaxnorm
197,Q0,DOE1-61-0564,904,0.786938927167603,minmaxnorm
197,Q0,WSJ880624-0103,905,0.7859348499427944,minmaxnorm
197,Q0,AP881205-0002,906,0.7844617768956215,minmaxnorm
197,Q0,WSJ871013-0006,907,0.7839338065217413,minmaxnorm
197,Q0,AP890719-0290,908,0.7824723292736305,minmaxnorm
197,Q0,FR89209-0007,909,0.7808472950766859,minmaxnorm
197,Q0,AP880324-0287,910,0.7770685623763559,minmaxnorm
197,Q0,WSJ920106-0038,911,0.7752139924668401,minmaxnorm
197,Q0,FR89502-0024,912,0.7750541434054143,minmaxnorm
197,Q0,WSJ920123-0087,913,0.7689911242294928,minmaxnorm
197,Q0,AP890927-0065,914,0.7689498836669182,minmaxnorm
197,Q0,FR88906-0023,915,0.7686867127839436,minmaxnorm
197,Q0,WSJ880608-0133,916,0.7684495912956758,minmaxnorm
197,Q0,WSJ920110-0011,917,0.768288053365775,minmaxnorm
197,Q0,WSJ900730-0025,918,0.7678990831102142,minmaxnorm
197,Q0,WSJ910715-0050,919,0.7659332676670172,minmaxnorm
197,Q0,WSJ911121-0180,920,0.7651142679358773,minmaxnorm
197,Q0,WSJ920124-0007,921,0.7643291945952011,minmaxnorm
197,Q0,FR89307-0104,922,0.7639040900108186,minmaxnorm
197,Q0,FR89810-0022,923,0.7621726584813917,minmaxnorm
197,Q0,ZF108-416-584,924,0.7610162312233151,minmaxnorm
197,Q0,AP880408-0220,925,0.7608431161142242,minmaxnorm
197,Q0,WSJ881011-0089,926,0.7607709142476582,minmaxnorm
197,Q0,WSJ870407-0034,927,0.7571432252236643,minmaxnorm
197,Q0,AP881007-0135,928,0.7552440445507974,minmaxnorm
197,Q0,WSJ900514-0044,929,0.7540630243214566,minmaxnorm
197,Q0,AP890114-0078,930,0.7509681243359718,minmaxnorm
197,Q0,WSJ890922-0101,931,0.7509019220679332,minmaxnorm
197,Q0,AP891216-0038,932,0.7485706433415755,minmaxnorm
197,Q0,ZF207-385-670,933,0.748474949766965,minmaxnorm
197,Q0,AP881111-0088,934,0.7484311824229534,minmaxnorm
197,Q0,WSJ880414-0068,935,0.7470359493022641,minmaxnorm
197,Q0,WSJ911106-0072,936,0.746821268230365,minmaxnorm
197,Q0,AP890812-0029,937,0.7459146664409371,minmaxnorm
197,Q0,AP881129-0239,938,0.7458907109599935,minmaxnorm
197,Q0,WSJ890726-0024,939,0.7453113846966695,minmaxnorm
197,Q0,FR891107-0024,940,0.7432818725452598,minmaxnorm
197,Q0,FR88824-0001,941,0.7414442640572108,minmaxnorm
197,Q0,AP880523-0085,942,0.7385193671614482,minmaxnorm
197,Q0,AP881206-0041,943,0.736128131118454,minmaxnorm
197,Q0,FR89623-0017,944,0.7349605021866852,minmaxnorm
197,Q0,FR88602-0011,945,0.7343823933821166,minmaxnorm
197,Q0,FR88923-0001,946,0.7342957272752095,minmaxnorm
197,Q0,WSJ910524-0098,947,0.7328311878240525,minmaxnorm
197,Q0,WSJ880107-0002,948,0.7320076312868732,minmaxnorm
197,Q0,FR89329-0033,949,0.7319586032761256,minmaxnorm
197,Q0,DOE2-16-1088,950,0.731897306143454,minmaxnorm
197,Q0,ZF207-444-398,951,0.7313700225214557,minmaxnorm
197,Q0,WSJ880816-0119,952,0.7304898623221749,minmaxnorm
197,Q0,AP880804-0015,953,0.7301771914609525,minmaxnorm
197,Q0,FR881125-0012,954,0.7301652046643055,minmaxnorm
197,Q0,WSJ910404-0150,955,0.7293140125547686,minmaxnorm
197,Q0,AP880426-0038,956,0.7200928183293716,minmaxnorm
197,Q0,AP890104-0158,957,0.7191074234488731,minmaxnorm
197,Q0,AP880928-0298,958,0.7174302148394833,minmaxnorm
197,Q0,WSJ880929-0038,959,0.7173801878193857,minmaxnorm
197,Q0,DOE1-11-0243,960,0.7170942976907806,minmaxnorm
197,Q0,ZF109-621-515,961,0.7169759701452781,minmaxnorm
197,Q0,AP890802-0293,962,0.7163380543338191,minmaxnorm
197,Q0,DOE1-39-0014,963,0.7157509467886383,minmaxnorm
197,Q0,WSJ870528-0092,964,0.7143171825177608,minmaxnorm
197,Q0,FR88721-0032,965,0.7142988621870711,minmaxnorm
197,Q0,WSJ900713-0036,966,0.7142567648070142,minmaxnorm
197,Q0,FR89119-0030,967,0.713675577667261,minmaxnorm
197,Q0,WSJ900822-0006,968,0.7124493246596719,minmaxnorm
197,Q0,AP890802-0212,969,0.7111374941895177,minmaxnorm
197,Q0,ZF108-673-956,970,0.7104282269217621,minmaxnorm
197,Q0,WSJ881110-0107,971,0.7094705329732319,minmaxnorm
197,Q0,FR881024-0107,972,0.7024904272539159,minmaxnorm
197,Q0,WSJ881018-0117,973,0.7007278372717299,minmaxnorm
197,Q0,FR881025-0018,974,0.7007149911535797,minmaxnorm
197,Q0,WSJ900608-0009,975,0.7004786993864495,minmaxnorm
197,Q0,WSJ910422-0152,976,0.699885042797412,minmaxnorm
197,Q0,AP890812-0034,977,0.6991576727085316,minmaxnorm
197,Q0,AP890112-0219,978,0.6985909129611967,minmaxnorm
197,Q0,WSJ911119-0073,979,0.6952644158916338,minmaxnorm
197,Q0,WSJ890925-0098,980,0.6947257312545134,minmaxnorm
197,Q0,WSJ900918-0073,981,0.6943652513853957,minmaxnorm
197,Q0,FR89123-0026,982,0.6937830912296414,minmaxnorm
197,Q0,WSJ920127-0069,983,0.6934973921543798,minmaxnorm
197,Q0,WSJ870213-0016,984,0.6925380041586717,minmaxnorm
197,Q0,AP890504-0296,985,0.6900683578615001,minmaxnorm
197,Q0,ZF207-609-274,986,0.6888591839132259,minmaxnorm
197,Q0,FR89607-0014,987,0.68870988591229,minmaxnorm
197,Q0,WSJ871021-0015,988,0.6885925851552819,minmaxnorm
197,Q0,ZF108-353-646,989,0.6883922678194199,minmaxnorm
197,Q0,AP881108-0036,990,0.6859009187426114,minmaxnorm
197,Q0,WSJ870527-0100,991,0.6854195237412211,minmaxnorm
197,Q0,AP891215-0044,992,0.6819606751820385,minmaxnorm
197,Q0,WSJ910426-0081,993,0.6793052814968712,minmaxnorm
197,Q0,AP881212-0077,994,0.6792074169146368,minmaxnorm
197,Q0,FR89119-0060,995,0.6784175287606804,minmaxnorm
197,Q0,ZF109-485-773,996,0.6765376782412206,minmaxnorm
197,Q0,FR89323-0026,997,0.6760873595656993,minmaxnorm
197,Q0,FR88126-0016,998,0.6758142999672967,minmaxnorm
197,Q0,FR88229-0012,999,0.6749946763498048,minmaxnorm
197,Q0,WSJ900706-0008,1000,0.6745271847293641,minmaxnorm
198,Q0,WSJ900801-0090,1,15.862136823710774,minmaxnorm
198,Q0,AP890824-0141,2,15.09808446624905,minmaxnorm
198,Q0,AP880615-0048,3,14.83256764644654,minmaxnorm
198,Q0,WSJ890828-0145,4,14.821284687414693,minmaxnorm
198,Q0,WSJ870914-0085,5,14.765344894923556,minmaxnorm
198,Q0,WSJ891005-0081,6,14.735568606056937,minmaxnorm
198,Q0,WSJ900830-0153,7,14.137135551520656,minmaxnorm
198,Q0,WSJ900921-0119,8,13.789877976323137,minmaxnorm
198,Q0,AP890825-0016,9,13.55839975830729,minmaxnorm
198,Q0,WSJ891012-0004,10,13.128506257580069,minmaxnorm
198,Q0,WSJ910419-0086,11,12.795457337939265,minmaxnorm
198,Q0,WSJ880713-0157,12,12.676811184881482,minmaxnorm
198,Q0,WSJ890825-0100,13,12.65881602153108,minmaxnorm
198,Q0,WSJ900917-0046,14,12.051025660725049,minmaxnorm
198,Q0,WSJ880617-0100,15,12.046075147520215,minmaxnorm
198,Q0,WSJ900709-0066,16,11.983935077444318,minmaxnorm
198,Q0,WSJ880726-0135,17,11.6904193534184,minmaxnorm
198,Q0,AP890824-0080,18,11.666596445293125,minmaxnorm
198,Q0,AP890824-0047,19,11.649145867594179,minmaxnorm
198,Q0,AP880725-0239,20,11.353290875901205,minmaxnorm
198,Q0,WSJ870529-0081,21,11.125544845999197,minmaxnorm
198,Q0,WSJ910829-0091,22,10.878676208260167,minmaxnorm
198,Q0,WSJ890824-0019,23,10.746372047768467,minmaxnorm
198,Q0,WSJ880526-0112,24,10.350823076891665,minmaxnorm
198,Q0,WSJ910826-0110,25,10.219448255000891,minmaxnorm
198,Q0,WSJ920214-0032,26,10.05138266854155,minmaxnorm
198,Q0,AP880721-0005,27,9.805486398189572,minmaxnorm
198,Q0,WSJ900628-0126,28,9.6886180214305,minmaxnorm
198,Q0,WSJ900914-0168,29,9.669782968019438,minmaxnorm
198,Q0,AP891205-0185,30,9.639855864796745,minmaxnorm
198,Q0,AP891026-0221,31,9.491764861742984,minmaxnorm
198,Q0,WSJ911030-0172,32,9.050136522236802,minmaxnorm
198,Q0,WSJ900809-0004,33,9.048684122823097,minmaxnorm
198,Q0,WSJ910822-0074,34,8.823485586085123,minmaxnorm
198,Q0,WSJ911101-0176,35,8.816318533483502,minmaxnorm
198,Q0,WSJ881014-0175,36,8.787433627044013,minmaxnorm
198,Q0,AP881004-0026,37,8.587743848038775,minmaxnorm
198,Q0,AP881004-0169,38,8.576487689411504,minmaxnorm
198,Q0,WSJ900530-0019,39,8.560371121893048,minmaxnorm
198,Q0,AP890524-0197,40,8.362002636355063,minmaxnorm
198,Q0,AP890617-0083,41,8.289424713470112,minmaxnorm
198,Q0,WSJ900418-0110,42,8.26845852681909,minmaxnorm
198,Q0,ZF108-242-827,43,8.231838630688163,minmaxnorm
198,Q0,WSJ911223-0020,44,8.225190587973797,minmaxnorm
198,Q0,WSJ900529-0136,45,7.98904339464439,minmaxnorm
198,Q0,WSJ900801-0011,46,7.878891241546249,minmaxnorm
198,Q0,WSJ900713-0122,47,7.824625091449891,minmaxnorm
198,Q0,WSJ911021-0167,48,7.765184670802216,minmaxnorm
198,Q0,WSJ910130-0105,49,7.756339742735594,minmaxnorm
198,Q0,FR89315-0153,50,7.741233201309678,minmaxnorm
198,Q0,WSJ880822-0108,51,7.619458011390926,minmaxnorm
198,Q0,WSJ910530-0089,52,7.5835661552400335,minmaxnorm
198,Q0,AP890406-0125,53,7.557426347787046,minmaxnorm
198,Q0,AP880615-0071,54,7.436153567591262,minmaxnorm
198,Q0,WSJ920319-0142,55,7.286656700381582,minmaxnorm
198,Q0,AP880526-0072,56,7.268831758076369,minmaxnorm
198,Q0,WSJ880106-0061,57,7.240702598566343,minmaxnorm
198,Q0,WSJ900608-0142,58,7.217641216756471,minmaxnorm
198,Q0,FR89623-0122,59,7.155381923820644,minmaxnorm
198,Q0,AP890518-0006,60,7.099294592560331,minmaxnorm
198,Q0,WSJ890919-0141,61,7.0496577775919445,minmaxnorm
198,Q0,WSJ881018-0056,62,7.043489722969347,minmaxnorm
198,Q0,WSJ910809-0076,63,6.7987241950096164,minmaxnorm
198,Q0,DOE2-74-0867,64,6.7879477446065595,minmaxnorm
198,Q0,AP890119-0173,65,6.698971838362747,minmaxnorm
198,Q0,WSJ900905-0010,66,6.633654103585154,minmaxnorm
198,Q0,AP890728-0016,67,6.6029730957637165,minmaxnorm
198,Q0,WSJ891031-0047,68,6.573605005196426,minmaxnorm
198,Q0,WSJ910521-0097,69,6.537212219239494,minmaxnorm
198,Q0,WSJ920127-0005,70,6.515567372646928,minmaxnorm
198,Q0,AP890306-0026,71,6.4915345651155185,minmaxnorm
198,Q0,WSJ910718-0160,72,6.457385583046775,minmaxnorm
198,Q0,WSJ881020-0080,73,6.40998744228499,minmaxnorm
198,Q0,WSJ920114-0003,74,6.385307430451556,minmaxnorm
198,Q0,WSJ911002-0074,75,6.38496880437839,minmaxnorm
198,Q0,AP890428-0018,76,6.381206187838953,minmaxnorm
198,Q0,WSJ900419-0163,77,6.370427471616146,minmaxnorm
198,Q0,AP880929-0056,78,6.367927858296065,minmaxnorm
198,Q0,WSJ891025-0010,79,6.347242098832928,minmaxnorm
198,Q0,AP890105-0024,80,6.299586286844298,minmaxnorm
198,Q0,WSJ920204-0178,81,6.288099048860929,minmaxnorm
198,Q0,WSJ880801-0003,82,6.247963266250908,minmaxnorm
198,Q0,DOE1-60-0783,83,6.214990761615123,minmaxnorm
198,Q0,AP880630-0223,84,6.1868859148474575,minmaxnorm
198,Q0,WSJ900907-0140,85,6.170370042972769,minmaxnorm
198,Q0,AP890523-0019,86,6.095844458039752,minmaxnorm
198,Q0,AP880729-0064,87,6.094356981027091,minmaxnorm
198,Q0,AP890630-0013,88,6.065232722340518,minmaxnorm
198,Q0,DOE2-12-0901,89,6.03670272518378,minmaxnorm
198,Q0,WSJ900417-0078,90,6.0258435628898095,minmaxnorm
198,Q0,WSJ871223-0135,91,6.024726737543687,minmaxnorm
198,Q0,WSJ880317-0139,92,5.932195500137408,minmaxnorm
198,Q0,AP881124-0035,93,5.889241889316988,minmaxnorm
198,Q0,WSJ870703-0099,94,5.878490348709767,minmaxnorm
198,Q0,WSJ911008-0108,95,5.860361524825823,minmaxnorm
198,Q0,WSJ900503-0153,96,5.754980131899027,minmaxnorm
198,Q0,AP891007-0025,97,5.744691114933746,minmaxnorm
198,Q0,WSJ900730-0027,98,5.6911204292971735,minmaxnorm
198,Q0,WSJ871008-0101,99,5.649024099277836,minmaxnorm
198,Q0,AP880725-0160,100,5.5585448445679795,minmaxnorm
198,Q0,DOE1-40-0637,101,5.550253220502956,minmaxnorm
198,Q0,WSJ901221-0147,102,5.500911471406815,minmaxnorm
198,Q0,AP881013-0061,103,5.49118493346295,minmaxnorm
198,Q0,AP880726-0024,104,5.481097805247659,minmaxnorm
198,Q0,AP881222-0045,105,5.377501931445726,minmaxnorm
198,Q0,WSJ911212-0098,106,5.376888021994796,minmaxnorm
198,Q0,WSJ900913-0146,107,5.3244714306149525,minmaxnorm
198,Q0,WSJ900720-0111,108,5.317945818992199,minmaxnorm
198,Q0,DOE1-30-0350,109,5.309587459230621,minmaxnorm
198,Q0,WSJ871016-0003,110,5.303723671978272,minmaxnorm
198,Q0,AP881216-0019,111,5.270557755150257,minmaxnorm
198,Q0,WSJ910619-0094,112,5.245827695369393,minmaxnorm
198,Q0,AP890718-0006,113,5.2352065647981245,minmaxnorm
198,Q0,AP890120-0023,114,5.228570479243035,minmaxnorm
198,Q0,WSJ911115-0022,115,5.152176838607381,minmaxnorm
198,Q0,AP890803-0246,116,5.110582419901855,minmaxnorm
198,Q0,AP890427-0181,117,5.104590957695919,minmaxnorm
198,Q0,DOE1-49-0327,118,5.081477794655888,minmaxnorm
198,Q0,DOE1-17-0070,119,5.02259754343247,minmaxnorm
198,Q0,WSJ910503-0027,120,4.949179735203761,minmaxnorm
198,Q0,WSJ900810-0076,121,4.912575077034304,minmaxnorm
198,Q0,WSJ900824-0140,122,4.9016847885994155,minmaxnorm
198,Q0,WSJ880808-0093,123,4.884381601781383,minmaxnorm
198,Q0,WSJ910516-0129,124,4.841953305958777,minmaxnorm
198,Q0,WSJ890927-0027,125,4.8146189252559894,minmaxnorm
198,Q0,WSJ900522-0123,126,4.764130752421932,minmaxnorm
198,Q0,AP880317-0054,127,4.717640619144242,minmaxnorm
198,Q0,WSJ900801-0078,128,4.71169887033996,minmaxnorm
198,Q0,WSJ871030-0119,129,4.692801015056951,minmaxnorm
198,Q0,AP890918-0133,130,4.68851380469061,minmaxnorm
198,Q0,AP880503-0040,131,4.668106888277282,minmaxnorm
198,Q0,AP881110-0046,132,4.608735232411184,minmaxnorm
198,Q0,AP880725-0237,133,4.593280668891611,minmaxnorm
198,Q0,WSJ910315-0104,134,4.586348267095499,minmaxnorm
198,Q0,AP880815-0246,135,4.536313966848429,minmaxnorm
198,Q0,AP891214-0197,136,4.530588643451256,minmaxnorm
198,Q0,AP890414-0093,137,4.527003307813786,minmaxnorm
198,Q0,DOE1-64-0181,138,4.50978873468683,minmaxnorm
198,Q0,AP890518-0032,139,4.50834776889798,minmaxnorm
198,Q0,WSJ900413-0117,140,4.482068305971007,minmaxnorm
198,Q0,WSJ900921-0024,141,4.476593465633698,minmaxnorm
198,Q0,AP881130-0100,142,4.469759719038239,minmaxnorm
198,Q0,AP880404-0202,143,4.45030869403737,minmaxnorm
198,Q0,DOE2-70-0759,144,4.439155731844149,minmaxnorm
198,Q0,WSJ891027-0156,145,4.404530354422898,minmaxnorm
198,Q0,AP880418-0241,146,4.3918586472517935,minmaxnorm
198,Q0,DOE2-74-0868,147,4.361132432485468,minmaxnorm
198,Q0,WSJ870305-0014,148,4.36024310324729,minmaxnorm
198,Q0,WSJ920213-0004,149,4.358471971947831,minmaxnorm
198,Q0,WSJ901226-0053,150,4.3390738170804815,minmaxnorm
198,Q0,AP880613-0259,151,4.32924822240411,minmaxnorm
198,Q0,DOE1-59-0571,152,4.3256646628046855,minmaxnorm
198,Q0,AP880922-0039,153,4.321005825099145,minmaxnorm
198,Q0,DOE1-30-0318,154,4.292822580798531,minmaxnorm
198,Q0,AP891010-0196,155,4.278354257796315,minmaxnorm
198,Q0,WSJ910315-0078,156,4.273974621610385,minmaxnorm
198,Q0,WSJ900810-0131,157,4.27111977435329,minmaxnorm
198,Q0,AP880311-0030,158,4.267703991922385,minmaxnorm
198,Q0,DOE1-93-0683,159,4.260775619304619,minmaxnorm
198,Q0,DOE1-30-0325,160,4.255727687090516,minmaxnorm
198,Q0,AP880303-0067,161,4.225533425058034,minmaxnorm
198,Q0,AP890525-0026,162,4.218928247789312,minmaxnorm
198,Q0,WSJ870220-0089,163,4.190393564213195,minmaxnorm
198,Q0,DOE1-79-1000,164,4.166487692420984,minmaxnorm
198,Q0,AP880630-0069,165,4.124936597067856,minmaxnorm
198,Q0,WSJ910715-0131,166,4.120405877974933,minmaxnorm
198,Q0,AP890517-0029,167,4.1022717823069135,minmaxnorm
198,Q0,AP890714-0024,168,4.090649989622329,minmaxnorm
198,Q0,WSJ911031-0107,169,4.053962186451845,minmaxnorm
198,Q0,AP890120-0026,170,4.049206744679254,minmaxnorm
198,Q0,WSJ880715-0070,171,4.029534336046952,minmaxnorm
198,Q0,AP880727-0195,172,4.00504923245127,minmaxnorm
198,Q0,WSJ910405-0185,173,4.000877948439026,minmaxnorm
198,Q0,AP890512-0042,174,3.9998092471498117,minmaxnorm
198,Q0,AP880318-0089,175,3.978458764630049,minmaxnorm
198,Q0,WSJ900629-0130,176,3.9775319025912066,minmaxnorm
198,Q0,WSJ880802-0086,177,3.9701719338356467,minmaxnorm
198,Q0,WSJ890914-0104,178,3.9503648641124207,minmaxnorm
198,Q0,DOE1-76-0937,179,3.9182089618919447,minmaxnorm
198,Q0,WSJ890920-0059,180,3.913890572920532,minmaxnorm
198,Q0,WSJ880615-0028,181,3.9077736830695593,minmaxnorm
198,Q0,WSJ900809-0121,182,3.874104910467371,minmaxnorm
198,Q0,WSJ870123-0013,183,3.828525894760392,minmaxnorm
198,Q0,WSJ870504-0117,184,3.7808103351348334,minmaxnorm
198,Q0,WSJ920117-0002,185,3.7611968875681354,minmaxnorm
198,Q0,DOE1-34-0442,186,3.7585939228437995,minmaxnorm
198,Q0,WSJ910617-0101,187,3.72078430694887,minmaxnorm
198,Q0,WSJ870521-0075,188,3.711240532343089,minmaxnorm
198,Q0,WSJ870528-0115,189,3.6984885398541256,minmaxnorm
198,Q0,AP890320-0136,190,3.68441863640542,minmaxnorm
198,Q0,DOE1-95-1029,191,3.64061125350418,minmaxnorm
198,Q0,WSJ911226-0048,192,3.6163758301255635,minmaxnorm
198,Q0,DOE1-30-0312,193,3.6158696536502055,minmaxnorm
198,Q0,WSJ910219-0136,194,3.6140954033667843,minmaxnorm
198,Q0,DOE1-71-0274,195,3.613459359641943,minmaxnorm
198,Q0,WSJ920224-0017,196,3.6054748575604534,minmaxnorm
198,Q0,AP891227-0164,197,3.589050671940286,minmaxnorm
198,Q0,AP891115-0182,198,3.5858719451649828,minmaxnorm
198,Q0,DOE1-79-0999,199,3.5795582884863695,minmaxnorm
198,Q0,WSJ920124-0044,200,3.5587738807502163,minmaxnorm
198,Q0,AP881128-0248,201,3.5136890372383363,minmaxnorm
198,Q0,AP891024-0219,202,3.481375826187659,minmaxnorm
198,Q0,WSJ880901-0134,203,3.4605835311414794,minmaxnorm
198,Q0,WSJ900829-0087,204,3.447085391891621,minmaxnorm
198,Q0,WSJ900419-0009,205,3.4259231195910047,minmaxnorm
198,Q0,WSJ880711-0104,206,3.420819127366451,minmaxnorm
198,Q0,DOE1-76-0927,207,3.4065336728727047,minmaxnorm
198,Q0,AP881014-0015,208,3.3978286145078713,minmaxnorm
198,Q0,FR881019-0053,209,3.393034636381597,minmaxnorm
198,Q0,WSJ900830-0070,210,3.3908581667030555,minmaxnorm
198,Q0,WSJ920303-0133,211,3.380005832478021,minmaxnorm
198,Q0,FR89821-0084,212,3.376998478561398,minmaxnorm
198,Q0,AP880725-0117,213,3.3749425714211676,minmaxnorm
198,Q0,WSJ911105-0053,214,3.3742114567461075,minmaxnorm
198,Q0,DOE2-76-0183,215,3.371251377467697,minmaxnorm
198,Q0,AP880929-0051,216,3.3459411226240277,minmaxnorm
198,Q0,AP890131-0029,217,3.3270209122023284,minmaxnorm
198,Q0,DOE2-55-1104,218,3.2946401713046782,minmaxnorm
198,Q0,WSJ870423-0018,219,3.2791045130588254,minmaxnorm
198,Q0,AP880503-0182,220,3.2587547932650773,minmaxnorm
198,Q0,AP890726-0014,221,3.205434136968236,minmaxnorm
198,Q0,WSJ900604-0073,222,3.199875242731141,minmaxnorm
198,Q0,WSJ911022-0049,223,3.18912704322333,minmaxnorm
198,Q0,DOE1-79-0997,224,3.1742633824332875,minmaxnorm
198,Q0,DOE1-79-0979,225,3.172020986401718,minmaxnorm
198,Q0,WSJ920121-0053,226,3.170992734824164,minmaxnorm
198,Q0,AP891010-0016,227,3.1610519623540987,minmaxnorm
198,Q0,AP881122-0017,228,3.1465497145977217,minmaxnorm
198,Q0,WSJ910613-0126,229,3.1430189964120183,minmaxnorm
198,Q0,WSJ911009-0135,230,3.1334525779099076,minmaxnorm
198,Q0,AP890825-0187,231,3.1236002277201016,minmaxnorm
198,Q0,AP880725-0235,232,3.111312347843884,minmaxnorm
198,Q0,AP890316-0011,233,3.1062256671248862,minmaxnorm
198,Q0,DOE1-30-0337,234,3.092407959080554,minmaxnorm
198,Q0,WSJ910718-0126,235,3.0837803121159193,minmaxnorm
198,Q0,DOE1-87-0868,236,3.08099270764022,minmaxnorm
198,Q0,WSJ880923-0186,237,3.0758554124962987,minmaxnorm
198,Q0,AP881007-0036,238,3.0627553816264137,minmaxnorm
198,Q0,AP891222-0081,239,3.0361505461044307,minmaxnorm
198,Q0,DOE1-42-0938,240,3.014268284883394,minmaxnorm
198,Q0,WSJ910215-0004,241,3.0129344736354478,minmaxnorm
198,Q0,WSJ900815-0150,242,3.000648951876489,minmaxnorm
198,Q0,DOE2-04-0885,243,2.991925887152259,minmaxnorm
198,Q0,FR89216-0070,244,2.9839957500828085,minmaxnorm
198,Q0,DOE1-64-0964,245,2.9753876552987446,minmaxnorm
198,Q0,AP891115-0224,246,2.9522840247625814,minmaxnorm
198,Q0,DOE1-40-0614,247,2.9174123367921103,minmaxnorm
198,Q0,DOE1-79-0908,248,2.894293268219321,minmaxnorm
198,Q0,WSJ920115-0062,249,2.8942230363639627,minmaxnorm
198,Q0,FR89421-0114,250,2.8687339429297816,minmaxnorm
198,Q0,WSJ910524-0129,251,2.8686753896074295,minmaxnorm
198,Q0,DOE2-05-1010,252,2.845508988114085,minmaxnorm
198,Q0,DOE1-95-0728,253,2.8442001903778498,minmaxnorm
198,Q0,WSJ871029-0128,254,2.8339726440346746,minmaxnorm
198,Q0,AP890824-0189,255,2.819378474002252,minmaxnorm
198,Q0,DOE1-79-0900,256,2.8175179873626592,minmaxnorm
198,Q0,AP890422-0136,257,2.8024402530992423,minmaxnorm
198,Q0,WSJ920129-0039,258,2.800357473793718,minmaxnorm
198,Q0,AP890602-0160,259,2.7922972499852,minmaxnorm
198,Q0,DOE1-60-0784,260,2.7863109188695496,minmaxnorm
198,Q0,AP880728-0052,261,2.7691307629089255,minmaxnorm
198,Q0,DOE1-59-0566,262,2.768998201718807,minmaxnorm
198,Q0,DOE1-81-0870,263,2.7394244307038007,minmaxnorm
198,Q0,AP890612-0112,264,2.73275366559203,minmaxnorm
198,Q0,DOE1-40-0583,265,2.7287446341793555,minmaxnorm
198,Q0,DOE1-81-0652,266,2.7125264092019385,minmaxnorm
198,Q0,DOE1-40-0638,267,2.7087667373608193,minmaxnorm
198,Q0,WSJ891010-0049,268,2.6925473383380503,minmaxnorm
198,Q0,WSJ880722-0105,269,2.6889896930269015,minmaxnorm
198,Q0,WSJ871217-0005,270,2.688973248332937,minmaxnorm
198,Q0,WSJ911101-0029,271,2.6810410219706653,minmaxnorm
198,Q0,WSJ880420-0086,272,2.6732656898056115,minmaxnorm
198,Q0,DOE2-18-0594,273,2.6677135323833494,minmaxnorm
198,Q0,AP880401-0022,274,2.6630255049978935,minmaxnorm
198,Q0,DOE1-95-1042,275,2.6617313395505393,minmaxnorm
198,Q0,DOE2-70-0769,276,2.6335997964857714,minmaxnorm
198,Q0,AP890524-0044,277,2.6178893118452904,minmaxnorm
198,Q0,WSJ861205-0045,278,2.61132130127388,minmaxnorm
198,Q0,WSJ870420-0021,279,2.61126999574608,minmaxnorm
198,Q0,WSJ900914-0163,280,2.6039705729118903,minmaxnorm
198,Q0,AP890105-0225,281,2.592463224415554,minmaxnorm
198,Q0,AP890927-0030,282,2.5891905201957806,minmaxnorm
198,Q0,DOE1-64-0968,283,2.585971717627925,minmaxnorm
198,Q0,DOE1-61-0488,284,2.5850683664255336,minmaxnorm
198,Q0,WSJ910827-0003,285,2.580083002990488,minmaxnorm
198,Q0,DOE2-55-1312,286,2.5748560023857947,minmaxnorm
198,Q0,WSJ910514-0008,287,2.571139706847845,minmaxnorm
198,Q0,DOE2-12-0938,288,2.52713186973029,minmaxnorm
198,Q0,DOE1-79-0995,289,2.5139537896685145,minmaxnorm
198,Q0,WSJ920224-0089,290,2.503252985583843,minmaxnorm
198,Q0,WSJ890901-0124,291,2.4988197935060286,minmaxnorm
198,Q0,AP880215-0023,292,2.4927034000371027,minmaxnorm
198,Q0,WSJ891102-0145,293,2.48225500600217,minmaxnorm
198,Q0,AP880404-0201,294,2.457875158506769,minmaxnorm
198,Q0,DOE1-78-0494,295,2.4541299069316733,minmaxnorm
198,Q0,FR89804-0031,296,2.4520159613410617,minmaxnorm
198,Q0,WSJ920124-0080,297,2.451751308970171,minmaxnorm
198,Q0,WSJ881117-0093,298,2.4470536041080053,minmaxnorm
198,Q0,DOE2-55-1106,299,2.4420032292390004,minmaxnorm
198,Q0,AP890119-0150,300,2.4403829430592086,minmaxnorm
198,Q0,DOE1-79-0898,301,2.4053782985472276,minmaxnorm
198,Q0,AP881223-0010,302,2.382716745170898,minmaxnorm
198,Q0,DOE1-64-0980,303,2.380154584092617,minmaxnorm
198,Q0,DOE1-79-0906,304,2.3642136384032333,minmaxnorm
198,Q0,DOE2-12-0939,305,2.360890710239974,minmaxnorm
198,Q0,WSJ910924-0014,306,2.3560502927489746,minmaxnorm
198,Q0,AP880407-0064,307,2.3553388983407575,minmaxnorm
198,Q0,DOE2-21-0997,308,2.3537295795895465,minmaxnorm
198,Q0,DOE1-64-0271,309,2.350709800255971,minmaxnorm
198,Q0,AP880426-0033,310,2.341305057356925,minmaxnorm
198,Q0,AP880831-0144,311,2.337737806801442,minmaxnorm
198,Q0,DOE1-79-0941,312,2.334204831058558,minmaxnorm
198,Q0,AP880407-0038,313,2.334198606343701,minmaxnorm
198,Q0,AP881008-0037,314,2.3337370677919482,minmaxnorm
198,Q0,WSJ900525-0155,315,2.330875901611554,minmaxnorm
198,Q0,AP880322-0059,316,2.324804436498499,minmaxnorm
198,Q0,DOE1-58-0368,317,2.316627372367778,minmaxnorm
198,Q0,DOE1-40-0645,318,2.3108487889416525,minmaxnorm
198,Q0,DOE1-49-0286,319,2.305036438669915,minmaxnorm
198,Q0,DOE1-40-0581,320,2.299550781127166,minmaxnorm
198,Q0,AP890310-0051,321,2.297580793319556,minmaxnorm
198,Q0,DOE1-51-0260,322,2.286692227560896,minmaxnorm
198,Q0,WSJ910405-0005,323,2.2814783290908225,minmaxnorm
198,Q0,DOE1-63-0112,324,2.2809970356981064,minmaxnorm
198,Q0,AP891207-0010,325,2.272063144019362,minmaxnorm
198,Q0,WSJ911217-0008,326,2.2601869758862465,minmaxnorm
198,Q0,WSJ900817-0090,327,2.2592795661852922,minmaxnorm
198,Q0,WSJ911126-0009,328,2.244987941154717,minmaxnorm
198,Q0,DOE1-61-0483,329,2.2398149626786523,minmaxnorm
198,Q0,DOE1-63-0050,330,2.233264877532394,minmaxnorm
198,Q0,FR88512-0013,331,2.2285849464811904,minmaxnorm
198,Q0,DOE1-70-0105,332,2.2204031791899803,minmaxnorm
198,Q0,WSJ891101-0025,333,2.2178231611318036,minmaxnorm
198,Q0,WSJ881116-0148,334,2.214782589675519,minmaxnorm
198,Q0,DOE2-21-0898,335,2.213800896051018,minmaxnorm
198,Q0,DOE2-41-0304,336,2.200917363240066,minmaxnorm
198,Q0,DOE2-78-0322,337,2.1989987045344197,minmaxnorm
198,Q0,AP891012-0281,338,2.1936038372787174,minmaxnorm
198,Q0,AP891222-0031,339,2.1847512390725807,minmaxnorm
198,Q0,DOE2-39-0613,340,2.1807831561873643,minmaxnorm
198,Q0,AP880419-0161,341,2.1793176914711845,minmaxnorm
198,Q0,WSJ870413-0018,342,2.177400876640589,minmaxnorm
198,Q0,DOE1-49-0378,343,2.176540863197808,minmaxnorm
198,Q0,DOE1-40-0588,344,2.1684440617408396,minmaxnorm
198,Q0,WSJ910130-0008,345,2.1653794279594076,minmaxnorm
198,Q0,DOE2-22-1020,346,2.155795721189528,minmaxnorm
198,Q0,AP890602-0020,347,2.150454038590117,minmaxnorm
198,Q0,FR89313-0143,348,2.1441758154428383,minmaxnorm
198,Q0,DOE1-42-0276,349,2.1403518498594445,minmaxnorm
198,Q0,WSJ920114-0102,350,2.13985427161521,minmaxnorm
198,Q0,DOE1-40-0602,351,2.1325064000396092,minmaxnorm
198,Q0,DOE1-63-0074,352,2.132368824390116,minmaxnorm
198,Q0,AP890206-0207,353,2.1200092114605646,minmaxnorm
198,Q0,AP891228-0164,354,2.1155552242357527,minmaxnorm
198,Q0,AP880324-0051,355,2.110542208295975,minmaxnorm
198,Q0,WSJ910419-0008,356,2.108050680711074,minmaxnorm
198,Q0,DOE2-23-1238,357,2.1034760803336043,minmaxnorm
198,Q0,AP891009-0097,358,2.100736256325112,minmaxnorm
198,Q0,WSJ910318-0136,359,2.095853711832032,minmaxnorm
198,Q0,WSJ910516-0166,360,2.092339903564455,minmaxnorm
198,Q0,WSJ870129-0190,361,2.0907250097261385,minmaxnorm
198,Q0,DOE2-05-1016,362,2.0709229943718173,minmaxnorm
198,Q0,DOE1-20-1141,363,2.0635266140802155,minmaxnorm
198,Q0,DOE1-40-0651,364,2.054564067007749,minmaxnorm
198,Q0,DOE1-88-0786,365,2.0543133453144966,minmaxnorm
198,Q0,DOE2-09-0463,366,2.0458402917258973,minmaxnorm
198,Q0,WSJ871027-0134,367,2.0419013591586848,minmaxnorm
198,Q0,WSJ901227-0087,368,2.041578673156817,minmaxnorm
198,Q0,DOE1-49-1121,369,2.035499766520711,minmaxnorm
198,Q0,DOE1-79-0994,370,2.024574637612832,minmaxnorm
198,Q0,DOE1-74-0128,371,2.024303808858404,minmaxnorm
198,Q0,AP880215-0223,372,2.01493421928535,minmaxnorm
198,Q0,WSJ890831-0076,373,2.0101748508636192,minmaxnorm
198,Q0,WSJ871125-0121,374,2.004567056740457,minmaxnorm
198,Q0,WSJ880915-0053,375,1.9782587059132741,minmaxnorm
198,Q0,WSJ920228-0116,376,1.977671437933373,minmaxnorm
198,Q0,WSJ870424-0104,377,1.9705407884936077,minmaxnorm
198,Q0,DOE1-29-0270,378,1.9694590853980118,minmaxnorm
198,Q0,WSJ910606-0093,379,1.9559804407014987,minmaxnorm
198,Q0,WSJ881109-0145,380,1.950346338381557,minmaxnorm
198,Q0,DOE1-30-0307,381,1.947942456170904,minmaxnorm
198,Q0,DOE1-49-0285,382,1.9439382009210247,minmaxnorm
198,Q0,WSJ891012-0102,383,1.9419705021891438,minmaxnorm
198,Q0,DOE1-53-1323,384,1.939948071094014,minmaxnorm
198,Q0,AP891117-0012,385,1.9330975763661447,minmaxnorm
198,Q0,FR88218-0127,386,1.9127813966821485,minmaxnorm
198,Q0,DOE1-03-0274,387,1.9127263876598906,minmaxnorm
198,Q0,DOE2-49-0781,388,1.9107042508958183,minmaxnorm
198,Q0,DOE1-62-0247,389,1.9074211401104781,minmaxnorm
198,Q0,WSJ911018-0063,390,1.9071129743386916,minmaxnorm
198,Q0,WSJ920312-0075,391,1.8962365167929878,minmaxnorm
198,Q0,WSJ911107-0065,392,1.8962287950364836,minmaxnorm
198,Q0,DOE2-15-0883,393,1.8948063145025935,minmaxnorm
198,Q0,WSJ890928-0111,394,1.8918303227677435,minmaxnorm
198,Q0,DOE1-59-1178,395,1.8887411590648726,minmaxnorm
198,Q0,WSJ891024-0140,396,1.8881056348797627,minmaxnorm
198,Q0,DOE1-84-0916,397,1.8844468837158546,minmaxnorm
198,Q0,WSJ900525-0025,398,1.8756582041261396,minmaxnorm
198,Q0,DOE1-34-0445,399,1.8738831987023723,minmaxnorm
198,Q0,DOE1-70-0167,400,1.8558992760561448,minmaxnorm
198,Q0,DOE1-38-1077,401,1.8424078857550108,minmaxnorm
198,Q0,DOE1-64-0720,402,1.837633806507804,minmaxnorm
198,Q0,FR881110-0089,403,1.8289864757803982,minmaxnorm
198,Q0,WSJ870331-0139,404,1.8258492459340676,minmaxnorm
198,Q0,AP880714-0113,405,1.8215017438056396,minmaxnorm
198,Q0,DOE1-40-0605,406,1.8207730695402058,minmaxnorm
198,Q0,DOE1-59-1179,407,1.8051850490928651,minmaxnorm
198,Q0,DOE1-78-1152,408,1.789331727046321,minmaxnorm
198,Q0,WSJ880810-0005,409,1.7881587987247198,minmaxnorm
198,Q0,DOE1-64-0996,410,1.7717259790323028,minmaxnorm
198,Q0,WSJ911202-0041,411,1.7713206293824104,minmaxnorm
198,Q0,AP891009-0082,412,1.7665867213478628,minmaxnorm
198,Q0,WSJ910813-0071,413,1.7586570205957766,minmaxnorm
198,Q0,DOE1-40-0610,414,1.757394278043961,minmaxnorm
198,Q0,DOE2-12-0639,415,1.7552281293834695,minmaxnorm
198,Q0,DOE1-17-0071,416,1.7534600669872278,minmaxnorm
198,Q0,DOE1-59-1110,417,1.7515939102612732,minmaxnorm
198,Q0,DOE2-21-0835,418,1.750006418304886,minmaxnorm
198,Q0,WSJ880428-0072,419,1.748585431155896,minmaxnorm
198,Q0,AP880219-0176,420,1.7421991307090754,minmaxnorm
198,Q0,AP880510-0035,421,1.7352737516480288,minmaxnorm
198,Q0,DOE1-62-0266,422,1.7199633074798149,minmaxnorm
198,Q0,AP891009-0044,423,1.7008426267359913,minmaxnorm
198,Q0,WSJ890821-0084,424,1.687752246798409,minmaxnorm
198,Q0,WSJ880623-0011,425,1.686660515624712,minmaxnorm
198,Q0,WSJ920306-0138,426,1.6798379027926007,minmaxnorm
198,Q0,DOE1-64-0349,427,1.6797741443527505,minmaxnorm
198,Q0,DOE1-60-0826,428,1.6770705207737853,minmaxnorm
198,Q0,DOE2-57-1375,429,1.675974492601502,minmaxnorm
198,Q0,DOE1-61-0474,430,1.6729461933595111,minmaxnorm
198,Q0,WSJ880602-0043,431,1.6644258902399036,minmaxnorm
198,Q0,WSJ870922-0028,432,1.6640209067742258,minmaxnorm
198,Q0,DOE2-19-1296,433,1.6627316802080718,minmaxnorm
198,Q0,WSJ891010-0046,434,1.6602453925105725,minmaxnorm
198,Q0,DOE2-22-1021,435,1.6550203553750935,minmaxnorm
198,Q0,WSJ880808-0100,436,1.6473453763582215,minmaxnorm
198,Q0,WSJ870424-0092,437,1.64267195693233,minmaxnorm
198,Q0,DOE1-78-0496,438,1.6323875239900318,minmaxnorm
198,Q0,FR89530-0038,439,1.6206602831887513,minmaxnorm
198,Q0,AP891113-0054,440,1.6086607309864274,minmaxnorm
198,Q0,WSJ880111-0072,441,1.5908790979205532,minmaxnorm
198,Q0,AP890118-0146,442,1.5903962708892498,minmaxnorm
198,Q0,DOE1-37-0738,443,1.5832784661713426,minmaxnorm
198,Q0,DOE2-68-0357,444,1.5813653362497178,minmaxnorm
198,Q0,DOE2-06-0226,445,1.572848502994447,minmaxnorm
198,Q0,WSJ920228-0162,446,1.5705299007099405,minmaxnorm
198,Q0,FR89623-0121,447,1.5669165850089017,minmaxnorm
198,Q0,DOE1-75-0475,448,1.5646550347300758,minmaxnorm
198,Q0,DOE1-84-0927,449,1.5585297084648408,minmaxnorm
198,Q0,DOE1-60-0753,450,1.554565606124802,minmaxnorm
198,Q0,DOE1-09-0394,451,1.5425320873595423,minmaxnorm
198,Q0,AP890224-0146,452,1.5396371439923748,minmaxnorm
198,Q0,WSJ881014-0152,453,1.537832750939757,minmaxnorm
198,Q0,AP880609-0185,454,1.5332712295913642,minmaxnorm
198,Q0,DOE2-47-0207,455,1.5322997722396552,minmaxnorm
198,Q0,DOE2-49-0941,456,1.528879506742965,minmaxnorm
198,Q0,WSJ910130-0037,457,1.5270289183110874,minmaxnorm
198,Q0,DOE1-30-0334,458,1.5245566177102874,minmaxnorm
198,Q0,DOE1-77-0349,459,1.5239615514007905,minmaxnorm
198,Q0,AP880903-0054,460,1.5221756929162347,minmaxnorm
198,Q0,DOE1-58-0837,461,1.5215336919885423,minmaxnorm
198,Q0,DOE1-25-0399,462,1.5139647258598996,minmaxnorm
198,Q0,AP891115-0146,463,1.5139484012546747,minmaxnorm
198,Q0,WSJ891011-0025,464,1.5114584362925825,minmaxnorm
198,Q0,AP890619-0140,465,1.505838185158344,minmaxnorm
198,Q0,DOE1-81-0250,466,1.4909480487956794,minmaxnorm
198,Q0,AP881007-0201,467,1.4817654334206622,minmaxnorm
198,Q0,DOE2-74-0848,468,1.4813817467639734,minmaxnorm
198,Q0,ZF207-747-267,469,1.478874407221534,minmaxnorm
198,Q0,DOE1-79-0965,470,1.4723542258149236,minmaxnorm
198,Q0,DOE1-79-0984,471,1.461254465567072,minmaxnorm
198,Q0,WSJ871127-0117,472,1.4580177739177824,minmaxnorm
198,Q0,DOE1-64-0986,473,1.4538837994595775,minmaxnorm
198,Q0,WSJ920103-0028,474,1.4533513762122958,minmaxnorm
198,Q0,DOE1-40-0642,475,1.4489982812387965,minmaxnorm
198,Q0,DOE1-79-0907,476,1.4471807358106927,minmaxnorm
198,Q0,AP880725-0234,477,1.4447801351445912,minmaxnorm
198,Q0,DOE1-57-0744,478,1.4416533982280615,minmaxnorm
198,Q0,AP880331-0168,479,1.4401498684912228,minmaxnorm
198,Q0,WSJ871214-0061,480,1.434335891951111,minmaxnorm
198,Q0,WSJ870416-0067,481,1.4342731868320742,minmaxnorm
198,Q0,DOE2-78-0299,482,1.4341519269983154,minmaxnorm
198,Q0,WSJ870616-0075,483,1.4313668367683907,minmaxnorm
198,Q0,DOE1-30-0308,484,1.430016163938514,minmaxnorm
198,Q0,DOE1-64-0971,485,1.4261835219392198,minmaxnorm
198,Q0,ZF208-033-774,486,1.4255355575982178,minmaxnorm
198,Q0,DOE1-64-0979,487,1.4247617319952042,minmaxnorm
198,Q0,DOE1-60-0805,488,1.4246882293832661,minmaxnorm
198,Q0,FR881021-0019,489,1.4228400051447645,minmaxnorm
198,Q0,DOE2-11-0983,490,1.4187330190078964,minmaxnorm
198,Q0,WSJ910206-0128,491,1.4157967232424071,minmaxnorm
198,Q0,DOE1-92-1040,492,1.4132638442702494,minmaxnorm
198,Q0,DOE1-79-0964,493,1.4115261471348814,minmaxnorm
198,Q0,DOE2-13-0710,494,1.4089360564218505,minmaxnorm
198,Q0,DOE2-84-0780,495,1.403784222073798,minmaxnorm
198,Q0,AP890903-0077,496,1.4024128128427797,minmaxnorm
198,Q0,FR89315-0152,497,1.4003483166466888,minmaxnorm
198,Q0,AP880512-0164,498,1.396155575067495,minmaxnorm
198,Q0,WSJ900910-0017,499,1.393827008690682,minmaxnorm
198,Q0,DOE1-30-0309,500,1.3938179624228653,minmaxnorm
198,Q0,DOE2-76-0499,501,1.3919117786804387,minmaxnorm
198,Q0,DOE2-07-1027,502,1.3914571575220742,minmaxnorm
198,Q0,WSJ911213-0001,503,1.3856079081891095,minmaxnorm
198,Q0,WSJ871218-0104,504,1.3821468692440582,minmaxnorm
198,Q0,DOE1-74-0679,505,1.3804677550669129,minmaxnorm
198,Q0,DOE1-40-0618,506,1.3799365616234212,minmaxnorm
198,Q0,DOE1-65-0361,507,1.3763959216290325,minmaxnorm
198,Q0,DOE1-60-0768,508,1.3763905833625514,minmaxnorm
198,Q0,DOE2-07-0983,509,1.376276628188752,minmaxnorm
198,Q0,DOE1-62-0277,510,1.3759188383045704,minmaxnorm
198,Q0,AP881219-0225,511,1.3739874225376913,minmaxnorm
198,Q0,DOE2-58-0638,512,1.3711837624887757,minmaxnorm
198,Q0,DOE2-06-0981,513,1.3666937607686571,minmaxnorm
198,Q0,WSJ871204-0108,514,1.3649762453694383,minmaxnorm
198,Q0,AP890306-0196,515,1.363968485800287,minmaxnorm
198,Q0,AP880319-0126,516,1.3598918655551075,minmaxnorm
198,Q0,DOE2-60-0281,517,1.3581756823916347,minmaxnorm
198,Q0,WSJ900815-0129,518,1.3576001913797056,minmaxnorm
198,Q0,WSJ870608-0092,519,1.3543675124445032,minmaxnorm
198,Q0,DOE1-21-0990,520,1.3536445437398865,minmaxnorm
198,Q0,DOE2-21-0821,521,1.351924763417192,minmaxnorm
198,Q0,ZF207-307-322,522,1.3509935208115682,minmaxnorm
198,Q0,DOE1-78-0246,523,1.3460549574186202,minmaxnorm
198,Q0,DOE2-49-0938,524,1.3458820672930385,minmaxnorm
198,Q0,AP891130-0204,525,1.3368966248764025,minmaxnorm
198,Q0,DOE1-61-0520,526,1.3341757691837117,minmaxnorm
198,Q0,AP890410-0013,527,1.3325209499750756,minmaxnorm
198,Q0,FR88114-0126,528,1.3308030234089474,minmaxnorm
198,Q0,DOE2-37-0872,529,1.330383545968952,minmaxnorm
198,Q0,AP890901-0046,530,1.3260160822761018,minmaxnorm
198,Q0,AP880524-0168,531,1.3251526082581784,minmaxnorm
198,Q0,AP880906-0033,532,1.3238244526481517,minmaxnorm
198,Q0,FR891003-0132,533,1.3191815626084913,minmaxnorm
198,Q0,AP881128-0251,534,1.3190204484347623,minmaxnorm
198,Q0,WSJ920304-0016,535,1.3167024326425842,minmaxnorm
198,Q0,DOE1-74-0681,536,1.3156690547062,minmaxnorm
198,Q0,WSJ920221-0148,537,1.3139470585946362,minmaxnorm
198,Q0,DOE2-03-0760,538,1.3078762717931416,minmaxnorm
198,Q0,DOE2-70-0773,539,1.3057920727283585,minmaxnorm
198,Q0,WSJ920225-0057,540,1.3053486996631503,minmaxnorm
198,Q0,FR88129-0125,541,1.304748961628815,minmaxnorm
198,Q0,DOE2-18-0864,542,1.3031376307792448,minmaxnorm
198,Q0,AP881125-0010,543,1.3022366133003351,minmaxnorm
198,Q0,DOE1-87-0872,544,1.3022218563647117,minmaxnorm
198,Q0,WSJ900702-0073,545,1.3019880107524449,minmaxnorm
198,Q0,DOE1-59-1122,546,1.3014861779453182,minmaxnorm
198,Q0,DOE1-70-0079,547,1.2995564624930498,minmaxnorm
198,Q0,DOE1-13-1214,548,1.2829782723260548,minmaxnorm
198,Q0,DOE1-59-1108,549,1.2823461519017476,minmaxnorm
198,Q0,DOE1-49-0279,550,1.2818348885103854,minmaxnorm
198,Q0,DOE2-79-1051,551,1.2799992297505465,minmaxnorm
198,Q0,DOE2-79-0349,552,1.2775434943724921,minmaxnorm
198,Q0,WSJ870925-0128,553,1.2757218348417985,minmaxnorm
198,Q0,WSJ870424-0155,554,1.273738410241338,minmaxnorm
198,Q0,DOE1-62-0211,555,1.273225060415998,minmaxnorm
198,Q0,ZF207-039-264,556,1.2711570890838912,minmaxnorm
198,Q0,AP880915-0031,557,1.2660145362029813,minmaxnorm
198,Q0,DOE1-55-0203,558,1.2582617822340285,minmaxnorm
198,Q0,DOE1-62-0250,559,1.2582169805650325,minmaxnorm
198,Q0,WSJ861223-0106,560,1.2567847043757465,minmaxnorm
198,Q0,DOE1-40-0600,561,1.2552676598365984,minmaxnorm
198,Q0,DOE1-49-0350,562,1.2517878937406275,minmaxnorm
198,Q0,DOE2-21-0630,563,1.2502824840369853,minmaxnorm
198,Q0,WSJ911008-0113,564,1.248554098926813,minmaxnorm
198,Q0,DOE1-03-0257,565,1.2461786469657632,minmaxnorm
198,Q0,DOE1-57-0745,566,1.245784288869895,minmaxnorm
198,Q0,FR89329-0031,567,1.2413805486925271,minmaxnorm
198,Q0,WSJ911008-0011,568,1.2393381094108924,minmaxnorm
198,Q0,DOE1-95-1031,569,1.2322443560177074,minmaxnorm
198,Q0,DOE2-22-0195,570,1.2262561975478339,minmaxnorm
198,Q0,DOE2-76-0506,571,1.2253739350656934,minmaxnorm
198,Q0,DOE1-93-0680,572,1.2238595334258562,minmaxnorm
198,Q0,FR88603-0018,573,1.2235044781417246,minmaxnorm
198,Q0,DOE1-64-0189,574,1.2208652294069096,minmaxnorm
198,Q0,FR88129-0127,575,1.2182497866950197,minmaxnorm
198,Q0,WSJ880923-0132,576,1.216721957846935,minmaxnorm
198,Q0,DOE1-40-0273,577,1.2156316024217833,minmaxnorm
198,Q0,DOE2-21-0618,578,1.214173993986226,minmaxnorm
198,Q0,DOE2-12-0950,579,1.2137527253466778,minmaxnorm
198,Q0,DOE2-83-0209,580,1.209322772249713,minmaxnorm
198,Q0,DOE1-63-0041,581,1.2076012711156634,minmaxnorm
198,Q0,DOE1-59-1115,582,1.2053403970145116,minmaxnorm
198,Q0,WSJ870722-0113,583,1.2019833301183769,minmaxnorm
198,Q0,DOE1-93-0686,584,1.2009709753988649,minmaxnorm
198,Q0,WSJ870209-0066,585,1.1993490751503817,minmaxnorm
198,Q0,DOE1-79-0891,586,1.1983325329513004,minmaxnorm
198,Q0,DOE1-74-0371,587,1.1958510613793225,minmaxnorm
198,Q0,WSJ871020-0078,588,1.1891567977899373,minmaxnorm
198,Q0,AP880504-0155,589,1.1864855454970615,minmaxnorm
198,Q0,DOE1-34-0443,590,1.1844342508878736,minmaxnorm
198,Q0,AP880624-0030,591,1.1822394718039808,minmaxnorm
198,Q0,WSJ900907-0161,592,1.178226356292675,minmaxnorm
198,Q0,WSJ880718-0081,593,1.1764300407244652,minmaxnorm
198,Q0,AP890627-0022,594,1.174500402004501,minmaxnorm
198,Q0,DOE2-19-1299,595,1.1698769924512051,minmaxnorm
198,Q0,AP881101-0127,596,1.169453397549115,minmaxnorm
198,Q0,AP890119-0059,597,1.1680789042906736,minmaxnorm
198,Q0,DOE1-40-0613,598,1.1544060563141938,minmaxnorm
198,Q0,DOE1-64-0981,599,1.153620533494663,minmaxnorm
198,Q0,WSJ870721-0131,600,1.149689426897838,minmaxnorm
198,Q0,AP890705-0011,601,1.148204210331452,minmaxnorm
198,Q0,WSJ900524-0076,602,1.1429820747529316,minmaxnorm
198,Q0,DOE2-78-0298,603,1.1419796219960314,minmaxnorm
198,Q0,WSJ880816-0081,604,1.1406651520563864,minmaxnorm
198,Q0,WSJ880613-0123,605,1.1400804409805527,minmaxnorm
198,Q0,DOE1-41-0068,606,1.1393777967688066,minmaxnorm
198,Q0,WSJ881107-0098,607,1.132028810179834,minmaxnorm
198,Q0,DOE1-21-0991,608,1.130622934846966,minmaxnorm
198,Q0,DOE2-79-0326,609,1.1296339179555324,minmaxnorm
198,Q0,WSJ870203-0110,610,1.120209957419182,minmaxnorm
198,Q0,DOE2-83-0247,611,1.1199347346298445,minmaxnorm
198,Q0,DOE2-21-0932,612,1.1195318536790315,minmaxnorm
198,Q0,FR891103-0146,613,1.1193876842027715,minmaxnorm
198,Q0,AP880927-0262,614,1.11790260191556,minmaxnorm
198,Q0,DOE2-83-0208,615,1.1166274941896521,minmaxnorm
198,Q0,DOE2-10-0164,616,1.1157352023854523,minmaxnorm
198,Q0,AP881205-0237,617,1.1152051978900996,minmaxnorm
198,Q0,WSJ880421-0066,618,1.1121053329209245,minmaxnorm
198,Q0,WSJ880413-0065,619,1.111735523226864,minmaxnorm
198,Q0,WSJ880531-0118,620,1.1050045838440037,minmaxnorm
198,Q0,DOE1-42-0903,621,1.1036229295668774,minmaxnorm
198,Q0,FR881122-0137,622,1.0967251410929895,minmaxnorm
198,Q0,DOE2-68-0363,623,1.094554507778334,minmaxnorm
198,Q0,AP891027-0033,624,1.092319793369393,minmaxnorm
198,Q0,DOE1-42-0906,625,1.0902282285103588,minmaxnorm
198,Q0,WSJ900806-0105,626,1.0894451753736727,minmaxnorm
198,Q0,DOE1-40-0655,627,1.0865148028863878,minmaxnorm
198,Q0,DOE1-59-0585,628,1.0856296665202576,minmaxnorm
198,Q0,DOE1-62-0256,629,1.0849134984704008,minmaxnorm
198,Q0,DOE1-62-0230,630,1.0834246219403039,minmaxnorm
198,Q0,DOE1-64-0718,631,1.0823442128223035,minmaxnorm
198,Q0,DOE1-40-0658,632,1.0815978667464679,minmaxnorm
198,Q0,DOE1-60-0778,633,1.0799834103449524,minmaxnorm
198,Q0,WSJ871029-0010,634,1.07957206892049,minmaxnorm
198,Q0,AP880614-0005,635,1.0785065843521715,minmaxnorm
198,Q0,WSJ870716-0103,636,1.0783281265027294,minmaxnorm
198,Q0,FR89531-0030,637,1.0770781647176433,minmaxnorm
198,Q0,WSJ910723-0146,638,1.0765776348320215,minmaxnorm
198,Q0,AP880822-0241,639,1.075283218100391,minmaxnorm
198,Q0,WSJ880525-0006,640,1.07305080372613,minmaxnorm
198,Q0,DOE2-12-0906,641,1.0724416782075228,minmaxnorm
198,Q0,DOE2-12-0896,642,1.0711590504029882,minmaxnorm
198,Q0,DOE2-20-0004,643,1.0693891773756683,minmaxnorm
198,Q0,DOE1-59-1170,644,1.0676376212209848,minmaxnorm
198,Q0,DOE2-68-0362,645,1.0662892989142703,minmaxnorm
198,Q0,DOE1-49-0332,646,1.06366273335011,minmaxnorm
198,Q0,DOE2-13-0705,647,1.0543528017265784,minmaxnorm
198,Q0,WSJ900511-0168,648,1.0519806474373607,minmaxnorm
198,Q0,WSJ880616-0071,649,1.0519310228897245,minmaxnorm
198,Q0,AP890213-0185,650,1.0492816071101048,minmaxnorm
198,Q0,WSJ880601-0130,651,1.0481880257478131,minmaxnorm
198,Q0,AP890609-0128,652,1.0468406817682145,minmaxnorm
198,Q0,DOE2-37-0710,653,1.0422910285497786,minmaxnorm
198,Q0,DOE1-95-0709,654,1.0408639088313492,minmaxnorm
198,Q0,AP880603-0078,655,1.0389255843539085,minmaxnorm
198,Q0,WSJ911101-0168,656,1.034564584472252,minmaxnorm
198,Q0,DOE1-29-0280,657,1.0342797413012026,minmaxnorm
198,Q0,DOE1-45-0165,658,1.034000297206858,minmaxnorm
198,Q0,ZF108-761-860,659,1.031822014757718,minmaxnorm
198,Q0,DOE2-39-1144,660,1.0306984852323613,minmaxnorm
198,Q0,WSJ910312-0025,661,1.029350243064132,minmaxnorm
198,Q0,DOE1-06-1231,662,1.0241463489661338,minmaxnorm
198,Q0,DOE1-29-0092,663,1.0237607347790607,minmaxnorm
198,Q0,WSJ900727-0029,664,1.0235274296138108,minmaxnorm
198,Q0,WSJ900917-0069,665,1.0185444385037392,minmaxnorm
198,Q0,DOE1-49-0354,666,1.0176409174335528,minmaxnorm
198,Q0,WSJ870403-0060,667,1.0154293028393673,minmaxnorm
198,Q0,WSJ870409-0127,668,1.0132119461728308,minmaxnorm
198,Q0,AP880616-0101,669,1.0131317783725735,minmaxnorm
198,Q0,WSJ911018-0005,670,1.0102247617309448,minmaxnorm
198,Q0,WSJ880524-0068,671,1.0098736302696247,minmaxnorm
198,Q0,AP880602-0323,672,1.0070497653409036,minmaxnorm
198,Q0,DOE1-63-0053,673,1.0063795035458751,minmaxnorm
198,Q0,DOE1-49-1130,674,1.0047732188173761,minmaxnorm
198,Q0,DOE1-74-0288,675,1.0026439908897846,minmaxnorm
198,Q0,FR89726-0048,676,1.0020419950134463,minmaxnorm
198,Q0,AP890522-0285,677,0.9989312945768,minmaxnorm
198,Q0,DOE2-61-1165,678,0.9952791263124523,minmaxnorm
198,Q0,DOE1-62-0285,679,0.9950169651887455,minmaxnorm
198,Q0,DOE1-42-0260,680,0.9910839862706372,minmaxnorm
198,Q0,WSJ910717-0158,681,0.9901444608697746,minmaxnorm
198,Q0,WSJ881007-0103,682,0.986797317707869,minmaxnorm
198,Q0,DOE1-63-0048,683,0.9860871370390075,minmaxnorm
198,Q0,DOE1-78-0947,684,0.9830396749221567,minmaxnorm
198,Q0,ZF207-460-486,685,0.9827888263652856,minmaxnorm
198,Q0,WSJ870518-0087,686,0.982164105403907,minmaxnorm
198,Q0,DOE2-73-0913,687,0.9818745870449611,minmaxnorm
198,Q0,WSJ861209-0069,688,0.9799351622717694,minmaxnorm
198,Q0,ZF207-180-404,689,0.9793704026830671,minmaxnorm
198,Q0,DOE2-13-1015,690,0.9743431529559949,minmaxnorm
198,Q0,DOE1-30-0320,691,0.9736286338987583,minmaxnorm
198,Q0,WSJ910916-0050,692,0.9722618268705303,minmaxnorm
198,Q0,WSJ870604-0020,693,0.9695778995350907,minmaxnorm
198,Q0,WSJ910502-0100,694,0.9691063677675424,minmaxnorm
198,Q0,WSJ911001-0109,695,0.9685812611294834,minmaxnorm
198,Q0,DOE2-19-1286,696,0.9684298227533484,minmaxnorm
198,Q0,WSJ870102-0179,697,0.967982745701076,minmaxnorm
198,Q0,DOE1-53-0668,698,0.9678091396976991,minmaxnorm
198,Q0,DOE1-78-1003,699,0.9648529982320628,minmaxnorm
198,Q0,DOE1-59-1199,700,0.9643367113402795,minmaxnorm
198,Q0,AP891130-0025,701,0.9614086794516112,minmaxnorm
198,Q0,AP890911-0230,702,0.9610782808372601,minmaxnorm
198,Q0,DOE2-48-1067,703,0.9603334302606846,minmaxnorm
198,Q0,ZF207-261-425,704,0.9595799935389726,minmaxnorm
198,Q0,WSJ870828-0059,705,0.9593284534852253,minmaxnorm
198,Q0,WSJ880727-0055,706,0.958768558595272,minmaxnorm
198,Q0,DOE2-81-0662,707,0.9541562991787687,minmaxnorm
198,Q0,AP880517-0068,708,0.95367819528062,minmaxnorm
198,Q0,DOE2-75-0122,709,0.9526568806263658,minmaxnorm
198,Q0,DOE2-12-0887,710,0.9513960455738544,minmaxnorm
198,Q0,DOE1-49-0305,711,0.9496997368017992,minmaxnorm
198,Q0,DOE1-12-0220,712,0.9473152790640874,minmaxnorm
198,Q0,FR89130-0036,713,0.9459270980694621,minmaxnorm
198,Q0,DOE1-62-0248,714,0.9438028978462579,minmaxnorm
198,Q0,WSJ900430-0187,715,0.9415841332788362,minmaxnorm
198,Q0,AP890914-0048,716,0.9398125969511332,minmaxnorm
198,Q0,ZF207-269-144,717,0.939081407520294,minmaxnorm
198,Q0,DOE1-59-1177,718,0.9374198312949673,minmaxnorm
198,Q0,FR891117-0126,719,0.9368311671493175,minmaxnorm
198,Q0,WSJ871104-0002,720,0.9361992748984408,minmaxnorm
198,Q0,WSJ870528-0090,721,0.9347597447970571,minmaxnorm
198,Q0,DOE2-18-0870,722,0.9307745376488898,minmaxnorm
198,Q0,WSJ881005-0152,723,0.9206365073315123,minmaxnorm
198,Q0,WSJ870116-0047,724,0.9181757981379082,minmaxnorm
198,Q0,AP890607-0132,725,0.9161497527373281,minmaxnorm
198,Q0,WSJ910923-0185,726,0.9159720611510901,minmaxnorm
198,Q0,ZF107-938-634,727,0.9157295422785373,minmaxnorm
198,Q0,AP881028-0026,728,0.9133966159204531,minmaxnorm
198,Q0,DOE1-49-0315,729,0.9113782097479424,minmaxnorm
198,Q0,WSJ900621-0140,730,0.9111635950937417,minmaxnorm
198,Q0,DOE1-79-0903,731,0.910434200139464,minmaxnorm
198,Q0,WSJ871002-0090,732,0.9079271012480148,minmaxnorm
198,Q0,FR881024-0095,733,0.9048680824415836,minmaxnorm
198,Q0,WSJ870608-0032,734,0.9042310931062261,minmaxnorm
198,Q0,DOE2-21-0998,735,0.9014266067036737,minmaxnorm
198,Q0,FR88610-0082,736,0.8964836177832911,minmaxnorm
198,Q0,DOE1-81-0871,737,0.8957717663373486,minmaxnorm
198,Q0,WSJ911025-0043,738,0.8950132988906735,minmaxnorm
198,Q0,DOE1-43-0003,739,0.8948208274206191,minmaxnorm
198,Q0,DOE1-59-1194,740,0.8921204601823746,minmaxnorm
198,Q0,WSJ861208-0065,741,0.8913478016485015,minmaxnorm
198,Q0,FR89531-0014,742,0.8907672257643087,minmaxnorm
198,Q0,ZF107-975-858,743,0.8892694957403242,minmaxnorm
198,Q0,ZF108-776-460,744,0.8879690625645177,minmaxnorm
198,Q0,DOE2-68-0369,745,0.8872235467507317,minmaxnorm
198,Q0,DOE1-61-0516,746,0.8807460667336976,minmaxnorm
198,Q0,AP880602-0056,747,0.8791041610215414,minmaxnorm
198,Q0,WSJ890728-0196,748,0.8781510222683272,minmaxnorm
198,Q0,AP890821-0206,749,0.8778851858679813,minmaxnorm
198,Q0,DOE1-64-0970,750,0.8741849460611149,minmaxnorm
198,Q0,WSJ870424-0119,751,0.8734057389727582,minmaxnorm
198,Q0,WSJ870424-0135,752,0.8721605902577199,minmaxnorm
198,Q0,WSJ891025-0157,753,0.8716666652573886,minmaxnorm
198,Q0,AP891026-0072,754,0.8685096147649011,minmaxnorm
198,Q0,DOE2-12-0933,755,0.8663068051944779,minmaxnorm
198,Q0,DOE2-31-0205,756,0.8661156352908632,minmaxnorm
198,Q0,AP880926-0074,757,0.8646078515451234,minmaxnorm
198,Q0,AP891222-0044,758,0.8631987444929432,minmaxnorm
198,Q0,AP890904-0120,759,0.8621910728722352,minmaxnorm
198,Q0,AP890531-0236,760,0.8613124388251983,minmaxnorm
198,Q0,DOE2-03-0642,761,0.8598164038774755,minmaxnorm
198,Q0,DOE1-93-0739,762,0.8572001554567897,minmaxnorm
198,Q0,FR88514-0001,763,0.8569219556300123,minmaxnorm
198,Q0,WSJ870120-0065,764,0.8528202202304178,minmaxnorm
198,Q0,AP890509-0011,765,0.8527430389593613,minmaxnorm
198,Q0,DOE2-49-1052,766,0.8520800631599295,minmaxnorm
198,Q0,WSJ911127-0090,767,0.8491720216645637,minmaxnorm
198,Q0,ZF108-683-646,768,0.8468279015487276,minmaxnorm
198,Q0,DOE1-59-0578,769,0.8459805038836326,minmaxnorm
198,Q0,DOE1-49-0348,770,0.8438856032143616,minmaxnorm
198,Q0,DOE1-30-0315,771,0.8429259353092202,minmaxnorm
198,Q0,DOE1-61-0476,772,0.8426947129679112,minmaxnorm
198,Q0,DOE2-83-0565,773,0.842231714638752,minmaxnorm
198,Q0,ZF109-660-551,774,0.8401539510535839,minmaxnorm
198,Q0,AP890921-0276,775,0.8381498533812494,minmaxnorm
198,Q0,WSJ870619-0003,776,0.836236538256099,minmaxnorm
198,Q0,DOE1-58-0419,777,0.8354534617478544,minmaxnorm
198,Q0,DOE2-49-0942,778,0.8354134528109887,minmaxnorm
198,Q0,DOE1-59-1185,779,0.8348453281368636,minmaxnorm
198,Q0,DOE1-71-0270,780,0.8346417410531525,minmaxnorm
198,Q0,DOE1-53-1310,781,0.8223589338842187,minmaxnorm
198,Q0,DOE1-42-0910,782,0.8215567687745406,minmaxnorm
198,Q0,DOE2-12-0936,783,0.8206489981038243,minmaxnorm
198,Q0,AP890223-0166,784,0.8191881861175802,minmaxnorm
198,Q0,WSJ910314-0126,785,0.8168429731102571,minmaxnorm
198,Q0,DOE1-46-0326,786,0.8134274036575639,minmaxnorm
198,Q0,DOE2-79-0339,787,0.8113884341521573,minmaxnorm
198,Q0,WSJ881114-0080,788,0.8109212712488341,minmaxnorm
198,Q0,AP890610-0124,789,0.8104048897107674,minmaxnorm
198,Q0,DOE1-63-0037,790,0.8053390139580862,minmaxnorm
198,Q0,DOE2-29-1001,791,0.8039966667547819,minmaxnorm
198,Q0,WSJ900720-0024,792,0.8030627117658911,minmaxnorm
198,Q0,DOE1-41-0141,793,0.8018060911013019,minmaxnorm
198,Q0,WSJ870813-0059,794,0.7998114505484477,minmaxnorm
198,Q0,WSJ890906-0058,795,0.7986913344477443,minmaxnorm
198,Q0,DOE2-78-0296,796,0.7970044589113676,minmaxnorm
198,Q0,WSJ910118-0162,797,0.7969561715901753,minmaxnorm
198,Q0,DOE2-35-0133,798,0.7964010378360266,minmaxnorm
198,Q0,DOE2-19-1341,799,0.7928052774300683,minmaxnorm
198,Q0,DOE1-78-0491,800,0.7924983217537758,minmaxnorm
198,Q0,WSJ900402-0145,801,0.7918607683848643,minmaxnorm
198,Q0,WSJ861218-0183,802,0.7888433753646976,minmaxnorm
198,Q0,FR891108-0154,803,0.7884518996273334,minmaxnorm
198,Q0,FR89313-0041,804,0.7861198368265134,minmaxnorm
198,Q0,DOE1-76-0928,805,0.7852635640249231,minmaxnorm
198,Q0,WSJ870916-0140,806,0.7837287460105884,minmaxnorm
198,Q0,DOE1-49-0289,807,0.7780198847689487,minmaxnorm
198,Q0,DOE1-89-0139,808,0.777351711402032,minmaxnorm
198,Q0,DOE1-49-0373,809,0.7772357968489959,minmaxnorm
198,Q0,WSJ900531-0059,810,0.7771016501815177,minmaxnorm
198,Q0,DOE1-78-0493,811,0.7749769369051862,minmaxnorm
198,Q0,DOE1-49-0376,812,0.7736526736592,minmaxnorm
198,Q0,WSJ880906-0140,813,0.7705330577725127,minmaxnorm
198,Q0,WSJ900816-0034,814,0.7680619711591536,minmaxnorm
198,Q0,WSJ870904-0100,815,0.7662220136024308,minmaxnorm
198,Q0,FR89306-0092,816,0.7644642886828319,minmaxnorm
198,Q0,AP880815-0245,817,0.7640484560445158,minmaxnorm
198,Q0,DOE2-27-0112,818,0.7637087685048636,minmaxnorm
198,Q0,DOE1-53-1079,819,0.7629083472737258,minmaxnorm
198,Q0,ZF108-801-100,820,0.7621572065113422,minmaxnorm
198,Q0,DOE1-53-0654,821,0.7620536264560573,minmaxnorm
198,Q0,FR89814-0033,822,0.7620535470085348,minmaxnorm
198,Q0,AP881019-0022,823,0.761234412234104,minmaxnorm
198,Q0,DOE1-79-0988,824,0.7561307571513413,minmaxnorm
198,Q0,DOE1-62-0252,825,0.7559887969506202,minmaxnorm
198,Q0,DOE2-55-1092,826,0.7551564050588943,minmaxnorm
198,Q0,DOE1-49-0352,827,0.7548382866724469,minmaxnorm
198,Q0,DOE2-83-0210,828,0.750820956076215,minmaxnorm
198,Q0,AP890817-0038,829,0.750642473918083,minmaxnorm
198,Q0,WSJ890926-0101,830,0.7500294227097989,minmaxnorm
198,Q0,DOE1-84-0910,831,0.7498872789513001,minmaxnorm
198,Q0,DOE1-60-0730,832,0.7497933883557786,minmaxnorm
198,Q0,AP890302-0137,833,0.7487892238127877,minmaxnorm
198,Q0,DOE1-88-0524,834,0.7470789429955437,minmaxnorm
198,Q0,DOE1-01-0591,835,0.7463989935508066,minmaxnorm
198,Q0,WSJ891101-0157,836,0.7461604676871887,minmaxnorm
198,Q0,DOE1-59-1202,837,0.7440473814263328,minmaxnorm
198,Q0,DOE1-19-0687,838,0.74387986072373,minmaxnorm
198,Q0,DOE1-79-0919,839,0.7427029023576682,minmaxnorm
198,Q0,DOE1-89-0132,840,0.7424084913336498,minmaxnorm
198,Q0,FR881006-0001,841,0.742139139527577,minmaxnorm
198,Q0,DOE1-49-0338,842,0.7419655997061864,minmaxnorm
198,Q0,DOE2-20-0018,843,0.7410246080897328,minmaxnorm
198,Q0,DOE2-18-0863,844,0.7372997451210557,minmaxnorm
198,Q0,DOE2-76-0102,845,0.7367624108684747,minmaxnorm
198,Q0,DOE1-62-0214,846,0.7350166852215068,minmaxnorm
198,Q0,AP890120-0027,847,0.7346872178909668,minmaxnorm
198,Q0,DOE2-83-0214,848,0.7344466864043471,minmaxnorm
198,Q0,DOE2-03-0653,849,0.7330782895867801,minmaxnorm
198,Q0,DOE1-70-0094,850,0.7322835565697512,minmaxnorm
198,Q0,DOE1-74-0281,851,0.7311577844422691,minmaxnorm
198,Q0,DOE1-59-1195,852,0.7311222430221359,minmaxnorm
198,Q0,DOE2-60-1162,853,0.7280844133933891,minmaxnorm
198,Q0,DOE1-61-0526,854,0.7274831890386458,minmaxnorm
198,Q0,FR89510-0094,855,0.7274291458747065,minmaxnorm
198,Q0,DOE1-59-1130,856,0.7261691432614632,minmaxnorm
198,Q0,DOE1-46-0457,857,0.7217879254806656,minmaxnorm
198,Q0,DOE2-12-0890,858,0.7203715507199128,minmaxnorm
198,Q0,DOE1-70-0104,859,0.7199290481045914,minmaxnorm
198,Q0,AP881201-0059,860,0.7188534098361774,minmaxnorm
198,Q0,FR881027-0122,861,0.7164339757400692,minmaxnorm
198,Q0,WSJ870605-0063,862,0.7163193096652423,minmaxnorm
198,Q0,AP881222-0207,863,0.7163168718220573,minmaxnorm
198,Q0,FR88602-0011,864,0.7148514409360747,minmaxnorm
198,Q0,DOE1-79-0987,865,0.7113089185543994,minmaxnorm
198,Q0,DOE2-21-0761,866,0.7112475387738073,minmaxnorm
198,Q0,DOE1-64-0967,867,0.7086797554957645,minmaxnorm
198,Q0,DOE1-21-1013,868,0.7081270504567088,minmaxnorm
198,Q0,WSJ900611-0095,869,0.7077433607455786,minmaxnorm
198,Q0,WSJ900523-0044,870,0.7074585159380704,minmaxnorm
198,Q0,WSJ900713-0178,871,0.7066128886018929,minmaxnorm
198,Q0,DOE1-12-0997,872,0.7049159979783284,minmaxnorm
198,Q0,WSJ880330-0030,873,0.7039611503715026,minmaxnorm
198,Q0,DOE2-17-1146,874,0.6995928360635436,minmaxnorm
198,Q0,DOE1-01-0060,875,0.6991873227590452,minmaxnorm
198,Q0,ZF109-499-339,876,0.6976820099493837,minmaxnorm
198,Q0,AP890809-0060,877,0.695894722794832,minmaxnorm
198,Q0,AP890223-0007,878,0.6947115022420206,minmaxnorm
198,Q0,DOE1-40-0607,879,0.6945696263350419,minmaxnorm
198,Q0,DOE1-78-0509,880,0.6942073628943769,minmaxnorm
198,Q0,WSJ900801-0135,881,0.6941707804432318,minmaxnorm
198,Q0,DOE1-40-0665,882,0.6936326298180219,minmaxnorm
198,Q0,DOE1-40-0615,883,0.6929149241459802,minmaxnorm
198,Q0,ZF108-538-646,884,0.6911038633223933,minmaxnorm
198,Q0,DOE1-95-1062,885,0.6894902321131188,minmaxnorm
198,Q0,DOE2-12-0900,886,0.6883191818555431,minmaxnorm
198,Q0,DOE1-62-0264,887,0.6875924164119066,minmaxnorm
198,Q0,WSJ870623-0119,888,0.6858234602052615,minmaxnorm
198,Q0,FR89512-0052,889,0.6839267528614523,minmaxnorm
198,Q0,FR89316-0186,890,0.6836904841397822,minmaxnorm
198,Q0,WSJ910703-0075,891,0.6818377113554044,minmaxnorm
198,Q0,WSJ911002-0113,892,0.6808333379787284,minmaxnorm
198,Q0,DOE2-59-0802,893,0.6787521061506259,minmaxnorm
198,Q0,DOE1-38-1025,894,0.6779710144239489,minmaxnorm
198,Q0,WSJ870331-0069,895,0.6779075717192917,minmaxnorm
198,Q0,DOE2-76-0580,896,0.6778068603731351,minmaxnorm
198,Q0,WSJ900824-0109,897,0.6776444862949274,minmaxnorm
198,Q0,DOE1-86-1543,898,0.6773897169112263,minmaxnorm
198,Q0,AP881022-0012,899,0.6764364525816514,minmaxnorm
198,Q0,WSJ870528-0085,900,0.6746648064944663,minmaxnorm
198,Q0,WSJ880929-0046,901,0.6737127427508621,minmaxnorm
198,Q0,DOE2-49-0779,902,0.673245008828717,minmaxnorm
198,Q0,DOE1-59-1141,903,0.6703562684843875,minmaxnorm
198,Q0,WSJ900815-0014,904,0.6696736563331583,minmaxnorm
198,Q0,WSJ900815-0113,905,0.6684770719820887,minmaxnorm
198,Q0,DOE1-62-0255,906,0.6684061651437241,minmaxnorm
198,Q0,WSJ890927-0070,907,0.6677499708487101,minmaxnorm
198,Q0,DOE2-31-0022,908,0.6674411096793174,minmaxnorm
198,Q0,AP880511-0067,909,0.6649423670553246,minmaxnorm
198,Q0,FR88516-0122,910,0.6646533605194589,minmaxnorm
198,Q0,DOE1-79-0983,911,0.6637284283287879,minmaxnorm
198,Q0,AP880630-0047,912,0.6630831271475228,minmaxnorm
198,Q0,DOE2-78-0290,913,0.6628730488584148,minmaxnorm
198,Q0,DOE1-40-0573,914,0.6623508830782336,minmaxnorm
198,Q0,DOE1-49-0954,915,0.6611310830850593,minmaxnorm
198,Q0,DOE1-59-0577,916,0.6609165355713493,minmaxnorm
198,Q0,DOE2-83-0237,917,0.6599980610527799,minmaxnorm
198,Q0,DOE2-09-0408,918,0.6582314446018376,minmaxnorm
198,Q0,WSJ880113-0036,919,0.658169962457188,minmaxnorm
198,Q0,AP881008-0042,920,0.6581201673748418,minmaxnorm
198,Q0,DOE2-21-0837,921,0.6573229230084027,minmaxnorm
198,Q0,ZF108-606-364,922,0.6566453004453678,minmaxnorm
198,Q0,WSJ890831-0068,923,0.6553555703338596,minmaxnorm
198,Q0,ZF108-344-035,924,0.6552396417772707,minmaxnorm
198,Q0,FR88510-0046,925,0.6531221477645548,minmaxnorm
198,Q0,DOE1-24-0889,926,0.6502803026531551,minmaxnorm
198,Q0,DOE1-89-0272,927,0.6496416086081671,minmaxnorm
198,Q0,AP890713-0046,928,0.6481861244869465,minmaxnorm
198,Q0,DOE1-92-1133,929,0.6474839859020186,minmaxnorm
198,Q0,DOE1-71-0158,930,0.645925675766087,minmaxnorm
198,Q0,AP880513-0058,931,0.6456799593605532,minmaxnorm
198,Q0,AP880421-0182,932,0.6454767533448311,minmaxnorm
198,Q0,WSJ911115-0135,933,0.6445850273705256,minmaxnorm
198,Q0,FR88915-0028,934,0.6444986663214188,minmaxnorm
198,Q0,WSJ910405-0098,935,0.6439589061917019,minmaxnorm
198,Q0,FR88504-0118,936,0.6435526587581648,minmaxnorm
198,Q0,DOE1-79-0911,937,0.6433934658197876,minmaxnorm
198,Q0,WSJ920221-0125,938,0.642918850179283,minmaxnorm
198,Q0,FR89119-0111,939,0.6421658760755641,minmaxnorm
198,Q0,DOE1-70-0097,940,0.6420070003572149,minmaxnorm
198,Q0,WSJ911018-0080,941,0.639799940552605,minmaxnorm
198,Q0,DOE1-95-0695,942,0.6386191218637828,minmaxnorm
198,Q0,DOE1-55-0848,943,0.637104619663983,minmaxnorm
198,Q0,WSJ880805-0055,944,0.6351797717635979,minmaxnorm
198,Q0,WSJ920122-0018,945,0.6347980922287373,minmaxnorm
198,Q0,WSJ900911-0046,946,0.6327243507647841,minmaxnorm
198,Q0,DOE1-42-0957,947,0.6318804420489581,minmaxnorm
198,Q0,DOE1-06-0557,948,0.6315382048234991,minmaxnorm
198,Q0,WSJ880831-0151,949,0.6313728497427006,minmaxnorm
198,Q0,FR89818-0033,950,0.6311963895089447,minmaxnorm
198,Q0,WSJ900504-0159,951,0.6301027839840618,minmaxnorm
198,Q0,FR89105-0084,952,0.63003097202823,minmaxnorm
198,Q0,DOE2-45-0855,953,0.6292933046124765,minmaxnorm
198,Q0,FR881107-0026,954,0.6286537767376514,minmaxnorm
198,Q0,DOE1-64-0985,955,0.6282498278820553,minmaxnorm
198,Q0,FR88511-0168,956,0.6271745119513297,minmaxnorm
198,Q0,WSJ911217-0082,957,0.6268212334637263,minmaxnorm
198,Q0,AP880609-0243,958,0.6260410099671735,minmaxnorm
198,Q0,WSJ900924-0091,959,0.6251692963698912,minmaxnorm
198,Q0,FR88607-0109,960,0.6248581828983335,minmaxnorm
198,Q0,DOE1-70-0080,961,0.6241622811181112,minmaxnorm
198,Q0,WSJ910125-0084,962,0.6240511658453766,minmaxnorm
198,Q0,WSJ920115-0123,963,0.6229826171594451,minmaxnorm
198,Q0,DOE1-89-0126,964,0.6229365382959757,minmaxnorm
198,Q0,DOE1-54-0002,965,0.6193004235677018,minmaxnorm
198,Q0,AP880614-0094,966,0.6187813305015425,minmaxnorm
198,Q0,ZF207-307-050,967,0.6185927050234457,minmaxnorm
198,Q0,AP890511-0058,968,0.6184854864097188,minmaxnorm
198,Q0,WSJ870805-0128,969,0.6157047036145493,minmaxnorm
198,Q0,DOE1-78-1008,970,0.6155817957801342,minmaxnorm
198,Q0,DOE1-53-1338,971,0.6145482711949644,minmaxnorm
198,Q0,AP891012-0131,972,0.6145320189538829,minmaxnorm
198,Q0,WSJ910621-0089,973,0.6143931030760709,minmaxnorm
198,Q0,WSJ890824-0008,974,0.614384937329866,minmaxnorm
198,Q0,DOE1-30-0321,975,0.6135237131120646,minmaxnorm
198,Q0,DOE1-16-1272,976,0.6133541048443751,minmaxnorm
198,Q0,WSJ911220-0085,977,0.6117588974223133,minmaxnorm
198,Q0,DOE1-42-0365,978,0.6109657474954823,minmaxnorm
198,Q0,DOE1-74-0261,979,0.6108845400840367,minmaxnorm
198,Q0,WSJ870824-0067,980,0.6107898091554822,minmaxnorm
198,Q0,FR89412-0127,981,0.6100546616227883,minmaxnorm
198,Q0,DOE1-59-1133,982,0.6100234340198804,minmaxnorm
198,Q0,FR881024-0194,983,0.6098360830377433,minmaxnorm
198,Q0,DOE1-74-0293,984,0.6097951418415394,minmaxnorm
198,Q0,DOE2-12-0944,985,0.6097353727576735,minmaxnorm
198,Q0,WSJ880826-0098,986,0.6096956090149599,minmaxnorm
198,Q0,AP890424-0179,987,0.6078325619448298,minmaxnorm
198,Q0,DOE1-33-0842,988,0.6053116824214908,minmaxnorm
198,Q0,DOE1-79-0904,989,0.6051583788121025,minmaxnorm
198,Q0,WSJ880210-0073,990,0.604178098016141,minmaxnorm
198,Q0,DOE2-42-0272,991,0.6020204619856163,minmaxnorm
198,Q0,DOE1-60-0600,992,0.6019574029184893,minmaxnorm
198,Q0,AP880729-0025,993,0.6019290347526481,minmaxnorm
198,Q0,WSJ910312-0024,994,0.600689455699636,minmaxnorm
198,Q0,DOE1-59-1124,995,0.5987274517105958,minmaxnorm
198,Q0,WSJ880921-0035,996,0.5963727979328756,minmaxnorm
198,Q0,WSJ880712-0031,997,0.5962262912929167,minmaxnorm
198,Q0,DOE1-53-1336,998,0.5945776047155066,minmaxnorm
198,Q0,WSJ880510-0094,999,0.5944742486803375,minmaxnorm
198,Q0,AP880409-0138,1000,0.5930701783207707,minmaxnorm
