query,q0,docid,rank,score,system
158,Q0,WSJ911115-0150,1,0.28651996300060406,minmaxnorm
158,Q0,WSJ910114-0137,2,0.25761862940796104,minmaxnorm
158,Q0,WSJ900530-0136,3,0.24806970082609217,minmaxnorm
158,Q0,WSJ911031-0012,4,0.24767082294630519,minmaxnorm
158,Q0,WSJ900619-0064,5,0.23343808111269743,minmaxnorm
158,Q0,WSJ900705-0084,6,0.22992744448819114,minmaxnorm
158,Q0,WSJ920213-0110,7,0.22920830975685164,minmaxnorm
158,Q0,WSJ920306-0178,8,0.21567414490087342,minmaxnorm
158,Q0,WSJ900705-0103,9,0.2150360399843209,minmaxnorm
158,Q0,WSJ920102-0135,10,0.21209075072259576,minmaxnorm
158,Q0,WSJ910717-0001,11,0.20761810631697208,minmaxnorm
158,Q0,WSJ880919-0128,12,0.1999623048023803,minmaxnorm
158,Q0,WSJ900418-0193,13,0.19966014042088356,minmaxnorm
158,Q0,WSJ900914-0093,14,0.1993922815237738,minmaxnorm
158,Q0,WSJ910801-0110,15,0.19886771826475208,minmaxnorm
158,Q0,WSJ911025-0042,16,0.19267290260726042,minmaxnorm
158,Q0,WSJ880922-0166,17,0.191809278243337,minmaxnorm
158,Q0,WSJ910619-0101,18,0.19107065517284857,minmaxnorm
158,Q0,WSJ911202-0109,19,0.187942584463403,minmaxnorm
158,Q0,WSJ910718-0143,20,0.18715208545506556,minmaxnorm
158,Q0,WSJ871218-0175,21,0.18464047517272264,minmaxnorm
158,Q0,WSJ911224-0085,22,0.18041297434754902,minmaxnorm
158,Q0,WSJ910920-0173,23,0.17928352077381896,minmaxnorm
158,Q0,WSJ870916-0125,24,0.17508584812023864,minmaxnorm
158,Q0,WSJ910411-0005,25,0.17080060212279852,minmaxnorm
158,Q0,WSJ910823-0086,26,0.17078776180477512,minmaxnorm
158,Q0,WSJ911104-0096,27,0.17078533377775104,minmaxnorm
158,Q0,WSJ911011-0115,28,0.1686752536716902,minmaxnorm
158,Q0,WSJ911029-0073,29,0.1677654336955676,minmaxnorm
158,Q0,WSJ910528-0075,30,0.16771542275377824,minmaxnorm
158,Q0,WSJ870327-0109,31,0.16743688950750182,minmaxnorm
158,Q0,WSJ910806-0069,32,0.1661636378610021,minmaxnorm
158,Q0,WSJ920310-0170,33,0.16528752143568132,minmaxnorm
158,Q0,WSJ911115-0121,34,0.16484081454213476,minmaxnorm
158,Q0,WSJ900927-0066,35,0.1621943961529035,minmaxnorm
158,Q0,WSJ920103-0037,36,0.16021370417318437,minmaxnorm
158,Q0,WSJ891026-0061,37,0.15762452110408345,minmaxnorm
158,Q0,WSJ880222-0078,38,0.1549315934881545,minmaxnorm
158,Q0,WSJ880526-0115,39,0.15434239489273516,minmaxnorm
158,Q0,AP881023-0094,40,0.15374325889748078,minmaxnorm
158,Q0,WSJ900424-0008,41,0.1521326751019672,minmaxnorm
158,Q0,WSJ870706-0085,42,0.15203494421302954,minmaxnorm
158,Q0,WSJ880503-0101,43,0.15182894847477732,minmaxnorm
158,Q0,AP890703-0029,44,0.15124094875130556,minmaxnorm
158,Q0,AP880227-0095,45,0.15031126158359692,minmaxnorm
158,Q0,FR89712-0095,46,0.14799489400658747,minmaxnorm
158,Q0,WSJ910801-0107,47,0.14681687346561847,minmaxnorm
158,Q0,WSJ890731-0065,48,0.1453927503933341,minmaxnorm
158,Q0,WSJ880805-0167,49,0.14518591680114196,minmaxnorm
158,Q0,WSJ910418-0112,50,0.1441183133513695,minmaxnorm
158,Q0,AP890628-0100,51,0.14318411205806478,minmaxnorm
158,Q0,WSJ900612-0109,52,0.1428399461202628,minmaxnorm
158,Q0,AP881126-0089,53,0.14269535874769076,minmaxnorm
158,Q0,AP880625-0149,54,0.1420747684542437,minmaxnorm
158,Q0,AP890628-0041,55,0.1415059068539984,minmaxnorm
158,Q0,AP881023-0084,56,0.1411278898746237,minmaxnorm
158,Q0,AP890628-0111,57,0.14033839950693283,minmaxnorm
158,Q0,WSJ900920-0077,58,0.14024627859499822,minmaxnorm
158,Q0,WSJ920124-0117,59,0.1392699509950283,minmaxnorm
158,Q0,WSJ911105-0029,60,0.13815578238307694,minmaxnorm
158,Q0,AP890106-0253,61,0.13727023422733123,minmaxnorm
158,Q0,WSJ900608-0009,62,0.13720651344777562,minmaxnorm
158,Q0,WSJ911028-0178,63,0.13688705324409783,minmaxnorm
158,Q0,AP881023-0092,64,0.13664960676100613,minmaxnorm
158,Q0,WSJ891102-0080,65,0.13650214875534114,minmaxnorm
158,Q0,WSJ880318-0121,66,0.1362638947910544,minmaxnorm
158,Q0,AP890206-0085,67,0.13581560135611356,minmaxnorm
158,Q0,WSJ911030-0008,68,0.13578475836067147,minmaxnorm
158,Q0,AP890116-0081,69,0.1346196510045096,minmaxnorm
158,Q0,AP890923-0045,70,0.13348015727253723,minmaxnorm
158,Q0,WSJ910528-0109,71,0.1328529176414122,minmaxnorm
158,Q0,FR88822-0075,72,0.13237725896921432,minmaxnorm
158,Q0,AP881023-0096,73,0.1321350246910314,minmaxnorm
158,Q0,WSJ911007-0188,74,0.13195530220628487,minmaxnorm
158,Q0,AP890518-0158,75,0.1317480821454513,minmaxnorm
158,Q0,AP880302-0044,76,0.1317324620595155,minmaxnorm
158,Q0,AP880808-0152,77,0.1311369395796286,minmaxnorm
158,Q0,AP881227-0184,78,0.13033547812517465,minmaxnorm
158,Q0,WSJ880212-0114,79,0.1303299172174488,minmaxnorm
158,Q0,FR89417-0040,80,0.12923222267567877,minmaxnorm
158,Q0,WSJ870515-0045,81,0.1289598691443806,minmaxnorm
158,Q0,WSJ881027-0052,82,0.128617943950692,minmaxnorm
158,Q0,AP890202-0101,83,0.12848768913127426,minmaxnorm
158,Q0,WSJ881109-0094,84,0.1282246277669636,minmaxnorm
158,Q0,WSJ870610-0014,85,0.1279161535136008,minmaxnorm
158,Q0,WSJ900621-0081,86,0.1277906106549084,minmaxnorm
158,Q0,WSJ861216-0171,87,0.12762451158888088,minmaxnorm
158,Q0,AP890519-0029,88,0.12665080104692306,minmaxnorm
158,Q0,WSJ870604-0120,89,0.1266338247480729,minmaxnorm
158,Q0,WSJ911016-0125,90,0.12611346851282645,minmaxnorm
158,Q0,AP880702-0025,91,0.12545033443138473,minmaxnorm
158,Q0,AP880512-0169,92,0.12515581508336973,minmaxnorm
158,Q0,WSJ870729-0164,93,0.12512978512219983,minmaxnorm
158,Q0,WSJ911120-0084,94,0.12450434910937475,minmaxnorm
158,Q0,WSJ870107-0072,95,0.12419984930695759,minmaxnorm
158,Q0,WSJ911108-0154,96,0.12231898903433952,minmaxnorm
158,Q0,WSJ880415-0135,97,0.12231066185168994,minmaxnorm
158,Q0,AP880429-0261,98,0.12217984187651852,minmaxnorm
158,Q0,WSJ920310-0115,99,0.12177918067817184,minmaxnorm
158,Q0,FR89324-0028,100,0.12149874502082508,minmaxnorm
158,Q0,WSJ870120-0109,101,0.12062664219869151,minmaxnorm
158,Q0,AP890227-0245,102,0.11993243223491763,minmaxnorm
158,Q0,FR88609-0021,103,0.11950819191600628,minmaxnorm
158,Q0,AP890704-0073,104,0.118939493730221,minmaxnorm
158,Q0,AP890107-0002,105,0.11887521599728941,minmaxnorm
158,Q0,WSJ891030-0090,106,0.11864610680439962,minmaxnorm
158,Q0,AP880623-0135,107,0.11809975687079487,minmaxnorm
158,Q0,AP881004-0202,108,0.11755435612232898,minmaxnorm
158,Q0,AP890204-0106,109,0.11747849522849922,minmaxnorm
158,Q0,WSJ880615-0150,110,0.11747421518319738,minmaxnorm
158,Q0,FR88809-0039,111,0.1165393299194451,minmaxnorm
158,Q0,AP881019-0107,112,0.11652428905091444,minmaxnorm
158,Q0,WSJ920106-0032,113,0.11528787201392801,minmaxnorm
158,Q0,WSJ870115-0036,114,0.11492463149997438,minmaxnorm
158,Q0,AP890201-0127,115,0.11480045551131188,minmaxnorm
158,Q0,FR88825-0007,116,0.1146360687143303,minmaxnorm
158,Q0,WSJ880321-0112,117,0.11437996995171995,minmaxnorm
158,Q0,AP890713-0302,118,0.11409289655155731,minmaxnorm
158,Q0,WSJ910819-0007,119,0.11316863927951301,minmaxnorm
158,Q0,WSJ870810-0058,120,0.11314809405017787,minmaxnorm
158,Q0,WSJ911106-0109,121,0.11312545169887042,minmaxnorm
158,Q0,AP881227-0192,122,0.11302764899645998,minmaxnorm
158,Q0,WSJ880527-0008,123,0.11296115442296818,minmaxnorm
158,Q0,WSJ890918-0050,124,0.11282841478453276,minmaxnorm
158,Q0,FR88728-0020,125,0.11281907566959921,minmaxnorm
158,Q0,AP890802-0248,126,0.11247844960320402,minmaxnorm
158,Q0,WSJ870918-0172,127,0.11242320724661907,minmaxnorm
158,Q0,AP890803-0123,128,0.11218925487422216,minmaxnorm
158,Q0,FR88901-0113,129,0.11204117657542147,minmaxnorm
158,Q0,WSJ870109-0080,130,0.11202810158648771,minmaxnorm
158,Q0,WSJ880330-0165,131,0.1119975310520865,minmaxnorm
158,Q0,AP890428-0170,132,0.11158222736911241,minmaxnorm
158,Q0,FR88211-0119,133,0.11097503065241623,minmaxnorm
158,Q0,AP890201-0169,134,0.1109700456293563,minmaxnorm
158,Q0,WSJ871210-0130,135,0.11044659570656946,minmaxnorm
158,Q0,WSJ911212-0080,136,0.11004850847842804,minmaxnorm
158,Q0,WSJ880502-0145,137,0.10948410917231105,minmaxnorm
158,Q0,AP880402-0139,138,0.10939483505055732,minmaxnorm
158,Q0,AP890208-0029,139,0.10924767734521626,minmaxnorm
158,Q0,WSJ900504-0018,140,0.108745376023343,minmaxnorm
158,Q0,WSJ870520-0096,141,0.10840453748425845,minmaxnorm
158,Q0,WSJ861218-0190,142,0.1077208258805825,minmaxnorm
158,Q0,WSJ871103-0069,143,0.10760994645089497,minmaxnorm
158,Q0,AP890712-0063,144,0.10757217387660417,minmaxnorm
158,Q0,AP880903-0139,145,0.10696050388566823,minmaxnorm
158,Q0,AP890410-0016,146,0.10675326951526964,minmaxnorm
158,Q0,AP880520-0060,147,0.10658115134098857,minmaxnorm
158,Q0,AP881003-0118,148,0.10656870340260718,minmaxnorm
158,Q0,WSJ910529-0053,149,0.1065464125991786,minmaxnorm
158,Q0,WSJ910104-0032,150,0.10653377505848591,minmaxnorm
158,Q0,AP890419-0212,151,0.10652827755300694,minmaxnorm
158,Q0,WSJ870518-0091,152,0.10586787911407053,minmaxnorm
158,Q0,WSJ920210-0095,153,0.10570244424378737,minmaxnorm
158,Q0,AP880630-0109,154,0.10533863404599343,minmaxnorm
158,Q0,WSJ910718-0141,155,0.10527593100008117,minmaxnorm
158,Q0,AP890208-0036,156,0.10499177057750964,minmaxnorm
158,Q0,AP890203-0018,157,0.10498835649340649,minmaxnorm
158,Q0,AP891011-0175,158,0.104747316864101,minmaxnorm
158,Q0,AP881226-0079,159,0.10433449318324588,minmaxnorm
158,Q0,WSJ900418-0085,160,0.10425642567909657,minmaxnorm
158,Q0,WSJ880316-0183,161,0.10424641822397142,minmaxnorm
158,Q0,WSJ870921-0174,162,0.10416690460833584,minmaxnorm
158,Q0,AP890109-0099,163,0.1040310332419343,minmaxnorm
158,Q0,AP881005-0164,164,0.1035608422165029,minmaxnorm
158,Q0,WSJ900606-0093,165,0.10339973639000304,minmaxnorm
158,Q0,WSJ911023-0087,166,0.1033034544225563,minmaxnorm
158,Q0,AP891024-0187,167,0.10310277325302013,minmaxnorm
158,Q0,FR89307-0027,168,0.10237834441380267,minmaxnorm
158,Q0,AP890201-0179,169,0.10216707303683344,minmaxnorm
158,Q0,WSJ871112-0008,170,0.10212244328434239,minmaxnorm
158,Q0,AP890325-0127,171,0.10188482853888677,minmaxnorm
158,Q0,AP890106-0096,172,0.10182262112564239,minmaxnorm
158,Q0,AP881022-0052,173,0.10137129447676173,minmaxnorm
158,Q0,WSJ910912-0105,174,0.10118970100377896,minmaxnorm
158,Q0,WSJ871120-0157,175,0.10116051213730212,minmaxnorm
158,Q0,AP881008-0076,176,0.10104827873302182,minmaxnorm
158,Q0,WSJ880208-0041,177,0.10098040875072462,minmaxnorm
158,Q0,FR891124-0023,178,0.10095401178836412,minmaxnorm
158,Q0,WSJ870807-0041,179,0.10072056564354359,minmaxnorm
158,Q0,AP890923-0001,180,0.10045134486485208,minmaxnorm
158,Q0,AP880809-0187,181,0.10024530289249353,minmaxnorm
158,Q0,AP890613-0158,182,0.1001727379090067,minmaxnorm
158,Q0,AP880426-0149,183,0.10016729646879206,minmaxnorm
158,Q0,WSJ920210-0086,184,0.09996300237667742,minmaxnorm
158,Q0,AP881129-0112,185,0.09953979594262438,minmaxnorm
158,Q0,WSJ870730-0059,186,0.09911526309823818,minmaxnorm
158,Q0,AP880601-0043,187,0.09904248322162361,minmaxnorm
158,Q0,WSJ891005-0111,188,0.09896780299578992,minmaxnorm
158,Q0,AP890514-0007,189,0.0989530307943774,minmaxnorm
158,Q0,WSJ920320-0126,190,0.0984780436117917,minmaxnorm
158,Q0,WSJ880210-0161,191,0.09847380452080026,minmaxnorm
158,Q0,AP890627-0097,192,0.09844594070446562,minmaxnorm
158,Q0,AP880322-0206,193,0.09829670562472272,minmaxnorm
158,Q0,AP880510-0115,194,0.09800556664471381,minmaxnorm
158,Q0,WSJ920211-0053,195,0.09787497101171674,minmaxnorm
158,Q0,WSJ880302-0100,196,0.09778765686614369,minmaxnorm
158,Q0,WSJ861211-0175,197,0.0975801608547665,minmaxnorm
158,Q0,WSJ891004-0119,198,0.09682388726563637,minmaxnorm
158,Q0,FR891011-0013,199,0.09678581417646216,minmaxnorm
158,Q0,WSJ910522-0062,200,0.096526311214423,minmaxnorm
158,Q0,AP890719-0029,201,0.09640977092838447,minmaxnorm
158,Q0,WSJ880307-0109,202,0.09628100343078007,minmaxnorm
158,Q0,WSJ870304-0076,203,0.09602753082894422,minmaxnorm
158,Q0,WSJ911029-0031,204,0.09600183931462561,minmaxnorm
158,Q0,AP881227-0084,205,0.09571900566054695,minmaxnorm
158,Q0,WSJ861218-0172,206,0.09568355256977909,minmaxnorm
158,Q0,WSJ870206-0074,207,0.09551169903262333,minmaxnorm
158,Q0,WSJ910904-0078,208,0.09539885087426613,minmaxnorm
158,Q0,AP890913-0224,209,0.09532992794824811,minmaxnorm
158,Q0,WSJ900509-0097,210,0.09530148226491608,minmaxnorm
158,Q0,FR88809-0097,211,0.09523926927333286,minmaxnorm
158,Q0,WSJ871228-0031,212,0.09522388943211517,minmaxnorm
158,Q0,AP890113-0125,213,0.09484142139708268,minmaxnorm
158,Q0,AP880904-0052,214,0.0945345929342192,minmaxnorm
158,Q0,WSJ870708-0068,215,0.09451663137678724,minmaxnorm
158,Q0,WSJ870615-0075,216,0.09446527055298738,minmaxnorm
158,Q0,AP890718-0145,217,0.09438794955719834,minmaxnorm
158,Q0,FR88201-0020,218,0.09424573462472675,minmaxnorm
158,Q0,WSJ881012-0140,219,0.09417794016421896,minmaxnorm
158,Q0,AP880420-0027,220,0.09416766364160781,minmaxnorm
158,Q0,AP890915-0032,221,0.09397148898370801,minmaxnorm
158,Q0,FR88902-0006,222,0.09390435917000922,minmaxnorm
158,Q0,AP880316-0026,223,0.09378130366820432,minmaxnorm
158,Q0,WSJ871104-0150,224,0.09370019762076523,minmaxnorm
158,Q0,WSJ880916-0119,225,0.09368538163865921,minmaxnorm
158,Q0,WSJ910619-0125,226,0.09338795362862423,minmaxnorm
158,Q0,FR89503-0006,227,0.09333583864511127,minmaxnorm
158,Q0,WSJ910808-0077,228,0.09332386671637863,minmaxnorm
158,Q0,WSJ870629-0126,229,0.09321799746840692,minmaxnorm
158,Q0,WSJ880418-0070,230,0.09310962160649494,minmaxnorm
158,Q0,AP880727-0009,231,0.09302917170241388,minmaxnorm
158,Q0,FR88725-0018,232,0.09291837675718194,minmaxnorm
158,Q0,AP890418-0095,233,0.09291295347408257,minmaxnorm
158,Q0,AP890919-0101,234,0.09265587052303684,minmaxnorm
158,Q0,WSJ870707-0102,235,0.09253663827039005,minmaxnorm
158,Q0,WSJ881116-0072,236,0.09225959879148363,minmaxnorm
158,Q0,WSJ900522-0069,237,0.09224828182190506,minmaxnorm
158,Q0,WSJ880307-0087,238,0.09216486704048277,minmaxnorm
158,Q0,FR88928-0006,239,0.09214453079272741,minmaxnorm
158,Q0,FR89407-0020,240,0.09197707753135792,minmaxnorm
158,Q0,AP881023-0106,241,0.09164723981092687,minmaxnorm
158,Q0,WSJ900515-0101,242,0.09158819274997357,minmaxnorm
158,Q0,WSJ870724-0135,243,0.09095070174896995,minmaxnorm
158,Q0,AP890302-0037,244,0.09074035206312903,minmaxnorm
158,Q0,AP880321-0015,245,0.09060447660695795,minmaxnorm
158,Q0,WSJ870226-0079,246,0.09053647846318383,minmaxnorm
158,Q0,WSJ910306-0070,247,0.09043749827458367,minmaxnorm
158,Q0,WSJ870616-0149,248,0.0903795591780086,minmaxnorm
158,Q0,WSJ880711-0079,249,0.09036503478158059,minmaxnorm
158,Q0,WSJ911028-0117,250,0.09030397965167243,minmaxnorm
158,Q0,FR881006-0001,251,0.09023388373567368,minmaxnorm
158,Q0,AP890202-0107,252,0.09012099170182344,minmaxnorm
158,Q0,WSJ900517-0097,253,0.08987737176184282,minmaxnorm
158,Q0,AP881023-0102,254,0.08974472801742972,minmaxnorm
158,Q0,WSJ880915-0151,255,0.08949207019209217,minmaxnorm
158,Q0,AP880525-0046,256,0.08908051015046438,minmaxnorm
158,Q0,AP881213-0093,257,0.08875889936972103,minmaxnorm
158,Q0,WSJ870629-0156,258,0.08875729991488908,minmaxnorm
158,Q0,WSJ900403-0085,259,0.08869244799681766,minmaxnorm
158,Q0,WSJ870916-0058,260,0.0881755153333638,minmaxnorm
158,Q0,AP881021-0198,261,0.08789529213002073,minmaxnorm
158,Q0,WSJ911122-0126,262,0.08774380438320842,minmaxnorm
158,Q0,AP890803-0146,263,0.08764032035904007,minmaxnorm
158,Q0,FR89123-0023,264,0.08763073233378577,minmaxnorm
158,Q0,WSJ880930-0157,265,0.08761846633702157,minmaxnorm
158,Q0,AP881007-0027,266,0.08758219096957656,minmaxnorm
158,Q0,WSJ911101-0162,267,0.08706240384771673,minmaxnorm
158,Q0,AP890619-0018,268,0.08706106434842127,minmaxnorm
158,Q0,AP890508-0203,269,0.08700018642889289,minmaxnorm
158,Q0,FR89131-0031,270,0.08656172758205409,minmaxnorm
158,Q0,AP891123-0022,271,0.08646937570597163,minmaxnorm
158,Q0,AP881214-0247,272,0.0864693262031476,minmaxnorm
158,Q0,AP880624-0024,273,0.08646790899437007,minmaxnorm
158,Q0,AP880314-0133,274,0.0861912833107719,minmaxnorm
158,Q0,AP890111-0135,275,0.08614697311524641,minmaxnorm
158,Q0,AP891207-0073,276,0.0858281806168213,minmaxnorm
158,Q0,WSJ880412-0131,277,0.08569332329135688,minmaxnorm
158,Q0,AP880520-0193,278,0.085618928799639,minmaxnorm
158,Q0,FR89210-0017,279,0.0855559568782501,minmaxnorm
158,Q0,WSJ870824-0082,280,0.08551782197665198,minmaxnorm
158,Q0,WSJ911022-0104,281,0.08537912243876784,minmaxnorm
158,Q0,AP880524-0095,282,0.08535356197776536,minmaxnorm
158,Q0,WSJ871118-0089,283,0.08534323738318207,minmaxnorm
158,Q0,WSJ871204-0116,284,0.08522133225787665,minmaxnorm
158,Q0,AP881023-0095,285,0.0850907386213818,minmaxnorm
158,Q0,WSJ880613-0113,286,0.08500245025384331,minmaxnorm
158,Q0,AP891229-0091,287,0.08487732105628554,minmaxnorm
158,Q0,WSJ920323-0040,288,0.08472229848394629,minmaxnorm
158,Q0,FR88511-0168,289,0.08466522930061625,minmaxnorm
158,Q0,FR88122-0032,290,0.08460634406821228,minmaxnorm
158,Q0,FR88729-0020,291,0.08454159999655333,minmaxnorm
158,Q0,FR88127-0105,292,0.08442490113978707,minmaxnorm
158,Q0,AP890512-0020,293,0.08433720063924817,minmaxnorm
158,Q0,AP880622-0160,294,0.08430151994458525,minmaxnorm
158,Q0,WSJ870410-0063,295,0.08421231485247625,minmaxnorm
158,Q0,AP890407-0270,296,0.08408364758499953,minmaxnorm
158,Q0,WSJ900831-0123,297,0.08403251393522002,minmaxnorm
158,Q0,AP890424-0005,298,0.08402617512908661,minmaxnorm
158,Q0,AP881017-0021,299,0.08393597941240491,minmaxnorm
158,Q0,WSJ911101-0084,300,0.08391805039250522,minmaxnorm
158,Q0,WSJ911129-0123,301,0.08375825469402648,minmaxnorm
158,Q0,ZF207-114-682,302,0.08336830426677037,minmaxnorm
158,Q0,FR89224-0037,303,0.08333332080460082,minmaxnorm
158,Q0,FR88916-0026,304,0.08331176215182967,minmaxnorm
158,Q0,WSJ900806-0112,305,0.08324165103675324,minmaxnorm
158,Q0,WSJ870803-0090,306,0.08309456978269654,minmaxnorm
158,Q0,WSJ880526-0146,307,0.08303737182348024,minmaxnorm
158,Q0,AP881208-0161,308,0.08293346534560629,minmaxnorm
158,Q0,WSJ870210-0003,309,0.08278780166371771,minmaxnorm
158,Q0,AP881014-0226,310,0.08259033156002496,minmaxnorm
158,Q0,WSJ870831-0044,311,0.08228216529996957,minmaxnorm
158,Q0,AP890815-0050,312,0.08199821146617442,minmaxnorm
158,Q0,AP890804-0109,313,0.08184773983296648,minmaxnorm
158,Q0,WSJ911106-0127,314,0.08170771716412388,minmaxnorm
158,Q0,FR88712-0029,315,0.08167814559399222,minmaxnorm
158,Q0,WSJ900518-0092,316,0.08167429052429177,minmaxnorm
158,Q0,WSJ911108-0133,317,0.08162298320256174,minmaxnorm
158,Q0,AP890720-0066,318,0.08153261713134057,minmaxnorm
158,Q0,WSJ910802-0121,319,0.08143218052964084,minmaxnorm
158,Q0,FR89313-0114,320,0.08137636938190843,minmaxnorm
158,Q0,AP880813-0190,321,0.08136866142928058,minmaxnorm
158,Q0,WSJ870729-0104,322,0.08126309721516421,minmaxnorm
158,Q0,WSJ870511-0107,323,0.08116427565956734,minmaxnorm
158,Q0,WSJ880701-0145,324,0.08097583618750998,minmaxnorm
158,Q0,WSJ870331-0163,325,0.08094109110634254,minmaxnorm
158,Q0,AP890211-0088,326,0.08089035152605735,minmaxnorm
158,Q0,WSJ871102-0088,327,0.08087534627657147,minmaxnorm
158,Q0,AP881213-0098,328,0.08072728476054818,minmaxnorm
158,Q0,WSJ870506-0046,329,0.08046133691063813,minmaxnorm
158,Q0,AP890217-0142,330,0.08045273474127698,minmaxnorm
158,Q0,FR89307-0025,331,0.08043937515176136,minmaxnorm
158,Q0,FR88923-0147,332,0.08034806735398542,minmaxnorm
158,Q0,WSJ880819-0130,333,0.0802546587233238,minmaxnorm
158,Q0,WSJ870311-0054,334,0.08019320271629679,minmaxnorm
158,Q0,WSJ880531-0193,335,0.08017067299269237,minmaxnorm
158,Q0,WSJ870406-0067,336,0.08005462962859274,minmaxnorm
158,Q0,WSJ871013-0123,337,0.07990417717704858,minmaxnorm
158,Q0,AP880421-0122,338,0.07985329628663632,minmaxnorm
158,Q0,WSJ900619-0102,339,0.07985065925545651,minmaxnorm
158,Q0,FR881014-0162,340,0.07982812846700077,minmaxnorm
158,Q0,AP890629-0077,341,0.07974275938894622,minmaxnorm
158,Q0,FR88915-0037,342,0.07970045389231294,minmaxnorm
158,Q0,WSJ870819-0120,343,0.07970010973538136,minmaxnorm
158,Q0,AP890627-0154,344,0.07956329404225018,minmaxnorm
158,Q0,WSJ911017-0116,345,0.07938465516029213,minmaxnorm
158,Q0,WSJ871103-0107,346,0.07927015885993083,minmaxnorm
158,Q0,AP880630-0148,347,0.07919727350089754,minmaxnorm
158,Q0,AP890719-0225,348,0.07919224427267926,minmaxnorm
158,Q0,WSJ871005-0038,349,0.07895468840387262,minmaxnorm
158,Q0,AP891122-0082,350,0.07882778612693292,minmaxnorm
158,Q0,WSJ870724-0125,351,0.07881710415843302,minmaxnorm
158,Q0,AP881213-0182,352,0.07878583329463665,minmaxnorm
158,Q0,WSJ880427-0150,353,0.07873483538517224,minmaxnorm
158,Q0,WSJ880527-0095,354,0.0784851201520105,minmaxnorm
158,Q0,FR88914-0003,355,0.07847142683667752,minmaxnorm
158,Q0,WSJ900918-0171,356,0.07827917446782617,minmaxnorm
158,Q0,WSJ920320-0132,357,0.07822804603507764,minmaxnorm
158,Q0,WSJ901221-0101,358,0.07798878477372842,minmaxnorm
158,Q0,WSJ890828-0011,359,0.07765467502228444,minmaxnorm
158,Q0,FR89608-0003,360,0.07710944890168572,minmaxnorm
158,Q0,WSJ911104-0157,361,0.0770223359179052,minmaxnorm
158,Q0,WSJ870511-0143,362,0.07656377498146684,minmaxnorm
158,Q0,WSJ891003-0021,363,0.0763949960442442,minmaxnorm
158,Q0,AP890125-0198,364,0.07614815578455895,minmaxnorm
158,Q0,WSJ900620-0101,365,0.07612768680285097,minmaxnorm
158,Q0,FR89417-0117,366,0.0760816998514387,minmaxnorm
158,Q0,AP891217-0044,367,0.07593847101423187,minmaxnorm
158,Q0,FR881107-0012,368,0.07593243379321411,minmaxnorm
158,Q0,FR89131-0056,369,0.07587898946246845,minmaxnorm
158,Q0,ZF108-147-348,370,0.07585498229698831,minmaxnorm
158,Q0,FR88815-0014,371,0.07580685465477474,minmaxnorm
158,Q0,AP891013-0058,372,0.07571107222701802,minmaxnorm
158,Q0,FR89519-0015,373,0.0756463822269278,minmaxnorm
158,Q0,WSJ871117-0147,374,0.07554435085649254,minmaxnorm
158,Q0,AP890410-0095,375,0.07525696828546782,minmaxnorm
158,Q0,FR89627-0003,376,0.075127260994937,minmaxnorm
158,Q0,AP881221-0089,377,0.07511131899512463,minmaxnorm
158,Q0,ZF207-213-460,378,0.07505230432669202,minmaxnorm
158,Q0,WSJ870501-0139,379,0.07486827531308465,minmaxnorm
158,Q0,WSJ910624-0124,380,0.07482713334996971,minmaxnorm
158,Q0,WSJ880308-0117,381,0.07479248250314599,minmaxnorm
158,Q0,AP890911-0198,382,0.0747841465516857,minmaxnorm
158,Q0,FR89710-0015,383,0.07463433869653141,minmaxnorm
158,Q0,WSJ900705-0091,384,0.07460940642486971,minmaxnorm
158,Q0,WSJ910208-0121,385,0.07448352869624762,minmaxnorm
158,Q0,AP881213-0152,386,0.07445006969628945,minmaxnorm
158,Q0,FR89817-0028,387,0.07443630185623308,minmaxnorm
158,Q0,AP880624-0227,388,0.07435326111790498,minmaxnorm
158,Q0,FR89815-0011,389,0.07421728547753839,minmaxnorm
158,Q0,WSJ910530-0099,390,0.07403675840479508,minmaxnorm
158,Q0,AP890524-0192,391,0.07398091106815864,minmaxnorm
158,Q0,FR89818-0033,392,0.07385032332640262,minmaxnorm
158,Q0,WSJ871116-0081,393,0.07377360149046211,minmaxnorm
158,Q0,DOE1-70-0988,394,0.07365516869093937,minmaxnorm
158,Q0,AP890103-0180,395,0.07343248279617218,minmaxnorm
158,Q0,AP890302-0164,396,0.07339573386598722,minmaxnorm
158,Q0,WSJ900404-0128,397,0.07338708513528128,minmaxnorm
158,Q0,WSJ871005-0136,398,0.07337372334011488,minmaxnorm
158,Q0,AP880929-0129,399,0.07335697085630896,minmaxnorm
158,Q0,FR88514-0001,400,0.0732614068032491,minmaxnorm
158,Q0,AP890628-0075,401,0.0728500077165673,minmaxnorm
158,Q0,AP890812-0102,402,0.07282267980718876,minmaxnorm
158,Q0,FR891023-0012,403,0.07279486430769877,minmaxnorm
158,Q0,WSJ911004-0120,404,0.07272424327604242,minmaxnorm
158,Q0,WSJ880718-0077,405,0.0726120027067376,minmaxnorm
158,Q0,WSJ880617-0139,406,0.0725296797180372,minmaxnorm
158,Q0,AP890728-0019,407,0.07248962634978315,minmaxnorm
158,Q0,AP881203-0043,408,0.07211422183393673,minmaxnorm
158,Q0,WSJ871204-0026,409,0.07188943954750962,minmaxnorm
158,Q0,WSJ870311-0117,410,0.07185818191259893,minmaxnorm
158,Q0,WSJ880607-0057,411,0.07168271209474478,minmaxnorm
158,Q0,WSJ870522-0172,412,0.07160930714668834,minmaxnorm
158,Q0,AP890126-0259,413,0.07160889297041645,minmaxnorm
158,Q0,AP890308-0220,414,0.07156615814336229,minmaxnorm
158,Q0,WSJ870529-0084,415,0.07154985314551,minmaxnorm
158,Q0,FR89420-0021,416,0.0715316505582451,minmaxnorm
158,Q0,WSJ911025-0091,417,0.07137676888869046,minmaxnorm
158,Q0,FR89626-0031,418,0.07130403697344864,minmaxnorm
158,Q0,WSJ900803-0037,419,0.07102065114218795,minmaxnorm
158,Q0,WSJ900702-0182,420,0.07099761628547538,minmaxnorm
158,Q0,WSJ871118-0087,421,0.07090924182077267,minmaxnorm
158,Q0,FR89811-0009,422,0.07086757850953194,minmaxnorm
158,Q0,AP881128-0110,423,0.0707675844073341,minmaxnorm
158,Q0,WSJ870710-0079,424,0.07062158461369593,minmaxnorm
158,Q0,FR88211-0352,425,0.07059834468654669,minmaxnorm
158,Q0,WSJ911107-0013,426,0.07056054806659617,minmaxnorm
158,Q0,WSJ890908-0165,427,0.07052395810122655,minmaxnorm
158,Q0,WSJ911101-0087,428,0.07045417181969506,minmaxnorm
158,Q0,WSJ870127-0064,429,0.07039448748049217,minmaxnorm
158,Q0,FR88114-0004,430,0.07035225184342465,minmaxnorm
158,Q0,WSJ900717-0145,431,0.07031994121600571,minmaxnorm
158,Q0,WSJ911011-0110,432,0.07012263717889337,minmaxnorm
158,Q0,WSJ880321-0152,433,0.07011701756268954,minmaxnorm
158,Q0,FR881202-0028,434,0.07006624820877087,minmaxnorm
158,Q0,WSJ870729-0165,435,0.06999229849299966,minmaxnorm
158,Q0,FR89127-0023,436,0.0699634194587311,minmaxnorm
158,Q0,AP881001-0032,437,0.06991564309760488,minmaxnorm
158,Q0,AP891212-0136,438,0.06985775249002427,minmaxnorm
158,Q0,WSJ920203-0144,439,0.0698171659408005,minmaxnorm
158,Q0,FR89313-0007,440,0.06969743914650926,minmaxnorm
158,Q0,FR89124-0018,441,0.06964988930983156,minmaxnorm
158,Q0,AP880422-0150,442,0.06956217442269691,minmaxnorm
158,Q0,WSJ880922-0106,443,0.06936273157913345,minmaxnorm
158,Q0,WSJ890801-0006,444,0.06933368019414038,minmaxnorm
158,Q0,WSJ861211-0090,445,0.06931720630511483,minmaxnorm
158,Q0,WSJ870707-0019,446,0.06927614953484762,minmaxnorm
158,Q0,AP880719-0136,447,0.0692386157803343,minmaxnorm
158,Q0,WSJ900806-0089,448,0.06921870225483578,minmaxnorm
158,Q0,ZF108-172-528,449,0.06897204238537707,minmaxnorm
158,Q0,FR88906-0023,450,0.06889103786750132,minmaxnorm
158,Q0,AP881017-0102,451,0.06874329156610147,minmaxnorm
158,Q0,AP890918-0020,452,0.06872135892739997,minmaxnorm
158,Q0,ZF107-920-998,453,0.06861878650166896,minmaxnorm
158,Q0,WSJ861219-0169,454,0.06855145898999815,minmaxnorm
158,Q0,FR89307-0104,455,0.06852844227962782,minmaxnorm
158,Q0,AP890104-0123,456,0.0685074702579274,minmaxnorm
158,Q0,AP890620-0229,457,0.06846827256016057,minmaxnorm
158,Q0,AP880606-0199,458,0.0682972804509035,minmaxnorm
158,Q0,FR881205-0039,459,0.06820432828782676,minmaxnorm
158,Q0,AP880616-0160,460,0.06817810552698964,minmaxnorm
158,Q0,FR89418-0020,461,0.06808554738691142,minmaxnorm
158,Q0,AP890626-0210,462,0.06806685622720204,minmaxnorm
158,Q0,AP890804-0118,463,0.06806256803087539,minmaxnorm
158,Q0,WSJ871019-0121,464,0.06797735308617411,minmaxnorm
158,Q0,AP891005-0075,465,0.06764733137123863,minmaxnorm
158,Q0,WSJ870813-0114,466,0.06761713139100226,minmaxnorm
158,Q0,FR891031-0017,467,0.06760594296361466,minmaxnorm
158,Q0,FR88805-0026,468,0.06746051895992597,minmaxnorm
158,Q0,AP881004-0089,469,0.06743310095853473,minmaxnorm
158,Q0,FR88823-0007,470,0.06722966306191162,minmaxnorm
158,Q0,WSJ911217-0078,471,0.06718388440057664,minmaxnorm
158,Q0,AP881013-0025,472,0.06714208539769824,minmaxnorm
158,Q0,FR88205-0006,473,0.06711637548347697,minmaxnorm
158,Q0,WSJ870708-0121,474,0.06708170748589679,minmaxnorm
158,Q0,AP880516-0037,475,0.06701084159358917,minmaxnorm
158,Q0,WSJ910726-0107,476,0.06694525000560973,minmaxnorm
158,Q0,AP890404-0022,477,0.06687395757111865,minmaxnorm
158,Q0,WSJ870910-0139,478,0.06669318561193921,minmaxnorm
158,Q0,WSJ910718-0056,479,0.06646918356692828,minmaxnorm
158,Q0,WSJ870724-0138,480,0.06646813307799365,minmaxnorm
158,Q0,AP890525-0036,481,0.06646353717481417,minmaxnorm
158,Q0,WSJ870701-0005,482,0.06635813115730561,minmaxnorm
158,Q0,AP891025-0020,483,0.0663143357107631,minmaxnorm
158,Q0,AP890624-0011,484,0.06625675959845684,minmaxnorm
158,Q0,AP891110-0022,485,0.06618003640666957,minmaxnorm
158,Q0,AP881201-0141,486,0.0661531435749187,minmaxnorm
158,Q0,WSJ890726-0005,487,0.0661503926268935,minmaxnorm
158,Q0,AP890323-0257,488,0.06609068525358452,minmaxnorm
158,Q0,WSJ911031-0084,489,0.06608315448664481,minmaxnorm
158,Q0,AP890626-0211,490,0.06608072172053592,minmaxnorm
158,Q0,AP891029-0034,491,0.06606899494329568,minmaxnorm
158,Q0,WSJ910710-0128,492,0.06603959199732086,minmaxnorm
158,Q0,AP890524-0139,493,0.0658306314307795,minmaxnorm
158,Q0,WSJ870414-0098,494,0.06551651617693946,minmaxnorm
158,Q0,WSJ880321-0121,495,0.06546812946143556,minmaxnorm
158,Q0,AP880304-0151,496,0.0654654609343454,minmaxnorm
158,Q0,AP880916-0007,497,0.06543168247796041,minmaxnorm
158,Q0,WSJ880502-0065,498,0.06542697981730838,minmaxnorm
158,Q0,FR89501-0006,499,0.06525984542927514,minmaxnorm
158,Q0,AP890707-0185,500,0.06508636857453041,minmaxnorm
158,Q0,ZF108-717-238,501,0.06505954577356224,minmaxnorm
158,Q0,FR881107-0026,502,0.06496266169711662,minmaxnorm
158,Q0,AP891106-0129,503,0.06493576168900977,minmaxnorm
158,Q0,AP891109-0014,504,0.06465947525178012,minmaxnorm
158,Q0,FR881021-0029,505,0.06462945750222775,minmaxnorm
158,Q0,AP890203-0020,506,0.06462633427773264,minmaxnorm
158,Q0,AP891130-0142,507,0.0643535037850718,minmaxnorm
158,Q0,AP890416-0043,508,0.06427286311080568,minmaxnorm
158,Q0,AP890327-0016,509,0.06397649908710368,minmaxnorm
158,Q0,WSJ870406-0052,510,0.06391786303839571,minmaxnorm
158,Q0,AP890125-0042,511,0.06390887106094037,minmaxnorm
158,Q0,AP891228-0124,512,0.06389434215438482,minmaxnorm
158,Q0,WSJ871204-0043,513,0.06389012360924991,minmaxnorm
158,Q0,AP881217-0020,514,0.06386928249531969,minmaxnorm
158,Q0,WSJ890728-0099,515,0.0638464401709577,minmaxnorm
158,Q0,AP890805-0076,516,0.0638023252382552,minmaxnorm
158,Q0,WSJ861219-0039,517,0.06359589043388338,minmaxnorm
158,Q0,AP891213-0214,518,0.06341713418797991,minmaxnorm
158,Q0,AP890314-0165,519,0.0633302654463046,minmaxnorm
158,Q0,AP890227-0014,520,0.06332230406589347,minmaxnorm
158,Q0,AP881013-0325,521,0.06296150673266136,minmaxnorm
158,Q0,FR891013-0029,522,0.06293409607231201,minmaxnorm
158,Q0,FR881205-0018,523,0.0627247239012341,minmaxnorm
158,Q0,AP880628-0106,524,0.06265908857474543,minmaxnorm
158,Q0,WSJ880210-0081,525,0.06256816038549011,minmaxnorm
158,Q0,WSJ910822-0048,526,0.06255980824025775,minmaxnorm
158,Q0,AP891214-0137,527,0.06228867885754716,minmaxnorm
158,Q0,FR891107-0022,528,0.0622200823012735,minmaxnorm
158,Q0,WSJ870603-0084,529,0.06212564133284175,minmaxnorm
158,Q0,FR88811-0027,530,0.062017415964624845,minmaxnorm
158,Q0,AP890201-0190,531,0.06196072456551205,minmaxnorm
158,Q0,AP891031-0041,532,0.061957050305252004,minmaxnorm
158,Q0,AP880918-0030,533,0.06195398958967953,minmaxnorm
158,Q0,FR88701-0024,534,0.06193237388895295,minmaxnorm
158,Q0,AP881128-0094,535,0.061703600469042226,minmaxnorm
158,Q0,AP890121-0104,536,0.06147727601777995,minmaxnorm
158,Q0,AP881221-0090,537,0.061448090614072845,minmaxnorm
158,Q0,FR891025-0107,538,0.06144565776819912,minmaxnorm
158,Q0,AP890207-0197,539,0.061443516962529206,minmaxnorm
158,Q0,FR89518-0108,540,0.0611403101248878,minmaxnorm
158,Q0,AP891027-0088,541,0.0609638121798744,minmaxnorm
158,Q0,AP890127-0154,542,0.06092170162238596,minmaxnorm
158,Q0,AP881203-0067,543,0.060850805519205735,minmaxnorm
158,Q0,FR89822-0094,544,0.06079231646772029,minmaxnorm
158,Q0,FR88812-0084,545,0.06073891829356894,minmaxnorm
158,Q0,WSJ871222-0123,546,0.060637240465901236,minmaxnorm
158,Q0,FR88106-0019,547,0.0606141197662644,minmaxnorm
158,Q0,AP880323-0298,548,0.06058987446389876,minmaxnorm
158,Q0,FR88518-0136,549,0.06045962058748287,minmaxnorm
158,Q0,WSJ880913-0110,550,0.06042601353722866,minmaxnorm
158,Q0,FR89816-0027,551,0.06042279554934742,minmaxnorm
158,Q0,FR88929-0129,552,0.06022063771494858,minmaxnorm
158,Q0,AP890928-0121,553,0.060177432832296894,minmaxnorm
158,Q0,AP880217-0175,554,0.06016353851797322,minmaxnorm
158,Q0,AP891122-0091,555,0.0601570338699839,minmaxnorm
158,Q0,WSJ870408-0117,556,0.0600460596452255,minmaxnorm
158,Q0,AP880603-0023,557,0.05987499405776741,minmaxnorm
158,Q0,AP880812-0099,558,0.05973789044257295,minmaxnorm
158,Q0,WSJ870724-0092,559,0.05964806198408724,minmaxnorm
158,Q0,AP890623-0191,560,0.05958816815552667,minmaxnorm
158,Q0,WSJ871223-0173,561,0.059560891719178784,minmaxnorm
158,Q0,WSJ910812-0116,562,0.059543254842374285,minmaxnorm
158,Q0,AP890621-0091,563,0.0593885755207292,minmaxnorm
158,Q0,WSJ870129-0079,564,0.05901353972678054,minmaxnorm
158,Q0,AP880517-0148,565,0.05871787635923836,minmaxnorm
158,Q0,WSJ900627-0014,566,0.0584931236574104,minmaxnorm
158,Q0,WSJ911009-0084,567,0.05848954247311242,minmaxnorm
158,Q0,AP890703-0020,568,0.0584162624451987,minmaxnorm
158,Q0,WSJ900501-0066,569,0.05840010060402028,minmaxnorm
158,Q0,WSJ870309-0085,570,0.05826166164936803,minmaxnorm
158,Q0,WSJ910628-0064,571,0.05822053921594688,minmaxnorm
158,Q0,AP880517-0096,572,0.05820543161378064,minmaxnorm
158,Q0,FR88817-0043,573,0.058033743544800835,minmaxnorm
158,Q0,AP890922-0178,574,0.058020137424999424,minmaxnorm
158,Q0,AP881025-0027,575,0.057912356892135614,minmaxnorm
158,Q0,WSJ870709-0087,576,0.057883574048753744,minmaxnorm
158,Q0,AP880901-0189,577,0.05785294507476248,minmaxnorm
158,Q0,FR89718-0006,578,0.057813227209339776,minmaxnorm
158,Q0,AP891109-0238,579,0.05778283881174675,minmaxnorm
158,Q0,FR88830-0023,580,0.057778743144123096,minmaxnorm
158,Q0,FR891013-0020,581,0.05774372227448102,minmaxnorm
158,Q0,AP890131-0110,582,0.05770736628302383,minmaxnorm
158,Q0,AP880303-0212,583,0.05767711300150271,minmaxnorm
158,Q0,FR881028-0026,584,0.05759714028285383,minmaxnorm
158,Q0,WSJ871005-0101,585,0.05758603969213057,minmaxnorm
158,Q0,WSJ870805-0019,586,0.05758307245513186,minmaxnorm
158,Q0,FR88711-0001,587,0.05750011678333652,minmaxnorm
158,Q0,FR89208-0022,588,0.05729247944371582,minmaxnorm
158,Q0,AP890126-0039,589,0.057228769422725916,minmaxnorm
158,Q0,ZF108-427-732,590,0.05722476520068813,minmaxnorm
158,Q0,WSJ880608-0143,591,0.0570457993803673,minmaxnorm
158,Q0,WSJ920310-0158,592,0.05687703420377378,minmaxnorm
158,Q0,AP891004-0286,593,0.056856167151010245,minmaxnorm
158,Q0,WSJ911028-0121,594,0.0567374944411246,minmaxnorm
158,Q0,FR891031-0131,595,0.05668303945638272,minmaxnorm
158,Q0,FR891011-0010,596,0.05665454163539219,minmaxnorm
158,Q0,AP880811-0157,597,0.05642776577567683,minmaxnorm
158,Q0,FR88829-0023,598,0.05639437260094996,minmaxnorm
158,Q0,FR88512-0113,599,0.05639297478570469,minmaxnorm
158,Q0,WSJ880609-0184,600,0.056281390890069324,minmaxnorm
158,Q0,WSJ870204-0103,601,0.056139305909418326,minmaxnorm
158,Q0,WSJ910306-0067,602,0.056137303727924776,minmaxnorm
158,Q0,ZF207-133-582,603,0.056017541689515254,minmaxnorm
158,Q0,AP880824-0102,604,0.0559749870293377,minmaxnorm
158,Q0,FR881019-0055,605,0.055788775937190956,minmaxnorm
158,Q0,AP880319-0007,606,0.05568581565369269,minmaxnorm
158,Q0,FR89509-0119,607,0.055565033014525186,minmaxnorm
158,Q0,FR88511-0140,608,0.05555596721405697,minmaxnorm
158,Q0,AP890524-0294,609,0.05555190561347864,minmaxnorm
158,Q0,AP891117-0034,610,0.05547753506547829,minmaxnorm
158,Q0,WSJ870924-0131,611,0.05541881889257688,minmaxnorm
158,Q0,AP880307-0156,612,0.055331718566030745,minmaxnorm
158,Q0,FR89418-0028,613,0.055273219001535256,minmaxnorm
158,Q0,FR88607-0002,614,0.05516945415604265,minmaxnorm
158,Q0,FR89706-0074,615,0.05511887914938714,minmaxnorm
158,Q0,WSJ911107-0077,616,0.05499482861073779,minmaxnorm
158,Q0,AP890530-0148,617,0.0548940946339345,minmaxnorm
158,Q0,WSJ910911-0072,618,0.054874910636183015,minmaxnorm
158,Q0,WSJ870706-0071,619,0.05470025128867104,minmaxnorm
158,Q0,WSJ871104-0018,620,0.05462416761760962,minmaxnorm
158,Q0,WSJ880505-0110,621,0.05456572374818118,minmaxnorm
158,Q0,FR88823-0014,622,0.054533171198739065,minmaxnorm
158,Q0,AP881120-0028,623,0.05441262547443727,minmaxnorm
158,Q0,ZF207-661-272,624,0.05439740880782273,minmaxnorm
158,Q0,WSJ870424-0151,625,0.054356324969005644,minmaxnorm
158,Q0,AP880826-0254,626,0.05417496632194848,minmaxnorm
158,Q0,WSJ870326-0014,627,0.05414258378795566,minmaxnorm
158,Q0,FR88809-0007,628,0.054095227996907934,minmaxnorm
158,Q0,WSJ891020-0077,629,0.05404528525172095,minmaxnorm
158,Q0,FR881025-0021,630,0.05401829437035632,minmaxnorm
158,Q0,AP890614-0200,631,0.053990494217130675,minmaxnorm
158,Q0,AP891025-0258,632,0.0538234883457811,minmaxnorm
158,Q0,ZF207-095-260,633,0.05381084071063129,minmaxnorm
158,Q0,FR89421-0118,634,0.05378623509025065,minmaxnorm
158,Q0,WSJ880707-0130,635,0.053773738193640515,minmaxnorm
158,Q0,WSJ900615-0145,636,0.053591634655648555,minmaxnorm
158,Q0,WSJ910307-0054,637,0.053554951101011695,minmaxnorm
158,Q0,AP890628-0200,638,0.05352673070462747,minmaxnorm
158,Q0,AP880227-0100,639,0.05347491329675166,minmaxnorm
158,Q0,AP880227-0099,640,0.053470956988966666,minmaxnorm
158,Q0,FR88607-0003,641,0.053430499810306814,minmaxnorm
158,Q0,WSJ900618-0133,642,0.05334240701712048,minmaxnorm
158,Q0,WSJ890815-0108,643,0.05331236472112376,minmaxnorm
158,Q0,AP890703-0236,644,0.05317111762719569,minmaxnorm
158,Q0,FR891018-0010,645,0.05316074073133663,minmaxnorm
158,Q0,WSJ911226-0001,646,0.05310147007434582,minmaxnorm
158,Q0,WSJ880323-0110,647,0.053070019921952434,minmaxnorm
158,Q0,WSJ910627-0089,648,0.05300461970393815,minmaxnorm
158,Q0,ZF109-617-837,649,0.05299636714923457,minmaxnorm
158,Q0,WSJ880428-0029,650,0.05292757133529376,minmaxnorm
158,Q0,WSJ870610-0114,651,0.05288210571673621,minmaxnorm
158,Q0,FR89127-0025,652,0.05283861670933995,minmaxnorm
158,Q0,AP881214-0026,653,0.052668790283372985,minmaxnorm
158,Q0,WSJ920207-0101,654,0.05263516971721655,minmaxnorm
158,Q0,AP890515-0116,655,0.05261552972000951,minmaxnorm
158,Q0,WSJ870122-0026,656,0.05259951579584739,minmaxnorm
158,Q0,AP881129-0259,657,0.05259273607573547,minmaxnorm
158,Q0,WSJ910524-0066,658,0.052589169814113476,minmaxnorm
158,Q0,WSJ910320-0002,659,0.0524396688942196,minmaxnorm
158,Q0,FR88518-0011,660,0.052421097880989066,minmaxnorm
158,Q0,FR89316-0002,661,0.05231092046396126,minmaxnorm
158,Q0,WSJ880331-0025,662,0.05230613236809088,minmaxnorm
158,Q0,WSJ911015-0001,663,0.05228778606907311,minmaxnorm
158,Q0,AP881012-0206,664,0.05223317537992824,minmaxnorm
158,Q0,WSJ871224-0113,665,0.052212629605258715,minmaxnorm
158,Q0,WSJ870305-0116,666,0.052047964352894695,minmaxnorm
158,Q0,WSJ870720-0034,667,0.051950604542656084,minmaxnorm
158,Q0,WSJ880113-0158,668,0.051883255813238,minmaxnorm
158,Q0,AP890724-0155,669,0.05178657719597452,minmaxnorm
158,Q0,AP880901-0267,670,0.051755232718432145,minmaxnorm
158,Q0,AP880703-0060,671,0.05170969378334608,minmaxnorm
158,Q0,WSJ910326-0091,672,0.05156000227264281,minmaxnorm
158,Q0,WSJ910129-0100,673,0.05142176433160013,minmaxnorm
158,Q0,WSJ910731-0087,674,0.05140333385220355,minmaxnorm
158,Q0,WSJ861210-0186,675,0.05136309016668148,minmaxnorm
158,Q0,WSJ870512-0102,676,0.05134342682987373,minmaxnorm
158,Q0,FR881021-0022,677,0.05125034679432918,minmaxnorm
158,Q0,AP880424-0006,678,0.05119778240587513,minmaxnorm
158,Q0,FR88516-0128,679,0.051000119163202275,minmaxnorm
158,Q0,AP890623-0131,680,0.05092803202254625,minmaxnorm
158,Q0,WSJ900814-0107,681,0.05088899362796205,minmaxnorm
158,Q0,WSJ880909-0011,682,0.0508060573799048,minmaxnorm
158,Q0,WSJ871026-0041,683,0.050791279466095886,minmaxnorm
158,Q0,WSJ910815-0036,684,0.050725019951239333,minmaxnorm
158,Q0,WSJ910515-0126,685,0.05058995851777702,minmaxnorm
158,Q0,AP881023-0105,686,0.050472301327164716,minmaxnorm
158,Q0,FR891113-0106,687,0.05045166577401442,minmaxnorm
158,Q0,FR89720-0022,688,0.05032530151256862,minmaxnorm
158,Q0,FR89803-0012,689,0.050267761838796145,minmaxnorm
158,Q0,WSJ870218-0067,690,0.05023522097219434,minmaxnorm
158,Q0,FR89104-0015,691,0.050207169196537234,minmaxnorm
158,Q0,AP880315-0202,692,0.05017769175497418,minmaxnorm
158,Q0,FR881026-0023,693,0.05014253474732876,minmaxnorm
158,Q0,AP881031-0105,694,0.05009066171303071,minmaxnorm
158,Q0,AP890205-0059,695,0.050078814532333815,minmaxnorm
158,Q0,FR88602-0011,696,0.05007142056814242,minmaxnorm
158,Q0,AP890301-0179,697,0.050065205760665386,minmaxnorm
158,Q0,WSJ880906-0077,698,0.05006470074128071,minmaxnorm
158,Q0,FR88926-0025,699,0.05005111635329354,minmaxnorm
158,Q0,WSJ870518-0056,700,0.050019426902784325,minmaxnorm
158,Q0,AP891110-0138,701,0.05001053121710294,minmaxnorm
158,Q0,AP881029-0075,702,0.04992100562084431,minmaxnorm
158,Q0,WSJ920225-0016,703,0.049908784443111524,minmaxnorm
158,Q0,AP890815-0117,704,0.04988820117438295,minmaxnorm
158,Q0,ZF109-439-675,705,0.049884108491126206,minmaxnorm
158,Q0,AP891020-0130,706,0.049836742319526804,minmaxnorm
158,Q0,WSJ880916-0067,707,0.04971155507832326,minmaxnorm
158,Q0,FR89522-0106,708,0.04963492449614058,minmaxnorm
158,Q0,FR881121-0036,709,0.049621720371072355,minmaxnorm
158,Q0,AP881118-0020,710,0.04955097597877859,minmaxnorm
158,Q0,WSJ920304-0162,711,0.049543739094491765,minmaxnorm
158,Q0,WSJ900518-0159,712,0.04952745812892076,minmaxnorm
158,Q0,WSJ910104-0061,713,0.04934051014157023,minmaxnorm
158,Q0,WSJ870805-0079,714,0.049339801412135814,minmaxnorm
158,Q0,WSJ910314-0021,715,0.049264298796168594,minmaxnorm
158,Q0,AP881109-0243,716,0.049250804632293387,minmaxnorm
158,Q0,WSJ870917-0161,717,0.04919897125709979,minmaxnorm
158,Q0,AP890724-0153,718,0.04908242707935835,minmaxnorm
158,Q0,AP890131-0032,719,0.04898105173832471,minmaxnorm
158,Q0,AP881214-0020,720,0.04894546556634108,minmaxnorm
158,Q0,FR88831-0026,721,0.048743789612636104,minmaxnorm
158,Q0,WSJ890927-0164,722,0.04865067286688849,minmaxnorm
158,Q0,AP880628-0175,723,0.04856672962944365,minmaxnorm
158,Q0,AP890125-0205,724,0.04848153875586333,minmaxnorm
158,Q0,FR881021-0017,725,0.04843236706256485,minmaxnorm
158,Q0,AP890627-0207,726,0.04830553514612218,minmaxnorm
158,Q0,FR89203-0001,727,0.04821800987616937,minmaxnorm
158,Q0,WSJ900829-0160,728,0.0479929952598509,minmaxnorm
158,Q0,FR89105-0068,729,0.04790279940677414,minmaxnorm
158,Q0,WSJ900716-0095,730,0.047894290833578226,minmaxnorm
158,Q0,AP880225-0185,731,0.047889629927489345,minmaxnorm
158,Q0,AP891116-0121,732,0.04781852506685959,minmaxnorm
158,Q0,FR891108-0005,733,0.047672659193736346,minmaxnorm
158,Q0,WSJ871001-0101,734,0.047631240097310616,minmaxnorm
158,Q0,AP880318-0232,735,0.04750763828675613,minmaxnorm
158,Q0,FR88713-0110,736,0.047491837825982985,minmaxnorm
158,Q0,AP890524-0135,737,0.04746612621273101,minmaxnorm
158,Q0,AP890103-0125,738,0.04738428992607407,minmaxnorm
158,Q0,AP880322-0098,739,0.04725309610503273,minmaxnorm
158,Q0,FR88908-0008,740,0.04716555762211046,minmaxnorm
158,Q0,AP890303-0161,741,0.04710609712419238,minmaxnorm
158,Q0,ZF207-794-716,742,0.04706813682964438,minmaxnorm
158,Q0,AP890118-0113,743,0.047052166949615934,minmaxnorm
158,Q0,FR88922-0020,744,0.047035552960263044,minmaxnorm
158,Q0,AP890626-0002,745,0.047022626236433974,minmaxnorm
158,Q0,WSJ910729-0125,746,0.04700065881443811,minmaxnorm
158,Q0,AP891106-0012,747,0.046977402641772734,minmaxnorm
158,Q0,WSJ900425-0106,748,0.046972946120246314,minmaxnorm
158,Q0,FR89522-0016,749,0.046914440687536,minmaxnorm
158,Q0,WSJ870819-0125,750,0.04684596409968055,minmaxnorm
158,Q0,AP880917-0014,751,0.046776496722294975,minmaxnorm
158,Q0,AP891001-0036,752,0.0466761653830777,minmaxnorm
158,Q0,AP891024-0129,753,0.046504022191070554,minmaxnorm
158,Q0,AP890202-0226,754,0.046435378084105146,minmaxnorm
158,Q0,WSJ910628-0043,755,0.04639251951807867,minmaxnorm
158,Q0,FR89306-0009,756,0.04635617014353951,minmaxnorm
158,Q0,AP890410-0043,757,0.046164208531899384,minmaxnorm
158,Q0,WSJ910725-0100,758,0.046157886501503,minmaxnorm
158,Q0,FR881028-0029,759,0.04614124469674329,minmaxnorm
158,Q0,ZF207-322-828,760,0.04603146925904455,minmaxnorm
158,Q0,FR89130-0036,761,0.04598766203492701,minmaxnorm
158,Q0,WSJ880728-0094,762,0.04592042194193095,minmaxnorm
158,Q0,AP880519-0147,763,0.045897213654076854,minmaxnorm
158,Q0,WSJ900521-0005,764,0.04584654986579979,minmaxnorm
158,Q0,WSJ871022-0053,765,0.04575869918852983,minmaxnorm
158,Q0,AP881213-0185,766,0.04575828077467782,minmaxnorm
158,Q0,FR89629-0002,767,0.045757946422710534,minmaxnorm
158,Q0,AP891020-0132,768,0.04574512116592111,minmaxnorm
158,Q0,FR88121-0034,769,0.04574319903340033,minmaxnorm
158,Q0,WSJ910715-0099,770,0.045642235178903236,minmaxnorm
158,Q0,AP880922-0179,771,0.04560477509304067,minmaxnorm
158,Q0,AP891013-0005,772,0.045475657538745745,minmaxnorm
158,Q0,FR88907-0036,773,0.04546503959698378,minmaxnorm
158,Q0,AP890127-0113,774,0.04539073154589827,minmaxnorm
158,Q0,FR88516-0044,775,0.04537746023558365,minmaxnorm
158,Q0,AP881119-0004,776,0.045342791010188455,minmaxnorm
158,Q0,AP880629-0211,777,0.045328440692020265,minmaxnorm
158,Q0,FR89818-0030,778,0.04522502577974442,minmaxnorm
158,Q0,FR89315-0032,779,0.04521569115306792,minmaxnorm
158,Q0,FR89628-0021,780,0.04521560739753934,minmaxnorm
158,Q0,AP891113-0117,781,0.04519087103783353,minmaxnorm
158,Q0,AP881122-0166,782,0.04513390979194537,minmaxnorm
158,Q0,ZF108-279-892,783,0.04510509288286397,minmaxnorm
158,Q0,WSJ880706-0006,784,0.045053384022318545,minmaxnorm
158,Q0,AP890721-0092,785,0.044926834909660006,minmaxnorm
158,Q0,AP890916-0068,786,0.044856751128990555,minmaxnorm
158,Q0,FR881021-0114,787,0.044822812995569436,minmaxnorm
158,Q0,FR89421-0021,788,0.04468161754857259,minmaxnorm
158,Q0,FR88909-0013,789,0.04458840784583411,minmaxnorm
158,Q0,WSJ870924-0096,790,0.04448274648144201,minmaxnorm
158,Q0,WSJ890808-0087,791,0.044473668810702444,minmaxnorm
158,Q0,WSJ900430-0047,792,0.044433776283120306,minmaxnorm
158,Q0,WSJ880301-0162,793,0.044424798674324834,minmaxnorm
158,Q0,AP890206-0200,794,0.044404212216284766,minmaxnorm
158,Q0,FR89602-0003,795,0.04433405089929263,minmaxnorm
158,Q0,DOE1-73-1129,796,0.044191699124397944,minmaxnorm
158,Q0,AP881110-0055,797,0.044165690433725154,minmaxnorm
158,Q0,AP880902-0129,798,0.04401057562976019,minmaxnorm
158,Q0,AP890117-0133,799,0.043964914210532904,minmaxnorm
158,Q0,FR881121-0032,800,0.043803856302151264,minmaxnorm
158,Q0,AP890329-0105,801,0.04370809137332016,minmaxnorm
158,Q0,AP890316-0135,802,0.04368331178906347,minmaxnorm
158,Q0,AP880603-0105,803,0.043596522627417804,minmaxnorm
158,Q0,FR89209-0019,804,0.04349085052371625,minmaxnorm
158,Q0,WSJ910816-0162,805,0.04330878821384971,minmaxnorm
158,Q0,AP890206-0096,806,0.04330250801461994,minmaxnorm
158,Q0,AP890723-0047,807,0.04327777242571725,minmaxnorm
158,Q0,AP890514-0031,808,0.04325903481990593,minmaxnorm
158,Q0,AP881119-0085,809,0.0432166769138868,minmaxnorm
158,Q0,WSJ870810-0124,810,0.04315550492596342,minmaxnorm
158,Q0,FR89203-0031,811,0.04315207968338842,minmaxnorm
158,Q0,FR88708-0004,812,0.04314730493183353,minmaxnorm
158,Q0,AP890912-0018,813,0.043120515169465884,minmaxnorm
158,Q0,WSJ871001-0151,814,0.04311159900485266,minmaxnorm
158,Q0,AP890417-0079,815,0.04302600115724261,minmaxnorm
158,Q0,AP890325-0064,816,0.04299681114967564,minmaxnorm
158,Q0,FR88926-0030,817,0.04297460080269844,minmaxnorm
158,Q0,FR88728-0004,818,0.042971792288712625,minmaxnorm
158,Q0,WSJ880219-0074,819,0.04297040195605059,minmaxnorm
158,Q0,FR89414-0002,820,0.04292236973854603,minmaxnorm
158,Q0,WSJ910204-0016,821,0.04290576834789809,minmaxnorm
158,Q0,AP890413-0242,822,0.04285255529954882,minmaxnorm
158,Q0,DOE1-33-0641,823,0.04279039190794838,minmaxnorm
158,Q0,AP891018-0039,824,0.042676968580206774,minmaxnorm
158,Q0,AP891219-0098,825,0.042628205390490344,minmaxnorm
158,Q0,FR89502-0016,826,0.04244592235003953,minmaxnorm
158,Q0,AP880513-0053,827,0.04234385032150128,minmaxnorm
158,Q0,AP890128-0017,828,0.042246156941999014,minmaxnorm
158,Q0,AP880420-0024,829,0.042237127451369996,minmaxnorm
158,Q0,WSJ881111-0047,830,0.042227909908130364,minmaxnorm
158,Q0,AP880726-0168,831,0.042043627372053693,minmaxnorm
158,Q0,WSJ870105-0031,832,0.042003491109505055,minmaxnorm
158,Q0,WSJ880420-0004,833,0.041992936817589636,minmaxnorm
158,Q0,WSJ910904-0039,834,0.04197365370419393,minmaxnorm
158,Q0,AP880629-0225,835,0.04191189516513134,minmaxnorm
158,Q0,AP890907-0124,836,0.041904528672109746,minmaxnorm
158,Q0,AP890810-0190,837,0.04190019583353008,minmaxnorm
158,Q0,DOE1-57-0266,838,0.04189508797892433,minmaxnorm
158,Q0,FR88125-0012,839,0.04181584122470542,minmaxnorm
158,Q0,AP891014-0086,840,0.04181345788216916,minmaxnorm
158,Q0,ZF108-101-242,841,0.04179145341084256,minmaxnorm
158,Q0,AP880425-0197,842,0.04177575807991968,minmaxnorm
158,Q0,AP891017-0229,843,0.04172766665489577,minmaxnorm
158,Q0,WSJ881111-0139,844,0.041722517131393105,minmaxnorm
158,Q0,WSJ880401-0043,845,0.0416862798561523,minmaxnorm
158,Q0,WSJ870512-0006,846,0.04168499076612992,minmaxnorm
158,Q0,AP880606-0019,847,0.04167456895662479,minmaxnorm
158,Q0,AP891118-0037,848,0.04164572320321366,minmaxnorm
158,Q0,WSJ880705-0064,849,0.04162414665376388,minmaxnorm
158,Q0,WSJ910506-0149,850,0.041489871192451136,minmaxnorm
158,Q0,FR89119-0030,851,0.04134379675233874,minmaxnorm
158,Q0,WSJ871228-0091,852,0.0412944561596128,minmaxnorm
158,Q0,AP880701-0014,853,0.04129226843814565,minmaxnorm
158,Q0,DOE2-68-0149,854,0.04125217557928035,minmaxnorm
158,Q0,AP881019-0068,855,0.04123604452120609,minmaxnorm
158,Q0,FR88928-0034,856,0.04117917986062292,minmaxnorm
158,Q0,WSJ901224-0070,857,0.0411277835451812,minmaxnorm
158,Q0,WSJ880226-0117,858,0.04111437526765243,minmaxnorm
158,Q0,WSJ900516-0155,859,0.04108784070558538,minmaxnorm
158,Q0,AP891018-0159,860,0.04108039594294022,minmaxnorm
158,Q0,FR881207-0031,861,0.04104019575770514,minmaxnorm
158,Q0,FR88721-0120,862,0.04101525758107344,minmaxnorm
158,Q0,AP881123-0163,863,0.04095125222644121,minmaxnorm
158,Q0,FR89216-0016,864,0.040910876623317,minmaxnorm
158,Q0,WSJ870715-0102,865,0.04090048562264751,minmaxnorm
158,Q0,WSJ880705-0063,866,0.04083149188837515,minmaxnorm
158,Q0,WSJ870701-0130,867,0.04082136833447819,minmaxnorm
158,Q0,AP890207-0092,868,0.040739996578604616,minmaxnorm
158,Q0,AP890226-0062,869,0.040717363133474495,minmaxnorm
158,Q0,AP890215-0100,870,0.040686124612916576,minmaxnorm
158,Q0,AP891011-0034,871,0.04063873177332001,minmaxnorm
158,Q0,AP891105-0099,872,0.04060421259011843,minmaxnorm
158,Q0,WSJ870312-0011,873,0.040584887079422836,minmaxnorm
158,Q0,AP881204-0057,874,0.04056255156111645,minmaxnorm
158,Q0,AP890222-0125,875,0.04055449985449841,minmaxnorm
158,Q0,WSJ871208-0014,876,0.040520911166540566,minmaxnorm
158,Q0,WSJ880329-0108,877,0.04048826135742026,minmaxnorm
158,Q0,AP890812-0048,878,0.04039654537562068,minmaxnorm
158,Q0,FR89324-0031,879,0.04033670735481859,minmaxnorm
158,Q0,AP890307-0155,880,0.04029089611244264,minmaxnorm
158,Q0,WSJ870507-0006,881,0.04028196850226811,minmaxnorm
158,Q0,ZF207-768-720,882,0.04027938614865697,minmaxnorm
158,Q0,AP890727-0095,883,0.04021255322448092,minmaxnorm
158,Q0,FR89131-0157,884,0.04015702957610143,minmaxnorm
158,Q0,AP880605-0026,885,0.04012364708785199,minmaxnorm
158,Q0,FR881017-0018,886,0.04007220071758205,minmaxnorm
158,Q0,FR891024-0022,887,0.040063784400896675,minmaxnorm
158,Q0,WSJ900515-0138,888,0.04004098871148833,minmaxnorm
158,Q0,WSJ880812-0141,889,0.04000010561163002,minmaxnorm
158,Q0,FR891128-0030,890,0.03999656660930089,minmaxnorm
158,Q0,AP890629-0173,891,0.03996402107918367,minmaxnorm
158,Q0,AP880929-0184,892,0.03984422524054282,minmaxnorm
158,Q0,AP890814-0186,893,0.039812626837488437,minmaxnorm
158,Q0,AP880824-0030,894,0.03979895923151794,minmaxnorm
158,Q0,AP880615-0137,895,0.039760289792737685,minmaxnorm
158,Q0,AP890804-0064,896,0.03975143873048076,minmaxnorm
158,Q0,WSJ870722-0120,897,0.039743625016583496,minmaxnorm
158,Q0,FR89727-0003,898,0.03964868129447974,minmaxnorm
158,Q0,FR89626-0137,899,0.03964849354141465,minmaxnorm
158,Q0,AP890412-0181,900,0.03960266967567093,minmaxnorm
158,Q0,AP880813-0104,901,0.03955469991019737,minmaxnorm
158,Q0,AP881227-0014,902,0.039539670937756524,minmaxnorm
158,Q0,WSJ910405-0141,903,0.03953899363814538,minmaxnorm
158,Q0,AP890605-0060,904,0.03950069011582182,minmaxnorm
158,Q0,AP880519-0127,905,0.0394899853325294,minmaxnorm
158,Q0,FR88208-0011,906,0.039425209124092406,minmaxnorm
158,Q0,AP880503-0037,907,0.039391318557244086,minmaxnorm
158,Q0,FR89817-0044,908,0.03937905696432764,minmaxnorm
158,Q0,FR881207-0029,909,0.039348334562979245,minmaxnorm
158,Q0,FR88815-0023,910,0.03933599755329789,minmaxnorm
158,Q0,WSJ910314-0001,911,0.03927790903868963,minmaxnorm
158,Q0,AP880315-0193,912,0.03925395764824478,minmaxnorm
158,Q0,AP880830-0015,913,0.039241674782409246,minmaxnorm
158,Q0,WSJ900807-0034,914,0.03922765196925201,minmaxnorm
158,Q0,FR88805-0030,915,0.03913965476356222,minmaxnorm
158,Q0,FR88721-0032,916,0.039115335872765555,minmaxnorm
158,Q0,AP880311-0268,917,0.03907879589498515,minmaxnorm
158,Q0,FR88608-0016,918,0.039050913904667056,minmaxnorm
158,Q0,AP881013-0155,919,0.039017919395386895,minmaxnorm
158,Q0,AP880712-0193,920,0.038989580521253446,minmaxnorm
158,Q0,AP881005-0121,921,0.038971616321289704,minmaxnorm
158,Q0,WSJ900522-0082,922,0.03896018504845895,minmaxnorm
158,Q0,WSJ900723-0143,923,0.03892542017014731,minmaxnorm
158,Q0,WSJ900608-0126,924,0.03890883440890789,minmaxnorm
158,Q0,AP890718-0174,925,0.03871412285676056,minmaxnorm
158,Q0,WSJ911216-0082,926,0.03869614845345951,minmaxnorm
158,Q0,AP890825-0076,927,0.03862586521235844,minmaxnorm
158,Q0,AP881006-0094,928,0.0385098709098417,minmaxnorm
158,Q0,FR88929-0018,929,0.03845318487687622,minmaxnorm
158,Q0,WSJ911107-0097,930,0.03844056875786423,minmaxnorm
158,Q0,FR881101-0022,931,0.038380061382028915,minmaxnorm
158,Q0,FR88212-0109,932,0.038368729299265145,minmaxnorm
158,Q0,AP891027-0221,933,0.038356814162138465,minmaxnorm
158,Q0,AP890104-0075,934,0.038346143439611416,minmaxnorm
158,Q0,FR89302-0028,935,0.038345282086149395,minmaxnorm
158,Q0,AP890309-0210,936,0.03826603618074287,minmaxnorm
158,Q0,WSJ880122-0172,937,0.03821894112474828,minmaxnorm
158,Q0,FR88926-0045,938,0.03818965105788443,minmaxnorm
158,Q0,AP891116-0186,939,0.038169187345160956,minmaxnorm
158,Q0,FR89818-0019,940,0.03814119893657352,minmaxnorm
158,Q0,WSJ880129-0161,941,0.03812569037295373,minmaxnorm
158,Q0,WSJ911016-0126,942,0.03808009699619648,minmaxnorm
158,Q0,AP890629-0156,943,0.038070019059416926,minmaxnorm
158,Q0,WSJ910926-0125,944,0.038069675684319605,minmaxnorm
158,Q0,AP890724-0014,945,0.038052531854765044,minmaxnorm
158,Q0,WSJ871229-0047,946,0.03805046603039081,minmaxnorm
158,Q0,AP890103-0121,947,0.03803924794864234,minmaxnorm
158,Q0,WSJ880615-0153,948,0.03799687203306194,minmaxnorm
158,Q0,WSJ871204-0090,949,0.03798226081507169,minmaxnorm
158,Q0,AP890323-0109,950,0.03797227782674287,minmaxnorm
158,Q0,FR89327-0104,951,0.037940144873030546,minmaxnorm
158,Q0,WSJ920226-0087,952,0.03791551216998147,minmaxnorm
158,Q0,AP881017-0263,953,0.03789536626372431,minmaxnorm
158,Q0,AP880308-0184,954,0.03789448800721177,minmaxnorm
158,Q0,ZF108-625-252,955,0.037830839604053375,minmaxnorm
158,Q0,WSJ871117-0032,956,0.03781598640292459,minmaxnorm
158,Q0,AP890629-0119,957,0.03781463846448896,minmaxnorm
158,Q0,AP880424-0037,958,0.037788870477743805,minmaxnorm
158,Q0,AP880825-0131,959,0.037768152414328515,minmaxnorm
158,Q0,WSJ870106-0117,960,0.03776169523236611,minmaxnorm
158,Q0,AP880802-0005,961,0.03769915890754573,minmaxnorm
158,Q0,AP880218-0137,962,0.03765604736181814,minmaxnorm
158,Q0,AP880219-0031,963,0.0376534202491629,minmaxnorm
158,Q0,AP881003-0172,964,0.03763427380066996,minmaxnorm
158,Q0,FR89303-0113,965,0.037599338099663496,minmaxnorm
158,Q0,WSJ880822-0142,966,0.037571723349588124,minmaxnorm
158,Q0,WSJ881101-0076,967,0.03757132961445733,minmaxnorm
158,Q0,WSJ880615-0086,968,0.03755717961570626,minmaxnorm
158,Q0,WSJ910628-0099,969,0.03755703387514032,minmaxnorm
158,Q0,WSJ910925-0089,970,0.03754836728323412,minmaxnorm
158,Q0,WSJ870902-0096,971,0.03754743005142121,minmaxnorm
158,Q0,AP880905-0029,972,0.037543264926436754,minmaxnorm
158,Q0,ZF108-229-938,973,0.03753363450590396,minmaxnorm
158,Q0,DOE1-34-0654,974,0.03752809541568407,minmaxnorm
158,Q0,WSJ881012-0154,975,0.037480016718836696,minmaxnorm
158,Q0,AP880510-0026,976,0.03744028129320426,minmaxnorm
158,Q0,AP881016-0014,977,0.03737907270034416,minmaxnorm
158,Q0,FR89118-0088,978,0.037298342922057415,minmaxnorm
158,Q0,WSJ871005-0044,979,0.03727519830899258,minmaxnorm
158,Q0,AP880920-0075,980,0.03722134269186024,minmaxnorm
158,Q0,WSJ910703-0134,981,0.03721998561851627,minmaxnorm
158,Q0,WSJ910314-0118,982,0.037092303382486744,minmaxnorm
158,Q0,AP890531-0089,983,0.037065636705030165,minmaxnorm
158,Q0,FR89714-0022,984,0.037060528672074725,minmaxnorm
158,Q0,AP890628-0213,985,0.03705238018408066,minmaxnorm
158,Q0,DOE1-69-1147,986,0.0370379779337394,minmaxnorm
158,Q0,WSJ900720-0063,987,0.03700825349202396,minmaxnorm
158,Q0,FR88711-0027,988,0.03698933391052491,minmaxnorm
158,Q0,WSJ880914-0003,989,0.036947284682458975,minmaxnorm
158,Q0,WSJ871015-0169,990,0.03691991325742377,minmaxnorm
158,Q0,AP880616-0073,991,0.03691445067946394,minmaxnorm
158,Q0,WSJ891027-0035,992,0.036908457998688866,minmaxnorm
158,Q0,AP890521-0081,993,0.036884029811251454,minmaxnorm
158,Q0,FR89627-0133,994,0.0368819573916454,minmaxnorm
158,Q0,ZF207-318-043,995,0.03687078807213838,minmaxnorm
158,Q0,WSJ880815-0140,996,0.03678459630774586,minmaxnorm
158,Q0,WSJ870514-0088,997,0.036722631866849376,minmaxnorm
158,Q0,AP890107-0068,998,0.036711092927165574,minmaxnorm
158,Q0,AP890728-0105,999,0.0366960674860001,minmaxnorm
158,Q0,WSJ910507-0078,1000,0.036673947542401414,minmaxnorm
161,Q0,DOE2-29-1033,1,0.2191661159053565,minmaxnorm
161,Q0,WSJ871102-0174,2,0.20763332557113798,minmaxnorm
161,Q0,AP890301-0217,3,0.20735224161326896,minmaxnorm
161,Q0,AP890211-0104,4,0.20582290639004686,minmaxnorm
161,Q0,AP880502-0027,5,0.20309687226206635,minmaxnorm
161,Q0,AP890511-0040,6,0.2004920065867754,minmaxnorm
161,Q0,AP890316-0108,7,0.20019502065750067,minmaxnorm
161,Q0,AP890712-0189,8,0.1986775208741432,minmaxnorm
161,Q0,AP880607-0032,9,0.19818365549509925,minmaxnorm
161,Q0,DOE2-80-0897,10,0.19749157824130995,minmaxnorm
161,Q0,DOE2-14-0412,11,0.1971122512973469,minmaxnorm
161,Q0,AP890913-0047,12,0.19649375132519886,minmaxnorm
161,Q0,WSJ880729-0030,13,0.1963750020254528,minmaxnorm
161,Q0,AP890210-0133,14,0.19485181079737476,minmaxnorm
161,Q0,AP890922-0158,15,0.19415809300498255,minmaxnorm
161,Q0,WSJ870323-0077,16,0.19384112891911287,minmaxnorm
161,Q0,WSJ870921-0056,17,0.1936494455191089,minmaxnorm
161,Q0,WSJ900405-0130,18,0.1932854127264488,minmaxnorm
161,Q0,AP880427-0132,19,0.19299223901586293,minmaxnorm
161,Q0,WSJ870917-0125,20,0.19250722190057254,minmaxnorm
161,Q0,AP881005-0021,21,0.19227519535821072,minmaxnorm
161,Q0,AP890912-0171,22,0.19225517906255996,minmaxnorm
161,Q0,AP890131-0169,23,0.1919553972705129,minmaxnorm
161,Q0,AP880714-0017,24,0.19072351781410612,minmaxnorm
161,Q0,AP890609-0173,25,0.1895221027734603,minmaxnorm
161,Q0,AP890612-0159,26,0.18908900867289094,minmaxnorm
161,Q0,AP890612-0097,27,0.18872113553372932,minmaxnorm
161,Q0,DOE1-76-0905,28,0.1884287332741187,minmaxnorm
161,Q0,AP880407-0194,29,0.1883897904595367,minmaxnorm
161,Q0,AP890922-0109,30,0.1883451715986904,minmaxnorm
161,Q0,AP890210-0081,31,0.1880704234093422,minmaxnorm
161,Q0,AP890908-0036,32,0.18806635944837355,minmaxnorm
161,Q0,AP890101-0043,33,0.18738935611190607,minmaxnorm
161,Q0,AP890613-0024,34,0.18695122715848012,minmaxnorm
161,Q0,WSJ871023-0094,35,0.18623944159260145,minmaxnorm
161,Q0,AP880427-0255,36,0.18610620342007675,minmaxnorm
161,Q0,AP880606-0011,37,0.18571118490798139,minmaxnorm
161,Q0,AP880606-0098,38,0.18569919339157548,minmaxnorm
161,Q0,WSJ870923-0090,39,0.18567799909201374,minmaxnorm
161,Q0,DOE1-05-1090,40,0.18551363981495886,minmaxnorm
161,Q0,WSJ870122-0008,41,0.18410243023968975,minmaxnorm
161,Q0,DOE1-87-1134,42,0.18354439071178583,minmaxnorm
161,Q0,WSJ870407-0080,43,0.18349976850537647,minmaxnorm
161,Q0,DOE1-44-0878,44,0.1825875287499091,minmaxnorm
161,Q0,WSJ880428-0035,45,0.18253101958117138,minmaxnorm
161,Q0,AP891115-0023,46,0.18248250436443636,minmaxnorm
161,Q0,AP880428-0021,47,0.18230497802040904,minmaxnorm
161,Q0,WSJ890825-0003,48,0.18229253987728833,minmaxnorm
161,Q0,AP890307-0227,49,0.18204070377813272,minmaxnorm
161,Q0,AP880906-0018,50,0.18165461086835497,minmaxnorm
161,Q0,AP890430-0057,51,0.18141469323139764,minmaxnorm
161,Q0,AP880827-0090,52,0.18130120575202058,minmaxnorm
161,Q0,WSJ900406-0127,53,0.18119143273089724,minmaxnorm
161,Q0,AP880215-0153,54,0.18089585483344148,minmaxnorm
161,Q0,AP880505-0011,55,0.18087803486190554,minmaxnorm
161,Q0,AP880426-0213,56,0.18036972506715004,minmaxnorm
161,Q0,AP880422-0238,57,0.18030054661979492,minmaxnorm
161,Q0,AP880710-0051,58,0.17992904787904176,minmaxnorm
161,Q0,AP890210-0201,59,0.1789704359752943,minmaxnorm
161,Q0,AP890324-0216,60,0.17857394248924965,minmaxnorm
161,Q0,DOE1-46-0346,61,0.1783755156476941,minmaxnorm
161,Q0,AP880516-0211,62,0.17834672502593651,minmaxnorm
161,Q0,WSJ891102-0045,63,0.17825932829205726,minmaxnorm
161,Q0,AP881006-0026,64,0.1779307381808215,minmaxnorm
161,Q0,DOE2-53-0984,65,0.17789685498238764,minmaxnorm
161,Q0,DOE2-64-0209,66,0.17749371715482634,minmaxnorm
161,Q0,AP880901-0020,67,0.1774592941368617,minmaxnorm
161,Q0,AP880426-0153,68,0.17743953933696818,minmaxnorm
161,Q0,WSJ911030-0105,69,0.17701215088683403,minmaxnorm
161,Q0,DOE1-50-0958,70,0.17695681396661211,minmaxnorm
161,Q0,AP880630-0119,71,0.17685769835111262,minmaxnorm
161,Q0,AP880523-0159,72,0.17682001316802795,minmaxnorm
161,Q0,AP880919-0020,73,0.1764321431816145,minmaxnorm
161,Q0,AP881102-0020,74,0.17581411858769838,minmaxnorm
161,Q0,AP890421-0191,75,0.1752529017731307,minmaxnorm
161,Q0,AP890721-0178,76,0.17475363629120153,minmaxnorm
161,Q0,AP881010-0012,77,0.17463260233854222,minmaxnorm
161,Q0,AP890819-0067,78,0.17459978567704323,minmaxnorm
161,Q0,AP890725-0029,79,0.17407057048000732,minmaxnorm
161,Q0,DOE2-69-1001,80,0.17391023849776538,minmaxnorm
161,Q0,DOE2-12-1205,81,0.17386449292203385,minmaxnorm
161,Q0,WSJ910607-0089,82,0.17379621223043135,minmaxnorm
161,Q0,DOE1-51-0648,83,0.17372830015784815,minmaxnorm
161,Q0,DOE1-27-0817,84,0.17359926384211477,minmaxnorm
161,Q0,AP890612-0153,85,0.17337738936778116,minmaxnorm
161,Q0,WSJ890815-0143,86,0.17268343473448378,minmaxnorm
161,Q0,AP880427-0139,87,0.17268312906973357,minmaxnorm
161,Q0,AP890712-0156,88,0.1725749239947787,minmaxnorm
161,Q0,WSJ900404-0017,89,0.17253595052560886,minmaxnorm
161,Q0,WSJ871006-0162,90,0.17234191208111013,minmaxnorm
161,Q0,DOE2-12-1203,91,0.17222252428669588,minmaxnorm
161,Q0,DOE2-12-1085,92,0.17215343357632187,minmaxnorm
161,Q0,AP890923-0030,93,0.17174058861763417,minmaxnorm
161,Q0,AP890609-0200,94,0.17127661586593543,minmaxnorm
161,Q0,AP880429-0192,95,0.1709355423249129,minmaxnorm
161,Q0,AP890209-0266,96,0.17063723927992702,minmaxnorm
161,Q0,AP890611-0014,97,0.17012902209953723,minmaxnorm
161,Q0,AP880823-0216,98,0.16934481691874867,minmaxnorm
161,Q0,WSJ870403-0124,99,0.1690861678612744,minmaxnorm
161,Q0,DOE1-94-0946,100,0.16885455486067202,minmaxnorm
161,Q0,DOE1-42-0535,101,0.16869074315358373,minmaxnorm
161,Q0,DOE1-79-0549,102,0.16864234128843064,minmaxnorm
161,Q0,AP881005-0245,103,0.1683963968778298,minmaxnorm
161,Q0,AP890206-0027,104,0.16829457684935942,minmaxnorm
161,Q0,WSJ870121-0023,105,0.167794366213517,minmaxnorm
161,Q0,WSJ881005-0036,106,0.16708117787437507,minmaxnorm
161,Q0,AP880425-0161,107,0.16695467988447477,minmaxnorm
161,Q0,DOE2-53-0998,108,0.16671330865362308,minmaxnorm
161,Q0,AP890802-0173,109,0.16656898551437682,minmaxnorm
161,Q0,WSJ870828-0098,110,0.16637423337936108,minmaxnorm
161,Q0,AP890831-0031,111,0.1659222688007342,minmaxnorm
161,Q0,AP881005-0280,112,0.1658593667669319,minmaxnorm
161,Q0,AP880427-0212,113,0.1657930678184948,minmaxnorm
161,Q0,WSJ910322-0015,114,0.1657757854275392,minmaxnorm
161,Q0,AP880831-0132,115,0.16519683103287053,minmaxnorm
161,Q0,AP891012-0010,116,0.16517892973959508,minmaxnorm
161,Q0,DOE2-15-0456,117,0.16513278295242872,minmaxnorm
161,Q0,WSJ900709-0065,118,0.16466460536067087,minmaxnorm
161,Q0,DOE1-74-0620,119,0.16454416854074325,minmaxnorm
161,Q0,DOE1-71-0291,120,0.16448885942126962,minmaxnorm
161,Q0,AP880831-0091,121,0.16447284297440537,minmaxnorm
161,Q0,AP880606-0001,122,0.16415970366610466,minmaxnorm
161,Q0,AP890911-0030,123,0.16389397493373226,minmaxnorm
161,Q0,DOE1-63-0026,124,0.16374011342407604,minmaxnorm
161,Q0,WSJ870917-0050,125,0.1635513091938933,minmaxnorm
161,Q0,ZF207-260-346,126,0.16354190025063606,minmaxnorm
161,Q0,AP890609-0076,127,0.16330247651377328,minmaxnorm
161,Q0,AP880518-0165,128,0.16315637497900756,minmaxnorm
161,Q0,WSJ870203-0097,129,0.1631097994829692,minmaxnorm
161,Q0,AP890427-0220,130,0.16309472641834175,minmaxnorm
161,Q0,AP890207-0153,131,0.1627077134972816,minmaxnorm
161,Q0,AP880908-0188,132,0.16217160028672747,minmaxnorm
161,Q0,DOE1-51-0652,133,0.16207615869940697,minmaxnorm
161,Q0,DOE1-77-0463,134,0.16173279425477663,minmaxnorm
161,Q0,AP880825-0039,135,0.161109366759118,minmaxnorm
161,Q0,WSJ880714-0048,136,0.16093242111158323,minmaxnorm
161,Q0,AP890907-0156,137,0.16090184182798323,minmaxnorm
161,Q0,DOE2-30-0113,138,0.16086554195234998,minmaxnorm
161,Q0,WSJ870318-0021,139,0.16055590515740595,minmaxnorm
161,Q0,AP890915-0090,140,0.16018201049073003,minmaxnorm
161,Q0,DOE1-52-0514,141,0.16017983703780483,minmaxnorm
161,Q0,AP890210-0057,142,0.16010195463687785,minmaxnorm
161,Q0,AP890914-0166,143,0.15963069176106226,minmaxnorm
161,Q0,AP880829-0094,144,0.15957372949836246,minmaxnorm
161,Q0,AP880722-0209,145,0.15947939047078508,minmaxnorm
161,Q0,DOE1-93-0664,146,0.15932846112866378,minmaxnorm
161,Q0,WSJ870908-0131,147,0.15929897032082363,minmaxnorm
161,Q0,DOE2-54-0553,148,0.15897386947900577,minmaxnorm
161,Q0,WSJ870326-0077,149,0.15895649470366569,minmaxnorm
161,Q0,AP890722-0011,150,0.15833820337167065,minmaxnorm
161,Q0,DOE2-59-0038,151,0.1581199433079748,minmaxnorm
161,Q0,DOE2-61-0306,152,0.15806314137769892,minmaxnorm
161,Q0,AP880310-0020,153,0.15799631675546508,minmaxnorm
161,Q0,AP890613-0089,154,0.15788429634097667,minmaxnorm
161,Q0,AP890405-0093,155,0.15786442519048302,minmaxnorm
161,Q0,AP890612-0091,156,0.1577579978061422,minmaxnorm
161,Q0,AP881121-0147,157,0.15755035345855017,minmaxnorm
161,Q0,DOE1-51-0231,158,0.15752731349235574,minmaxnorm
161,Q0,WSJ880329-0066,159,0.1574302979809002,minmaxnorm
161,Q0,DOE2-53-1080,160,0.15727839150327175,minmaxnorm
161,Q0,AP880220-0140,161,0.15700581267754415,minmaxnorm
161,Q0,AP890613-0023,162,0.15653323907788905,minmaxnorm
161,Q0,WSJ900508-0107,163,0.15581588047686593,minmaxnorm
161,Q0,AP890612-0084,164,0.15557878610628592,minmaxnorm
161,Q0,WSJ880808-0054,165,0.15539886591398003,minmaxnorm
161,Q0,DOE1-20-0913,166,0.15538953034781672,minmaxnorm
161,Q0,WSJ890831-0077,167,0.15502202193814524,minmaxnorm
161,Q0,DOE1-61-1085,168,0.15500748970259998,minmaxnorm
161,Q0,DOE1-57-0469,169,0.15484789060210388,minmaxnorm
161,Q0,AP890715-0108,170,0.15400992186072737,minmaxnorm
161,Q0,DOE1-52-0202,171,0.15382537790146442,minmaxnorm
161,Q0,AP891003-0015,172,0.15327317443257163,minmaxnorm
161,Q0,AP881011-0221,173,0.15319834017652376,minmaxnorm
161,Q0,DOE2-55-0936,174,0.1530452350091728,minmaxnorm
161,Q0,AP880516-0193,175,0.1528984936465918,minmaxnorm
161,Q0,AP880524-0066,176,0.15256295178595494,minmaxnorm
161,Q0,AP890131-0116,177,0.15255541252534827,minmaxnorm
161,Q0,DOE1-26-0797,178,0.15201607497781708,minmaxnorm
161,Q0,AP890801-0124,179,0.15142212284844167,minmaxnorm
161,Q0,DOE1-82-0956,180,0.15097055554297753,minmaxnorm
161,Q0,AP890927-0022,181,0.15079666353187876,minmaxnorm
161,Q0,AP890803-0089,182,0.15063523725295153,minmaxnorm
161,Q0,AP890706-0221,183,0.15057936319830786,minmaxnorm
161,Q0,WSJ900524-0015,184,0.15040602540732556,minmaxnorm
161,Q0,AP880627-0092,185,0.14933047316418022,minmaxnorm
161,Q0,WSJ871016-0010,186,0.1492396678035149,minmaxnorm
161,Q0,AP890802-0037,187,0.14888345592394764,minmaxnorm
161,Q0,DOE2-80-0988,188,0.1487826875912589,minmaxnorm
161,Q0,AP880330-0162,189,0.14877770533882573,minmaxnorm
161,Q0,AP881223-0160,190,0.14815814447589765,minmaxnorm
161,Q0,WSJ880112-0081,191,0.14792976315606657,minmaxnorm
161,Q0,WSJ870727-0077,192,0.1475860092192858,minmaxnorm
161,Q0,AP890913-0151,193,0.147365689908014,minmaxnorm
161,Q0,WSJ870108-0074,194,0.14726107754012863,minmaxnorm
161,Q0,AP880427-0006,195,0.14718940428745592,minmaxnorm
161,Q0,DOE2-56-0127,196,0.14678607186380094,minmaxnorm
161,Q0,DOE1-41-0512,197,0.14629395146956883,minmaxnorm
161,Q0,WSJ890919-0139,198,0.1461820228125197,minmaxnorm
161,Q0,WSJ870319-0075,199,0.14615962023367857,minmaxnorm
161,Q0,DOE2-69-1099,200,0.1461080815945194,minmaxnorm
161,Q0,DOE1-05-1100,201,0.1458674809685734,minmaxnorm
161,Q0,DOE2-22-0770,202,0.1456759749135982,minmaxnorm
161,Q0,DOE2-07-0962,203,0.14545094652400464,minmaxnorm
161,Q0,DOE1-10-0846,204,0.1454084906499416,minmaxnorm
161,Q0,AP880801-0158,205,0.1448425271951572,minmaxnorm
161,Q0,AP880428-0190,206,0.1445855859503008,minmaxnorm
161,Q0,AP880425-0111,207,0.14450765899313078,minmaxnorm
161,Q0,AP880515-0032,208,0.14450755234317456,minmaxnorm
161,Q0,WSJ910510-0018,209,0.1441532926704382,minmaxnorm
161,Q0,AP890308-0090,210,0.1440219699110164,minmaxnorm
161,Q0,DOE1-38-0027,211,0.14388976443989335,minmaxnorm
161,Q0,DOE1-23-0766,212,0.14361494132095293,minmaxnorm
161,Q0,AP890926-0198,213,0.14361242794921206,minmaxnorm
161,Q0,AP880425-0021,214,0.14358437210482533,minmaxnorm
161,Q0,WSJ900525-0079,215,0.14352993679879522,minmaxnorm
161,Q0,ZF108-831-558,216,0.14340598844632207,minmaxnorm
161,Q0,DOE2-56-0646,217,0.14327742311259398,minmaxnorm
161,Q0,AP880616-0086,218,0.14185518094236432,minmaxnorm
161,Q0,AP891010-0152,219,0.1414804984658004,minmaxnorm
161,Q0,DOE1-65-0331,220,0.1411841920630424,minmaxnorm
161,Q0,DOE2-03-0012,221,0.14106332526100246,minmaxnorm
161,Q0,DOE2-32-0955,222,0.14092989843531517,minmaxnorm
161,Q0,AP890830-0097,223,0.14087936480387675,minmaxnorm
161,Q0,AP890103-0036,224,0.14075554227939294,minmaxnorm
161,Q0,DOE2-71-0494,225,0.1407489391891127,minmaxnorm
161,Q0,AP890505-0076,226,0.14072551879278686,minmaxnorm
161,Q0,DOE1-72-0839,227,0.1406597800898403,minmaxnorm
161,Q0,AP881014-0221,228,0.14057321515086338,minmaxnorm
161,Q0,AP890610-0125,229,0.1404874807193364,minmaxnorm
161,Q0,WSJ890928-0096,230,0.14046168094469888,minmaxnorm
161,Q0,AP890608-0152,231,0.140301069886839,minmaxnorm
161,Q0,DOE1-79-0724,232,0.14025701066068946,minmaxnorm
161,Q0,DOE2-61-0548,233,0.14000354897158618,minmaxnorm
161,Q0,AP880710-0063,234,0.1399375401911901,minmaxnorm
161,Q0,DOE1-78-1151,235,0.1399093600887262,minmaxnorm
161,Q0,WSJ911011-0119,236,0.1398541734970145,minmaxnorm
161,Q0,AP880317-0024,237,0.13974625954185135,minmaxnorm
161,Q0,AP881130-0078,238,0.13877226433658457,minmaxnorm
161,Q0,DOE1-10-1323,239,0.13861211604680576,minmaxnorm
161,Q0,DOE2-15-0979,240,0.13855697589966337,minmaxnorm
161,Q0,DOE1-75-0502,241,0.13853048770888243,minmaxnorm
161,Q0,AP890512-0201,242,0.13792368716113745,minmaxnorm
161,Q0,AP881031-0127,243,0.13770439219427139,minmaxnorm
161,Q0,DOE1-41-0514,244,0.13756509080523566,minmaxnorm
161,Q0,AP881203-0052,245,0.1374979207949404,minmaxnorm
161,Q0,AP890620-0190,246,0.13703496213097144,minmaxnorm
161,Q0,DOE1-62-0989,247,0.13702517996981162,minmaxnorm
161,Q0,DOE1-01-0142,248,0.13686593895890242,minmaxnorm
161,Q0,AP880831-0190,249,0.1366702251163514,minmaxnorm
161,Q0,DOE2-16-0619,250,0.1363696976851188,minmaxnorm
161,Q0,DOE1-71-0309,251,0.1361453182857231,minmaxnorm
161,Q0,WSJ880628-0063,252,0.1354539798850312,minmaxnorm
161,Q0,AP881101-0147,253,0.13495884268471645,minmaxnorm
161,Q0,WSJ880727-0030,254,0.13486871763382655,minmaxnorm
161,Q0,WSJ900404-0153,255,0.13482062536012504,minmaxnorm
161,Q0,AP890711-0219,256,0.1347618728843667,minmaxnorm
161,Q0,DOE1-25-0167,257,0.13462534498936854,minmaxnorm
161,Q0,AP891101-0092,258,0.13435342662478758,minmaxnorm
161,Q0,DOE1-62-0830,259,0.13413412487323648,minmaxnorm
161,Q0,AP890701-0065,260,0.13401746641610537,minmaxnorm
161,Q0,WSJ911213-0008,261,0.13374313377814973,minmaxnorm
161,Q0,DOE1-33-0941,262,0.13370646387812496,minmaxnorm
161,Q0,DOE2-54-1210,263,0.13367414164871108,minmaxnorm
161,Q0,AP880309-0222,264,0.13364718726765726,minmaxnorm
161,Q0,DOE1-26-0794,265,0.13309060408444137,minmaxnorm
161,Q0,AP880918-0047,266,0.13308448940063258,minmaxnorm
161,Q0,WSJ861217-0136,267,0.13302865726636381,minmaxnorm
161,Q0,DOE1-83-0436,268,0.1319835333570623,minmaxnorm
161,Q0,AP880527-0036,269,0.13147633532425335,minmaxnorm
161,Q0,DOE1-86-0149,270,0.13124989774375387,minmaxnorm
161,Q0,WSJ881101-0126,271,0.13121057503544106,minmaxnorm
161,Q0,DOE2-59-0274,272,0.13111540778766725,minmaxnorm
161,Q0,DOE1-83-0563,273,0.13070614811603973,minmaxnorm
161,Q0,WSJ870212-0119,274,0.1299105929649054,minmaxnorm
161,Q0,DOE2-41-0119,275,0.12988472934107767,minmaxnorm
161,Q0,DOE1-67-0491,276,0.12987060156738606,minmaxnorm
161,Q0,AP890502-0155,277,0.12930159254357695,minmaxnorm
161,Q0,WSJ911206-0017,278,0.12928979414731173,minmaxnorm
161,Q0,DOE2-19-0948,279,0.12923427746370608,minmaxnorm
161,Q0,AP881102-0256,280,0.1289995659158733,minmaxnorm
161,Q0,DOE1-04-1329,281,0.12894551441062294,minmaxnorm
161,Q0,DOE2-46-0721,282,0.1286506886000038,minmaxnorm
161,Q0,DOE1-94-0951,283,0.1286163562675907,minmaxnorm
161,Q0,AP880630-0025,284,0.12808254399986935,minmaxnorm
161,Q0,WSJ900525-0152,285,0.12804266413008034,minmaxnorm
161,Q0,DOE2-53-1002,286,0.12797003608099752,minmaxnorm
161,Q0,WSJ910606-0115,287,0.12780938288398894,minmaxnorm
161,Q0,DOE2-78-0544,288,0.12779719706764284,minmaxnorm
161,Q0,AP890721-0114,289,0.12741862353476624,minmaxnorm
161,Q0,AP890607-0109,290,0.12718979341340048,minmaxnorm
161,Q0,DOE2-22-0579,291,0.12685118721389824,minmaxnorm
161,Q0,DOE1-43-0669,292,0.1261196198024162,minmaxnorm
161,Q0,DOE1-83-0705,293,0.12609074861414166,minmaxnorm
161,Q0,AP890301-0036,294,0.1260702848848135,minmaxnorm
161,Q0,AP880318-0033,295,0.12596553990636708,minmaxnorm
161,Q0,DOE1-26-0750,296,0.12595591425158784,minmaxnorm
161,Q0,DOE2-71-0495,297,0.12547470662629787,minmaxnorm
161,Q0,AP880912-0126,298,0.12547185445471473,minmaxnorm
161,Q0,DOE1-64-0936,299,0.12526496884701488,minmaxnorm
161,Q0,AP890301-0098,300,0.12487574753670472,minmaxnorm
161,Q0,DOE2-59-0549,301,0.12450514065164339,minmaxnorm
161,Q0,DOE1-44-1064,302,0.12419075008406999,minmaxnorm
161,Q0,AP880831-0157,303,0.12396313475276635,minmaxnorm
161,Q0,WSJ900827-0069,304,0.12373414891720863,minmaxnorm
161,Q0,DOE1-03-0468,305,0.12371981591874016,minmaxnorm
161,Q0,AP890814-0252,306,0.12353729564173623,minmaxnorm
161,Q0,WSJ870324-0026,307,0.1234345893503146,minmaxnorm
161,Q0,AP890608-0090,308,0.1233611353266234,minmaxnorm
161,Q0,AP890919-0184,309,0.12334429976692293,minmaxnorm
161,Q0,AP891207-0200,310,0.12322752290480703,minmaxnorm
161,Q0,DOE2-41-0694,311,0.12320616403505004,minmaxnorm
161,Q0,AP890711-0039,312,0.12302114693897112,minmaxnorm
161,Q0,DOE2-41-0689,313,0.12287617399392238,minmaxnorm
161,Q0,AP880902-0027,314,0.12272835414179675,minmaxnorm
161,Q0,WSJ900409-0102,315,0.12265527831835323,minmaxnorm
161,Q0,DOE2-71-0712,316,0.1224550360769645,minmaxnorm
161,Q0,AP890504-0164,317,0.1223050211833883,minmaxnorm
161,Q0,WSJ890815-0112,318,0.12227423037299166,minmaxnorm
161,Q0,AP880215-0074,319,0.12225726796730352,minmaxnorm
161,Q0,DOE2-32-1153,320,0.12212771808004717,minmaxnorm
161,Q0,DOE1-13-0348,321,0.1220336790704124,minmaxnorm
161,Q0,AP890620-0075,322,0.1218059920803211,minmaxnorm
161,Q0,DOE2-07-0971,323,0.12180351454865679,minmaxnorm
161,Q0,WSJ881007-0004,324,0.12177514288649649,minmaxnorm
161,Q0,DOE2-82-0813,325,0.12171838434823785,minmaxnorm
161,Q0,WSJ900829-0079,326,0.12158746226577694,minmaxnorm
161,Q0,AP880324-0088,327,0.1214409525870956,minmaxnorm
161,Q0,AP891221-0226,328,0.12136596278831448,minmaxnorm
161,Q0,DOE2-22-0914,329,0.12135790566419492,minmaxnorm
161,Q0,AP880414-0086,330,0.12116271546085086,minmaxnorm
161,Q0,DOE2-29-0902,331,0.12074145377888627,minmaxnorm
161,Q0,DOE1-53-0584,332,0.12027234004999063,minmaxnorm
161,Q0,WSJ910329-0037,333,0.12025716465544095,minmaxnorm
161,Q0,WSJ900730-0104,334,0.120226504265168,minmaxnorm
161,Q0,AP890214-0003,335,0.11992968691335862,minmaxnorm
161,Q0,AP890920-0034,336,0.11988181210804419,minmaxnorm
161,Q0,AP880622-0022,337,0.11975903586737448,minmaxnorm
161,Q0,WSJ920302-0178,338,0.11973919014778647,minmaxnorm
161,Q0,AP890718-0225,339,0.11908782851683372,minmaxnorm
161,Q0,DOE1-91-0965,340,0.1190114266347533,minmaxnorm
161,Q0,DOE1-20-0168,341,0.11900440254012512,minmaxnorm
161,Q0,DOE2-35-0270,342,0.11883352885475121,minmaxnorm
161,Q0,DOE1-05-0253,343,0.11873211313979792,minmaxnorm
161,Q0,DOE2-69-0027,344,0.11869405502243825,minmaxnorm
161,Q0,DOE1-71-1065,345,0.11859723205325506,minmaxnorm
161,Q0,WSJ871119-0096,346,0.11842482042686357,minmaxnorm
161,Q0,WSJ900522-0084,347,0.11821099628546025,minmaxnorm
161,Q0,WSJ900404-0084,348,0.11780644072803423,minmaxnorm
161,Q0,WSJ870410-0138,349,0.11769530538953399,minmaxnorm
161,Q0,DOE2-01-0845,350,0.11758229660381382,minmaxnorm
161,Q0,DOE1-95-0862,351,0.11756010545531519,minmaxnorm
161,Q0,DOE1-48-1269,352,0.11754894262850447,minmaxnorm
161,Q0,WSJ880415-0102,353,0.1174918060280583,minmaxnorm
161,Q0,DOE2-19-1275,354,0.11744768283348132,minmaxnorm
161,Q0,DOE1-78-0914,355,0.11735066251190031,minmaxnorm
161,Q0,WSJ891009-0173,356,0.11701822183525094,minmaxnorm
161,Q0,AP890118-0235,357,0.11696186700354633,minmaxnorm
161,Q0,WSJ920305-0146,358,0.1168348936519023,minmaxnorm
161,Q0,DOE1-68-0808,359,0.1168079482981039,minmaxnorm
161,Q0,DOE1-04-1241,360,0.11679397152138032,minmaxnorm
161,Q0,AP880908-0026,361,0.11671160933905611,minmaxnorm
161,Q0,DOE2-04-0457,362,0.11594726474683037,minmaxnorm
161,Q0,DOE2-32-0719,363,0.11528387156954756,minmaxnorm
161,Q0,DOE1-83-0944,364,0.11484954917367156,minmaxnorm
161,Q0,DOE2-36-1126,365,0.11473508503664892,minmaxnorm
161,Q0,WSJ890817-0035,366,0.1145942990900425,minmaxnorm
161,Q0,DOE1-79-0644,367,0.11446611299362473,minmaxnorm
161,Q0,WSJ881025-0176,368,0.11442858294019917,minmaxnorm
161,Q0,DOE2-45-0619,369,0.114419849964663,minmaxnorm
161,Q0,DOE1-08-1021,370,0.11440227677219725,minmaxnorm
161,Q0,AP890910-0026,371,0.1139841133224473,minmaxnorm
161,Q0,DOE2-70-0634,372,0.11395358693088375,minmaxnorm
161,Q0,DOE2-69-0312,373,0.11385042915815421,minmaxnorm
161,Q0,DOE2-31-0233,374,0.11379725119028343,minmaxnorm
161,Q0,DOE2-73-0733,375,0.11372656068366888,minmaxnorm
161,Q0,FR881017-0020,376,0.11371871985429224,minmaxnorm
161,Q0,AP890717-0075,377,0.11351878448137545,minmaxnorm
161,Q0,DOE2-73-0779,378,0.11337040213404258,minmaxnorm
161,Q0,DOE1-61-1037,379,0.11329138922336054,minmaxnorm
161,Q0,DOE1-83-0938,380,0.11326126491278703,minmaxnorm
161,Q0,AP890608-0124,381,0.11320735217813707,minmaxnorm
161,Q0,AP890618-0082,382,0.11297430735604112,minmaxnorm
161,Q0,WSJ910308-0115,383,0.1128737108722637,minmaxnorm
161,Q0,DOE2-67-0146,384,0.11271595306892779,minmaxnorm
161,Q0,DOE1-51-0241,385,0.11226637642154096,minmaxnorm
161,Q0,AP881117-0113,386,0.11218191580764197,minmaxnorm
161,Q0,WSJ900411-0065,387,0.11217133273118533,minmaxnorm
161,Q0,DOE1-69-0043,388,0.11216227465673599,minmaxnorm
161,Q0,AP890211-0023,389,0.1120168550153013,minmaxnorm
161,Q0,DOE2-11-0599,390,0.11180358487678536,minmaxnorm
161,Q0,DOE2-41-0692,391,0.11177429860627498,minmaxnorm
161,Q0,DOE2-22-0665,392,0.11126458431272764,minmaxnorm
161,Q0,AP890912-0159,393,0.1111268557598085,minmaxnorm
161,Q0,DOE2-44-0143,394,0.11060971980142262,minmaxnorm
161,Q0,DOE2-63-0552,395,0.11013165458380351,minmaxnorm
161,Q0,DOE2-70-0737,396,0.11009108597089305,minmaxnorm
161,Q0,DOE2-69-1197,397,0.11004043254273732,minmaxnorm
161,Q0,WSJ861218-0001,398,0.10978744770160256,minmaxnorm
161,Q0,AP880928-0109,399,0.10945457417119282,minmaxnorm
161,Q0,DOE2-15-0989,400,0.10874028873165256,minmaxnorm
161,Q0,DOE2-46-0761,401,0.10868111691771722,minmaxnorm
161,Q0,AP890629-0245,402,0.1086674133030918,minmaxnorm
161,Q0,WSJ910221-0152,403,0.10865367957945399,minmaxnorm
161,Q0,DOE1-61-1027,404,0.10818668404298942,minmaxnorm
161,Q0,AP890803-0326,405,0.10804746005901655,minmaxnorm
161,Q0,AP880607-0017,406,0.10765230363881058,minmaxnorm
161,Q0,AP891011-0177,407,0.10757285128955352,minmaxnorm
161,Q0,DOE1-35-0261,408,0.10742537183566499,minmaxnorm
161,Q0,DOE1-55-0915,409,0.10733442536574284,minmaxnorm
161,Q0,DOE1-88-0007,410,0.10733195618010678,minmaxnorm
161,Q0,WSJ900525-0034,411,0.10711640649307899,minmaxnorm
161,Q0,DOE1-42-0532,412,0.10691499913555322,minmaxnorm
161,Q0,AP880712-0190,413,0.10661192553260292,minmaxnorm
161,Q0,DOE2-42-0142,414,0.10656625492254151,minmaxnorm
161,Q0,DOE2-30-0920,415,0.10650451717554191,minmaxnorm
161,Q0,AP890720-0293,416,0.1062072088997076,minmaxnorm
161,Q0,DOE2-07-0597,417,0.10593827716734325,minmaxnorm
161,Q0,AP890407-0241,418,0.10584840964070057,minmaxnorm
161,Q0,AP890505-0125,419,0.10577642194174836,minmaxnorm
161,Q0,AP880621-0009,420,0.10546246386763261,minmaxnorm
161,Q0,AP890207-0163,421,0.10537252670183808,minmaxnorm
161,Q0,AP890525-0080,422,0.10533509781668819,minmaxnorm
161,Q0,DOE1-93-0324,423,0.10531932468545238,minmaxnorm
161,Q0,AP881031-0027,424,0.10506646072290123,minmaxnorm
161,Q0,AP881130-0167,425,0.10482692817982331,minmaxnorm
161,Q0,DOE1-20-1173,426,0.10478672601226613,minmaxnorm
161,Q0,WSJ910314-0030,427,0.10474835902098409,minmaxnorm
161,Q0,DOE2-39-1388,428,0.10465332812903878,minmaxnorm
161,Q0,DOE1-49-0967,429,0.1045922407850791,minmaxnorm
161,Q0,DOE1-41-0468,430,0.10452679748104797,minmaxnorm
161,Q0,AP890210-0021,431,0.104375919073357,minmaxnorm
161,Q0,DOE2-31-0213,432,0.10424978855662854,minmaxnorm
161,Q0,DOE1-91-0580,433,0.10412560775199937,minmaxnorm
161,Q0,AP890830-0119,434,0.10398956572256851,minmaxnorm
161,Q0,AP890716-0075,435,0.10397998662281856,minmaxnorm
161,Q0,WSJ900420-0070,436,0.10392574457405084,minmaxnorm
161,Q0,DOE2-06-0751,437,0.10384661153518042,minmaxnorm
161,Q0,AP880428-0230,438,0.1038135219970711,minmaxnorm
161,Q0,AP880728-0154,439,0.10376792547962632,minmaxnorm
161,Q0,AP890404-0138,440,0.1037328606484868,minmaxnorm
161,Q0,DOE1-93-0368,441,0.10362974847063935,minmaxnorm
161,Q0,AP891122-0144,442,0.10351994024699661,minmaxnorm
161,Q0,WSJ910521-0057,443,0.1034773221999663,minmaxnorm
161,Q0,DOE2-31-0371,444,0.10339862207749013,minmaxnorm
161,Q0,DOE2-69-0298,445,0.10336468013127763,minmaxnorm
161,Q0,DOE1-68-0650,446,0.10332895675004387,minmaxnorm
161,Q0,AP880901-0099,447,0.10332794524034984,minmaxnorm
161,Q0,DOE2-69-0798,448,0.10316507814513322,minmaxnorm
161,Q0,ZF207-511-824,449,0.10312370003546246,minmaxnorm
161,Q0,DOE2-17-0809,450,0.10303640718653002,minmaxnorm
161,Q0,DOE2-29-1061,451,0.10275942041269842,minmaxnorm
161,Q0,WSJ880714-0066,452,0.10265303000704264,minmaxnorm
161,Q0,DOE2-29-1038,453,0.10262982103848901,minmaxnorm
161,Q0,AP880302-0009,454,0.10262076618111864,minmaxnorm
161,Q0,DOE2-42-1125,455,0.10245297514008554,minmaxnorm
161,Q0,WSJ890814-0137,456,0.10221946360016357,minmaxnorm
161,Q0,AP890209-0184,457,0.10182700948097506,minmaxnorm
161,Q0,DOE2-81-0568,458,0.1017302093678435,minmaxnorm
161,Q0,DOE1-20-0164,459,0.10141887202618743,minmaxnorm
161,Q0,DOE1-79-0875,460,0.10137095050808947,minmaxnorm
161,Q0,AP881220-0208,461,0.10135593217333208,minmaxnorm
161,Q0,DOE1-27-1143,462,0.10128604384137525,minmaxnorm
161,Q0,WSJ881004-0081,463,0.10117279000826056,minmaxnorm
161,Q0,DOE1-41-1069,464,0.10091839965836151,minmaxnorm
161,Q0,AP890329-0108,465,0.10077228822998842,minmaxnorm
161,Q0,AP890118-0148,466,0.10068803832915843,minmaxnorm
161,Q0,DOE2-41-1003,467,0.1004618952734067,minmaxnorm
161,Q0,DOE2-54-0670,468,0.10021309273117887,minmaxnorm
161,Q0,WSJ870119-0073,469,0.10013580248767799,minmaxnorm
161,Q0,WSJ861217-0014,470,0.09998348082745971,minmaxnorm
161,Q0,AP880719-0006,471,0.09955245476046017,minmaxnorm
161,Q0,AP890114-0084,472,0.0994044510719492,minmaxnorm
161,Q0,DOE2-32-0969,473,0.09932258871571234,minmaxnorm
161,Q0,DOE2-06-0253,474,0.09923875467071538,minmaxnorm
161,Q0,DOE2-74-0140,475,0.0990181020289737,minmaxnorm
161,Q0,AP890620-0070,476,0.09896202802456458,minmaxnorm
161,Q0,AP890803-0117,477,0.09888537410137153,minmaxnorm
161,Q0,AP890716-0013,478,0.09876542537060821,minmaxnorm
161,Q0,WSJ890915-0115,479,0.098759971416822,minmaxnorm
161,Q0,AP890412-0008,480,0.09862314612455902,minmaxnorm
161,Q0,WSJ891006-0150,481,0.09842909521214004,minmaxnorm
161,Q0,WSJ911230-0030,482,0.09755965983909257,minmaxnorm
161,Q0,DOE1-70-0064,483,0.0975354444834497,minmaxnorm
161,Q0,AP890802-0217,484,0.09753087532851971,minmaxnorm
161,Q0,DOE2-63-0551,485,0.09736101762448963,minmaxnorm
161,Q0,DOE2-12-1201,486,0.09721702683215755,minmaxnorm
161,Q0,AP880815-0122,487,0.09715925587829273,minmaxnorm
161,Q0,DOE1-11-1146,488,0.0971132506921267,minmaxnorm
161,Q0,AP881119-0071,489,0.09668887889108893,minmaxnorm
161,Q0,DOE1-24-0442,490,0.09649160785927692,minmaxnorm
161,Q0,AP890915-0124,491,0.09634750767873002,minmaxnorm
161,Q0,DOE1-27-0378,492,0.09571025989402555,minmaxnorm
161,Q0,DOE1-56-0292,493,0.09564601861976407,minmaxnorm
161,Q0,DOE2-77-0053,494,0.09547453912721561,minmaxnorm
161,Q0,DOE2-39-1370,495,0.09519277082921941,minmaxnorm
161,Q0,DOE2-16-0621,496,0.09516410575674172,minmaxnorm
161,Q0,DOE2-59-0404,497,0.09514424948666689,minmaxnorm
161,Q0,DOE1-20-0167,498,0.0951281401028896,minmaxnorm
161,Q0,DOE2-15-0994,499,0.09512482931895554,minmaxnorm
161,Q0,DOE1-45-0870,500,0.09478840697717364,minmaxnorm
161,Q0,ZF108-028-834,501,0.09442153040645852,minmaxnorm
161,Q0,DOE1-71-0881,502,0.09438246086405308,minmaxnorm
161,Q0,DOE1-57-1071,503,0.09423461014866019,minmaxnorm
161,Q0,DOE2-09-0147,504,0.09399964301488849,minmaxnorm
161,Q0,DOE1-26-0130,505,0.09395992864958173,minmaxnorm
161,Q0,DOE1-50-0959,506,0.09391918250652001,minmaxnorm
161,Q0,DOE2-15-0996,507,0.09375897595944968,minmaxnorm
161,Q0,DOE2-13-0820,508,0.09356590872737175,minmaxnorm
161,Q0,AP880811-0195,509,0.09356062256509229,minmaxnorm
161,Q0,DOE2-61-0251,510,0.09301718915186405,minmaxnorm
161,Q0,DOE1-65-0290,511,0.09288647495187922,minmaxnorm
161,Q0,WSJ890727-0164,512,0.09272627343274736,minmaxnorm
161,Q0,DOE1-48-1185,513,0.09270154636745052,minmaxnorm
161,Q0,WSJ870223-0102,514,0.09268996385278462,minmaxnorm
161,Q0,DOE2-31-0011,515,0.09259235911554994,minmaxnorm
161,Q0,DOE1-26-0249,516,0.09250917336433548,minmaxnorm
161,Q0,DOE1-01-0085,517,0.09248081905006783,minmaxnorm
161,Q0,DOE2-48-0178,518,0.09215257517932492,minmaxnorm
161,Q0,AP890414-0025,519,0.09213661933936271,minmaxnorm
161,Q0,WSJ910808-0081,520,0.09209437177974343,minmaxnorm
161,Q0,DOE2-15-0993,521,0.09179961978785627,minmaxnorm
161,Q0,DOE1-30-0486,522,0.09172881813103334,minmaxnorm
161,Q0,DOE1-68-0701,523,0.09157004949792465,minmaxnorm
161,Q0,DOE2-80-0882,524,0.09146643544305093,minmaxnorm
161,Q0,DOE1-69-0713,525,0.09135448311036222,minmaxnorm
161,Q0,DOE1-11-1145,526,0.09131981163794886,minmaxnorm
161,Q0,WSJ881006-0037,527,0.09129542008250911,minmaxnorm
161,Q0,DOE2-06-1250,528,0.09108363391491324,minmaxnorm
161,Q0,WSJ880520-0032,529,0.09094276753775042,minmaxnorm
161,Q0,ZF207-798-658,530,0.0909394668259978,minmaxnorm
161,Q0,WSJ900521-0018,531,0.09093528458183575,minmaxnorm
161,Q0,DOE1-86-0151,532,0.09086056424790749,minmaxnorm
161,Q0,WSJ900405-0149,533,0.09079935332051023,minmaxnorm
161,Q0,AP890313-0082,534,0.09078234693590706,minmaxnorm
161,Q0,WSJ910115-0124,535,0.09064072829640397,minmaxnorm
161,Q0,WSJ870429-0193,536,0.09045214207192016,minmaxnorm
161,Q0,AP890227-0261,537,0.09030832278158696,minmaxnorm
161,Q0,WSJ911108-0009,538,0.09013416856117996,minmaxnorm
161,Q0,AP890831-0160,539,0.09007466902082892,minmaxnorm
161,Q0,AP890612-0078,540,0.0899291857061331,minmaxnorm
161,Q0,AP890306-0060,541,0.08973643127408219,minmaxnorm
161,Q0,WSJ910307-0081,542,0.08963803303587359,minmaxnorm
161,Q0,DOE2-32-0634,543,0.08924734426283643,minmaxnorm
161,Q0,AP890419-0022,544,0.08918116141054437,minmaxnorm
161,Q0,DOE1-34-0883,545,0.08910933273050094,minmaxnorm
161,Q0,DOE2-31-0231,546,0.08902479324962877,minmaxnorm
161,Q0,DOE1-03-0027,547,0.08881252637519788,minmaxnorm
161,Q0,DOE2-61-0150,548,0.08880364041211825,minmaxnorm
161,Q0,WSJ900517-0103,549,0.0887925273381238,minmaxnorm
161,Q0,DOE1-74-0632,550,0.08878380942067612,minmaxnorm
161,Q0,AP890104-0223,551,0.08876663536918197,minmaxnorm
161,Q0,DOE2-77-1267,552,0.08868303805903575,minmaxnorm
161,Q0,WSJ900830-0143,553,0.08864320916754304,minmaxnorm
161,Q0,AP881121-0111,554,0.08848049099582235,minmaxnorm
161,Q0,DOE2-42-0245,555,0.08841458534158,minmaxnorm
161,Q0,DOE1-83-1241,556,0.08834882104010074,minmaxnorm
161,Q0,DOE1-42-0096,557,0.0883121236517017,minmaxnorm
161,Q0,DOE2-04-0407,558,0.08823196524969606,minmaxnorm
161,Q0,DOE2-63-0731,559,0.08822637072923553,minmaxnorm
161,Q0,AP891108-0032,560,0.08818078607135703,minmaxnorm
161,Q0,AP890919-0120,561,0.08796923311231351,minmaxnorm
161,Q0,WSJ910228-0201,562,0.08792171872193928,minmaxnorm
161,Q0,AP890105-0023,563,0.0878818056815923,minmaxnorm
161,Q0,DOE1-01-0022,564,0.08777858903132964,minmaxnorm
161,Q0,DOE2-66-0556,565,0.08768026404100127,minmaxnorm
161,Q0,WSJ890927-0147,566,0.08760748857909043,minmaxnorm
161,Q0,AP880415-0220,567,0.08752080439516645,minmaxnorm
161,Q0,DOE2-15-0986,568,0.0873640082456565,minmaxnorm
161,Q0,DOE1-88-0011,569,0.08734671794167148,minmaxnorm
161,Q0,DOE2-09-0190,570,0.08707375510988115,minmaxnorm
161,Q0,DOE2-59-1192,571,0.08690654486229245,minmaxnorm
161,Q0,DOE2-60-0362,572,0.0868470870076251,minmaxnorm
161,Q0,DOE2-17-0810,573,0.08679648569914711,minmaxnorm
161,Q0,DOE1-42-0536,574,0.08675587001457213,minmaxnorm
161,Q0,ZF207-206-784,575,0.08643451106789354,minmaxnorm
161,Q0,DOE1-74-0631,576,0.0863543655195701,minmaxnorm
161,Q0,WSJ900418-0108,577,0.0860153299406336,minmaxnorm
161,Q0,DOE2-49-0677,578,0.08593176467061327,minmaxnorm
161,Q0,DOE2-31-0121,579,0.08588049238388698,minmaxnorm
161,Q0,DOE2-05-1090,580,0.08578724043198885,minmaxnorm
161,Q0,WSJ900404-0128,581,0.08563001143120215,minmaxnorm
161,Q0,AP890918-0117,582,0.08557400324327928,minmaxnorm
161,Q0,DOE2-33-0332,583,0.08545094226083051,minmaxnorm
161,Q0,DOE1-80-1051,584,0.08533047618996566,minmaxnorm
161,Q0,DOE2-15-1038,585,0.08531293536831588,minmaxnorm
161,Q0,AP890713-0141,586,0.08523885689573583,minmaxnorm
161,Q0,DOE1-08-0477,587,0.08515471129981599,minmaxnorm
161,Q0,DOE1-92-0203,588,0.08504416396474082,minmaxnorm
161,Q0,AP881024-0019,589,0.08498747546495644,minmaxnorm
161,Q0,AP880218-0105,590,0.08494787967139186,minmaxnorm
161,Q0,AP890530-0211,591,0.0848586957534385,minmaxnorm
161,Q0,DOE1-32-1110,592,0.08467615216404625,minmaxnorm
161,Q0,AP880426-0043,593,0.08438816091581261,minmaxnorm
161,Q0,DOE1-92-0197,594,0.0843344022385531,minmaxnorm
161,Q0,DOE1-52-0885,595,0.08432946694460754,minmaxnorm
161,Q0,WSJ900606-0155,596,0.08430751961029447,minmaxnorm
161,Q0,AP881014-0245,597,0.08425945353823174,minmaxnorm
161,Q0,AP891115-0223,598,0.08407004444462873,minmaxnorm
161,Q0,WSJ881101-0142,599,0.08393173525696522,minmaxnorm
161,Q0,AP890609-0061,600,0.08392475268562616,minmaxnorm
161,Q0,DOE2-59-0457,601,0.08387538818333172,minmaxnorm
161,Q0,WSJ870226-0063,602,0.08384068699360911,minmaxnorm
161,Q0,WSJ880125-0165,603,0.08375331810533496,minmaxnorm
161,Q0,DOE2-19-0937,604,0.08362538653443093,minmaxnorm
161,Q0,DOE1-27-0526,605,0.08343459967995097,minmaxnorm
161,Q0,AP880621-0240,606,0.08323408490090557,minmaxnorm
161,Q0,DOE2-49-0696,607,0.08323382055666009,minmaxnorm
161,Q0,DOE1-09-0403,608,0.08320937862067822,minmaxnorm
161,Q0,DOE2-31-0375,609,0.08307383989125121,minmaxnorm
161,Q0,AP881203-0124,610,0.08304676938271971,minmaxnorm
161,Q0,WSJ870220-0144,611,0.0827003934559742,minmaxnorm
161,Q0,AP880829-0128,612,0.0826148365832919,minmaxnorm
161,Q0,DOE1-63-0877,613,0.08260619168581099,minmaxnorm
161,Q0,AP881024-0094,614,0.08259887224811985,minmaxnorm
161,Q0,WSJ911231-0017,615,0.08259324914794151,minmaxnorm
161,Q0,AP880926-0022,616,0.08250935596655262,minmaxnorm
161,Q0,AP881010-0126,617,0.08222937891542431,minmaxnorm
161,Q0,DOE2-82-0735,618,0.08219565923231466,minmaxnorm
161,Q0,WSJ870406-0004,619,0.08217036966696209,minmaxnorm
161,Q0,DOE2-06-0752,620,0.08211327843403299,minmaxnorm
161,Q0,AP881030-0100,621,0.08147727744155951,minmaxnorm
161,Q0,AP880429-0241,622,0.08140978759632667,minmaxnorm
161,Q0,WSJ911015-0111,623,0.08138717277312926,minmaxnorm
161,Q0,DOE1-93-0653,624,0.08121382875879925,minmaxnorm
161,Q0,DOE1-68-0660,625,0.08114239096650677,minmaxnorm
161,Q0,WSJ900406-0013,626,0.08110246503030909,minmaxnorm
161,Q0,DOE1-67-0465,627,0.08108000777795836,minmaxnorm
161,Q0,AP880220-0090,628,0.08071727783419351,minmaxnorm
161,Q0,AP880723-0033,629,0.08055649535570104,minmaxnorm
161,Q0,DOE2-41-1089,630,0.08023708622672396,minmaxnorm
161,Q0,AP881117-0222,631,0.08022405766233857,minmaxnorm
161,Q0,AP890210-0230,632,0.08017922553373585,minmaxnorm
161,Q0,AP890204-0083,633,0.0801608150031981,minmaxnorm
161,Q0,DOE1-44-1185,634,0.08004892125565322,minmaxnorm
161,Q0,DOE2-46-0177,635,0.0799020882746361,minmaxnorm
161,Q0,DOE2-23-1013,636,0.07982816393569304,minmaxnorm
161,Q0,WSJ871231-0037,637,0.07980556904168641,minmaxnorm
161,Q0,DOE2-41-0688,638,0.07976403418689418,minmaxnorm
161,Q0,DOE1-62-0605,639,0.07964894139065987,minmaxnorm
161,Q0,DOE2-37-0502,640,0.07961641316300792,minmaxnorm
161,Q0,AP890531-0083,641,0.07941723984662614,minmaxnorm
161,Q0,AP880217-0212,642,0.07916333444025242,minmaxnorm
161,Q0,AP890116-0102,643,0.0790753242919888,minmaxnorm
161,Q0,DOE2-31-0211,644,0.07895338795254549,minmaxnorm
161,Q0,DOE2-47-0253,645,0.07892457433303976,minmaxnorm
161,Q0,DOE1-53-0345,646,0.07862183489455041,minmaxnorm
161,Q0,AP880831-0115,647,0.07846028292090235,minmaxnorm
161,Q0,DOE1-11-0887,648,0.07836358768041117,minmaxnorm
161,Q0,AP891107-0193,649,0.07834118764885672,minmaxnorm
161,Q0,WSJ890811-0058,650,0.078332903141882,minmaxnorm
161,Q0,WSJ880830-0045,651,0.07824225334335275,minmaxnorm
161,Q0,AP881003-0118,652,0.07820619879951632,minmaxnorm
161,Q0,FR89309-0006,653,0.07812068997167952,minmaxnorm
161,Q0,AP881004-0217,654,0.07758236576185783,minmaxnorm
161,Q0,DOE2-65-0672,655,0.07741576896533346,minmaxnorm
161,Q0,DOE2-17-0802,656,0.077358273542721,minmaxnorm
161,Q0,FR88107-0009,657,0.07729261080302739,minmaxnorm
161,Q0,DOE1-45-1163,658,0.07717625017910325,minmaxnorm
161,Q0,DOE1-11-0597,659,0.07712049077520233,minmaxnorm
161,Q0,DOE1-78-0387,660,0.07710904532015855,minmaxnorm
161,Q0,DOE2-03-0221,661,0.07710730388005681,minmaxnorm
161,Q0,WSJ911030-0007,662,0.07705988188351141,minmaxnorm
161,Q0,DOE1-34-0851,663,0.07690108218517076,minmaxnorm
161,Q0,DOE1-82-0622,664,0.0765893639066685,minmaxnorm
161,Q0,DOE1-40-0262,665,0.07652225399627226,minmaxnorm
161,Q0,DOE2-47-0548,666,0.07635849252328648,minmaxnorm
161,Q0,DOE1-20-0902,667,0.07626481416326407,minmaxnorm
161,Q0,AP890624-0091,668,0.07624360243767823,minmaxnorm
161,Q0,AP881017-0102,669,0.0762175007654819,minmaxnorm
161,Q0,AP880621-0237,670,0.07609600064552254,minmaxnorm
161,Q0,WSJ880629-0071,671,0.07604845461420379,minmaxnorm
161,Q0,DOE1-41-0511,672,0.07589590491661888,minmaxnorm
161,Q0,DOE2-29-0076,673,0.07585113380451719,minmaxnorm
161,Q0,DOE2-31-0379,674,0.07551369727387965,minmaxnorm
161,Q0,DOE2-47-0908,675,0.07540863285337655,minmaxnorm
161,Q0,AP880519-0152,676,0.07525920236087102,minmaxnorm
161,Q0,DOE1-49-0607,677,0.07485912701008413,minmaxnorm
161,Q0,AP890322-0203,678,0.07456142985128254,minmaxnorm
161,Q0,DOE2-62-0966,679,0.07454630797885416,minmaxnorm
161,Q0,WSJ880908-0136,680,0.07445415858962055,minmaxnorm
161,Q0,WSJ911011-0173,681,0.07441979519134002,minmaxnorm
161,Q0,DOE2-33-0382,682,0.0743618044338602,minmaxnorm
161,Q0,DOE1-64-0143,683,0.07435615434747762,minmaxnorm
161,Q0,AP890503-0066,684,0.0742963983372156,minmaxnorm
161,Q0,AP890910-0040,685,0.07421876156039973,minmaxnorm
161,Q0,AP880920-0240,686,0.07420133408908311,minmaxnorm
161,Q0,DOE1-95-0120,687,0.07406100780834379,minmaxnorm
161,Q0,AP881015-0007,688,0.07395645690764285,minmaxnorm
161,Q0,AP890208-0208,689,0.07384949699399307,minmaxnorm
161,Q0,AP881005-0256,690,0.07379387112190659,minmaxnorm
161,Q0,AP880918-0051,691,0.07374770801111112,minmaxnorm
161,Q0,AP890612-0173,692,0.07370753786271095,minmaxnorm
161,Q0,AP880502-0231,693,0.07363653315094335,minmaxnorm
161,Q0,DOE2-79-0710,694,0.07362665979106064,minmaxnorm
161,Q0,AP880909-0231,695,0.07359632284043233,minmaxnorm
161,Q0,DOE1-12-0029,696,0.07355624258404188,minmaxnorm
161,Q0,AP890128-0144,697,0.07353925292951156,minmaxnorm
161,Q0,WSJ920131-0104,698,0.07352945737913272,minmaxnorm
161,Q0,AP890215-0030,699,0.07350625154551475,minmaxnorm
161,Q0,WSJ890830-0104,700,0.07343669378276667,minmaxnorm
161,Q0,AP890210-0184,701,0.07331272399107823,minmaxnorm
161,Q0,DOE1-01-0302,702,0.07306070832040004,minmaxnorm
161,Q0,DOE1-44-0346,703,0.07303680873868772,minmaxnorm
161,Q0,WSJ880808-0017,704,0.07281015393935877,minmaxnorm
161,Q0,WSJ920316-0014,705,0.07280576060138798,minmaxnorm
161,Q0,DOE1-36-0855,706,0.07274544178035385,minmaxnorm
161,Q0,AP890908-0003,707,0.07273593057036604,minmaxnorm
161,Q0,DOE1-83-1064,708,0.07272929616169861,minmaxnorm
161,Q0,WSJ910829-0136,709,0.07224694351280313,minmaxnorm
161,Q0,AP890322-0110,710,0.07218035020520133,minmaxnorm
161,Q0,WSJ900419-0076,711,0.07165475762326609,minmaxnorm
161,Q0,DOE2-30-0715,712,0.07157993165350307,minmaxnorm
161,Q0,WSJ870619-0137,713,0.0715770099464655,minmaxnorm
161,Q0,DOE1-57-0411,714,0.07156604922324278,minmaxnorm
161,Q0,DOE2-65-0717,715,0.07151777215312594,minmaxnorm
161,Q0,DOE2-46-0496,716,0.07150939249029305,minmaxnorm
161,Q0,AP881222-0171,717,0.07150438982260884,minmaxnorm
161,Q0,AP890608-0291,718,0.07146621544211472,minmaxnorm
161,Q0,DOE1-43-0666,719,0.07139446683669715,minmaxnorm
161,Q0,AP890613-0194,720,0.07129156068909764,minmaxnorm
161,Q0,DOE2-15-0995,721,0.07127062509754992,minmaxnorm
161,Q0,DOE1-68-0643,722,0.07108439545660891,minmaxnorm
161,Q0,AP890812-0011,723,0.07074589690739257,minmaxnorm
161,Q0,WSJ911211-0020,724,0.07060550292975853,minmaxnorm
161,Q0,DOE2-62-0964,725,0.07052961683285366,minmaxnorm
161,Q0,FR89118-0007,726,0.07049501930360155,minmaxnorm
161,Q0,AP880506-0081,727,0.07022029185574952,minmaxnorm
161,Q0,FR89530-0015,728,0.07014832009086792,minmaxnorm
161,Q0,WSJ910722-0077,729,0.07014323650496358,minmaxnorm
161,Q0,DOE2-79-0725,730,0.07011957386013046,minmaxnorm
161,Q0,DOE1-94-0941,731,0.07010715937804979,minmaxnorm
161,Q0,DOE2-07-0773,732,0.07010137737616591,minmaxnorm
161,Q0,AP880503-0196,733,0.0699980720970562,minmaxnorm
161,Q0,AP881118-0026,734,0.06991808358938623,minmaxnorm
161,Q0,AP890612-0293,735,0.06969648929946566,minmaxnorm
161,Q0,AP880925-0020,736,0.0696866954031875,minmaxnorm
161,Q0,AP880829-0188,737,0.0694095408000775,minmaxnorm
161,Q0,WSJ920225-0029,738,0.06926665694895034,minmaxnorm
161,Q0,AP890610-0062,739,0.06895167552590484,minmaxnorm
161,Q0,AP890306-0094,740,0.06882889449729306,minmaxnorm
161,Q0,AP890601-0312,741,0.06869729463889523,minmaxnorm
161,Q0,DOE1-46-0462,742,0.06834230106899311,minmaxnorm
161,Q0,AP890727-0146,743,0.06828858254516423,minmaxnorm
161,Q0,AP890906-0240,744,0.06823924755926031,minmaxnorm
161,Q0,AP881005-0133,745,0.06822068642165394,minmaxnorm
161,Q0,WSJ910607-0019,746,0.06817435081535175,minmaxnorm
161,Q0,WSJ900523-0167,747,0.06809607927584418,minmaxnorm
161,Q0,DOE1-09-0062,748,0.0677980674000417,minmaxnorm
161,Q0,DOE2-09-0103,749,0.06779663984889961,minmaxnorm
161,Q0,DOE2-63-0447,750,0.06773947627888263,minmaxnorm
161,Q0,AP880519-0198,751,0.0677375274381211,minmaxnorm
161,Q0,AP891229-0116,752,0.06764677669413603,minmaxnorm
161,Q0,WSJ910619-0050,753,0.06759983058141042,minmaxnorm
161,Q0,DOE2-77-0073,754,0.0672119584848587,minmaxnorm
161,Q0,DOE2-46-0015,755,0.06699861427538116,minmaxnorm
161,Q0,DOE1-27-0430,756,0.06694378680877613,minmaxnorm
161,Q0,DOE2-56-0113,757,0.06677573347072167,minmaxnorm
161,Q0,WSJ881005-0098,758,0.06675260800562337,minmaxnorm
161,Q0,AP880816-0283,759,0.06673078362756707,minmaxnorm
161,Q0,AP890515-0232,760,0.06673010146769981,minmaxnorm
161,Q0,AP881030-0051,761,0.0667030537875406,minmaxnorm
161,Q0,AP880912-0141,762,0.06669995983108225,minmaxnorm
161,Q0,AP890918-0020,763,0.06647817095143,minmaxnorm
161,Q0,DOE1-45-0825,764,0.06639839151350131,minmaxnorm
161,Q0,AP881015-0040,765,0.06629223463885033,minmaxnorm
161,Q0,DOE2-15-0987,766,0.06621285950564583,minmaxnorm
161,Q0,DOE1-52-0785,767,0.06613301081685362,minmaxnorm
161,Q0,AP880714-0034,768,0.06609393071601763,minmaxnorm
161,Q0,WSJ910916-0112,769,0.06608945784454243,minmaxnorm
161,Q0,AP880615-0275,770,0.06606521172548165,minmaxnorm
161,Q0,AP881001-0149,771,0.06591420291297378,minmaxnorm
161,Q0,WSJ920203-0030,772,0.06587518577880716,minmaxnorm
161,Q0,AP890315-0124,773,0.06581618387734348,minmaxnorm
161,Q0,DOE2-49-0976,774,0.06581277516299694,minmaxnorm
161,Q0,DOE1-76-0138,775,0.06574651071969385,minmaxnorm
161,Q0,DOE2-34-1310,776,0.06572123683404477,minmaxnorm
161,Q0,AP890210-0247,777,0.0655001040524525,minmaxnorm
161,Q0,WSJ910521-0092,778,0.06549811238958816,minmaxnorm
161,Q0,DOE2-31-0225,779,0.06523040616425922,minmaxnorm
161,Q0,WSJ900927-0023,780,0.06517642157490473,minmaxnorm
161,Q0,DOE1-08-0445,781,0.0651015840982391,minmaxnorm
161,Q0,DOE1-17-0677,782,0.06508203853571215,minmaxnorm
161,Q0,DOE1-30-0484,783,0.06494416537694028,minmaxnorm
161,Q0,WSJ900706-0088,784,0.06490549917455822,minmaxnorm
161,Q0,DOE1-86-0305,785,0.06480389913048962,minmaxnorm
161,Q0,DOE1-34-0869,786,0.06479571590970824,minmaxnorm
161,Q0,DOE2-16-0900,787,0.06477538993608446,minmaxnorm
161,Q0,WSJ891012-0071,788,0.06475797483038787,minmaxnorm
161,Q0,WSJ900709-0021,789,0.06462419294709143,minmaxnorm
161,Q0,AP880617-0306,790,0.06461028629270386,minmaxnorm
161,Q0,AP880519-0131,791,0.06456593114407154,minmaxnorm
161,Q0,WSJ880830-0073,792,0.06439387987751835,minmaxnorm
161,Q0,FR88516-0128,793,0.06431158600232204,minmaxnorm
161,Q0,AP890522-0093,794,0.06410321118114361,minmaxnorm
161,Q0,AP890906-0201,795,0.06405045147778683,minmaxnorm
161,Q0,FR88901-0006,796,0.06399890470928574,minmaxnorm
161,Q0,AP881010-0190,797,0.06399682179512348,minmaxnorm
161,Q0,AP890721-0212,798,0.06390190897020596,minmaxnorm
161,Q0,WSJ900502-0086,799,0.0639005313009826,minmaxnorm
161,Q0,ZF207-177-708,800,0.06354336279402222,minmaxnorm
161,Q0,AP880816-0261,801,0.06350327293319472,minmaxnorm
161,Q0,AP890424-0145,802,0.06344281297002326,minmaxnorm
161,Q0,AP880901-0140,803,0.06343840555100486,minmaxnorm
161,Q0,WSJ910830-0123,804,0.06337475266399137,minmaxnorm
161,Q0,WSJ870122-0023,805,0.06319198754601667,minmaxnorm
161,Q0,AP890307-0213,806,0.06313827541010306,minmaxnorm
161,Q0,DOE2-15-0998,807,0.06292782223772106,minmaxnorm
161,Q0,WSJ870429-0009,808,0.0628285491954767,minmaxnorm
161,Q0,WSJ910125-0047,809,0.06282836949611485,minmaxnorm
161,Q0,WSJ880205-0096,810,0.06267496628771943,minmaxnorm
161,Q0,WSJ910410-0062,811,0.06262142884207676,minmaxnorm
161,Q0,DOE1-87-1073,812,0.0624826011966981,minmaxnorm
161,Q0,DOE2-36-0485,813,0.062191448644364204,minmaxnorm
161,Q0,DOE2-26-0821,814,0.062093356725450854,minmaxnorm
161,Q0,DOE1-52-0691,815,0.061897469118261154,minmaxnorm
161,Q0,AP880817-0227,816,0.0618702816521973,minmaxnorm
161,Q0,AP881115-0251,817,0.06175477793084643,minmaxnorm
161,Q0,WSJ890804-0055,818,0.06162775106336575,minmaxnorm
161,Q0,WSJ900615-0165,819,0.061416430654929896,minmaxnorm
161,Q0,AP880712-0268,820,0.061218965709612494,minmaxnorm
161,Q0,DOE1-69-0027,821,0.061069308376712955,minmaxnorm
161,Q0,DOE1-79-0042,822,0.060583163098579314,minmaxnorm
161,Q0,AP880919-0003,823,0.06054799256790127,minmaxnorm
161,Q0,WSJ900914-0013,824,0.060503773111055405,minmaxnorm
161,Q0,DOE2-31-0119,825,0.06027265232377287,minmaxnorm
161,Q0,AP890901-0039,826,0.06015129853216047,minmaxnorm
161,Q0,AP880511-0100,827,0.06001067178625867,minmaxnorm
161,Q0,DOE2-15-0983,828,0.060002058096913315,minmaxnorm
161,Q0,AP890830-0222,829,0.05992904677900851,minmaxnorm
161,Q0,WSJ880721-0010,830,0.05990816275304451,minmaxnorm
161,Q0,WSJ870212-0028,831,0.059808420994097895,minmaxnorm
161,Q0,AP890702-0052,832,0.059769797210572156,minmaxnorm
161,Q0,WSJ870407-0021,833,0.059684543306361956,minmaxnorm
161,Q0,AP881218-0015,834,0.05958999026084906,minmaxnorm
161,Q0,DOE1-94-0953,835,0.0593035505368815,minmaxnorm
161,Q0,DOE2-66-0012,836,0.05911122712808338,minmaxnorm
161,Q0,WSJ910315-0099,837,0.059096040755803124,minmaxnorm
161,Q0,AP890507-0034,838,0.059061388641407656,minmaxnorm
161,Q0,AP880517-0122,839,0.05899338794505075,minmaxnorm
161,Q0,AP880928-0007,840,0.05890496587933059,minmaxnorm
161,Q0,AP880601-0226,841,0.058871242568352196,minmaxnorm
161,Q0,WSJ880909-0097,842,0.058829026976707166,minmaxnorm
161,Q0,AP890831-0175,843,0.05882096782963204,minmaxnorm
161,Q0,AP890628-0086,844,0.05880338555571303,minmaxnorm
161,Q0,DOE2-15-0999,845,0.05877827642616294,minmaxnorm
161,Q0,WSJ910419-0159,846,0.05869050643771271,minmaxnorm
161,Q0,AP881003-0023,847,0.05850579084853725,minmaxnorm
161,Q0,WSJ910416-0059,848,0.05839938954470681,minmaxnorm
161,Q0,DOE2-63-0046,849,0.05838857342378539,minmaxnorm
161,Q0,DOE2-32-0639,850,0.058371071825462244,minmaxnorm
161,Q0,AP880219-0031,851,0.05836303131165752,minmaxnorm
161,Q0,DOE1-51-0653,852,0.058346466573788586,minmaxnorm
161,Q0,DOE2-57-0093,853,0.05834310842643745,minmaxnorm
161,Q0,AP890717-0073,854,0.058199229450671186,minmaxnorm
161,Q0,AP881001-0076,855,0.058112523595585025,minmaxnorm
161,Q0,DOE2-31-0333,856,0.057986402691989014,minmaxnorm
161,Q0,DOE2-46-0079,857,0.0579596727872686,minmaxnorm
161,Q0,AP880819-0064,858,0.05785960548230975,minmaxnorm
161,Q0,AP880707-0028,859,0.05779373386532691,minmaxnorm
161,Q0,AP880601-0134,860,0.05767523376810129,minmaxnorm
161,Q0,DOE2-75-0105,861,0.05745686226643677,minmaxnorm
161,Q0,DOE1-84-0782,862,0.057314762759528785,minmaxnorm
161,Q0,AP890425-0258,863,0.05730989767696511,minmaxnorm
161,Q0,WSJ900531-0084,864,0.05728949415279229,minmaxnorm
161,Q0,WSJ871125-0121,865,0.05723916803473975,minmaxnorm
161,Q0,DOE1-69-0529,866,0.05723471041733687,minmaxnorm
161,Q0,WSJ920122-0132,867,0.057096425613516806,minmaxnorm
161,Q0,AP880711-0167,868,0.056664438707275666,minmaxnorm
161,Q0,WSJ900724-0145,869,0.05660408202821374,minmaxnorm
161,Q0,WSJ881107-0108,870,0.05652959015277332,minmaxnorm
161,Q0,DOE1-15-1055,871,0.05650733998514871,minmaxnorm
161,Q0,DOE2-22-0470,872,0.05640052432339683,minmaxnorm
161,Q0,AP881026-0222,873,0.05602269993578989,minmaxnorm
161,Q0,AP880622-0077,874,0.05599851153168739,minmaxnorm
161,Q0,WSJ911212-0139,875,0.05596697653252399,minmaxnorm
161,Q0,AP890223-0021,876,0.055884319084975626,minmaxnorm
161,Q0,AP880301-0213,877,0.055640362399754076,minmaxnorm
161,Q0,WSJ880308-0043,878,0.05562113929985051,minmaxnorm
161,Q0,AP880529-0047,879,0.05552087009860578,minmaxnorm
161,Q0,DOE1-51-0479,880,0.05549295595355011,minmaxnorm
161,Q0,DOE1-78-1034,881,0.05548839909318559,minmaxnorm
161,Q0,AP880727-0193,882,0.05545965795313472,minmaxnorm
161,Q0,AP890420-0009,883,0.05538157600026047,minmaxnorm
161,Q0,AP881129-0015,884,0.05518383717463715,minmaxnorm
161,Q0,AP880218-0137,885,0.05512616056733321,minmaxnorm
161,Q0,AP890207-0138,886,0.05501952612701802,minmaxnorm
161,Q0,AP880316-0047,887,0.0550064144542979,minmaxnorm
161,Q0,AP891027-0240,888,0.05492770293713364,minmaxnorm
161,Q0,AP880802-0031,889,0.05487064331785604,minmaxnorm
161,Q0,AP890824-0207,890,0.0546602508088996,minmaxnorm
161,Q0,DOE2-81-0544,891,0.054656911849046926,minmaxnorm
161,Q0,AP890721-0184,892,0.05459120959586671,minmaxnorm
161,Q0,DOE1-35-1121,893,0.054288084886282964,minmaxnorm
161,Q0,DOE2-19-0558,894,0.05408443162202244,minmaxnorm
161,Q0,DOE1-26-0838,895,0.0538767416398134,minmaxnorm
161,Q0,AP890410-0197,896,0.05379416198296216,minmaxnorm
161,Q0,WSJ890918-0121,897,0.05365166091881495,minmaxnorm
161,Q0,AP880310-0210,898,0.05362014189634466,minmaxnorm
161,Q0,AP890308-0246,899,0.05353533302096829,minmaxnorm
161,Q0,AP880719-0063,900,0.053497501551685596,minmaxnorm
161,Q0,AP880808-0121,901,0.05330975964100203,minmaxnorm
161,Q0,FR89321-0015,902,0.05304410331457013,minmaxnorm
161,Q0,AP890915-0206,903,0.05261642288938174,minmaxnorm
161,Q0,AP880615-0130,904,0.05250321032437337,minmaxnorm
161,Q0,WSJ900612-0056,905,0.05245920737765049,minmaxnorm
161,Q0,AP890613-0148,906,0.052229939679449305,minmaxnorm
161,Q0,AP890415-0042,907,0.05211884511946535,minmaxnorm
161,Q0,AP891121-0209,908,0.05184833703549526,minmaxnorm
161,Q0,AP880218-0176,909,0.05144438354967176,minmaxnorm
161,Q0,DOE1-73-0623,910,0.051391274565453934,minmaxnorm
161,Q0,FR88514-0001,911,0.051380518851546736,minmaxnorm
161,Q0,DOE1-26-0117,912,0.051297952910796536,minmaxnorm
161,Q0,FR89929-0063,913,0.05122184862713797,minmaxnorm
161,Q0,DOE2-01-0844,914,0.05118904745722763,minmaxnorm
161,Q0,DOE2-52-0444,915,0.0511519061093053,minmaxnorm
161,Q0,AP890126-0030,916,0.051103230334956284,minmaxnorm
161,Q0,AP890622-0249,917,0.051036229772847275,minmaxnorm
161,Q0,DOE1-34-0878,918,0.05079644822501404,minmaxnorm
161,Q0,AP880719-0141,919,0.05079354192284613,minmaxnorm
161,Q0,AP890310-0176,920,0.05075180698437427,minmaxnorm
161,Q0,AP890319-0011,921,0.050707112836447014,minmaxnorm
161,Q0,AP890410-0008,922,0.050666764577547846,minmaxnorm
161,Q0,WSJ911122-0099,923,0.050403830203009564,minmaxnorm
161,Q0,WSJ880719-0179,924,0.049925594539594796,minmaxnorm
161,Q0,AP881116-0051,925,0.04990599471088077,minmaxnorm
161,Q0,AP880219-0243,926,0.049756920948364924,minmaxnorm
161,Q0,WSJ890914-0143,927,0.04963370467972082,minmaxnorm
161,Q0,FR89119-0057,928,0.0494773358079288,minmaxnorm
161,Q0,AP890308-0091,929,0.0493833627243731,minmaxnorm
161,Q0,WSJ910411-0106,930,0.04890791858116369,minmaxnorm
161,Q0,AP880427-0263,931,0.048868296328099026,minmaxnorm
161,Q0,AP891130-0077,932,0.04873020624739621,minmaxnorm
161,Q0,AP880925-0090,933,0.048560383479097656,minmaxnorm
161,Q0,DOE1-95-0113,934,0.048443675407077745,minmaxnorm
161,Q0,AP881129-0150,935,0.048382765034662364,minmaxnorm
161,Q0,AP880612-0072,936,0.04829984859126967,minmaxnorm
161,Q0,AP880613-0023,937,0.04823612206964855,minmaxnorm
161,Q0,AP890907-0229,938,0.04810049162875587,minmaxnorm
161,Q0,WSJ891102-0016,939,0.04803049269169961,minmaxnorm
161,Q0,AP880427-0264,940,0.04765376961318302,minmaxnorm
161,Q0,AP890713-0119,941,0.047528219525809996,minmaxnorm
161,Q0,DOE2-33-0150,942,0.04733241162306445,minmaxnorm
161,Q0,WSJ871016-0076,943,0.047301277427707115,minmaxnorm
161,Q0,AP881216-0220,944,0.047227536484257135,minmaxnorm
161,Q0,DOE2-70-0602,945,0.04720794488752881,minmaxnorm
161,Q0,WSJ881024-0092,946,0.047015531154530665,minmaxnorm
161,Q0,WSJ870609-0005,947,0.04689648244881428,minmaxnorm
161,Q0,AP890108-0096,948,0.04684476660444733,minmaxnorm
161,Q0,FR891128-0008,949,0.04683940584237567,minmaxnorm
161,Q0,AP880212-0054,950,0.04668566168331301,minmaxnorm
161,Q0,FR881129-0039,951,0.04663323680750733,minmaxnorm
161,Q0,AP890728-0012,952,0.0465962687352703,minmaxnorm
161,Q0,DOE2-47-0339,953,0.046431063932340894,minmaxnorm
161,Q0,DOE1-96-0460,954,0.04638940229452634,minmaxnorm
161,Q0,WSJ910724-0044,955,0.04623005292858199,minmaxnorm
161,Q0,FR89417-0051,956,0.04622490808577062,minmaxnorm
161,Q0,DOE1-62-0173,957,0.04609166208162703,minmaxnorm
161,Q0,AP890127-0018,958,0.04607465441478682,minmaxnorm
161,Q0,DOE2-49-0233,959,0.04606834930069782,minmaxnorm
161,Q0,AP890423-0003,960,0.04604720181189633,minmaxnorm
161,Q0,FR89602-0012,961,0.04598394853850489,minmaxnorm
161,Q0,WSJ880428-0016,962,0.04589887762887317,minmaxnorm
161,Q0,AP890613-0226,963,0.04588770258447622,minmaxnorm
161,Q0,AP881104-0238,964,0.04491496306431152,minmaxnorm
161,Q0,DOE2-19-1113,965,0.04490698433552611,minmaxnorm
161,Q0,AP890505-0089,966,0.04476697576891226,minmaxnorm
161,Q0,AP890116-0164,967,0.04463373233326657,minmaxnorm
161,Q0,WSJ900709-0001,968,0.04446604938272414,minmaxnorm
161,Q0,WSJ910723-0082,969,0.044464387701103544,minmaxnorm
161,Q0,DOE1-15-0956,970,0.044356834243095326,minmaxnorm
161,Q0,DOE1-66-0895,971,0.04423242987165127,minmaxnorm
161,Q0,WSJ881012-0162,972,0.04416205682755091,minmaxnorm
161,Q0,AP891221-0201,973,0.04409825250076507,minmaxnorm
161,Q0,DOE2-48-0177,974,0.044095140240965086,minmaxnorm
161,Q0,FR881017-0018,975,0.04403186495405583,minmaxnorm
161,Q0,AP890307-0017,976,0.04398655087499239,minmaxnorm
161,Q0,FR88830-0045,977,0.04392106979985644,minmaxnorm
161,Q0,WSJ870319-0007,978,0.04383413147293758,minmaxnorm
161,Q0,FR88829-0045,979,0.04373045169181402,minmaxnorm
161,Q0,DOE2-66-0018,980,0.04363277370156722,minmaxnorm
161,Q0,WSJ900427-0032,981,0.04360261223988676,minmaxnorm
161,Q0,WSJ891005-0135,982,0.04357912912324034,minmaxnorm
161,Q0,ZF109-434-545,983,0.04355508734672239,minmaxnorm
161,Q0,WSJ911127-0064,984,0.04330997035218132,minmaxnorm
161,Q0,DOE2-77-1270,985,0.04317688910398621,minmaxnorm
161,Q0,AP891211-0235,986,0.043141667106847484,minmaxnorm
161,Q0,FR881207-0029,987,0.043141230761805344,minmaxnorm
161,Q0,DOE1-94-0713,988,0.04304163770516608,minmaxnorm
161,Q0,AP880218-0288,989,0.04292725949270512,minmaxnorm
161,Q0,AP881023-0056,990,0.04289735071944296,minmaxnorm
161,Q0,WSJ891003-0096,991,0.04278176446777412,minmaxnorm
161,Q0,DOE1-14-0975,992,0.0426758878823173,minmaxnorm
161,Q0,FR891117-0021,993,0.04258164982464297,minmaxnorm
161,Q0,AP881024-0035,994,0.04241634167568601,minmaxnorm
161,Q0,DOE2-13-0808,995,0.0422064922245355,minmaxnorm
161,Q0,WSJ870313-0144,996,0.042138464034521136,minmaxnorm
161,Q0,AP880329-0221,997,0.042006538308537025,minmaxnorm
161,Q0,AP890124-0094,998,0.04195410223325073,minmaxnorm
161,Q0,AP890617-0132,999,0.04176777997321407,minmaxnorm
161,Q0,WSJ910107-0030,1000,0.041740750547949346,minmaxnorm
165,Q0,WSJ861205-0170,1,0.24646411348287903,minmaxnorm
165,Q0,WSJ900503-0092,2,0.23790197576421593,minmaxnorm
165,Q0,AP890725-0146,3,0.21905534140393992,minmaxnorm
165,Q0,WSJ911211-0032,4,0.2187961466975119,minmaxnorm
165,Q0,WSJ910516-0076,5,0.21833156679696786,minmaxnorm
165,Q0,WSJ900503-0007,6,0.21456216114542867,minmaxnorm
165,Q0,AP891205-0033,7,0.2106750954743493,minmaxnorm
165,Q0,WSJ920313-0070,8,0.20624130539189484,minmaxnorm
165,Q0,WSJ890725-0123,9,0.2042718865994833,minmaxnorm
165,Q0,AP890111-0147,10,0.2030988745064514,minmaxnorm
165,Q0,WSJ880601-0013,11,0.20299807355829005,minmaxnorm
165,Q0,WSJ920130-0127,12,0.20278088151968826,minmaxnorm
165,Q0,WSJ880517-0107,13,0.20206409688589794,minmaxnorm
165,Q0,WSJ900411-0093,14,0.19935612668986707,minmaxnorm
165,Q0,AP881007-0099,15,0.19582197702768644,minmaxnorm
165,Q0,WSJ871019-0110,16,0.1956775921610895,minmaxnorm
165,Q0,WSJ870420-0033,17,0.194498212759565,minmaxnorm
165,Q0,WSJ880902-0017,18,0.19343174140118144,minmaxnorm
165,Q0,AP880505-0034,19,0.19165806721513767,minmaxnorm
165,Q0,WSJ900404-0139,20,0.1905395115093867,minmaxnorm
165,Q0,WSJ880721-0133,21,0.19034788613945036,minmaxnorm
165,Q0,AP880410-0081,22,0.1866497379537468,minmaxnorm
165,Q0,WSJ870423-0142,23,0.18645358847274765,minmaxnorm
165,Q0,WSJ870429-0123,24,0.18626196970461392,minmaxnorm
165,Q0,WSJ900612-0127,25,0.18576970554760364,minmaxnorm
165,Q0,WSJ910815-0083,26,0.18486407831410315,minmaxnorm
165,Q0,WSJ900529-0132,27,0.184090258737512,minmaxnorm
165,Q0,WSJ900607-0113,28,0.1838988778761567,minmaxnorm
165,Q0,AP880529-0040,29,0.18269233535156412,minmaxnorm
165,Q0,WSJ910923-0090,30,0.18247106560335827,minmaxnorm
165,Q0,AP890517-0142,31,0.18203943954115387,minmaxnorm
165,Q0,WSJ870217-0073,32,0.18185076064292066,minmaxnorm
165,Q0,WSJ880630-0019,33,0.1816917364591469,minmaxnorm
165,Q0,WSJ880606-0084,34,0.18071212955987692,minmaxnorm
165,Q0,AP880606-0277,35,0.1800559478191566,minmaxnorm
165,Q0,WSJ900523-0140,36,0.18004013845640215,minmaxnorm
165,Q0,WSJ880302-0099,37,0.179634453730005,minmaxnorm
165,Q0,WSJ910326-0139,38,0.1796310879954392,minmaxnorm
165,Q0,AP891105-0099,39,0.17954890329409964,minmaxnorm
165,Q0,WSJ910729-0082,40,0.17938442634184984,minmaxnorm
165,Q0,WSJ900927-0100,41,0.17909281149583753,minmaxnorm
165,Q0,WSJ920205-0084,42,0.17907667334593308,minmaxnorm
165,Q0,WSJ900828-0070,43,0.178523174628126,minmaxnorm
165,Q0,AP881125-0005,44,0.17827107442429274,minmaxnorm
165,Q0,AP880302-0282,45,0.17789273501853867,minmaxnorm
165,Q0,AP890414-0213,46,0.17755750118585073,minmaxnorm
165,Q0,WSJ900612-0099,47,0.177545570741918,minmaxnorm
165,Q0,WSJ891010-0041,48,0.17690616393823402,minmaxnorm
165,Q0,AP891126-0052,49,0.1767655731900767,minmaxnorm
165,Q0,WSJ870814-0121,50,0.17602449862575453,minmaxnorm
165,Q0,AP881111-0204,51,0.17563181747763823,minmaxnorm
165,Q0,WSJ911008-0111,52,0.1748020218918614,minmaxnorm
165,Q0,WSJ880307-0011,53,0.174434443372916,minmaxnorm
165,Q0,AP890602-0259,54,0.17437458666386135,minmaxnorm
165,Q0,WSJ920324-0102,55,0.17434544574479438,minmaxnorm
165,Q0,WSJ911007-0004,56,0.17352730851232165,minmaxnorm
165,Q0,WSJ880404-0069,57,0.1729328496366091,minmaxnorm
165,Q0,AP891103-0277,58,0.17275483958914498,minmaxnorm
165,Q0,AP880319-0135,59,0.17266995646223507,minmaxnorm
165,Q0,WSJ910130-0069,60,0.1724730134874257,minmaxnorm
165,Q0,WSJ910328-0067,61,0.17243676084510703,minmaxnorm
165,Q0,AP880611-0076,62,0.17242079904332477,minmaxnorm
165,Q0,AP881207-0033,63,0.1722183201963356,minmaxnorm
165,Q0,WSJ910801-0035,64,0.172117655568431,minmaxnorm
165,Q0,WSJ911022-0075,65,0.1720985968966356,minmaxnorm
165,Q0,WSJ900524-0066,66,0.17202381011776827,minmaxnorm
165,Q0,AP891115-0152,67,0.17063784348897468,minmaxnorm
165,Q0,AP890728-0232,68,0.17050312585594962,minmaxnorm
165,Q0,WSJ880503-0080,69,0.169843940602482,minmaxnorm
165,Q0,WSJ900727-0061,70,0.16964278179865483,minmaxnorm
165,Q0,WSJ890914-0084,71,0.16931027429127146,minmaxnorm
165,Q0,WSJ920130-0121,72,0.16908048196536807,minmaxnorm
165,Q0,AP880803-0256,73,0.16891593925150553,minmaxnorm
165,Q0,WSJ880615-0127,74,0.1685535085621879,minmaxnorm
165,Q0,AP880601-0341,75,0.16846358872632164,minmaxnorm
165,Q0,AP880629-0032,76,0.16804094070556966,minmaxnorm
165,Q0,AP891225-0050,77,0.16804015576918055,minmaxnorm
165,Q0,WSJ900607-0039,78,0.1678328134185311,minmaxnorm
165,Q0,AP880501-0083,79,0.1676110921535415,minmaxnorm
165,Q0,AP880629-0179,80,0.16755445723073972,minmaxnorm
165,Q0,AP891004-0027,81,0.1665394920368637,minmaxnorm
165,Q0,WSJ880629-0024,82,0.16558162035493948,minmaxnorm
165,Q0,WSJ920115-0027,83,0.16494042047469873,minmaxnorm
165,Q0,AP880303-0006,84,0.1649136078690466,minmaxnorm
165,Q0,WSJ880721-0115,85,0.1648025536667667,minmaxnorm
165,Q0,WSJ900521-0100,86,0.16467500356673212,minmaxnorm
165,Q0,WSJ920310-0111,87,0.16450640674610123,minmaxnorm
165,Q0,AP891101-0272,88,0.16411401538710035,minmaxnorm
165,Q0,AP880603-0161,89,0.16296779997487154,minmaxnorm
165,Q0,WSJ910304-0119,90,0.16249572852619168,minmaxnorm
165,Q0,WSJ870604-0010,91,0.16216581126091914,minmaxnorm
165,Q0,WSJ880614-0029,92,0.16211257994499984,minmaxnorm
165,Q0,AP881109-0201,93,0.1619837704729875,minmaxnorm
165,Q0,WSJ891006-0119,94,0.16104375243472624,minmaxnorm
165,Q0,AP880614-0052,95,0.16057847093559371,minmaxnorm
165,Q0,WSJ871231-0034,96,0.1604718466164687,minmaxnorm
165,Q0,AP880301-0217,97,0.16014766792056342,minmaxnorm
165,Q0,AP890301-0308,98,0.15948888724777063,minmaxnorm
165,Q0,WSJ900522-0072,99,0.1594418768310598,minmaxnorm
165,Q0,AP880622-0272,100,0.15904950353084382,minmaxnorm
165,Q0,AP880226-0072,101,0.15886548036165363,minmaxnorm
165,Q0,WSJ910913-0055,102,0.1587448416601998,minmaxnorm
165,Q0,AP880518-0178,103,0.15866643787373935,minmaxnorm
165,Q0,WSJ910605-0010,104,0.1583519167465177,minmaxnorm
165,Q0,WSJ870403-0085,105,0.1582579441691432,minmaxnorm
165,Q0,AP880615-0090,106,0.15823712821479916,minmaxnorm
165,Q0,AP890223-0138,107,0.15782176578554327,minmaxnorm
165,Q0,AP891025-0272,108,0.1576903153141378,minmaxnorm
165,Q0,WSJ880503-0056,109,0.15707909734429049,minmaxnorm
165,Q0,WSJ880615-0002,110,0.15686419397582613,minmaxnorm
165,Q0,AP890909-0074,111,0.15652863784273646,minmaxnorm
165,Q0,AP890612-0251,112,0.15588575387380949,minmaxnorm
165,Q0,WSJ870506-0152,113,0.15566485947265293,minmaxnorm
165,Q0,AP890609-0253,114,0.15507435274948866,minmaxnorm
165,Q0,AP880516-0225,115,0.15422554052684534,minmaxnorm
165,Q0,WSJ880830-0082,116,0.15362357305795604,minmaxnorm
165,Q0,AP890105-0255,117,0.15350628023311072,minmaxnorm
165,Q0,AP891215-0016,118,0.1533640290550388,minmaxnorm
165,Q0,AP890106-0070,119,0.15323937012369845,minmaxnorm
165,Q0,AP890301-0264,120,0.1530284733021081,minmaxnorm
165,Q0,WSJ880323-0135,121,0.15263434129872175,minmaxnorm
165,Q0,AP880326-0121,122,0.15245013620660158,minmaxnorm
165,Q0,AP880219-0027,123,0.15218651800946692,minmaxnorm
165,Q0,WSJ870826-0037,124,0.15189876022128124,minmaxnorm
165,Q0,WSJ870814-0088,125,0.15176066826043466,minmaxnorm
165,Q0,WSJ891018-0099,126,0.1512414702579185,minmaxnorm
165,Q0,WSJ871028-0090,127,0.1506814437193093,minmaxnorm
165,Q0,AP891214-0121,128,0.1504846301296163,minmaxnorm
165,Q0,AP880516-0096,129,0.15033693591137734,minmaxnorm
165,Q0,WSJ880804-0127,130,0.14998330187363804,minmaxnorm
165,Q0,AP881226-0137,131,0.14990812159336242,minmaxnorm
165,Q0,WSJ880513-0093,132,0.14986115034356218,minmaxnorm
165,Q0,AP890527-0017,133,0.14968295520676464,minmaxnorm
165,Q0,AP880815-0137,134,0.1495788710705071,minmaxnorm
165,Q0,WSJ880627-0062,135,0.1495214107364292,minmaxnorm
165,Q0,WSJ910422-0097,136,0.1483823245491624,minmaxnorm
165,Q0,AP880301-0216,137,0.14825939990506443,minmaxnorm
165,Q0,AP880603-0119,138,0.1481000423310386,minmaxnorm
165,Q0,AP890330-0213,139,0.1478098549813528,minmaxnorm
165,Q0,AP880613-0305,140,0.14769244300261572,minmaxnorm
165,Q0,AP880613-0204,141,0.1476537619449836,minmaxnorm
165,Q0,AP880228-0040,142,0.14758205823708345,minmaxnorm
165,Q0,WSJ880526-0064,143,0.14647995406562214,minmaxnorm
165,Q0,WSJ871202-0095,144,0.1458562855676338,minmaxnorm
165,Q0,WSJ890728-0128,145,0.14583596980065286,minmaxnorm
165,Q0,AP890221-0019,146,0.14535094018010697,minmaxnorm
165,Q0,WSJ880512-0128,147,0.1452258563359416,minmaxnorm
165,Q0,WSJ870430-0147,148,0.1452236430832706,minmaxnorm
165,Q0,WSJ900411-0084,149,0.14464634682522526,minmaxnorm
165,Q0,WSJ911105-0159,150,0.1446108793004236,minmaxnorm
165,Q0,WSJ900521-0078,151,0.14431155529401793,minmaxnorm
165,Q0,WSJ900405-0043,152,0.1441023752029516,minmaxnorm
165,Q0,WSJ920121-0156,153,0.1437236929507631,minmaxnorm
165,Q0,WSJ870917-0055,154,0.143525986340614,minmaxnorm
165,Q0,AP890530-0139,155,0.14329117555003745,minmaxnorm
165,Q0,WSJ880624-0103,156,0.1427980615532656,minmaxnorm
165,Q0,AP880304-0104,157,0.14269065296612388,minmaxnorm
165,Q0,AP891208-0269,158,0.14266208166359343,minmaxnorm
165,Q0,AP891122-0256,159,0.14263586022217634,minmaxnorm
165,Q0,AP880903-0126,160,0.1419170793602425,minmaxnorm
165,Q0,AP880525-0344,161,0.14117748110204958,minmaxnorm
165,Q0,WSJ900507-0079,162,0.14092728845338437,minmaxnorm
165,Q0,WSJ880404-0013,163,0.14004552398871156,minmaxnorm
165,Q0,WSJ870707-0145,164,0.13908547531261867,minmaxnorm
165,Q0,WSJ900614-0035,165,0.13873937507955753,minmaxnorm
165,Q0,WSJ880504-0166,166,0.13870225279750378,minmaxnorm
165,Q0,AP880213-0196,167,0.13832697278113204,minmaxnorm
165,Q0,AP890109-0107,168,0.13809131955697168,minmaxnorm
165,Q0,AP880410-0080,169,0.13808353678825136,minmaxnorm
165,Q0,AP880217-0300,170,0.13757370156512413,minmaxnorm
165,Q0,WSJ880201-0066,171,0.13707472254638292,minmaxnorm
165,Q0,WSJ910625-0139,172,0.13653659876300508,minmaxnorm
165,Q0,WSJ890822-0133,173,0.1357180199104772,minmaxnorm
165,Q0,WSJ920108-0092,174,0.13567613302245776,minmaxnorm
165,Q0,AP890528-0025,175,0.13480810663524104,minmaxnorm
165,Q0,WSJ880606-0090,176,0.1345780447471469,minmaxnorm
165,Q0,WSJ900717-0128,177,0.13420417531437656,minmaxnorm
165,Q0,AP890913-0308,178,0.13409675524470363,minmaxnorm
165,Q0,WSJ880816-0020,179,0.13388050634618887,minmaxnorm
165,Q0,AP890107-0024,180,0.13374014444848015,minmaxnorm
165,Q0,WSJ910705-0055,181,0.13368538506167318,minmaxnorm
165,Q0,AP880421-0268,182,0.13363915915636174,minmaxnorm
165,Q0,WSJ900427-0150,183,0.1335551020795059,minmaxnorm
165,Q0,AP890914-0237,184,0.133427218761754,minmaxnorm
165,Q0,WSJ910503-0091,185,0.13237845227682069,minmaxnorm
165,Q0,AP881212-0293,186,0.13225451960833995,minmaxnorm
165,Q0,AP880422-0296,187,0.1320299168900503,minmaxnorm
165,Q0,WSJ870422-0126,188,0.13155538031250597,minmaxnorm
165,Q0,AP880426-0100,189,0.13121271303641363,minmaxnorm
165,Q0,WSJ900615-0105,190,0.13107207560263978,minmaxnorm
165,Q0,WSJ870106-0146,191,0.1309576219800003,minmaxnorm
165,Q0,WSJ911106-0128,192,0.1304977375357157,minmaxnorm
165,Q0,WSJ920212-0018,193,0.13033322800586322,minmaxnorm
165,Q0,WSJ881021-0012,194,0.12984563488976902,minmaxnorm
165,Q0,WSJ890912-0104,195,0.12942289998312712,minmaxnorm
165,Q0,WSJ880601-0151,196,0.12941547896423883,minmaxnorm
165,Q0,WSJ890918-0079,197,0.12939747374664526,minmaxnorm
165,Q0,AP880620-0049,198,0.12907398704511627,minmaxnorm
165,Q0,AP880217-0251,199,0.12907238069329496,minmaxnorm
165,Q0,WSJ880413-0133,200,0.12880837834523792,minmaxnorm
165,Q0,WSJ881021-0036,201,0.12860253092817822,minmaxnorm
165,Q0,WSJ870130-0033,202,0.1284725180163364,minmaxnorm
165,Q0,AP890710-0206,203,0.12845334381813825,minmaxnorm
165,Q0,WSJ900517-0073,204,0.1283048285389073,minmaxnorm
165,Q0,WSJ880422-0094,205,0.12752558342389825,minmaxnorm
165,Q0,WSJ910311-0107,206,0.1264796281030099,minmaxnorm
165,Q0,AP880602-0322,207,0.1251950274006283,minmaxnorm
165,Q0,WSJ870218-0068,208,0.12509313376502224,minmaxnorm
165,Q0,AP891101-0170,209,0.12488975966404701,minmaxnorm
165,Q0,AP881012-0263,210,0.12485365073654438,minmaxnorm
165,Q0,WSJ900906-0113,211,0.12472362208424885,minmaxnorm
165,Q0,AP880614-0056,212,0.12433734937876094,minmaxnorm
165,Q0,AP880422-0021,213,0.12409912390850428,minmaxnorm
165,Q0,WSJ870305-0056,214,0.12377243921145349,minmaxnorm
165,Q0,AP880516-0160,215,0.12366744102244934,minmaxnorm
165,Q0,AP880616-0145,216,0.12346623358471015,minmaxnorm
165,Q0,AP890124-0237,217,0.12334544056818635,minmaxnorm
165,Q0,WSJ900711-0111,218,0.12322765104150786,minmaxnorm
165,Q0,AP880612-0069,219,0.12304107669939966,minmaxnorm
165,Q0,WSJ910130-0057,220,0.12297579097688104,minmaxnorm
165,Q0,AP880503-0190,221,0.12296098081568263,minmaxnorm
165,Q0,WSJ891003-0074,222,0.12283931720146979,minmaxnorm
165,Q0,WSJ900927-0076,223,0.12250689605363616,minmaxnorm
165,Q0,WSJ880411-0047,224,0.12249815579031359,minmaxnorm
165,Q0,WSJ880405-0013,225,0.12208626301411536,minmaxnorm
165,Q0,WSJ890811-0102,226,0.12169706105622502,minmaxnorm
165,Q0,AP880830-0213,227,0.12163207537302478,minmaxnorm
165,Q0,WSJ910206-0159,228,0.12124576036519448,minmaxnorm
165,Q0,AP890914-0147,229,0.12124550814537541,minmaxnorm
165,Q0,WSJ870824-0034,230,0.11985981611006931,minmaxnorm
165,Q0,AP891004-0252,231,0.11972143182551605,minmaxnorm
165,Q0,AP890921-0249,232,0.11967952154883175,minmaxnorm
165,Q0,WSJ911001-0025,233,0.11954099077981772,minmaxnorm
165,Q0,WSJ910326-0088,234,0.1182584872060034,minmaxnorm
165,Q0,AP890106-0041,235,0.1179502175335024,minmaxnorm
165,Q0,WSJ881005-0142,236,0.11764500274268296,minmaxnorm
165,Q0,AP880404-0133,237,0.11762952037964994,minmaxnorm
165,Q0,AP881121-0151,238,0.11759170057938761,minmaxnorm
165,Q0,WSJ920311-0070,239,0.1172365858012636,minmaxnorm
165,Q0,AP881201-0261,240,0.11689099692323454,minmaxnorm
165,Q0,WSJ881021-0163,241,0.11685345876303752,minmaxnorm
165,Q0,AP890728-0222,242,0.11680795925240502,minmaxnorm
165,Q0,AP890906-0287,243,0.11616152558081691,minmaxnorm
165,Q0,WSJ920210-0064,244,0.11613912742530945,minmaxnorm
165,Q0,WSJ910131-0016,245,0.11607159606370013,minmaxnorm
165,Q0,WSJ880705-0155,246,0.11597609264642776,minmaxnorm
165,Q0,AP880602-0123,247,0.11583378503727534,minmaxnorm
165,Q0,AP880603-0173,248,0.11581237796224078,minmaxnorm
165,Q0,WSJ920117-0140,249,0.11569540232896414,minmaxnorm
165,Q0,WSJ910618-0124,250,0.11566780947776246,minmaxnorm
165,Q0,AP881226-0138,251,0.1154067559165358,minmaxnorm
165,Q0,AP891116-0095,252,0.11538033820747709,minmaxnorm
165,Q0,AP880901-0265,253,0.11510948846728158,minmaxnorm
165,Q0,WSJ890803-0106,254,0.11430020933869245,minmaxnorm
165,Q0,AP890110-0160,255,0.11419836174571825,minmaxnorm
165,Q0,WSJ880308-0116,256,0.11328437974816269,minmaxnorm
165,Q0,WSJ910701-0140,257,0.11315805028331846,minmaxnorm
165,Q0,WSJ910517-0115,258,0.11290468122505241,minmaxnorm
165,Q0,AP880729-0154,259,0.1128268105476318,minmaxnorm
165,Q0,AP880615-0288,260,0.1127004240116646,minmaxnorm
165,Q0,WSJ870115-0048,261,0.11245479152422043,minmaxnorm
165,Q0,WSJ880216-0135,262,0.11209700347056574,minmaxnorm
165,Q0,WSJ900417-0107,263,0.1118218787242947,minmaxnorm
165,Q0,WSJ900810-0119,264,0.11172020862287842,minmaxnorm
165,Q0,AP880525-0237,265,0.11164730219658595,minmaxnorm
165,Q0,AP890619-0023,266,0.11145592665389725,minmaxnorm
165,Q0,WSJ900416-0073,267,0.11127783839540711,minmaxnorm
165,Q0,AP881109-0027,268,0.11105501480374963,minmaxnorm
165,Q0,AP890629-0274,269,0.11036545905402805,minmaxnorm
165,Q0,AP880830-0219,270,0.11020705156711533,minmaxnorm
165,Q0,WSJ870928-0041,271,0.11008272126131019,minmaxnorm
165,Q0,WSJ900924-0121,272,0.11005195259579717,minmaxnorm
165,Q0,AP880411-0146,273,0.10979122092923678,minmaxnorm
165,Q0,AP891101-0241,274,0.10973503595318326,minmaxnorm
165,Q0,AP880526-0143,275,0.1095281528826295,minmaxnorm
165,Q0,WSJ890804-0003,276,0.10929854614601776,minmaxnorm
165,Q0,WSJ871127-0122,277,0.10929137914994888,minmaxnorm
165,Q0,WSJ910322-0041,278,0.10920744918578516,minmaxnorm
165,Q0,WSJ880725-0046,279,0.10910070460694876,minmaxnorm
165,Q0,WSJ870416-0096,280,0.1090714123833022,minmaxnorm
165,Q0,WSJ900912-0069,281,0.10885139363933605,minmaxnorm
165,Q0,WSJ880906-0123,282,0.10867636129051558,minmaxnorm
165,Q0,WSJ900507-0111,283,0.1084203698688689,minmaxnorm
165,Q0,AP890119-0300,284,0.10820264283627885,minmaxnorm
165,Q0,WSJ920108-0050,285,0.10797186913175125,minmaxnorm
165,Q0,AP890122-0067,286,0.10777561832558581,minmaxnorm
165,Q0,AP890603-0027,287,0.10759889394218633,minmaxnorm
165,Q0,WSJ900925-0036,288,0.10757320851985012,minmaxnorm
165,Q0,WSJ881018-0022,289,0.10727707865480235,minmaxnorm
165,Q0,AP890213-0270,290,0.10666493979481353,minmaxnorm
165,Q0,AP880927-0015,291,0.10612446860243098,minmaxnorm
165,Q0,AP890201-0027,292,0.10608921512666888,minmaxnorm
165,Q0,AP890801-0071,293,0.1060423368324635,minmaxnorm
165,Q0,AP881201-0258,294,0.10598978086233454,minmaxnorm
165,Q0,WSJ900809-0054,295,0.10576710207625915,minmaxnorm
165,Q0,AP881207-0257,296,0.10565948273097461,minmaxnorm
165,Q0,AP890531-0115,297,0.10560743196132126,minmaxnorm
165,Q0,WSJ920316-0027,298,0.10535410014337454,minmaxnorm
165,Q0,AP890101-0037,299,0.10456955001037066,minmaxnorm
165,Q0,AP890906-0161,300,0.10449300247917162,minmaxnorm
165,Q0,WSJ900606-0038,301,0.10428257083769826,minmaxnorm
165,Q0,WSJ870302-0049,302,0.10423906174166499,minmaxnorm
165,Q0,WSJ870331-0078,303,0.10412151048002885,minmaxnorm
165,Q0,AP890712-0241,304,0.10371071260771896,minmaxnorm
165,Q0,WSJ870720-0004,305,0.10366832268116101,minmaxnorm
165,Q0,AP890913-0281,306,0.10363179493835166,minmaxnorm
165,Q0,AP890422-0008,307,0.10362360270495187,minmaxnorm
165,Q0,AP880516-0176,308,0.10354517745613259,minmaxnorm
165,Q0,AP880421-0305,309,0.10324600927966654,minmaxnorm
165,Q0,WSJ910522-0142,310,0.10320323586169287,minmaxnorm
165,Q0,WSJ870602-0092,311,0.1029852809436754,minmaxnorm
165,Q0,AP890111-0041,312,0.1029350226682628,minmaxnorm
165,Q0,WSJ890919-0162,313,0.102651134713648,minmaxnorm
165,Q0,WSJ870416-0005,314,0.10261744277782224,minmaxnorm
165,Q0,WSJ900904-0025,315,0.10248036386141478,minmaxnorm
165,Q0,AP890119-0289,316,0.10233822791914264,minmaxnorm
165,Q0,WSJ870227-0067,317,0.10215747494947788,minmaxnorm
165,Q0,WSJ910926-0126,318,0.10186300444319188,minmaxnorm
165,Q0,FR891006-0067,319,0.10178124669153644,minmaxnorm
165,Q0,WSJ880519-0111,320,0.10168317109333781,minmaxnorm
165,Q0,WSJ880120-0096,321,0.10168179801162207,minmaxnorm
165,Q0,AP880607-0271,322,0.10150753841902621,minmaxnorm
165,Q0,WSJ910805-0085,323,0.1014399810064763,minmaxnorm
165,Q0,AP890112-0025,324,0.1011958440720607,minmaxnorm
165,Q0,AP890913-0287,325,0.10115078953811628,minmaxnorm
165,Q0,AP880729-0111,326,0.10086733663362234,minmaxnorm
165,Q0,AP880629-0319,327,0.10069535260935111,minmaxnorm
165,Q0,WSJ870617-0051,328,0.10047079037837851,minmaxnorm
165,Q0,WSJ910304-0102,329,0.10026352247791925,minmaxnorm
165,Q0,WSJ910326-0018,330,0.10006130816451134,minmaxnorm
165,Q0,AP890504-0280,331,0.09971186300242565,minmaxnorm
165,Q0,WSJ890810-0106,332,0.09874459591766545,minmaxnorm
165,Q0,WSJ910821-0046,333,0.09853031310667099,minmaxnorm
165,Q0,WSJ871124-0110,334,0.09852517261217235,minmaxnorm
165,Q0,AP890904-0020,335,0.09831627244623582,minmaxnorm
165,Q0,WSJ870403-0076,336,0.09815224425863747,minmaxnorm
165,Q0,WSJ920116-0023,337,0.0980452731637645,minmaxnorm
165,Q0,WSJ900910-0148,338,0.0980279490307707,minmaxnorm
165,Q0,AP880514-0154,339,0.09770371163503616,minmaxnorm
165,Q0,WSJ910617-0111,340,0.0976210383107663,minmaxnorm
165,Q0,AP880422-0205,341,0.09741070061059902,minmaxnorm
165,Q0,WSJ910201-0033,342,0.0973194404076535,minmaxnorm
165,Q0,WSJ870506-0011,343,0.09708642398460304,minmaxnorm
165,Q0,WSJ900907-0033,344,0.09698338036151082,minmaxnorm
165,Q0,WSJ870217-0013,345,0.09675564190885509,minmaxnorm
165,Q0,WSJ870811-0138,346,0.09639253907924454,minmaxnorm
165,Q0,AP881117-0141,347,0.09624491824387932,minmaxnorm
165,Q0,WSJ900726-0108,348,0.09610867106087391,minmaxnorm
165,Q0,WSJ891004-0039,349,0.09601099766558321,minmaxnorm
165,Q0,AP880627-0247,350,0.09579622728771048,minmaxnorm
165,Q0,AP880625-0058,351,0.09556090908501065,minmaxnorm
165,Q0,AP890110-0009,352,0.0955178884478035,minmaxnorm
165,Q0,WSJ910415-0103,353,0.09529240043933268,minmaxnorm
165,Q0,AP890810-0212,354,0.09529219483133354,minmaxnorm
165,Q0,WSJ890804-0159,355,0.09493761910346954,minmaxnorm
165,Q0,WSJ911017-0093,356,0.0949212880972268,minmaxnorm
165,Q0,AP881018-0285,357,0.09422673407334603,minmaxnorm
165,Q0,AP890713-0257,358,0.09409485471739235,minmaxnorm
165,Q0,AP890919-0232,359,0.0939133697578397,minmaxnorm
165,Q0,WSJ900703-0150,360,0.09339071037184185,minmaxnorm
165,Q0,WSJ910506-0099,361,0.0930198368679004,minmaxnorm
165,Q0,AP881117-0235,362,0.09292349538926613,minmaxnorm
165,Q0,WSJ900801-0078,363,0.09271889931631254,minmaxnorm
165,Q0,AP890223-0264,364,0.09242331671771165,minmaxnorm
165,Q0,AP890301-0309,365,0.09227387226005467,minmaxnorm
165,Q0,WSJ920304-0087,366,0.09215543832934446,minmaxnorm
165,Q0,WSJ911028-0017,367,0.09199675866147936,minmaxnorm
165,Q0,WSJ870727-0056,368,0.09140408263656062,minmaxnorm
165,Q0,FR89731-0026,369,0.09105434974971621,minmaxnorm
165,Q0,WSJ861216-0172,370,0.09099885230447864,minmaxnorm
165,Q0,AP881021-0245,371,0.09056097130326313,minmaxnorm
165,Q0,WSJ900711-0104,372,0.09056041079905715,minmaxnorm
165,Q0,AP881125-0088,373,0.0905380974430846,minmaxnorm
165,Q0,WSJ900917-0107,374,0.09051829514066642,minmaxnorm
165,Q0,WSJ870320-0197,375,0.09048683841147957,minmaxnorm
165,Q0,AP890320-0280,376,0.09041879646940575,minmaxnorm
165,Q0,WSJ871231-0144,377,0.09016680874317881,minmaxnorm
165,Q0,WSJ881101-0106,378,0.08997398582318514,minmaxnorm
165,Q0,AP890927-0090,379,0.08979707310315825,minmaxnorm
165,Q0,AP881104-0037,380,0.08933587495847073,minmaxnorm
165,Q0,WSJ910425-0136,381,0.08922632117078816,minmaxnorm
165,Q0,WSJ900425-0168,382,0.08921105089932879,minmaxnorm
165,Q0,AP880502-0069,383,0.08919053202500551,minmaxnorm
165,Q0,WSJ881020-0050,384,0.08917113122529026,minmaxnorm
165,Q0,WSJ900918-0163,385,0.08910849771775937,minmaxnorm
165,Q0,AP890518-0129,386,0.08882350309825393,minmaxnorm
165,Q0,AP890522-0331,387,0.08849554224819618,minmaxnorm
165,Q0,WSJ880923-0086,388,0.08845336575175085,minmaxnorm
165,Q0,AP891122-0300,389,0.08841963543766654,minmaxnorm
165,Q0,WSJ900627-0128,390,0.08841616673888612,minmaxnorm
165,Q0,WSJ920124-0041,391,0.08826778667042458,minmaxnorm
165,Q0,AP890712-0240,392,0.08826583604931887,minmaxnorm
165,Q0,WSJ880406-0014,393,0.08800236456257796,minmaxnorm
165,Q0,WSJ861211-0142,394,0.08790702100424447,minmaxnorm
165,Q0,WSJ881020-0140,395,0.087761597147534,minmaxnorm
165,Q0,WSJ910521-0114,396,0.08769925724535282,minmaxnorm
165,Q0,WSJ910716-0139,397,0.087439847263097,minmaxnorm
165,Q0,WSJ870915-0097,398,0.08731093603049606,minmaxnorm
165,Q0,AP881129-0220,399,0.0872055215782233,minmaxnorm
165,Q0,AP880910-0103,400,0.08707357072139998,minmaxnorm
165,Q0,AP890911-0069,401,0.08691086174156541,minmaxnorm
165,Q0,WSJ880816-0097,402,0.08670905086072053,minmaxnorm
165,Q0,WSJ880608-0062,403,0.08658549237544504,minmaxnorm
165,Q0,AP880608-0268,404,0.08654057729475055,minmaxnorm
165,Q0,WSJ871209-0015,405,0.08643832121235427,minmaxnorm
165,Q0,FR881110-0097,406,0.08632383376216578,minmaxnorm
165,Q0,AP890301-0171,407,0.0862597782541878,minmaxnorm
165,Q0,AP881117-0095,408,0.08619816621842388,minmaxnorm
165,Q0,WSJ880824-0110,409,0.08614165909979105,minmaxnorm
165,Q0,WSJ911014-0171,410,0.08611340438557778,minmaxnorm
165,Q0,WSJ880331-0091,411,0.08589552650524468,minmaxnorm
165,Q0,AP890515-0254,412,0.0857600857331622,minmaxnorm
165,Q0,WSJ910327-0084,413,0.08574109366595045,minmaxnorm
165,Q0,AP880514-0040,414,0.08560902243186659,minmaxnorm
165,Q0,WSJ880128-0150,415,0.08559001080032043,minmaxnorm
165,Q0,AP890530-0227,416,0.08552229229359214,minmaxnorm
165,Q0,WSJ900601-0054,417,0.08543661421499317,minmaxnorm
165,Q0,WSJ871207-0077,418,0.08531359595190778,minmaxnorm
165,Q0,WSJ880908-0096,419,0.08482712658664646,minmaxnorm
165,Q0,AP880514-0006,420,0.08449125932468662,minmaxnorm
165,Q0,WSJ900726-0002,421,0.08432231714928967,minmaxnorm
165,Q0,WSJ910529-0039,422,0.08424775205302472,minmaxnorm
165,Q0,AP890824-0021,423,0.08413925519856641,minmaxnorm
165,Q0,AP881214-0107,424,0.08407155900647766,minmaxnorm
165,Q0,WSJ920115-0064,425,0.0839618762492504,minmaxnorm
165,Q0,AP890127-0099,426,0.08391731747349375,minmaxnorm
165,Q0,AP890927-0239,427,0.08389338971828858,minmaxnorm
165,Q0,WSJ881011-0011,428,0.08382327920033428,minmaxnorm
165,Q0,WSJ900626-0118,429,0.08374802120370282,minmaxnorm
165,Q0,WSJ880311-0019,430,0.0837353686761905,minmaxnorm
165,Q0,WSJ881018-0062,431,0.0836998487095207,minmaxnorm
165,Q0,AP880425-0001,432,0.08365756631764638,minmaxnorm
165,Q0,AP880712-0272,433,0.08357332013250353,minmaxnorm
165,Q0,AP880409-0096,434,0.0835547896573482,minmaxnorm
165,Q0,WSJ880706-0150,435,0.08331042472596635,minmaxnorm
165,Q0,WSJ910705-0111,436,0.08310280240249686,minmaxnorm
165,Q0,AP890531-0175,437,0.08307971399589871,minmaxnorm
165,Q0,WSJ870601-0047,438,0.08292419824437607,minmaxnorm
165,Q0,WSJ920211-0041,439,0.082857989060935,minmaxnorm
165,Q0,WSJ871028-0131,440,0.0828461743026132,minmaxnorm
165,Q0,AP880613-0024,441,0.08283377556689371,minmaxnorm
165,Q0,AP890209-0258,442,0.08261765837962086,minmaxnorm
165,Q0,WSJ870610-0146,443,0.08253421997263097,minmaxnorm
165,Q0,AP891121-0031,444,0.0824706213275233,minmaxnorm
165,Q0,WSJ870209-0086,445,0.08223700055727458,minmaxnorm
165,Q0,AP890508-0251,446,0.08201289686768216,minmaxnorm
165,Q0,WSJ900430-0085,447,0.08189613483566477,minmaxnorm
165,Q0,AP890811-0025,448,0.08182267206764024,minmaxnorm
165,Q0,AP880521-0203,449,0.08171328220794603,minmaxnorm
165,Q0,WSJ910415-0164,450,0.08160000598701105,minmaxnorm
165,Q0,WSJ920113-0033,451,0.08147659102967945,minmaxnorm
165,Q0,WSJ880919-0069,452,0.08114000365588381,minmaxnorm
165,Q0,WSJ881018-0064,453,0.0808699658126623,minmaxnorm
165,Q0,AP881005-0066,454,0.0808625135281272,minmaxnorm
165,Q0,AP880505-0321,455,0.08069611897990249,minmaxnorm
165,Q0,WSJ910627-0002,456,0.08041659891859533,minmaxnorm
165,Q0,AP890911-0118,457,0.08041227067705665,minmaxnorm
165,Q0,DOE2-83-0599,458,0.08038224207254799,minmaxnorm
165,Q0,AP880622-0133,459,0.08025175952699382,minmaxnorm
165,Q0,WSJ920319-0045,460,0.07984848500716772,minmaxnorm
165,Q0,WSJ870702-0172,461,0.07963602369070269,minmaxnorm
165,Q0,AP890123-0144,462,0.07952219109828357,minmaxnorm
165,Q0,WSJ861223-0089,463,0.07941036094762483,minmaxnorm
165,Q0,DOE1-33-0581,464,0.07919278469642041,minmaxnorm
165,Q0,AP880629-0292,465,0.07915587437872147,minmaxnorm
165,Q0,WSJ910108-0074,466,0.07909904743161375,minmaxnorm
165,Q0,AP890327-0170,467,0.07906091097920039,minmaxnorm
165,Q0,WSJ900615-0084,468,0.07889048489421628,minmaxnorm
165,Q0,WSJ900829-0151,469,0.07888525882735486,minmaxnorm
165,Q0,AP881020-0306,470,0.07877240161415437,minmaxnorm
165,Q0,AP890912-0035,471,0.07865914248166073,minmaxnorm
165,Q0,AP890824-0026,472,0.07864041061796448,minmaxnorm
165,Q0,AP890301-0035,473,0.07853002201603597,minmaxnorm
165,Q0,WSJ910716-0107,474,0.07852052630622461,minmaxnorm
165,Q0,WSJ870113-0097,475,0.07840567710150897,minmaxnorm
165,Q0,WSJ911126-0071,476,0.07828518817397295,minmaxnorm
165,Q0,WSJ870423-0131,477,0.07817592306622367,minmaxnorm
165,Q0,AP891213-0097,478,0.07808089651960783,minmaxnorm
165,Q0,AP880904-0065,479,0.0780305586417672,minmaxnorm
165,Q0,WSJ900914-0139,480,0.07802865729134112,minmaxnorm
165,Q0,AP890726-0094,481,0.07787945712792231,minmaxnorm
165,Q0,DOE1-45-0162,482,0.07779502049674783,minmaxnorm
165,Q0,WSJ911101-0170,483,0.07776782416646764,minmaxnorm
165,Q0,WSJ880622-0072,484,0.07773496185759567,minmaxnorm
165,Q0,AP890929-0220,485,0.07750318730015573,minmaxnorm
165,Q0,AP880406-0237,486,0.07748212464966227,minmaxnorm
165,Q0,AP881001-0035,487,0.07741464784169434,minmaxnorm
165,Q0,WSJ880901-0048,488,0.07711571203927527,minmaxnorm
165,Q0,AP890613-0036,489,0.07690949527923557,minmaxnorm
165,Q0,WSJ870602-0094,490,0.07684395930201553,minmaxnorm
165,Q0,WSJ870306-0122,491,0.0764943303142847,minmaxnorm
165,Q0,AP891213-0196,492,0.07648560412841383,minmaxnorm
165,Q0,WSJ861217-0117,493,0.0762462709983684,minmaxnorm
165,Q0,AP880405-0010,494,0.07608113041001124,minmaxnorm
165,Q0,AP891012-0141,495,0.0760563713170478,minmaxnorm
165,Q0,WSJ891101-0038,496,0.07559985266322658,minmaxnorm
165,Q0,WSJ880222-0060,497,0.07558194273754482,minmaxnorm
165,Q0,WSJ900625-0142,498,0.07549384539555981,minmaxnorm
165,Q0,AP880405-0253,499,0.0754598385206006,minmaxnorm
165,Q0,WSJ910326-0109,500,0.07539645276386979,minmaxnorm
165,Q0,AP890119-0190,501,0.07538880425938284,minmaxnorm
165,Q0,AP891012-0241,502,0.07485527191606228,minmaxnorm
165,Q0,WSJ871015-0076,503,0.07434358303816105,minmaxnorm
165,Q0,WSJ900906-0001,504,0.07421914715491308,minmaxnorm
165,Q0,AP890111-0250,505,0.07408918864695033,minmaxnorm
165,Q0,AP890810-0109,506,0.07397702175381814,minmaxnorm
165,Q0,WSJ870303-0109,507,0.07390356684706613,minmaxnorm
165,Q0,WSJ870318-0086,508,0.07387724398738293,minmaxnorm
165,Q0,AP881028-0145,509,0.07375532182577897,minmaxnorm
165,Q0,WSJ900521-0160,510,0.07375229942212673,minmaxnorm
165,Q0,WSJ910306-0104,511,0.07371401614796518,minmaxnorm
165,Q0,AP890304-0070,512,0.0736849395788777,minmaxnorm
165,Q0,WSJ880119-0081,513,0.07348209441407516,minmaxnorm
165,Q0,WSJ910411-0048,514,0.07347799207087106,minmaxnorm
165,Q0,AP890818-0109,515,0.0734004065810135,minmaxnorm
165,Q0,WSJ881014-0199,516,0.07337897611137202,minmaxnorm
165,Q0,AP880912-0210,517,0.07335662219951854,minmaxnorm
165,Q0,WSJ880414-0162,518,0.07332745052207588,minmaxnorm
165,Q0,AP890630-0053,519,0.07330950032372595,minmaxnorm
165,Q0,WSJ880823-0030,520,0.07325765065563027,minmaxnorm
165,Q0,WSJ880219-0011,521,0.07317710236933911,minmaxnorm
165,Q0,WSJ900628-0158,522,0.07315588424658762,minmaxnorm
165,Q0,WSJ920309-0058,523,0.07311855824155224,minmaxnorm
165,Q0,AP880812-0115,524,0.07295314828470767,minmaxnorm
165,Q0,WSJ870330-0154,525,0.07281340867603356,minmaxnorm
165,Q0,AP881020-0062,526,0.07279494639014901,minmaxnorm
165,Q0,WSJ911105-0087,527,0.07261131745233249,minmaxnorm
165,Q0,WSJ880728-0086,528,0.0726006562742274,minmaxnorm
165,Q0,WSJ891023-0137,529,0.07258647005736216,minmaxnorm
165,Q0,AP890714-0041,530,0.07244957287176129,minmaxnorm
165,Q0,WSJ900724-0002,531,0.07244377126957817,minmaxnorm
165,Q0,WSJ910423-0253,532,0.07213234991386208,minmaxnorm
165,Q0,WSJ870602-0087,533,0.07192764834313853,minmaxnorm
165,Q0,WSJ900618-0021,534,0.0718681261886499,minmaxnorm
165,Q0,WSJ911017-0138,535,0.071745133435967,minmaxnorm
165,Q0,AP880404-0262,536,0.07157739655275672,minmaxnorm
165,Q0,AP881124-0005,537,0.07149293888634337,minmaxnorm
165,Q0,WSJ890918-0057,538,0.07134977159207836,minmaxnorm
165,Q0,WSJ890811-0012,539,0.0713468820177329,minmaxnorm
165,Q0,AP890513-0076,540,0.07128277813702366,minmaxnorm
165,Q0,WSJ900403-0168,541,0.07122982028415495,minmaxnorm
165,Q0,WSJ880129-0036,542,0.07110441071707327,minmaxnorm
165,Q0,AP880212-0099,543,0.07097366747753045,minmaxnorm
165,Q0,WSJ880916-0001,544,0.07097046779830632,minmaxnorm
165,Q0,WSJ920320-0006,545,0.07092061338182612,minmaxnorm
165,Q0,AP881024-0177,546,0.070905585735226,minmaxnorm
165,Q0,WSJ910910-0012,547,0.07084541798194743,minmaxnorm
165,Q0,WSJ891023-0111,548,0.07054689971588797,minmaxnorm
165,Q0,AP880721-0037,549,0.0704573328391082,minmaxnorm
165,Q0,AP880914-0268,550,0.07042449402812392,minmaxnorm
165,Q0,WSJ870812-0032,551,0.07039319535085672,minmaxnorm
165,Q0,AP891110-0136,552,0.07036806118872858,minmaxnorm
165,Q0,WSJ880729-0088,553,0.07018547360769396,minmaxnorm
165,Q0,AP880510-0285,554,0.06997382602195398,minmaxnorm
165,Q0,WSJ900613-0080,555,0.0699704922644554,minmaxnorm
165,Q0,ZF207-249-727,556,0.06993279371799077,minmaxnorm
165,Q0,AP890616-0260,557,0.06977453760055298,minmaxnorm
165,Q0,WSJ870826-0015,558,0.0697680633300616,minmaxnorm
165,Q0,WSJ880815-0091,559,0.06966520613028261,minmaxnorm
165,Q0,AP880516-0232,560,0.06962976185936336,minmaxnorm
165,Q0,WSJ900622-0117,561,0.06962739230695897,minmaxnorm
165,Q0,AP890306-0079,562,0.06948973416434749,minmaxnorm
165,Q0,ZF108-257-546,563,0.06945170030698945,minmaxnorm
165,Q0,WSJ870127-0038,564,0.06945067008214446,minmaxnorm
165,Q0,AP890228-0168,565,0.0694031703362707,minmaxnorm
165,Q0,DOE2-42-1187,566,0.06921723536522283,minmaxnorm
165,Q0,AP880628-0298,567,0.06915604931011898,minmaxnorm
165,Q0,AP891101-0057,568,0.0690810626115581,minmaxnorm
165,Q0,AP881108-0241,569,0.06896968040578424,minmaxnorm
165,Q0,AP890713-0222,570,0.06885977279169353,minmaxnorm
165,Q0,WSJ920131-0076,571,0.06865554940108289,minmaxnorm
165,Q0,AP890525-0122,572,0.06858459488699219,minmaxnorm
165,Q0,AP880928-0299,573,0.06852225939915736,minmaxnorm
165,Q0,AP890615-0221,574,0.06849640336023673,minmaxnorm
165,Q0,AP880320-0088,575,0.06828236183523341,minmaxnorm
165,Q0,WSJ880127-0153,576,0.06800508493413064,minmaxnorm
165,Q0,AP880624-0299,577,0.06797822635298315,minmaxnorm
165,Q0,WSJ900612-0096,578,0.06784562884886776,minmaxnorm
165,Q0,AP890719-0080,579,0.06778409692765613,minmaxnorm
165,Q0,WSJ880412-0095,580,0.06767281579060283,minmaxnorm
165,Q0,AP880610-0161,581,0.06766180412533483,minmaxnorm
165,Q0,WSJ910621-0111,582,0.06762610768822401,minmaxnorm
165,Q0,AP890524-0038,583,0.06759759914883222,minmaxnorm
165,Q0,WSJ880621-0080,584,0.06758552279091314,minmaxnorm
165,Q0,FR881206-0095,585,0.06758359042413058,minmaxnorm
165,Q0,AP890220-0012,586,0.06749886291534167,minmaxnorm
165,Q0,AP881005-0314,587,0.06749684595782483,minmaxnorm
165,Q0,WSJ910523-0044,588,0.06744281688488973,minmaxnorm
165,Q0,AP891109-0169,589,0.0671881981371468,minmaxnorm
165,Q0,WSJ880616-0164,590,0.06715686856556786,minmaxnorm
165,Q0,AP890208-0179,591,0.06713979679539235,minmaxnorm
165,Q0,AP880516-0013,592,0.06703572787277456,minmaxnorm
165,Q0,WSJ880120-0024,593,0.06701495131053017,minmaxnorm
165,Q0,AP880916-0244,594,0.0670134806151865,minmaxnorm
165,Q0,AP890803-0034,595,0.06697028644682096,minmaxnorm
165,Q0,AP890403-0060,596,0.06682235329581822,minmaxnorm
165,Q0,WSJ890922-0007,597,0.0665212354459213,minmaxnorm
165,Q0,AP881017-0159,598,0.06630066698897695,minmaxnorm
165,Q0,WSJ920319-0168,599,0.06629404357364355,minmaxnorm
165,Q0,WSJ920103-0018,600,0.06614939600705375,minmaxnorm
165,Q0,WSJ880218-0095,601,0.06614902230805278,minmaxnorm
165,Q0,ZF109-594-043,602,0.06594574963485604,minmaxnorm
165,Q0,WSJ870114-0070,603,0.06563473727934488,minmaxnorm
165,Q0,AP890516-0102,604,0.0655937670378647,minmaxnorm
165,Q0,FR89524-0073,605,0.0655919742628356,minmaxnorm
165,Q0,WSJ900731-0005,606,0.06540338506860602,minmaxnorm
165,Q0,AP881202-0199,607,0.06496827366891132,minmaxnorm
165,Q0,WSJ911030-0011,608,0.06491919550356813,minmaxnorm
165,Q0,WSJ890929-0137,609,0.06483406825412075,minmaxnorm
165,Q0,DOE1-30-0966,610,0.06457414459061092,minmaxnorm
165,Q0,WSJ870603-0091,611,0.0645618554536749,minmaxnorm
165,Q0,AP891003-0275,612,0.06440643776829777,minmaxnorm
165,Q0,WSJ861215-0129,613,0.06397846743620944,minmaxnorm
165,Q0,WSJ870805-0048,614,0.06373525180132708,minmaxnorm
165,Q0,WSJ881021-0048,615,0.06363110767657872,minmaxnorm
165,Q0,WSJ920120-0117,616,0.06362757766738877,minmaxnorm
165,Q0,AP890309-0227,617,0.06354309687813123,minmaxnorm
165,Q0,WSJ910530-0075,618,0.06352165473325207,minmaxnorm
165,Q0,WSJ890726-0026,619,0.06347721271330002,minmaxnorm
165,Q0,AP891115-0107,620,0.06336557568972936,minmaxnorm
165,Q0,WSJ890731-0082,621,0.06333497294297462,minmaxnorm
165,Q0,AP890910-0047,622,0.06326720816674332,minmaxnorm
165,Q0,AP891114-0266,623,0.06303874319256203,minmaxnorm
165,Q0,AP890420-0263,624,0.06284314640969965,minmaxnorm
165,Q0,AP880304-0079,625,0.06280974061612675,minmaxnorm
165,Q0,AP890701-0080,626,0.06271046629027471,minmaxnorm
165,Q0,FR88211-0360,627,0.0625133085722987,minmaxnorm
165,Q0,WSJ861203-0040,628,0.062498732536570824,minmaxnorm
165,Q0,AP880407-0163,629,0.06243253960487585,minmaxnorm
165,Q0,WSJ870903-0038,630,0.0623406813546353,minmaxnorm
165,Q0,WSJ910719-0098,631,0.06233683580905487,minmaxnorm
165,Q0,AP890712-0028,632,0.06230874954310896,minmaxnorm
165,Q0,FR89505-0143,633,0.06207226802302912,minmaxnorm
165,Q0,AP890802-0156,634,0.062065236231681406,minmaxnorm
165,Q0,AP891117-0020,635,0.061990606077799965,minmaxnorm
165,Q0,AP890126-0156,636,0.06185173012070203,minmaxnorm
165,Q0,AP890911-0131,637,0.06180496884858253,minmaxnorm
165,Q0,AP891203-0030,638,0.06178305748514835,minmaxnorm
165,Q0,AP880823-0020,639,0.06176955945329531,minmaxnorm
165,Q0,AP881010-0029,640,0.061676458863902786,minmaxnorm
165,Q0,WSJ870730-0080,641,0.06164757434572384,minmaxnorm
165,Q0,AP890419-0102,642,0.06158348915528518,minmaxnorm
165,Q0,AP890729-0018,643,0.06131646898012209,minmaxnorm
165,Q0,AP890421-0229,644,0.06130417434375231,minmaxnorm
165,Q0,AP891220-0285,645,0.06121826685209825,minmaxnorm
165,Q0,WSJ900912-0047,646,0.061086875260005356,minmaxnorm
165,Q0,AP880822-0176,647,0.06105711592027089,minmaxnorm
165,Q0,WSJ920206-0072,648,0.06098962111979263,minmaxnorm
165,Q0,ZF108-725-732,649,0.06098825089820673,minmaxnorm
165,Q0,WSJ911120-0081,650,0.060981270222961695,minmaxnorm
165,Q0,WSJ911010-0056,651,0.06094145424451483,minmaxnorm
165,Q0,AP881218-0003,652,0.06062837351712493,minmaxnorm
165,Q0,WSJ900723-0124,653,0.060245853212100346,minmaxnorm
165,Q0,AP890213-0084,654,0.060206128236118796,minmaxnorm
165,Q0,WSJ900517-0129,655,0.06019744110784011,minmaxnorm
165,Q0,WSJ880107-0118,656,0.0601861954301181,minmaxnorm
165,Q0,AP880421-0303,657,0.060120981216096714,minmaxnorm
165,Q0,AP890920-0109,658,0.060048905780383924,minmaxnorm
165,Q0,AP880310-0188,659,0.06002131868678754,minmaxnorm
165,Q0,AP890616-0021,660,0.05996571332445137,minmaxnorm
165,Q0,WSJ920116-0042,661,0.05979089457307399,minmaxnorm
165,Q0,WSJ910910-0105,662,0.05974166700424806,minmaxnorm
165,Q0,AP880502-0161,663,0.05970858912446045,minmaxnorm
165,Q0,ZF108-568-110,664,0.05968957412164559,minmaxnorm
165,Q0,WSJ900917-0079,665,0.05961353388199983,minmaxnorm
165,Q0,WSJ900926-0005,666,0.05958278648771957,minmaxnorm
165,Q0,AP880823-0103,667,0.05953006013938448,minmaxnorm
165,Q0,WSJ880518-0121,668,0.05925194400754002,minmaxnorm
165,Q0,WSJ880715-0015,669,0.0590447131924264,minmaxnorm
165,Q0,WSJ870114-0037,670,0.05902834086074443,minmaxnorm
165,Q0,FR88830-0013,671,0.05897952069093918,minmaxnorm
165,Q0,WSJ881021-0130,672,0.05892147449311324,minmaxnorm
165,Q0,AP880219-0183,673,0.05887047961759598,minmaxnorm
165,Q0,WSJ910618-0029,674,0.05886571109536369,minmaxnorm
165,Q0,WSJ890920-0163,675,0.05883352013934201,minmaxnorm
165,Q0,WSJ881108-0148,676,0.05878105118755872,minmaxnorm
165,Q0,WSJ870804-0087,677,0.05876546555882868,minmaxnorm
165,Q0,WSJ870112-0038,678,0.058448594906710866,minmaxnorm
165,Q0,WSJ880513-0015,679,0.05839306884304602,minmaxnorm
165,Q0,WSJ880426-0074,680,0.05839097877601255,minmaxnorm
165,Q0,WSJ900914-0028,681,0.05831356222184829,minmaxnorm
165,Q0,AP890913-0142,682,0.05829429852265662,minmaxnorm
165,Q0,AP890818-0031,683,0.05829158237395177,minmaxnorm
165,Q0,WSJ870922-0083,684,0.0582771093594663,minmaxnorm
165,Q0,AP880401-0117,685,0.05826694241770247,minmaxnorm
165,Q0,WSJ880224-0089,686,0.058248344494498214,minmaxnorm
165,Q0,AP880724-0037,687,0.05823121794829979,minmaxnorm
165,Q0,WSJ911126-0059,688,0.05820831811569053,minmaxnorm
165,Q0,AP881226-0136,689,0.058198188062745126,minmaxnorm
165,Q0,WSJ900426-0079,690,0.0581519459748204,minmaxnorm
165,Q0,WSJ911011-0127,691,0.05797432775592918,minmaxnorm
165,Q0,AP890113-0014,692,0.05792837055423227,minmaxnorm
165,Q0,FR88829-0013,693,0.05787841944506643,minmaxnorm
165,Q0,AP890313-0217,694,0.057648192988355114,minmaxnorm
165,Q0,AP880502-0233,695,0.05755689676542659,minmaxnorm
165,Q0,WSJ891016-0049,696,0.05746550170629272,minmaxnorm
165,Q0,WSJ880428-0048,697,0.057439077705322986,minmaxnorm
165,Q0,AP890803-0210,698,0.0573585243420554,minmaxnorm
165,Q0,WSJ910329-0196,699,0.05728466185242057,minmaxnorm
165,Q0,WSJ870327-0040,700,0.05715593585412651,minmaxnorm
165,Q0,WSJ900621-0101,701,0.05713361865890296,minmaxnorm
165,Q0,WSJ881020-0074,702,0.05712885528202993,minmaxnorm
165,Q0,WSJ911119-0139,703,0.05688343046927261,minmaxnorm
165,Q0,WSJ870918-0069,704,0.05686632188986007,minmaxnorm
165,Q0,WSJ911009-0102,705,0.05678369964925893,minmaxnorm
165,Q0,WSJ880616-0147,706,0.056770491716175125,minmaxnorm
165,Q0,AP890322-0201,707,0.056732078517351334,minmaxnorm
165,Q0,WSJ920109-0169,708,0.056676916469154355,minmaxnorm
165,Q0,AP890617-0038,709,0.056528237492671204,minmaxnorm
165,Q0,WSJ910524-0098,710,0.05645670208919014,minmaxnorm
165,Q0,FR89228-0161,711,0.05631856142884603,minmaxnorm
165,Q0,AP881020-0281,712,0.056275747370650706,minmaxnorm
165,Q0,WSJ900717-0005,713,0.05616691164292136,minmaxnorm
165,Q0,WSJ871112-0106,714,0.05612180035897986,minmaxnorm
165,Q0,AP880921-0141,715,0.05598210250205891,minmaxnorm
165,Q0,AP891102-0188,716,0.05596135064554346,minmaxnorm
165,Q0,AP880902-0173,717,0.05581571081939913,minmaxnorm
165,Q0,WSJ870417-0171,718,0.05572986257750564,minmaxnorm
165,Q0,FR89621-0103,719,0.05568687230315721,minmaxnorm
165,Q0,WSJ880726-0139,720,0.05567251127206106,minmaxnorm
165,Q0,WSJ870318-0123,721,0.05564328935530732,minmaxnorm
165,Q0,AP880430-0119,722,0.05556421430668726,minmaxnorm
165,Q0,WSJ910513-0075,723,0.05546318952071597,minmaxnorm
165,Q0,WSJ870915-0111,724,0.055454461149339475,minmaxnorm
165,Q0,AP890320-0139,725,0.0554344290915687,minmaxnorm
165,Q0,WSJ881101-0010,726,0.05535774848788884,minmaxnorm
165,Q0,WSJ900703-0142,727,0.05506251970426182,minmaxnorm
165,Q0,AP881212-0035,728,0.0550184650239897,minmaxnorm
165,Q0,AP890418-0066,729,0.05499378818452677,minmaxnorm
165,Q0,WSJ900517-0088,730,0.05477955103462634,minmaxnorm
165,Q0,AP891011-0085,731,0.05477493114903615,minmaxnorm
165,Q0,WSJ910812-0153,732,0.054759430824649145,minmaxnorm
165,Q0,WSJ880211-0149,733,0.0547491840101758,minmaxnorm
165,Q0,AP890314-0155,734,0.05474265714870971,minmaxnorm
165,Q0,AP880421-0206,735,0.05449577725197162,minmaxnorm
165,Q0,WSJ910722-0029,736,0.05441544162334152,minmaxnorm
165,Q0,WSJ900717-0098,737,0.054399829664793384,minmaxnorm
165,Q0,AP890623-0202,738,0.054353811363675,minmaxnorm
165,Q0,WSJ911004-0087,739,0.054349571078403394,minmaxnorm
165,Q0,AP891019-0293,740,0.05431832505513333,minmaxnorm
165,Q0,WSJ910702-0144,741,0.05431330307118676,minmaxnorm
165,Q0,AP890508-0241,742,0.05428868836013974,minmaxnorm
165,Q0,AP890208-0190,743,0.054201087390029296,minmaxnorm
165,Q0,WSJ870220-0019,744,0.05380212532714618,minmaxnorm
165,Q0,AP890109-0290,745,0.05376031479294394,minmaxnorm
165,Q0,FR88601-0046,746,0.053757379635436864,minmaxnorm
165,Q0,WSJ910312-0067,747,0.05372698926707679,minmaxnorm
165,Q0,WSJ920107-0076,748,0.05368474550226082,minmaxnorm
165,Q0,WSJ910116-0106,749,0.05359547664237374,minmaxnorm
165,Q0,AP890529-0022,750,0.0535927890122302,minmaxnorm
165,Q0,WSJ910305-0045,751,0.053547130063097526,minmaxnorm
165,Q0,WSJ880509-0008,752,0.05352180480152115,minmaxnorm
165,Q0,WSJ890801-0093,753,0.053511465001340845,minmaxnorm
165,Q0,WSJ900508-0005,754,0.05345774764631654,minmaxnorm
165,Q0,WSJ891102-0098,755,0.0534494214300528,minmaxnorm
165,Q0,WSJ880802-0011,756,0.053405391976394254,minmaxnorm
165,Q0,FR89530-0115,757,0.0533577169230883,minmaxnorm
165,Q0,WSJ891012-0053,758,0.05330423339919893,minmaxnorm
165,Q0,WSJ870604-0091,759,0.053298822034893445,minmaxnorm
165,Q0,AP880505-0285,760,0.05325096875418289,minmaxnorm
165,Q0,AP881010-0050,761,0.05324316022624265,minmaxnorm
165,Q0,AP880516-0159,762,0.05318691311059247,minmaxnorm
165,Q0,ZF108-827-522,763,0.05313370877190332,minmaxnorm
165,Q0,AP890902-0100,764,0.05301731075979762,minmaxnorm
165,Q0,AP880405-0158,765,0.05294539928870595,minmaxnorm
165,Q0,WSJ880224-0042,766,0.05293831642296334,minmaxnorm
165,Q0,WSJ900727-0160,767,0.05288327930088388,minmaxnorm
165,Q0,ZF207-219-106,768,0.05285181872791319,minmaxnorm
165,Q0,WSJ910523-0133,769,0.05281803937929971,minmaxnorm
165,Q0,WSJ870831-0044,770,0.05241201195839328,minmaxnorm
165,Q0,WSJ910419-0111,771,0.05212378177977677,minmaxnorm
165,Q0,AP880831-0044,772,0.05205608494666921,minmaxnorm
165,Q0,AP890618-0050,773,0.05198995893315284,minmaxnorm
165,Q0,WSJ920204-0111,774,0.051985174422852984,minmaxnorm
165,Q0,AP881111-0275,775,0.05187330729747959,minmaxnorm
165,Q0,WSJ910213-0017,776,0.051828404488172684,minmaxnorm
165,Q0,WSJ871211-0033,777,0.051773029675415076,minmaxnorm
165,Q0,AP881019-0236,778,0.05158668770276408,minmaxnorm
165,Q0,WSJ890727-0179,779,0.051518079724482156,minmaxnorm
165,Q0,WSJ870113-0118,780,0.05148531005868471,minmaxnorm
165,Q0,WSJ870116-0174,781,0.051416028843836045,minmaxnorm
165,Q0,AP881106-0024,782,0.051370391468842626,minmaxnorm
165,Q0,WSJ910808-0006,783,0.0513407121185908,minmaxnorm
165,Q0,FR88517-0013,784,0.05130365547258286,minmaxnorm
165,Q0,AP880909-0058,785,0.051290388216173544,minmaxnorm
165,Q0,WSJ920212-0012,786,0.05108755753440458,minmaxnorm
165,Q0,AP890119-0134,787,0.05091057443419674,minmaxnorm
165,Q0,WSJ880509-0001,788,0.050900146593321274,minmaxnorm
165,Q0,AP891218-0132,789,0.050820813855832536,minmaxnorm
165,Q0,AP890221-0022,790,0.05077240394680047,minmaxnorm
165,Q0,AP880913-0099,791,0.05070693971928355,minmaxnorm
165,Q0,AP890108-0029,792,0.05067257238091774,minmaxnorm
165,Q0,AP891006-0146,793,0.05047358738670711,minmaxnorm
165,Q0,WSJ910723-0064,794,0.05044537443345182,minmaxnorm
165,Q0,WSJ890731-0107,795,0.050416647410373265,minmaxnorm
165,Q0,WSJ920203-0085,796,0.05041467757646594,minmaxnorm
165,Q0,AP880502-0104,797,0.050408261905513736,minmaxnorm
165,Q0,AP890724-0169,798,0.05037710328240717,minmaxnorm
165,Q0,WSJ911113-0050,799,0.05024892517761305,minmaxnorm
165,Q0,AP881126-0034,800,0.050230034787446656,minmaxnorm
165,Q0,FR881018-0126,801,0.050026257539690054,minmaxnorm
165,Q0,ZF207-321-783,802,0.04998108801505128,minmaxnorm
165,Q0,AP891110-0021,803,0.04997460070720978,minmaxnorm
165,Q0,FR88504-0070,804,0.04996720695575592,minmaxnorm
165,Q0,WSJ880415-0050,805,0.04991593130882862,minmaxnorm
165,Q0,WSJ910802-0079,806,0.049897283555875555,minmaxnorm
165,Q0,WSJ920324-0026,807,0.0497321894316384,minmaxnorm
165,Q0,WSJ910206-0048,808,0.049672397945787955,minmaxnorm
165,Q0,AP890418-0164,809,0.04966652892271002,minmaxnorm
165,Q0,WSJ910415-0079,810,0.04957713712482991,minmaxnorm
165,Q0,AP880819-0143,811,0.04943443961811979,minmaxnorm
165,Q0,WSJ880624-0169,812,0.04937817137176732,minmaxnorm
165,Q0,AP890326-0034,813,0.04934335389178714,minmaxnorm
165,Q0,AP890925-0201,814,0.04923898481473631,minmaxnorm
165,Q0,AP880422-0250,815,0.04911823975142395,minmaxnorm
165,Q0,WSJ881107-0019,816,0.04908613074603063,minmaxnorm
165,Q0,WSJ910424-0233,817,0.04906768033182686,minmaxnorm
165,Q0,WSJ870226-0096,818,0.048916318838582905,minmaxnorm
165,Q0,AP891018-0185,819,0.048785764049355376,minmaxnorm
165,Q0,WSJ900727-0055,820,0.0487185527987731,minmaxnorm
165,Q0,WSJ900417-0023,821,0.04867087811206114,minmaxnorm
165,Q0,AP890731-0126,822,0.04862488827596868,minmaxnorm
165,Q0,AP890228-0160,823,0.04856327911101021,minmaxnorm
165,Q0,WSJ911028-0161,824,0.048552539156891894,minmaxnorm
165,Q0,WSJ880422-0166,825,0.048502371863918065,minmaxnorm
165,Q0,WSJ870707-0106,826,0.04841218643541772,minmaxnorm
165,Q0,AP890310-0047,827,0.04821179412058816,minmaxnorm
165,Q0,WSJ881003-0053,828,0.047934665939507966,minmaxnorm
165,Q0,AP880619-0024,829,0.047876055967211624,minmaxnorm
165,Q0,WSJ911106-0067,830,0.04787300912438347,minmaxnorm
165,Q0,AP890208-0095,831,0.04786578992453207,minmaxnorm
165,Q0,AP890117-0237,832,0.04781389643329289,minmaxnorm
165,Q0,AP890824-0060,833,0.04765481711223454,minmaxnorm
165,Q0,WSJ910227-0018,834,0.04757127106922395,minmaxnorm
165,Q0,WSJ910520-0179,835,0.04745617784271126,minmaxnorm
165,Q0,WSJ880302-0148,836,0.047387222938968625,minmaxnorm
165,Q0,DOE2-74-0453,837,0.04735089349642309,minmaxnorm
165,Q0,WSJ870618-0023,838,0.04734412508866679,minmaxnorm
165,Q0,WSJ880204-0136,839,0.04726346057002593,minmaxnorm
165,Q0,AP880418-0130,840,0.047231623639317405,minmaxnorm
165,Q0,AP880714-0051,841,0.04719261585061242,minmaxnorm
165,Q0,AP891116-0042,842,0.04705436555076839,minmaxnorm
165,Q0,AP880513-0159,843,0.04696004593929473,minmaxnorm
165,Q0,WSJ871127-0024,844,0.04673738128265153,minmaxnorm
165,Q0,WSJ881005-0081,845,0.04671398085913128,minmaxnorm
165,Q0,WSJ911220-0125,846,0.04664579633617304,minmaxnorm
165,Q0,WSJ890802-0149,847,0.04652762770304982,minmaxnorm
165,Q0,WSJ910124-0033,848,0.04648759848177802,minmaxnorm
165,Q0,ZF207-921-884,849,0.046475158519595355,minmaxnorm
165,Q0,WSJ880510-0060,850,0.0464698440343856,minmaxnorm
165,Q0,WSJ880810-0164,851,0.046383088935741904,minmaxnorm
165,Q0,WSJ880726-0036,852,0.046336902781711854,minmaxnorm
165,Q0,AP880516-0165,853,0.046252708211259395,minmaxnorm
165,Q0,WSJ920218-0139,854,0.04611797616708293,minmaxnorm
165,Q0,AP880727-0206,855,0.04603864068662733,minmaxnorm
165,Q0,WSJ870212-0143,856,0.04603008628208847,minmaxnorm
165,Q0,WSJ880523-0003,857,0.0459506356136994,minmaxnorm
165,Q0,AP880715-0286,858,0.04590798512579341,minmaxnorm
165,Q0,WSJ910919-0049,859,0.04575912420114893,minmaxnorm
165,Q0,ZF207-846-668,860,0.04571092925936951,minmaxnorm
165,Q0,FR88510-0095,861,0.04566767762226709,minmaxnorm
165,Q0,AP890505-0221,862,0.04564972098543351,minmaxnorm
165,Q0,AP880309-0223,863,0.04558324167162763,minmaxnorm
165,Q0,AP891030-0254,864,0.045529852509532585,minmaxnorm
165,Q0,AP880830-0023,865,0.045525486661400355,minmaxnorm
165,Q0,AP890617-0140,866,0.045489529631703614,minmaxnorm
165,Q0,WSJ910930-0038,867,0.04547099263811643,minmaxnorm
165,Q0,WSJ900518-0073,868,0.045463772019708845,minmaxnorm
165,Q0,ZF207-555-686,869,0.045453334647821024,minmaxnorm
165,Q0,AP880505-0117,870,0.04542006038536922,minmaxnorm
165,Q0,ZF109-594-119,871,0.04527411630267826,minmaxnorm
165,Q0,WSJ911112-0145,872,0.04527113001312539,minmaxnorm
165,Q0,AP881127-0052,873,0.04522723510565984,minmaxnorm
165,Q0,WSJ911119-0068,874,0.04505389062996619,minmaxnorm
165,Q0,AP890609-0057,875,0.04502909467807038,minmaxnorm
165,Q0,AP880428-0165,876,0.04501849217192065,minmaxnorm
165,Q0,WSJ880122-0187,877,0.0448970351711257,minmaxnorm
165,Q0,WSJ900703-0033,878,0.04485458004245481,minmaxnorm
165,Q0,WSJ900618-0071,879,0.044779431513483105,minmaxnorm
165,Q0,AP890703-0260,880,0.04475712582657446,minmaxnorm
165,Q0,AP880527-0152,881,0.04468021166295855,minmaxnorm
165,Q0,WSJ890731-0003,882,0.04466421004007167,minmaxnorm
165,Q0,WSJ910325-0061,883,0.044660968539703076,minmaxnorm
165,Q0,AP891115-0271,884,0.044631588858446855,minmaxnorm
165,Q0,WSJ870127-0076,885,0.04459550287668218,minmaxnorm
165,Q0,WSJ910405-0114,886,0.04455150973064392,minmaxnorm
165,Q0,AP890120-0025,887,0.04443975193784838,minmaxnorm
165,Q0,AP880310-0152,888,0.04435709390174745,minmaxnorm
165,Q0,WSJ881004-0093,889,0.04435166855223383,minmaxnorm
165,Q0,AP891115-0162,890,0.044296942834185324,minmaxnorm
165,Q0,WSJ900420-0130,891,0.04428788993564839,minmaxnorm
165,Q0,AP890409-0080,892,0.0442333830681193,minmaxnorm
165,Q0,WSJ920114-0051,893,0.044215104745765274,minmaxnorm
165,Q0,WSJ881020-0157,894,0.04419146113755623,minmaxnorm
165,Q0,AP890301-0249,895,0.044189249257642095,minmaxnorm
165,Q0,WSJ900627-0022,896,0.04418558875392676,minmaxnorm
165,Q0,DOE2-81-0953,897,0.04414169053877967,minmaxnorm
165,Q0,DOE1-33-0578,898,0.044105506402377495,minmaxnorm
165,Q0,WSJ870903-0140,899,0.0440973226403435,minmaxnorm
165,Q0,AP890102-0100,900,0.0437092048458492,minmaxnorm
165,Q0,WSJ870506-0115,901,0.043708917058855094,minmaxnorm
165,Q0,WSJ880906-0115,902,0.04364267543625635,minmaxnorm
165,Q0,WSJ900924-0037,903,0.043637034080789686,minmaxnorm
165,Q0,FR89613-0036,904,0.04360231663840019,minmaxnorm
165,Q0,WSJ900508-0017,905,0.043572400854864406,minmaxnorm
165,Q0,AP880809-0135,906,0.04357235936689565,minmaxnorm
165,Q0,AP880831-0234,907,0.043427863845024874,minmaxnorm
165,Q0,AP890811-0012,908,0.04340165476679867,minmaxnorm
165,Q0,WSJ881020-0038,909,0.043326626387474934,minmaxnorm
165,Q0,AP891010-0281,910,0.043276606505035266,minmaxnorm
165,Q0,DOE1-54-0168,911,0.04313845456835265,minmaxnorm
165,Q0,WSJ900619-0098,912,0.04310622757952483,minmaxnorm
165,Q0,AP881227-0183,913,0.043015899720348916,minmaxnorm
165,Q0,ZF108-702-054,914,0.043001492811654995,minmaxnorm
165,Q0,WSJ900405-0008,915,0.04289392337109407,minmaxnorm
165,Q0,WSJ910121-0113,916,0.04287001028995856,minmaxnorm
165,Q0,WSJ900712-0142,917,0.04286528966437322,minmaxnorm
165,Q0,AP890101-0001,918,0.042862996238381926,minmaxnorm
165,Q0,AP881217-0024,919,0.042823146279469544,minmaxnorm
165,Q0,WSJ900628-0064,920,0.04277769596512143,minmaxnorm
165,Q0,WSJ880808-0057,921,0.04265733362225639,minmaxnorm
165,Q0,AP890102-0099,922,0.042466399707461744,minmaxnorm
165,Q0,WSJ910509-0073,923,0.042387877334715,minmaxnorm
165,Q0,AP880318-0058,924,0.04237390071265481,minmaxnorm
165,Q0,WSJ910425-0098,925,0.04226625351192909,minmaxnorm
165,Q0,WSJ871209-0085,926,0.04224466132109631,minmaxnorm
165,Q0,DOE1-35-0532,927,0.042229085456963626,minmaxnorm
165,Q0,WSJ880802-0032,928,0.04222896068372697,minmaxnorm
165,Q0,AP890516-0223,929,0.04213278966914184,minmaxnorm
165,Q0,WSJ910530-0077,930,0.042106477517624794,minmaxnorm
165,Q0,WSJ900719-0078,931,0.042021495470429465,minmaxnorm
165,Q0,WSJ900727-0039,932,0.041975369025152254,minmaxnorm
165,Q0,WSJ900622-0034,933,0.04192249853065892,minmaxnorm
165,Q0,WSJ911010-0119,934,0.04181791498409963,minmaxnorm
165,Q0,AP891213-0171,935,0.041748469432470674,minmaxnorm
165,Q0,AP890524-0120,936,0.04174583168986211,minmaxnorm
165,Q0,WSJ881021-0031,937,0.04174508396804259,minmaxnorm
165,Q0,WSJ900508-0108,938,0.04172441660724932,minmaxnorm
165,Q0,WSJ870223-0062,939,0.04171753604622864,minmaxnorm
165,Q0,WSJ911112-0115,940,0.04168926127649915,minmaxnorm
165,Q0,WSJ870717-0170,941,0.041590121773876346,minmaxnorm
165,Q0,AP881202-0072,942,0.04153610845236291,minmaxnorm
165,Q0,WSJ911007-0142,943,0.04148640907471914,minmaxnorm
165,Q0,AP881115-0051,944,0.04135136562590879,minmaxnorm
165,Q0,AP890718-0219,945,0.04134823158453649,minmaxnorm
165,Q0,WSJ911113-0029,946,0.0413393324620604,minmaxnorm
165,Q0,AP890301-0238,947,0.04131770195295742,minmaxnorm
165,Q0,WSJ900425-0100,948,0.04123735527885332,minmaxnorm
165,Q0,WSJ920311-0067,949,0.04123494689755971,minmaxnorm
165,Q0,DOE2-69-0783,950,0.041205388502689524,minmaxnorm
165,Q0,AP881210-0037,951,0.04119878188335635,minmaxnorm
165,Q0,AP880620-0159,952,0.04118170181895767,minmaxnorm
165,Q0,AP890601-0335,953,0.041088708417526994,minmaxnorm
165,Q0,WSJ920110-0086,954,0.0410810179921958,minmaxnorm
165,Q0,AP890915-0027,955,0.04105983208804404,minmaxnorm
165,Q0,WSJ880128-0104,956,0.041035231685763236,minmaxnorm
165,Q0,AP890421-0272,957,0.04100521862589322,minmaxnorm
165,Q0,WSJ880804-0121,958,0.040994446839862496,minmaxnorm
165,Q0,DOE1-33-0629,959,0.04086731330995253,minmaxnorm
165,Q0,DOE1-33-0575,960,0.040772890106653255,minmaxnorm
165,Q0,FR881019-0035,961,0.04076525831983396,minmaxnorm
165,Q0,AP881028-0334,962,0.04058370902950398,minmaxnorm
165,Q0,AP880511-0102,963,0.04053947973949592,minmaxnorm
165,Q0,WSJ880601-0055,964,0.0404949746145826,minmaxnorm
165,Q0,FR891205-0103,965,0.04041807323030574,minmaxnorm
165,Q0,WSJ881111-0102,966,0.04037762234885439,minmaxnorm
165,Q0,WSJ861219-0050,967,0.040367160205441205,minmaxnorm
165,Q0,WSJ910325-0154,968,0.040292974516354135,minmaxnorm
165,Q0,AP891116-0214,969,0.040218801397460674,minmaxnorm
165,Q0,AP880526-0019,970,0.040187337410210536,minmaxnorm
165,Q0,WSJ910827-0048,971,0.040109717972869316,minmaxnorm
165,Q0,WSJ881014-0114,972,0.040103968910652474,minmaxnorm
165,Q0,AP890627-0042,973,0.04010356386066638,minmaxnorm
165,Q0,WSJ910918-0043,974,0.03987313102069524,minmaxnorm
165,Q0,WSJ891005-0114,975,0.039853179705674,minmaxnorm
165,Q0,AP880929-0029,976,0.039837496285414366,minmaxnorm
165,Q0,AP890324-0247,977,0.03981362314033881,minmaxnorm
165,Q0,AP890819-0032,978,0.03979874309073168,minmaxnorm
165,Q0,AP890722-0101,979,0.03969583349717048,minmaxnorm
165,Q0,WSJ910328-0080,980,0.039645096477538756,minmaxnorm
165,Q0,WSJ910326-0032,981,0.03958459905440012,minmaxnorm
165,Q0,DOE1-21-0175,982,0.039582051619772435,minmaxnorm
165,Q0,ZF108-182-236,983,0.03956125296009892,minmaxnorm
165,Q0,WSJ900917-0082,984,0.039520701852995804,minmaxnorm
165,Q0,AP890918-0171,985,0.03951308541999727,minmaxnorm
165,Q0,WSJ870114-0156,986,0.03947894897300314,minmaxnorm
165,Q0,AP880831-0290,987,0.03939589614042363,minmaxnorm
165,Q0,AP880727-0112,988,0.03936543021765737,minmaxnorm
165,Q0,AP890919-0151,989,0.03932433773431403,minmaxnorm
165,Q0,AP881208-0312,990,0.0393080516106862,minmaxnorm
165,Q0,WSJ910517-0075,991,0.039303609909488724,minmaxnorm
165,Q0,FR891127-0012,992,0.039296099108416575,minmaxnorm
165,Q0,AP890413-0112,993,0.03924431445031979,minmaxnorm
165,Q0,WSJ880627-0151,994,0.03922627805637447,minmaxnorm
165,Q0,AP890916-0037,995,0.039222826560297304,minmaxnorm
165,Q0,WSJ880217-0128,996,0.03918628022811698,minmaxnorm
165,Q0,AP891004-0044,997,0.03914970814170486,minmaxnorm
165,Q0,WSJ910418-0072,998,0.039138054714016365,minmaxnorm
165,Q0,WSJ911119-0081,999,0.039134734122783954,minmaxnorm
165,Q0,AP890920-0038,1000,0.03912448909352821,minmaxnorm
169,Q0,WSJ870901-0056,1,0.22005485504955113,minmaxnorm
169,Q0,AP881018-0099,2,0.21742551229961082,minmaxnorm
169,Q0,WSJ880715-0156,3,0.21737634247382256,minmaxnorm
169,Q0,AP880825-0014,4,0.21383718671023763,minmaxnorm
169,Q0,WSJ870723-0162,5,0.2119909333724768,minmaxnorm
169,Q0,AP891017-0211,6,0.20860660314544285,minmaxnorm
169,Q0,AP890617-0067,7,0.20456296004125613,minmaxnorm
169,Q0,AP880922-0146,8,0.20452242375121432,minmaxnorm
169,Q0,AP890410-0179,9,0.20421758963187533,minmaxnorm
169,Q0,WSJ910111-0040,10,0.20282077312059904,minmaxnorm
169,Q0,WSJ910827-0056,11,0.20046635096724819,minmaxnorm
169,Q0,AP890222-0252,12,0.19968916406525286,minmaxnorm
169,Q0,AP890217-0151,13,0.19856277451856427,minmaxnorm
169,Q0,WSJ880616-0038,14,0.19522394028788195,minmaxnorm
169,Q0,AP890623-0039,15,0.19371046789137417,minmaxnorm
169,Q0,WSJ880923-0081,16,0.19255417095555696,minmaxnorm
169,Q0,AP880722-0155,17,0.19005698381286798,minmaxnorm
169,Q0,AP891021-0043,18,0.18954401730070222,minmaxnorm
169,Q0,AP891211-0295,19,0.18922910146357744,minmaxnorm
169,Q0,WSJ910114-0028,20,0.1884156549419843,minmaxnorm
169,Q0,AP891221-0235,21,0.18771925800514683,minmaxnorm
169,Q0,WSJ900719-0100,22,0.18651268346795244,minmaxnorm
169,Q0,WSJ870608-0103,23,0.18614210508832704,minmaxnorm
169,Q0,AP880718-0061,24,0.18548202398462021,minmaxnorm
169,Q0,AP890831-0235,25,0.1854227221100585,minmaxnorm
169,Q0,AP890622-0176,26,0.1848291952396962,minmaxnorm
169,Q0,WSJ880722-0144,27,0.18478885802738873,minmaxnorm
169,Q0,WSJ910402-0157,28,0.18390634721348167,minmaxnorm
169,Q0,AP890713-0033,29,0.1838531736290605,minmaxnorm
169,Q0,WSJ870904-0096,30,0.18342988072946315,minmaxnorm
169,Q0,AP880728-0158,31,0.18131983684636221,minmaxnorm
169,Q0,WSJ870603-0063,32,0.18117021752432982,minmaxnorm
169,Q0,AP880721-0215,33,0.18054948402938725,minmaxnorm
169,Q0,WSJ880720-0027,34,0.1798819424550428,minmaxnorm
169,Q0,WSJ910426-0095,35,0.17830886099251586,minmaxnorm
169,Q0,WSJ920323-0173,36,0.17784617091132,minmaxnorm
169,Q0,WSJ900608-0087,37,0.1762892839040157,minmaxnorm
169,Q0,WSJ890831-0059,38,0.17610352957272346,minmaxnorm
169,Q0,AP880520-0280,39,0.1755747447185096,minmaxnorm
169,Q0,AP891017-0212,40,0.1747791605070102,minmaxnorm
169,Q0,WSJ910729-0109,41,0.17459488483571028,minmaxnorm
169,Q0,WSJ920110-0056,42,0.1743497068983428,minmaxnorm
169,Q0,AP891130-0154,43,0.17299694059724513,minmaxnorm
169,Q0,WSJ900531-0084,44,0.17190454719186887,minmaxnorm
169,Q0,AP890311-0162,45,0.17155425909186267,minmaxnorm
169,Q0,WSJ880825-0098,46,0.1701606546938532,minmaxnorm
169,Q0,WSJ870217-0033,47,0.1698951883770456,minmaxnorm
169,Q0,WSJ911223-0116,48,0.16810198731278175,minmaxnorm
169,Q0,AP890620-0230,49,0.16750902629034775,minmaxnorm
169,Q0,WSJ890905-0086,50,0.1666981154394895,minmaxnorm
169,Q0,AP881115-0248,51,0.16635392045089686,minmaxnorm
169,Q0,AP880709-0107,52,0.16570828787209146,minmaxnorm
169,Q0,AP890608-0175,53,0.16567333786824245,minmaxnorm
169,Q0,AP880707-0028,54,0.1640400088692099,minmaxnorm
169,Q0,WSJ880629-0071,55,0.16367481028177844,minmaxnorm
169,Q0,AP890907-0107,56,0.1626773257775355,minmaxnorm
169,Q0,AP880414-0137,57,0.16222456805420052,minmaxnorm
169,Q0,WSJ910912-0066,58,0.16180933598925593,minmaxnorm
169,Q0,WSJ920117-0038,59,0.16160270624622042,minmaxnorm
169,Q0,WSJ910910-0011,60,0.16145254038189655,minmaxnorm
169,Q0,WSJ910718-0114,61,0.16137802854081565,minmaxnorm
169,Q0,WSJ880818-0065,62,0.16060442397500474,minmaxnorm
169,Q0,WSJ910501-0020,63,0.15984257155630158,minmaxnorm
169,Q0,WSJ920323-0040,64,0.15983210310827317,minmaxnorm
169,Q0,WSJ911203-0121,65,0.15966376206521746,minmaxnorm
169,Q0,AP891106-0034,66,0.15915172931823668,minmaxnorm
169,Q0,WSJ910819-0117,67,0.15871981614567157,minmaxnorm
169,Q0,DOE1-37-1063,68,0.1587097171994707,minmaxnorm
169,Q0,AP890819-0075,69,0.1586294917039381,minmaxnorm
169,Q0,AP880327-0001,70,0.15805825961243788,minmaxnorm
169,Q0,AP891019-0261,71,0.1577029884448489,minmaxnorm
169,Q0,AP890629-0175,72,0.1573169219640234,minmaxnorm
169,Q0,WSJ910510-0100,73,0.15725332026458963,minmaxnorm
169,Q0,WSJ871002-0093,74,0.15703176913102437,minmaxnorm
169,Q0,AP880324-0268,75,0.15665787792565836,minmaxnorm
169,Q0,AP891012-0049,76,0.1564465438530247,minmaxnorm
169,Q0,WSJ900418-0087,77,0.15639125108349727,minmaxnorm
169,Q0,AP891103-0155,78,0.15537001582572307,minmaxnorm
169,Q0,AP880926-0126,79,0.1550081534075104,minmaxnorm
169,Q0,WSJ900822-0133,80,0.15436564440610467,minmaxnorm
169,Q0,AP891115-0143,81,0.15356588212129177,minmaxnorm
169,Q0,WSJ900612-0023,82,0.15352321766981872,minmaxnorm
169,Q0,WSJ900709-0034,83,0.15322799628191525,minmaxnorm
169,Q0,WSJ910517-0006,84,0.15292764202888814,minmaxnorm
169,Q0,WSJ911010-0053,85,0.15264165571218702,minmaxnorm
169,Q0,AP880424-0045,86,0.1526089693272034,minmaxnorm
169,Q0,AP880314-0231,87,0.15214275438817426,minmaxnorm
169,Q0,AP890601-0354,88,0.15210646315700843,minmaxnorm
169,Q0,AP891028-0169,89,0.15156333918895118,minmaxnorm
169,Q0,AP891026-0129,90,0.1511622814828075,minmaxnorm
169,Q0,AP890616-0200,91,0.14986174151398074,minmaxnorm
169,Q0,AP880815-0282,92,0.14966407557135228,minmaxnorm
169,Q0,AP880701-0028,93,0.14832343397001252,minmaxnorm
169,Q0,WSJ880906-0014,94,0.14829660092854785,minmaxnorm
169,Q0,WSJ880901-0122,95,0.14798735503316432,minmaxnorm
169,Q0,WSJ871013-0029,96,0.14798091260209617,minmaxnorm
169,Q0,AP880801-0020,97,0.1467013487385179,minmaxnorm
169,Q0,WSJ910514-0070,98,0.14658738937711335,minmaxnorm
169,Q0,WSJ900423-0011,99,0.1460427711969874,minmaxnorm
169,Q0,AP890522-0083,100,0.14576636883944413,minmaxnorm
169,Q0,WSJ910726-0062,101,0.14461141143039918,minmaxnorm
169,Q0,AP890701-0007,102,0.1444577465125275,minmaxnorm
169,Q0,WSJ911014-0034,103,0.14400344570178433,minmaxnorm
169,Q0,WSJ900417-0063,104,0.14369536979357003,minmaxnorm
169,Q0,AP890530-0224,105,0.14330123059085928,minmaxnorm
169,Q0,AP891021-0172,106,0.14319457186177803,minmaxnorm
169,Q0,AP890415-0012,107,0.14149085997559438,minmaxnorm
169,Q0,AP881005-0122,108,0.1413713533222619,minmaxnorm
169,Q0,WSJ880726-0075,109,0.1401979966870896,minmaxnorm
169,Q0,AP880314-0171,110,0.13982413037192398,minmaxnorm
169,Q0,WSJ870909-0010,111,0.139329604477836,minmaxnorm
169,Q0,FR88915-0116,112,0.1392493863054015,minmaxnorm
169,Q0,DOE1-51-0662,113,0.1392251284180159,minmaxnorm
169,Q0,WSJ900723-0044,114,0.13914247215893244,minmaxnorm
169,Q0,WSJ910418-0087,115,0.13799327318521848,minmaxnorm
169,Q0,WSJ910625-0071,116,0.13773063836763189,minmaxnorm
169,Q0,WSJ891101-0096,117,0.1376326104576499,minmaxnorm
169,Q0,WSJ911107-0155,118,0.13733772003342767,minmaxnorm
169,Q0,WSJ910520-0169,119,0.13715995616754875,minmaxnorm
169,Q0,WSJ870806-0091,120,0.13693958458110334,minmaxnorm
169,Q0,WSJ890927-0016,121,0.1365647712420412,minmaxnorm
169,Q0,WSJ910509-0092,122,0.13603198942187086,minmaxnorm
169,Q0,WSJ910808-0103,123,0.13524514291413936,minmaxnorm
169,Q0,FR88922-0045,124,0.13493811028472405,minmaxnorm
169,Q0,WSJ920313-0068,125,0.13487099979738534,minmaxnorm
169,Q0,AP890910-0032,126,0.13486373565804402,minmaxnorm
169,Q0,AP880408-0126,127,0.13449097569981797,minmaxnorm
169,Q0,WSJ900613-0111,128,0.13411674358324255,minmaxnorm
169,Q0,AP880908-0130,129,0.13397823803432837,minmaxnorm
169,Q0,FR89222-0053,130,0.1335271319562895,minmaxnorm
169,Q0,WSJ910530-0088,131,0.13309148256277964,minmaxnorm
169,Q0,AP880517-0046,132,0.13299486148177544,minmaxnorm
169,Q0,WSJ911007-0193,133,0.1329027528375837,minmaxnorm
169,Q0,AP891213-0254,134,0.13283515741232277,minmaxnorm
169,Q0,WSJ910918-0129,135,0.13262104903839259,minmaxnorm
169,Q0,WSJ870902-0042,136,0.1321436849867153,minmaxnorm
169,Q0,WSJ910424-0031,137,0.13206936313187057,minmaxnorm
169,Q0,WSJ920124-0067,138,0.13177667362047854,minmaxnorm
169,Q0,AP880517-0031,139,0.1306152343880972,minmaxnorm
169,Q0,WSJ870417-0116,140,0.13056542397306195,minmaxnorm
169,Q0,DOE1-56-1070,141,0.13047736968711224,minmaxnorm
169,Q0,AP890512-0224,142,0.130438657931303,minmaxnorm
169,Q0,WSJ870803-0114,143,0.1301642623367102,minmaxnorm
169,Q0,AP890222-0254,144,0.13016073170747774,minmaxnorm
169,Q0,AP880321-0067,145,0.13014336858073697,minmaxnorm
169,Q0,WSJ870928-0092,146,0.12954258342639516,minmaxnorm
169,Q0,AP890217-0153,147,0.12920647819206185,minmaxnorm
169,Q0,WSJ910813-0108,148,0.1291619538650425,minmaxnorm
169,Q0,AP890222-0039,149,0.12902646952081603,minmaxnorm
169,Q0,WSJ920219-0088,150,0.1284559107835065,minmaxnorm
169,Q0,WSJ900615-0165,151,0.12797581912287703,minmaxnorm
169,Q0,DOE2-19-1271,152,0.12780917232696692,minmaxnorm
169,Q0,AP880610-0120,153,0.12773335940949465,minmaxnorm
169,Q0,WSJ900913-0139,154,0.12766580047831685,minmaxnorm
169,Q0,AP880530-0185,155,0.12705436255049973,minmaxnorm
169,Q0,AP890217-0152,156,0.1269208043478732,minmaxnorm
169,Q0,AP890222-0253,157,0.12689009419233346,minmaxnorm
169,Q0,AP890620-0105,158,0.12594182180582503,minmaxnorm
169,Q0,AP890622-0168,159,0.1258527250882946,minmaxnorm
169,Q0,AP890623-0097,160,0.12560096695895703,minmaxnorm
169,Q0,FR88815-0025,161,0.1253462190450883,minmaxnorm
169,Q0,WSJ901220-0188,162,0.12506631019338488,minmaxnorm
169,Q0,AP880703-0058,163,0.12471309610853955,minmaxnorm
169,Q0,WSJ900517-0134,164,0.12462624623880271,minmaxnorm
169,Q0,WSJ900501-0143,165,0.12372267155606922,minmaxnorm
169,Q0,AP890816-0121,166,0.12277462854985965,minmaxnorm
169,Q0,WSJ900720-0012,167,0.12194139885992031,minmaxnorm
169,Q0,AP881220-0103,168,0.12190348710176697,minmaxnorm
169,Q0,WSJ900829-0030,169,0.1209255100235798,minmaxnorm
169,Q0,AP880908-0149,170,0.12014914362654393,minmaxnorm
169,Q0,AP890602-0083,171,0.11991092535440942,minmaxnorm
169,Q0,AP890425-0207,172,0.11966092744090422,minmaxnorm
169,Q0,WSJ900402-0177,173,0.11879869251946641,minmaxnorm
169,Q0,AP890207-0012,174,0.11860823769755711,minmaxnorm
169,Q0,DOE2-40-0186,175,0.11810651785672942,minmaxnorm
169,Q0,AP890415-0053,176,0.11809128663830931,minmaxnorm
169,Q0,AP890112-0003,177,0.11743126093734597,minmaxnorm
169,Q0,WSJ880425-0004,178,0.11729251137250492,minmaxnorm
169,Q0,WSJ910904-0063,179,0.11677774677237257,minmaxnorm
169,Q0,AP880826-0216,180,0.11614115859858111,minmaxnorm
169,Q0,AP891109-0038,181,0.11524938043548628,minmaxnorm
169,Q0,DOE1-20-0905,182,0.11508156224093238,minmaxnorm
169,Q0,AP890802-0145,183,0.11439820452268727,minmaxnorm
169,Q0,WSJ910319-0070,184,0.11400760381368752,minmaxnorm
169,Q0,AP891214-0183,185,0.11388763994362806,minmaxnorm
169,Q0,WSJ911106-0073,186,0.1136640916602564,minmaxnorm
169,Q0,AP890627-0011,187,0.11347754185193483,minmaxnorm
169,Q0,AP891002-0198,188,0.11317977899712317,minmaxnorm
169,Q0,AP880601-0190,189,0.11300280304929954,minmaxnorm
169,Q0,AP880806-0027,190,0.11283308593360702,minmaxnorm
169,Q0,AP880609-0038,191,0.11190705033418177,minmaxnorm
169,Q0,AP880516-0113,192,0.11144880554145059,minmaxnorm
169,Q0,AP890424-0245,193,0.11143083162872985,minmaxnorm
169,Q0,AP891222-0112,194,0.11136967590384135,minmaxnorm
169,Q0,WSJ901231-0106,195,0.11109866533115102,minmaxnorm
169,Q0,WSJ870318-0108,196,0.11100932137216063,minmaxnorm
169,Q0,WSJ910531-0151,197,0.11086193627895843,minmaxnorm
169,Q0,FR89324-0021,198,0.1108536330949835,minmaxnorm
169,Q0,FR89428-0017,199,0.11060583092372803,minmaxnorm
169,Q0,AP890713-0209,200,0.11042727592225066,minmaxnorm
169,Q0,AP890808-0151,201,0.11005574951232254,minmaxnorm
169,Q0,WSJ900504-0156,202,0.11004526817312332,minmaxnorm
169,Q0,WSJ880721-0148,203,0.11000902630950979,minmaxnorm
169,Q0,AP890620-0152,204,0.10972106655903059,minmaxnorm
169,Q0,AP890307-0041,205,0.10961467593587865,minmaxnorm
169,Q0,FR88829-0045,206,0.10928357104463272,minmaxnorm
169,Q0,WSJ900925-0102,207,0.10919031143481872,minmaxnorm
169,Q0,FR88830-0045,208,0.10904991994043736,minmaxnorm
169,Q0,AP881230-0126,209,0.10878584648779822,minmaxnorm
169,Q0,AP891205-0186,210,0.1080288033434075,minmaxnorm
169,Q0,WSJ910128-0075,211,0.10749713227720253,minmaxnorm
169,Q0,AP880910-0127,212,0.1072719151547065,minmaxnorm
169,Q0,AP880324-0010,213,0.10717352271980608,minmaxnorm
169,Q0,AP890624-0091,214,0.10696181573564419,minmaxnorm
169,Q0,DOE2-28-0141,215,0.10681172569644279,minmaxnorm
169,Q0,WSJ881031-0017,216,0.10667563386301587,minmaxnorm
169,Q0,ZF108-335-326,217,0.10654632732377518,minmaxnorm
169,Q0,AP880426-0122,218,0.10636235106756935,minmaxnorm
169,Q0,ZF207-426-698,219,0.10577864942570434,minmaxnorm
169,Q0,WSJ900420-0070,220,0.10573782373291207,minmaxnorm
169,Q0,WSJ900820-0071,221,0.10533718328826222,minmaxnorm
169,Q0,WSJ890919-0017,222,0.1053226963639865,minmaxnorm
169,Q0,AP880221-0041,223,0.1044992368354907,minmaxnorm
169,Q0,AP881108-0043,224,0.10434339111166513,minmaxnorm
169,Q0,WSJ880422-0158,225,0.10424007795925136,minmaxnorm
169,Q0,AP890126-0091,226,0.10357587549345776,minmaxnorm
169,Q0,WSJ910924-0072,227,0.10355867630807399,minmaxnorm
169,Q0,AP880810-0211,228,0.10336908669172401,minmaxnorm
169,Q0,WSJ890803-0112,229,0.10315769325527802,minmaxnorm
169,Q0,WSJ910904-0030,230,0.10307706393865461,minmaxnorm
169,Q0,FR881027-0027,231,0.10299387733373971,minmaxnorm
169,Q0,WSJ880909-0069,232,0.10274941605124616,minmaxnorm
169,Q0,WSJ890808-0115,233,0.10214681394206346,minmaxnorm
169,Q0,DOE2-41-0768,234,0.1020652656882074,minmaxnorm
169,Q0,FR89131-0076,235,0.10179472583934077,minmaxnorm
169,Q0,WSJ911209-0003,236,0.10155317433078655,minmaxnorm
169,Q0,WSJ870319-0045,237,0.10098842637450994,minmaxnorm
169,Q0,AP881201-0093,238,0.10091720346336429,minmaxnorm
169,Q0,AP880714-0194,239,0.10076317907347752,minmaxnorm
169,Q0,DOE2-66-1034,240,0.10054769695419305,minmaxnorm
169,Q0,AP880516-0059,241,0.10015470088088328,minmaxnorm
169,Q0,DOE1-44-1283,242,0.09990077004080648,minmaxnorm
169,Q0,WSJ910208-0166,243,0.09945594186637371,minmaxnorm
169,Q0,WSJ911017-0071,244,0.09929439170544671,minmaxnorm
169,Q0,AP880723-0185,245,0.0992428532733435,minmaxnorm
169,Q0,AP880529-0054,246,0.09907968128168558,minmaxnorm
169,Q0,FR89524-0019,247,0.09893506207027292,minmaxnorm
169,Q0,WSJ880825-0076,248,0.09887126148357439,minmaxnorm
169,Q0,WSJ900921-0070,249,0.09853781335544527,minmaxnorm
169,Q0,WSJ891027-0007,250,0.09853721654379526,minmaxnorm
169,Q0,AP880324-0131,251,0.0985197111065217,minmaxnorm
169,Q0,AP881125-0105,252,0.09851160084525187,minmaxnorm
169,Q0,AP890630-0036,253,0.09767518530736354,minmaxnorm
169,Q0,DOE2-21-0185,254,0.09732110600445469,minmaxnorm
169,Q0,AP891026-0272,255,0.0970067971041652,minmaxnorm
169,Q0,WSJ870805-0144,256,0.0965323719860192,minmaxnorm
169,Q0,AP890720-0021,257,0.095977518501283,minmaxnorm
169,Q0,AP890118-0047,258,0.09520484658145512,minmaxnorm
169,Q0,FR89613-0075,259,0.09513682295315135,minmaxnorm
169,Q0,AP890706-0079,260,0.09505032721302198,minmaxnorm
169,Q0,WSJ911127-0048,261,0.09497179172764653,minmaxnorm
169,Q0,ZF108-354-850,262,0.09465644556922238,minmaxnorm
169,Q0,AP890410-0120,263,0.09453937046900844,minmaxnorm
169,Q0,FR88816-0111,264,0.0944534700231073,minmaxnorm
169,Q0,AP881225-0012,265,0.09435196570257381,minmaxnorm
169,Q0,AP880810-0031,266,0.09428756736636451,minmaxnorm
169,Q0,AP881011-0044,267,0.09418893476787955,minmaxnorm
169,Q0,DOE1-21-1266,268,0.0939380885910532,minmaxnorm
169,Q0,WSJ910617-0044,269,0.09391266532452394,minmaxnorm
169,Q0,AP880628-0303,270,0.09339849125449023,minmaxnorm
169,Q0,AP891009-0110,271,0.09333907230354149,minmaxnorm
169,Q0,ZF108-440-076,272,0.09280467503769682,minmaxnorm
169,Q0,WSJ910730-0058,273,0.09237745135651962,minmaxnorm
169,Q0,WSJ870702-0032,274,0.09234195074769759,minmaxnorm
169,Q0,AP890719-0139,275,0.09206293762983933,minmaxnorm
169,Q0,WSJ870302-0074,276,0.0916456500958808,minmaxnorm
169,Q0,WSJ880620-0051,277,0.09137580742180199,minmaxnorm
169,Q0,WSJ910924-0108,278,0.09115678343743507,minmaxnorm
169,Q0,AP890804-0053,279,0.0902258499128382,minmaxnorm
169,Q0,DOE1-69-0636,280,0.09001356441737343,minmaxnorm
169,Q0,DOE1-58-0092,281,0.08977280710158753,minmaxnorm
169,Q0,FR88912-0003,282,0.08974686518576136,minmaxnorm
169,Q0,AP891027-0250,283,0.08959162575788579,minmaxnorm
169,Q0,ZF108-551-594,284,0.08931695005067965,minmaxnorm
169,Q0,AP880630-0120,285,0.08837545919331272,minmaxnorm
169,Q0,WSJ910329-0057,286,0.08820619825398805,minmaxnorm
169,Q0,AP880629-0168,287,0.08814821649948439,minmaxnorm
169,Q0,AP891118-0158,288,0.08802426958329661,minmaxnorm
169,Q0,WSJ910703-0023,289,0.08747060734559016,minmaxnorm
169,Q0,AP890718-0047,290,0.08727608070522112,minmaxnorm
169,Q0,AP880623-0239,291,0.08708019604407091,minmaxnorm
169,Q0,AP880628-0102,292,0.0867900217162199,minmaxnorm
169,Q0,AP880629-0098,293,0.08671930083627855,minmaxnorm
169,Q0,AP880318-0038,294,0.08653898276580063,minmaxnorm
169,Q0,AP880708-0025,295,0.08647669824832119,minmaxnorm
169,Q0,WSJ871127-0056,296,0.08624602675909121,minmaxnorm
169,Q0,DOE2-73-0812,297,0.08624203894417498,minmaxnorm
169,Q0,AP890808-0037,298,0.08622695426090635,minmaxnorm
169,Q0,AP880825-0203,299,0.08616067684410633,minmaxnorm
169,Q0,FR89302-0028,300,0.08607983190314174,minmaxnorm
169,Q0,WSJ880630-0048,301,0.08579161771344634,minmaxnorm
169,Q0,WSJ911106-0043,302,0.08558513489890293,minmaxnorm
169,Q0,WSJ911114-0135,303,0.08498787505060766,minmaxnorm
169,Q0,FR89620-0015,304,0.08453224585362701,minmaxnorm
169,Q0,AP891030-0179,305,0.08438629439571738,minmaxnorm
169,Q0,AP881207-0042,306,0.08415629313892396,minmaxnorm
169,Q0,WSJ870325-0035,307,0.08405733770000093,minmaxnorm
169,Q0,FR88616-0137,308,0.08384526225535133,minmaxnorm
169,Q0,ZF108-007-686,309,0.0836303112110937,minmaxnorm
169,Q0,FR88906-0023,310,0.08358113432092804,minmaxnorm
169,Q0,FR89206-0035,311,0.08352533317180687,minmaxnorm
169,Q0,AP891118-0172,312,0.08347933914314022,minmaxnorm
169,Q0,WSJ910724-0043,313,0.08339796461528406,minmaxnorm
169,Q0,WSJ870506-0080,314,0.0833547738156626,minmaxnorm
169,Q0,AP890302-0067,315,0.08292644394250655,minmaxnorm
169,Q0,AP880730-0024,316,0.08284550801136352,minmaxnorm
169,Q0,DOE1-57-0883,317,0.08252421330100897,minmaxnorm
169,Q0,FR881118-0070,318,0.08220797144500458,minmaxnorm
169,Q0,ZF109-506-173,319,0.08208416433236945,minmaxnorm
169,Q0,WSJ881103-0106,320,0.08173997704611391,minmaxnorm
169,Q0,DOE2-44-0099,321,0.08154916131669053,minmaxnorm
169,Q0,AP890609-0034,322,0.08125377518776433,minmaxnorm
169,Q0,WSJ870212-0134,323,0.08117725818690504,minmaxnorm
169,Q0,AP890522-0093,324,0.08092519172205143,minmaxnorm
169,Q0,WSJ910610-0080,325,0.08070798141144717,minmaxnorm
169,Q0,AP880508-0030,326,0.08055110702819096,minmaxnorm
169,Q0,AP880519-0049,327,0.08044830653460379,minmaxnorm
169,Q0,WSJ910711-0076,328,0.08005561779659508,minmaxnorm
169,Q0,AP880611-0180,329,0.07979769568436254,minmaxnorm
169,Q0,WSJ880705-0159,330,0.07963171932996925,minmaxnorm
169,Q0,AP890616-0101,331,0.07943712598879228,minmaxnorm
169,Q0,WSJ891102-0130,332,0.07940462289488301,minmaxnorm
169,Q0,FR89531-0070,333,0.07873251516995768,minmaxnorm
169,Q0,FR89315-0021,334,0.07861831624996113,minmaxnorm
169,Q0,WSJ900927-0124,335,0.07832185128993087,minmaxnorm
169,Q0,WSJ910815-0119,336,0.07826293200645563,minmaxnorm
169,Q0,AP890424-0243,337,0.07801637310659089,minmaxnorm
169,Q0,AP880505-0297,338,0.07785103879328555,minmaxnorm
169,Q0,WSJ910628-0069,339,0.07767016540098182,minmaxnorm
169,Q0,WSJ920114-0084,340,0.07754233813936134,minmaxnorm
169,Q0,AP890315-0198,341,0.07749334023304993,minmaxnorm
169,Q0,WSJ920320-0017,342,0.07744144020520012,minmaxnorm
169,Q0,WSJ910405-0048,343,0.077091440674138,minmaxnorm
169,Q0,AP880602-0217,344,0.07701980203144163,minmaxnorm
169,Q0,AP880309-0038,345,0.07676740412777519,minmaxnorm
169,Q0,FR89426-0029,346,0.07674354413963431,minmaxnorm
169,Q0,DOE1-08-0390,347,0.07653688920933562,minmaxnorm
169,Q0,DOE1-88-0512,348,0.07637915227943114,minmaxnorm
169,Q0,DOE2-49-0423,349,0.07628424858352878,minmaxnorm
169,Q0,WSJ910605-0070,350,0.07607932070660114,minmaxnorm
169,Q0,AP881112-0107,351,0.07600917658244069,minmaxnorm
169,Q0,AP890212-0044,352,0.07592003182351319,minmaxnorm
169,Q0,WSJ910422-0111,353,0.07577976624687541,minmaxnorm
169,Q0,DOE1-75-0409,354,0.0752814685276765,minmaxnorm
169,Q0,AP880525-0176,355,0.07511970684642458,minmaxnorm
169,Q0,WSJ920109-0070,356,0.07463674021814654,minmaxnorm
169,Q0,DOE2-22-0876,357,0.07430835528884401,minmaxnorm
169,Q0,WSJ910717-0091,358,0.07407851149693684,minmaxnorm
169,Q0,AP890711-0163,359,0.07401036777987656,minmaxnorm
169,Q0,FR88516-0028,360,0.07382598742366075,minmaxnorm
169,Q0,WSJ900516-0061,361,0.07378507624550688,minmaxnorm
169,Q0,DOE2-59-0993,362,0.07375527013272598,minmaxnorm
169,Q0,WSJ870924-0166,363,0.07366445049904659,minmaxnorm
169,Q0,WSJ881111-0206,364,0.07353684136403471,minmaxnorm
169,Q0,DOE1-84-0127,365,0.07341011079641599,minmaxnorm
169,Q0,WSJ870902-0055,366,0.073079762694942,minmaxnorm
169,Q0,WSJ910626-0066,367,0.07296936665073976,minmaxnorm
169,Q0,WSJ910927-0069,368,0.07276399629717417,minmaxnorm
169,Q0,AP890302-0003,369,0.07272244888513671,minmaxnorm
169,Q0,DOE1-64-0029,370,0.07230345507878289,minmaxnorm
169,Q0,WSJ910408-0134,371,0.0722795982322037,minmaxnorm
169,Q0,AP880413-0192,372,0.07226593356241726,minmaxnorm
169,Q0,WSJ900928-0053,373,0.07209600661337119,minmaxnorm
169,Q0,AP880330-0254,374,0.07201397963453189,minmaxnorm
169,Q0,AP891213-0016,375,0.07187929349662443,minmaxnorm
169,Q0,AP891207-0136,376,0.07153147607628449,minmaxnorm
169,Q0,FR88830-0065,377,0.07122769547407053,minmaxnorm
169,Q0,FR88829-0065,378,0.07121582621359708,minmaxnorm
169,Q0,DOE2-77-1158,379,0.07104701917258993,minmaxnorm
169,Q0,AP890630-0100,380,0.07100934855450286,minmaxnorm
169,Q0,DOE2-50-0783,381,0.0709690997163624,minmaxnorm
169,Q0,DOE1-58-0744,382,0.07079296798502081,minmaxnorm
169,Q0,WSJ910718-0036,383,0.07067652645026248,minmaxnorm
169,Q0,WSJ880329-0128,384,0.07039463017678889,minmaxnorm
169,Q0,AP880325-0227,385,0.0702561167654954,minmaxnorm
169,Q0,WSJ910626-0048,386,0.06997995280264614,minmaxnorm
169,Q0,DOE1-80-1052,387,0.0696944737705028,minmaxnorm
169,Q0,WSJ910710-0121,388,0.06955288955776115,minmaxnorm
169,Q0,WSJ910802-0090,389,0.06943380272980908,minmaxnorm
169,Q0,FR88126-0016,390,0.06907214731512554,minmaxnorm
169,Q0,WSJ911023-0106,391,0.06874368513107773,minmaxnorm
169,Q0,DOE2-81-0277,392,0.0686456938869727,minmaxnorm
169,Q0,AP890301-0103,393,0.06860574258147129,minmaxnorm
169,Q0,AP880727-0037,394,0.06852453060701623,minmaxnorm
169,Q0,AP890504-0013,395,0.06841806512594296,minmaxnorm
169,Q0,DOE1-73-0895,396,0.06837429232750382,minmaxnorm
169,Q0,WSJ861210-0067,397,0.06807546608829869,minmaxnorm
169,Q0,WSJ870630-0094,398,0.06798203771361867,minmaxnorm
169,Q0,AP891014-0149,399,0.06785244277997916,minmaxnorm
169,Q0,WSJ870416-0171,400,0.06779706194665919,minmaxnorm
169,Q0,FR88108-0023,401,0.06777810474193355,minmaxnorm
169,Q0,FR89823-0054,402,0.06761561476528444,minmaxnorm
169,Q0,AP890222-0106,403,0.06761032155098959,minmaxnorm
169,Q0,WSJ900831-0028,404,0.06757472325543401,minmaxnorm
169,Q0,WSJ910604-0105,405,0.06745668325479018,minmaxnorm
169,Q0,FR88205-0162,406,0.06656730009985706,minmaxnorm
169,Q0,FR89623-0017,407,0.06645413035411561,minmaxnorm
169,Q0,WSJ910918-0130,408,0.06626873424117995,minmaxnorm
169,Q0,WSJ900419-0126,409,0.06603525086552628,minmaxnorm
169,Q0,ZF109-785-289,410,0.06569190810003575,minmaxnorm
169,Q0,AP880920-0130,411,0.06563711926318906,minmaxnorm
169,Q0,WSJ910314-0016,412,0.06552005488448673,minmaxnorm
169,Q0,AP880426-0162,413,0.0651421684874843,minmaxnorm
169,Q0,FR89518-0034,414,0.06512014634693288,minmaxnorm
169,Q0,FR89502-0016,415,0.0648862436824388,minmaxnorm
169,Q0,AP890710-0201,416,0.06477908411551488,minmaxnorm
169,Q0,AP880617-0140,417,0.06475772347538086,minmaxnorm
169,Q0,AP891212-0215,418,0.0645769917159911,minmaxnorm
169,Q0,AP880618-0117,419,0.06452311721226982,minmaxnorm
169,Q0,AP880513-0163,420,0.06451085132535166,minmaxnorm
169,Q0,WSJ910826-0134,421,0.06448557445838216,minmaxnorm
169,Q0,AP880504-0176,422,0.06419151088802533,minmaxnorm
169,Q0,AP880904-0070,423,0.06344840055796915,minmaxnorm
169,Q0,FR88614-0042,424,0.06333968662869849,minmaxnorm
169,Q0,DOE1-88-0767,425,0.06331213518746594,minmaxnorm
169,Q0,WSJ870310-0036,426,0.06327990573406134,minmaxnorm
169,Q0,AP880708-0113,427,0.06305662623257884,minmaxnorm
169,Q0,DOE2-05-0912,428,0.06293230473751577,minmaxnorm
169,Q0,DOE1-05-0225,429,0.06275318749567482,minmaxnorm
169,Q0,WSJ910726-0189,430,0.06222654145938645,minmaxnorm
169,Q0,WSJ900917-0113,431,0.06219386755528889,minmaxnorm
169,Q0,FR881102-0049,432,0.06216026775500428,minmaxnorm
169,Q0,WSJ870730-0056,433,0.062132392492538636,minmaxnorm
169,Q0,DOE2-58-0403,434,0.06208909434872463,minmaxnorm
169,Q0,DOE1-45-0911,435,0.061957449511321094,minmaxnorm
169,Q0,DOE1-81-1027,436,0.06195298802979422,minmaxnorm
169,Q0,AP881227-0030,437,0.06188293429548747,minmaxnorm
169,Q0,AP890920-0222,438,0.061274334829431454,minmaxnorm
169,Q0,AP891220-0036,439,0.06127054648795728,minmaxnorm
169,Q0,WSJ900413-0104,440,0.06107135888258443,minmaxnorm
169,Q0,DOE1-13-0420,441,0.06105820390551421,minmaxnorm
169,Q0,DOE1-77-0496,442,0.060891045942770616,minmaxnorm
169,Q0,WSJ880810-0128,443,0.06069173625939971,minmaxnorm
169,Q0,DOE1-24-0389,444,0.06062112941541785,minmaxnorm
169,Q0,DOE1-16-0339,445,0.06055432138629936,minmaxnorm
169,Q0,AP890724-0105,446,0.06029951153561698,minmaxnorm
169,Q0,WSJ870423-0032,447,0.06015397498249612,minmaxnorm
169,Q0,FR88831-0134,448,0.05998774619799996,minmaxnorm
169,Q0,FR89607-0017,449,0.05987872908723173,minmaxnorm
169,Q0,AP881217-0082,450,0.059826531778127925,minmaxnorm
169,Q0,WSJ901224-0172,451,0.059466522489468945,minmaxnorm
169,Q0,WSJ910418-0141,452,0.05929610049011423,minmaxnorm
169,Q0,WSJ910322-0197,453,0.05923467532981574,minmaxnorm
169,Q0,FR881024-0021,454,0.05921898779404339,minmaxnorm
169,Q0,DOE1-13-0352,455,0.05900813720867327,minmaxnorm
169,Q0,WSJ910110-0081,456,0.05897184048933561,minmaxnorm
169,Q0,AP881227-0077,457,0.05865702524050291,minmaxnorm
169,Q0,AP890710-0200,458,0.05865498911174264,minmaxnorm
169,Q0,WSJ920311-0110,459,0.05863316600098929,minmaxnorm
169,Q0,WSJ910905-0072,460,0.05844055766884249,minmaxnorm
169,Q0,AP880705-0008,461,0.058209897647856085,minmaxnorm
169,Q0,FR881027-0029,462,0.05815171719577597,minmaxnorm
169,Q0,FR89321-0028,463,0.05798016798537073,minmaxnorm
169,Q0,AP891108-0097,464,0.05767290433045505,minmaxnorm
169,Q0,DOE2-30-0728,465,0.05740846826403935,minmaxnorm
169,Q0,DOE1-64-0930,466,0.057393656043767775,minmaxnorm
169,Q0,WSJ880909-0085,467,0.05731829187954984,minmaxnorm
169,Q0,AP890522-0010,468,0.05727927253638266,minmaxnorm
169,Q0,AP880317-0141,469,0.057191080918686375,minmaxnorm
169,Q0,AP880630-0272,470,0.05714520875147384,minmaxnorm
169,Q0,AP880721-0078,471,0.05712802349851664,minmaxnorm
169,Q0,FR881117-0025,472,0.056980130059211404,minmaxnorm
169,Q0,AP880427-0074,473,0.05696876197161965,minmaxnorm
169,Q0,DOE1-43-0810,474,0.05695940530349945,minmaxnorm
169,Q0,FR88906-0021,475,0.0568624745849003,minmaxnorm
169,Q0,DOE1-77-0487,476,0.05682075511676386,minmaxnorm
169,Q0,FR88721-0032,477,0.056810763852674334,minmaxnorm
169,Q0,WSJ910513-0062,478,0.056669739012297084,minmaxnorm
169,Q0,AP881029-0072,479,0.05662537932547163,minmaxnorm
169,Q0,FR89508-0018,480,0.05638927767630315,minmaxnorm
169,Q0,DOE1-30-0934,481,0.05631507940276961,minmaxnorm
169,Q0,DOE2-40-0873,482,0.05624433810847284,minmaxnorm
169,Q0,DOE2-12-0856,483,0.05620259186576716,minmaxnorm
169,Q0,WSJ870313-0048,484,0.05605186321611116,minmaxnorm
169,Q0,DOE1-22-1379,485,0.05598210378260047,minmaxnorm
169,Q0,FR89217-0018,486,0.05596328350790863,minmaxnorm
169,Q0,FR89718-0104,487,0.055751551024853796,minmaxnorm
169,Q0,ZF109-541-455,488,0.05563466055722091,minmaxnorm
169,Q0,FR891010-0135,489,0.055624062375510236,minmaxnorm
169,Q0,AP891015-0041,490,0.05552892485883483,minmaxnorm
169,Q0,WSJ911003-0148,491,0.05547093411621469,minmaxnorm
169,Q0,AP880315-0180,492,0.05522664473744583,minmaxnorm
169,Q0,AP880810-0208,493,0.055058943176395106,minmaxnorm
169,Q0,FR88831-0132,494,0.05502513120118249,minmaxnorm
169,Q0,AP890905-0172,495,0.054932413278620716,minmaxnorm
169,Q0,DOE2-53-0979,496,0.05488807949728666,minmaxnorm
169,Q0,WSJ910221-0124,497,0.05479690214416499,minmaxnorm
169,Q0,DOE2-71-0491,498,0.054600013280320374,minmaxnorm
169,Q0,WSJ870610-0063,499,0.05456960254434427,minmaxnorm
169,Q0,AP880505-0167,500,0.05454187497030621,minmaxnorm
169,Q0,WSJ910528-0073,501,0.054461335526703895,minmaxnorm
169,Q0,DOE2-32-1325,502,0.054406815412384256,minmaxnorm
169,Q0,WSJ920221-0105,503,0.054375967822276654,minmaxnorm
169,Q0,FR89123-0052,504,0.054304665353029836,minmaxnorm
169,Q0,AP880609-0080,505,0.054242240432666504,minmaxnorm
169,Q0,AP880525-0074,506,0.05400680018826493,minmaxnorm
169,Q0,WSJ920211-0160,507,0.054006275271285965,minmaxnorm
169,Q0,AP880316-0148,508,0.05366298807286614,minmaxnorm
169,Q0,WSJ880915-0146,509,0.053362553041957576,minmaxnorm
169,Q0,DOE1-77-0497,510,0.05309508177344483,minmaxnorm
169,Q0,WSJ871026-0039,511,0.05309181670740759,minmaxnorm
169,Q0,WSJ870820-0138,512,0.05283406437746781,minmaxnorm
169,Q0,WSJ870609-0124,513,0.052742941049494535,minmaxnorm
169,Q0,FR89324-0001,514,0.05261289739167997,minmaxnorm
169,Q0,AP891115-0030,515,0.05245587066710787,minmaxnorm
169,Q0,FR88721-0010,516,0.05241939605384042,minmaxnorm
169,Q0,DOE1-60-0344,517,0.05230780609666483,minmaxnorm
169,Q0,WSJ900629-0170,518,0.05228572230975267,minmaxnorm
169,Q0,FR88926-0045,519,0.05224975421986383,minmaxnorm
169,Q0,DOE1-77-0503,520,0.05198982677173978,minmaxnorm
169,Q0,AP891120-0164,521,0.05197676981999623,minmaxnorm
169,Q0,AP891122-0086,522,0.051976079043976234,minmaxnorm
169,Q0,AP890314-0245,523,0.0519758633306123,minmaxnorm
169,Q0,WSJ900802-0074,524,0.05191782753057843,minmaxnorm
169,Q0,WSJ910826-0102,525,0.05191210271931764,minmaxnorm
169,Q0,AP890314-0272,526,0.051751881097458804,minmaxnorm
169,Q0,AP890605-0117,527,0.05167011914452029,minmaxnorm
169,Q0,WSJ910705-0189,528,0.051548449901272955,minmaxnorm
169,Q0,DOE2-84-0485,529,0.05151536718936946,minmaxnorm
169,Q0,WSJ910529-0121,530,0.05146532805872927,minmaxnorm
169,Q0,WSJ900418-0117,531,0.05142814365587036,minmaxnorm
169,Q0,WSJ900406-0054,532,0.05139074790509104,minmaxnorm
169,Q0,FR89110-0030,533,0.05131293278348021,minmaxnorm
169,Q0,AP880316-0181,534,0.051155656321641624,minmaxnorm
169,Q0,DOE1-78-0433,535,0.05111755529801607,minmaxnorm
169,Q0,WSJ910715-0093,536,0.05103289393033362,minmaxnorm
169,Q0,AP890525-0192,537,0.05103020381126148,minmaxnorm
169,Q0,WSJ890823-0083,538,0.050733127600502505,minmaxnorm
169,Q0,WSJ910208-0004,539,0.050651244662879416,minmaxnorm
169,Q0,AP880709-0071,540,0.05064589054657231,minmaxnorm
169,Q0,DOE1-11-0243,541,0.050519202228749824,minmaxnorm
169,Q0,ZF109-569-031,542,0.05045486325241166,minmaxnorm
169,Q0,FR89726-0001,543,0.05042804575486583,minmaxnorm
169,Q0,FR88517-0031,544,0.050340764954774554,minmaxnorm
169,Q0,AP880525-0177,545,0.050331125685164506,minmaxnorm
169,Q0,FR89602-0027,546,0.0502345715833732,minmaxnorm
169,Q0,WSJ910102-0063,547,0.050195617249381076,minmaxnorm
169,Q0,FR88712-0003,548,0.050190329882426755,minmaxnorm
169,Q0,AP890712-0046,549,0.04995345082418975,minmaxnorm
169,Q0,WSJ880819-0053,550,0.04994085523468191,minmaxnorm
169,Q0,FR89412-0003,551,0.04990068838793544,minmaxnorm
169,Q0,DOE1-55-1063,552,0.04984719300996483,minmaxnorm
169,Q0,DOE2-40-0875,553,0.04967936593411856,minmaxnorm
169,Q0,AP890315-0137,554,0.04966137251897965,minmaxnorm
169,Q0,ZF108-102-942,555,0.04966012041046421,minmaxnorm
169,Q0,FR881031-0013,556,0.0495971579314375,minmaxnorm
169,Q0,AP890811-0194,557,0.049594404800208686,minmaxnorm
169,Q0,WSJ880224-0080,558,0.04953076121023185,minmaxnorm
169,Q0,AP891128-0019,559,0.04947214512326697,minmaxnorm
169,Q0,WSJ911108-0009,560,0.04938860395428767,minmaxnorm
169,Q0,ZF108-462-834,561,0.04936202068317231,minmaxnorm
169,Q0,AP880530-0068,562,0.049120860215533024,minmaxnorm
169,Q0,WSJ890927-0158,563,0.048994805248803286,minmaxnorm
169,Q0,DOE1-73-0887,564,0.04890021501837709,minmaxnorm
169,Q0,DOE1-40-0385,565,0.048752713308433324,minmaxnorm
169,Q0,AP880802-0091,566,0.04873208240798735,minmaxnorm
169,Q0,AP881210-0082,567,0.048691583309794916,minmaxnorm
169,Q0,AP890607-0157,568,0.04860471162206452,minmaxnorm
169,Q0,ZF108-521-694,569,0.04854860325537374,minmaxnorm
169,Q0,AP890310-0248,570,0.04833297167985474,minmaxnorm
169,Q0,AP880916-0002,571,0.048313971476898164,minmaxnorm
169,Q0,WSJ881109-0076,572,0.04820136130628812,minmaxnorm
169,Q0,AP880628-0016,573,0.048185548967024844,minmaxnorm
169,Q0,AP881130-0256,574,0.04815220053288964,minmaxnorm
169,Q0,WSJ920131-0098,575,0.048149161500414143,minmaxnorm
169,Q0,DOE1-77-0504,576,0.048109737369610814,minmaxnorm
169,Q0,WSJ891027-0052,577,0.04810918169588102,minmaxnorm
169,Q0,AP890525-0242,578,0.04803891264074685,minmaxnorm
169,Q0,FR89215-0046,579,0.0479287139704231,minmaxnorm
169,Q0,DOE1-41-0513,580,0.04792330211074022,minmaxnorm
169,Q0,ZF207-584-410,581,0.04780343852153364,minmaxnorm
169,Q0,FR89814-0023,582,0.04770404614854875,minmaxnorm
169,Q0,DOE1-26-0008,583,0.047667268249298525,minmaxnorm
169,Q0,WSJ880622-0033,584,0.047626103799205545,minmaxnorm
169,Q0,AP891206-0070,585,0.047599119703664004,minmaxnorm
169,Q0,WSJ880324-0091,586,0.04758184477343015,minmaxnorm
169,Q0,AP880706-0238,587,0.04755801454983433,minmaxnorm
169,Q0,AP880617-0250,588,0.04755759755919741,minmaxnorm
169,Q0,WSJ911115-0158,589,0.047496990120245657,minmaxnorm
169,Q0,WSJ900516-0158,590,0.04737796466158027,minmaxnorm
169,Q0,FR89213-0020,591,0.04727679399779634,minmaxnorm
169,Q0,WSJ910723-0106,592,0.04716957601927741,minmaxnorm
169,Q0,WSJ880317-0103,593,0.047122967557459663,minmaxnorm
169,Q0,WSJ910228-0123,594,0.04705938545509989,minmaxnorm
169,Q0,AP890522-0020,595,0.047041738716189135,minmaxnorm
169,Q0,FR89816-0041,596,0.04694125428462498,minmaxnorm
169,Q0,WSJ910430-0101,597,0.04672543340701259,minmaxnorm
169,Q0,AP890724-0133,598,0.04665577050572289,minmaxnorm
169,Q0,AP880423-0152,599,0.04656375584660975,minmaxnorm
169,Q0,DOE1-94-0283,600,0.0465021945908643,minmaxnorm
169,Q0,AP890119-0268,601,0.04639054639307233,minmaxnorm
169,Q0,WSJ900628-0120,602,0.04626820163905358,minmaxnorm
169,Q0,AP891107-0192,603,0.046155203226959984,minmaxnorm
169,Q0,DOE2-28-0925,604,0.04614639378988068,minmaxnorm
169,Q0,FR891031-0030,605,0.04605780427915494,minmaxnorm
169,Q0,FR89721-0060,606,0.04587332370240031,minmaxnorm
169,Q0,AP880310-0102,607,0.045780626183344796,minmaxnorm
169,Q0,AP881222-0232,608,0.04571343053688202,minmaxnorm
169,Q0,WSJ861218-0132,609,0.04569508033006102,minmaxnorm
169,Q0,WSJ910802-0063,610,0.04555958442164897,minmaxnorm
169,Q0,WSJ870603-0109,611,0.04552112423193983,minmaxnorm
169,Q0,AP890823-0205,612,0.04552011149167722,minmaxnorm
169,Q0,WSJ900831-0100,613,0.04546811476770713,minmaxnorm
169,Q0,WSJ900629-0085,614,0.04542867495405668,minmaxnorm
169,Q0,FR881129-0039,615,0.04534894771221117,minmaxnorm
169,Q0,AP880609-0158,616,0.04529163930270573,minmaxnorm
169,Q0,FR89920-0037,617,0.045257157717062756,minmaxnorm
169,Q0,AP881212-0074,618,0.04510457976450295,minmaxnorm
169,Q0,AP881205-0214,619,0.044986201607900234,minmaxnorm
169,Q0,DOE2-60-0844,620,0.04498168897115704,minmaxnorm
169,Q0,AP881101-0013,621,0.044943860891166525,minmaxnorm
169,Q0,AP880722-0176,622,0.044822297100684826,minmaxnorm
169,Q0,WSJ871021-0145,623,0.04481482982134876,minmaxnorm
169,Q0,WSJ920319-0088,624,0.04467982376942344,minmaxnorm
169,Q0,WSJ910320-0108,625,0.04461512049224872,minmaxnorm
169,Q0,FR89925-0056,626,0.044444419897142616,minmaxnorm
169,Q0,AP880414-0063,627,0.04430010348145469,minmaxnorm
169,Q0,ZF108-294-236,628,0.04427054452974058,minmaxnorm
169,Q0,AP890104-0146,629,0.04409096827554334,minmaxnorm
169,Q0,WSJ901227-0096,630,0.04405789963364796,minmaxnorm
169,Q0,AP890801-0022,631,0.043799591017439896,minmaxnorm
169,Q0,FR88913-0022,632,0.043711329444480855,minmaxnorm
169,Q0,WSJ910628-0006,633,0.04364112203034157,minmaxnorm
169,Q0,AP891110-0257,634,0.043564178361639894,minmaxnorm
169,Q0,FR891026-0026,635,0.04355271514977323,minmaxnorm
169,Q0,AP880805-0008,636,0.04351880357053153,minmaxnorm
169,Q0,FR89505-0050,637,0.043462507813454246,minmaxnorm
169,Q0,AP890913-0136,638,0.04342838238921662,minmaxnorm
169,Q0,DOE1-01-1015,639,0.04336312644707918,minmaxnorm
169,Q0,DOE2-26-0243,640,0.0432893039873641,minmaxnorm
169,Q0,FR881014-0071,641,0.04320209167044133,minmaxnorm
169,Q0,ZF207-321-438,642,0.043198946977253364,minmaxnorm
169,Q0,FR89123-0017,643,0.043165635650819906,minmaxnorm
169,Q0,AP881126-0023,644,0.04312075888926999,minmaxnorm
169,Q0,FR89313-0018,645,0.04309088405838055,minmaxnorm
169,Q0,FR89112-0035,646,0.043061886310947525,minmaxnorm
169,Q0,AP881114-0142,647,0.04287730273683417,minmaxnorm
169,Q0,WSJ870204-0105,648,0.042834255769335416,minmaxnorm
169,Q0,AP891027-0035,649,0.04271965176287189,minmaxnorm
169,Q0,FR89509-0100,650,0.042509985993127164,minmaxnorm
169,Q0,DOE2-82-1303,651,0.04250722936683303,minmaxnorm
169,Q0,ZF207-154-059,652,0.04250484618927019,minmaxnorm
169,Q0,DOE2-33-1178,653,0.04248057896312751,minmaxnorm
169,Q0,FR89127-0020,654,0.04247600798708862,minmaxnorm
169,Q0,FR88719-0045,655,0.04247550072448509,minmaxnorm
169,Q0,AP890111-0191,656,0.04242957362904777,minmaxnorm
169,Q0,AP890315-0048,657,0.04240483619282163,minmaxnorm
169,Q0,DOE1-77-0516,658,0.042352679291695894,minmaxnorm
169,Q0,AP890809-0053,659,0.042276312102248775,minmaxnorm
169,Q0,FR89817-0022,660,0.04222186910290173,minmaxnorm
169,Q0,WSJ910723-0093,661,0.04220995398670909,minmaxnorm
169,Q0,FR88923-0021,662,0.04213643737518322,minmaxnorm
169,Q0,FR891107-0020,663,0.04210697450019682,minmaxnorm
169,Q0,AP880817-0209,664,0.042036684299361304,minmaxnorm
169,Q0,DOE2-44-1235,665,0.042016825640691854,minmaxnorm
169,Q0,FR88218-0132,666,0.04198061583812128,minmaxnorm
169,Q0,WSJ920210-0073,667,0.04195075318221686,minmaxnorm
169,Q0,WSJ910617-0050,668,0.04194166859510024,minmaxnorm
169,Q0,DOE2-35-0460,669,0.04191441041330512,minmaxnorm
169,Q0,AP890825-0193,670,0.04190863840188311,minmaxnorm
169,Q0,AP880527-0233,671,0.041895265899788425,minmaxnorm
169,Q0,WSJ881006-0141,672,0.041838388541664495,minmaxnorm
169,Q0,WSJ890817-0126,673,0.04182459247816989,minmaxnorm
169,Q0,AP891221-0007,674,0.04181917899804849,minmaxnorm
169,Q0,WSJ910208-0146,675,0.04180569637472236,minmaxnorm
169,Q0,AP890712-0128,676,0.041786144733926125,minmaxnorm
169,Q0,WSJ900514-0003,677,0.04173058996902373,minmaxnorm
169,Q0,FR88510-0025,678,0.04160985257143612,minmaxnorm
169,Q0,WSJ911119-0033,679,0.041587905714100974,minmaxnorm
169,Q0,DOE1-93-0260,680,0.04156510389053824,minmaxnorm
169,Q0,WSJ891003-0119,681,0.04152498054083822,minmaxnorm
169,Q0,AP880330-0306,682,0.04146159943630594,minmaxnorm
169,Q0,FR89522-0017,683,0.041404380355581666,minmaxnorm
169,Q0,FR881201-0008,684,0.04135612048371521,minmaxnorm
169,Q0,AP890510-0223,685,0.041288654089134014,minmaxnorm
169,Q0,FR88818-0055,686,0.041268356970950285,minmaxnorm
169,Q0,FR88818-0053,687,0.041266691357759164,minmaxnorm
169,Q0,FR88831-0102,688,0.041252618416306376,minmaxnorm
169,Q0,WSJ910620-0176,689,0.0411663859647288,minmaxnorm
169,Q0,WSJ871103-0114,690,0.04109623828792039,minmaxnorm
169,Q0,FR89626-0039,691,0.041073358284288645,minmaxnorm
169,Q0,AP890307-0009,692,0.040925457638462774,minmaxnorm
169,Q0,WSJ911105-0137,693,0.04091866919629978,minmaxnorm
169,Q0,DOE2-40-0872,694,0.0408641998665075,minmaxnorm
169,Q0,WSJ870109-0062,695,0.040845479656101406,minmaxnorm
169,Q0,WSJ920123-0080,696,0.040827201199907175,minmaxnorm
169,Q0,DOE1-65-0290,697,0.04080491389943755,minmaxnorm
169,Q0,WSJ880602-0108,698,0.04078537768547569,minmaxnorm
169,Q0,FR88708-0133,699,0.040765122349942624,minmaxnorm
169,Q0,FR881014-0314,700,0.040681378386367296,minmaxnorm
169,Q0,AP880810-0018,701,0.04062745635521816,minmaxnorm
169,Q0,WSJ870310-0157,702,0.040598768274680654,minmaxnorm
169,Q0,FR891004-0006,703,0.04058036310487699,minmaxnorm
169,Q0,AP880731-0020,704,0.04049224405359988,minmaxnorm
169,Q0,WSJ911125-0089,705,0.04047541940878628,minmaxnorm
169,Q0,DOE1-77-0413,706,0.040422638244715633,minmaxnorm
169,Q0,FR88914-0018,707,0.040397052444894006,minmaxnorm
169,Q0,DOE1-34-0898,708,0.04036809315971682,minmaxnorm
169,Q0,FR881024-0194,709,0.0402068801477192,minmaxnorm
169,Q0,ZF108-222-682,710,0.04010303413615822,minmaxnorm
169,Q0,DOE1-80-1054,711,0.04010285258887723,minmaxnorm
169,Q0,WSJ920311-0096,712,0.04006636764174525,minmaxnorm
169,Q0,ZF108-625-168,713,0.040060669131658205,minmaxnorm
169,Q0,AP891115-0215,714,0.04003366878579988,minmaxnorm
169,Q0,WSJ870417-0164,715,0.039985609558003496,minmaxnorm
169,Q0,DOE1-67-0450,716,0.03997953239195188,minmaxnorm
169,Q0,WSJ910911-0123,717,0.039924277538261256,minmaxnorm
169,Q0,DOE1-33-0410,718,0.03969774379369414,minmaxnorm
169,Q0,FR88201-0001,719,0.03964606706077281,minmaxnorm
169,Q0,FR891002-0017,720,0.03962507422028137,minmaxnorm
169,Q0,WSJ900607-0109,721,0.03961218844071171,minmaxnorm
169,Q0,AP880402-0125,722,0.03960870159041418,minmaxnorm
169,Q0,AP891225-0105,723,0.03954307160499715,minmaxnorm
169,Q0,ZF108-042-278,724,0.03952674040225161,minmaxnorm
169,Q0,AP890219-0002,725,0.039491514091173914,minmaxnorm
169,Q0,WSJ881111-0134,726,0.03947031740654908,minmaxnorm
169,Q0,FR89426-0018,727,0.039418289076299115,minmaxnorm
169,Q0,WSJ871125-0159,728,0.039214983022655935,minmaxnorm
169,Q0,FR881024-0121,729,0.039192767451740065,minmaxnorm
169,Q0,WSJ870702-0089,730,0.03917717210718461,minmaxnorm
169,Q0,DOE1-38-0150,731,0.03916744020092541,minmaxnorm
169,Q0,FR89714-0028,732,0.03913407007774029,minmaxnorm
169,Q0,FR89717-0018,733,0.03907981465388495,minmaxnorm
169,Q0,FR89607-0016,734,0.039025971601233576,minmaxnorm
169,Q0,DOE1-75-0542,735,0.03901736612935719,minmaxnorm
169,Q0,AP880719-0006,736,0.03900004102406876,minmaxnorm
169,Q0,FR88603-0020,737,0.038936743679086165,minmaxnorm
169,Q0,WSJ890726-0002,738,0.03889407740704376,minmaxnorm
169,Q0,AP890623-0083,739,0.03881608733547062,minmaxnorm
169,Q0,AP890213-0176,740,0.03856036445899475,minmaxnorm
169,Q0,AP880630-0016,741,0.03852332011408803,minmaxnorm
169,Q0,FR88615-0019,742,0.038481387349275836,minmaxnorm
169,Q0,WSJ910430-0023,743,0.038474401541070576,minmaxnorm
169,Q0,AP880919-0175,744,0.038450673817516115,minmaxnorm
169,Q0,WSJ870928-0036,745,0.03845045410204591,minmaxnorm
169,Q0,WSJ881013-0109,746,0.038450106963420105,minmaxnorm
169,Q0,DOE1-21-0433,747,0.038421113857807526,minmaxnorm
169,Q0,FR88817-0027,748,0.038348045784273144,minmaxnorm
169,Q0,ZF207-236-312,749,0.03829909518856802,minmaxnorm
169,Q0,AP881212-0258,750,0.03827280428570647,minmaxnorm
169,Q0,FR88811-0150,751,0.03826711297714343,minmaxnorm
169,Q0,AP881105-0098,752,0.03820645449568391,minmaxnorm
169,Q0,DOE1-23-0880,753,0.03806182445972536,minmaxnorm
169,Q0,DOE2-81-0404,754,0.03799794762450548,minmaxnorm
169,Q0,AP880229-0319,755,0.03796842355902236,minmaxnorm
169,Q0,DOE1-15-0689,756,0.03795031900045003,minmaxnorm
169,Q0,DOE1-89-0310,757,0.037803774320256577,minmaxnorm
169,Q0,AP890421-0252,758,0.03770767117502787,minmaxnorm
169,Q0,AP890301-0272,759,0.037651805287052864,minmaxnorm
169,Q0,WSJ901224-0090,760,0.037605363510720184,minmaxnorm
169,Q0,WSJ881010-0098,761,0.03759995664957409,minmaxnorm
169,Q0,AP890819-0121,762,0.0375663511479683,minmaxnorm
169,Q0,WSJ910322-0005,763,0.037538601766208345,minmaxnorm
169,Q0,FR89214-0012,764,0.03745192610402833,minmaxnorm
169,Q0,FR88101-0027,765,0.03743982778693088,minmaxnorm
169,Q0,ZF109-641-301,766,0.03739864289191927,minmaxnorm
169,Q0,WSJ910816-0005,767,0.03739711178904508,minmaxnorm
169,Q0,AP880516-0232,768,0.03739527105960572,minmaxnorm
169,Q0,FR891004-0024,769,0.03738808821609773,minmaxnorm
169,Q0,DOE2-15-0450,770,0.03731550488342761,minmaxnorm
169,Q0,AP890927-0085,771,0.037290383440640576,minmaxnorm
169,Q0,ZF207-333-996,772,0.03728320532985396,minmaxnorm
169,Q0,FR891128-0001,773,0.037135708998293465,minmaxnorm
169,Q0,WSJ890809-0148,774,0.037098454227206125,minmaxnorm
169,Q0,DOE2-14-0116,775,0.03702453243450562,minmaxnorm
169,Q0,WSJ880802-0153,776,0.03702122639312781,minmaxnorm
169,Q0,WSJ870429-0132,777,0.03701316740859458,minmaxnorm
169,Q0,AP880822-0229,778,0.03699603708817418,minmaxnorm
169,Q0,FR89623-0019,779,0.03698524880608945,minmaxnorm
169,Q0,DOE1-35-1195,780,0.03697666348764752,minmaxnorm
169,Q0,DOE1-08-0476,781,0.036956995156275846,minmaxnorm
169,Q0,AP891005-0216,782,0.03685824895428415,minmaxnorm
169,Q0,DOE1-77-0520,783,0.03683837877876618,minmaxnorm
169,Q0,AP891002-0274,784,0.03681708251757468,minmaxnorm
169,Q0,WSJ870210-0034,785,0.036801023098956054,minmaxnorm
169,Q0,DOE1-43-0798,786,0.036799759996629496,minmaxnorm
169,Q0,AP891113-0200,787,0.036794613044522646,minmaxnorm
169,Q0,WSJ900921-0086,788,0.036785064568944696,minmaxnorm
169,Q0,DOE2-75-0521,789,0.036757103626741484,minmaxnorm
169,Q0,FR89410-0049,790,0.03675078751769304,minmaxnorm
169,Q0,ZF109-600-281,791,0.03674268864683443,minmaxnorm
169,Q0,AP880330-0094,792,0.036675190906683454,minmaxnorm
169,Q0,FR89626-0137,793,0.03655984603835401,minmaxnorm
169,Q0,WSJ871026-0151,794,0.03653506919009092,minmaxnorm
169,Q0,AP890522-0267,795,0.03650963999001989,minmaxnorm
169,Q0,WSJ910107-0114,796,0.03647593729395307,minmaxnorm
169,Q0,AP880509-0033,797,0.03638968239319493,minmaxnorm
169,Q0,DOE1-07-0371,798,0.0363752331345629,minmaxnorm
169,Q0,FR89110-0016,799,0.03633647484688104,minmaxnorm
169,Q0,AP880317-0180,800,0.03626583199161289,minmaxnorm
169,Q0,AP880318-0331,801,0.03625123568595,minmaxnorm
169,Q0,WSJ901226-0083,802,0.03617561546814962,minmaxnorm
169,Q0,FR88601-0027,803,0.036115382374613834,minmaxnorm
169,Q0,WSJ911022-0089,804,0.03604929880356438,minmaxnorm
169,Q0,WSJ911023-0067,805,0.03596889754314151,minmaxnorm
169,Q0,AP890607-0067,806,0.035926647633114706,minmaxnorm
169,Q0,WSJ870609-0047,807,0.03590099061553058,minmaxnorm
169,Q0,AP890615-0140,808,0.035886671349621896,minmaxnorm
169,Q0,AP881007-0053,809,0.03582947061759039,minmaxnorm
169,Q0,DOE1-19-1203,810,0.03576034362146446,minmaxnorm
169,Q0,DOE2-46-0049,811,0.03575464329037496,minmaxnorm
169,Q0,WSJ911112-0070,812,0.03567623261844683,minmaxnorm
169,Q0,FR88830-0023,813,0.0356237615724469,minmaxnorm
169,Q0,WSJ880804-0182,814,0.035623476796846645,minmaxnorm
169,Q0,WSJ861215-0118,815,0.035613048654519176,minmaxnorm
169,Q0,FR88229-0002,816,0.035464147322070226,minmaxnorm
169,Q0,AP890112-0280,817,0.035316788963658266,minmaxnorm
169,Q0,DOE2-61-0783,818,0.03524097168331937,minmaxnorm
169,Q0,FR89512-0017,819,0.03523187173533356,minmaxnorm
169,Q0,AP880610-0064,820,0.035089721801685125,minmaxnorm
169,Q0,AP880712-0190,821,0.035075813698900886,minmaxnorm
169,Q0,DOE2-33-0092,822,0.03507097004051929,minmaxnorm
169,Q0,FR88516-0042,823,0.03506625534231472,minmaxnorm
169,Q0,DOE2-42-1124,824,0.03505720667163903,minmaxnorm
169,Q0,WSJ900731-0095,825,0.03504018301508276,minmaxnorm
169,Q0,WSJ910723-0082,826,0.03502315233278221,minmaxnorm
169,Q0,DOE2-62-1106,827,0.03501390226367321,minmaxnorm
169,Q0,DOE1-83-1108,828,0.035013662879073544,minmaxnorm
169,Q0,FR891025-0107,829,0.034953956429226024,minmaxnorm
169,Q0,DOE2-40-0871,830,0.03484596773723398,minmaxnorm
169,Q0,FR88602-0025,831,0.034830343461271014,minmaxnorm
169,Q0,WSJ911227-0067,832,0.03482661197547422,minmaxnorm
169,Q0,WSJ880712-0119,833,0.03480905873954262,minmaxnorm
169,Q0,FR89512-0029,834,0.034714410436991,minmaxnorm
169,Q0,FR881123-0027,835,0.03468614175975888,minmaxnorm
169,Q0,AP890518-0299,836,0.034678264481203494,minmaxnorm
169,Q0,AP880711-0010,837,0.034576926471591,minmaxnorm
169,Q0,AP891012-0202,838,0.034576406162135885,minmaxnorm
169,Q0,FR88829-0023,839,0.034550100814640876,minmaxnorm
169,Q0,DOE1-55-1107,840,0.034531362580257956,minmaxnorm
169,Q0,WSJ910805-0086,841,0.034463170077250034,minmaxnorm
169,Q0,WSJ880921-0098,842,0.034442625330413756,minmaxnorm
169,Q0,FR89728-0037,843,0.034411576348438874,minmaxnorm
169,Q0,WSJ870717-0030,844,0.03436244637414199,minmaxnorm
169,Q0,AP890630-0039,845,0.03433939018826133,minmaxnorm
169,Q0,WSJ880927-0123,846,0.0342365557448408,minmaxnorm
169,Q0,WSJ880311-0032,847,0.03415589979982744,minmaxnorm
169,Q0,WSJ911125-0045,848,0.03414915934188029,minmaxnorm
169,Q0,WSJ910705-0186,849,0.03404288041489516,minmaxnorm
169,Q0,WSJ861201-0093,850,0.03401955564174581,minmaxnorm
169,Q0,FR89918-0121,851,0.033994650018497156,minmaxnorm
169,Q0,AP890322-0219,852,0.0339655794853415,minmaxnorm
169,Q0,WSJ910731-0041,853,0.03394880828053466,minmaxnorm
169,Q0,AP890213-0162,854,0.03393236019286455,minmaxnorm
169,Q0,ZF108-147-322,855,0.0339175893956367,minmaxnorm
169,Q0,DOE2-06-1034,856,0.033900202256878474,minmaxnorm
169,Q0,DOE1-93-0995,857,0.033888127734682215,minmaxnorm
169,Q0,DOE2-30-1079,858,0.033888127734682215,minmaxnorm
169,Q0,WSJ880218-0134,859,0.03385374945685982,minmaxnorm
169,Q0,AP880710-0072,860,0.03384947629855709,minmaxnorm
169,Q0,ZF109-549-631,861,0.03376900730520453,minmaxnorm
169,Q0,AP880901-0006,862,0.03376565626455265,minmaxnorm
169,Q0,AP890427-0122,863,0.03376367294807582,minmaxnorm
169,Q0,FR89818-0071,864,0.03374177113389646,minmaxnorm
169,Q0,AP890109-0239,865,0.033736779529373116,minmaxnorm
169,Q0,FR881207-0029,866,0.033693878064586576,minmaxnorm
169,Q0,FR89508-0052,867,0.03352161571981785,minmaxnorm
169,Q0,AP890628-0221,868,0.03349235933594677,minmaxnorm
169,Q0,AP890623-0133,869,0.0333924880812003,minmaxnorm
169,Q0,AP890222-0158,870,0.03339114795000723,minmaxnorm
169,Q0,FR88115-0023,871,0.03337576734655547,minmaxnorm
169,Q0,WSJ870331-0129,872,0.03330637703378285,minmaxnorm
169,Q0,ZF108-697-900,873,0.03323587363596716,minmaxnorm
169,Q0,FR891121-0025,874,0.03316199206011047,minmaxnorm
169,Q0,AP890427-0088,875,0.03315720216811936,minmaxnorm
169,Q0,AP880709-0005,876,0.03314893280245928,minmaxnorm
169,Q0,AP890831-0031,877,0.033147539181310276,minmaxnorm
169,Q0,AP890629-0180,878,0.03314477012442449,minmaxnorm
169,Q0,ZF207-285-290,879,0.03312613662216729,minmaxnorm
169,Q0,WSJ920121-0120,880,0.03307200233416593,minmaxnorm
169,Q0,AP890430-0002,881,0.03302870018123182,minmaxnorm
169,Q0,FR89530-0038,882,0.03302790856278735,minmaxnorm
169,Q0,AP880409-0029,883,0.032962326217388836,minmaxnorm
169,Q0,AP880314-0227,884,0.03292103046309831,minmaxnorm
169,Q0,FR88518-0028,885,0.03289085259130706,minmaxnorm
169,Q0,WSJ910906-0143,886,0.03284156385709423,minmaxnorm
169,Q0,DOE1-77-0509,887,0.03283566788468297,minmaxnorm
169,Q0,WSJ871023-0094,888,0.03282340716309182,minmaxnorm
169,Q0,DOE1-81-1091,889,0.03279310066207552,minmaxnorm
169,Q0,WSJ880624-0097,890,0.03278092442364001,minmaxnorm
169,Q0,ZF109-424-823,891,0.032734268734293796,minmaxnorm
169,Q0,DOE2-45-1202,892,0.03271940437929611,minmaxnorm
169,Q0,DOE2-45-1200,893,0.032705391869203355,minmaxnorm
169,Q0,FR891128-0025,894,0.03263807822528288,minmaxnorm
169,Q0,WSJ911115-0196,895,0.03254713961726126,minmaxnorm
169,Q0,FR88902-0003,896,0.03253066002771706,minmaxnorm
169,Q0,FR891011-0010,897,0.03252860889327086,minmaxnorm
169,Q0,FR88923-0027,898,0.03252633594950165,minmaxnorm
169,Q0,ZF108-660-984,899,0.032503265173456836,minmaxnorm
169,Q0,FR881202-0041,900,0.03243847594769086,minmaxnorm
169,Q0,WSJ910204-0013,901,0.03242844798597484,minmaxnorm
169,Q0,ZF207-281-509,902,0.03240856395870832,minmaxnorm
169,Q0,ZF207-264-926,903,0.032403044885767354,minmaxnorm
169,Q0,FR88817-0043,904,0.032382609320976224,minmaxnorm
169,Q0,DOE1-15-1242,905,0.032359330278359265,minmaxnorm
169,Q0,AP880601-0051,906,0.03231059408358501,minmaxnorm
169,Q0,FR89315-0033,907,0.03220664914483507,minmaxnorm
169,Q0,DOE2-05-0539,908,0.032191771427512526,minmaxnorm
169,Q0,WSJ871127-0126,909,0.032184163660348264,minmaxnorm
169,Q0,AP880618-0118,910,0.032176284526102855,minmaxnorm
169,Q0,ZF108-182-696,911,0.03212119778445465,minmaxnorm
169,Q0,DOE1-26-1029,912,0.03211586187546443,minmaxnorm
169,Q0,WSJ890817-0077,913,0.03199117596871769,minmaxnorm
169,Q0,WSJ891019-0124,914,0.03195868843957919,minmaxnorm
169,Q0,AP890126-0115,915,0.031946413681596,minmaxnorm
169,Q0,DOE2-07-0812,916,0.03194032818421303,minmaxnorm
169,Q0,AP890922-0069,917,0.031939260691538116,minmaxnorm
169,Q0,DOE2-30-1080,918,0.03177912486773729,minmaxnorm
169,Q0,DOE2-29-0191,919,0.03168116865932267,minmaxnorm
169,Q0,DOE1-93-0466,920,0.03168063157374477,minmaxnorm
169,Q0,AP881024-0063,921,0.03167784628250963,minmaxnorm
169,Q0,FR881017-0018,922,0.03166690068699666,minmaxnorm
169,Q0,AP881122-0213,923,0.03156547410582397,minmaxnorm
169,Q0,FR88818-0051,924,0.031516392109172446,minmaxnorm
169,Q0,FR88126-0079,925,0.03149763141778199,minmaxnorm
169,Q0,WSJ910109-0082,926,0.03148499143941785,minmaxnorm
169,Q0,DOE2-36-0261,927,0.031480235561503686,minmaxnorm
169,Q0,WSJ880722-0075,928,0.031472134288130685,minmaxnorm
169,Q0,WSJ910408-0143,929,0.03146815445099921,minmaxnorm
169,Q0,FR89815-0070,930,0.03143673804169271,minmaxnorm
169,Q0,DOE2-77-0057,931,0.03143195786214178,minmaxnorm
169,Q0,WSJ871015-0069,932,0.03140758937490237,minmaxnorm
169,Q0,AP880218-0191,933,0.03136455642153858,minmaxnorm
169,Q0,DOE2-46-0306,934,0.03132050804174005,minmaxnorm
169,Q0,DOE2-07-0831,935,0.031268279219587296,minmaxnorm
169,Q0,FR88802-0028,936,0.031259152861085326,minmaxnorm
169,Q0,ZF109-491-795,937,0.03125638696746576,minmaxnorm
169,Q0,FR89331-0026,938,0.03125344570363028,minmaxnorm
169,Q0,ZF108-777-122,939,0.031202818662674933,minmaxnorm
169,Q0,FR88225-0005,940,0.031178325541035588,minmaxnorm
169,Q0,WSJ920131-0157,941,0.031176616955272733,minmaxnorm
169,Q0,FR89510-0140,942,0.03117535220313956,minmaxnorm
169,Q0,WSJ920113-0101,943,0.031146660889726865,minmaxnorm
169,Q0,FR89315-0018,944,0.031132168394991572,minmaxnorm
169,Q0,DOE1-84-0052,945,0.03109830359576661,minmaxnorm
169,Q0,DOE1-82-1106,946,0.031070683978638734,minmaxnorm
169,Q0,FR89821-0024,947,0.031067305502672168,minmaxnorm
169,Q0,WSJ871125-0114,948,0.031051778996583897,minmaxnorm
169,Q0,FR89811-0082,949,0.031047168385063308,minmaxnorm
169,Q0,DOE2-04-0559,950,0.031042431292042004,minmaxnorm
169,Q0,FR89224-0014,951,0.031042325382511858,minmaxnorm
169,Q0,FR891117-0021,952,0.031026502839649327,minmaxnorm
169,Q0,WSJ900530-0133,953,0.03100702185349629,minmaxnorm
169,Q0,ZF108-823-638,954,0.030988181020742012,minmaxnorm
169,Q0,WSJ900503-0026,955,0.030984280819153477,minmaxnorm
169,Q0,WSJ920323-0132,956,0.03089868236096412,minmaxnorm
169,Q0,AP890104-0182,957,0.03089532792585816,minmaxnorm
169,Q0,WSJ910524-0008,958,0.030853306201180545,minmaxnorm
169,Q0,DOE1-73-0886,959,0.030810176908376487,minmaxnorm
169,Q0,ZF207-079-782,960,0.030799625569124422,minmaxnorm
169,Q0,WSJ861216-0192,961,0.030745539792519615,minmaxnorm
169,Q0,FR89306-0020,962,0.03074487344628858,minmaxnorm
169,Q0,WSJ910212-0162,963,0.030726125771834877,minmaxnorm
169,Q0,FR88120-0041,964,0.030679686263519017,minmaxnorm
169,Q0,AP880906-0150,965,0.030652598768511584,minmaxnorm
169,Q0,FR891006-0010,966,0.030645098940023086,minmaxnorm
169,Q0,FR88603-0016,967,0.0305823679152765,minmaxnorm
169,Q0,FR89814-0007,968,0.030524899704284805,minmaxnorm
169,Q0,DOE1-52-0951,969,0.030522251173739155,minmaxnorm
169,Q0,AP890427-0012,970,0.030488341077790422,minmaxnorm
169,Q0,DOE1-94-0451,971,0.03048727178794972,minmaxnorm
169,Q0,WSJ900927-0125,972,0.030465578178921086,minmaxnorm
169,Q0,WSJ890818-0152,973,0.030463298084096747,minmaxnorm
169,Q0,WSJ910221-0080,974,0.030378699038919054,minmaxnorm
169,Q0,AP890327-0101,975,0.0303594210053773,minmaxnorm
169,Q0,FR89818-0013,976,0.03034298803836329,minmaxnorm
169,Q0,WSJ900913-0027,977,0.030299525520589735,minmaxnorm
169,Q0,FR89509-0015,978,0.03027374098225695,minmaxnorm
169,Q0,AP880711-0192,979,0.030221452254852843,minmaxnorm
169,Q0,DOE2-62-0805,980,0.030219512870489663,minmaxnorm
169,Q0,FR88502-0014,981,0.03018592716088757,minmaxnorm
169,Q0,ZF109-514-535,982,0.030171593854724343,minmaxnorm
169,Q0,WSJ900521-0030,983,0.030165259171861632,minmaxnorm
169,Q0,AP890824-0089,984,0.030148974294149474,minmaxnorm
169,Q0,AP880912-0127,985,0.030140169302005183,minmaxnorm
169,Q0,DOE1-21-0767,986,0.030136729226721372,minmaxnorm
169,Q0,FR89524-0006,987,0.03011032524186147,minmaxnorm
169,Q0,WSJ910410-0062,988,0.03006390298613387,minmaxnorm
169,Q0,WSJ870429-0008,989,0.03004750014379072,minmaxnorm
169,Q0,WSJ900619-0086,990,0.030011276862896986,minmaxnorm
169,Q0,WSJ870227-0176,991,0.03000013381400594,minmaxnorm
169,Q0,FR89606-0002,992,0.029990359512231547,minmaxnorm
169,Q0,FR891031-0131,993,0.02992485083499241,minmaxnorm
169,Q0,DOE2-39-1108,994,0.029871790062292465,minmaxnorm
169,Q0,AP890109-0072,995,0.029864760734762207,minmaxnorm
169,Q0,WSJ900501-0088,996,0.029862683028781537,minmaxnorm
169,Q0,FR88825-0029,997,0.02985724931368729,minmaxnorm
169,Q0,WSJ920303-0148,998,0.029853414390771788,minmaxnorm
169,Q0,FR881031-0020,999,0.02983032893202823,minmaxnorm
169,Q0,DOE1-75-1241,1000,0.029828426377664058,minmaxnorm
171,Q0,WSJ920131-0177,1,0.22439891605704135,minmaxnorm
171,Q0,WSJ910926-0103,2,0.21958926259297026,minmaxnorm
171,Q0,WSJ880722-0096,3,0.2175175842880327,minmaxnorm
171,Q0,WSJ870831-0048,4,0.20987905018069733,minmaxnorm
171,Q0,WSJ880229-0090,5,0.20970655120941473,minmaxnorm
171,Q0,WSJ911017-0103,6,0.20651265687530687,minmaxnorm
171,Q0,WSJ910925-0033,7,0.20446299116602354,minmaxnorm
171,Q0,WSJ880212-0140,8,0.20336714482610413,minmaxnorm
171,Q0,WSJ870323-0002,9,0.20314347170365848,minmaxnorm
171,Q0,WSJ920309-0132,10,0.2013446571191754,minmaxnorm
171,Q0,WSJ900427-0177,11,0.1999189106347804,minmaxnorm
171,Q0,WSJ910924-0012,12,0.1995247391842387,minmaxnorm
171,Q0,WSJ880304-0141,13,0.1990986390128226,minmaxnorm
171,Q0,WSJ880331-0151,14,0.19787151329187797,minmaxnorm
171,Q0,WSJ870316-0055,15,0.19661782637864997,minmaxnorm
171,Q0,WSJ911211-0039,16,0.19624682464166798,minmaxnorm
171,Q0,WSJ911205-0033,17,0.19567365193383363,minmaxnorm
171,Q0,WSJ871223-0133,18,0.19563639959277435,minmaxnorm
171,Q0,WSJ910328-0063,19,0.19466022912881564,minmaxnorm
171,Q0,WSJ870309-0081,20,0.19462580451781283,minmaxnorm
171,Q0,WSJ910312-0114,21,0.19432086720534697,minmaxnorm
171,Q0,WSJ910326-0102,22,0.19349795906806763,minmaxnorm
171,Q0,WSJ880104-0053,23,0.19327829855632833,minmaxnorm
171,Q0,WSJ920220-0006,24,0.19261930801068705,minmaxnorm
171,Q0,WSJ900418-0070,25,0.19208136557540278,minmaxnorm
171,Q0,WSJ870202-0069,26,0.19179732515196352,minmaxnorm
171,Q0,WSJ911211-0017,27,0.19116465163465213,minmaxnorm
171,Q0,WSJ861229-0009,28,0.1899288012216558,minmaxnorm
171,Q0,ZF109-554-237,29,0.1896384363430626,minmaxnorm
171,Q0,WSJ910312-0065,30,0.18917394342216465,minmaxnorm
171,Q0,WSJ910927-0093,31,0.18902814674133123,minmaxnorm
171,Q0,WSJ920210-0048,32,0.18896120815692752,minmaxnorm
171,Q0,WSJ870630-0071,33,0.18810169822911627,minmaxnorm
171,Q0,WSJ890726-0045,34,0.18790259966509937,minmaxnorm
171,Q0,WSJ910513-0126,35,0.18783369450023474,minmaxnorm
171,Q0,WSJ870430-0071,36,0.18712996020821981,minmaxnorm
171,Q0,WSJ910227-0051,37,0.18687905845613326,minmaxnorm
171,Q0,WSJ870803-0074,38,0.18609280976099427,minmaxnorm
171,Q0,WSJ920318-0031,39,0.18559787698073196,minmaxnorm
171,Q0,WSJ911209-0099,40,0.1853895659722925,minmaxnorm
171,Q0,WSJ890831-0079,41,0.18413417540427324,minmaxnorm
171,Q0,WSJ910617-0036,42,0.18397504821710595,minmaxnorm
171,Q0,WSJ870302-0055,43,0.18387954846065593,minmaxnorm
171,Q0,WSJ920205-0083,44,0.1831632760237167,minmaxnorm
171,Q0,WSJ871228-0069,45,0.1830027543249001,minmaxnorm
171,Q0,WSJ920306-0055,46,0.182815689481521,minmaxnorm
171,Q0,WSJ920131-0166,47,0.18227816673763728,minmaxnorm
171,Q0,WSJ880311-0078,48,0.18200593332205414,minmaxnorm
171,Q0,AP890322-0300,49,0.18137861958958584,minmaxnorm
171,Q0,WSJ910618-0168,50,0.18081148648991666,minmaxnorm
171,Q0,WSJ900522-0003,51,0.1802872410946406,minmaxnorm
171,Q0,WSJ910625-0052,52,0.1801855222442213,minmaxnorm
171,Q0,WSJ861201-0104,53,0.17968248097741782,minmaxnorm
171,Q0,WSJ891030-0006,54,0.17935193487495546,minmaxnorm
171,Q0,WSJ910507-0064,55,0.1791786220965776,minmaxnorm
171,Q0,WSJ870227-0018,56,0.179066694205522,minmaxnorm
171,Q0,WSJ910723-0003,57,0.17862747357308945,minmaxnorm
171,Q0,WSJ870115-0017,58,0.17856282667889756,minmaxnorm
171,Q0,WSJ870828-0087,59,0.17844859157818266,minmaxnorm
171,Q0,WSJ890915-0017,60,0.1779770898653438,minmaxnorm
171,Q0,WSJ880826-0088,61,0.17785406568998674,minmaxnorm
171,Q0,WSJ910725-0101,62,0.17771142377433302,minmaxnorm
171,Q0,WSJ880404-0081,63,0.17637546350972858,minmaxnorm
171,Q0,WSJ880330-0114,64,0.17560386491258304,minmaxnorm
171,Q0,WSJ880301-0037,65,0.1754947122991321,minmaxnorm
171,Q0,WSJ920219-0067,66,0.17532885245715013,minmaxnorm
171,Q0,AP890615-0259,67,0.17444331095200413,minmaxnorm
171,Q0,WSJ880331-0148,68,0.1741412821375663,minmaxnorm
171,Q0,WSJ871002-0088,69,0.17380358447322047,minmaxnorm
171,Q0,WSJ920226-0135,70,0.17342955946207161,minmaxnorm
171,Q0,AP891115-0258,71,0.17321203300710927,minmaxnorm
171,Q0,WSJ880916-0165,72,0.17300061684953594,minmaxnorm
171,Q0,WSJ910813-0121,73,0.17286238508210322,minmaxnorm
171,Q0,WSJ880201-0005,74,0.1724707092236733,minmaxnorm
171,Q0,WSJ920130-0176,75,0.17215478873278764,minmaxnorm
171,Q0,WSJ920117-0108,76,0.17196621435499015,minmaxnorm
171,Q0,WSJ881019-0047,77,0.17179751458557344,minmaxnorm
171,Q0,WSJ870925-0023,78,0.17147671749395751,minmaxnorm
171,Q0,AP880713-0238,79,0.1712132360472728,minmaxnorm
171,Q0,WSJ920205-0030,80,0.1711810564275955,minmaxnorm
171,Q0,WSJ881108-0114,81,0.1707293624544149,minmaxnorm
171,Q0,WSJ861205-0159,82,0.17040663984840515,minmaxnorm
171,Q0,WSJ891017-0121,83,0.1701960459887661,minmaxnorm
171,Q0,WSJ881115-0064,84,0.1701928172706368,minmaxnorm
171,Q0,AP880831-0230,85,0.16985637865446526,minmaxnorm
171,Q0,WSJ910530-0058,86,0.16922489233368673,minmaxnorm
171,Q0,WSJ870529-0080,87,0.16904742414998544,minmaxnorm
171,Q0,WSJ920224-0085,88,0.1689959752319913,minmaxnorm
171,Q0,AP880928-0266,89,0.16843358715823506,minmaxnorm
171,Q0,WSJ910222-0128,90,0.16833869420141886,minmaxnorm
171,Q0,WSJ891026-0125,91,0.16822512051549512,minmaxnorm
171,Q0,WSJ870227-0030,92,0.16812778134630982,minmaxnorm
171,Q0,WSJ870108-0001,93,0.16806112284868752,minmaxnorm
171,Q0,WSJ911230-0080,94,0.16788829328508117,minmaxnorm
171,Q0,WSJ910814-0083,95,0.16762130484091314,minmaxnorm
171,Q0,WSJ870612-0095,96,0.16754600174002007,minmaxnorm
171,Q0,WSJ871029-0034,97,0.16684245007309287,minmaxnorm
171,Q0,WSJ910516-0125,98,0.16666225043621863,minmaxnorm
171,Q0,WSJ871221-0070,99,0.16634404384070717,minmaxnorm
171,Q0,ZF107-895-282,100,0.16597241337788837,minmaxnorm
171,Q0,AP880229-0301,101,0.16572227653159027,minmaxnorm
171,Q0,WSJ880930-0154,102,0.16558527592314343,minmaxnorm
171,Q0,WSJ911008-0076,103,0.16546366333961685,minmaxnorm
171,Q0,WSJ871123-0097,104,0.16541301181597795,minmaxnorm
171,Q0,WSJ891020-0136,105,0.1653542173483909,minmaxnorm
171,Q0,WSJ880513-0009,106,0.16496678083890204,minmaxnorm
171,Q0,WSJ920224-0116,107,0.1647104757121314,minmaxnorm
171,Q0,WSJ920225-0006,108,0.1645443424609903,minmaxnorm
171,Q0,ZF108-614-400,109,0.1640334275236334,minmaxnorm
171,Q0,WSJ871127-0130,110,0.16388823123643004,minmaxnorm
171,Q0,WSJ890803-0068,111,0.16377554636910058,minmaxnorm
171,Q0,WSJ910726-0143,112,0.16376417045977218,minmaxnorm
171,Q0,WSJ910130-0139,113,0.16347142333214065,minmaxnorm
171,Q0,WSJ910722-0074,114,0.16340206958811218,minmaxnorm
171,Q0,WSJ920211-0086,115,0.16329129109905058,minmaxnorm
171,Q0,WSJ871104-0138,116,0.16287503505340906,minmaxnorm
171,Q0,WSJ900523-0081,117,0.1627281040398633,minmaxnorm
171,Q0,WSJ910308-0102,118,0.1621649649182132,minmaxnorm
171,Q0,WSJ870128-0122,119,0.1618672376307685,minmaxnorm
171,Q0,WSJ920309-0179,120,0.1614146446356835,minmaxnorm
171,Q0,WSJ871120-0079,121,0.16137662160876848,minmaxnorm
171,Q0,ZF108-065-424,122,0.16107115603081132,minmaxnorm
171,Q0,WSJ870921-0069,123,0.16086599257955655,minmaxnorm
171,Q0,WSJ910719-0104,124,0.16071545039383728,minmaxnorm
171,Q0,WSJ871120-0040,125,0.16069897147561343,minmaxnorm
171,Q0,WSJ870608-0053,126,0.16052226207078016,minmaxnorm
171,Q0,WSJ871203-0065,127,0.15992892821465518,minmaxnorm
171,Q0,WSJ880909-0066,128,0.159842232145283,minmaxnorm
171,Q0,WSJ910514-0030,129,0.1597245947148497,minmaxnorm
171,Q0,WSJ870814-0104,130,0.15946400266396665,minmaxnorm
171,Q0,WSJ880401-0103,131,0.15907940174245888,minmaxnorm
171,Q0,WSJ870612-0002,132,0.15902634200942026,minmaxnorm
171,Q0,WSJ910927-0141,133,0.15887033938079959,minmaxnorm
171,Q0,WSJ880308-0112,134,0.1581508662919081,minmaxnorm
171,Q0,WSJ880701-0100,135,0.15801876580528607,minmaxnorm
171,Q0,WSJ920107-0145,136,0.157850745350204,minmaxnorm
171,Q0,WSJ900718-0137,137,0.15763457607187575,minmaxnorm
171,Q0,WSJ881025-0076,138,0.15757674839259211,minmaxnorm
171,Q0,WSJ891027-0006,139,0.15729849154289816,minmaxnorm
171,Q0,WSJ870113-0041,140,0.15722088418936822,minmaxnorm
171,Q0,AP891013-0140,141,0.15680838548876574,minmaxnorm
171,Q0,WSJ871231-0046,142,0.15651358609254376,minmaxnorm
171,Q0,WSJ880516-0126,143,0.15637092650717932,minmaxnorm
171,Q0,WSJ900705-0022,144,0.15629997245142438,minmaxnorm
171,Q0,WSJ900816-0096,145,0.15629001766435283,minmaxnorm
171,Q0,WSJ871012-0092,146,0.15617464821011842,minmaxnorm
171,Q0,AP890824-0256,147,0.1557744161544541,minmaxnorm
171,Q0,WSJ880707-0192,148,0.15503585634706749,minmaxnorm
171,Q0,WSJ890831-0092,149,0.15476791489850827,minmaxnorm
171,Q0,WSJ890808-0108,150,0.15473187483101228,minmaxnorm
171,Q0,WSJ910826-0077,151,0.15448813005522088,minmaxnorm
171,Q0,WSJ900925-0028,152,0.1539915324670276,minmaxnorm
171,Q0,WSJ920130-0007,153,0.15372782389130973,minmaxnorm
171,Q0,WSJ920205-0024,154,0.15325512205904146,minmaxnorm
171,Q0,WSJ900821-0038,155,0.15315704099413094,minmaxnorm
171,Q0,WSJ911127-0072,156,0.1531254439534468,minmaxnorm
171,Q0,WSJ910103-0018,157,0.15296482539694453,minmaxnorm
171,Q0,WSJ920214-0120,158,0.15295902996608823,minmaxnorm
171,Q0,WSJ900406-0064,159,0.15281499242121477,minmaxnorm
171,Q0,WSJ880108-0018,160,0.152755413704464,minmaxnorm
171,Q0,WSJ910501-0059,161,0.15208193827766422,minmaxnorm
171,Q0,WSJ910807-0073,162,0.152029388894415,minmaxnorm
171,Q0,WSJ900813-0022,163,0.15186113529076312,minmaxnorm
171,Q0,WSJ861202-0057,164,0.15117805622610442,minmaxnorm
171,Q0,AP890908-0207,165,0.15106867739544705,minmaxnorm
171,Q0,WSJ871113-0035,166,0.15106799438198407,minmaxnorm
171,Q0,ZF207-161-222,167,0.15089264412432735,minmaxnorm
171,Q0,WSJ880801-0066,168,0.15070033846479938,minmaxnorm
171,Q0,AP880311-0293,169,0.1506600159393606,minmaxnorm
171,Q0,WSJ870515-0046,170,0.1506480185537413,minmaxnorm
171,Q0,AP880616-0224,171,0.15050365033785879,minmaxnorm
171,Q0,ZF107-899-276,172,0.15040131653074418,minmaxnorm
171,Q0,WSJ870717-0082,173,0.15016790415770634,minmaxnorm
171,Q0,WSJ870416-0073,174,0.14972292037008847,minmaxnorm
171,Q0,WSJ881104-0034,175,0.1493351208108678,minmaxnorm
171,Q0,WSJ871008-0082,176,0.149191193519138,minmaxnorm
171,Q0,AP881102-0246,177,0.14856434486598133,minmaxnorm
171,Q0,WSJ871022-0013,178,0.14846646052245033,minmaxnorm
171,Q0,WSJ920218-0141,179,0.14832711195189302,minmaxnorm
171,Q0,WSJ890808-0099,180,0.14830663855273898,minmaxnorm
171,Q0,WSJ920212-0137,181,0.147417521004283,minmaxnorm
171,Q0,WSJ880617-0099,182,0.1472453161327951,minmaxnorm
171,Q0,AP880217-0244,183,0.14694530166638065,minmaxnorm
171,Q0,WSJ891020-0208,184,0.14604486573950234,minmaxnorm
171,Q0,AP880331-0279,185,0.14532343872237657,minmaxnorm
171,Q0,WSJ890920-0099,186,0.14528086809725735,minmaxnorm
171,Q0,AP880425-0310,187,0.1450809621735418,minmaxnorm
171,Q0,AP891215-0256,188,0.14500342700585533,minmaxnorm
171,Q0,WSJ870102-0025,189,0.1449485486487175,minmaxnorm
171,Q0,WSJ890919-0124,190,0.1448571385736231,minmaxnorm
171,Q0,WSJ870330-0025,191,0.1445999429106352,minmaxnorm
171,Q0,WSJ920114-0137,192,0.14437341966352937,minmaxnorm
171,Q0,WSJ911216-0093,193,0.1443647813283169,minmaxnorm
171,Q0,WSJ900608-0005,194,0.14429830603624955,minmaxnorm
171,Q0,AP890623-0231,195,0.1437047683161507,minmaxnorm
171,Q0,WSJ910806-0028,196,0.14292580692547013,minmaxnorm
171,Q0,WSJ891010-0035,197,0.14281830980049923,minmaxnorm
171,Q0,WSJ910308-0180,198,0.1426253338146561,minmaxnorm
171,Q0,WSJ911023-0111,199,0.14255587887226925,minmaxnorm
171,Q0,WSJ870918-0173,200,0.1424375044723257,minmaxnorm
171,Q0,WSJ870220-0136,201,0.142370324800722,minmaxnorm
171,Q0,WSJ910708-0047,202,0.14236207851127752,minmaxnorm
171,Q0,WSJ870327-0103,203,0.1419978051310523,minmaxnorm
171,Q0,WSJ910102-0044,204,0.14167850014237263,minmaxnorm
171,Q0,AP891016-0268,205,0.14154811423417898,minmaxnorm
171,Q0,WSJ900605-0116,206,0.14154715444799337,minmaxnorm
171,Q0,WSJ911018-0162,207,0.14152395760493144,minmaxnorm
171,Q0,WSJ871026-0006,208,0.14146651597715715,minmaxnorm
171,Q0,WSJ910625-0051,209,0.14146377065067486,minmaxnorm
171,Q0,WSJ890824-0072,210,0.141370680039471,minmaxnorm
171,Q0,WSJ870522-0106,211,0.14132732910484874,minmaxnorm
171,Q0,WSJ900531-0073,212,0.14125363828888213,minmaxnorm
171,Q0,WSJ880919-0099,213,0.14122097275531845,minmaxnorm
171,Q0,WSJ871116-0128,214,0.1406059792776726,minmaxnorm
171,Q0,WSJ920312-0099,215,0.14054142673577716,minmaxnorm
171,Q0,WSJ890921-0090,216,0.14051736150927993,minmaxnorm
171,Q0,WSJ880111-0010,217,0.14034555482686692,minmaxnorm
171,Q0,WSJ920123-0156,218,0.14021453305599438,minmaxnorm
171,Q0,FR88616-0121,219,0.14012574730685162,minmaxnorm
171,Q0,WSJ920228-0131,220,0.1398682425752088,minmaxnorm
171,Q0,WSJ880121-0055,221,0.13985347255326483,minmaxnorm
171,Q0,WSJ910628-0128,222,0.1397297021241941,minmaxnorm
171,Q0,WSJ890915-0034,223,0.13972516913850747,minmaxnorm
171,Q0,WSJ870713-0072,224,0.13971618826970242,minmaxnorm
171,Q0,FR89718-0081,225,0.1396411596524558,minmaxnorm
171,Q0,WSJ871113-0051,226,0.1395706864484336,minmaxnorm
171,Q0,WSJ861201-0027,227,0.13939640703447229,minmaxnorm
171,Q0,WSJ880310-0109,228,0.13938310669575935,minmaxnorm
171,Q0,WSJ891004-0005,229,0.13867016608695654,minmaxnorm
171,Q0,WSJ870928-0065,230,0.1385685367644508,minmaxnorm
171,Q0,WSJ900716-0125,231,0.1381308791034695,minmaxnorm
171,Q0,WSJ880212-0009,232,0.13805706532152287,minmaxnorm
171,Q0,WSJ910830-0019,233,0.13804052064593803,minmaxnorm
171,Q0,AP890621-0249,234,0.1377093464684584,minmaxnorm
171,Q0,WSJ911216-0142,235,0.13767744017470693,minmaxnorm
171,Q0,WSJ871113-0186,236,0.1376635642196199,minmaxnorm
171,Q0,WSJ880509-0007,237,0.13754434182938974,minmaxnorm
171,Q0,WSJ920102-0056,238,0.13729812028676064,minmaxnorm
171,Q0,WSJ910614-0069,239,0.1371692992990635,minmaxnorm
171,Q0,WSJ910828-0037,240,0.13699167269936421,minmaxnorm
171,Q0,ZF108-278-792,241,0.13691541926972542,minmaxnorm
171,Q0,WSJ910416-0060,242,0.13611740847986614,minmaxnorm
171,Q0,WSJ900703-0083,243,0.13602422029638508,minmaxnorm
171,Q0,WSJ880314-0178,244,0.13602090644796044,minmaxnorm
171,Q0,WSJ910918-0085,245,0.13596648567582115,minmaxnorm
171,Q0,WSJ870629-0030,246,0.1359646353896089,minmaxnorm
171,Q0,WSJ881006-0045,247,0.13587211098771917,minmaxnorm
171,Q0,WSJ881007-0154,248,0.13570615499705854,minmaxnorm
171,Q0,WSJ890828-0054,249,0.13562277864308572,minmaxnorm
171,Q0,WSJ880708-0081,250,0.13555992359688962,minmaxnorm
171,Q0,WSJ870824-0058,251,0.1354504863933299,minmaxnorm
171,Q0,WSJ880129-0002,252,0.13532478129497316,minmaxnorm
171,Q0,WSJ891020-0205,253,0.13506917263971727,minmaxnorm
171,Q0,WSJ870813-0002,254,0.13454627739940292,minmaxnorm
171,Q0,WSJ881028-0077,255,0.1345225569982397,minmaxnorm
171,Q0,AP880610-0317,256,0.134306725721737,minmaxnorm
171,Q0,WSJ880830-0043,257,0.13427667799168025,minmaxnorm
171,Q0,WSJ871127-0158,258,0.13424163052180746,minmaxnorm
171,Q0,WSJ911209-0085,259,0.13394560507869221,minmaxnorm
171,Q0,WSJ890925-0110,260,0.13390039368008794,minmaxnorm
171,Q0,WSJ880408-0095,261,0.13387699393635158,minmaxnorm
171,Q0,WSJ870703-0013,262,0.1336074676635311,minmaxnorm
171,Q0,WSJ890908-0080,263,0.13345988625485403,minmaxnorm
171,Q0,WSJ900430-0087,264,0.13285576282845185,minmaxnorm
171,Q0,AP880510-0307,265,0.13270193679631917,minmaxnorm
171,Q0,WSJ870821-0025,266,0.13214551627915402,minmaxnorm
171,Q0,WSJ890908-0078,267,0.13188246114124658,minmaxnorm
171,Q0,WSJ871026-0026,268,0.13186424435367575,minmaxnorm
171,Q0,WSJ880104-0057,269,0.1318443936266815,minmaxnorm
171,Q0,WSJ901221-0122,270,0.1318375200256161,minmaxnorm
171,Q0,WSJ910531-0071,271,0.13177998531842758,minmaxnorm
171,Q0,WSJ880408-0056,272,0.13165264766156132,minmaxnorm
171,Q0,AP891222-0234,273,0.13158981742796866,minmaxnorm
171,Q0,WSJ900723-0015,274,0.13151052690059042,minmaxnorm
171,Q0,WSJ911029-0001,275,0.13112808956349442,minmaxnorm
171,Q0,WSJ910228-0007,276,0.13109851755162152,minmaxnorm
171,Q0,AP891016-0255,277,0.13082512305336078,minmaxnorm
171,Q0,WSJ871118-0098,278,0.13080955297883234,minmaxnorm
171,Q0,WSJ870529-0077,279,0.1306298444987322,minmaxnorm
171,Q0,WSJ911216-0007,280,0.12995874364586646,minmaxnorm
171,Q0,WSJ880226-0118,281,0.1297920949074174,minmaxnorm
171,Q0,WSJ910814-0124,282,0.1295347950857119,minmaxnorm
171,Q0,WSJ910611-0109,283,0.12913212812094274,minmaxnorm
171,Q0,WSJ890914-0083,284,0.12906368756434125,minmaxnorm
171,Q0,WSJ910103-0085,285,0.12896958923978555,minmaxnorm
171,Q0,WSJ891023-0105,286,0.12882414859253705,minmaxnorm
171,Q0,WSJ871109-0101,287,0.12844973119740394,minmaxnorm
171,Q0,WSJ910507-0094,288,0.128391829637437,minmaxnorm
171,Q0,AP881118-0183,289,0.1281455815999959,minmaxnorm
171,Q0,WSJ911125-0094,290,0.12814164285399715,minmaxnorm
171,Q0,WSJ910424-0008,291,0.12797203433800078,minmaxnorm
171,Q0,WSJ900620-0155,292,0.1279249446974913,minmaxnorm
171,Q0,WSJ900531-0160,293,0.1278587146211562,minmaxnorm
171,Q0,WSJ880120-0131,294,0.12764135943857935,minmaxnorm
171,Q0,WSJ890829-0064,295,0.1274863460296893,minmaxnorm
171,Q0,AP890810-0033,296,0.1269974399551298,minmaxnorm
171,Q0,AP891208-0248,297,0.12661299585695193,minmaxnorm
171,Q0,WSJ880208-0077,298,0.12660319119782512,minmaxnorm
171,Q0,WSJ920221-0126,299,0.12648308816069373,minmaxnorm
171,Q0,WSJ880909-0064,300,0.12644833657873925,minmaxnorm
171,Q0,WSJ910322-0007,301,0.12644568405559067,minmaxnorm
171,Q0,WSJ881003-0188,302,0.12642756598836044,minmaxnorm
171,Q0,WSJ870916-0116,303,0.12629373616407502,minmaxnorm
171,Q0,WSJ900430-0111,304,0.1259498795743113,minmaxnorm
171,Q0,ZF109-449-785,305,0.12588991046253606,minmaxnorm
171,Q0,WSJ891026-0075,306,0.1252993333959357,minmaxnorm
171,Q0,WSJ910927-0147,307,0.1251802214817583,minmaxnorm
171,Q0,WSJ911119-0084,308,0.12517534872833222,minmaxnorm
171,Q0,WSJ900731-0092,309,0.12495017841871395,minmaxnorm
171,Q0,WSJ870703-0002,310,0.12489261981681338,minmaxnorm
171,Q0,WSJ900518-0138,311,0.1248609251546034,minmaxnorm
171,Q0,WSJ911031-0086,312,0.12458144825461408,minmaxnorm
171,Q0,WSJ900518-0120,313,0.1244428627138111,minmaxnorm
171,Q0,WSJ880122-0172,314,0.12440540248276466,minmaxnorm
171,Q0,WSJ891005-0127,315,0.12423571170463467,minmaxnorm
171,Q0,WSJ890914-0151,316,0.12405438002582699,minmaxnorm
171,Q0,WSJ871005-0034,317,0.12395091192574113,minmaxnorm
171,Q0,WSJ880510-0033,318,0.1238239160646884,minmaxnorm
171,Q0,AP890714-0229,319,0.12363164728556275,minmaxnorm
171,Q0,WSJ880606-0048,320,0.12361336549099444,minmaxnorm
171,Q0,WSJ891031-0090,321,0.12359619621104102,minmaxnorm
171,Q0,WSJ881006-0012,322,0.12355313357902317,minmaxnorm
171,Q0,WSJ900606-0091,323,0.12354489518455061,minmaxnorm
171,Q0,WSJ910626-0056,324,0.12320283690414856,minmaxnorm
171,Q0,WSJ880111-0001,325,0.1231381276058231,minmaxnorm
171,Q0,WSJ880321-0058,326,0.1230007128850513,minmaxnorm
171,Q0,WSJ910822-0029,327,0.12293229812626082,minmaxnorm
171,Q0,WSJ911231-0102,328,0.12284015740943162,minmaxnorm
171,Q0,WSJ890921-0128,329,0.12269806324828904,minmaxnorm
171,Q0,WSJ880126-0110,330,0.12262544617566178,minmaxnorm
171,Q0,AP890701-0159,331,0.12241799293710762,minmaxnorm
171,Q0,WSJ910724-0112,332,0.12229118187302629,minmaxnorm
171,Q0,WSJ871021-0072,333,0.12226041291126354,minmaxnorm
171,Q0,WSJ911010-0080,334,0.12221819984014408,minmaxnorm
171,Q0,WSJ881010-0111,335,0.12216334687674632,minmaxnorm
171,Q0,WSJ910722-0086,336,0.12195468467032308,minmaxnorm
171,Q0,WSJ880118-0097,337,0.1218791797224639,minmaxnorm
171,Q0,FR891108-0130,338,0.12185715366207478,minmaxnorm
171,Q0,WSJ891002-0118,339,0.12182184695872969,minmaxnorm
171,Q0,WSJ870417-0104,340,0.1217416179353814,minmaxnorm
171,Q0,WSJ910529-0083,341,0.12147231119255898,minmaxnorm
171,Q0,WSJ871030-0109,342,0.12135179691505082,minmaxnorm
171,Q0,WSJ881004-0018,343,0.12122647344707056,minmaxnorm
171,Q0,WSJ871020-0002,344,0.12122149633123991,minmaxnorm
171,Q0,WSJ880822-0084,345,0.12120952245050723,minmaxnorm
171,Q0,WSJ870331-0102,346,0.12102353071670843,minmaxnorm
171,Q0,WSJ900530-0005,347,0.12095431840486622,minmaxnorm
171,Q0,WSJ861215-0044,348,0.1206840689316601,minmaxnorm
171,Q0,WSJ880527-0157,349,0.12062599725930558,minmaxnorm
171,Q0,WSJ910621-0070,350,0.12059472151983076,minmaxnorm
171,Q0,WSJ870518-0053,351,0.12056763302762526,minmaxnorm
171,Q0,WSJ870911-0103,352,0.12051442315430118,minmaxnorm
171,Q0,AP890707-0204,353,0.12045157564670367,minmaxnorm
171,Q0,WSJ871123-0060,354,0.12045144711669165,minmaxnorm
171,Q0,FR88803-0094,355,0.12025880508231702,minmaxnorm
171,Q0,WSJ910308-0075,356,0.12017144448782928,minmaxnorm
171,Q0,WSJ901227-0006,357,0.12015546634744144,minmaxnorm
171,Q0,WSJ910926-0068,358,0.12010050413680433,minmaxnorm
171,Q0,WSJ890727-0079,359,0.12009354826272693,minmaxnorm
171,Q0,ZF109-698-213,360,0.1200694714199236,minmaxnorm
171,Q0,WSJ910108-0114,361,0.11980115327602185,minmaxnorm
171,Q0,WSJ910405-0142,362,0.11968332914863378,minmaxnorm
171,Q0,WSJ871109-0155,363,0.11945135589488286,minmaxnorm
171,Q0,WSJ880909-0051,364,0.11934173642428257,minmaxnorm
171,Q0,WSJ880628-0034,365,0.11907943075791608,minmaxnorm
171,Q0,WSJ870803-0104,366,0.11898324770455843,minmaxnorm
171,Q0,WSJ881003-0055,367,0.11894283312524975,minmaxnorm
171,Q0,WSJ891002-0022,368,0.11886066815206073,minmaxnorm
171,Q0,WSJ900517-0095,369,0.11877493511131958,minmaxnorm
171,Q0,WSJ861201-0016,370,0.11861690084535623,minmaxnorm
171,Q0,WSJ870526-0015,371,0.11833874672257572,minmaxnorm
171,Q0,WSJ871218-0095,372,0.11829734761698617,minmaxnorm
171,Q0,AP880504-0294,373,0.11809170064997708,minmaxnorm
171,Q0,WSJ920311-0044,374,0.11779615623433247,minmaxnorm
171,Q0,WSJ910404-0081,375,0.11754924632937547,minmaxnorm
171,Q0,WSJ910315-0094,376,0.11747227701546221,minmaxnorm
171,Q0,WSJ880429-0118,377,0.11724702889275636,minmaxnorm
171,Q0,WSJ910731-0136,378,0.11717788819594872,minmaxnorm
171,Q0,WSJ870415-0123,379,0.11713420488809206,minmaxnorm
171,Q0,WSJ880824-0052,380,0.11695041081521408,minmaxnorm
171,Q0,WSJ880322-0086,381,0.11692641388112061,minmaxnorm
171,Q0,WSJ900409-0164,382,0.11668903784016398,minmaxnorm
171,Q0,WSJ871020-0047,383,0.1165790644447906,minmaxnorm
171,Q0,WSJ880125-0151,384,0.1165155890638487,minmaxnorm
171,Q0,WSJ870612-0174,385,0.11647098116088306,minmaxnorm
171,Q0,WSJ890927-0152,386,0.11629674571254331,minmaxnorm
171,Q0,WSJ870930-0079,387,0.11627567442598262,minmaxnorm
171,Q0,WSJ910423-0140,388,0.1161960549199223,minmaxnorm
171,Q0,WSJ901231-0051,389,0.11617956818420327,minmaxnorm
171,Q0,AP891020-0257,390,0.11604374648670263,minmaxnorm
171,Q0,WSJ880115-0045,391,0.11598955136905809,minmaxnorm
171,Q0,WSJ881007-0087,392,0.11596646837044702,minmaxnorm
171,Q0,WSJ900530-0073,393,0.11537218543835297,minmaxnorm
171,Q0,WSJ900716-0023,394,0.11522978956377866,minmaxnorm
171,Q0,WSJ911016-0003,395,0.11511453235541712,minmaxnorm
171,Q0,WSJ910913-0031,396,0.11509431903574728,minmaxnorm
171,Q0,WSJ890830-0004,397,0.11505748476394127,minmaxnorm
171,Q0,WSJ891017-0149,398,0.1149272185159938,minmaxnorm
171,Q0,WSJ870320-0086,399,0.11487959107178014,minmaxnorm
171,Q0,WSJ910308-0190,400,0.11485946735359208,minmaxnorm
171,Q0,WSJ870420-0009,401,0.11459333739424725,minmaxnorm
171,Q0,WSJ880229-0054,402,0.11440649896099223,minmaxnorm
171,Q0,WSJ871125-0009,403,0.11436602367849012,minmaxnorm
171,Q0,WSJ871027-0065,404,0.11425685941317357,minmaxnorm
171,Q0,WSJ900517-0107,405,0.11377148436416429,minmaxnorm
171,Q0,FR881026-0087,406,0.11376485137969912,minmaxnorm
171,Q0,WSJ900706-0052,407,0.11358065201688292,minmaxnorm
171,Q0,WSJ870107-0003,408,0.11333845870173646,minmaxnorm
171,Q0,WSJ911031-0106,409,0.11326998168067864,minmaxnorm
171,Q0,WSJ880701-0092,410,0.11317500416887746,minmaxnorm
171,Q0,AP890405-0269,411,0.1131496691576294,minmaxnorm
171,Q0,WSJ910402-0065,412,0.11300502151279175,minmaxnorm
171,Q0,WSJ880729-0039,413,0.11296246343553172,minmaxnorm
171,Q0,WSJ881007-0085,414,0.11250214158122708,minmaxnorm
171,Q0,AP890405-0271,415,0.11237889876097092,minmaxnorm
171,Q0,WSJ920320-0148,416,0.11233154221047291,minmaxnorm
171,Q0,WSJ910830-0059,417,0.11231376738305521,minmaxnorm
171,Q0,WSJ900511-0088,418,0.11221917806877799,minmaxnorm
171,Q0,WSJ910620-0109,419,0.11194178055437223,minmaxnorm
171,Q0,WSJ900510-0010,420,0.11177228062816932,minmaxnorm
171,Q0,WSJ911226-0057,421,0.11158634017393572,minmaxnorm
171,Q0,WSJ920108-0045,422,0.1113267797401213,minmaxnorm
171,Q0,WSJ910130-0081,423,0.11115801808595484,minmaxnorm
171,Q0,WSJ881004-0105,424,0.11092244074718405,minmaxnorm
171,Q0,WSJ871002-0094,425,0.1106672308357369,minmaxnorm
171,Q0,WSJ920313-0095,426,0.11040606103012979,minmaxnorm
171,Q0,AP891030-0277,427,0.11025400484242155,minmaxnorm
171,Q0,WSJ890830-0079,428,0.11021977182796759,minmaxnorm
171,Q0,WSJ890804-0124,429,0.11018833475311503,minmaxnorm
171,Q0,AP880330-0255,430,0.10956624723028102,minmaxnorm
171,Q0,WSJ920211-0007,431,0.10954837117910053,minmaxnorm
171,Q0,WSJ910606-0005,432,0.10942328450100497,minmaxnorm
171,Q0,AP890323-0278,433,0.10942267462181475,minmaxnorm
171,Q0,WSJ891102-0164,434,0.1092820583642461,minmaxnorm
171,Q0,WSJ880418-0135,435,0.10909518757233624,minmaxnorm
171,Q0,WSJ891009-0004,436,0.10899270011485623,minmaxnorm
171,Q0,WSJ910401-0069,437,0.10857406938484308,minmaxnorm
171,Q0,AP891005-0228,438,0.10839404226709566,minmaxnorm
171,Q0,WSJ910703-0181,439,0.10794345450378304,minmaxnorm
171,Q0,WSJ910604-0175,440,0.10780825338759498,minmaxnorm
171,Q0,WSJ871202-0079,441,0.10754862937033569,minmaxnorm
171,Q0,WSJ891030-0094,442,0.10748210426384568,minmaxnorm
171,Q0,WSJ911206-0087,443,0.1069384123150349,minmaxnorm
171,Q0,WSJ871214-0070,444,0.1065365472805411,minmaxnorm
171,Q0,FR891002-0122,445,0.1063990237950139,minmaxnorm
171,Q0,WSJ870202-0051,446,0.10629049198844646,minmaxnorm
171,Q0,ZF108-755-530,447,0.10627750222466702,minmaxnorm
171,Q0,AP880810-0272,448,0.10581804215350707,minmaxnorm
171,Q0,WSJ911023-0097,449,0.1057471284372514,minmaxnorm
171,Q0,WSJ911025-0045,450,0.10559366712710613,minmaxnorm
171,Q0,WSJ920219-0126,451,0.10557095044773049,minmaxnorm
171,Q0,WSJ910118-0007,452,0.10554640141249248,minmaxnorm
171,Q0,WSJ881019-0031,453,0.10540336885225944,minmaxnorm
171,Q0,WSJ880222-0027,454,0.10532845762991269,minmaxnorm
171,Q0,AP890602-0256,455,0.10524428592225771,minmaxnorm
171,Q0,WSJ871211-0073,456,0.10500034156524457,minmaxnorm
171,Q0,WSJ870422-0001,457,0.10475030926795603,minmaxnorm
171,Q0,WSJ880531-0135,458,0.10452974307093096,minmaxnorm
171,Q0,WSJ920102-0098,459,0.10436584656882888,minmaxnorm
171,Q0,FR89331-0141,460,0.10425310654934275,minmaxnorm
171,Q0,WSJ870807-0099,461,0.10402485784168498,minmaxnorm
171,Q0,WSJ870422-0074,462,0.10399270253575457,minmaxnorm
171,Q0,WSJ881102-0117,463,0.10363047819765493,minmaxnorm
171,Q0,WSJ920106-0158,464,0.10336917141861827,minmaxnorm
171,Q0,FR881109-0014,465,0.10336203291778334,minmaxnorm
171,Q0,WSJ890929-0017,466,0.10334652224373664,minmaxnorm
171,Q0,WSJ881116-0138,467,0.10332648062990048,minmaxnorm
171,Q0,WSJ900410-0009,468,0.10325652767806646,minmaxnorm
171,Q0,WSJ870904-0125,469,0.10314379413083374,minmaxnorm
171,Q0,WSJ870406-0059,470,0.1030896393613155,minmaxnorm
171,Q0,WSJ910429-0014,471,0.1029313346826616,minmaxnorm
171,Q0,WSJ881024-0120,472,0.10251905362703365,minmaxnorm
171,Q0,WSJ910917-0119,473,0.10246185408892466,minmaxnorm
171,Q0,WSJ910131-0136,474,0.10229571269643402,minmaxnorm
171,Q0,WSJ890818-0150,475,0.10219127973366869,minmaxnorm
171,Q0,WSJ870429-0037,476,0.10209644554541632,minmaxnorm
171,Q0,WSJ880708-0058,477,0.10188074028345281,minmaxnorm
171,Q0,WSJ900808-0045,478,0.10183138328645426,minmaxnorm
171,Q0,AP881101-0228,479,0.10182375409777349,minmaxnorm
171,Q0,WSJ871029-0064,480,0.1018191657764806,minmaxnorm
171,Q0,WSJ890728-0107,481,0.10155205273600172,minmaxnorm
171,Q0,WSJ880105-0062,482,0.10146188508177569,minmaxnorm
171,Q0,WSJ870814-0059,483,0.10105467915920577,minmaxnorm
171,Q0,WSJ911028-0103,484,0.10084300876530662,minmaxnorm
171,Q0,WSJ900706-0034,485,0.1007678926373448,minmaxnorm
171,Q0,WSJ870615-0025,486,0.10051750923532099,minmaxnorm
171,Q0,WSJ871223-0085,487,0.10044489340375215,minmaxnorm
171,Q0,WSJ871231-0008,488,0.10043605279707543,minmaxnorm
171,Q0,WSJ870914-0089,489,0.10036929717479606,minmaxnorm
171,Q0,WSJ880510-0100,490,0.10024380009544644,minmaxnorm
171,Q0,WSJ890929-0011,491,0.10017229585296755,minmaxnorm
171,Q0,WSJ891020-0211,492,0.10012365829962347,minmaxnorm
171,Q0,AP881123-0208,493,0.10012232263472119,minmaxnorm
171,Q0,ZF207-084-922,494,0.09987368593252922,minmaxnorm
171,Q0,WSJ900629-0069,495,0.09949562041656033,minmaxnorm
171,Q0,AP890714-0257,496,0.09933972912454676,minmaxnorm
171,Q0,WSJ910423-0041,497,0.09930888483705501,minmaxnorm
171,Q0,WSJ870820-0087,498,0.09930281737148548,minmaxnorm
171,Q0,WSJ880725-0034,499,0.09929063978527705,minmaxnorm
171,Q0,WSJ881108-0138,500,0.0992728905875957,minmaxnorm
171,Q0,WSJ881003-0008,501,0.09926231710345247,minmaxnorm
171,Q0,WSJ900712-0087,502,0.09915624420852301,minmaxnorm
171,Q0,WSJ870424-0108,503,0.09900640161165522,minmaxnorm
171,Q0,WSJ880901-0013,504,0.09895959067685685,minmaxnorm
171,Q0,WSJ881013-0114,505,0.0989460831493302,minmaxnorm
171,Q0,AP891018-0236,506,0.0989289304300156,minmaxnorm
171,Q0,WSJ910410-0023,507,0.09867603886370568,minmaxnorm
171,Q0,WSJ870831-0147,508,0.09836879745502809,minmaxnorm
171,Q0,WSJ880912-0029,509,0.09833704791639251,minmaxnorm
171,Q0,AP891018-0235,510,0.09806133566951182,minmaxnorm
171,Q0,WSJ911213-0098,511,0.09802149245189244,minmaxnorm
171,Q0,WSJ900913-0126,512,0.0978750914619283,minmaxnorm
171,Q0,WSJ891013-0082,513,0.09762522490842908,minmaxnorm
171,Q0,WSJ910705-0056,514,0.09759772619936183,minmaxnorm
171,Q0,WSJ871204-0119,515,0.09719966028757648,minmaxnorm
171,Q0,WSJ911003-0045,516,0.09711663820172434,minmaxnorm
171,Q0,WSJ900420-0111,517,0.09700343302302254,minmaxnorm
171,Q0,WSJ891027-0127,518,0.09691905964473904,minmaxnorm
171,Q0,AP891206-0167,519,0.09686319012763868,minmaxnorm
171,Q0,WSJ900928-0015,520,0.0968559961585444,minmaxnorm
171,Q0,WSJ871102-0091,521,0.09661058673685044,minmaxnorm
171,Q0,AP880325-0272,522,0.09660673085306225,minmaxnorm
171,Q0,WSJ870102-0036,523,0.09658639224853612,minmaxnorm
171,Q0,WSJ870421-0093,524,0.09656491497585028,minmaxnorm
171,Q0,WSJ880815-0029,525,0.096534364321666,minmaxnorm
171,Q0,WSJ900518-0152,526,0.09652635399957522,minmaxnorm
171,Q0,WSJ870112-0076,527,0.09647816111542146,minmaxnorm
171,Q0,WSJ900628-0049,528,0.09642580092345834,minmaxnorm
171,Q0,WSJ911003-0065,529,0.09637609845268089,minmaxnorm
171,Q0,WSJ911003-0136,530,0.09631630652189434,minmaxnorm
171,Q0,WSJ870918-0126,531,0.09612743201606379,minmaxnorm
171,Q0,WSJ871023-0002,532,0.09610857823909538,minmaxnorm
171,Q0,WSJ870413-0023,533,0.09607461712898092,minmaxnorm
171,Q0,WSJ891102-0159,534,0.09604582810179021,minmaxnorm
171,Q0,WSJ910315-0067,535,0.09599814973181865,minmaxnorm
171,Q0,WSJ880219-0075,536,0.09592661433239007,minmaxnorm
171,Q0,WSJ870930-0060,537,0.09582251135812872,minmaxnorm
171,Q0,WSJ870205-0125,538,0.09581086104743633,minmaxnorm
171,Q0,WSJ861201-0113,539,0.09566547125517146,minmaxnorm
171,Q0,AP880420-0261,540,0.09548729089249589,minmaxnorm
171,Q0,WSJ910815-0109,541,0.09547663443079026,minmaxnorm
171,Q0,WSJ870707-0120,542,0.09527313893464148,minmaxnorm
171,Q0,WSJ861208-0041,543,0.09512328868630138,minmaxnorm
171,Q0,WSJ910710-0018,544,0.09507937051778943,minmaxnorm
171,Q0,WSJ870511-0077,545,0.09503758350503758,minmaxnorm
171,Q0,WSJ870209-0091,546,0.09492477901582971,minmaxnorm
171,Q0,WSJ880418-0149,547,0.09485665572045245,minmaxnorm
171,Q0,AP890913-0273,548,0.09484855028309365,minmaxnorm
171,Q0,AP881011-0224,549,0.09483880107105841,minmaxnorm
171,Q0,WSJ891005-0106,550,0.09480544597848488,minmaxnorm
171,Q0,FR89214-0096,551,0.09462756790927705,minmaxnorm
171,Q0,WSJ870427-0005,552,0.094091808157275,minmaxnorm
171,Q0,WSJ910329-0097,553,0.0937347341037033,minmaxnorm
171,Q0,FR88502-0016,554,0.09352077220736792,minmaxnorm
171,Q0,AP880706-0266,555,0.09335335909676683,minmaxnorm
171,Q0,WSJ910731-0138,556,0.09324336200480975,minmaxnorm
171,Q0,WSJ910521-0064,557,0.09324078720128978,minmaxnorm
171,Q0,WSJ880714-0003,558,0.0928026390391466,minmaxnorm
171,Q0,WSJ920127-0011,559,0.09267816302729362,minmaxnorm
171,Q0,WSJ870501-0124,560,0.09256643949577689,minmaxnorm
171,Q0,ZF108-135-264,561,0.09238945088446945,minmaxnorm
171,Q0,AP890324-0229,562,0.09209752705100491,minmaxnorm
171,Q0,WSJ910425-0171,563,0.09194916601019415,minmaxnorm
171,Q0,AP890707-0205,564,0.09184512105445651,minmaxnorm
171,Q0,FR88909-0107,565,0.09181014110146593,minmaxnorm
171,Q0,WSJ871105-0037,566,0.09175109963911195,minmaxnorm
171,Q0,WSJ910207-0115,567,0.09171919116483207,minmaxnorm
171,Q0,WSJ890818-0086,568,0.09162149872208093,minmaxnorm
171,Q0,WSJ900402-0170,569,0.09130902330118959,minmaxnorm
171,Q0,WSJ911022-0118,570,0.09121202335484842,minmaxnorm
171,Q0,AP890209-0248,571,0.09121177860892925,minmaxnorm
171,Q0,WSJ871019-0072,572,0.09106930703169097,minmaxnorm
171,Q0,WSJ880415-0008,573,0.09081042469878509,minmaxnorm
171,Q0,WSJ880502-0067,574,0.09080734517943455,minmaxnorm
171,Q0,WSJ911129-0036,575,0.09067104431208975,minmaxnorm
171,Q0,AP891231-0048,576,0.09061338094686532,minmaxnorm
171,Q0,WSJ871211-0164,577,0.09034483530028573,minmaxnorm
171,Q0,AP891005-0229,578,0.09026324582624581,minmaxnorm
171,Q0,WSJ871113-0071,579,0.09018054166247537,minmaxnorm
171,Q0,WSJ920122-0185,580,0.09000697436202455,minmaxnorm
171,Q0,WSJ870810-0100,581,0.08990493324898954,minmaxnorm
171,Q0,FR89810-0001,582,0.08983851842991175,minmaxnorm
171,Q0,WSJ910502-0162,583,0.0898191765074569,minmaxnorm
171,Q0,WSJ911108-0212,584,0.08969457365418056,minmaxnorm
171,Q0,WSJ891018-0172,585,0.08968100898439206,minmaxnorm
171,Q0,WSJ880411-0075,586,0.08958987347415458,minmaxnorm
171,Q0,WSJ861204-0018,587,0.08954822303446332,minmaxnorm
171,Q0,AP880224-0035,588,0.08945648798341088,minmaxnorm
171,Q0,WSJ910404-0078,589,0.08934770842245507,minmaxnorm
171,Q0,WSJ891003-0132,590,0.08933447338995815,minmaxnorm
171,Q0,WSJ910308-0154,591,0.08924695072516048,minmaxnorm
171,Q0,WSJ910226-0092,592,0.08885931906353702,minmaxnorm
171,Q0,WSJ910506-0135,593,0.0886883038554619,minmaxnorm
171,Q0,WSJ910618-0153,594,0.08847499391425925,minmaxnorm
171,Q0,WSJ920102-0084,595,0.08821695311275612,minmaxnorm
171,Q0,WSJ900515-0072,596,0.0880497542698244,minmaxnorm
171,Q0,WSJ880719-0055,597,0.08770908244873311,minmaxnorm
171,Q0,WSJ910408-0071,598,0.08749940016799941,minmaxnorm
171,Q0,WSJ881018-0207,599,0.0873349675355656,minmaxnorm
171,Q0,WSJ870417-0098,600,0.08728911841302482,minmaxnorm
171,Q0,WSJ910712-0152,601,0.08722024744440689,minmaxnorm
171,Q0,WSJ910703-0034,602,0.08718153391975128,minmaxnorm
171,Q0,WSJ870715-0073,603,0.08709214965855766,minmaxnorm
171,Q0,WSJ861231-0102,604,0.08709096996264533,minmaxnorm
171,Q0,WSJ910514-0067,605,0.08703588780449184,minmaxnorm
171,Q0,AP891004-0249,606,0.08700662028844784,minmaxnorm
171,Q0,WSJ890921-0074,607,0.08690345520766547,minmaxnorm
171,Q0,WSJ900710-0084,608,0.08687108482861637,minmaxnorm
171,Q0,WSJ870227-0009,609,0.08683932973080019,minmaxnorm
171,Q0,WSJ910306-0054,610,0.08643354755809003,minmaxnorm
171,Q0,WSJ881010-0086,611,0.08632056231235515,minmaxnorm
171,Q0,ZF207-931-076,612,0.08627837072970611,minmaxnorm
171,Q0,WSJ871005-0041,613,0.08618088179546517,minmaxnorm
171,Q0,WSJ910325-0153,614,0.08602037280744214,minmaxnorm
171,Q0,WSJ881116-0007,615,0.08584791511359394,minmaxnorm
171,Q0,AP880413-0250,616,0.08578301899096236,minmaxnorm
171,Q0,WSJ881005-0149,617,0.08577494249615215,minmaxnorm
171,Q0,WSJ910304-0060,618,0.08574773014805859,minmaxnorm
171,Q0,WSJ870520-0131,619,0.08568563917839511,minmaxnorm
171,Q0,WSJ891013-0111,620,0.08558199682675945,minmaxnorm
171,Q0,WSJ880108-0079,621,0.08555690889600734,minmaxnorm
171,Q0,WSJ910308-0040,622,0.08532810295401203,minmaxnorm
171,Q0,WSJ920304-0067,623,0.08515655360063078,minmaxnorm
171,Q0,WSJ870605-0097,624,0.08512259952916104,minmaxnorm
171,Q0,WSJ920107-0045,625,0.08490333764490932,minmaxnorm
171,Q0,WSJ920305-0135,626,0.08489586215060571,minmaxnorm
171,Q0,WSJ880325-0131,627,0.08485072828432773,minmaxnorm
171,Q0,WSJ891013-0007,628,0.0845760953485056,minmaxnorm
171,Q0,WSJ910628-0145,629,0.08450805176965329,minmaxnorm
171,Q0,WSJ881101-0103,630,0.08441069407072321,minmaxnorm
171,Q0,WSJ891020-0016,631,0.08423212075587116,minmaxnorm
171,Q0,WSJ881025-0062,632,0.08417054451485913,minmaxnorm
171,Q0,AP880316-0274,633,0.0841251410447799,minmaxnorm
171,Q0,ZF109-517-801,634,0.083990243823168,minmaxnorm
171,Q0,AP890916-0083,635,0.08368805494440264,minmaxnorm
171,Q0,WSJ871023-0108,636,0.08317733634525623,minmaxnorm
171,Q0,WSJ910920-0004,637,0.08299144708167912,minmaxnorm
171,Q0,WSJ920203-0088,638,0.08246005845734525,minmaxnorm
171,Q0,WSJ871030-0102,639,0.08230312638899873,minmaxnorm
171,Q0,WSJ911202-0103,640,0.08228118528244877,minmaxnorm
171,Q0,AP890106-0240,641,0.08223418429794982,minmaxnorm
171,Q0,WSJ880323-0128,642,0.08223075302465765,minmaxnorm
171,Q0,AP890906-0232,643,0.08190505543711657,minmaxnorm
171,Q0,WSJ880222-0135,644,0.08188918198198573,minmaxnorm
171,Q0,WSJ870720-0053,645,0.08179122738057237,minmaxnorm
171,Q0,WSJ880506-0113,646,0.08173763709701104,minmaxnorm
171,Q0,WSJ910315-0088,647,0.08164516602381837,minmaxnorm
171,Q0,WSJ900706-0017,648,0.08141089078519424,minmaxnorm
171,Q0,WSJ910613-0050,649,0.08138579010522692,minmaxnorm
171,Q0,WSJ900820-0110,650,0.08116800794570073,minmaxnorm
171,Q0,AP880928-0276,651,0.0810966965024982,minmaxnorm
171,Q0,WSJ910515-0094,652,0.08097879888163498,minmaxnorm
171,Q0,ZF109-446-827,653,0.08096455161125432,minmaxnorm
171,Q0,WSJ910711-0117,654,0.08093407661534288,minmaxnorm
171,Q0,FR89217-0007,655,0.08087578377099257,minmaxnorm
171,Q0,WSJ881109-0142,656,0.0808006409530153,minmaxnorm
171,Q0,WSJ881012-0151,657,0.08074548144470978,minmaxnorm
171,Q0,WSJ900402-0063,658,0.0807094291306702,minmaxnorm
171,Q0,WSJ910426-0098,659,0.08067267162014709,minmaxnorm
171,Q0,ZF109-584-991,660,0.0806316121244033,minmaxnorm
171,Q0,AP891103-0273,661,0.08060134220917982,minmaxnorm
171,Q0,WSJ870515-0119,662,0.08049623155406971,minmaxnorm
171,Q0,WSJ870928-0142,663,0.08037822171867705,minmaxnorm
171,Q0,WSJ880923-0051,664,0.08010130496447906,minmaxnorm
171,Q0,AP880301-0234,665,0.08000136606017834,minmaxnorm
171,Q0,WSJ880913-0072,666,0.07998134748975246,minmaxnorm
171,Q0,WSJ910430-0117,667,0.07998038162438822,minmaxnorm
171,Q0,WSJ881115-0067,668,0.07986208766480817,minmaxnorm
171,Q0,WSJ880414-0003,669,0.07978382770422686,minmaxnorm
171,Q0,WSJ891005-0041,670,0.07977894345385683,minmaxnorm
171,Q0,WSJ890919-0078,671,0.07956646091444777,minmaxnorm
171,Q0,WSJ910204-0117,672,0.07956445448011489,minmaxnorm
171,Q0,WSJ900404-0066,673,0.07945180703500472,minmaxnorm
171,Q0,WSJ910426-0017,674,0.07920690648743003,minmaxnorm
171,Q0,WSJ900504-0040,675,0.07895429610071925,minmaxnorm
171,Q0,AP880526-0259,676,0.07863738017239334,minmaxnorm
171,Q0,FR891013-0143,677,0.07856848695680628,minmaxnorm
171,Q0,AP890913-0045,678,0.07852928538859177,minmaxnorm
171,Q0,WSJ880426-0068,679,0.07850868302245,minmaxnorm
171,Q0,AP891103-0250,680,0.07844853294022379,minmaxnorm
171,Q0,WSJ870331-0089,681,0.07830933601328141,minmaxnorm
171,Q0,WSJ900927-0108,682,0.07801887403886124,minmaxnorm
171,Q0,AP890511-0240,683,0.07761081702054531,minmaxnorm
171,Q0,WSJ920117-0005,684,0.07757100040772061,minmaxnorm
171,Q0,AP890419-0215,685,0.07731769453187712,minmaxnorm
171,Q0,WSJ900423-0061,686,0.07729577507342272,minmaxnorm
171,Q0,WSJ920316-0136,687,0.077141035379733,minmaxnorm
171,Q0,AP880229-0020,688,0.07709039700660288,minmaxnorm
171,Q0,WSJ910726-0047,689,0.077081906469038,minmaxnorm
171,Q0,WSJ910411-0100,690,0.07689278737215767,minmaxnorm
171,Q0,WSJ910226-0146,691,0.0768029569236342,minmaxnorm
171,Q0,WSJ880420-0119,692,0.07672338415431043,minmaxnorm
171,Q0,WSJ920106-0047,693,0.07662448047771776,minmaxnorm
171,Q0,AP890427-0284,694,0.0766133278185856,minmaxnorm
171,Q0,WSJ880825-0052,695,0.07647052164202,minmaxnorm
171,Q0,WSJ891101-0162,696,0.07634592281473779,minmaxnorm
171,Q0,WSJ900517-0108,697,0.07617705031865446,minmaxnorm
171,Q0,WSJ900919-0057,698,0.07616655832315725,minmaxnorm
171,Q0,WSJ911121-0166,699,0.07613097949904891,minmaxnorm
171,Q0,WSJ910419-0072,700,0.07593025042362099,minmaxnorm
171,Q0,AP890927-0221,701,0.07574349319944063,minmaxnorm
171,Q0,WSJ911009-0083,702,0.07566290412938721,minmaxnorm
171,Q0,WSJ910117-0074,703,0.07558138770591424,minmaxnorm
171,Q0,WSJ880518-0048,704,0.07556593474613477,minmaxnorm
171,Q0,WSJ870120-0145,705,0.07535354028726915,minmaxnorm
171,Q0,WSJ910123-0007,706,0.07524908344976974,minmaxnorm
171,Q0,AP891005-0100,707,0.07521672511441099,minmaxnorm
171,Q0,WSJ911002-0084,708,0.07516826330074326,minmaxnorm
171,Q0,AP890501-0268,709,0.07507558549627956,minmaxnorm
171,Q0,WSJ910424-0049,710,0.07479298505126296,minmaxnorm
171,Q0,WSJ920123-0107,711,0.07467697787916934,minmaxnorm
171,Q0,AP880331-0026,712,0.07463357798465294,minmaxnorm
171,Q0,WSJ920117-0116,713,0.0745693448198693,minmaxnorm
171,Q0,WSJ890908-0086,714,0.07441255071825702,minmaxnorm
171,Q0,WSJ880627-0145,715,0.0741825940962411,minmaxnorm
171,Q0,WSJ911007-0128,716,0.07393753031585217,minmaxnorm
171,Q0,WSJ911220-0041,717,0.07392430231879604,minmaxnorm
171,Q0,WSJ870924-0038,718,0.07388975496238093,minmaxnorm
171,Q0,FR88223-0095,719,0.07383002658929146,minmaxnorm
171,Q0,ZF109-445-093,720,0.07369251979010741,minmaxnorm
171,Q0,AP890109-0295,721,0.07361895327521029,minmaxnorm
171,Q0,WSJ911022-0186,722,0.07355490867797718,minmaxnorm
171,Q0,AP891122-0225,723,0.07348621922966525,minmaxnorm
171,Q0,WSJ900622-0060,724,0.0732876772708157,minmaxnorm
171,Q0,WSJ920211-0166,725,0.07317911307322632,minmaxnorm
171,Q0,WSJ880219-0138,726,0.0731513817267027,minmaxnorm
171,Q0,AP890308-0223,727,0.07313463100456435,minmaxnorm
171,Q0,FR89814-0106,728,0.07295299016216028,minmaxnorm
171,Q0,WSJ900608-0088,729,0.07293280340896993,minmaxnorm
171,Q0,WSJ880323-0062,730,0.07283874247846277,minmaxnorm
171,Q0,WSJ910228-0094,731,0.07281545100512549,minmaxnorm
171,Q0,WSJ870504-0116,732,0.07265662608021517,minmaxnorm
171,Q0,WSJ870810-0044,733,0.0726307637623219,minmaxnorm
171,Q0,WSJ910404-0143,734,0.07259911413514651,minmaxnorm
171,Q0,WSJ910418-0103,735,0.07243296142904286,minmaxnorm
171,Q0,WSJ880205-0043,736,0.07237785555561285,minmaxnorm
171,Q0,WSJ870526-0091,737,0.07216247290817474,minmaxnorm
171,Q0,DOE2-29-0191,738,0.07210233791358699,minmaxnorm
171,Q0,WSJ880923-0164,739,0.07205470212066842,minmaxnorm
171,Q0,WSJ880210-0003,740,0.07196723164524103,minmaxnorm
171,Q0,WSJ870227-0013,741,0.0718780404883333,minmaxnorm
171,Q0,WSJ871113-0128,742,0.07185727867477118,minmaxnorm
171,Q0,WSJ911216-0022,743,0.07179237569698736,minmaxnorm
171,Q0,WSJ871231-0087,744,0.0717156996285014,minmaxnorm
171,Q0,WSJ900723-0084,745,0.07168573790551622,minmaxnorm
171,Q0,WSJ890921-0016,746,0.07167176043263987,minmaxnorm
171,Q0,WSJ861215-0088,747,0.07166064890855209,minmaxnorm
171,Q0,WSJ870615-0040,748,0.07159792078611875,minmaxnorm
171,Q0,FR89811-0021,749,0.07157869576047629,minmaxnorm
171,Q0,WSJ870415-0066,750,0.07154376186389265,minmaxnorm
171,Q0,WSJ910325-0099,751,0.07153059827862812,minmaxnorm
171,Q0,WSJ900613-0155,752,0.0713877613979566,minmaxnorm
171,Q0,WSJ900405-0165,753,0.07107602349858656,minmaxnorm
171,Q0,WSJ920131-0168,754,0.0706804938925612,minmaxnorm
171,Q0,WSJ870119-0068,755,0.07065747913084787,minmaxnorm
171,Q0,WSJ870622-0125,756,0.0706429664757366,minmaxnorm
171,Q0,AP880219-0253,757,0.07053362330705704,minmaxnorm
171,Q0,ZF109-554-241,758,0.07047413367702611,minmaxnorm
171,Q0,WSJ900613-0101,759,0.07026375768253426,minmaxnorm
171,Q0,WSJ920219-0048,760,0.07026140849297073,minmaxnorm
171,Q0,WSJ911105-0102,761,0.07017925795170561,minmaxnorm
171,Q0,WSJ871104-0077,762,0.07008013122875958,minmaxnorm
171,Q0,WSJ910207-0062,763,0.07004521698718023,minmaxnorm
171,Q0,WSJ920114-0090,764,0.06995698137278958,minmaxnorm
171,Q0,WSJ880412-0006,765,0.06984395955301019,minmaxnorm
171,Q0,WSJ890816-0120,766,0.06949020372990039,minmaxnorm
171,Q0,WSJ880108-0075,767,0.06941801919867721,minmaxnorm
171,Q0,WSJ891016-0083,768,0.06939882808913829,minmaxnorm
171,Q0,WSJ910716-0099,769,0.0693211076877644,minmaxnorm
171,Q0,WSJ870716-0012,770,0.06927453964220305,minmaxnorm
171,Q0,WSJ871230-0088,771,0.06901565111740406,minmaxnorm
171,Q0,WSJ880429-0003,772,0.06900568850699308,minmaxnorm
171,Q0,WSJ910724-0077,773,0.06893150304010852,minmaxnorm
171,Q0,FR89315-0084,774,0.06892862616535977,minmaxnorm
171,Q0,ZF108-565-290,775,0.06889947568165591,minmaxnorm
171,Q0,WSJ920106-0012,776,0.0688840708020447,minmaxnorm
171,Q0,WSJ870217-0047,777,0.06885285105048618,minmaxnorm
171,Q0,AP881221-0203,778,0.06885218605870913,minmaxnorm
171,Q0,WSJ910730-0033,779,0.06871059239172134,minmaxnorm
171,Q0,WSJ890811-0090,780,0.06863405973596272,minmaxnorm
171,Q0,WSJ880819-0081,781,0.06852759664046008,minmaxnorm
171,Q0,AP890922-0271,782,0.06842782125177724,minmaxnorm
171,Q0,WSJ861203-0182,783,0.06838229499577363,minmaxnorm
171,Q0,WSJ910130-0079,784,0.06837281953337297,minmaxnorm
171,Q0,AP881019-0227,785,0.06833463128486536,minmaxnorm
171,Q0,WSJ890905-0058,786,0.06826809199749022,minmaxnorm
171,Q0,WSJ870702-0108,787,0.06803926769548446,minmaxnorm
171,Q0,WSJ910516-0135,788,0.06788805812181908,minmaxnorm
171,Q0,AP880710-0016,789,0.0677882753904624,minmaxnorm
171,Q0,WSJ870706-0046,790,0.0677629910436044,minmaxnorm
171,Q0,FR88211-0122,791,0.06753675076825684,minmaxnorm
171,Q0,WSJ910430-0104,792,0.06746675883246578,minmaxnorm
171,Q0,WSJ910320-0078,793,0.06743060729871386,minmaxnorm
171,Q0,WSJ910206-0149,794,0.0673843096709471,minmaxnorm
171,Q0,AP890330-0230,795,0.06738161688703762,minmaxnorm
171,Q0,WSJ910812-0060,796,0.06734919768657247,minmaxnorm
171,Q0,WSJ900716-0083,797,0.06710341463378047,minmaxnorm
171,Q0,FR89221-0108,798,0.06709949284521641,minmaxnorm
171,Q0,WSJ910220-0077,799,0.06702405410108073,minmaxnorm
171,Q0,WSJ870617-0069,800,0.06665432861991154,minmaxnorm
171,Q0,WSJ911121-0040,801,0.06664319520990095,minmaxnorm
171,Q0,WSJ911008-0160,802,0.06649221561574,minmaxnorm
171,Q0,WSJ910828-0042,803,0.06645953452181359,minmaxnorm
171,Q0,WSJ880908-0073,804,0.06640289665367763,minmaxnorm
171,Q0,WSJ880921-0002,805,0.06638814539208517,minmaxnorm
171,Q0,WSJ920306-0059,806,0.06620838054943393,minmaxnorm
171,Q0,WSJ900705-0110,807,0.06610206737064969,minmaxnorm
171,Q0,WSJ911021-0056,808,0.06604977789655214,minmaxnorm
171,Q0,WSJ910107-0128,809,0.06602841672521056,minmaxnorm
171,Q0,WSJ871106-0069,810,0.06601086206283065,minmaxnorm
171,Q0,WSJ880512-0103,811,0.0660069271479006,minmaxnorm
171,Q0,WSJ900822-0011,812,0.06584326805147525,minmaxnorm
171,Q0,FR89301-0112,813,0.06573669208931553,minmaxnorm
171,Q0,WSJ880926-0065,814,0.06569639826173568,minmaxnorm
171,Q0,WSJ911220-0091,815,0.0656095536601177,minmaxnorm
171,Q0,AP890413-0268,816,0.06557443986343041,minmaxnorm
171,Q0,WSJ911203-0037,817,0.06531115912881161,minmaxnorm
171,Q0,WSJ870319-0053,818,0.06523710405810683,minmaxnorm
171,Q0,WSJ880104-0040,819,0.06511891876878065,minmaxnorm
171,Q0,WSJ911219-0036,820,0.0650905182201778,minmaxnorm
171,Q0,WSJ910116-0088,821,0.06509021569726876,minmaxnorm
171,Q0,WSJ910530-0153,822,0.06486432849695059,minmaxnorm
171,Q0,WSJ910607-0090,823,0.064838204755554,minmaxnorm
171,Q0,WSJ880428-0133,824,0.06475173019082806,minmaxnorm
171,Q0,WSJ911003-0087,825,0.06471649630343447,minmaxnorm
171,Q0,FR89329-0117,826,0.06454742878567721,minmaxnorm
171,Q0,WSJ880711-0085,827,0.06452391649143471,minmaxnorm
171,Q0,FR89227-0079,828,0.06425946112983535,minmaxnorm
171,Q0,WSJ871005-0092,829,0.06425885130814042,minmaxnorm
171,Q0,WSJ910801-0125,830,0.06403180588364235,minmaxnorm
171,Q0,WSJ880224-0094,831,0.06401110340251688,minmaxnorm
171,Q0,WSJ920305-0139,832,0.06400235056334294,minmaxnorm
171,Q0,WSJ890804-0139,833,0.0638789623617859,minmaxnorm
171,Q0,WSJ871009-0037,834,0.06373617891351105,minmaxnorm
171,Q0,FR89227-0080,835,0.06359773315336646,minmaxnorm
171,Q0,WSJ871110-0162,836,0.0635846947802533,minmaxnorm
171,Q0,ZF206-967-830,837,0.06350564495517323,minmaxnorm
171,Q0,WSJ910311-0090,838,0.06337572923038082,minmaxnorm
171,Q0,FR89227-0078,839,0.06335116640355938,minmaxnorm
171,Q0,WSJ870810-0068,840,0.06325041940143915,minmaxnorm
171,Q0,WSJ910205-0056,841,0.0632358882907428,minmaxnorm
171,Q0,WSJ910225-0165,842,0.06312790607061972,minmaxnorm
171,Q0,WSJ871016-0004,843,0.06308462422108178,minmaxnorm
171,Q0,WSJ880902-0054,844,0.06300871823971524,minmaxnorm
171,Q0,FR88115-0101,845,0.06291497054182382,minmaxnorm
171,Q0,WSJ890918-0136,846,0.06281655006090117,minmaxnorm
171,Q0,WSJ861201-0015,847,0.06269548557572882,minmaxnorm
171,Q0,WSJ910131-0057,848,0.06265342365637738,minmaxnorm
171,Q0,WSJ920302-0087,849,0.06249137652229194,minmaxnorm
171,Q0,WSJ910904-0021,850,0.062465007559068766,minmaxnorm
171,Q0,WSJ880426-0081,851,0.0624494689279321,minmaxnorm
171,Q0,WSJ891009-0036,852,0.06243983779269213,minmaxnorm
171,Q0,AP891101-0237,853,0.06242176838746071,minmaxnorm
171,Q0,FR89726-0092,854,0.06235852395640568,minmaxnorm
171,Q0,AP890126-0095,855,0.06226797918124882,minmaxnorm
171,Q0,WSJ920221-0195,856,0.06225448326515903,minmaxnorm
171,Q0,AP880430-0178,857,0.06224971406275519,minmaxnorm
171,Q0,WSJ900727-0163,858,0.062244598161326346,minmaxnorm
171,Q0,WSJ910212-0117,859,0.06211676242796535,minmaxnorm
171,Q0,AP880928-0242,860,0.061831494165641106,minmaxnorm
171,Q0,AP891019-0156,861,0.061806159693138865,minmaxnorm
171,Q0,WSJ910215-0061,862,0.06174294362712548,minmaxnorm
171,Q0,WSJ910311-0001,863,0.06171010128616416,minmaxnorm
171,Q0,WSJ881116-0109,864,0.06159551304585287,minmaxnorm
171,Q0,AP890926-0272,865,0.06152619244756753,minmaxnorm
171,Q0,WSJ890808-0110,866,0.061455588119697084,minmaxnorm
171,Q0,WSJ870826-0102,867,0.06143886359005268,minmaxnorm
171,Q0,WSJ861222-0185,868,0.0613680919765198,minmaxnorm
171,Q0,WSJ910905-0155,869,0.06124151188040465,minmaxnorm
171,Q0,WSJ861222-0193,870,0.061233452560386564,minmaxnorm
171,Q0,WSJ880407-0119,871,0.06123260125058542,minmaxnorm
171,Q0,AP880502-0084,872,0.06112174543014047,minmaxnorm
171,Q0,WSJ920207-0060,873,0.061084862160093886,minmaxnorm
171,Q0,WSJ910801-0070,874,0.06105080392222289,minmaxnorm
171,Q0,AP890125-0245,875,0.06093790378326848,minmaxnorm
171,Q0,WSJ870209-0022,876,0.060894416194644155,minmaxnorm
171,Q0,AP880802-0272,877,0.060659242287233364,minmaxnorm
171,Q0,FR89626-0122,878,0.060588668734447806,minmaxnorm
171,Q0,WSJ920210-0126,879,0.060566332361538334,minmaxnorm
171,Q0,AP890712-0194,880,0.0604681046006134,minmaxnorm
171,Q0,WSJ880411-0002,881,0.06038106263066227,minmaxnorm
171,Q0,FR88830-0111,882,0.06025201354411785,minmaxnorm
171,Q0,WSJ870227-0039,883,0.06022342752242498,minmaxnorm
171,Q0,WSJ880111-0124,884,0.06010592562171047,minmaxnorm
171,Q0,WSJ881028-0165,885,0.060100216334719056,minmaxnorm
171,Q0,WSJ870223-0011,886,0.060097389091685174,minmaxnorm
171,Q0,FR89131-0018,887,0.05988882625000925,minmaxnorm
171,Q0,WSJ891020-0160,888,0.059830392150717074,minmaxnorm
171,Q0,WSJ920220-0003,889,0.05970576532497872,minmaxnorm
171,Q0,WSJ910703-0122,890,0.05965110165660229,minmaxnorm
171,Q0,FR89706-0119,891,0.059609631074673736,minmaxnorm
171,Q0,WSJ911029-0149,892,0.059440677735953754,minmaxnorm
171,Q0,FR891121-0034,893,0.05940082138342171,minmaxnorm
171,Q0,WSJ920303-0129,894,0.05926266285646069,minmaxnorm
171,Q0,WSJ900807-0055,895,0.05925400111192609,minmaxnorm
171,Q0,FR89130-0096,896,0.05915121857106658,minmaxnorm
171,Q0,WSJ871020-0012,897,0.0591053199377926,minmaxnorm
171,Q0,WSJ910726-0119,898,0.05909857474575946,minmaxnorm
171,Q0,FR88829-0111,899,0.05890528993101495,minmaxnorm
171,Q0,WSJ911227-0071,900,0.058803904000525584,minmaxnorm
171,Q0,WSJ891002-0093,901,0.05878422126720429,minmaxnorm
171,Q0,WSJ891102-0070,902,0.05870326982499156,minmaxnorm
171,Q0,WSJ880526-0119,903,0.05844369301903689,minmaxnorm
171,Q0,WSJ910605-0045,904,0.058441956881596785,minmaxnorm
171,Q0,WSJ871211-0011,905,0.0583685851598959,minmaxnorm
171,Q0,WSJ900620-0125,906,0.0582816379214546,minmaxnorm
171,Q0,AP890104-0211,907,0.05823511925786477,minmaxnorm
171,Q0,WSJ910802-0133,908,0.05822769294473402,minmaxnorm
171,Q0,WSJ880211-0122,909,0.058041211147164595,minmaxnorm
171,Q0,WSJ910708-0052,910,0.05767826093986626,minmaxnorm
171,Q0,WSJ910320-0135,911,0.05765997622212756,minmaxnorm
171,Q0,AP890712-0223,912,0.057599424167208695,minmaxnorm
171,Q0,WSJ870102-0033,913,0.05759380460923603,minmaxnorm
171,Q0,WSJ871022-0093,914,0.05721499297852107,minmaxnorm
171,Q0,WSJ881114-0165,915,0.05698369425121068,minmaxnorm
171,Q0,WSJ880808-0045,916,0.05690541796720057,minmaxnorm
171,Q0,WSJ890802-0068,917,0.05685597752062783,minmaxnorm
171,Q0,WSJ880504-0137,918,0.05671599445038517,minmaxnorm
171,Q0,WSJ871211-0038,919,0.056543686955908445,minmaxnorm
171,Q0,ZF207-321-789,920,0.05653061396373088,minmaxnorm
171,Q0,WSJ890821-0136,921,0.05649773451035997,minmaxnorm
171,Q0,WSJ891016-0160,922,0.05647640464711557,minmaxnorm
171,Q0,WSJ910606-0121,923,0.05630956328642164,minmaxnorm
171,Q0,FR88816-0094,924,0.05630537372586065,minmaxnorm
171,Q0,WSJ910114-0029,925,0.05615452105318645,minmaxnorm
171,Q0,WSJ910702-0167,926,0.0559071313234618,minmaxnorm
171,Q0,WSJ911101-0090,927,0.05584039970043341,minmaxnorm
171,Q0,WSJ881024-0092,928,0.05576323947786996,minmaxnorm
171,Q0,WSJ900413-0111,929,0.05565915150200222,minmaxnorm
171,Q0,WSJ880122-0105,930,0.055476385974216225,minmaxnorm
171,Q0,WSJ920108-0049,931,0.05543765861362636,minmaxnorm
171,Q0,WSJ900503-0112,932,0.055378011101164734,minmaxnorm
171,Q0,WSJ870223-0099,933,0.05520527959385627,minmaxnorm
171,Q0,WSJ910830-0121,934,0.0551398040888704,minmaxnorm
171,Q0,WSJ880113-0105,935,0.05511563585690649,minmaxnorm
171,Q0,FR88616-0007,936,0.054972835810307034,minmaxnorm
171,Q0,WSJ890922-0071,937,0.054964126598669755,minmaxnorm
171,Q0,WSJ910510-0039,938,0.054855952343862736,minmaxnorm
171,Q0,AP890320-0024,939,0.0544887579591637,minmaxnorm
171,Q0,WSJ870107-0056,940,0.0543802424664111,minmaxnorm
171,Q0,AP880601-0275,941,0.05423722415243889,minmaxnorm
171,Q0,WSJ861208-0010,942,0.05418934227875307,minmaxnorm
171,Q0,WSJ871030-0028,943,0.054155730783512886,minmaxnorm
171,Q0,ZF207-348-877,944,0.05399955416573035,minmaxnorm
171,Q0,WSJ910313-0170,945,0.053993101372237645,minmaxnorm
171,Q0,WSJ880819-0036,946,0.053795985004035166,minmaxnorm
171,Q0,WSJ910322-0106,947,0.05377317180537536,minmaxnorm
171,Q0,FR89404-0093,948,0.05372861842422627,minmaxnorm
171,Q0,AP890918-0029,949,0.05363558740477364,minmaxnorm
171,Q0,WSJ900409-0053,950,0.05362904571812068,minmaxnorm
171,Q0,WSJ900417-0056,951,0.05329643733751588,minmaxnorm
171,Q0,WSJ880106-0093,952,0.05328933682639686,minmaxnorm
171,Q0,FR88127-0108,953,0.05325759077325095,minmaxnorm
171,Q0,WSJ870102-0009,954,0.05318498121734472,minmaxnorm
171,Q0,WSJ900801-0083,955,0.05311229262708918,minmaxnorm
171,Q0,WSJ920130-0061,956,0.0530105176480145,minmaxnorm
171,Q0,WSJ910422-0055,957,0.0529173423634965,minmaxnorm
171,Q0,AP890802-0226,958,0.0528277554907848,minmaxnorm
171,Q0,WSJ871020-0005,959,0.052734097645835816,minmaxnorm
171,Q0,WSJ900418-0086,960,0.05251139359795785,minmaxnorm
171,Q0,WSJ910718-0163,961,0.05245198183870921,minmaxnorm
171,Q0,WSJ910820-0116,962,0.05244945019118183,minmaxnorm
171,Q0,WSJ910327-0036,963,0.05230457789939185,minmaxnorm
171,Q0,FR88216-0009,964,0.052091427532869015,minmaxnorm
171,Q0,WSJ900801-0089,965,0.05208641943022928,minmaxnorm
171,Q0,FR891019-0096,966,0.05206111488128582,minmaxnorm
171,Q0,WSJ920131-0077,967,0.05204206130418512,minmaxnorm
171,Q0,WSJ871021-0071,968,0.05202664259079214,minmaxnorm
171,Q0,WSJ880118-0030,969,0.051897325875590386,minmaxnorm
171,Q0,ZF207-931-266,970,0.05180932774875552,minmaxnorm
171,Q0,WSJ891031-0063,971,0.051744721983975936,minmaxnorm
171,Q0,WSJ881026-0056,972,0.0517349086537898,minmaxnorm
171,Q0,WSJ900913-0071,973,0.0517096388563795,minmaxnorm
171,Q0,WSJ911209-0072,974,0.051678354802418655,minmaxnorm
171,Q0,AP890705-0176,975,0.05161281602040897,minmaxnorm
171,Q0,WSJ880411-0006,976,0.051551086199883134,minmaxnorm
171,Q0,WSJ920131-0128,977,0.051455786256081736,minmaxnorm
171,Q0,WSJ920227-0001,978,0.05133800007037527,minmaxnorm
171,Q0,WSJ920106-0109,979,0.05133359987257025,minmaxnorm
171,Q0,WSJ910816-0120,980,0.05132513724387532,minmaxnorm
171,Q0,WSJ900620-0057,981,0.05124229573253776,minmaxnorm
171,Q0,WSJ910827-0037,982,0.05108792082399804,minmaxnorm
171,Q0,WSJ870227-0006,983,0.0510621855229493,minmaxnorm
171,Q0,WSJ880913-0117,984,0.05082116184231653,minmaxnorm
171,Q0,WSJ910318-0049,985,0.05081133414157242,minmaxnorm
171,Q0,WSJ910822-0058,986,0.05078528625454745,minmaxnorm
171,Q0,WSJ881005-0091,987,0.05078502470802849,minmaxnorm
171,Q0,WSJ920106-0104,988,0.0507151764860668,minmaxnorm
171,Q0,WSJ891020-0125,989,0.050699590516321634,minmaxnorm
171,Q0,WSJ890925-0146,990,0.05068570868709977,minmaxnorm
171,Q0,WSJ880517-0095,991,0.05066623395152465,minmaxnorm
171,Q0,WSJ881020-0032,992,0.05066393415140074,minmaxnorm
171,Q0,FR88211-0009,993,0.05061471715933588,minmaxnorm
171,Q0,WSJ911227-0102,994,0.05059486209389155,minmaxnorm
171,Q0,WSJ870724-0084,995,0.05043203878144899,minmaxnorm
171,Q0,WSJ880927-0179,996,0.05040852163605925,minmaxnorm
171,Q0,WSJ890901-0096,997,0.050270739656656974,minmaxnorm
171,Q0,WSJ910823-0165,998,0.05024123903024896,minmaxnorm
171,Q0,WSJ920108-0002,999,0.05017646844675211,minmaxnorm
171,Q0,AP890202-0270,1000,0.05015660939753241,minmaxnorm
173,Q0,AP890914-0237,1,0.21742841270422422,minmaxnorm
173,Q0,WSJ890804-0159,2,0.21684213758700738,minmaxnorm
173,Q0,WSJ900625-0142,3,0.2166220629278415,minmaxnorm
173,Q0,WSJ870423-0142,4,0.21560275686090194,minmaxnorm
173,Q0,AP890109-0107,5,0.2132095772057663,minmaxnorm
173,Q0,AP890710-0065,6,0.21134255748116257,minmaxnorm
173,Q0,AP890622-0209,7,0.2073190573348944,minmaxnorm
173,Q0,WSJ870210-0077,8,0.20518936847797795,minmaxnorm
173,Q0,AP880425-0113,9,0.20240102216374134,minmaxnorm
173,Q0,WSJ890918-0079,10,0.20230846247659723,minmaxnorm
173,Q0,AP890621-0030,11,0.20128913399352208,minmaxnorm
173,Q0,AP880629-0032,12,0.2006206364333081,minmaxnorm
173,Q0,WSJ870807-0097,13,0.19804579829418734,minmaxnorm
173,Q0,WSJ880601-0013,14,0.1968809851778967,minmaxnorm
173,Q0,WSJ870625-0069,15,0.19305291214301587,minmaxnorm
173,Q0,AP890729-0018,16,0.19261316393601088,minmaxnorm
173,Q0,AP880525-0292,17,0.19193603276429702,minmaxnorm
173,Q0,AP891225-0050,18,0.1905236412249909,minmaxnorm
173,Q0,AP890802-0156,19,0.1901841052750737,minmaxnorm
173,Q0,AP880304-0104,20,0.19000160824532625,minmaxnorm
173,Q0,AP891101-0170,21,0.18979314134770967,minmaxnorm
173,Q0,AP891205-0033,22,0.1895991109124591,minmaxnorm
173,Q0,AP890108-0029,23,0.18855740893046402,minmaxnorm
173,Q0,AP890618-0050,24,0.18839358809754359,minmaxnorm
173,Q0,AP890706-0114,25,0.18822654209903408,minmaxnorm
173,Q0,WSJ871030-0062,26,0.18810744132070945,minmaxnorm
173,Q0,AP890914-0175,27,0.18669033822858616,minmaxnorm
173,Q0,AP881109-0027,28,0.1863106192396167,minmaxnorm
173,Q0,AP881111-0204,29,0.18599570818052633,minmaxnorm
173,Q0,WSJ920116-0023,30,0.1859224610197269,minmaxnorm
173,Q0,WSJ880324-0019,31,0.1858405115929467,minmaxnorm
173,Q0,WSJ900411-0093,32,0.1857252096447132,minmaxnorm
173,Q0,AP890913-0287,33,0.18540994935603797,minmaxnorm
173,Q0,AP890920-0105,34,0.18509911376668822,minmaxnorm
173,Q0,WSJ900626-0118,35,0.18461713791408624,minmaxnorm
173,Q0,WSJ880421-0062,36,0.1835510023337181,minmaxnorm
173,Q0,WSJ870130-0145,37,0.182799944520219,minmaxnorm
173,Q0,WSJ880309-0100,38,0.18270809580778002,minmaxnorm
173,Q0,AP891105-0099,39,0.18268578883375697,minmaxnorm
173,Q0,FR89526-0012,40,0.18219648485819742,minmaxnorm
173,Q0,AP890907-0080,41,0.18138825743049236,minmaxnorm
173,Q0,WSJ870303-0025,42,0.1813870502811976,minmaxnorm
173,Q0,AP890803-0034,43,0.18124862226210067,minmaxnorm
173,Q0,AP890913-0142,44,0.18119729186984887,minmaxnorm
173,Q0,AP880422-0036,45,0.1804878350794754,minmaxnorm
173,Q0,FR89815-0047,46,0.18017091828666346,minmaxnorm
173,Q0,WSJ870715-0016,47,0.1795317219469557,minmaxnorm
173,Q0,AP880421-0303,48,0.1791060278897628,minmaxnorm
173,Q0,WSJ870209-0086,49,0.1786038054707794,minmaxnorm
173,Q0,WSJ870714-0002,50,0.17708875042455857,minmaxnorm
173,Q0,WSJ880721-0115,51,0.17697566243777108,minmaxnorm
173,Q0,WSJ880630-0019,52,0.17652450491472235,minmaxnorm
173,Q0,AP880324-0145,53,0.17651145503511795,minmaxnorm
173,Q0,WSJ910718-0089,54,0.17640938778367196,minmaxnorm
173,Q0,AP880404-0162,55,0.17615613683842923,minmaxnorm
173,Q0,AP890803-0210,56,0.17587159034749497,minmaxnorm
173,Q0,AP890909-0074,57,0.1757908583461852,minmaxnorm
173,Q0,AP891110-0021,58,0.1751116276858004,minmaxnorm
173,Q0,WSJ870814-0121,59,0.17485214844935548,minmaxnorm
173,Q0,AP880222-0112,60,0.1748237768484006,minmaxnorm
173,Q0,AP880303-0006,61,0.17464920528777517,minmaxnorm
173,Q0,AP880629-0179,62,0.1742035021261479,minmaxnorm
173,Q0,AP881002-0036,63,0.17412201705056476,minmaxnorm
173,Q0,AP881125-0005,64,0.1739596256400882,minmaxnorm
173,Q0,WSJ880816-0020,65,0.173739179424267,minmaxnorm
173,Q0,WSJ900919-0077,66,0.1735022084670249,minmaxnorm
173,Q0,AP880301-0217,67,0.1734990731696401,minmaxnorm
173,Q0,WSJ880721-0022,68,0.1731391732047328,minmaxnorm
173,Q0,AP890306-0033,69,0.17293391656051552,minmaxnorm
173,Q0,AP880411-0141,70,0.17267035879429646,minmaxnorm
173,Q0,AP880516-0096,71,0.17238877377885,minmaxnorm
173,Q0,AP890915-0019,72,0.17225376113158217,minmaxnorm
173,Q0,AP880927-0015,73,0.17210407995562604,minmaxnorm
173,Q0,AP890530-0139,74,0.17204790807402148,minmaxnorm
173,Q0,AP880516-0176,75,0.1719504366798345,minmaxnorm
173,Q0,AP890208-0190,76,0.1719229863166436,minmaxnorm
173,Q0,AP880721-0095,77,0.1716577929309476,minmaxnorm
173,Q0,WSJ870921-0172,78,0.17156396448955244,minmaxnorm
173,Q0,WSJ880513-0093,79,0.17133551884072737,minmaxnorm
173,Q0,AP880724-0046,80,0.17129411283597196,minmaxnorm
173,Q0,AP880427-0186,81,0.17117269161191379,minmaxnorm
173,Q0,WSJ870917-0032,82,0.17116667618752038,minmaxnorm
173,Q0,WSJ870423-0131,83,0.17091546274365874,minmaxnorm
173,Q0,AP890914-0257,84,0.17054368200163164,minmaxnorm
173,Q0,AP890119-0134,85,0.17041540002213074,minmaxnorm
173,Q0,WSJ880802-0026,86,0.17010948260167974,minmaxnorm
173,Q0,AP880411-0250,87,0.16998838876389216,minmaxnorm
173,Q0,AP891110-0136,88,0.16971719913639452,minmaxnorm
173,Q0,AP890307-0195,89,0.16954803503300467,minmaxnorm
173,Q0,AP880625-0118,90,0.1691647007670033,minmaxnorm
173,Q0,AP890725-0146,91,0.16878978329810354,minmaxnorm
173,Q0,WSJ880406-0014,92,0.1684355664316299,minmaxnorm
173,Q0,AP890907-0167,93,0.1680197459948984,minmaxnorm
173,Q0,AP881007-0034,94,0.16796661088956313,minmaxnorm
173,Q0,WSJ880826-0015,95,0.16723475695363466,minmaxnorm
173,Q0,AP891017-0022,96,0.16675859290689915,minmaxnorm
173,Q0,AP891016-0298,97,0.16626786910757463,minmaxnorm
173,Q0,WSJ870303-0163,98,0.16624732947261225,minmaxnorm
173,Q0,AP880501-0083,99,0.1661729822095006,minmaxnorm
173,Q0,WSJ890919-0162,100,0.16569539026238128,minmaxnorm
173,Q0,AP890119-0300,101,0.1652334183696383,minmaxnorm
173,Q0,WSJ870330-0031,102,0.16488849485530446,minmaxnorm
173,Q0,WSJ871127-0055,103,0.16469193201382504,minmaxnorm
173,Q0,WSJ920115-0027,104,0.1643617516787521,minmaxnorm
173,Q0,WSJ900612-0099,105,0.1640339125502823,minmaxnorm
173,Q0,AP880629-0319,106,0.16393281484272576,minmaxnorm
173,Q0,WSJ890803-0029,107,0.16380198414268032,minmaxnorm
173,Q0,AP880603-0173,108,0.16351959140190409,minmaxnorm
173,Q0,AP880728-0105,109,0.16325986561541617,minmaxnorm
173,Q0,WSJ880531-0036,110,0.1631872403539285,minmaxnorm
173,Q0,AP890725-0216,111,0.16277312721006418,minmaxnorm
173,Q0,WSJ880606-0090,112,0.16276626737305358,minmaxnorm
173,Q0,WSJ871231-0120,113,0.16274218175224947,minmaxnorm
173,Q0,WSJ870923-0009,114,0.16242866746541107,minmaxnorm
173,Q0,AP880709-0007,115,0.16235324956334846,minmaxnorm
173,Q0,AP880222-0267,116,0.162158436204242,minmaxnorm
173,Q0,AP890305-0072,117,0.16168424939008158,minmaxnorm
173,Q0,WSJ890908-0088,118,0.1615254683953079,minmaxnorm
173,Q0,AP880323-0198,119,0.1613786809214705,minmaxnorm
173,Q0,AP880801-0075,120,0.16096071601474296,minmaxnorm
173,Q0,AP890110-0009,121,0.16068576417201882,minmaxnorm
173,Q0,AP880603-0119,122,0.16038615864845754,minmaxnorm
173,Q0,AP880324-0305,123,0.1597721627699837,minmaxnorm
173,Q0,AP880502-0104,124,0.15903673312810326,minmaxnorm
173,Q0,AP890208-0095,125,0.15901822537320143,minmaxnorm
173,Q0,WSJ910516-0076,126,0.15871148018466644,minmaxnorm
173,Q0,WSJ861205-0170,127,0.15868538185775072,minmaxnorm
173,Q0,AP890502-0252,128,0.15842744040361467,minmaxnorm
173,Q0,WSJ900531-0158,129,0.15823656815911047,minmaxnorm
173,Q0,WSJ870219-0034,130,0.15819119982888277,minmaxnorm
173,Q0,WSJ870305-0022,131,0.15776960935908332,minmaxnorm
173,Q0,AP880323-0276,132,0.15772983511770855,minmaxnorm
173,Q0,WSJ910605-0010,133,0.15748994048974596,minmaxnorm
173,Q0,WSJ890831-0014,134,0.15746938246363734,minmaxnorm
173,Q0,WSJ871224-0036,135,0.15711196772006633,minmaxnorm
173,Q0,AP891025-0272,136,0.15656887518754106,minmaxnorm
173,Q0,WSJ900608-0150,137,0.15620542483340694,minmaxnorm
173,Q0,WSJ911007-0004,138,0.15577209665763636,minmaxnorm
173,Q0,AP880622-0272,139,0.15570298473826602,minmaxnorm
173,Q0,AP891115-0152,140,0.15555363037206504,minmaxnorm
173,Q0,AP880324-0098,141,0.15532756522757607,minmaxnorm
173,Q0,AP880223-0053,142,0.1545415795461653,minmaxnorm
173,Q0,AP880526-0097,143,0.1537795296360774,minmaxnorm
173,Q0,WSJ910904-0104,144,0.1537045400553414,minmaxnorm
173,Q0,AP880323-0301,145,0.1536781804072659,minmaxnorm
173,Q0,WSJ910729-0082,146,0.1536395248587712,minmaxnorm
173,Q0,WSJ861217-0117,147,0.15346436384990797,minmaxnorm
173,Q0,AP880217-0165,148,0.15343667516306078,minmaxnorm
173,Q0,WSJ870527-0134,149,0.15331149785201018,minmaxnorm
173,Q0,AP880713-0136,150,0.15287036259523445,minmaxnorm
173,Q0,WSJ890915-0031,151,0.15239281580403116,minmaxnorm
173,Q0,AP881109-0201,152,0.15232761023206334,minmaxnorm
173,Q0,WSJ870511-0123,153,0.1521413593323463,minmaxnorm
173,Q0,AP890105-0255,154,0.15206235701275003,minmaxnorm
173,Q0,AP890603-0027,155,0.15128628014907014,minmaxnorm
173,Q0,WSJ880411-0047,156,0.15091940378197252,minmaxnorm
173,Q0,AP890517-0142,157,0.1507378704917992,minmaxnorm
173,Q0,AP890207-0107,158,0.1506736770646492,minmaxnorm
173,Q0,WSJ900607-0113,159,0.15063761282520322,minmaxnorm
173,Q0,WSJ880302-0099,160,0.15058545978905274,minmaxnorm
173,Q0,AP890330-0213,161,0.1505695813671402,minmaxnorm
173,Q0,WSJ871002-0041,162,0.15054869915819985,minmaxnorm
173,Q0,WSJ880606-0084,163,0.15047417515165362,minmaxnorm
173,Q0,AP881121-0151,164,0.1496437777049093,minmaxnorm
173,Q0,AP881026-0220,165,0.14920748951555984,minmaxnorm
173,Q0,WSJ910801-0035,166,0.14919284484441162,minmaxnorm
173,Q0,AP881226-0137,167,0.14881109029431622,minmaxnorm
173,Q0,WSJ870227-0160,168,0.1481769675947799,minmaxnorm
173,Q0,WSJ880902-0017,169,0.14772913748534838,minmaxnorm
173,Q0,AP880513-0194,170,0.14768264290231317,minmaxnorm
173,Q0,AP880422-0305,171,0.14762306189015068,minmaxnorm
173,Q0,AP880303-0163,172,0.14720695183675553,minmaxnorm
173,Q0,AP890221-0019,173,0.1472001507518148,minmaxnorm
173,Q0,WSJ910705-0073,174,0.14714507405624,minmaxnorm
173,Q0,WSJ861230-0008,175,0.14687903969306798,minmaxnorm
173,Q0,WSJ891017-0056,176,0.14674539273037243,minmaxnorm
173,Q0,AP891108-0064,177,0.14569549525478026,minmaxnorm
173,Q0,AP891101-0057,178,0.14551265173378847,minmaxnorm
173,Q0,AP880919-0011,179,0.14500462828731472,minmaxnorm
173,Q0,WSJ890914-0084,180,0.144985738282514,minmaxnorm
173,Q0,WSJ880804-0127,181,0.14495844749862136,minmaxnorm
173,Q0,WSJ900607-0039,182,0.14446553126448292,minmaxnorm
173,Q0,AP880423-0193,183,0.14431941849540245,minmaxnorm
173,Q0,DOE1-34-0148,184,0.14399494480171304,minmaxnorm
173,Q0,WSJ880404-0069,185,0.14319581660117864,minmaxnorm
173,Q0,AP880410-0080,186,0.14298096970556864,minmaxnorm
173,Q0,AP890719-0265,187,0.142734041760953,minmaxnorm
173,Q0,AP881104-0254,188,0.14250630724212188,minmaxnorm
173,Q0,AP890306-0115,189,0.14246989386290984,minmaxnorm
173,Q0,AP880410-0081,190,0.14219865551286734,minmaxnorm
173,Q0,AP890301-0238,191,0.1421041676846054,minmaxnorm
173,Q0,AP880521-0203,192,0.1419330537120818,minmaxnorm
173,Q0,AP880502-0069,193,0.14172833051839914,minmaxnorm
173,Q0,AP880505-0034,194,0.1417272684585436,minmaxnorm
173,Q0,AP880422-0045,195,0.14106224965767905,minmaxnorm
173,Q0,WSJ890804-0034,196,0.1407146645830088,minmaxnorm
173,Q0,AP880423-0126,197,0.14026949836860392,minmaxnorm
173,Q0,WSJ911101-0170,198,0.1396984600873009,minmaxnorm
173,Q0,WSJ900612-0127,199,0.13900165785253213,minmaxnorm
173,Q0,WSJ880211-0012,200,0.13892859101243166,minmaxnorm
173,Q0,WSJ900906-0113,201,0.13834975000624972,minmaxnorm
173,Q0,WSJ900522-0072,202,0.138173934251184,minmaxnorm
173,Q0,AP891115-0179,203,0.13801575008707176,minmaxnorm
173,Q0,WSJ900524-0066,204,0.13773735319526592,minmaxnorm
173,Q0,WSJ900529-0132,205,0.13716695576689159,minmaxnorm
173,Q0,AP890308-0038,206,0.1371653552405683,minmaxnorm
173,Q0,AP890729-0143,207,0.13702479542741203,minmaxnorm
173,Q0,AP880301-0216,208,0.13699814073180183,minmaxnorm
173,Q0,AP880416-0136,209,0.13676938582885118,minmaxnorm
173,Q0,AP880514-0036,210,0.13645807085871514,minmaxnorm
173,Q0,WSJ870217-0073,211,0.13602357280924815,minmaxnorm
173,Q0,WSJ870723-0055,212,0.135874194026742,minmaxnorm
173,Q0,WSJ880721-0133,213,0.135319150631828,minmaxnorm
173,Q0,AP880421-0268,214,0.13526463228929725,minmaxnorm
173,Q0,AP890316-0106,215,0.13516822758241853,minmaxnorm
173,Q0,WSJ861208-0038,216,0.1349434535911277,minmaxnorm
173,Q0,WSJ870420-0033,217,0.13491298362889403,minmaxnorm
173,Q0,WSJ880629-0024,218,0.13465256523057492,minmaxnorm
173,Q0,AP881006-0090,219,0.13457694345639462,minmaxnorm
173,Q0,AP880422-0320,220,0.1342715694239101,minmaxnorm
173,Q0,AP880324-0177,221,0.13390274333905391,minmaxnorm
173,Q0,AP880407-0163,222,0.13373744849328476,minmaxnorm
173,Q0,WSJ880606-0024,223,0.13363193249223945,minmaxnorm
173,Q0,AP880406-0237,224,0.1332737258667407,minmaxnorm
173,Q0,WSJ920205-0084,225,0.13319619366400312,minmaxnorm
173,Q0,AP881123-0039,226,0.1330961870881558,minmaxnorm
173,Q0,WSJ890725-0123,227,0.13213477823839742,minmaxnorm
173,Q0,AP880725-0066,228,0.1321313713135239,minmaxnorm
173,Q0,AP891103-0277,229,0.13204583368481945,minmaxnorm
173,Q0,DOE2-51-0909,230,0.13189324321671703,minmaxnorm
173,Q0,WSJ880616-0147,231,0.13142655894466665,minmaxnorm
173,Q0,WSJ880517-0107,232,0.13076461336550893,minmaxnorm
173,Q0,AP880828-0038,233,0.13068613746143012,minmaxnorm
173,Q0,AP880518-0178,234,0.1303369377035659,minmaxnorm
173,Q0,WSJ911022-0075,235,0.1303277010174137,minmaxnorm
173,Q0,WSJ900517-0073,236,0.13020349789994526,minmaxnorm
173,Q0,AP880329-0044,237,0.13010114102676668,minmaxnorm
173,Q0,DOE1-34-0149,238,0.13004702558750514,minmaxnorm
173,Q0,AP880513-0096,239,0.12957518432246942,minmaxnorm
173,Q0,AP880407-0010,240,0.12928568966762655,minmaxnorm
173,Q0,WSJ891101-0036,241,0.12892126573449728,minmaxnorm
173,Q0,WSJ920130-0121,242,0.12885199034706654,minmaxnorm
173,Q0,AP881109-0112,243,0.1287002383899259,minmaxnorm
173,Q0,WSJ910326-0139,244,0.1283675133155378,minmaxnorm
173,Q0,WSJ870911-0007,245,0.1281128787111144,minmaxnorm
173,Q0,AP891101-0272,246,0.12799852342538712,minmaxnorm
173,Q0,WSJ900503-0007,247,0.12778217496251526,minmaxnorm
173,Q0,AP890615-0221,248,0.12765510849898293,minmaxnorm
173,Q0,AP890913-0308,249,0.12765326386577203,minmaxnorm
173,Q0,WSJ920108-0092,250,0.12750296175814774,minmaxnorm
173,Q0,AP890122-0067,251,0.12730867352112138,minmaxnorm
173,Q0,WSJ871019-0110,252,0.12728098906147248,minmaxnorm
173,Q0,AP890914-0282,253,0.12723426626043235,minmaxnorm
173,Q0,FR891006-0067,254,0.12720505788090275,minmaxnorm
173,Q0,AP890127-0120,255,0.12716405945793852,minmaxnorm
173,Q0,WSJ870429-0123,256,0.12693333225330478,minmaxnorm
173,Q0,AP890922-0163,257,0.1268957869852032,minmaxnorm
173,Q0,WSJ880114-0087,258,0.126765867367997,minmaxnorm
173,Q0,WSJ910531-0050,259,0.1264925318131304,minmaxnorm
173,Q0,AP890111-0147,260,0.12639724135428784,minmaxnorm
173,Q0,AP890301-0264,261,0.1263154597836436,minmaxnorm
173,Q0,WSJ910328-0067,262,0.12599902344333755,minmaxnorm
173,Q0,WSJ880405-0013,263,0.12571926580184117,minmaxnorm
173,Q0,AP880514-0113,264,0.1256226882837782,minmaxnorm
173,Q0,WSJ910304-0119,265,0.12554575653731703,minmaxnorm
173,Q0,AP891116-0095,266,0.1253642869183702,minmaxnorm
173,Q0,AP890728-0298,267,0.12504161347310636,minmaxnorm
173,Q0,WSJ910130-0069,268,0.12498708836277156,minmaxnorm
173,Q0,AP880529-0040,269,0.12489346669813348,minmaxnorm
173,Q0,WSJ900423-0150,270,0.12482664071232748,minmaxnorm
173,Q0,AP891117-0020,271,0.12474420850657901,minmaxnorm
173,Q0,AP890701-0080,272,0.12457618509796894,minmaxnorm
173,Q0,WSJ900606-0038,273,0.12422215529415714,minmaxnorm
173,Q0,WSJ910805-0085,274,0.12376359741590795,minmaxnorm
173,Q0,AP880701-0038,275,0.12356558036351786,minmaxnorm
173,Q0,WSJ871202-0095,276,0.12351098183838148,minmaxnorm
173,Q0,AP880601-0341,277,0.12334105688250116,minmaxnorm
173,Q0,AP890527-0017,278,0.12326112978966346,minmaxnorm
173,Q0,WSJ870324-0095,279,0.12316761816095466,minmaxnorm
173,Q0,WSJ900828-0070,280,0.12314027194128893,minmaxnorm
173,Q0,AP880614-0052,281,0.12233338550106493,minmaxnorm
173,Q0,AP890731-0220,282,0.12221783939264172,minmaxnorm
173,Q0,AP891116-0042,283,0.12221238456750662,minmaxnorm
173,Q0,AP890602-0259,284,0.12220759176273924,minmaxnorm
173,Q0,AP890111-0041,285,0.12214438762273218,minmaxnorm
173,Q0,AP880228-0040,286,0.1219756548859309,minmaxnorm
173,Q0,AP891101-0241,287,0.12171922019083295,minmaxnorm
173,Q0,WSJ910815-0083,288,0.1213342991588331,minmaxnorm
173,Q0,AP890928-0031,289,0.12122333984077902,minmaxnorm
173,Q0,WSJ920310-0111,290,0.12109365642056465,minmaxnorm
173,Q0,AP890913-0281,291,0.12094486715260891,minmaxnorm
173,Q0,AP880324-0064,292,0.12083206481664334,minmaxnorm
173,Q0,WSJ890922-0007,293,0.120549543591043,minmaxnorm
173,Q0,AP881107-0029,294,0.12052022245368067,minmaxnorm
173,Q0,WSJ881020-0101,295,0.12029898076248412,minmaxnorm
173,Q0,AP880411-0146,296,0.1197173119748674,minmaxnorm
173,Q0,WSJ870918-0069,297,0.11949968003789688,minmaxnorm
173,Q0,AP880629-0292,298,0.11942190243984148,minmaxnorm
173,Q0,WSJ880614-0029,299,0.11935668814286589,minmaxnorm
173,Q0,AP880407-0067,300,0.11934736068498476,minmaxnorm
173,Q0,AP880302-0282,301,0.11916835983670528,minmaxnorm
173,Q0,AP881121-0080,302,0.11894615654880511,minmaxnorm
173,Q0,WSJ880615-0002,303,0.11836407558592188,minmaxnorm
173,Q0,AP890301-0308,304,0.11772463315826084,minmaxnorm
173,Q0,AP890326-0034,305,0.11755307442470836,minmaxnorm
173,Q0,AP880628-0298,306,0.11745958431925232,minmaxnorm
173,Q0,AP890208-0179,307,0.11736625925682229,minmaxnorm
173,Q0,AP881117-0095,308,0.11720179038189732,minmaxnorm
173,Q0,AP880505-0310,309,0.11716117290192682,minmaxnorm
173,Q0,WSJ891010-0041,310,0.11701483375435515,minmaxnorm
173,Q0,AP880607-0271,311,0.11631618550982697,minmaxnorm
173,Q0,AP881116-0053,312,0.11626558055089156,minmaxnorm
173,Q0,AP890106-0041,313,0.11617330052266073,minmaxnorm
173,Q0,AP891230-0067,314,0.11609656841960053,minmaxnorm
173,Q0,AP880729-0154,315,0.11599828809703676,minmaxnorm
173,Q0,WSJ870724-0027,316,0.11581765869162002,minmaxnorm
173,Q0,AP891004-0027,317,0.11548268491707919,minmaxnorm
173,Q0,AP890414-0213,318,0.11537987251776056,minmaxnorm
173,Q0,WSJ880527-0011,319,0.11506211331121076,minmaxnorm
173,Q0,AP880615-0090,320,0.11478684790944912,minmaxnorm
173,Q0,WSJ891102-0155,321,0.11466477771961417,minmaxnorm
173,Q0,WSJ891002-0070,322,0.11453945754768086,minmaxnorm
173,Q0,WSJ910627-0068,323,0.11424183425193726,minmaxnorm
173,Q0,AP880830-0219,324,0.11418009710018298,minmaxnorm
173,Q0,AP880602-0123,325,0.11404128619026282,minmaxnorm
173,Q0,WSJ910419-0098,326,0.11370483675494619,minmaxnorm
173,Q0,WSJ920210-0064,327,0.11367110208488276,minmaxnorm
173,Q0,FR881102-0011,328,0.11338711765033001,minmaxnorm
173,Q0,AP880226-0072,329,0.1132908505922805,minmaxnorm
173,Q0,AP880215-0182,330,0.11326749928133428,minmaxnorm
173,Q0,WSJ881021-0163,331,0.1131472854495508,minmaxnorm
173,Q0,WSJ881108-0148,332,0.11297790400329037,minmaxnorm
173,Q0,WSJ890731-0082,333,0.11283998586881601,minmaxnorm
173,Q0,AP881226-0138,334,0.1126470229383176,minmaxnorm
173,Q0,AP880423-0069,335,0.11263814324664523,minmaxnorm
173,Q0,WSJ880608-0062,336,0.11229666646991171,minmaxnorm
173,Q0,AP880422-0270,337,0.11223582959446073,minmaxnorm
173,Q0,AP890701-0104,338,0.1120777549799377,minmaxnorm
173,Q0,AP880615-0288,339,0.11195233433591889,minmaxnorm
173,Q0,WSJ900727-0061,340,0.11185548258652747,minmaxnorm
173,Q0,AP881121-0139,341,0.11139476458659713,minmaxnorm
173,Q0,AP880506-0224,342,0.11072787302243414,minmaxnorm
173,Q0,WSJ880323-0135,343,0.11060649195269123,minmaxnorm
173,Q0,AP880319-0135,344,0.11058344782565238,minmaxnorm
173,Q0,AP881226-0136,345,0.10990073333231572,minmaxnorm
173,Q0,AP880324-0281,346,0.10982287050124628,minmaxnorm
173,Q0,WSJ910422-0097,347,0.10943616066729517,minmaxnorm
173,Q0,AP891004-0252,348,0.10917497447967703,minmaxnorm
173,Q0,WSJ880919-0122,349,0.10910961772716507,minmaxnorm
173,Q0,WSJ900621-0122,350,0.1090746687152494,minmaxnorm
173,Q0,AP881121-0143,351,0.10867777573348081,minmaxnorm
173,Q0,DOE1-33-0581,352,0.10787949639712548,minmaxnorm
173,Q0,AP880606-0277,353,0.10787361060261358,minmaxnorm
173,Q0,AP880903-0126,354,0.10781850616714317,minmaxnorm
173,Q0,WSJ870914-0129,355,0.10731275016305364,minmaxnorm
173,Q0,AP890421-0273,356,0.10730758955260687,minmaxnorm
173,Q0,AP880722-0144,357,0.10721641243558813,minmaxnorm
173,Q0,WSJ900529-0087,358,0.1071543243659178,minmaxnorm
173,Q0,AP880611-0076,359,0.10675552558482325,minmaxnorm
173,Q0,WSJ880406-0007,360,0.10621945653608353,minmaxnorm
173,Q0,WSJ880720-0077,361,0.10609196335542374,minmaxnorm
173,Q0,AP890911-0030,362,0.10558103116100435,minmaxnorm
173,Q0,AP881103-0231,363,0.1054342190238206,minmaxnorm
173,Q0,AP890908-0196,364,0.10524437038303595,minmaxnorm
173,Q0,AP881107-0030,365,0.1052302724306897,minmaxnorm
173,Q0,AP890531-0115,366,0.10505879775389913,minmaxnorm
173,Q0,AP880518-0183,367,0.10487496212159649,minmaxnorm
173,Q0,AP890504-0177,368,0.10415595148751847,minmaxnorm
173,Q0,WSJ911011-0094,369,0.1039668275011819,minmaxnorm
173,Q0,AP880603-0161,370,0.1037324459304226,minmaxnorm
173,Q0,AP880516-0160,371,0.1036197955720804,minmaxnorm
173,Q0,AP880418-0130,372,0.10342256467643311,minmaxnorm
173,Q0,WSJ890815-0043,373,0.10290311696674924,minmaxnorm
173,Q0,WSJ920313-0070,374,0.10251274996709585,minmaxnorm
173,Q0,WSJ911008-0111,375,0.10214966740278363,minmaxnorm
173,Q0,WSJ880412-0095,376,0.10157810625296956,minmaxnorm
173,Q0,WSJ880615-0127,377,0.1014914668904569,minmaxnorm
173,Q0,DOE1-33-0575,378,0.10141760850269359,minmaxnorm
173,Q0,AP891109-0169,379,0.10111056616053563,minmaxnorm
173,Q0,AP880412-0238,380,0.10099988234017444,minmaxnorm
173,Q0,WSJ920130-0127,381,0.10087676370207359,minmaxnorm
173,Q0,AP881102-0249,382,0.10074183199754265,minmaxnorm
173,Q0,WSJ891004-0039,383,0.10073221951965008,minmaxnorm
173,Q0,WSJ871028-0090,384,0.10018584134283633,minmaxnorm
173,Q0,WSJ880413-0133,385,0.10013714052070569,minmaxnorm
173,Q0,AP880217-0300,386,0.09975758802623598,minmaxnorm
173,Q0,AP880326-0121,387,0.09960441801571697,minmaxnorm
173,Q0,WSJ880823-0118,388,0.09919334791093029,minmaxnorm
173,Q0,WSJ900627-0022,389,0.09901977509477583,minmaxnorm
173,Q0,WSJ870904-0029,390,0.098392699943522,minmaxnorm
173,Q0,AP890908-0058,391,0.09815311716360046,minmaxnorm
173,Q0,AP880503-0096,392,0.09786926083840752,minmaxnorm
173,Q0,AP881108-0036,393,0.09786894229936904,minmaxnorm
173,Q0,FR89627-0128,394,0.09750441662999242,minmaxnorm
173,Q0,AP890927-0090,395,0.09746887805423285,minmaxnorm
173,Q0,AP880427-0118,396,0.09721702926765068,minmaxnorm
173,Q0,AP880719-0045,397,0.0970944690142286,minmaxnorm
173,Q0,AP891116-0165,398,0.0969997203636606,minmaxnorm
173,Q0,WSJ880622-0072,399,0.0968878013151598,minmaxnorm
173,Q0,WSJ900717-0132,400,0.09687121052122732,minmaxnorm
173,Q0,WSJ870416-0005,401,0.09663664401561492,minmaxnorm
173,Q0,AP890117-0078,402,0.09659333789847055,minmaxnorm
173,Q0,WSJ920117-0140,403,0.09639516811137962,minmaxnorm
173,Q0,WSJ900912-0036,404,0.09617353025937303,minmaxnorm
173,Q0,WSJ880503-0080,405,0.09614727819854585,minmaxnorm
173,Q0,AP891011-0144,406,0.09599047219665567,minmaxnorm
173,Q0,WSJ910301-0067,407,0.09589489353077078,minmaxnorm
173,Q0,AP880613-0305,408,0.09579277531671432,minmaxnorm
173,Q0,AP890612-0142,409,0.0957543018737289,minmaxnorm
173,Q0,WSJ880224-0042,410,0.09563945638704595,minmaxnorm
173,Q0,AP890524-0159,411,0.09549006989328813,minmaxnorm
173,Q0,WSJ871231-0034,412,0.0954655255456886,minmaxnorm
173,Q0,AP880613-0204,413,0.09542336755268727,minmaxnorm
173,Q0,AP880701-0078,414,0.09535327763479878,minmaxnorm
173,Q0,WSJ881103-0129,415,0.09524332377127333,minmaxnorm
173,Q0,AP890919-0232,416,0.09524278616266123,minmaxnorm
173,Q0,WSJ920324-0102,417,0.09461659406051634,minmaxnorm
173,Q0,AP881103-0029,418,0.09445784762808869,minmaxnorm
173,Q0,WSJ890804-0015,419,0.09438588664012654,minmaxnorm
173,Q0,WSJ890912-0104,420,0.09412694477595439,minmaxnorm
173,Q0,FR89817-0046,421,0.09399557157878186,minmaxnorm
173,Q0,AP880613-0275,422,0.09378421093374652,minmaxnorm
173,Q0,WSJ900809-0054,423,0.09367492623856882,minmaxnorm
173,Q0,WSJ880422-0094,424,0.09357999291101812,minmaxnorm
173,Q0,WSJ911211-0032,425,0.09336881255337381,minmaxnorm
173,Q0,DOE1-33-0550,426,0.09334302930832049,minmaxnorm
173,Q0,AP881125-0088,427,0.09326246738555724,minmaxnorm
173,Q0,WSJ891102-0091,428,0.09301180209748322,minmaxnorm
173,Q0,AP880815-0137,429,0.09291057217410886,minmaxnorm
173,Q0,AP890302-0077,430,0.09255725509338213,minmaxnorm
173,Q0,AP890305-0041,431,0.09236992443234537,minmaxnorm
173,Q0,AP880619-0033,432,0.09172074717542877,minmaxnorm
173,Q0,FR88816-0072,433,0.09159088387157258,minmaxnorm
173,Q0,AP880602-0322,434,0.0914269660341992,minmaxnorm
173,Q0,AP891208-0269,435,0.09140446389080652,minmaxnorm
173,Q0,AP881104-0271,436,0.091366106433961,minmaxnorm
173,Q0,WSJ900810-0125,437,0.09106213227586309,minmaxnorm
173,Q0,WSJ880317-0175,438,0.09105934749194557,minmaxnorm
173,Q0,WSJ900628-0158,439,0.09098287380137808,minmaxnorm
173,Q0,AP880622-0134,440,0.09097005583358425,minmaxnorm
173,Q0,DOE2-47-0841,441,0.09084209384567966,minmaxnorm
173,Q0,WSJ900926-0161,442,0.09063031765733139,minmaxnorm
173,Q0,AP880528-0098,443,0.09039750810770578,minmaxnorm
173,Q0,AP890626-0284,444,0.09028608313655703,minmaxnorm
173,Q0,WSJ910618-0124,445,0.09019481100406433,minmaxnorm
173,Q0,AP880625-0058,446,0.08985415430258052,minmaxnorm
173,Q0,WSJ891018-0099,447,0.08944933624712817,minmaxnorm
173,Q0,AP890609-0253,448,0.08902720216586606,minmaxnorm
173,Q0,WSJ880512-0128,449,0.08854609731815431,minmaxnorm
173,Q0,AP880526-0143,450,0.08846254106862961,minmaxnorm
173,Q0,WSJ871028-0131,451,0.08844596440606621,minmaxnorm
173,Q0,AP880828-0068,452,0.08839661837321536,minmaxnorm
173,Q0,AP891214-0121,453,0.08808878670158794,minmaxnorm
173,Q0,WSJ900621-0101,454,0.08785622782984395,minmaxnorm
173,Q0,WSJ910411-0048,455,0.08781993067031024,minmaxnorm
173,Q0,WSJ910923-0090,456,0.08769962469886217,minmaxnorm
173,Q0,AP880409-0096,457,0.08743912750975243,minmaxnorm
173,Q0,AP891107-0089,458,0.08726555225643462,minmaxnorm
173,Q0,AP880912-0210,459,0.08725428498007275,minmaxnorm
173,Q0,AP890927-0216,460,0.08723415578640391,minmaxnorm
173,Q0,DOE1-34-0053,461,0.08721974411329025,minmaxnorm
173,Q0,AP890819-0032,462,0.08702895955311159,minmaxnorm
173,Q0,AP890803-0250,463,0.0869394703739814,minmaxnorm
173,Q0,WSJ871224-0061,464,0.08611293452815154,minmaxnorm
173,Q0,AP890928-0195,465,0.08575701691492527,minmaxnorm
173,Q0,FR88829-0013,466,0.08561960895855689,minmaxnorm
173,Q0,AP880503-0171,467,0.08532055545206318,minmaxnorm
173,Q0,WSJ911118-0059,468,0.08529042939311655,minmaxnorm
173,Q0,AP890109-0290,469,0.08510959181128819,minmaxnorm
173,Q0,AP890612-0251,470,0.0847828925926024,minmaxnorm
173,Q0,AP880428-0248,471,0.08442841060421657,minmaxnorm
173,Q0,WSJ910614-0135,472,0.08434835847223936,minmaxnorm
173,Q0,WSJ900914-0139,473,0.08433870867654238,minmaxnorm
173,Q0,DOE1-33-0593,474,0.08431110434573688,minmaxnorm
173,Q0,AP880614-0159,475,0.08409397868593226,minmaxnorm
173,Q0,WSJ880830-0082,476,0.0840493835315733,minmaxnorm
173,Q0,AP881103-0046,477,0.0839653822879937,minmaxnorm
173,Q0,WSJ880426-0074,478,0.08389670976864848,minmaxnorm
173,Q0,WSJ900824-0051,479,0.0838361753246806,minmaxnorm
173,Q0,AP880616-0145,480,0.08378255736218611,minmaxnorm
173,Q0,AP890301-0035,481,0.08349883451746481,minmaxnorm
173,Q0,AP880830-0213,482,0.08315685544507745,minmaxnorm
173,Q0,AP880312-0142,483,0.08312767504615197,minmaxnorm
173,Q0,AP881012-0263,484,0.08292024078832459,minmaxnorm
173,Q0,FR881130-0006,485,0.08260620103409379,minmaxnorm
173,Q0,WSJ880404-0013,486,0.08224973897531816,minmaxnorm
173,Q0,WSJ920124-0041,487,0.08218714779795855,minmaxnorm
173,Q0,AP881130-0164,488,0.08207464885908845,minmaxnorm
173,Q0,AP890714-0015,489,0.08194668621381097,minmaxnorm
173,Q0,AP890418-0066,490,0.08175830962243698,minmaxnorm
173,Q0,AP890719-0220,491,0.0817357558188608,minmaxnorm
173,Q0,WSJ910614-0146,492,0.0811114956151186,minmaxnorm
173,Q0,FR88830-0013,493,0.08110961609647839,minmaxnorm
173,Q0,WSJ900503-0092,494,0.08098137200726534,minmaxnorm
173,Q0,DOE2-42-1187,495,0.08030895170352592,minmaxnorm
173,Q0,WSJ890915-0030,496,0.08012854991806576,minmaxnorm
173,Q0,WSJ880211-0149,497,0.08012761681361964,minmaxnorm
173,Q0,WSJ870915-0097,498,0.07990294445739024,minmaxnorm
173,Q0,AP890228-0168,499,0.07988810139961282,minmaxnorm
173,Q0,AP890111-0250,500,0.07987095676972766,minmaxnorm
173,Q0,AP880722-0156,501,0.07953313246816507,minmaxnorm
173,Q0,AP881115-0085,502,0.07950980109312383,minmaxnorm
173,Q0,AP880603-0015,503,0.07938787815140112,minmaxnorm
173,Q0,AP880602-0168,504,0.07929133288289884,minmaxnorm
173,Q0,AP880304-0079,505,0.07882654762754039,minmaxnorm
173,Q0,ZF207-337-000,506,0.07815607100997637,minmaxnorm
173,Q0,AP880425-0274,507,0.07799989867211189,minmaxnorm
173,Q0,AP890913-0222,508,0.07794310904178046,minmaxnorm
173,Q0,AP891115-0107,509,0.07768094429741894,minmaxnorm
173,Q0,WSJ920212-0018,510,0.07766983465580053,minmaxnorm
173,Q0,AP880422-0296,511,0.07744873377297248,minmaxnorm
173,Q0,AP880617-0277,512,0.0774228556864488,minmaxnorm
173,Q0,WSJ880705-0155,513,0.07740366993844218,minmaxnorm
173,Q0,DOE1-43-0873,514,0.07737503539251599,minmaxnorm
173,Q0,WSJ870917-0055,515,0.07737293294047257,minmaxnorm
173,Q0,WSJ900807-0070,516,0.07733925348948525,minmaxnorm
173,Q0,AP891110-0211,517,0.0771137867636873,minmaxnorm
173,Q0,WSJ900927-0100,518,0.07711208001673078,minmaxnorm
173,Q0,WSJ880706-0150,519,0.07696532421214214,minmaxnorm
173,Q0,AP880614-0018,520,0.0768652461822992,minmaxnorm
173,Q0,WSJ911119-0068,521,0.07683543156574327,minmaxnorm
173,Q0,AP891215-0016,522,0.07683076755761568,minmaxnorm
173,Q0,AP881210-0037,523,0.07681706465352488,minmaxnorm
173,Q0,AP880414-0205,524,0.07674238166468339,minmaxnorm
173,Q0,AP891012-0141,525,0.07643434889567224,minmaxnorm
173,Q0,AP880405-0010,526,0.07619197312097144,minmaxnorm
173,Q0,WSJ890810-0106,527,0.07610763113001051,minmaxnorm
173,Q0,AP881109-0298,528,0.07581282688240731,minmaxnorm
173,Q0,AP880423-0043,529,0.07572876880635902,minmaxnorm
173,Q0,FR881006-0001,530,0.07570591667619635,minmaxnorm
173,Q0,WSJ870121-0071,531,0.0756819148587646,minmaxnorm
173,Q0,WSJ881104-0144,532,0.0756674011043923,minmaxnorm
173,Q0,WSJ870209-0008,533,0.0755143652473408,minmaxnorm
173,Q0,FR881110-0018,534,0.07529317501723298,minmaxnorm
173,Q0,AP890627-0129,535,0.07513922118673452,minmaxnorm
173,Q0,AP880621-0002,536,0.07488237218981804,minmaxnorm
173,Q0,WSJ861217-0004,537,0.07479636193194425,minmaxnorm
173,Q0,WSJ870513-0165,538,0.07470056903511192,minmaxnorm
173,Q0,AP881115-0195,539,0.07449629314310358,minmaxnorm
173,Q0,AP890629-0005,540,0.07443135049199351,minmaxnorm
173,Q0,WSJ891101-0038,541,0.07431185754746829,minmaxnorm
173,Q0,FR88907-0036,542,0.07410513523035699,minmaxnorm
173,Q0,WSJ910625-0115,543,0.07392620959192589,minmaxnorm
173,Q0,WSJ880627-0062,544,0.0738131861616261,minmaxnorm
173,Q0,WSJ910425-0136,545,0.07348136500454769,minmaxnorm
173,Q0,AP880612-0069,546,0.0734390332598889,minmaxnorm
173,Q0,WSJ880613-0143,547,0.07308681291453434,minmaxnorm
173,Q0,WSJ871008-0090,548,0.07305196994789079,minmaxnorm
173,Q0,DOE2-09-0883,549,0.07297810820063003,minmaxnorm
173,Q0,AP880426-0100,550,0.07295337821506642,minmaxnorm
173,Q0,AP890703-0011,551,0.07275266640983505,minmaxnorm
173,Q0,AP890914-0226,552,0.07250964775696021,minmaxnorm
173,Q0,AP890628-0007,553,0.07247140439000213,minmaxnorm
173,Q0,AP880425-0292,554,0.07224261154194676,minmaxnorm
173,Q0,AP880525-0237,555,0.07218370631821572,minmaxnorm
173,Q0,ZF207-213-460,556,0.07213502178500161,minmaxnorm
173,Q0,AP880421-0305,557,0.0720594402691077,minmaxnorm
173,Q0,WSJ870915-0111,558,0.07203196930018042,minmaxnorm
173,Q0,AP891115-0028,559,0.07189059840886171,minmaxnorm
173,Q0,AP890123-0081,560,0.07170562937030177,minmaxnorm
173,Q0,FR89712-0022,561,0.07149469061854036,minmaxnorm
173,Q0,AP891108-0157,562,0.07143740416882934,minmaxnorm
173,Q0,DOE1-33-0629,563,0.07101702143900429,minmaxnorm
173,Q0,WSJ900607-0107,564,0.07094404787681191,minmaxnorm
173,Q0,AP881123-0115,565,0.0709055511444756,minmaxnorm
173,Q0,WSJ870728-0070,566,0.07086038871950741,minmaxnorm
173,Q0,WSJ920228-0178,567,0.0707328552715589,minmaxnorm
173,Q0,AP881102-0306,568,0.07063899181086629,minmaxnorm
173,Q0,AP881118-0041,569,0.07054710115740748,minmaxnorm
173,Q0,AP880609-0126,570,0.07053671473373485,minmaxnorm
173,Q0,AP890124-0237,571,0.07046603746917664,minmaxnorm
173,Q0,AP880614-0047,572,0.07034731942809933,minmaxnorm
173,Q0,AP890224-0033,573,0.07021132513544631,minmaxnorm
173,Q0,DOE1-33-0679,574,0.07015765120743367,minmaxnorm
173,Q0,WSJ910624-0148,575,0.07015406297410882,minmaxnorm
173,Q0,AP891108-0036,576,0.07012765223805646,minmaxnorm
173,Q0,FR891102-0034,577,0.07012443473676491,minmaxnorm
173,Q0,AP891206-0032,578,0.06994934531090392,minmaxnorm
173,Q0,DOE1-77-0128,579,0.06985569352949864,minmaxnorm
173,Q0,WSJ911010-0103,580,0.0695229975521634,minmaxnorm
173,Q0,AP880213-0196,581,0.06931287629039673,minmaxnorm
173,Q0,AP891110-0196,582,0.06911267651780371,minmaxnorm
173,Q0,AP880909-0135,583,0.06895837330497874,minmaxnorm
173,Q0,AP891030-0061,584,0.06891469973599287,minmaxnorm
173,Q0,DOE2-76-0416,585,0.06888638982300266,minmaxnorm
173,Q0,AP880630-0102,586,0.06886119701665891,minmaxnorm
173,Q0,DOE1-55-0779,587,0.06860917047665252,minmaxnorm
173,Q0,AP881117-0235,588,0.06830677484099079,minmaxnorm
173,Q0,WSJ900405-0043,589,0.06776954725366016,minmaxnorm
173,Q0,AP880918-0079,590,0.06771005930452716,minmaxnorm
173,Q0,WSJ900523-0140,591,0.06766909942111272,minmaxnorm
173,Q0,DOE2-22-0932,592,0.0674911768911661,minmaxnorm
173,Q0,WSJ870506-0174,593,0.0674171151643724,minmaxnorm
173,Q0,AP880901-0265,594,0.0673029521564914,minmaxnorm
173,Q0,WSJ870826-0037,595,0.06717054927349253,minmaxnorm
173,Q0,WSJ870720-0004,596,0.06703044846150422,minmaxnorm
173,Q0,FR89922-0018,597,0.06678156938833661,minmaxnorm
173,Q0,WSJ880510-0060,598,0.06640821211433942,minmaxnorm
173,Q0,WSJ910621-0111,599,0.06627985705222537,minmaxnorm
173,Q0,FR881024-0107,600,0.06616615908002464,minmaxnorm
173,Q0,AP890405-0131,601,0.0660996563325409,minmaxnorm
173,Q0,AP881109-0041,602,0.06609831010174651,minmaxnorm
173,Q0,AP880821-0031,603,0.06595590959480888,minmaxnorm
173,Q0,AP880919-0155,604,0.0658855075448768,minmaxnorm
173,Q0,AP890107-0024,605,0.065721258000903,minmaxnorm
173,Q0,DOE2-26-0338,606,0.06561337139332249,minmaxnorm
173,Q0,AP880729-0111,607,0.06534792199647999,minmaxnorm
173,Q0,WSJ870113-0118,608,0.06509322050331721,minmaxnorm
173,Q0,WSJ871218-0003,609,0.06490628880764258,minmaxnorm
173,Q0,WSJ910918-0043,610,0.06473046967312257,minmaxnorm
173,Q0,WSJ880831-0135,611,0.06459456164083499,minmaxnorm
173,Q0,WSJ900717-0128,612,0.06459348624168355,minmaxnorm
173,Q0,AP881019-0102,613,0.06458915260749189,minmaxnorm
173,Q0,AP880422-0205,614,0.06458459084901344,minmaxnorm
173,Q0,WSJ870707-0145,615,0.0644185100090668,minmaxnorm
173,Q0,AP890615-0233,616,0.06423928389579488,minmaxnorm
173,Q0,AP890818-0109,617,0.06409016578146118,minmaxnorm
173,Q0,AP881004-0275,618,0.06388435439727826,minmaxnorm
173,Q0,WSJ871202-0018,619,0.06387985890010818,minmaxnorm
173,Q0,WSJ880201-0066,620,0.06374288972785805,minmaxnorm
173,Q0,AP880906-0161,621,0.06364161475352488,minmaxnorm
173,Q0,AP880528-0110,622,0.0636218341266116,minmaxnorm
173,Q0,FR88902-0041,623,0.06327564503593412,minmaxnorm
173,Q0,WSJ880115-0101,624,0.06306893308889977,minmaxnorm
173,Q0,DOE1-64-0331,625,0.06285689127506147,minmaxnorm
173,Q0,AP880518-0317,626,0.06284355658704645,minmaxnorm
173,Q0,DOE1-77-0177,627,0.06283813598729099,minmaxnorm
173,Q0,AP890912-0104,628,0.06280306974983779,minmaxnorm
173,Q0,AP890417-0009,629,0.06257199664429355,minmaxnorm
173,Q0,WSJ910508-0104,630,0.06256887315059984,minmaxnorm
173,Q0,AP881109-0141,631,0.06246034439444588,minmaxnorm
173,Q0,FR89313-0007,632,0.06219751884040945,minmaxnorm
173,Q0,AP890301-0171,633,0.062162773173471325,minmaxnorm
173,Q0,DOE1-33-0582,634,0.06214858827279947,minmaxnorm
173,Q0,FR881121-0028,635,0.06204429616253618,minmaxnorm
173,Q0,WSJ911008-0133,636,0.06200924491092296,minmaxnorm
173,Q0,AP880624-0299,637,0.061989609300999476,minmaxnorm
173,Q0,WSJ900508-0071,638,0.06186753477087412,minmaxnorm
173,Q0,AP880727-0112,639,0.06185637804151841,minmaxnorm
173,Q0,AP890516-0223,640,0.06175952949813999,minmaxnorm
173,Q0,WSJ880908-0096,641,0.06174956245894614,minmaxnorm
173,Q0,AP890729-0046,642,0.06174758484176193,minmaxnorm
173,Q0,WSJ891017-0012,643,0.061679587298939645,minmaxnorm
173,Q0,DOE2-23-0752,644,0.06163150182226902,minmaxnorm
173,Q0,WSJ920113-0033,645,0.06158275309364246,minmaxnorm
173,Q0,AP880831-0044,646,0.06105205514552728,minmaxnorm
173,Q0,FR891127-0013,647,0.060905536149804027,minmaxnorm
173,Q0,FR89313-0037,648,0.06069917813544127,minmaxnorm
173,Q0,WSJ870506-0115,649,0.06068259897593501,minmaxnorm
173,Q0,AP880226-0066,650,0.06046195063029758,minmaxnorm
173,Q0,WSJ900413-0192,651,0.060356149930587015,minmaxnorm
173,Q0,AP881031-0119,652,0.06034834295443277,minmaxnorm
173,Q0,WSJ891018-0072,653,0.06031330352009828,minmaxnorm
173,Q0,FR88511-0157,654,0.06020333682675259,minmaxnorm
173,Q0,AP890427-0117,655,0.06005353855342445,minmaxnorm
173,Q0,AP890622-0150,656,0.05979895723582638,minmaxnorm
173,Q0,WSJ900625-0069,657,0.05967591306114634,minmaxnorm
173,Q0,WSJ900906-0001,658,0.05958258417099529,minmaxnorm
173,Q0,AP880831-0172,659,0.05886369314732382,minmaxnorm
173,Q0,WSJ870512-0026,660,0.058815308041491626,minmaxnorm
173,Q0,AP890910-0040,661,0.058796373946596064,minmaxnorm
173,Q0,WSJ880622-0074,662,0.05873570124798934,minmaxnorm
173,Q0,DOE2-23-0884,663,0.05872459511164592,minmaxnorm
173,Q0,AP881003-0095,664,0.05869476155665098,minmaxnorm
173,Q0,WSJ900727-0178,665,0.05868793027486122,minmaxnorm
173,Q0,FR881207-0031,666,0.05857588238991271,minmaxnorm
173,Q0,WSJ900418-0017,667,0.05846146810768296,minmaxnorm
173,Q0,AP880311-0004,668,0.05839038521845078,minmaxnorm
173,Q0,AP880904-0065,669,0.058372423251465196,minmaxnorm
173,Q0,AP890405-0114,670,0.05835965465793566,minmaxnorm
173,Q0,FR89623-0126,671,0.05825636409781236,minmaxnorm
173,Q0,WSJ900716-0134,672,0.05820873423710027,minmaxnorm
173,Q0,AP880505-0321,673,0.058145505797330854,minmaxnorm
173,Q0,WSJ890908-0016,674,0.058099976570277066,minmaxnorm
173,Q0,FR881121-0046,675,0.05809656696234397,minmaxnorm
173,Q0,FR88512-0011,676,0.0580256162476239,minmaxnorm
173,Q0,WSJ900810-0119,677,0.05779861358781178,minmaxnorm
173,Q0,WSJ881117-0010,678,0.057526701554951744,minmaxnorm
173,Q0,AP880224-0057,679,0.057522200796660476,minmaxnorm
173,Q0,WSJ871231-0144,680,0.057447575534285165,minmaxnorm
173,Q0,AP880909-0091,681,0.05744080141389699,minmaxnorm
173,Q0,FR88811-0030,682,0.05738902130571461,minmaxnorm
173,Q0,WSJ870604-0010,683,0.05733673779681769,minmaxnorm
173,Q0,FR88504-0037,684,0.05725052860966189,minmaxnorm
173,Q0,DOE1-33-0578,685,0.05718352006767632,minmaxnorm
173,Q0,WSJ900524-0028,686,0.05713005281975483,minmaxnorm
173,Q0,AP880606-0074,687,0.05702025606579061,minmaxnorm
173,Q0,WSJ900618-0071,688,0.05678246123178629,minmaxnorm
173,Q0,DOE2-22-0930,689,0.05671083629944125,minmaxnorm
173,Q0,DOE1-33-0560,690,0.05658338730835139,minmaxnorm
173,Q0,AP880727-0245,691,0.05650603063791578,minmaxnorm
173,Q0,DOE2-01-0680,692,0.056302339914241446,minmaxnorm
173,Q0,WSJ910314-0144,693,0.0562724581829665,minmaxnorm
173,Q0,WSJ890918-0013,694,0.05626741536934469,minmaxnorm
173,Q0,AP880611-0158,695,0.056264801120043666,minmaxnorm
173,Q0,WSJ871217-0012,696,0.056180567962803706,minmaxnorm
173,Q0,DOE2-66-0362,697,0.05610168750195828,minmaxnorm
173,Q0,FR88808-0043,698,0.056055820911323606,minmaxnorm
173,Q0,FR88506-0019,699,0.05596120972048256,minmaxnorm
173,Q0,FR89421-0120,700,0.055919168136842265,minmaxnorm
173,Q0,WSJ881012-0135,701,0.0558370740525554,minmaxnorm
173,Q0,ZF207-246-442,702,0.055514547403718174,minmaxnorm
173,Q0,FR88909-0055,703,0.055466375062597724,minmaxnorm
173,Q0,WSJ880614-0094,704,0.05485204094788359,minmaxnorm
173,Q0,AP890511-0170,705,0.054794886567076664,minmaxnorm
173,Q0,AP880701-0067,706,0.054742310549540076,minmaxnorm
173,Q0,DOE1-51-0661,707,0.054675184370901984,minmaxnorm
173,Q0,AP881124-0005,708,0.05452559030729958,minmaxnorm
173,Q0,AP890929-0220,709,0.054313092888526274,minmaxnorm
173,Q0,FR89404-0122,710,0.0542820655110117,minmaxnorm
173,Q0,WSJ911126-0031,711,0.05427446924256678,minmaxnorm
173,Q0,AP881102-0146,712,0.053985487842595575,minmaxnorm
173,Q0,AP890118-0260,713,0.0538635676133656,minmaxnorm
173,Q0,AP880510-0285,714,0.05384136711269341,minmaxnorm
173,Q0,FR881021-0017,715,0.05380332002535195,minmaxnorm
173,Q0,WSJ900507-0111,716,0.05363347218951735,minmaxnorm
173,Q0,WSJ870403-0076,717,0.053631650588751904,minmaxnorm
173,Q0,AP880425-0001,718,0.05324682496843139,minmaxnorm
173,Q0,AP891116-0013,719,0.05298456274462367,minmaxnorm
173,Q0,FR88510-0032,720,0.052819928917319965,minmaxnorm
173,Q0,DOE1-40-0409,721,0.052784529245618134,minmaxnorm
173,Q0,DOE1-83-1191,722,0.05273103684518306,minmaxnorm
173,Q0,FR89726-0032,723,0.05272829816490167,minmaxnorm
173,Q0,AP890201-0027,724,0.05264895742456494,minmaxnorm
173,Q0,DOE2-73-0874,725,0.05264762933274142,minmaxnorm
173,Q0,WSJ890920-0041,726,0.0525812425638785,minmaxnorm
173,Q0,FR89607-0014,727,0.052449930171831104,minmaxnorm
173,Q0,DOE1-29-0254,728,0.05239620833073027,minmaxnorm
173,Q0,AP890919-0151,729,0.05218502204684471,minmaxnorm
173,Q0,WSJ870317-0086,730,0.05216449511153665,minmaxnorm
173,Q0,WSJ900416-0087,731,0.05205751616329173,minmaxnorm
173,Q0,AP880304-0260,732,0.05199634927899479,minmaxnorm
173,Q0,ZF207-427-728,733,0.05198968536474362,minmaxnorm
173,Q0,WSJ911004-0087,734,0.0518717667374959,minmaxnorm
173,Q0,WSJ910311-0107,735,0.05177487517487477,minmaxnorm
173,Q0,AP881031-0105,736,0.0517683864733412,minmaxnorm
173,Q0,AP890106-0070,737,0.051548012662824265,minmaxnorm
173,Q0,AP880620-0049,738,0.05133149424965461,minmaxnorm
173,Q0,AP880505-0285,739,0.0512670173951765,minmaxnorm
173,Q0,AP880404-0133,740,0.051218293922046534,minmaxnorm
173,Q0,DOE1-85-0989,741,0.05110989216857953,minmaxnorm
173,Q0,WSJ880513-0015,742,0.051039063628783424,minmaxnorm
173,Q0,AP881118-0106,743,0.050870530593890614,minmaxnorm
173,Q0,WSJ880120-0018,744,0.05078012669529152,minmaxnorm
173,Q0,AP890314-0155,745,0.05071322827415743,minmaxnorm
173,Q0,AP890426-0111,746,0.05062102852228628,minmaxnorm
173,Q0,AP880223-0194,747,0.050485977065936466,minmaxnorm
173,Q0,WSJ911112-0145,748,0.050467818163996064,minmaxnorm
173,Q0,WSJ880505-0082,749,0.050451022809571006,minmaxnorm
173,Q0,WSJ910619-0019,750,0.05028345817069446,minmaxnorm
173,Q0,AP880516-0159,751,0.05027210082624263,minmaxnorm
173,Q0,AP890829-0183,752,0.05023445540093135,minmaxnorm
173,Q0,WSJ880908-0150,753,0.05009567876935204,minmaxnorm
173,Q0,FR88922-0017,754,0.04996498737400686,minmaxnorm
173,Q0,AP890425-0082,755,0.049881943394884616,minmaxnorm
173,Q0,AP881022-0081,756,0.049689093921407926,minmaxnorm
173,Q0,FR881121-0032,757,0.04955040259849951,minmaxnorm
173,Q0,DOE2-66-0725,758,0.04926621540111464,minmaxnorm
173,Q0,AP890515-0159,759,0.049192752163122355,minmaxnorm
173,Q0,AP890120-0025,760,0.049080212211677555,minmaxnorm
173,Q0,FR89726-0040,761,0.04897520717109279,minmaxnorm
173,Q0,WSJ880426-0061,762,0.048892001211576414,minmaxnorm
173,Q0,DOE1-42-0455,763,0.04881302951098877,minmaxnorm
173,Q0,FR89307-0019,764,0.04878901718117252,minmaxnorm
173,Q0,WSJ880509-0099,765,0.04878449456798352,minmaxnorm
173,Q0,WSJ870814-0088,766,0.0487340822442746,minmaxnorm
173,Q0,WSJ870703-0144,767,0.04870059018958766,minmaxnorm
173,Q0,DOE1-54-0111,768,0.04867481618475997,minmaxnorm
173,Q0,AP890317-0036,769,0.04865982500681974,minmaxnorm
173,Q0,WSJ910808-0052,770,0.048590492623061574,minmaxnorm
173,Q0,AP891108-0169,771,0.04845326697528756,minmaxnorm
173,Q0,DOE1-33-0580,772,0.04841462666322077,minmaxnorm
173,Q0,WSJ891006-0119,773,0.0483747135130418,minmaxnorm
173,Q0,WSJ891101-0017,774,0.048157062113455294,minmaxnorm
173,Q0,FR89627-0031,775,0.0481128453441554,minmaxnorm
173,Q0,WSJ870512-0068,776,0.047882635345030004,minmaxnorm
173,Q0,DOE2-35-0406,777,0.047879071370169134,minmaxnorm
173,Q0,WSJ920203-0085,778,0.04786808600116413,minmaxnorm
173,Q0,FR89817-0045,779,0.04773540485088404,minmaxnorm
173,Q0,AP880422-0250,780,0.04771462331126803,minmaxnorm
173,Q0,WSJ910402-0094,781,0.04750910436481541,minmaxnorm
173,Q0,WSJ870423-0134,782,0.047480385754894584,minmaxnorm
173,Q0,FR89524-0006,783,0.04736320845044946,minmaxnorm
173,Q0,AP890904-0023,784,0.047356747763266135,minmaxnorm
173,Q0,AP890119-0163,785,0.047280054201454924,minmaxnorm
173,Q0,WSJ861204-0065,786,0.04722431341686196,minmaxnorm
173,Q0,DOE1-85-0565,787,0.04717572630718767,minmaxnorm
173,Q0,AP881123-0131,788,0.046900714250889944,minmaxnorm
173,Q0,AP881110-0054,789,0.04684202992216423,minmaxnorm
173,Q0,AP880624-0032,790,0.04673509343281085,minmaxnorm
173,Q0,WSJ880624-0103,791,0.04671005082428186,minmaxnorm
173,Q0,AP881124-0034,792,0.04670199237724264,minmaxnorm
173,Q0,WSJ881006-0141,793,0.0466804048114796,minmaxnorm
173,Q0,AP891126-0052,794,0.04665169046318723,minmaxnorm
173,Q0,WSJ911211-0008,795,0.04663311827292401,minmaxnorm
173,Q0,AP880502-0161,796,0.04654587145885112,minmaxnorm
173,Q0,FR89526-0011,797,0.04638446404926374,minmaxnorm
173,Q0,DOE1-49-0711,798,0.04619872309280425,minmaxnorm
173,Q0,DOE1-67-0826,799,0.046157235798716924,minmaxnorm
173,Q0,AP890309-0010,800,0.046117443477386576,minmaxnorm
173,Q0,WSJ910628-0064,801,0.046052375323828165,minmaxnorm
173,Q0,WSJ900823-0104,802,0.04592335813271643,minmaxnorm
173,Q0,FR89421-0116,803,0.04588230200855044,minmaxnorm
173,Q0,AP890106-0211,804,0.045684342144412575,minmaxnorm
173,Q0,WSJ880330-0091,805,0.04568085190522514,minmaxnorm
173,Q0,WSJ900427-0150,806,0.04564242818058272,minmaxnorm
173,Q0,AP890804-0038,807,0.04559829790008407,minmaxnorm
173,Q0,AP880326-0187,808,0.04543363739379365,minmaxnorm
173,Q0,FR89927-0112,809,0.045337770849067024,minmaxnorm
173,Q0,FR881121-0038,810,0.04520588737127614,minmaxnorm
173,Q0,WSJ900502-0129,811,0.04514223190140048,minmaxnorm
173,Q0,AP880422-0251,812,0.0451215635391974,minmaxnorm
173,Q0,AP881019-0113,813,0.045111062257808324,minmaxnorm
173,Q0,WSJ880916-0168,814,0.045079172208339055,minmaxnorm
173,Q0,DOE1-34-0383,815,0.04506181173674953,minmaxnorm
173,Q0,AP881016-0045,816,0.04506040899392679,minmaxnorm
173,Q0,AP880915-0154,817,0.04491279531582489,minmaxnorm
173,Q0,WSJ910326-0143,818,0.04490526491454469,minmaxnorm
173,Q0,AP890317-0219,819,0.044608657723795256,minmaxnorm
173,Q0,AP880611-0028,820,0.044325139196745494,minmaxnorm
173,Q0,WSJ870928-0039,821,0.04429413666937566,minmaxnorm
173,Q0,AP880722-0112,822,0.04409027366349093,minmaxnorm
173,Q0,DOE1-24-0277,823,0.044001118960884864,minmaxnorm
173,Q0,WSJ871127-0122,824,0.04395783986359872,minmaxnorm
173,Q0,FR89201-0083,825,0.04386577618281901,minmaxnorm
173,Q0,WSJ880804-0121,826,0.04372642647475187,minmaxnorm
173,Q0,FR89809-0091,827,0.043646273712517634,minmaxnorm
173,Q0,DOE1-33-0566,828,0.043621080757079767,minmaxnorm
173,Q0,ZF207-275-178,829,0.04361583764216048,minmaxnorm
173,Q0,AP890208-0087,830,0.04351495279632825,minmaxnorm
173,Q0,DOE1-77-0169,831,0.04351227704038109,minmaxnorm
173,Q0,FR89123-0023,832,0.043493322785270856,minmaxnorm
173,Q0,DOE1-55-0778,833,0.04349138189734661,minmaxnorm
173,Q0,WSJ880413-0148,834,0.04348463615026468,minmaxnorm
173,Q0,WSJ880531-0116,835,0.04328662107680045,minmaxnorm
173,Q0,AP881114-0227,836,0.043271517061172785,minmaxnorm
173,Q0,AP880922-0163,837,0.04320012311666084,minmaxnorm
173,Q0,DOE1-33-0682,838,0.04317118280361614,minmaxnorm
173,Q0,AP880721-0269,839,0.04305917714595484,minmaxnorm
173,Q0,AP890920-0038,840,0.04302858009403103,minmaxnorm
173,Q0,WSJ911028-0017,841,0.042972816849556825,minmaxnorm
173,Q0,FR88516-0128,842,0.04295326185399151,minmaxnorm
173,Q0,WSJ880502-0078,843,0.042948471992998456,minmaxnorm
173,Q0,FR89217-0016,844,0.04290248184716763,minmaxnorm
173,Q0,FR88712-0092,845,0.042737782381554276,minmaxnorm
173,Q0,FR881121-0034,846,0.042643326739547904,minmaxnorm
173,Q0,WSJ880909-0170,847,0.042620380624077976,minmaxnorm
173,Q0,AP881114-0001,848,0.04260823312653471,minmaxnorm
173,Q0,ZF207-246-596,849,0.042444551631700626,minmaxnorm
173,Q0,FR881121-0036,850,0.04233119710077975,minmaxnorm
173,Q0,WSJ880302-0090,851,0.04230869799606841,minmaxnorm
173,Q0,AP880610-0296,852,0.04225867222477391,minmaxnorm
173,Q0,WSJ880401-0043,853,0.04211773721542774,minmaxnorm
173,Q0,AP880621-0244,854,0.042084822936135295,minmaxnorm
173,Q0,WSJ910913-0055,855,0.042025174961007584,minmaxnorm
173,Q0,AP891022-0064,856,0.04191306424954821,minmaxnorm
173,Q0,AP880217-0251,857,0.04182488655892312,minmaxnorm
173,Q0,WSJ910802-0079,858,0.04178222334513529,minmaxnorm
173,Q0,DOE2-69-0280,859,0.041626359105237355,minmaxnorm
173,Q0,AP880312-0116,860,0.04153365684471444,minmaxnorm
173,Q0,AP891122-0024,861,0.041517505966258736,minmaxnorm
173,Q0,AP881121-0022,862,0.041516675882445314,minmaxnorm
173,Q0,DOE1-94-0589,863,0.04132645942178772,minmaxnorm
173,Q0,FR88121-0034,864,0.041099210072797036,minmaxnorm
173,Q0,WSJ871119-0007,865,0.04108906545914244,minmaxnorm
173,Q0,AP890707-0162,866,0.04106459340439915,minmaxnorm
173,Q0,AP890710-0206,867,0.04106117676221653,minmaxnorm
173,Q0,AP880503-0190,868,0.04099397285318461,minmaxnorm
173,Q0,AP880421-0206,869,0.0409002474253473,minmaxnorm
173,Q0,FR89731-0026,870,0.04071437614257292,minmaxnorm
173,Q0,AP890716-0024,871,0.04067267374113775,minmaxnorm
173,Q0,WSJ870422-0055,872,0.040552534859524425,minmaxnorm
173,Q0,DOE1-54-0133,873,0.040547110830705065,minmaxnorm
173,Q0,WSJ871208-0177,874,0.040458612799117236,minmaxnorm
173,Q0,DOE1-66-0938,875,0.040427460961355445,minmaxnorm
173,Q0,WSJ900404-0012,876,0.04038372145508725,minmaxnorm
173,Q0,DOE1-59-0488,877,0.04032767639079704,minmaxnorm
173,Q0,WSJ890822-0133,878,0.0402570173066758,minmaxnorm
173,Q0,AP890512-0040,879,0.04020425669517447,minmaxnorm
173,Q0,WSJ870601-0077,880,0.04009699146633301,minmaxnorm
173,Q0,WSJ900508-0005,881,0.04004385570142671,minmaxnorm
173,Q0,FR88708-0021,882,0.03997513682603851,minmaxnorm
173,Q0,AP880427-0263,883,0.039974740933249965,minmaxnorm
173,Q0,AP880303-0348,884,0.03981590445231411,minmaxnorm
173,Q0,WSJ920313-0018,885,0.03978484503407617,minmaxnorm
173,Q0,WSJ900601-0054,886,0.03977749654949572,minmaxnorm
173,Q0,WSJ910108-0074,887,0.039712744816127146,minmaxnorm
173,Q0,WSJ890929-0137,888,0.03965794370937317,minmaxnorm
173,Q0,AP880602-0080,889,0.03962833508165667,minmaxnorm
173,Q0,DOE2-83-0537,890,0.03952060145996601,minmaxnorm
173,Q0,FR89727-0017,891,0.03940318188353649,minmaxnorm
173,Q0,WSJ920227-0157,892,0.039368565844344394,minmaxnorm
173,Q0,AP891201-0066,893,0.03935447218101842,minmaxnorm
173,Q0,WSJ871222-0001,894,0.03917260277226377,minmaxnorm
173,Q0,ZF207-358-712,895,0.03916328658085483,minmaxnorm
173,Q0,WSJ910205-0011,896,0.03907690638848258,minmaxnorm
173,Q0,FR88708-0027,897,0.039044285824180826,minmaxnorm
173,Q0,AP880219-0027,898,0.03897561310175928,minmaxnorm
173,Q0,WSJ880211-0059,899,0.03893610938558226,minmaxnorm
173,Q0,AP890117-0237,900,0.03889670456153261,minmaxnorm
173,Q0,WSJ870421-0023,901,0.038783058338692146,minmaxnorm
173,Q0,AP880623-0030,902,0.03875111837071006,minmaxnorm
173,Q0,FR88105-0017,903,0.03874510362065117,minmaxnorm
173,Q0,FR89104-0013,904,0.03869960201876933,minmaxnorm
173,Q0,WSJ900404-0156,905,0.03867732126709973,minmaxnorm
173,Q0,WSJ880414-0014,906,0.03866005978682675,minmaxnorm
173,Q0,FR881123-0027,907,0.038603259233990696,minmaxnorm
173,Q0,FR89605-0033,908,0.038490808398133305,minmaxnorm
173,Q0,AP890106-0020,909,0.0383582955644404,minmaxnorm
173,Q0,WSJ911114-0075,910,0.038201089308237804,minmaxnorm
173,Q0,AP880613-0089,911,0.03819834024139158,minmaxnorm
173,Q0,AP880715-0286,912,0.038162467704857775,minmaxnorm
173,Q0,WSJ910515-0104,913,0.03812751747740324,minmaxnorm
173,Q0,AP880901-0178,914,0.038005125437926286,minmaxnorm
173,Q0,DOE1-33-0574,915,0.03791055150475823,minmaxnorm
173,Q0,AP891115-0183,916,0.0377111209754646,minmaxnorm
173,Q0,AP891103-0037,917,0.037702279039060024,minmaxnorm
173,Q0,FR88510-0034,918,0.03766887148359431,minmaxnorm
173,Q0,FR891113-0106,919,0.037630297444271946,minmaxnorm
173,Q0,FR88606-0011,920,0.037626803165387954,minmaxnorm
173,Q0,WSJ871008-0137,921,0.037549774031973154,minmaxnorm
173,Q0,AP880808-0044,922,0.037333736700436916,minmaxnorm
173,Q0,WSJ870220-0019,923,0.037269079528769636,minmaxnorm
173,Q0,AP881007-0099,924,0.03717530351808612,minmaxnorm
173,Q0,DOE1-35-0080,925,0.037133863492065246,minmaxnorm
173,Q0,AP890118-0118,926,0.03710750567676055,minmaxnorm
173,Q0,AP890629-0140,927,0.03707413709791468,minmaxnorm
173,Q0,WSJ911022-0003,928,0.037050187883315135,minmaxnorm
173,Q0,AP890909-0132,929,0.037031210063017655,minmaxnorm
173,Q0,FR88719-0105,930,0.03697380085789427,minmaxnorm
173,Q0,WSJ880607-0084,931,0.03685530419934422,minmaxnorm
173,Q0,WSJ910705-0189,932,0.03683986494193505,minmaxnorm
173,Q0,FR88712-0091,933,0.03683041271411118,minmaxnorm
173,Q0,FR89421-0118,934,0.03673448843216269,minmaxnorm
173,Q0,DOE2-63-0253,935,0.03668511532394765,minmaxnorm
173,Q0,FR891011-0020,936,0.0366753807213232,minmaxnorm
173,Q0,DOE2-55-0290,937,0.036669187457382395,minmaxnorm
173,Q0,AP880615-0337,938,0.03666587820670824,minmaxnorm
173,Q0,FR89131-0027,939,0.036644459214108784,minmaxnorm
173,Q0,DOE2-58-0410,940,0.03657983570236678,minmaxnorm
173,Q0,FR89608-0100,941,0.0365563265812586,minmaxnorm
173,Q0,WSJ880328-0122,942,0.03652658685961027,minmaxnorm
173,Q0,FR88830-0045,943,0.03651323531339314,minmaxnorm
173,Q0,AP890802-0099,944,0.03650722653673115,minmaxnorm
173,Q0,FR88829-0045,945,0.03649368013296088,minmaxnorm
173,Q0,FR88514-0001,946,0.03646374551320072,minmaxnorm
173,Q0,WSJ890927-0119,947,0.0364512323102934,minmaxnorm
173,Q0,AP881005-0314,948,0.03644085545373832,minmaxnorm
173,Q0,AP891129-0267,949,0.03643647901877057,minmaxnorm
173,Q0,AP890728-0022,950,0.036389670149565415,minmaxnorm
173,Q0,AP890525-0001,951,0.03637226680956788,minmaxnorm
173,Q0,FR881107-0026,952,0.036303896242986994,minmaxnorm
173,Q0,WSJ900703-0150,953,0.03629307273992336,minmaxnorm
173,Q0,ZF207-466-176,954,0.03617694235621814,minmaxnorm
173,Q0,FR88516-0042,955,0.03613119933894178,minmaxnorm
173,Q0,FR88601-0033,956,0.03609826894505465,minmaxnorm
173,Q0,WSJ900618-0087,957,0.03609672401715249,minmaxnorm
173,Q0,WSJ910625-0137,958,0.036071292193484296,minmaxnorm
173,Q0,WSJ870130-0033,959,0.036066608650151724,minmaxnorm
173,Q0,DOE1-46-0141,960,0.03605068853496169,minmaxnorm
173,Q0,WSJ870610-0146,961,0.03603452866268204,minmaxnorm
173,Q0,AP890223-0138,962,0.03597034210465384,minmaxnorm
173,Q0,WSJ880121-0115,963,0.03596174245876293,minmaxnorm
173,Q0,WSJ870123-0030,964,0.03587666771818288,minmaxnorm
173,Q0,WSJ890804-0003,965,0.0358453171899146,minmaxnorm
173,Q0,FR89131-0056,966,0.0357323407762213,minmaxnorm
173,Q0,WSJ870506-0152,967,0.03565871017087407,minmaxnorm
173,Q0,WSJ870306-0112,968,0.03558165429104651,minmaxnorm
173,Q0,DOE2-83-0599,969,0.035573849621250514,minmaxnorm
173,Q0,FR88823-0007,970,0.03550687645870777,minmaxnorm
173,Q0,WSJ891012-0053,971,0.03542711507598636,minmaxnorm
173,Q0,WSJ900827-0060,972,0.035390272055335646,minmaxnorm
173,Q0,FR881118-0006,973,0.03535508275624491,minmaxnorm
173,Q0,FR88927-0046,974,0.03533795851526671,minmaxnorm
173,Q0,AP891102-0028,975,0.035335599579804484,minmaxnorm
173,Q0,AP890818-0029,976,0.03526390525886213,minmaxnorm
173,Q0,WSJ871008-0059,977,0.035237894843938404,minmaxnorm
173,Q0,DOE2-35-0914,978,0.035230935544172295,minmaxnorm
173,Q0,AP880714-0213,979,0.03518138601446981,minmaxnorm
173,Q0,FR881129-0039,980,0.03503157436249776,minmaxnorm
173,Q0,WSJ920103-0067,981,0.03501971802824866,minmaxnorm
173,Q0,WSJ910131-0124,982,0.035011148063754785,minmaxnorm
173,Q0,FR88126-0109,983,0.03498352108876278,minmaxnorm
173,Q0,WSJ881024-0129,984,0.03481601828612045,minmaxnorm
173,Q0,FR88822-0075,985,0.034760138323164984,minmaxnorm
173,Q0,AP890302-0003,986,0.034722956910505136,minmaxnorm
173,Q0,AP890301-0249,987,0.034667057272114915,minmaxnorm
173,Q0,AP891103-0150,988,0.03463396342499224,minmaxnorm
173,Q0,AP891030-0091,989,0.034574746438066045,minmaxnorm
173,Q0,WSJ870205-0025,990,0.034504915036241215,minmaxnorm
173,Q0,WSJ871229-0023,991,0.034498714851237844,minmaxnorm
173,Q0,FR89124-0018,992,0.03449040765971247,minmaxnorm
173,Q0,FR891018-0010,993,0.03449037231702636,minmaxnorm
173,Q0,FR881121-0030,994,0.03447000525324372,minmaxnorm
173,Q0,WSJ920320-0080,995,0.03441898757387893,minmaxnorm
173,Q0,WSJ871021-0137,996,0.034407515277577586,minmaxnorm
173,Q0,FR88822-0079,997,0.034331301534162334,minmaxnorm
173,Q0,DOE2-75-0720,998,0.03432720387666283,minmaxnorm
173,Q0,DOE2-21-0960,999,0.034319946634578755,minmaxnorm
173,Q0,DOE1-06-0624,1000,0.0342754435644761,minmaxnorm
179,Q0,AP890808-0196,1,0.21699406909213242,minmaxnorm
179,Q0,WSJ910222-0090,2,0.20940528988444077,minmaxnorm
179,Q0,WSJ890809-0046,3,0.20823669778793927,minmaxnorm
179,Q0,WSJ900418-0133,4,0.2043238246969766,minmaxnorm
179,Q0,WSJ920221-0074,5,0.20222882581221546,minmaxnorm
179,Q0,AP880902-0034,6,0.20068973193662046,minmaxnorm
179,Q0,AP880216-0009,7,0.20034300845163772,minmaxnorm
179,Q0,WSJ870402-0001,8,0.19666540321545822,minmaxnorm
179,Q0,AP890713-0250,9,0.1930372709049918,minmaxnorm
179,Q0,WSJ900622-0097,10,0.19297787006147782,minmaxnorm
179,Q0,WSJ900822-0111,11,0.19251665836687365,minmaxnorm
179,Q0,WSJ880719-0111,12,0.190635101166919,minmaxnorm
179,Q0,WSJ900502-0075,13,0.18888327337412897,minmaxnorm
179,Q0,WSJ910613-0012,14,0.18849023915924568,minmaxnorm
179,Q0,WSJ861204-0024,15,0.1879953719042888,minmaxnorm
179,Q0,WSJ910628-0184,16,0.1877704128454042,minmaxnorm
179,Q0,AP880314-0110,17,0.18732576339252077,minmaxnorm
179,Q0,WSJ871110-0098,18,0.18726062296285448,minmaxnorm
179,Q0,WSJ870723-0065,19,0.18723515644226663,minmaxnorm
179,Q0,AP880406-0126,20,0.1865576197816937,minmaxnorm
179,Q0,WSJ910815-0039,21,0.1864884185430491,minmaxnorm
179,Q0,AP880713-0128,22,0.18646773620290097,minmaxnorm
179,Q0,AP880421-0308,23,0.18609508977537922,minmaxnorm
179,Q0,ZF207-547-942,24,0.18423545969856386,minmaxnorm
179,Q0,WSJ900618-0048,25,0.18166204102577688,minmaxnorm
179,Q0,WSJ900910-0061,26,0.18114252562428793,minmaxnorm
179,Q0,AP881019-0258,27,0.1804489041009394,minmaxnorm
179,Q0,AP880718-0039,28,0.17991109296903796,minmaxnorm
179,Q0,WSJ870211-0054,29,0.17983927510612166,minmaxnorm
179,Q0,WSJ900418-0050,30,0.17909117735250618,minmaxnorm
179,Q0,WSJ900912-0078,31,0.17892245000221565,minmaxnorm
179,Q0,AP880324-0193,32,0.17876280398609787,minmaxnorm
179,Q0,WSJ920205-0122,33,0.17860663416927947,minmaxnorm
179,Q0,WSJ870219-0088,34,0.17845064872056254,minmaxnorm
179,Q0,WSJ870512-0150,35,0.17707262516136468,minmaxnorm
179,Q0,AP891117-0241,36,0.17672059569795792,minmaxnorm
179,Q0,WSJ910808-0030,37,0.17581043261945212,minmaxnorm
179,Q0,WSJ880804-0041,38,0.17490510893062616,minmaxnorm
179,Q0,AP880913-0231,39,0.1745856556327833,minmaxnorm
179,Q0,WSJ870918-0123,40,0.17432517901480313,minmaxnorm
179,Q0,WSJ910913-0053,41,0.17403102049126498,minmaxnorm
179,Q0,WSJ910318-0144,42,0.172942283134455,minmaxnorm
179,Q0,WSJ870624-0143,43,0.17262583268775855,minmaxnorm
179,Q0,WSJ861222-0020,44,0.1724059484140423,minmaxnorm
179,Q0,AP880802-0139,45,0.1699749605301458,minmaxnorm
179,Q0,AP891219-0234,46,0.16996652691562925,minmaxnorm
179,Q0,AP891230-0072,47,0.1694901954238745,minmaxnorm
179,Q0,AP880620-0279,48,0.16911090587909253,minmaxnorm
179,Q0,WSJ880201-0087,49,0.16910718028061558,minmaxnorm
179,Q0,WSJ920121-0083,50,0.1689960213119797,minmaxnorm
179,Q0,WSJ870430-0128,51,0.1685912000717189,minmaxnorm
179,Q0,WSJ871020-0138,52,0.16826722098649627,minmaxnorm
179,Q0,WSJ881114-0100,53,0.16823113849010582,minmaxnorm
179,Q0,WSJ870529-0096,54,0.167603083995901,minmaxnorm
179,Q0,WSJ880119-0038,55,0.16759972466376688,minmaxnorm
179,Q0,AP891128-0204,56,0.1673832110321332,minmaxnorm
179,Q0,WSJ900524-0111,57,0.1672626240003562,minmaxnorm
179,Q0,WSJ910731-0018,58,0.16660694712397536,minmaxnorm
179,Q0,ZF108-797-070,59,0.16651889959361976,minmaxnorm
179,Q0,AP881004-0233,60,0.16639026366881438,minmaxnorm
179,Q0,WSJ880525-0143,61,0.16599727201317915,minmaxnorm
179,Q0,WSJ880428-0145,62,0.1652357456361871,minmaxnorm
179,Q0,AP880324-0095,63,0.16512961686239774,minmaxnorm
179,Q0,WSJ880201-0134,64,0.16454093853893564,minmaxnorm
179,Q0,AP891031-0287,65,0.16445952228655103,minmaxnorm
179,Q0,AP891012-0299,66,0.16422869992602682,minmaxnorm
179,Q0,AP880713-0059,67,0.1640893443480807,minmaxnorm
179,Q0,WSJ920313-0076,68,0.16361946673139618,minmaxnorm
179,Q0,WSJ880506-0066,69,0.1632862758314084,minmaxnorm
179,Q0,WSJ890929-0078,70,0.1628021143580687,minmaxnorm
179,Q0,WSJ871218-0129,71,0.1627209460680047,minmaxnorm
179,Q0,WSJ870803-0155,72,0.16253416215932415,minmaxnorm
179,Q0,WSJ910913-0087,73,0.16219905728582346,minmaxnorm
179,Q0,WSJ871013-0010,74,0.16215201320751743,minmaxnorm
179,Q0,WSJ870501-0111,75,0.16198762933191865,minmaxnorm
179,Q0,AP880429-0076,76,0.1612858556192067,minmaxnorm
179,Q0,WSJ910731-0032,77,0.16052749758021073,minmaxnorm
179,Q0,WSJ900913-0057,78,0.1604148672999092,minmaxnorm
179,Q0,ZF108-685-202,79,0.16030273125623523,minmaxnorm
179,Q0,WSJ910411-0054,80,0.1599927082073818,minmaxnorm
179,Q0,WSJ870812-0034,81,0.15927854743685543,minmaxnorm
179,Q0,WSJ880428-0064,82,0.15922385055237628,minmaxnorm
179,Q0,AP891206-0180,83,0.15892712908209758,minmaxnorm
179,Q0,WSJ880229-0112,84,0.15844431500409228,minmaxnorm
179,Q0,AP880222-0276,85,0.15840672237317366,minmaxnorm
179,Q0,WSJ910703-0040,86,0.15807913339076293,minmaxnorm
179,Q0,WSJ880826-0101,87,0.15806493072120656,minmaxnorm
179,Q0,WSJ891017-0135,88,0.15805229885814834,minmaxnorm
179,Q0,WSJ880811-0044,89,0.15757631496116117,minmaxnorm
179,Q0,WSJ920227-0093,90,0.15706327992880068,minmaxnorm
179,Q0,AP880212-0122,91,0.1569761153101327,minmaxnorm
179,Q0,AP890704-0159,92,0.156732484451538,minmaxnorm
179,Q0,WSJ870901-0068,93,0.1560257643425767,minmaxnorm
179,Q0,WSJ910709-0011,94,0.15595102213382714,minmaxnorm
179,Q0,WSJ880616-0051,95,0.15591477490698993,minmaxnorm
179,Q0,WSJ900502-0083,96,0.1557707777356357,minmaxnorm
179,Q0,AP880620-0269,97,0.1557649859284277,minmaxnorm
179,Q0,WSJ870709-0091,98,0.15562126637545295,minmaxnorm
179,Q0,AP891121-0244,99,0.15519389433478673,minmaxnorm
179,Q0,AP890426-0264,100,0.15517821212358104,minmaxnorm
179,Q0,WSJ880809-0108,101,0.1551768934877991,minmaxnorm
179,Q0,WSJ881005-0179,102,0.15515567097455887,minmaxnorm
179,Q0,WSJ900511-0001,103,0.15441279750220524,minmaxnorm
179,Q0,AP880526-0013,104,0.15404939363662296,minmaxnorm
179,Q0,AP880808-0261,105,0.1539236441609717,minmaxnorm
179,Q0,AP880819-0273,106,0.15374309291589155,minmaxnorm
179,Q0,AP880622-0350,107,0.15351784270849625,minmaxnorm
179,Q0,WSJ910705-0160,108,0.1535109528806537,minmaxnorm
179,Q0,WSJ910920-0001,109,0.15350574271912365,minmaxnorm
179,Q0,AP880722-0114,110,0.15323346420429143,minmaxnorm
179,Q0,WSJ910430-0131,111,0.15287184082483368,minmaxnorm
179,Q0,AP890608-0284,112,0.1527655386545417,minmaxnorm
179,Q0,WSJ901228-0067,113,0.15231437212008705,minmaxnorm
179,Q0,WSJ870921-0044,114,0.1522820643377935,minmaxnorm
179,Q0,WSJ880617-0096,115,0.15226619281059814,minmaxnorm
179,Q0,AP890207-0234,116,0.15223796706556383,minmaxnorm
179,Q0,WSJ881007-0006,117,0.1521080083813455,minmaxnorm
179,Q0,WSJ861224-0138,118,0.15190237170522178,minmaxnorm
179,Q0,WSJ880318-0198,119,0.15189653580859402,minmaxnorm
179,Q0,WSJ891023-0001,120,0.15182275924572963,minmaxnorm
179,Q0,WSJ880805-0074,121,0.15108000560040813,minmaxnorm
179,Q0,WSJ880706-0062,122,0.15099950004387752,minmaxnorm
179,Q0,ZF108-642-048,123,0.15093703728717708,minmaxnorm
179,Q0,WSJ900718-0128,124,0.1507061174887002,minmaxnorm
179,Q0,WSJ900706-0124,125,0.15030294076626002,minmaxnorm
179,Q0,WSJ910409-0096,126,0.15018030615792227,minmaxnorm
179,Q0,AP890309-0094,127,0.15015395051806493,minmaxnorm
179,Q0,AP891122-0011,128,0.15008150662529493,minmaxnorm
179,Q0,AP890126-0296,129,0.149734621482143,minmaxnorm
179,Q0,WSJ880401-0039,130,0.14973387579959652,minmaxnorm
179,Q0,WSJ880303-0099,131,0.14927691201595886,minmaxnorm
179,Q0,WSJ880927-0046,132,0.14927062836310592,minmaxnorm
179,Q0,WSJ910724-0069,133,0.1486573280544397,minmaxnorm
179,Q0,WSJ870512-0113,134,0.14850929034084173,minmaxnorm
179,Q0,AP890203-0142,135,0.14841692687676572,minmaxnorm
179,Q0,WSJ910319-0056,136,0.14808694530265326,minmaxnorm
179,Q0,WSJ861204-0162,137,0.1477756922543956,minmaxnorm
179,Q0,WSJ900611-0133,138,0.14751589768304163,minmaxnorm
179,Q0,AP890906-0304,139,0.14740869610136353,minmaxnorm
179,Q0,AP891219-0222,140,0.14724155877320746,minmaxnorm
179,Q0,WSJ910930-0137,141,0.14718560485486776,minmaxnorm
179,Q0,WSJ911023-0064,142,0.14705541139353526,minmaxnorm
179,Q0,WSJ881013-0098,143,0.1470014065874893,minmaxnorm
179,Q0,AP881018-0291,144,0.1468386882195051,minmaxnorm
179,Q0,AP891218-0258,145,0.14650904942493997,minmaxnorm
179,Q0,WSJ911022-0084,146,0.14645974194609945,minmaxnorm
179,Q0,WSJ900724-0013,147,0.14613295912478638,minmaxnorm
179,Q0,WSJ910206-0052,148,0.14610081929881436,minmaxnorm
179,Q0,AP880721-0298,149,0.14595174686992246,minmaxnorm
179,Q0,AP890830-0241,150,0.1457658779026663,minmaxnorm
179,Q0,AP890616-0257,151,0.14550895677703343,minmaxnorm
179,Q0,WSJ880503-0123,152,0.14541479447085506,minmaxnorm
179,Q0,ZF207-556-516,153,0.14522249603982706,minmaxnorm
179,Q0,AP890220-0168,154,0.14518899895634438,minmaxnorm
179,Q0,WSJ910222-0040,155,0.14494524439737105,minmaxnorm
179,Q0,AP881219-0286,156,0.14453001123438136,minmaxnorm
179,Q0,AP880726-0251,157,0.14410890565849538,minmaxnorm
179,Q0,AP881006-0277,158,0.14406199693398852,minmaxnorm
179,Q0,WSJ920313-0080,159,0.14404966684300666,minmaxnorm
179,Q0,AP890630-0238,160,0.14389938027273355,minmaxnorm
179,Q0,WSJ910516-0101,161,0.14387653837644482,minmaxnorm
179,Q0,ZF207-133-282,162,0.14370686851209294,minmaxnorm
179,Q0,AP880429-0170,163,0.14346377391371073,minmaxnorm
179,Q0,WSJ881005-0035,164,0.1433656191632429,minmaxnorm
179,Q0,AP880623-0293,165,0.14335439133288408,minmaxnorm
179,Q0,WSJ870303-0080,166,0.14328834985818079,minmaxnorm
179,Q0,WSJ870903-0003,167,0.1432334710519917,minmaxnorm
179,Q0,WSJ870504-0098,168,0.14305089713981875,minmaxnorm
179,Q0,WSJ870512-0110,169,0.14291768215343809,minmaxnorm
179,Q0,WSJ890929-0024,170,0.14289767698573197,minmaxnorm
179,Q0,WSJ910610-0024,171,0.1427845254798906,minmaxnorm
179,Q0,AP881004-0215,172,0.14271137516441118,minmaxnorm
179,Q0,ZF207-334-038,173,0.1427075878676718,minmaxnorm
179,Q0,AP891214-0229,174,0.14260410264086407,minmaxnorm
179,Q0,ZF109-657-149,175,0.14258774672566812,minmaxnorm
179,Q0,WSJ900725-0132,176,0.14235733708321444,minmaxnorm
179,Q0,WSJ880606-0044,177,0.1417663836438158,minmaxnorm
179,Q0,WSJ870507-0021,178,0.14172598391009542,minmaxnorm
179,Q0,WSJ910422-0173,179,0.14145335103503967,minmaxnorm
179,Q0,WSJ910912-0135,180,0.14131435389523975,minmaxnorm
179,Q0,WSJ880622-0036,181,0.14124999940894406,minmaxnorm
179,Q0,ZF109-623-179,182,0.1411711105342032,minmaxnorm
179,Q0,AP880427-0311,183,0.1410083210377408,minmaxnorm
179,Q0,WSJ870302-0139,184,0.1408948102585251,minmaxnorm
179,Q0,WSJ871203-0034,185,0.14075226262368504,minmaxnorm
179,Q0,WSJ910925-0041,186,0.14074820607071992,minmaxnorm
179,Q0,WSJ881014-0110,187,0.14072815297914237,minmaxnorm
179,Q0,AP890714-0272,188,0.1404094726798617,minmaxnorm
179,Q0,WSJ920303-0013,189,0.14035339359644816,minmaxnorm
179,Q0,WSJ891026-0109,190,0.1403394564665443,minmaxnorm
179,Q0,WSJ900830-0066,191,0.14029035899129796,minmaxnorm
179,Q0,AP881213-0264,192,0.14023605240391118,minmaxnorm
179,Q0,WSJ880401-0086,193,0.1401300422471575,minmaxnorm
179,Q0,WSJ880913-0156,194,0.14009860466041338,minmaxnorm
179,Q0,WSJ910528-0125,195,0.1397825056792079,minmaxnorm
179,Q0,AP890703-0276,196,0.1395443355636103,minmaxnorm
179,Q0,WSJ880527-0132,197,0.1395356857900597,minmaxnorm
179,Q0,AP890504-0260,198,0.13919804382529954,minmaxnorm
179,Q0,AP881219-0283,199,0.13913140034285026,minmaxnorm
179,Q0,AP890501-0244,200,0.13895800099806996,minmaxnorm
179,Q0,AP890908-0260,201,0.13887988634765952,minmaxnorm
179,Q0,AP890308-0277,202,0.1387627819305702,minmaxnorm
179,Q0,WSJ871222-0101,203,0.13869042807315135,minmaxnorm
179,Q0,AP891219-0188,204,0.13862462949989018,minmaxnorm
179,Q0,WSJ901221-0032,205,0.13830837531078247,minmaxnorm
179,Q0,WSJ910111-0158,206,0.13825337747032934,minmaxnorm
179,Q0,WSJ911002-0027,207,0.1380045548798183,minmaxnorm
179,Q0,AP891115-0238,208,0.13785788921137143,minmaxnorm
179,Q0,AP890221-0282,209,0.13764867566274885,minmaxnorm
179,Q0,WSJ910926-0028,210,0.13737318990410735,minmaxnorm
179,Q0,WSJ900925-0005,211,0.1371691627797118,minmaxnorm
179,Q0,WSJ880408-0132,212,0.13703622426234977,minmaxnorm
179,Q0,WSJ870729-0084,213,0.13689566228710665,minmaxnorm
179,Q0,WSJ880203-0068,214,0.1367831998003965,minmaxnorm
179,Q0,AP881025-0273,215,0.13678022846483595,minmaxnorm
179,Q0,ZF207-538-354,216,0.13674795061371425,minmaxnorm
179,Q0,WSJ880112-0080,217,0.13668158330794536,minmaxnorm
179,Q0,WSJ900508-0087,218,0.13615400987391296,minmaxnorm
179,Q0,WSJ900417-0101,219,0.13611041159028042,minmaxnorm
179,Q0,WSJ900808-0037,220,0.13603675933422985,minmaxnorm
179,Q0,AP880427-0295,221,0.1360318270751811,minmaxnorm
179,Q0,WSJ910612-0067,222,0.13594914725635646,minmaxnorm
179,Q0,WSJ870914-0139,223,0.13594101377383308,minmaxnorm
179,Q0,WSJ900411-0004,224,0.1358376574629987,minmaxnorm
179,Q0,AP881011-0252,225,0.13575025379506667,minmaxnorm
179,Q0,WSJ880111-0055,226,0.1357050174651236,minmaxnorm
179,Q0,AP880509-0201,227,0.13564280073032245,minmaxnorm
179,Q0,WSJ900628-0038,228,0.1354694662260812,minmaxnorm
179,Q0,WSJ880310-0130,229,0.13531923338302837,minmaxnorm
179,Q0,WSJ880725-0004,230,0.1351385541880159,minmaxnorm
179,Q0,AP890730-0085,231,0.13495423283880192,minmaxnorm
179,Q0,AP891108-0278,232,0.13487645306970245,minmaxnorm
179,Q0,WSJ881006-0031,233,0.13445049176270307,minmaxnorm
179,Q0,WSJ890908-0109,234,0.13424834777925196,minmaxnorm
179,Q0,WSJ880916-0021,235,0.13376977917191613,minmaxnorm
179,Q0,WSJ880912-0011,236,0.13350493981466988,minmaxnorm
179,Q0,WSJ890912-0125,237,0.13349288655066505,minmaxnorm
179,Q0,WSJ911004-0137,238,0.13346963327294084,minmaxnorm
179,Q0,AP881108-0240,239,0.133456070909676,minmaxnorm
179,Q0,WSJ870402-0077,240,0.1332210389252414,minmaxnorm
179,Q0,WSJ880603-0082,241,0.13319775941462064,minmaxnorm
179,Q0,AP880621-0333,242,0.13284483336945563,minmaxnorm
179,Q0,AP880919-0271,243,0.13269477198590326,minmaxnorm
179,Q0,WSJ911015-0081,244,0.13252352593764155,minmaxnorm
179,Q0,AP890803-0298,245,0.13200853755580993,minmaxnorm
179,Q0,AP890615-0290,246,0.13196333834702792,minmaxnorm
179,Q0,ZF207-344-060,247,0.13138682948538943,minmaxnorm
179,Q0,WSJ880920-0072,248,0.1312390488378166,minmaxnorm
179,Q0,WSJ880617-0118,249,0.1312145234961263,minmaxnorm
179,Q0,ZF207-738-524,250,0.13097690259224876,minmaxnorm
179,Q0,WSJ871026-0116,251,0.13087715684505719,minmaxnorm
179,Q0,AP880430-0080,252,0.13077749792840734,minmaxnorm
179,Q0,AP890119-0297,253,0.13074023449315236,minmaxnorm
179,Q0,WSJ890927-0163,254,0.13073102345967674,minmaxnorm
179,Q0,WSJ911025-0122,255,0.13045125247170053,minmaxnorm
179,Q0,WSJ900823-0093,256,0.13040176075011062,minmaxnorm
179,Q0,AP890914-0021,257,0.13029662167108014,minmaxnorm
179,Q0,AP880904-0025,258,0.13024826843582646,minmaxnorm
179,Q0,AP891208-0276,259,0.13019764206768888,minmaxnorm
179,Q0,WSJ870206-0059,260,0.13009828723422986,minmaxnorm
179,Q0,AP880318-0298,261,0.12979682298873654,minmaxnorm
179,Q0,WSJ861231-0160,262,0.12936055728289164,minmaxnorm
179,Q0,WSJ890727-0149,263,0.12934412085672764,minmaxnorm
179,Q0,WSJ881006-0058,264,0.12932885900167793,minmaxnorm
179,Q0,ZF207-549-918,265,0.12925783780705757,minmaxnorm
179,Q0,WSJ880621-0008,266,0.12922406718499607,minmaxnorm
179,Q0,WSJ880225-0065,267,0.1290546315478219,minmaxnorm
179,Q0,AP880517-0208,268,0.1289829883372026,minmaxnorm
179,Q0,WSJ881028-0117,269,0.12893969028657334,minmaxnorm
179,Q0,AP880410-0083,270,0.1288744257139051,minmaxnorm
179,Q0,WSJ870218-0091,271,0.12885543691944384,minmaxnorm
179,Q0,WSJ880705-0037,272,0.12882115832586738,minmaxnorm
179,Q0,AP890216-0282,273,0.12876764320166104,minmaxnorm
179,Q0,WSJ870922-0020,274,0.1287186001950463,minmaxnorm
179,Q0,AP880722-0305,275,0.12833796032474082,minmaxnorm
179,Q0,WSJ880610-0126,276,0.1283325097332791,minmaxnorm
179,Q0,WSJ900726-0011,277,0.12828575544029847,minmaxnorm
179,Q0,WSJ890921-0166,278,0.12815132376115163,minmaxnorm
179,Q0,WSJ910123-0032,279,0.12795243409786386,minmaxnorm
179,Q0,WSJ910906-0132,280,0.12760773040194356,minmaxnorm
179,Q0,WSJ910903-0138,281,0.12743275749049335,minmaxnorm
179,Q0,WSJ911011-0149,282,0.12725692253801757,minmaxnorm
179,Q0,AP880217-0253,283,0.12721698276646895,minmaxnorm
179,Q0,AP881028-0296,284,0.12708726285264454,minmaxnorm
179,Q0,WSJ870501-0078,285,0.1270147591934364,minmaxnorm
179,Q0,WSJ911126-0056,286,0.12685967103835255,minmaxnorm
179,Q0,AP890722-0152,287,0.12674491429493578,minmaxnorm
179,Q0,AP890619-0298,288,0.1265631367182827,minmaxnorm
179,Q0,WSJ910524-0181,289,0.12633094684582566,minmaxnorm
179,Q0,WSJ900413-0148,290,0.12610203685594112,minmaxnorm
179,Q0,WSJ880609-0008,291,0.1259754885023198,minmaxnorm
179,Q0,WSJ910506-0162,292,0.12590911989845893,minmaxnorm
179,Q0,WSJ880919-0038,293,0.1258339999718704,minmaxnorm
179,Q0,AP880920-0243,294,0.12575912683438192,minmaxnorm
179,Q0,AP890822-0177,295,0.12571076902499606,minmaxnorm
179,Q0,AP881108-0239,296,0.12552168223437085,minmaxnorm
179,Q0,AP890322-0289,297,0.12527387205575702,minmaxnorm
179,Q0,WSJ880318-0032,298,0.12522195659502652,minmaxnorm
179,Q0,WSJ910227-0013,299,0.12518600797684523,minmaxnorm
179,Q0,WSJ880330-0032,300,0.12516902645791092,minmaxnorm
179,Q0,WSJ880502-0092,301,0.1250838672015851,minmaxnorm
179,Q0,WSJ900507-0046,302,0.12503943498515718,minmaxnorm
179,Q0,WSJ910212-0164,303,0.12500234281558986,minmaxnorm
179,Q0,WSJ880629-0128,304,0.12496417791366542,minmaxnorm
179,Q0,WSJ900601-0034,305,0.124877223527732,minmaxnorm
179,Q0,WSJ880712-0133,306,0.12484820124416696,minmaxnorm
179,Q0,WSJ880108-0084,307,0.1247613880834667,minmaxnorm
179,Q0,WSJ910412-0089,308,0.12468035273669371,minmaxnorm
179,Q0,WSJ880509-0144,309,0.12447406093978228,minmaxnorm
179,Q0,AP880725-0281,310,0.12426134532845093,minmaxnorm
179,Q0,AP890412-0240,311,0.12395672765460465,minmaxnorm
179,Q0,WSJ911104-0193,312,0.1239358310785026,minmaxnorm
179,Q0,WSJ900501-0128,313,0.12321226924784318,minmaxnorm
179,Q0,WSJ891026-0004,314,0.12276738913352832,minmaxnorm
179,Q0,WSJ900612-0026,315,0.12272931100499321,minmaxnorm
179,Q0,WSJ900918-0075,316,0.12266025566296822,minmaxnorm
179,Q0,WSJ870716-0054,317,0.12254577537496338,minmaxnorm
179,Q0,WSJ880202-0055,318,0.12249092680291106,minmaxnorm
179,Q0,WSJ881108-0095,319,0.12244823114971941,minmaxnorm
179,Q0,AP891114-0148,320,0.12233040869299207,minmaxnorm
179,Q0,WSJ870326-0006,321,0.12232253980882091,minmaxnorm
179,Q0,WSJ910910-0028,322,0.12223807979270307,minmaxnorm
179,Q0,WSJ920320-0072,323,0.12221464103520584,minmaxnorm
179,Q0,WSJ910603-0050,324,0.1221265861620236,minmaxnorm
179,Q0,AP880324-0110,325,0.12194631785855342,minmaxnorm
179,Q0,WSJ870807-0123,326,0.12187874438214599,minmaxnorm
179,Q0,AP890926-0275,327,0.12182527138529672,minmaxnorm
179,Q0,AP880604-0159,328,0.12180199141812208,minmaxnorm
179,Q0,WSJ900605-0138,329,0.1217863363166482,minmaxnorm
179,Q0,WSJ870521-0016,330,0.12173893926798281,minmaxnorm
179,Q0,WSJ880225-0037,331,0.12152621454769746,minmaxnorm
179,Q0,WSJ890727-0063,332,0.12127233445619913,minmaxnorm
179,Q0,ZF108-772-782,333,0.12124422141772837,minmaxnorm
179,Q0,WSJ881021-0095,334,0.12108964028732355,minmaxnorm
179,Q0,ZF207-377-644,335,0.1210781131040728,minmaxnorm
179,Q0,WSJ890802-0039,336,0.12088495602569223,minmaxnorm
179,Q0,WSJ900404-0035,337,0.12070093262667111,minmaxnorm
179,Q0,WSJ910815-0055,338,0.12035190211987101,minmaxnorm
179,Q0,WSJ891019-0140,339,0.12026021408398768,minmaxnorm
179,Q0,AP890308-0251,340,0.12016840129888649,minmaxnorm
179,Q0,WSJ880204-0110,341,0.12009165027511748,minmaxnorm
179,Q0,WSJ900808-0100,342,0.12007320954879355,minmaxnorm
179,Q0,WSJ870123-0012,343,0.1200404281647754,minmaxnorm
179,Q0,WSJ900608-0144,344,0.1200189465873696,minmaxnorm
179,Q0,WSJ910314-0104,345,0.11996060587601842,minmaxnorm
179,Q0,WSJ910313-0171,346,0.11985722345840322,minmaxnorm
179,Q0,WSJ910423-0110,347,0.11980325302212527,minmaxnorm
179,Q0,WSJ870218-0086,348,0.11978138976311754,minmaxnorm
179,Q0,WSJ870825-0100,349,0.11975825518583573,minmaxnorm
179,Q0,WSJ891017-0065,350,0.11964494386036043,minmaxnorm
179,Q0,WSJ880129-0057,351,0.11946392722029987,minmaxnorm
179,Q0,WSJ900413-0134,352,0.11941074200196987,minmaxnorm
179,Q0,AP880627-0287,353,0.11907262536793453,minmaxnorm
179,Q0,WSJ870424-0093,354,0.1189629299257757,minmaxnorm
179,Q0,WSJ911009-0040,355,0.1189027746933684,minmaxnorm
179,Q0,AP880511-0321,356,0.11871504880192342,minmaxnorm
179,Q0,WSJ910501-0099,357,0.11859251030313202,minmaxnorm
179,Q0,WSJ920204-0069,358,0.11850219668164472,minmaxnorm
179,Q0,WSJ880914-0056,359,0.11847526543113933,minmaxnorm
179,Q0,AP890405-0261,360,0.11842829750429144,minmaxnorm
179,Q0,AP881202-0247,361,0.11838154625072812,minmaxnorm
179,Q0,WSJ910314-0114,362,0.118096597710791,minmaxnorm
179,Q0,WSJ910508-0080,363,0.11806658548391458,minmaxnorm
179,Q0,WSJ871022-0021,364,0.11784156238195569,minmaxnorm
179,Q0,WSJ910315-0053,365,0.11774500128472037,minmaxnorm
179,Q0,WSJ910313-0024,366,0.11767026232940234,minmaxnorm
179,Q0,WSJ890831-0115,367,0.1175683553780332,minmaxnorm
179,Q0,WSJ910319-0199,368,0.117505420957807,minmaxnorm
179,Q0,AP880821-0050,369,0.1172715797584708,minmaxnorm
179,Q0,WSJ891030-0045,370,0.11724193092061234,minmaxnorm
179,Q0,WSJ861226-0114,371,0.11706780837216064,minmaxnorm
179,Q0,ZF207-406-086,372,0.1170643535374702,minmaxnorm
179,Q0,WSJ881025-0001,373,0.11697410041219358,minmaxnorm
179,Q0,WSJ870417-0196,374,0.11684050003418416,minmaxnorm
179,Q0,WSJ910718-0098,375,0.11677781642791538,minmaxnorm
179,Q0,WSJ871201-0122,376,0.11673909883277907,minmaxnorm
179,Q0,WSJ870227-0063,377,0.1167112355421229,minmaxnorm
179,Q0,AP880226-0263,378,0.11669784181974693,minmaxnorm
179,Q0,WSJ880729-0098,379,0.11653016770313057,minmaxnorm
179,Q0,WSJ910125-0063,380,0.1164632348381082,minmaxnorm
179,Q0,WSJ910503-0142,381,0.11644912218403725,minmaxnorm
179,Q0,WSJ900724-0045,382,0.11605803816574702,minmaxnorm
179,Q0,WSJ861223-0020,383,0.11584674868570924,minmaxnorm
179,Q0,WSJ880721-0144,384,0.11583235170531778,minmaxnorm
179,Q0,WSJ910808-0071,385,0.11575370060200121,minmaxnorm
179,Q0,WSJ880603-0011,386,0.11558640740565312,minmaxnorm
179,Q0,AP890914-0233,387,0.11552919736153651,minmaxnorm
179,Q0,AP881220-0232,388,0.11549085808370244,minmaxnorm
179,Q0,AP880912-0267,389,0.11533587397543357,minmaxnorm
179,Q0,AP890615-0253,390,0.11531063898098214,minmaxnorm
179,Q0,WSJ861209-0068,391,0.11530415352753448,minmaxnorm
179,Q0,AP880908-0267,392,0.11522002237844153,minmaxnorm
179,Q0,WSJ890913-0086,393,0.11499719897029388,minmaxnorm
179,Q0,WSJ870406-0132,394,0.11461988282709146,minmaxnorm
179,Q0,WSJ870518-0008,395,0.11452134520913632,minmaxnorm
179,Q0,AP890421-0270,396,0.11415812063682078,minmaxnorm
179,Q0,AP880602-0318,397,0.1139940398757439,minmaxnorm
179,Q0,WSJ870402-0043,398,0.11397430357467597,minmaxnorm
179,Q0,WSJ891018-0041,399,0.1138327829816236,minmaxnorm
179,Q0,WSJ900416-0035,400,0.11373210918106116,minmaxnorm
179,Q0,AP891110-0270,401,0.11367027025974423,minmaxnorm
179,Q0,WSJ870327-0157,402,0.11357486392787378,minmaxnorm
179,Q0,WSJ870218-0126,403,0.11352811373698073,minmaxnorm
179,Q0,WSJ870921-0057,404,0.1130493721653116,minmaxnorm
179,Q0,WSJ910308-0071,405,0.11296827514164182,minmaxnorm
179,Q0,WSJ861218-0075,406,0.11290545494549188,minmaxnorm
179,Q0,WSJ870225-0145,407,0.11283845201732778,minmaxnorm
179,Q0,WSJ911003-0021,408,0.11241939883658818,minmaxnorm
179,Q0,WSJ910108-0066,409,0.11227324981579141,minmaxnorm
179,Q0,WSJ920324-0026,410,0.11225921359006227,minmaxnorm
179,Q0,AP881219-0294,411,0.11216733669566402,minmaxnorm
179,Q0,WSJ880229-0086,412,0.1120943251466106,minmaxnorm
179,Q0,AP880225-0171,413,0.11206412752662678,minmaxnorm
179,Q0,WSJ870915-0153,414,0.11179993110227067,minmaxnorm
179,Q0,WSJ870811-0056,415,0.1115640063067182,minmaxnorm
179,Q0,WSJ870128-0099,416,0.11119412235186144,minmaxnorm
179,Q0,WSJ910502-0103,417,0.11102900726003578,minmaxnorm
179,Q0,AP890714-0290,418,0.11099875870563494,minmaxnorm
179,Q0,WSJ900413-0053,419,0.11088532736171272,minmaxnorm
179,Q0,WSJ881005-0086,420,0.11084470239172226,minmaxnorm
179,Q0,AP880623-0252,421,0.11077303148605441,minmaxnorm
179,Q0,AP890904-0103,422,0.11068616596686912,minmaxnorm
179,Q0,WSJ880314-0159,423,0.11047127002293013,minmaxnorm
179,Q0,WSJ900411-0061,424,0.11046598793485514,minmaxnorm
179,Q0,AP890502-0261,425,0.11039325408237445,minmaxnorm
179,Q0,WSJ880920-0063,426,0.11016075249300018,minmaxnorm
179,Q0,WSJ910611-0014,427,0.1100657906022399,minmaxnorm
179,Q0,AP890405-0260,428,0.10984662306621464,minmaxnorm
179,Q0,WSJ870728-0046,429,0.10977573849830566,minmaxnorm
179,Q0,WSJ910926-0171,430,0.10951948838543624,minmaxnorm
179,Q0,WSJ880115-0011,431,0.10938011574098708,minmaxnorm
179,Q0,WSJ900419-0019,432,0.10937238534074602,minmaxnorm
179,Q0,WSJ910605-0041,433,0.10919349447383121,minmaxnorm
179,Q0,AP880901-0030,434,0.10886426797938642,minmaxnorm
179,Q0,WSJ900403-0150,435,0.10886046696622467,minmaxnorm
179,Q0,AP881209-0191,436,0.10882241156001357,minmaxnorm
179,Q0,WSJ880628-0106,437,0.10839106600012353,minmaxnorm
179,Q0,WSJ881007-0140,438,0.10835417963030085,minmaxnorm
179,Q0,WSJ900426-0096,439,0.10831851518538639,minmaxnorm
179,Q0,WSJ880316-0088,440,0.10830189048205542,minmaxnorm
179,Q0,WSJ910408-0025,441,0.10814714702338395,minmaxnorm
179,Q0,WSJ910829-0048,442,0.107924416202944,minmaxnorm
179,Q0,WSJ870911-0064,443,0.10746575405398798,minmaxnorm
179,Q0,WSJ870327-0064,444,0.10721109265736078,minmaxnorm
179,Q0,WSJ880129-0013,445,0.10713236771108434,minmaxnorm
179,Q0,WSJ910614-0018,446,0.1070160331548725,minmaxnorm
179,Q0,FR89418-0017,447,0.1069837004426043,minmaxnorm
179,Q0,WSJ880203-0121,448,0.10653847676704635,minmaxnorm
179,Q0,WSJ880930-0059,449,0.10647511011959132,minmaxnorm
179,Q0,WSJ880222-0163,450,0.1061985290998743,minmaxnorm
179,Q0,WSJ900830-0126,451,0.10565092704094665,minmaxnorm
179,Q0,WSJ880826-0171,452,0.10545207486352987,minmaxnorm
179,Q0,WSJ871124-0075,453,0.10536133956957898,minmaxnorm
179,Q0,AP880304-0219,454,0.1052960031200505,minmaxnorm
179,Q0,WSJ880205-0085,455,0.10486116013755697,minmaxnorm
179,Q0,WSJ870625-0047,456,0.10484664969332402,minmaxnorm
179,Q0,WSJ910730-0089,457,0.10475469992781497,minmaxnorm
179,Q0,WSJ911129-0022,458,0.10448277981144666,minmaxnorm
179,Q0,AP891019-0297,459,0.10448276560103562,minmaxnorm
179,Q0,WSJ870512-0093,460,0.10443348038564261,minmaxnorm
179,Q0,WSJ900913-0122,461,0.10436246841739667,minmaxnorm
179,Q0,AP890927-0289,462,0.10427300399242906,minmaxnorm
179,Q0,AP880722-0072,463,0.10402718700055322,minmaxnorm
179,Q0,WSJ900409-0084,464,0.10398987812008767,minmaxnorm
179,Q0,WSJ880726-0036,465,0.10390530052109938,minmaxnorm
179,Q0,WSJ880302-0054,466,0.10384596705917412,minmaxnorm
179,Q0,AP881013-0310,467,0.10365748537084742,minmaxnorm
179,Q0,WSJ880223-0013,468,0.10355780029885693,minmaxnorm
179,Q0,AP890726-0276,469,0.10346043564790101,minmaxnorm
179,Q0,WSJ880301-0008,470,0.10292969911765026,minmaxnorm
179,Q0,WSJ870820-0131,471,0.10247761739205838,minmaxnorm
179,Q0,AP880622-0308,472,0.1023750424306641,minmaxnorm
179,Q0,WSJ881025-0033,473,0.10222334049327314,minmaxnorm
179,Q0,AP881019-0243,474,0.10211388943852168,minmaxnorm
179,Q0,WSJ910513-0112,475,0.10209992551780718,minmaxnorm
179,Q0,AP890615-0300,476,0.10196113753614172,minmaxnorm
179,Q0,WSJ880621-0021,477,0.10182594813158612,minmaxnorm
179,Q0,WSJ870624-0093,478,0.10161153766518954,minmaxnorm
179,Q0,AP880827-0069,479,0.10155093365142373,minmaxnorm
179,Q0,WSJ881013-0115,480,0.1010764319298928,minmaxnorm
179,Q0,AP880713-0307,481,0.10100213532130162,minmaxnorm
179,Q0,WSJ881005-0029,482,0.10099900345239318,minmaxnorm
179,Q0,AP890411-0193,483,0.10090582253106573,minmaxnorm
179,Q0,WSJ870220-0085,484,0.10089330945611924,minmaxnorm
179,Q0,WSJ880525-0056,485,0.10084573528777208,minmaxnorm
179,Q0,ZF108-780-480,486,0.1007683464081484,minmaxnorm
179,Q0,AP891017-0066,487,0.10069123018486294,minmaxnorm
179,Q0,WSJ920228-0126,488,0.10054183606926503,minmaxnorm
179,Q0,WSJ870323-0112,489,0.10041385733940733,minmaxnorm
179,Q0,AP890927-0234,490,0.10037192645790662,minmaxnorm
179,Q0,WSJ880406-0071,491,0.10032377489271267,minmaxnorm
179,Q0,AP881212-0303,492,0.0997023324639949,minmaxnorm
179,Q0,WSJ911008-0114,493,0.09945203088920583,minmaxnorm
179,Q0,AP880829-0272,494,0.09936720643140716,minmaxnorm
179,Q0,AP880901-0284,495,0.09930004783742034,minmaxnorm
179,Q0,WSJ881026-0074,496,0.09919686801817709,minmaxnorm
179,Q0,WSJ880701-0021,497,0.09899200263662497,minmaxnorm
179,Q0,WSJ911220-0040,498,0.09884098098952529,minmaxnorm
179,Q0,WSJ890825-0151,499,0.0988268101803884,minmaxnorm
179,Q0,WSJ880930-0057,500,0.0985063350727939,minmaxnorm
179,Q0,AP890827-0015,501,0.098405098185086,minmaxnorm
179,Q0,WSJ880510-0115,502,0.09839180884754005,minmaxnorm
179,Q0,AP891214-0199,503,0.09833290955162909,minmaxnorm
179,Q0,ZF207-345-254,504,0.09791599944187418,minmaxnorm
179,Q0,WSJ911111-0084,505,0.09791574449743491,minmaxnorm
179,Q0,AP880228-0098,506,0.09787393415579994,minmaxnorm
179,Q0,WSJ870106-0120,507,0.09779865268388635,minmaxnorm
179,Q0,AP880710-0081,508,0.09763998385964952,minmaxnorm
179,Q0,WSJ911115-0012,509,0.09733981700714714,minmaxnorm
179,Q0,WSJ910930-0073,510,0.09732110106997213,minmaxnorm
179,Q0,AP891017-0256,511,0.09715274038883251,minmaxnorm
179,Q0,AP880318-0333,512,0.09711415466944846,minmaxnorm
179,Q0,WSJ911107-0078,513,0.09696996291078347,minmaxnorm
179,Q0,AP890830-0268,514,0.096673812100763,minmaxnorm
179,Q0,WSJ911016-0147,515,0.09663300861606924,minmaxnorm
179,Q0,WSJ910618-0028,516,0.09624067817005619,minmaxnorm
179,Q0,WSJ920324-0023,517,0.0961487929624217,minmaxnorm
179,Q0,WSJ870205-0083,518,0.09610092641512842,minmaxnorm
179,Q0,WSJ900917-0142,519,0.09609438421283881,minmaxnorm
179,Q0,WSJ920109-0122,520,0.09606779932104118,minmaxnorm
179,Q0,AP890317-0205,521,0.09588388117986027,minmaxnorm
179,Q0,WSJ881007-0042,522,0.09559992285535776,minmaxnorm
179,Q0,WSJ881101-0088,523,0.09517331557488994,minmaxnorm
179,Q0,WSJ870310-0014,524,0.09506774897940092,minmaxnorm
179,Q0,WSJ911111-0024,525,0.0948970087706673,minmaxnorm
179,Q0,WSJ880906-0052,526,0.0948376599233455,minmaxnorm
179,Q0,WSJ871015-0120,527,0.09477237367838977,minmaxnorm
179,Q0,WSJ910930-0025,528,0.09469760085857501,minmaxnorm
179,Q0,WSJ910813-0003,529,0.0946540788487816,minmaxnorm
179,Q0,WSJ900402-0184,530,0.09458539742755057,minmaxnorm
179,Q0,WSJ900824-0077,531,0.09416601506941523,minmaxnorm
179,Q0,WSJ880928-0029,532,0.09404592270996774,minmaxnorm
179,Q0,WSJ910327-0072,533,0.09393514331271323,minmaxnorm
179,Q0,AP881220-0217,534,0.09390183556374204,minmaxnorm
179,Q0,WSJ880830-0040,535,0.09371923657104976,minmaxnorm
179,Q0,WSJ871002-0082,536,0.09370233706397907,minmaxnorm
179,Q0,WSJ870917-0145,537,0.09355151543162248,minmaxnorm
179,Q0,AP880308-0284,538,0.0934366273674872,minmaxnorm
179,Q0,WSJ920128-0006,539,0.0934245254724254,minmaxnorm
179,Q0,WSJ870717-0112,540,0.09332923720890951,minmaxnorm
179,Q0,WSJ880506-0019,541,0.09327577611686355,minmaxnorm
179,Q0,WSJ910715-0039,542,0.09318323105605585,minmaxnorm
179,Q0,FR89725-0014,543,0.0931525291024243,minmaxnorm
179,Q0,WSJ870204-0027,544,0.09305129162859013,minmaxnorm
179,Q0,WSJ910109-0061,545,0.09277821244225483,minmaxnorm
179,Q0,WSJ880715-0152,546,0.09273405815343501,minmaxnorm
179,Q0,WSJ871007-0118,547,0.0922447975325434,minmaxnorm
179,Q0,WSJ891024-0103,548,0.0921996639498614,minmaxnorm
179,Q0,WSJ881104-0021,549,0.0920845760671242,minmaxnorm
179,Q0,WSJ890920-0100,550,0.09204966707051225,minmaxnorm
179,Q0,AP890918-0229,551,0.09188040863297396,minmaxnorm
179,Q0,WSJ900821-0053,552,0.0918642398350557,minmaxnorm
179,Q0,WSJ880826-0175,553,0.09179341428785287,minmaxnorm
179,Q0,WSJ881101-0013,554,0.09141665883369675,minmaxnorm
179,Q0,WSJ900813-0079,555,0.0912148687408295,minmaxnorm
179,Q0,AP890218-0047,556,0.09115997955856163,minmaxnorm
179,Q0,AP890404-0182,557,0.09112412643581638,minmaxnorm
179,Q0,AP881214-0288,558,0.09094461284132896,minmaxnorm
179,Q0,WSJ910830-0077,559,0.09088643350533954,minmaxnorm
179,Q0,WSJ880902-0162,560,0.09082250322973459,minmaxnorm
179,Q0,WSJ890922-0160,561,0.090679111674979,minmaxnorm
179,Q0,AP881005-0270,562,0.09067006114615515,minmaxnorm
179,Q0,WSJ880727-0041,563,0.09053294758631258,minmaxnorm
179,Q0,AP880531-0186,564,0.09048333189729436,minmaxnorm
179,Q0,AP880707-0197,565,0.09012944554205007,minmaxnorm
179,Q0,WSJ910725-0106,566,0.08995407458269303,minmaxnorm
179,Q0,WSJ910903-0117,567,0.08990449508878412,minmaxnorm
179,Q0,WSJ910404-0103,568,0.08962071573690109,minmaxnorm
179,Q0,AP890105-0093,569,0.08957212766330169,minmaxnorm
179,Q0,WSJ910723-0110,570,0.08954958587977194,minmaxnorm
179,Q0,WSJ920207-0181,571,0.08930069071416191,minmaxnorm
179,Q0,WSJ901221-0185,572,0.08919657678163023,minmaxnorm
179,Q0,WSJ880801-0093,573,0.08906008937585516,minmaxnorm
179,Q0,AP880519-0048,574,0.08860567147115386,minmaxnorm
179,Q0,AP880930-0238,575,0.08846689862140159,minmaxnorm
179,Q0,WSJ861208-0116,576,0.08835923074914112,minmaxnorm
179,Q0,WSJ911003-0135,577,0.08835459020755657,minmaxnorm
179,Q0,AP890318-0098,578,0.08834840047964375,minmaxnorm
179,Q0,WSJ890828-0040,579,0.08805438610042651,minmaxnorm
179,Q0,WSJ910426-0050,580,0.08786233444375258,minmaxnorm
179,Q0,WSJ890925-0160,581,0.08780569608186417,minmaxnorm
179,Q0,WSJ910312-0018,582,0.08769661168760408,minmaxnorm
179,Q0,ZF107-974-984,583,0.08767888102927324,minmaxnorm
179,Q0,WSJ911028-0094,584,0.08761919890847314,minmaxnorm
179,Q0,WSJ870501-0031,585,0.08753061891078566,minmaxnorm
179,Q0,WSJ870826-0122,586,0.08749778634827962,minmaxnorm
179,Q0,WSJ870519-0101,587,0.08746613392129778,minmaxnorm
179,Q0,AP890125-0044,588,0.08723285824919785,minmaxnorm
179,Q0,WSJ920103-0059,589,0.08717974006393046,minmaxnorm
179,Q0,WSJ910320-0043,590,0.08715354372091977,minmaxnorm
179,Q0,WSJ911106-0006,591,0.08708857904046037,minmaxnorm
179,Q0,WSJ900611-0072,592,0.08679977944945665,minmaxnorm
179,Q0,AP890303-0167,593,0.08662349688605105,minmaxnorm
179,Q0,WSJ910619-0062,594,0.08650618594868924,minmaxnorm
179,Q0,AP880823-0066,595,0.08625846599853898,minmaxnorm
179,Q0,WSJ890725-0160,596,0.08625257475159105,minmaxnorm
179,Q0,AP881013-0313,597,0.08624134629034283,minmaxnorm
179,Q0,AP881006-0263,598,0.08623436963731732,minmaxnorm
179,Q0,WSJ881028-0142,599,0.08608114815897448,minmaxnorm
179,Q0,AP881118-0229,600,0.08598469402129627,minmaxnorm
179,Q0,WSJ900404-0120,601,0.08596606498226739,minmaxnorm
179,Q0,WSJ870504-0100,602,0.08576426419481793,minmaxnorm
179,Q0,AP881216-0285,603,0.08573154523997435,minmaxnorm
179,Q0,AP880824-0082,604,0.08572486737660379,minmaxnorm
179,Q0,AP880812-0002,605,0.08568199719548877,minmaxnorm
179,Q0,WSJ890928-0015,606,0.08566525051927562,minmaxnorm
179,Q0,AP890905-0242,607,0.08565448305493674,minmaxnorm
179,Q0,WSJ910913-0163,608,0.08548860552884244,minmaxnorm
179,Q0,WSJ880218-0083,609,0.08530422812800215,minmaxnorm
179,Q0,WSJ910315-0158,610,0.08498795225002556,minmaxnorm
179,Q0,WSJ880725-0141,611,0.08479389109294468,minmaxnorm
179,Q0,WSJ900906-0101,612,0.0847762890848036,minmaxnorm
179,Q0,WSJ880314-0120,613,0.08465611442687301,minmaxnorm
179,Q0,WSJ920124-0046,614,0.08457963509710362,minmaxnorm
179,Q0,WSJ870904-0151,615,0.08445666895843683,minmaxnorm
179,Q0,WSJ910313-0123,616,0.08430078721558443,minmaxnorm
179,Q0,AP880730-0002,617,0.0842015329229668,minmaxnorm
179,Q0,AP890308-0245,618,0.08411192366526019,minmaxnorm
179,Q0,WSJ880415-0099,619,0.08397010218259453,minmaxnorm
179,Q0,ZF108-680-684,620,0.08389527200607524,minmaxnorm
179,Q0,AP890216-0087,621,0.08347006266641988,minmaxnorm
179,Q0,AP881102-0316,622,0.08336923400798057,minmaxnorm
179,Q0,WSJ890804-0190,623,0.08313000259832501,minmaxnorm
179,Q0,WSJ900427-0032,624,0.08300539127550956,minmaxnorm
179,Q0,WSJ880404-0022,625,0.08289781660016707,minmaxnorm
179,Q0,AP881104-0150,626,0.08285123977752848,minmaxnorm
179,Q0,AP880317-0259,627,0.0828499128578875,minmaxnorm
179,Q0,AP890819-0063,628,0.08264254064639638,minmaxnorm
179,Q0,WSJ910305-0051,629,0.08257628737577621,minmaxnorm
179,Q0,AP890707-0022,630,0.08245624696314749,minmaxnorm
179,Q0,AP880609-0091,631,0.08235588694062582,minmaxnorm
179,Q0,WSJ880926-0127,632,0.08218931669657836,minmaxnorm
179,Q0,AP881213-0270,633,0.08194223678594004,minmaxnorm
179,Q0,WSJ870501-0009,634,0.08190685470256782,minmaxnorm
179,Q0,AP890721-0240,635,0.08183654465978718,minmaxnorm
179,Q0,WSJ910514-0096,636,0.08177405222751953,minmaxnorm
179,Q0,AP890125-0267,637,0.08162311983489225,minmaxnorm
179,Q0,WSJ881115-0134,638,0.08159753260668563,minmaxnorm
179,Q0,WSJ910917-0002,639,0.08146069947562182,minmaxnorm
179,Q0,AP881206-0064,640,0.0812917227597358,minmaxnorm
179,Q0,WSJ900406-0042,641,0.0811917373334037,minmaxnorm
179,Q0,WSJ881007-0011,642,0.08118179330496396,minmaxnorm
179,Q0,WSJ870504-0022,643,0.08115197956489557,minmaxnorm
179,Q0,WSJ910312-0029,644,0.08110507975287484,minmaxnorm
179,Q0,WSJ900530-0047,645,0.08102980188680135,minmaxnorm
179,Q0,WSJ881013-0073,646,0.08095206596126307,minmaxnorm
179,Q0,WSJ880829-0047,647,0.08074194722339191,minmaxnorm
179,Q0,WSJ890804-0047,648,0.08068334927699726,minmaxnorm
179,Q0,WSJ870622-0022,649,0.08066023870691305,minmaxnorm
179,Q0,WSJ871118-0163,650,0.08055690220278809,minmaxnorm
179,Q0,WSJ910702-0133,651,0.08051667501350056,minmaxnorm
179,Q0,WSJ880914-0126,652,0.08044801042585192,minmaxnorm
179,Q0,AP881103-0015,653,0.08043525568428694,minmaxnorm
179,Q0,WSJ910509-0146,654,0.08043391402071279,minmaxnorm
179,Q0,AP890430-0061,655,0.08006964782653613,minmaxnorm
179,Q0,WSJ870129-0110,656,0.07988702508518326,minmaxnorm
179,Q0,AP880313-0040,657,0.07980534633730306,minmaxnorm
179,Q0,AP881223-0027,658,0.07977970867814849,minmaxnorm
179,Q0,WSJ880829-0002,659,0.0797740633740229,minmaxnorm
179,Q0,WSJ881021-0027,660,0.07975686134426808,minmaxnorm
179,Q0,AP890309-0220,661,0.07970321670832223,minmaxnorm
179,Q0,ZF207-330-616,662,0.0795776525612417,minmaxnorm
179,Q0,ZF108-711-436,663,0.07956890303306262,minmaxnorm
179,Q0,WSJ890915-0074,664,0.07947946720144053,minmaxnorm
179,Q0,AP890306-0299,665,0.07930213724325828,minmaxnorm
179,Q0,WSJ900620-0117,666,0.07925787923070418,minmaxnorm
179,Q0,AP890325-0135,667,0.0790914769180537,minmaxnorm
179,Q0,WSJ871216-0080,668,0.07908836767610906,minmaxnorm
179,Q0,WSJ910517-0128,669,0.07894217294833361,minmaxnorm
179,Q0,AP880524-0176,670,0.07891634541353372,minmaxnorm
179,Q0,WSJ910816-0147,671,0.07889582919034416,minmaxnorm
179,Q0,WSJ910328-0066,672,0.07879047903691676,minmaxnorm
179,Q0,DOE1-43-0672,673,0.0787650888580136,minmaxnorm
179,Q0,WSJ880321-0125,674,0.07871076405076054,minmaxnorm
179,Q0,WSJ880624-0014,675,0.07856343045809139,minmaxnorm
179,Q0,AP890208-0271,676,0.07854292239541834,minmaxnorm
179,Q0,WSJ910729-0145,677,0.07850127414623331,minmaxnorm
179,Q0,WSJ870427-0044,678,0.07846716646915299,minmaxnorm
179,Q0,WSJ880722-0016,679,0.07805875276129627,minmaxnorm
179,Q0,WSJ880202-0066,680,0.07792586770191406,minmaxnorm
179,Q0,WSJ880630-0021,681,0.07765544109242117,minmaxnorm
179,Q0,WSJ880914-0006,682,0.07747167957734258,minmaxnorm
179,Q0,AP891027-0250,683,0.07746865766697061,minmaxnorm
179,Q0,AP881220-0219,684,0.07721042471786795,minmaxnorm
179,Q0,AP880813-0034,685,0.07713960281069912,minmaxnorm
179,Q0,WSJ890911-0008,686,0.07696519917077667,minmaxnorm
179,Q0,WSJ910514-0117,687,0.07681448114401698,minmaxnorm
179,Q0,AP881213-0265,688,0.07667962590299131,minmaxnorm
179,Q0,WSJ920323-0021,689,0.07665408368809801,minmaxnorm
179,Q0,WSJ920212-0057,690,0.07657560908303469,minmaxnorm
179,Q0,AP890725-0256,691,0.07634631732537045,minmaxnorm
179,Q0,WSJ900802-0074,692,0.07601004388024546,minmaxnorm
179,Q0,WSJ900619-0057,693,0.07592899620935056,minmaxnorm
179,Q0,AP880627-0263,694,0.07573316030203801,minmaxnorm
179,Q0,WSJ871125-0114,695,0.07561722529836655,minmaxnorm
179,Q0,WSJ910819-0157,696,0.07558011621249275,minmaxnorm
179,Q0,AP890504-0044,697,0.07535382609668413,minmaxnorm
179,Q0,WSJ910805-0164,698,0.07532580009183867,minmaxnorm
179,Q0,WSJ900531-0031,699,0.07515750720167781,minmaxnorm
179,Q0,AP880907-0225,700,0.07513378320895173,minmaxnorm
179,Q0,WSJ861231-0124,701,0.07493928457090843,minmaxnorm
179,Q0,AP880713-0234,702,0.07479292218067841,minmaxnorm
179,Q0,WSJ911206-0062,703,0.07479039967459443,minmaxnorm
179,Q0,WSJ910312-0081,704,0.0747680974550421,minmaxnorm
179,Q0,AP890519-0222,705,0.07463826095513597,minmaxnorm
179,Q0,WSJ910618-0143,706,0.07461424289269697,minmaxnorm
179,Q0,WSJ870203-0161,707,0.07452238863517624,minmaxnorm
179,Q0,WSJ880927-0140,708,0.07442880191424711,minmaxnorm
179,Q0,AP891222-0243,709,0.07440871985113497,minmaxnorm
179,Q0,WSJ881004-0001,710,0.0743179859960233,minmaxnorm
179,Q0,WSJ900402-0135,711,0.07429724358078886,minmaxnorm
179,Q0,WSJ870505-0018,712,0.07428363791293896,minmaxnorm
179,Q0,WSJ911023-0095,713,0.0739419387574844,minmaxnorm
179,Q0,WSJ910816-0016,714,0.07389303412261389,minmaxnorm
179,Q0,AP881018-0022,715,0.07380563241451173,minmaxnorm
179,Q0,WSJ910624-0089,716,0.07380092249458066,minmaxnorm
179,Q0,WSJ910513-0108,717,0.07377749760176015,minmaxnorm
179,Q0,ZF207-508-572,718,0.07341699348118212,minmaxnorm
179,Q0,AP890512-0290,719,0.07334281399379422,minmaxnorm
179,Q0,WSJ880324-0113,720,0.07323181132493158,minmaxnorm
179,Q0,WSJ871002-0145,721,0.07311622109017746,minmaxnorm
179,Q0,WSJ880413-0162,722,0.07301075431214092,minmaxnorm
179,Q0,WSJ920110-0123,723,0.07289330655717649,minmaxnorm
179,Q0,WSJ890725-0133,724,0.07288787617190168,minmaxnorm
179,Q0,AP880819-0140,725,0.07285579508993492,minmaxnorm
179,Q0,AP890626-0238,726,0.07276401083801287,minmaxnorm
179,Q0,AP881121-0319,727,0.0721799345619045,minmaxnorm
179,Q0,WSJ911122-0152,728,0.07211535185085105,minmaxnorm
179,Q0,AP891215-0291,729,0.07210439506435597,minmaxnorm
179,Q0,AP891108-0155,730,0.07184542154189148,minmaxnorm
179,Q0,AP880529-0050,731,0.07173103066999613,minmaxnorm
179,Q0,WSJ870219-0048,732,0.07171781186925467,minmaxnorm
179,Q0,WSJ871216-0154,733,0.07161422159880845,minmaxnorm
179,Q0,WSJ890907-0030,734,0.07160959477587703,minmaxnorm
179,Q0,AP890608-0233,735,0.07125712054488509,minmaxnorm
179,Q0,WSJ870122-0111,736,0.07123276342756371,minmaxnorm
179,Q0,AP881024-0220,737,0.07119202696841956,minmaxnorm
179,Q0,AP890927-0262,738,0.0711313581160594,minmaxnorm
179,Q0,AP890713-0069,739,0.070893255599022,minmaxnorm
179,Q0,WSJ881012-0123,740,0.07076537515399457,minmaxnorm
179,Q0,AP880511-0032,741,0.07068475698331914,minmaxnorm
179,Q0,WSJ870323-0104,742,0.07061761710301874,minmaxnorm
179,Q0,AP890531-0016,743,0.07054875552157705,minmaxnorm
179,Q0,WSJ880809-0035,744,0.07044011716953365,minmaxnorm
179,Q0,AP881026-0225,745,0.07043432698174137,minmaxnorm
179,Q0,WSJ920210-0125,746,0.07026954801304303,minmaxnorm
179,Q0,WSJ910422-0164,747,0.0699100085078121,minmaxnorm
179,Q0,ZF207-721-900,748,0.06981807675480516,minmaxnorm
179,Q0,WSJ871106-0078,749,0.06978024675198588,minmaxnorm
179,Q0,AP880428-0079,750,0.06962102076668865,minmaxnorm
179,Q0,WSJ861208-0128,751,0.06944995733792038,minmaxnorm
179,Q0,AP880325-0035,752,0.06899200194236509,minmaxnorm
179,Q0,WSJ871224-0086,753,0.06897157991760743,minmaxnorm
179,Q0,AP890615-0230,754,0.06885190012425847,minmaxnorm
179,Q0,WSJ881104-0131,755,0.06884080833497634,minmaxnorm
179,Q0,WSJ870915-0006,756,0.06881882312982003,minmaxnorm
179,Q0,AP890711-0099,757,0.06878301390313707,minmaxnorm
179,Q0,WSJ910124-0154,758,0.06877327578771814,minmaxnorm
179,Q0,WSJ881010-0075,759,0.06855998291357034,minmaxnorm
179,Q0,WSJ900710-0100,760,0.06845428369502556,minmaxnorm
179,Q0,AP880616-0022,761,0.06843569361514529,minmaxnorm
179,Q0,WSJ870211-0064,762,0.06838530382878177,minmaxnorm
179,Q0,WSJ870218-0064,763,0.06835326942369249,minmaxnorm
179,Q0,AP880610-0192,764,0.06833587623261848,minmaxnorm
179,Q0,AP890312-0084,765,0.0680557394560996,minmaxnorm
179,Q0,AP890721-0269,766,0.06798697189421278,minmaxnorm
179,Q0,WSJ870513-0069,767,0.06790730131865354,minmaxnorm
179,Q0,AP880711-0046,768,0.06779137571276252,minmaxnorm
179,Q0,WSJ870521-0067,769,0.06776249443765053,minmaxnorm
179,Q0,ZF108-141-790,770,0.06770781314217086,minmaxnorm
179,Q0,WSJ880930-0022,771,0.06768546655990691,minmaxnorm
179,Q0,WSJ861224-0066,772,0.06761156235455214,minmaxnorm
179,Q0,AP890623-0200,773,0.06758622727851635,minmaxnorm
179,Q0,WSJ910816-0075,774,0.06757294901853186,minmaxnorm
179,Q0,WSJ900413-0161,775,0.0675277212339306,minmaxnorm
179,Q0,AP890513-0052,776,0.06740776300498105,minmaxnorm
179,Q0,WSJ910828-0091,777,0.06731442321310707,minmaxnorm
179,Q0,WSJ910806-0067,778,0.06731261210346055,minmaxnorm
179,Q0,WSJ880408-0053,779,0.06727639292016467,minmaxnorm
179,Q0,WSJ910409-0125,780,0.06721383807884355,minmaxnorm
179,Q0,WSJ870331-0159,781,0.0671764088446868,minmaxnorm
179,Q0,WSJ870825-0006,782,0.06715330714071348,minmaxnorm
179,Q0,WSJ870904-0087,783,0.06704845729200488,minmaxnorm
179,Q0,WSJ880926-0177,784,0.06696305341073293,minmaxnorm
179,Q0,WSJ910830-0048,785,0.06694362255123014,minmaxnorm
179,Q0,AP881207-0097,786,0.06677278949072714,minmaxnorm
179,Q0,AP880906-0066,787,0.06673613312110915,minmaxnorm
179,Q0,WSJ910417-0079,788,0.0667078227664241,minmaxnorm
179,Q0,AP890608-0283,789,0.06652753588122073,minmaxnorm
179,Q0,WSJ911213-0003,790,0.06647821551603185,minmaxnorm
179,Q0,WSJ870423-0168,791,0.06642893623478059,minmaxnorm
179,Q0,WSJ871214-0111,792,0.06642604662960226,minmaxnorm
179,Q0,WSJ870326-0175,793,0.06636325754294432,minmaxnorm
179,Q0,WSJ880803-0159,794,0.06632353824131561,minmaxnorm
179,Q0,WSJ890911-0053,795,0.06624835576822993,minmaxnorm
179,Q0,WSJ911127-0159,796,0.06618172949107576,minmaxnorm
179,Q0,WSJ910718-0027,797,0.06611994476651456,minmaxnorm
179,Q0,AP881021-0236,798,0.06610666053199372,minmaxnorm
179,Q0,WSJ890919-0044,799,0.0657959458400119,minmaxnorm
179,Q0,AP890523-0209,800,0.0657611444751539,minmaxnorm
179,Q0,WSJ900801-0007,801,0.06559697731603997,minmaxnorm
179,Q0,WSJ890921-0002,802,0.06550458488563321,minmaxnorm
179,Q0,WSJ880902-0055,803,0.06541299155112544,minmaxnorm
179,Q0,WSJ861230-0051,804,0.06537763626544818,minmaxnorm
179,Q0,WSJ880718-0142,805,0.06511472390909441,minmaxnorm
179,Q0,WSJ910208-0101,806,0.06510067504853374,minmaxnorm
179,Q0,WSJ910522-0122,807,0.06498289888433254,minmaxnorm
179,Q0,AP890115-0024,808,0.06473960717162855,minmaxnorm
179,Q0,AP891113-0102,809,0.06473039339155486,minmaxnorm
179,Q0,WSJ900406-0060,810,0.06455123668629181,minmaxnorm
179,Q0,AP890427-0238,811,0.06452381989976937,minmaxnorm
179,Q0,AP890216-0157,812,0.06447965519365967,minmaxnorm
179,Q0,WSJ880418-0102,813,0.06435550077914606,minmaxnorm
179,Q0,WSJ880809-0077,814,0.0643167202000852,minmaxnorm
179,Q0,WSJ910424-0220,815,0.06428113901922614,minmaxnorm
179,Q0,WSJ890918-0066,816,0.06425270146702101,minmaxnorm
179,Q0,WSJ870310-0117,817,0.06383373883895715,minmaxnorm
179,Q0,WSJ881004-0085,818,0.0638152617261514,minmaxnorm
179,Q0,WSJ881111-0058,819,0.06376520131690752,minmaxnorm
179,Q0,WSJ861231-0068,820,0.06349111598085946,minmaxnorm
179,Q0,WSJ870312-0184,821,0.06340607168600618,minmaxnorm
179,Q0,AP880531-0195,822,0.06324942797703556,minmaxnorm
179,Q0,AP890906-0308,823,0.0631214144587072,minmaxnorm
179,Q0,WSJ910417-0033,824,0.06310372215259163,minmaxnorm
179,Q0,WSJ890921-0127,825,0.0630712344157374,minmaxnorm
179,Q0,WSJ870304-0043,826,0.06306688818765471,minmaxnorm
179,Q0,AP881019-0239,827,0.06302334712698379,minmaxnorm
179,Q0,WSJ880518-0050,828,0.06290692703080908,minmaxnorm
179,Q0,WSJ910801-0061,829,0.06286981189583184,minmaxnorm
179,Q0,WSJ900406-0019,830,0.062790557207107,minmaxnorm
179,Q0,WSJ870709-0052,831,0.06247691032168894,minmaxnorm
179,Q0,WSJ870430-0131,832,0.06231078143494214,minmaxnorm
179,Q0,WSJ880608-0136,833,0.06227251231539717,minmaxnorm
179,Q0,WSJ880929-0090,834,0.06226117306312205,minmaxnorm
179,Q0,AP880912-0014,835,0.06215422945591642,minmaxnorm
179,Q0,WSJ891011-0065,836,0.06209316669786817,minmaxnorm
179,Q0,DOE1-63-0553,837,0.06202394805106959,minmaxnorm
179,Q0,DOE1-66-0832,838,0.06202186231388071,minmaxnorm
179,Q0,AP890511-0286,839,0.06200003707854884,minmaxnorm
179,Q0,DOE1-33-0251,840,0.06198927827360627,minmaxnorm
179,Q0,AP880701-0255,841,0.061955262009938464,minmaxnorm
179,Q0,AP881218-0001,842,0.061927763963653834,minmaxnorm
179,Q0,WSJ911113-0031,843,0.0618682612624221,minmaxnorm
179,Q0,WSJ910816-0168,844,0.06124868134000523,minmaxnorm
179,Q0,WSJ871022-0132,845,0.06109288258851247,minmaxnorm
179,Q0,WSJ881026-0112,846,0.06100974090398435,minmaxnorm
179,Q0,WSJ861203-0005,847,0.06083622442467286,minmaxnorm
179,Q0,WSJ900524-0006,848,0.060830332657528546,minmaxnorm
179,Q0,WSJ890815-0001,849,0.0608149504001294,minmaxnorm
179,Q0,WSJ900531-0060,850,0.06067440765285557,minmaxnorm
179,Q0,AP890421-0249,851,0.06044030960337762,minmaxnorm
179,Q0,WSJ900508-0028,852,0.06023345593389541,minmaxnorm
179,Q0,AP881211-0081,853,0.06021536937296762,minmaxnorm
179,Q0,AP890615-0238,854,0.0601883694283167,minmaxnorm
179,Q0,AP890915-0282,855,0.060168880519657304,minmaxnorm
179,Q0,AP890914-0215,856,0.06015815628760752,minmaxnorm
179,Q0,WSJ871014-0079,857,0.0600516946856745,minmaxnorm
179,Q0,WSJ920130-0009,858,0.059958590141868044,minmaxnorm
179,Q0,AP881220-0210,859,0.059956936726980985,minmaxnorm
179,Q0,WSJ911230-0065,860,0.05994190861451401,minmaxnorm
179,Q0,WSJ910211-0015,861,0.059781051575563814,minmaxnorm
179,Q0,WSJ880919-0062,862,0.05973400175103056,minmaxnorm
179,Q0,WSJ910123-0151,863,0.05961528818942651,minmaxnorm
179,Q0,AP881007-0212,864,0.0595532504647652,minmaxnorm
179,Q0,WSJ900424-0141,865,0.059450814225796,minmaxnorm
179,Q0,WSJ870107-0103,866,0.059361911991598404,minmaxnorm
179,Q0,AP880907-0282,867,0.05932921892603231,minmaxnorm
179,Q0,WSJ880516-0139,868,0.05928706568976609,minmaxnorm
179,Q0,AP880920-0274,869,0.05917714194565299,minmaxnorm
179,Q0,WSJ871211-0084,870,0.05902481311177135,minmaxnorm
179,Q0,WSJ881116-0186,871,0.05899343749733868,minmaxnorm
179,Q0,AP890213-0249,872,0.058908748383966314,minmaxnorm
179,Q0,WSJ911129-0128,873,0.05878749652958,minmaxnorm
179,Q0,AP880318-0324,874,0.05878046549123315,minmaxnorm
179,Q0,AP890303-0008,875,0.05874887590614619,minmaxnorm
179,Q0,WSJ870327-0108,876,0.058716574549383775,minmaxnorm
179,Q0,AP890224-0232,877,0.058701405450951455,minmaxnorm
179,Q0,WSJ920205-0066,878,0.05861401647191457,minmaxnorm
179,Q0,AP881128-0233,879,0.05846532100729763,minmaxnorm
179,Q0,AP890808-0194,880,0.05842648843628176,minmaxnorm
179,Q0,AP891219-0207,881,0.05828022252218215,minmaxnorm
179,Q0,AP890323-0016,882,0.05825289366503376,minmaxnorm
179,Q0,WSJ880923-0182,883,0.05782730243823462,minmaxnorm
179,Q0,WSJ870703-0048,884,0.05759484359843506,minmaxnorm
179,Q0,WSJ911121-0006,885,0.057240040773202806,minmaxnorm
179,Q0,AP890628-0244,886,0.05723348055612867,minmaxnorm
179,Q0,WSJ870323-0102,887,0.05720890138083588,minmaxnorm
179,Q0,AP880229-0265,888,0.05710814469207423,minmaxnorm
179,Q0,WSJ891016-0107,889,0.057063816079434546,minmaxnorm
179,Q0,WSJ881111-0151,890,0.05692685890037299,minmaxnorm
179,Q0,WSJ910808-0045,891,0.05690487594448034,minmaxnorm
179,Q0,AP880412-0144,892,0.05679050430760289,minmaxnorm
179,Q0,WSJ881116-0059,893,0.05675268797798806,minmaxnorm
179,Q0,WSJ871110-0013,894,0.05672031333364157,minmaxnorm
179,Q0,WSJ900522-0116,895,0.05663824634865579,minmaxnorm
179,Q0,AP890217-0171,896,0.05657651898194032,minmaxnorm
179,Q0,WSJ870522-0176,897,0.05643035770777673,minmaxnorm
179,Q0,WSJ880523-0143,898,0.05634340168782532,minmaxnorm
179,Q0,AP890707-0252,899,0.05628713080074838,minmaxnorm
179,Q0,ZF207-065-350,900,0.05625564488030989,minmaxnorm
179,Q0,WSJ920107-0060,901,0.05623353112915856,minmaxnorm
179,Q0,WSJ880216-0087,902,0.05620513424883763,minmaxnorm
179,Q0,WSJ870615-0093,903,0.0560969256681768,minmaxnorm
179,Q0,WSJ870811-0045,904,0.055973510818221106,minmaxnorm
179,Q0,AP881219-0258,905,0.055816486856280885,minmaxnorm
179,Q0,ZF108-203-584,906,0.05580144292521046,minmaxnorm
179,Q0,WSJ861204-0116,907,0.0554798569043721,minmaxnorm
179,Q0,WSJ861208-0021,908,0.05517514674610321,minmaxnorm
179,Q0,WSJ881021-0057,909,0.0550909005351936,minmaxnorm
179,Q0,WSJ870401-0017,910,0.055068373902003656,minmaxnorm
179,Q0,WSJ920316-0089,911,0.05501632435474476,minmaxnorm
179,Q0,AP890519-0203,912,0.05500586644680548,minmaxnorm
179,Q0,WSJ910517-0193,913,0.0548601409084164,minmaxnorm
179,Q0,WSJ870107-0165,914,0.05480756594555203,minmaxnorm
179,Q0,WSJ911216-0083,915,0.05475280072480808,minmaxnorm
179,Q0,WSJ870407-0129,916,0.05466942955891932,minmaxnorm
179,Q0,WSJ900801-0163,917,0.054644764669586066,minmaxnorm
179,Q0,WSJ910228-0022,918,0.054578026798942476,minmaxnorm
179,Q0,WSJ900410-0133,919,0.054495070404611566,minmaxnorm
179,Q0,WSJ910328-0159,920,0.054333960864942646,minmaxnorm
179,Q0,WSJ910402-0041,921,0.05431910429524976,minmaxnorm
179,Q0,WSJ880304-0174,922,0.0540499366336696,minmaxnorm
179,Q0,WSJ880624-0131,923,0.053988403051653325,minmaxnorm
179,Q0,AP880803-0050,924,0.0538142185928411,minmaxnorm
179,Q0,WSJ880722-0047,925,0.05381030945309232,minmaxnorm
179,Q0,WSJ870127-0102,926,0.05377612343867112,minmaxnorm
179,Q0,WSJ870108-0060,927,0.05370381307036888,minmaxnorm
179,Q0,WSJ880725-0057,928,0.05359336329966005,minmaxnorm
179,Q0,WSJ900905-0102,929,0.053562741157543343,minmaxnorm
179,Q0,WSJ871009-0031,930,0.053538620421899705,minmaxnorm
179,Q0,WSJ861209-0134,931,0.05346349941980681,minmaxnorm
179,Q0,WSJ880801-0024,932,0.053354649886276535,minmaxnorm
179,Q0,WSJ890809-0052,933,0.05334795922349174,minmaxnorm
179,Q0,WSJ890807-0021,934,0.053296534800559105,minmaxnorm
179,Q0,WSJ911218-0106,935,0.05328719020751224,minmaxnorm
179,Q0,WSJ891013-0147,936,0.0531730271594972,minmaxnorm
179,Q0,WSJ890831-0056,937,0.05315563617817602,minmaxnorm
179,Q0,AP881001-0020,938,0.05296995926107498,minmaxnorm
179,Q0,WSJ910214-0054,939,0.05296992116365902,minmaxnorm
179,Q0,WSJ920226-0090,940,0.0528898289218675,minmaxnorm
179,Q0,WSJ920213-0028,941,0.052888477523171856,minmaxnorm
179,Q0,WSJ900423-0065,942,0.05285661111925219,minmaxnorm
179,Q0,AP890219-0105,943,0.052817237030552015,minmaxnorm
179,Q0,AP890503-0164,944,0.052678471910860905,minmaxnorm
179,Q0,WSJ861222-0044,945,0.05257185158274906,minmaxnorm
179,Q0,AP880407-0297,946,0.05251507198098686,minmaxnorm
179,Q0,WSJ910409-0005,947,0.05240804011540697,minmaxnorm
179,Q0,WSJ910402-0153,948,0.0523211318805,minmaxnorm
179,Q0,WSJ871223-0104,949,0.05226563739173232,minmaxnorm
179,Q0,AP881014-0296,950,0.05213662482913115,minmaxnorm
179,Q0,AP880623-0160,951,0.05192974117639046,minmaxnorm
179,Q0,ZF108-643-378,952,0.051766251304035324,minmaxnorm
179,Q0,AP890516-0120,953,0.05157155835323047,minmaxnorm
179,Q0,AP880818-0068,954,0.05142966305589422,minmaxnorm
179,Q0,AP890201-0102,955,0.05127263605179733,minmaxnorm
179,Q0,WSJ870203-0016,956,0.05126029339095589,minmaxnorm
179,Q0,AP891026-0272,957,0.05111092775281113,minmaxnorm
179,Q0,WSJ911104-0073,958,0.051101089816701174,minmaxnorm
179,Q0,WSJ880623-0043,959,0.05096815752676318,minmaxnorm
179,Q0,WSJ870511-0149,960,0.05088457682825293,minmaxnorm
179,Q0,WSJ881108-0143,961,0.050827722147297874,minmaxnorm
179,Q0,AP880725-0287,962,0.05080055188923178,minmaxnorm
179,Q0,WSJ920214-0088,963,0.05077802903417536,minmaxnorm
179,Q0,WSJ910821-0036,964,0.050765862424383884,minmaxnorm
179,Q0,WSJ891031-0027,965,0.05076563328055865,minmaxnorm
179,Q0,AP880520-0290,966,0.05070451615548321,minmaxnorm
179,Q0,WSJ880518-0017,967,0.050693797980040915,minmaxnorm
179,Q0,ZF109-550-477,968,0.05060005125624952,minmaxnorm
179,Q0,WSJ900828-0084,969,0.050598625858824915,minmaxnorm
179,Q0,AP890410-0071,970,0.05043983351915034,minmaxnorm
179,Q0,WSJ911204-0065,971,0.05038232339930606,minmaxnorm
179,Q0,WSJ871118-0135,972,0.05014674165111633,minmaxnorm
179,Q0,WSJ920114-0115,973,0.05013930780842803,minmaxnorm
179,Q0,ZF207-133-292,974,0.050138003247646626,minmaxnorm
179,Q0,WSJ870304-0108,975,0.05002135529476473,minmaxnorm
179,Q0,WSJ870507-0022,976,0.04983302975399079,minmaxnorm
179,Q0,WSJ920304-0087,977,0.04980858505683417,minmaxnorm
179,Q0,AP880821-0016,978,0.04967004240602989,minmaxnorm
179,Q0,WSJ880811-0131,979,0.049588343258894996,minmaxnorm
179,Q0,WSJ880616-0087,980,0.04950578548308644,minmaxnorm
179,Q0,AP881222-0168,981,0.04947935280638255,minmaxnorm
179,Q0,AP890518-0272,982,0.04944339029059159,minmaxnorm
179,Q0,WSJ911115-0165,983,0.04925147193850886,minmaxnorm
179,Q0,WSJ920306-0065,984,0.04923000590062031,minmaxnorm
179,Q0,WSJ870522-0081,985,0.049165217036796376,minmaxnorm
179,Q0,WSJ900727-0183,986,0.04914724076859337,minmaxnorm
179,Q0,WSJ880825-0051,987,0.04914214463669958,minmaxnorm
179,Q0,AP890807-0176,988,0.04910299630868552,minmaxnorm
179,Q0,WSJ880112-0093,989,0.0490977431386305,minmaxnorm
179,Q0,WSJ861226-0095,990,0.04883393998795883,minmaxnorm
179,Q0,WSJ870403-0010,991,0.04875527196425454,minmaxnorm
179,Q0,AP891130-0207,992,0.04867309312380807,minmaxnorm
179,Q0,ZF207-111-444,993,0.04864080328655471,minmaxnorm
179,Q0,WSJ900507-0124,994,0.048554279052013025,minmaxnorm
179,Q0,WSJ880610-0048,995,0.04849545148488838,minmaxnorm
179,Q0,AP890213-0138,996,0.048487087803010635,minmaxnorm
179,Q0,AP890202-0294,997,0.04848481075923777,minmaxnorm
179,Q0,WSJ880506-0040,998,0.04846032068384493,minmaxnorm
179,Q0,WSJ900814-0038,999,0.048279481962068715,minmaxnorm
179,Q0,WSJ881019-0046,1000,0.04820052802499046,minmaxnorm
189,Q0,AP880315-0152,1,0.24787042720095157,minmaxnorm
189,Q0,AP891218-0144,2,0.21277271986628787,minmaxnorm
189,Q0,AP890708-0095,3,0.20911194825698146,minmaxnorm
189,Q0,AP881206-0088,4,0.20376465408594133,minmaxnorm
189,Q0,AP881219-0134,5,0.20228074938429705,minmaxnorm
189,Q0,AP880318-0081,6,0.1990497815783172,minmaxnorm
189,Q0,AP880718-0075,7,0.19881054942207582,minmaxnorm
189,Q0,AP880418-0116,8,0.19868459648695067,minmaxnorm
189,Q0,WSJ880509-0146,9,0.19640119501719172,minmaxnorm
189,Q0,AP890726-0112,10,0.196357021901733,minmaxnorm
189,Q0,AP890123-0189,11,0.1952864918982067,minmaxnorm
189,Q0,AP890408-0117,12,0.19322684934439355,minmaxnorm
189,Q0,AP890512-0095,13,0.1923725828637973,minmaxnorm
189,Q0,AP890211-0050,14,0.19137991272001328,minmaxnorm
189,Q0,AP890919-0035,15,0.19104764731046256,minmaxnorm
189,Q0,AP881205-0167,16,0.1873000926496972,minmaxnorm
189,Q0,AP890826-0047,17,0.18712550034542932,minmaxnorm
189,Q0,AP890403-0091,18,0.18452130104296702,minmaxnorm
189,Q0,AP880331-0009,19,0.18310141638155156,minmaxnorm
189,Q0,AP890124-0061,20,0.18299717398468035,minmaxnorm
189,Q0,AP890720-0124,21,0.18263519896558117,minmaxnorm
189,Q0,AP890525-0082,22,0.18233887508426871,minmaxnorm
189,Q0,AP891228-0054,23,0.1819361529001469,minmaxnorm
189,Q0,AP880303-0240,24,0.18139797637066482,minmaxnorm
189,Q0,AP890407-0191,25,0.18061221988006038,minmaxnorm
189,Q0,AP880717-0043,26,0.17952839320211758,minmaxnorm
189,Q0,AP891202-0104,27,0.1787302453753,minmaxnorm
189,Q0,AP890125-0235,28,0.17738536464854657,minmaxnorm
189,Q0,AP880521-0186,29,0.17672612913261698,minmaxnorm
189,Q0,AP890129-0024,30,0.17617972024454814,minmaxnorm
189,Q0,AP880218-0133,31,0.17588216632219175,minmaxnorm
189,Q0,AP881206-0184,32,0.17468468125854766,minmaxnorm
189,Q0,AP890130-0071,33,0.17421406253153177,minmaxnorm
189,Q0,AP890118-0065,34,0.1736512975112521,minmaxnorm
189,Q0,AP880706-0229,35,0.17354295661878627,minmaxnorm
189,Q0,AP881206-0197,36,0.17264757261975283,minmaxnorm
189,Q0,AP890815-0110,37,0.1720709691130041,minmaxnorm
189,Q0,AP890427-0102,38,0.17171682630417975,minmaxnorm
189,Q0,AP881027-0068,39,0.1703764067064389,minmaxnorm
189,Q0,AP891121-0178,40,0.1685558003568001,minmaxnorm
189,Q0,AP890131-0045,41,0.1677962564226122,minmaxnorm
189,Q0,AP890129-0030,42,0.1673083675487597,minmaxnorm
189,Q0,AP890918-0084,43,0.166869854695775,minmaxnorm
189,Q0,AP891223-0087,44,0.16660274476515655,minmaxnorm
189,Q0,AP891024-0223,45,0.16656078029784258,minmaxnorm
189,Q0,AP880325-0193,46,0.16647345608747058,minmaxnorm
189,Q0,AP890412-0087,47,0.16643126756322435,minmaxnorm
189,Q0,AP880817-0144,48,0.16632305559514016,minmaxnorm
189,Q0,AP890529-0060,49,0.16587016800926613,minmaxnorm
189,Q0,AP891127-0198,50,0.1657026995483177,minmaxnorm
189,Q0,AP890412-0209,51,0.16456085435780154,minmaxnorm
189,Q0,AP880328-0082,52,0.16363557977219403,minmaxnorm
189,Q0,AP890123-0207,53,0.16355470608716205,minmaxnorm
189,Q0,AP890122-0077,54,0.16355250633984136,minmaxnorm
189,Q0,AP890201-0034,55,0.16348894644413636,minmaxnorm
189,Q0,AP890109-0159,56,0.1634296747177399,minmaxnorm
189,Q0,AP890424-0105,57,0.16335804852927088,minmaxnorm
189,Q0,AP890211-0053,58,0.16299224266277032,minmaxnorm
189,Q0,AP890719-0068,59,0.16217475401513756,minmaxnorm
189,Q0,AP890613-0029,60,0.16198728578497892,minmaxnorm
189,Q0,AP881221-0126,61,0.16190266784837876,minmaxnorm
189,Q0,AP890201-0004,62,0.16175610486671324,minmaxnorm
189,Q0,AP880516-0201,63,0.16171321567586677,minmaxnorm
189,Q0,AP880708-0154,64,0.1613335828370175,minmaxnorm
189,Q0,AP881104-0172,65,0.16059917786690864,minmaxnorm
189,Q0,AP890210-0001,66,0.1601792016285596,minmaxnorm
189,Q0,AP890209-0053,67,0.15966988817017982,minmaxnorm
189,Q0,AP890908-0050,68,0.15906249385881768,minmaxnorm
189,Q0,AP890618-0037,69,0.15877625229766446,minmaxnorm
189,Q0,AP890313-0060,70,0.15869582047922282,minmaxnorm
189,Q0,AP890529-0106,71,0.15851360993090996,minmaxnorm
189,Q0,AP890605-0009,72,0.15765381359794156,minmaxnorm
189,Q0,WSJ880114-0133,73,0.1575953022141412,minmaxnorm
189,Q0,AP890407-0199,74,0.15755194469388828,minmaxnorm
189,Q0,AP880716-0029,75,0.15748542978949637,minmaxnorm
189,Q0,AP881217-0012,76,0.15744649622758616,minmaxnorm
189,Q0,AP890119-0118,77,0.15711031632605899,minmaxnorm
189,Q0,AP890727-0139,78,0.15704855746965274,minmaxnorm
189,Q0,AP890106-0201,79,0.15692407948891432,minmaxnorm
189,Q0,AP890129-0076,80,0.15671300481603836,minmaxnorm
189,Q0,AP880307-0126,81,0.15644220316821156,minmaxnorm
189,Q0,AP881215-0086,82,0.15474160119351324,minmaxnorm
189,Q0,AP890124-0185,83,0.15461917209304957,minmaxnorm
189,Q0,AP880330-0046,84,0.15332602264506862,minmaxnorm
189,Q0,AP891027-0040,85,0.1528216896887911,minmaxnorm
189,Q0,AP890516-0095,86,0.15219127360680457,minmaxnorm
189,Q0,AP891220-0150,87,0.15214628387882115,minmaxnorm
189,Q0,AP881223-0076,88,0.15212400964803208,minmaxnorm
189,Q0,AP890612-0067,89,0.1517545848022179,minmaxnorm
189,Q0,AP891025-0097,90,0.15162854532552106,minmaxnorm
189,Q0,AP890726-0235,91,0.1515027002068486,minmaxnorm
189,Q0,AP890919-0010,92,0.15135466263479525,minmaxnorm
189,Q0,AP890125-0137,93,0.15122025834141764,minmaxnorm
189,Q0,AP880528-0037,94,0.1508341695591958,minmaxnorm
189,Q0,AP891214-0100,95,0.15049831011191983,minmaxnorm
189,Q0,AP880723-0183,96,0.15011950664992965,minmaxnorm
189,Q0,AP880516-0154,97,0.14956333610668374,minmaxnorm
189,Q0,AP890209-0071,98,0.1495337301931392,minmaxnorm
189,Q0,AP891223-0041,99,0.14937302344875775,minmaxnorm
189,Q0,AP890724-0025,100,0.1490596226914187,minmaxnorm
189,Q0,WSJ900523-0125,101,0.1489634400675798,minmaxnorm
189,Q0,AP881116-0044,102,0.14894486385604228,minmaxnorm
189,Q0,WSJ910524-0065,103,0.14890141992359907,minmaxnorm
189,Q0,AP881216-0070,104,0.14841151952206086,minmaxnorm
189,Q0,AP890914-0065,105,0.14706724147743439,minmaxnorm
189,Q0,AP890501-0019,106,0.14703198983039145,minmaxnorm
189,Q0,AP880219-0151,107,0.14681858468486875,minmaxnorm
189,Q0,AP890602-0206,108,0.14679019738647775,minmaxnorm
189,Q0,AP890921-0019,109,0.146535023390766,minmaxnorm
189,Q0,AP890921-0066,110,0.14653161175982687,minmaxnorm
189,Q0,AP880218-0207,111,0.14620895371715323,minmaxnorm
189,Q0,AP890130-0070,112,0.1460734598592551,minmaxnorm
189,Q0,AP890912-0069,113,0.14562974015435834,minmaxnorm
189,Q0,AP880908-0159,114,0.1453359582337124,minmaxnorm
189,Q0,AP891123-0105,115,0.14484015566484415,minmaxnorm
189,Q0,AP890315-0264,116,0.14476259126326457,minmaxnorm
189,Q0,AP890910-0054,117,0.14451782730199378,minmaxnorm
189,Q0,WSJ880826-0180,118,0.14446685111152602,minmaxnorm
189,Q0,ZF207-248-177,119,0.14417940669236018,minmaxnorm
189,Q0,AP891229-0015,120,0.14413835981237075,minmaxnorm
189,Q0,AP880813-0177,121,0.1440868947431434,minmaxnorm
189,Q0,AP890911-0102,122,0.14404595275798165,minmaxnorm
189,Q0,AP890420-0073,123,0.14397215868833385,minmaxnorm
189,Q0,AP890223-0085,124,0.1437533695936413,minmaxnorm
189,Q0,AP880512-0210,125,0.14354829173277808,minmaxnorm
189,Q0,AP890405-0118,126,0.14331147131438685,minmaxnorm
189,Q0,AP880310-0143,127,0.14330096609299806,minmaxnorm
189,Q0,AP890919-0178,128,0.14264563675020986,minmaxnorm
189,Q0,AP881023-0082,129,0.14250552080232312,minmaxnorm
189,Q0,AP891204-0142,130,0.14245932106256015,minmaxnorm
189,Q0,AP880401-0232,131,0.14175626259643173,minmaxnorm
189,Q0,AP890721-0102,132,0.1414991518449965,minmaxnorm
189,Q0,AP881011-0090,133,0.14099834566115046,minmaxnorm
189,Q0,AP881005-0172,134,0.14068053691387492,minmaxnorm
189,Q0,AP890914-0083,135,0.14035301053543628,minmaxnorm
189,Q0,AP880512-0148,136,0.14033518668464148,minmaxnorm
189,Q0,AP881222-0030,137,0.1399737630927277,minmaxnorm
189,Q0,AP891227-0092,138,0.139191353541945,minmaxnorm
189,Q0,AP880730-0038,139,0.13916859936683587,minmaxnorm
189,Q0,WSJ910712-0142,140,0.13881109177795029,minmaxnorm
189,Q0,AP891002-0026,141,0.138779608879075,minmaxnorm
189,Q0,AP890130-0156,142,0.13868218106226926,minmaxnorm
189,Q0,AP890122-0054,143,0.13857838238600445,minmaxnorm
189,Q0,AP881220-0177,144,0.13825437130570106,minmaxnorm
189,Q0,AP890919-0060,145,0.13806499673606196,minmaxnorm
189,Q0,AP881104-0079,146,0.1379317962378838,minmaxnorm
189,Q0,AP880802-0107,147,0.13791097460655374,minmaxnorm
189,Q0,AP880310-0241,148,0.13764312384817556,minmaxnorm
189,Q0,AP890619-0119,149,0.1375952386175012,minmaxnorm
189,Q0,AP881220-0089,150,0.13722612822700359,minmaxnorm
189,Q0,AP880816-0116,151,0.13717560331500356,minmaxnorm
189,Q0,AP881222-0196,152,0.13636928303886103,minmaxnorm
189,Q0,AP890912-0158,153,0.13594990569274898,minmaxnorm
189,Q0,AP880421-0102,154,0.13574926574745963,minmaxnorm
189,Q0,WSJ880422-0145,155,0.13559281294670988,minmaxnorm
189,Q0,AP890108-0080,156,0.13542346763384905,minmaxnorm
189,Q0,AP890110-0081,157,0.1353571147264643,minmaxnorm
189,Q0,AP890130-0168,158,0.13467174039594534,minmaxnorm
189,Q0,AP891208-0194,159,0.1344233459671358,minmaxnorm
189,Q0,AP880413-0104,160,0.13394922472911608,minmaxnorm
189,Q0,AP890207-0054,161,0.13394877030928506,minmaxnorm
189,Q0,AP890130-0033,162,0.13349142195212021,minmaxnorm
189,Q0,AP890123-0126,163,0.1330871890296153,minmaxnorm
189,Q0,AP890124-0199,164,0.13275688783522507,minmaxnorm
189,Q0,AP890710-0112,165,0.13260737949911752,minmaxnorm
189,Q0,AP890125-0229,166,0.13234739562169018,minmaxnorm
189,Q0,AP890325-0042,167,0.13224121207568576,minmaxnorm
189,Q0,WSJ910513-0076,168,0.13213271982416902,minmaxnorm
189,Q0,AP890126-0068,169,0.1320490667845315,minmaxnorm
189,Q0,AP890403-0067,170,0.13197453864277003,minmaxnorm
189,Q0,AP890316-0068,171,0.13191527596826283,minmaxnorm
189,Q0,AP891129-0196,172,0.13188617136088504,minmaxnorm
189,Q0,AP880920-0142,173,0.13187119706377387,minmaxnorm
189,Q0,AP881104-0214,174,0.13169193321122985,minmaxnorm
189,Q0,AP880322-0241,175,0.1314175966505265,minmaxnorm
189,Q0,AP881223-0046,176,0.13132913676397165,minmaxnorm
189,Q0,AP890811-0060,177,0.13113726219942531,minmaxnorm
189,Q0,AP890131-0057,178,0.13098606061996407,minmaxnorm
189,Q0,AP880601-0227,179,0.13056184582924232,minmaxnorm
189,Q0,AP881207-0069,180,0.13017103022664506,minmaxnorm
189,Q0,AP880610-0152,181,0.13002074473595934,minmaxnorm
189,Q0,AP891107-0199,182,0.1297976520949904,minmaxnorm
189,Q0,AP880510-0079,183,0.12978191451670873,minmaxnorm
189,Q0,AP890716-0067,184,0.12973726241503367,minmaxnorm
189,Q0,AP891003-0001,185,0.12961607899392083,minmaxnorm
189,Q0,AP890322-0195,186,0.12917514492438306,minmaxnorm
189,Q0,AP880218-0136,187,0.1290338733111577,minmaxnorm
189,Q0,AP890330-0040,188,0.12891033549390873,minmaxnorm
189,Q0,AP890818-0093,189,0.12889987086999338,minmaxnorm
189,Q0,AP880326-0153,190,0.12883864449767085,minmaxnorm
189,Q0,AP881222-0214,191,0.12842319088494628,minmaxnorm
189,Q0,AP890828-0068,192,0.1283716898665186,minmaxnorm
189,Q0,AP881227-0026,193,0.12836804904623403,minmaxnorm
189,Q0,AP891221-0063,194,0.12802953590568353,minmaxnorm
189,Q0,AP890619-0054,195,0.12794038013738993,minmaxnorm
189,Q0,AP880505-0238,196,0.127607147144342,minmaxnorm
189,Q0,AP890909-0002,197,0.1273535792259439,minmaxnorm
189,Q0,AP891012-0053,198,0.1272818944642201,minmaxnorm
189,Q0,AP890812-0021,199,0.12712902910287185,minmaxnorm
189,Q0,AP891030-0025,200,0.12705284923630092,minmaxnorm
189,Q0,AP890110-0161,201,0.12662755327113562,minmaxnorm
189,Q0,AP880801-0071,202,0.1262531233047523,minmaxnorm
189,Q0,AP880802-0121,203,0.12532152202837119,minmaxnorm
189,Q0,AP891124-0030,204,0.12531394839191873,minmaxnorm
189,Q0,AP890728-0115,205,0.12523394670140434,minmaxnorm
189,Q0,AP890912-0053,206,0.12515332045069308,minmaxnorm
189,Q0,AP881204-0040,207,0.12488564350156141,minmaxnorm
189,Q0,AP891025-0105,208,0.12485590924343769,minmaxnorm
189,Q0,AP880319-0090,209,0.1247593878223347,minmaxnorm
189,Q0,AP880709-0063,210,0.12474160338484075,minmaxnorm
189,Q0,AP881214-0078,211,0.12465255145399225,minmaxnorm
189,Q0,AP890728-0033,212,0.12450890018473973,minmaxnorm
189,Q0,AP890526-0064,213,0.12433344216734753,minmaxnorm
189,Q0,AP880319-0086,214,0.12420123103931777,minmaxnorm
189,Q0,AP880723-0073,215,0.12404583651038112,minmaxnorm
189,Q0,AP890501-0075,216,0.12395585148972282,minmaxnorm
189,Q0,AP880619-0001,217,0.12377060321214346,minmaxnorm
189,Q0,WSJ910702-0096,218,0.12372697471790071,minmaxnorm
189,Q0,AP891217-0014,219,0.1231839522335126,minmaxnorm
189,Q0,AP881108-0080,220,0.12311938359167642,minmaxnorm
189,Q0,AP880907-0147,221,0.12299539437077418,minmaxnorm
189,Q0,AP891229-0168,222,0.12295198780963254,minmaxnorm
189,Q0,AP890124-0130,223,0.12267254502309391,minmaxnorm
189,Q0,AP890407-0111,224,0.12264292242589103,minmaxnorm
189,Q0,AP890124-0071,225,0.1226145842496455,minmaxnorm
189,Q0,AP880802-0229,226,0.12259936313884702,minmaxnorm
189,Q0,AP881109-0295,227,0.12254730501533445,minmaxnorm
189,Q0,AP890320-0156,228,0.12251809934696876,minmaxnorm
189,Q0,AP890505-0060,229,0.12235002412138092,minmaxnorm
189,Q0,AP881006-0178,230,0.12198303113320286,minmaxnorm
189,Q0,AP890720-0061,231,0.1214668083559563,minmaxnorm
189,Q0,AP880316-0227,232,0.12139827806573623,minmaxnorm
189,Q0,AP880909-0076,233,0.12073708714262403,minmaxnorm
189,Q0,AP880715-0081,234,0.12057413555768155,minmaxnorm
189,Q0,AP880511-0149,235,0.12049561898637005,minmaxnorm
189,Q0,AP890606-0048,236,0.12034856594208458,minmaxnorm
189,Q0,AP880309-0204,237,0.12018035271151079,minmaxnorm
189,Q0,AP890822-0120,238,0.1201753855431166,minmaxnorm
189,Q0,AP890710-0038,239,0.12006082892626503,minmaxnorm
189,Q0,AP881214-0211,240,0.11988375868758615,minmaxnorm
189,Q0,AP890515-0175,241,0.11900350189035797,minmaxnorm
189,Q0,AP890130-0174,242,0.11898149707350304,minmaxnorm
189,Q0,AP890303-0100,243,0.11895769419170035,minmaxnorm
189,Q0,AP890427-0202,244,0.1184552373965766,minmaxnorm
189,Q0,AP890120-0228,245,0.11837965610913899,minmaxnorm
189,Q0,AP880321-0087,246,0.11836953509825784,minmaxnorm
189,Q0,AP890202-0203,247,0.1180924429173495,minmaxnorm
189,Q0,AP891223-0097,248,0.11770400959789074,minmaxnorm
189,Q0,WSJ910319-0169,249,0.11764183077443682,minmaxnorm
189,Q0,AP881224-0020,250,0.11741158146489224,minmaxnorm
189,Q0,WSJ870223-0058,251,0.11739376094227266,minmaxnorm
189,Q0,AP880327-0055,252,0.11715172394459424,minmaxnorm
189,Q0,WSJ870126-0005,253,0.11662635914112195,minmaxnorm
189,Q0,AP880326-0047,254,0.1165018082749567,minmaxnorm
189,Q0,AP880319-0109,255,0.11636739174981314,minmaxnorm
189,Q0,AP880729-0053,256,0.11585201462618205,minmaxnorm
189,Q0,AP891004-0202,257,0.1157809398012901,minmaxnorm
189,Q0,AP881217-0048,258,0.1156200709631243,minmaxnorm
189,Q0,AP890510-0128,259,0.11553277770112112,minmaxnorm
189,Q0,AP890618-0044,260,0.11533058618155748,minmaxnorm
189,Q0,AP891102-0141,261,0.11515421794978323,minmaxnorm
189,Q0,AP881216-0204,262,0.11507931534067332,minmaxnorm
189,Q0,AP891208-0090,263,0.11483801984838142,minmaxnorm
189,Q0,AP880723-0020,264,0.11463370230998782,minmaxnorm
189,Q0,AP890105-0055,265,0.11456487514913888,minmaxnorm
189,Q0,AP890525-0130,266,0.11451945274437195,minmaxnorm
189,Q0,AP890718-0219,267,0.11450327342339915,minmaxnorm
189,Q0,AP890111-0191,268,0.11432239483017062,minmaxnorm
189,Q0,AP891120-0005,269,0.1141231054453788,minmaxnorm
189,Q0,AP881008-0120,270,0.11380215295479645,minmaxnorm
189,Q0,AP880404-0188,271,0.1137277153613626,minmaxnorm
189,Q0,AP881130-0212,272,0.11364455037734585,minmaxnorm
189,Q0,AP880507-0052,273,0.11354042719450855,minmaxnorm
189,Q0,AP890522-0058,274,0.11335154550886752,minmaxnorm
189,Q0,AP880513-0121,275,0.11321928296052682,minmaxnorm
189,Q0,AP890802-0190,276,0.11313777608747613,minmaxnorm
189,Q0,AP891228-0030,277,0.11312596675467904,minmaxnorm
189,Q0,AP890914-0125,278,0.11280426987418672,minmaxnorm
189,Q0,AP891215-0224,279,0.11217407791049933,minmaxnorm
189,Q0,AP890802-0081,280,0.11194875594973111,minmaxnorm
189,Q0,AP890425-0056,281,0.111928423796156,minmaxnorm
189,Q0,AP880727-0039,282,0.11185164180084792,minmaxnorm
189,Q0,AP880622-0205,283,0.11163994508531483,minmaxnorm
189,Q0,AP891226-0117,284,0.11139087558183536,minmaxnorm
189,Q0,AP881101-0166,285,0.11130310372222071,minmaxnorm
189,Q0,AP890602-0055,286,0.11121966152710668,minmaxnorm
189,Q0,AP890822-0034,287,0.1111199102048702,minmaxnorm
189,Q0,AP880527-0225,288,0.11108511365917413,minmaxnorm
189,Q0,AP890130-0177,289,0.11102856050088732,minmaxnorm
189,Q0,AP880519-0124,290,0.11087692005076787,minmaxnorm
189,Q0,AP890915-0049,291,0.1107191630663837,minmaxnorm
189,Q0,AP891115-0054,292,0.11060480491606753,minmaxnorm
189,Q0,AP880919-0119,293,0.11055467729794283,minmaxnorm
189,Q0,AP880927-0139,294,0.11052009355366307,minmaxnorm
189,Q0,AP890227-0206,295,0.1104182322269117,minmaxnorm
189,Q0,AP890614-0034,296,0.11036500971879865,minmaxnorm
189,Q0,AP890530-0036,297,0.10984028276447319,minmaxnorm
189,Q0,AP890224-0135,298,0.10983642277746986,minmaxnorm
189,Q0,AP880417-0040,299,0.10983298231278531,minmaxnorm
189,Q0,AP880316-0099,300,0.1098277202141364,minmaxnorm
189,Q0,AP890706-0152,301,0.10961763629138888,minmaxnorm
189,Q0,AP880815-0074,302,0.10961504804057656,minmaxnorm
189,Q0,AP880615-0274,303,0.10956248425172532,minmaxnorm
189,Q0,AP880228-0010,304,0.10952674150216912,minmaxnorm
189,Q0,WSJ900627-0003,305,0.10945390532256022,minmaxnorm
189,Q0,AP880405-0219,306,0.10941098602840392,minmaxnorm
189,Q0,AP890324-0195,307,0.10924065108102964,minmaxnorm
189,Q0,WSJ911219-0073,308,0.10919477041545274,minmaxnorm
189,Q0,AP890907-0203,309,0.1091396740979713,minmaxnorm
189,Q0,AP881220-0154,310,0.10906412939159923,minmaxnorm
189,Q0,AP891208-0142,311,0.10897109664081792,minmaxnorm
189,Q0,AP880411-0119,312,0.10891238430683464,minmaxnorm
189,Q0,AP880301-0205,313,0.1087699989550403,minmaxnorm
189,Q0,AP880229-0100,314,0.10875352792807144,minmaxnorm
189,Q0,AP890516-0069,315,0.10856823659718838,minmaxnorm
189,Q0,AP880624-0042,316,0.10840547349837122,minmaxnorm
189,Q0,AP890928-0014,317,0.10840506231045355,minmaxnorm
189,Q0,AP881122-0049,318,0.10814048571887407,minmaxnorm
189,Q0,AP891019-0245,319,0.10782889808743949,minmaxnorm
189,Q0,AP890516-0114,320,0.10753884330066979,minmaxnorm
189,Q0,AP890227-0139,321,0.10749926802725693,minmaxnorm
189,Q0,AP890725-0004,322,0.10727775402454325,minmaxnorm
189,Q0,AP891222-0206,323,0.10726100263845431,minmaxnorm
189,Q0,AP881121-0054,324,0.10717524179930307,minmaxnorm
189,Q0,AP890708-0072,325,0.10706019496906469,minmaxnorm
189,Q0,AP891220-0180,326,0.1068958929600476,minmaxnorm
189,Q0,DOE2-45-0055,327,0.10686154678503815,minmaxnorm
189,Q0,AP890128-0164,328,0.10656169643467747,minmaxnorm
189,Q0,AP880628-0213,329,0.10638656965483428,minmaxnorm
189,Q0,AP880922-0118,330,0.106233792281586,minmaxnorm
189,Q0,AP890514-0042,331,0.10616261161696634,minmaxnorm
189,Q0,AP881129-0028,332,0.10587035399913994,minmaxnorm
189,Q0,AP881020-0040,333,0.10572926901157995,minmaxnorm
189,Q0,AP890109-0245,334,0.10570847393009017,minmaxnorm
189,Q0,AP890815-0014,335,0.10560159049332742,minmaxnorm
189,Q0,AP890506-0037,336,0.10557839288656229,minmaxnorm
189,Q0,AP880508-0059,337,0.10554092047462925,minmaxnorm
189,Q0,AP880212-0090,338,0.10528766095741043,minmaxnorm
189,Q0,AP881031-0154,339,0.10526255963643055,minmaxnorm
189,Q0,AP890517-0053,340,0.10515165743654582,minmaxnorm
189,Q0,AP880716-0071,341,0.10512220489387526,minmaxnorm
189,Q0,AP880903-0143,342,0.10508154386881176,minmaxnorm
189,Q0,AP890216-0059,343,0.1049927741204936,minmaxnorm
189,Q0,AP890211-0022,344,0.10497411619382672,minmaxnorm
189,Q0,AP880423-0119,345,0.10488879393413639,minmaxnorm
189,Q0,AP880725-0070,346,0.10487380982609139,minmaxnorm
189,Q0,WSJ870630-0044,347,0.10458254862355061,minmaxnorm
189,Q0,AP890109-0227,348,0.10441057038604809,minmaxnorm
189,Q0,AP890901-0132,349,0.10420743396884803,minmaxnorm
189,Q0,AP890228-0172,350,0.10416245973535296,minmaxnorm
189,Q0,AP890914-0190,351,0.10392788156721884,minmaxnorm
189,Q0,AP890405-0214,352,0.10390200152807497,minmaxnorm
189,Q0,AP881031-0070,353,0.10384049563784238,minmaxnorm
189,Q0,AP890405-0159,354,0.10344853423704121,minmaxnorm
189,Q0,AP880718-0176,355,0.10310120108090585,minmaxnorm
189,Q0,AP880219-0118,356,0.10303263967801461,minmaxnorm
189,Q0,AP890920-0193,357,0.10274528580483117,minmaxnorm
189,Q0,AP890413-0019,358,0.1026840407430418,minmaxnorm
189,Q0,AP891204-0127,359,0.1023551720207624,minmaxnorm
189,Q0,AP890711-0199,360,0.10215927707636792,minmaxnorm
189,Q0,AP890206-0175,361,0.10208224814176177,minmaxnorm
189,Q0,AP880606-0093,362,0.10203967248179129,minmaxnorm
189,Q0,AP890922-0203,363,0.10197600355852807,minmaxnorm
189,Q0,AP881025-0188,364,0.10189250167200835,minmaxnorm
189,Q0,AP890630-0204,365,0.10179955534454925,minmaxnorm
189,Q0,AP891114-0174,366,0.10157889614852168,minmaxnorm
189,Q0,AP890520-0065,367,0.10147665915632413,minmaxnorm
189,Q0,AP890601-0254,368,0.10146973081759644,minmaxnorm
189,Q0,AP891219-0126,369,0.10135532305248354,minmaxnorm
189,Q0,WSJ900504-0129,370,0.10134786240611283,minmaxnorm
189,Q0,AP891202-0062,371,0.10120938563548419,minmaxnorm
189,Q0,AP880218-0028,372,0.10115004227390946,minmaxnorm
189,Q0,AP880922-0072,373,0.10111655149369099,minmaxnorm
189,Q0,AP881121-0055,374,0.10072902965265208,minmaxnorm
189,Q0,AP891010-0060,375,0.1005908818423464,minmaxnorm
189,Q0,AP890124-0207,376,0.10055897186239733,minmaxnorm
189,Q0,AP891219-0029,377,0.100339055076391,minmaxnorm
189,Q0,AP880225-0078,378,0.10007396475977894,minmaxnorm
189,Q0,AP881018-0138,379,0.09994482951738415,minmaxnorm
189,Q0,AP891221-0188,380,0.09956466557084988,minmaxnorm
189,Q0,AP891025-0073,381,0.0993755522451495,minmaxnorm
189,Q0,AP880219-0083,382,0.09926207035969777,minmaxnorm
189,Q0,AP890630-0212,383,0.0989614597333511,minmaxnorm
189,Q0,AP890105-0008,384,0.09862104269918756,minmaxnorm
189,Q0,AP880731-0037,385,0.09840279875911387,minmaxnorm
189,Q0,WSJ890925-0016,386,0.0982525295822131,minmaxnorm
189,Q0,AP880720-0210,387,0.09807477749077619,minmaxnorm
189,Q0,AP890807-0005,388,0.09801274318511202,minmaxnorm
189,Q0,AP890105-0161,389,0.09800390423912013,minmaxnorm
189,Q0,AP880824-0140,390,0.09797498373243636,minmaxnorm
189,Q0,AP890526-0120,391,0.09786778355928692,minmaxnorm
189,Q0,AP880929-0031,392,0.09785939673141768,minmaxnorm
189,Q0,AP880819-0126,393,0.09781328302212897,minmaxnorm
189,Q0,AP890920-0033,394,0.09760815842026954,minmaxnorm
189,Q0,AP881031-0060,395,0.0976064648162761,minmaxnorm
189,Q0,AP880428-0184,396,0.09756686849949349,minmaxnorm
189,Q0,AP890410-0039,397,0.09741803890218607,minmaxnorm
189,Q0,AP890601-0101,398,0.09732799901909553,minmaxnorm
189,Q0,AP880420-0129,399,0.09729923266974569,minmaxnorm
189,Q0,AP880926-0161,400,0.09719126599002438,minmaxnorm
189,Q0,AP890113-0026,401,0.09698256539768065,minmaxnorm
189,Q0,AP891130-0060,402,0.09697104467815909,minmaxnorm
189,Q0,AP890123-0032,403,0.0969376107231956,minmaxnorm
189,Q0,AP880718-0092,404,0.09689142415518687,minmaxnorm
189,Q0,AP890904-0073,405,0.09686316841071388,minmaxnorm
189,Q0,AP880719-0168,406,0.09679338853527662,minmaxnorm
189,Q0,AP880812-0244,407,0.0967447015252723,minmaxnorm
189,Q0,AP880622-0232,408,0.09657214732724036,minmaxnorm
189,Q0,AP890801-0044,409,0.09629208939696689,minmaxnorm
189,Q0,AP890313-0149,410,0.09619718828454085,minmaxnorm
189,Q0,AP881117-0218,411,0.09615770801120127,minmaxnorm
189,Q0,AP880820-0095,412,0.09608175175969139,minmaxnorm
189,Q0,AP880416-0087,413,0.09590932569501874,minmaxnorm
189,Q0,AP880219-0182,414,0.09588632480031486,minmaxnorm
189,Q0,AP891128-0141,415,0.09573771812143775,minmaxnorm
189,Q0,AP891121-0039,416,0.09570828454010323,minmaxnorm
189,Q0,AP890730-0065,417,0.0956449505658703,minmaxnorm
189,Q0,AP890715-0131,418,0.09524549927472689,minmaxnorm
189,Q0,AP880319-0151,419,0.09522875816225297,minmaxnorm
189,Q0,AP890514-0044,420,0.09515889708847033,minmaxnorm
189,Q0,AP891213-0121,421,0.09488702120511915,minmaxnorm
189,Q0,AP890407-0185,422,0.0948184286395941,minmaxnorm
189,Q0,AP890129-0023,423,0.09479925671269865,minmaxnorm
189,Q0,AP880616-0159,424,0.0947542623041863,minmaxnorm
189,Q0,AP890114-0028,425,0.0946449150047691,minmaxnorm
189,Q0,AP890424-0194,426,0.094599765395842,minmaxnorm
189,Q0,AP881118-0145,427,0.0944677523151378,minmaxnorm
189,Q0,WSJ891011-0117,428,0.09420620897713813,minmaxnorm
189,Q0,AP880331-0245,429,0.09413028307215403,minmaxnorm
189,Q0,AP881219-0091,430,0.09407559687292204,minmaxnorm
189,Q0,AP880701-0076,431,0.09407269111111805,minmaxnorm
189,Q0,AP890628-0123,432,0.0940158245277836,minmaxnorm
189,Q0,AP881020-0014,433,0.09362203281220619,minmaxnorm
189,Q0,AP891207-0138,434,0.09356727818498553,minmaxnorm
189,Q0,AP881204-0024,435,0.09336723781842111,minmaxnorm
189,Q0,AP891004-0155,436,0.09332873827273776,minmaxnorm
189,Q0,AP890821-0140,437,0.09308907579465996,minmaxnorm
189,Q0,AP880624-0070,438,0.09307023254904713,minmaxnorm
189,Q0,AP880508-0073,439,0.09299613963664986,minmaxnorm
189,Q0,AP880506-0168,440,0.09285592729453332,minmaxnorm
189,Q0,AP880417-0084,441,0.09269994501761944,minmaxnorm
189,Q0,AP891028-0037,442,0.09258322056850816,minmaxnorm
189,Q0,AP880225-0158,443,0.0923912276902037,minmaxnorm
189,Q0,AP890310-0187,444,0.0923786797918173,minmaxnorm
189,Q0,AP880701-0199,445,0.09204901565267352,minmaxnorm
189,Q0,AP880317-0044,446,0.09187125229615625,minmaxnorm
189,Q0,AP890904-0135,447,0.09185067317602376,minmaxnorm
189,Q0,AP881111-0010,448,0.09171052122195261,minmaxnorm
189,Q0,AP891002-0189,449,0.091440596840829,minmaxnorm
189,Q0,AP880428-0180,450,0.09115540071289828,minmaxnorm
189,Q0,AP880701-0226,451,0.09088258163231766,minmaxnorm
189,Q0,AP890215-0080,452,0.09085734386488963,minmaxnorm
189,Q0,AP890119-0228,453,0.09080581428039268,minmaxnorm
189,Q0,AP881026-0053,454,0.09074308166131347,minmaxnorm
189,Q0,AP880422-0113,455,0.09074230321011433,minmaxnorm
189,Q0,AP890712-0195,456,0.09063138514174521,minmaxnorm
189,Q0,AP881021-0199,457,0.09060569324005159,minmaxnorm
189,Q0,AP890119-0106,458,0.0904055837049498,minmaxnorm
189,Q0,AP880927-0072,459,0.09031054106822467,minmaxnorm
189,Q0,AP890726-0069,460,0.09023512365143546,minmaxnorm
189,Q0,AP881003-0265,461,0.09011279131561599,minmaxnorm
189,Q0,AP890726-0046,462,0.09008768840223155,minmaxnorm
189,Q0,AP880302-0210,463,0.09004953920505614,minmaxnorm
189,Q0,AP880505-0038,464,0.08993986859815468,minmaxnorm
189,Q0,AP880505-0158,465,0.08978201932362005,minmaxnorm
189,Q0,AP890731-0171,466,0.08949520227014271,minmaxnorm
189,Q0,AP880518-0267,467,0.08931841507699548,minmaxnorm
189,Q0,AP881215-0038,468,0.08921996511718472,minmaxnorm
189,Q0,AP890324-0193,469,0.0891840073780815,minmaxnorm
189,Q0,AP890427-0064,470,0.08909423128783253,minmaxnorm
189,Q0,AP890323-0180,471,0.08900643683353869,minmaxnorm
189,Q0,AP891114-0035,472,0.08899854926990067,minmaxnorm
189,Q0,AP890118-0002,473,0.08899082026612201,minmaxnorm
189,Q0,AP890315-0085,474,0.08891912768453657,minmaxnorm
189,Q0,AP880315-0084,475,0.08890897566044995,minmaxnorm
189,Q0,AP891217-0004,476,0.08887137076278794,minmaxnorm
189,Q0,AP890421-0053,477,0.0886417970751213,minmaxnorm
189,Q0,AP891018-0064,478,0.08863772014065795,minmaxnorm
189,Q0,AP890816-0141,479,0.08847156697315221,minmaxnorm
189,Q0,AP880408-0158,480,0.08841037144513686,minmaxnorm
189,Q0,AP880429-0109,481,0.08839863449574847,minmaxnorm
189,Q0,AP880509-0001,482,0.08818541388311894,minmaxnorm
189,Q0,AP891130-0175,483,0.08809761543197228,minmaxnorm
189,Q0,WSJ911008-0103,484,0.08791167955799363,minmaxnorm
189,Q0,AP881121-0017,485,0.08758517940477917,minmaxnorm
189,Q0,AP880722-0237,486,0.08749727065542605,minmaxnorm
189,Q0,AP880808-0050,487,0.08746509268945524,minmaxnorm
189,Q0,AP890602-0127,488,0.08743770971049775,minmaxnorm
189,Q0,AP880803-0065,489,0.08736833337249651,minmaxnorm
189,Q0,AP880313-0027,490,0.08733166521037236,minmaxnorm
189,Q0,AP891106-0128,491,0.08728774519125643,minmaxnorm
189,Q0,AP880301-0073,492,0.08708079579999536,minmaxnorm
189,Q0,AP880918-0049,493,0.08701203755261233,minmaxnorm
189,Q0,AP890623-0067,494,0.08700693106769372,minmaxnorm
189,Q0,AP890602-0159,495,0.08670307246543107,minmaxnorm
189,Q0,AP880618-0035,496,0.08663400463684855,minmaxnorm
189,Q0,AP881024-0131,497,0.08630732687510338,minmaxnorm
189,Q0,AP881221-0214,498,0.08628206625877997,minmaxnorm
189,Q0,AP880411-0051,499,0.08626198946655775,minmaxnorm
189,Q0,AP880421-0015,500,0.08622205219552269,minmaxnorm
189,Q0,AP880509-0084,501,0.08616046003027855,minmaxnorm
189,Q0,AP880528-0169,502,0.08615020375701408,minmaxnorm
189,Q0,AP890504-0054,503,0.08605802657553815,minmaxnorm
189,Q0,AP890814-0158,504,0.08604981991807133,minmaxnorm
189,Q0,AP881124-0040,505,0.08595732811580611,minmaxnorm
189,Q0,AP880315-0047,506,0.08574920844658288,minmaxnorm
189,Q0,AP891002-0209,507,0.08556443345826326,minmaxnorm
189,Q0,AP880610-0098,508,0.08543989805223687,minmaxnorm
189,Q0,AP880517-0216,509,0.08539818560945253,minmaxnorm
189,Q0,AP881127-0058,510,0.08528945936094831,minmaxnorm
189,Q0,AP890825-0023,511,0.08526841652706235,minmaxnorm
189,Q0,AP890718-0052,512,0.08517993412943056,minmaxnorm
189,Q0,AP890831-0045,513,0.08506986154402596,minmaxnorm
189,Q0,AP891227-0134,514,0.08494427487617756,minmaxnorm
189,Q0,AP890303-0139,515,0.08461379666056433,minmaxnorm
189,Q0,AP880723-0082,516,0.08455950817216988,minmaxnorm
189,Q0,AP880225-0242,517,0.08442304157725922,minmaxnorm
189,Q0,AP880310-0229,518,0.08436193300495973,minmaxnorm
189,Q0,AP880617-0256,519,0.08435988266363373,minmaxnorm
189,Q0,AP890726-0208,520,0.08426397225560776,minmaxnorm
189,Q0,AP890607-0126,521,0.08421126875815986,minmaxnorm
189,Q0,AP881028-0148,522,0.0841793499862601,minmaxnorm
189,Q0,AP890329-0036,523,0.08400252562006172,minmaxnorm
189,Q0,AP890318-0005,524,0.08385042740432105,minmaxnorm
189,Q0,AP880701-0211,525,0.08380795084879249,minmaxnorm
189,Q0,AP890220-0100,526,0.08341815565171244,minmaxnorm
189,Q0,AP891215-0054,527,0.0831023445711997,minmaxnorm
189,Q0,AP880615-0187,528,0.08305336756797692,minmaxnorm
189,Q0,AP890729-0006,529,0.0829702170466431,minmaxnorm
189,Q0,AP880424-0007,530,0.08284969853837341,minmaxnorm
189,Q0,AP881208-0110,531,0.08275026552598111,minmaxnorm
189,Q0,AP890106-0111,532,0.08270402723938114,minmaxnorm
189,Q0,AP880511-0040,533,0.08245676146308581,minmaxnorm
189,Q0,AP880902-0130,534,0.08236405171299589,minmaxnorm
189,Q0,AP880409-0089,535,0.08223245394883048,minmaxnorm
189,Q0,AP890830-0006,536,0.08192079147136182,minmaxnorm
189,Q0,AP881206-0091,537,0.08188688876170018,minmaxnorm
189,Q0,AP881015-0047,538,0.08180642156324988,minmaxnorm
189,Q0,AP880323-0187,539,0.08171948559561745,minmaxnorm
189,Q0,AP880714-0207,540,0.08163119968736605,minmaxnorm
189,Q0,AP880323-0217,541,0.08156773534105174,minmaxnorm
189,Q0,AP890918-0107,542,0.08149064795038388,minmaxnorm
189,Q0,AP890509-0224,543,0.08143291041157762,minmaxnorm
189,Q0,AP881129-0137,544,0.08142684837299743,minmaxnorm
189,Q0,AP890105-0198,545,0.08118773860022784,minmaxnorm
189,Q0,AP890901-0146,546,0.08117807291136182,minmaxnorm
189,Q0,AP890121-0109,547,0.08113227817563769,minmaxnorm
189,Q0,AP890815-0007,548,0.08095944132137689,minmaxnorm
189,Q0,WSJ910903-0064,549,0.0809318513402099,minmaxnorm
189,Q0,AP890127-0019,550,0.0808710945142234,minmaxnorm
189,Q0,AP880407-0131,551,0.08072910525920651,minmaxnorm
189,Q0,AP880315-0099,552,0.08066577543374971,minmaxnorm
189,Q0,WSJ870716-0132,553,0.08056328639544831,minmaxnorm
189,Q0,AP880515-0082,554,0.08021851942774948,minmaxnorm
189,Q0,AP880524-0222,555,0.08021231617197143,minmaxnorm
189,Q0,AP890104-0184,556,0.08016507098279059,minmaxnorm
189,Q0,AP890201-0148,557,0.08007649069790015,minmaxnorm
189,Q0,AP880513-0216,558,0.08000283592332366,minmaxnorm
189,Q0,AP880727-0147,559,0.08000248504746688,minmaxnorm
189,Q0,AP881208-0233,560,0.07987704592441822,minmaxnorm
189,Q0,AP890125-0179,561,0.07980308463403561,minmaxnorm
189,Q0,AP890406-0009,562,0.07978728171761809,minmaxnorm
189,Q0,AP881214-0155,563,0.07949984317620169,minmaxnorm
189,Q0,AP890102-0052,564,0.07949629709950283,minmaxnorm
189,Q0,AP890822-0032,565,0.07941171303593579,minmaxnorm
189,Q0,AP881013-0098,566,0.07925393799666108,minmaxnorm
189,Q0,AP890807-0008,567,0.07922382643584829,minmaxnorm
189,Q0,AP880829-0102,568,0.0791484297023779,minmaxnorm
189,Q0,AP881213-0001,569,0.07911268417777152,minmaxnorm
189,Q0,AP890617-0041,570,0.07909936518789924,minmaxnorm
189,Q0,AP881012-0142,571,0.07876157424017233,minmaxnorm
189,Q0,AP890125-0096,572,0.07869959772118362,minmaxnorm
189,Q0,AP880702-0140,573,0.07863684167729677,minmaxnorm
189,Q0,AP890928-0001,574,0.07860154423046457,minmaxnorm
189,Q0,AP880513-0141,575,0.07856927570769494,minmaxnorm
189,Q0,AP880929-0094,576,0.07856849349169083,minmaxnorm
189,Q0,AP881123-0211,577,0.07840045474413815,minmaxnorm
189,Q0,AP881126-0002,578,0.07839764212605954,minmaxnorm
189,Q0,AP881017-0043,579,0.07813081949183029,minmaxnorm
189,Q0,AP890815-0011,580,0.07802587640181201,minmaxnorm
189,Q0,AP880326-0146,581,0.07791058777001844,minmaxnorm
189,Q0,AP891101-0051,582,0.07788337658866856,minmaxnorm
189,Q0,AP880303-0126,583,0.07782984747804403,minmaxnorm
189,Q0,AP890120-0162,584,0.0777441618191544,minmaxnorm
189,Q0,AP880422-0228,585,0.07765820439157914,minmaxnorm
189,Q0,AP890510-0074,586,0.07765413912199981,minmaxnorm
189,Q0,AP881201-0189,587,0.07753046686207002,minmaxnorm
189,Q0,AP890719-0015,588,0.077297315715756,minmaxnorm
189,Q0,AP880620-0155,589,0.0772657411777383,minmaxnorm
189,Q0,AP890615-0201,590,0.07725116170794721,minmaxnorm
189,Q0,AP880327-0082,591,0.07718256339525896,minmaxnorm
189,Q0,WSJ890810-0137,592,0.07714521690498667,minmaxnorm
189,Q0,AP891030-0034,593,0.07702207589147579,minmaxnorm
189,Q0,AP880425-0072,594,0.07697007681914858,minmaxnorm
189,Q0,AP880315-0121,595,0.07685383619033892,minmaxnorm
189,Q0,AP890203-0061,596,0.0767843422256019,minmaxnorm
189,Q0,AP880428-0069,597,0.07675457879557394,minmaxnorm
189,Q0,AP890207-0004,598,0.07671428036943106,minmaxnorm
189,Q0,AP890607-0143,599,0.07632582465830828,minmaxnorm
189,Q0,AP880715-0219,600,0.07630732290128361,minmaxnorm
189,Q0,AP890626-0078,601,0.07623816998049561,minmaxnorm
189,Q0,AP890626-0133,602,0.0759520062368008,minmaxnorm
189,Q0,AP880509-0172,603,0.07563900486533283,minmaxnorm
189,Q0,AP880326-0116,604,0.07552752828580639,minmaxnorm
189,Q0,AP880408-0097,605,0.07549380767582142,minmaxnorm
189,Q0,AP890302-0178,606,0.07529771517899327,minmaxnorm
189,Q0,AP890420-0003,607,0.07505736489041172,minmaxnorm
189,Q0,AP890919-0153,608,0.0750516443814639,minmaxnorm
189,Q0,AP881030-0058,609,0.07481475371385081,minmaxnorm
189,Q0,AP890607-0194,610,0.0746693318024412,minmaxnorm
189,Q0,AP890706-0070,611,0.07465687815583291,minmaxnorm
189,Q0,AP890807-0028,612,0.07464088685655479,minmaxnorm
189,Q0,AP880512-0212,613,0.07463678182195002,minmaxnorm
189,Q0,AP890406-0044,614,0.0745847360973593,minmaxnorm
189,Q0,AP880509-0182,615,0.07451107109773815,minmaxnorm
189,Q0,AP890112-0167,616,0.07449965496691084,minmaxnorm
189,Q0,AP890322-0246,617,0.07440586709199763,minmaxnorm
189,Q0,AP890207-0127,618,0.07438425729251126,minmaxnorm
189,Q0,AP890803-0039,619,0.07425230246535197,minmaxnorm
189,Q0,AP881027-0047,620,0.07423543513445033,minmaxnorm
189,Q0,AP890627-0029,621,0.07418509706390095,minmaxnorm
189,Q0,AP890208-0173,622,0.07399029401790307,minmaxnorm
189,Q0,AP890826-0088,623,0.07378567517591177,minmaxnorm
189,Q0,AP890329-0169,624,0.07368457197782316,minmaxnorm
189,Q0,AP890329-0178,625,0.07367473722673477,minmaxnorm
189,Q0,WSJ891031-0086,626,0.07354517174345673,minmaxnorm
189,Q0,AP890818-0173,627,0.07341089764344413,minmaxnorm
189,Q0,AP881118-0140,628,0.0734084013970766,minmaxnorm
189,Q0,AP880415-0212,629,0.07335932292073816,minmaxnorm
189,Q0,AP890515-0091,630,0.0731750959275289,minmaxnorm
189,Q0,AP880928-0095,631,0.07313705506613627,minmaxnorm
189,Q0,AP880504-0071,632,0.07303260236057377,minmaxnorm
189,Q0,AP890209-0057,633,0.0729521730557847,minmaxnorm
189,Q0,AP881102-0071,634,0.07294390611687569,minmaxnorm
189,Q0,AP881201-0205,635,0.07290515397093524,minmaxnorm
189,Q0,AP881218-0003,636,0.07289472480705948,minmaxnorm
189,Q0,AP890119-0052,637,0.07285067915145431,minmaxnorm
189,Q0,AP880921-0154,638,0.07283433393245575,minmaxnorm
189,Q0,AP891024-0035,639,0.07277895141951549,minmaxnorm
189,Q0,AP880829-0087,640,0.0725099286555415,minmaxnorm
189,Q0,AP880510-0050,641,0.07238262172740734,minmaxnorm
189,Q0,AP891209-0077,642,0.07235938263857482,minmaxnorm
189,Q0,AP891031-0082,643,0.07229412393734751,minmaxnorm
189,Q0,AP891006-0082,644,0.07208447666601524,minmaxnorm
189,Q0,AP880229-0047,645,0.07201480935726039,minmaxnorm
189,Q0,AP890102-0105,646,0.07200000088476277,minmaxnorm
189,Q0,AP880626-0032,647,0.071892374728412,minmaxnorm
189,Q0,AP890716-0046,648,0.07189229339394408,minmaxnorm
189,Q0,AP891101-0125,649,0.07180241372753754,minmaxnorm
189,Q0,AP890127-0108,650,0.07173511967820427,minmaxnorm
189,Q0,AP890704-0056,651,0.07161026252780452,minmaxnorm
189,Q0,AP890227-0020,652,0.07151070017033002,minmaxnorm
189,Q0,AP890125-0093,653,0.07149546652164074,minmaxnorm
189,Q0,AP880309-0307,654,0.0713761990368579,minmaxnorm
189,Q0,AP890901-0157,655,0.07135545781120103,minmaxnorm
189,Q0,AP890323-0062,656,0.07135205040958276,minmaxnorm
189,Q0,AP880512-0062,657,0.07127009795406401,minmaxnorm
189,Q0,AP881101-0178,658,0.07121731119434126,minmaxnorm
189,Q0,AP890131-0010,659,0.07121263041908264,minmaxnorm
189,Q0,AP890520-0085,660,0.07119916047503413,minmaxnorm
189,Q0,AP891207-0040,661,0.0711742115790381,minmaxnorm
189,Q0,AP890130-0173,662,0.07106577173927607,minmaxnorm
189,Q0,AP880510-0228,663,0.07099689833533679,minmaxnorm
189,Q0,AP891211-0108,664,0.07087746748626343,minmaxnorm
189,Q0,AP880711-0095,665,0.0708641174531203,minmaxnorm
189,Q0,AP880728-0106,666,0.07082493828142256,minmaxnorm
189,Q0,AP890110-0001,667,0.07080857207363116,minmaxnorm
189,Q0,AP880415-0107,668,0.07074906660803706,minmaxnorm
189,Q0,AP890626-0193,669,0.0706914338860109,minmaxnorm
189,Q0,AP880927-0157,670,0.07068494958966082,minmaxnorm
189,Q0,AP891009-0081,671,0.07068080008060512,minmaxnorm
189,Q0,AP890208-0111,672,0.07065452678430731,minmaxnorm
189,Q0,AP891213-0069,673,0.07063884280959412,minmaxnorm
189,Q0,AP890324-0001,674,0.07061034179631163,minmaxnorm
189,Q0,AP880916-0125,675,0.07050696191798031,minmaxnorm
189,Q0,AP890826-0012,676,0.0704771344266455,minmaxnorm
189,Q0,AP880315-0037,677,0.07023676586728711,minmaxnorm
189,Q0,AP890124-0106,678,0.07023597874282803,minmaxnorm
189,Q0,AP880818-0145,679,0.07017201377687678,minmaxnorm
189,Q0,WSJ910325-0159,680,0.07015900360065833,minmaxnorm
189,Q0,AP890330-0195,681,0.07012378272809991,minmaxnorm
189,Q0,AP890819-0149,682,0.07009018835255837,minmaxnorm
189,Q0,AP890726-0236,683,0.07004400894148041,minmaxnorm
189,Q0,AP890911-0093,684,0.06990319801922976,minmaxnorm
189,Q0,AP890401-0107,685,0.06987374834578128,minmaxnorm
189,Q0,AP881122-0024,686,0.06975947711116279,minmaxnorm
189,Q0,AP890212-0002,687,0.06964701243047518,minmaxnorm
189,Q0,AP890120-0096,688,0.06962360004140197,minmaxnorm
189,Q0,AP880702-0112,689,0.06957941400556406,minmaxnorm
189,Q0,AP890113-0004,690,0.06951812206122253,minmaxnorm
189,Q0,AP880408-0086,691,0.06942487090341636,minmaxnorm
189,Q0,AP891213-0220,692,0.06935982610744812,minmaxnorm
189,Q0,AP891128-0152,693,0.06935000657716646,minmaxnorm
189,Q0,AP890205-0037,694,0.06930156580298362,minmaxnorm
189,Q0,AP890131-0072,695,0.06926365463603074,minmaxnorm
189,Q0,AP880903-0061,696,0.06916302594350984,minmaxnorm
189,Q0,AP890531-0139,697,0.0689833624800174,minmaxnorm
189,Q0,AP890120-0084,698,0.06890220209299729,minmaxnorm
189,Q0,AP880224-0251,699,0.06883747192520176,minmaxnorm
189,Q0,AP880318-0191,700,0.06875755054637045,minmaxnorm
189,Q0,AP891101-0146,701,0.06873353295324157,minmaxnorm
189,Q0,AP890821-0086,702,0.06867269950181212,minmaxnorm
189,Q0,AP890726-0132,703,0.0686447924676625,minmaxnorm
189,Q0,AP881028-0197,704,0.06864338256582457,minmaxnorm
189,Q0,AP890312-0037,705,0.06863683832174275,minmaxnorm
189,Q0,AP880426-0065,706,0.06856870322151241,minmaxnorm
189,Q0,AP891214-0039,707,0.06856619239411663,minmaxnorm
189,Q0,AP890715-0036,708,0.06826703357972287,minmaxnorm
189,Q0,AP880229-0215,709,0.06826269455874688,minmaxnorm
189,Q0,AP891108-0053,710,0.06809417483206655,minmaxnorm
189,Q0,AP891224-0001,711,0.06782868569071857,minmaxnorm
189,Q0,AP890409-0064,712,0.06782613854262026,minmaxnorm
189,Q0,AP890902-0100,713,0.06770204610275364,minmaxnorm
189,Q0,AP880926-0196,714,0.06766659283496052,minmaxnorm
189,Q0,AP890517-0047,715,0.06764739325106157,minmaxnorm
189,Q0,AP880317-0006,716,0.06762185184491945,minmaxnorm
189,Q0,AP890621-0025,717,0.06762008870829023,minmaxnorm
189,Q0,AP881007-0094,718,0.06742232952716742,minmaxnorm
189,Q0,AP881121-0027,719,0.06731752868177815,minmaxnorm
189,Q0,AP890830-0042,720,0.06731168091752371,minmaxnorm
189,Q0,AP881114-0184,721,0.06727305150271111,minmaxnorm
189,Q0,AP880412-0163,722,0.0671930257362663,minmaxnorm
189,Q0,AP890823-0108,723,0.06700407451410643,minmaxnorm
189,Q0,AP891128-0139,724,0.06692457647049894,minmaxnorm
189,Q0,AP890311-0140,725,0.06683539411897514,minmaxnorm
189,Q0,AP880505-0208,726,0.06683263019915221,minmaxnorm
189,Q0,AP880921-0054,727,0.06670959125154714,minmaxnorm
189,Q0,AP881209-0073,728,0.06665468395279797,minmaxnorm
189,Q0,AP880412-0189,729,0.06659328872108583,minmaxnorm
189,Q0,AP890718-0077,730,0.06644985555950665,minmaxnorm
189,Q0,AP880513-0100,731,0.06643649065092735,minmaxnorm
189,Q0,AP881217-0024,732,0.06641388322539252,minmaxnorm
189,Q0,AP890306-0183,733,0.0663947315678976,minmaxnorm
189,Q0,AP890406-0056,734,0.06639301024075442,minmaxnorm
189,Q0,AP881202-0033,735,0.06637926316354072,minmaxnorm
189,Q0,AP891017-0180,736,0.06637782545545949,minmaxnorm
189,Q0,AP890409-0025,737,0.0663739918338191,minmaxnorm
189,Q0,AP891025-0018,738,0.06632164883788644,minmaxnorm
189,Q0,AP890330-0116,739,0.06613643452788122,minmaxnorm
189,Q0,DOE1-75-0358,740,0.06607902457454594,minmaxnorm
189,Q0,AP890131-0212,741,0.06604383104775953,minmaxnorm
189,Q0,AP890109-0193,742,0.06601391556331807,minmaxnorm
189,Q0,AP890503-0194,743,0.06599884914448143,minmaxnorm
189,Q0,AP880711-0185,744,0.06591710822590337,minmaxnorm
189,Q0,AP880220-0045,745,0.06568482067352296,minmaxnorm
189,Q0,AP890725-0210,746,0.06552362071129803,minmaxnorm
189,Q0,AP880308-0078,747,0.06551870843403172,minmaxnorm
189,Q0,AP890705-0164,748,0.0655166247760093,minmaxnorm
189,Q0,AP880914-0081,749,0.06543879891775824,minmaxnorm
189,Q0,AP880411-0049,750,0.06524887941985522,minmaxnorm
189,Q0,AP890728-0163,751,0.06524735550151686,minmaxnorm
189,Q0,AP890125-0101,752,0.06523204843263292,minmaxnorm
189,Q0,AP890119-0140,753,0.06518540913351961,minmaxnorm
189,Q0,AP880628-0211,754,0.06518286151459002,minmaxnorm
189,Q0,AP880923-0014,755,0.06516733892677216,minmaxnorm
189,Q0,AP890502-0204,756,0.06516103653599671,minmaxnorm
189,Q0,AP891203-0086,757,0.06515055187326332,minmaxnorm
189,Q0,AP890429-0062,758,0.06514157960868837,minmaxnorm
189,Q0,AP890130-0041,759,0.06512714120652095,minmaxnorm
189,Q0,AP891101-0160,760,0.06508076448614984,minmaxnorm
189,Q0,AP880303-0143,761,0.06479250586535834,minmaxnorm
189,Q0,AP890820-0025,762,0.0647238230865933,minmaxnorm
189,Q0,AP880614-0041,763,0.06468199039390549,minmaxnorm
189,Q0,AP881212-0149,764,0.06438901700138402,minmaxnorm
189,Q0,AP880229-0030,765,0.06430738707905538,minmaxnorm
189,Q0,WSJ880419-0129,766,0.0642554758104169,minmaxnorm
189,Q0,AP880929-0063,767,0.06425252917404822,minmaxnorm
189,Q0,WSJ911204-0126,768,0.06419313430308486,minmaxnorm
189,Q0,AP890502-0212,769,0.06417874200428933,minmaxnorm
189,Q0,AP880701-0009,770,0.06417606534202083,minmaxnorm
189,Q0,AP890123-0130,771,0.06412397140839829,minmaxnorm
189,Q0,AP881004-0195,772,0.06399738375991927,minmaxnorm
189,Q0,AP890328-0078,773,0.06395400983041574,minmaxnorm
189,Q0,AP890125-0194,774,0.06385961250773148,minmaxnorm
189,Q0,AP890420-0053,775,0.06384053244582495,minmaxnorm
189,Q0,AP891107-0173,776,0.06368138376309694,minmaxnorm
189,Q0,AP880601-0129,777,0.06363077352262773,minmaxnorm
189,Q0,AP880927-0058,778,0.06355156064133227,minmaxnorm
189,Q0,AP881221-0016,779,0.06350499302525288,minmaxnorm
189,Q0,AP890121-0110,780,0.06343161747658006,minmaxnorm
189,Q0,AP880722-0151,781,0.06336879805915742,minmaxnorm
189,Q0,AP890712-0145,782,0.06333150583527289,minmaxnorm
189,Q0,AP890420-0038,783,0.06325385754303121,minmaxnorm
189,Q0,AP880812-0097,784,0.06312640797069326,minmaxnorm
189,Q0,AP890928-0047,785,0.06310655141084072,minmaxnorm
189,Q0,AP890324-0188,786,0.06305379674154986,minmaxnorm
189,Q0,AP880725-0063,787,0.06305203740527976,minmaxnorm
189,Q0,WSJ900409-0142,788,0.06303629577990838,minmaxnorm
189,Q0,AP880827-0143,789,0.06290389694018036,minmaxnorm
189,Q0,AP890318-0148,790,0.06288779289979192,minmaxnorm
189,Q0,AP891102-0063,791,0.06279049813399057,minmaxnorm
189,Q0,AP880307-0043,792,0.06277812617840593,minmaxnorm
189,Q0,AP881221-0193,793,0.06272442939371785,minmaxnorm
189,Q0,AP890110-0069,794,0.06255699077995934,minmaxnorm
189,Q0,AP880718-0166,795,0.06254570042445702,minmaxnorm
189,Q0,AP880522-0069,796,0.06252059575313862,minmaxnorm
189,Q0,AP890922-0003,797,0.06251731126776293,minmaxnorm
189,Q0,AP880229-0021,798,0.06249613479585322,minmaxnorm
189,Q0,AP890424-0141,799,0.06244847959627599,minmaxnorm
189,Q0,AP890123-0174,800,0.062330486099393914,minmaxnorm
189,Q0,AP891015-0045,801,0.062232647372300096,minmaxnorm
189,Q0,AP891108-0166,802,0.06220891444085589,minmaxnorm
189,Q0,AP890831-0075,803,0.06216573003857452,minmaxnorm
189,Q0,AP880503-0098,804,0.06206172931231753,minmaxnorm
189,Q0,AP890706-0001,805,0.06204663428730027,minmaxnorm
189,Q0,AP890121-0015,806,0.061946517581413806,minmaxnorm
189,Q0,AP890413-0094,807,0.061855369068586685,minmaxnorm
189,Q0,AP880919-0079,808,0.06185460585515486,minmaxnorm
189,Q0,AP881129-0069,809,0.06168314674322332,minmaxnorm
189,Q0,AP881008-0141,810,0.061540933032264634,minmaxnorm
189,Q0,AP880308-0247,811,0.061536323635582736,minmaxnorm
189,Q0,WSJ900514-0077,812,0.061534025377654226,minmaxnorm
189,Q0,AP880219-0214,813,0.06149725533018247,minmaxnorm
189,Q0,AP890830-0003,814,0.06147909076307277,minmaxnorm
189,Q0,AP890726-0234,815,0.06147533696008664,minmaxnorm
189,Q0,AP891011-0082,816,0.06142369036705248,minmaxnorm
189,Q0,AP880630-0187,817,0.06133424147708205,minmaxnorm
189,Q0,AP891129-0131,818,0.061214554939629746,minmaxnorm
189,Q0,AP891215-0213,819,0.06106980651610367,minmaxnorm
189,Q0,AP890314-0092,820,0.06105374371714032,minmaxnorm
189,Q0,AP880219-0158,821,0.060796545777065225,minmaxnorm
189,Q0,AP880311-0064,822,0.06070470795141949,minmaxnorm
189,Q0,WSJ890907-0053,823,0.06048760628637213,minmaxnorm
189,Q0,AP891120-0136,824,0.060425343852768994,minmaxnorm
189,Q0,AP881221-0207,825,0.060417983872877834,minmaxnorm
189,Q0,AP880617-0149,826,0.060417292339389105,minmaxnorm
189,Q0,WSJ920310-0137,827,0.06033153266280035,minmaxnorm
189,Q0,AP880328-0046,828,0.06024987917765264,minmaxnorm
189,Q0,AP891014-0037,829,0.060114550404831234,minmaxnorm
189,Q0,AP880521-0072,830,0.06010929812736355,minmaxnorm
189,Q0,AP890621-0152,831,0.059918789307004575,minmaxnorm
189,Q0,AP890123-0027,832,0.059899460403561366,minmaxnorm
189,Q0,AP890622-0075,833,0.05989407095186365,minmaxnorm
189,Q0,AP890619-0093,834,0.05981203546563656,minmaxnorm
189,Q0,AP890627-0014,835,0.0597853898120625,minmaxnorm
189,Q0,AP880926-0072,836,0.05958692797697054,minmaxnorm
189,Q0,AP890707-0015,837,0.05952292850824757,minmaxnorm
189,Q0,AP890723-0040,838,0.059507164840947785,minmaxnorm
189,Q0,AP881130-0099,839,0.05945448499410319,minmaxnorm
189,Q0,AP880404-0056,840,0.05944567214847593,minmaxnorm
189,Q0,AP891220-0129,841,0.05936570402796449,minmaxnorm
189,Q0,WSJ870114-0005,842,0.05933067029590026,minmaxnorm
189,Q0,AP880326-0082,843,0.05921552567085168,minmaxnorm
189,Q0,AP880613-0092,844,0.05916118173861015,minmaxnorm
189,Q0,AP890217-0087,845,0.05915241865235506,minmaxnorm
189,Q0,ZF207-167-528,846,0.05913634876143439,minmaxnorm
189,Q0,AP890211-0136,847,0.05912933801257621,minmaxnorm
189,Q0,AP881102-0145,848,0.059074069154034285,minmaxnorm
189,Q0,AP890505-0225,849,0.058959207413418674,minmaxnorm
189,Q0,AP881102-0243,850,0.05879534578723903,minmaxnorm
189,Q0,AP890120-0181,851,0.05879037722553739,minmaxnorm
189,Q0,AP890915-0158,852,0.0587846148234765,minmaxnorm
189,Q0,AP880330-0221,853,0.05876024236450924,minmaxnorm
189,Q0,AP890124-0197,854,0.058759642415958935,minmaxnorm
189,Q0,AP880225-0083,855,0.0586688204808592,minmaxnorm
189,Q0,AP881005-0059,856,0.058654876449102875,minmaxnorm
189,Q0,AP890501-0217,857,0.05853009485260989,minmaxnorm
189,Q0,AP890103-0142,858,0.058460569085214645,minmaxnorm
189,Q0,AP880515-0071,859,0.05844589563397913,minmaxnorm
189,Q0,AP890427-0030,860,0.05841153567571743,minmaxnorm
189,Q0,AP891006-0204,861,0.05840048216383741,minmaxnorm
189,Q0,AP890110-0049,862,0.058330297254958925,minmaxnorm
189,Q0,AP890114-0029,863,0.058177201791854205,minmaxnorm
189,Q0,AP890513-0064,864,0.05815195591343546,minmaxnorm
189,Q0,AP891212-0039,865,0.05810668402642504,minmaxnorm
189,Q0,WSJ910917-0031,866,0.05808712062242814,minmaxnorm
189,Q0,AP890503-0159,867,0.058080600356734235,minmaxnorm
189,Q0,AP890712-0128,868,0.058079148098265206,minmaxnorm
189,Q0,AP880607-0214,869,0.05805254046785932,minmaxnorm
189,Q0,AP881123-0115,870,0.05797905709512197,minmaxnorm
189,Q0,AP890824-0181,871,0.05791452950483317,minmaxnorm
189,Q0,AP890731-0054,872,0.057855985647947424,minmaxnorm
189,Q0,AP890408-0111,873,0.05784313801801748,minmaxnorm
189,Q0,AP891102-0099,874,0.057776735397774004,minmaxnorm
189,Q0,AP890811-0137,875,0.0577424858020045,minmaxnorm
189,Q0,AP880307-0093,876,0.05770877036226105,minmaxnorm
189,Q0,AP880919-0064,877,0.05770499755218367,minmaxnorm
189,Q0,AP890124-0083,878,0.057694825486656956,minmaxnorm
189,Q0,AP890908-0108,879,0.05763997455499026,minmaxnorm
189,Q0,WSJ900423-0066,880,0.0576205178849689,minmaxnorm
189,Q0,AP880422-0235,881,0.057517776660691695,minmaxnorm
189,Q0,AP880607-0126,882,0.05740108834673203,minmaxnorm
189,Q0,AP890126-0072,883,0.057356888044814716,minmaxnorm
189,Q0,AP880420-0111,884,0.057351765377445296,minmaxnorm
189,Q0,AP880511-0095,885,0.057344800055520846,minmaxnorm
189,Q0,WSJ881117-0017,886,0.05733144673490064,minmaxnorm
189,Q0,AP880920-0221,887,0.05726458772546971,minmaxnorm
189,Q0,AP891112-0031,888,0.05718721272469093,minmaxnorm
189,Q0,AP890919-0011,889,0.057066561698907045,minmaxnorm
189,Q0,AP891112-0032,890,0.05695889818483834,minmaxnorm
189,Q0,FR89302-0126,891,0.056941333582984414,minmaxnorm
189,Q0,AP881210-0036,892,0.05671161842661464,minmaxnorm
189,Q0,AP890407-0116,893,0.056691362628883656,minmaxnorm
189,Q0,AP880916-0023,894,0.05656125010236136,minmaxnorm
189,Q0,AP880319-0087,895,0.05641492206491342,minmaxnorm
189,Q0,AP890905-0106,896,0.056294907095704116,minmaxnorm
189,Q0,AP891104-0077,897,0.05626616014880098,minmaxnorm
189,Q0,AP890111-0199,898,0.05623138122553291,minmaxnorm
189,Q0,AP890204-0006,899,0.05610969520849577,minmaxnorm
189,Q0,AP881220-0108,900,0.056095315701005094,minmaxnorm
189,Q0,AP890924-0029,901,0.05600516196796754,minmaxnorm
189,Q0,AP891130-0054,902,0.055996227376385224,minmaxnorm
189,Q0,AP890324-0020,903,0.05591370797534885,minmaxnorm
189,Q0,AP880615-0273,904,0.05586321084752653,minmaxnorm
189,Q0,AP890522-0265,905,0.055820482974925416,minmaxnorm
189,Q0,AP880823-0093,906,0.055717821630087476,minmaxnorm
189,Q0,WSJ880713-0140,907,0.0556695210482398,minmaxnorm
189,Q0,AP890528-0048,908,0.05564835750048293,minmaxnorm
189,Q0,AP880502-0145,909,0.05558487721798287,minmaxnorm
189,Q0,AP890605-0027,910,0.055537759063375575,minmaxnorm
189,Q0,AP881024-0053,911,0.05546663912650644,minmaxnorm
189,Q0,WSJ891003-0127,912,0.055426619616592815,minmaxnorm
189,Q0,AP880516-0083,913,0.05538709432489697,minmaxnorm
189,Q0,AP890128-0101,914,0.05536378246724507,minmaxnorm
189,Q0,AP880705-0037,915,0.05534105295241966,minmaxnorm
189,Q0,AP880609-0253,916,0.05533406853810713,minmaxnorm
189,Q0,AP891101-0011,917,0.05526857184685118,minmaxnorm
189,Q0,AP890920-0168,918,0.05526277438257432,minmaxnorm
189,Q0,AP890623-0064,919,0.055249022033473864,minmaxnorm
189,Q0,AP890329-0184,920,0.05518855830613292,minmaxnorm
189,Q0,AP880520-0242,921,0.055126765813839816,minmaxnorm
189,Q0,AP890929-0197,922,0.05508814491770521,minmaxnorm
189,Q0,AP891128-0097,923,0.05500031381623906,minmaxnorm
189,Q0,AP890121-0047,924,0.054886169090389736,minmaxnorm
189,Q0,AP880509-0070,925,0.0548642055362648,minmaxnorm
189,Q0,AP880813-0021,926,0.054854817788967114,minmaxnorm
189,Q0,AP880407-0130,927,0.05483786090234585,minmaxnorm
189,Q0,WSJ870701-0144,928,0.054806936575682294,minmaxnorm
189,Q0,AP890120-0088,929,0.054767819385969564,minmaxnorm
189,Q0,AP890621-0052,930,0.05472377418305347,minmaxnorm
189,Q0,AP880220-0115,931,0.05471298016911183,minmaxnorm
189,Q0,AP880707-0159,932,0.05467804014392683,minmaxnorm
189,Q0,AP881124-0099,933,0.05465193724572766,minmaxnorm
189,Q0,AP891130-0117,934,0.05449040795593119,minmaxnorm
189,Q0,AP890410-0082,935,0.05444756926141551,minmaxnorm
189,Q0,AP891215-0034,936,0.054323987498801164,minmaxnorm
189,Q0,AP880330-0248,937,0.054306030045517324,minmaxnorm
189,Q0,AP890124-0136,938,0.05428185256942117,minmaxnorm
189,Q0,AP881230-0187,939,0.05411235441872419,minmaxnorm
189,Q0,AP890512-0001,940,0.0541038004433687,minmaxnorm
189,Q0,AP890818-0161,941,0.05410155864103618,minmaxnorm
189,Q0,AP890617-0063,942,0.05400183437434395,minmaxnorm
189,Q0,AP890120-0018,943,0.05392510206864671,minmaxnorm
189,Q0,AP880808-0083,944,0.05390515623256974,minmaxnorm
189,Q0,AP891012-0206,945,0.053858500260348594,minmaxnorm
189,Q0,WSJ880114-0136,946,0.0538530670196255,minmaxnorm
189,Q0,AP880923-0046,947,0.05383077655727252,minmaxnorm
189,Q0,AP890328-0174,948,0.053725966060815124,minmaxnorm
189,Q0,WSJ911203-0139,949,0.05357452802395971,minmaxnorm
189,Q0,AP890713-0001,950,0.05353202887576405,minmaxnorm
189,Q0,AP891021-0146,951,0.0534703488666994,minmaxnorm
189,Q0,AP891117-0077,952,0.05337639427688765,minmaxnorm
189,Q0,AP881123-0119,953,0.05337330730912701,minmaxnorm
189,Q0,AP880911-0014,954,0.053325857829224645,minmaxnorm
189,Q0,WSJ911205-0004,955,0.05328404141702207,minmaxnorm
189,Q0,AP890127-0185,956,0.05313240839717824,minmaxnorm
189,Q0,ZF108-338-944,957,0.05301113375220242,minmaxnorm
189,Q0,AP880417-0074,958,0.052929691534147706,minmaxnorm
189,Q0,AP880707-0039,959,0.052928579155530724,minmaxnorm
189,Q0,WSJ871008-0107,960,0.0528315751568957,minmaxnorm
189,Q0,AP880909-0005,961,0.052713024562865335,minmaxnorm
189,Q0,WSJ910910-0010,962,0.05271015003505857,minmaxnorm
189,Q0,AP890602-0192,963,0.05270432950578541,minmaxnorm
189,Q0,AP880318-0103,964,0.05256239406805286,minmaxnorm
189,Q0,AP890119-0259,965,0.052549499925587315,minmaxnorm
189,Q0,AP880607-0115,966,0.052534291468939,minmaxnorm
189,Q0,AP890623-0128,967,0.05248205573099117,minmaxnorm
189,Q0,AP891219-0122,968,0.05247737927665326,minmaxnorm
189,Q0,AP880629-0267,969,0.052475373636915776,minmaxnorm
189,Q0,AP881209-0152,970,0.05241896796570336,minmaxnorm
189,Q0,AP880416-0089,971,0.05240956263746754,minmaxnorm
189,Q0,AP890715-0115,972,0.052353801479872744,minmaxnorm
189,Q0,AP891127-0076,973,0.052101185965831354,minmaxnorm
189,Q0,AP880518-0252,974,0.05204205663270546,minmaxnorm
189,Q0,AP890412-0082,975,0.05188110362493527,minmaxnorm
189,Q0,AP881205-0189,976,0.05180229702007834,minmaxnorm
189,Q0,AP891110-0066,977,0.051583534112479304,minmaxnorm
189,Q0,WSJ890803-0139,978,0.05152658717330057,minmaxnorm
189,Q0,AP880906-0053,979,0.0515009066853371,minmaxnorm
189,Q0,AP881201-0133,980,0.05147734605446883,minmaxnorm
189,Q0,AP880427-0191,981,0.05144060223672931,minmaxnorm
189,Q0,AP890511-0209,982,0.051299575046066796,minmaxnorm
189,Q0,AP890817-0031,983,0.05116619555687233,minmaxnorm
189,Q0,AP890122-0007,984,0.05113465924863098,minmaxnorm
189,Q0,AP881104-0129,985,0.051130842528219006,minmaxnorm
189,Q0,AP890223-0162,986,0.0510137055804046,minmaxnorm
189,Q0,AP890401-0041,987,0.050991539887291826,minmaxnorm
189,Q0,AP881020-0172,988,0.050886442841205866,minmaxnorm
189,Q0,AP881223-0187,989,0.050746858000020115,minmaxnorm
189,Q0,AP891017-0151,990,0.050712643588950855,minmaxnorm
189,Q0,AP890125-0014,991,0.0507071580134248,minmaxnorm
189,Q0,AP881226-0042,992,0.0506548855557552,minmaxnorm
189,Q0,AP881121-0188,993,0.05060377596593683,minmaxnorm
189,Q0,AP890304-0110,994,0.05038215359116876,minmaxnorm
189,Q0,AP890816-0168,995,0.05033176263272353,minmaxnorm
189,Q0,AP890705-0001,996,0.05030856704218778,minmaxnorm
189,Q0,AP890125-0043,997,0.050137427040478744,minmaxnorm
189,Q0,AP880914-0182,998,0.050045314200976285,minmaxnorm
189,Q0,AP880213-0199,999,0.05002204068368206,minmaxnorm
189,Q0,AP890713-0051,1000,0.04990129392186601,minmaxnorm
193,Q0,AP881121-0087,1,0.2652274234709396,minmaxnorm
193,Q0,AP881121-0115,2,0.2604291063436794,minmaxnorm
193,Q0,AP881122-0130,3,0.2503370888925525,minmaxnorm
193,Q0,AP891120-0117,4,0.24772388533387638,minmaxnorm
193,Q0,AP891120-0191,5,0.2453442210616778,minmaxnorm
193,Q0,AP881122-0087,6,0.24227027719641242,minmaxnorm
193,Q0,AP891219-0220,7,0.2374510879245191,minmaxnorm
193,Q0,AP891125-0012,8,0.2261579207310021,minmaxnorm
193,Q0,AP880429-0045,9,0.22290053994611894,minmaxnorm
193,Q0,AP881207-0196,10,0.21996246942361466,minmaxnorm
193,Q0,AP891201-0053,11,0.21849003263605093,minmaxnorm
193,Q0,AP881118-0011,12,0.21180445395614403,minmaxnorm
193,Q0,AP890614-0082,13,0.21116869744379546,minmaxnorm
193,Q0,AP881013-0148,14,0.21044507947918892,minmaxnorm
193,Q0,AP881118-0021,15,0.20899715294643031,minmaxnorm
193,Q0,AP880714-0095,16,0.20792245353247454,minmaxnorm
193,Q0,AP890607-0098,17,0.20641215601253146,minmaxnorm
193,Q0,AP880915-0113,18,0.20620042400427893,minmaxnorm
193,Q0,AP881012-0124,19,0.2058048291242601,minmaxnorm
193,Q0,AP881207-0251,20,0.20310052451863536,minmaxnorm
193,Q0,AP890929-0216,21,0.20271425605853585,minmaxnorm
193,Q0,AP891119-0021,22,0.20196424006999686,minmaxnorm
193,Q0,AP881121-0161,23,0.20048908550560327,minmaxnorm
193,Q0,AP890829-0204,24,0.2001493981573422,minmaxnorm
193,Q0,AP880527-0257,25,0.1994108225666191,minmaxnorm
193,Q0,AP890828-0104,26,0.19906667793891808,minmaxnorm
193,Q0,WSJ880916-0189,27,0.1978127101424365,minmaxnorm
193,Q0,AP891102-0245,28,0.19719424383207945,minmaxnorm
193,Q0,AP891103-0167,29,0.19571792397823917,minmaxnorm
193,Q0,AP880714-0110,30,0.1938656433781679,minmaxnorm
193,Q0,AP891124-0203,31,0.19337634561737888,minmaxnorm
193,Q0,AP890731-0123,32,0.192968630987101,minmaxnorm
193,Q0,WSJ900821-0006,33,0.19281291188816085,minmaxnorm
193,Q0,AP891106-0232,34,0.19237117806976187,minmaxnorm
193,Q0,AP891103-0175,35,0.19163921128489672,minmaxnorm
193,Q0,AP891221-0065,36,0.1904593623962574,minmaxnorm
193,Q0,AP881228-0200,37,0.1896732728124511,minmaxnorm
193,Q0,WSJ880808-0120,38,0.18949616059279842,minmaxnorm
193,Q0,WSJ871124-0103,39,0.18398754205769624,minmaxnorm
193,Q0,AP890519-0065,40,0.18398026959386626,minmaxnorm
193,Q0,AP890630-0266,41,0.18330185662620188,minmaxnorm
193,Q0,WSJ880708-0131,42,0.18185710544369119,minmaxnorm
193,Q0,AP880525-0137,43,0.18071646569757305,minmaxnorm
193,Q0,AP890203-0233,44,0.18031719622613374,minmaxnorm
193,Q0,WSJ880526-0015,45,0.17994043551547273,minmaxnorm
193,Q0,AP881221-0166,46,0.17986835177620572,minmaxnorm
193,Q0,AP891106-0233,47,0.17945746283967723,minmaxnorm
193,Q0,FR89323-0057,48,0.17768106319066954,minmaxnorm
193,Q0,AP880330-0163,49,0.17728508030858894,minmaxnorm
193,Q0,AP891120-0121,50,0.17611874807995312,minmaxnorm
193,Q0,AP881202-0050,51,0.17547300130015364,minmaxnorm
193,Q0,FR89123-0060,52,0.17422293622911272,minmaxnorm
193,Q0,FR89119-0045,53,0.17412165865956838,minmaxnorm
193,Q0,FR88607-0041,54,0.1739793187718776,minmaxnorm
193,Q0,AP881202-0212,55,0.17390191488047577,minmaxnorm
193,Q0,AP881029-0121,56,0.17340283583027627,minmaxnorm
193,Q0,AP880421-0108,57,0.171369077460381,minmaxnorm
193,Q0,AP881021-0207,58,0.17133469731143744,minmaxnorm
193,Q0,AP890710-0174,59,0.17104972044798247,minmaxnorm
193,Q0,AP891215-0083,60,0.17051417109175426,minmaxnorm
193,Q0,AP891125-0025,61,0.17042927547948125,minmaxnorm
193,Q0,WSJ880331-0001,62,0.1699142190648117,minmaxnorm
193,Q0,AP890920-0234,63,0.16912637077491205,minmaxnorm
193,Q0,AP890829-0241,64,0.16885537267541162,minmaxnorm
193,Q0,AP890801-0046,65,0.16874195870263436,minmaxnorm
193,Q0,WSJ880810-0103,66,0.1686415237347622,minmaxnorm
193,Q0,WSJ890803-0021,67,0.1682007258701025,minmaxnorm
193,Q0,AP880606-0133,68,0.16802989049165645,minmaxnorm
193,Q0,AP881028-0299,69,0.16728889098340938,minmaxnorm
193,Q0,AP890522-0214,70,0.16696830009829852,minmaxnorm
193,Q0,AP891116-0046,71,0.16693835311405616,minmaxnorm
193,Q0,AP890828-0065,72,0.1659440297360641,minmaxnorm
193,Q0,AP881031-0294,73,0.16519888990391482,minmaxnorm
193,Q0,AP881013-0063,74,0.1650592009737076,minmaxnorm
193,Q0,AP890714-0290,75,0.16436487286988857,minmaxnorm
193,Q0,AP890829-0024,76,0.16373571412571275,minmaxnorm
193,Q0,AP891216-0006,77,0.1636847621576585,minmaxnorm
193,Q0,WSJ911121-0063,78,0.1634510824443076,minmaxnorm
193,Q0,AP880511-0242,79,0.16311033948744094,minmaxnorm
193,Q0,AP891201-0092,80,0.1615123577123984,minmaxnorm
193,Q0,AP880920-0023,81,0.16144093695978165,minmaxnorm
193,Q0,AP891216-0108,82,0.15957904443286294,minmaxnorm
193,Q0,AP881028-0056,83,0.15932925253486951,minmaxnorm
193,Q0,AP881123-0251,84,0.1592011550336421,minmaxnorm
193,Q0,AP891006-0240,85,0.15895674583158712,minmaxnorm
193,Q0,AP890929-0051,86,0.1589216128852573,minmaxnorm
193,Q0,AP881216-0114,87,0.15842737941553303,minmaxnorm
193,Q0,FR88729-0024,88,0.15724530221681998,minmaxnorm
193,Q0,WSJ911104-0005,89,0.1553001193890184,minmaxnorm
193,Q0,AP891219-0094,90,0.15374158499503696,minmaxnorm
193,Q0,AP881118-0186,91,0.15340597353697327,minmaxnorm
193,Q0,AP880628-0273,92,0.15300476121653692,minmaxnorm
193,Q0,WSJ870128-0132,93,0.15233443024294485,minmaxnorm
193,Q0,AP890213-0274,94,0.1520166615195117,minmaxnorm
193,Q0,AP890518-0248,95,0.1519237305896442,minmaxnorm
193,Q0,WSJ910919-0082,96,0.1510499243677389,minmaxnorm
193,Q0,AP880607-0040,97,0.1509733152849504,minmaxnorm
193,Q0,AP891125-0139,98,0.1502997115404042,minmaxnorm
193,Q0,AP891106-0238,99,0.15020527225611965,minmaxnorm
193,Q0,AP890814-0072,100,0.15020394125668432,minmaxnorm
193,Q0,WSJ911127-0070,101,0.14979477871642097,minmaxnorm
193,Q0,AP881116-0165,102,0.14953211686983378,minmaxnorm
193,Q0,AP881031-0295,103,0.14944502575740995,minmaxnorm
193,Q0,AP891104-0029,104,0.14916544309457896,minmaxnorm
193,Q0,AP891106-0243,105,0.14899642666315713,minmaxnorm
193,Q0,AP880313-0029,106,0.14844822858823598,minmaxnorm
193,Q0,AP891206-0123,107,0.1482165455847999,minmaxnorm
193,Q0,WSJ861224-0169,108,0.14786861546490462,minmaxnorm
193,Q0,WSJ870727-0040,109,0.14782872516671375,minmaxnorm
193,Q0,WSJ871008-0058,110,0.14775556681264732,minmaxnorm
193,Q0,FR881006-0001,111,0.14763598382100102,minmaxnorm
193,Q0,AP880729-0028,112,0.1474664873795375,minmaxnorm
193,Q0,WSJ910211-0166,113,0.14693404649593436,minmaxnorm
193,Q0,AP890214-0194,114,0.14675543416187836,minmaxnorm
193,Q0,AP881126-0118,115,0.14629755579688422,minmaxnorm
193,Q0,WSJ911206-0150,116,0.14566234073496884,minmaxnorm
193,Q0,AP891102-0046,117,0.14547979383606685,minmaxnorm
193,Q0,AP891006-0039,118,0.14459441749524157,minmaxnorm
193,Q0,AP881027-0184,119,0.14427864736050927,minmaxnorm
193,Q0,AP891220-0135,120,0.14370844259880267,minmaxnorm
193,Q0,AP890920-0077,121,0.14300753078834696,minmaxnorm
193,Q0,AP881031-0296,122,0.1428785432119648,minmaxnorm
193,Q0,WSJ870218-0134,123,0.14257647825600003,minmaxnorm
193,Q0,WSJ880119-0073,124,0.14189944811595817,minmaxnorm
193,Q0,WSJ880114-0116,125,0.1409525239079018,minmaxnorm
193,Q0,AP890814-0214,126,0.14091499762077914,minmaxnorm
193,Q0,AP891122-0241,127,0.14065626881439366,minmaxnorm
193,Q0,AP890523-0025,128,0.14013221019572297,minmaxnorm
193,Q0,WSJ870106-0080,129,0.14005645451329374,minmaxnorm
193,Q0,AP881105-0164,130,0.1397674520356639,minmaxnorm
193,Q0,AP880528-0023,131,0.13963866034983263,minmaxnorm
193,Q0,WSJ871021-0137,132,0.13950556031915198,minmaxnorm
193,Q0,WSJ861229-0018,133,0.1391042193602189,minmaxnorm
193,Q0,WSJ920207-0071,134,0.13878771408170748,minmaxnorm
193,Q0,AP880819-0193,135,0.13850634557185065,minmaxnorm
193,Q0,AP881104-0098,136,0.13817178052178694,minmaxnorm
193,Q0,FR881118-0018,137,0.13791695912048635,minmaxnorm
193,Q0,WSJ871119-0008,138,0.13736021456786285,minmaxnorm
193,Q0,AP880614-0104,139,0.1371384164330087,minmaxnorm
193,Q0,AP880811-0155,140,0.13619358168262485,minmaxnorm
193,Q0,AP880308-0167,141,0.1359375176355224,minmaxnorm
193,Q0,AP880526-0115,142,0.13582588316499933,minmaxnorm
193,Q0,WSJ871008-0098,143,0.13448336706106795,minmaxnorm
193,Q0,WSJ900606-0145,144,0.13310276392276896,minmaxnorm
193,Q0,FR881024-0169,145,0.1330561999999666,minmaxnorm
193,Q0,WSJ910807-0026,146,0.13293360263361131,minmaxnorm
193,Q0,WSJ910221-0164,147,0.13283304834578025,minmaxnorm
193,Q0,AP881218-0062,148,0.13279388957017307,minmaxnorm
193,Q0,WSJ900521-0077,149,0.13271431145209392,minmaxnorm
193,Q0,AP880922-0071,150,0.13246137011067946,minmaxnorm
193,Q0,AP890912-0125,151,0.13213575224959231,minmaxnorm
193,Q0,AP891202-0162,152,0.1321240779502525,minmaxnorm
193,Q0,AP891221-0051,153,0.13205720198188686,minmaxnorm
193,Q0,AP881029-0021,154,0.13203126086594216,minmaxnorm
193,Q0,WSJ900427-0142,155,0.13196103510778195,minmaxnorm
193,Q0,WSJ870930-0013,156,0.13170042984187869,minmaxnorm
193,Q0,WSJ910103-0105,157,0.13149453751407017,minmaxnorm
193,Q0,WSJ911231-0103,158,0.1312612524342132,minmaxnorm
193,Q0,WSJ910930-0105,159,0.13103310707512342,minmaxnorm
193,Q0,WSJ910129-0118,160,0.1307118959487337,minmaxnorm
193,Q0,AP881215-0173,161,0.13067102802533703,minmaxnorm
193,Q0,WSJ890927-0163,162,0.1306575459460772,minmaxnorm
193,Q0,WSJ920303-0014,163,0.13048969454370016,minmaxnorm
193,Q0,WSJ900910-0079,164,0.1303891314341918,minmaxnorm
193,Q0,WSJ910131-0053,165,0.13028545159631658,minmaxnorm
193,Q0,WSJ910611-0111,166,0.1301620407595247,minmaxnorm
193,Q0,WSJ871210-0124,167,0.12989000430964667,minmaxnorm
193,Q0,AP890403-0104,168,0.12981871104863799,minmaxnorm
193,Q0,WSJ910701-0153,169,0.12972497605283806,minmaxnorm
193,Q0,WSJ920317-0158,170,0.12947194130671957,minmaxnorm
193,Q0,AP881028-0002,171,0.1292871318313566,minmaxnorm
193,Q0,AP890214-0189,172,0.1291466814242775,minmaxnorm
193,Q0,WSJ910417-0039,173,0.12912130920740403,minmaxnorm
193,Q0,AP880325-0279,174,0.12910827248828116,minmaxnorm
193,Q0,AP891002-0178,175,0.12881227988094474,minmaxnorm
193,Q0,WSJ911204-0038,176,0.12872141049231392,minmaxnorm
193,Q0,AP891020-0300,177,0.1286675832449295,minmaxnorm
193,Q0,AP881009-0092,178,0.12844808620725828,minmaxnorm
193,Q0,WSJ880406-0009,179,0.12779587017191885,minmaxnorm
193,Q0,AP881006-0241,180,0.1270683835346516,minmaxnorm
193,Q0,WSJ861216-0058,181,0.126991946025366,minmaxnorm
193,Q0,AP890911-0286,182,0.12689380793390997,minmaxnorm
193,Q0,WSJ880105-0055,183,0.12673311132086224,minmaxnorm
193,Q0,AP881121-0241,184,0.12603363662583633,minmaxnorm
193,Q0,WSJ880610-0125,185,0.1256883390578798,minmaxnorm
193,Q0,AP880331-0065,186,0.12563958854808527,minmaxnorm
193,Q0,WSJ911022-0059,187,0.12484756843551158,minmaxnorm
193,Q0,AP881020-0105,188,0.12482636655565449,minmaxnorm
193,Q0,WSJ871028-0070,189,0.12479837035298479,minmaxnorm
193,Q0,AP891212-0230,190,0.12477174784979357,minmaxnorm
193,Q0,WSJ910111-0027,191,0.12475175106354582,minmaxnorm
193,Q0,AP890926-0275,192,0.12470451348241376,minmaxnorm
193,Q0,FR881006-0002,193,0.12466281811735432,minmaxnorm
193,Q0,AP880218-0289,194,0.12445217027626108,minmaxnorm
193,Q0,WSJ880212-0023,195,0.12417029593593668,minmaxnorm
193,Q0,WSJ880122-0083,196,0.12407626285755415,minmaxnorm
193,Q0,WSJ880912-0066,197,0.12391508072625186,minmaxnorm
193,Q0,WSJ880119-0081,198,0.12355143885566362,minmaxnorm
193,Q0,WSJ881027-0016,199,0.12343497561402494,minmaxnorm
193,Q0,WSJ910927-0110,200,0.1233297622325923,minmaxnorm
193,Q0,AP890711-0010,201,0.12272023405941311,minmaxnorm
193,Q0,WSJ910808-0012,202,0.12254701370032473,minmaxnorm
193,Q0,AP890413-0013,203,0.12229498260312481,minmaxnorm
193,Q0,AP890406-0099,204,0.12196921059539997,minmaxnorm
193,Q0,WSJ880104-0128,205,0.1216768440650539,minmaxnorm
193,Q0,WSJ881103-0018,206,0.12122759937801954,minmaxnorm
193,Q0,WSJ920122-0032,207,0.12107197998585476,minmaxnorm
193,Q0,WSJ920228-0008,208,0.12061903204091934,minmaxnorm
193,Q0,AP880317-0032,209,0.12031572578072672,minmaxnorm
193,Q0,AP880701-0102,210,0.11961278888732721,minmaxnorm
193,Q0,WSJ911008-0107,211,0.1195865938092851,minmaxnorm
193,Q0,WSJ880902-0083,212,0.11939705742302027,minmaxnorm
193,Q0,WSJ900413-0195,213,0.11926393430522204,minmaxnorm
193,Q0,WSJ880428-0055,214,0.11874048004428277,minmaxnorm
193,Q0,AP880611-0074,215,0.11854982817948909,minmaxnorm
193,Q0,WSJ910201-0173,216,0.11836708116064373,minmaxnorm
193,Q0,WSJ910628-0106,217,0.11835444222156165,minmaxnorm
193,Q0,AP880427-0218,218,0.11813137578611282,minmaxnorm
193,Q0,WSJ900503-0103,219,0.11798757560114087,minmaxnorm
193,Q0,AP881112-0003,220,0.11781806978307993,minmaxnorm
193,Q0,AP890316-0112,221,0.11773138298010205,minmaxnorm
193,Q0,WSJ871105-0083,222,0.1175168446013185,minmaxnorm
193,Q0,ZF108-044-492,223,0.11746937739357546,minmaxnorm
193,Q0,WSJ910214-0106,224,0.11733353094844572,minmaxnorm
193,Q0,AP880802-0119,225,0.11716812600415487,minmaxnorm
193,Q0,AP891023-0111,226,0.1169748419559532,minmaxnorm
193,Q0,FR881107-0073,227,0.11679525806898242,minmaxnorm
193,Q0,FR89613-0048,228,0.11659706765816386,minmaxnorm
193,Q0,WSJ910314-0042,229,0.11645381942126883,minmaxnorm
193,Q0,AP891012-0090,230,0.1162168218675794,minmaxnorm
193,Q0,AP880427-0331,231,0.11492202140554442,minmaxnorm
193,Q0,WSJ880811-0126,232,0.11470721057758246,minmaxnorm
193,Q0,WSJ880909-0040,233,0.11468158111736815,minmaxnorm
193,Q0,AP890907-0268,234,0.11467161650941955,minmaxnorm
193,Q0,AP880616-0145,235,0.11446577387106086,minmaxnorm
193,Q0,WSJ900813-0055,236,0.11425354967974857,minmaxnorm
193,Q0,WSJ880628-0103,237,0.11402913086309657,minmaxnorm
193,Q0,AP881031-0297,238,0.11378219077973366,minmaxnorm
193,Q0,WSJ920228-0179,239,0.11354556530413878,minmaxnorm
193,Q0,WSJ870116-0026,240,0.11341661535680828,minmaxnorm
193,Q0,WSJ891016-0010,241,0.11327742749887404,minmaxnorm
193,Q0,WSJ910523-0168,242,0.11316586039094967,minmaxnorm
193,Q0,AP891221-0069,243,0.11300248779799288,minmaxnorm
193,Q0,WSJ870521-0136,244,0.11290562610287401,minmaxnorm
193,Q0,WSJ880831-0106,245,0.11289727046836323,minmaxnorm
193,Q0,AP880428-0053,246,0.11272013812303563,minmaxnorm
193,Q0,WSJ911226-0026,247,0.11260326145858522,minmaxnorm
193,Q0,WSJ900913-0097,248,0.11256007459910415,minmaxnorm
193,Q0,AP890107-0159,249,0.11248180696804641,minmaxnorm
193,Q0,WSJ880317-0170,250,0.11223812269309028,minmaxnorm
193,Q0,WSJ861218-0139,251,0.11221702136403931,minmaxnorm
193,Q0,AP891127-0254,252,0.11194193188683131,minmaxnorm
193,Q0,AP890405-0183,253,0.11189981847393463,minmaxnorm
193,Q0,WSJ871130-0069,254,0.11187071561380549,minmaxnorm
193,Q0,AP881228-0139,255,0.11183255009778031,minmaxnorm
193,Q0,WSJ901226-0090,256,0.11155972447922716,minmaxnorm
193,Q0,WSJ870930-0141,257,0.11153832691525166,minmaxnorm
193,Q0,WSJ911122-0123,258,0.11153797519195494,minmaxnorm
193,Q0,WSJ880615-0009,259,0.11083687553559696,minmaxnorm
193,Q0,WSJ911216-0048,260,0.11078482581747269,minmaxnorm
193,Q0,WSJ910628-0047,261,0.11070370620924076,minmaxnorm
193,Q0,AP880526-0064,262,0.11025862546925305,minmaxnorm
193,Q0,FR88212-0145,263,0.10993020062763265,minmaxnorm
193,Q0,WSJ910605-0154,264,0.10991001150280207,minmaxnorm
193,Q0,WSJ891003-0095,265,0.10987006251517444,minmaxnorm
193,Q0,AP881207-0286,266,0.1097445677800448,minmaxnorm
193,Q0,WSJ880209-0112,267,0.1095166491284839,minmaxnorm
193,Q0,WSJ880229-0114,268,0.10936195915979231,minmaxnorm
193,Q0,WSJ910401-0012,269,0.10902858074922697,minmaxnorm
193,Q0,WSJ910424-0139,270,0.10895254693110708,minmaxnorm
193,Q0,AP880302-0143,271,0.10890708478875222,minmaxnorm
193,Q0,WSJ871109-0054,272,0.10881553302132908,minmaxnorm
193,Q0,WSJ871013-0033,273,0.1086160042239926,minmaxnorm
193,Q0,WSJ870211-0118,274,0.10855647491718448,minmaxnorm
193,Q0,AP890515-0034,275,0.10827814421230288,minmaxnorm
193,Q0,WSJ910305-0009,276,0.10807770904376823,minmaxnorm
193,Q0,WSJ880129-0118,277,0.1078733722563088,minmaxnorm
193,Q0,WSJ870806-0003,278,0.10781831294609903,minmaxnorm
193,Q0,WSJ880204-0109,279,0.10731636465035771,minmaxnorm
193,Q0,AP881129-0046,280,0.1072043711569988,minmaxnorm
193,Q0,WSJ910320-0042,281,0.10700850190212538,minmaxnorm
193,Q0,AP891220-0144,282,0.10700050253091056,minmaxnorm
193,Q0,WSJ900720-0067,283,0.10698785075954395,minmaxnorm
193,Q0,WSJ871215-0027,284,0.10678480316695758,minmaxnorm
193,Q0,ZF207-800-494,285,0.10668210498939035,minmaxnorm
193,Q0,WSJ910212-0107,286,0.10661787546290208,minmaxnorm
193,Q0,WSJ861224-0045,287,0.10655723832269104,minmaxnorm
193,Q0,WSJ910131-0157,288,0.10634537113208409,minmaxnorm
193,Q0,WSJ890809-0068,289,0.10622317815008513,minmaxnorm
193,Q0,WSJ870317-0115,290,0.10620260345422455,minmaxnorm
193,Q0,WSJ910822-0064,291,0.10616697350872997,minmaxnorm
193,Q0,WSJ871123-0122,292,0.10613257252335705,minmaxnorm
193,Q0,WSJ880420-0086,293,0.10604222504389037,minmaxnorm
193,Q0,AP890316-0140,294,0.10582929834004573,minmaxnorm
193,Q0,AP890213-0260,295,0.10580352022426096,minmaxnorm
193,Q0,WSJ870319-0057,296,0.10512114693156016,minmaxnorm
193,Q0,WSJ880708-0147,297,0.10492823026961183,minmaxnorm
193,Q0,WSJ871223-0103,298,0.10477469199716954,minmaxnorm
193,Q0,WSJ881115-0045,299,0.10476613467014764,minmaxnorm
193,Q0,WSJ891023-0061,300,0.10474455830741256,minmaxnorm
193,Q0,WSJ900802-0040,301,0.10468453871647071,minmaxnorm
193,Q0,WSJ910522-0076,302,0.10465677265189564,minmaxnorm
193,Q0,WSJ910717-0092,303,0.10450058637949262,minmaxnorm
193,Q0,WSJ900510-0129,304,0.10413978690701509,minmaxnorm
193,Q0,AP880508-0007,305,0.10397792164857372,minmaxnorm
193,Q0,AP881129-0230,306,0.10388687682143684,minmaxnorm
193,Q0,AP880820-0061,307,0.10379582703518182,minmaxnorm
193,Q0,AP881224-0073,308,0.10359286671371101,minmaxnorm
193,Q0,WSJ911112-0148,309,0.10343460390533883,minmaxnorm
193,Q0,WSJ870309-0056,310,0.10341039745082803,minmaxnorm
193,Q0,WSJ870923-0074,311,0.10322165016155418,minmaxnorm
193,Q0,WSJ900823-0110,312,0.10288700407312976,minmaxnorm
193,Q0,WSJ870616-0140,313,0.102867327575167,minmaxnorm
193,Q0,WSJ920303-0105,314,0.1023635041225805,minmaxnorm
193,Q0,WSJ870422-0029,315,0.10226156557017343,minmaxnorm
193,Q0,WSJ891012-0119,316,0.10212535904511365,minmaxnorm
193,Q0,AP890720-0255,317,0.10202824258275142,minmaxnorm
193,Q0,AP890912-0227,318,0.1020004919939914,minmaxnorm
193,Q0,AP881211-0012,319,0.10197050977687092,minmaxnorm
193,Q0,WSJ920203-0095,320,0.10125878287428333,minmaxnorm
193,Q0,WSJ900928-0074,321,0.10095807369864261,minmaxnorm
193,Q0,AP881023-0060,322,0.10077233012176014,minmaxnorm
193,Q0,WSJ861219-0020,323,0.10067040944966896,minmaxnorm
193,Q0,AP880419-0018,324,0.10044781495857004,minmaxnorm
193,Q0,WSJ880524-0027,325,0.10019734036803013,minmaxnorm
193,Q0,AP880512-0198,326,0.10011855243851905,minmaxnorm
193,Q0,WSJ880219-0015,327,0.09984195722325855,minmaxnorm
193,Q0,WSJ880125-0030,328,0.0998152395423157,minmaxnorm
193,Q0,WSJ910313-0080,329,0.09956539195665862,minmaxnorm
193,Q0,AP891106-0234,330,0.09936930251485437,minmaxnorm
193,Q0,WSJ870709-0082,331,0.09934344162012412,minmaxnorm
193,Q0,AP880725-0259,332,0.09905380644419245,minmaxnorm
193,Q0,WSJ880928-0005,333,0.09898763185357187,minmaxnorm
193,Q0,WSJ871110-0007,334,0.09875349721924198,minmaxnorm
193,Q0,WSJ920207-0069,335,0.09852425529174043,minmaxnorm
193,Q0,WSJ870626-0182,336,0.09850353133918868,minmaxnorm
193,Q0,WSJ881109-0087,337,0.0984430719536939,minmaxnorm
193,Q0,WSJ920129-0170,338,0.09824867244585715,minmaxnorm
193,Q0,AP890712-0143,339,0.09813700282046546,minmaxnorm
193,Q0,AP890210-0285,340,0.0981249428636218,minmaxnorm
193,Q0,WSJ871216-0042,341,0.09811716695603973,minmaxnorm
193,Q0,AP880404-0242,342,0.09808192839122123,minmaxnorm
193,Q0,AP890803-0304,343,0.09769645408800252,minmaxnorm
193,Q0,AP880809-0154,344,0.09732787571731882,minmaxnorm
193,Q0,FR88203-0017,345,0.09726254566345591,minmaxnorm
193,Q0,WSJ861210-0057,346,0.09702165044925114,minmaxnorm
193,Q0,AP880302-0030,347,0.09668573642305286,minmaxnorm
193,Q0,WSJ871112-0010,348,0.09662191021502474,minmaxnorm
193,Q0,WSJ891024-0118,349,0.09651208183526473,minmaxnorm
193,Q0,WSJ880531-0134,350,0.09643676651565869,minmaxnorm
193,Q0,AP880418-0290,351,0.09606784235699418,minmaxnorm
193,Q0,AP890823-0203,352,0.09585686885103802,minmaxnorm
193,Q0,WSJ901231-0086,353,0.09582847585211648,minmaxnorm
193,Q0,WSJ911014-0016,354,0.09574087516466255,minmaxnorm
193,Q0,WSJ900430-0159,355,0.0956154512617249,minmaxnorm
193,Q0,AP881013-0147,356,0.09541980021256802,minmaxnorm
193,Q0,WSJ880818-0022,357,0.09525912879780074,minmaxnorm
193,Q0,WSJ900702-0169,358,0.09513975006680514,minmaxnorm
193,Q0,AP890305-0041,359,0.09490060078814094,minmaxnorm
193,Q0,WSJ910110-0125,360,0.09486467082026694,minmaxnorm
193,Q0,WSJ871210-0050,361,0.0947999526235142,minmaxnorm
193,Q0,WSJ861209-0099,362,0.09467886147179479,minmaxnorm
193,Q0,WSJ920312-0118,363,0.0945792183471149,minmaxnorm
193,Q0,WSJ871110-0110,364,0.09442444974054996,minmaxnorm
193,Q0,WSJ891013-0100,365,0.09437909073645069,minmaxnorm
193,Q0,AP880818-0095,366,0.09436697522139079,minmaxnorm
193,Q0,WSJ871123-0009,367,0.09393933707293403,minmaxnorm
193,Q0,FR881020-0041,368,0.09350974765442487,minmaxnorm
193,Q0,WSJ870527-0090,369,0.0933540324570223,minmaxnorm
193,Q0,WSJ911119-0054,370,0.09334032906526141,minmaxnorm
193,Q0,WSJ911210-0071,371,0.09313277451323823,minmaxnorm
193,Q0,WSJ880415-0055,372,0.09308465018123131,minmaxnorm
193,Q0,WSJ870817-0033,373,0.09241431628208646,minmaxnorm
193,Q0,AP890627-0163,374,0.09225805736952121,minmaxnorm
193,Q0,AP890101-0019,375,0.09207033574622175,minmaxnorm
193,Q0,AP881028-0254,376,0.0920362229191491,minmaxnorm
193,Q0,WSJ920108-0126,377,0.09194219378512984,minmaxnorm
193,Q0,WSJ911224-0005,378,0.09189326295806216,minmaxnorm
193,Q0,AP890902-0069,379,0.09148665115972276,minmaxnorm
193,Q0,WSJ900718-0134,380,0.0913074865655317,minmaxnorm
193,Q0,WSJ900531-0089,381,0.0912726198924696,minmaxnorm
193,Q0,WSJ871105-0116,382,0.09125430500598944,minmaxnorm
193,Q0,WSJ870515-0048,383,0.0912162573780748,minmaxnorm
193,Q0,WSJ871222-0006,384,0.09083958607971533,minmaxnorm
193,Q0,WSJ880810-0090,385,0.09069696506694827,minmaxnorm
193,Q0,WSJ900821-0074,386,0.09064518061998066,minmaxnorm
193,Q0,ZF109-617-721,387,0.09064188595198672,minmaxnorm
193,Q0,WSJ881109-0169,388,0.09058752302041168,minmaxnorm
193,Q0,WSJ870708-0110,389,0.0903831976403258,minmaxnorm
193,Q0,WSJ870513-0058,390,0.09016666888169904,minmaxnorm
193,Q0,FR88610-0152,391,0.0892058347397248,minmaxnorm
193,Q0,WSJ920103-0068,392,0.08897417593585968,minmaxnorm
193,Q0,WSJ900607-0117,393,0.08888003232598796,minmaxnorm
193,Q0,AP881006-0245,394,0.08852889216862532,minmaxnorm
193,Q0,WSJ861215-0025,395,0.08846236600897996,minmaxnorm
193,Q0,WSJ881018-0120,396,0.08840895005426097,minmaxnorm
193,Q0,WSJ870601-0070,397,0.08828667798043684,minmaxnorm
193,Q0,WSJ900611-0130,398,0.08811769920074138,minmaxnorm
193,Q0,AP890524-0185,399,0.08803434698711696,minmaxnorm
193,Q0,WSJ880928-0087,400,0.08782451197779814,minmaxnorm
193,Q0,WSJ871224-0072,401,0.08781768480623463,minmaxnorm
193,Q0,AP880321-0129,402,0.08776781458955131,minmaxnorm
193,Q0,AP881108-0059,403,0.08772162735378164,minmaxnorm
193,Q0,AP880903-0077,404,0.08739071407801677,minmaxnorm
193,Q0,AP881028-0176,405,0.08728071574997373,minmaxnorm
193,Q0,AP880715-0004,406,0.08715159707753681,minmaxnorm
193,Q0,AP880510-0137,407,0.0866092969165904,minmaxnorm
193,Q0,WSJ870605-0017,408,0.08658006346550809,minmaxnorm
193,Q0,AP891216-0141,409,0.08630418317931778,minmaxnorm
193,Q0,AP881107-0005,410,0.08603009047061523,minmaxnorm
193,Q0,WSJ910426-0067,411,0.08588307042317463,minmaxnorm
193,Q0,WSJ910506-0093,412,0.0858728097283724,minmaxnorm
193,Q0,AP880506-0287,413,0.0858455970177468,minmaxnorm
193,Q0,AP881017-0222,414,0.08564400528445712,minmaxnorm
193,Q0,AP880803-0054,415,0.08510163014054374,minmaxnorm
193,Q0,AP880628-0298,416,0.08502496433057326,minmaxnorm
193,Q0,AP890525-0255,417,0.08495179055471914,minmaxnorm
193,Q0,FR89127-0005,418,0.08495073795847592,minmaxnorm
193,Q0,WSJ870728-0077,419,0.08491178245196926,minmaxnorm
193,Q0,AP891026-0043,420,0.08476976023799665,minmaxnorm
193,Q0,WSJ911203-0019,421,0.08466383466663074,minmaxnorm
193,Q0,AP891225-0025,422,0.08464246729461719,minmaxnorm
193,Q0,AP891208-0236,423,0.08459937590491122,minmaxnorm
193,Q0,ZF108-692-560,424,0.0845379250708364,minmaxnorm
193,Q0,WSJ910117-0079,425,0.08443229723583927,minmaxnorm
193,Q0,WSJ910510-0088,426,0.08440671742300077,minmaxnorm
193,Q0,AP880624-0229,427,0.08427747003337512,minmaxnorm
193,Q0,WSJ900712-0019,428,0.0842488883359894,minmaxnorm
193,Q0,AP890516-0094,429,0.0836636421639197,minmaxnorm
193,Q0,AP891209-0073,430,0.08359502730032221,minmaxnorm
193,Q0,AP881120-0014,431,0.08342789600351225,minmaxnorm
193,Q0,AP890110-0309,432,0.08341182784537714,minmaxnorm
193,Q0,AP890622-0269,433,0.08333237485806291,minmaxnorm
193,Q0,WSJ911114-0166,434,0.08324210395677882,minmaxnorm
193,Q0,AP890602-0117,435,0.08319245311681879,minmaxnorm
193,Q0,AP890711-0158,436,0.08317512181446979,minmaxnorm
193,Q0,WSJ880204-0137,437,0.08308155255987333,minmaxnorm
193,Q0,WSJ910830-0075,438,0.0826475180394409,minmaxnorm
193,Q0,WSJ900411-0084,439,0.08238228159787254,minmaxnorm
193,Q0,WSJ871118-0059,440,0.08216133258831933,minmaxnorm
193,Q0,AP890215-0137,441,0.0821171500440442,minmaxnorm
193,Q0,WSJ910702-0131,442,0.0820996355688168,minmaxnorm
193,Q0,AP881222-0247,443,0.0820528603963367,minmaxnorm
193,Q0,WSJ871118-0012,444,0.08203640524607134,minmaxnorm
193,Q0,AP890424-0168,445,0.08200755070803414,minmaxnorm
193,Q0,AP891207-0174,446,0.08186137031026813,minmaxnorm
193,Q0,WSJ900813-0074,447,0.08163833211203282,minmaxnorm
193,Q0,WSJ880211-0045,448,0.08158877403826059,minmaxnorm
193,Q0,WSJ870512-0061,449,0.08141493555087465,minmaxnorm
193,Q0,AP880507-0204,450,0.08130685258221323,minmaxnorm
193,Q0,ZF107-955-938,451,0.08103304517378523,minmaxnorm
193,Q0,AP891214-0136,452,0.08054439203723274,minmaxnorm
193,Q0,WSJ870820-0047,453,0.08044045722645922,minmaxnorm
193,Q0,WSJ871116-0147,454,0.08024213032976234,minmaxnorm
193,Q0,WSJ900713-0087,455,0.08006268150566566,minmaxnorm
193,Q0,WSJ910610-0143,456,0.07985181578114386,minmaxnorm
193,Q0,WSJ880226-0088,457,0.07982723205801162,minmaxnorm
193,Q0,FR88203-0062,458,0.07966420481061035,minmaxnorm
193,Q0,WSJ870924-0095,459,0.07965938039389732,minmaxnorm
193,Q0,AP881121-0242,460,0.0792121294676218,minmaxnorm
193,Q0,WSJ880114-0073,461,0.07901199239122578,minmaxnorm
193,Q0,WSJ910125-0085,462,0.07900135349452345,minmaxnorm
193,Q0,AP890712-0048,463,0.07882729428736052,minmaxnorm
193,Q0,AP890720-0203,464,0.0787690462460429,minmaxnorm
193,Q0,AP880615-0134,465,0.07856001818996182,minmaxnorm
193,Q0,WSJ911010-0066,466,0.07830611923042861,minmaxnorm
193,Q0,FR891003-0133,467,0.07817073301593336,minmaxnorm
193,Q0,AP880609-0270,468,0.07812625815195567,minmaxnorm
193,Q0,AP891219-0087,469,0.07800310057871353,minmaxnorm
193,Q0,AP890725-0022,470,0.07775861562489711,minmaxnorm
193,Q0,AP891104-0022,471,0.07744654487815887,minmaxnorm
193,Q0,ZF108-679-228,472,0.07716729919511559,minmaxnorm
193,Q0,AP881217-0064,473,0.07710916621308757,minmaxnorm
193,Q0,FR89113-0075,474,0.07682899866428844,minmaxnorm
193,Q0,AP881226-0043,475,0.07674496362662384,minmaxnorm
193,Q0,WSJ880425-0032,476,0.0762968728700942,minmaxnorm
193,Q0,WSJ880506-0003,477,0.07626681192265912,minmaxnorm
193,Q0,AP890818-0006,478,0.07617635880788937,minmaxnorm
193,Q0,WSJ910920-0080,479,0.07615521731378938,minmaxnorm
193,Q0,WSJ920108-0019,480,0.0758639637597603,minmaxnorm
193,Q0,FR881020-0040,481,0.07584517106830097,minmaxnorm
193,Q0,WSJ900925-0156,482,0.07559946964648455,minmaxnorm
193,Q0,AP880725-0265,483,0.07556672950287804,minmaxnorm
193,Q0,AP880518-0366,484,0.07544627708758998,minmaxnorm
193,Q0,WSJ861211-0048,485,0.07522384979767259,minmaxnorm
193,Q0,ZF108-034-210,486,0.07521481455010864,minmaxnorm
193,Q0,WSJ920305-0107,487,0.07517596824176898,minmaxnorm
193,Q0,WSJ871019-0075,488,0.07513279887838145,minmaxnorm
193,Q0,WSJ900501-0166,489,0.0750891525004329,minmaxnorm
193,Q0,WSJ911113-0063,490,0.0749314388664168,minmaxnorm
193,Q0,AP881129-0106,491,0.07474871978884379,minmaxnorm
193,Q0,WSJ910617-0166,492,0.074689940629213,minmaxnorm
193,Q0,WSJ870729-0041,493,0.07451624533668305,minmaxnorm
193,Q0,WSJ910121-0013,494,0.07439339990759712,minmaxnorm
193,Q0,ZF108-637-702,495,0.07403961709534741,minmaxnorm
193,Q0,WSJ870514-0100,496,0.07377747570721577,minmaxnorm
193,Q0,WSJ890810-0071,497,0.07350033005296115,minmaxnorm
193,Q0,WSJ880128-0043,498,0.07347623281189676,minmaxnorm
193,Q0,AP881108-0251,499,0.07340978350958755,minmaxnorm
193,Q0,WSJ870428-0066,500,0.07324081189667248,minmaxnorm
193,Q0,FR89306-0097,501,0.07319502062504857,minmaxnorm
193,Q0,WSJ870303-0155,502,0.07313122511443489,minmaxnorm
193,Q0,AP881007-0056,503,0.07312037921365785,minmaxnorm
193,Q0,AP891019-0314,504,0.07293425551788037,minmaxnorm
193,Q0,WSJ880804-0154,505,0.07292159915326168,minmaxnorm
193,Q0,AP891106-0231,506,0.07291143315903051,minmaxnorm
193,Q0,AP890222-0189,507,0.07279727426583331,minmaxnorm
193,Q0,AP890219-0003,508,0.07276045765826959,minmaxnorm
193,Q0,FR891127-0010,509,0.07274836792489522,minmaxnorm
193,Q0,AP880517-0011,510,0.07270814066975086,minmaxnorm
193,Q0,AP880421-0025,511,0.07245489585084937,minmaxnorm
193,Q0,AP890607-0218,512,0.07217440710703121,minmaxnorm
193,Q0,AP881221-0133,513,0.07212854396076267,minmaxnorm
193,Q0,AP891208-0043,514,0.072033460266652,minmaxnorm
193,Q0,WSJ881117-0044,515,0.07186116966229039,minmaxnorm
193,Q0,WSJ910905-0062,516,0.07183772847535433,minmaxnorm
193,Q0,WSJ900503-0092,517,0.07171117382990544,minmaxnorm
193,Q0,WSJ900607-0083,518,0.07170823847525852,minmaxnorm
193,Q0,AP890525-0035,519,0.07155406835220798,minmaxnorm
193,Q0,WSJ871208-0016,520,0.0715161226264873,minmaxnorm
193,Q0,WSJ870220-0100,521,0.07137180905111594,minmaxnorm
193,Q0,AP880218-0029,522,0.07118868584464784,minmaxnorm
193,Q0,WSJ881031-0034,523,0.07112703131663707,minmaxnorm
193,Q0,AP890214-0251,524,0.07041816142025945,minmaxnorm
193,Q0,AP880315-0012,525,0.07017985312689572,minmaxnorm
193,Q0,WSJ870615-0108,526,0.07008253494847748,minmaxnorm
193,Q0,AP891020-0048,527,0.07005470132426835,minmaxnorm
193,Q0,AP880621-0287,528,0.06993036348719751,minmaxnorm
193,Q0,WSJ920205-0108,529,0.06965323724718828,minmaxnorm
193,Q0,WSJ900605-0104,530,0.06964823921487592,minmaxnorm
193,Q0,WSJ900403-0062,531,0.06963856297255036,minmaxnorm
193,Q0,AP890731-0106,532,0.06938702716543402,minmaxnorm
193,Q0,DOE2-84-0259,533,0.06934261590118462,minmaxnorm
193,Q0,WSJ880919-0038,534,0.06930988999883214,minmaxnorm
193,Q0,WSJ910726-0002,535,0.06916828396021278,minmaxnorm
193,Q0,AP890720-0200,536,0.06916328837777648,minmaxnorm
193,Q0,WSJ920116-0101,537,0.06873346053087777,minmaxnorm
193,Q0,WSJ890804-0087,538,0.06852762811854453,minmaxnorm
193,Q0,AP890222-0236,539,0.06849564747156103,minmaxnorm
193,Q0,WSJ870108-0112,540,0.06849036308345095,minmaxnorm
193,Q0,WSJ910115-0132,541,0.0683982982699209,minmaxnorm
193,Q0,WSJ870812-0090,542,0.0682885567256664,minmaxnorm
193,Q0,ZF108-496-872,543,0.06819450650967132,minmaxnorm
193,Q0,FR88517-0005,544,0.06803088353089289,minmaxnorm
193,Q0,FR88825-0049,545,0.06799361739199697,minmaxnorm
193,Q0,AP880927-0304,546,0.06780311514635047,minmaxnorm
193,Q0,WSJ870512-0019,547,0.0676288834229421,minmaxnorm
193,Q0,WSJ870720-0058,548,0.06743484443793996,minmaxnorm
193,Q0,AP891220-0281,549,0.06719220681633221,minmaxnorm
193,Q0,AP881123-0115,550,0.06715596684536865,minmaxnorm
193,Q0,WSJ920312-0083,551,0.06699664049968618,minmaxnorm
193,Q0,AP880330-0262,552,0.06687670409130762,minmaxnorm
193,Q0,AP880526-0043,553,0.06686463463197588,minmaxnorm
193,Q0,WSJ870317-0096,554,0.06656087384986485,minmaxnorm
193,Q0,WSJ871231-0079,555,0.06651162220374623,minmaxnorm
193,Q0,WSJ910430-0036,556,0.06632553451573436,minmaxnorm
193,Q0,AP891026-0254,557,0.0659434230758415,minmaxnorm
193,Q0,AP890209-0165,558,0.06584537689016975,minmaxnorm
193,Q0,WSJ910410-0102,559,0.06582071373582428,minmaxnorm
193,Q0,AP891118-0131,560,0.06576528600780733,minmaxnorm
193,Q0,AP881129-0019,561,0.06574735851855067,minmaxnorm
193,Q0,AP891216-0076,562,0.06570482063253333,minmaxnorm
193,Q0,AP891118-0038,563,0.06554655260637252,minmaxnorm
193,Q0,WSJ861215-0125,564,0.06542976684971374,minmaxnorm
193,Q0,WSJ900518-0131,565,0.06536315396583486,minmaxnorm
193,Q0,AP890119-0166,566,0.06530875739139551,minmaxnorm
193,Q0,ZF109-519-203,567,0.06520961840181765,minmaxnorm
193,Q0,WSJ891004-0104,568,0.06507505503479108,minmaxnorm
193,Q0,AP890525-0165,569,0.06498300281046045,minmaxnorm
193,Q0,AP890515-0182,570,0.06496653350371916,minmaxnorm
193,Q0,AP890307-0055,571,0.06493300364714302,minmaxnorm
193,Q0,WSJ880817-0049,572,0.06478304739801198,minmaxnorm
193,Q0,WSJ910618-0052,573,0.06468096583287657,minmaxnorm
193,Q0,WSJ870805-0061,574,0.06431212674468084,minmaxnorm
193,Q0,WSJ910627-0011,575,0.06430398008116318,minmaxnorm
193,Q0,FR89821-0058,576,0.06427322753759292,minmaxnorm
193,Q0,WSJ880609-0113,577,0.0641177086475612,minmaxnorm
193,Q0,WSJ900531-0065,578,0.06409566923619542,minmaxnorm
193,Q0,WSJ891005-0044,579,0.06394892870008702,minmaxnorm
193,Q0,WSJ910423-0156,580,0.06391991489494017,minmaxnorm
193,Q0,AP881116-0166,581,0.06391423304100832,minmaxnorm
193,Q0,WSJ880519-0082,582,0.0638906368086489,minmaxnorm
193,Q0,WSJ880415-0071,583,0.06385646719316959,minmaxnorm
193,Q0,WSJ911202-0058,584,0.06385442651103806,minmaxnorm
193,Q0,DOE2-82-0808,585,0.06376280109453031,minmaxnorm
193,Q0,ZF108-065-312,586,0.06369824191945851,minmaxnorm
193,Q0,FR89505-0012,587,0.06368060537056786,minmaxnorm
193,Q0,WSJ910214-0017,588,0.0636798170354748,minmaxnorm
193,Q0,AP891103-0166,589,0.06346763509164294,minmaxnorm
193,Q0,AP880703-0048,590,0.06329160537377325,minmaxnorm
193,Q0,AP880309-0207,591,0.06324205014394534,minmaxnorm
193,Q0,WSJ911230-0025,592,0.06286698326371162,minmaxnorm
193,Q0,WSJ880920-0102,593,0.06286318562248325,minmaxnorm
193,Q0,AP880523-0062,594,0.06282682493597874,minmaxnorm
193,Q0,AP880721-0291,595,0.062799495523989,minmaxnorm
193,Q0,AP881218-0035,596,0.062476627700019084,minmaxnorm
193,Q0,WSJ870901-0031,597,0.062322116132056085,minmaxnorm
193,Q0,WSJ911016-0139,598,0.062227253125446524,minmaxnorm
193,Q0,AP890802-0165,599,0.062025751302304206,minmaxnorm
193,Q0,WSJ880831-0143,600,0.06189809004074253,minmaxnorm
193,Q0,AP891215-0029,601,0.06189417835955673,minmaxnorm
193,Q0,AP881228-0179,602,0.061814633279119624,minmaxnorm
193,Q0,FR89112-0027,603,0.06174374903604837,minmaxnorm
193,Q0,ZF108-276-916,604,0.06173953100106136,minmaxnorm
193,Q0,FR881020-0011,605,0.061727576506146506,minmaxnorm
193,Q0,WSJ881005-0103,606,0.061599786069249235,minmaxnorm
193,Q0,AP880303-0356,607,0.06155228864643097,minmaxnorm
193,Q0,AP891111-0004,608,0.061542877796662704,minmaxnorm
193,Q0,WSJ900716-0144,609,0.06152020490326765,minmaxnorm
193,Q0,WSJ900920-0055,610,0.06149181660802476,minmaxnorm
193,Q0,WSJ880527-0016,611,0.061480920969692134,minmaxnorm
193,Q0,AP880412-0110,612,0.06143887116778131,minmaxnorm
193,Q0,WSJ911210-0001,613,0.061371630884187046,minmaxnorm
193,Q0,WSJ920317-0032,614,0.061358552862971406,minmaxnorm
193,Q0,AP891025-0247,615,0.061320044134476406,minmaxnorm
193,Q0,WSJ870917-0008,616,0.06131655664338597,minmaxnorm
193,Q0,DOE2-11-1023,617,0.061028742856897605,minmaxnorm
193,Q0,WSJ920303-0072,618,0.061003609154304084,minmaxnorm
193,Q0,AP881005-0171,619,0.06100096997262019,minmaxnorm
193,Q0,WSJ910621-0034,620,0.060935593744388526,minmaxnorm
193,Q0,AP890831-0218,621,0.06078134938905399,minmaxnorm
193,Q0,WSJ871019-0068,622,0.060740086130030436,minmaxnorm
193,Q0,AP890317-0130,623,0.060725183669133986,minmaxnorm
193,Q0,AP891016-0233,624,0.06065965896186573,minmaxnorm
193,Q0,WSJ880201-0127,625,0.060383733304987273,minmaxnorm
193,Q0,AP880927-0182,626,0.06022956029906533,minmaxnorm
193,Q0,WSJ900420-0178,627,0.06016029763029798,minmaxnorm
193,Q0,AP890613-0036,628,0.0600951354666192,minmaxnorm
193,Q0,AP890228-0172,629,0.059983490481534944,minmaxnorm
193,Q0,AP890509-0223,630,0.05997730170662387,minmaxnorm
193,Q0,AP880615-0061,631,0.05968366170849946,minmaxnorm
193,Q0,AP890317-0232,632,0.059677055971702204,minmaxnorm
193,Q0,WSJ900425-0178,633,0.05958243408891059,minmaxnorm
193,Q0,WSJ870227-0017,634,0.059426247778680955,minmaxnorm
193,Q0,AP880507-0044,635,0.05941701807274345,minmaxnorm
193,Q0,WSJ861224-0025,636,0.05931905837258039,minmaxnorm
193,Q0,AP891216-0084,637,0.059262751718650634,minmaxnorm
193,Q0,WSJ880621-0105,638,0.05921545603187641,minmaxnorm
193,Q0,AP890531-0251,639,0.0591980310173639,minmaxnorm
193,Q0,WSJ900510-0082,640,0.059039190987006024,minmaxnorm
193,Q0,AP881031-0287,641,0.05901152486101772,minmaxnorm
193,Q0,FR89925-0031,642,0.05896005395974018,minmaxnorm
193,Q0,WSJ891031-0126,643,0.058931257977493025,minmaxnorm
193,Q0,WSJ880210-0066,644,0.058851369238573245,minmaxnorm
193,Q0,WSJ890801-0090,645,0.058703480138950034,minmaxnorm
193,Q0,AP890104-0012,646,0.05869940540716652,minmaxnorm
193,Q0,AP880330-0292,647,0.05866841742981913,minmaxnorm
193,Q0,WSJ910909-0046,648,0.05861629373412806,minmaxnorm
193,Q0,FR89516-0135,649,0.058600880091719966,minmaxnorm
193,Q0,ZF108-234-664,650,0.058568395277249274,minmaxnorm
193,Q0,AP891107-0104,651,0.0584687897696431,minmaxnorm
193,Q0,AP880614-0185,652,0.05844905278730511,minmaxnorm
193,Q0,WSJ900627-0108,653,0.05826835168166771,minmaxnorm
193,Q0,AP891216-0160,654,0.05823944473934487,minmaxnorm
193,Q0,WSJ891020-0102,655,0.05819345135335493,minmaxnorm
193,Q0,AP890607-0041,656,0.05794251991087138,minmaxnorm
193,Q0,WSJ910215-0169,657,0.057925818248398535,minmaxnorm
193,Q0,WSJ900822-0067,658,0.05789970658954817,minmaxnorm
193,Q0,FR88912-0059,659,0.057812253975469546,minmaxnorm
193,Q0,WSJ920113-0029,660,0.05778748989491637,minmaxnorm
193,Q0,WSJ920220-0103,661,0.05768039981317129,minmaxnorm
193,Q0,WSJ870309-0119,662,0.05760674811028607,minmaxnorm
193,Q0,WSJ910409-0044,663,0.05702204233252536,minmaxnorm
193,Q0,AP890713-0153,664,0.05682963154283939,minmaxnorm
193,Q0,AP891120-0116,665,0.056807349968508974,minmaxnorm
193,Q0,AP891214-0170,666,0.05667367630729363,minmaxnorm
193,Q0,WSJ910621-0010,667,0.05638293521182497,minmaxnorm
193,Q0,AP890602-0184,668,0.05630719424686583,minmaxnorm
193,Q0,AP891213-0196,669,0.05626979217946731,minmaxnorm
193,Q0,WSJ870212-0143,670,0.056134771118845975,minmaxnorm
193,Q0,AP890724-0143,671,0.056123773609977425,minmaxnorm
193,Q0,AP890427-0161,672,0.056123456362428145,minmaxnorm
193,Q0,WSJ870602-0004,673,0.05609399702475523,minmaxnorm
193,Q0,WSJ910115-0056,674,0.05606960986305977,minmaxnorm
193,Q0,WSJ911023-0163,675,0.05595477892123548,minmaxnorm
193,Q0,WSJ890823-0110,676,0.05594495160873035,minmaxnorm
193,Q0,WSJ900515-0042,677,0.05588895483444786,minmaxnorm
193,Q0,WSJ861217-0044,678,0.055825811751189086,minmaxnorm
193,Q0,WSJ910118-0131,679,0.055724022809956766,minmaxnorm
193,Q0,WSJ900508-0118,680,0.05570526552730088,minmaxnorm
193,Q0,AP890307-0114,681,0.05568287417465138,minmaxnorm
193,Q0,AP880401-0343,682,0.05567812489065581,minmaxnorm
193,Q0,AP890706-0277,683,0.05560173266659253,minmaxnorm
193,Q0,WSJ920128-0048,684,0.05546505261464212,minmaxnorm
193,Q0,AP880519-0207,685,0.0554283154933376,minmaxnorm
193,Q0,WSJ910821-0041,686,0.05537047796793318,minmaxnorm
193,Q0,WSJ891016-0042,687,0.05532040361697077,minmaxnorm
193,Q0,WSJ880216-0102,688,0.055087647097359374,minmaxnorm
193,Q0,WSJ880531-0031,689,0.05494535001871876,minmaxnorm
193,Q0,AP880816-0303,690,0.054904196185686246,minmaxnorm
193,Q0,WSJ900831-0073,691,0.05488787627851652,minmaxnorm
193,Q0,WSJ910709-0055,692,0.05488523811289051,minmaxnorm
193,Q0,WSJ871221-0019,693,0.05485997388835536,minmaxnorm
193,Q0,WSJ871207-0098,694,0.0547626540849583,minmaxnorm
193,Q0,WSJ871130-0050,695,0.05471621720062342,minmaxnorm
193,Q0,AP890516-0039,696,0.05464322163829239,minmaxnorm
193,Q0,AP880322-0022,697,0.05462306372667884,minmaxnorm
193,Q0,AP881017-0075,698,0.05460585196796623,minmaxnorm
193,Q0,FR88610-0153,699,0.054604366652657374,minmaxnorm
193,Q0,AP880408-0012,700,0.05459629271063929,minmaxnorm
193,Q0,FR88517-0125,701,0.05457120851459975,minmaxnorm
193,Q0,AP890810-0019,702,0.054508136792504505,minmaxnorm
193,Q0,AP890602-0276,703,0.054477031493501936,minmaxnorm
193,Q0,AP881125-0241,704,0.05435988861270383,minmaxnorm
193,Q0,WSJ911017-0145,705,0.05423488564351577,minmaxnorm
193,Q0,AP891225-0024,706,0.05422253001125936,minmaxnorm
193,Q0,WSJ870127-0024,707,0.054102308338008186,minmaxnorm
193,Q0,AP881029-0140,708,0.05409457051853577,minmaxnorm
193,Q0,AP880712-0258,709,0.05400878731538111,minmaxnorm
193,Q0,AP890221-0310,710,0.05396129037818091,minmaxnorm
193,Q0,WSJ900709-0039,711,0.05380885230806024,minmaxnorm
193,Q0,AP890612-0248,712,0.05374206398992112,minmaxnorm
193,Q0,AP880711-0236,713,0.05362946538411104,minmaxnorm
193,Q0,AP881231-0001,714,0.053557745839612425,minmaxnorm
193,Q0,WSJ900430-0119,715,0.05353417115500329,minmaxnorm
193,Q0,AP880418-0251,716,0.053534094682008274,minmaxnorm
193,Q0,AP890120-0018,717,0.05352594663866968,minmaxnorm
193,Q0,WSJ870720-0111,718,0.05343356681138286,minmaxnorm
193,Q0,AP880719-0263,719,0.053197639035062146,minmaxnorm
193,Q0,WSJ870512-0026,720,0.053146123161834674,minmaxnorm
193,Q0,AP891204-0032,721,0.05307830555335567,minmaxnorm
193,Q0,AP890208-0181,722,0.05299522391971677,minmaxnorm
193,Q0,AP880518-0236,723,0.05289417996472756,minmaxnorm
193,Q0,AP891102-0143,724,0.052887118384425856,minmaxnorm
193,Q0,AP890403-0102,725,0.05282416316611163,minmaxnorm
193,Q0,DOE1-66-0110,726,0.052754679988985594,minmaxnorm
193,Q0,WSJ911107-0117,727,0.052689196985317,minmaxnorm
193,Q0,WSJ880318-0154,728,0.05263812115311942,minmaxnorm
193,Q0,WSJ871008-0115,729,0.05257332456804622,minmaxnorm
193,Q0,AP880725-0260,730,0.05251718924352781,minmaxnorm
193,Q0,AP890911-0239,731,0.05248261989328312,minmaxnorm
193,Q0,WSJ920207-0018,732,0.05245655597517231,minmaxnorm
193,Q0,AP890706-0241,733,0.052395619720718746,minmaxnorm
193,Q0,WSJ870901-0005,734,0.05224333040883422,minmaxnorm
193,Q0,FR881020-0042,735,0.052217727819744576,minmaxnorm
193,Q0,AP890403-0101,736,0.05219841246667627,minmaxnorm
193,Q0,AP891211-0095,737,0.05214503058421259,minmaxnorm
193,Q0,AP890201-0062,738,0.05193880530593729,minmaxnorm
193,Q0,AP890417-0103,739,0.05193413146749931,minmaxnorm
193,Q0,AP880422-0123,740,0.0518382463897879,minmaxnorm
193,Q0,WSJ910211-0088,741,0.051802378504183864,minmaxnorm
193,Q0,WSJ910617-0130,742,0.051754566783027645,minmaxnorm
193,Q0,AP880504-0322,743,0.05168725960729773,minmaxnorm
193,Q0,FR88211-0286,744,0.05164890326324831,minmaxnorm
193,Q0,WSJ900511-0166,745,0.051623258619109956,minmaxnorm
193,Q0,AP880429-0231,746,0.0515180911563355,minmaxnorm
193,Q0,WSJ910225-0010,747,0.05138937726339457,minmaxnorm
193,Q0,WSJ890816-0082,748,0.05132216725897308,minmaxnorm
193,Q0,AP880504-0351,749,0.05132037622603022,minmaxnorm
193,Q0,WSJ890726-0054,750,0.051242463008924856,minmaxnorm
193,Q0,AP891117-0110,751,0.051134756010030466,minmaxnorm
193,Q0,FR881024-0194,752,0.05113015828083512,minmaxnorm
193,Q0,AP890823-0023,753,0.05106701688842659,minmaxnorm
193,Q0,AP880616-0023,754,0.05101670647911764,minmaxnorm
193,Q0,WSJ900813-0153,755,0.050924270993239276,minmaxnorm
193,Q0,WSJ900705-0021,756,0.05057778602702496,minmaxnorm
193,Q0,AP881021-0041,757,0.05052118880502451,minmaxnorm
193,Q0,WSJ871127-0106,758,0.05023275421877985,minmaxnorm
193,Q0,WSJ900810-0119,759,0.050212973369998894,minmaxnorm
193,Q0,ZF207-411-324,760,0.05004371969201408,minmaxnorm
193,Q0,WSJ880630-0079,761,0.049988893719684284,minmaxnorm
193,Q0,WSJ870618-0048,762,0.04994369581514426,minmaxnorm
193,Q0,WSJ900809-0132,763,0.049902227230013724,minmaxnorm
193,Q0,AP891205-0005,764,0.04989434428415021,minmaxnorm
193,Q0,AP890412-0125,765,0.04975357477239302,minmaxnorm
193,Q0,WSJ880407-0077,766,0.04968096543339594,minmaxnorm
193,Q0,AP890713-0059,767,0.049647559207034814,minmaxnorm
193,Q0,AP880330-0263,768,0.049638608636313294,minmaxnorm
193,Q0,AP880815-0228,769,0.04963609641894835,minmaxnorm
193,Q0,WSJ890912-0119,770,0.049635979344144925,minmaxnorm
193,Q0,WSJ880108-0049,771,0.04959269324942013,minmaxnorm
193,Q0,WSJ880212-0027,772,0.04957871884591461,minmaxnorm
193,Q0,WSJ920121-0043,773,0.04940507026223189,minmaxnorm
193,Q0,AP880215-0088,774,0.04939977097704297,minmaxnorm
193,Q0,WSJ910424-0185,775,0.049399410332941825,minmaxnorm
193,Q0,AP880628-0301,776,0.04939060920635228,minmaxnorm
193,Q0,AP891029-0077,777,0.04913920597742557,minmaxnorm
193,Q0,WSJ880511-0161,778,0.04913523765630598,minmaxnorm
193,Q0,WSJ870810-0097,779,0.04908254285975167,minmaxnorm
193,Q0,AP891027-0032,780,0.049033761901745444,minmaxnorm
193,Q0,WSJ900702-0036,781,0.04900021944058595,minmaxnorm
193,Q0,AP891102-0248,782,0.048864312912145394,minmaxnorm
193,Q0,DOE1-01-1015,783,0.04886348204659269,minmaxnorm
193,Q0,AP881209-0188,784,0.04884957355071238,minmaxnorm
193,Q0,AP890907-0017,785,0.048842200237954235,minmaxnorm
193,Q0,WSJ871127-0051,786,0.04870628023917149,minmaxnorm
193,Q0,WSJ900625-0132,787,0.04859638081426728,minmaxnorm
193,Q0,WSJ870908-0083,788,0.048572638644427985,minmaxnorm
193,Q0,AP880825-0206,789,0.04852355964696188,minmaxnorm
193,Q0,WSJ880728-0121,790,0.04850967931583045,minmaxnorm
193,Q0,DOE1-78-0433,791,0.04844517557411566,minmaxnorm
193,Q0,AP890406-0213,792,0.048380120618706446,minmaxnorm
193,Q0,WSJ910207-0133,793,0.04827909217060242,minmaxnorm
193,Q0,AP880527-0186,794,0.04816079014645086,minmaxnorm
193,Q0,AP891221-0224,795,0.04807156228997718,minmaxnorm
193,Q0,AP891113-0056,796,0.0480709775912264,minmaxnorm
193,Q0,WSJ910409-0056,797,0.04798578599495683,minmaxnorm
193,Q0,WSJ910805-0054,798,0.04792766617909822,minmaxnorm
193,Q0,FR89313-0041,799,0.04783191537630909,minmaxnorm
193,Q0,WSJ911107-0162,800,0.04774693648555829,minmaxnorm
193,Q0,ZF208-100-539,801,0.047743287170167306,minmaxnorm
193,Q0,AP880607-0276,802,0.04771455163823919,minmaxnorm
193,Q0,AP890719-0283,803,0.04770978057047843,minmaxnorm
193,Q0,WSJ870817-0071,804,0.04761432256522818,minmaxnorm
193,Q0,WSJ900801-0047,805,0.04750438270653876,minmaxnorm
193,Q0,WSJ911126-0089,806,0.04745844107858294,minmaxnorm
193,Q0,AP881117-0161,807,0.04742512991034394,minmaxnorm
193,Q0,AP880705-0011,808,0.047286568631321635,minmaxnorm
193,Q0,WSJ870611-0007,809,0.04726856097880573,minmaxnorm
193,Q0,DOE1-11-0243,810,0.04724035272089808,minmaxnorm
193,Q0,WSJ870924-0082,811,0.047182431071114014,minmaxnorm
193,Q0,WSJ911217-0041,812,0.04718069674562876,minmaxnorm
193,Q0,AP891023-0022,813,0.04716926597721513,minmaxnorm
193,Q0,WSJ920210-0103,814,0.04712511864100944,minmaxnorm
193,Q0,AP891124-0228,815,0.047123778631432425,minmaxnorm
193,Q0,AP890425-0031,816,0.047079516272393596,minmaxnorm
193,Q0,AP881031-0056,817,0.04706299884710219,minmaxnorm
193,Q0,AP880326-0121,818,0.04703619656220942,minmaxnorm
193,Q0,AP890517-0036,819,0.0470109951657897,minmaxnorm
193,Q0,WSJ890911-0144,820,0.04701041720297092,minmaxnorm
193,Q0,ZF108-547-176,821,0.0469548546135172,minmaxnorm
193,Q0,WSJ900529-0008,822,0.046943575363126905,minmaxnorm
193,Q0,AP890119-0260,823,0.04689297453030466,minmaxnorm
193,Q0,WSJ900724-0005,824,0.04684522900311286,minmaxnorm
193,Q0,WSJ861202-0016,825,0.04681524332148501,minmaxnorm
193,Q0,AP880526-0164,826,0.04670004006928828,minmaxnorm
193,Q0,WSJ880719-0008,827,0.04667063631063003,minmaxnorm
193,Q0,FR89605-0033,828,0.04665962627978756,minmaxnorm
193,Q0,AP880607-0232,829,0.04664122004685227,minmaxnorm
193,Q0,AP890312-0033,830,0.04663356133105938,minmaxnorm
193,Q0,AP890917-0083,831,0.04661402221868051,minmaxnorm
193,Q0,WSJ900723-0031,832,0.04650086939289276,minmaxnorm
193,Q0,AP890728-0275,833,0.04643548211587668,minmaxnorm
193,Q0,AP890603-0145,834,0.04625256068902498,minmaxnorm
193,Q0,WSJ890911-0017,835,0.046147601594305934,minmaxnorm
193,Q0,WSJ910904-0088,836,0.04593669702845576,minmaxnorm
193,Q0,AP880613-0247,837,0.04591240568869334,minmaxnorm
193,Q0,ZF108-578-616,838,0.04575552813906908,minmaxnorm
193,Q0,WSJ900620-0058,839,0.045739657013120806,minmaxnorm
193,Q0,WSJ920117-0078,840,0.04563322887933129,minmaxnorm
193,Q0,WSJ910514-0105,841,0.045534237663158915,minmaxnorm
193,Q0,FR89303-0030,842,0.045529062915465955,minmaxnorm
193,Q0,AP890314-0229,843,0.04548116875116946,minmaxnorm
193,Q0,AP880614-0107,844,0.04545772269040744,minmaxnorm
193,Q0,AP891222-0026,845,0.045426994139835156,minmaxnorm
193,Q0,AP881121-0232,846,0.04539107882160846,minmaxnorm
193,Q0,AP890223-0233,847,0.04535356820593985,minmaxnorm
193,Q0,AP890324-0218,848,0.045309558857576086,minmaxnorm
193,Q0,WSJ890912-0051,849,0.04516555112334124,minmaxnorm
193,Q0,AP891025-0148,850,0.045152703159320504,minmaxnorm
193,Q0,AP890531-0252,851,0.04509535361189666,minmaxnorm
193,Q0,WSJ910701-0130,852,0.045045949663673805,minmaxnorm
193,Q0,FR88225-0043,853,0.045012899493804465,minmaxnorm
193,Q0,WSJ870915-0008,854,0.04490229056680207,minmaxnorm
193,Q0,AP880229-0184,855,0.04489216966866555,minmaxnorm
193,Q0,AP881031-0008,856,0.04483382540279867,minmaxnorm
193,Q0,AP881027-0213,857,0.04483074732700985,minmaxnorm
193,Q0,WSJ880517-0118,858,0.04481536315032873,minmaxnorm
193,Q0,AP890101-0073,859,0.04476399254472652,minmaxnorm
193,Q0,WSJ880623-0083,860,0.044713345599208025,minmaxnorm
193,Q0,AP880310-0056,861,0.044662215895060205,minmaxnorm
193,Q0,AP880218-0167,862,0.04462801128597431,minmaxnorm
193,Q0,AP880609-0097,863,0.04455506558169832,minmaxnorm
193,Q0,WSJ900613-0135,864,0.04454206059489894,minmaxnorm
193,Q0,AP890313-0186,865,0.044388342752993505,minmaxnorm
193,Q0,WSJ910802-0069,866,0.04436714029443967,minmaxnorm
193,Q0,WSJ920124-0034,867,0.04436443816184063,minmaxnorm
193,Q0,AP890721-0025,868,0.04422411566429424,minmaxnorm
193,Q0,AP891105-0095,869,0.044204918894862534,minmaxnorm
193,Q0,AP880519-0130,870,0.04405277971571315,minmaxnorm
193,Q0,AP891030-0109,871,0.044020457310282264,minmaxnorm
193,Q0,FR89926-0018,872,0.043987873786923065,minmaxnorm
193,Q0,WSJ910313-0083,873,0.043926622728926425,minmaxnorm
193,Q0,WSJ910212-0001,874,0.0439092913644572,minmaxnorm
193,Q0,AP880506-0284,875,0.04380612254526722,minmaxnorm
193,Q0,WSJ900709-0091,876,0.0436863838388551,minmaxnorm
193,Q0,WSJ881018-0122,877,0.04365323041416848,minmaxnorm
193,Q0,WSJ871105-0088,878,0.04356852263450139,minmaxnorm
193,Q0,WSJ910809-0164,879,0.04347020901981477,minmaxnorm
193,Q0,AP891207-0043,880,0.04330309463723431,minmaxnorm
193,Q0,AP880313-0050,881,0.04325190395082847,minmaxnorm
193,Q0,WSJ881004-0160,882,0.04321409524081834,minmaxnorm
193,Q0,WSJ870317-0019,883,0.0431195460624607,minmaxnorm
193,Q0,WSJ910712-0107,884,0.04311142157114472,minmaxnorm
193,Q0,WSJ911230-0096,885,0.04311083432157787,minmaxnorm
193,Q0,AP880614-0103,886,0.04309074712291887,minmaxnorm
193,Q0,WSJ910423-0260,887,0.043089773124352575,minmaxnorm
193,Q0,AP881229-0039,888,0.04303824687428823,minmaxnorm
193,Q0,WSJ870422-0115,889,0.04291651589666237,minmaxnorm
193,Q0,WSJ861201-0076,890,0.04291205105249165,minmaxnorm
193,Q0,ZF108-538-120,891,0.04286397982909253,minmaxnorm
193,Q0,AP880919-0085,892,0.04265664972355557,minmaxnorm
193,Q0,AP881129-0035,893,0.04260148162893044,minmaxnorm
193,Q0,AP880917-0180,894,0.0425895260569136,minmaxnorm
193,Q0,AP881105-0028,895,0.04252514973772892,minmaxnorm
193,Q0,WSJ870629-0153,896,0.04242804178842399,minmaxnorm
193,Q0,WSJ911030-0056,897,0.04236699290478955,minmaxnorm
193,Q0,AP890123-0168,898,0.042357547671872116,minmaxnorm
193,Q0,WSJ870831-0090,899,0.04230730947206775,minmaxnorm
193,Q0,WSJ880308-0103,900,0.04224402952232997,minmaxnorm
193,Q0,WSJ880615-0108,901,0.04213738194843142,minmaxnorm
193,Q0,AP891122-0240,902,0.04205751342356427,minmaxnorm
193,Q0,WSJ900420-0018,903,0.0420340861931306,minmaxnorm
193,Q0,AP880524-0290,904,0.04196343967236174,minmaxnorm
193,Q0,WSJ880202-0100,905,0.04194445855241644,minmaxnorm
193,Q0,WSJ890914-0126,906,0.04190896505343834,minmaxnorm
193,Q0,AP890421-0005,907,0.041878787650319625,minmaxnorm
193,Q0,WSJ871228-0044,908,0.041715923708752115,minmaxnorm
193,Q0,WSJ910521-0110,909,0.04171070942905566,minmaxnorm
193,Q0,AP880720-0166,910,0.04169551131642018,minmaxnorm
193,Q0,WSJ910806-0107,911,0.04167289040282903,minmaxnorm
193,Q0,ZF207-416-272,912,0.04164733320943247,minmaxnorm
193,Q0,FR89119-0111,913,0.04160710586253543,minmaxnorm
193,Q0,WSJ900731-0048,914,0.04157836385411123,minmaxnorm
193,Q0,WSJ891102-0180,915,0.041550744633133005,minmaxnorm
193,Q0,FR89224-0150,916,0.041549463966819404,minmaxnorm
193,Q0,WSJ911220-0121,917,0.04152656851686486,minmaxnorm
193,Q0,AP890314-0156,918,0.04150187017783773,minmaxnorm
193,Q0,AP890724-0228,919,0.04148213789223697,minmaxnorm
193,Q0,AP891121-0137,920,0.04147352724638849,minmaxnorm
193,Q0,FR881101-0044,921,0.04144709940435012,minmaxnorm
193,Q0,DOE1-39-0925,922,0.041432394029920064,minmaxnorm
193,Q0,DOE2-45-0595,923,0.0414307303372101,minmaxnorm
193,Q0,WSJ870615-0060,924,0.04142554147891723,minmaxnorm
193,Q0,AP880428-0243,925,0.041350820294336434,minmaxnorm
193,Q0,AP880616-0036,926,0.041331877530872245,minmaxnorm
193,Q0,WSJ880120-0135,927,0.041233067844413454,minmaxnorm
193,Q0,AP880301-0224,928,0.04122541527833879,minmaxnorm
193,Q0,WSJ861217-0026,929,0.041189576097332356,minmaxnorm
193,Q0,AP880426-0148,930,0.04112557197835335,minmaxnorm
193,Q0,ZF207-240-048,931,0.041112998251254466,minmaxnorm
193,Q0,AP890928-0293,932,0.04101438580120432,minmaxnorm
193,Q0,FR89104-0058,933,0.04099869550032378,minmaxnorm
193,Q0,FR89126-0167,934,0.040983777680171765,minmaxnorm
193,Q0,WSJ861217-0033,935,0.040940856381914234,minmaxnorm
193,Q0,AP891207-0207,936,0.04090315460547552,minmaxnorm
193,Q0,WSJ911216-0037,937,0.040893026349028264,minmaxnorm
193,Q0,WSJ900730-0074,938,0.04082697073195406,minmaxnorm
193,Q0,WSJ880420-0058,939,0.04075320549975094,minmaxnorm
193,Q0,AP891208-0014,940,0.04073678013192425,minmaxnorm
193,Q0,AP890316-0110,941,0.0406944621986398,minmaxnorm
193,Q0,ZF207-486-544,942,0.04063192149704487,minmaxnorm
193,Q0,AP880820-0065,943,0.04057465110901359,minmaxnorm
193,Q0,WSJ880414-0068,944,0.04048899504544208,minmaxnorm
193,Q0,AP881026-0115,945,0.04037461378839288,minmaxnorm
193,Q0,WSJ911202-0053,946,0.04029180240938908,minmaxnorm
193,Q0,WSJ881020-0129,947,0.040156233899375685,minmaxnorm
193,Q0,WSJ900628-0064,948,0.04013131429258639,minmaxnorm
193,Q0,AP880715-0266,949,0.04012341477179526,minmaxnorm
193,Q0,AP890406-0212,950,0.04002706292645545,minmaxnorm
193,Q0,WSJ870108-0104,951,0.039921570068551425,minmaxnorm
193,Q0,WSJ870615-0073,952,0.03991007633771652,minmaxnorm
193,Q0,AP891031-0226,953,0.03976686853374802,minmaxnorm
193,Q0,WSJ920305-0127,954,0.03976094140123174,minmaxnorm
193,Q0,AP890922-0066,955,0.03971081261790996,minmaxnorm
193,Q0,AP890424-0260,956,0.03965974218128429,minmaxnorm
193,Q0,AP880429-0254,957,0.039609167641574454,minmaxnorm
193,Q0,FR881019-0053,958,0.03957039405834658,minmaxnorm
193,Q0,WSJ900626-0153,959,0.03953265351453009,minmaxnorm
193,Q0,WSJ910517-0091,960,0.03941696892552289,minmaxnorm
193,Q0,AP880507-0201,961,0.039348723348660825,minmaxnorm
193,Q0,WSJ911216-0106,962,0.039299486904465684,minmaxnorm
193,Q0,WSJ871119-0077,963,0.03923966777805006,minmaxnorm
193,Q0,WSJ870227-0074,964,0.03922070068850379,minmaxnorm
193,Q0,AP881110-0110,965,0.03919643004667517,minmaxnorm
193,Q0,ZF109-415-818,966,0.03895244274499577,minmaxnorm
193,Q0,FR89314-0014,967,0.03892712176165277,minmaxnorm
193,Q0,WSJ870402-0134,968,0.03892184639625046,minmaxnorm
193,Q0,AP890608-0261,969,0.038788061744958684,minmaxnorm
193,Q0,AP881128-0087,970,0.03864933465983494,minmaxnorm
193,Q0,AP880603-0065,971,0.03864582947654227,minmaxnorm
193,Q0,AP891221-0202,972,0.038540405392401916,minmaxnorm
193,Q0,AP891114-0138,973,0.03844125475265017,minmaxnorm
193,Q0,AP880229-0134,974,0.0383885274010822,minmaxnorm
193,Q0,AP880613-0305,975,0.03834442903589759,minmaxnorm
193,Q0,FR88808-0043,976,0.03832043387038171,minmaxnorm
193,Q0,FR891026-0131,977,0.03826642535980995,minmaxnorm
193,Q0,WSJ870130-0044,978,0.03819141312164052,minmaxnorm
193,Q0,AP890816-0085,979,0.03816559064266009,minmaxnorm
193,Q0,AP890216-0052,980,0.03810660712581985,minmaxnorm
193,Q0,AP881219-0115,981,0.03806805320987042,minmaxnorm
193,Q0,AP881028-0206,982,0.03800943125437547,minmaxnorm
193,Q0,WSJ911114-0157,983,0.03781121340224128,minmaxnorm
193,Q0,FR89815-0089,984,0.03779481359571857,minmaxnorm
193,Q0,WSJ870409-0034,985,0.03759609172212644,minmaxnorm
193,Q0,FR88607-0109,986,0.03752437501859698,minmaxnorm
193,Q0,WSJ900604-0174,987,0.03750361034441684,minmaxnorm
193,Q0,WSJ920211-0080,988,0.03741269555057981,minmaxnorm
193,Q0,WSJ910621-0103,989,0.037288726390095665,minmaxnorm
193,Q0,WSJ910328-0092,990,0.03727021321005657,minmaxnorm
193,Q0,WSJ900601-0101,991,0.037256586590172246,minmaxnorm
193,Q0,AP890330-0151,992,0.0372455447022199,minmaxnorm
193,Q0,FR88607-0110,993,0.03721680541310396,minmaxnorm
193,Q0,WSJ920120-0095,994,0.03710441772854338,minmaxnorm
193,Q0,AP880810-0294,995,0.03707267540871857,minmaxnorm
193,Q0,AP881006-0173,996,0.03706615387648572,minmaxnorm
193,Q0,WSJ900718-0053,997,0.037064299351496535,minmaxnorm
193,Q0,AP890412-0078,998,0.0369113440152638,minmaxnorm
193,Q0,AP890901-0178,999,0.03685859010292887,minmaxnorm
193,Q0,WSJ920212-0010,1000,0.03679362539372584,minmaxnorm
200,Q0,WSJ880408-0153,1,0.2093940856195809,minmaxnorm
200,Q0,AP880923-0027,2,0.20634569539508174,minmaxnorm
200,Q0,AP891228-0170,3,0.20585034556294726,minmaxnorm
200,Q0,WSJ870309-0102,4,0.20552220162734056,minmaxnorm
200,Q0,WSJ880106-0047,5,0.2007176587340891,minmaxnorm
200,Q0,WSJ900713-0152,6,0.19831131986659942,minmaxnorm
200,Q0,WSJ870707-0056,7,0.19705582134619362,minmaxnorm
200,Q0,AP880408-0282,8,0.19590495905138466,minmaxnorm
200,Q0,WSJ900827-0092,9,0.19561500406501897,minmaxnorm
200,Q0,WSJ900516-0147,10,0.19486082758627546,minmaxnorm
200,Q0,AP880907-0275,11,0.19298814857607421,minmaxnorm
200,Q0,AP880909-0258,12,0.1926569609383174,minmaxnorm
200,Q0,AP880916-0203,13,0.19068308245049218,minmaxnorm
200,Q0,AP880919-0114,14,0.1905319576642021,minmaxnorm
200,Q0,WSJ880912-0157,15,0.1905195102999101,minmaxnorm
200,Q0,AP890503-0306,16,0.18970037239971457,minmaxnorm
200,Q0,AP880909-0221,17,0.18848420419532178,minmaxnorm
200,Q0,AP880908-0030,18,0.18789085624132157,minmaxnorm
200,Q0,AP881004-0189,19,0.18741075031809729,minmaxnorm
200,Q0,AP880915-0058,20,0.18586896591920857,minmaxnorm
200,Q0,AP880930-0234,21,0.1849665407722155,minmaxnorm
200,Q0,AP880929-0260,22,0.18445574058821526,minmaxnorm
200,Q0,AP881004-0038,23,0.18365051370081073,minmaxnorm
200,Q0,AP881005-0081,24,0.18322516486668178,minmaxnorm
200,Q0,AP880916-0041,25,0.1824318263524444,minmaxnorm
200,Q0,WSJ900919-0097,26,0.1823157662008387,minmaxnorm
200,Q0,AP880910-0092,27,0.18216906089999094,minmaxnorm
200,Q0,WSJ870220-0032,28,0.18101494053553388,minmaxnorm
200,Q0,AP880909-0027,29,0.18055291924025854,minmaxnorm
200,Q0,AP880526-0196,30,0.17899565004481463,minmaxnorm
200,Q0,WSJ900731-0090,31,0.17874703885766804,minmaxnorm
200,Q0,WSJ870105-0102,32,0.17785464022805875,minmaxnorm
200,Q0,WSJ870715-0053,33,0.17757912813178484,minmaxnorm
200,Q0,AP880928-0294,34,0.1773264757191573,minmaxnorm
200,Q0,WSJ910619-0100,35,0.17722398343921317,minmaxnorm
200,Q0,ZF207-402-806,36,0.17585374322029385,minmaxnorm
200,Q0,AP880928-0275,37,0.1756967244502178,minmaxnorm
200,Q0,AP890329-0237,38,0.17431864156194965,minmaxnorm
200,Q0,WSJ880926-0139,39,0.17308958941490038,minmaxnorm
200,Q0,WSJ880323-0071,40,0.17218617712586692,minmaxnorm
200,Q0,FR88701-0062,41,0.1708160018199972,minmaxnorm
200,Q0,FR89322-0031,42,0.17010682809161823,minmaxnorm
200,Q0,WSJ870804-0098,43,0.16959139939482162,minmaxnorm
200,Q0,WSJ880426-0065,44,0.1695553790414695,minmaxnorm
200,Q0,FR89406-0042,45,0.16930259896591554,minmaxnorm
200,Q0,WSJ870917-0079,46,0.1692232468047648,minmaxnorm
200,Q0,FR88513-0072,47,0.16911853076846864,minmaxnorm
200,Q0,FR89228-0058,48,0.16856528561188408,minmaxnorm
200,Q0,FR89927-0042,49,0.16853487417544097,minmaxnorm
200,Q0,AP881005-0022,50,0.1685072058166151,minmaxnorm
200,Q0,FR88707-0038,51,0.1680599479590447,minmaxnorm
200,Q0,FR89620-0032,52,0.1676901078728637,minmaxnorm
200,Q0,FR89517-0046,53,0.16764249870824988,minmaxnorm
200,Q0,WSJ880426-0145,54,0.16707803028979706,minmaxnorm
200,Q0,FR89710-0036,55,0.1662377536909377,minmaxnorm
200,Q0,FR89517-0045,56,0.16620197061578726,minmaxnorm
200,Q0,FR89822-0038,57,0.16616528684708898,minmaxnorm
200,Q0,FR891016-0043,58,0.16586685253175823,minmaxnorm
200,Q0,WSJ890912-0080,59,0.16584915811644108,minmaxnorm
200,Q0,FR89726-0050,60,0.16578546262457233,minmaxnorm
200,Q0,FR89602-0048,61,0.16570796564392468,minmaxnorm
200,Q0,FR88920-0043,62,0.165528759594797,minmaxnorm
200,Q0,FR89717-0039,63,0.16522337459465083,minmaxnorm
200,Q0,FR89609-0048,64,0.16520491183317756,minmaxnorm
200,Q0,WSJ880912-0173,65,0.16513390524346988,minmaxnorm
200,Q0,WSJ870717-0140,66,0.16508956931746474,minmaxnorm
200,Q0,ZF207-449-130,67,0.16507109423065483,minmaxnorm
200,Q0,WSJ880316-0080,68,0.16495259733791606,minmaxnorm
200,Q0,WSJ910430-0067,69,0.16493609184218494,minmaxnorm
200,Q0,FR88511-0052,70,0.16478411184249936,minmaxnorm
200,Q0,FR89308-0063,71,0.16449763891962405,minmaxnorm
200,Q0,FR88120-0028,72,0.16425195957161065,minmaxnorm
200,Q0,FR89313-0057,73,0.16419446518207212,minmaxnorm
200,Q0,FR891109-0034,74,0.16416003514933866,minmaxnorm
200,Q0,FR891006-0047,75,0.16393798068635917,minmaxnorm
200,Q0,FR891019-0029,76,0.16387413834229209,minmaxnorm
200,Q0,DOE1-87-1156,77,0.1638347915435447,minmaxnorm
200,Q0,FR89815-0061,78,0.16377707652140464,minmaxnorm
200,Q0,FR89713-0059,79,0.16366400157988387,minmaxnorm
200,Q0,FR881202-0058,80,0.16357190774339972,minmaxnorm
200,Q0,FR89615-0046,81,0.1634745794058771,minmaxnorm
200,Q0,WSJ870826-0025,82,0.16313300608902617,minmaxnorm
200,Q0,FR891106-0060,83,0.16309767707825515,minmaxnorm
200,Q0,FR891012-0050,84,0.16309659322144476,minmaxnorm
200,Q0,FR89321-0059,85,0.16294708754391632,minmaxnorm
200,Q0,FR891122-0053,86,0.16280204266606105,minmaxnorm
200,Q0,WSJ861218-0212,87,0.16279921956426024,minmaxnorm
200,Q0,FR89509-0054,88,0.16268978154947528,minmaxnorm
200,Q0,FR891109-0032,89,0.1626518746951255,minmaxnorm
200,Q0,WSJ880720-0087,90,0.1626265355451349,minmaxnorm
200,Q0,WSJ910214-0096,91,0.1625581777979641,minmaxnorm
200,Q0,FR881128-0039,92,0.16243712469053737,minmaxnorm
200,Q0,FR89927-0040,93,0.16225929728310637,minmaxnorm
200,Q0,FR88728-0037,94,0.16222942787929756,minmaxnorm
200,Q0,FR89208-0038,95,0.16217924549582016,minmaxnorm
200,Q0,FR891025-0028,96,0.16216009745140508,minmaxnorm
200,Q0,FR89918-0031,97,0.16212401369711624,minmaxnorm
200,Q0,FR88602-0044,98,0.16209484098196342,minmaxnorm
200,Q0,FR88513-0073,99,0.16207841925452351,minmaxnorm
200,Q0,DOE1-26-0087,100,0.16188205370550715,minmaxnorm
200,Q0,FR89327-0041,101,0.1618392212777068,minmaxnorm
200,Q0,FR881027-0044,102,0.16162956112465932,minmaxnorm
200,Q0,FR88915-0055,103,0.1615215534574479,minmaxnorm
200,Q0,FR89717-0040,104,0.16145722011009303,minmaxnorm
200,Q0,WSJ920309-0170,105,0.1611425276693125,minmaxnorm
200,Q0,FR89706-0053,106,0.1611377720324643,minmaxnorm
200,Q0,AP880301-0172,107,0.1611333964529305,minmaxnorm
200,Q0,FR88920-0044,108,0.1610976751246078,minmaxnorm
200,Q0,FR891109-0031,109,0.16106892599889872,minmaxnorm
200,Q0,FR881027-0043,110,0.16097325642916022,minmaxnorm
200,Q0,FR89421-0038,111,0.1608432571405319,minmaxnorm
200,Q0,FR88922-0031,112,0.160794869479231,minmaxnorm
200,Q0,FR88603-0045,113,0.16069435795444276,minmaxnorm
200,Q0,FR891117-0049,114,0.16045202687221805,minmaxnorm
200,Q0,WSJ870528-0162,115,0.160338892707572,minmaxnorm
200,Q0,FR881109-0046,116,0.16033445500680565,minmaxnorm
200,Q0,FR89313-0056,117,0.1600667067733612,minmaxnorm
200,Q0,FR89609-0046,118,0.16000743255601202,minmaxnorm
200,Q0,FR88801-0058,119,0.1599839310316281,minmaxnorm
200,Q0,FR89131-0070,120,0.15995160638889067,minmaxnorm
200,Q0,FR89308-0061,121,0.1599124078782963,minmaxnorm
200,Q0,FR88816-0039,122,0.1599008386256669,minmaxnorm
200,Q0,FR89602-0050,123,0.15985008035844608,minmaxnorm
200,Q0,FR891025-0030,124,0.15983117528322585,minmaxnorm
200,Q0,AP880910-0014,125,0.15982324134428838,minmaxnorm
200,Q0,FR88812-0033,126,0.15980062865978986,minmaxnorm
200,Q0,FR88602-0043,127,0.15973171151628945,minmaxnorm
200,Q0,FR88923-0060,128,0.15966027271490538,minmaxnorm
200,Q0,FR89124-0056,129,0.15950841429480972,minmaxnorm
200,Q0,FR88915-0054,130,0.15939709278185724,minmaxnorm
200,Q0,WSJ861204-0038,131,0.1592155552276157,minmaxnorm
200,Q0,FR89308-0064,132,0.15908800000764584,minmaxnorm
200,Q0,FR88610-0035,133,0.15908317409529138,minmaxnorm
200,Q0,FR88715-0049,134,0.15899303893689645,minmaxnorm
200,Q0,FR89406-0040,135,0.15896209641307438,minmaxnorm
200,Q0,FR88902-0057,136,0.15866920728577472,minmaxnorm
200,Q0,FR891002-0047,137,0.15866098854097438,minmaxnorm
200,Q0,FR891012-0049,138,0.15861656439382277,minmaxnorm
200,Q0,FR88826-0040,139,0.15848443042822447,minmaxnorm
200,Q0,FR881122-0048,140,0.15845188114446188,minmaxnorm
200,Q0,FR891122-0056,141,0.1584214762591766,minmaxnorm
200,Q0,WSJ890925-0134,142,0.1582014718078459,minmaxnorm
200,Q0,DOE2-40-0828,143,0.15816988932606987,minmaxnorm
200,Q0,FR88722-0052,144,0.1580548793656466,minmaxnorm
200,Q0,FR89406-0041,145,0.157907968083135,minmaxnorm
200,Q0,FR89927-0041,146,0.1578997687403665,minmaxnorm
200,Q0,WSJ871221-0073,147,0.1576172855059109,minmaxnorm
200,Q0,FR89811-0036,148,0.15755149055752837,minmaxnorm
200,Q0,FR88912-0020,149,0.15747036580725318,minmaxnorm
200,Q0,FR89630-0046,150,0.157419947885134,minmaxnorm
200,Q0,FR88603-0047,151,0.15731613376239426,minmaxnorm
200,Q0,AP880527-0292,152,0.1572906131303575,minmaxnorm
200,Q0,FR88727-0040,153,0.1571752983449751,minmaxnorm
200,Q0,WSJ881110-0096,154,0.15708537933174727,minmaxnorm
200,Q0,FR881125-0041,155,0.1570241567221039,minmaxnorm
200,Q0,FR891108-0053,156,0.1570218765969402,minmaxnorm
200,Q0,FR881027-0046,157,0.1570013160227128,minmaxnorm
200,Q0,FR88920-0045,158,0.1566924304805553,minmaxnorm
200,Q0,WSJ910107-0132,159,0.1564665676036555,minmaxnorm
200,Q0,FR881201-0056,160,0.1563689601457052,minmaxnorm
200,Q0,WSJ871211-0161,161,0.15634068019934907,minmaxnorm
200,Q0,FR89331-0059,162,0.15629770919579644,minmaxnorm
200,Q0,FR881207-0043,163,0.15620174431455636,minmaxnorm
200,Q0,FR88722-0053,164,0.15617666698404375,minmaxnorm
200,Q0,FR89811-0038,165,0.15616304198327086,minmaxnorm
200,Q0,FR88802-0036,166,0.15582511139575478,minmaxnorm
200,Q0,FR88801-0057,167,0.1556427817105493,minmaxnorm
200,Q0,FR88218-0043,168,0.15561717116553164,minmaxnorm
200,Q0,FR88518-0053,169,0.15552386264389562,minmaxnorm
200,Q0,DOE2-70-0394,170,0.15547552928378602,minmaxnorm
200,Q0,FR891128-0041,171,0.1554471586462943,minmaxnorm
200,Q0,FR88809-0052,172,0.15520924897694555,minmaxnorm
200,Q0,WSJ900514-0161,173,0.15517217085327442,minmaxnorm
200,Q0,AP890621-0232,174,0.15513488433682102,minmaxnorm
200,Q0,WSJ880329-0013,175,0.15501007958011678,minmaxnorm
200,Q0,FR881027-0042,176,0.15494556741773405,minmaxnorm
200,Q0,AP880929-0024,177,0.15494013351275834,minmaxnorm
200,Q0,FR881129-0050,178,0.15492106156012334,minmaxnorm
200,Q0,FR88105-0049,179,0.15489769382889335,minmaxnorm
200,Q0,FR89802-0058,180,0.15476218501226915,minmaxnorm
200,Q0,FR881107-0039,181,0.1547361925035935,minmaxnorm
200,Q0,WSJ881005-0076,182,0.1547194862851197,minmaxnorm
200,Q0,FR89321-0060,183,0.15470075607001915,minmaxnorm
200,Q0,FR881130-0037,184,0.15468202803500428,minmaxnorm
200,Q0,AP881212-0280,185,0.15454300627338788,minmaxnorm
200,Q0,FR881118-0039,186,0.15449978697775585,minmaxnorm
200,Q0,FR88928-0057,187,0.1543230008357368,minmaxnorm
200,Q0,FR89331-0058,188,0.15421790714872557,minmaxnorm
200,Q0,FR89926-0050,189,0.15356309297197956,minmaxnorm
200,Q0,FR881107-0036,190,0.1533126589890208,minmaxnorm
200,Q0,WSJ880114-0171,191,0.15330914925602365,minmaxnorm
200,Q0,FR891122-0057,192,0.1532068110219918,minmaxnorm
200,Q0,FR881107-0037,193,0.15274785846097558,minmaxnorm
200,Q0,WSJ890814-0101,194,0.15271369138203142,minmaxnorm
200,Q0,FR89131-0072,195,0.1526764508970375,minmaxnorm
200,Q0,FR88707-0039,196,0.1526020739620592,minmaxnorm
200,Q0,WSJ871221-0044,197,0.15249088762134091,minmaxnorm
200,Q0,FR88105-0043,198,0.15229156456095735,minmaxnorm
200,Q0,FR881019-0072,199,0.15222136487517945,minmaxnorm
200,Q0,WSJ870807-0119,200,0.15221111699608467,minmaxnorm
200,Q0,FR88727-0039,201,0.15219663248133797,minmaxnorm
200,Q0,FR881108-0046,202,0.15189174857606363,minmaxnorm
200,Q0,FR89331-0057,203,0.1518041496726327,minmaxnorm
200,Q0,FR88908-0040,204,0.1515654786917229,minmaxnorm
200,Q0,FR89811-0037,205,0.15147136352289034,minmaxnorm
200,Q0,FR881206-0030,206,0.15108937768521155,minmaxnorm
200,Q0,FR88511-0053,207,0.15105948564397748,minmaxnorm
200,Q0,WSJ910815-0121,208,0.1508279184212887,minmaxnorm
200,Q0,FR89510-0040,209,0.15068488642197647,minmaxnorm
200,Q0,FR88216-0042,210,0.15057977786949397,minmaxnorm
200,Q0,WSJ900424-0137,211,0.15057621184577774,minmaxnorm
200,Q0,WSJ870309-0053,212,0.15050190779676528,minmaxnorm
200,Q0,FR88211-0042,213,0.15036284195110944,minmaxnorm
200,Q0,FR881206-0031,214,0.1503550403367959,minmaxnorm
200,Q0,AP880225-0143,215,0.1503342373419187,minmaxnorm
200,Q0,FR88225-0042,216,0.15021901146664574,minmaxnorm
200,Q0,FR881206-0029,217,0.15019138648698133,minmaxnorm
200,Q0,FR881109-0047,218,0.15007741939665958,minmaxnorm
200,Q0,WSJ870324-0140,219,0.1497818518526484,minmaxnorm
200,Q0,FR881024-0031,220,0.14948528403785943,minmaxnorm
200,Q0,FR89720-0048,221,0.149406081845444,minmaxnorm
200,Q0,FR89517-0044,222,0.14923664501540915,minmaxnorm
200,Q0,FR89330-0044,223,0.1489766245326268,minmaxnorm
200,Q0,AP880912-0238,224,0.14879155858962,minmaxnorm
200,Q0,FR89308-0062,225,0.14875841230320375,minmaxnorm
200,Q0,FR89427-0036,226,0.14869289331967464,minmaxnorm
200,Q0,AP890408-0097,227,0.14848689670012372,minmaxnorm
200,Q0,FR881130-0036,228,0.14844733367490154,minmaxnorm
200,Q0,FR88721-0048,229,0.14785112628894273,minmaxnorm
200,Q0,WSJ900720-0160,230,0.1477440923485773,minmaxnorm
200,Q0,FR89926-0049,231,0.14761399168137657,minmaxnorm
200,Q0,FR89712-0281,232,0.14749299408615973,minmaxnorm
200,Q0,FR89414-0039,233,0.14748497956335863,minmaxnorm
200,Q0,FR88816-0041,234,0.14731194387836513,minmaxnorm
200,Q0,FR88719-0059,235,0.14730447652397866,minmaxnorm
200,Q0,WSJ900918-0125,236,0.1472992249499965,minmaxnorm
200,Q0,FR881129-0051,237,0.1472774232129522,minmaxnorm
200,Q0,AP891010-0283,238,0.14713288547295772,minmaxnorm
200,Q0,WSJ900905-0103,239,0.14708034811108042,minmaxnorm
200,Q0,FR88725-0039,240,0.1470437411471547,minmaxnorm
200,Q0,FR881019-0071,241,0.1469952424414659,minmaxnorm
200,Q0,FR89720-0047,242,0.1468308782548535,minmaxnorm
200,Q0,WSJ870116-0165,243,0.1467731312494343,minmaxnorm
200,Q0,AP880226-0097,244,0.14665893699527288,minmaxnorm
200,Q0,FR88105-0044,245,0.14658910999002786,minmaxnorm
200,Q0,FR88923-0059,246,0.1465337301045394,minmaxnorm
200,Q0,FR89421-0039,247,0.14629043000631892,minmaxnorm
200,Q0,WSJ900921-0157,248,0.14617114872853534,minmaxnorm
200,Q0,FR89216-0033,249,0.14615247582743157,minmaxnorm
200,Q0,FR89511-0035,250,0.14615144275461134,minmaxnorm
200,Q0,FR89327-0042,251,0.14589720906739626,minmaxnorm
200,Q0,FR891019-0030,252,0.14571940020698193,minmaxnorm
200,Q0,WSJ881020-0181,253,0.14570481518229833,minmaxnorm
200,Q0,AP890407-0231,254,0.1453241267387946,minmaxnorm
200,Q0,FR89717-0038,255,0.14515688817965108,minmaxnorm
200,Q0,FR88518-0052,256,0.14515283162669962,minmaxnorm
200,Q0,WSJ880929-0158,257,0.14502712645214405,minmaxnorm
200,Q0,FR88510-0045,258,0.14501509210087074,minmaxnorm
200,Q0,FR88812-0035,259,0.14482948919642957,minmaxnorm
200,Q0,FR89515-0056,260,0.14473203713499763,minmaxnorm
200,Q0,FR88101-0049,261,0.14397552708171624,minmaxnorm
200,Q0,FR89127-0064,262,0.14393574493600644,minmaxnorm
200,Q0,WSJ870807-0044,263,0.14390195639741132,minmaxnorm
200,Q0,FR89517-0047,264,0.14388556735390037,minmaxnorm
200,Q0,FR89524-0037,265,0.14363850709051426,minmaxnorm
200,Q0,FR89818-0050,266,0.1435851648648834,minmaxnorm
200,Q0,WSJ910806-0053,267,0.14350863394071917,minmaxnorm
200,Q0,FR89517-0048,268,0.1434240420109359,minmaxnorm
200,Q0,WSJ900912-0121,269,0.14334343624896573,minmaxnorm
200,Q0,FR881129-0049,270,0.14325126557559192,minmaxnorm
200,Q0,AP881222-0280,271,0.1430177836187814,minmaxnorm
200,Q0,FR89815-0059,272,0.14265438597340238,minmaxnorm
200,Q0,AP880225-0249,273,0.14261328540255339,minmaxnorm
200,Q0,FR88601-0073,274,0.1424594810490542,minmaxnorm
200,Q0,FR89306-0050,275,0.14237487636539686,minmaxnorm
200,Q0,FR89424-0023,276,0.14219984191800883,minmaxnorm
200,Q0,FR89217-0047,277,0.1420392201668209,minmaxnorm
200,Q0,WSJ910422-0080,278,0.1417752026047529,minmaxnorm
200,Q0,FR881202-0059,279,0.14164909219352909,minmaxnorm
200,Q0,FR88128-0059,280,0.14158072976576616,minmaxnorm
200,Q0,FR89531-0032,281,0.14152530173122466,minmaxnorm
200,Q0,FR88721-0047,282,0.14144668602596788,minmaxnorm
200,Q0,FR881107-0038,283,0.1412839515336433,minmaxnorm
200,Q0,FR88603-0046,284,0.1412337384317037,minmaxnorm
200,Q0,AP880426-0284,285,0.14121037210978438,minmaxnorm
200,Q0,FR891006-0048,286,0.14112192137695745,minmaxnorm
200,Q0,FR881129-0048,287,0.1410756274131455,minmaxnorm
200,Q0,FR88218-0044,288,0.1405776670833685,minmaxnorm
200,Q0,FR89816-0055,289,0.14051881563898952,minmaxnorm
200,Q0,WSJ871029-0180,290,0.14046870025238126,minmaxnorm
200,Q0,DOE2-78-0337,291,0.14045838846618003,minmaxnorm
200,Q0,FR891010-0053,292,0.14037388007218585,minmaxnorm
200,Q0,FR89421-0040,293,0.140233247689532,minmaxnorm
200,Q0,FR881101-0043,294,0.14013275037756637,minmaxnorm
200,Q0,FR89526-0032,295,0.14007450973175917,minmaxnorm
200,Q0,FR89119-0043,296,0.13984918670578508,minmaxnorm
200,Q0,FR88923-0062,297,0.13978430849157128,minmaxnorm
200,Q0,FR89105-0076,298,0.1396893395092218,minmaxnorm
200,Q0,FR89602-0051,299,0.1396093313604908,minmaxnorm
200,Q0,FR88129-0043,300,0.13942858534707525,minmaxnorm
200,Q0,WSJ911218-0116,301,0.13934891991850143,minmaxnorm
200,Q0,FR88915-0056,302,0.13890033463053397,minmaxnorm
200,Q0,WSJ880308-0105,303,0.1388542267718353,minmaxnorm
200,Q0,WSJ900726-0086,304,0.13884274654822507,minmaxnorm
200,Q0,FR88128-0058,305,0.13882612564220823,minmaxnorm
200,Q0,FR88129-0044,306,0.1386715416931089,minmaxnorm
200,Q0,FR891006-0046,307,0.13866382048159084,minmaxnorm
200,Q0,ZF207-726-250,308,0.13859847201998046,minmaxnorm
200,Q0,WSJ880204-0103,309,0.13836766019028038,minmaxnorm
200,Q0,AP880225-0109,310,0.13812330394467864,minmaxnorm
200,Q0,FR89525-0038,311,0.13804478920803823,minmaxnorm
200,Q0,FR89822-0037,312,0.138011395571709,minmaxnorm
200,Q0,FR89531-0033,313,0.13792825174009085,minmaxnorm
200,Q0,FR891004-0054,314,0.1377378206522414,minmaxnorm
200,Q0,WSJ911205-0094,315,0.13752716866643822,minmaxnorm
200,Q0,FR89427-0035,316,0.13750945246003418,minmaxnorm
200,Q0,FR88513-0074,317,0.13746881622372878,minmaxnorm
200,Q0,FR88726-0061,318,0.13717330466040709,minmaxnorm
200,Q0,FR881108-0048,319,0.13696053619325715,minmaxnorm
200,Q0,WSJ900529-0031,320,0.13694674555101627,minmaxnorm
200,Q0,FR881209-0073,321,0.13659600300618105,minmaxnorm
200,Q0,FR88708-0038,322,0.13621832995695868,minmaxnorm
200,Q0,AP890202-0256,323,0.13589816770195573,minmaxnorm
200,Q0,FR88205-0058,324,0.13561551726966514,minmaxnorm
200,Q0,FR88205-0057,325,0.1354836130136956,minmaxnorm
200,Q0,FR89626-0049,326,0.13535808681625752,minmaxnorm
200,Q0,FR881207-0042,327,0.13511837126761103,minmaxnorm
200,Q0,FR89710-0035,328,0.13496899106669102,minmaxnorm
200,Q0,FR88225-0132,329,0.13460343896791443,minmaxnorm
200,Q0,WSJ881031-0196,330,0.13458684085424247,minmaxnorm
200,Q0,WSJ870810-0059,331,0.13445690804839847,minmaxnorm
200,Q0,FR89322-0032,332,0.13426246210769974,minmaxnorm
200,Q0,FR891109-0033,333,0.1339380447288138,minmaxnorm
200,Q0,WSJ880915-0027,334,0.13393460140530458,minmaxnorm
200,Q0,DOE2-17-0198,335,0.13385380763395455,minmaxnorm
200,Q0,FR88826-0041,336,0.13350558082312838,minmaxnorm
200,Q0,FR89427-0034,337,0.13330831197048226,minmaxnorm
200,Q0,WSJ890726-0083,338,0.13303397848470802,minmaxnorm
200,Q0,FR89613-0047,339,0.1330261818817748,minmaxnorm
200,Q0,FR88101-0040,340,0.13302595598058733,minmaxnorm
200,Q0,FR89331-0056,341,0.13295763029117388,minmaxnorm
200,Q0,WSJ870409-0084,342,0.1326503324084904,minmaxnorm
200,Q0,WSJ910411-0130,343,0.13264177481796607,minmaxnorm
200,Q0,ZF207-773-434,344,0.13251009346353182,minmaxnorm
200,Q0,FR88901-0044,345,0.13227854980600465,minmaxnorm
200,Q0,DOE1-71-0406,346,0.1319384400970891,minmaxnorm
200,Q0,WSJ911129-0074,347,0.1318819520741386,minmaxnorm
200,Q0,WSJ920219-0068,348,0.13187741940291597,minmaxnorm
200,Q0,FR89509-0047,349,0.13175802727780678,minmaxnorm
200,Q0,FR88510-0044,350,0.1316494246473383,minmaxnorm
200,Q0,FR88131-0033,351,0.13163668073218104,minmaxnorm
200,Q0,FR881202-0057,352,0.13159371998885502,minmaxnorm
200,Q0,FR89216-0032,353,0.1313688084389631,minmaxnorm
200,Q0,WSJ871231-0106,354,0.13123256651522217,minmaxnorm
200,Q0,FR88908-0041,355,0.13119109054821673,minmaxnorm
200,Q0,FR891205-0044,356,0.13116541659534092,minmaxnorm
200,Q0,WSJ871209-0013,357,0.13098754054642017,minmaxnorm
200,Q0,WSJ870319-0127,358,0.13095209501576408,minmaxnorm
200,Q0,WSJ911014-0110,359,0.13082902629202162,minmaxnorm
200,Q0,WSJ911216-0044,360,0.13059868437850905,minmaxnorm
200,Q0,FR881025-0048,361,0.13038800200942588,minmaxnorm
200,Q0,WSJ890822-0145,362,0.13000533649155147,minmaxnorm
200,Q0,FR88518-0054,363,0.12940552369455124,minmaxnorm
200,Q0,FR89602-0049,364,0.12937059386743394,minmaxnorm
200,Q0,FR89720-0046,365,0.12936866297717073,minmaxnorm
200,Q0,WSJ911025-0073,366,0.12919735553337014,minmaxnorm
200,Q0,FR891114-0040,367,0.12914231211820634,minmaxnorm
200,Q0,FR881207-0047,368,0.12890438422342432,minmaxnorm
200,Q0,FR89217-0046,369,0.12846822874913175,minmaxnorm
200,Q0,FR88101-0042,370,0.12821776875357946,minmaxnorm
200,Q0,WSJ870731-0131,371,0.1274861832029404,minmaxnorm
200,Q0,FR891106-0061,372,0.1274338695527028,minmaxnorm
200,Q0,WSJ900718-0035,373,0.12741961974997745,minmaxnorm
200,Q0,WSJ880316-0125,374,0.12728153247712162,minmaxnorm
200,Q0,AP880225-0057,375,0.12701484788607284,minmaxnorm
200,Q0,FR89217-0045,376,0.1267053882368611,minmaxnorm
200,Q0,WSJ910315-0080,377,0.1265931906675467,minmaxnorm
200,Q0,FR881207-0045,378,0.12648744267619735,minmaxnorm
200,Q0,FR89619-0036,379,0.12645550140086498,minmaxnorm
200,Q0,FR89512-0059,380,0.12645258034309995,minmaxnorm
200,Q0,FR89124-0058,381,0.12602780517301132,minmaxnorm
200,Q0,WSJ900709-0017,382,0.12594975926633206,minmaxnorm
200,Q0,FR88105-0048,383,0.12572120125011918,minmaxnorm
200,Q0,WSJ920303-0109,384,0.12572019663586048,minmaxnorm
200,Q0,DOE2-35-0150,385,0.1256411058171786,minmaxnorm
200,Q0,FR89720-0044,386,0.12552951315834568,minmaxnorm
200,Q0,FR88503-0038,387,0.12546108715799864,minmaxnorm
200,Q0,FR89720-0045,388,0.12506899994099707,minmaxnorm
200,Q0,AP880302-0051,389,0.12493968744098931,minmaxnorm
200,Q0,FR88205-0060,390,0.1249309228839711,minmaxnorm
200,Q0,WSJ911017-0182,391,0.12463918624115067,minmaxnorm
200,Q0,WSJ870427-0092,392,0.12447994614795133,minmaxnorm
200,Q0,FR88504-0046,393,0.12432448661411734,minmaxnorm
200,Q0,WSJ910521-0082,394,0.12414839569445982,minmaxnorm
200,Q0,AP880323-0288,395,0.12400987021713426,minmaxnorm
200,Q0,WSJ871022-0156,396,0.1238363499301764,minmaxnorm
200,Q0,FR891025-0029,397,0.12382030652101977,minmaxnorm
200,Q0,FR89209-0037,398,0.123739091229192,minmaxnorm
200,Q0,FR88129-0045,399,0.12351906900166507,minmaxnorm
200,Q0,WSJ880401-0133,400,0.12329646355301749,minmaxnorm
200,Q0,FR881118-0022,401,0.12326392022149064,minmaxnorm
200,Q0,FR891031-0034,402,0.12283305653190031,minmaxnorm
200,Q0,WSJ881010-0054,403,0.12240725979599144,minmaxnorm
200,Q0,WSJ870416-0112,404,0.12228365510223069,minmaxnorm
200,Q0,FR88112-0014,405,0.12218540177454265,minmaxnorm
200,Q0,FR881125-0001,406,0.12202038124748955,minmaxnorm
200,Q0,FR89131-0071,407,0.12197986237621868,minmaxnorm
200,Q0,FR89531-0034,408,0.12171284777896742,minmaxnorm
200,Q0,DOE2-35-0480,409,0.12160421244270869,minmaxnorm
200,Q0,FR89301-0056,410,0.12156672957737931,minmaxnorm
200,Q0,WSJ870626-0013,411,0.12154594913936431,minmaxnorm
200,Q0,WSJ880229-0123,412,0.12149421971191168,minmaxnorm
200,Q0,FR881122-0047,413,0.12083824710331618,minmaxnorm
200,Q0,FR89615-0047,414,0.12052355468160811,minmaxnorm
200,Q0,FR881208-0034,415,0.12048507073892539,minmaxnorm
200,Q0,FR88205-0059,416,0.12032193134117773,minmaxnorm
200,Q0,FR88105-0046,417,0.12010147367659285,minmaxnorm
200,Q0,AP880929-0255,418,0.12007215671076983,minmaxnorm
200,Q0,WSJ880201-0151,419,0.1198294774201902,minmaxnorm
200,Q0,FR891010-0052,420,0.11974833532771018,minmaxnorm
200,Q0,WSJ901221-0172,421,0.11899363868349172,minmaxnorm
200,Q0,FR88105-0047,422,0.11865137539983774,minmaxnorm
200,Q0,FR88225-0133,423,0.11856538830099486,minmaxnorm
200,Q0,WSJ870325-0158,424,0.1185416909733244,minmaxnorm
200,Q0,FR89330-0045,425,0.11840597999479208,minmaxnorm
200,Q0,FR88101-0046,426,0.11834449770356884,minmaxnorm
200,Q0,FR88902-0056,427,0.11828456318865058,minmaxnorm
200,Q0,FR88818-0009,428,0.11814781988883584,minmaxnorm
200,Q0,FR891004-0053,429,0.11807221316664113,minmaxnorm
200,Q0,FR88503-0037,430,0.1180531519471796,minmaxnorm
200,Q0,FR88811-0174,431,0.11763352354813582,minmaxnorm
200,Q0,FR89112-0046,432,0.11731922075865432,minmaxnorm
200,Q0,WSJ910906-0173,433,0.1169235731983918,minmaxnorm
200,Q0,WSJ870703-0156,434,0.11681937115506745,minmaxnorm
200,Q0,WSJ880914-0140,435,0.11671038378751059,minmaxnorm
200,Q0,FR89126-0042,436,0.116660554572131,minmaxnorm
200,Q0,WSJ881020-0154,437,0.1164660074799762,minmaxnorm
200,Q0,ZF207-325-546,438,0.11642842410809927,minmaxnorm
200,Q0,FR88831-0058,439,0.11634304272817193,minmaxnorm
200,Q0,FR88101-0043,440,0.11630533834619898,minmaxnorm
200,Q0,FR881125-0042,441,0.11629323803756333,minmaxnorm
200,Q0,AP880912-0023,442,0.11601289213931472,minmaxnorm
200,Q0,FR881208-0033,443,0.1159696180795152,minmaxnorm
200,Q0,WSJ900913-0059,444,0.11579901858002255,minmaxnorm
200,Q0,FR881107-0105,445,0.11546947173353303,minmaxnorm
200,Q0,AP891101-0265,446,0.11517914172309425,minmaxnorm
200,Q0,FR89106-0036,447,0.11482806526540495,minmaxnorm
200,Q0,AP891018-0261,448,0.11438235600941632,minmaxnorm
200,Q0,FR89201-0120,449,0.11437888030282214,minmaxnorm
200,Q0,FR89124-0057,450,0.1142394537925307,minmaxnorm
200,Q0,WSJ871110-0071,451,0.11413272044923042,minmaxnorm
200,Q0,FR881027-0045,452,0.1137431550059323,minmaxnorm
200,Q0,WSJ870206-0062,453,0.11366947311747282,minmaxnorm
200,Q0,ZF207-961-980,454,0.11359839615655302,minmaxnorm
200,Q0,FR89330-0046,455,0.11357552911299877,minmaxnorm
200,Q0,WSJ880525-0169,456,0.11252366585897804,minmaxnorm
200,Q0,WSJ871109-0039,457,0.11239899588971233,minmaxnorm
200,Q0,FR89815-0060,458,0.1123118812545453,minmaxnorm
200,Q0,AP880503-0250,459,0.11230501869105701,minmaxnorm
200,Q0,WSJ870316-0178,460,0.11230142914374326,minmaxnorm
200,Q0,FR88907-0070,461,0.11213554777478492,minmaxnorm
200,Q0,WSJ910510-0025,462,0.112019907364738,minmaxnorm
200,Q0,FR88812-0034,463,0.11200554302638957,minmaxnorm
200,Q0,AP880312-0208,464,0.1119826284197894,minmaxnorm
200,Q0,FR881207-0044,465,0.11185845167333244,minmaxnorm
200,Q0,WSJ910725-0113,466,0.11184673496729564,minmaxnorm
200,Q0,WSJ870624-0007,467,0.11167542322747842,minmaxnorm
200,Q0,AP880311-0234,468,0.11125502829451042,minmaxnorm
200,Q0,FR88923-0058,469,0.11122117690980553,minmaxnorm
200,Q0,WSJ870420-0010,470,0.1111481413898608,minmaxnorm
200,Q0,DOE2-45-1026,471,0.11080835688576943,minmaxnorm
200,Q0,AP880602-0316,472,0.11062959202990179,minmaxnorm
200,Q0,DOE2-79-0490,473,0.1104421093796675,minmaxnorm
200,Q0,FR881026-0043,474,0.11031783248947971,minmaxnorm
200,Q0,WSJ880526-0042,475,0.11012362203444616,minmaxnorm
200,Q0,FR89630-0045,476,0.11007071304503481,minmaxnorm
200,Q0,WSJ910424-0095,477,0.10998742269598041,minmaxnorm
200,Q0,FR88915-0057,478,0.10988761683207299,minmaxnorm
200,Q0,WSJ920218-0020,479,0.10965959821643913,minmaxnorm
200,Q0,WSJ920116-0135,480,0.10933436003733889,minmaxnorm
200,Q0,FR891122-0055,481,0.10917973713745023,minmaxnorm
200,Q0,DOE1-56-1140,482,0.10912451343288163,minmaxnorm
200,Q0,FR88607-0051,483,0.10907025671358182,minmaxnorm
200,Q0,FR891122-0054,484,0.10876386944042382,minmaxnorm
200,Q0,WSJ880219-0187,485,0.10876096841866668,minmaxnorm
200,Q0,FR89301-0055,486,0.10786437254612216,minmaxnorm
200,Q0,FR891113-0048,487,0.10752728184132833,minmaxnorm
200,Q0,FR88101-0044,488,0.1074801599364526,minmaxnorm
200,Q0,WSJ870904-0163,489,0.10739993497901788,minmaxnorm
200,Q0,FR88101-0045,490,0.10699397394422983,minmaxnorm
200,Q0,FR88101-0041,491,0.1064441669154705,minmaxnorm
200,Q0,WSJ920106-0037,492,0.10624967312356541,minmaxnorm
200,Q0,FR89323-0049,493,0.1060486795802307,minmaxnorm
200,Q0,WSJ910624-0151,494,0.10593422070886202,minmaxnorm
200,Q0,WSJ880907-0103,495,0.10540639626222323,minmaxnorm
200,Q0,FR89609-0047,496,0.10530615498430282,minmaxnorm
200,Q0,WSJ910920-0123,497,0.10522850482860627,minmaxnorm
200,Q0,WSJ910812-0119,498,0.10511865753214228,minmaxnorm
200,Q0,AP880315-0241,499,0.10508342632418305,minmaxnorm
200,Q0,AP890825-0238,500,0.1046614650543221,minmaxnorm
200,Q0,AP891130-0262,501,0.10363217575735038,minmaxnorm
200,Q0,AP880229-0010,502,0.10329224633860694,minmaxnorm
200,Q0,WSJ880922-0114,503,0.10315307699651398,minmaxnorm
200,Q0,FR881208-0032,504,0.10310458668423401,minmaxnorm
200,Q0,WSJ880824-0087,505,0.10303381150713291,minmaxnorm
200,Q0,WSJ911122-0139,506,0.10282956492841007,minmaxnorm
200,Q0,FR88201-0042,507,0.10262779502827027,minmaxnorm
200,Q0,FR881118-0040,508,0.10250286296133662,minmaxnorm
200,Q0,FR89630-0047,509,0.10237217147831484,minmaxnorm
200,Q0,FR89331-0164,510,0.10225185899369264,minmaxnorm
200,Q0,WSJ900912-0056,511,0.10216289209252837,minmaxnorm
200,Q0,WSJ861224-0182,512,0.10181988438556021,minmaxnorm
200,Q0,WSJ880502-0138,513,0.10149444267763538,minmaxnorm
200,Q0,AP880302-0277,514,0.1014895101940131,minmaxnorm
200,Q0,WSJ880304-0098,515,0.10146401223409883,minmaxnorm
200,Q0,FR89601-0044,516,0.10140999950842808,minmaxnorm
200,Q0,WSJ870601-0020,517,0.10124249085364825,minmaxnorm
200,Q0,WSJ911230-0020,518,0.10104493337067401,minmaxnorm
200,Q0,FR88101-0048,519,0.10047090373370743,minmaxnorm
200,Q0,FR89804-0039,520,0.10020334178992993,minmaxnorm
200,Q0,FR881107-0040,521,0.10010487746898065,minmaxnorm
200,Q0,WSJ880810-0157,522,0.09987793458315257,minmaxnorm
200,Q0,FR88707-0040,523,0.09921737812048442,minmaxnorm
200,Q0,FR891113-0047,524,0.09904377556931829,minmaxnorm
200,Q0,WSJ880916-0096,525,0.09878864532116259,minmaxnorm
200,Q0,FR881128-0040,526,0.09823967654224283,minmaxnorm
200,Q0,WSJ880218-0034,527,0.09811781663829333,minmaxnorm
200,Q0,AP880630-0026,528,0.09780906279535771,minmaxnorm
200,Q0,WSJ910619-0129,529,0.09780102914839983,minmaxnorm
200,Q0,FR881207-0046,530,0.09764362398792421,minmaxnorm
200,Q0,FR88615-0068,531,0.09730322255354326,minmaxnorm
200,Q0,WSJ870504-0151,532,0.09719198316452926,minmaxnorm
200,Q0,AP880911-0050,533,0.09679053298919074,minmaxnorm
200,Q0,FR881117-0044,534,0.09658697488793941,minmaxnorm
200,Q0,WSJ880304-0025,535,0.09627449359651057,minmaxnorm
200,Q0,FR89726-0049,536,0.095737632632438,minmaxnorm
200,Q0,WSJ881111-0039,537,0.0956554272648829,minmaxnorm
200,Q0,AP880912-0232,538,0.0954296015276701,minmaxnorm
200,Q0,AP880809-0224,539,0.09527854330655229,minmaxnorm
200,Q0,WSJ910125-0164,540,0.09525293343451768,minmaxnorm
200,Q0,FR881121-0059,541,0.09524365759529035,minmaxnorm
200,Q0,AP890106-0028,542,0.09505821113899884,minmaxnorm
200,Q0,FR891031-0035,543,0.09486774602495336,minmaxnorm
200,Q0,FR88101-0050,544,0.09456008575376822,minmaxnorm
200,Q0,FR89103-0105,545,0.09429911540836544,minmaxnorm
200,Q0,WSJ900727-0147,546,0.09424881553493769,minmaxnorm
200,Q0,WSJ870226-0151,547,0.09391743015762506,minmaxnorm
200,Q0,AP880226-0168,548,0.09382944255695028,minmaxnorm
200,Q0,FR88101-0047,549,0.09367064874957406,minmaxnorm
200,Q0,AP880505-0345,550,0.09366407907247806,minmaxnorm
200,Q0,DOE2-61-0519,551,0.09364655579474399,minmaxnorm
200,Q0,DOE2-74-1161,552,0.09362338020068905,minmaxnorm
200,Q0,DOE1-15-1103,553,0.09321777889919798,minmaxnorm
200,Q0,WSJ870901-0080,554,0.09298224625877312,minmaxnorm
200,Q0,AP890817-0116,555,0.09277753322515735,minmaxnorm
200,Q0,DOE2-31-0650,556,0.09245945387836257,minmaxnorm
200,Q0,AP880328-0009,557,0.09245277427571158,minmaxnorm
200,Q0,WSJ871106-0113,558,0.09211012212047341,minmaxnorm
200,Q0,WSJ880324-0062,559,0.09210331532621661,minmaxnorm
200,Q0,WSJ880512-0131,560,0.09210239502718866,minmaxnorm
200,Q0,WSJ870825-0140,561,0.09205943263145412,minmaxnorm
200,Q0,WSJ920306-0080,562,0.09187146476153654,minmaxnorm
200,Q0,WSJ911217-0109,563,0.0916797672301401,minmaxnorm
200,Q0,ZF207-155-822,564,0.09143588586922356,minmaxnorm
200,Q0,FR88602-0045,565,0.09143488927918836,minmaxnorm
200,Q0,WSJ871106-0090,566,0.09135099717697745,minmaxnorm
200,Q0,WSJ861230-0127,567,0.09129410432395617,minmaxnorm
200,Q0,FR89127-0065,568,0.09121219513583038,minmaxnorm
200,Q0,DOE2-23-0630,569,0.09087799018551769,minmaxnorm
200,Q0,ZF207-123-408,570,0.09073544585606545,minmaxnorm
200,Q0,DOE1-13-0688,571,0.09064997062794723,minmaxnorm
200,Q0,WSJ890915-0155,572,0.0903432088972321,minmaxnorm
200,Q0,AP880926-0227,573,0.08993084262125814,minmaxnorm
200,Q0,ZF207-648-330,574,0.08959105871377479,minmaxnorm
200,Q0,WSJ900515-0104,575,0.08950714277840639,minmaxnorm
200,Q0,WSJ871123-0169,576,0.0894514690553377,minmaxnorm
200,Q0,WSJ890920-0165,577,0.0890828623225673,minmaxnorm
200,Q0,WSJ880920-0064,578,0.0887614532220144,minmaxnorm
200,Q0,FR88518-0055,579,0.08861608452189383,minmaxnorm
200,Q0,FR89314-0110,580,0.08852470194214296,minmaxnorm
200,Q0,WSJ880610-0139,581,0.08850742242111223,minmaxnorm
200,Q0,FR88825-0047,582,0.0884974835997465,minmaxnorm
200,Q0,AP881130-0280,583,0.08838996692233592,minmaxnorm
200,Q0,AP881006-0103,584,0.08791698250952111,minmaxnorm
200,Q0,FR89726-0051,585,0.08791034017600657,minmaxnorm
200,Q0,AP890228-0011,586,0.08786307448608036,minmaxnorm
200,Q0,AP881012-0145,587,0.08721235412710308,minmaxnorm
200,Q0,WSJ910620-0164,588,0.08717225360137548,minmaxnorm
200,Q0,FR88211-0275,589,0.08705266838718229,minmaxnorm
200,Q0,WSJ910624-0107,590,0.08678890951674931,minmaxnorm
200,Q0,FR88129-0032,591,0.08560747363064344,minmaxnorm
200,Q0,AP880816-0229,592,0.08552380398818059,minmaxnorm
200,Q0,WSJ890822-0091,593,0.08519583009190697,minmaxnorm
200,Q0,WSJ870501-0027,594,0.0850191682179813,minmaxnorm
200,Q0,FR89821-0045,595,0.08482384215500295,minmaxnorm
200,Q0,DOE1-23-0319,596,0.08475197134849817,minmaxnorm
200,Q0,WSJ880115-0057,597,0.08471376403967269,minmaxnorm
200,Q0,FR89818-0047,598,0.0844295351550493,minmaxnorm
200,Q0,FR88129-0031,599,0.08414962578723965,minmaxnorm
200,Q0,WSJ891102-0007,600,0.08402912113972501,minmaxnorm
200,Q0,WSJ870223-0084,601,0.08398663127243597,minmaxnorm
200,Q0,DOE1-71-0409,602,0.08384867597748799,minmaxnorm
200,Q0,DOE2-61-1209,603,0.08353446661556341,minmaxnorm
200,Q0,DOE2-39-0900,604,0.08345453364912954,minmaxnorm
200,Q0,WSJ880404-0085,605,0.08329364849918738,minmaxnorm
200,Q0,AP880926-0235,606,0.08315192965532531,minmaxnorm
200,Q0,WSJ901224-0139,607,0.08309741695246739,minmaxnorm
200,Q0,WSJ880912-0088,608,0.08306306382078527,minmaxnorm
200,Q0,WSJ871204-0063,609,0.08228907716414662,minmaxnorm
200,Q0,DOE2-51-0425,610,0.08215795805210947,minmaxnorm
200,Q0,WSJ881024-0168,611,0.08211368543641916,minmaxnorm
200,Q0,DOE2-47-0881,612,0.08169659295857294,minmaxnorm
200,Q0,WSJ880421-0124,613,0.0815347644686354,minmaxnorm
200,Q0,WSJ880223-0039,614,0.08152917338309348,minmaxnorm
200,Q0,FR89720-0043,615,0.08139355384296534,minmaxnorm
200,Q0,FR88825-0044,616,0.08129315300811561,minmaxnorm
200,Q0,FR88105-0045,617,0.08116064928157693,minmaxnorm
200,Q0,FR88923-0100,618,0.0811016024535659,minmaxnorm
200,Q0,WSJ911202-0008,619,0.0806791987847941,minmaxnorm
200,Q0,FR88120-0027,620,0.08064889084440682,minmaxnorm
200,Q0,WSJ900806-0023,621,0.08058249307354569,minmaxnorm
200,Q0,WSJ910919-0148,622,0.08055180626707284,minmaxnorm
200,Q0,FR88824-0049,623,0.0804694614124924,minmaxnorm
200,Q0,FR89525-0050,624,0.08037339970572584,minmaxnorm
200,Q0,WSJ910125-0120,625,0.07990280361992372,minmaxnorm
200,Q0,WSJ870427-0033,626,0.07985743302649909,minmaxnorm
200,Q0,WSJ871117-0030,627,0.0798248850564709,minmaxnorm
200,Q0,FR89703-0027,628,0.07951391755671763,minmaxnorm
200,Q0,WSJ870903-0143,629,0.07909512933497152,minmaxnorm
200,Q0,FR881125-0043,630,0.07890654242548586,minmaxnorm
200,Q0,WSJ871112-0147,631,0.07869508388939475,minmaxnorm
200,Q0,ZF207-236-134,632,0.0784911371251709,minmaxnorm
200,Q0,WSJ870420-0073,633,0.07819041565263951,minmaxnorm
200,Q0,WSJ871216-0024,634,0.07799395233384798,minmaxnorm
200,Q0,AP891128-0187,635,0.07791214903988587,minmaxnorm
200,Q0,WSJ880324-0127,636,0.0778038547125253,minmaxnorm
200,Q0,AP891127-0136,637,0.07779741502404097,minmaxnorm
200,Q0,WSJ910513-0131,638,0.07769398731936797,minmaxnorm
200,Q0,DOE1-19-0202,639,0.07749535709011686,minmaxnorm
200,Q0,WSJ890915-0025,640,0.07749022418857457,minmaxnorm
200,Q0,WSJ871127-0151,641,0.07746929444411776,minmaxnorm
200,Q0,DOE2-19-1148,642,0.07717310499609241,minmaxnorm
200,Q0,FR88923-0061,643,0.07702460960253636,minmaxnorm
200,Q0,WSJ871005-0127,644,0.07699973128290395,minmaxnorm
200,Q0,WSJ870609-0088,645,0.0769393109631223,minmaxnorm
200,Q0,WSJ880516-0012,646,0.07655328186902415,minmaxnorm
200,Q0,WSJ901221-0175,647,0.07646536840559896,minmaxnorm
200,Q0,AP890612-0281,648,0.07645270275193983,minmaxnorm
200,Q0,WSJ901220-0170,649,0.07632593891505597,minmaxnorm
200,Q0,WSJ911106-0013,650,0.07622239617526413,minmaxnorm
200,Q0,WSJ861212-0040,651,0.07621193266622003,minmaxnorm
200,Q0,WSJ920214-0152,652,0.07606931608291102,minmaxnorm
200,Q0,WSJ870511-0109,653,0.07601197431550104,minmaxnorm
200,Q0,WSJ870220-0111,654,0.07595213169009542,minmaxnorm
200,Q0,WSJ870512-0012,655,0.07588336542653305,minmaxnorm
200,Q0,WSJ910228-0162,656,0.07574622447337653,minmaxnorm
200,Q0,WSJ870702-0155,657,0.0755523835105745,minmaxnorm
200,Q0,DOE2-10-0487,658,0.07537719898791796,minmaxnorm
200,Q0,WSJ871217-0173,659,0.0752979341512859,minmaxnorm
200,Q0,WSJ871009-0069,660,0.07514846845046323,minmaxnorm
200,Q0,FR89517-0040,661,0.07509707966521065,minmaxnorm
200,Q0,DOE1-80-0469,662,0.07479642559522201,minmaxnorm
200,Q0,WSJ880104-0017,663,0.07465083585289978,minmaxnorm
200,Q0,AP880909-0200,664,0.07453746260707646,minmaxnorm
200,Q0,DOE2-58-1089,665,0.0740122034343569,minmaxnorm
200,Q0,WSJ880712-0090,666,0.07391478278816849,minmaxnorm
200,Q0,WSJ870804-0136,667,0.0738169624984857,minmaxnorm
200,Q0,WSJ870724-0080,668,0.07359226641856292,minmaxnorm
200,Q0,AP890630-0234,669,0.0735709076547194,minmaxnorm
200,Q0,WSJ871110-0158,670,0.07345902143533478,minmaxnorm
200,Q0,AP880621-0016,671,0.07318116396131091,minmaxnorm
200,Q0,WSJ910412-0174,672,0.07316528455949994,minmaxnorm
200,Q0,WSJ880811-0163,673,0.07294379232645848,minmaxnorm
200,Q0,WSJ870106-0171,674,0.07280941346490494,minmaxnorm
200,Q0,FR881110-0075,675,0.07269651656544772,minmaxnorm
200,Q0,AP880326-0067,676,0.0726132271735613,minmaxnorm
200,Q0,WSJ871228-0030,677,0.07251265628776955,minmaxnorm
200,Q0,DOE1-45-0627,678,0.07225001176105328,minmaxnorm
200,Q0,AP880226-0015,679,0.07177624055452199,minmaxnorm
200,Q0,AP880303-0152,680,0.07176061266349669,minmaxnorm
200,Q0,WSJ890922-0125,681,0.07169828171567139,minmaxnorm
200,Q0,WSJ920110-0103,682,0.07163865570972368,minmaxnorm
200,Q0,WSJ900723-0093,683,0.07159590576463795,minmaxnorm
200,Q0,FR881110-0076,684,0.07150945205075653,minmaxnorm
200,Q0,WSJ880217-0135,685,0.07145986681313854,minmaxnorm
200,Q0,WSJ900810-0155,686,0.07143700337020066,minmaxnorm
200,Q0,DOE1-24-0048,687,0.0714148953370696,minmaxnorm
200,Q0,WSJ870102-0146,688,0.07123635435381395,minmaxnorm
200,Q0,WSJ870526-0139,689,0.07117597668344273,minmaxnorm
200,Q0,WSJ870206-0041,690,0.07097396450508865,minmaxnorm
200,Q0,FR89103-0106,691,0.07089573002150559,minmaxnorm
200,Q0,FR88708-0060,692,0.07075782627441353,minmaxnorm
200,Q0,AP880425-0297,693,0.07071090667074661,minmaxnorm
200,Q0,WSJ910315-0197,694,0.07063604236269938,minmaxnorm
200,Q0,WSJ870312-0046,695,0.0703612984192482,minmaxnorm
200,Q0,WSJ910118-0110,696,0.07035816844983109,minmaxnorm
200,Q0,FR88211-0286,697,0.07017816355063118,minmaxnorm
200,Q0,WSJ880516-0148,698,0.07005944890843831,minmaxnorm
200,Q0,WSJ910731-0105,699,0.07005164718599668,minmaxnorm
200,Q0,WSJ910906-0182,700,0.07000259298784205,minmaxnorm
200,Q0,WSJ890810-0094,701,0.06991289975981353,minmaxnorm
200,Q0,FR891019-0024,702,0.06973581716611733,minmaxnorm
200,Q0,AP890127-0303,703,0.06963729840083034,minmaxnorm
200,Q0,AP880906-0116,704,0.0695428616345338,minmaxnorm
200,Q0,WSJ910417-0117,705,0.06919791679878318,minmaxnorm
200,Q0,WSJ881028-0023,706,0.06890486991537376,minmaxnorm
200,Q0,AP890114-0123,707,0.0687701787897511,minmaxnorm
200,Q0,WSJ900709-0021,708,0.06868333731004476,minmaxnorm
200,Q0,ZF207-317-421,709,0.06863386334433831,minmaxnorm
200,Q0,WSJ880523-0058,710,0.06851830876845004,minmaxnorm
200,Q0,AP881207-0259,711,0.06829744538219967,minmaxnorm
200,Q0,AP881110-0254,712,0.06822711796258359,minmaxnorm
200,Q0,FR88107-0081,713,0.06820688938317127,minmaxnorm
200,Q0,AP881005-0265,714,0.06815992236868394,minmaxnorm
200,Q0,WSJ870608-0016,715,0.06815807897902129,minmaxnorm
200,Q0,AP890715-0057,716,0.06805382645152974,minmaxnorm
200,Q0,AP890612-0007,717,0.06795059070349058,minmaxnorm
200,Q0,AP890203-0244,718,0.06782212927319846,minmaxnorm
200,Q0,FR89607-0095,719,0.06741007429582535,minmaxnorm
200,Q0,WSJ870408-0150,720,0.06735986667471183,minmaxnorm
200,Q0,WSJ870731-0031,721,0.06734616778526742,minmaxnorm
200,Q0,AP891004-0303,722,0.06729544024544575,minmaxnorm
200,Q0,WSJ910927-0115,723,0.06726643170228015,minmaxnorm
200,Q0,WSJ891031-0138,724,0.06696563678441868,minmaxnorm
200,Q0,FR891127-0092,725,0.06671916826164424,minmaxnorm
200,Q0,WSJ910920-0009,726,0.06661784689485711,minmaxnorm
200,Q0,ZF108-335-052,727,0.06647111523221345,minmaxnorm
200,Q0,WSJ910705-0053,728,0.06641545325528368,minmaxnorm
200,Q0,WSJ871106-0152,729,0.06627190774030126,minmaxnorm
200,Q0,FR89627-0049,730,0.06624482163706638,minmaxnorm
200,Q0,FR881110-0074,731,0.06577267610254342,minmaxnorm
200,Q0,WSJ880104-0022,732,0.06553711457319639,minmaxnorm
200,Q0,WSJ880304-0185,733,0.06541672270272125,minmaxnorm
200,Q0,AP880311-0044,734,0.06539674259818248,minmaxnorm
200,Q0,DOE1-39-0957,735,0.06539282120775862,minmaxnorm
200,Q0,WSJ881011-0073,736,0.06534140091374613,minmaxnorm
200,Q0,WSJ910114-0107,737,0.0653013602158921,minmaxnorm
200,Q0,WSJ891006-0070,738,0.06529985641207882,minmaxnorm
200,Q0,WSJ880426-0063,739,0.06529407004185217,minmaxnorm
200,Q0,WSJ920316-0108,740,0.06497359983081467,minmaxnorm
200,Q0,WSJ890920-0160,741,0.06490995085380835,minmaxnorm
200,Q0,AP880901-0216,742,0.06461730932654527,minmaxnorm
200,Q0,DOE1-33-0392,743,0.06451846734330977,minmaxnorm
200,Q0,AP880513-0289,744,0.06450895774944136,minmaxnorm
200,Q0,FR881202-0053,745,0.06449107534733424,minmaxnorm
200,Q0,WSJ870107-0058,746,0.06404318546644619,minmaxnorm
200,Q0,WSJ870902-0106,747,0.064020908482164,minmaxnorm
200,Q0,AP881027-0247,748,0.06396111216877697,minmaxnorm
200,Q0,AP880301-0099,749,0.06372332057565173,minmaxnorm
200,Q0,FR88926-0056,750,0.06368051937406484,minmaxnorm
200,Q0,ZF207-700-236,751,0.06343664248578317,minmaxnorm
200,Q0,WSJ880602-0107,752,0.06261345454922214,minmaxnorm
200,Q0,WSJ880406-0100,753,0.06253896745622459,minmaxnorm
200,Q0,FR88506-0045,754,0.062384776799295896,minmaxnorm
200,Q0,AP890406-0228,755,0.06232321308012791,minmaxnorm
200,Q0,WSJ880125-0058,756,0.06227714673134571,minmaxnorm
200,Q0,WSJ871223-0157,757,0.06226178740517291,minmaxnorm
200,Q0,WSJ861218-0071,758,0.062259853159610724,minmaxnorm
200,Q0,DOE1-88-0872,759,0.06208571127638461,minmaxnorm
200,Q0,WSJ880902-0105,760,0.061794690439951915,minmaxnorm
200,Q0,WSJ910503-0181,761,0.06164769488917734,minmaxnorm
200,Q0,WSJ920323-0079,762,0.06157235325357227,minmaxnorm
200,Q0,DOE1-85-0812,763,0.06154275568887696,minmaxnorm
200,Q0,WSJ910903-0069,764,0.06152868362359612,minmaxnorm
200,Q0,DOE1-34-0129,765,0.061286681315743566,minmaxnorm
200,Q0,DOE1-15-0714,766,0.06117880877397067,minmaxnorm
200,Q0,WSJ920109-0053,767,0.061089018022568865,minmaxnorm
200,Q0,AP880317-0286,768,0.06097367329629079,minmaxnorm
200,Q0,AP881015-0078,769,0.06094589749875744,minmaxnorm
200,Q0,WSJ910208-0011,770,0.06063777862491219,minmaxnorm
200,Q0,WSJ880614-0135,771,0.060579103179508355,minmaxnorm
200,Q0,WSJ880602-0035,772,0.06049655005506949,minmaxnorm
200,Q0,ZF108-611-696,773,0.06037797437102512,minmaxnorm
200,Q0,FR89706-0073,774,0.060304542199768905,minmaxnorm
200,Q0,WSJ910521-0112,775,0.06001684206227214,minmaxnorm
200,Q0,AP891017-0273,776,0.059975422911714,minmaxnorm
200,Q0,WSJ890831-0126,777,0.05977983058514185,minmaxnorm
200,Q0,AP880906-0218,778,0.05961653528655493,minmaxnorm
200,Q0,FR88718-0033,779,0.05927573719747703,minmaxnorm
200,Q0,WSJ920103-0094,780,0.0590549469714601,minmaxnorm
200,Q0,WSJ911106-0007,781,0.05901643567660335,minmaxnorm
200,Q0,WSJ910409-0088,782,0.058967122332986045,minmaxnorm
200,Q0,WSJ870528-0112,783,0.058584796841087985,minmaxnorm
200,Q0,ZF207-116-968,784,0.05853694656612621,minmaxnorm
200,Q0,FR88114-0035,785,0.058524350750774265,minmaxnorm
200,Q0,WSJ880518-0010,786,0.05843106775057446,minmaxnorm
200,Q0,AP880801-0024,787,0.05836047974028773,minmaxnorm
200,Q0,WSJ880330-0110,788,0.058358238248914486,minmaxnorm
200,Q0,ZF207-853-784,789,0.058301344254288935,minmaxnorm
200,Q0,WSJ880725-0134,790,0.05819166728707599,minmaxnorm
200,Q0,WSJ870703-0146,791,0.05817292839661059,minmaxnorm
200,Q0,ZF207-246-125,792,0.05801485616527916,minmaxnorm
200,Q0,WSJ910708-0077,793,0.0579803324421833,minmaxnorm
200,Q0,WSJ880504-0082,794,0.057767615294564686,minmaxnorm
200,Q0,FR89201-0119,795,0.05774535029372841,minmaxnorm
200,Q0,WSJ880426-0012,796,0.05768309586639857,minmaxnorm
200,Q0,WSJ880803-0009,797,0.0576221723846579,minmaxnorm
200,Q0,ZF207-365-116,798,0.05740766778896516,minmaxnorm
200,Q0,WSJ880427-0003,799,0.05727463457521973,minmaxnorm
200,Q0,FR88115-0044,800,0.05726688507134625,minmaxnorm
200,Q0,WSJ861218-0024,801,0.05721222111088385,minmaxnorm
200,Q0,AP881005-0256,802,0.05721212164863179,minmaxnorm
200,Q0,ZF207-948-844,803,0.05718582390458071,minmaxnorm
200,Q0,FR88120-0097,804,0.05711977212570247,minmaxnorm
200,Q0,DOE1-57-0577,805,0.05708818493450146,minmaxnorm
200,Q0,WSJ910910-0082,806,0.057044678102198196,minmaxnorm
200,Q0,AP880625-0032,807,0.05699061068253004,minmaxnorm
200,Q0,WSJ880210-0118,808,0.05681614578459369,minmaxnorm
200,Q0,WSJ910403-0025,809,0.056717468741358815,minmaxnorm
200,Q0,ZF207-912-828,810,0.05669936879167344,minmaxnorm
200,Q0,WSJ910709-0020,811,0.05658547933777322,minmaxnorm
200,Q0,WSJ871005-0157,812,0.056448374730526586,minmaxnorm
200,Q0,WSJ910927-0086,813,0.05637993806890791,minmaxnorm
200,Q0,WSJ910603-0065,814,0.05637088124584194,minmaxnorm
200,Q0,AP880510-0009,815,0.05631854361405232,minmaxnorm
200,Q0,DOE2-09-0853,816,0.05625837444662626,minmaxnorm
200,Q0,AP880607-0250,817,0.056192289908396156,minmaxnorm
200,Q0,WSJ891026-0134,818,0.05613473972159291,minmaxnorm
200,Q0,DOE2-18-1181,819,0.056128956453517086,minmaxnorm
200,Q0,WSJ880929-0117,820,0.056089014814646995,minmaxnorm
200,Q0,DOE2-64-1233,821,0.05608331212921622,minmaxnorm
200,Q0,DOE1-39-0956,822,0.05603364138852572,minmaxnorm
200,Q0,FR891003-0062,823,0.055945003458650285,minmaxnorm
200,Q0,WSJ910809-0086,824,0.05591753380285139,minmaxnorm
200,Q0,AP891216-0082,825,0.05574126844308899,minmaxnorm
200,Q0,AP881118-0024,826,0.05569692673044568,minmaxnorm
200,Q0,WSJ900917-0176,827,0.05559482817265109,minmaxnorm
200,Q0,WSJ920113-0060,828,0.05553009322233379,minmaxnorm
200,Q0,WSJ870723-0146,829,0.05543058813486158,minmaxnorm
200,Q0,WSJ910308-0078,830,0.05529395311863859,minmaxnorm
200,Q0,WSJ910806-0120,831,0.05527339215126349,minmaxnorm
200,Q0,WSJ900517-0080,832,0.055254988319577945,minmaxnorm
200,Q0,WSJ900809-0072,833,0.055125645180871326,minmaxnorm
200,Q0,WSJ910304-0122,834,0.05510120634671621,minmaxnorm
200,Q0,FR881122-0023,835,0.05502893050722262,minmaxnorm
200,Q0,WSJ871118-0076,836,0.054726347969129154,minmaxnorm
200,Q0,DOE1-28-0796,837,0.05452329812904709,minmaxnorm
200,Q0,AP880718-0115,838,0.05450245440616503,minmaxnorm
200,Q0,AP880325-0265,839,0.05448847480394624,minmaxnorm
200,Q0,WSJ880315-0003,840,0.05444652437628364,minmaxnorm
200,Q0,WSJ870428-0130,841,0.05431280730941977,minmaxnorm
200,Q0,AP880228-0078,842,0.054004004870703864,minmaxnorm
200,Q0,FR88726-0056,843,0.053968199694018136,minmaxnorm
200,Q0,DOE1-45-0462,844,0.05387736060588452,minmaxnorm
200,Q0,DOE2-09-0905,845,0.053791966123761005,minmaxnorm
200,Q0,WSJ870521-0025,846,0.05376180279749734,minmaxnorm
200,Q0,FR89503-0098,847,0.05353976845620165,minmaxnorm
200,Q0,WSJ911127-0048,848,0.05341882496100186,minmaxnorm
200,Q0,AP890605-0071,849,0.05327414450024935,minmaxnorm
200,Q0,FR89518-0044,850,0.053259349174723664,minmaxnorm
200,Q0,AP891102-0298,851,0.05317920363668827,minmaxnorm
200,Q0,WSJ880412-0141,852,0.0528907016785038,minmaxnorm
200,Q0,DOE1-42-0127,853,0.05285183388958154,minmaxnorm
200,Q0,WSJ920121-0148,854,0.052810695271575114,minmaxnorm
200,Q0,WSJ910411-0062,855,0.05275213596425636,minmaxnorm
200,Q0,WSJ880225-0078,856,0.052751759556912886,minmaxnorm
200,Q0,WSJ890726-0100,857,0.052724191307208845,minmaxnorm
200,Q0,FR89719-0125,858,0.05259892682056756,minmaxnorm
200,Q0,AP880310-0133,859,0.052553510332881845,minmaxnorm
200,Q0,WSJ870121-0149,860,0.05251505092189988,minmaxnorm
200,Q0,WSJ880405-0107,861,0.05249207907428385,minmaxnorm
200,Q0,AP891031-0042,862,0.052486846603604344,minmaxnorm
200,Q0,AP881201-0015,863,0.05230115149592967,minmaxnorm
200,Q0,ZF207-636-738,864,0.05223462730774634,minmaxnorm
200,Q0,FR89928-0050,865,0.05209321090383749,minmaxnorm
200,Q0,AP880215-0034,866,0.05203659120477233,minmaxnorm
200,Q0,WSJ910626-0076,867,0.05193355603439412,minmaxnorm
200,Q0,WSJ880329-0066,868,0.051711437537166324,minmaxnorm
200,Q0,ZF207-333-228,869,0.05167937507572436,minmaxnorm
200,Q0,ZF108-819-946,870,0.05165428931933307,minmaxnorm
200,Q0,WSJ900831-0161,871,0.05165416960201078,minmaxnorm
200,Q0,WSJ870918-0055,872,0.05151939672467084,minmaxnorm
200,Q0,WSJ891018-0118,873,0.05149607979569334,minmaxnorm
200,Q0,WSJ870701-0187,874,0.051490668443813545,minmaxnorm
200,Q0,FR89418-0048,875,0.05122980441272203,minmaxnorm
200,Q0,FR88906-0037,876,0.0511658764208609,minmaxnorm
200,Q0,FR88205-0046,877,0.0510733404030441,minmaxnorm
200,Q0,WSJ911220-0021,878,0.05102967940779611,minmaxnorm
200,Q0,WSJ900831-0024,879,0.05097497180648759,minmaxnorm
200,Q0,WSJ910409-0135,880,0.05090158525473994,minmaxnorm
200,Q0,WSJ871110-0052,881,0.05074685926131383,minmaxnorm
200,Q0,DOE2-47-0882,882,0.05071958637904772,minmaxnorm
200,Q0,WSJ871117-0048,883,0.05059048234928981,minmaxnorm
200,Q0,AP880224-0031,884,0.050587336441477226,minmaxnorm
200,Q0,FR89518-0041,885,0.05052620661231593,minmaxnorm
200,Q0,WSJ890908-0148,886,0.050487167839704986,minmaxnorm
200,Q0,WSJ880422-0187,887,0.05043952883563507,minmaxnorm
200,Q0,AP890223-0253,888,0.05032753686006524,minmaxnorm
200,Q0,FR89201-0124,889,0.05022534836843809,minmaxnorm
200,Q0,ZF108-579-642,890,0.05014026319871418,minmaxnorm
200,Q0,WSJ870204-0043,891,0.050079661156571635,minmaxnorm
200,Q0,WSJ870527-0109,892,0.04996137926286563,minmaxnorm
200,Q0,AP881121-0229,893,0.049902701875671494,minmaxnorm
200,Q0,AP881012-0245,894,0.049801796118479826,minmaxnorm
200,Q0,WSJ920221-0033,895,0.049660511310232205,minmaxnorm
200,Q0,WSJ870106-0115,896,0.04962147502335301,minmaxnorm
200,Q0,AP880526-0281,897,0.049441671950733714,minmaxnorm
200,Q0,AP890215-0016,898,0.04940766403024254,minmaxnorm
200,Q0,WSJ880104-0037,899,0.04939919074044294,minmaxnorm
200,Q0,FR89818-0070,900,0.049210822531455096,minmaxnorm
200,Q0,ZF207-758-566,901,0.04918557563058074,minmaxnorm
200,Q0,WSJ910820-0104,902,0.04917867151561506,minmaxnorm
200,Q0,FR881110-0018,903,0.049060466626655114,minmaxnorm
200,Q0,DOE1-77-0129,904,0.048955867895602176,minmaxnorm
200,Q0,WSJ880510-0101,905,0.048873512608574504,minmaxnorm
200,Q0,WSJ910304-0111,906,0.04887319195433808,minmaxnorm
200,Q0,FR88718-0109,907,0.04876359581899714,minmaxnorm
200,Q0,WSJ880212-0135,908,0.04872097040851276,minmaxnorm
200,Q0,AP881003-0118,909,0.04871959435600964,minmaxnorm
200,Q0,AP880314-0303,910,0.04871443345632827,minmaxnorm
200,Q0,WSJ910301-0155,911,0.048674410456426266,minmaxnorm
200,Q0,WSJ900504-0164,912,0.04863959800922895,minmaxnorm
200,Q0,WSJ870211-0027,913,0.04859176759712682,minmaxnorm
200,Q0,DOE1-63-0710,914,0.048416073081874,minmaxnorm
200,Q0,WSJ871030-0003,915,0.048311603680141285,minmaxnorm
200,Q0,FR891106-0062,916,0.04828344565383702,minmaxnorm
200,Q0,WSJ891023-0080,917,0.0482785116091015,minmaxnorm
200,Q0,WSJ911021-0132,918,0.04818968895015282,minmaxnorm
200,Q0,WSJ870410-0049,919,0.04792732248093304,minmaxnorm
200,Q0,WSJ910128-0111,920,0.04785829376592839,minmaxnorm
200,Q0,WSJ870427-0012,921,0.04776760209141525,minmaxnorm
200,Q0,WSJ900411-0005,922,0.04763923910783992,minmaxnorm
200,Q0,AP880317-0034,923,0.04750246234514522,minmaxnorm
200,Q0,WSJ880330-0034,924,0.04715363558851725,minmaxnorm
200,Q0,FR88719-0056,925,0.047100556329001356,minmaxnorm
200,Q0,WSJ890928-0092,926,0.04708246700328142,minmaxnorm
200,Q0,WSJ870203-0050,927,0.04704808304474218,minmaxnorm
200,Q0,WSJ910605-0038,928,0.047008960519243706,minmaxnorm
200,Q0,FR89119-0111,929,0.04683581834366458,minmaxnorm
200,Q0,WSJ910304-0109,930,0.04664564891009375,minmaxnorm
200,Q0,DOE2-19-1156,931,0.046555377298662534,minmaxnorm
200,Q0,AP890117-0250,932,0.046538975087054534,minmaxnorm
200,Q0,DOE1-32-0618,933,0.046464289944155836,minmaxnorm
200,Q0,FR89503-0089,934,0.04636513495733795,minmaxnorm
200,Q0,FR88816-0040,935,0.04628607505093092,minmaxnorm
200,Q0,FR89314-0108,936,0.04627181833157888,minmaxnorm
200,Q0,FR89418-0033,937,0.04621117919129652,minmaxnorm
200,Q0,WSJ870928-0132,938,0.046202822952727214,minmaxnorm
200,Q0,WSJ881028-0137,939,0.046046278287220105,minmaxnorm
200,Q0,WSJ880412-0063,940,0.04593515478017295,minmaxnorm
200,Q0,DOE1-79-0463,941,0.045888992410918206,minmaxnorm
200,Q0,AP881116-0001,942,0.0458758222021933,minmaxnorm
200,Q0,DOE2-23-0628,943,0.0458607367609941,minmaxnorm
200,Q0,WSJ910715-0053,944,0.04577482336782234,minmaxnorm
200,Q0,WSJ890922-0106,945,0.04574274989160673,minmaxnorm
200,Q0,WSJ910719-0123,946,0.04555111111383901,minmaxnorm
200,Q0,WSJ911219-0134,947,0.045531618335940285,minmaxnorm
200,Q0,AP880423-0186,948,0.04551178774171161,minmaxnorm
200,Q0,WSJ880706-0097,949,0.04549939846796715,minmaxnorm
200,Q0,WSJ881021-0084,950,0.04548678270774753,minmaxnorm
200,Q0,AP881102-0276,951,0.045403193449465765,minmaxnorm
200,Q0,FR88225-0054,952,0.04514606349509956,minmaxnorm
200,Q0,FR89227-0037,953,0.04511010717872941,minmaxnorm
200,Q0,AP881017-0271,954,0.04510235440686995,minmaxnorm
200,Q0,AP880627-0188,955,0.045101813957235976,minmaxnorm
200,Q0,DOE1-32-0503,956,0.04507272934765756,minmaxnorm
200,Q0,WSJ920117-0074,957,0.04506737317768262,minmaxnorm
200,Q0,DOE2-44-0036,958,0.04491867605168774,minmaxnorm
200,Q0,DOE2-82-0911,959,0.04487963724049081,minmaxnorm
200,Q0,WSJ870303-0004,960,0.04478946913909537,minmaxnorm
200,Q0,WSJ891019-0022,961,0.04476689965920862,minmaxnorm
200,Q0,WSJ880226-0055,962,0.04471077669016347,minmaxnorm
200,Q0,WSJ891003-0179,963,0.044706119063872014,minmaxnorm
200,Q0,WSJ910729-0169,964,0.04457605227399286,minmaxnorm
200,Q0,AP881001-0105,965,0.044550558037275964,minmaxnorm
200,Q0,AP880411-0283,966,0.04432934091888141,minmaxnorm
200,Q0,WSJ881017-0167,967,0.044300462908979155,minmaxnorm
200,Q0,FR88701-0063,968,0.04429395248436886,minmaxnorm
200,Q0,DOE1-21-0480,969,0.04422192920017513,minmaxnorm
200,Q0,ZF207-420-578,970,0.04384114763181385,minmaxnorm
200,Q0,FR89531-0118,971,0.04365130988250321,minmaxnorm
200,Q0,WSJ911217-0113,972,0.043596076889925346,minmaxnorm
200,Q0,ZF109-732-481,973,0.043430709847044044,minmaxnorm
200,Q0,ZF207-513-476,974,0.04341638693483514,minmaxnorm
200,Q0,FR88712-0091,975,0.04327520718562623,minmaxnorm
200,Q0,DOE2-33-1353,976,0.04319774174553549,minmaxnorm
200,Q0,AP880401-0293,977,0.04313976878998388,minmaxnorm
200,Q0,AP880908-0293,978,0.04313584634109795,minmaxnorm
200,Q0,FR89524-0036,979,0.04306333959237726,minmaxnorm
200,Q0,DOE2-75-0960,980,0.04296532671371524,minmaxnorm
200,Q0,WSJ910402-0114,981,0.04293949154469403,minmaxnorm
200,Q0,WSJ881004-0140,982,0.04292934962101943,minmaxnorm
200,Q0,AP880229-0095,983,0.0428610249304566,minmaxnorm
200,Q0,WSJ900914-0103,984,0.04281863232332237,minmaxnorm
200,Q0,WSJ871203-0066,985,0.04272387851668232,minmaxnorm
200,Q0,WSJ871218-0154,986,0.04272248318419754,minmaxnorm
200,Q0,AP880617-0060,987,0.042696227291871426,minmaxnorm
200,Q0,AP890306-0016,988,0.04266159533206522,minmaxnorm
200,Q0,FR88614-0154,989,0.042568487129085536,minmaxnorm
200,Q0,WSJ880613-0066,990,0.042549140427885775,minmaxnorm
200,Q0,FR88607-0109,991,0.04253638729821189,minmaxnorm
200,Q0,AP891026-0027,992,0.042467601342015736,minmaxnorm
200,Q0,AP880909-0217,993,0.042339189666301784,minmaxnorm
200,Q0,WSJ870813-0075,994,0.0423048052005111,minmaxnorm
200,Q0,WSJ870403-0054,995,0.04227462189522544,minmaxnorm
200,Q0,AP881031-0317,996,0.04225217197318584,minmaxnorm
200,Q0,WSJ891010-0094,997,0.042236772237803095,minmaxnorm
200,Q0,AP881028-0261,998,0.04220983487878486,minmaxnorm
200,Q0,WSJ890727-0091,999,0.04216202655640616,minmaxnorm
200,Q0,WSJ911028-0078,1000,0.04208262478165426,minmaxnorm
