query,q0,docid,rank,score,system
158,Q0,WSJ911031-0012,1,2.5353934800888975,reciprocal_rank_fusion_k=60
158,Q0,WSJ910114-0137,2,2.503883732535756,reciprocal_rank_fusion_k=60
158,Q0,WSJ911115-0150,3,2.4346009930302706,reciprocal_rank_fusion_k=60
158,Q0,WSJ900530-0136,4,2.354332088338699,reciprocal_rank_fusion_k=60
158,Q0,WSJ900705-0084,5,2.3188519248462596,reciprocal_rank_fusion_k=60
158,Q0,WSJ920213-0110,6,2.2577714553026915,reciprocal_rank_fusion_k=60
158,Q0,WSJ900619-0064,7,2.1662419288743977,reciprocal_rank_fusion_k=60
158,Q0,WSJ920306-0178,8,2.1611874873037045,reciprocal_rank_fusion_k=60
158,Q0,WSJ900705-0103,9,2.1500461417792196,reciprocal_rank_fusion_k=60
158,Q0,WSJ910717-0001,10,2.11272869380087,reciprocal_rank_fusion_k=60
158,Q0,WSJ920102-0135,11,2.0792256749474025,reciprocal_rank_fusion_k=60
158,Q0,WSJ900914-0093,12,1.9761133455959596,reciprocal_rank_fusion_k=60
158,Q0,WSJ900418-0193,13,1.9115382493383442,reciprocal_rank_fusion_k=60
158,Q0,WSJ910801-0110,14,1.9065987541152112,reciprocal_rank_fusion_k=60
158,Q0,WSJ911025-0042,15,1.8310036779364836,reciprocal_rank_fusion_k=60
158,Q0,WSJ880919-0128,16,1.8180391669671443,reciprocal_rank_fusion_k=60
158,Q0,WSJ911202-0109,17,1.800049018857072,reciprocal_rank_fusion_k=60
158,Q0,WSJ910619-0101,18,1.7475496454918764,reciprocal_rank_fusion_k=60
158,Q0,WSJ910718-0143,19,1.6812418238798237,reciprocal_rank_fusion_k=60
158,Q0,WSJ910920-0173,20,1.648950479262951,reciprocal_rank_fusion_k=60
158,Q0,WSJ880922-0166,21,1.6478833084710938,reciprocal_rank_fusion_k=60
158,Q0,WSJ871218-0175,22,1.6348583268753458,reciprocal_rank_fusion_k=60
158,Q0,WSJ920310-0170,23,1.5914613084190912,reciprocal_rank_fusion_k=60
158,Q0,WSJ911011-0115,24,1.5560660502244357,reciprocal_rank_fusion_k=60
158,Q0,WSJ910823-0086,25,1.542084704976095,reciprocal_rank_fusion_k=60
158,Q0,WSJ911029-0073,26,1.4552970369636844,reciprocal_rank_fusion_k=60
158,Q0,WSJ911224-0085,27,1.4372649382775602,reciprocal_rank_fusion_k=60
158,Q0,WSJ910411-0005,28,1.4014671850477098,reciprocal_rank_fusion_k=60
158,Q0,WSJ910528-0075,29,1.368436297789605,reciprocal_rank_fusion_k=60
158,Q0,WSJ900927-0066,30,1.2782479580872081,reciprocal_rank_fusion_k=60
158,Q0,WSJ870916-0125,31,1.2712079641143437,reciprocal_rank_fusion_k=60
158,Q0,WSJ911104-0096,32,1.2648886730040403,reciprocal_rank_fusion_k=60
158,Q0,AP890703-0029,33,1.2161920178311025,reciprocal_rank_fusion_k=60
158,Q0,WSJ870327-0109,34,1.2151713744454646,reciprocal_rank_fusion_k=60
158,Q0,WSJ911115-0121,35,1.1829445847120676,reciprocal_rank_fusion_k=60
158,Q0,WSJ920124-0117,36,1.1745605101202838,reciprocal_rank_fusion_k=60
158,Q0,WSJ900424-0008,37,1.168676459174474,reciprocal_rank_fusion_k=60
158,Q0,WSJ880526-0115,38,1.1634558130890555,reciprocal_rank_fusion_k=60
158,Q0,WSJ910806-0069,39,1.1459529511313538,reciprocal_rank_fusion_k=60
158,Q0,WSJ920103-0037,40,1.1400626056091598,reciprocal_rank_fusion_k=60
158,Q0,AP881023-0094,41,1.1030042733031473,reciprocal_rank_fusion_k=60
158,Q0,WSJ880222-0078,42,1.0755573839907044,reciprocal_rank_fusion_k=60
158,Q0,WSJ910801-0107,43,1.0250345441239272,reciprocal_rank_fusion_k=60
158,Q0,AP880808-0152,44,0.9905487456834282,reciprocal_rank_fusion_k=60
158,Q0,AP890628-0041,45,0.9594317866609713,reciprocal_rank_fusion_k=60
158,Q0,WSJ900920-0077,46,0.9479160755765145,reciprocal_rank_fusion_k=60
158,Q0,WSJ910418-0112,47,0.9130581032582819,reciprocal_rank_fusion_k=60
158,Q0,WSJ920106-0032,48,0.8996242426222173,reciprocal_rank_fusion_k=60
158,Q0,FR89712-0095,49,0.8977844232046573,reciprocal_rank_fusion_k=60
158,Q0,WSJ911016-0125,50,0.8709388269302687,reciprocal_rank_fusion_k=60
158,Q0,WSJ891026-0061,51,0.8518210671586882,reciprocal_rank_fusion_k=60
158,Q0,WSJ911120-0084,52,0.8514245236721802,reciprocal_rank_fusion_k=60
158,Q0,WSJ880805-0167,53,0.8435258457052808,reciprocal_rank_fusion_k=60
158,Q0,WSJ911030-0008,54,0.8431763451606862,reciprocal_rank_fusion_k=60
158,Q0,AP890116-0081,55,0.839769735643724,reciprocal_rank_fusion_k=60
158,Q0,WSJ911007-0188,56,0.8394372956483406,reciprocal_rank_fusion_k=60
158,Q0,WSJ870515-0045,57,0.8187115882484323,reciprocal_rank_fusion_k=60
158,Q0,WSJ870120-0109,58,0.8172128566064721,reciprocal_rank_fusion_k=60
158,Q0,WSJ870107-0072,59,0.7949840130812047,reciprocal_rank_fusion_k=60
158,Q0,FR88822-0075,60,0.7825784320960377,reciprocal_rank_fusion_k=60
158,Q0,AP890519-0029,61,0.782482984310495,reciprocal_rank_fusion_k=60
158,Q0,AP881023-0084,62,0.7776230944911897,reciprocal_rank_fusion_k=60
158,Q0,WSJ880503-0101,63,0.7685716085850105,reciprocal_rank_fusion_k=60
158,Q0,WSJ880415-0135,64,0.7680505169329075,reciprocal_rank_fusion_k=60
158,Q0,WSJ900612-0109,65,0.761829992852147,reciprocal_rank_fusion_k=60
158,Q0,AP890923-0045,66,0.7594013559641203,reciprocal_rank_fusion_k=60
158,Q0,AP881126-0089,67,0.7531541377164007,reciprocal_rank_fusion_k=60
158,Q0,WSJ911028-0178,68,0.7525940737786277,reciprocal_rank_fusion_k=60
158,Q0,WSJ911108-0154,69,0.7389259957146102,reciprocal_rank_fusion_k=60
158,Q0,AP880227-0095,70,0.7335802684463367,reciprocal_rank_fusion_k=60
158,Q0,WSJ880502-0145,71,0.7293615693803309,reciprocal_rank_fusion_k=60
158,Q0,WSJ890731-0065,72,0.7255945016534365,reciprocal_rank_fusion_k=60
158,Q0,WSJ900608-0009,73,0.7135001110669826,reciprocal_rank_fusion_k=60
158,Q0,FR88609-0021,74,0.6912934188976058,reciprocal_rank_fusion_k=60
158,Q0,WSJ881109-0094,75,0.6908503877655644,reciprocal_rank_fusion_k=60
158,Q0,WSJ881027-0052,76,0.6884566125444701,reciprocal_rank_fusion_k=60
158,Q0,AP890518-0158,77,0.6875108154001526,reciprocal_rank_fusion_k=60
158,Q0,WSJ880212-0114,78,0.6820871983055031,reciprocal_rank_fusion_k=60
158,Q0,WSJ920310-0115,79,0.6805410394301971,reciprocal_rank_fusion_k=60
158,Q0,AP890628-0100,80,0.6791574506134319,reciprocal_rank_fusion_k=60
158,Q0,AP890106-0253,81,0.6758983165978342,reciprocal_rank_fusion_k=60
158,Q0,AP880302-0044,82,0.6750968908759829,reciprocal_rank_fusion_k=60
158,Q0,AP890204-0106,83,0.6622713931140689,reciprocal_rank_fusion_k=60
158,Q0,AP880625-0149,84,0.6612003569884405,reciprocal_rank_fusion_k=60
158,Q0,AP880520-0060,85,0.6568673129717058,reciprocal_rank_fusion_k=60
158,Q0,AP880512-0169,86,0.6529934795529999,reciprocal_rank_fusion_k=60
158,Q0,WSJ861216-0171,87,0.6480458906278973,reciprocal_rank_fusion_k=60
158,Q0,WSJ911105-0029,88,0.6472942742889666,reciprocal_rank_fusion_k=60
158,Q0,WSJ910104-0032,89,0.6362312759943036,reciprocal_rank_fusion_k=60
158,Q0,WSJ900621-0081,90,0.6343408196604314,reciprocal_rank_fusion_k=60
158,Q0,AP890628-0111,91,0.6341688374542944,reciprocal_rank_fusion_k=60
158,Q0,AP881019-0107,92,0.629397073003178,reciprocal_rank_fusion_k=60
158,Q0,AP891024-0187,93,0.6280460361832896,reciprocal_rank_fusion_k=60
158,Q0,AP881004-0202,94,0.6247347656123078,reciprocal_rank_fusion_k=60
158,Q0,AP890206-0085,95,0.6174258634196322,reciprocal_rank_fusion_k=60
158,Q0,WSJ880916-0119,96,0.6172976087006933,reciprocal_rank_fusion_k=60
158,Q0,AP881023-0092,97,0.6170944628192763,reciprocal_rank_fusion_k=60
158,Q0,AP881226-0079,98,0.6063104688247922,reciprocal_rank_fusion_k=60
158,Q0,AP890111-0135,99,0.6034814179600515,reciprocal_rank_fusion_k=60
158,Q0,AP881227-0192,100,0.6025190276567384,reciprocal_rank_fusion_k=60
158,Q0,FR88728-0020,101,0.6020312453796246,reciprocal_rank_fusion_k=60
158,Q0,AP880402-0139,102,0.5947253906514802,reciprocal_rank_fusion_k=60
158,Q0,FR88825-0007,103,0.5840472637881103,reciprocal_rank_fusion_k=60
158,Q0,FR89417-0040,104,0.5831766134825701,reciprocal_rank_fusion_k=60
158,Q0,AP890613-0158,105,0.5809175104201636,reciprocal_rank_fusion_k=60
158,Q0,AP880429-0261,106,0.5787194030695673,reciprocal_rank_fusion_k=60
158,Q0,WSJ910528-0109,107,0.5761648404040708,reciprocal_rank_fusion_k=60
158,Q0,AP880702-0025,108,0.5753817501802415,reciprocal_rank_fusion_k=60
158,Q0,AP890202-0101,109,0.5726121834073508,reciprocal_rank_fusion_k=60
158,Q0,WSJ870921-0174,110,0.57166101736412,reciprocal_rank_fusion_k=60
158,Q0,WSJ920210-0095,111,0.5709091078530257,reciprocal_rank_fusion_k=60
158,Q0,AP881023-0096,112,0.5632178637442701,reciprocal_rank_fusion_k=60
158,Q0,FR88511-0168,113,0.5606995551980437,reciprocal_rank_fusion_k=60
158,Q0,WSJ910819-0007,114,0.5539811968319012,reciprocal_rank_fusion_k=60
158,Q0,FR88514-0001,115,0.5528247304547766,reciprocal_rank_fusion_k=60
158,Q0,WSJ911106-0109,116,0.5489877417700717,reciprocal_rank_fusion_k=60
158,Q0,WSJ870610-0014,117,0.5455278642891799,reciprocal_rank_fusion_k=60
158,Q0,WSJ911022-0104,118,0.5440910083704313,reciprocal_rank_fusion_k=60
158,Q0,WSJ870706-0085,119,0.5436760882647788,reciprocal_rank_fusion_k=60
158,Q0,WSJ891102-0080,120,0.5414677316008756,reciprocal_rank_fusion_k=60
158,Q0,WSJ891030-0090,121,0.5339154953232002,reciprocal_rank_fusion_k=60
158,Q0,FR89324-0028,122,0.5254192406502388,reciprocal_rank_fusion_k=60
158,Q0,AP890208-0029,123,0.5196099216106138,reciprocal_rank_fusion_k=60
158,Q0,AP880623-0135,124,0.5154025463843702,reciprocal_rank_fusion_k=60
158,Q0,AP890802-0248,125,0.5128988036084234,reciprocal_rank_fusion_k=60
158,Q0,WSJ880318-0121,126,0.5107044687539659,reciprocal_rank_fusion_k=60
158,Q0,AP890201-0179,127,0.5031581774222478,reciprocal_rank_fusion_k=60
158,Q0,WSJ880615-0150,128,0.5008769457212892,reciprocal_rank_fusion_k=60
158,Q0,WSJ870729-0164,129,0.4978616740089125,reciprocal_rank_fusion_k=60
158,Q0,WSJ910529-0053,130,0.49164531644666765,reciprocal_rank_fusion_k=60
158,Q0,AP890915-0032,131,0.4909218931745974,reciprocal_rank_fusion_k=60
158,Q0,AP881227-0184,132,0.4881111792060895,reciprocal_rank_fusion_k=60
158,Q0,WSJ880321-0112,133,0.4879894547632506,reciprocal_rank_fusion_k=60
158,Q0,AP890107-0002,134,0.48739924622866054,reciprocal_rank_fusion_k=60
158,Q0,WSJ870518-0091,135,0.4850901319920668,reciprocal_rank_fusion_k=60
158,Q0,FR891011-0013,136,0.4821994846573165,reciprocal_rank_fusion_k=60
158,Q0,AP890208-0036,137,0.4808983415860118,reciprocal_rank_fusion_k=60
158,Q0,FR88211-0119,138,0.4783935205949874,reciprocal_rank_fusion_k=60
158,Q0,AP890227-0245,139,0.46327994202797274,reciprocal_rank_fusion_k=60
158,Q0,WSJ920320-0126,140,0.4600845888750079,reciprocal_rank_fusion_k=60
158,Q0,AP890712-0063,141,0.459960887172036,reciprocal_rank_fusion_k=60
158,Q0,WSJ911101-0084,142,0.4585990290326064,reciprocal_rank_fusion_k=60
158,Q0,WSJ911011-0110,143,0.4569718426133265,reciprocal_rank_fusion_k=60
158,Q0,FR89307-0027,144,0.4560076289362785,reciprocal_rank_fusion_k=60
158,Q0,WSJ910619-0125,145,0.45418476538270025,reciprocal_rank_fusion_k=60
158,Q0,WSJ880321-0152,146,0.4523913312666763,reciprocal_rank_fusion_k=60
158,Q0,FR89123-0023,147,0.4517488717055819,reciprocal_rank_fusion_k=60
158,Q0,WSJ900831-0123,148,0.45021144717113293,reciprocal_rank_fusion_k=60
158,Q0,AP890325-0127,149,0.44754540664363085,reciprocal_rank_fusion_k=60
158,Q0,AP890106-0096,150,0.44741377519029657,reciprocal_rank_fusion_k=60
158,Q0,FR881006-0001,151,0.44738463499230846,reciprocal_rank_fusion_k=60
158,Q0,WSJ910522-0062,152,0.4466468433155899,reciprocal_rank_fusion_k=60
158,Q0,AP890704-0073,153,0.4455747674335313,reciprocal_rank_fusion_k=60
158,Q0,FR891124-0023,154,0.4454482601963296,reciprocal_rank_fusion_k=60
158,Q0,AP880321-0015,155,0.44220946939918265,reciprocal_rank_fusion_k=60
158,Q0,WSJ900806-0112,156,0.4420630183518939,reciprocal_rank_fusion_k=60
158,Q0,AP890410-0016,157,0.44034847873701405,reciprocal_rank_fusion_k=60
158,Q0,WSJ910718-0141,158,0.4367396299031496,reciprocal_rank_fusion_k=60
158,Q0,FR88902-0006,159,0.43377507516055214,reciprocal_rank_fusion_k=60
158,Q0,FR88809-0039,160,0.4326010925416918,reciprocal_rank_fusion_k=60
158,Q0,WSJ891005-0111,161,0.4301796941928375,reciprocal_rank_fusion_k=60
158,Q0,AP880903-0139,162,0.42849327944693033,reciprocal_rank_fusion_k=60
158,Q0,AP890211-0088,163,0.42462645197434523,reciprocal_rank_fusion_k=60
158,Q0,WSJ911028-0117,164,0.4242249120741811,reciprocal_rank_fusion_k=60
158,Q0,WSJ900522-0069,165,0.42400587001804724,reciprocal_rank_fusion_k=60
158,Q0,WSJ910912-0105,166,0.4234273493876185,reciprocal_rank_fusion_k=60
158,Q0,WSJ880527-0008,167,0.422820862337694,reciprocal_rank_fusion_k=60
158,Q0,AP890201-0127,168,0.4206210135560454,reciprocal_rank_fusion_k=60
158,Q0,FR88201-0020,169,0.4192930972224091,reciprocal_rank_fusion_k=60
158,Q0,WSJ910904-0078,170,0.4191618240822769,reciprocal_rank_fusion_k=60
158,Q0,AP890719-0029,171,0.418229432449435,reciprocal_rank_fusion_k=60
158,Q0,WSJ901221-0101,172,0.41666664582378343,reciprocal_rank_fusion_k=60
158,Q0,WSJ871210-0130,173,0.41584123592294564,reciprocal_rank_fusion_k=60
158,Q0,AP891123-0022,174,0.415666104579833,reciprocal_rank_fusion_k=60
158,Q0,WSJ880330-0165,175,0.41531542689268724,reciprocal_rank_fusion_k=60
158,Q0,AP890419-0212,176,0.4144511753391561,reciprocal_rank_fusion_k=60
158,Q0,AP880630-0109,177,0.41367265631268324,reciprocal_rank_fusion_k=60
158,Q0,WSJ900418-0085,178,0.4121805394976979,reciprocal_rank_fusion_k=60
158,Q0,WSJ920210-0086,179,0.41152511530853414,reciprocal_rank_fusion_k=60
158,Q0,WSJ871120-0157,180,0.41081903842697504,reciprocal_rank_fusion_k=60
158,Q0,AP880314-0133,181,0.40951531413692077,reciprocal_rank_fusion_k=60
158,Q0,WSJ911023-0087,182,0.4091453506306432,reciprocal_rank_fusion_k=60
158,Q0,FR88518-0136,183,0.4086985918455186,reciprocal_rank_fusion_k=60
158,Q0,WSJ911122-0126,184,0.40832580744835884,reciprocal_rank_fusion_k=60
158,Q0,WSJ911025-0091,185,0.40578075940520564,reciprocal_rank_fusion_k=60
158,Q0,AP880426-0149,186,0.40298204735407445,reciprocal_rank_fusion_k=60
158,Q0,AP881214-0247,187,0.402009979633665,reciprocal_rank_fusion_k=60
158,Q0,FR88901-0113,188,0.3996843915497096,reciprocal_rank_fusion_k=60
158,Q0,AP880904-0052,189,0.3979043631458258,reciprocal_rank_fusion_k=60
158,Q0,AP890201-0169,190,0.3976928698162236,reciprocal_rank_fusion_k=60
158,Q0,AP881023-0095,191,0.3935197978569029,reciprocal_rank_fusion_k=60
158,Q0,AP881005-0164,192,0.39351535915439545,reciprocal_rank_fusion_k=60
158,Q0,WSJ910208-0121,193,0.39260327075901774,reciprocal_rank_fusion_k=60
158,Q0,WSJ880711-0079,194,0.38965317857148296,reciprocal_rank_fusion_k=60
158,Q0,WSJ900504-0018,195,0.38963771259690316,reciprocal_rank_fusion_k=60
158,Q0,AP890627-0154,196,0.3895663355015912,reciprocal_rank_fusion_k=60
158,Q0,WSJ880307-0109,197,0.3887799898630202,reciprocal_rank_fusion_k=60
158,Q0,WSJ861218-0190,198,0.3879023620392129,reciprocal_rank_fusion_k=60
158,Q0,AP890203-0018,199,0.38728604478809003,reciprocal_rank_fusion_k=60
158,Q0,WSJ900606-0093,200,0.38644048750233595,reciprocal_rank_fusion_k=60
158,Q0,AP890923-0001,201,0.3847620040443979,reciprocal_rank_fusion_k=60
158,Q0,WSJ871103-0069,202,0.3837741173412127,reciprocal_rank_fusion_k=60
158,Q0,WSJ881012-0140,203,0.38208157894556444,reciprocal_rank_fusion_k=60
158,Q0,WSJ871104-0150,204,0.38126545078799806,reciprocal_rank_fusion_k=60
158,Q0,WSJ920211-0053,205,0.37866600851242677,reciprocal_rank_fusion_k=60
158,Q0,FR88916-0026,206,0.3784058978009913,reciprocal_rank_fusion_k=60
158,Q0,WSJ870331-0163,207,0.37765339750439253,reciprocal_rank_fusion_k=60
158,Q0,WSJ880316-0183,208,0.376742159536743,reciprocal_rank_fusion_k=60
158,Q0,AP890428-0170,209,0.37580121127311567,reciprocal_rank_fusion_k=60
158,Q0,AP881023-0106,210,0.3749854256506558,reciprocal_rank_fusion_k=60
158,Q0,WSJ900515-0101,211,0.3731403907189567,reciprocal_rank_fusion_k=60
158,Q0,WSJ911101-0087,212,0.3725534106554443,reciprocal_rank_fusion_k=60
158,Q0,WSJ870708-0068,213,0.37144281288555075,reciprocal_rank_fusion_k=60
158,Q0,AP890202-0107,214,0.3709833283427665,reciprocal_rank_fusion_k=60
158,Q0,AP880316-0026,215,0.36807434234989483,reciprocal_rank_fusion_k=60
158,Q0,WSJ911108-0133,216,0.36753891956622464,reciprocal_rank_fusion_k=60
158,Q0,WSJ870206-0074,217,0.3663312192483392,reciprocal_rank_fusion_k=60
158,Q0,AP880322-0206,218,0.36627910202960867,reciprocal_rank_fusion_k=60
158,Q0,WSJ900403-0085,219,0.36514033878360047,reciprocal_rank_fusion_k=60
158,Q0,WSJ880418-0070,220,0.3647964724200406,reciprocal_rank_fusion_k=60
158,Q0,WSJ870918-0172,221,0.3637047888578005,reciprocal_rank_fusion_k=60
158,Q0,WSJ911107-0013,222,0.36164422191983864,reciprocal_rank_fusion_k=60
158,Q0,DOE1-70-0988,223,0.35932844258694,reciprocal_rank_fusion_k=60
158,Q0,AP881227-0084,224,0.35603498567088504,reciprocal_rank_fusion_k=60
158,Q0,WSJ911107-0077,225,0.35583707788473984,reciprocal_rank_fusion_k=60
158,Q0,WSJ870604-0120,226,0.35480857547731176,reciprocal_rank_fusion_k=60
158,Q0,AP880606-0199,227,0.35336653116646605,reciprocal_rank_fusion_k=60
158,Q0,WSJ911004-0120,228,0.35238859834423886,reciprocal_rank_fusion_k=60
158,Q0,WSJ880526-0146,229,0.3513089307160037,reciprocal_rank_fusion_k=60
158,Q0,AP890713-0302,230,0.3512827770158667,reciprocal_rank_fusion_k=60
158,Q0,WSJ870115-0036,231,0.35073266697479055,reciprocal_rank_fusion_k=60
158,Q0,FR88516-0128,232,0.34966473476466503,reciprocal_rank_fusion_k=60
158,Q0,FR89307-0025,233,0.34863886440893266,reciprocal_rank_fusion_k=60
158,Q0,AP880420-0027,234,0.3480307120330324,reciprocal_rank_fusion_k=60
158,Q0,AP880525-0046,235,0.3470059548710876,reciprocal_rank_fusion_k=60
158,Q0,AP890803-0123,236,0.3465106342767342,reciprocal_rank_fusion_k=60
158,Q0,AP890718-0145,237,0.3460562791471616,reciprocal_rank_fusion_k=60
158,Q0,WSJ880701-0145,238,0.3443498919951975,reciprocal_rank_fusion_k=60
158,Q0,AP890514-0007,239,0.3438939505074196,reciprocal_rank_fusion_k=60
158,Q0,WSJ870520-0096,240,0.3413277799338373,reciprocal_rank_fusion_k=60
158,Q0,FR88923-0147,241,0.341119527381806,reciprocal_rank_fusion_k=60
158,Q0,WSJ870629-0156,242,0.34031427474161574,reciprocal_rank_fusion_k=60
158,Q0,AP881022-0052,243,0.3389314641731005,reciprocal_rank_fusion_k=60
158,Q0,WSJ871112-0008,244,0.3382339050696748,reciprocal_rank_fusion_k=60
158,Q0,WSJ871228-0031,245,0.33707524074762696,reciprocal_rank_fusion_k=60
158,Q0,AP890418-0095,246,0.3366359039853062,reciprocal_rank_fusion_k=60
158,Q0,AP891207-0073,247,0.33653027418138076,reciprocal_rank_fusion_k=60
158,Q0,WSJ870616-0149,248,0.33633276768603143,reciprocal_rank_fusion_k=60
158,Q0,WSJ880718-0077,249,0.32887949133605016,reciprocal_rank_fusion_k=60
158,Q0,AP880929-0129,250,0.32844075737529577,reciprocal_rank_fusion_k=60
158,Q0,WSJ911212-0080,251,0.3220850633862073,reciprocal_rank_fusion_k=60
158,Q0,FR88725-0018,252,0.3218997867983209,reciprocal_rank_fusion_k=60
158,Q0,WSJ871013-0123,253,0.3215164481564067,reciprocal_rank_fusion_k=60
158,Q0,FR89131-0031,254,0.32111934997068664,reciprocal_rank_fusion_k=60
158,Q0,AP881008-0076,255,0.3202184344739328,reciprocal_rank_fusion_k=60
158,Q0,AP880601-0043,256,0.3200752632133484,reciprocal_rank_fusion_k=60
158,Q0,WSJ870730-0059,257,0.3194932166772465,reciprocal_rank_fusion_k=60
158,Q0,AP880727-0009,258,0.31895476784226195,reciprocal_rank_fusion_k=60
158,Q0,WSJ870304-0076,259,0.3184027426135823,reciprocal_rank_fusion_k=60
158,Q0,AP881003-0118,260,0.3172265950179295,reciprocal_rank_fusion_k=60
158,Q0,AP880520-0193,261,0.3169854566938307,reciprocal_rank_fusion_k=60
158,Q0,AP880826-0254,262,0.3164194213003851,reciprocal_rank_fusion_k=60
158,Q0,WSJ870810-0058,263,0.31557494154475213,reciprocal_rank_fusion_k=60
158,Q0,ZF107-920-998,264,0.31510522272083596,reciprocal_rank_fusion_k=60
158,Q0,WSJ900509-0097,265,0.3134391791923759,reciprocal_rank_fusion_k=60
158,Q0,WSJ880613-0113,266,0.3125987273442698,reciprocal_rank_fusion_k=60
158,Q0,WSJ880210-0161,267,0.3118197576648377,reciprocal_rank_fusion_k=60
158,Q0,WSJ890918-0050,268,0.3106157082747103,reciprocal_rank_fusion_k=60
158,Q0,AP880809-0187,269,0.31025565279892087,reciprocal_rank_fusion_k=60
158,Q0,WSJ870511-0143,270,0.3098473496487131,reciprocal_rank_fusion_k=60
158,Q0,AP881021-0198,271,0.3096574942764994,reciprocal_rank_fusion_k=60
158,Q0,WSJ861211-0175,272,0.30809431489502964,reciprocal_rank_fusion_k=60
158,Q0,WSJ900619-0102,273,0.3080714405907817,reciprocal_rank_fusion_k=60
158,Q0,WSJ880302-0100,274,0.3068421433421737,reciprocal_rank_fusion_k=60
158,Q0,AP880824-0102,275,0.3066736173928719,reciprocal_rank_fusion_k=60
158,Q0,WSJ880307-0087,276,0.3063137953544981,reciprocal_rank_fusion_k=60
158,Q0,AP890424-0005,277,0.3062787907522306,reciprocal_rank_fusion_k=60
158,Q0,AP890109-0099,278,0.3034348433827754,reciprocal_rank_fusion_k=60
158,Q0,WSJ911101-0162,279,0.3034016377272365,reciprocal_rank_fusion_k=60
158,Q0,ZF108-172-528,280,0.3028294857702099,reciprocal_rank_fusion_k=60
158,Q0,FR88809-0097,281,0.30183580819925915,reciprocal_rank_fusion_k=60
158,Q0,WSJ870807-0041,282,0.3016166326273501,reciprocal_rank_fusion_k=60
158,Q0,FR88512-0113,283,0.30117831072249845,reciprocal_rank_fusion_k=60
158,Q0,FR89224-0037,284,0.3001906406113392,reciprocal_rank_fusion_k=60
158,Q0,WSJ870615-0075,285,0.3001590780401636,reciprocal_rank_fusion_k=60
158,Q0,FR88914-0003,286,0.29993477172284866,reciprocal_rank_fusion_k=60
158,Q0,FR88729-0020,287,0.2982998235732161,reciprocal_rank_fusion_k=60
158,Q0,WSJ900517-0097,288,0.29819908006407614,reciprocal_rank_fusion_k=60
158,Q0,WSJ870109-0080,289,0.2981840769724432,reciprocal_rank_fusion_k=60
158,Q0,WSJ911104-0157,290,0.297459046379301,reciprocal_rank_fusion_k=60
158,Q0,WSJ911017-0116,291,0.2974129133178485,reciprocal_rank_fusion_k=60
158,Q0,AP880510-0115,292,0.29685037624870786,reciprocal_rank_fusion_k=60
158,Q0,AP890302-0037,293,0.2967051678803913,reciprocal_rank_fusion_k=60
158,Q0,AP890407-0270,294,0.29635940308138276,reciprocal_rank_fusion_k=60
158,Q0,WSJ920203-0144,295,0.2960050254150792,reciprocal_rank_fusion_k=60
158,Q0,AP891011-0175,296,0.2945601534159014,reciprocal_rank_fusion_k=60
158,Q0,WSJ880208-0041,297,0.2935223009627727,reciprocal_rank_fusion_k=60
158,Q0,WSJ870311-0054,298,0.29320422192914636,reciprocal_rank_fusion_k=60
158,Q0,WSJ880321-0121,299,0.2921455110110504,reciprocal_rank_fusion_k=60
158,Q0,WSJ871103-0107,300,0.2911953236955946,reciprocal_rank_fusion_k=60
158,Q0,AP890125-0198,301,0.289108034185377,reciprocal_rank_fusion_k=60
158,Q0,AP890619-0018,302,0.2888321851247839,reciprocal_rank_fusion_k=60
158,Q0,ZF108-147-348,303,0.2888306679376545,reciprocal_rank_fusion_k=60
158,Q0,WSJ911029-0031,304,0.2883680349136186,reciprocal_rank_fusion_k=60
158,Q0,WSJ911106-0127,305,0.28422535599919746,reciprocal_rank_fusion_k=60
158,Q0,WSJ870831-0044,306,0.28349847151863394,reciprocal_rank_fusion_k=60
158,Q0,WSJ870803-0090,307,0.2833184823966111,reciprocal_rank_fusion_k=60
158,Q0,WSJ880412-0131,308,0.2815146080020353,reciprocal_rank_fusion_k=60
158,Q0,AP881208-0161,309,0.2810586065467074,reciprocal_rank_fusion_k=60
158,Q0,FR89313-0007,310,0.2799283549014382,reciprocal_rank_fusion_k=60
158,Q0,FR88712-0029,311,0.27962480311893984,reciprocal_rank_fusion_k=60
158,Q0,WSJ891004-0119,312,0.27931748822195984,reciprocal_rank_fusion_k=60
158,Q0,WSJ911226-0001,313,0.2788098712640899,reciprocal_rank_fusion_k=60
158,Q0,WSJ910524-0066,314,0.2769016208027857,reciprocal_rank_fusion_k=60
158,Q0,AP891229-0091,315,0.2764180834109428,reciprocal_rank_fusion_k=60
158,Q0,WSJ870629-0126,316,0.2755697192123139,reciprocal_rank_fusion_k=60
158,Q0,AP890919-0101,317,0.27516818982300795,reciprocal_rank_fusion_k=60
158,Q0,AP881213-0182,318,0.275115676200398,reciprocal_rank_fusion_k=60
158,Q0,AP891214-0137,319,0.27497407530607515,reciprocal_rank_fusion_k=60
158,Q0,AP880624-0024,320,0.2745609234390932,reciprocal_rank_fusion_k=60
158,Q0,AP881007-0027,321,0.27352611657442205,reciprocal_rank_fusion_k=60
158,Q0,AP890803-0146,322,0.27335816496920934,reciprocal_rank_fusion_k=60
158,Q0,WSJ900518-0092,323,0.2730670819552146,reciprocal_rank_fusion_k=60
158,Q0,FR88815-0014,324,0.26902172971672234,reciprocal_rank_fusion_k=60
158,Q0,FR89417-0117,325,0.2688277719867417,reciprocal_rank_fusion_k=60
158,Q0,AP890720-0066,326,0.26838768165715976,reciprocal_rank_fusion_k=60
158,Q0,WSJ911217-0078,327,0.26581531911699996,reciprocal_rank_fusion_k=60
158,Q0,FR881107-0012,328,0.2657366802295239,reciprocal_rank_fusion_k=60
158,Q0,WSJ880930-0157,329,0.2640052159970604,reciprocal_rank_fusion_k=60
158,Q0,WSJ870707-0102,330,0.26342927155311285,reciprocal_rank_fusion_k=60
158,Q0,WSJ920310-0158,331,0.26332700891117067,reciprocal_rank_fusion_k=60
158,Q0,FR89210-0017,332,0.2625881297271048,reciprocal_rank_fusion_k=60
158,Q0,WSJ861218-0172,333,0.26232714863497064,reciprocal_rank_fusion_k=60
158,Q0,AP891005-0075,334,0.2612435542259642,reciprocal_rank_fusion_k=60
158,Q0,AP880630-0148,335,0.2609921062633603,reciprocal_rank_fusion_k=60
158,Q0,WSJ880617-0139,336,0.2603014377805616,reciprocal_rank_fusion_k=60
158,Q0,WSJ900620-0101,337,0.2601965126863095,reciprocal_rank_fusion_k=60
158,Q0,WSJ880427-0150,338,0.2600073632506977,reciprocal_rank_fusion_k=60
158,Q0,FR89127-0023,339,0.2599335097557674,reciprocal_rank_fusion_k=60
158,Q0,AP881217-0020,340,0.25951534141069943,reciprocal_rank_fusion_k=60
158,Q0,AP880524-0095,341,0.25924222406631015,reciprocal_rank_fusion_k=60
158,Q0,WSJ870916-0058,342,0.2583745046760224,reciprocal_rank_fusion_k=60
158,Q0,FR89313-0114,343,0.25785971945646197,reciprocal_rank_fusion_k=60
158,Q0,AP881012-0206,344,0.25718664774431643,reciprocal_rank_fusion_k=60
158,Q0,AP890804-0109,345,0.25573301882132665,reciprocal_rank_fusion_k=60
158,Q0,WSJ910911-0072,346,0.25464885204851045,reciprocal_rank_fusion_k=60
158,Q0,ZF207-114-682,347,0.25429438851698666,reciprocal_rank_fusion_k=60
158,Q0,FR88915-0037,348,0.25334925345065956,reciprocal_rank_fusion_k=60
158,Q0,WSJ870226-0079,349,0.2529164356995077,reciprocal_rank_fusion_k=60
158,Q0,FR88928-0006,350,0.2519919286611398,reciprocal_rank_fusion_k=60
158,Q0,AP880703-0060,351,0.25185468884664086,reciprocal_rank_fusion_k=60
158,Q0,WSJ861219-0169,352,0.25121079987397144,reciprocal_rank_fusion_k=60
158,Q0,WSJ880915-0151,353,0.25095875152962316,reciprocal_rank_fusion_k=60
158,Q0,WSJ910808-0077,354,0.2507920340331785,reciprocal_rank_fusion_k=60
158,Q0,FR89131-0056,355,0.25071063454919285,reciprocal_rank_fusion_k=60
158,Q0,WSJ880922-0106,356,0.2501901872816953,reciprocal_rank_fusion_k=60
158,Q0,WSJ870522-0172,357,0.250141649179466,reciprocal_rank_fusion_k=60
158,Q0,AP890815-0050,358,0.24746298297787847,reciprocal_rank_fusion_k=60
158,Q0,AP890627-0097,359,0.2474270905694194,reciprocal_rank_fusion_k=60
158,Q0,WSJ900829-0160,360,0.24732805116344778,reciprocal_rank_fusion_k=60
158,Q0,AP890719-0225,361,0.24709664600883535,reciprocal_rank_fusion_k=60
158,Q0,AP890911-0198,362,0.24681978601880525,reciprocal_rank_fusion_k=60
158,Q0,WSJ870824-0082,363,0.2467933861280047,reciprocal_rank_fusion_k=60
158,Q0,AP891109-0014,364,0.2465179333843891,reciprocal_rank_fusion_k=60
158,Q0,WSJ900717-0145,365,0.2450375446359985,reciprocal_rank_fusion_k=60
158,Q0,FR89407-0020,366,0.24502241124779262,reciprocal_rank_fusion_k=60
158,Q0,WSJ891003-0021,367,0.24496999224663968,reciprocal_rank_fusion_k=60
158,Q0,WSJ910726-0107,368,0.24463591053256722,reciprocal_rank_fusion_k=60
158,Q0,WSJ870410-0063,369,0.24418142332838974,reciprocal_rank_fusion_k=60
158,Q0,FR88122-0032,370,0.24343686301080789,reciprocal_rank_fusion_k=60
158,Q0,FR891023-0012,371,0.24285456247388384,reciprocal_rank_fusion_k=60
158,Q0,WSJ890726-0005,372,0.2425650230540922,reciprocal_rank_fusion_k=60
158,Q0,AP890628-0075,373,0.24170378813802534,reciprocal_rank_fusion_k=60
158,Q0,AP890508-0203,374,0.24148248090276037,reciprocal_rank_fusion_k=60
158,Q0,WSJ900806-0089,375,0.24120755811300595,reciprocal_rank_fusion_k=60
158,Q0,WSJ870729-0104,376,0.24081480338690056,reciprocal_rank_fusion_k=60
158,Q0,FR88121-0034,377,0.24062156125719336,reciprocal_rank_fusion_k=60
158,Q0,AP880901-0189,378,0.2396677148104301,reciprocal_rank_fusion_k=60
158,Q0,FR89420-0021,379,0.23954686817340007,reciprocal_rank_fusion_k=60
158,Q0,AP890512-0020,380,0.2390174974843321,reciprocal_rank_fusion_k=60
158,Q0,WSJ871005-0038,381,0.2374952683654965,reciprocal_rank_fusion_k=60
158,Q0,WSJ920323-0040,382,0.23698150547177127,reciprocal_rank_fusion_k=60
158,Q0,WSJ890908-0165,383,0.23673694506054693,reciprocal_rank_fusion_k=60
158,Q0,AP890217-0142,384,0.2355872442683118,reciprocal_rank_fusion_k=60
158,Q0,WSJ871118-0089,385,0.2349794617622574,reciprocal_rank_fusion_k=60
158,Q0,WSJ910802-0121,386,0.23483532145281696,reciprocal_rank_fusion_k=60
158,Q0,AP891228-0124,387,0.2341255850262808,reciprocal_rank_fusion_k=60
158,Q0,AP881129-0112,388,0.2335749663186973,reciprocal_rank_fusion_k=60
158,Q0,WSJ870501-0139,389,0.2335046739659085,reciprocal_rank_fusion_k=60
158,Q0,FR89815-0011,390,0.23290523139154243,reciprocal_rank_fusion_k=60
158,Q0,FR89626-0031,391,0.2323484516880676,reciprocal_rank_fusion_k=60
158,Q0,WSJ910628-0064,392,0.232262671102236,reciprocal_rank_fusion_k=60
158,Q0,AP890530-0148,393,0.23194864241420723,reciprocal_rank_fusion_k=60
158,Q0,FR89710-0015,394,0.2314887349263619,reciprocal_rank_fusion_k=60
158,Q0,FR89817-0028,395,0.2308575423684074,reciprocal_rank_fusion_k=60
158,Q0,WSJ871224-0113,396,0.23038521203514198,reciprocal_rank_fusion_k=60
158,Q0,AP881213-0098,397,0.23030920041593297,reciprocal_rank_fusion_k=60
158,Q0,AP890525-0036,398,0.23016436274641924,reciprocal_rank_fusion_k=60
158,Q0,AP891217-0044,399,0.2282661337292586,reciprocal_rank_fusion_k=60
158,Q0,AP891213-0214,400,0.22808991757546132,reciprocal_rank_fusion_k=60
158,Q0,WSJ911129-0123,401,0.2274018925284285,reciprocal_rank_fusion_k=60
158,Q0,AP881013-0325,402,0.22682326137101141,reciprocal_rank_fusion_k=60
158,Q0,AP890913-0224,403,0.2266853366397811,reciprocal_rank_fusion_k=60
158,Q0,FR88929-0129,404,0.22610693265180412,reciprocal_rank_fusion_k=60
158,Q0,WSJ871204-0026,405,0.22582959275444583,reciprocal_rank_fusion_k=60
158,Q0,AP890323-0257,406,0.22499061413463678,reciprocal_rank_fusion_k=60
158,Q0,FR881202-0028,407,0.22408274314617765,reciprocal_rank_fusion_k=60
158,Q0,FR88906-0023,408,0.22339694974103877,reciprocal_rank_fusion_k=60
158,Q0,WSJ890728-0099,409,0.2232318191199476,reciprocal_rank_fusion_k=60
158,Q0,WSJ901224-0070,410,0.22280679527110198,reciprocal_rank_fusion_k=60
158,Q0,WSJ870819-0120,411,0.22254923724459005,reciprocal_rank_fusion_k=60
158,Q0,AP880622-0160,412,0.22245838278145927,reciprocal_rank_fusion_k=60
158,Q0,AP891013-0058,413,0.22187540237575118,reciprocal_rank_fusion_k=60
158,Q0,AP890524-0192,414,0.2218507519441916,reciprocal_rank_fusion_k=60
158,Q0,WSJ880609-0184,415,0.22182190642645513,reciprocal_rank_fusion_k=60
158,Q0,WSJ880819-0130,416,0.2206210962239295,reciprocal_rank_fusion_k=60
158,Q0,WSJ911009-0084,417,0.22029204704387734,reciprocal_rank_fusion_k=60
158,Q0,FR89811-0009,418,0.21993550343210527,reciprocal_rank_fusion_k=60
158,Q0,AP880422-0150,419,0.21965538526349948,reciprocal_rank_fusion_k=60
158,Q0,WSJ870406-0067,420,0.2192364642417502,reciprocal_rank_fusion_k=60
158,Q0,FR891107-0022,421,0.21899541766422706,reciprocal_rank_fusion_k=60
158,Q0,AP881221-0089,422,0.21807220081845993,reciprocal_rank_fusion_k=60
158,Q0,WSJ920319-0100,423,0.21793516603581298,reciprocal_rank_fusion_k=60
158,Q0,AP881213-0093,424,0.21680146906135098,reciprocal_rank_fusion_k=60
158,Q0,ZF108-427-732,425,0.21664536425147457,reciprocal_rank_fusion_k=60
158,Q0,WSJ881116-0072,426,0.21664054271487101,reciprocal_rank_fusion_k=60
158,Q0,AP890113-0125,427,0.21633269560541493,reciprocal_rank_fusion_k=60
158,Q0,AP880624-0227,428,0.21605839817672567,reciprocal_rank_fusion_k=60
158,Q0,WSJ900627-0014,429,0.21587476566238842,reciprocal_rank_fusion_k=60
158,Q0,WSJ861211-0090,430,0.2158721056003827,reciprocal_rank_fusion_k=60
158,Q0,AP891029-0034,431,0.21565006876948786,reciprocal_rank_fusion_k=60
158,Q0,FR89503-0006,432,0.21454272760601328,reciprocal_rank_fusion_k=60
158,Q0,FR89307-0104,433,0.2142289654317307,reciprocal_rank_fusion_k=60
158,Q0,WSJ920225-0016,434,0.21390974671815416,reciprocal_rank_fusion_k=60
158,Q0,ZF207-213-460,435,0.21320928999072417,reciprocal_rank_fusion_k=60
158,Q0,FR89518-0108,436,0.2127358076126972,reciprocal_rank_fusion_k=60
158,Q0,AP881017-0021,437,0.21248185337647266,reciprocal_rank_fusion_k=60
158,Q0,AP880517-0096,438,0.21244674273737718,reciprocal_rank_fusion_k=60
158,Q0,AP880421-0122,439,0.21235329152000182,reciprocal_rank_fusion_k=60
158,Q0,WSJ870724-0125,440,0.21122767729109193,reciprocal_rank_fusion_k=60
158,Q0,WSJ910822-0048,441,0.2108326017156964,reciprocal_rank_fusion_k=60
158,Q0,AP891122-0082,442,0.21024403498298205,reciprocal_rank_fusion_k=60
158,Q0,FR89818-0033,443,0.2102206883050554,reciprocal_rank_fusion_k=60
158,Q0,WSJ871104-0018,444,0.20992164174081002,reciprocal_rank_fusion_k=60
158,Q0,AP890728-0019,445,0.20944719885514257,reciprocal_rank_fusion_k=60
158,Q0,WSJ870724-0138,446,0.20868606420437547,reciprocal_rank_fusion_k=60
158,Q0,AP881023-0102,447,0.20803035184820076,reciprocal_rank_fusion_k=60
158,Q0,WSJ870309-0085,448,0.20781393179886173,reciprocal_rank_fusion_k=60
158,Q0,WSJ871117-0147,449,0.20770104395279554,reciprocal_rank_fusion_k=60
158,Q0,AP881213-0152,450,0.20734204973953246,reciprocal_rank_fusion_k=60
158,Q0,FR89822-0094,451,0.20729726124173334,reciprocal_rank_fusion_k=60
158,Q0,FR89105-0068,452,0.20630111535778106,reciprocal_rank_fusion_k=60
158,Q0,WSJ910320-0002,453,0.20625180031036536,reciprocal_rank_fusion_k=60
158,Q0,WSJ900918-0171,454,0.20600791737152424,reciprocal_rank_fusion_k=60
158,Q0,WSJ870218-0067,455,0.20563001881109055,reciprocal_rank_fusion_k=60
158,Q0,WSJ870511-0107,456,0.204034234032757,reciprocal_rank_fusion_k=60
158,Q0,WSJ910315-0122,457,0.20383815977336478,reciprocal_rank_fusion_k=60
158,Q0,WSJ880906-0077,458,0.20307059881213205,reciprocal_rank_fusion_k=60
158,Q0,FR88701-0024,459,0.20265372207263957,reciprocal_rank_fusion_k=60
158,Q0,WSJ870506-0046,460,0.20223030262860256,reciprocal_rank_fusion_k=60
158,Q0,WSJ870708-0121,461,0.20102704928081522,reciprocal_rank_fusion_k=60
158,Q0,AP880616-0160,462,0.19921955128537483,reciprocal_rank_fusion_k=60
158,Q0,WSJ880401-0043,463,0.19921224991880068,reciprocal_rank_fusion_k=60
158,Q0,WSJ871222-0123,464,0.1991448390032255,reciprocal_rank_fusion_k=60
158,Q0,AP880517-0148,465,0.19895908251558314,reciprocal_rank_fusion_k=60
158,Q0,WSJ911107-0097,466,0.19840216008519118,reciprocal_rank_fusion_k=60
158,Q0,FR89519-0015,467,0.19760411793580063,reciprocal_rank_fusion_k=60
158,Q0,FR891025-0107,468,0.19752747080328567,reciprocal_rank_fusion_k=60
158,Q0,FR88823-0007,469,0.19748956389263186,reciprocal_rank_fusion_k=60
158,Q0,AP880303-0212,470,0.197369165819276,reciprocal_rank_fusion_k=60
158,Q0,AP890314-0165,471,0.19718449542747238,reciprocal_rank_fusion_k=60
158,Q0,WSJ870210-0003,472,0.19702867897843782,reciprocal_rank_fusion_k=60
158,Q0,AP890624-0011,473,0.19700359145206864,reciprocal_rank_fusion_k=60
158,Q0,FR891013-0029,474,0.19639839261656195,reciprocal_rank_fusion_k=60
158,Q0,WSJ900702-0182,475,0.1962463882566036,reciprocal_rank_fusion_k=60
158,Q0,FR88127-0105,476,0.1961118958340598,reciprocal_rank_fusion_k=60
158,Q0,FR88805-0026,477,0.19536308893220583,reciprocal_rank_fusion_k=60
158,Q0,AP890928-0121,478,0.19535110316067775,reciprocal_rank_fusion_k=60
158,Q0,WSJ881111-0047,479,0.19528845137501272,reciprocal_rank_fusion_k=60
158,Q0,WSJ911025-0094,480,0.19496779391918703,reciprocal_rank_fusion_k=60
158,Q0,FR89124-0018,481,0.1948893172368362,reciprocal_rank_fusion_k=60
158,Q0,AP890620-0229,482,0.19470992143874866,reciprocal_rank_fusion_k=60
158,Q0,WSJ880113-0158,483,0.19451123366851114,reciprocal_rank_fusion_k=60
158,Q0,AP890302-0164,484,0.1942741867108467,reciprocal_rank_fusion_k=60
158,Q0,WSJ910624-0124,485,0.1940778231606889,reciprocal_rank_fusion_k=60
158,Q0,FR881205-0039,486,0.19393812529640653,reciprocal_rank_fusion_k=60
158,Q0,WSJ871102-0088,487,0.19389613866325273,reciprocal_rank_fusion_k=60
158,Q0,WSJ871204-0116,488,0.19385421687135462,reciprocal_rank_fusion_k=60
158,Q0,WSJ911028-0121,489,0.19372142042726698,reciprocal_rank_fusion_k=60
158,Q0,WSJ871019-0121,490,0.19326972169614132,reciprocal_rank_fusion_k=60
158,Q0,AP881221-0090,491,0.19265626176161108,reciprocal_rank_fusion_k=60
158,Q0,WSJ870701-0005,492,0.19244465478783906,reciprocal_rank_fusion_k=60
158,Q0,WSJ870710-0079,493,0.19226210462129803,reciprocal_rank_fusion_k=60
158,Q0,WSJ870408-0117,494,0.19194408509558814,reciprocal_rank_fusion_k=60
158,Q0,AP890104-0123,495,0.1916063111545546,reciprocal_rank_fusion_k=60
158,Q0,AP890308-0220,496,0.19149337413545395,reciprocal_rank_fusion_k=60
158,Q0,FR89816-0027,497,0.1913332221565243,reciprocal_rank_fusion_k=60
158,Q0,FR891013-0020,498,0.19130344278934253,reciprocal_rank_fusion_k=60
158,Q0,FR88211-0352,499,0.19128038748511716,reciprocal_rank_fusion_k=60
158,Q0,AP881001-0032,500,0.1911347399383204,reciprocal_rank_fusion_k=60
158,Q0,AP881110-0055,501,0.19068707605421334,reciprocal_rank_fusion_k=60
158,Q0,FR89608-0003,502,0.19020597336150988,reciprocal_rank_fusion_k=60
158,Q0,WSJ890801-0006,503,0.18995188700544724,reciprocal_rank_fusion_k=60
158,Q0,FR89627-0003,504,0.18966081271031085,reciprocal_rank_fusion_k=60
158,Q0,AP880304-0151,505,0.1892958865099102,reciprocal_rank_fusion_k=60
158,Q0,AP890916-0068,506,0.18927483903766906,reciprocal_rank_fusion_k=60
158,Q0,AP881203-0043,507,0.18906335764060725,reciprocal_rank_fusion_k=60
158,Q0,FR891031-0131,508,0.18902283791270488,reciprocal_rank_fusion_k=60
158,Q0,FR881028-0026,509,0.1887503534135736,reciprocal_rank_fusion_k=60
158,Q0,WSJ880308-0117,510,0.18864686214282012,reciprocal_rank_fusion_k=60
158,Q0,WSJ870729-0165,511,0.1886345072676203,reciprocal_rank_fusion_k=60
158,Q0,WSJ910718-0056,512,0.1886338993994926,reciprocal_rank_fusion_k=60
158,Q0,ZF207-133-582,513,0.18854976659171707,reciprocal_rank_fusion_k=60
158,Q0,WSJ920320-0132,514,0.18847809458928655,reciprocal_rank_fusion_k=60
158,Q0,WSJ920319-0082,515,0.18772697961060564,reciprocal_rank_fusion_k=60
158,Q0,WSJ871204-0043,516,0.18729764172061833,reciprocal_rank_fusion_k=60
158,Q0,AP890126-0259,517,0.1871004455206975,reciprocal_rank_fusion_k=60
158,Q0,FR88114-0004,518,0.18708921960181524,reciprocal_rank_fusion_k=60
158,Q0,FR88830-0023,519,0.18685823018744804,reciprocal_rank_fusion_k=60
158,Q0,WSJ910510-0188,520,0.1868141549987718,reciprocal_rank_fusion_k=60
158,Q0,WSJ900803-0037,521,0.18677287335652018,reciprocal_rank_fusion_k=60
158,Q0,FR881014-0162,522,0.1859344224069634,reciprocal_rank_fusion_k=60
158,Q0,WSJ910725-0100,523,0.1857226939850426,reciprocal_rank_fusion_k=60
158,Q0,AP890629-0077,524,0.18550634080185624,reciprocal_rank_fusion_k=60
158,Q0,AP890703-0020,525,0.18539798736269208,reciprocal_rank_fusion_k=60
158,Q0,FR88817-0043,526,0.18533408799533718,reciprocal_rank_fusion_k=60
158,Q0,AP891106-0129,527,0.18480576478160846,reciprocal_rank_fusion_k=60
158,Q0,AP881128-0110,528,0.1841854393369121,reciprocal_rank_fusion_k=60
158,Q0,FR88829-0023,529,0.1840908681083423,reciprocal_rank_fusion_k=60
158,Q0,AP881109-0243,530,0.18383200903551106,reciprocal_rank_fusion_k=60
158,Q0,AP891031-0041,531,0.1837718280423577,reciprocal_rank_fusion_k=60
158,Q0,WSJ870414-0098,532,0.18373087370215033,reciprocal_rank_fusion_k=60
158,Q0,AP890327-0016,533,0.18347353963907725,reciprocal_rank_fusion_k=60
158,Q0,WSJ871118-0087,534,0.182778580617361,reciprocal_rank_fusion_k=60
158,Q0,AP890626-0211,535,0.1824141089829438,reciprocal_rank_fusion_k=60
158,Q0,ZF207-095-260,536,0.18240566740435474,reciprocal_rank_fusion_k=60
158,Q0,AP880719-0136,537,0.18226341662149367,reciprocal_rank_fusion_k=60
158,Q0,ZF109-439-675,538,0.18188987013285723,reciprocal_rank_fusion_k=60
158,Q0,FR89509-0119,539,0.18179468061282456,reciprocal_rank_fusion_k=60
158,Q0,WSJ870305-0116,540,0.18177065903994763,reciprocal_rank_fusion_k=60
158,Q0,AP891025-0020,541,0.18175651415704053,reciprocal_rank_fusion_k=60
158,Q0,AP890203-0020,542,0.1811187797344054,reciprocal_rank_fusion_k=60
158,Q0,AP880323-0298,543,0.18099482375336964,reciprocal_rank_fusion_k=60
158,Q0,AP880516-0037,544,0.18064907885012146,reciprocal_rank_fusion_k=60
158,Q0,AP890125-0042,545,0.18054180174699408,reciprocal_rank_fusion_k=60
158,Q0,AP890812-0048,546,0.17969683315968887,reciprocal_rank_fusion_k=60
158,Q0,FR89522-0016,547,0.17942396457402288,reciprocal_rank_fusion_k=60
158,Q0,WSJ910306-0070,548,0.17867818012255732,reciprocal_rank_fusion_k=60
158,Q0,AP881206-0022,549,0.17830908972599074,reciprocal_rank_fusion_k=60
158,Q0,AP880813-0190,550,0.17791270292775,reciprocal_rank_fusion_k=60
158,Q0,AP881103-0265,551,0.17622159305453172,reciprocal_rank_fusion_k=60
158,Q0,WSJ910129-0100,552,0.17549975821781655,reciprocal_rank_fusion_k=60
158,Q0,FR88908-0008,553,0.1750104489205192,reciprocal_rank_fusion_k=60
158,Q0,WSJ870805-0019,554,0.17466918857435307,reciprocal_rank_fusion_k=60
158,Q0,FR88811-0027,555,0.1746589413479001,reciprocal_rank_fusion_k=60
158,Q0,ZF109-617-837,556,0.17457400513556068,reciprocal_rank_fusion_k=60
158,Q0,WSJ910103-0081,557,0.1742916489536942,reciprocal_rank_fusion_k=60
158,Q0,WSJ910710-0128,558,0.17406810147783844,reciprocal_rank_fusion_k=60
158,Q0,AP890131-0110,559,0.17402092150254692,reciprocal_rank_fusion_k=60
158,Q0,AP881017-0102,560,0.173970273561694,reciprocal_rank_fusion_k=60
158,Q0,AP890226-0062,561,0.17388312966944955,reciprocal_rank_fusion_k=60
158,Q0,FR88803-0020,562,0.1730840080357224,reciprocal_rank_fusion_k=60
158,Q0,FR881107-0026,563,0.17290935496516813,reciprocal_rank_fusion_k=60
158,Q0,FR88205-0006,564,0.17280155795461605,reciprocal_rank_fusion_k=60
158,Q0,AP890127-0154,565,0.17262298415641533,reciprocal_rank_fusion_k=60
158,Q0,WSJ910507-0078,566,0.17219644070883697,reciprocal_rank_fusion_k=60
158,Q0,WSJ870724-0135,567,0.1720618579525816,reciprocal_rank_fusion_k=60
158,Q0,ZF108-229-938,568,0.17201174595698573,reciprocal_rank_fusion_k=60
158,Q0,AP890207-0197,569,0.1717597379675862,reciprocal_rank_fusion_k=60
158,Q0,WSJ910530-0099,570,0.17158790508136776,reciprocal_rank_fusion_k=60
158,Q0,AP881014-0226,571,0.17132925978618485,reciprocal_rank_fusion_k=60
158,Q0,DOE1-33-0641,572,0.17119779106551924,reciprocal_rank_fusion_k=60
158,Q0,AP881013-0025,573,0.17112242160200317,reciprocal_rank_fusion_k=60
158,Q0,ZF207-794-716,574,0.17087032883964273,reciprocal_rank_fusion_k=60
158,Q0,WSJ891020-0077,575,0.1707940157200286,reciprocal_rank_fusion_k=60
158,Q0,AP890404-0022,576,0.1707056074865061,reciprocal_rank_fusion_k=60
158,Q0,AP890812-0102,577,0.1706005476824901,reciprocal_rank_fusion_k=60
158,Q0,AP890623-0131,578,0.17030921331250445,reciprocal_rank_fusion_k=60
158,Q0,AP890103-0180,579,0.17014121191168735,reciprocal_rank_fusion_k=60
158,Q0,AP890804-0118,580,0.17003249169723098,reciprocal_rank_fusion_k=60
158,Q0,AP891130-0142,581,0.16990714781928193,reciprocal_rank_fusion_k=60
158,Q0,WSJ900404-0128,582,0.16930526244019892,reciprocal_rank_fusion_k=60
158,Q0,WSJ870529-0084,583,0.16914892692589045,reciprocal_rank_fusion_k=60
158,Q0,AP890323-0109,584,0.16900158904224874,reciprocal_rank_fusion_k=60
158,Q0,WSJ870724-0092,585,0.16886274576981777,reciprocal_rank_fusion_k=60
158,Q0,AP880227-0100,586,0.1687454831556342,reciprocal_rank_fusion_k=60
158,Q0,ZF207-661-272,587,0.16860110907443773,reciprocal_rank_fusion_k=60
158,Q0,AP890918-0020,588,0.16836253511033045,reciprocal_rank_fusion_k=60
158,Q0,FR89306-0009,589,0.1680745078290654,reciprocal_rank_fusion_k=60
158,Q0,AP890301-0179,590,0.16806814570907466,reciprocal_rank_fusion_k=60
158,Q0,AP890621-0091,591,0.16773987985623567,reciprocal_rank_fusion_k=60
158,Q0,AP880315-0202,592,0.16766732423662384,reciprocal_rank_fusion_k=60
158,Q0,WSJ880607-0057,593,0.1672189433633027,reciprocal_rank_fusion_k=60
158,Q0,AP880227-0099,594,0.1669631634787967,reciprocal_rank_fusion_k=60
158,Q0,FR89803-0012,595,0.1668874880803226,reciprocal_rank_fusion_k=60
158,Q0,WSJ910423-0224,596,0.16684312247788802,reciprocal_rank_fusion_k=60
158,Q0,AP881004-0089,597,0.16638101965526958,reciprocal_rank_fusion_k=60
158,Q0,WSJ871022-0053,598,0.16635608902337146,reciprocal_rank_fusion_k=60
158,Q0,FR88802-0005,599,0.16628662459016963,reciprocal_rank_fusion_k=60
158,Q0,AP890416-0043,600,0.16614329023908905,reciprocal_rank_fusion_k=60
158,Q0,AP891020-0130,601,0.16555466976125788,reciprocal_rank_fusion_k=60
158,Q0,FR88823-0014,602,0.16501461860828978,reciprocal_rank_fusion_k=60
158,Q0,AP891122-0091,603,0.164754861372524,reciprocal_rank_fusion_k=60
158,Q0,WSJ880331-0025,604,0.16387797057077683,reciprocal_rank_fusion_k=60
158,Q0,DOE2-42-1159,605,0.16386361547960793,reciprocal_rank_fusion_k=60
158,Q0,FR88812-0084,606,0.16369259108214684,reciprocal_rank_fusion_k=60
158,Q0,WSJ920306-0112,607,0.16330488752567104,reciprocal_rank_fusion_k=60
158,Q0,FR89706-0074,608,0.1632689802315179,reciprocal_rank_fusion_k=60
158,Q0,FR881021-0017,609,0.16320119169744482,reciprocal_rank_fusion_k=60
158,Q0,WSJ870722-0120,610,0.1631510435287672,reciprocal_rank_fusion_k=60
158,Q0,AP880603-0023,611,0.1630779826697973,reciprocal_rank_fusion_k=60
158,Q0,WSJ871005-0101,612,0.1628959527255221,reciprocal_rank_fusion_k=60
158,Q0,WSJ900501-0066,613,0.1628486351262427,reciprocal_rank_fusion_k=60
158,Q0,WSJ880913-0110,614,0.16276476154072256,reciprocal_rank_fusion_k=60
158,Q0,AP880916-0007,615,0.1624801798975544,reciprocal_rank_fusion_k=60
158,Q0,AP890201-0190,616,0.1622372723834463,reciprocal_rank_fusion_k=60
158,Q0,WSJ900521-0005,617,0.16204010461545632,reciprocal_rank_fusion_k=60
158,Q0,FR88106-0019,618,0.16203372833546797,reciprocal_rank_fusion_k=60
158,Q0,WSJ880527-0095,619,0.16199479419290314,reciprocal_rank_fusion_k=60
158,Q0,FR88926-0030,620,0.16199167054992747,reciprocal_rank_fusion_k=60
158,Q0,FR89316-0002,621,0.16183797353813748,reciprocal_rank_fusion_k=60
158,Q0,AP891212-0136,622,0.1616985578724836,reciprocal_rank_fusion_k=60
158,Q0,WSJ910819-0109,623,0.16147634992010218,reciprocal_rank_fusion_k=60
158,Q0,AP881029-0075,624,0.16146361455199684,reciprocal_rank_fusion_k=60
158,Q0,FR89418-0028,625,0.1612739767419885,reciprocal_rank_fusion_k=60
158,Q0,AP881201-0141,626,0.16079025678222433,reciprocal_rank_fusion_k=60
158,Q0,FR881205-0018,627,0.16048038693406624,reciprocal_rank_fusion_k=60
158,Q0,AP890524-0139,628,0.16033223436161964,reciprocal_rank_fusion_k=60
158,Q0,AP880217-0175,629,0.16015504286454443,reciprocal_rank_fusion_k=60
158,Q0,AP890917-0018,630,0.16007650122248787,reciprocal_rank_fusion_k=60
158,Q0,WSJ880210-0081,631,0.15917325512872468,reciprocal_rank_fusion_k=60
158,Q0,FR89303-0113,632,0.15903620909363836,reciprocal_rank_fusion_k=60
158,Q0,AP890724-0153,633,0.15901895643655903,reciprocal_rank_fusion_k=60
158,Q0,WSJ910116-0005,634,0.15886232671511022,reciprocal_rank_fusion_k=60
158,Q0,FR881017-0018,635,0.15861278926381472,reciprocal_rank_fusion_k=60
158,Q0,WSJ910710-0148,636,0.15857026479924388,reciprocal_rank_fusion_k=60
158,Q0,WSJ910904-0039,637,0.15844554716220374,reciprocal_rank_fusion_k=60
158,Q0,WSJ910131-0109,638,0.1582705184202413,reciprocal_rank_fusion_k=60
158,Q0,WSJ870707-0019,639,0.15826608669892814,reciprocal_rank_fusion_k=60
158,Q0,FR88909-0013,640,0.15824060175232746,reciprocal_rank_fusion_k=60
158,Q0,WSJ880531-0193,641,0.1582111970708566,reciprocal_rank_fusion_k=60
158,Q0,FR89502-0016,642,0.15806670693683067,reciprocal_rank_fusion_k=60
158,Q0,AP890626-0210,643,0.15781704950408007,reciprocal_rank_fusion_k=60
158,Q0,FR89418-0020,644,0.15727299073497886,reciprocal_rank_fusion_k=60
158,Q0,FR881207-0031,645,0.1569699842669234,reciprocal_rank_fusion_k=60
158,Q0,AP880918-0030,646,0.15689199824820327,reciprocal_rank_fusion_k=60
158,Q0,WSJ870603-0084,647,0.15679583317714868,reciprocal_rank_fusion_k=60
158,Q0,WSJ910104-0061,648,0.15653265286124624,reciprocal_rank_fusion_k=60
158,Q0,AP880302-0272,649,0.1563393769100354,reciprocal_rank_fusion_k=60
158,Q0,WSJ861219-0039,650,0.15632244431441594,reciprocal_rank_fusion_k=60
158,Q0,FR89203-0001,651,0.15627084033056424,reciprocal_rank_fusion_k=60
158,Q0,WSJ900518-0159,652,0.15618095021607098,reciprocal_rank_fusion_k=60
158,Q0,FR89127-0025,653,0.1558864386723733,reciprocal_rank_fusion_k=60
158,Q0,AP891110-0022,654,0.15561657286530267,reciprocal_rank_fusion_k=60
158,Q0,FR89718-0006,655,0.15543713989839184,reciprocal_rank_fusion_k=60
158,Q0,AP890121-0104,656,0.15512517910157514,reciprocal_rank_fusion_k=60
158,Q0,FR88708-0004,657,0.15447445941073973,reciprocal_rank_fusion_k=60
158,Q0,AP890523-0026,658,0.15426450013778784,reciprocal_rank_fusion_k=60
158,Q0,WSJ870709-0087,659,0.1542396745331416,reciprocal_rank_fusion_k=60
158,Q0,FR88922-0020,660,0.15420245243673117,reciprocal_rank_fusion_k=60
158,Q0,AP890410-0095,661,0.15349154241311613,reciprocal_rank_fusion_k=60
158,Q0,FR891031-0017,662,0.153323838725574,reciprocal_rank_fusion_k=60
158,Q0,WSJ880707-0130,663,0.15331925698215618,reciprocal_rank_fusion_k=60
158,Q0,FR89321-0007,664,0.15325929564447724,reciprocal_rank_fusion_k=60
158,Q0,FR89602-0003,665,0.15322655486678755,reciprocal_rank_fusion_k=60
158,Q0,WSJ910716-0113,666,0.15300225318285138,reciprocal_rank_fusion_k=60
158,Q0,AP880606-0086,667,0.15273600509725846,reciprocal_rank_fusion_k=60
158,Q0,WSJ920207-0101,668,0.15268512818062852,reciprocal_rank_fusion_k=60
158,Q0,AP890922-0178,669,0.15259640068013197,reciprocal_rank_fusion_k=60
158,Q0,WSJ870127-0064,670,0.15227072583286544,reciprocal_rank_fusion_k=60
158,Q0,WSJ920323-0163,671,0.15189123500401286,reciprocal_rank_fusion_k=60
158,Q0,FR89629-0002,672,0.1518815086689502,reciprocal_rank_fusion_k=60
158,Q0,AP890615-0027,673,0.1518490916950269,reciprocal_rank_fusion_k=60
158,Q0,WSJ870122-0026,674,0.15150367272566345,reciprocal_rank_fusion_k=60
158,Q0,FR89818-0030,675,0.1514538134935047,reciprocal_rank_fusion_k=60
158,Q0,WSJ870406-0052,676,0.15122957080098073,reciprocal_rank_fusion_k=60
158,Q0,FR88518-0011,677,0.15078371041233912,reciprocal_rank_fusion_k=60
158,Q0,FR89501-0006,678,0.15051420065491716,reciprocal_rank_fusion_k=60
158,Q0,FR891018-0010,679,0.15037441154362113,reciprocal_rank_fusion_k=60
158,Q0,FR88929-0080,680,0.15016798838626558,reciprocal_rank_fusion_k=60
158,Q0,FR89119-0030,681,0.15006754438573816,reciprocal_rank_fusion_k=60
158,Q0,AP890524-0294,682,0.14994967136426904,reciprocal_rank_fusion_k=60
158,Q0,ZF108-717-238,683,0.14966264771190843,reciprocal_rank_fusion_k=60
158,Q0,ZF207-318-043,684,0.14942243148942308,reciprocal_rank_fusion_k=60
158,Q0,AP880922-0179,685,0.14912284235009937,reciprocal_rank_fusion_k=60
158,Q0,AP881213-0185,686,0.14884530641030552,reciprocal_rank_fusion_k=60
158,Q0,WSJ910306-0067,687,0.14849460704472253,reciprocal_rank_fusion_k=60
158,Q0,WSJ900723-0143,688,0.14798055550012357,reciprocal_rank_fusion_k=60
158,Q0,AP890605-0060,689,0.1479516019153172,reciprocal_rank_fusion_k=60
158,Q0,WSJ911216-0082,690,0.14747098131879371,reciprocal_rank_fusion_k=60
158,Q0,FR88713-0110,691,0.1472257099914172,reciprocal_rank_fusion_k=60
158,Q0,AP881120-0028,692,0.14710879108763203,reciprocal_rank_fusion_k=60
158,Q0,AP890628-0200,693,0.14661062123258278,reciprocal_rank_fusion_k=60
158,Q0,FR891011-0010,694,0.14622276144186142,reciprocal_rank_fusion_k=60
158,Q0,AP881203-0067,695,0.14618208266835422,reciprocal_rank_fusion_k=60
158,Q0,AP890814-0186,696,0.14616447001355343,reciprocal_rank_fusion_k=60
158,Q0,AP880628-0175,697,0.14609745283048628,reciprocal_rank_fusion_k=60
158,Q0,WSJ910703-0134,698,0.14580024977757308,reciprocal_rank_fusion_k=60
158,Q0,DOE2-68-0149,699,0.1455994517613376,reciprocal_rank_fusion_k=60
158,Q0,WSJ910307-0054,700,0.14536533379712555,reciprocal_rank_fusion_k=60
158,Q0,WSJ911101-0109,701,0.14514482246648716,reciprocal_rank_fusion_k=60
158,Q0,WSJ900716-0095,702,0.1449026437277723,reciprocal_rank_fusion_k=60
158,Q0,WSJ911016-0142,703,0.14477325169375585,reciprocal_rank_fusion_k=60
158,Q0,AP880425-0019,704,0.1445488918903525,reciprocal_rank_fusion_k=60
158,Q0,WSJ870706-0071,705,0.1444530423765257,reciprocal_rank_fusion_k=60
158,Q0,WSJ870312-0011,706,0.14439274383114828,reciprocal_rank_fusion_k=60
158,Q0,FR88728-0004,707,0.1443677941170978,reciprocal_rank_fusion_k=60
158,Q0,ZF207-768-720,708,0.14416636631842722,reciprocal_rank_fusion_k=60
158,Q0,AP881026-0219,709,0.14411516338472402,reciprocal_rank_fusion_k=60
158,Q0,AP890707-0185,710,0.14402708370882694,reciprocal_rank_fusion_k=60
158,Q0,WSJ871116-0081,711,0.14401848284723193,reciprocal_rank_fusion_k=60
158,Q0,AP890815-0117,712,0.1438495745028543,reciprocal_rank_fusion_k=60
158,Q0,FR88809-0007,713,0.14370023719862907,reciprocal_rank_fusion_k=60
158,Q0,AP891113-0117,714,0.14283289862784945,reciprocal_rank_fusion_k=60
158,Q0,AP891018-0039,715,0.14225107783939422,reciprocal_rank_fusion_k=60
158,Q0,AP891025-0258,716,0.1420279224077771,reciprocal_rank_fusion_k=60
158,Q0,AP890623-0191,717,0.1410347218670911,reciprocal_rank_fusion_k=60
158,Q0,WSJ900705-0091,718,0.14048426325866872,reciprocal_rank_fusion_k=60
158,Q0,WSJ880502-0065,719,0.14032415464306272,reciprocal_rank_fusion_k=60
158,Q0,WSJ911105-0105,720,0.14008684274727143,reciprocal_rank_fusion_k=60
158,Q0,WSJ911011-0018,721,0.13964925845201795,reciprocal_rank_fusion_k=60
158,Q0,AP880912-0009,722,0.1393916444085306,reciprocal_rank_fusion_k=60
158,Q0,AP881023-0105,723,0.13938034486807788,reciprocal_rank_fusion_k=60
158,Q0,AP890303-0161,724,0.13932373739175613,reciprocal_rank_fusion_k=60
158,Q0,WSJ900618-0133,725,0.13885307692503157,reciprocal_rank_fusion_k=60
158,Q0,AP891004-0286,726,0.13884719267832407,reciprocal_rank_fusion_k=60
158,Q0,WSJ880909-0011,727,0.13882203973588036,reciprocal_rank_fusion_k=60
158,Q0,AP891117-0034,728,0.13880864531927056,reciprocal_rank_fusion_k=60
158,Q0,FR88607-0002,729,0.13868427431348293,reciprocal_rank_fusion_k=60
158,Q0,FR89609-0021,730,0.13791312606761064,reciprocal_rank_fusion_k=60
158,Q0,WSJ910926-0125,731,0.13775842109776235,reciprocal_rank_fusion_k=60
158,Q0,AP890825-0196,732,0.13743049598466495,reciprocal_rank_fusion_k=60
158,Q0,FR88926-0025,733,0.13738225317729394,reciprocal_rank_fusion_k=60
158,Q0,AP891110-0138,734,0.1372947431121622,reciprocal_rank_fusion_k=60
158,Q0,AP880628-0106,735,0.13712850729727089,reciprocal_rank_fusion_k=60
158,Q0,WSJ871005-0136,736,0.1366210863186361,reciprocal_rank_fusion_k=60
158,Q0,FR89726-0103,737,0.13635329246058997,reciprocal_rank_fusion_k=60
158,Q0,FR88511-0140,738,0.13582891544820946,reciprocal_rank_fusion_k=60
158,Q0,AP880510-0026,739,0.13573609348339372,reciprocal_rank_fusion_k=60
158,Q0,FR881028-0029,740,0.13571735692231313,reciprocal_rank_fusion_k=60
158,Q0,WSJ880425-0177,741,0.13559701832772916,reciprocal_rank_fusion_k=60
158,Q0,AP890131-0032,742,0.13541396788406326,reciprocal_rank_fusion_k=60
158,Q0,WSJ900430-0047,743,0.1352247139331691,reciprocal_rank_fusion_k=60
158,Q0,DOE2-23-1283,744,0.1350491567501518,reciprocal_rank_fusion_k=60
158,Q0,WSJ861210-0186,745,0.13492921038372044,reciprocal_rank_fusion_k=60
158,Q0,WSJ910729-0125,746,0.13486552725601592,reciprocal_rank_fusion_k=60
158,Q0,WSJ890828-0011,747,0.13476331037963507,reciprocal_rank_fusion_k=60
158,Q0,FR881027-0006,748,0.134397317044656,reciprocal_rank_fusion_k=60
158,Q0,AP880427-0179,749,0.13436155226097218,reciprocal_rank_fusion_k=60
158,Q0,ZF108-279-892,750,0.1343466072937598,reciprocal_rank_fusion_k=60
158,Q0,AP890805-0076,751,0.13407450599959778,reciprocal_rank_fusion_k=60
158,Q0,FR881121-0036,752,0.13368095280094508,reciprocal_rank_fusion_k=60
158,Q0,FR891113-0106,753,0.13362280922250808,reciprocal_rank_fusion_k=60
158,Q0,WSJ900928-0040,754,0.13343987198698928,reciprocal_rank_fusion_k=60
158,Q0,FR88721-0120,755,0.13324800648117066,reciprocal_rank_fusion_k=60
158,Q0,WSJ880728-0094,756,0.13320468274062255,reciprocal_rank_fusion_k=60
158,Q0,AP890515-0116,757,0.1331785236249707,reciprocal_rank_fusion_k=60
158,Q0,AP880812-0099,758,0.13300434484268933,reciprocal_rank_fusion_k=60
158,Q0,ZF108-101-242,759,0.1324108837214115,reciprocal_rank_fusion_k=60
158,Q0,AP890529-0101,760,0.13237088380792228,reciprocal_rank_fusion_k=60
158,Q0,AP890626-0002,761,0.13223949467328203,reciprocal_rank_fusion_k=60
158,Q0,WSJ910812-0116,762,0.13174943959459512,reciprocal_rank_fusion_k=60
158,Q0,FR89518-0034,763,0.13159920739466577,reciprocal_rank_fusion_k=60
158,Q0,ZF207-322-828,764,0.13156581905829978,reciprocal_rank_fusion_k=60
158,Q0,WSJ900921-0155,765,0.13146106667319213,reciprocal_rank_fusion_k=60
158,Q0,WSJ920220-0180,766,0.1311244228494111,reciprocal_rank_fusion_k=60
158,Q0,DOE1-73-1129,767,0.13112303338982878,reciprocal_rank_fusion_k=60
158,Q0,AP891027-0088,768,0.13074187104869253,reciprocal_rank_fusion_k=60
158,Q0,AP890428-0001,769,0.13054469510836209,reciprocal_rank_fusion_k=60
158,Q0,WSJ920205-0081,770,0.13049210312962922,reciprocal_rank_fusion_k=60
158,Q0,FR89421-0021,771,0.12983972370074506,reciprocal_rank_fusion_k=60
158,Q0,FR89515-0034,772,0.1294882556940361,reciprocal_rank_fusion_k=60
158,Q0,FR89804-0033,773,0.1294210268454896,reciprocal_rank_fusion_k=60
158,Q0,FR89927-0004,774,0.12857264150090117,reciprocal_rank_fusion_k=60
158,Q0,WSJ910927-0180,775,0.12791480903179708,reciprocal_rank_fusion_k=60
158,Q0,WSJ911031-0084,776,0.12781231170525031,reciprocal_rank_fusion_k=60
158,Q0,AP880322-0098,777,0.1274831313310096,reciprocal_rank_fusion_k=60
158,Q0,WSJ880323-0110,778,0.12746558226744042,reciprocal_rank_fusion_k=60
158,Q0,FR89522-0106,779,0.1273764145124927,reciprocal_rank_fusion_k=60
158,Q0,AP890724-0155,780,0.12729358044523517,reciprocal_rank_fusion_k=60
158,Q0,WSJ881012-0154,781,0.12718284906072203,reciprocal_rank_fusion_k=60
158,Q0,AP891014-0086,782,0.12706909993437882,reciprocal_rank_fusion_k=60
158,Q0,FR88711-0027,783,0.12705296659484563,reciprocal_rank_fusion_k=60
158,Q0,WSJ870311-0117,784,0.12649387291942804,reciprocal_rank_fusion_k=60
158,Q0,FR89208-0022,785,0.12647872722008466,reciprocal_rank_fusion_k=60
158,Q0,AP881110-0054,786,0.12636934020032123,reciprocal_rank_fusion_k=60
158,Q0,AP890531-0089,787,0.12597636246664584,reciprocal_rank_fusion_k=60
158,Q0,FR88212-0014,788,0.12595482258476495,reciprocal_rank_fusion_k=60
158,Q0,WSJ910607-0143,789,0.1259346448269503,reciprocal_rank_fusion_k=60
158,Q0,AP890118-0113,790,0.12565689622506826,reciprocal_rank_fusion_k=60
158,Q0,FR89324-0001,791,0.1254661909525474,reciprocal_rank_fusion_k=60
158,Q0,AP890627-0207,792,0.12531932360501333,reciprocal_rank_fusion_k=60
158,Q0,WSJ870910-0139,793,0.12524371617813704,reciprocal_rank_fusion_k=60
158,Q0,AP890703-0236,794,0.12515561699301128,reciprocal_rank_fusion_k=60
158,Q0,AP881128-0094,795,0.12502784445145837,reciprocal_rank_fusion_k=60
158,Q0,WSJ911015-0001,796,0.12482916547614023,reciprocal_rank_fusion_k=60
158,Q0,AP880319-0007,797,0.12453491698984351,reciprocal_rank_fusion_k=60
158,Q0,AP890614-0200,798,0.1243551495354834,reciprocal_rank_fusion_k=60
158,Q0,WSJ880226-0117,799,0.12431817444917401,reciprocal_rank_fusion_k=60
158,Q0,AP890912-0018,800,0.12407095319709363,reciprocal_rank_fusion_k=60
158,Q0,AP891121-0091,801,0.12388281062560583,reciprocal_rank_fusion_k=60
158,Q0,WSJ870610-0114,802,0.1235727326176737,reciprocal_rank_fusion_k=60
158,Q0,FR891108-0005,803,0.12354576576238883,reciprocal_rank_fusion_k=60
158,Q0,ZF207-100-330,804,0.12334598574633357,reciprocal_rank_fusion_k=60
158,Q0,WSJ870306-0010,805,0.12320248378088447,reciprocal_rank_fusion_k=60
158,Q0,AP890417-0079,806,0.12296160460891556,reciprocal_rank_fusion_k=60
158,Q0,WSJ920103-0082,807,0.12287680585585133,reciprocal_rank_fusion_k=60
158,Q0,AP890526-0142,808,0.12281048339799436,reciprocal_rank_fusion_k=60
158,Q0,AP881005-0121,809,0.12270776542343986,reciprocal_rank_fusion_k=60
158,Q0,AP890117-0133,810,0.12254242318578668,reciprocal_rank_fusion_k=60
158,Q0,WSJ900615-0145,811,0.12243341673245454,reciprocal_rank_fusion_k=60
158,Q0,WSJ871223-0173,812,0.12239479989593686,reciprocal_rank_fusion_k=60
158,Q0,FR88929-0018,813,0.12219276084500137,reciprocal_rank_fusion_k=60
158,Q0,FR89421-0118,814,0.12208772429781864,reciprocal_rank_fusion_k=60
158,Q0,FR89315-0032,815,0.12177031856709178,reciprocal_rank_fusion_k=60
158,Q0,AP891020-0132,816,0.1217246686525269,reciprocal_rank_fusion_k=60
158,Q0,WSJ900425-0106,817,0.12169826194190259,reciprocal_rank_fusion_k=60
158,Q0,WSJ880901-0147,818,0.12165023706907561,reciprocal_rank_fusion_k=60
158,Q0,AP880629-0131,819,0.12086614234796536,reciprocal_rank_fusion_k=60
158,Q0,AP891218-0212,820,0.12081580351928306,reciprocal_rank_fusion_k=60
158,Q0,AP880901-0267,821,0.12078711069883814,reciprocal_rank_fusion_k=60
158,Q0,WSJ871026-0041,822,0.12062079873966582,reciprocal_rank_fusion_k=60
158,Q0,WSJ910103-0066,823,0.12039805092703659,reciprocal_rank_fusion_k=60
158,Q0,WSJ880621-0031,824,0.12029426348775413,reciprocal_rank_fusion_k=60
158,Q0,AP881129-0259,825,0.1202242414781501,reciprocal_rank_fusion_k=60
158,Q0,WSJ870813-0114,826,0.12015428601225425,reciprocal_rank_fusion_k=60
158,Q0,FR88607-0003,827,0.12013417998128774,reciprocal_rank_fusion_k=60
158,Q0,AP881025-0027,828,0.11928477334169343,reciprocal_rank_fusion_k=60
158,Q0,WSJ880129-0110,829,0.11916982205570417,reciprocal_rank_fusion_k=60
158,Q0,FR881021-0022,830,0.11894912166405434,reciprocal_rank_fusion_k=60
158,Q0,FR881019-0055,831,0.11893207068307378,reciprocal_rank_fusion_k=60
158,Q0,WSJ880615-0086,832,0.11886842635754238,reciprocal_rank_fusion_k=60
158,Q0,AP890325-0064,833,0.11880703520993079,reciprocal_rank_fusion_k=60
158,Q0,AP891118-0037,834,0.11877943792471089,reciprocal_rank_fusion_k=60
158,Q0,WSJ910815-0036,835,0.11838975260782783,reciprocal_rank_fusion_k=60
158,Q0,AP881227-0014,836,0.11835269495129304,reciprocal_rank_fusion_k=60
158,Q0,WSJ870518-0056,837,0.11814028717447084,reciprocal_rank_fusion_k=60
158,Q0,AP880902-0129,838,0.11812945241182513,reciprocal_rank_fusion_k=60
158,Q0,FR88510-0025,839,0.11782378489401991,reciprocal_rank_fusion_k=60
158,Q0,WSJ880705-0064,840,0.11769305676859734,reciprocal_rank_fusion_k=60
158,Q0,FR89517-0099,841,0.11762898232668052,reciprocal_rank_fusion_k=60
158,Q0,DOE1-01-1033,842,0.11762476794512135,reciprocal_rank_fusion_k=60
158,Q0,AP890323-0117,843,0.11744300516752251,reciprocal_rank_fusion_k=60
158,Q0,FR881026-0023,844,0.1173919630358776,reciprocal_rank_fusion_k=60
158,Q0,WSJ870129-0079,845,0.11692467157000751,reciprocal_rank_fusion_k=60
158,Q0,WSJ911101-0010,846,0.11689494676602606,reciprocal_rank_fusion_k=60
158,Q0,WSJ911004-0125,847,0.11677022875195504,reciprocal_rank_fusion_k=60
158,Q0,WSJ880301-0162,848,0.11661536211127049,reciprocal_rank_fusion_k=60
158,Q0,WSJ890927-0164,849,0.11659053658210072,reciprocal_rank_fusion_k=60
158,Q0,AP880930-0018,850,0.11656911369313042,reciprocal_rank_fusion_k=60
158,Q0,AP880519-0147,851,0.11619781543677675,reciprocal_rank_fusion_k=60
158,Q0,WSJ880329-0089,852,0.1161352494005685,reciprocal_rank_fusion_k=60
158,Q0,AP891024-0129,853,0.11598394147284169,reciprocal_rank_fusion_k=60
158,Q0,FR89414-0002,854,0.11577005050032277,reciprocal_rank_fusion_k=60
158,Q0,AP891014-0088,855,0.11575764136267355,reciprocal_rank_fusion_k=60
158,Q0,WSJ910925-0089,856,0.11559436782644658,reciprocal_rank_fusion_k=60
158,Q0,AP880912-0232,857,0.11553193098259312,reciprocal_rank_fusion_k=60
158,Q0,AP891109-0238,858,0.11549314770364585,reciprocal_rank_fusion_k=60
158,Q0,WSJ910319-0066,859,0.11547712558940196,reciprocal_rank_fusion_k=60
158,Q0,FR881021-0029,860,0.11543365502548907,reciprocal_rank_fusion_k=60
158,Q0,AP880825-0065,861,0.11523427327165277,reciprocal_rank_fusion_k=60
158,Q0,AP881214-0020,862,0.1151836105667861,reciprocal_rank_fusion_k=60
158,Q0,AP880307-0156,863,0.11498272342048549,reciprocal_rank_fusion_k=60
158,Q0,WSJ880608-0143,864,0.11496751960359373,reciprocal_rank_fusion_k=60
158,Q0,WSJ910816-0162,865,0.11480968489529246,reciprocal_rank_fusion_k=60
158,Q0,DOE1-57-0266,866,0.11457346616307491,reciprocal_rank_fusion_k=60
158,Q0,WSJ870715-0102,867,0.11456765616127704,reciprocal_rank_fusion_k=60
158,Q0,WSJ880705-0063,868,0.11413831552767378,reciprocal_rank_fusion_k=60
158,Q0,AP890227-0014,869,0.11407580905600229,reciprocal_rank_fusion_k=60
158,Q0,FR89119-0111,870,0.11405979173143393,reciprocal_rank_fusion_k=60
158,Q0,FR881006-0002,871,0.11399791587835464,reciprocal_rank_fusion_k=60
158,Q0,FR88518-0026,872,0.11394133827739017,reciprocal_rank_fusion_k=60
158,Q0,AP880615-0137,873,0.11384395785181414,reciprocal_rank_fusion_k=60
158,Q0,WSJ911015-0077,874,0.11345543574911172,reciprocal_rank_fusion_k=60
158,Q0,WSJ890821-0030,875,0.11336051057535938,reciprocal_rank_fusion_k=60
158,Q0,WSJ880816-0046,876,0.11333806455301236,reciprocal_rank_fusion_k=60
158,Q0,AP881031-0105,877,0.11313106868007014,reciprocal_rank_fusion_k=60
158,Q0,ZF108-625-252,878,0.11306487634675988,reciprocal_rank_fusion_k=60
158,Q0,AP880830-0015,879,0.1128426693966948,reciprocal_rank_fusion_k=60
158,Q0,AP890514-0031,880,0.112794136462896,reciprocal_rank_fusion_k=60
158,Q0,WSJ911120-0097,881,0.1127274821232123,reciprocal_rank_fusion_k=60
158,Q0,WSJ870805-0079,882,0.11266904469664227,reciprocal_rank_fusion_k=60
158,Q0,AP891027-0221,883,0.11206614941763601,reciprocal_rank_fusion_k=60
158,Q0,AP880917-0014,884,0.11178839880825821,reciprocal_rank_fusion_k=60
158,Q0,AP890810-0190,885,0.11178599916576909,reciprocal_rank_fusion_k=60
158,Q0,AP880809-0097,886,0.1115636496918525,reciprocal_rank_fusion_k=60
158,Q0,FR891013-0117,887,0.11153023587770416,reciprocal_rank_fusion_k=60
158,Q0,AP880606-0019,888,0.11150193874827379,reciprocal_rank_fusion_k=60
158,Q0,WSJ880914-0003,889,0.11141556020410712,reciprocal_rank_fusion_k=60
158,Q0,FR89626-0137,890,0.11132042220235783,reciprocal_rank_fusion_k=60
158,Q0,AP880218-0137,891,0.11122101236322848,reciprocal_rank_fusion_k=60
158,Q0,WSJ920129-0071,892,0.11117687091071739,reciprocal_rank_fusion_k=60
158,Q0,ZF207-333-828,893,0.1111108780625205,reciprocal_rank_fusion_k=60
158,Q0,AP880811-0157,894,0.11089755033912906,reciprocal_rank_fusion_k=60
158,Q0,AP880219-0031,895,0.11081147605413469,reciprocal_rank_fusion_k=60
158,Q0,WSJ911016-0126,896,0.11074097417159205,reciprocal_rank_fusion_k=60
158,Q0,AP881122-0166,897,0.11061589357157797,reciprocal_rank_fusion_k=60
158,Q0,AP881109-0072,898,0.1105226452191343,reciprocal_rank_fusion_k=60
158,Q0,DOE1-34-0654,899,0.1104158781554421,reciprocal_rank_fusion_k=60
158,Q0,WSJ870708-0147,900,0.10992568426652947,reciprocal_rank_fusion_k=60
158,Q0,FR89628-0021,901,0.10990892743733956,reciprocal_rank_fusion_k=60
158,Q0,WSJ910628-0043,902,0.10986521306392429,reciprocal_rank_fusion_k=60
158,Q0,AP880221-0044,903,0.10965306077475746,reciprocal_rank_fusion_k=60
158,Q0,WSJ900907-0143,904,0.10928161894119563,reciprocal_rank_fusion_k=60
158,Q0,WSJ870422-0156,905,0.10927745500508236,reciprocal_rank_fusion_k=60
158,Q0,AP890207-0092,906,0.10903897653743269,reciprocal_rank_fusion_k=60
158,Q0,WSJ891027-0035,907,0.10898340019758304,reciprocal_rank_fusion_k=60
158,Q0,AP890205-0059,908,0.10891128025205037,reciprocal_rank_fusion_k=60
158,Q0,WSJ920214-0096,909,0.10890323701255598,reciprocal_rank_fusion_k=60
158,Q0,WSJ890728-0150,910,0.10885718845765288,reciprocal_rank_fusion_k=60
158,Q0,WSJ870720-0034,911,0.10848491458237544,reciprocal_rank_fusion_k=60
158,Q0,AP880318-0232,912,0.10794077267179708,reciprocal_rank_fusion_k=60
158,Q0,WSJ911009-0102,913,0.10780829043433948,reciprocal_rank_fusion_k=60
158,Q0,WSJ880129-0161,914,0.10754873256089563,reciprocal_rank_fusion_k=60
158,Q0,WSJ900814-0107,915,0.10740016507246875,reciprocal_rank_fusion_k=60
158,Q0,AP880825-0131,916,0.10739278549714942,reciprocal_rank_fusion_k=60
158,Q0,AP881109-0238,917,0.10737316107615529,reciprocal_rank_fusion_k=60
158,Q0,AP890825-0076,918,0.10734309685199762,reciprocal_rank_fusion_k=60
158,Q0,FR89808-0023,919,0.10733468018344161,reciprocal_rank_fusion_k=60
158,Q0,AP881119-0085,920,0.10723833706561661,reciprocal_rank_fusion_k=60
158,Q0,AP880425-0197,921,0.10720859305397921,reciprocal_rank_fusion_k=60
158,Q0,AP890418-0032,922,0.10712315180117044,reciprocal_rank_fusion_k=60
158,Q0,AP880817-0077,923,0.1069379273734864,reciprocal_rank_fusion_k=60
158,Q0,WSJ880303-0002,924,0.10690494350804293,reciprocal_rank_fusion_k=60
158,Q0,AP880701-0014,925,0.10677227387124218,reciprocal_rank_fusion_k=60
158,Q0,FR891109-0005,926,0.1064899465972319,reciprocal_rank_fusion_k=60
158,Q0,FR88719-0047,927,0.10641456459396195,reciprocal_rank_fusion_k=60
158,Q0,WSJ910314-0021,928,0.10638019623227493,reciprocal_rank_fusion_k=60
158,Q0,WSJ880607-0010,929,0.10604370010221359,reciprocal_rank_fusion_k=60
158,Q0,FR88711-0001,930,0.10584449534911997,reciprocal_rank_fusion_k=60
158,Q0,WSJ910715-0099,931,0.10583861257543178,reciprocal_rank_fusion_k=60
158,Q0,WSJ910515-0126,932,0.10577024275663076,reciprocal_rank_fusion_k=60
158,Q0,WSJ920121-0103,933,0.10558264199846172,reciprocal_rank_fusion_k=60
158,Q0,WSJ920304-0162,934,0.10494197478426238,reciprocal_rank_fusion_k=60
158,Q0,WSJ870204-0103,935,0.10482786687685228,reciprocal_rank_fusion_k=60
158,Q0,AP890107-0068,936,0.10476276412888624,reciprocal_rank_fusion_k=60
158,Q0,AP880629-0211,937,0.10464228161929154,reciprocal_rank_fusion_k=60
158,Q0,WSJ881006-0118,938,0.1045181572389413,reciprocal_rank_fusion_k=60
158,Q0,FR88603-0018,939,0.10442109910314112,reciprocal_rank_fusion_k=60
158,Q0,AP891116-0121,940,0.10440634728571793,reciprocal_rank_fusion_k=60
158,Q0,WSJ880916-0067,941,0.10436626314730302,reciprocal_rank_fusion_k=60
158,Q0,WSJ871001-0101,942,0.10434878689130105,reciprocal_rank_fusion_k=60
158,Q0,WSJ870424-0151,943,0.10426641217799257,reciprocal_rank_fusion_k=60
158,Q0,AP880513-0053,944,0.10417589914186061,reciprocal_rank_fusion_k=60
158,Q0,AP880525-0178,945,0.10401374412443386,reciprocal_rank_fusion_k=60
158,Q0,WSJ900913-0055,946,0.10394856220898915,reciprocal_rank_fusion_k=60
158,Q0,AP881214-0026,947,0.10370391249688164,reciprocal_rank_fusion_k=60
158,Q0,WSJ870810-0124,948,0.1035706708316321,reciprocal_rank_fusion_k=60
158,Q0,AP890513-0089,949,0.10354135459341163,reciprocal_rank_fusion_k=60
158,Q0,WSJ870512-0102,950,0.10347756060231925,reciprocal_rank_fusion_k=60
158,Q0,WSJ910621-0149,951,0.10335934067219388,reciprocal_rank_fusion_k=60
158,Q0,WSJ891006-0090,952,0.10329913578256646,reciprocal_rank_fusion_k=60
158,Q0,AP890513-0091,953,0.10316550880722795,reciprocal_rank_fusion_k=60
158,Q0,ZF108-187-362,954,0.10307353098160112,reciprocal_rank_fusion_k=60
158,Q0,ZF207-300-563,955,0.10293450993983944,reciprocal_rank_fusion_k=60
158,Q0,AP890206-0200,956,0.1028540150358585,reciprocal_rank_fusion_k=60
158,Q0,WSJ880329-0108,957,0.1028449299594586,reciprocal_rank_fusion_k=60
158,Q0,WSJ870601-0121,958,0.10277104977460116,reciprocal_rank_fusion_k=60
158,Q0,WSJ880323-0020,959,0.10266439626976344,reciprocal_rank_fusion_k=60
158,Q0,WSJ890830-0056,960,0.10257386894577686,reciprocal_rank_fusion_k=60
158,Q0,WSJ870819-0125,961,0.10241521171347151,reciprocal_rank_fusion_k=60
158,Q0,ZF207-747-024,962,0.1024018944497622,reciprocal_rank_fusion_k=60
158,Q0,DOE1-69-1147,963,0.10223507190283387,reciprocal_rank_fusion_k=60
158,Q0,FR88816-0033,964,0.10219310931429113,reciprocal_rank_fusion_k=60
158,Q0,ZF207-555-350,965,0.10210490944487904,reciprocal_rank_fusion_k=60
158,Q0,WSJ900621-0117,966,0.10207334468261778,reciprocal_rank_fusion_k=60
158,Q0,FR88708-0027,967,0.10206613900632891,reciprocal_rank_fusion_k=60
158,Q0,AP890126-0039,968,0.10190397334576105,reciprocal_rank_fusion_k=60
158,Q0,AP890907-0124,969,0.1018899965110005,reciprocal_rank_fusion_k=60
158,Q0,FR881021-0114,970,0.10175756047562243,reciprocal_rank_fusion_k=60
158,Q0,FR88212-0031,971,0.10161389363369112,reciprocal_rank_fusion_k=60
158,Q0,WSJ880930-0212,972,0.10157277309444182,reciprocal_rank_fusion_k=60
158,Q0,AP890521-0081,973,0.10125613054431226,reciprocal_rank_fusion_k=60
158,Q0,WSJ880719-0129,974,0.10116715570550094,reciprocal_rank_fusion_k=60
158,Q0,WSJ900720-0063,975,0.10112051529637536,reciprocal_rank_fusion_k=60
158,Q0,AP890918-0027,976,0.10103521625777927,reciprocal_rank_fusion_k=60
158,Q0,AP880424-0006,977,0.10101567381802097,reciprocal_rank_fusion_k=60
158,Q0,FR88607-0109,978,0.10093039488010129,reciprocal_rank_fusion_k=60
158,Q0,WSJ870105-0031,979,0.1007136278968517,reciprocal_rank_fusion_k=60
158,Q0,WSJ900516-0082,980,0.10057274779995762,reciprocal_rank_fusion_k=60
158,Q0,AP881118-0020,981,0.10039249909098552,reciprocal_rank_fusion_k=60
158,Q0,AP881212-0104,982,0.10034885687894125,reciprocal_rank_fusion_k=60
158,Q0,FR89627-0133,983,0.10022028994399852,reciprocal_rank_fusion_k=60
158,Q0,WSJ870512-0006,984,0.09968007616870174,reciprocal_rank_fusion_k=60
158,Q0,FR89925-0072,985,0.09962316478772527,reciprocal_rank_fusion_k=60
158,Q0,WSJ911022-0180,986,0.09962100856697817,reciprocal_rank_fusion_k=60
158,Q0,WSJ871120-0058,987,0.09946274216214401,reciprocal_rank_fusion_k=60
158,Q0,AP890322-0113,988,0.09940675165511491,reciprocal_rank_fusion_k=60
158,Q0,AP890820-0018,989,0.09932643630795872,reciprocal_rank_fusion_k=60
158,Q0,WSJ911223-0012,990,0.09914837700697478,reciprocal_rank_fusion_k=60
158,Q0,WSJ870326-0014,991,0.09911073913494271,reciprocal_rank_fusion_k=60
158,Q0,ZF207-842-640,992,0.09910211343197002,reciprocal_rank_fusion_k=60
158,Q0,AP891106-0012,993,0.09907409867988728,reciprocal_rank_fusion_k=60
158,Q0,AP880605-0026,994,0.09903483043885587,reciprocal_rank_fusion_k=60
158,Q0,AP890718-0174,995,0.09895713603827512,reciprocal_rank_fusion_k=60
158,Q0,AP891214-0187,996,0.0987104411384441,reciprocal_rank_fusion_k=60
158,Q0,AP880802-0005,997,0.0985562335289237,reciprocal_rank_fusion_k=60
158,Q0,WSJ891020-0074,998,0.09838698253549949,reciprocal_rank_fusion_k=60
158,Q0,AP890412-0181,999,0.09837874903727492,reciprocal_rank_fusion_k=60
158,Q0,FR88819-0002,1000,0.09828824820313414,reciprocal_rank_fusion_k=60
161,Q0,AP890211-0104,1,2.0537257567693534,reciprocal_rank_fusion_k=60
161,Q0,DOE2-29-1033,2,2.00708911221489,reciprocal_rank_fusion_k=60
161,Q0,WSJ871102-0174,3,2.0044863544640568,reciprocal_rank_fusion_k=60
161,Q0,AP890301-0217,4,1.9494643585441445,reciprocal_rank_fusion_k=60
161,Q0,DOE2-80-0897,5,1.8894319446402137,reciprocal_rank_fusion_k=60
161,Q0,AP880502-0027,6,1.7916358883601426,reciprocal_rank_fusion_k=60
161,Q0,DOE2-14-0412,7,1.761727435487855,reciprocal_rank_fusion_k=60
161,Q0,AP890316-0108,8,1.71261880215999,reciprocal_rank_fusion_k=60
161,Q0,AP890511-0040,9,1.709344583921248,reciprocal_rank_fusion_k=60
161,Q0,AP880607-0032,10,1.6599564551818662,reciprocal_rank_fusion_k=60
161,Q0,WSJ880729-0030,11,1.6504992123405513,reciprocal_rank_fusion_k=60
161,Q0,DOE1-76-0905,12,1.583721449034032,reciprocal_rank_fusion_k=60
161,Q0,AP890913-0047,13,1.5788785813410828,reciprocal_rank_fusion_k=60
161,Q0,WSJ900405-0130,14,1.565337161939379,reciprocal_rank_fusion_k=60
161,Q0,AP880714-0017,15,1.5238721205629484,reciprocal_rank_fusion_k=60
161,Q0,AP890712-0189,16,1.446423245580832,reciprocal_rank_fusion_k=60
161,Q0,AP890210-0133,17,1.4306155820041206,reciprocal_rank_fusion_k=60
161,Q0,AP890210-0081,18,1.4293717004126631,reciprocal_rank_fusion_k=60
161,Q0,AP890131-0169,19,1.4268559909840508,reciprocal_rank_fusion_k=60
161,Q0,AP880606-0098,20,1.4154914446328337,reciprocal_rank_fusion_k=60
161,Q0,WSJ870323-0077,21,1.4084632879575865,reciprocal_rank_fusion_k=60
161,Q0,WSJ870921-0056,22,1.4083099800423047,reciprocal_rank_fusion_k=60
161,Q0,AP890922-0158,23,1.4035874497461776,reciprocal_rank_fusion_k=60
161,Q0,AP880427-0132,24,1.3901657552114932,reciprocal_rank_fusion_k=60
161,Q0,AP890612-0097,25,1.3800227080669665,reciprocal_rank_fusion_k=60
161,Q0,AP880606-0011,26,1.3668191015134208,reciprocal_rank_fusion_k=60
161,Q0,WSJ870122-0008,27,1.358429795940935,reciprocal_rank_fusion_k=60
161,Q0,AP880427-0255,28,1.3436311533373368,reciprocal_rank_fusion_k=60
161,Q0,AP890609-0173,29,1.3354038814549125,reciprocal_rank_fusion_k=60
161,Q0,AP890922-0109,30,1.3310205048734818,reciprocal_rank_fusion_k=60
161,Q0,AP890101-0043,31,1.3305264971071773,reciprocal_rank_fusion_k=60
161,Q0,DOE1-79-0549,32,1.3167274728303289,reciprocal_rank_fusion_k=60
161,Q0,DOE2-53-0984,33,1.3126830258541546,reciprocal_rank_fusion_k=60
161,Q0,AP891115-0023,34,1.2951884206908624,reciprocal_rank_fusion_k=60
161,Q0,DOE1-05-1090,35,1.2828075361544165,reciprocal_rank_fusion_k=60
161,Q0,AP880422-0238,36,1.277172764005403,reciprocal_rank_fusion_k=60
161,Q0,AP890612-0159,37,1.2723499032659644,reciprocal_rank_fusion_k=60
161,Q0,AP881005-0021,38,1.262398794402691,reciprocal_rank_fusion_k=60
161,Q0,WSJ870917-0125,39,1.2580053132147107,reciprocal_rank_fusion_k=60
161,Q0,DOE2-64-0209,40,1.2504446463651178,reciprocal_rank_fusion_k=60
161,Q0,WSJ871023-0094,41,1.2475973438746866,reciprocal_rank_fusion_k=60
161,Q0,WSJ900404-0017,42,1.2436060160818292,reciprocal_rank_fusion_k=60
161,Q0,AP890912-0171,43,1.2238361542542355,reciprocal_rank_fusion_k=60
161,Q0,AP890819-0067,44,1.210540893691398,reciprocal_rank_fusion_k=60
161,Q0,DOE1-46-0346,45,1.2083642525297538,reciprocal_rank_fusion_k=60
161,Q0,AP881006-0026,46,1.1894199635662208,reciprocal_rank_fusion_k=60
161,Q0,AP890210-0201,47,1.1885461832483624,reciprocal_rank_fusion_k=60
161,Q0,AP880906-0018,48,1.1873936586204465,reciprocal_rank_fusion_k=60
161,Q0,DOE2-12-1205,49,1.1816305487312138,reciprocal_rank_fusion_k=60
161,Q0,WSJ890825-0003,50,1.1804598236279673,reciprocal_rank_fusion_k=60
161,Q0,WSJ870923-0090,51,1.1774873699608983,reciprocal_rank_fusion_k=60
161,Q0,AP880428-0021,52,1.1719079887696067,reciprocal_rank_fusion_k=60
161,Q0,AP880215-0153,53,1.161145458376296,reciprocal_rank_fusion_k=60
161,Q0,AP880426-0213,54,1.1597076645033348,reciprocal_rank_fusion_k=60
161,Q0,AP880516-0211,55,1.151873141151159,reciprocal_rank_fusion_k=60
161,Q0,AP880426-0153,56,1.1486317425998072,reciprocal_rank_fusion_k=60
161,Q0,WSJ900406-0127,57,1.136509900490857,reciprocal_rank_fusion_k=60
161,Q0,DOE2-12-1085,58,1.1339681710601819,reciprocal_rank_fusion_k=60
161,Q0,AP890307-0227,59,1.126317425839559,reciprocal_rank_fusion_k=60
161,Q0,AP880407-0194,60,1.1181656658771952,reciprocal_rank_fusion_k=60
161,Q0,DOE1-87-1134,61,1.1150770476609355,reciprocal_rank_fusion_k=60
161,Q0,AP890908-0036,62,1.109765639571788,reciprocal_rank_fusion_k=60
161,Q0,DOE1-94-0946,63,1.1085032719977397,reciprocal_rank_fusion_k=60
161,Q0,DOE1-51-0648,64,1.1037222555774195,reciprocal_rank_fusion_k=60
161,Q0,WSJ880428-0035,65,1.10359166787766,reciprocal_rank_fusion_k=60
161,Q0,DOE1-71-0291,66,1.1019712186635404,reciprocal_rank_fusion_k=60
161,Q0,AP880429-0192,67,1.0975903851120798,reciprocal_rank_fusion_k=60
161,Q0,AP880505-0011,68,1.095267205340855,reciprocal_rank_fusion_k=60
161,Q0,AP880827-0090,69,1.0886280462232267,reciprocal_rank_fusion_k=60
161,Q0,DOE1-44-0878,70,1.083310217211296,reciprocal_rank_fusion_k=60
161,Q0,AP890613-0024,71,1.0790779454437345,reciprocal_rank_fusion_k=60
161,Q0,WSJ871006-0162,72,1.0628459244714972,reciprocal_rank_fusion_k=60
161,Q0,DOE1-42-0535,73,1.0625349542212386,reciprocal_rank_fusion_k=60
161,Q0,AP880901-0020,74,1.0601491827828606,reciprocal_rank_fusion_k=60
161,Q0,AP880630-0119,75,1.0528212904408802,reciprocal_rank_fusion_k=60
161,Q0,AP880710-0051,76,1.0474290925973444,reciprocal_rank_fusion_k=60
161,Q0,AP881010-0012,77,1.0346372442003529,reciprocal_rank_fusion_k=60
161,Q0,DOE2-69-1001,78,1.034308783565926,reciprocal_rank_fusion_k=60
161,Q0,DOE2-59-0038,79,1.033974933676682,reciprocal_rank_fusion_k=60
161,Q0,DOE1-50-0958,80,1.0312611916403203,reciprocal_rank_fusion_k=60
161,Q0,DOE2-12-1203,81,1.0256899945235463,reciprocal_rank_fusion_k=60
161,Q0,ZF207-260-346,82,1.0255340276870177,reciprocal_rank_fusion_k=60
161,Q0,AP890324-0216,83,1.0251273727642316,reciprocal_rank_fusion_k=60
161,Q0,AP890430-0057,84,1.0234591920019884,reciprocal_rank_fusion_k=60
161,Q0,DOE1-74-0620,85,1.0187237581573252,reciprocal_rank_fusion_k=60
161,Q0,AP880523-0159,86,1.0162796312283466,reciprocal_rank_fusion_k=60
161,Q0,AP880919-0020,87,1.015548208301794,reciprocal_rank_fusion_k=60
161,Q0,WSJ891102-0045,88,0.9881415611457546,reciprocal_rank_fusion_k=60
161,Q0,WSJ890815-0143,89,0.987340785401422,reciprocal_rank_fusion_k=60
161,Q0,WSJ911030-0105,90,0.9829121262040575,reciprocal_rank_fusion_k=60
161,Q0,WSJ870828-0098,91,0.9777467800288674,reciprocal_rank_fusion_k=60
161,Q0,WSJ870407-0080,92,0.9641275315146228,reciprocal_rank_fusion_k=60
161,Q0,AP881102-0020,93,0.9621814579892704,reciprocal_rank_fusion_k=60
161,Q0,AP890421-0191,94,0.9607646793292661,reciprocal_rank_fusion_k=60
161,Q0,DOE1-93-0664,95,0.9564409150291201,reciprocal_rank_fusion_k=60
161,Q0,DOE1-52-0514,96,0.9498924423144497,reciprocal_rank_fusion_k=60
161,Q0,DOE2-53-0998,97,0.9477218309733816,reciprocal_rank_fusion_k=60
161,Q0,AP890725-0029,98,0.9396075841517799,reciprocal_rank_fusion_k=60
161,Q0,AP890831-0031,99,0.9236204731753549,reciprocal_rank_fusion_k=60
161,Q0,WSJ870203-0097,100,0.917700382975964,reciprocal_rank_fusion_k=60
161,Q0,DOE2-53-1080,101,0.9068757938122121,reciprocal_rank_fusion_k=60
161,Q0,AP880606-0001,102,0.8865057404513839,reciprocal_rank_fusion_k=60
161,Q0,AP880427-0139,103,0.8858394557344504,reciprocal_rank_fusion_k=60
161,Q0,AP890712-0156,104,0.885783947734165,reciprocal_rank_fusion_k=60
161,Q0,AP880825-0039,105,0.8848214093363974,reciprocal_rank_fusion_k=60
161,Q0,DOE1-27-0817,106,0.884370997040825,reciprocal_rank_fusion_k=60
161,Q0,WSJ910607-0089,107,0.8773348387706811,reciprocal_rank_fusion_k=60
161,Q0,AP890923-0030,108,0.8768064063535225,reciprocal_rank_fusion_k=60
161,Q0,WSJ900709-0065,109,0.8723108767193638,reciprocal_rank_fusion_k=60
161,Q0,AP880518-0165,110,0.8680690296589471,reciprocal_rank_fusion_k=60
161,Q0,AP890609-0200,111,0.8657609718708544,reciprocal_rank_fusion_k=60
161,Q0,AP881005-0245,112,0.8643336994002246,reciprocal_rank_fusion_k=60
161,Q0,DOE1-57-0469,113,0.8567666694753252,reciprocal_rank_fusion_k=60
161,Q0,DOE2-15-0456,114,0.8498858958794336,reciprocal_rank_fusion_k=60
161,Q0,AP880427-0212,115,0.8493842392506311,reciprocal_rank_fusion_k=60
161,Q0,DOE1-52-0202,116,0.8458566875308244,reciprocal_rank_fusion_k=60
161,Q0,AP881005-0280,117,0.8445220459238797,reciprocal_rank_fusion_k=60
161,Q0,DOE2-55-0936,118,0.8410493310359787,reciprocal_rank_fusion_k=60
161,Q0,AP880425-0161,119,0.8393095500825312,reciprocal_rank_fusion_k=60
161,Q0,AP880908-0188,120,0.8384584266673974,reciprocal_rank_fusion_k=60
161,Q0,WSJ870318-0021,121,0.8384158910023217,reciprocal_rank_fusion_k=60
161,Q0,DOE2-54-0553,122,0.8365132028283365,reciprocal_rank_fusion_k=60
161,Q0,DOE2-07-0962,123,0.8364721376749744,reciprocal_rank_fusion_k=60
161,Q0,AP890802-0173,124,0.8305714124207132,reciprocal_rank_fusion_k=60
161,Q0,WSJ870917-0050,125,0.829683370520079,reciprocal_rank_fusion_k=60
161,Q0,DOE1-41-0512,126,0.8267557805972966,reciprocal_rank_fusion_k=60
161,Q0,DOE1-05-1100,127,0.8249240783198218,reciprocal_rank_fusion_k=60
161,Q0,DOE1-77-0463,128,0.8248085544744219,reciprocal_rank_fusion_k=60
161,Q0,AP890721-0178,129,0.820311875319532,reciprocal_rank_fusion_k=60
161,Q0,AP890206-0027,130,0.8149743972742521,reciprocal_rank_fusion_k=60
161,Q0,DOE1-51-0231,131,0.8093567486237349,reciprocal_rank_fusion_k=60
161,Q0,DOE1-20-0913,132,0.8065481479095559,reciprocal_rank_fusion_k=60
161,Q0,AP880823-0216,133,0.8055412116441903,reciprocal_rank_fusion_k=60
161,Q0,AP880831-0132,134,0.8020724781076671,reciprocal_rank_fusion_k=60
161,Q0,WSJ870908-0131,135,0.7970582915582045,reciprocal_rank_fusion_k=60
161,Q0,DOE2-71-0494,136,0.7955049110284069,reciprocal_rank_fusion_k=60
161,Q0,AP890612-0153,137,0.7901993007085213,reciprocal_rank_fusion_k=60
161,Q0,DOE2-30-0113,138,0.7886154508165804,reciprocal_rank_fusion_k=60
161,Q0,WSJ871016-0010,139,0.7829720586380863,reciprocal_rank_fusion_k=60
161,Q0,WSJ870121-0023,140,0.7804688236969068,reciprocal_rank_fusion_k=60
161,Q0,DOE1-63-0026,141,0.778359528570732,reciprocal_rank_fusion_k=60
161,Q0,AP890209-0266,142,0.7770788737724829,reciprocal_rank_fusion_k=60
161,Q0,WSJ880714-0048,143,0.7709880945354771,reciprocal_rank_fusion_k=60
161,Q0,AP890611-0014,144,0.7570745422811037,reciprocal_rank_fusion_k=60
161,Q0,WSJ870326-0077,145,0.7538218842280788,reciprocal_rank_fusion_k=60
161,Q0,WSJ870403-0124,146,0.7474034112566329,reciprocal_rank_fusion_k=60
161,Q0,AP881011-0221,147,0.7444921699534544,reciprocal_rank_fusion_k=60
161,Q0,AP890207-0153,148,0.7351687689944914,reciprocal_rank_fusion_k=60
161,Q0,WSJ890919-0139,149,0.7349902922140408,reciprocal_rank_fusion_k=60
161,Q0,AP890405-0093,150,0.7349764094763448,reciprocal_rank_fusion_k=60
161,Q0,AP880831-0091,151,0.7275757579047616,reciprocal_rank_fusion_k=60
161,Q0,AP880516-0193,152,0.7232382742516844,reciprocal_rank_fusion_k=60
161,Q0,DOE1-51-0652,153,0.7227504176302608,reciprocal_rank_fusion_k=60
161,Q0,AP891012-0010,154,0.7218539759863892,reciprocal_rank_fusion_k=60
161,Q0,AP890609-0076,155,0.720738825335811,reciprocal_rank_fusion_k=60
161,Q0,WSJ910322-0015,156,0.7173419429746487,reciprocal_rank_fusion_k=60
161,Q0,WSJ881005-0036,157,0.7156188928510693,reciprocal_rank_fusion_k=60
161,Q0,WSJ880808-0054,158,0.7102453491436961,reciprocal_rank_fusion_k=60
161,Q0,WSJ900525-0152,159,0.7080946658189851,reciprocal_rank_fusion_k=60
161,Q0,AP880722-0209,160,0.7064809841186591,reciprocal_rank_fusion_k=60
161,Q0,DOE2-80-0988,161,0.705267443935045,reciprocal_rank_fusion_k=60
161,Q0,AP881121-0147,162,0.7033814833495604,reciprocal_rank_fusion_k=60
161,Q0,AP890911-0030,163,0.7011824431210127,reciprocal_rank_fusion_k=60
161,Q0,DOE1-61-1085,164,0.7000072141536288,reciprocal_rank_fusion_k=60
161,Q0,WSJ880329-0066,165,0.699408501534061,reciprocal_rank_fusion_k=60
161,Q0,AP880220-0140,166,0.6967641462048164,reciprocal_rank_fusion_k=60
161,Q0,WSJ900524-0015,167,0.6943428472897457,reciprocal_rank_fusion_k=60
161,Q0,AP880829-0094,168,0.6942271132433299,reciprocal_rank_fusion_k=60
161,Q0,WSJ900525-0079,169,0.6924322661673182,reciprocal_rank_fusion_k=60
161,Q0,WSJ870319-0075,170,0.6871364519739046,reciprocal_rank_fusion_k=60
161,Q0,AP881101-0147,171,0.6748405256818832,reciprocal_rank_fusion_k=60
161,Q0,AP891003-0015,172,0.6741938011241458,reciprocal_rank_fusion_k=60
161,Q0,WSJ870108-0074,173,0.6741051463383416,reciprocal_rank_fusion_k=60
161,Q0,AP890914-0166,174,0.6703829098405623,reciprocal_rank_fusion_k=60
161,Q0,DOE1-26-0794,175,0.6691138015480185,reciprocal_rank_fusion_k=60
161,Q0,DOE1-10-0846,176,0.6604217190334544,reciprocal_rank_fusion_k=60
161,Q0,AP890427-0220,177,0.6489827125546542,reciprocal_rank_fusion_k=60
161,Q0,WSJ900508-0107,178,0.6466684959631089,reciprocal_rank_fusion_k=60
161,Q0,AP881223-0160,179,0.646092456525512,reciprocal_rank_fusion_k=60
161,Q0,DOE1-82-0956,180,0.6432189868791675,reciprocal_rank_fusion_k=60
161,Q0,AP890715-0108,181,0.6378374074719498,reciprocal_rank_fusion_k=60
161,Q0,DOE1-41-0514,182,0.6372642204697759,reciprocal_rank_fusion_k=60
161,Q0,AP880310-0020,183,0.6253077474831764,reciprocal_rank_fusion_k=60
161,Q0,AP890907-0156,184,0.620923115286532,reciprocal_rank_fusion_k=60
161,Q0,AP890706-0221,185,0.6174285183899899,reciprocal_rank_fusion_k=60
161,Q0,DOE2-56-0127,186,0.6148581657334069,reciprocal_rank_fusion_k=60
161,Q0,AP880524-0066,187,0.6148551470371009,reciprocal_rank_fusion_k=60
161,Q0,DOE1-78-1151,188,0.6143567798810744,reciprocal_rank_fusion_k=60
161,Q0,DOE2-61-0306,189,0.6073391798319008,reciprocal_rank_fusion_k=60
161,Q0,DOE2-22-0770,190,0.6061775894856265,reciprocal_rank_fusion_k=60
161,Q0,AP880427-0006,191,0.6058889794840174,reciprocal_rank_fusion_k=60
161,Q0,AP880801-0158,192,0.6006154241802875,reciprocal_rank_fusion_k=60
161,Q0,DOE2-71-0495,193,0.5985558671690137,reciprocal_rank_fusion_k=60
161,Q0,AP890613-0023,194,0.5961998026713856,reciprocal_rank_fusion_k=60
161,Q0,AP880330-0162,195,0.5955589261352495,reciprocal_rank_fusion_k=60
161,Q0,DOE2-15-0979,196,0.5910755490095756,reciprocal_rank_fusion_k=60
161,Q0,AP890613-0089,197,0.590812475474309,reciprocal_rank_fusion_k=60
161,Q0,DOE1-26-0797,198,0.5899738852401738,reciprocal_rank_fusion_k=60
161,Q0,ZF108-831-558,199,0.588939521180254,reciprocal_rank_fusion_k=60
161,Q0,DOE2-22-0579,200,0.5888177384585264,reciprocal_rank_fusion_k=60
161,Q0,DOE1-38-0027,201,0.5858348480848652,reciprocal_rank_fusion_k=60
161,Q0,DOE2-59-0549,202,0.581633254328944,reciprocal_rank_fusion_k=60
161,Q0,FR881017-0020,203,0.577184407109762,reciprocal_rank_fusion_k=60
161,Q0,DOE1-08-1021,204,0.576736622132761,reciprocal_rank_fusion_k=60
161,Q0,DOE2-41-0694,205,0.5765888292335881,reciprocal_rank_fusion_k=60
161,Q0,AP880616-0086,206,0.5739546474730429,reciprocal_rank_fusion_k=60
161,Q0,DOE2-03-0012,207,0.5720574545846759,reciprocal_rank_fusion_k=60
161,Q0,DOE1-83-0563,208,0.5710085708403907,reciprocal_rank_fusion_k=60
161,Q0,DOE1-23-0766,209,0.5703618412804783,reciprocal_rank_fusion_k=60
161,Q0,AP881031-0127,210,0.568904145456087,reciprocal_rank_fusion_k=60
161,Q0,AP880425-0111,211,0.5654591989866596,reciprocal_rank_fusion_k=60
161,Q0,AP890612-0091,212,0.5630275501391185,reciprocal_rank_fusion_k=60
161,Q0,AP890210-0057,213,0.5593798461645713,reciprocal_rank_fusion_k=60
161,Q0,DOE1-62-0989,214,0.5591356796929925,reciprocal_rank_fusion_k=60
161,Q0,DOE1-83-0436,215,0.5579031678033816,reciprocal_rank_fusion_k=60
161,Q0,AP880627-0092,216,0.5542484805814031,reciprocal_rank_fusion_k=60
161,Q0,DOE2-46-0721,217,0.5532972008106443,reciprocal_rank_fusion_k=60
161,Q0,WSJ890831-0077,218,0.5528054836927958,reciprocal_rank_fusion_k=60
161,Q0,AP880515-0032,219,0.5504135740709155,reciprocal_rank_fusion_k=60
161,Q0,AP890722-0011,220,0.5484935301286297,reciprocal_rank_fusion_k=60
161,Q0,AP890803-0089,221,0.5475850487495729,reciprocal_rank_fusion_k=60
161,Q0,DOE2-61-0548,222,0.5453939612161187,reciprocal_rank_fusion_k=60
161,Q0,WSJ870727-0077,223,0.5427544623055691,reciprocal_rank_fusion_k=60
161,Q0,WSJ880112-0081,224,0.5405675808264899,reciprocal_rank_fusion_k=60
161,Q0,AP890131-0116,225,0.5374503272234278,reciprocal_rank_fusion_k=60
161,Q0,DOE2-56-0646,226,0.5337580182544963,reciprocal_rank_fusion_k=60
161,Q0,DOE1-62-0830,227,0.532086990763083,reciprocal_rank_fusion_k=60
161,Q0,DOE2-31-0213,228,0.5310101715870107,reciprocal_rank_fusion_k=60
161,Q0,WSJ880727-0030,229,0.5304267096047048,reciprocal_rank_fusion_k=60
161,Q0,AP890103-0036,230,0.5285904141915178,reciprocal_rank_fusion_k=60
161,Q0,DOE1-25-0167,231,0.5268808262193724,reciprocal_rank_fusion_k=60
161,Q0,AP890913-0151,232,0.5254716596358349,reciprocal_rank_fusion_k=60
161,Q0,AP880425-0021,233,0.5243172142094362,reciprocal_rank_fusion_k=60
161,Q0,AP890608-0152,234,0.5242283267939077,reciprocal_rank_fusion_k=60
161,Q0,AP880831-0190,235,0.5230666222940303,reciprocal_rank_fusion_k=60
161,Q0,AP890801-0124,236,0.5225759411397152,reciprocal_rank_fusion_k=60
161,Q0,AP890721-0114,237,0.5221984987848101,reciprocal_rank_fusion_k=60
161,Q0,AP881014-0221,238,0.5176452468543713,reciprocal_rank_fusion_k=60
161,Q0,AP880710-0063,239,0.5174408446085572,reciprocal_rank_fusion_k=60
161,Q0,AP890612-0084,240,0.5102948816377236,reciprocal_rank_fusion_k=60
161,Q0,AP880902-0027,241,0.5101477499150795,reciprocal_rank_fusion_k=60
161,Q0,DOE1-33-0941,242,0.5095774752251409,reciprocal_rank_fusion_k=60
161,Q0,AP890915-0090,243,0.5075956322696724,reciprocal_rank_fusion_k=60
161,Q0,WSJ910510-0018,244,0.5054665784416719,reciprocal_rank_fusion_k=60
161,Q0,DOE2-69-1099,245,0.5025160883150417,reciprocal_rank_fusion_k=60
161,Q0,DOE1-04-1329,246,0.5025140069911008,reciprocal_rank_fusion_k=60
161,Q0,WSJ911011-0119,247,0.5018695704990497,reciprocal_rank_fusion_k=60
161,Q0,WSJ911213-0008,248,0.5000851982588698,reciprocal_rank_fusion_k=60
161,Q0,WSJ881025-0176,249,0.49604336330895465,reciprocal_rank_fusion_k=60
161,Q0,WSJ900827-0069,250,0.4956636600196416,reciprocal_rank_fusion_k=60
161,Q0,DOE1-01-0142,251,0.4949717895885869,reciprocal_rank_fusion_k=60
161,Q0,DOE1-65-0331,252,0.49418081323095797,reciprocal_rank_fusion_k=60
161,Q0,AP891101-0092,253,0.4916732391720004,reciprocal_rank_fusion_k=60
161,Q0,DOE1-43-0669,254,0.4904795757411476,reciprocal_rank_fusion_k=60
161,Q0,AP890512-0201,255,0.4827628152386127,reciprocal_rank_fusion_k=60
161,Q0,WSJ890928-0096,256,0.48161962727504315,reciprocal_rank_fusion_k=60
161,Q0,WSJ880415-0102,257,0.48020179862947165,reciprocal_rank_fusion_k=60
161,Q0,AP881102-0256,258,0.4775985068415725,reciprocal_rank_fusion_k=60
161,Q0,WSJ910308-0115,259,0.47574709908893337,reciprocal_rank_fusion_k=60
161,Q0,AP890802-0037,260,0.4756083139959278,reciprocal_rank_fusion_k=60
161,Q0,DOE1-72-0839,261,0.472018259504048,reciprocal_rank_fusion_k=60
161,Q0,DOE1-86-0149,262,0.47140321104565,reciprocal_rank_fusion_k=60
161,Q0,AP891010-0152,263,0.46942076730917476,reciprocal_rank_fusion_k=60
161,Q0,AP880215-0074,264,0.4664285878800246,reciprocal_rank_fusion_k=60
161,Q0,AP890610-0125,265,0.46284961460471263,reciprocal_rank_fusion_k=60
161,Q0,AP890711-0219,266,0.45962954517343535,reciprocal_rank_fusion_k=60
161,Q0,DOE1-71-0309,267,0.4510824621322658,reciprocal_rank_fusion_k=60
161,Q0,DOE1-79-0724,268,0.4506976412708057,reciprocal_rank_fusion_k=60
161,Q0,AP880908-0026,269,0.4465706103618457,reciprocal_rank_fusion_k=60
161,Q0,DOE1-79-0644,270,0.44602427041900605,reciprocal_rank_fusion_k=60
161,Q0,AP880912-0126,271,0.44585678122613487,reciprocal_rank_fusion_k=60
161,Q0,WSJ900522-0084,272,0.445489406476972,reciprocal_rank_fusion_k=60
161,Q0,AP890308-0090,273,0.4428501615626476,reciprocal_rank_fusion_k=60
161,Q0,AP890927-0022,274,0.4419824489667533,reciprocal_rank_fusion_k=60
161,Q0,DOE1-03-0468,275,0.438166169726745,reciprocal_rank_fusion_k=60
161,Q0,DOE2-41-0119,276,0.4354219773366417,reciprocal_rank_fusion_k=60
161,Q0,WSJ900730-0104,277,0.4348890291528077,reciprocal_rank_fusion_k=60
161,Q0,AP880428-0190,278,0.4339028969395078,reciprocal_rank_fusion_k=60
161,Q0,AP890830-0097,279,0.43350281478131764,reciprocal_rank_fusion_k=60
161,Q0,DOE1-75-0502,280,0.42881807374378034,reciprocal_rank_fusion_k=60
161,Q0,DOE1-95-0862,281,0.428815362514017,reciprocal_rank_fusion_k=60
161,Q0,AP890920-0034,282,0.428790116432469,reciprocal_rank_fusion_k=60
161,Q0,AP890618-0082,283,0.42846362022846507,reciprocal_rank_fusion_k=60
161,Q0,AP880414-0086,284,0.4284058267414986,reciprocal_rank_fusion_k=60
161,Q0,DOE2-59-0274,285,0.42664581291621073,reciprocal_rank_fusion_k=60
161,Q0,DOE2-19-0948,286,0.4251061776380996,reciprocal_rank_fusion_k=60
161,Q0,DOE1-67-0491,287,0.4236323619961395,reciprocal_rank_fusion_k=60
161,Q0,AP880527-0036,288,0.42114681571783075,reciprocal_rank_fusion_k=60
161,Q0,WSJ890817-0035,289,0.41989741412600246,reciprocal_rank_fusion_k=60
161,Q0,AP890919-0184,290,0.41874253859880384,reciprocal_rank_fusion_k=60
161,Q0,AP880317-0024,291,0.41805837167222837,reciprocal_rank_fusion_k=60
161,Q0,AP880918-0047,292,0.4152919665120905,reciprocal_rank_fusion_k=60
161,Q0,DOE2-04-0457,293,0.4151691822543323,reciprocal_rank_fusion_k=60
161,Q0,DOE2-16-0619,294,0.4145914555790194,reciprocal_rank_fusion_k=60
161,Q0,AP890926-0198,295,0.41448061936795366,reciprocal_rank_fusion_k=60
161,Q0,AP890620-0075,296,0.411505633769834,reciprocal_rank_fusion_k=60
161,Q0,DOE2-69-0312,297,0.41106025037204547,reciprocal_rank_fusion_k=60
161,Q0,WSJ900420-0070,298,0.4109205359822191,reciprocal_rank_fusion_k=60
161,Q0,AP890718-0225,299,0.4091946668796459,reciprocal_rank_fusion_k=60
161,Q0,WSJ861217-0136,300,0.4076994259329649,reciprocal_rank_fusion_k=60
161,Q0,AP881130-0078,301,0.407182912202386,reciprocal_rank_fusion_k=60
161,Q0,WSJ910521-0057,302,0.4069675438759091,reciprocal_rank_fusion_k=60
161,Q0,DOE1-78-0914,303,0.4067879939397262,reciprocal_rank_fusion_k=60
161,Q0,WSJ881101-0126,304,0.40452667618800736,reciprocal_rank_fusion_k=60
161,Q0,DOE2-32-0955,305,0.40105674405786446,reciprocal_rank_fusion_k=60
161,Q0,WSJ870410-0138,306,0.4005649831944124,reciprocal_rank_fusion_k=60
161,Q0,DOE2-36-1126,307,0.39749034725511984,reciprocal_rank_fusion_k=60
161,Q0,DOE1-05-0253,308,0.39725619075044716,reciprocal_rank_fusion_k=60
161,Q0,DOE2-63-0552,309,0.39690606554526536,reciprocal_rank_fusion_k=60
161,Q0,DOE1-10-1323,310,0.3963770871999343,reciprocal_rank_fusion_k=60
161,Q0,DOE2-53-1002,311,0.3959324248537421,reciprocal_rank_fusion_k=60
161,Q0,AP890701-0065,312,0.39459999372730276,reciprocal_rank_fusion_k=60
161,Q0,WSJ900404-0153,313,0.39450775271547217,reciprocal_rank_fusion_k=60
161,Q0,DOE2-22-0914,314,0.39206590118308526,reciprocal_rank_fusion_k=60
161,Q0,DOE2-54-1210,315,0.3919566125541722,reciprocal_rank_fusion_k=60
161,Q0,AP880831-0157,316,0.39018875473966874,reciprocal_rank_fusion_k=60
161,Q0,WSJ900409-0102,317,0.38924895103089185,reciprocal_rank_fusion_k=60
161,Q0,FR88516-0128,318,0.3892483941582943,reciprocal_rank_fusion_k=60
161,Q0,DOE2-29-0902,319,0.38888468542971966,reciprocal_rank_fusion_k=60
161,Q0,DOE2-78-0544,320,0.3876994114511703,reciprocal_rank_fusion_k=60
161,Q0,DOE2-44-0143,321,0.38766912780488616,reciprocal_rank_fusion_k=60
161,Q0,WSJ911206-0017,322,0.3861798331800455,reciprocal_rank_fusion_k=60
161,Q0,DOE1-13-0348,323,0.385687267502899,reciprocal_rank_fusion_k=60
161,Q0,AP890814-0252,324,0.38147917545265736,reciprocal_rank_fusion_k=60
161,Q0,DOE2-16-0621,325,0.3790973543911716,reciprocal_rank_fusion_k=60
161,Q0,DOE1-03-0027,326,0.3780513309116394,reciprocal_rank_fusion_k=60
161,Q0,AP880318-0033,327,0.376344183551873,reciprocal_rank_fusion_k=60
161,Q0,WSJ920305-0146,328,0.37598572497802346,reciprocal_rank_fusion_k=60
161,Q0,DOE2-73-0779,329,0.37478138220575863,reciprocal_rank_fusion_k=60
161,Q0,DOE1-26-0750,330,0.37442411762424704,reciprocal_rank_fusion_k=60
161,Q0,AP891207-0200,331,0.37177065622529915,reciprocal_rank_fusion_k=60
161,Q0,AP880309-0222,332,0.37028644967597585,reciprocal_rank_fusion_k=60
161,Q0,WSJ910606-0115,333,0.36910126675961796,reciprocal_rank_fusion_k=60
161,Q0,AP880728-0154,334,0.368244451734707,reciprocal_rank_fusion_k=60
161,Q0,AP890607-0109,335,0.36799804660416546,reciprocal_rank_fusion_k=60
161,Q0,AP880712-0190,336,0.366681988740899,reciprocal_rank_fusion_k=60
161,Q0,AP890505-0076,337,0.3666476818711446,reciprocal_rank_fusion_k=60
161,Q0,WSJ880628-0063,338,0.3665007390219764,reciprocal_rank_fusion_k=60
161,Q0,WSJ910329-0037,339,0.36618400701651255,reciprocal_rank_fusion_k=60
161,Q0,DOE1-69-0043,340,0.3652152964176675,reciprocal_rank_fusion_k=60
161,Q0,DOE1-44-1064,341,0.3648912782556076,reciprocal_rank_fusion_k=60
161,Q0,WSJ881007-0004,342,0.3632250446866434,reciprocal_rank_fusion_k=60
161,Q0,WSJ870324-0026,343,0.36295751591796566,reciprocal_rank_fusion_k=60
161,Q0,DOE2-41-0689,344,0.3624052077579414,reciprocal_rank_fusion_k=60
161,Q0,DOE2-71-0712,345,0.3618232752092439,reciprocal_rank_fusion_k=60
161,Q0,DOE2-41-1003,346,0.3609869115217939,reciprocal_rank_fusion_k=60
161,Q0,DOE1-94-0951,347,0.36071141125501527,reciprocal_rank_fusion_k=60
161,Q0,WSJ900411-0065,348,0.358654175464534,reciprocal_rank_fusion_k=60
161,Q0,AP881203-0052,349,0.35835039991355333,reciprocal_rank_fusion_k=60
161,Q0,AP890301-0036,350,0.35832752513752136,reciprocal_rank_fusion_k=60
161,Q0,DOE1-83-0944,351,0.357952095187135,reciprocal_rank_fusion_k=60
161,Q0,AP890329-0108,352,0.3568366878839629,reciprocal_rank_fusion_k=60
161,Q0,DOE2-32-1153,353,0.356373315531094,reciprocal_rank_fusion_k=60
161,Q0,WSJ920302-0178,354,0.3558323914002644,reciprocal_rank_fusion_k=60
161,Q0,DOE2-15-1038,355,0.3557529417889536,reciprocal_rank_fusion_k=60
161,Q0,DOE2-11-0599,356,0.3553699335970669,reciprocal_rank_fusion_k=60
161,Q0,WSJ871119-0096,357,0.35320621540775743,reciprocal_rank_fusion_k=60
161,Q0,DOE1-68-0808,358,0.35192577136086184,reciprocal_rank_fusion_k=60
161,Q0,DOE1-20-0168,359,0.3494652813675349,reciprocal_rank_fusion_k=60
161,Q0,WSJ891009-0173,360,0.3460410942722455,reciprocal_rank_fusion_k=60
161,Q0,AP880719-0006,361,0.3458855673621928,reciprocal_rank_fusion_k=60
161,Q0,DOE1-74-0631,362,0.3447774797057775,reciprocal_rank_fusion_k=60
161,Q0,AP890608-0090,363,0.3446625069361948,reciprocal_rank_fusion_k=60
161,Q0,DOE1-53-0584,364,0.3444803135932999,reciprocal_rank_fusion_k=60
161,Q0,AP890211-0023,365,0.34415386608079657,reciprocal_rank_fusion_k=60
161,Q0,DOE1-68-0650,366,0.3429069352873091,reciprocal_rank_fusion_k=60
161,Q0,AP891122-0144,367,0.3405955633662222,reciprocal_rank_fusion_k=60
161,Q0,AP890118-0235,368,0.34040877009409154,reciprocal_rank_fusion_k=60
161,Q0,DOE1-51-0241,369,0.3399681603122566,reciprocal_rank_fusion_k=60
161,Q0,DOE2-45-0619,370,0.3386385490972518,reciprocal_rank_fusion_k=60
161,Q0,DOE2-32-0719,371,0.3379397765586874,reciprocal_rank_fusion_k=60
161,Q0,WSJ870212-0119,372,0.33770875715974946,reciprocal_rank_fusion_k=60
161,Q0,WSJ880714-0066,373,0.3376747062088482,reciprocal_rank_fusion_k=60
161,Q0,DOE2-01-0845,374,0.3376420355481562,reciprocal_rank_fusion_k=60
161,Q0,AP890301-0098,375,0.3374347409123526,reciprocal_rank_fusion_k=60
161,Q0,DOE1-04-1241,376,0.3358661330155264,reciprocal_rank_fusion_k=60
161,Q0,WSJ890815-0112,377,0.33542608902792526,reciprocal_rank_fusion_k=60
161,Q0,AP891221-0226,378,0.33239305524553137,reciprocal_rank_fusion_k=60
161,Q0,WSJ911230-0030,379,0.3314816816173506,reciprocal_rank_fusion_k=60
161,Q0,DOE2-42-1125,380,0.3312212823667541,reciprocal_rank_fusion_k=60
161,Q0,ZF207-511-824,381,0.3310840996897086,reciprocal_rank_fusion_k=60
161,Q0,DOE1-64-0936,382,0.33057477680729,reciprocal_rank_fusion_k=60
161,Q0,DOE2-69-0027,383,0.3302950161791476,reciprocal_rank_fusion_k=60
161,Q0,AP890620-0190,384,0.32921099334823894,reciprocal_rank_fusion_k=60
161,Q0,AP880901-0099,385,0.3285802465281303,reciprocal_rank_fusion_k=60
161,Q0,AP890502-0155,386,0.3273770695345662,reciprocal_rank_fusion_k=60
161,Q0,AP890803-0326,387,0.3267840511862947,reciprocal_rank_fusion_k=60
161,Q0,AP890717-0075,388,0.3260119452908969,reciprocal_rank_fusion_k=60
161,Q0,AP890716-0013,389,0.3248391588306684,reciprocal_rank_fusion_k=60
161,Q0,AP891011-0177,390,0.324366317345116,reciprocal_rank_fusion_k=60
161,Q0,DOE2-54-0670,391,0.3243384434409744,reciprocal_rank_fusion_k=60
161,Q0,DOE1-83-0705,392,0.32366239606056674,reciprocal_rank_fusion_k=60
161,Q0,DOE1-61-1037,393,0.3226924710141574,reciprocal_rank_fusion_k=60
161,Q0,AP890504-0164,394,0.32174042039813106,reciprocal_rank_fusion_k=60
161,Q0,AP890210-0021,395,0.321615332154728,reciprocal_rank_fusion_k=60
161,Q0,DOE1-35-0261,396,0.32160570718957254,reciprocal_rank_fusion_k=60
161,Q0,WSJ910808-0081,397,0.3205892446419205,reciprocal_rank_fusion_k=60
161,Q0,DOE2-31-0233,398,0.3202921762826353,reciprocal_rank_fusion_k=60
161,Q0,AP880630-0025,399,0.3194736210027033,reciprocal_rank_fusion_k=60
161,Q0,AP890214-0003,400,0.3181185026089408,reciprocal_rank_fusion_k=60
161,Q0,AP880621-0009,401,0.3164723853268631,reciprocal_rank_fusion_k=60
161,Q0,DOE1-41-0468,402,0.31482619738548734,reciprocal_rank_fusion_k=60
161,Q0,AP890711-0039,403,0.3147791557227944,reciprocal_rank_fusion_k=60
161,Q0,DOE1-91-0965,404,0.31449405431016353,reciprocal_rank_fusion_k=60
161,Q0,AP880928-0109,405,0.31382168020244594,reciprocal_rank_fusion_k=60
161,Q0,AP880622-0022,406,0.31331076962765614,reciprocal_rank_fusion_k=60
161,Q0,AP881031-0027,407,0.3121627770507042,reciprocal_rank_fusion_k=60
161,Q0,WSJ881004-0081,408,0.3116475761995214,reciprocal_rank_fusion_k=60
161,Q0,DOE1-55-0915,409,0.3114070636893459,reciprocal_rank_fusion_k=60
161,Q0,DOE1-41-0511,410,0.3112639668311875,reciprocal_rank_fusion_k=60
161,Q0,AP890209-0184,411,0.3109532187860547,reciprocal_rank_fusion_k=60
161,Q0,DOE2-70-0634,412,0.31089198490793063,reciprocal_rank_fusion_k=60
161,Q0,FR88107-0009,413,0.3106772906105688,reciprocal_rank_fusion_k=60
161,Q0,AP880723-0033,414,0.3101800788087057,reciprocal_rank_fusion_k=60
161,Q0,AP890915-0124,415,0.3098468071980487,reciprocal_rank_fusion_k=60
161,Q0,DOE2-69-1197,416,0.3094987008615625,reciprocal_rank_fusion_k=60
161,Q0,DOE2-07-0971,417,0.30861666324042863,reciprocal_rank_fusion_k=60
161,Q0,DOE2-30-0920,418,0.3081881671597252,reciprocal_rank_fusion_k=60
161,Q0,AP890407-0241,419,0.3079216094261735,reciprocal_rank_fusion_k=60
161,Q0,AP890412-0008,420,0.305747943945975,reciprocal_rank_fusion_k=60
161,Q0,DOE2-19-1275,421,0.3044733772924923,reciprocal_rank_fusion_k=60
161,Q0,WSJ910314-0030,422,0.3044269235543145,reciprocal_rank_fusion_k=60
161,Q0,DOE2-46-0761,423,0.30308862517426466,reciprocal_rank_fusion_k=60
161,Q0,DOE1-93-0368,424,0.29986271340133386,reciprocal_rank_fusion_k=60
161,Q0,DOE2-81-0568,425,0.2994216533165853,reciprocal_rank_fusion_k=60
161,Q0,AP890505-0125,426,0.2990586257902003,reciprocal_rank_fusion_k=60
161,Q0,DOE2-31-0121,427,0.2950682872182388,reciprocal_rank_fusion_k=60
161,Q0,DOE2-15-0989,428,0.29382485200292363,reciprocal_rank_fusion_k=60
161,Q0,WSJ881006-0037,429,0.29349642373571827,reciprocal_rank_fusion_k=60
161,Q0,AP881130-0167,430,0.2928088702582049,reciprocal_rank_fusion_k=60
161,Q0,WSJ910829-0136,431,0.29262250227224007,reciprocal_rank_fusion_k=60
161,Q0,WSJ900521-0018,432,0.2903555125092653,reciprocal_rank_fusion_k=60
161,Q0,DOE1-48-1269,433,0.289647860883509,reciprocal_rank_fusion_k=60
161,Q0,WSJ861217-0014,434,0.2894680101091894,reciprocal_rank_fusion_k=60
161,Q0,AP880607-0017,435,0.28907857403329057,reciprocal_rank_fusion_k=60
161,Q0,AP890227-0261,436,0.28830723622289733,reciprocal_rank_fusion_k=60
161,Q0,DOE1-45-0870,437,0.28828428132291695,reciprocal_rank_fusion_k=60
161,Q0,DOE2-35-0270,438,0.2876710606961795,reciprocal_rank_fusion_k=60
161,Q0,AP880428-0230,439,0.2866317385934413,reciprocal_rank_fusion_k=60
161,Q0,DOE2-67-0146,440,0.28654046111346926,reciprocal_rank_fusion_k=60
161,Q0,DOE2-07-0597,441,0.2849888704439344,reciprocal_rank_fusion_k=60
161,Q0,AP890404-0138,442,0.2849726630959553,reciprocal_rank_fusion_k=60
161,Q0,WSJ900829-0079,443,0.2844682253747767,reciprocal_rank_fusion_k=60
161,Q0,DOE1-41-1069,444,0.2832560087405777,reciprocal_rank_fusion_k=60
161,Q0,WSJ900404-0084,445,0.28322485852708124,reciprocal_rank_fusion_k=60
161,Q0,AP890609-0061,446,0.28253088615966176,reciprocal_rank_fusion_k=60
161,Q0,AP891115-0223,447,0.282191659660491,reciprocal_rank_fusion_k=60
161,Q0,DOE2-77-0053,448,0.2818261744615267,reciprocal_rank_fusion_k=60
161,Q0,AP880811-0195,449,0.28118226537890767,reciprocal_rank_fusion_k=60
161,Q0,DOE1-71-1065,450,0.2785580842366207,reciprocal_rank_fusion_k=60
161,Q0,WSJ891006-0150,451,0.27839882551551287,reciprocal_rank_fusion_k=60
161,Q0,AP890629-0245,452,0.2782310289883508,reciprocal_rank_fusion_k=60
161,Q0,DOE1-01-0085,453,0.2776564887462339,reciprocal_rank_fusion_k=60
161,Q0,AP890912-0159,454,0.27764466250137093,reciprocal_rank_fusion_k=60
161,Q0,AP880302-0009,455,0.277140883320712,reciprocal_rank_fusion_k=60
161,Q0,AP881117-0113,456,0.276691811528276,reciprocal_rank_fusion_k=60
161,Q0,AP890608-0124,457,0.2763031474720171,reciprocal_rank_fusion_k=60
161,Q0,WSJ881101-0142,458,0.2755632294720257,reciprocal_rank_fusion_k=60
161,Q0,AP890919-0120,459,0.27489522499830016,reciprocal_rank_fusion_k=60
161,Q0,AP880831-0115,460,0.2740004865854359,reciprocal_rank_fusion_k=60
161,Q0,DOE2-80-0882,461,0.2739032393356242,reciprocal_rank_fusion_k=60
161,Q0,DOE2-70-0737,462,0.2737448737050254,reciprocal_rank_fusion_k=60
161,Q0,DOE2-15-0994,463,0.2724134598500955,reciprocal_rank_fusion_k=60
161,Q0,DOE2-69-0298,464,0.27194796522741493,reciprocal_rank_fusion_k=60
161,Q0,WSJ900517-0103,465,0.27182940085481555,reciprocal_rank_fusion_k=60
161,Q0,AP881220-0208,466,0.2709424363004671,reciprocal_rank_fusion_k=60
161,Q0,DOE1-56-0292,467,0.2702006327091785,reciprocal_rank_fusion_k=60
161,Q0,DOE1-34-0851,468,0.2701389209464313,reciprocal_rank_fusion_k=60
161,Q0,WSJ910607-0019,469,0.2691841483814512,reciprocal_rank_fusion_k=60
161,Q0,DOE2-41-0692,470,0.26900758766120675,reciprocal_rank_fusion_k=60
161,Q0,DOE1-91-0580,471,0.2683504427421252,reciprocal_rank_fusion_k=60
161,Q0,WSJ911108-0009,472,0.2672890024802042,reciprocal_rank_fusion_k=60
161,Q0,WSJ910221-0152,473,0.2669805840041983,reciprocal_rank_fusion_k=60
161,Q0,AP890620-0070,474,0.26694731982525055,reciprocal_rank_fusion_k=60
161,Q0,WSJ911011-0173,475,0.2667868746074515,reciprocal_rank_fusion_k=60
161,Q0,WSJ900418-0108,476,0.26623527251503626,reciprocal_rank_fusion_k=60
161,Q0,AP881024-0019,477,0.26614341647862994,reciprocal_rank_fusion_k=60
161,Q0,AP890118-0148,478,0.26607815373702964,reciprocal_rank_fusion_k=60
161,Q0,DOE1-27-1143,479,0.26503593363086564,reciprocal_rank_fusion_k=60
161,Q0,AP881030-0100,480,0.26499617557715976,reciprocal_rank_fusion_k=60
161,Q0,AP880815-0122,481,0.26482255671056715,reciprocal_rank_fusion_k=60
161,Q0,DOE2-49-0677,482,0.26470004914904155,reciprocal_rank_fusion_k=60
161,Q0,AP890830-0119,483,0.26393608306104166,reciprocal_rank_fusion_k=60
161,Q0,WSJ861218-0001,484,0.26279779078058,reciprocal_rank_fusion_k=60
161,Q0,WSJ880830-0045,485,0.262686896442425,reciprocal_rank_fusion_k=60
161,Q0,DOE2-22-0665,486,0.2626361675981361,reciprocal_rank_fusion_k=60
161,Q0,DOE2-05-1090,487,0.2618546582779736,reciprocal_rank_fusion_k=60
161,Q0,DOE2-31-0371,488,0.26108616023790066,reciprocal_rank_fusion_k=60
161,Q0,AP890720-0293,489,0.26085798093363566,reciprocal_rank_fusion_k=60
161,Q0,DOE2-82-0813,490,0.2599682257438078,reciprocal_rank_fusion_k=60
161,Q0,DOE2-59-0404,491,0.2598146388514094,reciprocal_rank_fusion_k=60
161,Q0,DOE1-61-1027,492,0.259504006875809,reciprocal_rank_fusion_k=60
161,Q0,FR88830-0045,493,0.25835429184308606,reciprocal_rank_fusion_k=60
161,Q0,DOE1-20-1173,494,0.2569029352093037,reciprocal_rank_fusion_k=60
161,Q0,AP880324-0088,495,0.25687401571576324,reciprocal_rank_fusion_k=60
161,Q0,AP890716-0075,496,0.25613365634548546,reciprocal_rank_fusion_k=60
161,Q0,DOE2-15-0993,497,0.25557360842683813,reciprocal_rank_fusion_k=60
161,Q0,FR88829-0045,498,0.2546986488705032,reciprocal_rank_fusion_k=60
161,Q0,AP881017-0102,499,0.2536267030684923,reciprocal_rank_fusion_k=60
161,Q0,DOE2-48-0178,500,0.25334294578185446,reciprocal_rank_fusion_k=60
161,Q0,DOE1-27-0378,501,0.2529878516426436,reciprocal_rank_fusion_k=60
161,Q0,WSJ900525-0034,502,0.2528894498557778,reciprocal_rank_fusion_k=60
161,Q0,WSJ900406-0013,503,0.25168671266927595,reciprocal_rank_fusion_k=60
161,Q0,DOE2-66-0556,504,0.25153315286775146,reciprocal_rank_fusion_k=60
161,Q0,DOE2-31-0011,505,0.2499081312852189,reciprocal_rank_fusion_k=60
161,Q0,WSJ870429-0193,506,0.2497245558095085,reciprocal_rank_fusion_k=60
161,Q0,DOE1-88-0011,507,0.24916054440719518,reciprocal_rank_fusion_k=60
161,Q0,AP880829-0128,508,0.24810708298763018,reciprocal_rank_fusion_k=60
161,Q0,ZF207-798-658,509,0.2472250520155593,reciprocal_rank_fusion_k=60
161,Q0,DOE2-13-0820,510,0.2472042787386134,reciprocal_rank_fusion_k=60
161,Q0,DOE1-83-1241,511,0.24719251863419356,reciprocal_rank_fusion_k=60
161,Q0,DOE2-60-0362,512,0.24715784660759416,reciprocal_rank_fusion_k=60
161,Q0,DOE1-11-1146,513,0.2460302513822275,reciprocal_rank_fusion_k=60
161,Q0,WSJ911015-0111,514,0.24563419308841017,reciprocal_rank_fusion_k=60
161,Q0,AP881024-0094,515,0.24456759775036085,reciprocal_rank_fusion_k=60
161,Q0,AP890207-0163,516,0.24369929304160382,reciprocal_rank_fusion_k=60
161,Q0,DOE2-73-0733,517,0.2434400606129762,reciprocal_rank_fusion_k=60
161,Q0,DOE1-49-0967,518,0.243154807126848,reciprocal_rank_fusion_k=60
161,Q0,WSJ890727-0164,519,0.2430835986770522,reciprocal_rank_fusion_k=60
161,Q0,AP890802-0217,520,0.24230279092721682,reciprocal_rank_fusion_k=60
161,Q0,ZF108-028-834,521,0.24204151298404428,reciprocal_rank_fusion_k=60
161,Q0,DOE1-44-1185,522,0.24068406659063188,reciprocal_rank_fusion_k=60
161,Q0,DOE1-26-0130,523,0.24048956607020056,reciprocal_rank_fusion_k=60
161,Q0,AP890322-0203,524,0.24047993995750963,reciprocal_rank_fusion_k=60
161,Q0,WSJ900404-0128,525,0.23974168277522528,reciprocal_rank_fusion_k=60
161,Q0,AP891107-0193,526,0.2382397169763891,reciprocal_rank_fusion_k=60
161,Q0,DOE2-04-0407,527,0.23631864878271433,reciprocal_rank_fusion_k=60
161,Q0,AP881010-0126,528,0.23448301314411216,reciprocal_rank_fusion_k=60
161,Q0,DOE2-42-0245,529,0.2343938345704482,reciprocal_rank_fusion_k=60
161,Q0,DOE1-30-0486,530,0.23428335440617248,reciprocal_rank_fusion_k=60
161,Q0,AP880217-0212,531,0.2342739161796497,reciprocal_rank_fusion_k=60
161,Q0,DOE1-42-0532,532,0.2336526519751854,reciprocal_rank_fusion_k=60
161,Q0,FR89309-0006,533,0.2335077617124514,reciprocal_rank_fusion_k=60
161,Q0,AP890525-0080,534,0.23305109446497027,reciprocal_rank_fusion_k=60
161,Q0,AP890210-0230,535,0.2330160402046076,reciprocal_rank_fusion_k=60
161,Q0,DOE1-20-0167,536,0.23260057693677452,reciprocal_rank_fusion_k=60
161,Q0,DOE1-88-0007,537,0.23249792786035375,reciprocal_rank_fusion_k=60
161,Q0,DOE1-20-0164,538,0.23140836376365537,reciprocal_rank_fusion_k=60
161,Q0,DOE1-76-0138,539,0.23071555388663517,reciprocal_rank_fusion_k=60
161,Q0,DOE2-17-0809,540,0.23036288207412253,reciprocal_rank_fusion_k=60
161,Q0,WSJ900606-0155,541,0.23016881097048092,reciprocal_rank_fusion_k=60
161,Q0,WSJ910228-0201,542,0.22984751519967944,reciprocal_rank_fusion_k=60
161,Q0,FR88514-0001,543,0.22968426071093745,reciprocal_rank_fusion_k=60
161,Q0,DOE2-31-0119,544,0.2294428858658586,reciprocal_rank_fusion_k=60
161,Q0,DOE1-83-0938,545,0.22928459240484034,reciprocal_rank_fusion_k=60
161,Q0,DOE2-32-0634,546,0.22875849635226625,reciprocal_rank_fusion_k=60
161,Q0,DOE1-70-0064,547,0.22859461267988573,reciprocal_rank_fusion_k=60
161,Q0,AP881119-0071,548,0.2275739812607033,reciprocal_rank_fusion_k=60
161,Q0,DOE1-80-1051,549,0.22674792896401316,reciprocal_rank_fusion_k=60
161,Q0,DOE1-69-0713,550,0.22659386451193148,reciprocal_rank_fusion_k=60
161,Q0,WSJ880520-0032,551,0.2265131721317935,reciprocal_rank_fusion_k=60
161,Q0,DOE2-06-0253,552,0.22606235067273886,reciprocal_rank_fusion_k=60
161,Q0,DOE2-74-0140,553,0.22538865678163195,reciprocal_rank_fusion_k=60
161,Q0,DOE1-11-1145,554,0.22458749112169846,reciprocal_rank_fusion_k=60
161,Q0,AP880920-0240,555,0.22310086968786053,reciprocal_rank_fusion_k=60
161,Q0,DOE2-77-1267,556,0.2200831193358994,reciprocal_rank_fusion_k=60
161,Q0,AP890713-0141,557,0.21999583229761174,reciprocal_rank_fusion_k=60
161,Q0,WSJ910115-0124,558,0.2195844455836297,reciprocal_rank_fusion_k=60
161,Q0,DOE1-42-0536,559,0.21845870084436994,reciprocal_rank_fusion_k=60
161,Q0,DOE2-39-1388,560,0.21816745653789713,reciprocal_rank_fusion_k=60
161,Q0,WSJ920131-0104,561,0.21776478697146706,reciprocal_rank_fusion_k=60
161,Q0,AP890613-0194,562,0.2176039737653811,reciprocal_rank_fusion_k=60
161,Q0,WSJ870119-0073,563,0.21709153824378824,reciprocal_rank_fusion_k=60
161,Q0,DOE1-24-0442,564,0.21681365405212974,reciprocal_rank_fusion_k=60
161,Q0,DOE1-79-0875,565,0.2164814747942175,reciprocal_rank_fusion_k=60
161,Q0,DOE2-61-0150,566,0.21615518717824786,reciprocal_rank_fusion_k=60
161,Q0,DOE1-93-0324,567,0.21536129350210967,reciprocal_rank_fusion_k=60
161,Q0,WSJ900830-0143,568,0.21494766300139004,reciprocal_rank_fusion_k=60
161,Q0,AP890803-0117,569,0.21471283586516557,reciprocal_rank_fusion_k=60
161,Q0,DOE2-42-0142,570,0.21459148600243472,reciprocal_rank_fusion_k=60
161,Q0,WSJ900706-0088,571,0.21438752730218813,reciprocal_rank_fusion_k=60
161,Q0,DOE1-50-0959,572,0.21433605317225604,reciprocal_rank_fusion_k=60
161,Q0,AP890306-0060,573,0.21301092545046785,reciprocal_rank_fusion_k=60
161,Q0,FR89206-0035,574,0.2112896824986055,reciprocal_rank_fusion_k=60
161,Q0,ZF207-206-784,575,0.21064005801393648,reciprocal_rank_fusion_k=60
161,Q0,DOE1-83-1064,576,0.21049558353995743,reciprocal_rank_fusion_k=60
161,Q0,AP890313-0082,577,0.21014502223827417,reciprocal_rank_fusion_k=60
161,Q0,DOE2-29-1061,578,0.2099729224426548,reciprocal_rank_fusion_k=60
161,Q0,WSJ890927-0147,579,0.2099066381561387,reciprocal_rank_fusion_k=60
161,Q0,DOE1-48-1185,580,0.20970904149202405,reciprocal_rank_fusion_k=60
161,Q0,DOE2-09-0147,581,0.2092433698125502,reciprocal_rank_fusion_k=60
161,Q0,DOE2-32-0969,582,0.2084215270699809,reciprocal_rank_fusion_k=60
161,Q0,DOE2-46-0177,583,0.20832985015968697,reciprocal_rank_fusion_k=60
161,Q0,AP881003-0118,584,0.2079983102686207,reciprocal_rank_fusion_k=60
161,Q0,AP890104-0223,585,0.20783356929616914,reciprocal_rank_fusion_k=60
161,Q0,WSJ920203-0030,586,0.20676083045888155,reciprocal_rank_fusion_k=60
161,Q0,AP880415-0220,587,0.20606850706138174,reciprocal_rank_fusion_k=60
161,Q0,AP890610-0062,588,0.20599133425037833,reciprocal_rank_fusion_k=60
161,Q0,DOE2-06-0751,589,0.2049696363531073,reciprocal_rank_fusion_k=60
161,Q0,AP890910-0026,590,0.20494315056915444,reciprocal_rank_fusion_k=60
161,Q0,AP890419-0022,591,0.204006600354673,reciprocal_rank_fusion_k=60
161,Q0,DOE2-39-1370,592,0.20296359080586607,reciprocal_rank_fusion_k=60
161,Q0,DOE1-26-0249,593,0.20286318354744082,reciprocal_rank_fusion_k=60
161,Q0,DOE2-29-1038,594,0.20250696886777078,reciprocal_rank_fusion_k=60
161,Q0,DOE2-69-0798,595,0.20242609869810085,reciprocal_rank_fusion_k=60
161,Q0,DOE1-94-0948,596,0.20122342547967936,reciprocal_rank_fusion_k=60
161,Q0,DOE1-86-0151,597,0.2010860785062689,reciprocal_rank_fusion_k=60
161,Q0,WSJ890814-0137,598,0.2007492386151672,reciprocal_rank_fusion_k=60
161,Q0,FR89118-0007,599,0.2001760963841689,reciprocal_rank_fusion_k=60
161,Q0,WSJ890915-0115,600,0.19991704547840927,reciprocal_rank_fusion_k=60
161,Q0,DOE2-09-0190,601,0.1998620628850884,reciprocal_rank_fusion_k=60
161,Q0,AP890918-0117,602,0.1995395274765822,reciprocal_rank_fusion_k=60
161,Q0,DOE1-57-1071,603,0.1994287735387845,reciprocal_rank_fusion_k=60
161,Q0,DOE2-37-0502,604,0.1982747217767419,reciprocal_rank_fusion_k=60
161,Q0,AP890114-0084,605,0.1972159234852763,reciprocal_rank_fusion_k=60
161,Q0,WSJ870223-0102,606,0.19692682392935767,reciprocal_rank_fusion_k=60
161,Q0,DOE1-62-0605,607,0.19622513327062174,reciprocal_rank_fusion_k=60
161,Q0,WSJ910307-0081,608,0.19609883267533176,reciprocal_rank_fusion_k=60
161,Q0,WSJ890811-0058,609,0.1957886970671261,reciprocal_rank_fusion_k=60
161,Q0,DOE1-93-0653,610,0.19572312362147237,reciprocal_rank_fusion_k=60
161,Q0,WSJ870619-0137,611,0.1954996655086009,reciprocal_rank_fusion_k=60
161,Q0,DOE2-31-0375,612,0.19542040963353538,reciprocal_rank_fusion_k=60
161,Q0,WSJ880125-0165,613,0.19519472201236138,reciprocal_rank_fusion_k=60
161,Q0,DOE1-35-1121,614,0.19488994564353349,reciprocal_rank_fusion_k=60
161,Q0,AP881015-0040,615,0.1942760563108236,reciprocal_rank_fusion_k=60
161,Q0,DOE2-49-0696,616,0.1941623408800929,reciprocal_rank_fusion_k=60
161,Q0,DOE1-51-0653,617,0.1941194766667116,reciprocal_rank_fusion_k=60
161,Q0,WSJ911231-0017,618,0.19267332980697294,reciprocal_rank_fusion_k=60
161,Q0,DOE2-12-1201,619,0.19245154738258125,reciprocal_rank_fusion_k=60
161,Q0,DOE2-06-1250,620,0.19209072910585273,reciprocal_rank_fusion_k=60
161,Q0,AP890105-0023,621,0.19173705796918702,reciprocal_rank_fusion_k=60
161,Q0,AP880519-0152,622,0.19164102167218575,reciprocal_rank_fusion_k=60
161,Q0,DOE1-45-1163,623,0.19161408958327364,reciprocal_rank_fusion_k=60
161,Q0,DOE1-94-0941,624,0.19160664045275805,reciprocal_rank_fusion_k=60
161,Q0,AP890306-0094,625,0.19157570206717417,reciprocal_rank_fusion_k=60
161,Q0,AP880218-0105,626,0.19150097545774006,reciprocal_rank_fusion_k=60
161,Q0,DOE1-42-0096,627,0.19138210775208445,reciprocal_rank_fusion_k=60
161,Q0,FR89530-0015,628,0.19109345232282274,reciprocal_rank_fusion_k=60
161,Q0,AP890530-0211,629,0.19095033216072946,reciprocal_rank_fusion_k=60
161,Q0,AP890414-0025,630,0.1886905191076904,reciprocal_rank_fusion_k=60
161,Q0,DOE2-15-0986,631,0.18815469004003965,reciprocal_rank_fusion_k=60
161,Q0,DOE1-71-0881,632,0.18719220844427284,reciprocal_rank_fusion_k=60
161,Q0,WSJ910722-0077,633,0.18457972852810614,reciprocal_rank_fusion_k=60
161,Q0,AP890515-0232,634,0.18418831203226946,reciprocal_rank_fusion_k=60
161,Q0,DOE2-06-0752,635,0.18363789845275,reciprocal_rank_fusion_k=60
161,Q0,DOE1-82-0622,636,0.1834908506199203,reciprocal_rank_fusion_k=60
161,Q0,DOE2-36-0485,637,0.18348446456933667,reciprocal_rank_fusion_k=60
161,Q0,DOE2-63-0551,638,0.18343797277403887,reciprocal_rank_fusion_k=60
161,Q0,WSJ880808-0017,639,0.18338437985347253,reciprocal_rank_fusion_k=60
161,Q0,WSJ900405-0149,640,0.18307084013225897,reciprocal_rank_fusion_k=60
161,Q0,DOE2-15-0996,641,0.18244826720514595,reciprocal_rank_fusion_k=60
161,Q0,DOE1-92-0197,642,0.18114339775200308,reciprocal_rank_fusion_k=60
161,Q0,AP880426-0043,643,0.1808545738022758,reciprocal_rank_fusion_k=60
161,Q0,AP881004-0217,644,0.1804165313045403,reciprocal_rank_fusion_k=60
161,Q0,DOE1-52-0885,645,0.17977949739578766,reciprocal_rank_fusion_k=60
161,Q0,FR881207-0029,646,0.17795243983049844,reciprocal_rank_fusion_k=60
161,Q0,AP881203-0124,647,0.1776921170771317,reciprocal_rank_fusion_k=60
161,Q0,AP881121-0111,648,0.1776550337820176,reciprocal_rank_fusion_k=60
161,Q0,WSJ870226-0063,649,0.17725878270204548,reciprocal_rank_fusion_k=60
161,Q0,WSJ870406-0004,650,0.17669500028206983,reciprocal_rank_fusion_k=60
161,Q0,DOE2-47-0908,651,0.17581624624449188,reciprocal_rank_fusion_k=60
161,Q0,AP890624-0091,652,0.17574691051378974,reciprocal_rank_fusion_k=60
161,Q0,AP890612-0293,653,0.1751905688497286,reciprocal_rank_fusion_k=60
161,Q0,DOE2-61-0251,654,0.1751878630306685,reciprocal_rank_fusion_k=60
161,Q0,WSJ900419-0076,655,0.1750102671684212,reciprocal_rank_fusion_k=60
161,Q0,FR881017-0018,656,0.1740866674343095,reciprocal_rank_fusion_k=60
161,Q0,DOE1-74-0632,657,0.1740210181801915,reciprocal_rank_fusion_k=60
161,Q0,AP890910-0040,658,0.1738931053638485,reciprocal_rank_fusion_k=60
161,Q0,DOE2-23-1013,659,0.17350594362156188,reciprocal_rank_fusion_k=60
161,Q0,AP880220-0090,660,0.17344881586252095,reciprocal_rank_fusion_k=60
161,Q0,DOE1-36-0855,661,0.1734372520851969,reciprocal_rank_fusion_k=60
161,Q0,DOE1-65-0290,662,0.17289704235183345,reciprocal_rank_fusion_k=60
161,Q0,AP890315-0124,663,0.17257823089182606,reciprocal_rank_fusion_k=60
161,Q0,AP881005-0256,664,0.1723123535340064,reciprocal_rank_fusion_k=60
161,Q0,DOE2-13-0808,665,0.1717410247412,reciprocal_rank_fusion_k=60
161,Q0,DOE1-08-0477,666,0.1714510554554026,reciprocal_rank_fusion_k=60
161,Q0,DOE2-33-0332,667,0.17086092758225,reciprocal_rank_fusion_k=60
161,Q0,AP890831-0160,668,0.17070342896222682,reciprocal_rank_fusion_k=60
161,Q0,AP890128-0144,669,0.1706313672566176,reciprocal_rank_fusion_k=60
161,Q0,AP881015-0007,670,0.1705335655771338,reciprocal_rank_fusion_k=60
161,Q0,AP880219-0031,671,0.16994400149520844,reciprocal_rank_fusion_k=60
161,Q0,DOE1-11-0887,672,0.16951612479877426,reciprocal_rank_fusion_k=60
161,Q0,AP881118-0026,673,0.16943278395103378,reciprocal_rank_fusion_k=60
161,Q0,DOE1-01-0022,674,0.16837337300960933,reciprocal_rank_fusion_k=60
161,Q0,DOE1-34-0883,675,0.16817320328450602,reciprocal_rank_fusion_k=60
161,Q0,WSJ900523-0167,676,0.16794987461244942,reciprocal_rank_fusion_k=60
161,Q0,DOE1-69-0529,677,0.1679064562139195,reciprocal_rank_fusion_k=60
161,Q0,DOE2-19-0937,678,0.1678175900488115,reciprocal_rank_fusion_k=60
161,Q0,WSJ911030-0007,679,0.1677500412208109,reciprocal_rank_fusion_k=60
161,Q0,DOE1-46-0462,680,0.1673089112833376,reciprocal_rank_fusion_k=60
161,Q0,DOE1-08-0445,681,0.16598106043282385,reciprocal_rank_fusion_k=60
161,Q0,AP880218-0137,682,0.16374920335830512,reciprocal_rank_fusion_k=60
161,Q0,AP880504-0249,683,0.16374174950390394,reciprocal_rank_fusion_k=60
161,Q0,WSJ900531-0084,684,0.1626543416326336,reciprocal_rank_fusion_k=60
161,Q0,DOE1-20-0902,685,0.16184281808895531,reciprocal_rank_fusion_k=60
161,Q0,DOE1-45-0825,686,0.1615230105620204,reciprocal_rank_fusion_k=60
161,Q0,AP880301-0213,687,0.16127400833070307,reciprocal_rank_fusion_k=60
161,Q0,FR88901-0006,688,0.16124518853627598,reciprocal_rank_fusion_k=60
161,Q0,AP880711-0167,689,0.15917091028312697,reciprocal_rank_fusion_k=60
161,Q0,DOE2-59-1192,690,0.1591310541934491,reciprocal_rank_fusion_k=60
161,Q0,DOE2-70-0602,691,0.15882342228814042,reciprocal_rank_fusion_k=60
161,Q0,WSJ880830-0073,692,0.15869638175563922,reciprocal_rank_fusion_k=60
161,Q0,WSJ900927-0023,693,0.15853772486226944,reciprocal_rank_fusion_k=60
161,Q0,AP881117-0222,694,0.15781877902186697,reciprocal_rank_fusion_k=60
161,Q0,DOE1-44-0346,695,0.1575348810700215,reciprocal_rank_fusion_k=60
161,Q0,DOE1-63-0877,696,0.15697613409654954,reciprocal_rank_fusion_k=60
161,Q0,AP890307-0213,697,0.15691632609631076,reciprocal_rank_fusion_k=60
161,Q0,AP880502-0231,698,0.15679025516925488,reciprocal_rank_fusion_k=60
161,Q0,AP890612-0078,699,0.15648063013312655,reciprocal_rank_fusion_k=60
161,Q0,DOE2-82-0735,700,0.15598676557250535,reciprocal_rank_fusion_k=60
161,Q0,DOE2-15-0983,701,0.15585802185155573,reciprocal_rank_fusion_k=60
161,Q0,DOE2-62-0964,702,0.1557538000273982,reciprocal_rank_fusion_k=60
161,Q0,AP881030-0051,703,0.1551926562125878,reciprocal_rank_fusion_k=60
161,Q0,DOE1-79-0042,704,0.15510644640658025,reciprocal_rank_fusion_k=60
161,Q0,DOE2-17-0810,705,0.15451162622112266,reciprocal_rank_fusion_k=60
161,Q0,DOE1-68-0701,706,0.154095442616584,reciprocal_rank_fusion_k=60
161,Q0,DOE2-47-0253,707,0.1539201388606584,reciprocal_rank_fusion_k=60
161,Q0,DOE2-63-0731,708,0.15388965751149242,reciprocal_rank_fusion_k=60
161,Q0,AP880829-0188,709,0.15367999461357337,reciprocal_rank_fusion_k=60
161,Q0,DOE2-79-0710,710,0.15356156379657407,reciprocal_rank_fusion_k=60
161,Q0,DOE1-92-0203,711,0.15352859349797104,reciprocal_rank_fusion_k=60
161,Q0,DOE2-31-0231,712,0.1532149999564748,reciprocal_rank_fusion_k=60
161,Q0,DOE1-68-0660,713,0.15272668947245616,reciprocal_rank_fusion_k=60
161,Q0,WSJ910410-0062,714,0.15254218800144909,reciprocal_rank_fusion_k=60
161,Q0,AP880912-0141,715,0.15252142166183308,reciprocal_rank_fusion_k=60
161,Q0,WSJ871231-0037,716,0.15249582286358188,reciprocal_rank_fusion_k=60
161,Q0,AP881218-0015,717,0.15213063703821283,reciprocal_rank_fusion_k=60
161,Q0,AP890908-0003,718,0.15174673547850545,reciprocal_rank_fusion_k=60
161,Q0,DOE2-59-0457,719,0.15134782965742638,reciprocal_rank_fusion_k=60
161,Q0,DOE1-09-0403,720,0.15118552991949522,reciprocal_rank_fusion_k=60
161,Q0,AP880429-0241,721,0.15106744708989694,reciprocal_rank_fusion_k=60
161,Q0,AP880621-0237,722,0.15103393743201066,reciprocal_rank_fusion_k=60
161,Q0,AP890918-0020,723,0.1508005441871014,reciprocal_rank_fusion_k=60
161,Q0,DOE1-32-1110,724,0.15053526514169874,reciprocal_rank_fusion_k=60
161,Q0,AP880926-0022,725,0.15032997032660264,reciprocal_rank_fusion_k=60
161,Q0,DOE2-17-0802,726,0.14994698389273445,reciprocal_rank_fusion_k=60
161,Q0,FR89929-0063,727,0.14949875232213936,reciprocal_rank_fusion_k=60
161,Q0,DOE1-17-0677,728,0.14900831620416752,reciprocal_rank_fusion_k=60
161,Q0,DOE2-03-0221,729,0.14889465187132636,reciprocal_rank_fusion_k=60
161,Q0,FR89321-0015,730,0.1482303865572842,reciprocal_rank_fusion_k=60
161,Q0,AP890204-0083,731,0.14738183515277045,reciprocal_rank_fusion_k=60
161,Q0,DOE1-15-0956,732,0.14703219188213937,reciprocal_rank_fusion_k=60
161,Q0,AP891108-0032,733,0.1463332544540645,reciprocal_rank_fusion_k=60
161,Q0,DOE2-41-0688,734,0.14607437337780294,reciprocal_rank_fusion_k=60
161,Q0,WSJ910830-0123,735,0.1460434046046923,reciprocal_rank_fusion_k=60
161,Q0,DOE1-57-0411,736,0.14583225899805827,reciprocal_rank_fusion_k=60
161,Q0,DOE1-53-0345,737,0.1457306373239487,reciprocal_rank_fusion_k=60
161,Q0,DOE1-27-0526,738,0.14572305700771376,reciprocal_rank_fusion_k=60
161,Q0,AP881014-0245,739,0.1455889675121391,reciprocal_rank_fusion_k=60
161,Q0,DOE1-12-0029,740,0.14550996704850092,reciprocal_rank_fusion_k=60
161,Q0,DOE2-30-0715,741,0.14550796810025732,reciprocal_rank_fusion_k=60
161,Q0,AP880617-0306,742,0.14462457133539364,reciprocal_rank_fusion_k=60
161,Q0,DOE2-22-0952,743,0.1445111301084856,reciprocal_rank_fusion_k=60
161,Q0,DOE1-14-0975,744,0.14425339095800788,reciprocal_rank_fusion_k=60
161,Q0,WSJ881005-0098,745,0.14398296105524583,reciprocal_rank_fusion_k=60
161,Q0,DOE1-27-0430,746,0.14390643175051301,reciprocal_rank_fusion_k=60
161,Q0,AP880503-0196,747,0.14339166624773386,reciprocal_rank_fusion_k=60
161,Q0,FR89502-0032,748,0.14297255319932153,reciprocal_rank_fusion_k=60
161,Q0,AP880621-0240,749,0.14270402815078329,reciprocal_rank_fusion_k=60
161,Q0,DOE1-67-0465,750,0.14224644834111086,reciprocal_rank_fusion_k=60
161,Q0,AP880817-0227,751,0.14209650414346348,reciprocal_rank_fusion_k=60
161,Q0,AP890906-0240,752,0.14170493674064458,reciprocal_rank_fusion_k=60
161,Q0,WSJ910521-0092,753,0.14155594251256415,reciprocal_rank_fusion_k=60
161,Q0,DOE2-41-1089,754,0.14129499287328032,reciprocal_rank_fusion_k=60
161,Q0,WSJ910411-0106,755,0.1410240764597951,reciprocal_rank_fusion_k=60
161,Q0,DOE2-31-0211,756,0.14056531480492718,reciprocal_rank_fusion_k=60
161,Q0,AP890208-0208,757,0.14027545244646447,reciprocal_rank_fusion_k=60
161,Q0,DOE1-52-0531,758,0.14003643027466212,reciprocal_rank_fusion_k=60
161,Q0,WSJ910419-0159,759,0.1397940597791709,reciprocal_rank_fusion_k=60
161,Q0,AP880519-0131,760,0.13915406558062826,reciprocal_rank_fusion_k=60
161,Q0,DOE2-49-0233,761,0.13909682361943124,reciprocal_rank_fusion_k=60
161,Q0,ZF207-177-708,762,0.13901305577986042,reciprocal_rank_fusion_k=60
161,Q0,WSJ900502-0086,763,0.1388715550066785,reciprocal_rank_fusion_k=60
161,Q0,WSJ900615-0165,764,0.13861192209085446,reciprocal_rank_fusion_k=60
161,Q0,AP880925-0020,765,0.13780400476243215,reciprocal_rank_fusion_k=60
161,Q0,DOE1-26-0815,766,0.13771270355027085,reciprocal_rank_fusion_k=60
161,Q0,DOE1-09-0062,767,0.1374354697638048,reciprocal_rank_fusion_k=60
161,Q0,DOE1-94-0713,768,0.1373712140213064,reciprocal_rank_fusion_k=60
161,Q0,AP880909-0231,769,0.137302810725723,reciprocal_rank_fusion_k=60
161,Q0,WSJ880205-0096,770,0.13704799625663922,reciprocal_rank_fusion_k=60
161,Q0,AP890425-0258,771,0.1363753297285974,reciprocal_rank_fusion_k=60
161,Q0,DOE1-51-0479,772,0.13626401908355032,reciprocal_rank_fusion_k=60
161,Q0,DOE1-11-0597,773,0.13572018852984108,reciprocal_rank_fusion_k=60
161,Q0,WSJ870122-0023,774,0.13553394510216807,reciprocal_rank_fusion_k=60
161,Q0,WSJ920225-0029,775,0.13542347783932102,reciprocal_rank_fusion_k=60
161,Q0,AP890613-0148,776,0.13503395805706772,reciprocal_rank_fusion_k=60
161,Q0,WSJ890804-0055,777,0.13501197092435144,reciprocal_rank_fusion_k=60
161,Q0,AP880316-0047,778,0.13500125161734342,reciprocal_rank_fusion_k=60
161,Q0,DOE2-07-0773,779,0.13436679999674875,reciprocal_rank_fusion_k=60
161,Q0,DOE2-51-1159,780,0.13423499485841897,reciprocal_rank_fusion_k=60
161,Q0,DOE1-96-0460,781,0.13373934787270653,reciprocal_rank_fusion_k=60
161,Q0,DOE2-33-0382,782,0.13364121786875516,reciprocal_rank_fusion_k=60
161,Q0,DOE2-47-0548,783,0.13325133968471006,reciprocal_rank_fusion_k=60
161,Q0,WSJ870212-0028,784,0.1331937612787917,reciprocal_rank_fusion_k=60
161,Q0,WSJ910619-0050,785,0.1323319061063172,reciprocal_rank_fusion_k=60
161,Q0,WSJ920316-0014,786,0.13228743656377906,reciprocal_rank_fusion_k=60
161,Q0,AP880615-0275,787,0.13209822053850648,reciprocal_rank_fusion_k=60
161,Q0,FR881024-0121,788,0.13177519200708332,reciprocal_rank_fusion_k=60
161,Q0,AP890116-0102,789,0.13153269970287093,reciprocal_rank_fusion_k=60
161,Q0,DOE1-62-0173,790,0.1307904221945249,reciprocal_rank_fusion_k=60
161,Q0,FR88818-0053,791,0.13020162431644833,reciprocal_rank_fusion_k=60
161,Q0,AP881026-0222,792,0.1299977458019249,reciprocal_rank_fusion_k=60
161,Q0,DOE2-34-1310,793,0.1297391898328348,reciprocal_rank_fusion_k=60
161,Q0,AP890322-0110,794,0.1293186897142138,reciprocal_rank_fusion_k=60
161,Q0,AP881010-0190,795,0.12927582964457782,reciprocal_rank_fusion_k=60
161,Q0,AP881001-0076,796,0.12919698221504894,reciprocal_rank_fusion_k=60
161,Q0,WSJ910315-0099,797,0.12908760837133906,reciprocal_rank_fusion_k=60
161,Q0,DOE2-65-0717,798,0.1290723556747514,reciprocal_rank_fusion_k=60
161,Q0,DOE2-46-0496,799,0.12876637682124872,reciprocal_rank_fusion_k=60
161,Q0,AP881222-0171,800,0.12868472076255869,reciprocal_rank_fusion_k=60
161,Q0,DOE1-26-0117,801,0.12848269502222467,reciprocal_rank_fusion_k=60
161,Q0,AP890503-0066,802,0.12809431838348653,reciprocal_rank_fusion_k=60
161,Q0,AP890531-0083,803,0.1278399366576504,reciprocal_rank_fusion_k=60
161,Q0,DOE2-31-0379,804,0.12745422726923883,reciprocal_rank_fusion_k=60
161,Q0,DOE2-19-0558,805,0.12723730811827583,reciprocal_rank_fusion_k=60
161,Q0,DOE1-64-0143,806,0.12711708664475524,reciprocal_rank_fusion_k=60
161,Q0,DOE2-65-0672,807,0.12696199793245694,reciprocal_rank_fusion_k=60
161,Q0,AP880519-0198,808,0.12669930386345782,reciprocal_rank_fusion_k=60
161,Q0,WSJ910125-0047,809,0.12643598902213324,reciprocal_rank_fusion_k=60
161,Q0,DOE2-63-0447,810,0.12624623621747222,reciprocal_rank_fusion_k=60
161,Q0,DOE2-72-0457,811,0.12622861846743874,reciprocal_rank_fusion_k=60
161,Q0,DOE2-62-0966,812,0.12580757558777253,reciprocal_rank_fusion_k=60
161,Q0,DOE1-74-1029,813,0.1256180866954938,reciprocal_rank_fusion_k=60
161,Q0,WSJ911212-0139,814,0.12490525147680737,reciprocal_rank_fusion_k=60
161,Q0,DOE2-26-0821,815,0.12448957027816317,reciprocal_rank_fusion_k=60
161,Q0,WSJ880428-0016,816,0.12442512352715365,reciprocal_rank_fusion_k=60
161,Q0,DOE1-13-0853,817,0.12436820769870108,reciprocal_rank_fusion_k=60
161,Q0,DOE1-03-0410,818,0.1242595690588788,reciprocal_rank_fusion_k=60
161,Q0,FR891117-0021,819,0.12425152654435236,reciprocal_rank_fusion_k=60
161,Q0,DOE1-42-0545,820,0.12408179228730379,reciprocal_rank_fusion_k=60
161,Q0,AP890410-0008,821,0.12403955730662786,reciprocal_rank_fusion_k=60
161,Q0,DOE1-95-0120,822,0.12391040026027314,reciprocal_rank_fusion_k=60
161,Q0,FR89817-0022,823,0.12389435332512773,reciprocal_rank_fusion_k=60
161,Q0,WSJ870220-0144,824,0.1236568980975396,reciprocal_rank_fusion_k=60
161,Q0,DOE2-53-0684,825,0.12319074918822052,reciprocal_rank_fusion_k=60
161,Q0,AP890721-0184,826,0.12314555665206918,reciprocal_rank_fusion_k=60
161,Q0,AP881104-0238,827,0.12303531967128584,reciprocal_rank_fusion_k=60
161,Q0,DOE1-52-0785,828,0.12277606090787524,reciprocal_rank_fusion_k=60
161,Q0,AP880928-0007,829,0.12155158131458055,reciprocal_rank_fusion_k=60
161,Q0,DOE1-86-0305,830,0.12147742287154005,reciprocal_rank_fusion_k=60
161,Q0,AP880529-0047,831,0.12133925163028912,reciprocal_rank_fusion_k=60
161,Q0,DOE2-15-0995,832,0.12109786447078104,reciprocal_rank_fusion_k=60
161,Q0,DOE1-87-1073,833,0.12097226769236333,reciprocal_rank_fusion_k=60
161,Q0,FR89602-0012,834,0.12092775446653133,reciprocal_rank_fusion_k=60
161,Q0,DOE2-57-0093,835,0.12087684193157375,reciprocal_rank_fusion_k=60
161,Q0,WSJ880219-0044,836,0.12061837125950918,reciprocal_rank_fusion_k=60
161,Q0,AP880901-0140,837,0.12059220836601363,reciprocal_rank_fusion_k=60
161,Q0,AP890608-0291,838,0.12055139297865487,reciprocal_rank_fusion_k=60
161,Q0,WSJ890830-0104,839,0.12048646050446653,reciprocal_rank_fusion_k=60
161,Q0,DOE1-40-0262,840,0.12046503371503631,reciprocal_rank_fusion_k=60
161,Q0,DOE2-39-1396,841,0.12019015337522199,reciprocal_rank_fusion_k=60
161,Q0,WSJ900914-0013,842,0.11982332244175446,reciprocal_rank_fusion_k=60
161,Q0,AP881005-0133,843,0.11973196316047006,reciprocal_rank_fusion_k=60
161,Q0,DOE2-30-0162,844,0.1189835519795172,reciprocal_rank_fusion_k=60
161,Q0,AP881001-0149,845,0.11863618616465584,reciprocal_rank_fusion_k=60
161,Q0,DOE2-14-0085,846,0.11817379099857252,reciprocal_rank_fusion_k=60
161,Q0,AP880506-0081,847,0.11811786484911296,reciprocal_rank_fusion_k=60
161,Q0,DOE2-77-1270,848,0.11791925645448109,reciprocal_rank_fusion_k=60
161,Q0,DOE1-30-0484,849,0.11680762406178756,reciprocal_rank_fusion_k=60
161,Q0,WSJ880629-0071,850,0.11656139744245848,reciprocal_rank_fusion_k=60
161,Q0,WSJ891102-0016,851,0.11648535374427649,reciprocal_rank_fusion_k=60
161,Q0,WSJ911122-0099,852,0.11635040779318344,reciprocal_rank_fusion_k=60
161,Q0,AP880918-0051,853,0.1162147230816619,reciprocal_rank_fusion_k=60
161,Q0,DOE2-79-0725,854,0.11610109945614211,reciprocal_rank_fusion_k=60
161,Q0,AP890215-0030,855,0.11608131899826679,reciprocal_rank_fusion_k=60
161,Q0,FR89307-0043,856,0.11600465356155754,reciprocal_rank_fusion_k=60
161,Q0,AP890901-0039,857,0.1159125094567368,reciprocal_rank_fusion_k=60
161,Q0,AP880816-0261,858,0.11588564416297166,reciprocal_rank_fusion_k=60
161,Q0,AP890717-0073,859,0.11582217949979295,reciprocal_rank_fusion_k=60
161,Q0,DOE1-68-0643,860,0.11566922736568236,reciprocal_rank_fusion_k=60
161,Q0,AP880714-0034,861,0.1153305847210377,reciprocal_rank_fusion_k=60
161,Q0,AP880212-0054,862,0.11467863610985907,reciprocal_rank_fusion_k=60
161,Q0,DOE1-41-0501,863,0.11466183330978294,reciprocal_rank_fusion_k=60
161,Q0,AP890907-0229,864,0.11428434279898222,reciprocal_rank_fusion_k=60
161,Q0,WSJ870407-0021,865,0.1141263622741827,reciprocal_rank_fusion_k=60
161,Q0,DOE2-49-0976,866,0.11289639243385022,reciprocal_rank_fusion_k=60
161,Q0,DOE2-77-0073,867,0.1128603185609393,reciprocal_rank_fusion_k=60
161,Q0,AP891027-0240,868,0.11256390157360452,reciprocal_rank_fusion_k=60
161,Q0,AP890915-0206,869,0.11255179552079331,reciprocal_rank_fusion_k=60
161,Q0,AP880707-0028,870,0.11244942630473724,reciprocal_rank_fusion_k=60
161,Q0,WSJ911211-0020,871,0.1123521640154084,reciprocal_rank_fusion_k=60
161,Q0,AP890727-0146,872,0.11223945865902286,reciprocal_rank_fusion_k=60
161,Q0,WSJ870429-0009,873,0.11216178533124362,reciprocal_rank_fusion_k=60
161,Q0,AP880622-0077,874,0.11210603446874154,reciprocal_rank_fusion_k=60
161,Q0,WSJ900709-0021,875,0.11175405703294632,reciprocal_rank_fusion_k=60
161,Q0,AP890319-0011,876,0.11104304678133971,reciprocal_rank_fusion_k=60
161,Q0,DOE2-15-0987,877,0.1109004964095378,reciprocal_rank_fusion_k=60
161,Q0,FR88216-0137,878,0.11089315080132765,reciprocal_rank_fusion_k=60
161,Q0,DOE2-29-0076,879,0.1106668612578202,reciprocal_rank_fusion_k=60
161,Q0,DOE1-78-0387,880,0.11066108137755967,reciprocal_rank_fusion_k=60
161,Q0,DOE1-45-0818,881,0.1105983665469371,reciprocal_rank_fusion_k=60
161,Q0,WSJ881012-0162,882,0.11039696570425817,reciprocal_rank_fusion_k=60
161,Q0,FR881129-0039,883,0.11037666430372502,reciprocal_rank_fusion_k=60
161,Q0,AP890612-0173,884,0.11016678882331837,reciprocal_rank_fusion_k=60
161,Q0,DOE2-31-0225,885,0.11000987599811932,reciprocal_rank_fusion_k=60
161,Q0,AP880517-0122,886,0.1094253695649745,reciprocal_rank_fusion_k=60
161,Q0,AP890628-0086,887,0.10904362728138309,reciprocal_rank_fusion_k=60
161,Q0,FR89602-0017,888,0.10877027755216737,reciprocal_rank_fusion_k=60
161,Q0,AP890315-0268,889,0.10857538823594216,reciprocal_rank_fusion_k=60
161,Q0,AP880511-0100,890,0.10854944357204878,reciprocal_rank_fusion_k=60
161,Q0,DOE2-09-0103,891,0.10841469006621475,reciprocal_rank_fusion_k=60
161,Q0,FR88726-0018,892,0.10821368683051327,reciprocal_rank_fusion_k=60
161,Q0,AP880427-0263,893,0.10820927266521656,reciprocal_rank_fusion_k=60
161,Q0,AP890831-0175,894,0.10805295119835061,reciprocal_rank_fusion_k=60
161,Q0,DOE1-43-0666,895,0.10794279022485972,reciprocal_rank_fusion_k=60
161,Q0,FR89417-0051,896,0.10793108705227114,reciprocal_rank_fusion_k=60
161,Q0,AP890507-0034,897,0.10790897769817756,reciprocal_rank_fusion_k=60
161,Q0,AP880816-0283,898,0.10786064751139685,reciprocal_rank_fusion_k=60
161,Q0,DOE2-59-1147,899,0.10781975491646346,reciprocal_rank_fusion_k=60
161,Q0,FR88812-0012,900,0.10775461629896972,reciprocal_rank_fusion_k=60
161,Q0,AP890308-0246,901,0.10739155282146468,reciprocal_rank_fusion_k=60
161,Q0,WSJ900709-0001,902,0.10718644088826272,reciprocal_rank_fusion_k=60
161,Q0,AP890721-0212,903,0.10716037968400852,reciprocal_rank_fusion_k=60
161,Q0,AP880427-0264,904,0.10706921586436266,reciprocal_rank_fusion_k=60
161,Q0,WSJ880908-0136,905,0.10658435673108908,reciprocal_rank_fusion_k=60
161,Q0,FR89628-0022,906,0.10631537997991665,reciprocal_rank_fusion_k=60
161,Q0,WSJ891012-0071,907,0.10586568582721423,reciprocal_rank_fusion_k=60
161,Q0,FR88203-0026,908,0.10553925168155565,reciprocal_rank_fusion_k=60
161,Q0,AP880612-0072,909,0.10552274237218402,reciprocal_rank_fusion_k=60
161,Q0,WSJ900612-0056,910,0.10551830310459712,reciprocal_rank_fusion_k=60
161,Q0,DOE1-49-0607,911,0.10550658599880507,reciprocal_rank_fusion_k=60
161,Q0,FR89119-0057,912,0.10526250840891158,reciprocal_rank_fusion_k=60
161,Q0,FR881209-0040,913,0.10480074105838937,reciprocal_rank_fusion_k=60
161,Q0,DOE2-58-0831,914,0.10478908303886073,reciprocal_rank_fusion_k=60
161,Q0,DOE1-78-1034,915,0.10472278054363107,reciprocal_rank_fusion_k=60
161,Q0,AP880613-0023,916,0.10468368742815702,reciprocal_rank_fusion_k=60
161,Q0,DOE1-01-0302,917,0.10453848938107918,reciprocal_rank_fusion_k=60
161,Q0,AP891229-0116,918,0.10445117728938688,reciprocal_rank_fusion_k=60
161,Q0,DOE2-56-0113,919,0.1044047737507622,reciprocal_rank_fusion_k=60
161,Q0,DOE1-30-0483,920,0.10419602548602751,reciprocal_rank_fusion_k=60
161,Q0,AP880719-0063,921,0.10384472578340029,reciprocal_rank_fusion_k=60
161,Q0,DOE2-32-0639,922,0.1034036348320661,reciprocal_rank_fusion_k=60
161,Q0,DOE2-61-0550,923,0.10334182014989408,reciprocal_rank_fusion_k=60
161,Q0,WSJ870413-0062,924,0.10294566168654087,reciprocal_rank_fusion_k=60
161,Q0,AP890420-0009,925,0.10287012446966508,reciprocal_rank_fusion_k=60
161,Q0,AP880819-0064,926,0.10266028774082818,reciprocal_rank_fusion_k=60
161,Q0,AP890210-0184,927,0.10252231815103645,reciprocal_rank_fusion_k=60
161,Q0,DOE1-89-0554,928,0.10228262921029495,reciprocal_rank_fusion_k=60
161,Q0,ZF108-276-654,929,0.10209080889898625,reciprocal_rank_fusion_k=60
161,Q0,DOE1-34-0869,930,0.10181437943949921,reciprocal_rank_fusion_k=60
161,Q0,AP890310-0176,931,0.10171875977847349,reciprocal_rank_fusion_k=60
161,Q0,AP890410-0197,932,0.10164380923792697,reciprocal_rank_fusion_k=60
161,Q0,AP890830-0222,933,0.1014479967699806,reciprocal_rank_fusion_k=60
161,Q0,FR89522-0008,934,0.10140182794833708,reciprocal_rank_fusion_k=60
161,Q0,DOE2-15-0998,935,0.10103400935409385,reciprocal_rank_fusion_k=60
161,Q0,DOE1-49-1017,936,0.10088300670314786,reciprocal_rank_fusion_k=60
161,Q0,DOE2-14-0936,937,0.10065080047420757,reciprocal_rank_fusion_k=60
161,Q0,AP881003-0023,938,0.10055879566726905,reciprocal_rank_fusion_k=60
161,Q0,FR89724-0022,939,0.10053979873803971,reciprocal_rank_fusion_k=60
161,Q0,DOE1-66-0328,940,0.10045502115828382,reciprocal_rank_fusion_k=60
161,Q0,DOE1-66-0895,941,0.10031490925283129,reciprocal_rank_fusion_k=60
161,Q0,AP890210-0247,942,0.10028882208481951,reciprocal_rank_fusion_k=60
161,Q0,AP880615-0130,943,0.10004162258236847,reciprocal_rank_fusion_k=60
161,Q0,AP890424-0145,944,0.099921482189496,reciprocal_rank_fusion_k=60
161,Q0,AP890601-0312,945,0.09963163364522441,reciprocal_rank_fusion_k=60
161,Q0,WSJ880308-0043,946,0.09959117573889038,reciprocal_rank_fusion_k=60
161,Q0,DOE2-16-0900,947,0.09958025318509191,reciprocal_rank_fusion_k=60
161,Q0,AP890713-0119,948,0.0986598756228356,reciprocal_rank_fusion_k=60
161,Q0,DOE2-46-0015,949,0.09856144793917405,reciprocal_rank_fusion_k=60
161,Q0,AP880802-0031,950,0.098531254851227,reciprocal_rank_fusion_k=60
161,Q0,WSJ881107-0108,951,0.09797368704026198,reciprocal_rank_fusion_k=60
161,Q0,AP891221-0201,952,0.0979086188268141,reciprocal_rank_fusion_k=60
161,Q0,AP880919-0003,953,0.09760522143291939,reciprocal_rank_fusion_k=60
161,Q0,AP890812-0011,954,0.09725520844750443,reciprocal_rank_fusion_k=60
161,Q0,FR89324-0021,955,0.09713885015758884,reciprocal_rank_fusion_k=60
161,Q0,AP880219-0243,956,0.09690685400800444,reciprocal_rank_fusion_k=60
161,Q0,AP890522-0093,957,0.09690350687602552,reciprocal_rank_fusion_k=60
161,Q0,AP881129-0015,958,0.09681786728920255,reciprocal_rank_fusion_k=60
161,Q0,WSJ910723-0082,959,0.09654996037568069,reciprocal_rank_fusion_k=60
161,Q0,FR89117-0034,960,0.09648315338395982,reciprocal_rank_fusion_k=60
161,Q0,AP880310-0210,961,0.09636591015300369,reciprocal_rank_fusion_k=60
161,Q0,FR891113-0004,962,0.09635118688174903,reciprocal_rank_fusion_k=60
161,Q0,DOE2-50-0702,963,0.09619791274186516,reciprocal_rank_fusion_k=60
161,Q0,WSJ880721-0010,964,0.09607476642184185,reciprocal_rank_fusion_k=60
161,Q0,FR88607-0109,965,0.09499075944058347,reciprocal_rank_fusion_k=60
161,Q0,FR89106-0015,966,0.09473103314354579,reciprocal_rank_fusion_k=60
161,Q0,WSJ900917-0144,967,0.09457147956225104,reciprocal_rank_fusion_k=60
161,Q0,DOE1-52-0691,968,0.09457142689305886,reciprocal_rank_fusion_k=60
161,Q0,AP890622-0249,969,0.09429574322445819,reciprocal_rank_fusion_k=60
161,Q0,AP890108-0096,970,0.0941895803432904,reciprocal_rank_fusion_k=60
161,Q0,DOE1-94-0935,971,0.0941859734411898,reciprocal_rank_fusion_k=60
161,Q0,AP880925-0090,972,0.09394023884561731,reciprocal_rank_fusion_k=60
161,Q0,DOE2-63-0046,973,0.09387476631190962,reciprocal_rank_fusion_k=60
161,Q0,DOE2-83-0612,974,0.09366204064134313,reciprocal_rank_fusion_k=60
161,Q0,AP880719-0141,975,0.09336752860141842,reciprocal_rank_fusion_k=60
161,Q0,DOE1-88-0747,976,0.09298646349622616,reciprocal_rank_fusion_k=60
161,Q0,WSJ870319-0007,977,0.09241727720641177,reciprocal_rank_fusion_k=60
161,Q0,FR891128-0008,978,0.09233162056978407,reciprocal_rank_fusion_k=60
161,Q0,FR88504-0017,979,0.09197710185724445,reciprocal_rank_fusion_k=60
161,Q0,AP880808-0121,980,0.091553155518933,reciprocal_rank_fusion_k=60
161,Q0,FR88830-0074,981,0.09144263824251217,reciprocal_rank_fusion_k=60
161,Q0,DOE2-28-0973,982,0.09117276085542865,reciprocal_rank_fusion_k=60
161,Q0,FR88729-0014,983,0.09116897999103368,reciprocal_rank_fusion_k=60
161,Q0,DOE1-62-0187,984,0.0911010760924479,reciprocal_rank_fusion_k=60
161,Q0,WSJ900427-0032,985,0.09096934245255742,reciprocal_rank_fusion_k=60
161,Q0,FR88823-0021,986,0.09095930392231427,reciprocal_rank_fusion_k=60
161,Q0,AP880727-0193,987,0.09073410838747242,reciprocal_rank_fusion_k=60
161,Q0,DOE2-20-1200,988,0.09060382473477331,reciprocal_rank_fusion_k=60
161,Q0,AP890415-0042,989,0.09060070023231666,reciprocal_rank_fusion_k=60
161,Q0,AP890906-0201,990,0.09047477523775868,reciprocal_rank_fusion_k=60
161,Q0,DOE1-69-0027,991,0.09022648438054737,reciprocal_rank_fusion_k=60
161,Q0,DOE2-13-0558,992,0.09002159242025884,reciprocal_rank_fusion_k=60
161,Q0,AP890601-0150,993,0.08992961932386492,reciprocal_rank_fusion_k=60
161,Q0,AP890505-0089,994,0.0897847156136256,reciprocal_rank_fusion_k=60
161,Q0,AP890315-0272,995,0.08970805779943303,reciprocal_rank_fusion_k=60
161,Q0,DOE2-11-0336,996,0.08952754685662039,reciprocal_rank_fusion_k=60
161,Q0,AP880712-0268,997,0.08950193902629125,reciprocal_rank_fusion_k=60
161,Q0,AP890613-0226,998,0.08947088126417987,reciprocal_rank_fusion_k=60
161,Q0,AP881116-0051,999,0.08940346417784067,reciprocal_rank_fusion_k=60
161,Q0,FR88829-0074,1000,0.08934768651243355,reciprocal_rank_fusion_k=60
165,Q0,WSJ861205-0170,1,2.5040949278950304,reciprocal_rank_fusion_k=60
165,Q0,WSJ900503-0092,2,2.4135289092487646,reciprocal_rank_fusion_k=60
165,Q0,WSJ910516-0076,3,2.207335919713066,reciprocal_rank_fusion_k=60
165,Q0,AP890725-0146,4,2.193851593371595,reciprocal_rank_fusion_k=60
165,Q0,WSJ911211-0032,5,2.1621159292705094,reciprocal_rank_fusion_k=60
165,Q0,WSJ920313-0070,6,2.1140722983089333,reciprocal_rank_fusion_k=60
165,Q0,WSJ900503-0007,7,2.0408477771138323,reciprocal_rank_fusion_k=60
165,Q0,AP891205-0033,8,2.0003056592262767,reciprocal_rank_fusion_k=60
165,Q0,AP890111-0147,9,1.8585516476385748,reciprocal_rank_fusion_k=60
165,Q0,WSJ890725-0123,10,1.841960046999877,reciprocal_rank_fusion_k=60
165,Q0,WSJ880517-0107,11,1.8368976942265083,reciprocal_rank_fusion_k=60
165,Q0,WSJ900529-0132,12,1.7668889927129618,reciprocal_rank_fusion_k=60
165,Q0,WSJ880601-0013,13,1.7580010258408487,reciprocal_rank_fusion_k=60
165,Q0,WSJ871019-0110,14,1.7531639045059226,reciprocal_rank_fusion_k=60
165,Q0,WSJ920130-0127,15,1.7524005975359673,reciprocal_rank_fusion_k=60
165,Q0,WSJ900411-0093,16,1.7519302475103657,reciprocal_rank_fusion_k=60
165,Q0,WSJ870420-0033,17,1.673979372633576,reciprocal_rank_fusion_k=60
165,Q0,WSJ900404-0139,18,1.6517261992905135,reciprocal_rank_fusion_k=60
165,Q0,AP880410-0081,19,1.579664627759752,reciprocal_rank_fusion_k=60
165,Q0,AP881007-0099,20,1.5483105819091816,reciprocal_rank_fusion_k=60
165,Q0,WSJ880721-0133,21,1.4538486800183683,reciprocal_rank_fusion_k=60
165,Q0,AP880505-0034,22,1.4409618517744955,reciprocal_rank_fusion_k=60
165,Q0,WSJ900612-0127,23,1.422345454369189,reciprocal_rank_fusion_k=60
165,Q0,WSJ880902-0017,24,1.416684670133864,reciprocal_rank_fusion_k=60
165,Q0,WSJ870429-0123,25,1.394386576804653,reciprocal_rank_fusion_k=60
165,Q0,WSJ870423-0142,26,1.3699883421713477,reciprocal_rank_fusion_k=60
165,Q0,WSJ910815-0083,27,1.345141151169008,reciprocal_rank_fusion_k=60
165,Q0,WSJ910729-0082,28,1.3449189765079501,reciprocal_rank_fusion_k=60
165,Q0,WSJ920205-0084,29,1.3333041966166033,reciprocal_rank_fusion_k=60
165,Q0,WSJ870217-0073,30,1.3275419175067338,reciprocal_rank_fusion_k=60
165,Q0,WSJ910326-0139,31,1.3146720988673255,reciprocal_rank_fusion_k=60
165,Q0,WSJ900927-0100,32,1.306983340069506,reciprocal_rank_fusion_k=60
165,Q0,WSJ891010-0041,33,1.2885734243505917,reciprocal_rank_fusion_k=60
165,Q0,AP880606-0277,34,1.26701217134894,reciprocal_rank_fusion_k=60
165,Q0,WSJ920310-0111,35,1.265817698484967,reciprocal_rank_fusion_k=60
165,Q0,WSJ900523-0140,36,1.2642450330609722,reciprocal_rank_fusion_k=60
165,Q0,AP880529-0040,37,1.2629860282099257,reciprocal_rank_fusion_k=60
165,Q0,WSJ900607-0113,38,1.2628470407729087,reciprocal_rank_fusion_k=60
165,Q0,WSJ900612-0099,39,1.2520969259570003,reciprocal_rank_fusion_k=60
165,Q0,WSJ880630-0019,40,1.2511568733656875,reciprocal_rank_fusion_k=60
165,Q0,AP890517-0142,41,1.2422851242625141,reciprocal_rank_fusion_k=60
165,Q0,WSJ880606-0084,42,1.2307265741914135,reciprocal_rank_fusion_k=60
165,Q0,AP890728-0232,43,1.2296095229511133,reciprocal_rank_fusion_k=60
165,Q0,AP890414-0213,44,1.2294024752439026,reciprocal_rank_fusion_k=60
165,Q0,WSJ911008-0111,45,1.2245067807958223,reciprocal_rank_fusion_k=60
165,Q0,WSJ920324-0102,46,1.2181519774016434,reciprocal_rank_fusion_k=60
165,Q0,AP891126-0052,47,1.187136155394366,reciprocal_rank_fusion_k=60
165,Q0,WSJ911022-0075,48,1.1839273301399884,reciprocal_rank_fusion_k=60
165,Q0,WSJ890914-0084,49,1.17632073339755,reciprocal_rank_fusion_k=60
165,Q0,WSJ910923-0090,50,1.1699782426589904,reciprocal_rank_fusion_k=60
165,Q0,WSJ880302-0099,51,1.16536424916663,reciprocal_rank_fusion_k=60
165,Q0,AP891105-0099,52,1.164947359209101,reciprocal_rank_fusion_k=60
165,Q0,AP880302-0282,53,1.1543163883566276,reciprocal_rank_fusion_k=60
165,Q0,WSJ880307-0011,54,1.142903249665928,reciprocal_rank_fusion_k=60
165,Q0,WSJ910913-0055,55,1.1289556943049874,reciprocal_rank_fusion_k=60
165,Q0,WSJ910328-0067,56,1.1234135305904878,reciprocal_rank_fusion_k=60
165,Q0,WSJ880503-0080,57,1.1156758609510984,reciprocal_rank_fusion_k=60
165,Q0,WSJ900828-0070,58,1.1140006028922755,reciprocal_rank_fusion_k=60
165,Q0,AP890602-0259,59,1.1080604368414204,reciprocal_rank_fusion_k=60
165,Q0,WSJ870814-0121,60,1.1013000819126977,reciprocal_rank_fusion_k=60
165,Q0,WSJ910801-0035,61,1.1005825296364915,reciprocal_rank_fusion_k=60
165,Q0,WSJ910130-0069,62,1.0866965999380314,reciprocal_rank_fusion_k=60
165,Q0,AP881111-0204,63,1.0568313029011105,reciprocal_rank_fusion_k=60
165,Q0,WSJ900524-0066,64,1.0564297776906617,reciprocal_rank_fusion_k=60
165,Q0,AP881125-0005,65,1.0562799650969068,reciprocal_rank_fusion_k=60
165,Q0,WSJ911007-0004,66,1.0306721127360343,reciprocal_rank_fusion_k=60
165,Q0,AP891115-0152,67,1.0285541390269042,reciprocal_rank_fusion_k=60
165,Q0,WSJ900727-0061,68,1.017499751834523,reciprocal_rank_fusion_k=60
165,Q0,WSJ880404-0069,69,1.0167345079387673,reciprocal_rank_fusion_k=60
165,Q0,AP891101-0272,70,1.0099996365615622,reciprocal_rank_fusion_k=60
165,Q0,AP880501-0083,71,1.0036199641778056,reciprocal_rank_fusion_k=60
165,Q0,WSJ900521-0100,72,0.9987484803393137,reciprocal_rank_fusion_k=60
165,Q0,WSJ870403-0085,73,0.9961807448795744,reciprocal_rank_fusion_k=60
165,Q0,AP891103-0277,74,0.9955813888843361,reciprocal_rank_fusion_k=60
165,Q0,AP880611-0076,75,0.9905835302973868,reciprocal_rank_fusion_k=60
165,Q0,AP880516-0225,76,0.9894477359542525,reciprocal_rank_fusion_k=60
165,Q0,AP881207-0033,77,0.9755587197536162,reciprocal_rank_fusion_k=60
165,Q0,WSJ880615-0127,78,0.9526894456054888,reciprocal_rank_fusion_k=60
165,Q0,AP880303-0006,79,0.9522356701315101,reciprocal_rank_fusion_k=60
165,Q0,WSJ910605-0010,80,0.9511905847833734,reciprocal_rank_fusion_k=60
165,Q0,WSJ920130-0121,81,0.9485260110560698,reciprocal_rank_fusion_k=60
165,Q0,WSJ891006-0119,82,0.9425032664595997,reciprocal_rank_fusion_k=60
165,Q0,WSJ880721-0115,83,0.9367062078875038,reciprocal_rank_fusion_k=60
165,Q0,AP880319-0135,84,0.9332351414038921,reciprocal_rank_fusion_k=60
165,Q0,AP880301-0217,85,0.9260270726102744,reciprocal_rank_fusion_k=60
165,Q0,WSJ870506-0152,86,0.9255147467539165,reciprocal_rank_fusion_k=60
165,Q0,WSJ890728-0128,87,0.924609544309424,reciprocal_rank_fusion_k=60
165,Q0,AP881109-0201,88,0.9189303684778091,reciprocal_rank_fusion_k=60
165,Q0,WSJ910304-0119,89,0.9130901263425276,reciprocal_rank_fusion_k=60
165,Q0,AP891004-0027,90,0.9124235209317444,reciprocal_rank_fusion_k=60
165,Q0,AP880226-0072,91,0.9083843780078169,reciprocal_rank_fusion_k=60
165,Q0,WSJ880614-0029,92,0.9064526319416643,reciprocal_rank_fusion_k=60
165,Q0,AP891225-0050,93,0.9058833160194928,reciprocal_rank_fusion_k=60
165,Q0,AP890106-0070,94,0.9012694443280779,reciprocal_rank_fusion_k=60
165,Q0,AP890330-0213,95,0.8993918220089713,reciprocal_rank_fusion_k=60
165,Q0,WSJ920115-0027,96,0.8922917676528069,reciprocal_rank_fusion_k=60
165,Q0,AP880629-0032,97,0.8886226916380214,reciprocal_rank_fusion_k=60
165,Q0,AP880803-0256,98,0.8883719333944953,reciprocal_rank_fusion_k=60
165,Q0,WSJ891018-0099,99,0.8842403580567295,reciprocal_rank_fusion_k=60
165,Q0,AP880601-0341,100,0.8838315158896743,reciprocal_rank_fusion_k=60
165,Q0,AP880518-0178,101,0.8820287499943462,reciprocal_rank_fusion_k=60
165,Q0,WSJ870604-0010,102,0.8774070993445594,reciprocal_rank_fusion_k=60
165,Q0,AP890223-0138,103,0.876762471606856,reciprocal_rank_fusion_k=60
165,Q0,AP880629-0179,104,0.8767248648893186,reciprocal_rank_fusion_k=60
165,Q0,WSJ920121-0156,105,0.8736346898960301,reciprocal_rank_fusion_k=60
165,Q0,WSJ880615-0002,106,0.8681376511950019,reciprocal_rank_fusion_k=60
165,Q0,AP891025-0272,107,0.8657897582642244,reciprocal_rank_fusion_k=60
165,Q0,AP890527-0017,108,0.8652860015334829,reciprocal_rank_fusion_k=60
165,Q0,WSJ870814-0088,109,0.8534328836871448,reciprocal_rank_fusion_k=60
165,Q0,AP880622-0272,110,0.8528338033649662,reciprocal_rank_fusion_k=60
165,Q0,WSJ900607-0039,111,0.8520744301533216,reciprocal_rank_fusion_k=60
165,Q0,AP880603-0161,112,0.8487876033958741,reciprocal_rank_fusion_k=60
165,Q0,AP890301-0308,113,0.8457806459026151,reciprocal_rank_fusion_k=60
165,Q0,WSJ880629-0024,114,0.8411334878992761,reciprocal_rank_fusion_k=60
165,Q0,WSJ900507-0079,115,0.8297633922243698,reciprocal_rank_fusion_k=60
165,Q0,AP880615-0090,116,0.8294441151968027,reciprocal_rank_fusion_k=60
165,Q0,WSJ870430-0147,117,0.8207742888145534,reciprocal_rank_fusion_k=60
165,Q0,WSJ900522-0072,118,0.8124547109584862,reciprocal_rank_fusion_k=60
165,Q0,WSJ880503-0056,119,0.8115073029667618,reciprocal_rank_fusion_k=60
165,Q0,WSJ880323-0135,120,0.8047912427648084,reciprocal_rank_fusion_k=60
165,Q0,WSJ871231-0034,121,0.798104568438626,reciprocal_rank_fusion_k=60
165,Q0,AP890530-0139,122,0.7904952160580825,reciprocal_rank_fusion_k=60
165,Q0,AP880326-0121,123,0.7844923594462908,reciprocal_rank_fusion_k=60
165,Q0,WSJ880526-0064,124,0.782240757099343,reciprocal_rank_fusion_k=60
165,Q0,WSJ880830-0082,125,0.7785913810161942,reciprocal_rank_fusion_k=60
165,Q0,AP891101-0170,126,0.7765770453665863,reciprocal_rank_fusion_k=60
165,Q0,AP880219-0027,127,0.776493674787709,reciprocal_rank_fusion_k=60
165,Q0,AP880614-0052,128,0.7714924102248694,reciprocal_rank_fusion_k=60
165,Q0,AP890301-0264,129,0.7604298760388885,reciprocal_rank_fusion_k=60
165,Q0,WSJ870707-0145,130,0.754926563929822,reciprocal_rank_fusion_k=60
165,Q0,AP880301-0216,131,0.7500955269338481,reciprocal_rank_fusion_k=60
165,Q0,AP880815-0137,132,0.743187374664777,reciprocal_rank_fusion_k=60
165,Q0,WSJ871202-0095,133,0.7198099695402339,reciprocal_rank_fusion_k=60
165,Q0,AP880516-0096,134,0.7184504408211526,reciprocal_rank_fusion_k=60
165,Q0,AP880613-0204,135,0.7106070706823193,reciprocal_rank_fusion_k=60
165,Q0,WSJ910422-0097,136,0.7099333463099815,reciprocal_rank_fusion_k=60
165,Q0,WSJ871028-0090,137,0.7035582302907608,reciprocal_rank_fusion_k=60
165,Q0,WSJ880627-0062,138,0.6968199178300206,reciprocal_rank_fusion_k=60
165,Q0,AP890105-0255,139,0.6933937227782742,reciprocal_rank_fusion_k=60
165,Q0,WSJ870106-0146,140,0.6910437407996048,reciprocal_rank_fusion_k=60
165,Q0,WSJ911105-0159,141,0.6846427763175814,reciprocal_rank_fusion_k=60
165,Q0,WSJ910625-0139,142,0.6843359563917275,reciprocal_rank_fusion_k=60
165,Q0,AP891215-0016,143,0.6828299129380226,reciprocal_rank_fusion_k=60
165,Q0,WSJ880804-0127,144,0.6799699407576031,reciprocal_rank_fusion_k=60
165,Q0,WSJ880504-0166,145,0.6769500608188559,reciprocal_rank_fusion_k=60
165,Q0,AP891214-0121,146,0.6712377790443399,reciprocal_rank_fusion_k=60
165,Q0,WSJ900405-0043,147,0.670138927955671,reciprocal_rank_fusion_k=60
165,Q0,AP891208-0269,148,0.6608584498111727,reciprocal_rank_fusion_k=60
165,Q0,AP890913-0308,149,0.6560266460021402,reciprocal_rank_fusion_k=60
165,Q0,AP890909-0074,150,0.6519218654419183,reciprocal_rank_fusion_k=60
165,Q0,AP881226-0137,151,0.6502075951703902,reciprocal_rank_fusion_k=60
165,Q0,AP890609-0253,152,0.65013821018153,reciprocal_rank_fusion_k=60
165,Q0,AP880603-0119,153,0.6492646811335895,reciprocal_rank_fusion_k=60
165,Q0,AP880613-0305,154,0.6442073206582472,reciprocal_rank_fusion_k=60
165,Q0,AP890612-0251,155,0.6439931393426674,reciprocal_rank_fusion_k=60
165,Q0,WSJ900427-0150,156,0.6378426307257592,reciprocal_rank_fusion_k=60
165,Q0,WSJ880816-0020,157,0.6315251462182067,reciprocal_rank_fusion_k=60
165,Q0,WSJ880513-0093,158,0.6300567430958897,reciprocal_rank_fusion_k=60
165,Q0,WSJ870917-0055,159,0.6291575224479861,reciprocal_rank_fusion_k=60
165,Q0,WSJ910705-0055,160,0.6290754718206126,reciprocal_rank_fusion_k=60
165,Q0,WSJ900521-0078,161,0.6232199270812955,reciprocal_rank_fusion_k=60
165,Q0,WSJ900411-0084,162,0.617816115300915,reciprocal_rank_fusion_k=60
165,Q0,AP880830-0213,163,0.6172876220558371,reciprocal_rank_fusion_k=60
165,Q0,AP880830-0219,164,0.6129510362585221,reciprocal_rank_fusion_k=60
165,Q0,WSJ880413-0133,165,0.6094546177526418,reciprocal_rank_fusion_k=60
165,Q0,WSJ910517-0115,166,0.6091113454786543,reciprocal_rank_fusion_k=60
165,Q0,AP890528-0025,167,0.6002828337451978,reciprocal_rank_fusion_k=60
165,Q0,AP891122-0256,168,0.5986801263283362,reciprocal_rank_fusion_k=60
165,Q0,WSJ920316-0027,169,0.5979798880056368,reciprocal_rank_fusion_k=60
165,Q0,WSJ900717-0128,170,0.5965572630392049,reciprocal_rank_fusion_k=60
165,Q0,WSJ880512-0128,171,0.595317613285276,reciprocal_rank_fusion_k=60
165,Q0,WSJ911001-0025,172,0.595298744448327,reciprocal_rank_fusion_k=60
165,Q0,WSJ870826-0037,173,0.5936992020112488,reciprocal_rank_fusion_k=60
165,Q0,WSJ920212-0018,174,0.5902697239220895,reciprocal_rank_fusion_k=60
165,Q0,WSJ880201-0066,175,0.5882103384785505,reciprocal_rank_fusion_k=60
165,Q0,AP880217-0300,176,0.5840530760727171,reciprocal_rank_fusion_k=60
165,Q0,AP890221-0019,177,0.5831584519214298,reciprocal_rank_fusion_k=60
165,Q0,WSJ870422-0126,178,0.5813815978499516,reciprocal_rank_fusion_k=60
165,Q0,WSJ920108-0050,179,0.5807966800049069,reciprocal_rank_fusion_k=60
165,Q0,AP880422-0296,180,0.5715516952309257,reciprocal_rank_fusion_k=60
165,Q0,AP880620-0049,181,0.5691413525160366,reciprocal_rank_fusion_k=60
165,Q0,WSJ910130-0057,182,0.5690637512472805,reciprocal_rank_fusion_k=60
165,Q0,AP880304-0104,183,0.5673494580218439,reciprocal_rank_fusion_k=60
165,Q0,AP880228-0040,184,0.5653941490502704,reciprocal_rank_fusion_k=60
165,Q0,WSJ880624-0103,185,0.5608671902228525,reciprocal_rank_fusion_k=60
165,Q0,WSJ881021-0163,186,0.5596248796601064,reciprocal_rank_fusion_k=60
165,Q0,WSJ881021-0036,187,0.5592482879385752,reciprocal_rank_fusion_k=60
165,Q0,WSJ900615-0105,188,0.5483903307707166,reciprocal_rank_fusion_k=60
165,Q0,WSJ910503-0091,189,0.5455261282159609,reciprocal_rank_fusion_k=60
165,Q0,WSJ891003-0074,190,0.5450445938302335,reciprocal_rank_fusion_k=60
165,Q0,WSJ870928-0041,191,0.5426566943467783,reciprocal_rank_fusion_k=60
165,Q0,WSJ920117-0140,192,0.5409798502821745,reciprocal_rank_fusion_k=60
165,Q0,AP880217-0251,193,0.5393881564106479,reciprocal_rank_fusion_k=60
165,Q0,WSJ920311-0070,194,0.5387644351017373,reciprocal_rank_fusion_k=60
165,Q0,AP890728-0222,195,0.5374889009963133,reciprocal_rank_fusion_k=60
165,Q0,WSJ880601-0151,196,0.5366246769844799,reciprocal_rank_fusion_k=60
165,Q0,WSJ900810-0119,197,0.5343715226572836,reciprocal_rank_fusion_k=60
165,Q0,AP880516-0160,198,0.5268993502864348,reciprocal_rank_fusion_k=60
165,Q0,WSJ900924-0121,199,0.5242940514064975,reciprocal_rank_fusion_k=60
165,Q0,WSJ880404-0013,200,0.5217981487991824,reciprocal_rank_fusion_k=60
165,Q0,WSJ900711-0111,201,0.5199376301281572,reciprocal_rank_fusion_k=60
165,Q0,AP890619-0023,202,0.5180199679900075,reciprocal_rank_fusion_k=60
165,Q0,WSJ900927-0076,203,0.5154845851419873,reciprocal_rank_fusion_k=60
165,Q0,AP880525-0344,204,0.5131022237577288,reciprocal_rank_fusion_k=60
165,Q0,WSJ900614-0035,205,0.5126572155887259,reciprocal_rank_fusion_k=60
165,Q0,WSJ900517-0073,206,0.5120337512363045,reciprocal_rank_fusion_k=60
165,Q0,AP880213-0196,207,0.5112675964274123,reciprocal_rank_fusion_k=60
165,Q0,AP880410-0080,208,0.5099937176386022,reciprocal_rank_fusion_k=60
165,Q0,WSJ880422-0094,209,0.5082685128638653,reciprocal_rank_fusion_k=60
165,Q0,AP890629-0274,210,0.5080488988942657,reciprocal_rank_fusion_k=60
165,Q0,WSJ880308-0116,211,0.5069989990094009,reciprocal_rank_fusion_k=60
165,Q0,WSJ920108-0092,212,0.505419289752522,reciprocal_rank_fusion_k=60
165,Q0,WSJ870416-0096,213,0.5019076598419585,reciprocal_rank_fusion_k=60
165,Q0,WSJ910131-0016,214,0.5008699350951642,reciprocal_rank_fusion_k=60
165,Q0,AP881207-0257,215,0.4972913375457492,reciprocal_rank_fusion_k=60
165,Q0,WSJ880606-0090,216,0.4962903374333716,reciprocal_rank_fusion_k=60
165,Q0,AP890914-0147,217,0.4891887609232737,reciprocal_rank_fusion_k=60
165,Q0,WSJ870218-0068,218,0.48869355605630893,reciprocal_rank_fusion_k=60
165,Q0,AP890110-0160,219,0.48051836780651724,reciprocal_rank_fusion_k=60
165,Q0,AP880426-0100,220,0.4769198488200351,reciprocal_rank_fusion_k=60
165,Q0,AP880422-0021,221,0.47599992036841104,reciprocal_rank_fusion_k=60
165,Q0,AP881109-0027,222,0.47565900027674674,reciprocal_rank_fusion_k=60
165,Q0,WSJ890811-0102,223,0.46809492236419337,reciprocal_rank_fusion_k=60
165,Q0,WSJ870811-0138,224,0.4673543701227456,reciprocal_rank_fusion_k=60
165,Q0,WSJ890918-0079,225,0.46129646373325717,reciprocal_rank_fusion_k=60
165,Q0,WSJ880411-0047,226,0.46005768194225055,reciprocal_rank_fusion_k=60
165,Q0,AP891004-0252,227,0.4586672343806205,reciprocal_rank_fusion_k=60
165,Q0,WSJ870824-0034,228,0.4578566497906417,reciprocal_rank_fusion_k=60
165,Q0,WSJ911106-0128,229,0.45707795156231046,reciprocal_rank_fusion_k=60
165,Q0,AP880602-0322,230,0.4569830376370139,reciprocal_rank_fusion_k=60
165,Q0,WSJ890912-0104,231,0.4565919315121497,reciprocal_rank_fusion_k=60
165,Q0,AP880616-0145,232,0.45434783202966156,reciprocal_rank_fusion_k=60
165,Q0,AP880903-0126,233,0.45417568461569974,reciprocal_rank_fusion_k=60
165,Q0,AP890712-0241,234,0.4518045552484854,reciprocal_rank_fusion_k=60
165,Q0,AP880614-0056,235,0.44985820378289637,reciprocal_rank_fusion_k=60
165,Q0,AP890531-0115,236,0.44766599930781803,reciprocal_rank_fusion_k=60
165,Q0,WSJ920210-0064,237,0.44733266623431567,reciprocal_rank_fusion_k=60
165,Q0,AP891101-0241,238,0.4467950827501827,reciprocal_rank_fusion_k=60
165,Q0,WSJ870403-0076,239,0.4467420610197503,reciprocal_rank_fusion_k=60
165,Q0,WSJ870720-0004,240,0.4430612812239466,reciprocal_rank_fusion_k=60
165,Q0,WSJ890822-0133,241,0.4419052138002056,reciprocal_rank_fusion_k=60
165,Q0,AP881212-0293,242,0.4408728837009424,reciprocal_rank_fusion_k=60
165,Q0,WSJ881020-0050,243,0.43981218758843615,reciprocal_rank_fusion_k=60
165,Q0,WSJ870115-0048,244,0.43895237510127755,reciprocal_rank_fusion_k=60
165,Q0,WSJ900906-0113,245,0.438080174599769,reciprocal_rank_fusion_k=60
165,Q0,AP890710-0206,246,0.437411719380246,reciprocal_rank_fusion_k=60
165,Q0,WSJ881005-0142,247,0.4312507882353861,reciprocal_rank_fusion_k=60
165,Q0,WSJ881018-0022,248,0.42569079248587777,reciprocal_rank_fusion_k=60
165,Q0,WSJ871127-0122,249,0.4255383889157569,reciprocal_rank_fusion_k=60
165,Q0,WSJ900809-0054,250,0.4216538985784292,reciprocal_rank_fusion_k=60
165,Q0,WSJ881021-0012,251,0.4216304828053336,reciprocal_rank_fusion_k=60
165,Q0,AP890109-0107,252,0.42131310211877154,reciprocal_rank_fusion_k=60
165,Q0,WSJ861211-0142,253,0.4203016299389047,reciprocal_rank_fusion_k=60
165,Q0,AP881226-0138,254,0.41728446172836586,reciprocal_rank_fusion_k=60
165,Q0,WSJ880120-0096,255,0.4166530054580448,reciprocal_rank_fusion_k=60
165,Q0,WSJ910206-0159,256,0.41318106256233145,reciprocal_rank_fusion_k=60
165,Q0,WSJ900703-0150,257,0.413103534695419,reciprocal_rank_fusion_k=60
165,Q0,AP880421-0268,258,0.41283501850952614,reciprocal_rank_fusion_k=60
165,Q0,WSJ910311-0107,259,0.4124162108297877,reciprocal_rank_fusion_k=60
165,Q0,WSJ890804-0003,260,0.4114771360516763,reciprocal_rank_fusion_k=60
165,Q0,WSJ911028-0017,261,0.41133808402147015,reciprocal_rank_fusion_k=60
165,Q0,AP890122-0067,262,0.411164507647793,reciprocal_rank_fusion_k=60
165,Q0,WSJ910705-0111,263,0.4108278784082387,reciprocal_rank_fusion_k=60
165,Q0,AP890603-0027,264,0.41011835673881386,reciprocal_rank_fusion_k=60
165,Q0,AP880612-0069,265,0.4083818519355772,reciprocal_rank_fusion_k=60
165,Q0,WSJ900910-0148,266,0.40689429125627563,reciprocal_rank_fusion_k=60
165,Q0,AP890801-0071,267,0.4063021475934468,reciprocal_rank_fusion_k=60
165,Q0,AP890106-0041,268,0.4014165992770391,reciprocal_rank_fusion_k=60
165,Q0,AP881121-0151,269,0.40110370776036486,reciprocal_rank_fusion_k=60
165,Q0,AP881201-0261,270,0.40019921480603293,reciprocal_rank_fusion_k=60
165,Q0,AP890119-0289,271,0.3986583396679944,reciprocal_rank_fusion_k=60
165,Q0,WSJ871207-0077,272,0.39587659852893986,reciprocal_rank_fusion_k=60
165,Q0,WSJ880906-0123,273,0.39520486516063313,reciprocal_rank_fusion_k=60
165,Q0,AP880411-0146,274,0.3945957232542362,reciprocal_rank_fusion_k=60
165,Q0,WSJ870416-0005,275,0.3945227516018996,reciprocal_rank_fusion_k=60
165,Q0,WSJ900606-0038,276,0.39360861884068554,reciprocal_rank_fusion_k=60
165,Q0,AP890213-0270,277,0.3921590317061245,reciprocal_rank_fusion_k=60
165,Q0,AP880729-0154,278,0.39163211498934636,reciprocal_rank_fusion_k=60
165,Q0,WSJ910322-0041,279,0.3902536785899216,reciprocal_rank_fusion_k=60
165,Q0,AP880603-0173,280,0.39014285470922966,reciprocal_rank_fusion_k=60
165,Q0,WSJ861216-0172,281,0.38864737059560456,reciprocal_rank_fusion_k=60
165,Q0,WSJ911014-0171,282,0.3864013869659685,reciprocal_rank_fusion_k=60
165,Q0,DOE1-45-0162,283,0.38510337449115956,reciprocal_rank_fusion_k=60
165,Q0,AP880615-0288,284,0.3850082699600956,reciprocal_rank_fusion_k=60
165,Q0,WSJ910201-0033,285,0.3847188745270147,reciprocal_rank_fusion_k=60
165,Q0,WSJ870130-0033,286,0.38335214177143256,reciprocal_rank_fusion_k=60
165,Q0,AP880901-0265,287,0.38225554519097493,reciprocal_rank_fusion_k=60
165,Q0,WSJ900906-0001,288,0.3818634486110697,reciprocal_rank_fusion_k=60
165,Q0,WSJ890919-0162,289,0.3762536716341084,reciprocal_rank_fusion_k=60
165,Q0,WSJ900417-0107,290,0.37416744121275836,reciprocal_rank_fusion_k=60
165,Q0,WSJ900912-0069,291,0.3735756870023572,reciprocal_rank_fusion_k=60
165,Q0,WSJ880725-0046,292,0.37192633722387314,reciprocal_rank_fusion_k=60
165,Q0,AP890914-0237,293,0.37181124017980244,reciprocal_rank_fusion_k=60
165,Q0,WSJ890803-0106,294,0.3712180539739893,reciprocal_rank_fusion_k=60
165,Q0,WSJ870302-0049,295,0.3695065311887576,reciprocal_rank_fusion_k=60
165,Q0,AP891116-0095,296,0.36945055779831365,reciprocal_rank_fusion_k=60
165,Q0,AP880422-0205,297,0.36837519731367285,reciprocal_rank_fusion_k=60
165,Q0,AP890921-0249,298,0.3671773140305621,reciprocal_rank_fusion_k=60
165,Q0,WSJ870617-0051,299,0.3668170385728293,reciprocal_rank_fusion_k=60
165,Q0,AP880525-0237,300,0.36653781661365864,reciprocal_rank_fusion_k=60
165,Q0,WSJ900726-0108,301,0.36534171045497976,reciprocal_rank_fusion_k=60
165,Q0,DOE1-33-0581,302,0.3648207421361526,reciprocal_rank_fusion_k=60
165,Q0,AP880404-0133,303,0.3624216847072115,reciprocal_rank_fusion_k=60
165,Q0,WSJ870506-0011,304,0.36204179275185777,reciprocal_rank_fusion_k=60
165,Q0,AP880602-0123,305,0.36074021790001426,reciprocal_rank_fusion_k=60
165,Q0,WSJ910523-0044,306,0.36017259733049695,reciprocal_rank_fusion_k=60
165,Q0,WSJ910326-0088,307,0.3589509243166258,reciprocal_rank_fusion_k=60
165,Q0,AP890107-0024,308,0.3579795732695497,reciprocal_rank_fusion_k=60
165,Q0,AP880503-0190,309,0.35731380021080494,reciprocal_rank_fusion_k=60
165,Q0,AP890906-0161,310,0.357124842208485,reciprocal_rank_fusion_k=60
165,Q0,AP890522-0331,311,0.356976525319391,reciprocal_rank_fusion_k=60
165,Q0,AP890904-0020,312,0.35639031349999906,reciprocal_rank_fusion_k=60
165,Q0,AP880514-0154,313,0.35499050284351913,reciprocal_rank_fusion_k=60
165,Q0,WSJ910521-0114,314,0.35454031998847935,reciprocal_rank_fusion_k=60
165,Q0,WSJ910618-0124,315,0.35259089376462055,reciprocal_rank_fusion_k=60
165,Q0,WSJ890810-0106,316,0.35108713995264196,reciprocal_rank_fusion_k=60
165,Q0,WSJ920304-0087,317,0.35079988005676555,reciprocal_rank_fusion_k=60
165,Q0,WSJ871124-0110,318,0.350391246599178,reciprocal_rank_fusion_k=60
165,Q0,AP890111-0041,319,0.3488257328945785,reciprocal_rank_fusion_k=60
165,Q0,AP880904-0065,320,0.3487481300015955,reciprocal_rank_fusion_k=60
165,Q0,AP880406-0237,321,0.34838289705354497,reciprocal_rank_fusion_k=60
165,Q0,AP880421-0305,322,0.34768024729303104,reciprocal_rank_fusion_k=60
165,Q0,AP881012-0263,323,0.3464798793910186,reciprocal_rank_fusion_k=60
165,Q0,AP890913-0281,324,0.34639353021212455,reciprocal_rank_fusion_k=60
165,Q0,AP880927-0015,325,0.3451799657159807,reciprocal_rank_fusion_k=60
165,Q0,WSJ910926-0126,326,0.34425724424849063,reciprocal_rank_fusion_k=60
165,Q0,AP880505-0321,327,0.34419647991548913,reciprocal_rank_fusion_k=60
165,Q0,WSJ900416-0073,328,0.3432692110417124,reciprocal_rank_fusion_k=60
165,Q0,AP890101-0037,329,0.3416370932640151,reciprocal_rank_fusion_k=60
165,Q0,WSJ880519-0111,330,0.3414742050042967,reciprocal_rank_fusion_k=60
165,Q0,WSJ870227-0067,331,0.3412870195325669,reciprocal_rank_fusion_k=60
165,Q0,AP890919-0232,332,0.34125131392701435,reciprocal_rank_fusion_k=60
165,Q0,FR89731-0026,333,0.3410588792208654,reciprocal_rank_fusion_k=60
165,Q0,WSJ880705-0155,334,0.3406626523706955,reciprocal_rank_fusion_k=60
165,Q0,AP890124-0237,335,0.3391399584380051,reciprocal_rank_fusion_k=60
165,Q0,WSJ910716-0139,336,0.33888520032351827,reciprocal_rank_fusion_k=60
165,Q0,WSJ910304-0102,337,0.33656435245255845,reciprocal_rank_fusion_k=60
165,Q0,WSJ900507-0111,338,0.33591632795216925,reciprocal_rank_fusion_k=60
165,Q0,WSJ881020-0140,339,0.335152433021017,reciprocal_rank_fusion_k=60
165,Q0,WSJ910529-0039,340,0.3350131225079781,reciprocal_rank_fusion_k=60
165,Q0,WSJ900907-0033,341,0.33469711917477035,reciprocal_rank_fusion_k=60
165,Q0,WSJ910415-0103,342,0.3326941716162568,reciprocal_rank_fusion_k=60
165,Q0,AP881117-0141,343,0.33202701752204666,reciprocal_rank_fusion_k=60
165,Q0,AP890906-0287,344,0.3316483527931307,reciprocal_rank_fusion_k=60
165,Q0,WSJ900601-0054,345,0.33156941125395234,reciprocal_rank_fusion_k=60
165,Q0,WSJ870602-0092,346,0.3304629070890034,reciprocal_rank_fusion_k=60
165,Q0,WSJ910522-0142,347,0.32993611629137154,reciprocal_rank_fusion_k=60
165,Q0,WSJ910415-0164,348,0.32963014172298344,reciprocal_rank_fusion_k=60
165,Q0,WSJ910327-0084,349,0.32943293671072293,reciprocal_rank_fusion_k=60
165,Q0,WSJ900904-0025,350,0.32883757184427964,reciprocal_rank_fusion_k=60
165,Q0,AP880729-0111,351,0.3285107420241603,reciprocal_rank_fusion_k=60
165,Q0,DOE2-83-0599,352,0.3275086148015745,reciprocal_rank_fusion_k=60
165,Q0,WSJ880216-0135,353,0.32713762274617486,reciprocal_rank_fusion_k=60
165,Q0,AP890810-0212,354,0.326770075693162,reciprocal_rank_fusion_k=60
165,Q0,AP881117-0095,355,0.32470405046829104,reciprocal_rank_fusion_k=60
165,Q0,WSJ900925-0036,356,0.3240957245930245,reciprocal_rank_fusion_k=60
165,Q0,AP881021-0245,357,0.3239179556168739,reciprocal_rank_fusion_k=60
165,Q0,WSJ871231-0144,358,0.32357305934153957,reciprocal_rank_fusion_k=60
165,Q0,AP890119-0300,359,0.32336452048075187,reciprocal_rank_fusion_k=60
165,Q0,WSJ891004-0039,360,0.32164526263029103,reciprocal_rank_fusion_k=60
165,Q0,WSJ920116-0023,361,0.3204308737889095,reciprocal_rank_fusion_k=60
165,Q0,WSJ870915-0097,362,0.3202538503179263,reciprocal_rank_fusion_k=60
165,Q0,WSJ880405-0013,363,0.31962877438224413,reciprocal_rank_fusion_k=60
165,Q0,WSJ900618-0021,364,0.31893992743976085,reciprocal_rank_fusion_k=60
165,Q0,AP890422-0008,365,0.3183836046956676,reciprocal_rank_fusion_k=60
165,Q0,WSJ900711-0104,366,0.3182574088586131,reciprocal_rank_fusion_k=60
165,Q0,WSJ900622-0117,367,0.3157811373281226,reciprocal_rank_fusion_k=60
165,Q0,WSJ870305-0056,368,0.31436206815037787,reciprocal_rank_fusion_k=60
165,Q0,WSJ880706-0150,369,0.31262597736183895,reciprocal_rank_fusion_k=60
165,Q0,AP890911-0069,370,0.31000795878675047,reciprocal_rank_fusion_k=60
165,Q0,WSJ880331-0091,371,0.30703597740228306,reciprocal_rank_fusion_k=60
165,Q0,WSJ880816-0097,372,0.30652453573119715,reciprocal_rank_fusion_k=60
165,Q0,WSJ900829-0151,373,0.30578627111219336,reciprocal_rank_fusion_k=60
165,Q0,AP881201-0258,374,0.30522639684617503,reciprocal_rank_fusion_k=60
165,Q0,WSJ891101-0038,375,0.3052259267649758,reciprocal_rank_fusion_k=60
165,Q0,WSJ880923-0086,376,0.3021821712488484,reciprocal_rank_fusion_k=60
165,Q0,DOE1-30-0966,377,0.29980916488291237,reciprocal_rank_fusion_k=60
165,Q0,WSJ900627-0128,378,0.2963357954976258,reciprocal_rank_fusion_k=60
165,Q0,AP880516-0176,379,0.29611818563118325,reciprocal_rank_fusion_k=60
165,Q0,WSJ870602-0087,380,0.2958915501681367,reciprocal_rank_fusion_k=60
165,Q0,WSJ910821-0046,381,0.2954568479091749,reciprocal_rank_fusion_k=60
165,Q0,AP890911-0118,382,0.2950311489600823,reciprocal_rank_fusion_k=60
165,Q0,WSJ870918-0069,383,0.2947800519445227,reciprocal_rank_fusion_k=60
165,Q0,AP890530-0227,384,0.2936975474283276,reciprocal_rank_fusion_k=60
165,Q0,WSJ870331-0078,385,0.29311285076515214,reciprocal_rank_fusion_k=60
165,Q0,FR891006-0067,386,0.2921761721685365,reciprocal_rank_fusion_k=60
165,Q0,AP880629-0319,387,0.29061291509831466,reciprocal_rank_fusion_k=60
165,Q0,AP891121-0031,388,0.29057891885510106,reciprocal_rank_fusion_k=60
165,Q0,AP890228-0168,389,0.2901355335460186,reciprocal_rank_fusion_k=60
165,Q0,AP890123-0144,390,0.2890817482218433,reciprocal_rank_fusion_k=60
165,Q0,AP890714-0041,391,0.2876582859974205,reciprocal_rank_fusion_k=60
165,Q0,WSJ910719-0098,392,0.28679546206475515,reciprocal_rank_fusion_k=60
165,Q0,AP890112-0025,393,0.2866893703100493,reciprocal_rank_fusion_k=60
165,Q0,WSJ910627-0002,394,0.28476367513437506,reciprocal_rank_fusion_k=60
165,Q0,WSJ880908-0096,395,0.2847195598315828,reciprocal_rank_fusion_k=60
165,Q0,WSJ871209-0015,396,0.2834847328731911,reciprocal_rank_fusion_k=60
165,Q0,AP880625-0058,397,0.2833347421341727,reciprocal_rank_fusion_k=60
165,Q0,AP890127-0099,398,0.28298748892617026,reciprocal_rank_fusion_k=60
165,Q0,AP880405-0253,399,0.2822829253551633,reciprocal_rank_fusion_k=60
165,Q0,AP880502-0069,400,0.28221581552805913,reciprocal_rank_fusion_k=60
165,Q0,WSJ881018-0064,401,0.2819514166114759,reciprocal_rank_fusion_k=60
165,Q0,AP881117-0235,402,0.2815808973418998,reciprocal_rank_fusion_k=60
165,Q0,AP880607-0271,403,0.2810986362789969,reciprocal_rank_fusion_k=60
165,Q0,WSJ910617-0111,404,0.27952019222719987,reciprocal_rank_fusion_k=60
165,Q0,AP890504-0280,405,0.27918948088698314,reciprocal_rank_fusion_k=60
165,Q0,WSJ920115-0064,406,0.27874603973198897,reciprocal_rank_fusion_k=60
165,Q0,WSJ880608-0062,407,0.2768154183396006,reciprocal_rank_fusion_k=60
165,Q0,WSJ870610-0146,408,0.276659937432507,reciprocal_rank_fusion_k=60
165,Q0,AP891101-0057,409,0.27644194482662726,reciprocal_rank_fusion_k=60
165,Q0,WSJ880218-0095,410,0.2761009553955933,reciprocal_rank_fusion_k=60
165,Q0,AP881018-0285,411,0.2759068817321397,reciprocal_rank_fusion_k=60
165,Q0,WSJ880406-0014,412,0.2748981801848298,reciprocal_rank_fusion_k=60
165,Q0,WSJ870423-0131,413,0.2744453748233487,reciprocal_rank_fusion_k=60
165,Q0,WSJ880412-0095,414,0.27374764148011793,reciprocal_rank_fusion_k=60
165,Q0,WSJ870303-0109,415,0.27305308916769705,reciprocal_rank_fusion_k=60
165,Q0,WSJ910108-0074,416,0.27203898071340904,reciprocal_rank_fusion_k=60
165,Q0,ZF207-249-727,417,0.271742651178021,reciprocal_rank_fusion_k=60
165,Q0,AP890913-0287,418,0.2678719556747936,reciprocal_rank_fusion_k=60
165,Q0,AP890929-0220,419,0.2669766635335018,reciprocal_rank_fusion_k=60
165,Q0,AP881214-0107,420,0.2653157089102605,reciprocal_rank_fusion_k=60
165,Q0,WSJ910805-0085,421,0.2635088992090786,reciprocal_rank_fusion_k=60
165,Q0,WSJ900726-0002,422,0.263211956978184,reciprocal_rank_fusion_k=60
165,Q0,WSJ881018-0062,423,0.2628947531826168,reciprocal_rank_fusion_k=60
165,Q0,WSJ920211-0041,424,0.26256029577496887,reciprocal_rank_fusion_k=60
165,Q0,WSJ880311-0019,425,0.26206657707098546,reciprocal_rank_fusion_k=60
165,Q0,AP890818-0109,426,0.2619535724672852,reciprocal_rank_fusion_k=60
165,Q0,AP890301-0309,427,0.26157401353486487,reciprocal_rank_fusion_k=60
165,Q0,AP880526-0143,428,0.26004290254927204,reciprocal_rank_fusion_k=60
165,Q0,WSJ861215-0129,429,0.2594991589696057,reciprocal_rank_fusion_k=60
165,Q0,AP880510-0285,430,0.258155228003114,reciprocal_rank_fusion_k=60
165,Q0,WSJ881021-0048,431,0.257590864817747,reciprocal_rank_fusion_k=60
165,Q0,WSJ870217-0013,432,0.2575258471387429,reciprocal_rank_fusion_k=60
165,Q0,WSJ910506-0099,433,0.25668349245181526,reciprocal_rank_fusion_k=60
165,Q0,WSJ890929-0137,434,0.256512099043601,reciprocal_rank_fusion_k=60
165,Q0,WSJ910326-0018,435,0.256293795515696,reciprocal_rank_fusion_k=60
165,Q0,AP880514-0040,436,0.2562023892084332,reciprocal_rank_fusion_k=60
165,Q0,WSJ870127-0038,437,0.2551665794182021,reciprocal_rank_fusion_k=60
165,Q0,AP880514-0006,438,0.2549094345957931,reciprocal_rank_fusion_k=60
165,Q0,WSJ900521-0160,439,0.25454928028001833,reciprocal_rank_fusion_k=60
165,Q0,AP890110-0009,440,0.2518388712308818,reciprocal_rank_fusion_k=60
165,Q0,WSJ890804-0159,441,0.24966587050131672,reciprocal_rank_fusion_k=60
165,Q0,WSJ900914-0139,442,0.24947948623693086,reciprocal_rank_fusion_k=60
165,Q0,AP880409-0096,443,0.24861736885709168,reciprocal_rank_fusion_k=60
165,Q0,WSJ911101-0170,444,0.2486086091401228,reciprocal_rank_fusion_k=60
165,Q0,AP890306-0079,445,0.2483190293444409,reciprocal_rank_fusion_k=60
165,Q0,DOE2-42-1187,446,0.2481653303570429,reciprocal_rank_fusion_k=60
165,Q0,WSJ881011-0011,447,0.24804167201690172,reciprocal_rank_fusion_k=60
165,Q0,AP890201-0027,448,0.24679474232491574,reciprocal_rank_fusion_k=60
165,Q0,AP880627-0247,449,0.24647858106661938,reciprocal_rank_fusion_k=60
165,Q0,WSJ910621-0111,450,0.24639141757200064,reciprocal_rank_fusion_k=60
165,Q0,WSJ910425-0136,451,0.24588538082472605,reciprocal_rank_fusion_k=60
165,Q0,WSJ880715-0015,452,0.24455911773402048,reciprocal_rank_fusion_k=60
165,Q0,AP880405-0010,453,0.2435910624823914,reciprocal_rank_fusion_k=60
165,Q0,AP890927-0090,454,0.24343517288058705,reciprocal_rank_fusion_k=60
165,Q0,WSJ911017-0093,455,0.24308829211095023,reciprocal_rank_fusion_k=60
165,Q0,WSJ910524-0098,456,0.242868055119604,reciprocal_rank_fusion_k=60
165,Q0,WSJ900914-0028,457,0.2425430161554204,reciprocal_rank_fusion_k=60
165,Q0,FR89524-0073,458,0.24250741933796477,reciprocal_rank_fusion_k=60
165,Q0,AP880910-0103,459,0.24204668454631287,reciprocal_rank_fusion_k=60
165,Q0,WSJ881101-0106,460,0.2411111862708086,reciprocal_rank_fusion_k=60
165,Q0,WSJ861203-0040,461,0.24076466008063524,reciprocal_rank_fusion_k=60
165,Q0,WSJ870601-0047,462,0.24017340032177684,reciprocal_rank_fusion_k=60
165,Q0,WSJ920309-0058,463,0.2399837569478825,reciprocal_rank_fusion_k=60
165,Q0,AP891213-0196,464,0.23995125456813682,reciprocal_rank_fusion_k=60
165,Q0,AP881125-0088,465,0.2398875485335069,reciprocal_rank_fusion_k=60
165,Q0,WSJ880824-0110,466,0.23977992198805356,reciprocal_rank_fusion_k=60
165,Q0,AP890613-0036,467,0.2397134930954072,reciprocal_rank_fusion_k=60
165,Q0,WSJ920113-0033,468,0.23939932179537607,reciprocal_rank_fusion_k=60
165,Q0,AP880608-0268,469,0.23862652856854719,reciprocal_rank_fusion_k=60
165,Q0,AP890713-0257,470,0.23709546523046393,reciprocal_rank_fusion_k=60
165,Q0,WSJ920320-0006,471,0.23697501511886263,reciprocal_rank_fusion_k=60
165,Q0,WSJ900801-0078,472,0.23666118266615727,reciprocal_rank_fusion_k=60
165,Q0,AP890223-0264,473,0.23653847216174456,reciprocal_rank_fusion_k=60
165,Q0,AP890515-0254,474,0.2349347381456667,reciprocal_rank_fusion_k=60
165,Q0,WSJ900917-0107,475,0.23449419555059112,reciprocal_rank_fusion_k=60
165,Q0,AP890712-0240,476,0.23425754903991247,reciprocal_rank_fusion_k=60
165,Q0,WSJ880119-0081,477,0.23411118333737294,reciprocal_rank_fusion_k=60
165,Q0,AP890209-0258,478,0.23342157953098938,reciprocal_rank_fusion_k=60
165,Q0,AP881020-0306,479,0.23336369266818963,reciprocal_rank_fusion_k=60
165,Q0,WSJ900615-0084,480,0.23292576002886597,reciprocal_rank_fusion_k=60
165,Q0,AP890301-0171,481,0.23167278870775287,reciprocal_rank_fusion_k=60
165,Q0,WSJ870727-0056,482,0.2310532136279228,reciprocal_rank_fusion_k=60
165,Q0,AP880914-0268,483,0.23101305369703928,reciprocal_rank_fusion_k=60
165,Q0,WSJ911030-0011,484,0.2309694430378093,reciprocal_rank_fusion_k=60
165,Q0,AP880613-0024,485,0.2306890314497328,reciprocal_rank_fusion_k=60
165,Q0,WSJ910701-0140,486,0.22927140405825633,reciprocal_rank_fusion_k=60
165,Q0,AP890119-0190,487,0.22917602298175618,reciprocal_rank_fusion_k=60
165,Q0,AP891122-0300,488,0.22913268460104474,reciprocal_rank_fusion_k=60
165,Q0,WSJ871015-0076,489,0.2286071688860805,reciprocal_rank_fusion_k=60
165,Q0,AP891203-0030,490,0.22837782791243377,reciprocal_rank_fusion_k=60
165,Q0,WSJ870702-0172,491,0.22791085671104439,reciprocal_rank_fusion_k=60
165,Q0,WSJ880120-0024,492,0.22761857079474665,reciprocal_rank_fusion_k=60
165,Q0,AP890518-0129,493,0.22747604222875012,reciprocal_rank_fusion_k=60
165,Q0,WSJ920124-0041,494,0.2271583308627169,reciprocal_rank_fusion_k=60
165,Q0,WSJ870602-0094,495,0.22622615761288428,reciprocal_rank_fusion_k=60
165,Q0,WSJ920116-0042,496,0.22617635242297104,reciprocal_rank_fusion_k=60
165,Q0,WSJ880128-0150,497,0.2258104373620428,reciprocal_rank_fusion_k=60
165,Q0,WSJ891023-0111,498,0.22550996723556627,reciprocal_rank_fusion_k=60
165,Q0,AP890824-0021,499,0.2251780315438408,reciprocal_rank_fusion_k=60
165,Q0,WSJ920131-0076,500,0.22517469400267773,reciprocal_rank_fusion_k=60
165,Q0,AP890531-0175,501,0.22414742899797388,reciprocal_rank_fusion_k=60
165,Q0,WSJ920120-0117,502,0.22325244571801262,reciprocal_rank_fusion_k=60
165,Q0,WSJ880728-0086,503,0.2224973049247156,reciprocal_rank_fusion_k=60
165,Q0,WSJ881014-0199,504,0.22173509660440735,reciprocal_rank_fusion_k=60
165,Q0,AP890616-0260,505,0.22094823627442234,reciprocal_rank_fusion_k=60
165,Q0,WSJ900430-0085,506,0.22056557246182484,reciprocal_rank_fusion_k=60
165,Q0,ZF108-725-732,507,0.21906399022701195,reciprocal_rank_fusion_k=60
165,Q0,FR881206-0095,508,0.21895626024144377,reciprocal_rank_fusion_k=60
165,Q0,AP880928-0299,509,0.21860488231977368,reciprocal_rank_fusion_k=60
165,Q0,WSJ870306-0122,510,0.21756448183980331,reciprocal_rank_fusion_k=60
165,Q0,FR881110-0097,511,0.21740745535458883,reciprocal_rank_fusion_k=60
165,Q0,ZF108-827-522,512,0.21718399801831156,reciprocal_rank_fusion_k=60
165,Q0,AP880425-0001,513,0.21658948260836028,reciprocal_rank_fusion_k=60
165,Q0,AP891003-0275,514,0.21624692227517767,reciprocal_rank_fusion_k=60
165,Q0,AP880212-0099,515,0.21464636483736144,reciprocal_rank_fusion_k=60
165,Q0,WSJ900709-0091,516,0.21430272505428155,reciprocal_rank_fusion_k=60
165,Q0,WSJ900628-0158,517,0.2142124383064607,reciprocal_rank_fusion_k=60
165,Q0,WSJ870113-0097,518,0.21391700697270316,reciprocal_rank_fusion_k=60
165,Q0,AP881104-0037,519,0.21390953174899113,reciprocal_rank_fusion_k=60
165,Q0,WSJ920107-0076,520,0.213798250126435,reciprocal_rank_fusion_k=60
165,Q0,WSJ880222-0060,521,0.2133761757915607,reciprocal_rank_fusion_k=60
165,Q0,WSJ890811-0012,522,0.2130201497240904,reciprocal_rank_fusion_k=60
165,Q0,WSJ910423-0253,523,0.21212265674805397,reciprocal_rank_fusion_k=60
165,Q0,AP880622-0133,524,0.21198150181835143,reciprocal_rank_fusion_k=60
165,Q0,WSJ911120-0081,525,0.2113893323637637,reciprocal_rank_fusion_k=60
165,Q0,WSJ900723-0124,526,0.21114675958720872,reciprocal_rank_fusion_k=60
165,Q0,AP890220-0012,527,0.21114217833409477,reciprocal_rank_fusion_k=60
165,Q0,WSJ900425-0168,528,0.21056389471920325,reciprocal_rank_fusion_k=60
165,Q0,WSJ911004-0087,529,0.21044864663897495,reciprocal_rank_fusion_k=60
165,Q0,AP881202-0199,530,0.2103740077817323,reciprocal_rank_fusion_k=60
165,Q0,WSJ900403-0168,531,0.20980181038771914,reciprocal_rank_fusion_k=60
165,Q0,AP890327-0170,532,0.20962007818532621,reciprocal_rank_fusion_k=60
165,Q0,WSJ880916-0001,533,0.20928518880819774,reciprocal_rank_fusion_k=60
165,Q0,WSJ900612-0096,534,0.2077976810039577,reciprocal_rank_fusion_k=60
165,Q0,WSJ880622-0072,535,0.20759862130027334,reciprocal_rank_fusion_k=60
165,Q0,ZF108-568-110,536,0.20746620196412346,reciprocal_rank_fusion_k=60
165,Q0,WSJ920319-0045,537,0.20744470670589574,reciprocal_rank_fusion_k=60
165,Q0,AP890630-0053,538,0.20713164870113235,reciprocal_rank_fusion_k=60
165,Q0,WSJ870330-0154,539,0.20672241158299878,reciprocal_rank_fusion_k=60
165,Q0,AP881017-0159,540,0.20651392683806938,reciprocal_rank_fusion_k=60
165,Q0,AP890927-0239,541,0.20540101785687603,reciprocal_rank_fusion_k=60
165,Q0,WSJ900618-0071,542,0.20500520930737987,reciprocal_rank_fusion_k=60
165,Q0,WSJ910716-0107,543,0.20448014885546476,reciprocal_rank_fusion_k=60
165,Q0,WSJ870812-0032,544,0.2043908898873873,reciprocal_rank_fusion_k=60
165,Q0,WSJ880414-0162,545,0.20372268229124185,reciprocal_rank_fusion_k=60
165,Q0,AP881129-0220,546,0.20311782914802673,reciprocal_rank_fusion_k=60
165,Q0,WSJ880919-0069,547,0.20284870095584662,reciprocal_rank_fusion_k=60
165,Q0,WSJ900625-0142,548,0.20273809253674463,reciprocal_rank_fusion_k=60
165,Q0,AP890420-0263,549,0.20262782631579548,reciprocal_rank_fusion_k=60
165,Q0,AP880712-0272,550,0.2021775260823499,reciprocal_rank_fusion_k=60
165,Q0,WSJ880426-0074,551,0.20184740142799334,reciprocal_rank_fusion_k=60
165,Q0,AP890811-0025,552,0.20173430415547927,reciprocal_rank_fusion_k=60
165,Q0,AP890111-0250,553,0.2016127425851393,reciprocal_rank_fusion_k=60
165,Q0,ZF109-594-043,554,0.20153983339493176,reciprocal_rank_fusion_k=60
165,Q0,AP890524-0038,555,0.20104520901569814,reciprocal_rank_fusion_k=60
165,Q0,WSJ881108-0148,556,0.20072179304493046,reciprocal_rank_fusion_k=60
165,Q0,WSJ880616-0164,557,0.20070410865868876,reciprocal_rank_fusion_k=60
165,Q0,AP880629-0292,558,0.2002178546987957,reciprocal_rank_fusion_k=60
165,Q0,WSJ900717-0098,559,0.19981121532160806,reciprocal_rank_fusion_k=60
165,Q0,ZF108-257-546,560,0.1993029190751089,reciprocal_rank_fusion_k=60
165,Q0,AP891012-0141,561,0.19929519598373416,reciprocal_rank_fusion_k=60
165,Q0,WSJ900918-0163,562,0.19877108522790454,reciprocal_rank_fusion_k=60
165,Q0,WSJ900703-0142,563,0.19827590238561052,reciprocal_rank_fusion_k=60
165,Q0,AP890508-0251,564,0.1981665269922396,reciprocal_rank_fusion_k=60
165,Q0,AP880823-0020,565,0.19807719935648854,reciprocal_rank_fusion_k=60
165,Q0,WSJ900517-0129,566,0.19807588394656447,reciprocal_rank_fusion_k=60
165,Q0,AP881020-0281,567,0.19573541564029814,reciprocal_rank_fusion_k=60
165,Q0,ZF207-321-783,568,0.19528127448316263,reciprocal_rank_fusion_k=60
165,Q0,WSJ880107-0118,569,0.19511239846876133,reciprocal_rank_fusion_k=60
165,Q0,WSJ910306-0104,570,0.19470966398629536,reciprocal_rank_fusion_k=60
165,Q0,WSJ910513-0075,571,0.1940302068203519,reciprocal_rank_fusion_k=60
165,Q0,AP880812-0115,572,0.19383883837130272,reciprocal_rank_fusion_k=60
165,Q0,WSJ870320-0197,573,0.19332274975515384,reciprocal_rank_fusion_k=60
165,Q0,AP890724-0169,574,0.19286030716300617,reciprocal_rank_fusion_k=60
165,Q0,AP890525-0122,575,0.1924459353962894,reciprocal_rank_fusion_k=60
165,Q0,AP880404-0262,576,0.19195389331134782,reciprocal_rank_fusion_k=60
165,Q0,AP880304-0079,577,0.1918860658681284,reciprocal_rank_fusion_k=60
165,Q0,WSJ870826-0015,578,0.19157123398329914,reciprocal_rank_fusion_k=60
165,Q0,AP881005-0066,579,0.19154179369659255,reciprocal_rank_fusion_k=60
165,Q0,AP880628-0298,580,0.19145533318956115,reciprocal_rank_fusion_k=60
165,Q0,AP890824-0026,581,0.19057488283834836,reciprocal_rank_fusion_k=60
165,Q0,AP890531-0301,582,0.18955402124650952,reciprocal_rank_fusion_k=60
165,Q0,AP890726-0094,583,0.18927649949668812,reciprocal_rank_fusion_k=60
165,Q0,WSJ870805-0048,584,0.1891196263884505,reciprocal_rank_fusion_k=60
165,Q0,AP881001-0035,585,0.18883822691446298,reciprocal_rank_fusion_k=60
165,Q0,WSJ890731-0082,586,0.1880758996062351,reciprocal_rank_fusion_k=60
165,Q0,AP890301-0035,587,0.18744013572823418,reciprocal_rank_fusion_k=60
165,Q0,AP890320-0280,588,0.18581845687479231,reciprocal_rank_fusion_k=60
165,Q0,WSJ890922-0007,589,0.1854708620177018,reciprocal_rank_fusion_k=60
165,Q0,WSJ900613-0080,590,0.18443297322273086,reciprocal_rank_fusion_k=60
165,Q0,AP880521-0203,591,0.18438440037288728,reciprocal_rank_fusion_k=60
165,Q0,AP880610-0161,592,0.1832912628059995,reciprocal_rank_fusion_k=60
165,Q0,WSJ910326-0109,593,0.1826053537885115,reciprocal_rank_fusion_k=60
165,Q0,WSJ880127-0153,594,0.18230269088345422,reciprocal_rank_fusion_k=60
165,Q0,WSJ920319-0168,595,0.18218370313888435,reciprocal_rank_fusion_k=60
165,Q0,AP890309-0227,596,0.18182567225037508,reciprocal_rank_fusion_k=60
165,Q0,AP880912-0210,597,0.18180161822642177,reciprocal_rank_fusion_k=60
165,Q0,AP891012-0241,598,0.18127445783400803,reciprocal_rank_fusion_k=60
165,Q0,WSJ911126-0071,599,0.18096393181977136,reciprocal_rank_fusion_k=60
165,Q0,AP880721-0037,600,0.18062255433886806,reciprocal_rank_fusion_k=60
165,Q0,AP880913-0099,601,0.18051326100643406,reciprocal_rank_fusion_k=60
165,Q0,WSJ900724-0002,602,0.17990768308023092,reciprocal_rank_fusion_k=60
165,Q0,WSJ880815-0091,603,0.17941557424258348,reciprocal_rank_fusion_k=60
165,Q0,AP880505-0285,604,0.1787677453162313,reciprocal_rank_fusion_k=60
165,Q0,WSJ900731-0005,605,0.17859481600405885,reciprocal_rank_fusion_k=60
165,Q0,AP880822-0176,606,0.1783275847234011,reciprocal_rank_fusion_k=60
165,Q0,AP881020-0062,607,0.1773531969804162,reciprocal_rank_fusion_k=60
165,Q0,AP890810-0109,608,0.17722373353001877,reciprocal_rank_fusion_k=60
165,Q0,AP881028-0145,609,0.17718825468912422,reciprocal_rank_fusion_k=60
165,Q0,AP891102-0188,610,0.17707050067397645,reciprocal_rank_fusion_k=60
165,Q0,WSJ870318-0086,611,0.17643769820062036,reciprocal_rank_fusion_k=60
165,Q0,WSJ881101-0010,612,0.17639236384204032,reciprocal_rank_fusion_k=60
165,Q0,AP881124-0005,613,0.17634766942379657,reciprocal_rank_fusion_k=60
165,Q0,AP890713-0222,614,0.17619508935936698,reciprocal_rank_fusion_k=60
165,Q0,AP891115-0107,615,0.17587198183481714,reciprocal_rank_fusion_k=60
165,Q0,WSJ911105-0087,616,0.17586465426724457,reciprocal_rank_fusion_k=60
165,Q0,WSJ891023-0137,617,0.1754753311011634,reciprocal_rank_fusion_k=60
165,Q0,WSJ910213-0017,618,0.17530835782228227,reciprocal_rank_fusion_k=60
165,Q0,AP881024-0177,619,0.1750043572755411,reciprocal_rank_fusion_k=60
165,Q0,WSJ900626-0118,620,0.17472516721640374,reciprocal_rank_fusion_k=60
165,Q0,WSJ870603-0091,621,0.1744476990318016,reciprocal_rank_fusion_k=60
165,Q0,FR88211-0360,622,0.1740455318064768,reciprocal_rank_fusion_k=60
165,Q0,WSJ890731-0107,623,0.17344071893514254,reciprocal_rank_fusion_k=60
165,Q0,FR88516-0128,624,0.17330856555760657,reciprocal_rank_fusion_k=60
165,Q0,AP890208-0179,625,0.1724908101375763,reciprocal_rank_fusion_k=60
165,Q0,WSJ910618-0029,626,0.17202404592292242,reciprocal_rank_fusion_k=60
165,Q0,WSJ920311-0056,627,0.1716062817097396,reciprocal_rank_fusion_k=60
165,Q0,AP881005-0314,628,0.17142821918007936,reciprocal_rank_fusion_k=60
165,Q0,AP880831-0044,629,0.17105946823485327,reciprocal_rank_fusion_k=60
165,Q0,WSJ890918-0057,630,0.17074665277257262,reciprocal_rank_fusion_k=60
165,Q0,AP891213-0097,631,0.17050198365349745,reciprocal_rank_fusion_k=60
165,Q0,AP890304-0070,632,0.1702656089750831,reciprocal_rank_fusion_k=60
165,Q0,WSJ870114-0070,633,0.16969376378561674,reciprocal_rank_fusion_k=60
165,Q0,ZF207-846-668,634,0.16908376817921897,reciprocal_rank_fusion_k=60
165,Q0,WSJ870209-0086,635,0.16899245151632997,reciprocal_rank_fusion_k=60
165,Q0,AP880516-0013,636,0.16888450149353323,reciprocal_rank_fusion_k=60
165,Q0,AP890513-0076,637,0.16874733392732513,reciprocal_rank_fusion_k=60
165,Q0,AP890403-0060,638,0.16869914349342943,reciprocal_rank_fusion_k=60
165,Q0,ZF207-317-301,639,0.168568533453126,reciprocal_rank_fusion_k=60
165,Q0,AP890719-0080,640,0.16852679957764924,reciprocal_rank_fusion_k=60
165,Q0,WSJ911009-0102,641,0.1682398664195569,reciprocal_rank_fusion_k=60
165,Q0,WSJ871028-0131,642,0.1677294279018859,reciprocal_rank_fusion_k=60
165,Q0,WSJ880509-0008,643,0.16771382929179007,reciprocal_rank_fusion_k=60
165,Q0,WSJ861223-0089,644,0.167074009054159,reciprocal_rank_fusion_k=60
165,Q0,WSJ910411-0048,645,0.16678336172535496,reciprocal_rank_fusion_k=60
165,Q0,WSJ900917-0079,646,0.16667051709773648,reciprocal_rank_fusion_k=60
165,Q0,AP891011-0085,647,0.16624296072511086,reciprocal_rank_fusion_k=60
165,Q0,WSJ890726-0026,648,0.16525911373582236,reciprocal_rank_fusion_k=60
165,Q0,WSJ881020-0074,649,0.164868625719828,reciprocal_rank_fusion_k=60
165,Q0,AP890617-0038,650,0.16461980372765075,reciprocal_rank_fusion_k=60
165,Q0,AP890920-0109,651,0.16449659303091435,reciprocal_rank_fusion_k=60
165,Q0,WSJ870318-0123,652,0.1644444247130381,reciprocal_rank_fusion_k=60
165,Q0,WSJ910530-0075,653,0.16424913647661327,reciprocal_rank_fusion_k=60
165,Q0,WSJ880823-0030,654,0.16424018867841453,reciprocal_rank_fusion_k=60
165,Q0,WSJ891016-0049,655,0.16411466387059995,reciprocal_rank_fusion_k=60
165,Q0,WSJ880219-0011,656,0.1637804433265213,reciprocal_rank_fusion_k=60
165,Q0,WSJ910415-0171,657,0.16356933192326578,reciprocal_rank_fusion_k=60
165,Q0,WSJ870730-0080,658,0.1635604952302256,reciprocal_rank_fusion_k=60
165,Q0,WSJ910910-0012,659,0.16354028033781093,reciprocal_rank_fusion_k=60
165,Q0,FR89228-0161,660,0.16329191598503817,reciprocal_rank_fusion_k=60
165,Q0,AP891117-0020,661,0.16305146829481362,reciprocal_rank_fusion_k=60
165,Q0,WSJ920110-0086,662,0.1624658558860389,reciprocal_rank_fusion_k=60
165,Q0,WSJ910812-0153,663,0.16245621734525467,reciprocal_rank_fusion_k=60
165,Q0,WSJ920206-0072,664,0.1624088249533783,reciprocal_rank_fusion_k=60
165,Q0,WSJ880129-0036,665,0.16232562176362106,reciprocal_rank_fusion_k=60
165,Q0,ZF207-207-132,666,0.16209339920148758,reciprocal_rank_fusion_k=60
165,Q0,WSJ880901-0048,667,0.16207999932227043,reciprocal_rank_fusion_k=60
165,Q0,AP880407-0163,668,0.16205587822670295,reciprocal_rank_fusion_k=60
165,Q0,AP890912-0035,669,0.1618819347608038,reciprocal_rank_fusion_k=60
165,Q0,FR89505-0143,670,0.16157282595617734,reciprocal_rank_fusion_k=60
165,Q0,AP891110-0136,671,0.16097458029173167,reciprocal_rank_fusion_k=60
165,Q0,AP890615-0221,672,0.1606727081392748,reciprocal_rank_fusion_k=60
165,Q0,WSJ900426-0079,673,0.1603911678668529,reciprocal_rank_fusion_k=60
165,Q0,WSJ880726-0139,674,0.15849232792504778,reciprocal_rank_fusion_k=60
165,Q0,AP890911-0131,675,0.15810599936554037,reciprocal_rank_fusion_k=60
165,Q0,WSJ910722-0029,676,0.15799341080749144,reciprocal_rank_fusion_k=60
165,Q0,WSJ870112-0038,677,0.1574896444009367,reciprocal_rank_fusion_k=60
165,Q0,AP890616-0021,678,0.15745734419272744,reciprocal_rank_fusion_k=60
165,Q0,AP891109-0169,679,0.15741315114499224,reciprocal_rank_fusion_k=60
165,Q0,WSJ920212-0012,680,0.15715810445829118,reciprocal_rank_fusion_k=60
165,Q0,WSJ900912-0047,681,0.15691460753265835,reciprocal_rank_fusion_k=60
165,Q0,AP891114-0266,682,0.15661822792625088,reciprocal_rank_fusion_k=60
165,Q0,FR89530-0115,683,0.15554957969553723,reciprocal_rank_fusion_k=60
165,Q0,AP880823-0103,684,0.1554759211060456,reciprocal_rank_fusion_k=60
165,Q0,WSJ890727-0179,685,0.15504654369075446,reciprocal_rank_fusion_k=60
165,Q0,WSJ920218-0139,686,0.15495599703835783,reciprocal_rank_fusion_k=60
165,Q0,WSJ861217-0117,687,0.15451334408002917,reciprocal_rank_fusion_k=60
165,Q0,AP891115-0271,688,0.15426457909695376,reciprocal_rank_fusion_k=60
165,Q0,FR881018-0126,689,0.15423303094611113,reciprocal_rank_fusion_k=60
165,Q0,AP890701-0080,690,0.15420089855164862,reciprocal_rank_fusion_k=60
165,Q0,DOE2-74-0453,691,0.15399925367572467,reciprocal_rank_fusion_k=60
165,Q0,WSJ920109-0169,692,0.15373843029002343,reciprocal_rank_fusion_k=60
165,Q0,AP890126-0156,693,0.1535010589137683,reciprocal_rank_fusion_k=60
165,Q0,ZF109-594-119,694,0.15300300793681582,reciprocal_rank_fusion_k=60
165,Q0,WSJ880616-0147,695,0.15290607139476906,reciprocal_rank_fusion_k=60
165,Q0,FR88830-0013,696,0.1524318866690767,reciprocal_rank_fusion_k=60
165,Q0,AP890913-0142,697,0.15224148939029628,reciprocal_rank_fusion_k=60
165,Q0,AP881108-0241,698,0.1520295009026483,reciprocal_rank_fusion_k=60
165,Q0,AP880320-0088,699,0.15194528177571498,reciprocal_rank_fusion_k=60
165,Q0,WSJ911007-0142,700,0.15186995193903435,reciprocal_rank_fusion_k=60
165,Q0,WSJ870604-0091,701,0.15148185491612814,reciprocal_rank_fusion_k=60
165,Q0,DOE1-37-0617,702,0.15117363080883767,reciprocal_rank_fusion_k=60
165,Q0,WSJ911017-0138,703,0.15111583899203507,reciprocal_rank_fusion_k=60
165,Q0,WSJ870114-0037,704,0.15065110129283954,reciprocal_rank_fusion_k=60
165,Q0,FR88829-0013,705,0.15046103931833063,reciprocal_rank_fusion_k=60
165,Q0,AP880714-0051,706,0.14992161044511848,reciprocal_rank_fusion_k=60
165,Q0,WSJ910419-0111,707,0.1494583466846787,reciprocal_rank_fusion_k=60
165,Q0,FR891205-0103,708,0.14945583701802317,reciprocal_rank_fusion_k=60
165,Q0,WSJ880302-0148,709,0.14942230499247622,reciprocal_rank_fusion_k=60
165,Q0,AP880921-0141,710,0.1494050529786838,reciprocal_rank_fusion_k=60
165,Q0,WSJ910910-0105,711,0.14931440278406077,reciprocal_rank_fusion_k=60
165,Q0,WSJ871022-0083,712,0.14906166151535016,reciprocal_rank_fusion_k=60
165,Q0,WSJ910509-0073,713,0.14889105438943545,reciprocal_rank_fusion_k=60
165,Q0,WSJ880729-0088,714,0.14810816962052498,reciprocal_rank_fusion_k=60
165,Q0,AP880422-0250,715,0.1475670886857826,reciprocal_rank_fusion_k=60
165,Q0,WSJ910305-0045,716,0.14706843530505304,reciprocal_rank_fusion_k=60
165,Q0,WSJ870113-0118,717,0.1470362173806274,reciprocal_rank_fusion_k=60
165,Q0,WSJ900508-0005,718,0.14698527358962965,reciprocal_rank_fusion_k=60
165,Q0,ZF207-921-884,719,0.14666014553558723,reciprocal_rank_fusion_k=60
165,Q0,WSJ900517-0088,720,0.14665784916640204,reciprocal_rank_fusion_k=60
165,Q0,WSJ870903-0038,721,0.14637263687265528,reciprocal_rank_fusion_k=60
165,Q0,ZF207-219-106,722,0.1462524299358537,reciprocal_rank_fusion_k=60
165,Q0,AP881019-0236,723,0.14619190526882442,reciprocal_rank_fusion_k=60
165,Q0,ZF108-182-236,724,0.1459063356522549,reciprocal_rank_fusion_k=60
165,Q0,AP890910-0047,725,0.1457057045529788,reciprocal_rank_fusion_k=60
165,Q0,DOE2-69-0783,726,0.14543367409344649,reciprocal_rank_fusion_k=60
165,Q0,AP880502-0161,727,0.14453916986781523,reciprocal_rank_fusion_k=60
165,Q0,AP880724-0037,728,0.14421300288077155,reciprocal_rank_fusion_k=60
165,Q0,AP881218-0003,729,0.14406929589526205,reciprocal_rank_fusion_k=60
165,Q0,WSJ910312-0067,730,0.14405261894270305,reciprocal_rank_fusion_k=60
165,Q0,AP891018-0185,731,0.14349419652820733,reciprocal_rank_fusion_k=60
165,Q0,ZF207-555-686,732,0.14333010426720205,reciprocal_rank_fusion_k=60
165,Q0,WSJ900717-0005,733,0.14331834240493932,reciprocal_rank_fusion_k=60
165,Q0,WSJ870417-0171,734,0.14312175558667392,reciprocal_rank_fusion_k=60
165,Q0,AP890109-0290,735,0.1429520416244462,reciprocal_rank_fusion_k=60
165,Q0,AP890626-0284,736,0.1422100095298513,reciprocal_rank_fusion_k=60
165,Q0,AP880430-0119,737,0.14217466972939458,reciprocal_rank_fusion_k=60
165,Q0,AP890314-0155,738,0.14209724425424736,reciprocal_rank_fusion_k=60
165,Q0,WSJ881005-0081,739,0.14177542582176494,reciprocal_rank_fusion_k=60
165,Q0,WSJ880621-0080,740,0.14151739092349663,reciprocal_rank_fusion_k=60
165,Q0,AP890208-0190,741,0.1413847497723618,reciprocal_rank_fusion_k=60
165,Q0,WSJ871211-0033,742,0.1413020330343269,reciprocal_rank_fusion_k=60
165,Q0,AP881127-0052,743,0.14128715240020254,reciprocal_rank_fusion_k=60
165,Q0,AP890712-0028,744,0.1412870469806415,reciprocal_rank_fusion_k=60
165,Q0,AP890419-0102,745,0.14114402477956023,reciprocal_rank_fusion_k=60
165,Q0,WSJ920103-0018,746,0.14080022670020348,reciprocal_rank_fusion_k=60
165,Q0,AP880310-0188,747,0.14078303995894023,reciprocal_rank_fusion_k=60
165,Q0,AP881226-0136,748,0.1406583694996849,reciprocal_rank_fusion_k=60
165,Q0,WSJ880428-0048,749,0.14040352424785935,reciprocal_rank_fusion_k=60
165,Q0,AP881010-0029,750,0.14002807807275275,reciprocal_rank_fusion_k=60
165,Q0,WSJ880513-0015,751,0.1399167537584555,reciprocal_rank_fusion_k=60
165,Q0,AP890803-0034,752,0.139777334929767,reciprocal_rank_fusion_k=60
165,Q0,AP881210-0037,753,0.1397392803813726,reciprocal_rank_fusion_k=60
165,Q0,AP890731-0126,754,0.13850274247437966,reciprocal_rank_fusion_k=60
165,Q0,AP880916-0244,755,0.13834826964288877,reciprocal_rank_fusion_k=60
165,Q0,FR88504-0070,756,0.13819886165407813,reciprocal_rank_fusion_k=60
165,Q0,AP880624-0299,757,0.13804741208335408,reciprocal_rank_fusion_k=60
165,Q0,WSJ900627-0022,758,0.13796694645968527,reciprocal_rank_fusion_k=60
165,Q0,WSJ881021-0130,759,0.13709628074435054,reciprocal_rank_fusion_k=60
165,Q0,WSJ910802-0079,760,0.13706459482521954,reciprocal_rank_fusion_k=60
165,Q0,WSJ870212-0143,761,0.13661697408171683,reciprocal_rank_fusion_k=60
165,Q0,WSJ911010-0056,762,0.13656149204595275,reciprocal_rank_fusion_k=60
165,Q0,AP881106-0024,763,0.1365418897932456,reciprocal_rank_fusion_k=60
165,Q0,AP880513-0159,764,0.13649389682797688,reciprocal_rank_fusion_k=60
165,Q0,WSJ880518-0121,765,0.13638797645383935,reciprocal_rank_fusion_k=60
165,Q0,WSJ911011-0127,766,0.1363372055795409,reciprocal_rank_fusion_k=60
165,Q0,AP890802-0156,767,0.13623073140684017,reciprocal_rank_fusion_k=60
165,Q0,WSJ880509-0001,768,0.13604979306400095,reciprocal_rank_fusion_k=60
165,Q0,WSJ880224-0042,769,0.13587759850785044,reciprocal_rank_fusion_k=60
165,Q0,WSJ871112-0106,770,0.1354502137429374,reciprocal_rank_fusion_k=60
165,Q0,AP890418-0066,771,0.1350700491638598,reciprocal_rank_fusion_k=60
165,Q0,FR89613-0036,772,0.135007968203329,reciprocal_rank_fusion_k=60
165,Q0,WSJ910930-0038,773,0.13466477820440814,reciprocal_rank_fusion_k=60
165,Q0,WSJ900926-0005,774,0.13465480263167498,reciprocal_rank_fusion_k=60
165,Q0,WSJ870220-0019,775,0.1346260941537147,reciprocal_rank_fusion_k=60
165,Q0,WSJ910520-0179,776,0.13457538217890397,reciprocal_rank_fusion_k=60
165,Q0,AP890213-0084,777,0.13433513684025974,reciprocal_rank_fusion_k=60
165,Q0,WSJ911113-0050,778,0.1342247911387136,reciprocal_rank_fusion_k=60
165,Q0,AP890208-0095,779,0.13399343698671842,reciprocal_rank_fusion_k=60
165,Q0,AP880418-0130,780,0.1336673038343387,reciprocal_rank_fusion_k=60
165,Q0,FR88831-0134,781,0.13365602863778098,reciprocal_rank_fusion_k=60
165,Q0,WSJ870804-0087,782,0.1333157909977279,reciprocal_rank_fusion_k=60
165,Q0,AP880902-0173,783,0.1329871944778614,reciprocal_rank_fusion_k=60
165,Q0,AP890617-0140,784,0.13278260195417102,reciprocal_rank_fusion_k=60
165,Q0,FR88517-0013,785,0.13271010833056393,reciprocal_rank_fusion_k=60
165,Q0,WSJ910715-0008,786,0.13270742303785418,reciprocal_rank_fusion_k=60
165,Q0,WSJ910405-0114,787,0.1326155633410256,reciprocal_rank_fusion_k=60
165,Q0,AP880516-0159,788,0.13230792058838342,reciprocal_rank_fusion_k=60
165,Q0,AP891220-0285,789,0.13209041979596606,reciprocal_rank_fusion_k=60
165,Q0,AP890505-0221,790,0.13180451274935703,reciprocal_rank_fusion_k=60
165,Q0,AP881126-0034,791,0.1317972574558197,reciprocal_rank_fusion_k=60
165,Q0,AP891116-0042,792,0.13095423996466216,reciprocal_rank_fusion_k=60
165,Q0,WSJ900417-0023,793,0.130911097185627,reciprocal_rank_fusion_k=60
165,Q0,AP881217-0024,794,0.13085477526294242,reciprocal_rank_fusion_k=60
165,Q0,WSJ910415-0079,795,0.13050391968861375,reciprocal_rank_fusion_k=60
165,Q0,AP890313-0217,796,0.13014401494959732,reciprocal_rank_fusion_k=60
165,Q0,WSJ900619-0098,797,0.13010399676504464,reciprocal_rank_fusion_k=60
165,Q0,WSJ890920-0163,798,0.12995740243792114,reciprocal_rank_fusion_k=60
165,Q0,WSJ870922-0083,799,0.12988299356600577,reciprocal_rank_fusion_k=60
165,Q0,WSJ911223-0148,800,0.12987595493175597,reciprocal_rank_fusion_k=60
165,Q0,AP890925-0201,801,0.12959523710770154,reciprocal_rank_fusion_k=60
165,Q0,WSJ870915-0111,802,0.12934763006778063,reciprocal_rank_fusion_k=60
165,Q0,WSJ870326-0114,803,0.12910859124493612,reciprocal_rank_fusion_k=60
165,Q0,WSJ871127-0024,804,0.12905946754693637,reciprocal_rank_fusion_k=60
165,Q0,WSJ880919-0038,805,0.12851172247652362,reciprocal_rank_fusion_k=60
165,Q0,WSJ920204-0111,806,0.12833282849866062,reciprocal_rank_fusion_k=60
165,Q0,AP880516-0232,807,0.12820972320651502,reciprocal_rank_fusion_k=60
165,Q0,WSJ881020-0157,808,0.12785771022645437,reciprocal_rank_fusion_k=60
165,Q0,AP891218-0132,809,0.12771453961289006,reciprocal_rank_fusion_k=60
165,Q0,AP890601-0335,810,0.12747554760022062,reciprocal_rank_fusion_k=60
165,Q0,AP890515-0159,811,0.12740547968687865,reciprocal_rank_fusion_k=60
165,Q0,AP890803-0210,812,0.12728452721593037,reciprocal_rank_fusion_k=60
165,Q0,WSJ870327-0040,813,0.12726310765662624,reciprocal_rank_fusion_k=60
165,Q0,AP880401-0117,814,0.12700521298126166,reciprocal_rank_fusion_k=60
165,Q0,WSJ910702-0144,815,0.12680991919746862,reciprocal_rank_fusion_k=60
165,Q0,FR88510-0095,816,0.1267324902522633,reciprocal_rank_fusion_k=60
165,Q0,FR89317-0115,817,0.1266929608023953,reciprocal_rank_fusion_k=60
165,Q0,WSJ881003-0053,818,0.12647600771665257,reciprocal_rank_fusion_k=60
165,Q0,AP890902-0100,819,0.1253107782970652,reciprocal_rank_fusion_k=60
165,Q0,DOE1-76-1034,820,0.12504882710634482,reciprocal_rank_fusion_k=60
165,Q0,AP890117-0237,821,0.12439268324730528,reciprocal_rank_fusion_k=60
165,Q0,DOE1-21-0175,822,0.12417116937312875,reciprocal_rank_fusion_k=60
165,Q0,WSJ910226-0097,823,0.12402785265866129,reciprocal_rank_fusion_k=60
165,Q0,AP890221-0022,824,0.12382121152711409,reciprocal_rank_fusion_k=60
165,Q0,WSJ880211-0149,825,0.1237590287017496,reciprocal_rank_fusion_k=60
165,Q0,WSJ890802-0149,826,0.12348392692637986,reciprocal_rank_fusion_k=60
165,Q0,WSJ870914-0129,827,0.12347379857453844,reciprocal_rank_fusion_k=60
165,Q0,WSJ910822-0068,828,0.12335078720374626,reciprocal_rank_fusion_k=60
165,Q0,FR88601-0046,829,0.12324257476346091,reciprocal_rank_fusion_k=60
165,Q0,WSJ900508-0108,830,0.12289627166478315,reciprocal_rank_fusion_k=60
165,Q0,AP890516-0102,831,0.12285108234866222,reciprocal_rank_fusion_k=60
165,Q0,AP890818-0031,832,0.12281646454754432,reciprocal_rank_fusion_k=60
165,Q0,WSJ880217-0128,833,0.12281547448473212,reciprocal_rank_fusion_k=60
165,Q0,AP890211-0168,834,0.12275273872188894,reciprocal_rank_fusion_k=60
165,Q0,AP881202-0072,835,0.12255986801529668,reciprocal_rank_fusion_k=60
165,Q0,AP890108-0029,836,0.12245040652657667,reciprocal_rank_fusion_k=60
165,Q0,FR89721-0117,837,0.12208610134818436,reciprocal_rank_fusion_k=60
165,Q0,AP890320-0139,838,0.12170987996438765,reciprocal_rank_fusion_k=60
165,Q0,AP890306-0144,839,0.12142427336826107,reciprocal_rank_fusion_k=60
165,Q0,AP890113-0014,840,0.12141148909424584,reciprocal_rank_fusion_k=60
165,Q0,WSJ880510-0060,841,0.12112788338025321,reciprocal_rank_fusion_k=60
165,Q0,ZF108-158-664,842,0.1210392743529202,reciprocal_rank_fusion_k=60
165,Q0,FR89621-0103,843,0.12096564137430542,reciprocal_rank_fusion_k=60
165,Q0,FR88929-0168,844,0.1208826024405571,reciprocal_rank_fusion_k=60
165,Q0,AP881111-0275,845,0.1208362656867341,reciprocal_rank_fusion_k=60
165,Q0,WSJ910116-0106,846,0.1205354148462932,reciprocal_rank_fusion_k=60
165,Q0,AP880219-0183,847,0.12043822063540091,reciprocal_rank_fusion_k=60
165,Q0,WSJ910222-0018,848,0.12042371050322853,reciprocal_rank_fusion_k=60
165,Q0,WSJ880204-0136,849,0.12039219379494404,reciprocal_rank_fusion_k=60
165,Q0,WSJ880224-0089,850,0.12028653879904326,reciprocal_rank_fusion_k=60
165,Q0,AP891024-0140,851,0.12027565320623752,reciprocal_rank_fusion_k=60
165,Q0,WSJ890801-0093,852,0.1202404810800047,reciprocal_rank_fusion_k=60
165,Q0,WSJ881004-0093,853,0.12019677650952375,reciprocal_rank_fusion_k=60
165,Q0,WSJ900518-0073,854,0.11991635448344881,reciprocal_rank_fusion_k=60
165,Q0,WSJ900621-0101,855,0.1194923024228058,reciprocal_rank_fusion_k=60
165,Q0,AP881212-0035,856,0.11900696739069835,reciprocal_rank_fusion_k=60
165,Q0,DOE1-54-0168,857,0.11879467074240986,reciprocal_rank_fusion_k=60
165,Q0,WSJ881021-0031,858,0.11879030824527043,reciprocal_rank_fusion_k=60
165,Q0,AP890310-0047,859,0.11870076344610928,reciprocal_rank_fusion_k=60
165,Q0,WSJ911119-0081,860,0.1183861070149293,reciprocal_rank_fusion_k=60
165,Q0,WSJ910325-0061,861,0.11833045811698921,reciprocal_rank_fusion_k=60
165,Q0,WSJ911112-0115,862,0.11831285581302795,reciprocal_rank_fusion_k=60
165,Q0,AP881010-0050,863,0.11802168679340462,reciprocal_rank_fusion_k=60
165,Q0,AP891006-0069,864,0.11799499245678749,reciprocal_rank_fusion_k=60
165,Q0,DOE2-81-0953,865,0.11755378806639069,reciprocal_rank_fusion_k=60
165,Q0,WSJ900405-0008,866,0.11743475764577374,reciprocal_rank_fusion_k=60
165,Q0,AP890601-0111,867,0.11735105067569525,reciprocal_rank_fusion_k=60
165,Q0,WSJ910523-0133,868,0.11722386656688821,reciprocal_rank_fusion_k=60
165,Q0,WSJ891102-0098,869,0.1171804062878345,reciprocal_rank_fusion_k=60
165,Q0,AP891013-0130,870,0.11701171705630098,reciprocal_rank_fusion_k=60
165,Q0,AP890421-0272,871,0.11700591168566513,reciprocal_rank_fusion_k=60
165,Q0,AP891006-0146,872,0.11692184419717684,reciprocal_rank_fusion_k=60
165,Q0,AP890307-0219,873,0.11669417896766626,reciprocal_rank_fusion_k=60
165,Q0,AP890729-0018,874,0.11657914247905328,reciprocal_rank_fusion_k=60
165,Q0,WSJ891012-0053,875,0.11641134935128791,reciprocal_rank_fusion_k=60
165,Q0,AP890529-0022,876,0.11631698424993499,reciprocal_rank_fusion_k=60
165,Q0,WSJ910722-0080,877,0.11629372851378336,reciprocal_rank_fusion_k=60
165,Q0,AP880819-0143,878,0.11604540926587012,reciprocal_rank_fusion_k=60
165,Q0,WSJ911112-0145,879,0.11588040371262814,reciprocal_rank_fusion_k=60
165,Q0,WSJ900727-0055,880,0.11572762340061457,reciprocal_rank_fusion_k=60
165,Q0,WSJ910329-0196,881,0.1157125430527991,reciprocal_rank_fusion_k=60
165,Q0,AP880502-0233,882,0.11568669335795495,reciprocal_rank_fusion_k=60
165,Q0,DOE1-33-0629,883,0.11549935308330513,reciprocal_rank_fusion_k=60
165,Q0,AP890102-0100,884,0.11546112484440944,reciprocal_rank_fusion_k=60
165,Q0,AP880809-0135,885,0.11529492956525154,reciprocal_rank_fusion_k=60
165,Q0,WSJ880415-0050,886,0.11529067985264978,reciprocal_rank_fusion_k=60
165,Q0,WSJ920114-0051,887,0.1152331960802571,reciprocal_rank_fusion_k=60
165,Q0,AP890421-0229,888,0.11519519285707695,reciprocal_rank_fusion_k=60
165,Q0,FR89126-0169,889,0.11517025947660796,reciprocal_rank_fusion_k=60
165,Q0,WSJ870831-0044,890,0.11512268234997787,reciprocal_rank_fusion_k=60
165,Q0,WSJ900727-0039,891,0.1148904932023172,reciprocal_rank_fusion_k=60
165,Q0,WSJ881021-0147,892,0.11478563599925865,reciprocal_rank_fusion_k=60
165,Q0,WSJ880808-0057,893,0.11459204474620314,reciprocal_rank_fusion_k=60
165,Q0,WSJ910919-0049,894,0.11435696826346471,reciprocal_rank_fusion_k=60
165,Q0,AP891030-0254,895,0.11396485772048565,reciprocal_rank_fusion_k=60
165,Q0,AP890508-0241,896,0.11385723613076339,reciprocal_rank_fusion_k=60
165,Q0,AP890623-0202,897,0.11380859871715712,reciprocal_rank_fusion_k=60
165,Q0,WSJ880122-0187,898,0.11348845278444453,reciprocal_rank_fusion_k=60
165,Q0,WSJ880810-0164,899,0.11347384293354328,reciprocal_rank_fusion_k=60
165,Q0,WSJ900719-0078,900,0.11321659101576939,reciprocal_rank_fusion_k=60
165,Q0,FR88514-0001,901,0.11272551771176492,reciprocal_rank_fusion_k=60
165,Q0,FR891127-0012,902,0.11247161793205093,reciprocal_rank_fusion_k=60
165,Q0,FR89119-0111,903,0.11228363393635091,reciprocal_rank_fusion_k=60
165,Q0,AP880727-0206,904,0.11217010537043542,reciprocal_rank_fusion_k=60
165,Q0,AP890428-0208,905,0.11190402669411793,reciprocal_rank_fusion_k=60
165,Q0,WSJ880726-0036,906,0.11148408313903405,reciprocal_rank_fusion_k=60
165,Q0,ZF109-453-921,907,0.11146472649950716,reciprocal_rank_fusion_k=60
165,Q0,AP880509-0250,908,0.11126777766078289,reciprocal_rank_fusion_k=60
165,Q0,AP880428-0165,909,0.11109444163703305,reciprocal_rank_fusion_k=60
165,Q0,AP880409-0177,910,0.11086532744110933,reciprocal_rank_fusion_k=60
165,Q0,AP880725-0236,911,0.11060049876367678,reciprocal_rank_fusion_k=60
165,Q0,AP881213-0258,912,0.11024383148328411,reciprocal_rank_fusion_k=60
165,Q0,AP880527-0152,913,0.11020744436129072,reciprocal_rank_fusion_k=60
165,Q0,WSJ900420-0130,914,0.110177524541465,reciprocal_rank_fusion_k=60
165,Q0,WSJ910124-0033,915,0.11010314915632052,reciprocal_rank_fusion_k=60
165,Q0,ZF109-579-283,916,0.11003473450480694,reciprocal_rank_fusion_k=60
165,Q0,WSJ910723-0064,917,0.10962464174828745,reciprocal_rank_fusion_k=60
165,Q0,WSJ920304-0131,918,0.109612993912435,reciprocal_rank_fusion_k=60
165,Q0,WSJ911119-0068,919,0.10934493232829154,reciprocal_rank_fusion_k=60
165,Q0,AP890609-0057,920,0.1091271230085146,reciprocal_rank_fusion_k=60
165,Q0,AP890618-0050,921,0.1090375496272504,reciprocal_rank_fusion_k=60
165,Q0,AP880421-0303,922,0.10900685025587886,reciprocal_rank_fusion_k=60
165,Q0,WSJ910425-0098,923,0.1090045292526646,reciprocal_rank_fusion_k=60
165,Q0,AP890119-0134,924,0.10893237375772086,reciprocal_rank_fusion_k=60
165,Q0,AP880507-0087,925,0.10872324184890725,reciprocal_rank_fusion_k=60
165,Q0,WSJ880802-0011,926,0.10850003309635309,reciprocal_rank_fusion_k=60
165,Q0,WSJ870121-0070,927,0.10849918202695177,reciprocal_rank_fusion_k=60
165,Q0,AP880617-0277,928,0.10836676798612037,reciprocal_rank_fusion_k=60
165,Q0,WSJ910121-0113,929,0.10833280061727293,reciprocal_rank_fusion_k=60
165,Q0,WSJ900628-0064,930,0.10822111746699183,reciprocal_rank_fusion_k=60
165,Q0,WSJ890922-0091,931,0.10813621983162162,reciprocal_rank_fusion_k=60
165,Q0,WSJ911126-0059,932,0.10791337697191188,reciprocal_rank_fusion_k=60
165,Q0,WSJ911106-0067,933,0.10765504594985087,reciprocal_rank_fusion_k=60
165,Q0,WSJ910530-0077,934,0.10742188245447461,reciprocal_rank_fusion_k=60
165,Q0,AP880526-0019,935,0.10741968708376112,reciprocal_rank_fusion_k=60
165,Q0,AP880619-0024,936,0.10714437112376063,reciprocal_rank_fusion_k=60
165,Q0,AP890409-0080,937,0.10711310311801439,reciprocal_rank_fusion_k=60
165,Q0,AP881028-0334,938,0.10679345829619166,reciprocal_rank_fusion_k=60
165,Q0,AP880511-0102,939,0.10676596934674012,reciprocal_rank_fusion_k=60
165,Q0,WSJ920203-0085,940,0.10673384306143678,reciprocal_rank_fusion_k=60
165,Q0,WSJ880128-0104,941,0.10649425099261116,reciprocal_rank_fusion_k=60
165,Q0,WSJ911220-0125,942,0.1062730629527851,reciprocal_rank_fusion_k=60
165,Q0,AP881227-0183,943,0.1062147564661794,reciprocal_rank_fusion_k=60
165,Q0,AP880619-0033,944,0.10585120497954521,reciprocal_rank_fusion_k=60
165,Q0,AP880405-0158,945,0.10578767791512075,reciprocal_rank_fusion_k=60
165,Q0,WSJ910424-0233,946,0.10556226310773482,reciprocal_rank_fusion_k=60
165,Q0,WSJ900612-0138,947,0.10536405590163028,reciprocal_rank_fusion_k=60
165,Q0,WSJ881020-0038,948,0.10509185825259501,reciprocal_rank_fusion_k=60
165,Q0,AP891019-0293,949,0.10507875904450865,reciprocal_rank_fusion_k=60
165,Q0,AP880502-0104,950,0.1050692636864153,reciprocal_rank_fusion_k=60
165,Q0,AP890322-0201,951,0.10462105107926162,reciprocal_rank_fusion_k=60
165,Q0,AP890703-0260,952,0.10443012136233236,reciprocal_rank_fusion_k=60
165,Q0,AP880505-0117,953,0.10360289579006297,reciprocal_rank_fusion_k=60
165,Q0,WSJ870618-0023,954,0.10350335634332737,reciprocal_rank_fusion_k=60
165,Q0,WSJ891006-0021,955,0.10338561680125732,reciprocal_rank_fusion_k=60
165,Q0,WSJ890927-0167,956,0.103382163310847,reciprocal_rank_fusion_k=60
165,Q0,AP891213-0171,957,0.10282765654760449,reciprocal_rank_fusion_k=60
165,Q0,AP890101-0001,958,0.10270185155137417,reciprocal_rank_fusion_k=60
165,Q0,WSJ880627-0151,959,0.10264256979515038,reciprocal_rank_fusion_k=60
165,Q0,AP890324-0247,960,0.10259858227490476,reciprocal_rank_fusion_k=60
165,Q0,AP890319-0102,961,0.10252325661499045,reciprocal_rank_fusion_k=60
165,Q0,WSJ890731-0003,962,0.10250376935075688,reciprocal_rank_fusion_k=60
165,Q0,WSJ910227-0018,963,0.10244262351915753,reciprocal_rank_fusion_k=60
165,Q0,AP880421-0206,964,0.10209028361334849,reciprocal_rank_fusion_k=60
165,Q0,WSJ911119-0139,965,0.10205489477734919,reciprocal_rank_fusion_k=60
165,Q0,WSJ910517-0075,966,0.10183239735937982,reciprocal_rank_fusion_k=60
165,Q0,WSJ871008-0137,967,0.10174200119160029,reciprocal_rank_fusion_k=60
165,Q0,AP880909-0058,968,0.10159319500894541,reciprocal_rank_fusion_k=60
165,Q0,DOE1-29-0254,969,0.10154045073090048,reciprocal_rank_fusion_k=60
165,Q0,WSJ920311-0067,970,0.10137261381830583,reciprocal_rank_fusion_k=60
165,Q0,AP890301-0249,971,0.10113647548666164,reciprocal_rank_fusion_k=60
165,Q0,WSJ880513-0082,972,0.1010596591532453,reciprocal_rank_fusion_k=60
165,Q0,DOE1-31-1001,973,0.1005446045916598,reciprocal_rank_fusion_k=60
165,Q0,DOE1-35-0532,974,0.09998255762169524,reciprocal_rank_fusion_k=60
165,Q0,WSJ870226-0096,975,0.09979282700381552,reciprocal_rank_fusion_k=60
165,Q0,AP890317-0137,976,0.09915437525701205,reciprocal_rank_fusion_k=60
165,Q0,WSJ910701-0003,977,0.09915146379077383,reciprocal_rank_fusion_k=60
165,Q0,WSJ910508-0104,978,0.09914938075831178,reciprocal_rank_fusion_k=60
165,Q0,AP890516-0223,979,0.09886523080967531,reciprocal_rank_fusion_k=60
165,Q0,WSJ900508-0017,980,0.09872599732906605,reciprocal_rank_fusion_k=60
165,Q0,WSJ870223-0062,981,0.09844654620483764,reciprocal_rank_fusion_k=60
165,Q0,AP891116-0214,982,0.09763914679980548,reciprocal_rank_fusion_k=60
165,Q0,ZF207-244-957,983,0.09757373054382129,reciprocal_rank_fusion_k=60
165,Q0,AP890102-0099,984,0.09751108015006829,reciprocal_rank_fusion_k=60
165,Q0,AP891004-0044,985,0.0974544357392138,reciprocal_rank_fusion_k=60
165,Q0,ZF108-702-054,986,0.09738246640405035,reciprocal_rank_fusion_k=60
165,Q0,WSJ900727-0160,987,0.09736712131756942,reciprocal_rank_fusion_k=60
165,Q0,DOE1-78-1152,988,0.09717483219504812,reciprocal_rank_fusion_k=60
165,Q0,ZF108-293-978,989,0.0971075155802827,reciprocal_rank_fusion_k=60
165,Q0,FR891127-0013,990,0.09702395099226205,reciprocal_rank_fusion_k=60
165,Q0,ZF207-242-334,991,0.09647783578320879,reciprocal_rank_fusion_k=60
165,Q0,WSJ920324-0026,992,0.09638728492227921,reciprocal_rank_fusion_k=60
165,Q0,WSJ910326-0032,993,0.09633629714225511,reciprocal_rank_fusion_k=60
165,Q0,WSJ870903-0140,994,0.09627703599613367,reciprocal_rank_fusion_k=60
165,Q0,WSJ870717-0170,995,0.09625461160031597,reciprocal_rank_fusion_k=60
165,Q0,FR881006-0001,996,0.09615101963307879,reciprocal_rank_fusion_k=60
165,Q0,FR88902-0138,997,0.09565375017975992,reciprocal_rank_fusion_k=60
165,Q0,AP890301-0238,998,0.0956432981741068,reciprocal_rank_fusion_k=60
165,Q0,WSJ861219-0050,999,0.09549507744751047,reciprocal_rank_fusion_k=60
165,Q0,WSJ870116-0174,1000,0.09517420774410769,reciprocal_rank_fusion_k=60
169,Q0,WSJ870901-0056,1,2.275509368783925,reciprocal_rank_fusion_k=60
169,Q0,WSJ880715-0156,2,2.2232856450200513,reciprocal_rank_fusion_k=60
169,Q0,AP881018-0099,3,2.2106390354076573,reciprocal_rank_fusion_k=60
169,Q0,WSJ870723-0162,4,2.1247742192581884,reciprocal_rank_fusion_k=60
169,Q0,AP891017-0211,5,2.041043489353228,reciprocal_rank_fusion_k=60
169,Q0,AP890410-0179,6,2.0203969582298225,reciprocal_rank_fusion_k=60
169,Q0,WSJ910111-0040,7,2.016915435380154,reciprocal_rank_fusion_k=60
169,Q0,AP880825-0014,8,2.00068871773703,reciprocal_rank_fusion_k=60
169,Q0,AP880922-0146,9,1.9525955606975185,reciprocal_rank_fusion_k=60
169,Q0,WSJ880616-0038,10,1.902822633479741,reciprocal_rank_fusion_k=60
169,Q0,AP890617-0067,11,1.888999881628867,reciprocal_rank_fusion_k=60
169,Q0,AP891211-0295,12,1.8410083747454737,reciprocal_rank_fusion_k=60
169,Q0,WSJ910827-0056,13,1.7557293890551524,reciprocal_rank_fusion_k=60
169,Q0,WSJ880923-0081,14,1.751019115124985,reciprocal_rank_fusion_k=60
169,Q0,AP891021-0043,15,1.7332916876945326,reciprocal_rank_fusion_k=60
169,Q0,AP890217-0151,16,1.7104470085674441,reciprocal_rank_fusion_k=60
169,Q0,AP890222-0252,17,1.7062942614440237,reciprocal_rank_fusion_k=60
169,Q0,AP890623-0039,18,1.6910025634145212,reciprocal_rank_fusion_k=60
169,Q0,AP891221-0235,19,1.6596933638601772,reciprocal_rank_fusion_k=60
169,Q0,WSJ870608-0103,20,1.6592984142045302,reciprocal_rank_fusion_k=60
169,Q0,AP880718-0061,21,1.6279676500130382,reciprocal_rank_fusion_k=60
169,Q0,AP890713-0033,22,1.620806745077224,reciprocal_rank_fusion_k=60
169,Q0,AP880722-0155,23,1.6045035121279256,reciprocal_rank_fusion_k=60
169,Q0,WSJ870904-0096,24,1.5740192657068457,reciprocal_rank_fusion_k=60
169,Q0,WSJ920323-0173,25,1.5562035049934997,reciprocal_rank_fusion_k=60
169,Q0,WSJ910114-0028,26,1.5547813598065443,reciprocal_rank_fusion_k=60
169,Q0,WSJ880722-0144,27,1.5317559452460694,reciprocal_rank_fusion_k=60
169,Q0,AP880728-0158,28,1.5282977611387247,reciprocal_rank_fusion_k=60
169,Q0,WSJ910729-0109,29,1.5203680129035846,reciprocal_rank_fusion_k=60
169,Q0,WSJ880720-0027,30,1.5162142033179375,reciprocal_rank_fusion_k=60
169,Q0,AP890622-0176,31,1.5090769984706105,reciprocal_rank_fusion_k=60
169,Q0,WSJ910426-0095,32,1.507912740883907,reciprocal_rank_fusion_k=60
169,Q0,WSJ900719-0100,33,1.4784805578695281,reciprocal_rank_fusion_k=60
169,Q0,AP880721-0215,34,1.4747308653349336,reciprocal_rank_fusion_k=60
169,Q0,WSJ900531-0084,35,1.4570979857283242,reciprocal_rank_fusion_k=60
169,Q0,WSJ910402-0157,36,1.4546372340867306,reciprocal_rank_fusion_k=60
169,Q0,AP890831-0235,37,1.4466397214825892,reciprocal_rank_fusion_k=60
169,Q0,WSJ900608-0087,38,1.4393259729976968,reciprocal_rank_fusion_k=60
169,Q0,WSJ880825-0098,39,1.4193131130759735,reciprocal_rank_fusion_k=60
169,Q0,WSJ890831-0059,40,1.364114867337593,reciprocal_rank_fusion_k=60
169,Q0,WSJ920110-0056,41,1.3629721713364331,reciprocal_rank_fusion_k=60
169,Q0,WSJ870603-0063,42,1.3561651500289107,reciprocal_rank_fusion_k=60
169,Q0,AP890311-0162,43,1.3386816171212204,reciprocal_rank_fusion_k=60
169,Q0,AP891017-0212,44,1.3026166156854906,reciprocal_rank_fusion_k=60
169,Q0,AP880709-0107,45,1.302485828418452,reciprocal_rank_fusion_k=60
169,Q0,WSJ870217-0033,46,1.2962638659743504,reciprocal_rank_fusion_k=60
169,Q0,AP880520-0280,47,1.2520179539050424,reciprocal_rank_fusion_k=60
169,Q0,AP891130-0154,48,1.2437521141151482,reciprocal_rank_fusion_k=60
169,Q0,WSJ911223-0116,49,1.2377529670468375,reciprocal_rank_fusion_k=60
169,Q0,DOE1-37-1063,50,1.2059793190911163,reciprocal_rank_fusion_k=60
169,Q0,AP890620-0230,51,1.1997828685620626,reciprocal_rank_fusion_k=60
169,Q0,WSJ910718-0114,52,1.1672618885916708,reciprocal_rank_fusion_k=60
169,Q0,WSJ890905-0086,53,1.14860393821702,reciprocal_rank_fusion_k=60
169,Q0,AP890819-0075,54,1.1368407529492492,reciprocal_rank_fusion_k=60
169,Q0,AP891012-0049,55,1.1347409256951058,reciprocal_rank_fusion_k=60
169,Q0,AP880707-0028,56,1.1341440540994596,reciprocal_rank_fusion_k=60
169,Q0,AP890701-0007,57,1.1332431136871866,reciprocal_rank_fusion_k=60
169,Q0,WSJ910510-0100,58,1.1305139265235553,reciprocal_rank_fusion_k=60
169,Q0,AP891106-0034,59,1.1064874336701576,reciprocal_rank_fusion_k=60
169,Q0,WSJ910501-0020,60,1.0997127077921964,reciprocal_rank_fusion_k=60
169,Q0,WSJ910819-0117,61,1.0996570049456234,reciprocal_rank_fusion_k=60
169,Q0,WSJ910912-0066,62,1.0978206240788513,reciprocal_rank_fusion_k=60
169,Q0,AP881115-0248,63,1.0858579259646375,reciprocal_rank_fusion_k=60
169,Q0,AP880414-0137,64,1.075936633734492,reciprocal_rank_fusion_k=60
169,Q0,AP890629-0175,65,1.0691065579094041,reciprocal_rank_fusion_k=60
169,Q0,AP880424-0045,66,1.0639540493313757,reciprocal_rank_fusion_k=60
169,Q0,AP890907-0107,67,1.063465194050759,reciprocal_rank_fusion_k=60
169,Q0,WSJ880818-0065,68,1.0589234680188757,reciprocal_rank_fusion_k=60
169,Q0,AP880327-0001,69,1.0574141584215588,reciprocal_rank_fusion_k=60
169,Q0,AP880324-0268,70,1.0555684439246846,reciprocal_rank_fusion_k=60
169,Q0,WSJ911203-0121,71,1.0250143455339624,reciprocal_rank_fusion_k=60
169,Q0,WSJ880629-0071,72,1.0206008709998162,reciprocal_rank_fusion_k=60
169,Q0,AP890608-0175,73,1.0198421050816717,reciprocal_rank_fusion_k=60
169,Q0,WSJ900418-0087,74,1.0147927046578613,reciprocal_rank_fusion_k=60
169,Q0,WSJ920117-0038,75,0.9789098257975453,reciprocal_rank_fusion_k=60
169,Q0,WSJ900709-0034,76,0.976051924212097,reciprocal_rank_fusion_k=60
169,Q0,AP891028-0169,77,0.9672694898036468,reciprocal_rank_fusion_k=60
169,Q0,WSJ900822-0133,78,0.9576801432612014,reciprocal_rank_fusion_k=60
169,Q0,WSJ910517-0006,79,0.9507649109658648,reciprocal_rank_fusion_k=60
169,Q0,WSJ871013-0029,80,0.9482799439304169,reciprocal_rank_fusion_k=60
169,Q0,WSJ911010-0053,81,0.9461657278145597,reciprocal_rank_fusion_k=60
169,Q0,WSJ910726-0062,82,0.9351235758289038,reciprocal_rank_fusion_k=60
169,Q0,WSJ920323-0040,83,0.93468898571338,reciprocal_rank_fusion_k=60
169,Q0,AP890616-0200,84,0.9299868720581107,reciprocal_rank_fusion_k=60
169,Q0,AP891019-0261,85,0.9249886264184581,reciprocal_rank_fusion_k=60
169,Q0,AP880926-0126,86,0.9231282755769062,reciprocal_rank_fusion_k=60
169,Q0,WSJ871002-0093,87,0.9223726974315833,reciprocal_rank_fusion_k=60
169,Q0,AP880314-0231,88,0.9207995632356243,reciprocal_rank_fusion_k=60
169,Q0,WSJ900612-0023,89,0.9192479644288877,reciprocal_rank_fusion_k=60
169,Q0,WSJ910910-0011,90,0.9122345205775453,reciprocal_rank_fusion_k=60
169,Q0,AP891026-0129,91,0.9046233802041985,reciprocal_rank_fusion_k=60
169,Q0,AP880701-0028,92,0.8931976172167175,reciprocal_rank_fusion_k=60
169,Q0,AP891103-0155,93,0.8837254345641748,reciprocal_rank_fusion_k=60
169,Q0,WSJ880906-0014,94,0.8731698079984389,reciprocal_rank_fusion_k=60
169,Q0,AP891115-0143,95,0.871094857864227,reciprocal_rank_fusion_k=60
169,Q0,WSJ880901-0122,96,0.8475927348015281,reciprocal_rank_fusion_k=60
169,Q0,WSJ900423-0011,97,0.8454868037017017,reciprocal_rank_fusion_k=60
169,Q0,AP890601-0354,98,0.8356047123541978,reciprocal_rank_fusion_k=60
169,Q0,AP880815-0282,99,0.8193845289561305,reciprocal_rank_fusion_k=60
169,Q0,WSJ910418-0087,100,0.8104745027516416,reciprocal_rank_fusion_k=60
169,Q0,WSJ870909-0010,101,0.8061153401686122,reciprocal_rank_fusion_k=60
169,Q0,DOE1-51-0662,102,0.8013552128215464,reciprocal_rank_fusion_k=60
169,Q0,WSJ900723-0044,103,0.7916379195963879,reciprocal_rank_fusion_k=60
169,Q0,WSJ911014-0034,104,0.7798564600490561,reciprocal_rank_fusion_k=60
169,Q0,AP880610-0120,105,0.771264250888854,reciprocal_rank_fusion_k=60
169,Q0,AP891021-0172,106,0.7706201568714258,reciprocal_rank_fusion_k=60
169,Q0,WSJ891101-0096,107,0.7671875942433941,reciprocal_rank_fusion_k=60
169,Q0,FR88915-0116,108,0.764702309486391,reciprocal_rank_fusion_k=60
169,Q0,AP890415-0012,109,0.7624858196009091,reciprocal_rank_fusion_k=60
169,Q0,WSJ900417-0063,110,0.7565566807623079,reciprocal_rank_fusion_k=60
169,Q0,WSJ870806-0091,111,0.7551427750919562,reciprocal_rank_fusion_k=60
169,Q0,WSJ910520-0169,112,0.7475619713133855,reciprocal_rank_fusion_k=60
169,Q0,AP890530-0224,113,0.7425077514528816,reciprocal_rank_fusion_k=60
169,Q0,AP880801-0020,114,0.7419612923464237,reciprocal_rank_fusion_k=60
169,Q0,WSJ890927-0016,115,0.7413061162520175,reciprocal_rank_fusion_k=60
169,Q0,WSJ910514-0070,116,0.7406324689772477,reciprocal_rank_fusion_k=60
169,Q0,WSJ911007-0193,117,0.7383360272699262,reciprocal_rank_fusion_k=60
169,Q0,AP890910-0032,118,0.735655154691396,reciprocal_rank_fusion_k=60
169,Q0,WSJ880726-0075,119,0.7327737097270727,reciprocal_rank_fusion_k=60
169,Q0,WSJ900613-0111,120,0.7209834934776134,reciprocal_rank_fusion_k=60
169,Q0,AP891213-0254,121,0.7123650763103668,reciprocal_rank_fusion_k=60
169,Q0,AP890522-0083,122,0.7075043836263563,reciprocal_rank_fusion_k=60
169,Q0,WSJ910625-0071,123,0.6904139723036401,reciprocal_rank_fusion_k=60
169,Q0,DOE1-56-1070,124,0.6839894243914278,reciprocal_rank_fusion_k=60
169,Q0,WSJ910424-0031,125,0.680200982792008,reciprocal_rank_fusion_k=60
169,Q0,AP881005-0122,126,0.6789245523221793,reciprocal_rank_fusion_k=60
169,Q0,FR89324-0021,127,0.6770717655367396,reciprocal_rank_fusion_k=60
169,Q0,WSJ911107-0155,128,0.664767126524926,reciprocal_rank_fusion_k=60
169,Q0,WSJ910530-0088,129,0.664480430369414,reciprocal_rank_fusion_k=60
169,Q0,AP880408-0126,130,0.6641589046878477,reciprocal_rank_fusion_k=60
169,Q0,WSJ870902-0042,131,0.6627045977019267,reciprocal_rank_fusion_k=60
169,Q0,AP880517-0046,132,0.6574005384867602,reciprocal_rank_fusion_k=60
169,Q0,FR88830-0045,133,0.6471620524620854,reciprocal_rank_fusion_k=60
169,Q0,DOE2-19-1271,134,0.6460715287471576,reciprocal_rank_fusion_k=60
169,Q0,FR88829-0045,135,0.6439708663347669,reciprocal_rank_fusion_k=60
169,Q0,AP880908-0130,136,0.6426440388264392,reciprocal_rank_fusion_k=60
169,Q0,WSJ910509-0092,137,0.6365984201091807,reciprocal_rank_fusion_k=60
169,Q0,AP880314-0171,138,0.636295549698012,reciprocal_rank_fusion_k=60
169,Q0,AP880703-0058,139,0.6323291213757456,reciprocal_rank_fusion_k=60
169,Q0,WSJ870417-0116,140,0.6170912773134012,reciprocal_rank_fusion_k=60
169,Q0,FR89222-0053,141,0.6167678923978474,reciprocal_rank_fusion_k=60
169,Q0,AP880321-0067,142,0.6161833564626259,reciprocal_rank_fusion_k=60
169,Q0,AP880517-0031,143,0.614247965297386,reciprocal_rank_fusion_k=60
169,Q0,WSJ900829-0030,144,0.6012920923302307,reciprocal_rank_fusion_k=60
169,Q0,WSJ910813-0108,145,0.5947900298952064,reciprocal_rank_fusion_k=60
169,Q0,AP890217-0153,146,0.594072664154907,reciprocal_rank_fusion_k=60
169,Q0,AP890222-0254,147,0.59230810121224,reciprocal_rank_fusion_k=60
169,Q0,AP890623-0097,148,0.5912651684891398,reciprocal_rank_fusion_k=60
169,Q0,FR88922-0045,149,0.5846765473651437,reciprocal_rank_fusion_k=60
169,Q0,WSJ910808-0103,150,0.5841640832025384,reciprocal_rank_fusion_k=60
169,Q0,AP890512-0224,151,0.5831113354418662,reciprocal_rank_fusion_k=60
169,Q0,WSJ870928-0092,152,0.5805124386774301,reciprocal_rank_fusion_k=60
169,Q0,WSJ910319-0070,153,0.5772167056950046,reciprocal_rank_fusion_k=60
169,Q0,WSJ910918-0129,154,0.5754285747040674,reciprocal_rank_fusion_k=60
169,Q0,WSJ920313-0068,155,0.5705849901647398,reciprocal_rank_fusion_k=60
169,Q0,WSJ880425-0004,156,0.5691865871460381,reciprocal_rank_fusion_k=60
169,Q0,WSJ870803-0114,157,0.5676462430472078,reciprocal_rank_fusion_k=60
169,Q0,AP890222-0039,158,0.5563176071158107,reciprocal_rank_fusion_k=60
169,Q0,FR88815-0025,159,0.5480405118572725,reciprocal_rank_fusion_k=60
169,Q0,AP890217-0152,160,0.5470208089094182,reciprocal_rank_fusion_k=60
169,Q0,AP890222-0253,161,0.5449365385736862,reciprocal_rank_fusion_k=60
169,Q0,AP890620-0152,162,0.5272237091071328,reciprocal_rank_fusion_k=60
169,Q0,WSJ900501-0143,163,0.527175176592368,reciprocal_rank_fusion_k=60
169,Q0,WSJ920124-0067,164,0.5250059309525437,reciprocal_rank_fusion_k=60
169,Q0,WSJ900913-0139,165,0.5238141428200421,reciprocal_rank_fusion_k=60
169,Q0,DOE2-41-0768,166,0.5180504080269456,reciprocal_rank_fusion_k=60
169,Q0,WSJ920219-0088,167,0.5160751376848906,reciprocal_rank_fusion_k=60
169,Q0,DOE1-20-0905,168,0.5140047450109614,reciprocal_rank_fusion_k=60
169,Q0,AP880908-0149,169,0.5130151750807689,reciprocal_rank_fusion_k=60
169,Q0,AP891002-0198,170,0.5127376100121439,reciprocal_rank_fusion_k=60
169,Q0,WSJ880909-0069,171,0.5117288592234579,reciprocal_rank_fusion_k=60
169,Q0,AP890425-0207,172,0.5093874406944012,reciprocal_rank_fusion_k=60
169,Q0,AP890802-0145,173,0.5079439628734167,reciprocal_rank_fusion_k=60
169,Q0,AP890622-0168,174,0.5067003228110518,reciprocal_rank_fusion_k=60
169,Q0,DOE2-40-0186,175,0.506525087977595,reciprocal_rank_fusion_k=60
169,Q0,AP880324-0010,176,0.501006114740184,reciprocal_rank_fusion_k=60
169,Q0,AP890207-0012,177,0.49539643338891953,reciprocal_rank_fusion_k=60
169,Q0,WSJ900517-0134,178,0.4944671801232061,reciprocal_rank_fusion_k=60
169,Q0,AP880609-0038,179,0.4937590984401481,reciprocal_rank_fusion_k=60
169,Q0,AP881108-0043,180,0.4935414632485503,reciprocal_rank_fusion_k=60
169,Q0,AP890620-0105,181,0.4930235361596144,reciprocal_rank_fusion_k=60
169,Q0,AP880826-0216,182,0.49035817265165565,reciprocal_rank_fusion_k=60
169,Q0,FR89428-0017,183,0.48829061394205026,reciprocal_rank_fusion_k=60
169,Q0,FR89302-0028,184,0.48704836860502526,reciprocal_rank_fusion_k=60
169,Q0,WSJ910904-0030,185,0.4868511892088716,reciprocal_rank_fusion_k=60
169,Q0,FR89620-0015,186,0.4862261684731773,reciprocal_rank_fusion_k=60
169,Q0,AP891109-0038,187,0.48567866308294966,reciprocal_rank_fusion_k=60
169,Q0,AP880530-0185,188,0.48418481457194923,reciprocal_rank_fusion_k=60
169,Q0,AP890424-0245,189,0.48354368684361476,reciprocal_rank_fusion_k=60
169,Q0,AP880806-0027,190,0.48294897881702525,reciprocal_rank_fusion_k=60
169,Q0,WSJ900925-0102,191,0.4827795404074337,reciprocal_rank_fusion_k=60
169,Q0,AP881220-0103,192,0.48117346853403126,reciprocal_rank_fusion_k=60
169,Q0,FR89531-0070,193,0.4764019414741201,reciprocal_rank_fusion_k=60
169,Q0,AP880810-0211,194,0.47612136814078637,reciprocal_rank_fusion_k=60
169,Q0,DOE2-28-0141,195,0.47509670851434815,reciprocal_rank_fusion_k=60
169,Q0,ZF207-426-698,196,0.4728553565244462,reciprocal_rank_fusion_k=60
169,Q0,WSJ900720-0012,197,0.47247902322682944,reciprocal_rank_fusion_k=60
169,Q0,AP890713-0209,198,0.4704701784607294,reciprocal_rank_fusion_k=60
169,Q0,WSJ900615-0165,199,0.4678252131241488,reciprocal_rank_fusion_k=60
169,Q0,AP890602-0083,200,0.46602511911006433,reciprocal_rank_fusion_k=60
169,Q0,AP891222-0112,201,0.46479012624279487,reciprocal_rank_fusion_k=60
169,Q0,AP890415-0053,202,0.4639453339108744,reciprocal_rank_fusion_k=60
169,Q0,ZF108-335-326,203,0.46370387878574354,reciprocal_rank_fusion_k=60
169,Q0,ZF108-551-594,204,0.4636038488984962,reciprocal_rank_fusion_k=60
169,Q0,AP880516-0113,205,0.46078174474133554,reciprocal_rank_fusion_k=60
169,Q0,AP881201-0093,206,0.4578690358120373,reciprocal_rank_fusion_k=60
169,Q0,DOE2-66-1034,207,0.4538292337489929,reciprocal_rank_fusion_k=60
169,Q0,WSJ890919-0017,208,0.45294048141383464,reciprocal_rank_fusion_k=60
169,Q0,AP890816-0121,209,0.4526838519038226,reciprocal_rank_fusion_k=60
169,Q0,AP880529-0054,210,0.44702282923766934,reciprocal_rank_fusion_k=60
169,Q0,WSJ901220-0188,211,0.4460677378996726,reciprocal_rank_fusion_k=60
169,Q0,DOE1-58-0092,212,0.44547752853912914,reciprocal_rank_fusion_k=60
169,Q0,WSJ910924-0072,213,0.44417407104556383,reciprocal_rank_fusion_k=60
169,Q0,FR881027-0027,214,0.4409933795861996,reciprocal_rank_fusion_k=60
169,Q0,WSJ910531-0151,215,0.4334584737592821,reciprocal_rank_fusion_k=60
169,Q0,AP890112-0003,216,0.4327943602754403,reciprocal_rank_fusion_k=60
169,Q0,WSJ900504-0156,217,0.42910271482466283,reciprocal_rank_fusion_k=60
169,Q0,WSJ911017-0071,218,0.42891922298420476,reciprocal_rank_fusion_k=60
169,Q0,AP891214-0183,219,0.427882194232275,reciprocal_rank_fusion_k=60
169,Q0,WSJ870318-0108,220,0.42726741479857505,reciprocal_rank_fusion_k=60
169,Q0,AP880601-0190,221,0.4261384414208048,reciprocal_rank_fusion_k=60
169,Q0,WSJ900402-0177,222,0.42575498269083223,reciprocal_rank_fusion_k=60
169,Q0,FR89206-0035,223,0.4202263491673109,reciprocal_rank_fusion_k=60
169,Q0,WSJ911106-0073,224,0.41920439319586716,reciprocal_rank_fusion_k=60
169,Q0,FR881118-0070,225,0.4189999389316216,reciprocal_rank_fusion_k=60
169,Q0,FR881102-0049,226,0.4189931067852318,reciprocal_rank_fusion_k=60
169,Q0,WSJ911209-0003,227,0.4165624289459212,reciprocal_rank_fusion_k=60
169,Q0,AP890410-0120,228,0.4154471099200747,reciprocal_rank_fusion_k=60
169,Q0,WSJ900420-0070,229,0.414699990787199,reciprocal_rank_fusion_k=60
169,Q0,WSJ910904-0063,230,0.41358890367824114,reciprocal_rank_fusion_k=60
169,Q0,AP880810-0031,231,0.409639029938225,reciprocal_rank_fusion_k=60
169,Q0,FR88906-0023,232,0.40647899749638244,reciprocal_rank_fusion_k=60
169,Q0,AP890307-0041,233,0.4018691440781306,reciprocal_rank_fusion_k=60
169,Q0,AP880221-0041,234,0.400507180708261,reciprocal_rank_fusion_k=60
169,Q0,FR88912-0003,235,0.39850173787411053,reciprocal_rank_fusion_k=60
169,Q0,AP880714-0194,236,0.39771769010014346,reciprocal_rank_fusion_k=60
169,Q0,AP881230-0126,237,0.39644172313765824,reciprocal_rank_fusion_k=60
169,Q0,WSJ880721-0148,238,0.395085253003413,reciprocal_rank_fusion_k=60
169,Q0,AP890630-0036,239,0.3942541104796729,reciprocal_rank_fusion_k=60
169,Q0,WSJ910128-0075,240,0.39307837744021906,reciprocal_rank_fusion_k=60
169,Q0,WSJ880422-0158,241,0.3915187052263101,reciprocal_rank_fusion_k=60
169,Q0,WSJ891027-0007,242,0.3912890155095498,reciprocal_rank_fusion_k=60
169,Q0,FR89131-0076,243,0.39034289060856986,reciprocal_rank_fusion_k=60
169,Q0,AP890627-0011,244,0.39020412467601423,reciprocal_rank_fusion_k=60
169,Q0,WSJ920320-0017,245,0.3888654322952435,reciprocal_rank_fusion_k=60
169,Q0,DOE1-21-1266,246,0.3848226235894833,reciprocal_rank_fusion_k=60
169,Q0,AP890808-0151,247,0.3787311336677602,reciprocal_rank_fusion_k=60
169,Q0,AP880324-0131,248,0.3768383533953817,reciprocal_rank_fusion_k=60
169,Q0,AP880723-0185,249,0.3738411341073443,reciprocal_rank_fusion_k=60
169,Q0,WSJ890803-0112,250,0.3713335984404648,reciprocal_rank_fusion_k=60
169,Q0,DOE2-21-0185,251,0.3708086942750206,reciprocal_rank_fusion_k=60
169,Q0,WSJ880630-0048,252,0.36941638038536145,reciprocal_rank_fusion_k=60
169,Q0,WSJ911127-0048,253,0.36930560255385714,reciprocal_rank_fusion_k=60
169,Q0,AP880516-0059,254,0.3691589073906556,reciprocal_rank_fusion_k=60
169,Q0,AP890126-0091,255,0.3687836964735197,reciprocal_rank_fusion_k=60
169,Q0,DOE2-49-0423,256,0.36591780747933655,reciprocal_rank_fusion_k=60
169,Q0,DOE1-44-1283,257,0.3629555026558373,reciprocal_rank_fusion_k=60
169,Q0,WSJ901231-0106,258,0.3622816639046964,reciprocal_rank_fusion_k=60
169,Q0,WSJ880825-0076,259,0.3598730812403742,reciprocal_rank_fusion_k=60
169,Q0,AP890118-0047,260,0.35948636254001093,reciprocal_rank_fusion_k=60
169,Q0,WSJ900921-0070,261,0.3573922084758847,reciprocal_rank_fusion_k=60
169,Q0,WSJ890808-0115,262,0.3556184006557408,reciprocal_rank_fusion_k=60
169,Q0,AP880426-0122,263,0.35531352819512996,reciprocal_rank_fusion_k=60
169,Q0,FR89524-0019,264,0.35365903816978916,reciprocal_rank_fusion_k=60
169,Q0,AP890719-0139,265,0.3511959397140668,reciprocal_rank_fusion_k=60
169,Q0,DOE1-84-0127,266,0.3504550419043864,reciprocal_rank_fusion_k=60
169,Q0,AP891205-0186,267,0.3493957062913878,reciprocal_rank_fusion_k=60
169,Q0,AP881125-0105,268,0.34878671701250197,reciprocal_rank_fusion_k=60
169,Q0,AP880825-0203,269,0.34340620198748706,reciprocal_rank_fusion_k=60
169,Q0,FR88831-0134,270,0.3428636321703541,reciprocal_rank_fusion_k=60
169,Q0,WSJ900820-0071,271,0.341471222070363,reciprocal_rank_fusion_k=60
169,Q0,AP890624-0091,272,0.339977101847427,reciprocal_rank_fusion_k=60
169,Q0,FR89623-0017,273,0.3398269818833274,reciprocal_rank_fusion_k=60
169,Q0,AP891026-0272,274,0.3389441872829232,reciprocal_rank_fusion_k=60
169,Q0,DOE2-77-1158,275,0.3386065936342384,reciprocal_rank_fusion_k=60
169,Q0,FR89315-0021,276,0.33792991201209804,reciprocal_rank_fusion_k=60
169,Q0,WSJ870319-0045,277,0.33706393371395404,reciprocal_rank_fusion_k=60
169,Q0,AP881225-0012,278,0.33628973451266775,reciprocal_rank_fusion_k=60
169,Q0,DOE1-80-1052,279,0.3346213278158418,reciprocal_rank_fusion_k=60
169,Q0,AP891027-0250,280,0.33417476128408913,reciprocal_rank_fusion_k=60
169,Q0,FR89508-0018,281,0.3330802701060676,reciprocal_rank_fusion_k=60
169,Q0,ZF108-354-850,282,0.33270964670457476,reciprocal_rank_fusion_k=60
169,Q0,ZF108-440-076,283,0.33083303583971707,reciprocal_rank_fusion_k=60
169,Q0,WSJ881031-0017,284,0.330702213846126,reciprocal_rank_fusion_k=60
169,Q0,WSJ870702-0032,285,0.3303705766736094,reciprocal_rank_fusion_k=60
169,Q0,WSJ881103-0106,286,0.3292809685041835,reciprocal_rank_fusion_k=60
169,Q0,WSJ911023-0106,287,0.3278716776064696,reciprocal_rank_fusion_k=60
169,Q0,FR88816-0111,288,0.32715196585077344,reciprocal_rank_fusion_k=60
169,Q0,AP880628-0303,289,0.3262699260159696,reciprocal_rank_fusion_k=60
169,Q0,AP880413-0192,290,0.32574921148905367,reciprocal_rank_fusion_k=60
169,Q0,AP881011-0044,291,0.3254323946540193,reciprocal_rank_fusion_k=60
169,Q0,WSJ910617-0044,292,0.3250146586421683,reciprocal_rank_fusion_k=60
169,Q0,WSJ910208-0166,293,0.3244545534162627,reciprocal_rank_fusion_k=60
169,Q0,WSJ910408-0134,294,0.32310559711227554,reciprocal_rank_fusion_k=60
169,Q0,WSJ911106-0043,295,0.3224392421710914,reciprocal_rank_fusion_k=60
169,Q0,WSJ910815-0119,296,0.32190216699755997,reciprocal_rank_fusion_k=60
169,Q0,WSJ910730-0058,297,0.3218976720695158,reciprocal_rank_fusion_k=60
169,Q0,WSJ880705-0159,298,0.32071107713344604,reciprocal_rank_fusion_k=60
169,Q0,AP890424-0243,299,0.3199659183311011,reciprocal_rank_fusion_k=60
169,Q0,AP880730-0024,300,0.31877734146300873,reciprocal_rank_fusion_k=60
169,Q0,AP880629-0168,301,0.3157185157473872,reciprocal_rank_fusion_k=60
169,Q0,AP891009-0110,302,0.3150203738605759,reciprocal_rank_fusion_k=60
169,Q0,AP880910-0127,303,0.31485921370899556,reciprocal_rank_fusion_k=60
169,Q0,ZF108-007-686,304,0.31444603057803305,reciprocal_rank_fusion_k=60
169,Q0,DOE2-44-0099,305,0.3132993185178688,reciprocal_rank_fusion_k=60
169,Q0,FR88616-0137,306,0.3124866149139891,reciprocal_rank_fusion_k=60
169,Q0,FR89613-0075,307,0.3105864306097087,reciprocal_rank_fusion_k=60
169,Q0,AP890804-0053,308,0.31021741672337416,reciprocal_rank_fusion_k=60
169,Q0,WSJ870302-0074,309,0.3063293525294909,reciprocal_rank_fusion_k=60
169,Q0,WSJ910605-0070,310,0.3042762364046398,reciprocal_rank_fusion_k=60
169,Q0,AP880708-0025,311,0.30137453996280206,reciprocal_rank_fusion_k=60
169,Q0,DOE1-77-0497,312,0.2997256852268252,reciprocal_rank_fusion_k=60
169,Q0,DOE2-73-0812,313,0.2992499875218182,reciprocal_rank_fusion_k=60
169,Q0,ZF109-506-173,314,0.29873913253206086,reciprocal_rank_fusion_k=60
169,Q0,FR89518-0034,315,0.29855853133650095,reciprocal_rank_fusion_k=60
169,Q0,WSJ870506-0080,316,0.29844352501085225,reciprocal_rank_fusion_k=60
169,Q0,WSJ900831-0028,317,0.29726186208952304,reciprocal_rank_fusion_k=60
169,Q0,AP880623-0239,318,0.295790674429193,reciprocal_rank_fusion_k=60
169,Q0,AP890706-0079,319,0.29462052591461213,reciprocal_rank_fusion_k=60
169,Q0,WSJ870805-0144,320,0.29347834954841295,reciprocal_rank_fusion_k=60
169,Q0,FR88126-0016,321,0.29315487030834225,reciprocal_rank_fusion_k=60
169,Q0,AP880318-0038,322,0.29231338013086594,reciprocal_rank_fusion_k=60
169,Q0,WSJ911114-0135,323,0.290868805363055,reciprocal_rank_fusion_k=60
169,Q0,AP890609-0034,324,0.2905154337821968,reciprocal_rank_fusion_k=60
169,Q0,AP880629-0098,325,0.2893544512644061,reciprocal_rank_fusion_k=60
169,Q0,AP890718-0047,326,0.28909852223329285,reciprocal_rank_fusion_k=60
169,Q0,DOE1-64-0029,327,0.286286416407922,reciprocal_rank_fusion_k=60
169,Q0,FR89321-0028,328,0.2851419241524622,reciprocal_rank_fusion_k=60
169,Q0,AP880630-0120,329,0.2803625185427778,reciprocal_rank_fusion_k=60
169,Q0,WSJ910329-0057,330,0.2759735490427211,reciprocal_rank_fusion_k=60
169,Q0,DOE1-77-0504,331,0.27579433890297045,reciprocal_rank_fusion_k=60
169,Q0,AP880525-0176,332,0.27559548374772785,reciprocal_rank_fusion_k=60
169,Q0,WSJ910610-0080,333,0.27489414807055074,reciprocal_rank_fusion_k=60
169,Q0,AP891118-0172,334,0.27423349509359773,reciprocal_rank_fusion_k=60
169,Q0,FR89502-0016,335,0.2740807492424905,reciprocal_rank_fusion_k=60
169,Q0,DOE1-78-0433,336,0.27387493095622295,reciprocal_rank_fusion_k=60
169,Q0,WSJ910724-0043,337,0.2734752874572175,reciprocal_rank_fusion_k=60
169,Q0,AP890720-0021,338,0.2713527765380033,reciprocal_rank_fusion_k=60
169,Q0,WSJ910924-0108,339,0.27122750689174735,reciprocal_rank_fusion_k=60
169,Q0,AP881112-0107,340,0.27025102222991737,reciprocal_rank_fusion_k=60
169,Q0,AP880628-0102,341,0.2697973783756617,reciprocal_rank_fusion_k=60
169,Q0,AP891118-0158,342,0.26966605462801,reciprocal_rank_fusion_k=60
169,Q0,WSJ901224-0172,343,0.26838742943300187,reciprocal_rank_fusion_k=60
169,Q0,AP880325-0227,344,0.2661381379836997,reciprocal_rank_fusion_k=60
169,Q0,DOE1-55-1063,345,0.2661067432693446,reciprocal_rank_fusion_k=60
169,Q0,FR88831-0132,346,0.26551916415795895,reciprocal_rank_fusion_k=60
169,Q0,FR88205-0162,347,0.26472872916826845,reciprocal_rank_fusion_k=60
169,Q0,FR88614-0042,348,0.2647206076103725,reciprocal_rank_fusion_k=60
169,Q0,WSJ910927-0069,349,0.2643431781544153,reciprocal_rank_fusion_k=60
169,Q0,DOE1-11-0243,350,0.26149938743487156,reciprocal_rank_fusion_k=60
169,Q0,WSJ870924-0166,351,0.25953778282795104,reciprocal_rank_fusion_k=60
169,Q0,AP890808-0037,352,0.2581218568013581,reciprocal_rank_fusion_k=60
169,Q0,DOE1-69-0636,353,0.2554213536040599,reciprocal_rank_fusion_k=60
169,Q0,AP890522-0010,354,0.2551258874367876,reciprocal_rank_fusion_k=60
169,Q0,AP880708-0113,355,0.2540296637252068,reciprocal_rank_fusion_k=60
169,Q0,AP880519-0049,356,0.25375825420220666,reciprocal_rank_fusion_k=60
169,Q0,WSJ880620-0051,357,0.2534126876953352,reciprocal_rank_fusion_k=60
169,Q0,WSJ910626-0066,358,0.25338171949534216,reciprocal_rank_fusion_k=60
169,Q0,ZF109-569-031,359,0.25307997125098136,reciprocal_rank_fusion_k=60
169,Q0,WSJ910405-0048,360,0.25191623477506087,reciprocal_rank_fusion_k=60
169,Q0,DOE2-05-0912,361,0.2514061620008273,reciprocal_rank_fusion_k=60
169,Q0,DOE1-75-0409,362,0.24995368420512648,reciprocal_rank_fusion_k=60
169,Q0,WSJ900928-0053,363,0.2486883120406667,reciprocal_rank_fusion_k=60
169,Q0,AP880508-0030,364,0.24851175036783826,reciprocal_rank_fusion_k=60
169,Q0,AP891030-0179,365,0.24848732632972106,reciprocal_rank_fusion_k=60
169,Q0,AP880505-0297,366,0.24728696573617034,reciprocal_rank_fusion_k=60
169,Q0,DOE2-53-0979,367,0.24434501072449424,reciprocal_rank_fusion_k=60
169,Q0,DOE1-08-0390,368,0.24414867601696272,reciprocal_rank_fusion_k=60
169,Q0,DOE1-73-0895,369,0.24400661609235777,reciprocal_rank_fusion_k=60
169,Q0,WSJ870902-0055,370,0.2422891867151255,reciprocal_rank_fusion_k=60
169,Q0,DOE1-64-0930,371,0.24095239660702908,reciprocal_rank_fusion_k=60
169,Q0,AP890302-0067,372,0.2407664874885096,reciprocal_rank_fusion_k=60
169,Q0,WSJ870630-0094,373,0.24010699783970282,reciprocal_rank_fusion_k=60
169,Q0,AP890504-0013,374,0.23833124146271187,reciprocal_rank_fusion_k=60
169,Q0,AP881227-0077,375,0.23815924945544797,reciprocal_rank_fusion_k=60
169,Q0,WSJ871127-0056,376,0.23768168132985873,reciprocal_rank_fusion_k=60
169,Q0,WSJ910717-0091,377,0.23736359498363324,reciprocal_rank_fusion_k=60
169,Q0,AP880920-0130,378,0.23677180325393657,reciprocal_rank_fusion_k=60
169,Q0,AP890522-0093,379,0.23674736851793232,reciprocal_rank_fusion_k=60
169,Q0,DOE1-45-0911,380,0.23594733458025208,reciprocal_rank_fusion_k=60
169,Q0,AP891220-0036,381,0.23457057292551756,reciprocal_rank_fusion_k=60
169,Q0,WSJ881111-0206,382,0.233498966222421,reciprocal_rank_fusion_k=60
169,Q0,AP880602-0217,383,0.233291626358145,reciprocal_rank_fusion_k=60
169,Q0,AP890630-0100,384,0.233013588521159,reciprocal_rank_fusion_k=60
169,Q0,WSJ880810-0128,385,0.23267544249748634,reciprocal_rank_fusion_k=60
169,Q0,AP890301-0103,386,0.23261652654092868,reciprocal_rank_fusion_k=60
169,Q0,DOE1-88-0512,387,0.23233220952716466,reciprocal_rank_fusion_k=60
169,Q0,FR88712-0003,388,0.2299043669202679,reciprocal_rank_fusion_k=60
169,Q0,WSJ910718-0036,389,0.22956877395310663,reciprocal_rank_fusion_k=60
169,Q0,WSJ920114-0084,390,0.2293540267481672,reciprocal_rank_fusion_k=60
169,Q0,DOE2-50-0783,391,0.22913688505175975,reciprocal_rank_fusion_k=60
169,Q0,WSJ910703-0023,392,0.22838792319050896,reciprocal_rank_fusion_k=60
169,Q0,WSJ870310-0036,393,0.22832957306093754,reciprocal_rank_fusion_k=60
169,Q0,WSJ900927-0124,394,0.22822409800620794,reciprocal_rank_fusion_k=60
169,Q0,DOE2-22-0876,395,0.22821224427771097,reciprocal_rank_fusion_k=60
169,Q0,AP890710-0200,396,0.22804568591732885,reciprocal_rank_fusion_k=60
169,Q0,AP891212-0215,397,0.2270174023378917,reciprocal_rank_fusion_k=60
169,Q0,FR881014-0071,398,0.22453903603838848,reciprocal_rank_fusion_k=60
169,Q0,WSJ870212-0134,399,0.22360415459971522,reciprocal_rank_fusion_k=60
169,Q0,WSJ910723-0093,400,0.2230044510146336,reciprocal_rank_fusion_k=60
169,Q0,AP890212-0044,401,0.2226804629952167,reciprocal_rank_fusion_k=60
169,Q0,DOE1-88-0767,402,0.2215338154229051,reciprocal_rank_fusion_k=60
169,Q0,DOE1-77-0503,403,0.2207417389805474,reciprocal_rank_fusion_k=60
169,Q0,ZF207-584-410,404,0.2205731598682099,reciprocal_rank_fusion_k=60
169,Q0,AP890616-0101,405,0.2203749091009509,reciprocal_rank_fusion_k=60
169,Q0,WSJ910726-0189,406,0.21927405767177774,reciprocal_rank_fusion_k=60
169,Q0,WSJ910918-0130,407,0.21831240003523916,reciprocal_rank_fusion_k=60
169,Q0,DOE2-71-0491,408,0.21710820162399846,reciprocal_rank_fusion_k=60
169,Q0,DOE1-57-0883,409,0.21619046664385638,reciprocal_rank_fusion_k=60
169,Q0,FR88517-0031,410,0.2150182199207803,reciprocal_rank_fusion_k=60
169,Q0,AP890315-0198,411,0.21491187676180012,reciprocal_rank_fusion_k=60
169,Q0,AP880810-0208,412,0.21449213094978822,reciprocal_rank_fusion_k=60
169,Q0,DOE2-40-0873,413,0.21406556275732913,reciprocal_rank_fusion_k=60
169,Q0,AP880309-0038,414,0.21263958011080258,reciprocal_rank_fusion_k=60
169,Q0,FR89607-0017,415,0.21230881487548778,reciprocal_rank_fusion_k=60
169,Q0,FR89217-0018,416,0.21143446394584767,reciprocal_rank_fusion_k=60
169,Q0,FR88108-0023,417,0.21118026667944764,reciprocal_rank_fusion_k=60
169,Q0,WSJ891102-0130,418,0.21015076134225796,reciprocal_rank_fusion_k=60
169,Q0,WSJ880329-0128,419,0.20954572880117958,reciprocal_rank_fusion_k=60
169,Q0,FR88906-0021,420,0.20912342320713076,reciprocal_rank_fusion_k=60
169,Q0,WSJ870820-0138,421,0.20756738826383866,reciprocal_rank_fusion_k=60
169,Q0,FR881024-0121,422,0.20735349414026694,reciprocal_rank_fusion_k=60
169,Q0,FR88514-0001,423,0.2071808469021203,reciprocal_rank_fusion_k=60
169,Q0,DOE1-73-0887,424,0.20698371806237076,reciprocal_rank_fusion_k=60
169,Q0,WSJ910626-0048,425,0.20556511400542904,reciprocal_rank_fusion_k=60
169,Q0,AP881029-0072,426,0.2054149473896651,reciprocal_rank_fusion_k=60
169,Q0,DOE1-40-0385,427,0.20517212137407687,reciprocal_rank_fusion_k=60
169,Q0,FR881024-0194,428,0.20434888998654446,reciprocal_rank_fusion_k=60
169,Q0,WSJ861210-0067,429,0.20388420626149634,reciprocal_rank_fusion_k=60
169,Q0,WSJ910826-0134,430,0.20306038073438723,reciprocal_rank_fusion_k=60
169,Q0,AP880525-0177,431,0.20298570908238342,reciprocal_rank_fusion_k=60
169,Q0,AP890314-0245,432,0.20289587986301844,reciprocal_rank_fusion_k=60
169,Q0,WSJ900419-0126,433,0.2022368940464812,reciprocal_rank_fusion_k=60
169,Q0,AP881207-0042,434,0.2016505631787676,reciprocal_rank_fusion_k=60
169,Q0,WSJ870325-0035,435,0.20104875194476352,reciprocal_rank_fusion_k=60
169,Q0,AP890711-0163,436,0.20100729506824055,reciprocal_rank_fusion_k=60
169,Q0,DOE1-77-0496,437,0.2006718841712639,reciprocal_rank_fusion_k=60
169,Q0,WSJ920109-0070,438,0.19930598893240667,reciprocal_rank_fusion_k=60
169,Q0,AP890314-0272,439,0.19929240669114667,reciprocal_rank_fusion_k=60
169,Q0,WSJ900831-0100,440,0.19862618103500934,reciprocal_rank_fusion_k=60
169,Q0,AP890222-0106,441,0.19836883502483957,reciprocal_rank_fusion_k=60
169,Q0,FR88201-0001,442,0.19827283569108917,reciprocal_rank_fusion_k=60
169,Q0,WSJ870416-0171,443,0.19824452150348326,reciprocal_rank_fusion_k=60
169,Q0,AP880316-0181,444,0.19813387862480936,reciprocal_rank_fusion_k=60
169,Q0,WSJ910628-0069,445,0.19785535395534762,reciprocal_rank_fusion_k=60
169,Q0,AP880711-0010,446,0.19733375940323344,reciprocal_rank_fusion_k=60
169,Q0,AP880330-0254,447,0.1971065382164019,reciprocal_rank_fusion_k=60
169,Q0,AP880310-0102,448,0.19585813003925795,reciprocal_rank_fusion_k=60
169,Q0,AP890525-0192,449,0.19556929345252697,reciprocal_rank_fusion_k=60
169,Q0,FR89123-0017,450,0.19493812038763067,reciprocal_rank_fusion_k=60
169,Q0,WSJ900516-0061,451,0.19421997490149273,reciprocal_rank_fusion_k=60
169,Q0,AP890302-0003,452,0.19393108409984094,reciprocal_rank_fusion_k=60
169,Q0,DOE1-77-0509,453,0.19338401291118412,reciprocal_rank_fusion_k=60
169,Q0,DOE2-60-0844,454,0.19312247892128787,reciprocal_rank_fusion_k=60
169,Q0,AP891207-0136,455,0.19293216734321894,reciprocal_rank_fusion_k=60
169,Q0,AP891213-0016,456,0.19284709192841581,reciprocal_rank_fusion_k=60
169,Q0,DOE2-59-0993,457,0.19241240743338522,reciprocal_rank_fusion_k=60
169,Q0,DOE1-77-0520,458,0.19232042558619816,reciprocal_rank_fusion_k=60
169,Q0,FR89426-0029,459,0.1921057024486561,reciprocal_rank_fusion_k=60
169,Q0,FR891002-0017,460,0.1917297450674389,reciprocal_rank_fusion_k=60
169,Q0,WSJ910314-0016,461,0.1896687151898296,reciprocal_rank_fusion_k=60
169,Q0,DOE1-33-0410,462,0.18900358755254454,reciprocal_rank_fusion_k=60
169,Q0,DOE2-58-0403,463,0.18887336993468268,reciprocal_rank_fusion_k=60
169,Q0,DOE1-77-0487,464,0.1888562026760831,reciprocal_rank_fusion_k=60
169,Q0,AP880617-0250,465,0.1884420865662815,reciprocal_rank_fusion_k=60
169,Q0,WSJ870609-0124,466,0.1880518460950511,reciprocal_rank_fusion_k=60
169,Q0,AP880427-0074,467,0.18774633137128993,reciprocal_rank_fusion_k=60
169,Q0,AP880525-0074,468,0.18742141057977266,reciprocal_rank_fusion_k=60
169,Q0,AP880610-0064,469,0.1873913228953032,reciprocal_rank_fusion_k=60
169,Q0,AP880609-0080,470,0.18719649443151756,reciprocal_rank_fusion_k=60
169,Q0,AP880904-0070,471,0.18697235902436582,reciprocal_rank_fusion_k=60
169,Q0,WSJ910905-0072,472,0.1868313322412707,reciprocal_rank_fusion_k=60
169,Q0,WSJ910711-0076,473,0.18620008264763369,reciprocal_rank_fusion_k=60
169,Q0,DOE1-05-0225,474,0.185949798377636,reciprocal_rank_fusion_k=60
169,Q0,AP890712-0046,475,0.18515323518611498,reciprocal_rank_fusion_k=60
169,Q0,AP891015-0041,476,0.18508388406706053,reciprocal_rank_fusion_k=60
169,Q0,DOE2-81-0277,477,0.185025385031869,reciprocal_rank_fusion_k=60
169,Q0,AP891014-0149,478,0.18443295032964768,reciprocal_rank_fusion_k=60
169,Q0,FR88708-0133,479,0.1840479301914784,reciprocal_rank_fusion_k=60
169,Q0,WSJ900413-0104,480,0.18399228751495147,reciprocal_rank_fusion_k=60
169,Q0,WSJ880712-0119,481,0.18391900546172213,reciprocal_rank_fusion_k=60
169,Q0,AP880426-0162,482,0.18297561825750963,reciprocal_rank_fusion_k=60
169,Q0,AP880317-0141,483,0.1824913988426426,reciprocal_rank_fusion_k=60
169,Q0,DOE1-01-1015,484,0.1824730735728486,reciprocal_rank_fusion_k=60
169,Q0,DOE1-21-0433,485,0.18240170121072857,reciprocal_rank_fusion_k=60
169,Q0,AP880513-0163,486,0.18239048655861723,reciprocal_rank_fusion_k=60
169,Q0,AP880618-0117,487,0.18233229893673436,reciprocal_rank_fusion_k=60
169,Q0,WSJ910528-0073,488,0.18154148965144776,reciprocal_rank_fusion_k=60
169,Q0,ZF108-462-834,489,0.18132140842340025,reciprocal_rank_fusion_k=60
169,Q0,AP890920-0222,490,0.18024646784174742,reciprocal_rank_fusion_k=60
169,Q0,AP880504-0176,491,0.18017712601956992,reciprocal_rank_fusion_k=60
169,Q0,DOE2-26-0243,492,0.17981952591632194,reciprocal_rank_fusion_k=60
169,Q0,WSJ880224-0080,493,0.17939865564575574,reciprocal_rank_fusion_k=60
169,Q0,WSJ920311-0110,494,0.17905311837509544,reciprocal_rank_fusion_k=60
169,Q0,AP880611-0180,495,0.17880383834625124,reciprocal_rank_fusion_k=60
169,Q0,FR89214-0012,496,0.17862338763701263,reciprocal_rank_fusion_k=60
169,Q0,DOE1-34-0898,497,0.17858638438235896,reciprocal_rank_fusion_k=60
169,Q0,DOE2-40-0875,498,0.1779339869020416,reciprocal_rank_fusion_k=60
169,Q0,DOE1-24-0389,499,0.17696135058966755,reciprocal_rank_fusion_k=60
169,Q0,AP890913-0136,500,0.17571088623340442,reciprocal_rank_fusion_k=60
169,Q0,FR89324-0001,501,0.1753830043344402,reciprocal_rank_fusion_k=60
169,Q0,ZF109-541-455,502,0.1738180662392609,reciprocal_rank_fusion_k=60
169,Q0,WSJ881006-0141,503,0.17354638983304188,reciprocal_rank_fusion_k=60
169,Q0,FR88721-0032,504,0.17352686489816255,reciprocal_rank_fusion_k=60
169,Q0,DOE2-46-0049,505,0.17340454014242798,reciprocal_rank_fusion_k=60
169,Q0,AP880727-0037,506,0.17335892093405258,reciprocal_rank_fusion_k=60
169,Q0,WSJ910322-0197,507,0.17298667800816775,reciprocal_rank_fusion_k=60
169,Q0,DOE1-58-0744,508,0.17220572289852465,reciprocal_rank_fusion_k=60
169,Q0,FR88516-0028,509,0.1718491992010887,reciprocal_rank_fusion_k=60
169,Q0,AP880721-0078,510,0.17180387839991787,reciprocal_rank_fusion_k=60
169,Q0,DOE1-13-0420,511,0.1716538532919747,reciprocal_rank_fusion_k=60
169,Q0,FR89718-0104,512,0.17131002770568488,reciprocal_rank_fusion_k=60
169,Q0,AP890605-0117,513,0.1712583213349804,reciprocal_rank_fusion_k=60
169,Q0,FR881117-0025,514,0.17068395465600184,reciprocal_rank_fusion_k=60
169,Q0,WSJ910422-0111,515,0.17068382548734487,reciprocal_rank_fusion_k=60
169,Q0,WSJ880324-0091,516,0.1705133411545263,reciprocal_rank_fusion_k=60
169,Q0,WSJ870610-0063,517,0.17027238705001924,reciprocal_rank_fusion_k=60
169,Q0,DOE1-89-0310,518,0.17009683735490122,reciprocal_rank_fusion_k=60
169,Q0,AP880705-0008,519,0.16975063475539903,reciprocal_rank_fusion_k=60
169,Q0,FR88829-0065,520,0.16956595784386683,reciprocal_rank_fusion_k=60
169,Q0,FR88830-0065,521,0.16935528184905335,reciprocal_rank_fusion_k=60
169,Q0,AP890905-0172,522,0.16875754676860968,reciprocal_rank_fusion_k=60
169,Q0,DOE1-84-0052,523,0.1687140404137455,reciprocal_rank_fusion_k=60
169,Q0,WSJ870730-0056,524,0.16850758914421213,reciprocal_rank_fusion_k=60
169,Q0,WSJ910507-0016,525,0.1684442764383542,reciprocal_rank_fusion_k=60
169,Q0,WSJ910705-0189,526,0.16778371959682206,reciprocal_rank_fusion_k=60
169,Q0,FR891010-0135,527,0.16760179764517316,reciprocal_rank_fusion_k=60
169,Q0,DOE1-08-0476,528,0.16758245143898332,reciprocal_rank_fusion_k=60
169,Q0,DOE2-12-0856,529,0.16648711543133596,reciprocal_rank_fusion_k=60
169,Q0,FR88518-0028,530,0.16634705400198843,reciprocal_rank_fusion_k=60
169,Q0,ZF109-785-289,531,0.16618832181642862,reciprocal_rank_fusion_k=60
169,Q0,AP880805-0008,532,0.16575978894314333,reciprocal_rank_fusion_k=60
169,Q0,FR89602-0027,533,0.16534258470193683,reciprocal_rank_fusion_k=60
169,Q0,FR89623-0019,534,0.16495790406590446,reciprocal_rank_fusion_k=60
169,Q0,DOE2-33-1178,535,0.16269153484184012,reciprocal_rank_fusion_k=60
169,Q0,WSJ910110-0081,536,0.16261329954813478,reciprocal_rank_fusion_k=60
169,Q0,AP880630-0272,537,0.16237318924313662,reciprocal_rank_fusion_k=60
169,Q0,WSJ880622-0033,538,0.16221604611633086,reciprocal_rank_fusion_k=60
169,Q0,WSJ910604-0105,539,0.16204376343725777,reciprocal_rank_fusion_k=60
169,Q0,DOE2-32-1325,540,0.16123113385632268,reciprocal_rank_fusion_k=60
169,Q0,AP881227-0030,541,0.16076987742722074,reciprocal_rank_fusion_k=60
169,Q0,WSJ910710-0121,542,0.16056169830677994,reciprocal_rank_fusion_k=60
169,Q0,FR891026-0026,543,0.16049016792328483,reciprocal_rank_fusion_k=60
169,Q0,FR88817-0029,544,0.16001415495080082,reciprocal_rank_fusion_k=60
169,Q0,WSJ900514-0003,545,0.15901521975674743,reciprocal_rank_fusion_k=60
169,Q0,WSJ900629-0170,546,0.15888701660918597,reciprocal_rank_fusion_k=60
169,Q0,AP881205-0214,547,0.1581463276823467,reciprocal_rank_fusion_k=60
169,Q0,FR88923-0021,548,0.15797882423511797,reciprocal_rank_fusion_k=60
169,Q0,WSJ870603-0109,549,0.15787530989114762,reciprocal_rank_fusion_k=60
169,Q0,WSJ920123-0080,550,0.15712925712536624,reciprocal_rank_fusion_k=60
169,Q0,WSJ900917-0113,551,0.1570942521965059,reciprocal_rank_fusion_k=60
169,Q0,ZF108-777-122,552,0.15696885686078202,reciprocal_rank_fusion_k=60
169,Q0,WSJ910401-0050,553,0.15684700387024514,reciprocal_rank_fusion_k=60
169,Q0,WSJ910529-0121,554,0.1567811520654331,reciprocal_rank_fusion_k=60
169,Q0,DOE1-16-0339,555,0.15654655608403212,reciprocal_rank_fusion_k=60
169,Q0,WSJ910418-0141,556,0.15632411441700977,reciprocal_rank_fusion_k=60
169,Q0,DOE1-35-1195,557,0.15615615522799312,reciprocal_rank_fusion_k=60
169,Q0,AP890710-0201,558,0.1560819885696435,reciprocal_rank_fusion_k=60
169,Q0,WSJ880909-0085,559,0.15605276695351736,reciprocal_rank_fusion_k=60
169,Q0,WSJ900802-0074,560,0.15572597011637226,reciprocal_rank_fusion_k=60
169,Q0,FR89814-0023,561,0.15570693775498567,reciprocal_rank_fusion_k=60
169,Q0,WSJ871026-0039,562,0.15516731541447484,reciprocal_rank_fusion_k=60
169,Q0,WSJ910208-0004,563,0.1549398773937542,reciprocal_rank_fusion_k=60
169,Q0,WSJ911119-0033,564,0.1548774609101205,reciprocal_rank_fusion_k=60
169,Q0,AP880316-0148,565,0.1548371285706803,reciprocal_rank_fusion_k=60
169,Q0,FR88712-0047,566,0.1545606473954979,reciprocal_rank_fusion_k=60
169,Q0,WSJ910802-0090,567,0.15437557712751182,reciprocal_rank_fusion_k=60
169,Q0,ZF207-154-059,568,0.1541341352139373,reciprocal_rank_fusion_k=60
169,Q0,WSJ910911-0123,569,0.15403658639778137,reciprocal_rank_fusion_k=60
169,Q0,AP880617-0140,570,0.1533294271343164,reciprocal_rank_fusion_k=60
169,Q0,AP890522-0020,571,0.15303888384587583,reciprocal_rank_fusion_k=60
169,Q0,WSJ911003-0148,572,0.15213772096810046,reciprocal_rank_fusion_k=60
169,Q0,FR88926-0045,573,0.15119930692649797,reciprocal_rank_fusion_k=60
169,Q0,FR88818-0053,574,0.1508274606250623,reciprocal_rank_fusion_k=60
169,Q0,FR89412-0003,575,0.1508106175671605,reciprocal_rank_fusion_k=60
169,Q0,FR89816-0041,576,0.15078554542301786,reciprocal_rank_fusion_k=60
169,Q0,WSJ871021-0145,577,0.15050049264660553,reciprocal_rank_fusion_k=60
169,Q0,AP890310-0248,578,0.1504665700280597,reciprocal_rank_fusion_k=60
169,Q0,AP880609-0158,579,0.15042600457568311,reciprocal_rank_fusion_k=60
169,Q0,DOE2-46-0306,580,0.1499982942834692,reciprocal_rank_fusion_k=60
169,Q0,AP881024-0063,581,0.1499651720972663,reciprocal_rank_fusion_k=60
169,Q0,FR89522-0017,582,0.14994841021829503,reciprocal_rank_fusion_k=60
169,Q0,WSJ871202-0005,583,0.14974488194187965,reciprocal_rank_fusion_k=60
169,Q0,AP880802-0091,584,0.14940535400760507,reciprocal_rank_fusion_k=60
169,Q0,WSJ890823-0083,585,0.14898749044497095,reciprocal_rank_fusion_k=60
169,Q0,FR881024-0021,586,0.1486599161106886,reciprocal_rank_fusion_k=60
169,Q0,DOE2-42-1124,587,0.14844513833754328,reciprocal_rank_fusion_k=60
169,Q0,ZF108-222-682,588,0.14809463890435376,reciprocal_rank_fusion_k=60
169,Q0,DOE2-30-0728,589,0.1479865872784187,reciprocal_rank_fusion_k=60
169,Q0,AP881212-0074,590,0.14719589205729605,reciprocal_rank_fusion_k=60
169,Q0,WSJ911105-0137,591,0.14699256161746643,reciprocal_rank_fusion_k=60
169,Q0,AP880423-0152,592,0.14698328972762872,reciprocal_rank_fusion_k=60
169,Q0,AP891128-0019,593,0.14630608154469255,reciprocal_rank_fusion_k=60
169,Q0,WSJ910617-0050,594,0.14614096848993774,reciprocal_rank_fusion_k=60
169,Q0,FR88229-0002,595,0.14592524360076717,reciprocal_rank_fusion_k=60
169,Q0,FR89817-0022,596,0.14585671657875932,reciprocal_rank_fusion_k=60
169,Q0,AP880810-0018,597,0.14500464000849744,reciprocal_rank_fusion_k=60
169,Q0,WSJ910513-0062,598,0.14475704379936477,reciprocal_rank_fusion_k=60
169,Q0,WSJ900510-0123,599,0.14460029775622357,reciprocal_rank_fusion_k=60
169,Q0,FR881027-0029,600,0.14442459766659954,reciprocal_rank_fusion_k=60
169,Q0,WSJ910320-0108,601,0.14366518748140444,reciprocal_rank_fusion_k=60
169,Q0,DOE1-30-0934,602,0.14342732755508472,reciprocal_rank_fusion_k=60
169,Q0,WSJ920221-0105,603,0.1432975627022883,reciprocal_rank_fusion_k=60
169,Q0,DOE2-45-1202,604,0.14285779602177656,reciprocal_rank_fusion_k=60
169,Q0,DOE1-81-1027,605,0.14252355735246583,reciprocal_rank_fusion_k=60
169,Q0,DOE2-45-1200,606,0.14252343518372262,reciprocal_rank_fusion_k=60
169,Q0,AP890809-0053,607,0.14247805666153862,reciprocal_rank_fusion_k=60
169,Q0,WSJ910705-0186,608,0.14238493363653096,reciprocal_rank_fusion_k=60
169,Q0,FR89823-0054,609,0.1422259915622103,reciprocal_rank_fusion_k=60
169,Q0,AP891107-0192,610,0.14213673181898256,reciprocal_rank_fusion_k=60
169,Q0,WSJ910102-0063,611,0.14211673415525483,reciprocal_rank_fusion_k=60
169,Q0,WSJ910221-0124,612,0.14180521321858,reciprocal_rank_fusion_k=60
169,Q0,AP880414-0063,613,0.14163194519975553,reciprocal_rank_fusion_k=60
169,Q0,AP890811-0194,614,0.14150022753368693,reciprocal_rank_fusion_k=60
169,Q0,FR881014-0314,615,0.14131425688904314,reciprocal_rank_fusion_k=60
169,Q0,AP881101-0013,616,0.1412894895593332,reciprocal_rank_fusion_k=60
169,Q0,AP881130-0256,617,0.14094561679214812,reciprocal_rank_fusion_k=60
169,Q0,WSJ911125-0089,618,0.1403785877547779,reciprocal_rank_fusion_k=60
169,Q0,ZF108-823-638,619,0.14032372143446686,reciprocal_rank_fusion_k=60
169,Q0,AP881114-0142,620,0.14003509476050033,reciprocal_rank_fusion_k=60
169,Q0,AP890724-0105,621,0.13943974719829308,reciprocal_rank_fusion_k=60
169,Q0,AP880709-0071,622,0.1391666680697538,reciprocal_rank_fusion_k=60
169,Q0,WSJ910620-0176,623,0.13880328253201,reciprocal_rank_fusion_k=60
169,Q0,FR881031-0013,624,0.13842721350399473,reciprocal_rank_fusion_k=60
169,Q0,WSJ910723-0106,625,0.13834914658601863,reciprocal_rank_fusion_k=60
169,Q0,AP890315-0137,626,0.1379754429828576,reciprocal_rank_fusion_k=60
169,Q0,ZF108-521-694,627,0.13730732396369946,reciprocal_rank_fusion_k=60
169,Q0,DOE1-60-0344,628,0.13688467607238264,reciprocal_rank_fusion_k=60
169,Q0,FR89110-0030,629,0.13670374488983686,reciprocal_rank_fusion_k=60
169,Q0,AP880630-0016,630,0.13636389855134426,reciprocal_rank_fusion_k=60
169,Q0,FR891031-0030,631,0.13603392768521474,reciprocal_rank_fusion_k=60
169,Q0,AP891027-0035,632,0.1359633083285494,reciprocal_rank_fusion_k=60
169,Q0,DOE2-06-0745,633,0.13565490109488346,reciprocal_rank_fusion_k=60
169,Q0,DOE2-28-0925,634,0.1355413827123334,reciprocal_rank_fusion_k=60
169,Q0,AP891122-0086,635,0.13519120945431148,reciprocal_rank_fusion_k=60
169,Q0,WSJ900406-0054,636,0.13515900166403713,reciprocal_rank_fusion_k=60
169,Q0,AP891120-0164,637,0.13501780272569988,reciprocal_rank_fusion_k=60
169,Q0,WSJ880602-0108,638,0.13494161737204513,reciprocal_rank_fusion_k=60
169,Q0,AP890111-0191,639,0.13486439174595666,reciprocal_rank_fusion_k=60
169,Q0,WSJ920211-0160,640,0.13479297283803293,reciprocal_rank_fusion_k=60
169,Q0,AP891108-0097,641,0.1345617622187841,reciprocal_rank_fusion_k=60
169,Q0,DOE1-80-1054,642,0.134535460770619,reciprocal_rank_fusion_k=60
169,Q0,FR881201-0008,643,0.13414238234029505,reciprocal_rank_fusion_k=60
169,Q0,FR88218-0132,644,0.1331807372474265,reciprocal_rank_fusion_k=60
169,Q0,WSJ910806-0056,645,0.13284331758027348,reciprocal_rank_fusion_k=60
169,Q0,FR89130-0041,646,0.13268732419440155,reciprocal_rank_fusion_k=60
169,Q0,FR88614-0031,647,0.13221183029977263,reciprocal_rank_fusion_k=60
169,Q0,AP890825-0193,648,0.13166461861139883,reciprocal_rank_fusion_k=60
169,Q0,DOE1-94-0850,649,0.1310794920214252,reciprocal_rank_fusion_k=60
169,Q0,WSJ900629-0085,650,0.13094636848594582,reciprocal_rank_fusion_k=60
169,Q0,DOE2-15-0450,651,0.1308312779034352,reciprocal_rank_fusion_k=60
169,Q0,FR89505-0050,652,0.1306098120959156,reciprocal_rank_fusion_k=60
169,Q0,FR881207-0029,653,0.13014359012738197,reciprocal_rank_fusion_k=60
169,Q0,DOE2-46-0765,654,0.1297440588332231,reciprocal_rank_fusion_k=60
169,Q0,DOE2-32-0639,655,0.12957357514177725,reciprocal_rank_fusion_k=60
169,Q0,FR89721-0060,656,0.1287156865819648,reciprocal_rank_fusion_k=60
169,Q0,WSJ910808-0123,657,0.12867015418104197,reciprocal_rank_fusion_k=60
169,Q0,AP891006-0169,658,0.1283015117165919,reciprocal_rank_fusion_k=60
169,Q0,AP890601-0042,659,0.12828409791913503,reciprocal_rank_fusion_k=60
169,Q0,FR89920-0037,660,0.12812661312412374,reciprocal_rank_fusion_k=60
169,Q0,WSJ900523-0167,661,0.1280610688994041,reciprocal_rank_fusion_k=60
169,Q0,WSJ871125-0159,662,0.12731848224989642,reciprocal_rank_fusion_k=60
169,Q0,DOE2-44-1235,663,0.1272932185819686,reciprocal_rank_fusion_k=60
169,Q0,FR89811-0082,664,0.12712135085601367,reciprocal_rank_fusion_k=60
169,Q0,WSJ890927-0158,665,0.12704709286171456,reciprocal_rank_fusion_k=60
169,Q0,FR88615-0019,666,0.12699139576429247,reciprocal_rank_fusion_k=60
169,Q0,AP890525-0242,667,0.12683152380111606,reciprocal_rank_fusion_k=60
169,Q0,DOE2-30-0725,668,0.12674226641786696,reciprocal_rank_fusion_k=60
169,Q0,WSJ910826-0102,669,0.12666887408544003,reciprocal_rank_fusion_k=60
169,Q0,WSJ861215-0118,670,0.12640010950677713,reciprocal_rank_fusion_k=60
169,Q0,WSJ910802-0063,671,0.12623870312586413,reciprocal_rank_fusion_k=60
169,Q0,DOE1-93-0260,672,0.12618110809684366,reciprocal_rank_fusion_k=60
169,Q0,WSJ910715-0093,673,0.1261298110033098,reciprocal_rank_fusion_k=60
169,Q0,WSJ910208-0146,674,0.12566240182885288,reciprocal_rank_fusion_k=60
169,Q0,AP890219-0002,675,0.1254671739152368,reciprocal_rank_fusion_k=60
169,Q0,DOE1-38-0150,676,0.12516273290812882,reciprocal_rank_fusion_k=60
169,Q0,AP890213-0176,677,0.12475080015452947,reciprocal_rank_fusion_k=60
169,Q0,DOE2-46-0751,678,0.12457936612388446,reciprocal_rank_fusion_k=60
169,Q0,WSJ920319-0088,679,0.12447715755970643,reciprocal_rank_fusion_k=60
169,Q0,WSJ891027-0052,680,0.12437290353940188,reciprocal_rank_fusion_k=60
169,Q0,FR881017-0002,681,0.1243632120533665,reciprocal_rank_fusion_k=60
169,Q0,DOE2-46-0750,682,0.12436101729366857,reciprocal_rank_fusion_k=60
169,Q0,AP890510-0223,683,0.12432301935214546,reciprocal_rank_fusion_k=60
169,Q0,WSJ870313-0048,684,0.1242085907076743,reciprocal_rank_fusion_k=60
169,Q0,DOE1-43-0810,685,0.12404926386122013,reciprocal_rank_fusion_k=60
169,Q0,WSJ870423-0032,686,0.12402396441926768,reciprocal_rank_fusion_k=60
169,Q0,AP881217-0082,687,0.12359697165336594,reciprocal_rank_fusion_k=60
169,Q0,FR88926-0030,688,0.12350956763755883,reciprocal_rank_fusion_k=60
169,Q0,WSJ880705-0118,689,0.12343608152019508,reciprocal_rank_fusion_k=60
169,Q0,FR88201-0022,690,0.12330897969554336,reciprocal_rank_fusion_k=60
169,Q0,FR88516-0128,691,0.12291948006777681,reciprocal_rank_fusion_k=60
169,Q0,DOE1-02-0682,692,0.12287098119383902,reciprocal_rank_fusion_k=60
169,Q0,DOE2-44-0276,693,0.122705840296835,reciprocal_rank_fusion_k=60
169,Q0,FR89127-0020,694,0.1225395979195616,reciprocal_rank_fusion_k=60
169,Q0,AP881222-0232,695,0.1224080854058385,reciprocal_rank_fusion_k=60
169,Q0,DOE2-46-0732,696,0.12220731364539165,reciprocal_rank_fusion_k=60
169,Q0,AP881210-0082,697,0.12208700704928546,reciprocal_rank_fusion_k=60
169,Q0,WSJ881109-0076,698,0.12185905693948827,reciprocal_rank_fusion_k=60
169,Q0,ZF108-294-236,699,0.12182729280047429,reciprocal_rank_fusion_k=60
169,Q0,WSJ910322-0005,700,0.1216726837775288,reciprocal_rank_fusion_k=60
169,Q0,DOE2-46-0748,701,0.12163679816182041,reciprocal_rank_fusion_k=60
169,Q0,WSJ870702-0089,702,0.12141926437242845,reciprocal_rank_fusion_k=60
169,Q0,WSJ870109-0062,703,0.12102305793591607,reciprocal_rank_fusion_k=60
169,Q0,DOE2-46-0720,704,0.12092116247277002,reciprocal_rank_fusion_k=60
169,Q0,FR88831-0102,705,0.12068502334267428,reciprocal_rank_fusion_k=60
169,Q0,ZF109-491-795,706,0.12063503450584215,reciprocal_rank_fusion_k=60
169,Q0,AP880916-0002,707,0.12058353356422259,reciprocal_rank_fusion_k=60
169,Q0,FR89530-0038,708,0.12056861966599049,reciprocal_rank_fusion_k=60
169,Q0,ZF108-102-942,709,0.12048557981237189,reciprocal_rank_fusion_k=60
169,Q0,ZF109-549-631,710,0.12047606886731499,reciprocal_rank_fusion_k=60
169,Q0,FR89726-0001,711,0.12041197225622575,reciprocal_rank_fusion_k=60
169,Q0,DOE2-46-0518,712,0.12004299547974798,reciprocal_rank_fusion_k=60
169,Q0,DOE2-46-0468,713,0.11975806734156044,reciprocal_rank_fusion_k=60
169,Q0,DOE1-22-1379,714,0.11926518916296845,reciprocal_rank_fusion_k=60
169,Q0,DOE2-35-0460,715,0.1192217291548106,reciprocal_rank_fusion_k=60
169,Q0,FR89111-0034,716,0.11920656913536085,reciprocal_rank_fusion_k=60
169,Q0,DOE2-46-0463,717,0.11901241432785015,reciprocal_rank_fusion_k=60
169,Q0,DOE1-21-0767,718,0.1187682264071094,reciprocal_rank_fusion_k=60
169,Q0,WSJ901227-0096,719,0.11853312268049991,reciprocal_rank_fusion_k=60
169,Q0,WSJ880830-0041,720,0.11849288772974975,reciprocal_rank_fusion_k=60
169,Q0,DOE1-65-0290,721,0.11848224292156172,reciprocal_rank_fusion_k=60
169,Q0,WSJ920131-0098,722,0.11834775020513295,reciprocal_rank_fusion_k=60
169,Q0,AP880505-0167,723,0.1182587323980451,reciprocal_rank_fusion_k=60
169,Q0,DOE2-39-0776,724,0.11790175962612345,reciprocal_rank_fusion_k=60
169,Q0,DOE2-46-0261,725,0.1178588450764923,reciprocal_rank_fusion_k=60
169,Q0,DOE2-46-0297,726,0.11779986766575608,reciprocal_rank_fusion_k=60
169,Q0,FR89607-0016,727,0.11771047725947043,reciprocal_rank_fusion_k=60
169,Q0,AP880706-0238,728,0.11762994592838225,reciprocal_rank_fusion_k=60
169,Q0,AP880315-0180,729,0.1174615435973777,reciprocal_rank_fusion_k=60
169,Q0,DOE1-55-1107,730,0.11741183404652691,reciprocal_rank_fusion_k=60
169,Q0,WSJ910906-0143,731,0.11725898152337795,reciprocal_rank_fusion_k=60
169,Q0,DOE1-93-0295,732,0.11725621799382169,reciprocal_rank_fusion_k=60
169,Q0,DOE2-40-0872,733,0.11708344924437258,reciprocal_rank_fusion_k=60
169,Q0,AP890615-0140,734,0.1167101871333065,reciprocal_rank_fusion_k=60
169,Q0,WSJ910430-0101,735,0.11663159299832551,reciprocal_rank_fusion_k=60
169,Q0,AP890522-0267,736,0.11662256757290566,reciprocal_rank_fusion_k=60
169,Q0,FR89626-0137,737,0.11645888110471238,reciprocal_rank_fusion_k=60
169,Q0,WSJ910501-0182,738,0.11642909699227891,reciprocal_rank_fusion_k=60
169,Q0,DOE1-13-0352,739,0.11617739804699537,reciprocal_rank_fusion_k=60
169,Q0,FR89925-0056,740,0.11594953244607971,reciprocal_rank_fusion_k=60
169,Q0,WSJ901226-0083,741,0.11579678420773083,reciprocal_rank_fusion_k=60
169,Q0,AP890518-0299,742,0.11555468162834028,reciprocal_rank_fusion_k=60
169,Q0,FR89426-0018,743,0.115423855843002,reciprocal_rank_fusion_k=60
169,Q0,AP880722-0176,744,0.115303324987326,reciprocal_rank_fusion_k=60
169,Q0,AP890119-0268,745,0.11515945641301206,reciprocal_rank_fusion_k=60
169,Q0,DOE1-77-0514,746,0.11502006149811782,reciprocal_rank_fusion_k=60
169,Q0,FR89509-0100,747,0.1145109458705119,reciprocal_rank_fusion_k=60
169,Q0,AP891012-0202,748,0.114500371951136,reciprocal_rank_fusion_k=60
169,Q0,DOE1-19-1203,749,0.11446583948731241,reciprocal_rank_fusion_k=60
169,Q0,FR88602-0025,750,0.11418486343850935,reciprocal_rank_fusion_k=60
169,Q0,FR891128-0001,751,0.11417189707241732,reciprocal_rank_fusion_k=60
169,Q0,FR89215-0046,752,0.11416326259330165,reciprocal_rank_fusion_k=60
169,Q0,ZF109-641-301,753,0.1139890480407226,reciprocal_rank_fusion_k=60
169,Q0,WSJ910228-0123,754,0.11387428792438942,reciprocal_rank_fusion_k=60
169,Q0,AP890227-0163,755,0.11380018529228855,reciprocal_rank_fusion_k=60
169,Q0,FR89626-0039,756,0.11352001983573723,reciprocal_rank_fusion_k=60
169,Q0,WSJ891003-0119,757,0.11230748649905457,reciprocal_rank_fusion_k=60
169,Q0,WSJ871127-0126,758,0.11216245347237251,reciprocal_rank_fusion_k=60
169,Q0,AP880315-0262,759,0.11213082107843131,reciprocal_rank_fusion_k=60
169,Q0,WSJ910731-0041,760,0.1121289200881143,reciprocal_rank_fusion_k=60
169,Q0,AP890922-0069,761,0.11202192188304198,reciprocal_rank_fusion_k=60
169,Q0,DOE1-67-0450,762,0.11193688607115933,reciprocal_rank_fusion_k=60
169,Q0,WSJ900906-0093,763,0.11170928369718686,reciprocal_rank_fusion_k=60
169,Q0,DOE1-57-0472,764,0.11169279009311563,reciprocal_rank_fusion_k=60
169,Q0,FR88726-0018,765,0.11104345334326751,reciprocal_rank_fusion_k=60
169,Q0,AP890315-0048,766,0.11040675500811285,reciprocal_rank_fusion_k=60
169,Q0,DOE2-40-0871,767,0.11032214749416176,reciprocal_rank_fusion_k=60
169,Q0,AP891115-0030,768,0.11027619265296695,reciprocal_rank_fusion_k=60
169,Q0,WSJ900516-0158,769,0.11018180905028416,reciprocal_rank_fusion_k=60
169,Q0,FR881121-0107,770,0.11009590902483232,reciprocal_rank_fusion_k=60
169,Q0,FR89213-0020,771,0.11008592455547674,reciprocal_rank_fusion_k=60
169,Q0,WSJ881111-0134,772,0.10998046209407025,reciprocal_rank_fusion_k=60
169,Q0,FR89110-0016,773,0.1097430126426055,reciprocal_rank_fusion_k=60
169,Q0,DOE2-49-1084,774,0.10964874535990769,reciprocal_rank_fusion_k=60
169,Q0,DOE2-06-0259,775,0.10956364161621156,reciprocal_rank_fusion_k=60
169,Q0,WSJ890726-0002,776,0.10931976984457137,reciprocal_rank_fusion_k=60
169,Q0,WSJ880915-0146,777,0.10931394302347577,reciprocal_rank_fusion_k=60
169,Q0,WSJ881028-0129,778,0.1088899355247465,reciprocal_rank_fusion_k=60
169,Q0,FR881108-0030,779,0.10886285803975172,reciprocal_rank_fusion_k=60
169,Q0,WSJ910628-0006,780,0.10882748176445207,reciprocal_rank_fusion_k=60
169,Q0,AP881126-0023,781,0.10872222206420751,reciprocal_rank_fusion_k=60
169,Q0,AP890104-0146,782,0.10828292539447543,reciprocal_rank_fusion_k=60
169,Q0,WSJ870310-0157,783,0.10818117260384646,reciprocal_rank_fusion_k=60
169,Q0,WSJ900921-0093,784,0.1080085306850012,reciprocal_rank_fusion_k=60
169,Q0,AP880516-0232,785,0.10800523273321924,reciprocal_rank_fusion_k=60
169,Q0,DOE1-24-0470,786,0.10787535919636031,reciprocal_rank_fusion_k=60
169,Q0,WSJ910805-0086,787,0.10746824161631639,reciprocal_rank_fusion_k=60
169,Q0,FR88818-0055,788,0.10744371193583271,reciprocal_rank_fusion_k=60
169,Q0,ZF108-697-900,789,0.1071680476533763,reciprocal_rank_fusion_k=60
169,Q0,FR88817-0027,790,0.1071390558412622,reciprocal_rank_fusion_k=60
169,Q0,AP890307-0009,791,0.10700823952682635,reciprocal_rank_fusion_k=60
169,Q0,AP890322-0219,792,0.10671365097725774,reciprocal_rank_fusion_k=60
169,Q0,FR89510-0140,793,0.10644039167611077,reciprocal_rank_fusion_k=60
169,Q0,FR89112-0035,794,0.10643876912493411,reciprocal_rank_fusion_k=60
169,Q0,WSJ880927-0123,795,0.10640602640271783,reciprocal_rank_fusion_k=60
169,Q0,DOE1-75-1241,796,0.10627985923722319,reciprocal_rank_fusion_k=60
169,Q0,AP890712-0128,797,0.1061783912154765,reciprocal_rank_fusion_k=60
169,Q0,WSJ920210-0073,798,0.10617691468014032,reciprocal_rank_fusion_k=60
169,Q0,WSJ881013-0109,799,0.10592017648125635,reciprocal_rank_fusion_k=60
169,Q0,FR89720-0030,800,0.1059028093910119,reciprocal_rank_fusion_k=60
169,Q0,AP891115-0215,801,0.10588444487767132,reciprocal_rank_fusion_k=60
169,Q0,WSJ890817-0126,802,0.10538903822302026,reciprocal_rank_fusion_k=60
169,Q0,FR88601-0027,803,0.1051479398061603,reciprocal_rank_fusion_k=60
169,Q0,AP890421-0252,804,0.10499675439265159,reciprocal_rank_fusion_k=60
169,Q0,FR89719-0004,805,0.10478093046329678,reciprocal_rank_fusion_k=60
169,Q0,FR89410-0049,806,0.10476121021180893,reciprocal_rank_fusion_k=60
169,Q0,AP880731-0020,807,0.10471567756106871,reciprocal_rank_fusion_k=60
169,Q0,AP880628-0016,808,0.10469535143208322,reciprocal_rank_fusion_k=60
169,Q0,WSJ900628-0120,809,0.10451962569716786,reciprocal_rank_fusion_k=60
169,Q0,AP880509-0033,810,0.10441919220552764,reciprocal_rank_fusion_k=60
169,Q0,WSJ870313-0092,811,0.10441062571627176,reciprocal_rank_fusion_k=60
169,Q0,AP891110-0257,812,0.10428279803864068,reciprocal_rank_fusion_k=60
169,Q0,FR89606-0002,813,0.104223066630617,reciprocal_rank_fusion_k=60
169,Q0,FR891011-0010,814,0.10402607549128064,reciprocal_rank_fusion_k=60
169,Q0,AP890830-0013,815,0.10373204585109225,reciprocal_rank_fusion_k=60
169,Q0,DOE2-04-0559,816,0.10369469836156267,reciprocal_rank_fusion_k=60
169,Q0,WSJ880819-0053,817,0.10358606587336071,reciprocal_rank_fusion_k=60
169,Q0,WSJ890809-0148,818,0.10354612026449153,reciprocal_rank_fusion_k=60
169,Q0,AP890819-0121,819,0.10354076149498953,reciprocal_rank_fusion_k=60
169,Q0,WSJ911108-0009,820,0.103286281336496,reciprocal_rank_fusion_k=60
169,Q0,FR88511-0168,821,0.103176540203005,reciprocal_rank_fusion_k=60
169,Q0,FR89113-0078,822,0.10307409785904799,reciprocal_rank_fusion_k=60
169,Q0,DOE1-94-0451,823,0.10299757147023827,reciprocal_rank_fusion_k=60
169,Q0,DOE1-43-0798,824,0.10278487440355813,reciprocal_rank_fusion_k=60
169,Q0,WSJ910408-0143,825,0.10262492767225415,reciprocal_rank_fusion_k=60
169,Q0,DOE1-26-0008,826,0.10257438713410201,reciprocal_rank_fusion_k=60
169,Q0,FR89315-0033,827,0.10256810487826722,reciprocal_rank_fusion_k=60
169,Q0,AP881212-0258,828,0.10251721825833696,reciprocal_rank_fusion_k=60
169,Q0,AP880509-0152,829,0.10211371237946,reciprocal_rank_fusion_k=60
169,Q0,AP890823-0205,830,0.1020843314155125,reciprocal_rank_fusion_k=60
169,Q0,WSJ871026-0151,831,0.10194111145226355,reciprocal_rank_fusion_k=60
169,Q0,AP880527-0233,832,0.10190215894657662,reciprocal_rank_fusion_k=60
169,Q0,AP881117-0250,833,0.10186312369353187,reciprocal_rank_fusion_k=60
169,Q0,WSJ920311-0096,834,0.10146475783880693,reciprocal_rank_fusion_k=60
169,Q0,WSJ910524-0008,835,0.10145322473501348,reciprocal_rank_fusion_k=60
169,Q0,FR88802-0028,836,0.10115131929368362,reciprocal_rank_fusion_k=60
169,Q0,AP890126-0115,837,0.10102279531218,reciprocal_rank_fusion_k=60
169,Q0,DOE1-77-0516,838,0.10085997019866483,reciprocal_rank_fusion_k=60
169,Q0,WSJ870119-0101,839,0.10084414706589198,reciprocal_rank_fusion_k=60
169,Q0,WSJ881020-0091,840,0.10082460870281487,reciprocal_rank_fusion_k=60
169,Q0,WSJ880317-0103,841,0.10080010036259263,reciprocal_rank_fusion_k=60
169,Q0,DOE2-77-0057,842,0.10060372947267868,reciprocal_rank_fusion_k=60
169,Q0,AP890327-0101,843,0.10059783657274472,reciprocal_rank_fusion_k=60
169,Q0,ZF108-042-278,844,0.10051123007754767,reciprocal_rank_fusion_k=60
169,Q0,DOE2-39-1108,845,0.10024215907465735,reciprocal_rank_fusion_k=60
169,Q0,FR881129-0039,846,0.10016359244415474,reciprocal_rank_fusion_k=60
169,Q0,WSJ871103-0114,847,0.10013052818753211,reciprocal_rank_fusion_k=60
169,Q0,AP891221-0007,848,0.09988960040790275,reciprocal_rank_fusion_k=60
169,Q0,FR88914-0018,849,0.09979994585195341,reciprocal_rank_fusion_k=60
169,Q0,AP880817-0209,850,0.09936539414959797,reciprocal_rank_fusion_k=60
169,Q0,FR88809-0096,851,0.09917046232240445,reciprocal_rank_fusion_k=60
169,Q0,FR88510-0025,852,0.09877593276086212,reciprocal_rank_fusion_k=60
169,Q0,WSJ911115-0158,853,0.09860766139309952,reciprocal_rank_fusion_k=60
169,Q0,ZF207-321-438,854,0.09846437008068828,reciprocal_rank_fusion_k=60
169,Q0,DOE2-84-0485,855,0.09832876463038831,reciprocal_rank_fusion_k=60
169,Q0,DOE2-84-0723,856,0.0981092817412602,reciprocal_rank_fusion_k=60
169,Q0,FR89919-0014,857,0.09803773154257975,reciprocal_rank_fusion_k=60
169,Q0,WSJ870204-0105,858,0.09801894908013299,reciprocal_rank_fusion_k=60
169,Q0,WSJ900921-0086,859,0.09798021888493993,reciprocal_rank_fusion_k=60
169,Q0,DOE1-94-0283,860,0.09787493546460388,reciprocal_rank_fusion_k=60
169,Q0,AP890927-0085,861,0.09782469076517719,reciprocal_rank_fusion_k=60
169,Q0,DOE1-07-0371,862,0.09782135453198672,reciprocal_rank_fusion_k=60
169,Q0,FR89728-0027,863,0.09781244338088915,reciprocal_rank_fusion_k=60
169,Q0,DOE2-66-1017,864,0.09768390244759546,reciprocal_rank_fusion_k=60
169,Q0,DOE2-82-1303,865,0.09763314271713609,reciprocal_rank_fusion_k=60
169,Q0,FR881021-0026,866,0.0974518196130911,reciprocal_rank_fusion_k=60
169,Q0,DOE1-69-0674,867,0.09734737020882399,reciprocal_rank_fusion_k=60
169,Q0,ZF207-333-996,868,0.09724702667129533,reciprocal_rank_fusion_k=60
169,Q0,DOE2-30-1080,869,0.09718012877926344,reciprocal_rank_fusion_k=60
169,Q0,WSJ910107-0114,870,0.09696320108584053,reciprocal_rank_fusion_k=60
169,Q0,FR891117-0021,871,0.09671438909256867,reciprocal_rank_fusion_k=60
169,Q0,FR891025-0107,872,0.09656198666196941,reciprocal_rank_fusion_k=60
169,Q0,FR881123-0027,873,0.09652195385088908,reciprocal_rank_fusion_k=60
169,Q0,FR88811-0150,874,0.09647436589136112,reciprocal_rank_fusion_k=60
169,Q0,WSJ911115-0196,875,0.09586452939278617,reciprocal_rank_fusion_k=60
169,Q0,WSJ880802-0153,876,0.09586413281622054,reciprocal_rank_fusion_k=60
169,Q0,FR89123-0052,877,0.09571140523376298,reciprocal_rank_fusion_k=60
169,Q0,AP890724-0133,878,0.09559148402149754,reciprocal_rank_fusion_k=60
169,Q0,AP891206-0070,879,0.09556586633944325,reciprocal_rank_fusion_k=60
169,Q0,WSJ870417-0164,880,0.09553304342794107,reciprocal_rank_fusion_k=60
169,Q0,DOE1-26-1029,881,0.09547894318821287,reciprocal_rank_fusion_k=60
169,Q0,AP880530-0068,882,0.09533370983179586,reciprocal_rank_fusion_k=60
169,Q0,FR88830-0023,883,0.09523367845869588,reciprocal_rank_fusion_k=60
169,Q0,DOE2-55-1223,884,0.09521148175903264,reciprocal_rank_fusion_k=60
169,Q0,DOE2-06-1034,885,0.09517008229470343,reciprocal_rank_fusion_k=60
169,Q0,FR881209-0025,886,0.0951616632792687,reciprocal_rank_fusion_k=60
169,Q0,AP881007-0053,887,0.09504372202864955,reciprocal_rank_fusion_k=60
169,Q0,AP880330-0306,888,0.0950354932757123,reciprocal_rank_fusion_k=60
169,Q0,AP880822-0229,889,0.09500180455919462,reciprocal_rank_fusion_k=60
169,Q0,AP891113-0200,890,0.09497753990582916,reciprocal_rank_fusion_k=60
169,Q0,AP880709-0005,891,0.09480176077931526,reciprocal_rank_fusion_k=60
169,Q0,WSJ900503-0026,892,0.09477648081259533,reciprocal_rank_fusion_k=60
169,Q0,WSJ871015-0069,893,0.09476731254139527,reciprocal_rank_fusion_k=60
169,Q0,WSJ910903-0165,894,0.09472591290288002,reciprocal_rank_fusion_k=60
169,Q0,FR891013-0020,895,0.09471012801183021,reciprocal_rank_fusion_k=60
169,Q0,FR88504-0118,896,0.0946649031652167,reciprocal_rank_fusion_k=60
169,Q0,AP881105-0098,897,0.09465545665462573,reciprocal_rank_fusion_k=60
169,Q0,WSJ900607-0109,898,0.09443197426451642,reciprocal_rank_fusion_k=60
169,Q0,AP880901-0006,899,0.09437641105616545,reciprocal_rank_fusion_k=60
169,Q0,FR88719-0045,900,0.0942004221852758,reciprocal_rank_fusion_k=60
169,Q0,FR89607-0073,901,0.09415337586488966,reciprocal_rank_fusion_k=60
169,Q0,FR89719-0014,902,0.09401492486505296,reciprocal_rank_fusion_k=60
169,Q0,WSJ900913-0027,903,0.0939942690912724,reciprocal_rank_fusion_k=60
169,Q0,WSJ880804-0182,904,0.0938136237977859,reciprocal_rank_fusion_k=60
169,Q0,AP880623-0021,905,0.0936763502302531,reciprocal_rank_fusion_k=60
169,Q0,DOE2-61-0783,906,0.09360216827277462,reciprocal_rank_fusion_k=60
169,Q0,FR88829-0023,907,0.09329859079043934,reciprocal_rank_fusion_k=60
169,Q0,DOE2-81-0404,908,0.09329549597339877,reciprocal_rank_fusion_k=60
169,Q0,DOE1-37-0505,909,0.09327346371751706,reciprocal_rank_fusion_k=60
169,Q0,WSJ880311-0156,910,0.09290382850353188,reciprocal_rank_fusion_k=60
169,Q0,WSJ880921-0098,911,0.09286927806127171,reciprocal_rank_fusion_k=60
169,Q0,WSJ880624-0097,912,0.09270717685701668,reciprocal_rank_fusion_k=60
169,Q0,WSJ871023-0094,913,0.09245564400394941,reciprocal_rank_fusion_k=60
169,Q0,FR89801-0016,914,0.09241887901044483,reciprocal_rank_fusion_k=60
169,Q0,FR88115-0023,915,0.09204523455282065,reciprocal_rank_fusion_k=60
169,Q0,FR89714-0028,916,0.09186382436714782,reciprocal_rank_fusion_k=60
169,Q0,DOE2-39-1109,917,0.09186201296438892,reciprocal_rank_fusion_k=60
169,Q0,FR88721-0010,918,0.09184003087623682,reciprocal_rank_fusion_k=60
169,Q0,FR89315-0018,919,0.09169022692183455,reciprocal_rank_fusion_k=60
169,Q0,AP891225-0105,920,0.09137665285946324,reciprocal_rank_fusion_k=60
169,Q0,AP890607-0157,921,0.09129108420290417,reciprocal_rank_fusion_k=60
169,Q0,FR89928-0029,922,0.09125270594328427,reciprocal_rank_fusion_k=60
169,Q0,DOE1-83-1108,923,0.09116727054480288,reciprocal_rank_fusion_k=60
169,Q0,FR881202-0041,924,0.0910370804786499,reciprocal_rank_fusion_k=60
169,Q0,ZF109-600-281,925,0.09101476865575421,reciprocal_rank_fusion_k=60
169,Q0,WSJ881010-0098,926,0.09100608955425497,reciprocal_rank_fusion_k=60
169,Q0,FR881024-0107,927,0.0908311692450694,reciprocal_rank_fusion_k=60
169,Q0,FR881017-0018,928,0.09074637241722076,reciprocal_rank_fusion_k=60
169,Q0,AP890630-0039,929,0.09070331016611274,reciprocal_rank_fusion_k=60
169,Q0,AP880317-0180,930,0.09062447109537462,reciprocal_rank_fusion_k=60
169,Q0,FR88913-0022,931,0.09034126969388731,reciprocal_rank_fusion_k=60
169,Q0,AP880318-0331,932,0.09019072988535581,reciprocal_rank_fusion_k=60
169,Q0,WSJ910611-0029,933,0.09007476244887247,reciprocal_rank_fusion_k=60
169,Q0,ZF207-620-942,934,0.0900744415351117,reciprocal_rank_fusion_k=60
169,Q0,AP880218-0191,935,0.08985856433497333,reciprocal_rank_fusion_k=60
169,Q0,AP880912-0238,936,0.08948016770303366,reciprocal_rank_fusion_k=60
169,Q0,WSJ900418-0117,937,0.08942489928273005,reciprocal_rank_fusion_k=60
169,Q0,FR891129-0004,938,0.08941257051718518,reciprocal_rank_fusion_k=60
169,Q0,AP880402-0125,939,0.089243697034882,reciprocal_rank_fusion_k=60
169,Q0,AP891024-0015,940,0.08917098726593777,reciprocal_rank_fusion_k=60
169,Q0,DOE1-81-1091,941,0.08874452300627157,reciprocal_rank_fusion_k=60
169,Q0,FR88715-0071,942,0.08870073521655106,reciprocal_rank_fusion_k=60
169,Q0,WSJ910816-0005,943,0.08857206764420475,reciprocal_rank_fusion_k=60
169,Q0,WSJ920303-0148,944,0.08802449279768186,reciprocal_rank_fusion_k=60
169,Q0,FR891107-0020,945,0.08799695658609463,reciprocal_rank_fusion_k=60
169,Q0,FR88817-0043,946,0.0878936101133226,reciprocal_rank_fusion_k=60
169,Q0,ZF108-633-790,947,0.08789345449760774,reciprocal_rank_fusion_k=60
169,Q0,AP890801-0022,948,0.08783039188615167,reciprocal_rank_fusion_k=60
169,Q0,AP891211-0008,949,0.08761018675928592,reciprocal_rank_fusion_k=60
169,Q0,FR89615-0002,950,0.08760513421851898,reciprocal_rank_fusion_k=60
169,Q0,AP890427-0088,951,0.08752841728830697,reciprocal_rank_fusion_k=60
169,Q0,DOE1-78-0867,952,0.08752083776345243,reciprocal_rank_fusion_k=60
169,Q0,ZF109-424-823,953,0.08747554101337567,reciprocal_rank_fusion_k=60
169,Q0,FR89818-0013,954,0.08746857290404124,reciprocal_rank_fusion_k=60
169,Q0,ZF108-703-754,955,0.08741348314606735,reciprocal_rank_fusion_k=60
169,Q0,DOE1-32-0921,956,0.08725328011995326,reciprocal_rank_fusion_k=60
169,Q0,AP890222-0158,957,0.08724542721856196,reciprocal_rank_fusion_k=60
169,Q0,AP891207-0184,958,0.08704921740185499,reciprocal_rank_fusion_k=60
169,Q0,WSJ911022-0089,959,0.08704242644789192,reciprocal_rank_fusion_k=60
169,Q0,FR89512-0029,960,0.08703985179680959,reciprocal_rank_fusion_k=60
169,Q0,ZF207-241-592,961,0.08681743490890147,reciprocal_rank_fusion_k=60
169,Q0,FR881207-0031,962,0.08660079728919633,reciprocal_rank_fusion_k=60
169,Q0,DOE1-41-0513,963,0.08658406497308492,reciprocal_rank_fusion_k=60
169,Q0,ZF207-248-409,964,0.08653842850240896,reciprocal_rank_fusion_k=60
169,Q0,DOE1-77-0413,965,0.08647265115877761,reciprocal_rank_fusion_k=60
169,Q0,WSJ870227-0161,966,0.08645716072545336,reciprocal_rank_fusion_k=60
169,Q0,AP890607-0067,967,0.08643227022834746,reciprocal_rank_fusion_k=60
169,Q0,FR88518-0024,968,0.08639834134321149,reciprocal_rank_fusion_k=60
169,Q0,DOE2-62-0805,969,0.08633358881873601,reciprocal_rank_fusion_k=60
169,Q0,WSJ870929-0155,970,0.08614026153839283,reciprocal_rank_fusion_k=60
169,Q0,FR891121-0025,971,0.08611204437891733,reciprocal_rank_fusion_k=60
169,Q0,WSJ920323-0132,972,0.08605093038893796,reciprocal_rank_fusion_k=60
169,Q0,WSJ910711-0120,973,0.08596041516894315,reciprocal_rank_fusion_k=60
169,Q0,DOE1-24-0395,974,0.08594890422455286,reciprocal_rank_fusion_k=60
169,Q0,WSJ900731-0095,975,0.0858963928829073,reciprocal_rank_fusion_k=60
169,Q0,ZF108-276-654,976,0.08581098963974927,reciprocal_rank_fusion_k=60
169,Q0,FR88603-0016,977,0.08580668348910014,reciprocal_rank_fusion_k=60
169,Q0,WSJ900816-0131,978,0.08571804630708905,reciprocal_rank_fusion_k=60
169,Q0,WSJ910422-0084,979,0.08554330082393212,reciprocal_rank_fusion_k=60
169,Q0,FR88101-0027,980,0.08546574194822551,reciprocal_rank_fusion_k=60
169,Q0,FR89313-0018,981,0.08545666510895368,reciprocal_rank_fusion_k=60
169,Q0,FR89821-0024,982,0.0853650068411731,reciprocal_rank_fusion_k=60
169,Q0,FR89509-0015,983,0.08529752190491123,reciprocal_rank_fusion_k=60
169,Q0,FR88609-0017,984,0.08520377438507204,reciprocal_rank_fusion_k=60
169,Q0,ZF207-079-782,985,0.08514150323092481,reciprocal_rank_fusion_k=60
169,Q0,AP880919-0175,986,0.08503542207804202,reciprocal_rank_fusion_k=60
169,Q0,DOE1-93-0466,987,0.08484903374372653,reciprocal_rank_fusion_k=60
169,Q0,FR88825-0020,988,0.08476176586730509,reciprocal_rank_fusion_k=60
169,Q0,DOE2-14-0116,989,0.0847533559324046,reciprocal_rank_fusion_k=60
169,Q0,DOE1-77-0470,990,0.08466724157515981,reciprocal_rank_fusion_k=60
169,Q0,AP890629-0180,991,0.08460990721703358,reciprocal_rank_fusion_k=60
169,Q0,DOE1-55-1064,992,0.0843359058439142,reciprocal_rank_fusion_k=60
169,Q0,WSJ871125-0114,993,0.08429254390327544,reciprocal_rank_fusion_k=60
169,Q0,DOE1-82-1106,994,0.08428820936078528,reciprocal_rank_fusion_k=60
169,Q0,AP880601-0051,995,0.08420018403743508,reciprocal_rank_fusion_k=60
169,Q0,WSJ900530-0133,996,0.08395230784024534,reciprocal_rank_fusion_k=60
169,Q0,AP890109-0072,997,0.08371050927751614,reciprocal_rank_fusion_k=60
169,Q0,DOE1-95-0628,998,0.08354523445395548,reciprocal_rank_fusion_k=60
169,Q0,ZF109-514-535,999,0.08335391723196516,reciprocal_rank_fusion_k=60
169,Q0,WSJ900627-0085,1000,0.08329969166006942,reciprocal_rank_fusion_k=60
171,Q0,WSJ920131-0177,1,2.6173582152126142,reciprocal_rank_fusion_k=60
171,Q0,WSJ910926-0103,2,2.352221030764973,reciprocal_rank_fusion_k=60
171,Q0,WSJ880722-0096,3,2.2418392813385015,reciprocal_rank_fusion_k=60
171,Q0,WSJ870831-0048,4,2.2056797398348063,reciprocal_rank_fusion_k=60
171,Q0,WSJ880229-0090,5,2.0992971023249725,reciprocal_rank_fusion_k=60
171,Q0,WSJ920309-0132,6,2.031297578711109,reciprocal_rank_fusion_k=60
171,Q0,WSJ880212-0140,7,2.0009915086736454,reciprocal_rank_fusion_k=60
171,Q0,WSJ910925-0033,8,1.9732171962877085,reciprocal_rank_fusion_k=60
171,Q0,WSJ911017-0103,9,1.9706205584933156,reciprocal_rank_fusion_k=60
171,Q0,WSJ910312-0114,10,1.9684817115208857,reciprocal_rank_fusion_k=60
171,Q0,WSJ910924-0012,11,1.949377328588016,reciprocal_rank_fusion_k=60
171,Q0,WSJ870323-0002,12,1.9135334009321243,reciprocal_rank_fusion_k=60
171,Q0,WSJ911211-0039,13,1.910877366326504,reciprocal_rank_fusion_k=60
171,Q0,WSJ900427-0177,14,1.897995796824573,reciprocal_rank_fusion_k=60
171,Q0,WSJ910328-0063,15,1.8638135880055482,reciprocal_rank_fusion_k=60
171,Q0,WSJ880331-0151,16,1.8444672881907918,reciprocal_rank_fusion_k=60
171,Q0,WSJ880304-0141,17,1.7716951924496418,reciprocal_rank_fusion_k=60
171,Q0,WSJ910326-0102,18,1.7464463413180995,reciprocal_rank_fusion_k=60
171,Q0,WSJ870309-0081,19,1.660740266717815,reciprocal_rank_fusion_k=60
171,Q0,WSJ910513-0126,20,1.6606706935015776,reciprocal_rank_fusion_k=60
171,Q0,WSJ910312-0065,21,1.6531447856048045,reciprocal_rank_fusion_k=60
171,Q0,WSJ870316-0055,22,1.651039560479557,reciprocal_rank_fusion_k=60
171,Q0,WSJ911209-0099,23,1.6018305197691152,reciprocal_rank_fusion_k=60
171,Q0,WSJ910227-0051,24,1.588850518524128,reciprocal_rank_fusion_k=60
171,Q0,WSJ911205-0033,25,1.505362058192522,reciprocal_rank_fusion_k=60
171,Q0,WSJ900418-0070,26,1.5030100634478711,reciprocal_rank_fusion_k=60
171,Q0,WSJ870202-0069,27,1.4859483090823196,reciprocal_rank_fusion_k=60
171,Q0,WSJ861205-0159,28,1.453300727908634,reciprocal_rank_fusion_k=60
171,Q0,WSJ861229-0009,29,1.4513065659299742,reciprocal_rank_fusion_k=60
171,Q0,WSJ920220-0006,30,1.4300088208102304,reciprocal_rank_fusion_k=60
171,Q0,WSJ910617-0036,31,1.403468526890038,reciprocal_rank_fusion_k=60
171,Q0,WSJ871223-0133,32,1.3747681086857273,reciprocal_rank_fusion_k=60
171,Q0,ZF109-554-237,33,1.3601438779241524,reciprocal_rank_fusion_k=60
171,Q0,WSJ920318-0031,34,1.3478175909628398,reciprocal_rank_fusion_k=60
171,Q0,WSJ911211-0017,35,1.3384081279752231,reciprocal_rank_fusion_k=60
171,Q0,AP890322-0300,36,1.3346464189173537,reciprocal_rank_fusion_k=60
171,Q0,WSJ870227-0018,37,1.3309965769053846,reciprocal_rank_fusion_k=60
171,Q0,WSJ870630-0071,38,1.316843416404529,reciprocal_rank_fusion_k=60
171,Q0,WSJ910625-0052,39,1.3162784871555204,reciprocal_rank_fusion_k=60
171,Q0,WSJ910927-0093,40,1.3078896459676135,reciprocal_rank_fusion_k=60
171,Q0,WSJ920210-0048,41,1.3046343956585529,reciprocal_rank_fusion_k=60
171,Q0,WSJ870803-0074,42,1.277963630549802,reciprocal_rank_fusion_k=60
171,Q0,WSJ870430-0071,43,1.2770548794804781,reciprocal_rank_fusion_k=60
171,Q0,WSJ870302-0055,44,1.2615811440143863,reciprocal_rank_fusion_k=60
171,Q0,WSJ920131-0166,45,1.2605145167644372,reciprocal_rank_fusion_k=60
171,Q0,WSJ880104-0053,46,1.2523154017796219,reciprocal_rank_fusion_k=60
171,Q0,WSJ880826-0088,47,1.2411608276247623,reciprocal_rank_fusion_k=60
171,Q0,WSJ890726-0045,48,1.2198026128597037,reciprocal_rank_fusion_k=60
171,Q0,WSJ910814-0083,49,1.210269491148146,reciprocal_rank_fusion_k=60
171,Q0,WSJ880401-0103,50,1.2091767299838678,reciprocal_rank_fusion_k=60
171,Q0,WSJ911230-0080,51,1.1746733270933314,reciprocal_rank_fusion_k=60
171,Q0,WSJ880311-0078,52,1.153233054909897,reciprocal_rank_fusion_k=60
171,Q0,WSJ920117-0108,53,1.1529269564247255,reciprocal_rank_fusion_k=60
171,Q0,WSJ861201-0104,54,1.1480640549343728,reciprocal_rank_fusion_k=60
171,Q0,AP880831-0230,55,1.1431703390844754,reciprocal_rank_fusion_k=60
171,Q0,WSJ920130-0176,56,1.127283024644177,reciprocal_rank_fusion_k=60
171,Q0,WSJ880301-0037,57,1.1271514116472618,reciprocal_rank_fusion_k=60
171,Q0,WSJ920205-0083,58,1.1240119138367248,reciprocal_rank_fusion_k=60
171,Q0,WSJ871228-0069,59,1.1179683043398843,reciprocal_rank_fusion_k=60
171,Q0,AP880713-0238,60,1.1157826346058128,reciprocal_rank_fusion_k=60
171,Q0,WSJ880331-0148,61,1.1028799262639135,reciprocal_rank_fusion_k=60
171,Q0,WSJ920219-0067,62,1.0977400391370158,reciprocal_rank_fusion_k=60
171,Q0,AP891115-0258,63,1.0952435911072045,reciprocal_rank_fusion_k=60
171,Q0,WSJ870115-0017,64,1.0913530815399115,reciprocal_rank_fusion_k=60
171,Q0,WSJ910813-0121,65,1.0815100155353181,reciprocal_rank_fusion_k=60
171,Q0,ZF107-895-282,66,1.0608857635159827,reciprocal_rank_fusion_k=60
171,Q0,WSJ910725-0101,67,1.0513700713315617,reciprocal_rank_fusion_k=60
171,Q0,WSJ910507-0064,68,1.0320809829519877,reciprocal_rank_fusion_k=60
171,Q0,WSJ880330-0114,69,1.0103774467523305,reciprocal_rank_fusion_k=60
171,Q0,WSJ871002-0088,70,0.9892567004947103,reciprocal_rank_fusion_k=60
171,Q0,WSJ891030-0006,71,0.9840143915805897,reciprocal_rank_fusion_k=60
171,Q0,WSJ870828-0087,72,0.983256520410688,reciprocal_rank_fusion_k=60
171,Q0,WSJ920224-0085,73,0.980959178946473,reciprocal_rank_fusion_k=60
171,Q0,WSJ870612-0095,74,0.9801995191151265,reciprocal_rank_fusion_k=60
171,Q0,WSJ891026-0125,75,0.9745898918867064,reciprocal_rank_fusion_k=60
171,Q0,WSJ890831-0079,76,0.9596787943297496,reciprocal_rank_fusion_k=60
171,Q0,AP890615-0259,77,0.9563859185083007,reciprocal_rank_fusion_k=60
171,Q0,WSJ911008-0076,78,0.9540180802998056,reciprocal_rank_fusion_k=60
171,Q0,WSJ920306-0055,79,0.953895752051551,reciprocal_rank_fusion_k=60
171,Q0,WSJ880707-0192,80,0.9442460643115251,reciprocal_rank_fusion_k=60
171,Q0,WSJ870220-0136,81,0.9442096505536487,reciprocal_rank_fusion_k=60
171,Q0,WSJ920205-0030,82,0.9371106950899367,reciprocal_rank_fusion_k=60
171,Q0,WSJ920205-0024,83,0.9337282034168951,reciprocal_rank_fusion_k=60
171,Q0,WSJ920226-0135,84,0.9333423983939441,reciprocal_rank_fusion_k=60
171,Q0,AP880229-0301,85,0.9273446502769553,reciprocal_rank_fusion_k=60
171,Q0,WSJ870529-0080,86,0.9064863105831867,reciprocal_rank_fusion_k=60
171,Q0,AP880425-0310,87,0.8941241764827617,reciprocal_rank_fusion_k=60
171,Q0,WSJ910103-0018,88,0.8889322672147888,reciprocal_rank_fusion_k=60
171,Q0,WSJ891020-0208,89,0.8733586784282324,reciprocal_rank_fusion_k=60
171,Q0,WSJ910618-0168,90,0.8726830926092772,reciprocal_rank_fusion_k=60
171,Q0,WSJ900522-0003,91,0.8723657017128784,reciprocal_rank_fusion_k=60
171,Q0,WSJ920212-0137,92,0.86942275156561,reciprocal_rank_fusion_k=60
171,Q0,WSJ880930-0154,93,0.866838043114781,reciprocal_rank_fusion_k=60
171,Q0,WSJ871104-0138,94,0.8646371645051133,reciprocal_rank_fusion_k=60
171,Q0,WSJ880916-0165,95,0.8623658050616502,reciprocal_rank_fusion_k=60
171,Q0,WSJ910726-0143,96,0.8530067840300272,reciprocal_rank_fusion_k=60
171,Q0,WSJ870108-0001,97,0.846901321059377,reciprocal_rank_fusion_k=60
171,Q0,WSJ910530-0058,98,0.8383865825708336,reciprocal_rank_fusion_k=60
171,Q0,ZF108-614-400,99,0.837048678764146,reciprocal_rank_fusion_k=60
171,Q0,ZF108-278-792,100,0.8298425374669024,reciprocal_rank_fusion_k=60
171,Q0,WSJ881025-0076,101,0.8235268864673522,reciprocal_rank_fusion_k=60
171,Q0,WSJ871012-0092,102,0.8234583898194987,reciprocal_rank_fusion_k=60
171,Q0,WSJ910222-0128,103,0.8197682704655987,reciprocal_rank_fusion_k=60
171,Q0,WSJ910514-0030,104,0.8160716896618064,reciprocal_rank_fusion_k=60
171,Q0,WSJ881019-0047,105,0.8150940957787884,reciprocal_rank_fusion_k=60
171,Q0,WSJ870128-0122,106,0.8074546233852324,reciprocal_rank_fusion_k=60
171,Q0,WSJ890915-0017,107,0.8073094624020919,reciprocal_rank_fusion_k=60
171,Q0,WSJ880201-0005,108,0.8065117962441346,reciprocal_rank_fusion_k=60
171,Q0,WSJ881108-0114,109,0.8062889237922036,reciprocal_rank_fusion_k=60
171,Q0,WSJ910723-0003,110,0.8040918370708268,reciprocal_rank_fusion_k=60
171,Q0,ZF108-065-424,111,0.8014376310758197,reciprocal_rank_fusion_k=60
171,Q0,WSJ910308-0102,112,0.8005524026961197,reciprocal_rank_fusion_k=60
171,Q0,WSJ880212-0009,113,0.7991716454240582,reciprocal_rank_fusion_k=60
171,Q0,WSJ891017-0121,114,0.7983790114682991,reciprocal_rank_fusion_k=60
171,Q0,WSJ900523-0081,115,0.7796532130278254,reciprocal_rank_fusion_k=60
171,Q0,WSJ910719-0104,116,0.7747201750096799,reciprocal_rank_fusion_k=60
171,Q0,AP891013-0140,117,0.7726156727331371,reciprocal_rank_fusion_k=60
171,Q0,AP890824-0256,118,0.7671443885174702,reciprocal_rank_fusion_k=60
171,Q0,WSJ891027-0006,119,0.7671129734763298,reciprocal_rank_fusion_k=60
171,Q0,AP880928-0266,120,0.7652445914062035,reciprocal_rank_fusion_k=60
171,Q0,WSJ871221-0070,121,0.7513239920621199,reciprocal_rank_fusion_k=60
171,Q0,WSJ910516-0125,122,0.7506755505088943,reciprocal_rank_fusion_k=60
171,Q0,WSJ900816-0096,123,0.7252311686197228,reciprocal_rank_fusion_k=60
171,Q0,WSJ871120-0079,124,0.7237997950720627,reciprocal_rank_fusion_k=60
171,Q0,WSJ900718-0137,125,0.7205512728467534,reciprocal_rank_fusion_k=60
171,Q0,WSJ880404-0081,126,0.7178614962689068,reciprocal_rank_fusion_k=60
171,Q0,WSJ890808-0108,127,0.7133440288084314,reciprocal_rank_fusion_k=60
171,Q0,WSJ871029-0034,128,0.7110205695615025,reciprocal_rank_fusion_k=60
171,Q0,WSJ870612-0002,129,0.7104247141587419,reciprocal_rank_fusion_k=60
171,Q0,WSJ870227-0030,130,0.7100115493431096,reciprocal_rank_fusion_k=60
171,Q0,WSJ891020-0136,131,0.7035056648879876,reciprocal_rank_fusion_k=60
171,Q0,WSJ910807-0073,132,0.7034659124726829,reciprocal_rank_fusion_k=60
171,Q0,WSJ920107-0145,133,0.7021141216865621,reciprocal_rank_fusion_k=60
171,Q0,WSJ880516-0126,134,0.6964765828103631,reciprocal_rank_fusion_k=60
171,Q0,AP880616-0224,135,0.6896651229228429,reciprocal_rank_fusion_k=60
171,Q0,WSJ871127-0130,136,0.6857237537372867,reciprocal_rank_fusion_k=60
171,Q0,WSJ910102-0044,137,0.6750976847472927,reciprocal_rank_fusion_k=60
171,Q0,WSJ920225-0006,138,0.6709091404502396,reciprocal_rank_fusion_k=60
171,Q0,WSJ870925-0023,139,0.6694121479899111,reciprocal_rank_fusion_k=60
171,Q0,WSJ870102-0025,140,0.6685883193417185,reciprocal_rank_fusion_k=60
171,Q0,AP890810-0033,141,0.668352738089651,reciprocal_rank_fusion_k=60
171,Q0,WSJ890925-0110,142,0.6655735795776454,reciprocal_rank_fusion_k=60
171,Q0,WSJ910130-0139,143,0.6626932305068857,reciprocal_rank_fusion_k=60
171,Q0,WSJ870608-0053,144,0.6586639439818786,reciprocal_rank_fusion_k=60
171,Q0,WSJ890808-0099,145,0.650776385739597,reciprocal_rank_fusion_k=60
171,Q0,WSJ900813-0022,146,0.650127840897485,reciprocal_rank_fusion_k=60
171,Q0,WSJ880617-0099,147,0.6487341592966557,reciprocal_rank_fusion_k=60
171,Q0,WSJ910722-0074,148,0.6464111170662006,reciprocal_rank_fusion_k=60
171,Q0,WSJ900925-0028,149,0.6456895285144544,reciprocal_rank_fusion_k=60
171,Q0,AP890908-0207,150,0.6404710655776318,reciprocal_rank_fusion_k=60
171,Q0,WSJ890803-0068,151,0.6403554527341765,reciprocal_rank_fusion_k=60
171,Q0,WSJ881115-0064,152,0.6352500998777797,reciprocal_rank_fusion_k=60
171,Q0,WSJ871022-0013,153,0.6351299073624317,reciprocal_rank_fusion_k=60
171,Q0,WSJ900531-0073,154,0.6345014187176077,reciprocal_rank_fusion_k=60
171,Q0,WSJ920114-0137,155,0.6304117667170239,reciprocal_rank_fusion_k=60
171,Q0,WSJ871231-0046,156,0.6256946023060884,reciprocal_rank_fusion_k=60
171,Q0,WSJ880513-0009,157,0.6207516072498181,reciprocal_rank_fusion_k=60
171,Q0,WSJ871113-0051,158,0.6205022389343345,reciprocal_rank_fusion_k=60
171,Q0,WSJ880830-0043,159,0.6158348546313159,reciprocal_rank_fusion_k=60
171,Q0,WSJ920309-0179,160,0.615641604093346,reciprocal_rank_fusion_k=60
171,Q0,WSJ890831-0092,161,0.611501725392637,reciprocal_rank_fusion_k=60
171,Q0,WSJ900821-0038,162,0.6086856961610748,reciprocal_rank_fusion_k=60
171,Q0,WSJ871123-0097,163,0.6072570327184776,reciprocal_rank_fusion_k=60
171,Q0,ZF207-161-222,164,0.5986296995194746,reciprocal_rank_fusion_k=60
171,Q0,AP881102-0246,165,0.5892663435353024,reciprocal_rank_fusion_k=60
171,Q0,FR891108-0130,166,0.5862092352888643,reciprocal_rank_fusion_k=60
171,Q0,WSJ891030-0094,167,0.5792573134098612,reciprocal_rank_fusion_k=60
171,Q0,WSJ880801-0066,168,0.5773311241306857,reciprocal_rank_fusion_k=60
171,Q0,FR89718-0081,169,0.5758525306639447,reciprocal_rank_fusion_k=60
171,Q0,WSJ870113-0041,170,0.5757040414694605,reciprocal_rank_fusion_k=60
171,Q0,WSJ891002-0022,171,0.5722229270134197,reciprocal_rank_fusion_k=60
171,Q0,ZF109-698-213,172,0.5718351858420546,reciprocal_rank_fusion_k=60
171,Q0,WSJ920218-0141,173,0.570180182433183,reciprocal_rank_fusion_k=60
171,Q0,WSJ910826-0077,174,0.5695196991891412,reciprocal_rank_fusion_k=60
171,Q0,WSJ890908-0078,175,0.5689778894711219,reciprocal_rank_fusion_k=60
171,Q0,WSJ871113-0035,176,0.5648261336272988,reciprocal_rank_fusion_k=60
171,Q0,WSJ920228-0131,177,0.5608906334466625,reciprocal_rank_fusion_k=60
171,Q0,WSJ861201-0027,178,0.5601097944545792,reciprocal_rank_fusion_k=60
171,Q0,WSJ880909-0066,179,0.559511152250254,reciprocal_rank_fusion_k=60
171,Q0,WSJ881006-0045,180,0.5567001519433467,reciprocal_rank_fusion_k=60
171,Q0,WSJ900716-0125,181,0.5545463590233244,reciprocal_rank_fusion_k=60
171,Q0,WSJ900705-0022,182,0.5506346102266868,reciprocal_rank_fusion_k=60
171,Q0,WSJ880108-0018,183,0.5480959223490021,reciprocal_rank_fusion_k=60
171,Q0,WSJ920211-0086,184,0.5446503474254516,reciprocal_rank_fusion_k=60
171,Q0,WSJ871211-0073,185,0.543720386417364,reciprocal_rank_fusion_k=60
171,Q0,WSJ920224-0116,186,0.5433905960085537,reciprocal_rank_fusion_k=60
171,Q0,WSJ871008-0082,187,0.5427262709048482,reciprocal_rank_fusion_k=60
171,Q0,WSJ861201-0016,188,0.5372523583207377,reciprocal_rank_fusion_k=60
171,Q0,AP890621-0249,189,0.5354703410682281,reciprocal_rank_fusion_k=60
171,Q0,WSJ870921-0069,190,0.5351636575883743,reciprocal_rank_fusion_k=60
171,Q0,WSJ900406-0064,191,0.5336797623616886,reciprocal_rank_fusion_k=60
171,Q0,WSJ920102-0056,192,0.532062942980546,reciprocal_rank_fusion_k=60
171,Q0,WSJ910322-0007,193,0.5316719407053395,reciprocal_rank_fusion_k=60
171,Q0,ZF207-931-076,194,0.5315479150073341,reciprocal_rank_fusion_k=60
171,Q0,WSJ870515-0046,195,0.5297066992368555,reciprocal_rank_fusion_k=60
171,Q0,WSJ870416-0073,196,0.529357723038453,reciprocal_rank_fusion_k=60
171,Q0,AP880510-0307,197,0.5287257749723079,reciprocal_rank_fusion_k=60
171,Q0,WSJ880308-0112,198,0.5237792185344528,reciprocal_rank_fusion_k=60
171,Q0,FR88616-0121,199,0.5227431052847352,reciprocal_rank_fusion_k=60
171,Q0,WSJ880527-0157,200,0.5192913916414053,reciprocal_rank_fusion_k=60
171,Q0,WSJ871120-0040,201,0.5186244906417475,reciprocal_rank_fusion_k=60
171,Q0,WSJ920214-0120,202,0.5170495374581511,reciprocal_rank_fusion_k=60
171,Q0,WSJ900703-0083,203,0.5143125089044926,reciprocal_rank_fusion_k=60
171,Q0,WSJ880708-0081,204,0.5133121938531986,reciprocal_rank_fusion_k=60
171,Q0,WSJ861202-0057,205,0.5132999895107287,reciprocal_rank_fusion_k=60
171,Q0,WSJ880111-0010,206,0.5127358500953335,reciprocal_rank_fusion_k=60
171,Q0,WSJ880122-0172,207,0.5093139284224318,reciprocal_rank_fusion_k=60
171,Q0,WSJ870813-0002,208,0.5011936821993666,reciprocal_rank_fusion_k=60
171,Q0,AP891215-0256,209,0.5001383572744275,reciprocal_rank_fusion_k=60
171,Q0,WSJ911029-0001,210,0.4996783402126214,reciprocal_rank_fusion_k=60
171,Q0,WSJ871203-0065,211,0.4976978732845746,reciprocal_rank_fusion_k=60
171,Q0,ZF107-899-276,212,0.4976748561285961,reciprocal_rank_fusion_k=60
171,Q0,WSJ900605-0116,213,0.49483441570845993,reciprocal_rank_fusion_k=60
171,Q0,AP880217-0244,214,0.4928174742500811,reciprocal_rank_fusion_k=60
171,Q0,WSJ880701-0100,215,0.4889710137552678,reciprocal_rank_fusion_k=60
171,Q0,WSJ910308-0190,216,0.4876431435787221,reciprocal_rank_fusion_k=60
171,Q0,AP891222-0234,217,0.48726997698739977,reciprocal_rank_fusion_k=60
171,Q0,AP890405-0269,218,0.4803021006789794,reciprocal_rank_fusion_k=60
171,Q0,WSJ911018-0162,219,0.48024815340836485,reciprocal_rank_fusion_k=60
171,Q0,WSJ910927-0141,220,0.47882459549179407,reciprocal_rank_fusion_k=60
171,Q0,WSJ870930-0079,221,0.47776628242632885,reciprocal_rank_fusion_k=60
171,Q0,AP891020-0257,222,0.4756109252153681,reciprocal_rank_fusion_k=60
171,Q0,WSJ890921-0090,223,0.4749780507592434,reciprocal_rank_fusion_k=60
171,Q0,WSJ871109-0101,224,0.4741021055691264,reciprocal_rank_fusion_k=60
171,Q0,WSJ911023-0111,225,0.47386404208793154,reciprocal_rank_fusion_k=60
171,Q0,WSJ911127-0072,226,0.47206678836152377,reciprocal_rank_fusion_k=60
171,Q0,WSJ871026-0006,227,0.4717466473362094,reciprocal_rank_fusion_k=60
171,Q0,WSJ880919-0099,228,0.4702452712846684,reciprocal_rank_fusion_k=60
171,Q0,WSJ920130-0007,229,0.4701194073965008,reciprocal_rank_fusion_k=60
171,Q0,WSJ871020-0047,230,0.46753679546688875,reciprocal_rank_fusion_k=60
171,Q0,WSJ880509-0007,231,0.46453502307512806,reciprocal_rank_fusion_k=60
171,Q0,WSJ870717-0082,232,0.4637623638552501,reciprocal_rank_fusion_k=60
171,Q0,WSJ881028-0077,233,0.46305445392329514,reciprocal_rank_fusion_k=60
171,Q0,WSJ910402-0065,234,0.46160300512179797,reciprocal_rank_fusion_k=60
171,Q0,WSJ890919-0124,235,0.46002370504131884,reciprocal_rank_fusion_k=60
171,Q0,WSJ910708-0047,236,0.45896684525855835,reciprocal_rank_fusion_k=60
171,Q0,AP890623-0231,237,0.4586561063139745,reciprocal_rank_fusion_k=60
171,Q0,AP890714-0229,238,0.4573543035561427,reciprocal_rank_fusion_k=60
171,Q0,WSJ880408-0095,239,0.4570585966505068,reciprocal_rank_fusion_k=60
171,Q0,WSJ870205-0125,240,0.4557774425800359,reciprocal_rank_fusion_k=60
171,Q0,AP880331-0279,241,0.45571118995505083,reciprocal_rank_fusion_k=60
171,Q0,WSJ870814-0104,242,0.4538079671852893,reciprocal_rank_fusion_k=60
171,Q0,WSJ870529-0077,243,0.4529238903489328,reciprocal_rank_fusion_k=60
171,Q0,WSJ891020-0205,244,0.45155227932531417,reciprocal_rank_fusion_k=60
171,Q0,WSJ870415-0123,245,0.4506327149000199,reciprocal_rank_fusion_k=60
171,Q0,WSJ910604-0175,246,0.4501943893311448,reciprocal_rank_fusion_k=60
171,Q0,AP891016-0268,247,0.44949201217861096,reciprocal_rank_fusion_k=60
171,Q0,WSJ891004-0005,248,0.447462328542774,reciprocal_rank_fusion_k=60
171,Q0,WSJ870422-0074,249,0.44718729970611726,reciprocal_rank_fusion_k=60
171,Q0,WSJ880120-0131,250,0.4465109261186339,reciprocal_rank_fusion_k=60
171,Q0,WSJ911216-0093,251,0.4462768527734805,reciprocal_rank_fusion_k=60
171,Q0,WSJ870911-0103,252,0.44053338936094105,reciprocal_rank_fusion_k=60
171,Q0,WSJ870928-0065,253,0.4398306562259812,reciprocal_rank_fusion_k=60
171,Q0,ZF108-135-264,254,0.43686113864022663,reciprocal_rank_fusion_k=60
171,Q0,WSJ900606-0091,255,0.43572445166943813,reciprocal_rank_fusion_k=60
171,Q0,WSJ870331-0102,256,0.4337982605313718,reciprocal_rank_fusion_k=60
171,Q0,WSJ891005-0127,257,0.43371710522911255,reciprocal_rank_fusion_k=60
171,Q0,WSJ900430-0111,258,0.43370198788989117,reciprocal_rank_fusion_k=60
171,Q0,WSJ920221-0126,259,0.4333170770499383,reciprocal_rank_fusion_k=60
171,Q0,AP890405-0271,260,0.43121308223478677,reciprocal_rank_fusion_k=60
171,Q0,AP880504-0294,261,0.4311506749093575,reciprocal_rank_fusion_k=60
171,Q0,WSJ881019-0031,262,0.42899921089989085,reciprocal_rank_fusion_k=60
171,Q0,WSJ880126-0110,263,0.42731580248942996,reciprocal_rank_fusion_k=60
171,Q0,WSJ910501-0059,264,0.4267748327504448,reciprocal_rank_fusion_k=60
171,Q0,WSJ881007-0087,265,0.42664522860617954,reciprocal_rank_fusion_k=60
171,Q0,WSJ911231-0102,266,0.42500205814599995,reciprocal_rank_fusion_k=60
171,Q0,WSJ910628-0128,267,0.42468049145950243,reciprocal_rank_fusion_k=60
171,Q0,AP891208-0248,268,0.4220933944902362,reciprocal_rank_fusion_k=60
171,Q0,AP880311-0293,269,0.4216017459103296,reciprocal_rank_fusion_k=60
171,Q0,AP890602-0256,270,0.42086372269013456,reciprocal_rank_fusion_k=60
171,Q0,WSJ870918-0173,271,0.42041538303729914,reciprocal_rank_fusion_k=60
171,Q0,WSJ890920-0099,272,0.4203306201779074,reciprocal_rank_fusion_k=60
171,Q0,WSJ870522-0106,273,0.4202541332547615,reciprocal_rank_fusion_k=60
171,Q0,WSJ891031-0090,274,0.416463703121348,reciprocal_rank_fusion_k=60
171,Q0,WSJ871123-0060,275,0.4160935106405503,reciprocal_rank_fusion_k=60
171,Q0,WSJ880121-0055,276,0.4139748709749851,reciprocal_rank_fusion_k=60
171,Q0,WSJ911028-0103,277,0.413510728029988,reciprocal_rank_fusion_k=60
171,Q0,WSJ880104-0057,278,0.41206193391601903,reciprocal_rank_fusion_k=60
171,Q0,WSJ880510-0033,279,0.411002467668474,reciprocal_rank_fusion_k=60
171,Q0,WSJ900518-0120,280,0.41093124045373297,reciprocal_rank_fusion_k=60
171,Q0,WSJ870120-0145,281,0.4091496037792222,reciprocal_rank_fusion_k=60
171,Q0,WSJ910614-0069,282,0.4086932905368472,reciprocal_rank_fusion_k=60
171,Q0,WSJ890915-0034,283,0.4069982116886356,reciprocal_rank_fusion_k=60
171,Q0,WSJ881004-0018,284,0.4064745680250499,reciprocal_rank_fusion_k=60
171,Q0,WSJ900723-0015,285,0.4056059502931815,reciprocal_rank_fusion_k=60
171,Q0,WSJ910308-0180,286,0.40504239202351733,reciprocal_rank_fusion_k=60
171,Q0,WSJ891010-0035,287,0.40403595149945176,reciprocal_rank_fusion_k=60
171,Q0,WSJ920219-0126,288,0.39866126693500054,reciprocal_rank_fusion_k=60
171,Q0,WSJ911216-0142,289,0.3974280093795066,reciprocal_rank_fusion_k=60
171,Q0,WSJ870330-0025,290,0.39695498447481997,reciprocal_rank_fusion_k=60
171,Q0,WSJ881007-0154,291,0.3954379791839878,reciprocal_rank_fusion_k=60
171,Q0,WSJ870713-0072,292,0.39416745540091536,reciprocal_rank_fusion_k=60
171,Q0,WSJ880408-0056,293,0.39373503637835106,reciprocal_rank_fusion_k=60
171,Q0,WSJ871127-0158,294,0.39337062258790234,reciprocal_rank_fusion_k=60
171,Q0,WSJ880226-0118,295,0.3926780648271438,reciprocal_rank_fusion_k=60
171,Q0,WSJ911125-0094,296,0.39265088230498374,reciprocal_rank_fusion_k=60
171,Q0,WSJ881104-0034,297,0.3922487320205377,reciprocal_rank_fusion_k=60
171,Q0,WSJ870803-0104,298,0.39217669606125627,reciprocal_rank_fusion_k=60
171,Q0,FR881109-0014,299,0.3918535882181429,reciprocal_rank_fusion_k=60
171,Q0,AP890707-0204,300,0.3909217507430589,reciprocal_rank_fusion_k=60
171,Q0,WSJ871223-0085,301,0.38984512976177976,reciprocal_rank_fusion_k=60
171,Q0,WSJ870703-0002,302,0.3890781450875939,reciprocal_rank_fusion_k=60
171,Q0,ZF108-755-530,303,0.3873013855510739,reciprocal_rank_fusion_k=60
171,Q0,WSJ900531-0160,304,0.38729427845851383,reciprocal_rank_fusion_k=60
171,Q0,WSJ911209-0085,305,0.3864862321072971,reciprocal_rank_fusion_k=60
171,Q0,WSJ910410-0023,306,0.3846351062724085,reciprocal_rank_fusion_k=60
171,Q0,WSJ900608-0005,307,0.3828803386510696,reciprocal_rank_fusion_k=60
171,Q0,WSJ870429-0037,308,0.38272608751469617,reciprocal_rank_fusion_k=60
171,Q0,WSJ871113-0186,309,0.3801366892843473,reciprocal_rank_fusion_k=60
171,Q0,ZF109-449-785,310,0.3801364821152359,reciprocal_rank_fusion_k=60
171,Q0,WSJ911226-0057,311,0.3799506105520775,reciprocal_rank_fusion_k=60
171,Q0,WSJ870320-0086,312,0.3791116147051612,reciprocal_rank_fusion_k=60
171,Q0,WSJ870107-0003,313,0.37872101229788135,reciprocal_rank_fusion_k=60
171,Q0,WSJ910103-0085,314,0.37790305532077373,reciprocal_rank_fusion_k=60
171,Q0,WSJ871026-0026,315,0.3743096385090432,reciprocal_rank_fusion_k=60
171,Q0,WSJ890914-0083,316,0.37375935298558316,reciprocal_rank_fusion_k=60
171,Q0,WSJ870629-0030,317,0.370629333795281,reciprocal_rank_fusion_k=60
171,Q0,AP891005-0228,318,0.36840446710642305,reciprocal_rank_fusion_k=60
171,Q0,WSJ880429-0118,319,0.3681862963257183,reciprocal_rank_fusion_k=60
171,Q0,WSJ910806-0028,320,0.36711721346944615,reciprocal_rank_fusion_k=60
171,Q0,WSJ881006-0012,321,0.3666548173687434,reciprocal_rank_fusion_k=60
171,Q0,FR88803-0094,322,0.3663476279911223,reciprocal_rank_fusion_k=60
171,Q0,WSJ891023-0105,323,0.36555699979636874,reciprocal_rank_fusion_k=60
171,Q0,AP880810-0272,324,0.363223668984916,reciprocal_rank_fusion_k=60
171,Q0,AP880301-0234,325,0.3628390165510603,reciprocal_rank_fusion_k=60
171,Q0,WSJ890829-0064,326,0.3624506261288641,reciprocal_rank_fusion_k=60
171,Q0,WSJ870612-0174,327,0.36220562613275065,reciprocal_rank_fusion_k=60
171,Q0,WSJ901227-0006,328,0.3616270562996556,reciprocal_rank_fusion_k=60
171,Q0,WSJ910611-0109,329,0.3614308033591127,reciprocal_rank_fusion_k=60
171,Q0,WSJ880322-0086,330,0.35872126525916426,reciprocal_rank_fusion_k=60
171,Q0,WSJ890824-0072,331,0.3587021810652786,reciprocal_rank_fusion_k=60
171,Q0,WSJ890927-0152,332,0.3567724302906308,reciprocal_rank_fusion_k=60
171,Q0,WSJ900518-0138,333,0.3567127477951765,reciprocal_rank_fusion_k=60
171,Q0,WSJ900517-0107,334,0.35524013781604424,reciprocal_rank_fusion_k=60
171,Q0,WSJ910404-0081,335,0.35485520302837453,reciprocal_rank_fusion_k=60
171,Q0,WSJ910228-0007,336,0.3547054346941704,reciprocal_rank_fusion_k=60
171,Q0,WSJ901221-0122,337,0.3544726413505981,reciprocal_rank_fusion_k=60
171,Q0,WSJ910507-0094,338,0.35428524596934236,reciprocal_rank_fusion_k=60
171,Q0,WSJ870821-0025,339,0.35427392580883577,reciprocal_rank_fusion_k=60
171,Q0,WSJ890908-0080,340,0.3532108859113025,reciprocal_rank_fusion_k=60
171,Q0,WSJ880310-0109,341,0.35307886827236323,reciprocal_rank_fusion_k=60
171,Q0,AP891016-0255,342,0.3528749585618271,reciprocal_rank_fusion_k=60
171,Q0,WSJ910625-0051,343,0.35224470686238823,reciprocal_rank_fusion_k=60
171,Q0,WSJ910621-0070,344,0.35223731884831844,reciprocal_rank_fusion_k=60
171,Q0,WSJ920123-0156,345,0.3507512083256929,reciprocal_rank_fusion_k=60
171,Q0,WSJ910724-0112,346,0.3471933509341323,reciprocal_rank_fusion_k=60
171,Q0,WSJ910531-0071,347,0.3458059392226478,reciprocal_rank_fusion_k=60
171,Q0,WSJ890914-0151,348,0.3455959679715823,reciprocal_rank_fusion_k=60
171,Q0,WSJ881116-0138,349,0.34521876616575087,reciprocal_rank_fusion_k=60
171,Q0,WSJ880314-0178,350,0.34435771011229827,reciprocal_rank_fusion_k=60
171,Q0,WSJ881003-0055,351,0.3440134578572108,reciprocal_rank_fusion_k=60
171,Q0,WSJ910308-0075,352,0.34285090539212193,reciprocal_rank_fusion_k=60
171,Q0,WSJ900731-0092,353,0.34261719500901283,reciprocal_rank_fusion_k=60
171,Q0,WSJ890921-0128,354,0.34166184009456263,reciprocal_rank_fusion_k=60
171,Q0,AP890701-0159,355,0.3407941025094551,reciprocal_rank_fusion_k=60
171,Q0,WSJ920312-0099,356,0.3407854791184786,reciprocal_rank_fusion_k=60
171,Q0,WSJ910830-0019,357,0.34028429175067826,reciprocal_rank_fusion_k=60
171,Q0,WSJ880105-0062,358,0.3394026921522666,reciprocal_rank_fusion_k=60
171,Q0,WSJ911119-0084,359,0.3391054629142448,reciprocal_rank_fusion_k=60
171,Q0,WSJ910308-0154,360,0.33896210322012854,reciprocal_rank_fusion_k=60
171,Q0,WSJ871116-0128,361,0.33888492701330497,reciprocal_rank_fusion_k=60
171,Q0,WSJ911216-0007,362,0.33569539058562786,reciprocal_rank_fusion_k=60
171,Q0,FR88502-0016,363,0.3355598071799086,reciprocal_rank_fusion_k=60
171,Q0,WSJ910828-0037,364,0.3352093098248153,reciprocal_rank_fusion_k=60
171,Q0,WSJ871005-0034,365,0.3348813075393994,reciprocal_rank_fusion_k=60
171,Q0,AP880330-0255,366,0.33457273296350204,reciprocal_rank_fusion_k=60
171,Q0,WSJ870824-0058,367,0.33396449005198897,reciprocal_rank_fusion_k=60
171,Q0,WSJ900706-0052,368,0.333816318801489,reciprocal_rank_fusion_k=60
171,Q0,WSJ901231-0051,369,0.3329188722644943,reciprocal_rank_fusion_k=60
171,Q0,WSJ890830-0004,370,0.3327176640685515,reciprocal_rank_fusion_k=60
171,Q0,WSJ900808-0045,371,0.3325308222666757,reciprocal_rank_fusion_k=60
171,Q0,WSJ890828-0054,372,0.33227724566164957,reciprocal_rank_fusion_k=60
171,Q0,WSJ870916-0116,373,0.33224172560032084,reciprocal_rank_fusion_k=60
171,Q0,WSJ880129-0002,374,0.3318989893845072,reciprocal_rank_fusion_k=60
171,Q0,FR89811-0021,375,0.33145066041584953,reciprocal_rank_fusion_k=60
171,Q0,AP890126-0095,376,0.3304857443236513,reciprocal_rank_fusion_k=60
171,Q0,WSJ910822-0029,377,0.3274589034539964,reciprocal_rank_fusion_k=60
171,Q0,WSJ880111-0001,378,0.3271467655467433,reciprocal_rank_fusion_k=60
171,Q0,WSJ891003-0132,379,0.3266659336328054,reciprocal_rank_fusion_k=60
171,Q0,WSJ910401-0069,380,0.3249608015409856,reciprocal_rank_fusion_k=60
171,Q0,ZF109-446-827,381,0.324375100381489,reciprocal_rank_fusion_k=60
171,Q0,WSJ891002-0118,382,0.3240631366773481,reciprocal_rank_fusion_k=60
171,Q0,WSJ910620-0109,383,0.3236110614110856,reciprocal_rank_fusion_k=60
171,Q0,WSJ911010-0080,384,0.32259949707961266,reciprocal_rank_fusion_k=60
171,Q0,AP881118-0183,385,0.3225612058046673,reciprocal_rank_fusion_k=60
171,Q0,AP890913-0273,386,0.3224586462852731,reciprocal_rank_fusion_k=60
171,Q0,WSJ900913-0126,387,0.3203936005649205,reciprocal_rank_fusion_k=60
171,Q0,AP891030-0277,388,0.3200582105236508,reciprocal_rank_fusion_k=60
171,Q0,WSJ871202-0079,389,0.31913981976569994,reciprocal_rank_fusion_k=60
171,Q0,WSJ871109-0155,390,0.31778785351721045,reciprocal_rank_fusion_k=60
171,Q0,WSJ871030-0109,391,0.3159462770224663,reciprocal_rank_fusion_k=60
171,Q0,WSJ910830-0059,392,0.31587034859291185,reciprocal_rank_fusion_k=60
171,Q0,FR881026-0087,393,0.31560618652570727,reciprocal_rank_fusion_k=60
171,Q0,WSJ910521-0064,394,0.3150549547041162,reciprocal_rank_fusion_k=60
171,Q0,WSJ911023-0097,395,0.3146867190381893,reciprocal_rank_fusion_k=60
171,Q0,WSJ871118-0098,396,0.31462800704890814,reciprocal_rank_fusion_k=60
171,Q0,WSJ880824-0052,397,0.3143842149776607,reciprocal_rank_fusion_k=60
171,Q0,WSJ910423-0140,398,0.31360589490924595,reciprocal_rank_fusion_k=60
171,Q0,WSJ910927-0147,399,0.31308855269146657,reciprocal_rank_fusion_k=60
171,Q0,WSJ880118-0097,400,0.31240986174023017,reciprocal_rank_fusion_k=60
171,Q0,WSJ920211-0007,401,0.31138672128085315,reciprocal_rank_fusion_k=60
171,Q0,WSJ880229-0054,402,0.31097958677928295,reciprocal_rank_fusion_k=60
171,Q0,AP880610-0317,403,0.3106482646574344,reciprocal_rank_fusion_k=60
171,Q0,WSJ910405-0142,404,0.31056877620013185,reciprocal_rank_fusion_k=60
171,Q0,WSJ910917-0119,405,0.3099558417626086,reciprocal_rank_fusion_k=60
171,Q0,WSJ881116-0007,406,0.3095078020693786,reciprocal_rank_fusion_k=60
171,Q0,AP891018-0236,407,0.3086862327165172,reciprocal_rank_fusion_k=60
171,Q0,WSJ911031-0086,408,0.3073049311630639,reciprocal_rank_fusion_k=60
171,Q0,WSJ880208-0077,409,0.3063025402233893,reciprocal_rank_fusion_k=60
171,Q0,WSJ890728-0107,410,0.30608600704991873,reciprocal_rank_fusion_k=60
171,Q0,WSJ870119-0068,411,0.30538025580578615,reciprocal_rank_fusion_k=60
171,Q0,WSJ920106-0158,412,0.30380939384003375,reciprocal_rank_fusion_k=60
171,Q0,WSJ871218-0095,413,0.30376643092785716,reciprocal_rank_fusion_k=60
171,Q0,WSJ871125-0009,414,0.3030926792254484,reciprocal_rank_fusion_k=60
171,Q0,WSJ881109-0142,415,0.3024521326473839,reciprocal_rank_fusion_k=60
171,Q0,FR88909-0107,416,0.30164759702044625,reciprocal_rank_fusion_k=60
171,Q0,WSJ870831-0147,417,0.30084461279446795,reciprocal_rank_fusion_k=60
171,Q0,WSJ900402-0170,418,0.2997732232002182,reciprocal_rank_fusion_k=60
171,Q0,WSJ871027-0065,419,0.2995864759843901,reciprocal_rank_fusion_k=60
171,Q0,WSJ910814-0124,420,0.29943943581686155,reciprocal_rank_fusion_k=60
171,Q0,WSJ870703-0013,421,0.2992003184692311,reciprocal_rank_fusion_k=60
171,Q0,WSJ910703-0181,422,0.2988050488721241,reciprocal_rank_fusion_k=60
171,Q0,WSJ911025-0045,423,0.29867793970612355,reciprocal_rank_fusion_k=60
171,Q0,WSJ910815-0109,424,0.2978766216103857,reciprocal_rank_fusion_k=60
171,Q0,WSJ880909-0064,425,0.29511499089280446,reciprocal_rank_fusion_k=60
171,Q0,WSJ871020-0002,426,0.2939185491481566,reciprocal_rank_fusion_k=60
171,Q0,WSJ880701-0092,427,0.29341523212091364,reciprocal_rank_fusion_k=60
171,Q0,WSJ920108-0045,428,0.2934135695908993,reciprocal_rank_fusion_k=60
171,Q0,WSJ900517-0095,429,0.2927665253970091,reciprocal_rank_fusion_k=60
171,Q0,WSJ880729-0039,430,0.2919474744881495,reciprocal_rank_fusion_k=60
171,Q0,WSJ881007-0085,431,0.29182197350492295,reciprocal_rank_fusion_k=60
171,Q0,WSJ900430-0087,432,0.2907206792056261,reciprocal_rank_fusion_k=60
171,Q0,WSJ870202-0051,433,0.28946537551084284,reciprocal_rank_fusion_k=60
171,Q0,WSJ880428-0133,434,0.28904880025116864,reciprocal_rank_fusion_k=60
171,Q0,WSJ910315-0067,435,0.2878883292934252,reciprocal_rank_fusion_k=60
171,Q0,WSJ880321-0058,436,0.2861236732985136,reciprocal_rank_fusion_k=60
171,Q0,WSJ910416-0060,437,0.28541116013412593,reciprocal_rank_fusion_k=60
171,Q0,WSJ900530-0005,438,0.284894009664483,reciprocal_rank_fusion_k=60
171,Q0,WSJ870102-0036,439,0.2848592521265434,reciprocal_rank_fusion_k=60
171,Q0,WSJ880606-0048,440,0.28473723337772827,reciprocal_rank_fusion_k=60
171,Q0,WSJ910514-0067,441,0.284638994925304,reciprocal_rank_fusion_k=60
171,Q0,WSJ880628-0034,442,0.28370827677270505,reciprocal_rank_fusion_k=60
171,Q0,WSJ880714-0003,443,0.2836889963265268,reciprocal_rank_fusion_k=60
171,Q0,WSJ870518-0053,444,0.28357484716390463,reciprocal_rank_fusion_k=60
171,Q0,WSJ881003-0188,445,0.28310984146829465,reciprocal_rank_fusion_k=60
171,Q0,WSJ910118-0007,446,0.28251407292414477,reciprocal_rank_fusion_k=60
171,Q0,WSJ900706-0034,447,0.28250566843305397,reciprocal_rank_fusion_k=60
171,Q0,WSJ900511-0088,448,0.28219463493350155,reciprocal_rank_fusion_k=60
171,Q0,WSJ870814-0059,449,0.2807515270319012,reciprocal_rank_fusion_k=60
171,Q0,WSJ880909-0051,450,0.2801559479989106,reciprocal_rank_fusion_k=60
171,Q0,WSJ880510-0100,451,0.2786486186678978,reciprocal_rank_fusion_k=60
171,Q0,WSJ881024-0120,452,0.278333043614165,reciprocal_rank_fusion_k=60
171,Q0,WSJ910529-0083,453,0.27798325912042593,reciprocal_rank_fusion_k=60
171,Q0,WSJ861215-0044,454,0.2778882646923323,reciprocal_rank_fusion_k=60
171,Q0,WSJ871021-0072,455,0.27683530981813687,reciprocal_rank_fusion_k=60
171,Q0,WSJ900410-0009,456,0.27642214297530826,reciprocal_rank_fusion_k=60
171,Q0,WSJ900716-0023,457,0.27632252539708685,reciprocal_rank_fusion_k=60
171,Q0,WSJ911022-0186,458,0.2762147807288823,reciprocal_rank_fusion_k=60
171,Q0,WSJ871214-0070,459,0.27590284812944776,reciprocal_rank_fusion_k=60
171,Q0,AP891122-0225,460,0.27573459638130055,reciprocal_rank_fusion_k=60
171,Q0,ZF109-584-991,461,0.274916713339082,reciprocal_rank_fusion_k=60
171,Q0,WSJ880414-0003,462,0.2740970659994108,reciprocal_rank_fusion_k=60
171,Q0,FR89331-0141,463,0.27319849746661423,reciprocal_rank_fusion_k=60
171,Q0,WSJ870810-0100,464,0.27289877906701765,reciprocal_rank_fusion_k=60
171,Q0,WSJ910913-0031,465,0.2728670340091984,reciprocal_rank_fusion_k=60
171,Q0,WSJ890929-0017,466,0.27202134582373005,reciprocal_rank_fusion_k=60
171,Q0,WSJ910424-0008,467,0.2720107581680934,reciprocal_rank_fusion_k=60
171,Q0,WSJ891020-0211,468,0.27088097526399846,reciprocal_rank_fusion_k=60
171,Q0,WSJ890727-0079,469,0.27078450144050914,reciprocal_rank_fusion_k=60
171,Q0,WSJ910926-0068,470,0.27036071405938816,reciprocal_rank_fusion_k=60
171,Q0,WSJ910722-0086,471,0.27010403148675544,reciprocal_rank_fusion_k=60
171,Q0,WSJ871002-0094,472,0.2694779139605207,reciprocal_rank_fusion_k=60
171,Q0,WSJ871113-0071,473,0.2686312372327688,reciprocal_rank_fusion_k=60
171,Q0,AP891005-0229,474,0.26825279736260893,reciprocal_rank_fusion_k=60
171,Q0,WSJ871029-0064,475,0.26813656235880545,reciprocal_rank_fusion_k=60
171,Q0,WSJ880323-0128,476,0.26793379851334365,reciprocal_rank_fusion_k=60
171,Q0,WSJ870327-0103,477,0.26775140155820054,reciprocal_rank_fusion_k=60
171,Q0,WSJ900510-0010,478,0.26757342115288063,reciprocal_rank_fusion_k=60
171,Q0,WSJ920117-0116,479,0.26714634353991346,reciprocal_rank_fusion_k=60
171,Q0,WSJ880418-0135,480,0.2665561807744036,reciprocal_rank_fusion_k=60
171,Q0,WSJ911022-0118,481,0.2661362964366318,reciprocal_rank_fusion_k=60
171,Q0,WSJ880115-0045,482,0.26557446149018216,reciprocal_rank_fusion_k=60
171,Q0,WSJ891101-0162,483,0.2652100254955584,reciprocal_rank_fusion_k=60
171,Q0,FR89810-0001,484,0.26496401461102087,reciprocal_rank_fusion_k=60
171,Q0,WSJ890830-0079,485,0.26489410978630806,reciprocal_rank_fusion_k=60
171,Q0,WSJ870526-0015,486,0.2645922318927545,reciprocal_rank_fusion_k=60
171,Q0,WSJ900620-0155,487,0.26439259720153413,reciprocal_rank_fusion_k=60
171,Q0,WSJ891026-0075,488,0.26436170663499636,reciprocal_rank_fusion_k=60
171,Q0,WSJ910626-0056,489,0.26322767873018954,reciprocal_rank_fusion_k=60
171,Q0,WSJ881018-0207,490,0.26252712004576867,reciprocal_rank_fusion_k=60
171,Q0,WSJ881025-0062,491,0.26246102071490657,reciprocal_rank_fusion_k=60
171,Q0,WSJ870420-0009,492,0.2617025485183592,reciprocal_rank_fusion_k=60
171,Q0,WSJ870421-0093,493,0.26126023217054056,reciprocal_rank_fusion_k=60
171,Q0,WSJ870417-0104,494,0.2597837583121692,reciprocal_rank_fusion_k=60
171,Q0,WSJ910315-0094,495,0.25942910843343114,reciprocal_rank_fusion_k=60
171,Q0,WSJ870424-0108,496,0.2586832517205019,reciprocal_rank_fusion_k=60
171,Q0,WSJ870930-0060,497,0.25822936122765694,reciprocal_rank_fusion_k=60
171,Q0,WSJ910606-0005,498,0.2581537457017161,reciprocal_rank_fusion_k=60
171,Q0,WSJ861201-0113,499,0.25786054713645534,reciprocal_rank_fusion_k=60
171,Q0,WSJ881010-0111,500,0.2565239217755181,reciprocal_rank_fusion_k=60
171,Q0,WSJ910918-0085,501,0.2564468077127339,reciprocal_rank_fusion_k=60
171,Q0,WSJ861208-0041,502,0.25619136389293967,reciprocal_rank_fusion_k=60
171,Q0,WSJ890818-0086,503,0.255991355059696,reciprocal_rank_fusion_k=60
171,Q0,WSJ900706-0017,504,0.2557349305289571,reciprocal_rank_fusion_k=60
171,Q0,WSJ881004-0105,505,0.2556809597067809,reciprocal_rank_fusion_k=60
171,Q0,WSJ881013-0114,506,0.2552848509842137,reciprocal_rank_fusion_k=60
171,Q0,WSJ920313-0095,507,0.2547675313534744,reciprocal_rank_fusion_k=60
171,Q0,WSJ900530-0073,508,0.25474125869199454,reciprocal_rank_fusion_k=60
171,Q0,WSJ890818-0150,509,0.2533914056207827,reciprocal_rank_fusion_k=60
171,Q0,WSJ871231-0008,510,0.2525557639241349,reciprocal_rank_fusion_k=60
171,Q0,WSJ910731-0136,511,0.2508253330846744,reciprocal_rank_fusion_k=60
171,Q0,AP881011-0224,512,0.250236870287873,reciprocal_rank_fusion_k=60
171,Q0,WSJ891102-0164,513,0.2501873945205684,reciprocal_rank_fusion_k=60
171,Q0,ZF109-445-093,514,0.24999201172521837,reciprocal_rank_fusion_k=60
171,Q0,WSJ920203-0088,515,0.2494114759436716,reciprocal_rank_fusion_k=60
171,Q0,WSJ871105-0037,516,0.24808065888928055,reciprocal_rank_fusion_k=60
171,Q0,WSJ920311-0044,517,0.24795039685612985,reciprocal_rank_fusion_k=60
171,Q0,ZF207-084-922,518,0.2474505550048126,reciprocal_rank_fusion_k=60
171,Q0,WSJ881003-0008,519,0.24709865577441012,reciprocal_rank_fusion_k=60
171,Q0,AP891004-0249,520,0.2464014842016646,reciprocal_rank_fusion_k=60
171,Q0,WSJ891009-0004,521,0.24554215131256754,reciprocal_rank_fusion_k=60
171,Q0,AP880706-0266,522,0.24395215691791458,reciprocal_rank_fusion_k=60
171,Q0,WSJ911003-0045,523,0.24367726857177402,reciprocal_rank_fusion_k=60
171,Q0,AP890323-0278,524,0.2427571582136267,reciprocal_rank_fusion_k=60
171,Q0,FR89301-0112,525,0.24237845564268906,reciprocal_rank_fusion_k=60
171,Q0,WSJ920320-0148,526,0.24184943150287602,reciprocal_rank_fusion_k=60
171,Q0,WSJ870217-0047,527,0.24129038790175714,reciprocal_rank_fusion_k=60
171,Q0,WSJ891017-0149,528,0.24121626936510834,reciprocal_rank_fusion_k=60
171,Q0,WSJ891102-0159,529,0.24117686086186602,reciprocal_rank_fusion_k=60
171,Q0,WSJ890929-0011,530,0.2406649744343497,reciprocal_rank_fusion_k=60
171,Q0,WSJ880526-0119,531,0.24063761065829786,reciprocal_rank_fusion_k=60
171,Q0,AP880316-0274,532,0.23949676885852691,reciprocal_rank_fusion_k=60
171,Q0,WSJ880901-0013,533,0.23939857299546746,reciprocal_rank_fusion_k=60
171,Q0,WSJ911003-0136,534,0.23887730933104298,reciprocal_rank_fusion_k=60
171,Q0,FR89404-0093,535,0.23830974653793488,reciprocal_rank_fusion_k=60
171,Q0,WSJ911206-0087,536,0.23759448603464653,reciprocal_rank_fusion_k=60
171,Q0,WSJ920207-0060,537,0.23748370852863837,reciprocal_rank_fusion_k=60
171,Q0,WSJ880822-0084,538,0.23642697225677767,reciprocal_rank_fusion_k=60
171,Q0,WSJ861231-0102,539,0.23596854616740154,reciprocal_rank_fusion_k=60
171,Q0,WSJ910108-0114,540,0.23586534804834233,reciprocal_rank_fusion_k=60
171,Q0,WSJ911213-0098,541,0.23504371645807873,reciprocal_rank_fusion_k=60
171,Q0,FR89214-0096,542,0.23401273482375354,reciprocal_rank_fusion_k=60
171,Q0,WSJ880923-0051,543,0.2337876851680105,reciprocal_rank_fusion_k=60
171,Q0,WSJ890804-0124,544,0.23336156695297536,reciprocal_rank_fusion_k=60
171,Q0,WSJ911016-0003,545,0.23325255592326816,reciprocal_rank_fusion_k=60
171,Q0,WSJ900629-0069,546,0.23228846660080207,reciprocal_rank_fusion_k=60
171,Q0,AP881123-0208,547,0.23224274731386102,reciprocal_rank_fusion_k=60
171,Q0,AP890714-0257,548,0.23213956394195467,reciprocal_rank_fusion_k=60
171,Q0,AP890707-0205,549,0.23063790882763277,reciprocal_rank_fusion_k=60
171,Q0,WSJ910404-0078,550,0.2300970839011997,reciprocal_rank_fusion_k=60
171,Q0,WSJ910731-0138,551,0.22981280742299348,reciprocal_rank_fusion_k=60
171,Q0,WSJ870422-0001,552,0.22921298822957809,reciprocal_rank_fusion_k=60
171,Q0,FR89515-0004,553,0.22909530098062222,reciprocal_rank_fusion_k=60
171,Q0,WSJ870209-0091,554,0.22882093130468295,reciprocal_rank_fusion_k=60
171,Q0,WSJ870807-0099,555,0.22874758091244154,reciprocal_rank_fusion_k=60
171,Q0,WSJ870914-0089,556,0.22873019745490347,reciprocal_rank_fusion_k=60
171,Q0,WSJ911031-0106,557,0.22776373121746976,reciprocal_rank_fusion_k=60
171,Q0,WSJ891005-0106,558,0.22733572292638546,reciprocal_rank_fusion_k=60
171,Q0,WSJ870331-0089,559,0.22705229571391625,reciprocal_rank_fusion_k=60
171,Q0,WSJ911108-0212,560,0.2259496378172572,reciprocal_rank_fusion_k=60
171,Q0,WSJ900928-0015,561,0.22550390515988666,reciprocal_rank_fusion_k=60
171,Q0,AP891018-0235,562,0.2243441322451696,reciprocal_rank_fusion_k=60
171,Q0,WSJ880418-0149,563,0.22424411590342572,reciprocal_rank_fusion_k=60
171,Q0,WSJ880912-0029,564,0.22423189616106975,reciprocal_rank_fusion_k=60
171,Q0,WSJ870918-0126,565,0.22375272187830533,reciprocal_rank_fusion_k=60
171,Q0,WSJ891013-0082,566,0.22334745105626644,reciprocal_rank_fusion_k=60
171,Q0,WSJ870615-0025,567,0.2228005072604901,reciprocal_rank_fusion_k=60
171,Q0,WSJ880708-0058,568,0.22204516034492272,reciprocal_rank_fusion_k=60
171,Q0,WSJ920221-0195,569,0.2215870464453874,reciprocal_rank_fusion_k=60
171,Q0,WSJ910308-0040,570,0.2213500298574859,reciprocal_rank_fusion_k=60
171,Q0,WSJ891020-0141,571,0.2211594729916748,reciprocal_rank_fusion_k=60
171,Q0,WSJ910306-0054,572,0.2207180678657192,reciprocal_rank_fusion_k=60
171,Q0,WSJ880108-0079,573,0.22006562666587526,reciprocal_rank_fusion_k=60
171,Q0,WSJ871023-0002,574,0.21948265102575087,reciprocal_rank_fusion_k=60
171,Q0,AP881101-0228,575,0.2191940703743522,reciprocal_rank_fusion_k=60
171,Q0,ZF206-967-830,576,0.2182189376314394,reciprocal_rank_fusion_k=60
171,Q0,WSJ871102-0091,577,0.21803791268904474,reciprocal_rank_fusion_k=60
171,Q0,FR891002-0122,578,0.2173692681533639,reciprocal_rank_fusion_k=60
171,Q0,WSJ900404-0066,579,0.21694143532403265,reciprocal_rank_fusion_k=60
171,Q0,AP891231-0048,580,0.21675834294106539,reciprocal_rank_fusion_k=60
171,Q0,WSJ870413-0023,581,0.2165255503089132,reciprocal_rank_fusion_k=60
171,Q0,AP880928-0276,582,0.21627582181162275,reciprocal_rank_fusion_k=60
171,Q0,AP880413-0250,583,0.2162389292124464,reciprocal_rank_fusion_k=60
171,Q0,WSJ891013-0111,584,0.21609821210018076,reciprocal_rank_fusion_k=60
171,Q0,DOE2-29-0191,585,0.2157238106907088,reciprocal_rank_fusion_k=60
171,Q0,WSJ900518-0152,586,0.2156168300119001,reciprocal_rank_fusion_k=60
171,Q0,ZF108-565-290,587,0.2154531903330482,reciprocal_rank_fusion_k=60
171,Q0,WSJ880222-0027,588,0.21530848507704145,reciprocal_rank_fusion_k=60
171,Q0,WSJ880725-0034,589,0.21523030426307077,reciprocal_rank_fusion_k=60
171,Q0,AP891206-0167,590,0.21518487849624107,reciprocal_rank_fusion_k=60
171,Q0,WSJ900515-0072,591,0.21505237253337295,reciprocal_rank_fusion_k=60
171,Q0,WSJ910425-0171,592,0.2135823555074288,reciprocal_rank_fusion_k=60
171,Q0,WSJ870904-0125,593,0.2125192222432309,reciprocal_rank_fusion_k=60
171,Q0,WSJ871204-0119,594,0.21147581913301047,reciprocal_rank_fusion_k=60
171,Q0,WSJ880531-0135,595,0.21100775054422788,reciprocal_rank_fusion_k=60
171,Q0,AP890501-0268,596,0.2110015573593612,reciprocal_rank_fusion_k=60
171,Q0,WSJ920316-0136,597,0.2107362686213054,reciprocal_rank_fusion_k=60
171,Q0,WSJ911129-0036,598,0.210624232669826,reciprocal_rank_fusion_k=60
171,Q0,WSJ920102-0098,599,0.210480820028454,reciprocal_rank_fusion_k=60
171,Q0,AP890511-0240,600,0.2098939186566308,reciprocal_rank_fusion_k=60
171,Q0,WSJ910130-0081,601,0.2089702369866672,reciprocal_rank_fusion_k=60
171,Q0,WSJ870227-0009,602,0.20882238012927754,reciprocal_rank_fusion_k=60
171,Q0,WSJ880219-0075,603,0.20864601001079072,reciprocal_rank_fusion_k=60
171,Q0,WSJ920305-0135,604,0.20850750381635044,reciprocal_rank_fusion_k=60
171,Q0,WSJ881108-0138,605,0.20817107260180426,reciprocal_rank_fusion_k=60
171,Q0,AP890419-0215,606,0.20783545810012027,reciprocal_rank_fusion_k=60
171,Q0,AP890916-0083,607,0.20763776890107724,reciprocal_rank_fusion_k=60
171,Q0,WSJ900402-0063,608,0.2076144427374934,reciprocal_rank_fusion_k=60
171,Q0,WSJ880921-0002,609,0.20759130797315437,reciprocal_rank_fusion_k=60
171,Q0,FR89814-0106,610,0.20722307425733605,reciprocal_rank_fusion_k=60
171,Q0,FR89221-0108,611,0.20677623656566432,reciprocal_rank_fusion_k=60
171,Q0,WSJ920127-0011,612,0.20565841166725204,reciprocal_rank_fusion_k=60
171,Q0,WSJ910131-0136,613,0.20557265659670879,reciprocal_rank_fusion_k=60
171,Q0,WSJ870707-0120,614,0.20479180041979891,reciprocal_rank_fusion_k=60
171,Q0,WSJ911007-0128,615,0.20473420749301344,reciprocal_rank_fusion_k=60
171,Q0,AP880224-0035,616,0.20453561308207643,reciprocal_rank_fusion_k=60
171,Q0,WSJ920102-0084,617,0.20393507965120408,reciprocal_rank_fusion_k=60
171,Q0,WSJ910426-0098,618,0.20303886107543315,reciprocal_rank_fusion_k=60
171,Q0,WSJ870526-0091,619,0.20288926818455366,reciprocal_rank_fusion_k=60
171,Q0,WSJ871113-0128,620,0.20250471391761235,reciprocal_rank_fusion_k=60
171,Q0,WSJ880923-0164,621,0.2023930387024966,reciprocal_rank_fusion_k=60
171,Q0,WSJ911105-0102,622,0.20238330203505067,reciprocal_rank_fusion_k=60
171,Q0,WSJ871231-0087,623,0.20227287441017058,reciprocal_rank_fusion_k=60
171,Q0,WSJ920131-0168,624,0.20222044586057608,reciprocal_rank_fusion_k=60
171,Q0,WSJ870515-0119,625,0.20204948058965352,reciprocal_rank_fusion_k=60
171,Q0,WSJ910404-0143,626,0.2019144350396259,reciprocal_rank_fusion_k=60
171,Q0,WSJ880825-0052,627,0.20182413967741863,reciprocal_rank_fusion_k=60
171,Q0,WSJ910730-0033,628,0.20122079063919132,reciprocal_rank_fusion_k=60
171,Q0,WSJ910429-0014,629,0.20108838046015276,reciprocal_rank_fusion_k=60
171,Q0,AP890106-0240,630,0.20041197553501758,reciprocal_rank_fusion_k=60
171,Q0,WSJ900712-0087,631,0.1996042967298901,reciprocal_rank_fusion_k=60
171,Q0,WSJ910411-0100,632,0.19927638554232732,reciprocal_rank_fusion_k=60
171,Q0,WSJ910502-0162,633,0.19900781702089845,reciprocal_rank_fusion_k=60
171,Q0,WSJ870715-0073,634,0.1986384791281729,reciprocal_rank_fusion_k=60
171,Q0,WSJ870427-0005,635,0.19829239965148165,reciprocal_rank_fusion_k=60
171,Q0,WSJ891027-0127,636,0.19788245689298464,reciprocal_rank_fusion_k=60
171,Q0,WSJ900409-0164,637,0.1977312647608463,reciprocal_rank_fusion_k=60
171,Q0,WSJ910114-0029,638,0.19739973826841634,reciprocal_rank_fusion_k=60
171,Q0,WSJ910703-0034,639,0.1973901921712926,reciprocal_rank_fusion_k=60
171,Q0,WSJ920304-0067,640,0.19683067809273158,reciprocal_rank_fusion_k=60
171,Q0,WSJ870501-0124,641,0.19674523242967298,reciprocal_rank_fusion_k=60
171,Q0,ZF109-554-241,642,0.19628589979911998,reciprocal_rank_fusion_k=60
171,Q0,WSJ881115-0067,643,0.19603277558022478,reciprocal_rank_fusion_k=60
171,Q0,WSJ871005-0041,644,0.19566500737734296,reciprocal_rank_fusion_k=60
171,Q0,WSJ880415-0008,645,0.19517165311184925,reciprocal_rank_fusion_k=60
171,Q0,WSJ910320-0078,646,0.19499826274198184,reciprocal_rank_fusion_k=60
171,Q0,AP880420-0261,647,0.19392950250595883,reciprocal_rank_fusion_k=60
171,Q0,WSJ910304-0060,648,0.19381043155966352,reciprocal_rank_fusion_k=60
171,Q0,WSJ920122-0185,649,0.1934284631265968,reciprocal_rank_fusion_k=60
171,Q0,WSJ881005-0149,650,0.19328475995697925,reciprocal_rank_fusion_k=60
171,Q0,WSJ880125-0151,651,0.19283190498476946,reciprocal_rank_fusion_k=60
171,Q0,WSJ910408-0071,652,0.19272001533572974,reciprocal_rank_fusion_k=60
171,Q0,WSJ870511-0077,653,0.19265010545009686,reciprocal_rank_fusion_k=60
171,Q0,WSJ900405-0165,654,0.19214434797155672,reciprocal_rank_fusion_k=60
171,Q0,WSJ881102-0117,655,0.19197566878911532,reciprocal_rank_fusion_k=60
171,Q0,AP890209-0248,656,0.19133641894038433,reciprocal_rank_fusion_k=60
171,Q0,WSJ861215-0088,657,0.19124119911691803,reciprocal_rank_fusion_k=60
171,Q0,WSJ890921-0074,658,0.19070901347237115,reciprocal_rank_fusion_k=60
171,Q0,WSJ870820-0087,659,0.1902095210408339,reciprocal_rank_fusion_k=60
171,Q0,WSJ900628-0049,660,0.1895019182190427,reciprocal_rank_fusion_k=60
171,Q0,AP890906-0232,661,0.18950089489830244,reciprocal_rank_fusion_k=60
171,Q0,AP891103-0250,662,0.18876693939652575,reciprocal_rank_fusion_k=60
171,Q0,WSJ920211-0166,663,0.18816886303376418,reciprocal_rank_fusion_k=60
171,Q0,WSJ900820-0110,664,0.1875431159328734,reciprocal_rank_fusion_k=60
171,Q0,WSJ870720-0053,665,0.1874604899673855,reciprocal_rank_fusion_k=60
171,Q0,WSJ910726-0119,666,0.18670756984772552,reciprocal_rank_fusion_k=60
171,Q0,WSJ910920-0004,667,0.18662203783961953,reciprocal_rank_fusion_k=60
171,Q0,WSJ870227-0013,668,0.18656668561806616,reciprocal_rank_fusion_k=60
171,Q0,WSJ870112-0076,669,0.1862334702466058,reciprocal_rank_fusion_k=60
171,Q0,WSJ861204-0018,670,0.1858182991102012,reciprocal_rank_fusion_k=60
171,Q0,WSJ881010-0086,671,0.1850809825829332,reciprocal_rank_fusion_k=60
171,Q0,WSJ881012-0151,672,0.18498136426436732,reciprocal_rank_fusion_k=60
171,Q0,WSJ880420-0119,673,0.1847785342779127,reciprocal_rank_fusion_k=60
171,Q0,WSJ910426-0017,674,0.18467029198521773,reciprocal_rank_fusion_k=60
171,Q0,WSJ880426-0081,675,0.184577695687879,reciprocal_rank_fusion_k=60
171,Q0,WSJ870406-0059,676,0.18456007845451694,reciprocal_rank_fusion_k=60
171,Q0,WSJ910424-0049,677,0.18436432420635285,reciprocal_rank_fusion_k=60
171,Q0,WSJ890816-0120,678,0.18345393086303186,reciprocal_rank_fusion_k=60
171,Q0,AP890104-0211,679,0.1824767619930021,reciprocal_rank_fusion_k=60
171,Q0,AP890324-0229,680,0.18214141876471915,reciprocal_rank_fusion_k=60
171,Q0,WSJ920106-0012,681,0.18095327402313233,reciprocal_rank_fusion_k=60
171,Q0,WSJ871019-0072,682,0.1809353721832089,reciprocal_rank_fusion_k=60
171,Q0,WSJ870924-0038,683,0.18066975297063007,reciprocal_rank_fusion_k=60
171,Q0,WSJ910506-0135,684,0.18052533016129657,reciprocal_rank_fusion_k=60
171,Q0,WSJ910207-0062,685,0.18043649178200374,reciprocal_rank_fusion_k=60
171,Q0,WSJ880815-0029,686,0.18040253298439235,reciprocal_rank_fusion_k=60
171,Q0,WSJ891020-0016,687,0.18033711391307758,reciprocal_rank_fusion_k=60
171,Q0,WSJ910329-0097,688,0.18027031595332121,reciprocal_rank_fusion_k=60
171,Q0,ZF109-517-801,689,0.1799838998023355,reciprocal_rank_fusion_k=60
171,Q0,WSJ900710-0084,690,0.17993434995286892,reciprocal_rank_fusion_k=60
171,Q0,WSJ910423-0041,691,0.17971213511878403,reciprocal_rank_fusion_k=60
171,Q0,AP880526-0259,692,0.17936366208824378,reciprocal_rank_fusion_k=60
171,Q0,AP890927-0221,693,0.17912434449419112,reciprocal_rank_fusion_k=60
171,Q0,WSJ910801-0070,694,0.17907962402383368,reciprocal_rank_fusion_k=60
171,Q0,WSJ910726-0047,695,0.17904754021993236,reciprocal_rank_fusion_k=60
171,Q0,WSJ891017-0175,696,0.17898179475347703,reciprocal_rank_fusion_k=60
171,Q0,WSJ920108-0049,697,0.17877219116193366,reciprocal_rank_fusion_k=60
171,Q0,WSJ880411-0075,698,0.17822670728752793,reciprocal_rank_fusion_k=60
171,Q0,WSJ910207-0115,699,0.17795817315630938,reciprocal_rank_fusion_k=60
171,Q0,WSJ870320-0193,700,0.17695997316493892,reciprocal_rank_fusion_k=60
171,Q0,WSJ891005-0041,701,0.17661563502210192,reciprocal_rank_fusion_k=60
171,Q0,WSJ870605-0097,702,0.176447308249499,reciprocal_rank_fusion_k=60
171,Q0,WSJ870928-0142,703,0.1760159825308839,reciprocal_rank_fusion_k=60
171,Q0,WSJ911220-0041,704,0.17549849090284844,reciprocal_rank_fusion_k=60
171,Q0,WSJ900723-0084,705,0.17483085996651207,reciprocal_rank_fusion_k=60
171,Q0,WSJ880506-0113,706,0.1737962573763851,reciprocal_rank_fusion_k=60
171,Q0,AP880331-0026,707,0.17379148725617177,reciprocal_rank_fusion_k=60
171,Q0,WSJ900927-0108,708,0.17378242347904888,reciprocal_rank_fusion_k=60
171,Q0,WSJ870102-0033,709,0.17361929222968236,reciprocal_rank_fusion_k=60
171,Q0,AP880229-0020,710,0.17319117306159756,reciprocal_rank_fusion_k=60
171,Q0,WSJ880113-0105,711,0.17295862420712707,reciprocal_rank_fusion_k=60
171,Q0,WSJ880502-0067,712,0.1727363258301748,reciprocal_rank_fusion_k=60
171,Q0,AP891103-0273,713,0.17268162851742438,reciprocal_rank_fusion_k=60
171,Q0,WSJ880325-0131,714,0.17234224802073608,reciprocal_rank_fusion_k=60
171,Q0,WSJ870417-0098,715,0.17218588925820902,reciprocal_rank_fusion_k=60
171,Q0,WSJ910325-0153,716,0.17170014710478984,reciprocal_rank_fusion_k=60
171,Q0,WSJ920219-0048,717,0.17149813222331844,reciprocal_rank_fusion_k=60
171,Q0,WSJ870415-0066,718,0.171453149659961,reciprocal_rank_fusion_k=60
171,Q0,WSJ910226-0146,719,0.1713973096180759,reciprocal_rank_fusion_k=60
171,Q0,WSJ880426-0068,720,0.1713746708862112,reciprocal_rank_fusion_k=60
171,Q0,WSJ911029-0149,721,0.17053722203191388,reciprocal_rank_fusion_k=60
171,Q0,WSJ920117-0005,722,0.17014072098902167,reciprocal_rank_fusion_k=60
171,Q0,AP890413-0268,723,0.17010405604551768,reciprocal_rank_fusion_k=60
171,Q0,FR89217-0007,724,0.1700116394093281,reciprocal_rank_fusion_k=60
171,Q0,WSJ920107-0045,725,0.16933347677859845,reciprocal_rank_fusion_k=60
171,Q0,WSJ870223-0011,726,0.169285005178995,reciprocal_rank_fusion_k=60
171,Q0,WSJ891013-0007,727,0.16911275827349276,reciprocal_rank_fusion_k=60
171,Q0,AP890330-0230,728,0.1690587900772887,reciprocal_rank_fusion_k=60
171,Q0,AP880502-0084,729,0.16903887791425953,reciprocal_rank_fusion_k=60
171,Q0,WSJ880711-0085,730,0.16845038827913875,reciprocal_rank_fusion_k=60
171,Q0,WSJ880323-0062,731,0.168270329031245,reciprocal_rank_fusion_k=60
171,Q0,FR89329-0117,732,0.16779445502404344,reciprocal_rank_fusion_k=60
171,Q0,WSJ900420-0111,733,0.16774728724567822,reciprocal_rank_fusion_k=60
171,Q0,WSJ920219-0087,734,0.16771965934938246,reciprocal_rank_fusion_k=60
171,Q0,WSJ910618-0153,735,0.16756708204246493,reciprocal_rank_fusion_k=60
171,Q0,WSJ891009-0036,736,0.1667327974275999,reciprocal_rank_fusion_k=60
171,Q0,WSJ911121-0040,737,0.1664925688148661,reciprocal_rank_fusion_k=60
171,Q0,ZF108-437-500,738,0.16637767133867062,reciprocal_rank_fusion_k=60
171,Q0,AP890109-0295,739,0.16629145014996896,reciprocal_rank_fusion_k=60
171,Q0,WSJ910117-0074,740,0.1660508113755542,reciprocal_rank_fusion_k=60
171,Q0,WSJ910315-0088,741,0.16601141056981444,reciprocal_rank_fusion_k=60
171,Q0,WSJ861201-0015,742,0.16586217699696695,reciprocal_rank_fusion_k=60
171,Q0,WSJ890802-0068,743,0.16566802201497308,reciprocal_rank_fusion_k=60
171,Q0,WSJ911003-0065,744,0.16537468440240838,reciprocal_rank_fusion_k=60
171,Q0,WSJ900613-0155,745,0.1646227225892205,reciprocal_rank_fusion_k=60
171,Q0,WSJ910204-0117,746,0.16363930773295748,reciprocal_rank_fusion_k=60
171,Q0,WSJ880512-0103,747,0.16305972914079828,reciprocal_rank_fusion_k=60
171,Q0,FR88216-0009,748,0.16271334792270445,reciprocal_rank_fusion_k=60
171,Q0,WSJ910515-0094,749,0.16147530610289423,reciprocal_rank_fusion_k=60
171,Q0,WSJ900423-0061,750,0.16118202932015588,reciprocal_rank_fusion_k=60
171,Q0,WSJ910711-0117,751,0.1609219932781047,reciprocal_rank_fusion_k=60
171,Q0,WSJ880902-0054,752,0.1608508308852536,reciprocal_rank_fusion_k=60
171,Q0,WSJ920313-0126,753,0.16078607856572147,reciprocal_rank_fusion_k=60
171,Q0,WSJ910419-0072,754,0.16074889578709506,reciprocal_rank_fusion_k=60
171,Q0,WSJ920131-0128,755,0.1606480276092653,reciprocal_rank_fusion_k=60
171,Q0,WSJ910613-0050,756,0.1598598714233457,reciprocal_rank_fusion_k=60
171,Q0,FR88211-0009,757,0.15974979774620135,reciprocal_rank_fusion_k=60
171,Q0,WSJ880411-0002,758,0.15943989026950298,reciprocal_rank_fusion_k=60
171,Q0,WSJ871030-0102,759,0.15837850700634704,reciprocal_rank_fusion_k=60
171,Q0,WSJ911202-0103,760,0.1583173869983717,reciprocal_rank_fusion_k=60
171,Q0,AP890913-0045,761,0.15805721506457326,reciprocal_rank_fusion_k=60
171,Q0,WSJ900417-0056,762,0.1577539746183011,reciprocal_rank_fusion_k=60
171,Q0,DOE2-29-0710,763,0.1569175401912405,reciprocal_rank_fusion_k=60
171,Q0,WSJ911216-0022,764,0.15659277590943357,reciprocal_rank_fusion_k=60
171,Q0,WSJ890921-0026,765,0.15651905532288102,reciprocal_rank_fusion_k=60
171,Q0,WSJ880913-0072,766,0.1559837243424597,reciprocal_rank_fusion_k=60
171,Q0,WSJ910802-0133,767,0.1558217831351043,reciprocal_rank_fusion_k=60
171,Q0,WSJ880222-0135,768,0.15554327370501936,reciprocal_rank_fusion_k=60
171,Q0,WSJ871211-0164,769,0.1550894072605048,reciprocal_rank_fusion_k=60
171,Q0,FR89227-0078,770,0.15478601971643297,reciprocal_rank_fusion_k=60
171,Q0,AP890712-0194,771,0.15434704959792228,reciprocal_rank_fusion_k=60
171,Q0,WSJ900516-0092,772,0.15427059073458088,reciprocal_rank_fusion_k=60
171,Q0,WSJ881101-0103,773,0.15411548894478697,reciprocal_rank_fusion_k=60
171,Q0,FR891013-0143,774,0.15410375141819518,reciprocal_rank_fusion_k=60
171,Q0,AP891005-0100,775,0.1540591377960682,reciprocal_rank_fusion_k=60
171,Q0,AP880325-0272,776,0.15351839014693627,reciprocal_rank_fusion_k=60
171,Q0,WSJ910215-0061,777,0.153374651010596,reciprocal_rank_fusion_k=60
171,Q0,WSJ910422-0055,778,0.15336948916792514,reciprocal_rank_fusion_k=60
171,Q0,WSJ891102-0070,779,0.15321981919183295,reciprocal_rank_fusion_k=60
171,Q0,WSJ920106-0047,780,0.15297105385005774,reciprocal_rank_fusion_k=60
171,Q0,FR88127-0108,781,0.15211137377173126,reciprocal_rank_fusion_k=60
171,Q0,WSJ911009-0083,782,0.15185192044166812,reciprocal_rank_fusion_k=60
171,Q0,FR89131-0018,783,0.151805594418119,reciprocal_rank_fusion_k=60
171,Q0,WSJ870520-0131,784,0.15169410644998724,reciprocal_rank_fusion_k=60
171,Q0,WSJ910710-0018,785,0.15152259973790053,reciprocal_rank_fusion_k=60
171,Q0,WSJ871023-0108,786,0.15151250783857814,reciprocal_rank_fusion_k=60
171,Q0,WSJ920320-0114,787,0.1513008625130396,reciprocal_rank_fusion_k=60
171,Q0,FR88211-0122,788,0.15121984403517044,reciprocal_rank_fusion_k=60
171,Q0,WSJ871106-0069,789,0.1510583216967992,reciprocal_rank_fusion_k=60
171,Q0,FR89227-0079,790,0.15097795242039375,reciprocal_rank_fusion_k=60
171,Q0,WSJ880429-0003,791,0.15084665382248102,reciprocal_rank_fusion_k=60
171,Q0,WSJ891018-0172,792,0.1508023599532965,reciprocal_rank_fusion_k=60
171,Q0,WSJ910430-0117,793,0.15069155672902249,reciprocal_rank_fusion_k=60
171,Q0,WSJ910430-0104,794,0.15022656856606326,reciprocal_rank_fusion_k=60
171,Q0,WSJ871230-0088,795,0.14978357820412702,reciprocal_rank_fusion_k=60
171,Q0,WSJ910228-0094,796,0.14961945442850477,reciprocal_rank_fusion_k=60
171,Q0,WSJ910107-0128,797,0.14947981040723302,reciprocal_rank_fusion_k=60
171,Q0,WSJ900517-0108,798,0.1489359048644674,reciprocal_rank_fusion_k=60
171,Q0,WSJ910311-0001,799,0.14890611955341168,reciprocal_rank_fusion_k=60
171,Q0,WSJ870716-0012,800,0.14860748750039532,reciprocal_rank_fusion_k=60
171,Q0,WSJ871110-0162,801,0.14858899178922153,reciprocal_rank_fusion_k=60
171,Q0,FR88816-0094,802,0.1485068333493877,reciprocal_rank_fusion_k=60
171,Q0,WSJ910705-0056,803,0.1480780714585715,reciprocal_rank_fusion_k=60
171,Q0,FR89706-0119,804,0.14768370713606646,reciprocal_rank_fusion_k=60
171,Q0,WSJ910805-0121,805,0.14767842731009295,reciprocal_rank_fusion_k=60
171,Q0,WSJ880627-0145,806,0.14756758615864038,reciprocal_rank_fusion_k=60
171,Q0,WSJ910226-0092,807,0.14726091527257024,reciprocal_rank_fusion_k=60
171,Q0,WSJ870504-0116,808,0.1471119753655801,reciprocal_rank_fusion_k=60
171,Q0,AP880802-0272,809,0.14651211171311865,reciprocal_rank_fusion_k=60
171,Q0,FR89227-0080,810,0.1461144374645734,reciprocal_rank_fusion_k=60
171,Q0,WSJ911121-0166,811,0.1460930912590806,reciprocal_rank_fusion_k=60
171,Q0,WSJ870702-0108,812,0.1450611115717818,reciprocal_rank_fusion_k=60
171,Q0,WSJ910712-0152,813,0.14497819903852605,reciprocal_rank_fusion_k=60
171,Q0,WSJ900504-0040,814,0.14497577216799523,reciprocal_rank_fusion_k=60
171,Q0,WSJ881116-0109,815,0.1448432870924315,reciprocal_rank_fusion_k=60
171,Q0,WSJ910123-0007,816,0.1447954433298244,reciprocal_rank_fusion_k=60
171,Q0,WSJ871113-0132,817,0.14473560065348387,reciprocal_rank_fusion_k=60
171,Q0,WSJ891002-0093,818,0.1445775872397593,reciprocal_rank_fusion_k=60
171,Q0,AP890427-0284,819,0.14442803910092172,reciprocal_rank_fusion_k=60
171,Q0,WSJ900716-0083,820,0.1438238219456527,reciprocal_rank_fusion_k=60
171,Q0,AP881221-0203,821,0.14357586836746575,reciprocal_rank_fusion_k=60
171,Q0,WSJ900919-0057,822,0.14320808054693812,reciprocal_rank_fusion_k=60
171,Q0,WSJ880219-0138,823,0.1430248260274338,reciprocal_rank_fusion_k=60
171,Q0,WSJ910716-0099,824,0.14289094654399212,reciprocal_rank_fusion_k=60
171,Q0,WSJ870810-0044,825,0.1428267243647188,reciprocal_rank_fusion_k=60
171,Q0,AP880710-0016,826,0.14280791817526953,reciprocal_rank_fusion_k=60
171,Q0,WSJ900622-0060,827,0.14271807787806573,reciprocal_rank_fusion_k=60
171,Q0,WSJ880111-0124,828,0.14248446422888147,reciprocal_rank_fusion_k=60
171,Q0,FR89626-0122,829,0.14205031199293433,reciprocal_rank_fusion_k=60
171,Q0,WSJ871021-0064,830,0.14163876146003085,reciprocal_rank_fusion_k=60
171,Q0,WSJ861203-0182,831,0.14155440931313873,reciprocal_rank_fusion_k=60
171,Q0,WSJ900822-0011,832,0.14129359550037707,reciprocal_rank_fusion_k=60
171,Q0,WSJ910605-0045,833,0.14122147286192935,reciprocal_rank_fusion_k=60
171,Q0,WSJ870706-0046,834,0.1411305143217517,reciprocal_rank_fusion_k=60
171,Q0,WSJ880819-0081,835,0.14080893248897447,reciprocal_rank_fusion_k=60
171,Q0,FR89108-0081,836,0.14076542695089664,reciprocal_rank_fusion_k=60
171,Q0,AP890705-0176,837,0.14063053010935214,reciprocal_rank_fusion_k=60
171,Q0,AP890308-0223,838,0.13985979901455642,reciprocal_rank_fusion_k=60
171,Q0,WSJ870617-0069,839,0.13978916674689573,reciprocal_rank_fusion_k=60
171,Q0,WSJ890811-0090,840,0.13965406870757752,reciprocal_rank_fusion_k=60
171,Q0,WSJ890905-0058,841,0.13950861538816653,reciprocal_rank_fusion_k=60
171,Q0,WSJ910923-0024,842,0.13937348507259947,reciprocal_rank_fusion_k=60
171,Q0,AP891201-0138,843,0.1392832516210757,reciprocal_rank_fusion_k=60
171,Q0,WSJ910418-0103,844,0.1392502412641554,reciprocal_rank_fusion_k=60
171,Q0,WSJ911021-0056,845,0.13913561706813424,reciprocal_rank_fusion_k=60
171,Q0,WSJ911008-0160,846,0.1390456167980673,reciprocal_rank_fusion_k=60
171,Q0,WSJ911203-0037,847,0.13867818632394585,reciprocal_rank_fusion_k=60
171,Q0,WSJ881028-0165,848,0.13814114527241744,reciprocal_rank_fusion_k=60
171,Q0,WSJ880518-0048,849,0.13784332747979308,reciprocal_rank_fusion_k=60
171,Q0,WSJ890921-0016,850,0.1376478697171085,reciprocal_rank_fusion_k=60
171,Q0,FR891019-0096,851,0.13752321345112273,reciprocal_rank_fusion_k=60
171,Q0,WSJ880224-0094,852,0.13741696123212704,reciprocal_rank_fusion_k=60
171,Q0,WSJ870409-0170,853,0.1373983363375583,reciprocal_rank_fusion_k=60
171,Q0,WSJ910812-0060,854,0.13708541658982895,reciprocal_rank_fusion_k=60
171,Q0,WSJ870126-0101,855,0.1369751923647345,reciprocal_rank_fusion_k=60
171,Q0,WSJ910111-0028,856,0.13615364762117202,reciprocal_rank_fusion_k=60
171,Q0,WSJ880108-0075,857,0.13608465240466974,reciprocal_rank_fusion_k=60
171,Q0,WSJ890918-0054,858,0.13604136644784806,reciprocal_rank_fusion_k=60
171,Q0,WSJ861222-0193,859,0.1359297146512206,reciprocal_rank_fusion_k=60
171,Q0,WSJ911002-0084,860,0.1355059956894889,reciprocal_rank_fusion_k=60
171,Q0,WSJ910628-0145,861,0.13548397866336231,reciprocal_rank_fusion_k=60
171,Q0,AP891101-0237,862,0.13521154969828686,reciprocal_rank_fusion_k=60
171,Q0,WSJ880412-0006,863,0.13496076355309117,reciprocal_rank_fusion_k=60
171,Q0,WSJ910823-0165,864,0.13492829331712636,reciprocal_rank_fusion_k=60
171,Q0,AP890320-0024,865,0.13445894201893874,reciprocal_rank_fusion_k=60
171,Q0,WSJ920306-0059,866,0.13444383856513156,reciprocal_rank_fusion_k=60
171,Q0,WSJ880205-0043,867,0.13413156245967556,reciprocal_rank_fusion_k=60
171,Q0,WSJ880210-0003,868,0.13391885841583634,reciprocal_rank_fusion_k=60
171,Q0,WSJ880719-0055,869,0.13326461552201985,reciprocal_rank_fusion_k=60
171,Q0,WSJ920108-0002,870,0.13324586174123618,reciprocal_rank_fusion_k=60
171,Q0,ZF207-321-789,871,0.13301330318282054,reciprocal_rank_fusion_k=60
171,Q0,DOE2-29-0189,872,0.1326914994009512,reciprocal_rank_fusion_k=60
171,Q0,WSJ880104-0040,873,0.1325680811505639,reciprocal_rank_fusion_k=60
171,Q0,WSJ910130-0079,874,0.1325209627234936,reciprocal_rank_fusion_k=60
171,Q0,WSJ871104-0077,875,0.132414060623863,reciprocal_rank_fusion_k=60
171,Q0,WSJ880908-0073,876,0.13197324789292855,reciprocal_rank_fusion_k=60
171,Q0,FR89315-0084,877,0.13178818367011966,reciprocal_rank_fusion_k=60
171,Q0,AP890125-0245,878,0.13168504074966306,reciprocal_rank_fusion_k=60
171,Q0,WSJ910828-0042,879,0.13136168643401283,reciprocal_rank_fusion_k=60
171,Q0,WSJ920305-0139,880,0.1311241616254358,reciprocal_rank_fusion_k=60
171,Q0,WSJ870615-0040,881,0.13087511331904408,reciprocal_rank_fusion_k=60
171,Q0,AP880427-0285,882,0.13087217226400555,reciprocal_rank_fusion_k=60
171,Q0,WSJ871020-0005,883,0.1307823026571943,reciprocal_rank_fusion_k=60
171,Q0,WSJ880926-0065,884,0.13072371542389513,reciprocal_rank_fusion_k=60
171,Q0,AP880503-0004,885,0.13044165485329473,reciprocal_rank_fusion_k=60
171,Q0,WSJ890821-0136,886,0.13028322852245572,reciprocal_rank_fusion_k=60
171,Q0,WSJ881114-0165,887,0.13015436747288622,reciprocal_rank_fusion_k=60
171,Q0,WSJ910411-0112,888,0.12987102008838372,reciprocal_rank_fusion_k=60
171,Q0,AP881019-0227,889,0.12983902354628482,reciprocal_rank_fusion_k=60
171,Q0,WSJ870227-0039,890,0.12959802738425366,reciprocal_rank_fusion_k=60
171,Q0,WSJ881014-0155,891,0.12950463847520924,reciprocal_rank_fusion_k=60
171,Q0,WSJ890919-0078,892,0.12810779594110966,reciprocal_rank_fusion_k=60
171,Q0,AP890922-0271,893,0.1280265295623828,reciprocal_rank_fusion_k=60
171,Q0,FR89130-0096,894,0.12752574895176608,reciprocal_rank_fusion_k=60
171,Q0,FR88616-0007,895,0.1269009219688339,reciprocal_rank_fusion_k=60
171,Q0,FR88223-0095,896,0.1267169277510912,reciprocal_rank_fusion_k=60
171,Q0,WSJ881012-0066,897,0.1264171334561642,reciprocal_rank_fusion_k=60
171,Q0,WSJ871211-0011,898,0.12612826476029315,reciprocal_rank_fusion_k=60
171,Q0,WSJ910423-0212,899,0.12610569616968598,reciprocal_rank_fusion_k=60
171,Q0,WSJ871020-0012,900,0.12571257835943975,reciprocal_rank_fusion_k=60
171,Q0,FR88514-0001,901,0.12514896555227473,reciprocal_rank_fusion_k=60
171,Q0,WSJ890808-0110,902,0.1247579946946981,reciprocal_rank_fusion_k=60
171,Q0,WSJ910724-0077,903,0.124687322992641,reciprocal_rank_fusion_k=60
171,Q0,WSJ910205-0056,904,0.1246217632188078,reciprocal_rank_fusion_k=60
171,Q0,WSJ881011-0031,905,0.1245989731577298,reciprocal_rank_fusion_k=60
171,Q0,WSJ890913-0015,906,0.12429029860748549,reciprocal_rank_fusion_k=60
171,Q0,FR89426-0075,907,0.12412567097129602,reciprocal_rank_fusion_k=60
171,Q0,FR88115-0101,908,0.12402155621946863,reciprocal_rank_fusion_k=60
171,Q0,WSJ911101-0103,909,0.1240072749030371,reciprocal_rank_fusion_k=60
171,Q0,ZF107-976-802,910,0.12399077755526601,reciprocal_rank_fusion_k=60
171,Q0,WSJ891020-0125,911,0.12387343357626945,reciprocal_rank_fusion_k=60
171,Q0,WSJ870826-0102,912,0.12382649377837145,reciprocal_rank_fusion_k=60
171,Q0,WSJ870107-0056,913,0.12279172938640033,reciprocal_rank_fusion_k=60
171,Q0,WSJ910607-0090,914,0.12269642518141213,reciprocal_rank_fusion_k=60
171,Q0,WSJ920123-0107,915,0.12269140295756084,reciprocal_rank_fusion_k=60
171,Q0,WSJ911003-0087,916,0.12265104724347331,reciprocal_rank_fusion_k=60
171,Q0,WSJ871030-0028,917,0.1225967302954308,reciprocal_rank_fusion_k=60
171,Q0,AP880219-0253,918,0.12251702095248464,reciprocal_rank_fusion_k=60
171,Q0,AP890926-0272,919,0.1218934543626574,reciprocal_rank_fusion_k=60
171,Q0,WSJ861208-0010,920,0.12168480688923604,reciprocal_rank_fusion_k=60
171,Q0,WSJ910325-0099,921,0.12117861851578483,reciprocal_rank_fusion_k=60
171,Q0,WSJ880108-0111,922,0.12087592278959926,reciprocal_rank_fusion_k=60
171,Q0,WSJ920129-0130,923,0.12013097998166275,reciprocal_rank_fusion_k=60
171,Q0,WSJ890918-0136,924,0.12011964354119835,reciprocal_rank_fusion_k=60
171,Q0,AP890712-0278,925,0.11970583513686314,reciprocal_rank_fusion_k=60
171,Q0,WSJ900413-0111,926,0.11957131869658312,reciprocal_rank_fusion_k=60
171,Q0,WSJ900716-0040,927,0.1187921416822573,reciprocal_rank_fusion_k=60
171,Q0,WSJ900914-0131,928,0.11878992490603368,reciprocal_rank_fusion_k=60
171,Q0,AP880711-0023,929,0.11877483788966381,reciprocal_rank_fusion_k=60
171,Q0,WSJ910116-0088,930,0.1183847997853039,reciprocal_rank_fusion_k=60
171,Q0,AP890802-0226,931,0.11807673695099327,reciprocal_rank_fusion_k=60
171,Q0,WSJ910308-0020,932,0.1177403890255737,reciprocal_rank_fusion_k=60
171,Q0,WSJ920210-0126,933,0.11766567964857821,reciprocal_rank_fusion_k=60
171,Q0,WSJ881024-0092,934,0.11746635381093361,reciprocal_rank_fusion_k=60
171,Q0,FR89601-0004,935,0.11745643980599912,reciprocal_rank_fusion_k=60
171,Q0,WSJ880504-0137,936,0.11729356357481746,reciprocal_rank_fusion_k=60
171,Q0,WSJ920114-0090,937,0.11726644828897279,reciprocal_rank_fusion_k=60
171,Q0,WSJ910212-0117,938,0.11686135060854821,reciprocal_rank_fusion_k=60
171,Q0,WSJ900620-0125,939,0.11669282472880145,reciprocal_rank_fusion_k=60
171,Q0,WSJ911028-0032,940,0.11657664413958675,reciprocal_rank_fusion_k=60
171,Q0,WSJ920303-0129,941,0.11655380980644461,reciprocal_rank_fusion_k=60
171,Q0,WSJ871216-0063,942,0.11643305305547876,reciprocal_rank_fusion_k=60
171,Q0,WSJ910320-0135,943,0.11632837901613248,reciprocal_rank_fusion_k=60
171,Q0,WSJ920228-0194,944,0.11591168988566058,reciprocal_rank_fusion_k=60
171,Q0,WSJ920220-0003,945,0.11564963009738742,reciprocal_rank_fusion_k=60
171,Q0,ZF207-348-877,946,0.11545774349920992,reciprocal_rank_fusion_k=60
171,Q0,WSJ871016-0004,947,0.11512645519564345,reciprocal_rank_fusion_k=60
171,Q0,AP890202-0270,948,0.1150834457800674,reciprocal_rank_fusion_k=60
171,Q0,WSJ910131-0057,949,0.11483455609277306,reciprocal_rank_fusion_k=60
171,Q0,WSJ890908-0086,950,0.11477212585418241,reciprocal_rank_fusion_k=60
171,Q0,FR89726-0092,951,0.11472031773559334,reciprocal_rank_fusion_k=60
171,Q0,WSJ880118-0030,952,0.11467239254478943,reciprocal_rank_fusion_k=60
171,Q0,WSJ900620-0057,953,0.1146377399903221,reciprocal_rank_fusion_k=60
171,Q0,WSJ870807-0107,954,0.11450989148047332,reciprocal_rank_fusion_k=60
171,Q0,WSJ900801-0089,955,0.11437199843626247,reciprocal_rank_fusion_k=60
171,Q0,AP880617-0268,956,0.11431553746604983,reciprocal_rank_fusion_k=60
171,Q0,ZF108-846-198,957,0.11415215313345159,reciprocal_rank_fusion_k=60
171,Q0,WSJ910830-0121,958,0.11386796814293756,reciprocal_rank_fusion_k=60
171,Q0,WSJ911004-0128,959,0.11365042030643019,reciprocal_rank_fusion_k=60
171,Q0,WSJ920317-0103,960,0.11336456263521628,reciprocal_rank_fusion_k=60
171,Q0,WSJ920207-0136,961,0.11192838356788792,reciprocal_rank_fusion_k=60
171,Q0,AP880928-0242,962,0.11187702987276299,reciprocal_rank_fusion_k=60
171,Q0,ZF207-245-329,963,0.1117918816638329,reciprocal_rank_fusion_k=60
171,Q0,WSJ870209-0022,964,0.11170808343366002,reciprocal_rank_fusion_k=60
171,Q0,WSJ920214-0145,965,0.11156645424913089,reciprocal_rank_fusion_k=60
171,Q0,WSJ900608-0088,966,0.1111486052991263,reciprocal_rank_fusion_k=60
171,Q0,FR89816-0110,967,0.11103030614694095,reciprocal_rank_fusion_k=60
171,Q0,WSJ911219-0036,968,0.11055021321497373,reciprocal_rank_fusion_k=60
171,Q0,WSJ911101-0090,969,0.11006721041329783,reciprocal_rank_fusion_k=60
171,Q0,WSJ880407-0119,970,0.10994443848547106,reciprocal_rank_fusion_k=60
171,Q0,WSJ890901-0096,971,0.10983437975540074,reciprocal_rank_fusion_k=60
171,Q0,WSJ910904-0021,972,0.10962864766283868,reciprocal_rank_fusion_k=60
171,Q0,ZF207-931-266,973,0.10922469089628796,reciprocal_rank_fusion_k=60
171,Q0,WSJ870318-0105,974,0.10886717524703289,reciprocal_rank_fusion_k=60
171,Q0,WSJ870622-0125,975,0.1087323039809985,reciprocal_rank_fusion_k=60
171,Q0,FR88913-0151,976,0.10867674076235168,reciprocal_rank_fusion_k=60
171,Q0,WSJ910510-0039,977,0.1085861181600467,reciprocal_rank_fusion_k=60
171,Q0,FR89614-0091,978,0.10840586674323908,reciprocal_rank_fusion_k=60
171,Q0,WSJ920130-0061,979,0.10813663950841405,reciprocal_rank_fusion_k=60
171,Q0,WSJ910703-0122,980,0.10808463027756494,reciprocal_rank_fusion_k=60
171,Q0,WSJ910702-0167,981,0.10788848099154527,reciprocal_rank_fusion_k=60
171,Q0,WSJ890804-0139,982,0.10775156524754075,reciprocal_rank_fusion_k=60
171,Q0,WSJ910905-0155,983,0.10767252467972505,reciprocal_rank_fusion_k=60
171,Q0,WSJ910220-0077,984,0.10759863559786424,reciprocal_rank_fusion_k=60
171,Q0,DOE1-59-0950,985,0.10756987288143066,reciprocal_rank_fusion_k=60
171,Q0,WSJ871102-0045,986,0.1075304131817797,reciprocal_rank_fusion_k=60
171,Q0,WSJ910311-0090,987,0.10735311179070937,reciprocal_rank_fusion_k=60
171,Q0,WSJ911220-0091,988,0.10697359329104737,reciprocal_rank_fusion_k=60
171,Q0,WSJ910530-0153,989,0.10692830179816747,reciprocal_rank_fusion_k=60
171,Q0,WSJ910513-0039,990,0.10674389220257076,reciprocal_rank_fusion_k=60
171,Q0,AP890912-0210,991,0.10623629176541852,reciprocal_rank_fusion_k=60
171,Q0,WSJ910318-0049,992,0.10621862236386015,reciprocal_rank_fusion_k=60
171,Q0,AP880601-0275,993,0.10604264835166942,reciprocal_rank_fusion_k=60
171,Q0,WSJ891020-0173,994,0.1059357141000962,reciprocal_rank_fusion_k=60
171,Q0,FR881024-0194,995,0.10545587970039208,reciprocal_rank_fusion_k=60
171,Q0,WSJ900727-0163,996,0.1054317582290655,reciprocal_rank_fusion_k=60
171,Q0,WSJ910313-0170,997,0.10530338979269512,reciprocal_rank_fusion_k=60
171,Q0,WSJ900904-0094,998,0.10470631111615257,reciprocal_rank_fusion_k=60
171,Q0,WSJ910614-0041,999,0.10452706215076407,reciprocal_rank_fusion_k=60
171,Q0,ZF109-416-355,1000,0.10438866948023157,reciprocal_rank_fusion_k=60
173,Q0,WSJ890804-0159,1,2.279158332047555,reciprocal_rank_fusion_k=60
173,Q0,AP890109-0107,2,2.236856462139471,reciprocal_rank_fusion_k=60
173,Q0,WSJ870423-0142,3,2.204263672885629,reciprocal_rank_fusion_k=60
173,Q0,AP890914-0237,4,2.192287515827793,reciprocal_rank_fusion_k=60
173,Q0,WSJ900625-0142,5,2.174688645190282,reciprocal_rank_fusion_k=60
173,Q0,AP890622-0209,6,2.113175453238791,reciprocal_rank_fusion_k=60
173,Q0,WSJ890918-0079,7,2.045862521753232,reciprocal_rank_fusion_k=60
173,Q0,AP890710-0065,8,2.0104410148832077,reciprocal_rank_fusion_k=60
173,Q0,AP890621-0030,9,1.9669220356494195,reciprocal_rank_fusion_k=60
173,Q0,AP880629-0032,10,1.9534089580275673,reciprocal_rank_fusion_k=60
173,Q0,WSJ870625-0069,11,1.8399404135001116,reciprocal_rank_fusion_k=60
173,Q0,WSJ870210-0077,12,1.8007951276887455,reciprocal_rank_fusion_k=60
173,Q0,AP880425-0113,13,1.734048582593894,reciprocal_rank_fusion_k=60
173,Q0,AP891225-0050,14,1.6609984251126677,reciprocal_rank_fusion_k=60
173,Q0,WSJ870807-0097,15,1.659680309785847,reciprocal_rank_fusion_k=60
173,Q0,WSJ880601-0013,16,1.638656963512077,reciprocal_rank_fusion_k=60
173,Q0,AP880525-0292,17,1.6378635153174854,reciprocal_rank_fusion_k=60
173,Q0,WSJ880309-0100,18,1.6303479230671907,reciprocal_rank_fusion_k=60
173,Q0,WSJ871030-0062,19,1.6147272888073847,reciprocal_rank_fusion_k=60
173,Q0,AP890729-0018,20,1.6115019207005026,reciprocal_rank_fusion_k=60
173,Q0,AP891205-0033,21,1.6080075933948392,reciprocal_rank_fusion_k=60
173,Q0,AP881109-0027,22,1.5792168952300003,reciprocal_rank_fusion_k=60
173,Q0,AP890802-0156,23,1.5612451542132386,reciprocal_rank_fusion_k=60
173,Q0,AP881111-0204,24,1.5437325388468504,reciprocal_rank_fusion_k=60
173,Q0,WSJ870209-0086,25,1.5359926171394673,reciprocal_rank_fusion_k=60
173,Q0,AP890108-0029,26,1.5290944206676682,reciprocal_rank_fusion_k=60
173,Q0,WSJ900411-0093,27,1.5256314654702154,reciprocal_rank_fusion_k=60
173,Q0,WSJ880630-0019,28,1.5169179131183093,reciprocal_rank_fusion_k=60
173,Q0,WSJ870303-0025,29,1.4944468168119127,reciprocal_rank_fusion_k=60
173,Q0,AP890914-0175,30,1.4939819564089685,reciprocal_rank_fusion_k=60
173,Q0,WSJ920116-0023,31,1.4868424199435217,reciprocal_rank_fusion_k=60
173,Q0,AP880304-0104,32,1.4788357026305625,reciprocal_rank_fusion_k=60
173,Q0,AP890920-0105,33,1.4745701779673748,reciprocal_rank_fusion_k=60
173,Q0,WSJ870715-0016,34,1.464936034464503,reciprocal_rank_fusion_k=60
173,Q0,FR89526-0012,35,1.4634908875584483,reciprocal_rank_fusion_k=60
173,Q0,AP890913-0287,36,1.4426738747030479,reciprocal_rank_fusion_k=60
173,Q0,AP891101-0170,37,1.4305511894614509,reciprocal_rank_fusion_k=60
173,Q0,AP891105-0099,38,1.4245405417887993,reciprocal_rank_fusion_k=60
173,Q0,AP890913-0142,39,1.395985094888131,reciprocal_rank_fusion_k=60
173,Q0,WSJ900626-0118,40,1.3926381749676104,reciprocal_rank_fusion_k=60
173,Q0,AP890706-0114,41,1.3512118900794525,reciprocal_rank_fusion_k=60
173,Q0,AP880629-0179,42,1.333233875306652,reciprocal_rank_fusion_k=60
173,Q0,AP880516-0176,43,1.3232464298174516,reciprocal_rank_fusion_k=60
173,Q0,WSJ880324-0019,44,1.3140091500250524,reciprocal_rank_fusion_k=60
173,Q0,WSJ870714-0002,45,1.3119061137950458,reciprocal_rank_fusion_k=60
173,Q0,AP880222-0112,46,1.3038091756344523,reciprocal_rank_fusion_k=60
173,Q0,AP890909-0074,47,1.2960821412006482,reciprocal_rank_fusion_k=60
173,Q0,AP880721-0095,48,1.2943832537583622,reciprocal_rank_fusion_k=60
173,Q0,WSJ880721-0115,49,1.2716205735959263,reciprocal_rank_fusion_k=60
173,Q0,WSJ870917-0032,50,1.2570991984797732,reciprocal_rank_fusion_k=60
173,Q0,AP890618-0050,51,1.2552028715370185,reciprocal_rank_fusion_k=60
173,Q0,WSJ900919-0077,52,1.221353030260018,reciprocal_rank_fusion_k=60
173,Q0,AP880324-0145,53,1.220350226268153,reciprocal_rank_fusion_k=60
173,Q0,AP890803-0034,54,1.219828776992232,reciprocal_rank_fusion_k=60
173,Q0,AP890914-0257,55,1.2181293170529444,reciprocal_rank_fusion_k=60
173,Q0,AP880516-0096,56,1.217946251574556,reciprocal_rank_fusion_k=60
173,Q0,WSJ870130-0145,57,1.20651318647753,reciprocal_rank_fusion_k=60
173,Q0,WSJ870814-0121,58,1.1848121301535464,reciprocal_rank_fusion_k=60
173,Q0,AP881002-0036,59,1.1800048741497318,reciprocal_rank_fusion_k=60
173,Q0,AP880421-0303,60,1.1793564330370447,reciprocal_rank_fusion_k=60
173,Q0,AP880303-0006,61,1.1775086515669377,reciprocal_rank_fusion_k=60
173,Q0,AP880404-0162,62,1.171116050593955,reciprocal_rank_fusion_k=60
173,Q0,WSJ910718-0089,63,1.1613793655910805,reciprocal_rank_fusion_k=60
173,Q0,AP890907-0080,64,1.1553523569644808,reciprocal_rank_fusion_k=60
173,Q0,WSJ880802-0026,65,1.154720928958561,reciprocal_rank_fusion_k=60
173,Q0,AP880301-0217,66,1.1472943587873374,reciprocal_rank_fusion_k=60
173,Q0,AP890307-0195,67,1.1453435813097348,reciprocal_rank_fusion_k=60
173,Q0,FR89815-0047,68,1.1418879241896074,reciprocal_rank_fusion_k=60
173,Q0,WSJ880721-0022,69,1.1402507971250742,reciprocal_rank_fusion_k=60
173,Q0,AP890530-0139,70,1.1381869840092815,reciprocal_rank_fusion_k=60
173,Q0,AP890208-0190,71,1.1261971216610156,reciprocal_rank_fusion_k=60
173,Q0,WSJ880421-0062,72,1.1074531322744872,reciprocal_rank_fusion_k=60
173,Q0,AP880927-0015,73,1.1074073622308922,reciprocal_rank_fusion_k=60
173,Q0,AP880411-0141,74,1.1022318805809788,reciprocal_rank_fusion_k=60
173,Q0,AP890915-0019,75,1.0983465909780634,reciprocal_rank_fusion_k=60
173,Q0,AP890725-0146,76,1.0965082212033745,reciprocal_rank_fusion_k=60
173,Q0,AP890803-0210,77,1.0867122422091415,reciprocal_rank_fusion_k=60
173,Q0,AP890306-0033,78,1.0770788189301108,reciprocal_rank_fusion_k=60
173,Q0,WSJ910605-0010,79,1.077063072903074,reciprocal_rank_fusion_k=60
173,Q0,WSJ871127-0055,80,1.0750420978783364,reciprocal_rank_fusion_k=60
173,Q0,AP880709-0007,81,1.0735711846592344,reciprocal_rank_fusion_k=60
173,Q0,AP880222-0267,82,1.0729961000131825,reciprocal_rank_fusion_k=60
173,Q0,AP890907-0167,83,1.0559180561715311,reciprocal_rank_fusion_k=60
173,Q0,AP880422-0036,84,1.0514507110560989,reciprocal_rank_fusion_k=60
173,Q0,AP880411-0250,85,1.0512504759016066,reciprocal_rank_fusion_k=60
173,Q0,AP890119-0300,86,1.0430175929914027,reciprocal_rank_fusion_k=60
173,Q0,WSJ890803-0029,87,1.0354254196023749,reciprocal_rank_fusion_k=60
173,Q0,AP891110-0021,88,1.032892798336671,reciprocal_rank_fusion_k=60
173,Q0,AP890119-0134,89,1.027602808505505,reciprocal_rank_fusion_k=60
173,Q0,WSJ870923-0009,90,1.022573564957338,reciprocal_rank_fusion_k=60
173,Q0,AP880427-0186,91,1.01966874739405,reciprocal_rank_fusion_k=60
173,Q0,AP880501-0083,92,1.016066534998715,reciprocal_rank_fusion_k=60
173,Q0,AP890305-0072,93,1.005749396065532,reciprocal_rank_fusion_k=60
173,Q0,AP881125-0005,94,1.0041006954371763,reciprocal_rank_fusion_k=60
173,Q0,AP880324-0305,95,0.9896414576337208,reciprocal_rank_fusion_k=60
173,Q0,AP880625-0118,96,0.9892565160569755,reciprocal_rank_fusion_k=60
173,Q0,WSJ880816-0020,97,0.9740910823171609,reciprocal_rank_fusion_k=60
173,Q0,AP880724-0046,98,0.9728987022998312,reciprocal_rank_fusion_k=60
173,Q0,WSJ900608-0150,99,0.9700182887787897,reciprocal_rank_fusion_k=60
173,Q0,WSJ880513-0093,100,0.9651048491288668,reciprocal_rank_fusion_k=60
173,Q0,WSJ870423-0131,101,0.962577438479601,reciprocal_rank_fusion_k=60
173,Q0,AP880629-0319,102,0.9511406436411058,reciprocal_rank_fusion_k=60
173,Q0,AP891110-0136,103,0.949897183590805,reciprocal_rank_fusion_k=60
173,Q0,WSJ880531-0036,104,0.9412501884650473,reciprocal_rank_fusion_k=60
173,Q0,AP880622-0272,105,0.9382132668154591,reciprocal_rank_fusion_k=60
173,Q0,AP891016-0298,106,0.9351232263378649,reciprocal_rank_fusion_k=60
173,Q0,WSJ920115-0027,107,0.912546200716219,reciprocal_rank_fusion_k=60
173,Q0,WSJ880826-0015,108,0.9032915264009459,reciprocal_rank_fusion_k=60
173,Q0,WSJ870330-0031,109,0.8968712363407811,reciprocal_rank_fusion_k=60
173,Q0,AP891017-0022,110,0.8947671134977846,reciprocal_rank_fusion_k=60
173,Q0,WSJ890919-0162,111,0.8897131067671694,reciprocal_rank_fusion_k=60
173,Q0,AP890725-0216,112,0.8890753187936105,reciprocal_rank_fusion_k=60
173,Q0,AP880603-0119,113,0.8792110724781886,reciprocal_rank_fusion_k=60
173,Q0,WSJ870303-0163,114,0.876693101936642,reciprocal_rank_fusion_k=60
173,Q0,WSJ880406-0014,115,0.8642147196438921,reciprocal_rank_fusion_k=60
173,Q0,AP890330-0213,116,0.8624865703647475,reciprocal_rank_fusion_k=60
173,Q0,AP880728-0105,117,0.855214394738334,reciprocal_rank_fusion_k=60
173,Q0,WSJ870305-0022,118,0.8536906880695765,reciprocal_rank_fusion_k=60
173,Q0,WSJ900531-0158,119,0.847461997779214,reciprocal_rank_fusion_k=60
173,Q0,AP880801-0075,120,0.8469742158451432,reciprocal_rank_fusion_k=60
173,Q0,AP880323-0198,121,0.8464973485193662,reciprocal_rank_fusion_k=60
173,Q0,WSJ890831-0014,122,0.8433951334633911,reciprocal_rank_fusion_k=60
173,Q0,WSJ870921-0172,123,0.8420575761212974,reciprocal_rank_fusion_k=60
173,Q0,WSJ880606-0090,124,0.8414849737964311,reciprocal_rank_fusion_k=60
173,Q0,AP891115-0152,125,0.8334951688028448,reciprocal_rank_fusion_k=60
173,Q0,WSJ910516-0076,126,0.822940281798011,reciprocal_rank_fusion_k=60
173,Q0,WSJ900612-0099,127,0.8216129637402889,reciprocal_rank_fusion_k=60
173,Q0,AP890110-0009,128,0.820252218499097,reciprocal_rank_fusion_k=60
173,Q0,AP880603-0173,129,0.8189404811447955,reciprocal_rank_fusion_k=60
173,Q0,WSJ910729-0082,130,0.8149437777004723,reciprocal_rank_fusion_k=60
173,Q0,AP881109-0201,131,0.8106253656276201,reciprocal_rank_fusion_k=60
173,Q0,WSJ871224-0036,132,0.8020767767211597,reciprocal_rank_fusion_k=60
173,Q0,AP880323-0276,133,0.8008658349994953,reciprocal_rank_fusion_k=60
173,Q0,WSJ871231-0120,134,0.7982045138717887,reciprocal_rank_fusion_k=60
173,Q0,AP880217-0165,135,0.7954643961723141,reciprocal_rank_fusion_k=60
173,Q0,AP881007-0034,136,0.7883142722487907,reciprocal_rank_fusion_k=60
173,Q0,WSJ890908-0088,137,0.7754771603242491,reciprocal_rank_fusion_k=60
173,Q0,AP880502-0104,138,0.7740296646401329,reciprocal_rank_fusion_k=60
173,Q0,AP890719-0265,139,0.7734809936155452,reciprocal_rank_fusion_k=60
173,Q0,WSJ861205-0170,140,0.763191683704381,reciprocal_rank_fusion_k=60
173,Q0,WSJ890915-0031,141,0.7505426415759058,reciprocal_rank_fusion_k=60
173,Q0,AP880324-0098,142,0.749079808481011,reciprocal_rank_fusion_k=60
173,Q0,AP890208-0095,143,0.7458094087051609,reciprocal_rank_fusion_k=60
173,Q0,WSJ880902-0017,144,0.7436312714491512,reciprocal_rank_fusion_k=60
173,Q0,WSJ870227-0160,145,0.7436224161179487,reciprocal_rank_fusion_k=60
173,Q0,WSJ870219-0034,146,0.7411780186007606,reciprocal_rank_fusion_k=60
173,Q0,WSJ911007-0004,147,0.73991137211239,reciprocal_rank_fusion_k=60
173,Q0,AP880423-0193,148,0.7373881770949725,reciprocal_rank_fusion_k=60
173,Q0,AP880713-0136,149,0.7359770824595167,reciprocal_rank_fusion_k=60
173,Q0,AP891025-0272,150,0.7293855079499789,reciprocal_rank_fusion_k=60
173,Q0,AP880223-0053,151,0.7251080512744232,reciprocal_rank_fusion_k=60
173,Q0,AP890502-0252,152,0.7176790833630309,reciprocal_rank_fusion_k=60
173,Q0,WSJ900607-0113,153,0.7169846226661976,reciprocal_rank_fusion_k=60
173,Q0,WSJ910705-0073,154,0.7151151154247136,reciprocal_rank_fusion_k=60
173,Q0,AP890729-0143,155,0.7119815243225949,reciprocal_rank_fusion_k=60
173,Q0,WSJ861208-0038,156,0.7119311551501529,reciprocal_rank_fusion_k=60
173,Q0,AP880323-0301,157,0.710578234703652,reciprocal_rank_fusion_k=60
173,Q0,AP890221-0019,158,0.7051877949422034,reciprocal_rank_fusion_k=60
173,Q0,AP880422-0045,159,0.7048799608897561,reciprocal_rank_fusion_k=60
173,Q0,AP890306-0115,160,0.7017721711188739,reciprocal_rank_fusion_k=60
173,Q0,AP890517-0142,161,0.6981425981833344,reciprocal_rank_fusion_k=60
173,Q0,AP880423-0126,162,0.6930498829860037,reciprocal_rank_fusion_k=60
173,Q0,DOE1-34-0148,163,0.6907817034422234,reciprocal_rank_fusion_k=60
173,Q0,WSJ871002-0041,164,0.6902102373377422,reciprocal_rank_fusion_k=60
173,Q0,AP890207-0107,165,0.6887930960989019,reciprocal_rank_fusion_k=60
173,Q0,WSJ880302-0099,166,0.6885175253547461,reciprocal_rank_fusion_k=60
173,Q0,WSJ910904-0104,167,0.6838862633258922,reciprocal_rank_fusion_k=60
173,Q0,AP880422-0305,168,0.6810413778846688,reciprocal_rank_fusion_k=60
173,Q0,AP890603-0027,169,0.6746427920816617,reciprocal_rank_fusion_k=60
173,Q0,AP880526-0097,170,0.6698053267176132,reciprocal_rank_fusion_k=60
173,Q0,WSJ900906-0113,171,0.6677252772828894,reciprocal_rank_fusion_k=60
173,Q0,WSJ861217-0117,172,0.6662189892160231,reciprocal_rank_fusion_k=60
173,Q0,WSJ861230-0008,173,0.6637258852279919,reciprocal_rank_fusion_k=60
173,Q0,WSJ880606-0084,174,0.6587665818132821,reciprocal_rank_fusion_k=60
173,Q0,AP880513-0194,175,0.648171633475836,reciprocal_rank_fusion_k=60
173,Q0,AP880324-0177,176,0.6461469069433093,reciprocal_rank_fusion_k=60
173,Q0,AP890122-0067,177,0.6420591544052187,reciprocal_rank_fusion_k=60
173,Q0,WSJ890804-0034,178,0.6372778978800531,reciprocal_rank_fusion_k=60
173,Q0,AP890301-0238,179,0.6342645327935463,reciprocal_rank_fusion_k=60
173,Q0,AP880505-0034,180,0.6332573013087484,reciprocal_rank_fusion_k=60
173,Q0,AP881026-0220,181,0.6294999448817937,reciprocal_rank_fusion_k=60
173,Q0,AP880725-0066,182,0.6288984469939853,reciprocal_rank_fusion_k=60
173,Q0,AP890914-0282,183,0.6272086876776198,reciprocal_rank_fusion_k=60
173,Q0,WSJ870511-0123,184,0.6251838823881113,reciprocal_rank_fusion_k=60
173,Q0,WSJ891017-0056,185,0.6230240346458126,reciprocal_rank_fusion_k=60
173,Q0,WSJ870723-0055,186,0.6220677218548216,reciprocal_rank_fusion_k=60
173,Q0,AP891116-0042,187,0.6215019201880984,reciprocal_rank_fusion_k=60
173,Q0,AP881006-0090,188,0.6201873473328184,reciprocal_rank_fusion_k=60
173,Q0,AP880329-0044,189,0.6158365932651807,reciprocal_rank_fusion_k=60
173,Q0,WSJ880411-0047,190,0.6134614435999997,reciprocal_rank_fusion_k=60
173,Q0,WSJ870527-0134,191,0.6121698202243356,reciprocal_rank_fusion_k=60
173,Q0,DOE1-33-0581,192,0.6118333798588952,reciprocal_rank_fusion_k=60
173,Q0,AP880502-0069,193,0.6099979101266402,reciprocal_rank_fusion_k=60
173,Q0,WSJ890914-0084,194,0.6098571093372219,reciprocal_rank_fusion_k=60
173,Q0,AP890913-0308,195,0.6054066374307753,reciprocal_rank_fusion_k=60
173,Q0,AP880421-0268,196,0.6049428421553131,reciprocal_rank_fusion_k=60
173,Q0,DOE2-51-0909,197,0.6012044663601062,reciprocal_rank_fusion_k=60
173,Q0,AP880303-0163,198,0.5985468661683502,reciprocal_rank_fusion_k=60
173,Q0,WSJ910801-0035,199,0.5956536561989202,reciprocal_rank_fusion_k=60
173,Q0,AP890728-0298,200,0.5953457685806065,reciprocal_rank_fusion_k=60
173,Q0,AP880828-0038,201,0.593038658782699,reciprocal_rank_fusion_k=60
173,Q0,AP890731-0220,202,0.590366129062365,reciprocal_rank_fusion_k=60
173,Q0,AP880919-0011,203,0.5867263676864791,reciprocal_rank_fusion_k=60
173,Q0,AP881104-0254,204,0.583860656935312,reciprocal_rank_fusion_k=60
173,Q0,AP890316-0106,205,0.5779154926905007,reciprocal_rank_fusion_k=60
173,Q0,AP891108-0064,206,0.577366711194595,reciprocal_rank_fusion_k=60
173,Q0,AP890308-0038,207,0.5759034138078535,reciprocal_rank_fusion_k=60
173,Q0,AP890105-0255,208,0.5693963055076104,reciprocal_rank_fusion_k=60
173,Q0,AP880514-0036,209,0.5686719561754477,reciprocal_rank_fusion_k=60
173,Q0,AP881121-0151,210,0.5656697358829836,reciprocal_rank_fusion_k=60
173,Q0,AP880406-0237,211,0.5637748758836202,reciprocal_rank_fusion_k=60
173,Q0,AP880521-0203,212,0.5633373392557136,reciprocal_rank_fusion_k=60
173,Q0,WSJ880211-0012,213,0.5610152014104256,reciprocal_rank_fusion_k=60
173,Q0,WSJ870217-0073,214,0.5608568451580458,reciprocal_rank_fusion_k=60
173,Q0,AP880518-0178,215,0.555400221863556,reciprocal_rank_fusion_k=60
173,Q0,AP880514-0113,216,0.5511388310843509,reciprocal_rank_fusion_k=60
173,Q0,AP891101-0057,217,0.5496784030970765,reciprocal_rank_fusion_k=60
173,Q0,AP881226-0137,218,0.5484722339969378,reciprocal_rank_fusion_k=60
173,Q0,WSJ890725-0123,219,0.5476054693324593,reciprocal_rank_fusion_k=60
173,Q0,WSJ880606-0024,220,0.5463082475098725,reciprocal_rank_fusion_k=60
173,Q0,WSJ900529-0132,221,0.5462465911702784,reciprocal_rank_fusion_k=60
173,Q0,AP880410-0080,222,0.542419943985222,reciprocal_rank_fusion_k=60
173,Q0,AP880410-0081,223,0.5410686347961537,reciprocal_rank_fusion_k=60
173,Q0,WSJ880804-0127,224,0.5390331252189049,reciprocal_rank_fusion_k=60
173,Q0,WSJ900607-0039,225,0.5379614423248651,reciprocal_rank_fusion_k=60
173,Q0,WSJ900423-0150,226,0.5354812771157234,reciprocal_rank_fusion_k=60
173,Q0,WSJ910531-0050,227,0.5289249508924925,reciprocal_rank_fusion_k=60
173,Q0,WSJ911101-0170,228,0.5278139531958714,reciprocal_rank_fusion_k=60
173,Q0,WSJ900612-0127,229,0.5276757009875674,reciprocal_rank_fusion_k=60
173,Q0,DOE1-34-0149,230,0.5252338716530698,reciprocal_rank_fusion_k=60
173,Q0,AP880407-0010,231,0.523680951887299,reciprocal_rank_fusion_k=60
173,Q0,WSJ900524-0066,232,0.5233778347485978,reciprocal_rank_fusion_k=60
173,Q0,AP880301-0216,233,0.5231478596832377,reciprocal_rank_fusion_k=60
173,Q0,AP880422-0320,234,0.5210947039514773,reciprocal_rank_fusion_k=60
173,Q0,AP881109-0112,235,0.521050427589755,reciprocal_rank_fusion_k=60
173,Q0,WSJ880721-0133,236,0.5159480929520309,reciprocal_rank_fusion_k=60
173,Q0,AP880513-0096,237,0.5148181181034116,reciprocal_rank_fusion_k=60
173,Q0,AP891115-0179,238,0.5089815303981526,reciprocal_rank_fusion_k=60
173,Q0,AP880407-0163,239,0.5078252938066139,reciprocal_rank_fusion_k=60
173,Q0,AP890301-0264,240,0.5044714207991386,reciprocal_rank_fusion_k=60
173,Q0,AP880416-0136,241,0.5039225885116873,reciprocal_rank_fusion_k=60
173,Q0,AP881121-0080,242,0.5024166328261217,reciprocal_rank_fusion_k=60
173,Q0,WSJ870911-0007,243,0.5022685461040846,reciprocal_rank_fusion_k=60
173,Q0,WSJ880629-0024,244,0.5005113662612857,reciprocal_rank_fusion_k=60
173,Q0,WSJ910304-0119,245,0.493721657553839,reciprocal_rank_fusion_k=60
173,Q0,WSJ920205-0084,246,0.4906549223142985,reciprocal_rank_fusion_k=60
173,Q0,WSJ880404-0069,247,0.48773422627272117,reciprocal_rank_fusion_k=60
173,Q0,WSJ900606-0038,248,0.4850587949568826,reciprocal_rank_fusion_k=60
173,Q0,AP891101-0241,249,0.484731570655596,reciprocal_rank_fusion_k=60
173,Q0,AP881123-0039,250,0.482494885123662,reciprocal_rank_fusion_k=60
173,Q0,AP890913-0281,251,0.4816687382308582,reciprocal_rank_fusion_k=60
173,Q0,WSJ871202-0095,252,0.4803616357385467,reciprocal_rank_fusion_k=60
173,Q0,WSJ900522-0072,253,0.4787736188485275,reciprocal_rank_fusion_k=60
173,Q0,AP890615-0221,254,0.4776420576874129,reciprocal_rank_fusion_k=60
173,Q0,AP880505-0310,255,0.4771063860783427,reciprocal_rank_fusion_k=60
173,Q0,WSJ890922-0007,256,0.47664996993797404,reciprocal_rank_fusion_k=60
173,Q0,WSJ880114-0087,257,0.4744362332324949,reciprocal_rank_fusion_k=60
173,Q0,AP891117-0020,258,0.471631568111487,reciprocal_rank_fusion_k=60
173,Q0,WSJ880616-0147,259,0.46969044295386153,reciprocal_rank_fusion_k=60
173,Q0,FR891006-0067,260,0.46311164111681746,reciprocal_rank_fusion_k=60
173,Q0,AP880407-0067,261,0.4599315682578102,reciprocal_rank_fusion_k=60
173,Q0,AP880423-0069,262,0.45883351068613665,reciprocal_rank_fusion_k=60
173,Q0,WSJ910815-0083,263,0.45667119547750074,reciprocal_rank_fusion_k=60
173,Q0,AP880629-0292,264,0.45186486348971944,reciprocal_rank_fusion_k=60
173,Q0,WSJ891002-0070,265,0.4483756045897296,reciprocal_rank_fusion_k=60
173,Q0,AP890527-0017,266,0.4472056447843627,reciprocal_rank_fusion_k=60
173,Q0,AP890701-0080,267,0.445742741217271,reciprocal_rank_fusion_k=60
173,Q0,WSJ870420-0033,268,0.44564445235376776,reciprocal_rank_fusion_k=60
173,Q0,AP890928-0031,269,0.4424622955909399,reciprocal_rank_fusion_k=60
173,Q0,WSJ920130-0121,270,0.4385259907056306,reciprocal_rank_fusion_k=60
173,Q0,AP890111-0147,271,0.4379023823469144,reciprocal_rank_fusion_k=60
173,Q0,WSJ880608-0062,272,0.4347573332158493,reciprocal_rank_fusion_k=60
173,Q0,WSJ881020-0101,273,0.4345708567100224,reciprocal_rank_fusion_k=60
173,Q0,AP891103-0277,274,0.4332860627610977,reciprocal_rank_fusion_k=60
173,Q0,AP891116-0095,275,0.4326405773025237,reciprocal_rank_fusion_k=60
173,Q0,WSJ891102-0155,276,0.43258999814526355,reciprocal_rank_fusion_k=60
173,Q0,AP880722-0144,277,0.432506710102826,reciprocal_rank_fusion_k=60
173,Q0,AP890927-0090,278,0.42957113316530027,reciprocal_rank_fusion_k=60
173,Q0,AP880701-0038,279,0.4286370478827229,reciprocal_rank_fusion_k=60
173,Q0,WSJ900517-0073,280,0.4241550930634034,reciprocal_rank_fusion_k=60
173,Q0,AP890111-0041,281,0.42378990105916103,reciprocal_rank_fusion_k=60
173,Q0,AP891230-0067,282,0.423022540778116,reciprocal_rank_fusion_k=60
173,Q0,AP891101-0272,283,0.41972326744639754,reciprocal_rank_fusion_k=60
173,Q0,AP881117-0095,284,0.4191142802535958,reciprocal_rank_fusion_k=60
173,Q0,WSJ881021-0163,285,0.4189918747955636,reciprocal_rank_fusion_k=60
173,Q0,WSJ900503-0007,286,0.41896191641991964,reciprocal_rank_fusion_k=60
173,Q0,AP890908-0196,287,0.4179094151896205,reciprocal_rank_fusion_k=60
173,Q0,WSJ891101-0036,288,0.41777329404406105,reciprocal_rank_fusion_k=60
173,Q0,WSJ920310-0111,289,0.41614940307956566,reciprocal_rank_fusion_k=60
173,Q0,AP890127-0120,290,0.41505057585810357,reciprocal_rank_fusion_k=60
173,Q0,WSJ871019-0110,291,0.41343625392347305,reciprocal_rank_fusion_k=60
173,Q0,WSJ870324-0095,292,0.41301083054894067,reciprocal_rank_fusion_k=60
173,Q0,WSJ920108-0092,293,0.4101932399910828,reciprocal_rank_fusion_k=60
173,Q0,AP890922-0163,294,0.4072155918106245,reciprocal_rank_fusion_k=60
173,Q0,AP880324-0281,295,0.40504552488624207,reciprocal_rank_fusion_k=60
173,Q0,WSJ890804-0015,296,0.4041216231627944,reciprocal_rank_fusion_k=60
173,Q0,AP880302-0282,297,0.4037873852457314,reciprocal_rank_fusion_k=60
173,Q0,WSJ911022-0075,298,0.4023014765687973,reciprocal_rank_fusion_k=60
173,Q0,WSJ880517-0107,299,0.40135205140015157,reciprocal_rank_fusion_k=60
173,Q0,WSJ910627-0068,300,0.4010785802348913,reciprocal_rank_fusion_k=60
173,Q0,WSJ900810-0125,301,0.4007151976392859,reciprocal_rank_fusion_k=60
173,Q0,WSJ870914-0129,302,0.3999961457598769,reciprocal_rank_fusion_k=60
173,Q0,AP880324-0064,303,0.3980722569016608,reciprocal_rank_fusion_k=60
173,Q0,AP880418-0130,304,0.3963667611586129,reciprocal_rank_fusion_k=60
173,Q0,WSJ910326-0139,305,0.3952400409890522,reciprocal_rank_fusion_k=60
173,Q0,FR881006-0001,306,0.39441766716669047,reciprocal_rank_fusion_k=60
173,Q0,AP890208-0179,307,0.39422473350823806,reciprocal_rank_fusion_k=60
173,Q0,AP881121-0139,308,0.38766667327644927,reciprocal_rank_fusion_k=60
173,Q0,AP891116-0165,309,0.38741700893638586,reciprocal_rank_fusion_k=60
173,Q0,AP890421-0273,310,0.3842281448256676,reciprocal_rank_fusion_k=60
173,Q0,AP890602-0259,311,0.38417357250078704,reciprocal_rank_fusion_k=60
173,Q0,AP890326-0034,312,0.38250361517354375,reciprocal_rank_fusion_k=60
173,Q0,WSJ880323-0135,313,0.380367437786728,reciprocal_rank_fusion_k=60
173,Q0,AP881121-0143,314,0.37987377848675047,reciprocal_rank_fusion_k=60
173,Q0,WSJ910805-0085,315,0.3779552885796867,reciprocal_rank_fusion_k=60
173,Q0,AP890701-0104,316,0.3775942401003747,reciprocal_rank_fusion_k=60
173,Q0,WSJ911011-0094,317,0.3765496136865669,reciprocal_rank_fusion_k=60
173,Q0,WSJ880720-0077,318,0.372894456155183,reciprocal_rank_fusion_k=60
173,Q0,AP880226-0072,319,0.3688382373665415,reciprocal_rank_fusion_k=60
173,Q0,AP880422-0270,320,0.36882011948923377,reciprocal_rank_fusion_k=60
173,Q0,AP890504-0177,321,0.36790593895584744,reciprocal_rank_fusion_k=60
173,Q0,AP881103-0029,322,0.36483457574957834,reciprocal_rank_fusion_k=60
173,Q0,AP881226-0136,323,0.36394501768981,reciprocal_rank_fusion_k=60
173,Q0,WSJ870429-0123,324,0.36380726570786487,reciprocal_rank_fusion_k=60
173,Q0,AP880215-0182,325,0.3621038311411443,reciprocal_rank_fusion_k=60
173,Q0,AP881226-0138,326,0.3598024436149249,reciprocal_rank_fusion_k=60
173,Q0,AP880528-0098,327,0.35926703069388866,reciprocal_rank_fusion_k=60
173,Q0,AP881116-0053,328,0.35824785122730984,reciprocal_rank_fusion_k=60
173,Q0,AP880412-0238,329,0.3576797076086899,reciprocal_rank_fusion_k=60
173,Q0,FR881102-0011,330,0.3563069235252311,reciprocal_rank_fusion_k=60
173,Q0,AP890911-0030,331,0.35613101779021045,reciprocal_rank_fusion_k=60
173,Q0,WSJ900621-0122,332,0.35277408504544316,reciprocal_rank_fusion_k=60
173,Q0,FR881024-0107,333,0.35276573144656814,reciprocal_rank_fusion_k=60
173,Q0,WSJ880527-0011,334,0.3526330137696936,reciprocal_rank_fusion_k=60
173,Q0,WSJ880412-0095,335,0.35250548652077784,reciprocal_rank_fusion_k=60
173,Q0,AP880601-0341,336,0.350516277410059,reciprocal_rank_fusion_k=60
173,Q0,WSJ910130-0069,337,0.3500228019732733,reciprocal_rank_fusion_k=60
173,Q0,AP890626-0284,338,0.34988583816482804,reciprocal_rank_fusion_k=60
173,Q0,AP890908-0058,339,0.3493053618917294,reciprocal_rank_fusion_k=60
173,Q0,AP880628-0298,340,0.34920836852986464,reciprocal_rank_fusion_k=60
173,Q0,WSJ900828-0070,341,0.3477986110214295,reciprocal_rank_fusion_k=60
173,Q0,WSJ880405-0013,342,0.34629989361233454,reciprocal_rank_fusion_k=60
173,Q0,WSJ880615-0002,343,0.3458161191762443,reciprocal_rank_fusion_k=60
173,Q0,AP891004-0252,344,0.34528390780515245,reciprocal_rank_fusion_k=60
173,Q0,AP880326-0121,345,0.3439919538644221,reciprocal_rank_fusion_k=60
173,Q0,WSJ910301-0067,346,0.34281195049202234,reciprocal_rank_fusion_k=60
173,Q0,AP890301-0308,347,0.3412945468865358,reciprocal_rank_fusion_k=60
173,Q0,AP880427-0118,348,0.34070662271011887,reciprocal_rank_fusion_k=60
173,Q0,WSJ870724-0027,349,0.3404359732434688,reciprocal_rank_fusion_k=60
173,Q0,WSJ881108-0148,350,0.3401928345540187,reciprocal_rank_fusion_k=60
173,Q0,AP890531-0115,351,0.34012140500041566,reciprocal_rank_fusion_k=60
173,Q0,WSJ890815-0043,352,0.3385316062607209,reciprocal_rank_fusion_k=60
173,Q0,AP881102-0249,353,0.33837760669254896,reciprocal_rank_fusion_k=60
173,Q0,AP881103-0231,354,0.33705637960194473,reciprocal_rank_fusion_k=60
173,Q0,WSJ870918-0069,355,0.3362287159191189,reciprocal_rank_fusion_k=60
173,Q0,AP881107-0030,356,0.33515711724800495,reciprocal_rank_fusion_k=60
173,Q0,AP881107-0029,357,0.3342212796805678,reciprocal_rank_fusion_k=60
173,Q0,AP880411-0146,358,0.33270184729301283,reciprocal_rank_fusion_k=60
173,Q0,AP880228-0040,359,0.3311037267921776,reciprocal_rank_fusion_k=60
173,Q0,WSJ910419-0098,360,0.33064631831900543,reciprocal_rank_fusion_k=60
173,Q0,FR881121-0028,361,0.3301324592560414,reciprocal_rank_fusion_k=60
173,Q0,FR89712-0022,362,0.32972911343017475,reciprocal_rank_fusion_k=60
173,Q0,WSJ910328-0067,363,0.3287503745390482,reciprocal_rank_fusion_k=60
173,Q0,WSJ910422-0097,364,0.32807953366965764,reciprocal_rank_fusion_k=60
173,Q0,AP880729-0154,365,0.327501526830965,reciprocal_rank_fusion_k=60
173,Q0,DOE1-33-0575,366,0.32690310156739877,reciprocal_rank_fusion_k=60
173,Q0,AP880529-0040,367,0.3265089420111817,reciprocal_rank_fusion_k=60
173,Q0,WSJ911008-0111,368,0.3261220696485191,reciprocal_rank_fusion_k=60
173,Q0,DOE2-47-0841,369,0.3261109742199697,reciprocal_rank_fusion_k=60
173,Q0,AP880903-0126,370,0.3224167487407154,reciprocal_rank_fusion_k=60
173,Q0,WSJ900529-0087,371,0.32139061921241907,reciprocal_rank_fusion_k=60
173,Q0,WSJ870904-0029,372,0.31385225281883355,reciprocal_rank_fusion_k=60
173,Q0,WSJ880919-0122,373,0.3138048180499367,reciprocal_rank_fusion_k=60
173,Q0,AP890524-0159,374,0.3131715181758808,reciprocal_rank_fusion_k=60
173,Q0,WSJ910411-0048,375,0.30969764398485833,reciprocal_rank_fusion_k=60
173,Q0,AP880607-0271,376,0.3096390276972399,reciprocal_rank_fusion_k=60
173,Q0,WSJ900621-0101,377,0.3093607102308995,reciprocal_rank_fusion_k=60
173,Q0,AP880830-0219,378,0.3087714002412419,reciprocal_rank_fusion_k=60
173,Q0,WSJ881103-0129,379,0.30813597024832906,reciprocal_rank_fusion_k=60
173,Q0,AP880701-0078,380,0.30671564590159395,reciprocal_rank_fusion_k=60
173,Q0,WSJ900717-0132,381,0.3052832680912236,reciprocal_rank_fusion_k=60
173,Q0,AP890612-0142,382,0.3052630609566274,reciprocal_rank_fusion_k=60
173,Q0,AP890927-0216,383,0.30487098631614024,reciprocal_rank_fusion_k=60
173,Q0,AP890302-0077,384,0.30473449555495047,reciprocal_rank_fusion_k=60
173,Q0,AP880319-0135,385,0.30350476000294846,reciprocal_rank_fusion_k=60
173,Q0,AP890414-0213,386,0.302841713010959,reciprocal_rank_fusion_k=60
173,Q0,DOE1-33-0550,387,0.3007973471571937,reciprocal_rank_fusion_k=60
173,Q0,AP891004-0027,388,0.2989987494567096,reciprocal_rank_fusion_k=60
173,Q0,AP890719-0220,389,0.2986448404221411,reciprocal_rank_fusion_k=60
173,Q0,AP881108-0036,390,0.29859591097711563,reciprocal_rank_fusion_k=60
173,Q0,WSJ891004-0039,391,0.2982480762031732,reciprocal_rank_fusion_k=60
173,Q0,AP880611-0076,392,0.2978629888261044,reciprocal_rank_fusion_k=60
173,Q0,WSJ880406-0007,393,0.29621397489854656,reciprocal_rank_fusion_k=60
173,Q0,AP890106-0041,394,0.29571308882349545,reciprocal_rank_fusion_k=60
173,Q0,AP881104-0271,395,0.2953270679043385,reciprocal_rank_fusion_k=60
173,Q0,AP890919-0232,396,0.29519244856390014,reciprocal_rank_fusion_k=60
173,Q0,AP880525-0237,397,0.29487123338535887,reciprocal_rank_fusion_k=60
173,Q0,FR891102-0034,398,0.2925437425270013,reciprocal_rank_fusion_k=60
173,Q0,AP880606-0277,399,0.291884369172873,reciprocal_rank_fusion_k=60
173,Q0,WSJ870209-0008,400,0.2916827129910464,reciprocal_rank_fusion_k=60
173,Q0,AP880614-0052,401,0.29136940574774256,reciprocal_rank_fusion_k=60
173,Q0,WSJ880614-0029,402,0.2910817156611043,reciprocal_rank_fusion_k=60
173,Q0,AP880615-0288,403,0.2895789730319568,reciprocal_rank_fusion_k=60
173,Q0,AP880719-0045,404,0.2887658996329326,reciprocal_rank_fusion_k=60
173,Q0,AP880518-0183,405,0.28818636804675346,reciprocal_rank_fusion_k=60
173,Q0,AP880602-0123,406,0.28787033710045773,reciprocal_rank_fusion_k=60
173,Q0,AP890109-0290,407,0.2866061018537343,reciprocal_rank_fusion_k=60
173,Q0,AP880615-0090,408,0.28602911106040085,reciprocal_rank_fusion_k=60
173,Q0,DOE2-42-1187,409,0.286001313268064,reciprocal_rank_fusion_k=60
173,Q0,WSJ900809-0054,410,0.2857836848856534,reciprocal_rank_fusion_k=60
173,Q0,WSJ920210-0064,411,0.2855249305525551,reciprocal_rank_fusion_k=60
173,Q0,WSJ891010-0041,412,0.28410859410277806,reciprocal_rank_fusion_k=60
173,Q0,WSJ920130-0127,413,0.2836382721784181,reciprocal_rank_fusion_k=60
173,Q0,WSJ900628-0158,414,0.2828966139674547,reciprocal_rank_fusion_k=60
173,Q0,AP891109-0169,415,0.2823019621451387,reciprocal_rank_fusion_k=60
173,Q0,WSJ900727-0061,416,0.2815483488957218,reciprocal_rank_fusion_k=60
173,Q0,AP880503-0096,417,0.2814067398252417,reciprocal_rank_fusion_k=60
173,Q0,WSJ870416-0005,418,0.27962997484841395,reciprocal_rank_fusion_k=60
173,Q0,WSJ911211-0032,419,0.27865579673593116,reciprocal_rank_fusion_k=60
173,Q0,AP880516-0160,420,0.27346858506587396,reciprocal_rank_fusion_k=60
173,Q0,AP880423-0043,421,0.2731904821840308,reciprocal_rank_fusion_k=60
173,Q0,FR881130-0006,422,0.27293676609592893,reciprocal_rank_fusion_k=60
173,Q0,AP890117-0078,423,0.27167970886956805,reciprocal_rank_fusion_k=60
173,Q0,AP891011-0144,424,0.2715663408577929,reciprocal_rank_fusion_k=60
173,Q0,FR88516-0128,425,0.2714973282552196,reciprocal_rank_fusion_k=60
173,Q0,AP880613-0275,426,0.2699592495956211,reciprocal_rank_fusion_k=60
173,Q0,WSJ890912-0104,427,0.26946530885785686,reciprocal_rank_fusion_k=60
173,Q0,WSJ890915-0030,428,0.2691267782115677,reciprocal_rank_fusion_k=60
173,Q0,WSJ880622-0072,429,0.26893885285149677,reciprocal_rank_fusion_k=60
173,Q0,WSJ900627-0022,430,0.26885909148501974,reciprocal_rank_fusion_k=60
173,Q0,AP880619-0033,431,0.26848766444766026,reciprocal_rank_fusion_k=60
173,Q0,AP890803-0250,432,0.26824185789369465,reciprocal_rank_fusion_k=60
173,Q0,AP880217-0300,433,0.26524422942171527,reciprocal_rank_fusion_k=60
173,Q0,AP891214-0121,434,0.2649978806441353,reciprocal_rank_fusion_k=60
173,Q0,AP890928-0195,435,0.26313051217027156,reciprocal_rank_fusion_k=60
173,Q0,AP880622-0134,436,0.26267723263285814,reciprocal_rank_fusion_k=60
173,Q0,AP880526-0143,437,0.26221434050050385,reciprocal_rank_fusion_k=60
173,Q0,AP880506-0224,438,0.26147261344281963,reciprocal_rank_fusion_k=60
173,Q0,AP880428-0248,439,0.2593879990742561,reciprocal_rank_fusion_k=60
173,Q0,AP880722-0156,440,0.2591775548457922,reciprocal_rank_fusion_k=60
173,Q0,WSJ880512-0128,441,0.25852365121248927,reciprocal_rank_fusion_k=60
173,Q0,AP880828-0068,442,0.2572489013419597,reciprocal_rank_fusion_k=60
173,Q0,WSJ911118-0059,443,0.2559887028662412,reciprocal_rank_fusion_k=60
173,Q0,FR89817-0046,444,0.25468055369801457,reciprocal_rank_fusion_k=60
173,Q0,WSJ890731-0082,445,0.2546401751657884,reciprocal_rank_fusion_k=60
173,Q0,AP890228-0168,446,0.2541785851414733,reciprocal_rank_fusion_k=60
173,Q0,WSJ891102-0091,447,0.2515203681040331,reciprocal_rank_fusion_k=60
173,Q0,AP890819-0032,448,0.250979754410572,reciprocal_rank_fusion_k=60
173,Q0,AP880613-0204,449,0.2501237432751854,reciprocal_rank_fusion_k=60
173,Q0,WSJ900824-0051,450,0.2497129552073492,reciprocal_rank_fusion_k=60
173,Q0,WSJ910618-0124,451,0.24922649831470664,reciprocal_rank_fusion_k=60
173,Q0,WSJ900607-0107,452,0.24858324432670123,reciprocal_rank_fusion_k=60
173,Q0,AP880603-0161,453,0.2482031169377456,reciprocal_rank_fusion_k=60
173,Q0,WSJ870113-0118,454,0.24787251929823698,reciprocal_rank_fusion_k=60
173,Q0,WSJ880317-0175,455,0.24771095665563067,reciprocal_rank_fusion_k=60
173,Q0,WSJ871028-0090,456,0.24750748325328153,reciprocal_rank_fusion_k=60
173,Q0,WSJ900625-0069,457,0.2458012535265281,reciprocal_rank_fusion_k=60
173,Q0,FR88829-0013,458,0.24579773185178064,reciprocal_rank_fusion_k=60
173,Q0,DOE1-33-0682,459,0.24558004944719034,reciprocal_rank_fusion_k=60
173,Q0,WSJ880211-0149,460,0.24510860200356047,reciprocal_rank_fusion_k=60
173,Q0,WSJ920313-0070,461,0.24502324179736298,reciprocal_rank_fusion_k=60
173,Q0,AP890301-0171,462,0.24501862954646803,reciprocal_rank_fusion_k=60
173,Q0,ZF207-337-000,463,0.24490109279368438,reciprocal_rank_fusion_k=60
173,Q0,AP880830-0213,464,0.24249547988183137,reciprocal_rank_fusion_k=60
173,Q0,AP891208-0269,465,0.24213096371804715,reciprocal_rank_fusion_k=60
173,Q0,AP880621-0002,466,0.2413946686829789,reciprocal_rank_fusion_k=60
173,Q0,WSJ880413-0133,467,0.2411520753830542,reciprocal_rank_fusion_k=60
173,Q0,FR88514-0001,468,0.2408916603044747,reciprocal_rank_fusion_k=60
173,Q0,FR881021-0017,469,0.23937913113162618,reciprocal_rank_fusion_k=60
173,Q0,WSJ871224-0061,470,0.23883120614416525,reciprocal_rank_fusion_k=60
173,Q0,WSJ920124-0041,471,0.23762475633370655,reciprocal_rank_fusion_k=60
173,Q0,AP880409-0096,472,0.2370110189697018,reciprocal_rank_fusion_k=60
173,Q0,DOE1-43-0873,473,0.23653856920469285,reciprocal_rank_fusion_k=60
173,Q0,FR89313-0007,474,0.23538105938243342,reciprocal_rank_fusion_k=60
173,Q0,AP890914-0226,475,0.2353141088085483,reciprocal_rank_fusion_k=60
173,Q0,AP881004-0275,476,0.2352404785826013,reciprocal_rank_fusion_k=60
173,Q0,WSJ871231-0034,477,0.23495565536387863,reciprocal_rank_fusion_k=60
173,Q0,AP881125-0088,478,0.23416838656022235,reciprocal_rank_fusion_k=60
173,Q0,AP890628-0007,479,0.23415062206621104,reciprocal_rank_fusion_k=60
173,Q0,AP890627-0129,480,0.23359070440099022,reciprocal_rank_fusion_k=60
173,Q0,AP880602-0322,481,0.23338762563802512,reciprocal_rank_fusion_k=60
173,Q0,WSJ880503-0080,482,0.23287393980611382,reciprocal_rank_fusion_k=60
173,Q0,FR881121-0046,483,0.23282290573258643,reciprocal_rank_fusion_k=60
173,Q0,WSJ920117-0140,484,0.2326122589622966,reciprocal_rank_fusion_k=60
173,Q0,WSJ900912-0036,485,0.2325628917549725,reciprocal_rank_fusion_k=60
173,Q0,AP881115-0085,486,0.23133008417395642,reciprocal_rank_fusion_k=60
173,Q0,WSJ880823-0118,487,0.23015754379617576,reciprocal_rank_fusion_k=60
173,Q0,WSJ910918-0043,488,0.22969344980909778,reciprocal_rank_fusion_k=60
173,Q0,AP890305-0041,489,0.22953738611137647,reciprocal_rank_fusion_k=60
173,Q0,FR88816-0072,490,0.22901710351865537,reciprocal_rank_fusion_k=60
173,Q0,WSJ880422-0094,491,0.22900893480777254,reciprocal_rank_fusion_k=60
173,Q0,AP881130-0164,492,0.2284445807906075,reciprocal_rank_fusion_k=60
173,Q0,FR88830-0013,493,0.22793805885127727,reciprocal_rank_fusion_k=60
173,Q0,AP881115-0195,494,0.22773200212635406,reciprocal_rank_fusion_k=60
173,Q0,WSJ870917-0055,495,0.2272584580901928,reciprocal_rank_fusion_k=60
173,Q0,WSJ920228-0178,496,0.22712665957768488,reciprocal_rank_fusion_k=60
173,Q0,DOE1-33-0629,497,0.22569899396917525,reciprocal_rank_fusion_k=60
173,Q0,FR881207-0031,498,0.22565064944243082,reciprocal_rank_fusion_k=60
173,Q0,FR881024-0194,499,0.225413758450357,reciprocal_rank_fusion_k=60
173,Q0,AP881210-0037,500,0.2250454542213497,reciprocal_rank_fusion_k=60
173,Q0,WSJ880224-0042,501,0.22484711074043995,reciprocal_rank_fusion_k=60
173,Q0,AP891110-0196,502,0.22459766589587235,reciprocal_rank_fusion_k=60
173,Q0,WSJ910628-0064,503,0.22436873382099384,reciprocal_rank_fusion_k=60
173,Q0,WSJ910614-0135,504,0.2242366125850757,reciprocal_rank_fusion_k=60
173,Q0,AP880625-0058,505,0.22350758221346576,reciprocal_rank_fusion_k=60
173,Q0,WSJ880426-0074,506,0.22346230925516175,reciprocal_rank_fusion_k=60
173,Q0,AP890418-0066,507,0.22315671771007342,reciprocal_rank_fusion_k=60
173,Q0,WSJ910614-0146,508,0.22281966033667341,reciprocal_rank_fusion_k=60
173,Q0,WSJ900926-0161,509,0.22248184504273644,reciprocal_rank_fusion_k=60
173,Q0,AP880425-0274,510,0.22236722542691223,reciprocal_rank_fusion_k=60
173,Q0,AP891108-0036,511,0.22175809130709703,reciprocal_rank_fusion_k=60
173,Q0,ZF207-246-442,512,0.22088206612277828,reciprocal_rank_fusion_k=60
173,Q0,AP890703-0011,513,0.2203655827032168,reciprocal_rank_fusion_k=60
173,Q0,FR88808-0043,514,0.2198709269290606,reciprocal_rank_fusion_k=60
173,Q0,AP891115-0028,515,0.21909165417651488,reciprocal_rank_fusion_k=60
173,Q0,FR89627-0128,516,0.21813850032670953,reciprocal_rank_fusion_k=60
173,Q0,AP880613-0305,517,0.21809142682313637,reciprocal_rank_fusion_k=60
173,Q0,WSJ880706-0150,518,0.21765918195468253,reciprocal_rank_fusion_k=60
173,Q0,AP890714-0015,519,0.21765827319094805,reciprocal_rank_fusion_k=60
173,Q0,FR881110-0018,520,0.21747107484337752,reciprocal_rank_fusion_k=60
173,Q0,AP881103-0046,521,0.2171245159657087,reciprocal_rank_fusion_k=60
173,Q0,AP890912-0104,522,0.21666185896542428,reciprocal_rank_fusion_k=60
173,Q0,WSJ891018-0099,523,0.21664656733908566,reciprocal_rank_fusion_k=60
173,Q0,AP880405-0010,524,0.21654302068253609,reciprocal_rank_fusion_k=60
173,Q0,WSJ871028-0131,525,0.21630885509337616,reciprocal_rank_fusion_k=60
173,Q0,AP880617-0277,526,0.21535643211708888,reciprocal_rank_fusion_k=60
173,Q0,AP880312-0142,527,0.21426119756078146,reciprocal_rank_fusion_k=60
173,Q0,WSJ880615-0127,528,0.21424848747898395,reciprocal_rank_fusion_k=60
173,Q0,DOE2-09-0883,529,0.21405165639082985,reciprocal_rank_fusion_k=60
173,Q0,AP891110-0211,530,0.21268461951368564,reciprocal_rank_fusion_k=60
173,Q0,FR88907-0036,531,0.2116408358427695,reciprocal_rank_fusion_k=60
173,Q0,AP891012-0141,532,0.20946705737776875,reciprocal_rank_fusion_k=60
173,Q0,AP891115-0107,533,0.2093506739224067,reciprocal_rank_fusion_k=60
173,Q0,AP891215-0016,534,0.20915314219426373,reciprocal_rank_fusion_k=60
173,Q0,WSJ900727-0178,535,0.2090817248607064,reciprocal_rank_fusion_k=60
173,Q0,FR88708-0027,536,0.20824420104419014,reciprocal_rank_fusion_k=60
173,Q0,WSJ920212-0018,537,0.20779380888910065,reciprocal_rank_fusion_k=60
173,Q0,WSJ920324-0102,538,0.20737468071046825,reciprocal_rank_fusion_k=60
173,Q0,WSJ870707-0145,539,0.20679202021867807,reciprocal_rank_fusion_k=60
173,Q0,AP891107-0089,540,0.20608299764487795,reciprocal_rank_fusion_k=60
173,Q0,AP890629-0005,541,0.20567463718560178,reciprocal_rank_fusion_k=60
173,Q0,WSJ870513-0165,542,0.20548173643625156,reciprocal_rank_fusion_k=60
173,Q0,WSJ880404-0013,543,0.20400533508413302,reciprocal_rank_fusion_k=60
173,Q0,AP880609-0126,544,0.2036656427010498,reciprocal_rank_fusion_k=60
173,Q0,WSJ880613-0143,545,0.20363210683390934,reciprocal_rank_fusion_k=60
173,Q0,AP880425-0292,546,0.203011535913943,reciprocal_rank_fusion_k=60
173,Q0,DOE1-34-0053,547,0.2028233577384219,reciprocal_rank_fusion_k=60
173,Q0,AP880503-0171,548,0.20256836404199324,reciprocal_rank_fusion_k=60
173,Q0,WSJ891101-0038,549,0.20200268896334786,reciprocal_rank_fusion_k=60
173,Q0,WSJ890908-0016,550,0.2002070352756561,reciprocal_rank_fusion_k=60
173,Q0,DOE1-33-0593,551,0.20009363814637984,reciprocal_rank_fusion_k=60
173,Q0,AP881102-0306,552,0.19909773229461278,reciprocal_rank_fusion_k=60
173,Q0,AP880815-0137,553,0.19867480164530585,reciprocal_rank_fusion_k=60
173,Q0,WSJ870506-0174,554,0.19634882271829773,reciprocal_rank_fusion_k=60
173,Q0,AP880213-0196,555,0.1951945753676066,reciprocal_rank_fusion_k=60
173,Q0,AP880614-0047,556,0.19495601004493315,reciprocal_rank_fusion_k=60
173,Q0,AP890224-0033,557,0.19432144833934945,reciprocal_rank_fusion_k=60
173,Q0,AP880603-0015,558,0.19404240895647917,reciprocal_rank_fusion_k=60
173,Q0,AP880602-0168,559,0.1929789925263445,reciprocal_rank_fusion_k=60
173,Q0,AP880912-0210,560,0.19249225380199358,reciprocal_rank_fusion_k=60
173,Q0,WSJ870915-0097,561,0.19209039297607414,reciprocal_rank_fusion_k=60
173,Q0,DOE2-76-0416,562,0.18985017873395163,reciprocal_rank_fusion_k=60
173,Q0,WSJ880705-0155,563,0.18962436234569036,reciprocal_rank_fusion_k=60
173,Q0,AP890123-0081,564,0.18911741551116487,reciprocal_rank_fusion_k=60
173,Q0,AP880906-0161,565,0.18821774440907832,reciprocal_rank_fusion_k=60
173,Q0,AP881117-0235,566,0.18796178977739414,reciprocal_rank_fusion_k=60
173,Q0,AP881109-0298,567,0.18782917308207125,reciprocal_rank_fusion_k=60
173,Q0,WSJ910621-0111,568,0.18753631292449766,reciprocal_rank_fusion_k=60
173,Q0,WSJ910923-0090,569,0.18712656505597322,reciprocal_rank_fusion_k=60
173,Q0,AP890729-0046,570,0.1867825139653856,reciprocal_rank_fusion_k=60
173,Q0,AP891108-0157,571,0.1866474742787985,reciprocal_rank_fusion_k=60
173,Q0,AP891030-0061,572,0.18643003356437676,reciprocal_rank_fusion_k=60
173,Q0,AP890301-0035,573,0.18627068959843626,reciprocal_rank_fusion_k=60
173,Q0,DOE1-33-0679,574,0.18570588476996355,reciprocal_rank_fusion_k=60
173,Q0,AP890609-0253,575,0.18537125857607376,reciprocal_rank_fusion_k=60
173,Q0,AP880414-0205,576,0.1853114827478236,reciprocal_rank_fusion_k=60
173,Q0,AP890111-0250,577,0.18519436689287283,reciprocal_rank_fusion_k=60
173,Q0,DOE1-77-0128,578,0.18503477950201594,reciprocal_rank_fusion_k=60
173,Q0,AP881118-0041,579,0.18462039802262842,reciprocal_rank_fusion_k=60
173,Q0,AP890910-0040,580,0.18428894694650239,reciprocal_rank_fusion_k=60
173,Q0,WSJ861217-0004,581,0.1836652361263601,reciprocal_rank_fusion_k=60
173,Q0,WSJ900807-0070,582,0.1835963265943667,reciprocal_rank_fusion_k=60
173,Q0,FR88510-0032,583,0.18357310849136263,reciprocal_rank_fusion_k=60
173,Q0,AP880426-0100,584,0.18273319500344382,reciprocal_rank_fusion_k=60
173,Q0,WSJ881104-0144,585,0.18251418164468164,reciprocal_rank_fusion_k=60
173,Q0,WSJ900503-0092,586,0.1818981902591445,reciprocal_rank_fusion_k=60
173,Q0,AP880614-0159,587,0.1816805832959853,reciprocal_rank_fusion_k=60
173,Q0,WSJ920113-0033,588,0.18137525774583416,reciprocal_rank_fusion_k=60
173,Q0,AP881109-0041,589,0.18060408446890347,reciprocal_rank_fusion_k=60
173,Q0,AP880304-0079,590,0.17696142823501773,reciprocal_rank_fusion_k=60
173,Q0,WSJ910624-0148,591,0.17693185453738008,reciprocal_rank_fusion_k=60
173,Q0,AP891206-0032,592,0.17663935353550925,reciprocal_rank_fusion_k=60
173,Q0,AP890818-0109,593,0.17648863623217095,reciprocal_rank_fusion_k=60
173,Q0,AP880616-0145,594,0.1762694138238255,reciprocal_rank_fusion_k=60
173,Q0,WSJ890810-0106,595,0.17619884791520057,reciprocal_rank_fusion_k=60
173,Q0,DOE1-77-0177,596,0.17559910396796036,reciprocal_rank_fusion_k=60
173,Q0,DOE2-23-0752,597,0.17545711645573633,reciprocal_rank_fusion_k=60
173,Q0,AP880909-0135,598,0.175015795770943,reciprocal_rank_fusion_k=60
173,Q0,AP880831-0172,599,0.17482688133794472,reciprocal_rank_fusion_k=60
173,Q0,DOE2-22-0932,600,0.1748202153218008,reciprocal_rank_fusion_k=60
173,Q0,FR881121-0034,601,0.174806699578702,reciprocal_rank_fusion_k=60
173,Q0,FR89623-0126,602,0.1744427470284508,reciprocal_rank_fusion_k=60
173,Q0,AP890615-0233,603,0.17358113960158256,reciprocal_rank_fusion_k=60
173,Q0,AP890107-0024,604,0.1729651751596747,reciprocal_rank_fusion_k=60
173,Q0,AP880630-0102,605,0.17251825253776581,reciprocal_rank_fusion_k=60
173,Q0,AP890612-0251,606,0.17243030132749965,reciprocal_rank_fusion_k=60
173,Q0,WSJ900523-0140,607,0.17224480906119877,reciprocal_rank_fusion_k=60
173,Q0,AP881012-0263,608,0.17129066859476694,reciprocal_rank_fusion_k=60
173,Q0,FR89421-0120,609,0.1712131734971608,reciprocal_rank_fusion_k=60
173,Q0,AP890405-0131,610,0.17050338389600178,reciprocal_rank_fusion_k=60
173,Q0,WSJ910808-0052,611,0.16993706525720778,reciprocal_rank_fusion_k=60
173,Q0,WSJ900618-0071,612,0.16969976713949583,reciprocal_rank_fusion_k=60
173,Q0,AP881123-0115,613,0.1694386594422011,reciprocal_rank_fusion_k=60
173,Q0,AP880821-0031,614,0.16855572528053636,reciprocal_rank_fusion_k=60
173,Q0,WSJ870317-0086,615,0.16850591450352387,reciprocal_rank_fusion_k=60
173,Q0,WSJ871008-0137,616,0.1671434754131018,reciprocal_rank_fusion_k=60
173,Q0,WSJ900914-0139,617,0.16713625676204588,reciprocal_rank_fusion_k=60
173,Q0,AP880729-0111,618,0.1670788506008743,reciprocal_rank_fusion_k=60
173,Q0,WSJ911119-0068,619,0.16660071148516123,reciprocal_rank_fusion_k=60
173,Q0,AP880612-0069,620,0.16654668010328738,reciprocal_rank_fusion_k=60
173,Q0,WSJ871202-0018,621,0.1665069435063082,reciprocal_rank_fusion_k=60
173,Q0,DOE2-26-0338,622,0.166255043253884,reciprocal_rank_fusion_k=60
173,Q0,WSJ910425-0136,623,0.16625494489379783,reciprocal_rank_fusion_k=60
173,Q0,AP880226-0066,624,0.1662311619162189,reciprocal_rank_fusion_k=60
173,Q0,WSJ871008-0090,625,0.16583821555915482,reciprocal_rank_fusion_k=60
173,Q0,FR88504-0037,626,0.165426921256636,reciprocal_rank_fusion_k=60
173,Q0,WSJ870728-0070,627,0.16515467011870827,reciprocal_rank_fusion_k=60
173,Q0,AP890314-0155,628,0.1648093020234101,reciprocal_rank_fusion_k=60
173,Q0,AP881019-0102,629,0.16465891831576263,reciprocal_rank_fusion_k=60
173,Q0,DOE1-55-0779,630,0.16406362513666273,reciprocal_rank_fusion_k=60
173,Q0,WSJ880510-0060,631,0.16331157872644628,reciprocal_rank_fusion_k=60
173,Q0,FR89817-0045,632,0.1620929813869586,reciprocal_rank_fusion_k=60
173,Q0,FR891127-0013,633,0.16175910658879827,reciprocal_rank_fusion_k=60
173,Q0,FR89313-0037,634,0.16141360026064655,reciprocal_rank_fusion_k=60
173,Q0,AP890516-0223,635,0.1613041069643037,reciprocal_rank_fusion_k=60
173,Q0,WSJ870121-0071,636,0.16095225783255668,reciprocal_rank_fusion_k=60
173,Q0,WSJ870422-0055,637,0.16089981478223564,reciprocal_rank_fusion_k=60
173,Q0,ZF207-213-460,638,0.1607637211054149,reciprocal_rank_fusion_k=60
173,Q0,WSJ911010-0103,639,0.16049376241915475,reciprocal_rank_fusion_k=60
173,Q0,AP881109-0141,640,0.1603110144041484,reciprocal_rank_fusion_k=60
173,Q0,FR88811-0030,641,0.16024957232609474,reciprocal_rank_fusion_k=60
173,Q0,AP880422-0296,642,0.15969633314457804,reciprocal_rank_fusion_k=60
173,Q0,AP880528-0110,643,0.15953726162205814,reciprocal_rank_fusion_k=60
173,Q0,WSJ880627-0062,644,0.1595316928856582,reciprocal_rank_fusion_k=60
173,Q0,DOE1-51-0661,645,0.15902489878829484,reciprocal_rank_fusion_k=60
173,Q0,WSJ891017-0012,646,0.15872583203474958,reciprocal_rank_fusion_k=60
173,Q0,AP890511-0170,647,0.15867844026134564,reciprocal_rank_fusion_k=60
173,Q0,AP890515-0159,648,0.15861238150327742,reciprocal_rank_fusion_k=60
173,Q0,WSJ870512-0026,649,0.15848696138359117,reciprocal_rank_fusion_k=60
173,Q0,AP890913-0222,650,0.15789896309045692,reciprocal_rank_fusion_k=60
173,Q0,DOE1-33-0582,651,0.157749160416166,reciprocal_rank_fusion_k=60
173,Q0,AP881031-0119,652,0.1572061739311331,reciprocal_rank_fusion_k=60
173,Q0,FR88708-0021,653,0.15716349691183862,reciprocal_rank_fusion_k=60
173,Q0,WSJ900717-0128,654,0.1568582375931169,reciprocal_rank_fusion_k=60
173,Q0,WSJ900413-0192,655,0.1567818925195676,reciprocal_rank_fusion_k=60
173,Q0,DOE1-33-0560,656,0.15672243288375087,reciprocal_rank_fusion_k=60
173,Q0,WSJ870915-0111,657,0.1563374667128706,reciprocal_rank_fusion_k=60
173,Q0,AP880311-0004,658,0.15630804348599717,reciprocal_rank_fusion_k=60
173,Q0,AP880904-0065,659,0.15621800841075606,reciprocal_rank_fusion_k=60
173,Q0,WSJ900416-0087,660,0.1553805044810201,reciprocal_rank_fusion_k=60
173,Q0,AP880614-0018,661,0.15511499655917668,reciprocal_rank_fusion_k=60
173,Q0,AP880909-0091,662,0.15459556809942926,reciprocal_rank_fusion_k=60
173,Q0,WSJ910625-0115,663,0.15448701192589945,reciprocal_rank_fusion_k=60
173,Q0,ZF207-427-728,664,0.15357813197692904,reciprocal_rank_fusion_k=60
173,Q0,FR89307-0019,665,0.15357171472948467,reciprocal_rank_fusion_k=60
173,Q0,AP880831-0044,666,0.15345305702265707,reciprocal_rank_fusion_k=60
173,Q0,AP890427-0117,667,0.15318888696741165,reciprocal_rank_fusion_k=60
173,Q0,WSJ880908-0096,668,0.15297267799826314,reciprocal_rank_fusion_k=60
173,Q0,WSJ880830-0082,669,0.15295564749141988,reciprocal_rank_fusion_k=60
173,Q0,FR89726-0032,670,0.15262160848980216,reciprocal_rank_fusion_k=60
173,Q0,FR88922-0017,671,0.15191887526385242,reciprocal_rank_fusion_k=60
173,Q0,AP880901-0265,672,0.151407858915601,reciprocal_rank_fusion_k=60
173,Q0,DOE1-29-0254,673,0.15124866781487675,reciprocal_rank_fusion_k=60
173,Q0,DOE2-83-0599,674,0.15121850493215988,reciprocal_rank_fusion_k=60
173,Q0,DOE2-66-0362,675,0.15095934838043257,reciprocal_rank_fusion_k=60
173,Q0,ZF207-358-712,676,0.14980622887405828,reciprocal_rank_fusion_k=60
173,Q0,FR88902-0041,677,0.1492558030345155,reciprocal_rank_fusion_k=60
173,Q0,AP880918-0079,678,0.14883386146827224,reciprocal_rank_fusion_k=60
173,Q0,WSJ880622-0074,679,0.1487960335450841,reciprocal_rank_fusion_k=60
173,Q0,AP880421-0305,680,0.14795673471261372,reciprocal_rank_fusion_k=60
173,Q0,FR89922-0018,681,0.1475670873876367,reciprocal_rank_fusion_k=60
173,Q0,WSJ880505-0082,682,0.1475613911776628,reciprocal_rank_fusion_k=60
173,Q0,FR881107-0026,683,0.1474117821840991,reciprocal_rank_fusion_k=60
173,Q0,DOE2-22-0930,684,0.14712653639479914,reciprocal_rank_fusion_k=60
173,Q0,AP890622-0150,685,0.14709329620102982,reciprocal_rank_fusion_k=60
173,Q0,FR89123-0023,686,0.1469591326227911,reciprocal_rank_fusion_k=60
173,Q0,AP880304-0260,687,0.14694013020796998,reciprocal_rank_fusion_k=60
173,Q0,AP881003-0095,688,0.1467266381035646,reciprocal_rank_fusion_k=60
173,Q0,AP891116-0013,689,0.14669884240605433,reciprocal_rank_fusion_k=60
173,Q0,AP880919-0155,690,0.1464283912871005,reciprocal_rank_fusion_k=60
173,Q0,AP880611-0158,691,0.1457769127402034,reciprocal_rank_fusion_k=60
173,Q0,WSJ890920-0041,692,0.14530681464984685,reciprocal_rank_fusion_k=60
173,Q0,DOE1-33-0580,693,0.14515788611335517,reciprocal_rank_fusion_k=60
173,Q0,FR88511-0157,694,0.14508051946012274,reciprocal_rank_fusion_k=60
173,Q0,FR89616-0005,695,0.14426112861905346,reciprocal_rank_fusion_k=60
173,Q0,WSJ880120-0018,696,0.1440485791781054,reciprocal_rank_fusion_k=60
173,Q0,FR88909-0055,697,0.14386067627898333,reciprocal_rank_fusion_k=60
173,Q0,WSJ900405-0043,698,0.14353781028327695,reciprocal_rank_fusion_k=60
173,Q0,AP881102-0146,699,0.14352203089750118,reciprocal_rank_fusion_k=60
173,Q0,WSJ880401-0043,700,0.1431020067353949,reciprocal_rank_fusion_k=60
173,Q0,DOE2-01-0680,701,0.1429502820183897,reciprocal_rank_fusion_k=60
173,Q0,FR891011-0020,702,0.14227031148099675,reciprocal_rank_fusion_k=60
173,Q0,DOE1-33-0578,703,0.14195156251730562,reciprocal_rank_fusion_k=60
173,Q0,AP890919-0151,704,0.14154770525802107,reciprocal_rank_fusion_k=60
173,Q0,AP890118-0260,705,0.1412795105088467,reciprocal_rank_fusion_k=60
173,Q0,WSJ870403-0076,706,0.14112372953395846,reciprocal_rank_fusion_k=60
173,Q0,AP880505-0321,707,0.14111721876857478,reciprocal_rank_fusion_k=60
173,Q0,FR89927-0112,708,0.14056606182084264,reciprocal_rank_fusion_k=60
173,Q0,AP880224-0057,709,0.1403258537267879,reciprocal_rank_fusion_k=60
173,Q0,FR89726-0040,710,0.14008396860342168,reciprocal_rank_fusion_k=60
173,Q0,AP891108-0169,711,0.13960538381087528,reciprocal_rank_fusion_k=60
173,Q0,WSJ900927-0100,712,0.13915836330228298,reciprocal_rank_fusion_k=60
173,Q0,AP880518-0317,713,0.13900634282807622,reciprocal_rank_fusion_k=60
173,Q0,FR89404-0122,714,0.13865489076455825,reciprocal_rank_fusion_k=60
173,Q0,FR881121-0038,715,0.1383434488408873,reciprocal_rank_fusion_k=60
173,Q0,AP880701-0067,716,0.13813649058127245,reciprocal_rank_fusion_k=60
173,Q0,AP881124-0005,717,0.13767776194609502,reciprocal_rank_fusion_k=60
173,Q0,ZF207-246-596,718,0.13759730593194625,reciprocal_rank_fusion_k=60
173,Q0,AP890124-0237,719,0.13694456926571483,reciprocal_rank_fusion_k=60
173,Q0,WSJ910508-0104,720,0.13641857820117823,reciprocal_rank_fusion_k=60
173,Q0,WSJ870826-0037,721,0.1363387495807837,reciprocal_rank_fusion_k=60
173,Q0,FR881121-0032,722,0.13573628047131564,reciprocal_rank_fusion_k=60
173,Q0,AP890417-0009,723,0.13522577702884347,reciprocal_rank_fusion_k=60
173,Q0,AP881118-0106,724,0.13484381629833675,reciprocal_rank_fusion_k=60
173,Q0,WSJ891018-0072,725,0.13479404244871787,reciprocal_rank_fusion_k=60
173,Q0,FR89524-0006,726,0.1345800989810524,reciprocal_rank_fusion_k=60
173,Q0,FR88510-0034,727,0.13447831241482028,reciprocal_rank_fusion_k=60
173,Q0,AP880606-0074,728,0.13423135918821352,reciprocal_rank_fusion_k=60
173,Q0,WSJ900524-0028,729,0.1338423086115418,reciprocal_rank_fusion_k=60
173,Q0,WSJ871218-0003,730,0.13318860782230107,reciprocal_rank_fusion_k=60
173,Q0,FR89206-0035,731,0.13310496923625328,reciprocal_rank_fusion_k=60
173,Q0,WSJ920203-0085,732,0.1327065393859347,reciprocal_rank_fusion_k=60
173,Q0,FR88512-0011,733,0.13244185536404268,reciprocal_rank_fusion_k=60
173,Q0,WSJ870703-0144,734,0.13238855446530867,reciprocal_rank_fusion_k=60
173,Q0,AP890309-0010,735,0.13223004269865932,reciprocal_rank_fusion_k=60
173,Q0,FR89131-0027,736,0.13197095833982608,reciprocal_rank_fusion_k=60
173,Q0,AP890106-0070,737,0.13092238285069838,reciprocal_rank_fusion_k=60
173,Q0,WSJ910314-0144,738,0.1305353078271424,reciprocal_rank_fusion_k=60
173,Q0,ZF108-334-798,739,0.13052039080024874,reciprocal_rank_fusion_k=60
173,Q0,FR88712-0092,740,0.130188249836491,reciprocal_rank_fusion_k=60
173,Q0,FR88506-0019,741,0.13000572696925808,reciprocal_rank_fusion_k=60
173,Q0,AP890106-0211,742,0.12988382571099139,reciprocal_rank_fusion_k=60
173,Q0,AP890829-0183,743,0.12983272236186147,reciprocal_rank_fusion_k=60
173,Q0,WSJ881117-0010,744,0.12979480640908445,reciprocal_rank_fusion_k=60
173,Q0,AP880505-0285,745,0.1297606413725082,reciprocal_rank_fusion_k=60
173,Q0,WSJ900906-0001,746,0.12940003229409824,reciprocal_rank_fusion_k=60
173,Q0,DOE2-73-0874,747,0.12931105794454908,reciprocal_rank_fusion_k=60
173,Q0,WSJ880426-0061,748,0.12864447389353056,reciprocal_rank_fusion_k=60
173,Q0,WSJ880513-0015,749,0.1285355216370454,reciprocal_rank_fusion_k=60
173,Q0,WSJ880831-0135,750,0.12850917871090126,reciprocal_rank_fusion_k=60
173,Q0,WSJ881006-0141,751,0.1284935284294645,reciprocal_rank_fusion_k=60
173,Q0,FR88712-0091,752,0.12778098732218884,reciprocal_rank_fusion_k=60
173,Q0,FR881024-0085,753,0.12720205656241024,reciprocal_rank_fusion_k=60
173,Q0,DOE1-85-0989,754,0.12689428514454193,reciprocal_rank_fusion_k=60
173,Q0,AP890904-0023,755,0.12680874667572292,reciprocal_rank_fusion_k=60
173,Q0,WSJ900831-0078,756,0.1266421096966023,reciprocal_rank_fusion_k=60
173,Q0,FR891013-0117,757,0.12623722281541283,reciprocal_rank_fusion_k=60
173,Q0,FR881123-0027,758,0.1261488688683598,reciprocal_rank_fusion_k=60
173,Q0,ZF109-573-183,759,0.12528056404197918,reciprocal_rank_fusion_k=60
173,Q0,FR881024-0109,760,0.12522180683956136,reciprocal_rank_fusion_k=60
173,Q0,WSJ911112-0145,761,0.12499385425690412,reciprocal_rank_fusion_k=60
173,Q0,WSJ890918-0013,762,0.12487021734578001,reciprocal_rank_fusion_k=60
173,Q0,WSJ900823-0104,763,0.12464581857126415,reciprocal_rank_fusion_k=60
173,Q0,WSJ910619-0019,764,0.12371655790355947,reciprocal_rank_fusion_k=60
173,Q0,DOE2-23-0884,765,0.12364057717706547,reciprocal_rank_fusion_k=60
173,Q0,AP880510-0285,766,0.12362107400410906,reciprocal_rank_fusion_k=60
173,Q0,AP880422-0205,767,0.12359054952293541,reciprocal_rank_fusion_k=60
173,Q0,FR881121-0036,768,0.1234180791967426,reciprocal_rank_fusion_k=60
173,Q0,FR89627-0031,769,0.12245980858335717,reciprocal_rank_fusion_k=60
173,Q0,WSJ900716-0134,770,0.12232515725730757,reciprocal_rank_fusion_k=60
173,Q0,DOE1-64-0331,771,0.12229202760461803,reciprocal_rank_fusion_k=60
173,Q0,WSJ871217-0012,772,0.12225620183710265,reciprocal_rank_fusion_k=60
173,Q0,FR89731-0026,773,0.12223154089016261,reciprocal_rank_fusion_k=60
173,Q0,WSJ910913-0055,774,0.12182977217302698,reciprocal_rank_fusion_k=60
173,Q0,FR88512-0113,775,0.12177439117009942,reciprocal_rank_fusion_k=60
173,Q0,FR89607-0014,776,0.12148538322721528,reciprocal_rank_fusion_k=60
173,Q0,ZF109-597-963,777,0.1212358174689782,reciprocal_rank_fusion_k=60
173,Q0,WSJ870720-0004,778,0.12108083266900269,reciprocal_rank_fusion_k=60
173,Q0,AP880326-0187,779,0.12060204938154863,reciprocal_rank_fusion_k=60
173,Q0,WSJ900507-0111,780,0.1203110062688601,reciprocal_rank_fusion_k=60
173,Q0,DOE1-42-0455,781,0.12012989858294934,reciprocal_rank_fusion_k=60
173,Q0,AP890707-0162,782,0.11941704993940411,reciprocal_rank_fusion_k=60
173,Q0,WSJ910426-0081,783,0.11927201702353407,reciprocal_rank_fusion_k=60
173,Q0,DOE1-24-0277,784,0.11922329313086358,reciprocal_rank_fusion_k=60
173,Q0,DOE1-94-0589,785,0.11914043817334942,reciprocal_rank_fusion_k=60
173,Q0,WSJ880201-0066,786,0.11911589163534927,reciprocal_rank_fusion_k=60
173,Q0,AP880516-0159,787,0.1189721104575467,reciprocal_rank_fusion_k=60
173,Q0,FR88830-0045,788,0.11891894460978458,reciprocal_rank_fusion_k=60
173,Q0,FR88829-0045,789,0.11863328592360323,reciprocal_rank_fusion_k=60
173,Q0,WSJ870220-0019,790,0.1178092525089316,reciprocal_rank_fusion_k=60
173,Q0,WSJ871231-0144,791,0.11726753110931346,reciprocal_rank_fusion_k=60
173,Q0,WSJ861204-0065,792,0.11701643911042792,reciprocal_rank_fusion_k=60
173,Q0,WSJ880908-0150,793,0.11646871395093769,reciprocal_rank_fusion_k=60
173,Q0,AP890120-0025,794,0.11624203206096118,reciprocal_rank_fusion_k=60
173,Q0,AP880624-0299,795,0.11622556491407307,reciprocal_rank_fusion_k=60
173,Q0,FR89727-0017,796,0.11587388133434603,reciprocal_rank_fusion_k=60
173,Q0,FR891113-0106,797,0.11586259333843185,reciprocal_rank_fusion_k=60
173,Q0,AP880223-0194,798,0.11585364830023123,reciprocal_rank_fusion_k=60
173,Q0,WSJ890927-0119,799,0.1154436587595167,reciprocal_rank_fusion_k=60
173,Q0,WSJ911211-0008,800,0.11541868166786445,reciprocal_rank_fusion_k=60
173,Q0,WSJ911008-0133,801,0.11516422204007554,reciprocal_rank_fusion_k=60
173,Q0,WSJ880115-0101,802,0.1145096442506668,reciprocal_rank_fusion_k=60
173,Q0,AP881022-0050,803,0.11445488549353686,reciprocal_rank_fusion_k=60
173,Q0,ZF109-545-325,804,0.11375730051107297,reciprocal_rank_fusion_k=60
173,Q0,FR88218-0022,805,0.11354502043380664,reciprocal_rank_fusion_k=60
173,Q0,AP880427-0263,806,0.1132278369919434,reciprocal_rank_fusion_k=60
173,Q0,WSJ870814-0088,807,0.11318220254493772,reciprocal_rank_fusion_k=60
173,Q0,WSJ911004-0087,808,0.11272100563305577,reciprocal_rank_fusion_k=60
173,Q0,FR89421-0116,809,0.1126221564026036,reciprocal_rank_fusion_k=60
173,Q0,WSJ870604-0010,810,0.11257728782653753,reciprocal_rank_fusion_k=60
173,Q0,FR881024-0095,811,0.11250205237821481,reciprocal_rank_fusion_k=60
173,Q0,AP890426-0111,812,0.11204409476530386,reciprocal_rank_fusion_k=60
173,Q0,AP890929-0220,813,0.1117736684982176,reciprocal_rank_fusion_k=60
173,Q0,AP890425-0082,814,0.11170203623833518,reciprocal_rank_fusion_k=60
173,Q0,FR89809-0091,815,0.11160788915195953,reciprocal_rank_fusion_k=60
173,Q0,FR88121-0034,816,0.11152265053365973,reciprocal_rank_fusion_k=60
173,Q0,WSJ880804-0121,817,0.11098874530432341,reciprocal_rank_fusion_k=60
173,Q0,FR89406-0115,818,0.11094875639820842,reciprocal_rank_fusion_k=60
173,Q0,AP880620-0049,819,0.1108976643790322,reciprocal_rank_fusion_k=60
173,Q0,AP881016-0045,820,0.11066897960764341,reciprocal_rank_fusion_k=60
173,Q0,ZF207-229-048,821,0.10989658400286631,reciprocal_rank_fusion_k=60
173,Q0,AP890317-0036,822,0.10959843562354346,reciprocal_rank_fusion_k=60
173,Q0,DOE2-58-0410,823,0.10951656642428198,reciprocal_rank_fusion_k=60
173,Q0,DOE2-66-0725,824,0.10935590788485794,reciprocal_rank_fusion_k=60
173,Q0,DOE2-35-0406,825,0.10933809275010792,reciprocal_rank_fusion_k=60
173,Q0,FR891025-0107,826,0.1093094993666354,reciprocal_rank_fusion_k=60
173,Q0,FR881024-0121,827,0.10928666667302081,reciprocal_rank_fusion_k=60
173,Q0,WSJ900508-0071,828,0.1090018819501994,reciprocal_rank_fusion_k=60
173,Q0,WSJ900502-0129,829,0.10884451895061269,reciprocal_rank_fusion_k=60
173,Q0,DOE1-85-0565,830,0.10853864844674703,reciprocal_rank_fusion_k=60
173,Q0,WSJ900703-0150,831,0.1082115434522779,reciprocal_rank_fusion_k=60
173,Q0,WSJ910131-0124,832,0.10815713767898338,reciprocal_rank_fusion_k=60
173,Q0,AP880721-0269,833,0.10774761128531594,reciprocal_rank_fusion_k=60
173,Q0,AP880422-0251,834,0.10768801636010693,reciprocal_rank_fusion_k=60
173,Q0,DOE1-55-0529,835,0.10727306040911336,reciprocal_rank_fusion_k=60
173,Q0,WSJ900404-0156,836,0.10692222503523105,reciprocal_rank_fusion_k=60
173,Q0,AP881031-0105,837,0.1068265167455254,reciprocal_rank_fusion_k=60
173,Q0,DOE1-40-0409,838,0.10669520968785173,reciprocal_rank_fusion_k=60
173,Q0,FR89626-0137,839,0.10649375116243967,reciprocal_rank_fusion_k=60
173,Q0,AP881114-0227,840,0.10645867136560608,reciprocal_rank_fusion_k=60
173,Q0,FR89119-0111,841,0.10606722757727763,reciprocal_rank_fusion_k=60
173,Q0,DOE1-54-0133,842,0.1055473390782078,reciprocal_rank_fusion_k=60
173,Q0,WSJ870610-0146,843,0.1054073490065717,reciprocal_rank_fusion_k=60
173,Q0,FR89605-0033,844,0.10518274431356597,reciprocal_rank_fusion_k=60
173,Q0,AP890119-0163,845,0.10517885679416375,reciprocal_rank_fusion_k=60
173,Q0,AP890716-0024,846,0.10498848163394614,reciprocal_rank_fusion_k=60
173,Q0,FR89703-0035,847,0.10497192418069229,reciprocal_rank_fusion_k=60
173,Q0,WSJ910322-0134,848,0.10485708636728967,reciprocal_rank_fusion_k=60
173,Q0,DOE1-49-0711,849,0.10481773466029522,reciprocal_rank_fusion_k=60
173,Q0,DOE2-63-0253,850,0.10481160596518563,reciprocal_rank_fusion_k=60
173,Q0,FR88516-0042,851,0.10480099845296806,reciprocal_rank_fusion_k=60
173,Q0,DOE1-55-0778,852,0.10476631891264286,reciprocal_rank_fusion_k=60
173,Q0,WSJ880624-0103,853,0.10398445478452027,reciprocal_rank_fusion_k=60
173,Q0,AP880722-0258,854,0.10380542243191257,reciprocal_rank_fusion_k=60
173,Q0,AP890710-0206,855,0.10359279959536793,reciprocal_rank_fusion_k=60
173,Q0,WSJ910402-0094,856,0.1035095983686565,reciprocal_rank_fusion_k=60
173,Q0,AP890201-0027,857,0.10313624120819194,reciprocal_rank_fusion_k=60
173,Q0,AP890920-0038,858,0.10278331439396633,reciprocal_rank_fusion_k=60
173,Q0,DOE1-91-0428,859,0.1027181904427202,reciprocal_rank_fusion_k=60
173,Q0,AP891022-0064,860,0.10247110973559194,reciprocal_rank_fusion_k=60
173,Q0,FR89815-0016,861,0.10231379341252794,reciprocal_rank_fusion_k=60
173,Q0,WSJ880330-0091,862,0.1016199278533326,reciprocal_rank_fusion_k=60
173,Q0,AP890208-0087,863,0.10150341889799834,reciprocal_rank_fusion_k=60
173,Q0,FR891026-0128,864,0.10104096674245729,reciprocal_rank_fusion_k=60
173,Q0,AP881007-0099,865,0.10090158984612213,reciprocal_rank_fusion_k=60
173,Q0,AP880727-0112,866,0.10088518822912002,reciprocal_rank_fusion_k=60
173,Q0,AP880901-0178,867,0.10088502793115287,reciprocal_rank_fusion_k=60
173,Q0,DOE1-33-0566,868,0.1008818641223034,reciprocal_rank_fusion_k=60
173,Q0,AP880615-0337,869,0.1007093561944725,reciprocal_rank_fusion_k=60
173,Q0,AP890223-0138,870,0.10025711278543135,reciprocal_rank_fusion_k=60
173,Q0,AP880502-0161,871,0.10006872838408437,reciprocal_rank_fusion_k=60
173,Q0,WSJ871222-0001,872,0.10003112046100983,reciprocal_rank_fusion_k=60
173,Q0,AP891126-0052,873,0.09987566439590852,reciprocal_rank_fusion_k=60
173,Q0,FR88606-0024,874,0.09985350920378075,reciprocal_rank_fusion_k=60
173,Q0,AP881123-0131,875,0.09983129391985202,reciprocal_rank_fusion_k=60
173,Q0,FR89329-0129,876,0.09876451658336097,reciprocal_rank_fusion_k=60
173,Q0,FR88601-0033,877,0.09873983202018854,reciprocal_rank_fusion_k=60
173,Q0,WSJ880531-0116,878,0.09873212352947505,reciprocal_rank_fusion_k=60
173,Q0,AP881124-0034,879,0.09859286205975488,reciprocal_rank_fusion_k=60
173,Q0,FR88823-0007,880,0.09850501433678238,reciprocal_rank_fusion_k=60
173,Q0,AP880425-0001,881,0.09843316090901454,reciprocal_rank_fusion_k=60
173,Q0,DOE1-34-0383,882,0.09839965394151737,reciprocal_rank_fusion_k=60
173,Q0,DOE1-77-0169,883,0.09829543075341111,reciprocal_rank_fusion_k=60
173,Q0,AP880624-0032,884,0.09815317649757371,reciprocal_rank_fusion_k=60
173,Q0,WSJ880614-0094,885,0.09806870702618144,reciprocal_rank_fusion_k=60
173,Q0,DOE1-83-1191,886,0.09806599634931532,reciprocal_rank_fusion_k=60
173,Q0,AP880727-0245,887,0.09793732527887795,reciprocal_rank_fusion_k=60
173,Q0,WSJ880909-0170,888,0.0975677719572255,reciprocal_rank_fusion_k=60
173,Q0,WSJ880502-0078,889,0.09723844566419791,reciprocal_rank_fusion_k=60
173,Q0,WSJ900827-0060,890,0.09722807700471087,reciprocal_rank_fusion_k=60
173,Q0,WSJ911114-0075,891,0.09718684657429946,reciprocal_rank_fusion_k=60
173,Q0,WSJ920313-0018,892,0.09712618922480465,reciprocal_rank_fusion_k=60
173,Q0,FR89512-0052,893,0.09690130980587902,reciprocal_rank_fusion_k=60
173,Q0,WSJ870506-0115,894,0.09674906287160465,reciprocal_rank_fusion_k=60
173,Q0,FR881024-0103,895,0.09652509917124738,reciprocal_rank_fusion_k=60
173,Q0,WSJ870811-0138,896,0.09632429755728812,reciprocal_rank_fusion_k=60
173,Q0,WSJ891012-0053,897,0.09616094098835026,reciprocal_rank_fusion_k=60
173,Q0,DOE1-54-0111,898,0.09585066260238985,reciprocal_rank_fusion_k=60
173,Q0,FR89714-0117,899,0.09572054286531538,reciprocal_rank_fusion_k=60
173,Q0,WSJ891101-0017,900,0.09568937945087301,reciprocal_rank_fusion_k=60
173,Q0,AP880611-0028,901,0.09561588657753815,reciprocal_rank_fusion_k=60
173,Q0,WSJ880916-0168,902,0.09549760636743616,reciprocal_rank_fusion_k=60
173,Q0,WSJ880802-0032,903,0.09546740883498968,reciprocal_rank_fusion_k=60
173,Q0,DOE1-59-0488,904,0.09523816062012919,reciprocal_rank_fusion_k=60
173,Q0,ZF207-076-096,905,0.09511573125008843,reciprocal_rank_fusion_k=60
173,Q0,FR89131-0056,906,0.09463099286635238,reciprocal_rank_fusion_k=60
173,Q0,FR89523-0014,907,0.09443163652988928,reciprocal_rank_fusion_k=60
173,Q0,AP881022-0081,908,0.09442920598442162,reciprocal_rank_fusion_k=60
173,Q0,WSJ870430-0147,909,0.09438946583488735,reciprocal_rank_fusion_k=60
173,Q0,AP881003-0335,910,0.09430066445651065,reciprocal_rank_fusion_k=60
173,Q0,WSJ900418-0017,911,0.09403119173913829,reciprocal_rank_fusion_k=60
173,Q0,AP891103-0037,912,0.0940098566898805,reciprocal_rank_fusion_k=60
173,Q0,AP880623-0030,913,0.09394173813472795,reciprocal_rank_fusion_k=60
173,Q0,FR891003-0025,914,0.09371907527022563,reciprocal_rank_fusion_k=60
173,Q0,AP890317-0219,915,0.09371737126911507,reciprocal_rank_fusion_k=60
173,Q0,WSJ890929-0137,916,0.09355571193893579,reciprocal_rank_fusion_k=60
173,Q0,WSJ880302-0090,917,0.09348775387691102,reciprocal_rank_fusion_k=60
173,Q0,WSJ910515-0104,918,0.09340164648132063,reciprocal_rank_fusion_k=60
173,Q0,WSJ881012-0135,919,0.0933312757993698,reciprocal_rank_fusion_k=60
173,Q0,WSJ880414-0014,920,0.09308261880966491,reciprocal_rank_fusion_k=60
173,Q0,WSJ911022-0179,921,0.09278253706223666,reciprocal_rank_fusion_k=60
173,Q0,WSJ871127-0122,922,0.0927232440824646,reciprocal_rank_fusion_k=60
173,Q0,WSJ910228-0051,923,0.09253761159414485,reciprocal_rank_fusion_k=60
173,Q0,AP881114-0001,924,0.09245439886319912,reciprocal_rank_fusion_k=60
173,Q0,AP890405-0114,925,0.09237712531841084,reciprocal_rank_fusion_k=60
173,Q0,AP890119-0349,926,0.09225475185807566,reciprocal_rank_fusion_k=60
173,Q0,AP880421-0206,927,0.09215661250607661,reciprocal_rank_fusion_k=60
173,Q0,AP891122-0024,928,0.09208665463782807,reciprocal_rank_fusion_k=60
173,Q0,FR89222-0017,929,0.09180860647066097,reciprocal_rank_fusion_k=60
173,Q0,WSJ870421-0023,930,0.09133177996859684,reciprocal_rank_fusion_k=60
173,Q0,AP880915-0154,931,0.09121740274328001,reciprocal_rank_fusion_k=60
173,Q0,AP890117-0237,932,0.09112737168359565,reciprocal_rank_fusion_k=60
173,Q0,AP890804-0038,933,0.09112462380603957,reciprocal_rank_fusion_k=60
173,Q0,FR881121-0030,934,0.0906828413092283,reciprocal_rank_fusion_k=60
173,Q0,FR89124-0018,935,0.09010290996964915,reciprocal_rank_fusion_k=60
173,Q0,AP891102-0028,936,0.0897457754210669,reciprocal_rank_fusion_k=60
173,Q0,WSJ900524-0124,937,0.08944783493170584,reciprocal_rank_fusion_k=60
173,Q0,AP880621-0244,938,0.08927959303447311,reciprocal_rank_fusion_k=60
173,Q0,FR88719-0105,939,0.08915861530044264,reciprocal_rank_fusion_k=60
173,Q0,AP890629-0140,940,0.0888871377455324,reciprocal_rank_fusion_k=60
173,Q0,AP881019-0113,941,0.08866763277360123,reciprocal_rank_fusion_k=60
173,Q0,WSJ871119-0007,942,0.08835080640136327,reciprocal_rank_fusion_k=60
173,Q0,AP891020-0242,943,0.08832429161920322,reciprocal_rank_fusion_k=60
173,Q0,FR89301-0060,944,0.08815786581364825,reciprocal_rank_fusion_k=60
173,Q0,DOE1-67-0826,945,0.08790181572066769,reciprocal_rank_fusion_k=60
173,Q0,FR89130-0041,946,0.08775395628335911,reciprocal_rank_fusion_k=60
173,Q0,FR88929-0018,947,0.08766904344108506,reciprocal_rank_fusion_k=60
173,Q0,WSJ870928-0039,948,0.08765039007097185,reciprocal_rank_fusion_k=60
173,Q0,AP890512-0040,949,0.0875417332700485,reciprocal_rank_fusion_k=60
173,Q0,FR89407-0078,950,0.08746273993807574,reciprocal_rank_fusion_k=60
173,Q0,FR88829-0023,951,0.08744741830728507,reciprocal_rank_fusion_k=60
173,Q0,FR88126-0109,952,0.08742549565272567,reciprocal_rank_fusion_k=60
173,Q0,FR881118-0006,953,0.08725226498043301,reciprocal_rank_fusion_k=60
173,Q0,WSJ880328-0122,954,0.08715429757700426,reciprocal_rank_fusion_k=60
173,Q0,AP881110-0054,955,0.08692597422741488,reciprocal_rank_fusion_k=60
173,Q0,FR89106-0008,956,0.08684038774626203,reciprocal_rank_fusion_k=60
173,Q0,WSJ900618-0087,957,0.08677064310315066,reciprocal_rank_fusion_k=60
173,Q0,WSJ910311-0107,958,0.08670455189295832,reciprocal_rank_fusion_k=60
173,Q0,FR89522-0083,959,0.08651689015357004,reciprocal_rank_fusion_k=60
173,Q0,WSJ881005-0142,960,0.08626268139116156,reciprocal_rank_fusion_k=60
173,Q0,WSJ870423-0134,961,0.08617230993530794,reciprocal_rank_fusion_k=60
173,Q0,ZF207-317-613,962,0.08611755554703301,reciprocal_rank_fusion_k=60
173,Q0,FR891122-0010,963,0.0859754462465839,reciprocal_rank_fusion_k=60
173,Q0,WSJ920103-0067,964,0.08579897811744455,reciprocal_rank_fusion_k=60
173,Q0,FR89526-0011,965,0.08576034146549613,reciprocal_rank_fusion_k=60
173,Q0,AP890620-0171,966,0.085522534438938,reciprocal_rank_fusion_k=60
173,Q0,FR89421-0118,967,0.0854432007019361,reciprocal_rank_fusion_k=60
173,Q0,AP881110-0117,968,0.08537397735731421,reciprocal_rank_fusion_k=60
173,Q0,AP890524-0041,969,0.08523664042301965,reciprocal_rank_fusion_k=60
173,Q0,WSJ880816-0097,970,0.08494752325924702,reciprocal_rank_fusion_k=60
173,Q0,FR89424-0010,971,0.08493085733231501,reciprocal_rank_fusion_k=60
173,Q0,WSJ880413-0148,972,0.0848385146925392,reciprocal_rank_fusion_k=60
173,Q0,WSJ880121-0115,973,0.08417206450201707,reciprocal_rank_fusion_k=60
173,Q0,FR88822-0079,974,0.08409715598140052,reciprocal_rank_fusion_k=60
173,Q0,WSJ910108-0074,975,0.0839540315173136,reciprocal_rank_fusion_k=60
173,Q0,WSJ870601-0077,976,0.08388484481815153,reciprocal_rank_fusion_k=60
173,Q0,DOE2-83-0537,977,0.08369415110395728,reciprocal_rank_fusion_k=60
173,Q0,FR88830-0023,978,0.08349928612969426,reciprocal_rank_fusion_k=60
173,Q0,DOE1-74-0890,979,0.08339788920113018,reciprocal_rank_fusion_k=60
173,Q0,FR88120-0005,980,0.08335316491354602,reciprocal_rank_fusion_k=60
173,Q0,FR89717-0015,981,0.08316886583457625,reciprocal_rank_fusion_k=60
173,Q0,WSJ900711-0111,982,0.08309938751481107,reciprocal_rank_fusion_k=60
173,Q0,FR89428-0017,983,0.08291170599378528,reciprocal_rank_fusion_k=60
173,Q0,FR89201-0083,984,0.08280170291202213,reciprocal_rank_fusion_k=60
173,Q0,AP880613-0089,985,0.08278814154147847,reciprocal_rank_fusion_k=60
173,Q0,WSJ900810-0119,986,0.08276752685276455,reciprocal_rank_fusion_k=60
173,Q0,DOE2-55-0290,987,0.08270866795918942,reciprocal_rank_fusion_k=60
173,Q0,FR89620-0009,988,0.08264782273568494,reciprocal_rank_fusion_k=60
173,Q0,FR88114-0012,989,0.08252312141463673,reciprocal_rank_fusion_k=60
173,Q0,FR89525-0022,990,0.08249568270335352,reciprocal_rank_fusion_k=60
173,Q0,FR88122-0018,991,0.08249057577583511,reciprocal_rank_fusion_k=60
173,Q0,WSJ910718-0009,992,0.08241196799023258,reciprocal_rank_fusion_k=60
173,Q0,FR881110-0024,993,0.08235492422082603,reciprocal_rank_fusion_k=60
173,Q0,WSJ910214-0081,994,0.08232890279952737,reciprocal_rank_fusion_k=60
173,Q0,DOE1-33-0574,995,0.08232792906348824,reciprocal_rank_fusion_k=60
173,Q0,FR89217-0034,996,0.082190669295472,reciprocal_rank_fusion_k=60
173,Q0,FR88122-0014,997,0.08208778087554333,reciprocal_rank_fusion_k=60
173,Q0,WSJ870123-0030,998,0.08201806390016234,reciprocal_rank_fusion_k=60
173,Q0,WSJ900912-0069,999,0.08189195843131965,reciprocal_rank_fusion_k=60
173,Q0,WSJ911126-0031,1000,0.08182476411126224,reciprocal_rank_fusion_k=60
179,Q0,AP890808-0196,1,1.9506068089674213,reciprocal_rank_fusion_k=60
179,Q0,WSJ900418-0133,2,1.914968520975077,reciprocal_rank_fusion_k=60
179,Q0,WSJ910222-0090,3,1.9087450845894216,reciprocal_rank_fusion_k=60
179,Q0,AP880216-0009,4,1.77694990290057,reciprocal_rank_fusion_k=60
179,Q0,AP890713-0250,5,1.7244362779044402,reciprocal_rank_fusion_k=60
179,Q0,AP880902-0034,6,1.590460866094248,reciprocal_rank_fusion_k=60
179,Q0,WSJ890809-0046,7,1.5516469332309157,reciprocal_rank_fusion_k=60
179,Q0,WSJ920221-0074,8,1.53400539158335,reciprocal_rank_fusion_k=60
179,Q0,WSJ870723-0065,9,1.5299079784171614,reciprocal_rank_fusion_k=60
179,Q0,WSJ910613-0012,10,1.512082569380741,reciprocal_rank_fusion_k=60
179,Q0,WSJ870624-0143,11,1.4794880178462086,reciprocal_rank_fusion_k=60
179,Q0,ZF207-547-942,12,1.4652372974795833,reciprocal_rank_fusion_k=60
179,Q0,WSJ870918-0123,13,1.4647562729800883,reciprocal_rank_fusion_k=60
179,Q0,WSJ900622-0097,14,1.4645515664693889,reciprocal_rank_fusion_k=60
179,Q0,WSJ900502-0075,15,1.45762434481367,reciprocal_rank_fusion_k=60
179,Q0,WSJ920227-0093,16,1.4210851048961892,reciprocal_rank_fusion_k=60
179,Q0,WSJ870219-0088,17,1.4179336202553583,reciprocal_rank_fusion_k=60
179,Q0,WSJ900912-0078,18,1.4134607123804148,reciprocal_rank_fusion_k=60
179,Q0,WSJ871110-0098,19,1.4058795754659703,reciprocal_rank_fusion_k=60
179,Q0,WSJ910815-0039,20,1.3833326091989493,reciprocal_rank_fusion_k=60
179,Q0,AP880314-0110,21,1.3765889040791792,reciprocal_rank_fusion_k=60
179,Q0,WSJ870402-0001,22,1.3457322889326742,reciprocal_rank_fusion_k=60
179,Q0,WSJ900618-0048,23,1.3300721375172633,reciprocal_rank_fusion_k=60
179,Q0,WSJ900418-0050,24,1.3024071440106582,reciprocal_rank_fusion_k=60
179,Q0,WSJ880719-0111,25,1.2817281032065644,reciprocal_rank_fusion_k=60
179,Q0,WSJ861222-0020,26,1.263751259427289,reciprocal_rank_fusion_k=60
179,Q0,WSJ910628-0184,27,1.2294056327712126,reciprocal_rank_fusion_k=60
179,Q0,WSJ870211-0054,28,1.2266566201338511,reciprocal_rank_fusion_k=60
179,Q0,AP891128-0204,29,1.2219771672146302,reciprocal_rank_fusion_k=60
179,Q0,WSJ900524-0111,30,1.201754778409061,reciprocal_rank_fusion_k=60
179,Q0,AP891117-0241,31,1.182679919232952,reciprocal_rank_fusion_k=60
179,Q0,WSJ881114-0100,32,1.1745673419215834,reciprocal_rank_fusion_k=60
179,Q0,WSJ861204-0024,33,1.170022363701732,reciprocal_rank_fusion_k=60
179,Q0,WSJ900822-0111,34,1.167465375601348,reciprocal_rank_fusion_k=60
179,Q0,WSJ880804-0041,35,1.1620070036434318,reciprocal_rank_fusion_k=60
179,Q0,WSJ900511-0001,36,1.1403454151526584,reciprocal_rank_fusion_k=60
179,Q0,WSJ880119-0038,37,1.1395422804188873,reciprocal_rank_fusion_k=60
179,Q0,WSJ910703-0040,38,1.134622165851766,reciprocal_rank_fusion_k=60
179,Q0,WSJ891017-0135,39,1.1337045813176296,reciprocal_rank_fusion_k=60
179,Q0,WSJ900910-0061,40,1.1079594373347703,reciprocal_rank_fusion_k=60
179,Q0,AP881019-0258,41,1.1052095424342454,reciprocal_rank_fusion_k=60
179,Q0,AP880429-0076,42,1.1016650483552124,reciprocal_rank_fusion_k=60
179,Q0,AP880713-0128,43,1.0981125163914274,reciprocal_rank_fusion_k=60
179,Q0,WSJ871020-0138,44,1.0965681320331502,reciprocal_rank_fusion_k=60
179,Q0,WSJ880428-0145,45,1.0958576373607531,reciprocal_rank_fusion_k=60
179,Q0,WSJ890929-0078,46,1.0784077416746438,reciprocal_rank_fusion_k=60
179,Q0,AP880913-0231,47,1.058724234640868,reciprocal_rank_fusion_k=60
179,Q0,WSJ871218-0129,48,1.0565992291434374,reciprocal_rank_fusion_k=60
179,Q0,WSJ920205-0122,49,1.0477953473845167,reciprocal_rank_fusion_k=60
179,Q0,WSJ920121-0083,50,1.0399028290526287,reciprocal_rank_fusion_k=60
179,Q0,WSJ910430-0131,51,1.0287128258221885,reciprocal_rank_fusion_k=60
179,Q0,AP880718-0039,52,1.0103670061617778,reciprocal_rank_fusion_k=60
179,Q0,WSJ910409-0096,53,1.0095762076822292,reciprocal_rank_fusion_k=60
179,Q0,WSJ870512-0150,54,1.00298122074233,reciprocal_rank_fusion_k=60
179,Q0,AP880421-0308,55,1.0008604633348763,reciprocal_rank_fusion_k=60
179,Q0,WSJ891023-0001,56,0.9758306832721718,reciprocal_rank_fusion_k=60
179,Q0,AP880406-0126,57,0.9687745964471319,reciprocal_rank_fusion_k=60
179,Q0,WSJ910913-0087,58,0.9685090482153769,reciprocal_rank_fusion_k=60
179,Q0,WSJ870430-0128,59,0.9666299765369735,reciprocal_rank_fusion_k=60
179,Q0,ZF108-685-202,60,0.9598079215865783,reciprocal_rank_fusion_k=60
179,Q0,WSJ910913-0053,61,0.9447045271686364,reciprocal_rank_fusion_k=60
179,Q0,WSJ880811-0044,62,0.941268959503282,reciprocal_rank_fusion_k=60
179,Q0,AP880722-0114,63,0.937625706788577,reciprocal_rank_fusion_k=60
179,Q0,WSJ880318-0198,64,0.9259840084462096,reciprocal_rank_fusion_k=60
179,Q0,WSJ900502-0083,65,0.9189390416477047,reciprocal_rank_fusion_k=60
179,Q0,WSJ910731-0018,66,0.9152544514674721,reciprocal_rank_fusion_k=60
179,Q0,WSJ881005-0179,67,0.9080723566931681,reciprocal_rank_fusion_k=60
179,Q0,WSJ910808-0030,68,0.9080088587799608,reciprocal_rank_fusion_k=60
179,Q0,WSJ910318-0144,69,0.9069350829238757,reciprocal_rank_fusion_k=60
179,Q0,WSJ910610-0024,70,0.8969445948891478,reciprocal_rank_fusion_k=60
179,Q0,AP891219-0234,71,0.892940392786598,reciprocal_rank_fusion_k=60
179,Q0,WSJ910411-0054,72,0.8920755632361712,reciprocal_rank_fusion_k=60
179,Q0,AP890704-0159,73,0.8825159086391269,reciprocal_rank_fusion_k=60
179,Q0,AP891121-0244,74,0.8695697338480752,reciprocal_rank_fusion_k=60
179,Q0,WSJ871222-0101,75,0.8693222967241547,reciprocal_rank_fusion_k=60
179,Q0,WSJ900823-0093,76,0.8585696161427127,reciprocal_rank_fusion_k=60
179,Q0,WSJ880201-0134,77,0.853256412728273,reciprocal_rank_fusion_k=60
179,Q0,WSJ880506-0066,78,0.8531024003331805,reciprocal_rank_fusion_k=60
179,Q0,WSJ870812-0034,79,0.8518538625075825,reciprocal_rank_fusion_k=60
179,Q0,WSJ910206-0052,80,0.8490083227443107,reciprocal_rank_fusion_k=60
179,Q0,WSJ870501-0111,81,0.8487015270954709,reciprocal_rank_fusion_k=60
179,Q0,WSJ910912-0135,82,0.843977443140098,reciprocal_rank_fusion_k=60
179,Q0,WSJ870303-0080,83,0.8437315186924459,reciprocal_rank_fusion_k=60
179,Q0,WSJ920313-0076,84,0.8363832846423297,reciprocal_rank_fusion_k=60
179,Q0,AP891012-0299,85,0.8351526724397519,reciprocal_rank_fusion_k=60
179,Q0,WSJ861204-0162,86,0.8342858565454686,reciprocal_rank_fusion_k=60
179,Q0,ZF207-133-282,87,0.827060530755416,reciprocal_rank_fusion_k=60
179,Q0,WSJ880525-0143,88,0.8230506820635985,reciprocal_rank_fusion_k=60
179,Q0,WSJ880201-0087,89,0.8123965213337075,reciprocal_rank_fusion_k=60
179,Q0,WSJ920313-0080,90,0.8037058367982485,reciprocal_rank_fusion_k=60
179,Q0,AP880324-0193,91,0.8007611874401651,reciprocal_rank_fusion_k=60
179,Q0,WSJ861224-0138,92,0.7927909136048594,reciprocal_rank_fusion_k=60
179,Q0,ZF108-797-070,93,0.7916271184666277,reciprocal_rank_fusion_k=60
179,Q0,WSJ870803-0155,94,0.7907483166889048,reciprocal_rank_fusion_k=60
179,Q0,WSJ880826-0101,95,0.789648875228674,reciprocal_rank_fusion_k=60
179,Q0,WSJ871013-0010,96,0.789097352968377,reciprocal_rank_fusion_k=60
179,Q0,WSJ900725-0132,97,0.7874391047383894,reciprocal_rank_fusion_k=60
179,Q0,WSJ881005-0035,98,0.7826460333564068,reciprocal_rank_fusion_k=60
179,Q0,AP890207-0234,99,0.7820345638891435,reciprocal_rank_fusion_k=60
179,Q0,WSJ880706-0062,100,0.7816451259522746,reciprocal_rank_fusion_k=60
179,Q0,WSJ870529-0096,101,0.7795337149504306,reciprocal_rank_fusion_k=60
179,Q0,AP891230-0072,102,0.7788849051828156,reciprocal_rank_fusion_k=60
179,Q0,WSJ880428-0064,103,0.7783412880022222,reciprocal_rank_fusion_k=60
179,Q0,WSJ881007-0006,104,0.7768149173521961,reciprocal_rank_fusion_k=60
179,Q0,AP880429-0170,105,0.7713660745770303,reciprocal_rank_fusion_k=60
179,Q0,WSJ900808-0037,106,0.7680359548473603,reciprocal_rank_fusion_k=60
179,Q0,WSJ880401-0039,107,0.7610877066346599,reciprocal_rank_fusion_k=60
179,Q0,AP880802-0139,108,0.7584159534960001,reciprocal_rank_fusion_k=60
179,Q0,WSJ910319-0056,109,0.7537990625130333,reciprocal_rank_fusion_k=60
179,Q0,AP891206-0180,110,0.753232982286847,reciprocal_rank_fusion_k=60
179,Q0,WSJ911023-0064,111,0.7358490588477046,reciprocal_rank_fusion_k=60
179,Q0,WSJ870914-0139,112,0.7349616825334404,reciprocal_rank_fusion_k=60
179,Q0,WSJ870901-0068,113,0.7342845447881559,reciprocal_rank_fusion_k=60
179,Q0,AP890608-0284,114,0.7321867097279191,reciprocal_rank_fusion_k=60
179,Q0,ZF109-623-179,115,0.7297705605072721,reciprocal_rank_fusion_k=60
179,Q0,WSJ910111-0158,116,0.7258085246808684,reciprocal_rank_fusion_k=60
179,Q0,AP880427-0295,117,0.7255962016722508,reciprocal_rank_fusion_k=60
179,Q0,WSJ890929-0024,118,0.7245960415095737,reciprocal_rank_fusion_k=60
179,Q0,WSJ910724-0069,119,0.7217957998002353,reciprocal_rank_fusion_k=60
179,Q0,WSJ910731-0032,120,0.7197632016662656,reciprocal_rank_fusion_k=60
179,Q0,AP890203-0142,121,0.7190825387908694,reciprocal_rank_fusion_k=60
179,Q0,AP880620-0279,122,0.7163841712193476,reciprocal_rank_fusion_k=60
179,Q0,WSJ900913-0057,123,0.7162512211948492,reciprocal_rank_fusion_k=60
179,Q0,WSJ900706-0124,124,0.7142309789902211,reciprocal_rank_fusion_k=60
179,Q0,WSJ910709-0011,125,0.7117460283905851,reciprocal_rank_fusion_k=60
179,Q0,ZF207-556-516,126,0.7031293967676542,reciprocal_rank_fusion_k=60
179,Q0,AP880819-0273,127,0.7004540176382804,reciprocal_rank_fusion_k=60
179,Q0,WSJ870921-0044,128,0.6942756461443,reciprocal_rank_fusion_k=60
179,Q0,WSJ870709-0091,129,0.6942586455662748,reciprocal_rank_fusion_k=60
179,Q0,AP880222-0276,130,0.6897492002804572,reciprocal_rank_fusion_k=60
179,Q0,AP891031-0287,131,0.6870919378601604,reciprocal_rank_fusion_k=60
179,Q0,WSJ880809-0108,132,0.6851088323965362,reciprocal_rank_fusion_k=60
179,Q0,AP880713-0059,133,0.6783760823057071,reciprocal_rank_fusion_k=60
179,Q0,WSJ870921-0057,134,0.6773610402096093,reciprocal_rank_fusion_k=60
179,Q0,WSJ920303-0013,135,0.6727145311642602,reciprocal_rank_fusion_k=60
179,Q0,WSJ880303-0099,136,0.6681939436875394,reciprocal_rank_fusion_k=60
179,Q0,AP881025-0273,137,0.6657332551795823,reciprocal_rank_fusion_k=60
179,Q0,WSJ910705-0160,138,0.6650365766437403,reciprocal_rank_fusion_k=60
179,Q0,AP890426-0264,139,0.6612753290789893,reciprocal_rank_fusion_k=60
179,Q0,WSJ880927-0046,140,0.6533955146666376,reciprocal_rank_fusion_k=60
179,Q0,WSJ880401-0086,141,0.6533819406223427,reciprocal_rank_fusion_k=60
179,Q0,WSJ890913-0086,142,0.6533111449760425,reciprocal_rank_fusion_k=60
179,Q0,WSJ890727-0149,143,0.6520346080157532,reciprocal_rank_fusion_k=60
179,Q0,WSJ900608-0144,144,0.6455564521563067,reciprocal_rank_fusion_k=60
179,Q0,WSJ871201-0122,145,0.6432343113713147,reciprocal_rank_fusion_k=60
179,Q0,AP880324-0095,146,0.6404062719607967,reciprocal_rank_fusion_k=60
179,Q0,WSJ911022-0084,147,0.6373810240919255,reciprocal_rank_fusion_k=60
179,Q0,AP890504-0260,148,0.6369465421380266,reciprocal_rank_fusion_k=60
179,Q0,WSJ870225-0145,149,0.6354223656101108,reciprocal_rank_fusion_k=60
179,Q0,AP881004-0233,150,0.6331275532094294,reciprocal_rank_fusion_k=60
179,Q0,ZF108-642-048,151,0.6328623656132839,reciprocal_rank_fusion_k=60
179,Q0,AP880919-0271,152,0.6314450747597361,reciprocal_rank_fusion_k=60
179,Q0,AP891115-0238,153,0.6305497841260094,reciprocal_rank_fusion_k=60
179,Q0,ZF207-538-354,154,0.6282619019612016,reciprocal_rank_fusion_k=60
179,Q0,AP890906-0304,155,0.6261379335388215,reciprocal_rank_fusion_k=60
179,Q0,ZF207-334-038,156,0.6259810579879103,reciprocal_rank_fusion_k=60
179,Q0,WSJ900830-0066,157,0.6256827250536889,reciprocal_rank_fusion_k=60
179,Q0,AP880808-0261,158,0.6222597054791452,reciprocal_rank_fusion_k=60
179,Q0,WSJ880913-0156,159,0.6206539008205435,reciprocal_rank_fusion_k=60
179,Q0,AP891208-0276,160,0.6189539704159299,reciprocal_rank_fusion_k=60
179,Q0,WSJ910422-0173,161,0.6185631249836863,reciprocal_rank_fusion_k=60
179,Q0,WSJ910925-0041,162,0.6156984125867689,reciprocal_rank_fusion_k=60
179,Q0,WSJ880408-0132,163,0.6110767432752152,reciprocal_rank_fusion_k=60
179,Q0,WSJ901221-0032,164,0.6084075950926701,reciprocal_rank_fusion_k=60
179,Q0,WSJ880920-0072,165,0.6028065555870207,reciprocal_rank_fusion_k=60
179,Q0,WSJ911015-0081,166,0.5996735709519109,reciprocal_rank_fusion_k=60
179,Q0,AP881213-0264,167,0.5996494141974281,reciprocal_rank_fusion_k=60
179,Q0,WSJ880503-0123,168,0.5996045396228303,reciprocal_rank_fusion_k=60
179,Q0,WSJ910308-0071,169,0.599144967476578,reciprocal_rank_fusion_k=60
179,Q0,AP890309-0094,170,0.598544248555254,reciprocal_rank_fusion_k=60
179,Q0,WSJ871203-0034,171,0.5979329391356745,reciprocal_rank_fusion_k=60
179,Q0,AP890714-0272,172,0.5959034317394543,reciprocal_rank_fusion_k=60
179,Q0,AP890220-0168,173,0.5937764928621183,reciprocal_rank_fusion_k=60
179,Q0,AP880721-0298,174,0.5924078508115883,reciprocal_rank_fusion_k=60
179,Q0,WSJ910524-0181,175,0.5916254205815477,reciprocal_rank_fusion_k=60
179,Q0,WSJ910222-0040,176,0.5914448424533669,reciprocal_rank_fusion_k=60
179,Q0,WSJ861231-0160,177,0.58920680543303,reciprocal_rank_fusion_k=60
179,Q0,WSJ881013-0098,178,0.5855516340883095,reciprocal_rank_fusion_k=60
179,Q0,WSJ870218-0086,179,0.583962694311881,reciprocal_rank_fusion_k=60
179,Q0,WSJ870504-0098,180,0.5762008774703434,reciprocal_rank_fusion_k=60
179,Q0,AP890830-0241,181,0.5761901433702298,reciprocal_rank_fusion_k=60
179,Q0,WSJ900925-0005,182,0.5751548027498959,reciprocal_rank_fusion_k=60
179,Q0,AP890630-0238,183,0.5747485224580184,reciprocal_rank_fusion_k=60
179,Q0,WSJ891026-0109,184,0.5731508395892245,reciprocal_rank_fusion_k=60
179,Q0,WSJ880225-0065,185,0.5690830135472711,reciprocal_rank_fusion_k=60
179,Q0,ZF207-344-060,186,0.5683423506864069,reciprocal_rank_fusion_k=60
179,Q0,AP881219-0283,187,0.5645371940419518,reciprocal_rank_fusion_k=60
179,Q0,WSJ880527-0132,188,0.5643957088448976,reciprocal_rank_fusion_k=60
179,Q0,WSJ880203-0068,189,0.5635078104614859,reciprocal_rank_fusion_k=60
179,Q0,AP881006-0277,190,0.5626559954768717,reciprocal_rank_fusion_k=60
179,Q0,AP880526-0013,191,0.5622914553773147,reciprocal_rank_fusion_k=60
179,Q0,WSJ870811-0056,192,0.5606108110002918,reciprocal_rank_fusion_k=60
179,Q0,WSJ870302-0139,193,0.5602495943380844,reciprocal_rank_fusion_k=60
179,Q0,AP890221-0282,194,0.5588347682286149,reciprocal_rank_fusion_k=60
179,Q0,WSJ870402-0077,195,0.5566981573530934,reciprocal_rank_fusion_k=60
179,Q0,WSJ910516-0101,196,0.5543175729141471,reciprocal_rank_fusion_k=60
179,Q0,WSJ900726-0011,197,0.5519024744226739,reciprocal_rank_fusion_k=60
179,Q0,WSJ901228-0067,198,0.5508972005864025,reciprocal_rank_fusion_k=60
179,Q0,WSJ861218-0075,199,0.5482921063675024,reciprocal_rank_fusion_k=60
179,Q0,WSJ910930-0137,200,0.5481850509744273,reciprocal_rank_fusion_k=60
179,Q0,AP880212-0122,201,0.5463150826026083,reciprocal_rank_fusion_k=60
179,Q0,WSJ870807-0123,202,0.5451206258347763,reciprocal_rank_fusion_k=60
179,Q0,WSJ900612-0026,203,0.5439467827526268,reciprocal_rank_fusion_k=60
179,Q0,AP890616-0257,204,0.5431936570779585,reciprocal_rank_fusion_k=60
179,Q0,WSJ870218-0091,205,0.540490326029726,reciprocal_rank_fusion_k=60
179,Q0,AP880623-0293,206,0.5400923944370626,reciprocal_rank_fusion_k=60
179,Q0,WSJ880629-0128,207,0.5390975022618446,reciprocal_rank_fusion_k=60
179,Q0,WSJ900413-0148,208,0.5387961204552506,reciprocal_rank_fusion_k=60
179,Q0,WSJ881014-0110,209,0.5320449750185666,reciprocal_rank_fusion_k=60
179,Q0,WSJ880617-0118,210,0.5317845023457473,reciprocal_rank_fusion_k=60
179,Q0,WSJ911011-0149,211,0.5303881056407975,reciprocal_rank_fusion_k=60
179,Q0,AP890730-0085,212,0.5300047333069237,reciprocal_rank_fusion_k=60
179,Q0,AP891108-0278,213,0.5296432756126646,reciprocal_rank_fusion_k=60
179,Q0,WSJ870424-0093,214,0.5291562939880762,reciprocal_rank_fusion_k=60
179,Q0,WSJ880725-0004,215,0.5290709827552473,reciprocal_rank_fusion_k=60
179,Q0,AP880620-0269,216,0.5283476601655253,reciprocal_rank_fusion_k=60
179,Q0,AP890703-0276,217,0.5266198818832222,reciprocal_rank_fusion_k=60
179,Q0,AP891214-0229,218,0.5265443217169529,reciprocal_rank_fusion_k=60
179,Q0,WSJ880229-0112,219,0.525996133160258,reciprocal_rank_fusion_k=60
179,Q0,WSJ900501-0128,220,0.521095976176838,reciprocal_rank_fusion_k=60
179,Q0,WSJ880721-0144,221,0.5202943472764875,reciprocal_rank_fusion_k=60
179,Q0,WSJ880112-0080,222,0.5176703354177623,reciprocal_rank_fusion_k=60
179,Q0,WSJ880912-0011,223,0.5172951236321733,reciprocal_rank_fusion_k=60
179,Q0,AP881028-0296,224,0.5164939856036239,reciprocal_rank_fusion_k=60
179,Q0,AP880217-0253,225,0.5158792803787972,reciprocal_rank_fusion_k=60
179,Q0,WSJ910920-0001,226,0.5149320310560505,reciprocal_rank_fusion_k=60
179,Q0,ZF109-657-149,227,0.5133923052947201,reciprocal_rank_fusion_k=60
179,Q0,WSJ880603-0082,228,0.512828739291459,reciprocal_rank_fusion_k=60
179,Q0,WSJ900718-0128,229,0.5126114895469532,reciprocal_rank_fusion_k=60
179,Q0,AP891218-0258,230,0.5107338303724202,reciprocal_rank_fusion_k=60
179,Q0,WSJ880111-0055,231,0.5088771413705426,reciprocal_rank_fusion_k=60
179,Q0,WSJ900611-0133,232,0.5075357970260059,reciprocal_rank_fusion_k=60
179,Q0,AP891122-0011,233,0.5050959204235577,reciprocal_rank_fusion_k=60
179,Q0,WSJ870406-0132,234,0.5032256596161588,reciprocal_rank_fusion_k=60
179,Q0,WSJ910123-0032,235,0.5030890204808478,reciprocal_rank_fusion_k=60
179,Q0,AP881108-0240,236,0.5020151920217835,reciprocal_rank_fusion_k=60
179,Q0,AP880622-0350,237,0.5014588882445127,reciprocal_rank_fusion_k=60
179,Q0,WSJ891017-0065,238,0.5008767376062271,reciprocal_rank_fusion_k=60
179,Q0,WSJ861223-0020,239,0.5007361739945974,reciprocal_rank_fusion_k=60
179,Q0,WSJ870512-0113,240,0.5001695739915563,reciprocal_rank_fusion_k=60
179,Q0,WSJ880616-0051,241,0.49995120061817017,reciprocal_rank_fusion_k=60
179,Q0,AP880517-0208,242,0.49706892899936694,reciprocal_rank_fusion_k=60
179,Q0,WSJ910926-0028,243,0.49402518728353495,reciprocal_rank_fusion_k=60
179,Q0,AP880722-0072,244,0.4926407059154722,reciprocal_rank_fusion_k=60
179,Q0,AP890126-0296,245,0.4900384818834603,reciprocal_rank_fusion_k=60
179,Q0,WSJ870512-0110,246,0.4897794302758111,reciprocal_rank_fusion_k=60
179,Q0,WSJ880930-0059,247,0.4880175971999942,reciprocal_rank_fusion_k=60
179,Q0,WSJ900824-0077,248,0.48625164209127936,reciprocal_rank_fusion_k=60
179,Q0,WSJ910612-0067,249,0.48333572538183556,reciprocal_rank_fusion_k=60
179,Q0,WSJ900724-0045,250,0.4801643948004934,reciprocal_rank_fusion_k=60
179,Q0,AP891219-0222,251,0.47849283830637446,reciprocal_rank_fusion_k=60
179,Q0,WSJ890908-0109,252,0.4771554123647533,reciprocal_rank_fusion_k=60
179,Q0,WSJ910508-0080,253,0.4734798133865343,reciprocal_rank_fusion_k=60
179,Q0,WSJ900417-0101,254,0.4734423902253192,reciprocal_rank_fusion_k=60
179,Q0,WSJ900411-0004,255,0.4730667893630423,reciprocal_rank_fusion_k=60
179,Q0,WSJ880610-0126,256,0.47200851615037315,reciprocal_rank_fusion_k=60
179,Q0,WSJ900416-0035,257,0.47149961075382046,reciprocal_rank_fusion_k=60
179,Q0,AP880904-0025,258,0.4703195327184435,reciprocal_rank_fusion_k=60
179,Q0,AP890502-0261,259,0.469250274099081,reciprocal_rank_fusion_k=60
179,Q0,WSJ911126-0056,260,0.46863755992424666,reciprocal_rank_fusion_k=60
179,Q0,WSJ870327-0064,261,0.46753235395434106,reciprocal_rank_fusion_k=60
179,Q0,WSJ890727-0063,262,0.46686317961552076,reciprocal_rank_fusion_k=60
179,Q0,WSJ880225-0037,263,0.46630516793191273,reciprocal_rank_fusion_k=60
179,Q0,WSJ881021-0095,264,0.46359312505493616,reciprocal_rank_fusion_k=60
179,Q0,AP891219-0188,265,0.45984723222299323,reciprocal_rank_fusion_k=60
179,Q0,WSJ880805-0074,266,0.45961056931028677,reciprocal_rank_fusion_k=60
179,Q0,AP890803-0298,267,0.45932270810649894,reciprocal_rank_fusion_k=60
179,Q0,WSJ890802-0039,268,0.45757843423513045,reciprocal_rank_fusion_k=60
179,Q0,WSJ910506-0162,269,0.45747822942600025,reciprocal_rank_fusion_k=60
179,Q0,WSJ900507-0046,270,0.4565479336746468,reciprocal_rank_fusion_k=60
179,Q0,AP880726-0251,271,0.456259867767797,reciprocal_rank_fusion_k=60
179,Q0,AP881219-0286,272,0.45364593426933164,reciprocal_rank_fusion_k=60
179,Q0,WSJ870417-0196,273,0.45188745081374015,reciprocal_rank_fusion_k=60
179,Q0,WSJ870729-0084,274,0.4502643981152237,reciprocal_rank_fusion_k=60
179,Q0,WSJ880509-0144,275,0.4498616970407891,reciprocal_rank_fusion_k=60
179,Q0,WSJ900724-0013,276,0.4472669491298129,reciprocal_rank_fusion_k=60
179,Q0,ZF207-738-524,277,0.4467943028498126,reciprocal_rank_fusion_k=60
179,Q0,WSJ910423-0110,278,0.44610557730868494,reciprocal_rank_fusion_k=60
179,Q0,AP881011-0252,279,0.44457490398463284,reciprocal_rank_fusion_k=60
179,Q0,AP880427-0311,280,0.4427302671398003,reciprocal_rank_fusion_k=60
179,Q0,WSJ900508-0087,281,0.44252195476790485,reciprocal_rank_fusion_k=60
179,Q0,AP890412-0240,282,0.4411561505344788,reciprocal_rank_fusion_k=60
179,Q0,WSJ870501-0078,283,0.4410415360779714,reciprocal_rank_fusion_k=60
179,Q0,WSJ910319-0199,284,0.44051589190834606,reciprocal_rank_fusion_k=60
179,Q0,AP881018-0291,285,0.4401728287230462,reciprocal_rank_fusion_k=60
179,Q0,AP890722-0152,286,0.43957605788710746,reciprocal_rank_fusion_k=60
179,Q0,WSJ870911-0064,287,0.4393751589968995,reciprocal_rank_fusion_k=60
179,Q0,WSJ911003-0021,288,0.43929157370435135,reciprocal_rank_fusion_k=60
179,Q0,AP890501-0244,289,0.4365976645868888,reciprocal_rank_fusion_k=60
179,Q0,FR89418-0017,290,0.4364244614334247,reciprocal_rank_fusion_k=60
179,Q0,AP891017-0256,291,0.43599213695151945,reciprocal_rank_fusion_k=60
179,Q0,WSJ910502-0103,292,0.4357030855354117,reciprocal_rank_fusion_k=60
179,Q0,WSJ920320-0072,293,0.4352598787217007,reciprocal_rank_fusion_k=60
179,Q0,WSJ880705-0037,294,0.4337752602083474,reciprocal_rank_fusion_k=60
179,Q0,ZF207-549-918,295,0.43359200785770513,reciprocal_rank_fusion_k=60
179,Q0,WSJ880203-0121,296,0.4330947521054306,reciprocal_rank_fusion_k=60
179,Q0,WSJ880617-0096,297,0.4322716042817102,reciprocal_rank_fusion_k=60
179,Q0,AP890926-0275,298,0.43174876192166506,reciprocal_rank_fusion_k=60
179,Q0,AP880621-0333,299,0.4312295392082265,reciprocal_rank_fusion_k=60
179,Q0,ZF207-377-644,300,0.4312047891095841,reciprocal_rank_fusion_k=60
179,Q0,WSJ910227-0013,301,0.4303051022657834,reciprocal_rank_fusion_k=60
179,Q0,FR89725-0014,302,0.4292998091274926,reciprocal_rank_fusion_k=60
179,Q0,AP890908-0260,303,0.42864740710248633,reciprocal_rank_fusion_k=60
179,Q0,WSJ870903-0003,304,0.42814307089557746,reciprocal_rank_fusion_k=60
179,Q0,WSJ910619-0062,305,0.4274905911958131,reciprocal_rank_fusion_k=60
179,Q0,WSJ871022-0021,306,0.4271118065173904,reciprocal_rank_fusion_k=60
179,Q0,WSJ910315-0053,307,0.4266679935127545,reciprocal_rank_fusion_k=60
179,Q0,AP890216-0282,308,0.42610308644564926,reciprocal_rank_fusion_k=60
179,Q0,WSJ910528-0125,309,0.42609385606546607,reciprocal_rank_fusion_k=60
179,Q0,WSJ910926-0171,310,0.42603763979087683,reciprocal_rank_fusion_k=60
179,Q0,WSJ880204-0110,311,0.42420199921052604,reciprocal_rank_fusion_k=60
179,Q0,WSJ861226-0114,312,0.4236921225402365,reciprocal_rank_fusion_k=60
179,Q0,WSJ910618-0028,313,0.4227082618620738,reciprocal_rank_fusion_k=60
179,Q0,ZF207-406-086,314,0.42167513114933103,reciprocal_rank_fusion_k=60
179,Q0,AP890405-0260,315,0.4189698866559889,reciprocal_rank_fusion_k=60
179,Q0,WSJ900601-0034,316,0.4186348316653305,reciprocal_rank_fusion_k=60
179,Q0,WSJ910503-0142,317,0.41858080173994183,reciprocal_rank_fusion_k=60
179,Q0,WSJ910906-0132,318,0.4163165276540832,reciprocal_rank_fusion_k=60
179,Q0,WSJ870922-0020,319,0.4161880993114665,reciprocal_rank_fusion_k=60
179,Q0,WSJ871026-0116,320,0.4155978687112075,reciprocal_rank_fusion_k=60
179,Q0,ZF108-772-782,321,0.41526272146115456,reciprocal_rank_fusion_k=60
179,Q0,WSJ890927-0163,322,0.4136992578825195,reciprocal_rank_fusion_k=60
179,Q0,WSJ880621-0008,323,0.4133598219578858,reciprocal_rank_fusion_k=60
179,Q0,AP890615-0290,324,0.4133381608088992,reciprocal_rank_fusion_k=60
179,Q0,WSJ870507-0021,325,0.4115627223514542,reciprocal_rank_fusion_k=60
179,Q0,WSJ880318-0032,326,0.41126093730374486,reciprocal_rank_fusion_k=60
179,Q0,WSJ910108-0066,327,0.4091978337406474,reciprocal_rank_fusion_k=60
179,Q0,WSJ900918-0075,328,0.40816209021671734,reciprocal_rank_fusion_k=60
179,Q0,WSJ890912-0125,329,0.4079407463433049,reciprocal_rank_fusion_k=60
179,Q0,WSJ881006-0031,330,0.40791031466908995,reciprocal_rank_fusion_k=60
179,Q0,AP880509-0201,331,0.4063583731691062,reciprocal_rank_fusion_k=60
179,Q0,WSJ881108-0095,332,0.405837706680446,reciprocal_rank_fusion_k=60
179,Q0,AP890308-0251,333,0.4056098402777178,reciprocal_rank_fusion_k=60
179,Q0,WSJ880108-0084,334,0.4038381556862089,reciprocal_rank_fusion_k=60
179,Q0,WSJ880920-0063,335,0.40318827307972444,reciprocal_rank_fusion_k=60
179,Q0,WSJ891024-0103,336,0.40309164209269543,reciprocal_rank_fusion_k=60
179,Q0,WSJ870227-0063,337,0.4027543659840364,reciprocal_rank_fusion_k=60
179,Q0,WSJ870123-0012,338,0.4010447701547421,reciprocal_rank_fusion_k=60
179,Q0,WSJ891030-0045,339,0.3996472534585003,reciprocal_rank_fusion_k=60
179,Q0,WSJ880222-0163,340,0.3992039842037025,reciprocal_rank_fusion_k=60
179,Q0,WSJ910408-0025,341,0.39895734774738895,reciprocal_rank_fusion_k=60
179,Q0,AP880725-0281,342,0.39858242175647823,reciprocal_rank_fusion_k=60
179,Q0,WSJ890921-0166,343,0.398326830044152,reciprocal_rank_fusion_k=60
179,Q0,WSJ911107-0078,344,0.3970615138730631,reciprocal_rank_fusion_k=60
179,Q0,WSJ920228-0126,345,0.3969711041567701,reciprocal_rank_fusion_k=60
179,Q0,WSJ900426-0096,346,0.3958990471321743,reciprocal_rank_fusion_k=60
179,Q0,WSJ911111-0084,347,0.39579567098748386,reciprocal_rank_fusion_k=60
179,Q0,WSJ880129-0013,348,0.39370758589758426,reciprocal_rank_fusion_k=60
179,Q0,WSJ911004-0137,349,0.39301214213886426,reciprocal_rank_fusion_k=60
179,Q0,WSJ910212-0164,350,0.39243945794685137,reciprocal_rank_fusion_k=60
179,Q0,WSJ881006-0058,351,0.3916077441278614,reciprocal_rank_fusion_k=60
179,Q0,WSJ911002-0027,352,0.39051157860695496,reciprocal_rank_fusion_k=60
179,Q0,AP880722-0305,353,0.38863425576747007,reciprocal_rank_fusion_k=60
179,Q0,WSJ900808-0100,354,0.38816144076213116,reciprocal_rank_fusion_k=60
179,Q0,AP890421-0270,355,0.3873042745171567,reciprocal_rank_fusion_k=60
179,Q0,WSJ910314-0114,356,0.3873019904394719,reciprocal_rank_fusion_k=60
179,Q0,AP881219-0294,357,0.38666922256208525,reciprocal_rank_fusion_k=60
179,Q0,WSJ910718-0098,358,0.38555184117736346,reciprocal_rank_fusion_k=60
179,Q0,WSJ880919-0038,359,0.38526099516420576,reciprocal_rank_fusion_k=60
179,Q0,WSJ880606-0044,360,0.38512793526076433,reciprocal_rank_fusion_k=60
179,Q0,WSJ880622-0036,361,0.3847629941394401,reciprocal_rank_fusion_k=60
179,Q0,WSJ880314-0159,362,0.3831729432509718,reciprocal_rank_fusion_k=60
179,Q0,WSJ910412-0089,363,0.3830013867462074,reciprocal_rank_fusion_k=60
179,Q0,WSJ870220-0085,364,0.3824857427430595,reciprocal_rank_fusion_k=60
179,Q0,WSJ910715-0039,365,0.38082545639942567,reciprocal_rank_fusion_k=60
179,Q0,WSJ920324-0026,366,0.3798071778900232,reciprocal_rank_fusion_k=60
179,Q0,WSJ900404-0035,367,0.3797584528629756,reciprocal_rank_fusion_k=60
179,Q0,AP880430-0080,368,0.37964292402707334,reciprocal_rank_fusion_k=60
179,Q0,AP890119-0297,369,0.37948277409643827,reciprocal_rank_fusion_k=60
179,Q0,AP880901-0030,370,0.3783670584673657,reciprocal_rank_fusion_k=60
179,Q0,WSJ910730-0089,371,0.37793181326656355,reciprocal_rank_fusion_k=60
179,Q0,WSJ891026-0004,372,0.3771217561521319,reciprocal_rank_fusion_k=60
179,Q0,WSJ900402-0184,373,0.3762993725059775,reciprocal_rank_fusion_k=60
179,Q0,WSJ900419-0019,374,0.37462993795147337,reciprocal_rank_fusion_k=60
179,Q0,WSJ910125-0063,375,0.37458136183706836,reciprocal_rank_fusion_k=60
179,Q0,WSJ900917-0142,376,0.37402970190378326,reciprocal_rank_fusion_k=60
179,Q0,WSJ880715-0152,377,0.3736934218786126,reciprocal_rank_fusion_k=60
179,Q0,AP890914-0233,378,0.37244326627477137,reciprocal_rank_fusion_k=60
179,Q0,AP890726-0276,379,0.371850139774771,reciprocal_rank_fusion_k=60
179,Q0,AP880225-0171,380,0.3714848321321359,reciprocal_rank_fusion_k=60
179,Q0,WSJ900611-0072,381,0.3714618554212974,reciprocal_rank_fusion_k=60
179,Q0,AP890914-0021,382,0.3713316418183833,reciprocal_rank_fusion_k=60
179,Q0,WSJ880330-0032,383,0.36958606452496884,reciprocal_rank_fusion_k=60
179,Q0,WSJ911025-0122,384,0.36893548957506844,reciprocal_rank_fusion_k=60
179,Q0,AP880531-0186,385,0.3661917764114685,reciprocal_rank_fusion_k=60
179,Q0,WSJ870825-0100,386,0.3651660139494909,reciprocal_rank_fusion_k=60
179,Q0,WSJ910314-0104,387,0.3643680695070268,reciprocal_rank_fusion_k=60
179,Q0,AP881223-0027,388,0.36431889666780765,reciprocal_rank_fusion_k=60
179,Q0,AP890308-0277,389,0.3634325420014169,reciprocal_rank_fusion_k=60
179,Q0,WSJ911016-0147,390,0.3629443075780661,reciprocal_rank_fusion_k=60
179,Q0,AP880604-0159,391,0.36290763956077227,reciprocal_rank_fusion_k=60
179,Q0,WSJ870716-0054,392,0.3622999048429129,reciprocal_rank_fusion_k=60
179,Q0,AP890822-0177,393,0.3615411356617721,reciprocal_rank_fusion_k=60
179,Q0,WSJ880609-0008,394,0.3613413905021776,reciprocal_rank_fusion_k=60
179,Q0,WSJ881115-0134,395,0.3573320161238449,reciprocal_rank_fusion_k=60
179,Q0,WSJ880916-0021,396,0.356745685048179,reciprocal_rank_fusion_k=60
179,Q0,AP880304-0219,397,0.356576732157058,reciprocal_rank_fusion_k=60
179,Q0,WSJ900628-0038,398,0.3561145929103337,reciprocal_rank_fusion_k=60
179,Q0,WSJ880115-0011,399,0.35551485479523864,reciprocal_rank_fusion_k=60
179,Q0,WSJ890922-0160,400,0.3554382803943894,reciprocal_rank_fusion_k=60
179,Q0,WSJ870206-0059,401,0.355226894021195,reciprocal_rank_fusion_k=60
179,Q0,AP890619-0298,402,0.35482580964989097,reciprocal_rank_fusion_k=60
179,Q0,WSJ900530-0047,403,0.35365836958467506,reciprocal_rank_fusion_k=60
179,Q0,WSJ910805-0164,404,0.3529394311662718,reciprocal_rank_fusion_k=60
179,Q0,WSJ890825-0151,405,0.3514971569648311,reciprocal_rank_fusion_k=60
179,Q0,WSJ870505-0018,406,0.35147046574872065,reciprocal_rank_fusion_k=60
179,Q0,WSJ910603-0050,407,0.3502320023132799,reciprocal_rank_fusion_k=60
179,Q0,WSJ880712-0133,408,0.3493445725925302,reciprocal_rank_fusion_k=60
179,Q0,AP891114-0148,409,0.34930740315440295,reciprocal_rank_fusion_k=60
179,Q0,WSJ920204-0069,410,0.34891277115274744,reciprocal_rank_fusion_k=60
179,Q0,WSJ880914-0056,411,0.34700198882989663,reciprocal_rank_fusion_k=60
179,Q0,WSJ910315-0158,412,0.34657508805297016,reciprocal_rank_fusion_k=60
179,Q0,WSJ900605-0138,413,0.345137272227914,reciprocal_rank_fusion_k=60
179,Q0,WSJ870521-0016,414,0.3436918262892516,reciprocal_rank_fusion_k=60
179,Q0,WSJ910313-0171,415,0.34266788197062875,reciprocal_rank_fusion_k=60
179,Q0,AP881202-0247,416,0.3411910104541307,reciprocal_rank_fusion_k=60
179,Q0,AP880226-0263,417,0.3397821630440457,reciprocal_rank_fusion_k=60
179,Q0,WSJ881025-0033,418,0.339345753159922,reciprocal_rank_fusion_k=60
179,Q0,WSJ891019-0140,419,0.33919151514084306,reciprocal_rank_fusion_k=60
179,Q0,WSJ870820-0131,420,0.3371098418487409,reciprocal_rank_fusion_k=60
179,Q0,WSJ910903-0138,421,0.33698851253826706,reciprocal_rank_fusion_k=60
179,Q0,WSJ900413-0053,422,0.33698810326092504,reciprocal_rank_fusion_k=60
179,Q0,WSJ880726-0036,423,0.3360865850221308,reciprocal_rank_fusion_k=60
179,Q0,WSJ870504-0022,424,0.33575101334374147,reciprocal_rank_fusion_k=60
179,Q0,WSJ920324-0023,425,0.3352822553643873,reciprocal_rank_fusion_k=60
179,Q0,WSJ881028-0117,426,0.33514102524006945,reciprocal_rank_fusion_k=60
179,Q0,WSJ911009-0040,427,0.33244112258008646,reciprocal_rank_fusion_k=60
179,Q0,WSJ910501-0099,428,0.3310925554637805,reciprocal_rank_fusion_k=60
179,Q0,WSJ870501-0031,429,0.32986204927908885,reciprocal_rank_fusion_k=60
179,Q0,WSJ880129-0057,430,0.32848315847515674,reciprocal_rank_fusion_k=60
179,Q0,WSJ901221-0185,431,0.3284091574277872,reciprocal_rank_fusion_k=60
179,Q0,AP880713-0234,432,0.3275815566533366,reciprocal_rank_fusion_k=60
179,Q0,WSJ870204-0027,433,0.32745229265190146,reciprocal_rank_fusion_k=60
179,Q0,WSJ870326-0006,434,0.3261817680863964,reciprocal_rank_fusion_k=60
179,Q0,AP881013-0313,435,0.3254605787135949,reciprocal_rank_fusion_k=60
179,Q0,WSJ870728-0046,436,0.32321650471751073,reciprocal_rank_fusion_k=60
179,Q0,DOE1-43-0672,437,0.32236591043795504,reciprocal_rank_fusion_k=60
179,Q0,WSJ880310-0130,438,0.32063434817845793,reciprocal_rank_fusion_k=60
179,Q0,WSJ880603-0011,439,0.3203244717157969,reciprocal_rank_fusion_k=60
179,Q0,WSJ910808-0071,440,0.31928049062189723,reciprocal_rank_fusion_k=60
179,Q0,WSJ900830-0126,441,0.3185769631617468,reciprocal_rank_fusion_k=60
179,Q0,WSJ870327-0157,442,0.3180147732632507,reciprocal_rank_fusion_k=60
179,Q0,AP880827-0069,443,0.31545190114679483,reciprocal_rank_fusion_k=60
179,Q0,AP881004-0215,444,0.3154244087547473,reciprocal_rank_fusion_k=60
179,Q0,WSJ910815-0055,445,0.31485896538102986,reciprocal_rank_fusion_k=60
179,Q0,ZF108-141-790,446,0.3146027084439351,reciprocal_rank_fusion_k=60
179,Q0,AP880318-0298,447,0.31262063641138715,reciprocal_rank_fusion_k=60
179,Q0,AP890904-0103,448,0.3120633226914116,reciprocal_rank_fusion_k=60
179,Q0,AP880920-0243,449,0.31203878886146214,reciprocal_rank_fusion_k=60
179,Q0,WSJ880202-0055,450,0.31161114505615367,reciprocal_rank_fusion_k=60
179,Q0,AP890927-0234,451,0.30889243107689374,reciprocal_rank_fusion_k=60
179,Q0,WSJ900403-0150,452,0.3087094810031637,reciprocal_rank_fusion_k=60
179,Q0,WSJ910829-0048,453,0.3085400711606027,reciprocal_rank_fusion_k=60
179,Q0,WSJ890915-0074,454,0.3080828057961002,reciprocal_rank_fusion_k=60
179,Q0,ZF108-780-480,455,0.30802828983763514,reciprocal_rank_fusion_k=60
179,Q0,WSJ911104-0193,456,0.30737385565378167,reciprocal_rank_fusion_k=60
179,Q0,AP880623-0252,457,0.30720488835563087,reciprocal_rank_fusion_k=60
179,Q0,WSJ890928-0015,458,0.30704105166472234,reciprocal_rank_fusion_k=60
179,Q0,WSJ910313-0024,459,0.30614508416228425,reciprocal_rank_fusion_k=60
179,Q0,AP881108-0239,460,0.3043015237307737,reciprocal_rank_fusion_k=60
179,Q0,WSJ871015-0120,461,0.30430132630063333,reciprocal_rank_fusion_k=60
179,Q0,AP890411-0193,462,0.3042007944144252,reciprocal_rank_fusion_k=60
179,Q0,AP880622-0308,463,0.3040673751336996,reciprocal_rank_fusion_k=60
179,Q0,WSJ880205-0085,464,0.303420068915502,reciprocal_rank_fusion_k=60
179,Q0,WSJ890831-0115,465,0.30294916608893513,reciprocal_rank_fusion_k=60
179,Q0,AP890827-0015,466,0.3024088929925037,reciprocal_rank_fusion_k=60
179,Q0,WSJ870518-0008,467,0.3018123375612583,reciprocal_rank_fusion_k=60
179,Q0,WSJ880301-0008,468,0.2999190838574542,reciprocal_rank_fusion_k=60
179,Q0,WSJ900411-0061,469,0.29804635656452494,reciprocal_rank_fusion_k=60
179,Q0,AP890308-0245,470,0.29610134137097516,reciprocal_rank_fusion_k=60
179,Q0,AP890405-0261,471,0.2956990244901909,reciprocal_rank_fusion_k=60
179,Q0,AP890615-0253,472,0.29554836660917744,reciprocal_rank_fusion_k=60
179,Q0,WSJ881025-0001,473,0.29541959523131484,reciprocal_rank_fusion_k=60
179,Q0,WSJ890925-0160,474,0.29531151141186207,reciprocal_rank_fusion_k=60
179,Q0,AP880410-0083,475,0.2950944039421767,reciprocal_rank_fusion_k=60
179,Q0,WSJ880902-0162,476,0.29508498632974123,reciprocal_rank_fusion_k=60
179,Q0,WSJ880621-0021,477,0.29400370517269236,reciprocal_rank_fusion_k=60
179,Q0,AP880908-0267,478,0.29365075372128396,reciprocal_rank_fusion_k=60
179,Q0,AP890927-0289,479,0.2930443046405779,reciprocal_rank_fusion_k=60
179,Q0,WSJ890920-0100,480,0.2909571829610723,reciprocal_rank_fusion_k=60
179,Q0,WSJ900821-0053,481,0.2906783110283066,reciprocal_rank_fusion_k=60
179,Q0,WSJ880502-0092,482,0.29021361176123,reciprocal_rank_fusion_k=60
179,Q0,ZF108-711-436,483,0.2890961359896936,reciprocal_rank_fusion_k=60
179,Q0,AP880324-0110,484,0.2876609999985089,reciprocal_rank_fusion_k=60
179,Q0,WSJ870219-0048,485,0.2872784143789114,reciprocal_rank_fusion_k=60
179,Q0,WSJ910614-0018,486,0.2863219091345387,reciprocal_rank_fusion_k=60
179,Q0,WSJ870915-0153,487,0.2850223083767908,reciprocal_rank_fusion_k=60
179,Q0,WSJ910913-0163,488,0.2846824578742983,reciprocal_rank_fusion_k=60
179,Q0,WSJ870218-0126,489,0.2843510783829857,reciprocal_rank_fusion_k=60
179,Q0,WSJ880727-0041,490,0.2839609005200916,reciprocal_rank_fusion_k=60
179,Q0,WSJ880316-0088,491,0.2837640200541766,reciprocal_rank_fusion_k=60
179,Q0,WSJ910211-0015,492,0.2834206283938472,reciprocal_rank_fusion_k=60
179,Q0,AP880511-0321,493,0.28235859345842446,reciprocal_rank_fusion_k=60
179,Q0,WSJ910513-0112,494,0.28080004764716854,reciprocal_rank_fusion_k=60
179,Q0,AP890905-0242,495,0.2787751464457741,reciprocal_rank_fusion_k=60
179,Q0,WSJ881007-0042,496,0.2779508360496025,reciprocal_rank_fusion_k=60
179,Q0,AP880821-0050,497,0.27783259633753576,reciprocal_rank_fusion_k=60
179,Q0,WSJ880906-0052,498,0.2776105758100677,reciprocal_rank_fusion_k=60
179,Q0,AP890615-0300,499,0.2775602666388639,reciprocal_rank_fusion_k=60
179,Q0,WSJ911008-0114,500,0.27669087438639056,reciprocal_rank_fusion_k=60
179,Q0,WSJ880302-0054,501,0.27545076174295363,reciprocal_rank_fusion_k=60
179,Q0,WSJ900402-0135,502,0.27500772958385766,reciprocal_rank_fusion_k=60
179,Q0,WSJ910816-0168,503,0.2744614693752289,reciprocal_rank_fusion_k=60
179,Q0,WSJ880406-0071,504,0.27339224737579215,reciprocal_rank_fusion_k=60
179,Q0,WSJ870323-0112,505,0.27294788985712576,reciprocal_rank_fusion_k=60
179,Q0,AP891019-0297,506,0.27184241746192295,reciprocal_rank_fusion_k=60
179,Q0,WSJ891018-0041,507,0.27173071702523305,reciprocal_rank_fusion_k=60
179,Q0,WSJ881005-0029,508,0.27139835700202325,reciprocal_rank_fusion_k=60
179,Q0,WSJ910725-0106,509,0.2711320022372447,reciprocal_rank_fusion_k=60
179,Q0,WSJ881005-0086,510,0.2711192517979544,reciprocal_rank_fusion_k=60
179,Q0,WSJ910605-0041,511,0.2708392418492352,reciprocal_rank_fusion_k=60
179,Q0,WSJ881007-0140,512,0.2692268863815467,reciprocal_rank_fusion_k=60
179,Q0,WSJ870625-0047,513,0.26911969026894594,reciprocal_rank_fusion_k=60
179,Q0,WSJ910903-0117,514,0.26891466206551795,reciprocal_rank_fusion_k=60
179,Q0,AP881220-0232,515,0.2687743144005829,reciprocal_rank_fusion_k=60
179,Q0,WSJ870203-0161,516,0.26788854295345726,reciprocal_rank_fusion_k=60
179,Q0,WSJ900427-0032,517,0.2676180008095859,reciprocal_rank_fusion_k=60
179,Q0,WSJ900413-0134,518,0.2673448796392199,reciprocal_rank_fusion_k=60
179,Q0,WSJ910312-0018,519,0.2672471426364701,reciprocal_rank_fusion_k=60
179,Q0,AP880813-0034,520,0.26717242132664665,reciprocal_rank_fusion_k=60
179,Q0,WSJ910312-0081,521,0.26691217709257453,reciprocal_rank_fusion_k=60
179,Q0,WSJ910930-0073,522,0.2660520092581583,reciprocal_rank_fusion_k=60
179,Q0,WSJ880223-0013,523,0.26487880328002056,reciprocal_rank_fusion_k=60
179,Q0,WSJ910718-0027,524,0.26377116817489743,reciprocal_rank_fusion_k=60
179,Q0,WSJ911115-0012,525,0.2634693755093154,reciprocal_rank_fusion_k=60
179,Q0,WSJ910426-0050,526,0.2632109688055794,reciprocal_rank_fusion_k=60
179,Q0,AP880829-0272,527,0.2627156282075053,reciprocal_rank_fusion_k=60
179,Q0,WSJ880525-0056,528,0.26188688985381603,reciprocal_rank_fusion_k=60
179,Q0,WSJ880826-0171,529,0.2618473667859326,reciprocal_rank_fusion_k=60
179,Q0,WSJ870106-0120,530,0.26184550953096775,reciprocal_rank_fusion_k=60
179,Q0,WSJ870205-0083,531,0.2607253682230044,reciprocal_rank_fusion_k=60
179,Q0,AP890830-0268,532,0.2605321191260372,reciprocal_rank_fusion_k=60
179,Q0,WSJ910611-0014,533,0.25958115707084767,reciprocal_rank_fusion_k=60
179,Q0,WSJ871002-0082,534,0.25940144291566325,reciprocal_rank_fusion_k=60
179,Q0,AP890208-0271,535,0.2592807112694152,reciprocal_rank_fusion_k=60
179,Q0,AP880627-0287,536,0.25871463703389386,reciprocal_rank_fusion_k=60
179,Q0,WSJ911106-0006,537,0.25824969380410717,reciprocal_rank_fusion_k=60
179,Q0,AP890322-0289,538,0.25743830002314627,reciprocal_rank_fusion_k=60
179,Q0,WSJ870504-0100,539,0.2561345150462988,reciprocal_rank_fusion_k=60
179,Q0,WSJ910313-0123,540,0.2560143199941486,reciprocal_rank_fusion_k=60
179,Q0,WSJ920128-0006,541,0.25384960411345414,reciprocal_rank_fusion_k=60
179,Q0,ZF207-721-900,542,0.2537902262430103,reciprocal_rank_fusion_k=60
179,Q0,AP881216-0285,543,0.2519332971097988,reciprocal_rank_fusion_k=60
179,Q0,WSJ881101-0013,544,0.25119071309559415,reciprocal_rank_fusion_k=60
179,Q0,WSJ881013-0115,545,0.25021279578497524,reciprocal_rank_fusion_k=60
179,Q0,WSJ870512-0093,546,0.24908508337838714,reciprocal_rank_fusion_k=60
179,Q0,AP880318-0333,547,0.2484828094018122,reciprocal_rank_fusion_k=60
179,Q0,AP880912-0014,548,0.24800674535764688,reciprocal_rank_fusion_k=60
179,Q0,AP891110-0270,549,0.2469812734081297,reciprocal_rank_fusion_k=60
179,Q0,WSJ900409-0084,550,0.24630777672168766,reciprocal_rank_fusion_k=60
179,Q0,WSJ910910-0028,551,0.24534856039268904,reciprocal_rank_fusion_k=60
179,Q0,AP891228-0149,552,0.24470980092244982,reciprocal_rank_fusion_k=60
179,Q0,WSJ870128-0099,553,0.24458225385535753,reciprocal_rank_fusion_k=60
179,Q0,WSJ870402-0043,554,0.2444341359998022,reciprocal_rank_fusion_k=60
179,Q0,AP890309-0220,555,0.2444095795014876,reciprocal_rank_fusion_k=60
179,Q0,AP881005-0270,556,0.2441068361544101,reciprocal_rank_fusion_k=60
179,Q0,AP890325-0135,557,0.24376914073581077,reciprocal_rank_fusion_k=60
179,Q0,ZF107-974-984,558,0.24370425493378498,reciprocal_rank_fusion_k=60
179,Q0,AP890218-0047,559,0.2424541900178856,reciprocal_rank_fusion_k=60
179,Q0,AP890915-0282,560,0.24200304590252728,reciprocal_rank_fusion_k=60
179,Q0,ZF108-680-684,561,0.24167644560537674,reciprocal_rank_fusion_k=60
179,Q0,AP880602-0318,562,0.24146313434527256,reciprocal_rank_fusion_k=60
179,Q0,WSJ880510-0115,563,0.24141784827926388,reciprocal_rank_fusion_k=60
179,Q0,WSJ880930-0057,564,0.24107076180820497,reciprocal_rank_fusion_k=60
179,Q0,WSJ881026-0112,565,0.24053081259146208,reciprocal_rank_fusion_k=60
179,Q0,WSJ861224-0066,566,0.24041635622649649,reciprocal_rank_fusion_k=60
179,Q0,WSJ880628-0106,567,0.2393527798885416,reciprocal_rank_fusion_k=60
179,Q0,WSJ910816-0147,568,0.23930703823007157,reciprocal_rank_fusion_k=60
179,Q0,WSJ910830-0077,569,0.23892976697882184,reciprocal_rank_fusion_k=60
179,Q0,AP890608-0233,570,0.23789218438938703,reciprocal_rank_fusion_k=60
179,Q0,WSJ910723-0110,571,0.23787505839301806,reciprocal_rank_fusion_k=60
179,Q0,WSJ870501-0009,572,0.2377322942411428,reciprocal_rank_fusion_k=60
179,Q0,AP881209-0191,573,0.23699844145699786,reciprocal_rank_fusion_k=60
179,Q0,ZF207-111-444,574,0.23610301560675795,reciprocal_rank_fusion_k=60
179,Q0,AP881019-0243,575,0.23597439922442973,reciprocal_rank_fusion_k=60
179,Q0,AP880317-0259,576,0.23423337206668857,reciprocal_rank_fusion_k=60
179,Q0,WSJ910327-0072,577,0.23378971528753772,reciprocal_rank_fusion_k=60
179,Q0,WSJ910813-0003,578,0.23378129328094413,reciprocal_rank_fusion_k=60
179,Q0,AP880308-0284,579,0.23360152858709693,reciprocal_rank_fusion_k=60
179,Q0,AP880519-0048,580,0.23241710556096795,reciprocal_rank_fusion_k=60
179,Q0,WSJ861208-0116,581,0.23209399992589952,reciprocal_rank_fusion_k=60
179,Q0,WSJ881101-0088,582,0.23190699459029204,reciprocal_rank_fusion_k=60
179,Q0,WSJ910514-0096,583,0.23168350651740233,reciprocal_rank_fusion_k=60
179,Q0,AP881104-0150,584,0.23092073568008853,reciprocal_rank_fusion_k=60
179,Q0,WSJ880729-0098,585,0.22958519596870397,reciprocal_rank_fusion_k=60
179,Q0,WSJ880701-0021,586,0.22904841493683034,reciprocal_rank_fusion_k=60
179,Q0,AP880824-0082,587,0.2289721932975312,reciprocal_rank_fusion_k=60
179,Q0,WSJ861209-0068,588,0.22884776271093157,reciprocal_rank_fusion_k=60
179,Q0,WSJ911220-0040,589,0.2281787657585921,reciprocal_rank_fusion_k=60
179,Q0,WSJ880321-0125,590,0.22750060309287204,reciprocal_rank_fusion_k=60
179,Q0,AP890303-0167,591,0.2266890726864701,reciprocal_rank_fusion_k=60
179,Q0,WSJ871007-0118,592,0.22663237403815079,reciprocal_rank_fusion_k=60
179,Q0,WSJ911213-0003,593,0.22633606432733078,reciprocal_rank_fusion_k=60
179,Q0,AP890317-0205,594,0.22591794258297357,reciprocal_rank_fusion_k=60
179,Q0,AP891214-0199,595,0.22589691781658877,reciprocal_rank_fusion_k=60
179,Q0,AP890318-0098,596,0.22550867807680663,reciprocal_rank_fusion_k=60
179,Q0,AP881013-0310,597,0.22419346013574717,reciprocal_rank_fusion_k=60
179,Q0,WSJ911129-0022,598,0.2241401692067404,reciprocal_rank_fusion_k=60
179,Q0,AP880930-0238,599,0.22377269110154416,reciprocal_rank_fusion_k=60
179,Q0,WSJ870624-0093,600,0.22376188731580904,reciprocal_rank_fusion_k=60
179,Q0,AP890519-0222,601,0.22341385097483968,reciprocal_rank_fusion_k=60
179,Q0,WSJ900406-0042,602,0.22315990523523369,reciprocal_rank_fusion_k=60
179,Q0,WSJ880928-0029,603,0.22226880043534786,reciprocal_rank_fusion_k=60
179,Q0,AP890918-0229,604,0.2222551535334513,reciprocal_rank_fusion_k=60
179,Q0,WSJ880229-0086,605,0.2219644804489153,reciprocal_rank_fusion_k=60
179,Q0,WSJ870122-0111,606,0.2219444406544927,reciprocal_rank_fusion_k=60
179,Q0,ZF207-330-616,607,0.22159672483993226,reciprocal_rank_fusion_k=60
179,Q0,WSJ900906-0101,608,0.22134940718762314,reciprocal_rank_fusion_k=60
179,Q0,AP891017-0066,609,0.22132936666360262,reciprocal_rank_fusion_k=60
179,Q0,WSJ880826-0175,610,0.22125677682236544,reciprocal_rank_fusion_k=60
179,Q0,AP880710-0081,611,0.22118738388397968,reciprocal_rank_fusion_k=60
179,Q0,WSJ890828-0040,612,0.21952281387276076,reciprocal_rank_fusion_k=60
179,Q0,AP880730-0002,613,0.2188560827539653,reciprocal_rank_fusion_k=60
179,Q0,WSJ870519-0101,614,0.21862522502505274,reciprocal_rank_fusion_k=60
179,Q0,WSJ880722-0016,615,0.21829577736489786,reciprocal_rank_fusion_k=60
179,Q0,WSJ910513-0108,616,0.21827793314655805,reciprocal_rank_fusion_k=60
179,Q0,AP881213-0265,617,0.21783728326666355,reciprocal_rank_fusion_k=60
179,Q0,WSJ880506-0019,618,0.21769718557815015,reciprocal_rank_fusion_k=60
179,Q0,AP881212-0303,619,0.21763681542345273,reciprocal_rank_fusion_k=60
179,Q0,WSJ880801-0093,620,0.2176011586003864,reciprocal_rank_fusion_k=60
179,Q0,AP880428-0079,621,0.21744576774229682,reciprocal_rank_fusion_k=60
179,Q0,AP881018-0022,622,0.21717387052410717,reciprocal_rank_fusion_k=60
179,Q0,WSJ910729-0145,623,0.21707446630752897,reciprocal_rank_fusion_k=60
179,Q0,WSJ910328-0066,624,0.2170511963058024,reciprocal_rank_fusion_k=60
179,Q0,WSJ910404-0103,625,0.21674961433308396,reciprocal_rank_fusion_k=60
179,Q0,AP890323-0016,626,0.21578409420205424,reciprocal_rank_fusion_k=60
179,Q0,WSJ880408-0053,627,0.21554503085990084,reciprocal_rank_fusion_k=60
179,Q0,WSJ871124-0075,628,0.21533218330166887,reciprocal_rank_fusion_k=60
179,Q0,AP881220-0217,629,0.21513855279983268,reciprocal_rank_fusion_k=60
179,Q0,AP880228-0098,630,0.2146775783424373,reciprocal_rank_fusion_k=60
179,Q0,WSJ870904-0151,631,0.214502673932894,reciprocal_rank_fusion_k=60
179,Q0,ZF207-345-254,632,0.2144422531662901,reciprocal_rank_fusion_k=60
179,Q0,WSJ871224-0086,633,0.21422537179447138,reciprocal_rank_fusion_k=60
179,Q0,WSJ910109-0061,634,0.21343097972272204,reciprocal_rank_fusion_k=60
179,Q0,AP890125-0044,635,0.21332345851083281,reciprocal_rank_fusion_k=60
179,Q0,WSJ920110-0123,636,0.2130346696184862,reciprocal_rank_fusion_k=60
179,Q0,AP880713-0307,637,0.2120095195036619,reciprocal_rank_fusion_k=60
179,Q0,AP880907-0225,638,0.21158721010481543,reciprocal_rank_fusion_k=60
179,Q0,WSJ890804-0190,639,0.21150031855773285,reciprocal_rank_fusion_k=60
179,Q0,WSJ910624-0089,640,0.21127177313166576,reciprocal_rank_fusion_k=60
179,Q0,WSJ870331-0159,641,0.21024839521854058,reciprocal_rank_fusion_k=60
179,Q0,WSJ920124-0046,642,0.21002249762507288,reciprocal_rank_fusion_k=60
179,Q0,WSJ890725-0160,643,0.21000614630604386,reciprocal_rank_fusion_k=60
179,Q0,WSJ910830-0048,644,0.20998784868408585,reciprocal_rank_fusion_k=60
179,Q0,AP880812-0002,645,0.20948536236545265,reciprocal_rank_fusion_k=60
179,Q0,WSJ870310-0014,646,0.2094350013334609,reciprocal_rank_fusion_k=60
179,Q0,AP880901-0284,647,0.20848712753338214,reciprocal_rank_fusion_k=60
179,Q0,WSJ870826-0122,648,0.2076312558847672,reciprocal_rank_fusion_k=60
179,Q0,WSJ881026-0074,649,0.20553357764921104,reciprocal_rank_fusion_k=60
179,Q0,WSJ911003-0135,650,0.2053954563644476,reciprocal_rank_fusion_k=60
179,Q0,WSJ871106-0078,651,0.20520051481991905,reciprocal_rank_fusion_k=60
179,Q0,WSJ910305-0051,652,0.20450005109014213,reciprocal_rank_fusion_k=60
179,Q0,WSJ870917-0145,653,0.20405610702066856,reciprocal_rank_fusion_k=60
179,Q0,WSJ870427-0044,654,0.20391147842744375,reciprocal_rank_fusion_k=60
179,Q0,AP890216-0087,655,0.2034568984711293,reciprocal_rank_fusion_k=60
179,Q0,AP891215-0291,656,0.2032381288287675,reciprocal_rank_fusion_k=60
179,Q0,WSJ910816-0016,657,0.2032080517594057,reciprocal_rank_fusion_k=60
179,Q0,AP881220-0210,658,0.20216293721333933,reciprocal_rank_fusion_k=60
179,Q0,WSJ880829-0002,659,0.20178676845949683,reciprocal_rank_fusion_k=60
179,Q0,AP890404-0182,660,0.20174223674337133,reciprocal_rank_fusion_k=60
179,Q0,AP890504-0044,661,0.20094442348054734,reciprocal_rank_fusion_k=60
179,Q0,WSJ900619-0008,662,0.20071099046850624,reciprocal_rank_fusion_k=60
179,Q0,WSJ911218-0160,663,0.20032159645038403,reciprocal_rank_fusion_k=60
179,Q0,WSJ880926-0127,664,0.20031183030183305,reciprocal_rank_fusion_k=60
179,Q0,WSJ900619-0057,665,0.199686236704465,reciprocal_rank_fusion_k=60
179,Q0,AP880313-0040,666,0.1995879323522307,reciprocal_rank_fusion_k=60
179,Q0,WSJ890804-0047,667,0.19946777830886864,reciprocal_rank_fusion_k=60
179,Q0,AP890721-0240,668,0.19933282415652176,reciprocal_rank_fusion_k=60
179,Q0,WSJ911111-0024,669,0.19898279176990583,reciprocal_rank_fusion_k=60
179,Q0,AP880912-0267,670,0.1989762580377788,reciprocal_rank_fusion_k=60
179,Q0,WSJ880525-0140,671,0.19851249821341377,reciprocal_rank_fusion_k=60
179,Q0,AP890714-0290,672,0.1980468310768142,reciprocal_rank_fusion_k=60
179,Q0,WSJ870521-0067,673,0.19784607235932702,reciprocal_rank_fusion_k=60
179,Q0,AP890819-0063,674,0.19719016468607617,reciprocal_rank_fusion_k=60
179,Q0,WSJ920109-0122,675,0.19645901662797283,reciprocal_rank_fusion_k=60
179,Q0,AP880609-0091,676,0.19615885782430342,reciprocal_rank_fusion_k=60
179,Q0,WSJ900813-0079,677,0.19569038977530834,reciprocal_rank_fusion_k=60
179,Q0,WSJ880412-0015,678,0.19448534427475486,reciprocal_rank_fusion_k=60
179,Q0,DOE1-63-0553,679,0.19380361772412677,reciprocal_rank_fusion_k=60
179,Q0,WSJ870717-0112,680,0.19356897878566154,reciprocal_rank_fusion_k=60
179,Q0,WSJ871125-0114,681,0.19335740514991764,reciprocal_rank_fusion_k=60
179,Q0,AP881213-0270,682,0.19322890277356544,reciprocal_rank_fusion_k=60
179,Q0,WSJ910509-0146,683,0.19305237684986296,reciprocal_rank_fusion_k=60
179,Q0,DOE1-66-0832,684,0.1928042118768231,reciprocal_rank_fusion_k=60
179,Q0,AP881102-0316,685,0.19178156506154892,reciprocal_rank_fusion_k=60
179,Q0,WSJ880816-0161,686,0.19139127418832702,reciprocal_rank_fusion_k=60
179,Q0,AP891108-0155,687,0.19130284724680294,reciprocal_rank_fusion_k=60
179,Q0,WSJ881104-0021,688,0.1912497937971536,reciprocal_rank_fusion_k=60
179,Q0,AP881211-0081,689,0.1896550165894924,reciprocal_rank_fusion_k=60
179,Q0,WSJ900524-0006,690,0.1891128033671793,reciprocal_rank_fusion_k=60
179,Q0,WSJ910520-0183,691,0.1889002814328519,reciprocal_rank_fusion_k=60
179,Q0,WSJ900710-0100,692,0.1886537102254146,reciprocal_rank_fusion_k=60
179,Q0,WSJ890911-0008,693,0.1886350676668306,reciprocal_rank_fusion_k=60
179,Q0,WSJ871118-0163,694,0.18848416966398215,reciprocal_rank_fusion_k=60
179,Q0,WSJ880725-0141,695,0.18807585152621434,reciprocal_rank_fusion_k=60
179,Q0,WSJ880413-0162,696,0.187906501735504,reciprocal_rank_fusion_k=60
179,Q0,AP890105-0093,697,0.18641557655853844,reciprocal_rank_fusion_k=60
179,Q0,WSJ880722-0047,698,0.18628711077433227,reciprocal_rank_fusion_k=60
179,Q0,WSJ900406-0060,699,0.18622144144185548,reciprocal_rank_fusion_k=60
179,Q0,WSJ880608-0136,700,0.18591148208679262,reciprocal_rank_fusion_k=60
179,Q0,WSJ880324-0113,701,0.18576027841500742,reciprocal_rank_fusion_k=60
179,Q0,AP890421-0249,702,0.18561963446294144,reciprocal_rank_fusion_k=60
179,Q0,WSJ920323-0021,703,0.1852871686398263,reciprocal_rank_fusion_k=60
179,Q0,WSJ880829-0047,704,0.18524623530772388,reciprocal_rank_fusion_k=60
179,Q0,WSJ880919-0062,705,0.18523615313093403,reciprocal_rank_fusion_k=60
179,Q0,FR88514-0001,706,0.18496288344639558,reciprocal_rank_fusion_k=60
179,Q0,WSJ911028-0094,707,0.18470820169089994,reciprocal_rank_fusion_k=60
179,Q0,WSJ920210-0125,708,0.18430933205282446,reciprocal_rank_fusion_k=60
179,Q0,WSJ890918-0066,709,0.18341536363170718,reciprocal_rank_fusion_k=60
179,Q0,WSJ920107-0060,710,0.18339095951708614,reciprocal_rank_fusion_k=60
179,Q0,WSJ881004-0001,711,0.18286968299991477,reciprocal_rank_fusion_k=60
179,Q0,WSJ881111-0151,712,0.18271438347825783,reciprocal_rank_fusion_k=60
179,Q0,WSJ910917-0002,713,0.18239234496272427,reciprocal_rank_fusion_k=60
179,Q0,AP881206-0064,714,0.18196629750819301,reciprocal_rank_fusion_k=60
179,Q0,WSJ880830-0040,715,0.18162383998792261,reciprocal_rank_fusion_k=60
179,Q0,WSJ870310-0117,716,0.1816172580361349,reciprocal_rank_fusion_k=60
179,Q0,WSJ881007-0011,717,0.1814300129236813,reciprocal_rank_fusion_k=60
179,Q0,ZF207-508-572,718,0.18063550886544097,reciprocal_rank_fusion_k=60
179,Q0,AP881006-0263,719,0.1803425180208295,reciprocal_rank_fusion_k=60
179,Q0,WSJ900802-0074,720,0.17984796037910405,reciprocal_rank_fusion_k=60
179,Q0,WSJ880914-0126,721,0.17911333787718658,reciprocal_rank_fusion_k=60
179,Q0,AP890721-0269,722,0.17909437877797382,reciprocal_rank_fusion_k=60
179,Q0,WSJ870513-0069,723,0.1788675669551234,reciprocal_rank_fusion_k=60
179,Q0,AP880627-0263,724,0.1784744067112866,reciprocal_rank_fusion_k=60
179,Q0,WSJ911023-0095,725,0.17833400969653357,reciprocal_rank_fusion_k=60
179,Q0,AP880823-0066,726,0.178293814386393,reciprocal_rank_fusion_k=60
179,Q0,WSJ900424-0141,727,0.17695887394941004,reciprocal_rank_fusion_k=60
179,Q0,AP881118-0229,728,0.17635615781946906,reciprocal_rank_fusion_k=60
179,Q0,ZF108-589-582,729,0.1763269836796223,reciprocal_rank_fusion_k=60
179,Q0,AP880701-0255,730,0.1751284642534112,reciprocal_rank_fusion_k=60
179,Q0,WSJ920205-0066,731,0.1748996676446027,reciprocal_rank_fusion_k=60
179,Q0,WSJ911113-0031,732,0.17414116116975345,reciprocal_rank_fusion_k=60
179,Q0,AP890512-0290,733,0.17408492130168307,reciprocal_rank_fusion_k=60
179,Q0,WSJ910424-0182,734,0.17310208007017402,reciprocal_rank_fusion_k=60
179,Q0,WSJ910801-0061,735,0.17307457111269106,reciprocal_rank_fusion_k=60
179,Q0,WSJ920212-0057,736,0.1726355453615507,reciprocal_rank_fusion_k=60
179,Q0,WSJ900913-0122,737,0.1722768373019019,reciprocal_rank_fusion_k=60
179,Q0,WSJ880829-0083,738,0.17208267004359248,reciprocal_rank_fusion_k=60
179,Q0,WSJ881012-0123,739,0.1712169718219625,reciprocal_rank_fusion_k=60
179,Q0,AP890430-0061,740,0.17074490472496437,reciprocal_rank_fusion_k=60
179,Q0,WSJ910806-0067,741,0.1706444007583751,reciprocal_rank_fusion_k=60
179,Q0,WSJ900404-0120,742,0.17056761042964594,reciprocal_rank_fusion_k=60
179,Q0,WSJ880927-0140,743,0.17043002877870372,reciprocal_rank_fusion_k=60
179,Q0,WSJ900711-0077,744,0.1703468109628815,reciprocal_rank_fusion_k=60
179,Q0,WSJ880624-0014,745,0.1700325724931072,reciprocal_rank_fusion_k=60
179,Q0,AP890202-0294,746,0.1697894975111046,reciprocal_rank_fusion_k=60
179,Q0,WSJ910517-0128,747,0.16966695489185843,reciprocal_rank_fusion_k=60
179,Q0,AP890707-0252,748,0.16907782909828245,reciprocal_rank_fusion_k=60
179,Q0,WSJ880630-0021,749,0.1681975579881839,reciprocal_rank_fusion_k=60
179,Q0,ZF207-065-350,750,0.16792312859134034,reciprocal_rank_fusion_k=60
179,Q0,WSJ910320-0043,751,0.16765371123536263,reciprocal_rank_fusion_k=60
179,Q0,WSJ881104-0131,752,0.16736060169361175,reciprocal_rank_fusion_k=60
179,Q0,AP881121-0319,753,0.16711557484348322,reciprocal_rank_fusion_k=60
179,Q0,WSJ910930-0025,754,0.1667270710304081,reciprocal_rank_fusion_k=60
179,Q0,AP880524-0176,755,0.16645506670343294,reciprocal_rank_fusion_k=60
179,Q0,WSJ881028-0142,756,0.1662459568211912,reciprocal_rank_fusion_k=60
179,Q0,FR88511-0168,757,0.16612884922095433,reciprocal_rank_fusion_k=60
179,Q0,WSJ880314-0120,758,0.16605746535844626,reciprocal_rank_fusion_k=60
179,Q0,WSJ920103-0059,759,0.16496280083845172,reciprocal_rank_fusion_k=60
179,Q0,WSJ910409-0125,760,0.16474568747760615,reciprocal_rank_fusion_k=60
179,Q0,WSJ911004-0146,761,0.16422364578729653,reciprocal_rank_fusion_k=60
179,Q0,AP890427-0238,762,0.16399446760413838,reciprocal_rank_fusion_k=60
179,Q0,WSJ910816-0075,763,0.16393811631891891,reciprocal_rank_fusion_k=60
179,Q0,WSJ870323-0104,764,0.1634842230053785,reciprocal_rank_fusion_k=60
179,Q0,WSJ910522-0122,765,0.16336440395224192,reciprocal_rank_fusion_k=60
179,Q0,AP881024-0220,766,0.16334227013555153,reciprocal_rank_fusion_k=60
179,Q0,WSJ871216-0154,767,0.1629255440991344,reciprocal_rank_fusion_k=60
179,Q0,WSJ870211-0064,768,0.16282518455193296,reciprocal_rank_fusion_k=60
179,Q0,WSJ910312-0029,769,0.1621620793530397,reciprocal_rank_fusion_k=60
179,Q0,WSJ880718-0142,770,0.16200623370912046,reciprocal_rank_fusion_k=60
179,Q0,WSJ870312-0184,771,0.1619214512710827,reciprocal_rank_fusion_k=60
179,Q0,AP890707-0022,772,0.16187793002102047,reciprocal_rank_fusion_k=60
179,Q0,WSJ910402-0041,773,0.16074789718559804,reciprocal_rank_fusion_k=60
179,Q0,AP880906-0066,774,0.16039931571385257,reciprocal_rank_fusion_k=60
179,Q0,AP890713-0069,775,0.15969114460035685,reciprocal_rank_fusion_k=60
179,Q0,AP891222-0243,776,0.15965883742595224,reciprocal_rank_fusion_k=60
179,Q0,AP881220-0219,777,0.15949021799142116,reciprocal_rank_fusion_k=60
179,Q0,AP881214-0288,778,0.1592856876391071,reciprocal_rank_fusion_k=60
179,Q0,WSJ870622-0022,779,0.15903308175911976,reciprocal_rank_fusion_k=60
179,Q0,AP881222-0168,780,0.15894797937960678,reciprocal_rank_fusion_k=60
179,Q0,WSJ890725-0133,781,0.15830505512650472,reciprocal_rank_fusion_k=60
179,Q0,WSJ920207-0181,782,0.15777961394510218,reciprocal_rank_fusion_k=60
179,Q0,WSJ910422-0164,783,0.15637744919828397,reciprocal_rank_fusion_k=60
179,Q0,AP891027-0250,784,0.15625581712418507,reciprocal_rank_fusion_k=60
179,Q0,WSJ870709-0052,785,0.15622549327685428,reciprocal_rank_fusion_k=60
179,Q0,WSJ880418-0102,786,0.15581610736570534,reciprocal_rank_fusion_k=60
179,Q0,WSJ871214-0111,787,0.15574028059290393,reciprocal_rank_fusion_k=60
179,Q0,WSJ891013-0147,788,0.15511664344711282,reciprocal_rank_fusion_k=60
179,Q0,AP880808-0218,789,0.15510733923224138,reciprocal_rank_fusion_k=60
179,Q0,WSJ880621-0053,790,0.15503511813546011,reciprocal_rank_fusion_k=60
179,Q0,WSJ910828-0091,791,0.15479688698851057,reciprocal_rank_fusion_k=60
179,Q0,WSJ880218-0083,792,0.15479563576777294,reciprocal_rank_fusion_k=60
179,Q0,WSJ880923-0182,793,0.1543509499081996,reciprocal_rank_fusion_k=60
179,Q0,ZF108-203-584,794,0.15419205198780495,reciprocal_rank_fusion_k=60
179,Q0,WSJ900410-0133,795,0.1538052393566799,reciprocal_rank_fusion_k=60
179,Q0,WSJ910208-0101,796,0.15377688174630155,reciprocal_rank_fusion_k=60
179,Q0,WSJ880202-0066,797,0.15334092517753636,reciprocal_rank_fusion_k=60
179,Q0,FR88512-0113,798,0.1527719323942744,reciprocal_rank_fusion_k=60
179,Q0,AP890306-0299,799,0.15272651546784957,reciprocal_rank_fusion_k=60
179,Q0,AP881103-0015,800,0.15260876591630068,reciprocal_rank_fusion_k=60
179,Q0,WSJ890807-0021,801,0.15259597379125917,reciprocal_rank_fusion_k=60
179,Q0,FR88516-0128,802,0.1522719235296906,reciprocal_rank_fusion_k=60
179,Q0,AP890312-0084,803,0.15220381866626562,reciprocal_rank_fusion_k=60
179,Q0,ZF109-550-477,804,0.15200366148036518,reciprocal_rank_fusion_k=60
179,Q0,AP880707-0197,805,0.15195725475639743,reciprocal_rank_fusion_k=60
179,Q0,WSJ871216-0080,806,0.1518959834400808,reciprocal_rank_fusion_k=60
179,Q0,AP890531-0016,807,0.1516865110744959,reciprocal_rank_fusion_k=60
179,Q0,WSJ900507-0124,808,0.15148387309018713,reciprocal_rank_fusion_k=60
179,Q0,WSJ900620-0117,809,0.15137730216755063,reciprocal_rank_fusion_k=60
179,Q0,WSJ911216-0083,810,0.1512843927990555,reciprocal_rank_fusion_k=60
179,Q0,WSJ910702-0133,811,0.1505059157372895,reciprocal_rank_fusion_k=60
179,Q0,WSJ910312-0082,812,0.15026532461114894,reciprocal_rank_fusion_k=60
179,Q0,WSJ871229-0075,813,0.14985432017139172,reciprocal_rank_fusion_k=60
179,Q0,AP890608-0283,814,0.14981541093671502,reciprocal_rank_fusion_k=60
179,Q0,AP881026-0225,815,0.1487497323232213,reciprocal_rank_fusion_k=60
179,Q0,WSJ910514-0117,816,0.14833375792825265,reciprocal_rank_fusion_k=60
179,Q0,WSJ880902-0055,817,0.14760284366276422,reciprocal_rank_fusion_k=60
179,Q0,AP891025-0264,818,0.14704873279098868,reciprocal_rank_fusion_k=60
179,Q0,ZF207-772-602,819,0.14666851642567424,reciprocal_rank_fusion_k=60
179,Q0,WSJ890911-0053,820,0.14650415967910477,reciprocal_rank_fusion_k=60
179,Q0,WSJ911122-0152,821,0.14641853293798401,reciprocal_rank_fusion_k=60
179,Q0,WSJ900413-0161,822,0.1463810121634622,reciprocal_rank_fusion_k=60
179,Q0,WSJ910618-0143,823,0.14598980019458843,reciprocal_rank_fusion_k=60
179,Q0,AP880511-0032,824,0.1458378468792879,reciprocal_rank_fusion_k=60
179,Q0,AP880725-0287,825,0.1455739152559294,reciprocal_rank_fusion_k=60
179,Q0,WSJ870703-0048,826,0.14549395026710932,reciprocal_rank_fusion_k=60
179,Q0,AP890511-0286,827,0.1448741678773679,reciprocal_rank_fusion_k=60
179,Q0,WSJ880404-0022,828,0.14429924623172355,reciprocal_rank_fusion_k=60
179,Q0,WSJ880405-0014,829,0.14422704097473518,reciprocal_rank_fusion_k=60
179,Q0,WSJ870522-0176,830,0.14334272219821587,reciprocal_rank_fusion_k=60
179,Q0,WSJ900531-0031,831,0.14290019612537133,reciprocal_rank_fusion_k=60
179,Q0,AP890518-0272,832,0.14280966574684537,reciprocal_rank_fusion_k=60
179,Q0,WSJ910409-0005,833,0.14270690345926262,reciprocal_rank_fusion_k=60
179,Q0,WSJ870218-0064,834,0.14266283130837937,reciprocal_rank_fusion_k=60
179,Q0,AP890906-0308,835,0.14252553464305226,reciprocal_rank_fusion_k=60
179,Q0,WSJ900423-0065,836,0.1413710263704003,reciprocal_rank_fusion_k=60
179,Q0,WSJ891004-0117,837,0.14103112872721318,reciprocal_rank_fusion_k=60
179,Q0,AP890927-0262,838,0.14102144568229366,reciprocal_rank_fusion_k=60
179,Q0,WSJ880107-0051,839,0.14081212572132087,reciprocal_rank_fusion_k=60
179,Q0,WSJ910124-0154,840,0.14072491454891792,reciprocal_rank_fusion_k=60
179,Q0,WSJ870127-0102,841,0.1406854247095005,reciprocal_rank_fusion_k=60
179,Q0,WSJ911114-0035,842,0.1400446826427837,reciprocal_rank_fusion_k=60
179,Q0,AP880803-0050,843,0.13925864963968704,reciprocal_rank_fusion_k=60
179,Q0,WSJ871002-0145,844,0.13906560843301508,reciprocal_rank_fusion_k=60
179,Q0,WSJ881021-0027,845,0.1388147378090147,reciprocal_rank_fusion_k=60
179,Q0,WSJ880203-0065,846,0.13874424501486127,reciprocal_rank_fusion_k=60
179,Q0,DOE1-33-0251,847,0.13847856681520085,reciprocal_rank_fusion_k=60
179,Q0,WSJ880415-0099,848,0.13832249345729136,reciprocal_rank_fusion_k=60
179,Q0,WSJ910417-0033,849,0.13808296588567393,reciprocal_rank_fusion_k=60
179,Q0,AP890914-0215,850,0.13777556275613373,reciprocal_rank_fusion_k=60
179,Q0,WSJ861231-0124,851,0.1373303491097454,reciprocal_rank_fusion_k=60
179,Q0,WSJ911129-0128,852,0.13728929685335514,reciprocal_rank_fusion_k=60
179,Q0,AP880529-0050,853,0.13721750394523424,reciprocal_rank_fusion_k=60
179,Q0,WSJ870430-0131,854,0.1357294614101436,reciprocal_rank_fusion_k=60
179,Q0,WSJ910328-0159,855,0.13556439253166377,reciprocal_rank_fusion_k=60
179,Q0,WSJ890921-0127,856,0.1346883883603133,reciprocal_rank_fusion_k=60
179,Q0,AP890216-0157,857,0.13460234534292714,reciprocal_rank_fusion_k=60
179,Q0,WSJ910821-0036,858,0.13457598677449356,reciprocal_rank_fusion_k=60
179,Q0,AP881021-0236,859,0.13417810524748583,reciprocal_rank_fusion_k=60
179,Q0,AP880610-0192,860,0.13402143514787712,reciprocal_rank_fusion_k=60
179,Q0,WSJ911206-0062,861,0.1337519818273159,reciprocal_rank_fusion_k=60
179,Q0,AP891018-0047,862,0.13353859753147107,reciprocal_rank_fusion_k=60
179,Q0,WSJ920319-0155,863,0.13328898321854055,reciprocal_rank_fusion_k=60
179,Q0,AP890615-0230,864,0.1329792613718478,reciprocal_rank_fusion_k=60
179,Q0,WSJ871110-0013,865,0.13287457304971118,reciprocal_rank_fusion_k=60
179,Q0,WSJ880809-0035,866,0.13287431821449894,reciprocal_rank_fusion_k=60
179,Q0,AP880818-0068,867,0.13272441431360915,reciprocal_rank_fusion_k=60
179,Q0,AP890519-0203,868,0.1318285271636517,reciprocal_rank_fusion_k=60
179,Q0,WSJ890804-0166,869,0.13166630899237564,reciprocal_rank_fusion_k=60
179,Q0,WSJ910213-0022,870,0.13146889571295411,reciprocal_rank_fusion_k=60
179,Q0,AP890201-0102,871,0.13145924610259602,reciprocal_rank_fusion_k=60
179,Q0,AP880526-0275,872,0.13121260673722715,reciprocal_rank_fusion_k=60
179,Q0,AP890623-0200,873,0.1308531595353868,reciprocal_rank_fusion_k=60
179,Q0,WSJ900801-0163,874,0.13082441291082955,reciprocal_rank_fusion_k=60
179,Q0,WSJ900406-0019,875,0.13055986139351441,reciprocal_rank_fusion_k=60
179,Q0,WSJ870327-0108,876,0.13015670345032831,reciprocal_rank_fusion_k=60
179,Q0,WSJ890907-0048,877,0.12985017298169968,reciprocal_rank_fusion_k=60
179,Q0,WSJ890907-0030,878,0.12942984884191494,reciprocal_rank_fusion_k=60
179,Q0,AP880531-0195,879,0.1285623343346942,reciprocal_rank_fusion_k=60
179,Q0,AP881207-0097,880,0.12856147230973838,reciprocal_rank_fusion_k=60
179,Q0,AP890725-0256,881,0.12841710140760612,reciprocal_rank_fusion_k=60
179,Q0,WSJ890919-0044,882,0.12831197525150753,reciprocal_rank_fusion_k=60
179,Q0,WSJ900508-0028,883,0.12802572356283606,reciprocal_rank_fusion_k=60
179,Q0,WSJ880914-0006,884,0.1277205241991638,reciprocal_rank_fusion_k=60
179,Q0,WSJ880623-0043,885,0.12754485737863502,reciprocal_rank_fusion_k=60
179,Q0,WSJ911115-0165,886,0.12740909937715186,reciprocal_rank_fusion_k=60
179,Q0,AP890626-0238,887,0.1273491945645919,reciprocal_rank_fusion_k=60
179,Q0,AP880409-0078,888,0.12720677451971685,reciprocal_rank_fusion_k=60
179,Q0,AP891130-0207,889,0.12714864278969967,reciprocal_rank_fusion_k=60
179,Q0,AP880318-0324,890,0.1269910581881995,reciprocal_rank_fusion_k=60
179,Q0,WSJ880112-0093,891,0.1267705123599042,reciprocal_rank_fusion_k=60
179,Q0,WSJ880518-0050,892,0.1262535741128087,reciprocal_rank_fusion_k=60
179,Q0,AP890808-0194,893,0.12623865023024533,reciprocal_rank_fusion_k=60
179,Q0,WSJ870511-0149,894,0.12575836113641986,reciprocal_rank_fusion_k=60
179,Q0,WSJ900727-0183,895,0.1257143529206603,reciprocal_rank_fusion_k=60
179,Q0,WSJ870904-0087,896,0.12570339597255575,reciprocal_rank_fusion_k=60
179,Q0,WSJ910424-0220,897,0.1256730145937427,reciprocal_rank_fusion_k=60
179,Q0,WSJ920207-0016,898,0.12538815008599177,reciprocal_rank_fusion_k=60
179,Q0,AP880918-0034,899,0.1252033552192428,reciprocal_rank_fusion_k=60
179,Q0,AP890410-0071,900,0.125131389533787,reciprocal_rank_fusion_k=60
179,Q0,AP880905-0073,901,0.12504178016116213,reciprocal_rank_fusion_k=60
179,Q0,WSJ880930-0022,902,0.12496498353844795,reciprocal_rank_fusion_k=60
179,Q0,WSJ881010-0075,903,0.12495014934674385,reciprocal_rank_fusion_k=60
179,Q0,AP890823-0242,904,0.12492217452418819,reciprocal_rank_fusion_k=60
179,Q0,WSJ880803-0159,905,0.12486408642765019,reciprocal_rank_fusion_k=60
179,Q0,WSJ881013-0073,906,0.12482299625451553,reciprocal_rank_fusion_k=60
179,Q0,WSJ910517-0193,907,0.12413516065530311,reciprocal_rank_fusion_k=60
179,Q0,WSJ881004-0163,908,0.12391097596219637,reciprocal_rank_fusion_k=60
179,Q0,WSJ881019-0046,909,0.1235259010153854,reciprocal_rank_fusion_k=60
179,Q0,WSJ871009-0031,910,0.12313274069570841,reciprocal_rank_fusion_k=60
179,Q0,WSJ870825-0006,911,0.12300943223230273,reciprocal_rank_fusion_k=60
179,Q0,WSJ910219-0013,912,0.12299110771511629,reciprocal_rank_fusion_k=60
179,Q0,ZF108-643-378,913,0.12298382624352591,reciprocal_rank_fusion_k=60
179,Q0,AP880325-0035,914,0.12242199248071628,reciprocal_rank_fusion_k=60
179,Q0,WSJ900402-0140,915,0.12224037174165506,reciprocal_rank_fusion_k=60
179,Q0,WSJ920213-0154,916,0.12160013976773672,reciprocal_rank_fusion_k=60
179,Q0,WSJ900806-0150,917,0.12093496218475841,reciprocal_rank_fusion_k=60
179,Q0,AP890731-0174,918,0.12074072817004905,reciprocal_rank_fusion_k=60
179,Q0,AP880412-0144,919,0.12053777664109201,reciprocal_rank_fusion_k=60
179,Q0,WSJ920130-0009,920,0.12002937017316961,reciprocal_rank_fusion_k=60
179,Q0,WSJ910828-0118,921,0.11985219874326344,reciprocal_rank_fusion_k=60
179,Q0,AP890809-0243,922,0.11974998819786528,reciprocal_rank_fusion_k=60
179,Q0,AP890523-0209,923,0.11966679073165135,reciprocal_rank_fusion_k=60
179,Q0,WSJ910123-0151,924,0.1193015450140573,reciprocal_rank_fusion_k=60
179,Q0,WSJ920320-0169,925,0.11915951596716738,reciprocal_rank_fusion_k=60
179,Q0,WSJ870129-0110,926,0.1189297857717689,reciprocal_rank_fusion_k=60
179,Q0,WSJ870717-0013,927,0.1187234666066026,reciprocal_rank_fusion_k=60
179,Q0,AP881122-0252,928,0.11845899742808298,reciprocal_rank_fusion_k=60
179,Q0,AP890320-0023,929,0.11753100676021436,reciprocal_rank_fusion_k=60
179,Q0,WSJ870917-0092,930,0.1175238774597069,reciprocal_rank_fusion_k=60
179,Q0,WSJ890809-0052,931,0.11729001519897261,reciprocal_rank_fusion_k=60
179,Q0,WSJ880801-0024,932,0.11726810899084252,reciprocal_rank_fusion_k=60
179,Q0,WSJ871014-0079,933,0.1172142106169258,reciprocal_rank_fusion_k=60
179,Q0,ZF207-133-292,934,0.1170441189256798,reciprocal_rank_fusion_k=60
179,Q0,WSJ910228-0022,935,0.1169375628381233,reciprocal_rank_fusion_k=60
179,Q0,AP880919-0173,936,0.1168697513991368,reciprocal_rank_fusion_k=60
179,Q0,AP890125-0267,937,0.11637695817807074,reciprocal_rank_fusion_k=60
179,Q0,WSJ861208-0128,938,0.11601875352020459,reciprocal_rank_fusion_k=60
179,Q0,WSJ920221-0171,939,0.11586890061557766,reciprocal_rank_fusion_k=60
179,Q0,WSJ861216-0012,940,0.11542111951814994,reciprocal_rank_fusion_k=60
179,Q0,WSJ910819-0157,941,0.11516189918544345,reciprocal_rank_fusion_k=60
179,Q0,WSJ880624-0131,942,0.11477153966526414,reciprocal_rank_fusion_k=60
179,Q0,WSJ870227-0079,943,0.11458057658758748,reciprocal_rank_fusion_k=60
179,Q0,WSJ880725-0057,944,0.11435666923173925,reciprocal_rank_fusion_k=60
179,Q0,WSJ900618-0107,945,0.11434569656474343,reciprocal_rank_fusion_k=60
179,Q0,WSJ890921-0002,946,0.11398794172794463,reciprocal_rank_fusion_k=60
179,Q0,WSJ880516-0135,947,0.11382616357198666,reciprocal_rank_fusion_k=60
179,Q0,WSJ910320-0137,948,0.11373913005341568,reciprocal_rank_fusion_k=60
179,Q0,WSJ890926-0094,949,0.11371843232833295,reciprocal_rank_fusion_k=60
179,Q0,WSJ861230-0051,950,0.11352613416021433,reciprocal_rank_fusion_k=60
179,Q0,AP880413-0085,951,0.11348171855193648,reciprocal_rank_fusion_k=60
179,Q0,AP880828-0068,952,0.11344545295452689,reciprocal_rank_fusion_k=60
179,Q0,AP891219-0207,953,0.11304171882264222,reciprocal_rank_fusion_k=60
179,Q0,WSJ881107-0094,954,0.11289283335463515,reciprocal_rank_fusion_k=60
179,Q0,AP890115-0024,955,0.11286249706046611,reciprocal_rank_fusion_k=60
179,Q0,WSJ910801-0031,956,0.11206533771802045,reciprocal_rank_fusion_k=60
179,Q0,WSJ910808-0045,957,0.11200489318604959,reciprocal_rank_fusion_k=60
179,Q0,WSJ880610-0048,958,0.11185570009958339,reciprocal_rank_fusion_k=60
179,Q0,WSJ880808-0057,959,0.11149503249031162,reciprocal_rank_fusion_k=60
179,Q0,ZF108-338-940,960,0.11146197209653086,reciprocal_rank_fusion_k=60
179,Q0,WSJ881116-0059,961,0.11142463227327433,reciprocal_rank_fusion_k=60
179,Q0,AP880616-0022,962,0.11046058427215502,reciprocal_rank_fusion_k=60
179,Q0,WSJ910531-0091,963,0.11030640600843082,reciprocal_rank_fusion_k=60
179,Q0,WSJ900912-0133,964,0.10991594905256752,reciprocal_rank_fusion_k=60
179,Q0,AP890720-0224,965,0.10988510998258827,reciprocal_rank_fusion_k=60
179,Q0,ZF108-648-050,966,0.10972851307645044,reciprocal_rank_fusion_k=60
179,Q0,WSJ870423-0168,967,0.10964026869176051,reciprocal_rank_fusion_k=60
179,Q0,AP890711-0099,968,0.10962573071842947,reciprocal_rank_fusion_k=60
179,Q0,AP880407-0297,969,0.10960400816600085,reciprocal_rank_fusion_k=60
179,Q0,WSJ910920-0011,970,0.1092781182343908,reciprocal_rank_fusion_k=60
179,Q0,WSJ910417-0079,971,0.10919818451050727,reciprocal_rank_fusion_k=60
179,Q0,AP890201-0245,972,0.10917576604404715,reciprocal_rank_fusion_k=60
179,Q0,AP880711-0046,973,0.10915032503883766,reciprocal_rank_fusion_k=60
179,Q0,WSJ871109-0004,974,0.10913813495869214,reciprocal_rank_fusion_k=60
179,Q0,WSJ880429-0081,975,0.10891284309153511,reciprocal_rank_fusion_k=60
179,Q0,AP890628-0244,976,0.10885267006361747,reciprocal_rank_fusion_k=60
179,Q0,WSJ910306-0032,977,0.10879052072661713,reciprocal_rank_fusion_k=60
179,Q0,WSJ920114-0115,978,0.10862906685405324,reciprocal_rank_fusion_k=60
179,Q0,WSJ900716-0139,979,0.1083384586893227,reciprocal_rank_fusion_k=60
179,Q0,AP880623-0160,980,0.10810150552734832,reciprocal_rank_fusion_k=60
179,Q0,AP890513-0052,981,0.1080731928062143,reciprocal_rank_fusion_k=60
179,Q0,WSJ881019-0004,982,0.1080006311801876,reciprocal_rank_fusion_k=60
179,Q0,WSJ890815-0001,983,0.10768868362983625,reciprocal_rank_fusion_k=60
179,Q0,WSJ910329-0122,984,0.10767968204717474,reciprocal_rank_fusion_k=60
179,Q0,WSJ920304-0087,985,0.10743892143173903,reciprocal_rank_fusion_k=60
179,Q0,WSJ870323-0102,986,0.10710541390391351,reciprocal_rank_fusion_k=60
179,Q0,WSJ880929-0090,987,0.10682757627875007,reciprocal_rank_fusion_k=60
179,Q0,WSJ870326-0175,988,0.10679232028386029,reciprocal_rank_fusion_k=60
179,Q0,ZF207-854-680,989,0.10634753284986398,reciprocal_rank_fusion_k=60
179,Q0,AP890615-0238,990,0.10634642606795816,reciprocal_rank_fusion_k=60
179,Q0,WSJ900807-0060,991,0.10610427235719518,reciprocal_rank_fusion_k=60
179,Q0,AP880907-0282,992,0.10594278847306464,reciprocal_rank_fusion_k=60
179,Q0,AP880916-0032,993,0.10524418112180152,reciprocal_rank_fusion_k=60
179,Q0,WSJ900806-0141,994,0.10505770538803318,reciprocal_rank_fusion_k=60
179,Q0,WSJ911230-0065,995,0.10498816577405286,reciprocal_rank_fusion_k=60
179,Q0,WSJ880809-0077,996,0.10426643064326623,reciprocal_rank_fusion_k=60
179,Q0,WSJ871022-0132,997,0.10406312498984151,reciprocal_rank_fusion_k=60
179,Q0,AP880819-0140,998,0.1035619227529345,reciprocal_rank_fusion_k=60
179,Q0,WSJ911218-0106,999,0.10337560272508346,reciprocal_rank_fusion_k=60
179,Q0,WSJ880926-0177,1000,0.10327908212510134,reciprocal_rank_fusion_k=60
189,Q0,AP880315-0152,1,2.600680367481154,reciprocal_rank_fusion_k=60
189,Q0,AP891218-0144,2,2.0223533827251274,reciprocal_rank_fusion_k=60
189,Q0,AP890708-0095,3,1.9105883154400323,reciprocal_rank_fusion_k=60
189,Q0,AP881206-0088,4,1.852889937766138,reciprocal_rank_fusion_k=60
189,Q0,AP881219-0134,5,1.8076479733727941,reciprocal_rank_fusion_k=60
189,Q0,AP880318-0081,6,1.774427377183556,reciprocal_rank_fusion_k=60
189,Q0,AP880718-0075,7,1.7467304815858358,reciprocal_rank_fusion_k=60
189,Q0,AP890726-0112,8,1.7262844417014434,reciprocal_rank_fusion_k=60
189,Q0,AP890123-0189,9,1.7159623177855818,reciprocal_rank_fusion_k=60
189,Q0,AP890512-0095,10,1.6085283633251706,reciprocal_rank_fusion_k=60
189,Q0,AP890211-0050,11,1.5721209166947292,reciprocal_rank_fusion_k=60
189,Q0,AP880418-0116,12,1.5467820848958111,reciprocal_rank_fusion_k=60
189,Q0,AP890408-0117,13,1.5005117755898878,reciprocal_rank_fusion_k=60
189,Q0,AP881205-0167,14,1.4988261043703557,reciprocal_rank_fusion_k=60
189,Q0,AP890826-0047,15,1.478822416729517,reciprocal_rank_fusion_k=60
189,Q0,AP890919-0035,16,1.3979305399712652,reciprocal_rank_fusion_k=60
189,Q0,WSJ880509-0146,17,1.3620464239989774,reciprocal_rank_fusion_k=60
189,Q0,AP880331-0009,18,1.3584933983103895,reciprocal_rank_fusion_k=60
189,Q0,AP890720-0124,19,1.3463728218098838,reciprocal_rank_fusion_k=60
189,Q0,AP890124-0061,20,1.2985151291451171,reciprocal_rank_fusion_k=60
189,Q0,AP890118-0065,21,1.287731470515881,reciprocal_rank_fusion_k=60
189,Q0,AP890525-0082,22,1.269329720722877,reciprocal_rank_fusion_k=60
189,Q0,AP890403-0091,23,1.2598702757725821,reciprocal_rank_fusion_k=60
189,Q0,AP890125-0235,24,1.2399677304872363,reciprocal_rank_fusion_k=60
189,Q0,AP880717-0043,25,1.2331562473413324,reciprocal_rank_fusion_k=60
189,Q0,AP880303-0240,26,1.2320847569981217,reciprocal_rank_fusion_k=60
189,Q0,AP890131-0045,27,1.1765661589582856,reciprocal_rank_fusion_k=60
189,Q0,AP891228-0054,28,1.1663280078681302,reciprocal_rank_fusion_k=60
189,Q0,AP880328-0082,29,1.1597235228649834,reciprocal_rank_fusion_k=60
189,Q0,AP880218-0133,30,1.1500715142840434,reciprocal_rank_fusion_k=60
189,Q0,AP891024-0223,31,1.1476203757112815,reciprocal_rank_fusion_k=60
189,Q0,AP891202-0104,32,1.141350178271793,reciprocal_rank_fusion_k=60
189,Q0,AP890407-0191,33,1.1076934261649938,reciprocal_rank_fusion_k=60
189,Q0,AP890130-0070,34,1.0966006113394668,reciprocal_rank_fusion_k=60
189,Q0,ZF207-248-177,35,1.0963350474890612,reciprocal_rank_fusion_k=60
189,Q0,AP880706-0229,36,1.0915492590165283,reciprocal_rank_fusion_k=60
189,Q0,AP881206-0184,37,1.0888733959756813,reciprocal_rank_fusion_k=60
189,Q0,AP891121-0178,38,1.0787943917114309,reciprocal_rank_fusion_k=60
189,Q0,AP890129-0076,39,1.076468528632092,reciprocal_rank_fusion_k=60
189,Q0,AP880817-0144,40,1.0750028537578509,reciprocal_rank_fusion_k=60
189,Q0,WSJ910524-0065,41,1.0599739441707516,reciprocal_rank_fusion_k=60
189,Q0,AP890109-0159,42,1.059715741822979,reciprocal_rank_fusion_k=60
189,Q0,AP890130-0071,43,1.0558217167214694,reciprocal_rank_fusion_k=60
189,Q0,AP880521-0186,44,1.0390252500300288,reciprocal_rank_fusion_k=60
189,Q0,AP881217-0012,45,1.0377512500432635,reciprocal_rank_fusion_k=60
189,Q0,AP890424-0105,46,1.0058999368546344,reciprocal_rank_fusion_k=60
189,Q0,AP881027-0068,47,1.00444719815469,reciprocal_rank_fusion_k=60
189,Q0,AP890618-0037,48,0.9907574229660306,reciprocal_rank_fusion_k=60
189,Q0,AP881206-0197,49,0.9776345573814149,reciprocal_rank_fusion_k=60
189,Q0,AP890815-0110,50,0.9663514597519346,reciprocal_rank_fusion_k=60
189,Q0,AP890129-0024,51,0.9572609515004422,reciprocal_rank_fusion_k=60
189,Q0,AP890123-0207,52,0.9509654458722312,reciprocal_rank_fusion_k=60
189,Q0,AP881221-0126,53,0.9477070301323409,reciprocal_rank_fusion_k=60
189,Q0,AP880512-0210,54,0.9455739387716741,reciprocal_rank_fusion_k=60
189,Q0,AP881216-0070,55,0.9368043851616832,reciprocal_rank_fusion_k=60
189,Q0,AP891223-0087,56,0.933466774054457,reciprocal_rank_fusion_k=60
189,Q0,AP890908-0050,57,0.9150749755271779,reciprocal_rank_fusion_k=60
189,Q0,AP890613-0029,58,0.9018797305425345,reciprocal_rank_fusion_k=60
189,Q0,WSJ900523-0125,59,0.8821054683396431,reciprocal_rank_fusion_k=60
189,Q0,AP890427-0102,60,0.879781066635623,reciprocal_rank_fusion_k=60
189,Q0,AP881116-0044,61,0.8793093589123764,reciprocal_rank_fusion_k=60
189,Q0,AP890602-0206,62,0.8727867533571826,reciprocal_rank_fusion_k=60
189,Q0,AP891127-0198,63,0.8699186649364088,reciprocal_rank_fusion_k=60
189,Q0,WSJ880114-0133,64,0.8649870498172803,reciprocal_rank_fusion_k=60
189,Q0,AP880716-0029,65,0.857337860153809,reciprocal_rank_fusion_k=60
189,Q0,AP890529-0106,66,0.8546325012708014,reciprocal_rank_fusion_k=60
189,Q0,AP890106-0201,67,0.8524637838181951,reciprocal_rank_fusion_k=60
189,Q0,AP890412-0209,68,0.8512884022061056,reciprocal_rank_fusion_k=60
189,Q0,AP890210-0001,69,0.8483904072396073,reciprocal_rank_fusion_k=60
189,Q0,AP890122-0077,70,0.847543263559699,reciprocal_rank_fusion_k=60
189,Q0,AP880325-0193,71,0.8438674263530993,reciprocal_rank_fusion_k=60
189,Q0,AP890918-0084,72,0.8414793788393188,reciprocal_rank_fusion_k=60
189,Q0,AP890211-0053,73,0.8257312428164933,reciprocal_rank_fusion_k=60
189,Q0,AP890516-0095,74,0.8256461252345069,reciprocal_rank_fusion_k=60
189,Q0,AP890529-0060,75,0.8246822511404545,reciprocal_rank_fusion_k=60
189,Q0,AP880307-0126,76,0.8237383721285181,reciprocal_rank_fusion_k=60
189,Q0,AP890724-0025,77,0.8141937978519777,reciprocal_rank_fusion_k=60
189,Q0,AP890719-0068,78,0.8085567909348941,reciprocal_rank_fusion_k=60
189,Q0,AP881031-0070,79,0.8069670332119829,reciprocal_rank_fusion_k=60
189,Q0,AP880330-0046,80,0.8064204701021606,reciprocal_rank_fusion_k=60
189,Q0,AP891027-0040,81,0.799347269378076,reciprocal_rank_fusion_k=60
189,Q0,AP890201-0034,82,0.7884799013485386,reciprocal_rank_fusion_k=60
189,Q0,AP890726-0235,83,0.7880414630320022,reciprocal_rank_fusion_k=60
189,Q0,AP890129-0030,84,0.7824592303121631,reciprocal_rank_fusion_k=60
189,Q0,AP880708-0154,85,0.7779917890326872,reciprocal_rank_fusion_k=60
189,Q0,AP890201-0004,86,0.7756183329590626,reciprocal_rank_fusion_k=60
189,Q0,AP890612-0067,87,0.7696313843914094,reciprocal_rank_fusion_k=60
189,Q0,AP880516-0154,88,0.7640573137880662,reciprocal_rank_fusion_k=60
189,Q0,AP890912-0069,89,0.7612735002696673,reciprocal_rank_fusion_k=60
189,Q0,AP890727-0139,90,0.7590860431556343,reciprocal_rank_fusion_k=60
189,Q0,AP890914-0065,91,0.756636151506067,reciprocal_rank_fusion_k=60
189,Q0,AP890131-0057,92,0.7552920109324618,reciprocal_rank_fusion_k=60
189,Q0,AP881215-0086,93,0.7547615287449263,reciprocal_rank_fusion_k=60
189,Q0,AP890912-0158,94,0.7427051451900257,reciprocal_rank_fusion_k=60
189,Q0,AP890420-0073,95,0.7419718847080194,reciprocal_rank_fusion_k=60
189,Q0,AP880516-0201,96,0.7390329136776009,reciprocal_rank_fusion_k=60
189,Q0,WSJ880422-0145,97,0.736921310295327,reciprocal_rank_fusion_k=60
189,Q0,AP890412-0087,98,0.7368155313288816,reciprocal_rank_fusion_k=60
189,Q0,AP890919-0060,99,0.7329054068234087,reciprocal_rank_fusion_k=60
189,Q0,AP890605-0009,100,0.72866560106266,reciprocal_rank_fusion_k=60
189,Q0,AP890209-0053,101,0.7275528278280515,reciprocal_rank_fusion_k=60
189,Q0,AP890119-0118,102,0.726941432435589,reciprocal_rank_fusion_k=60
189,Q0,AP890911-0102,103,0.7265398810950492,reciprocal_rank_fusion_k=60
189,Q0,AP890910-0054,104,0.7209464537201663,reciprocal_rank_fusion_k=60
189,Q0,AP890921-0019,105,0.7149491667916698,reciprocal_rank_fusion_k=60
189,Q0,AP891227-0092,106,0.713406549014692,reciprocal_rank_fusion_k=60
189,Q0,AP890921-0066,107,0.7122916867008946,reciprocal_rank_fusion_k=60
189,Q0,AP881104-0172,108,0.7122390150887824,reciprocal_rank_fusion_k=60
189,Q0,AP880512-0148,109,0.704765744468664,reciprocal_rank_fusion_k=60
189,Q0,WSJ911219-0073,110,0.700762107202449,reciprocal_rank_fusion_k=60
189,Q0,AP880816-0116,111,0.6950885891822816,reciprocal_rank_fusion_k=60
189,Q0,AP890124-0185,112,0.6937586545060318,reciprocal_rank_fusion_k=60
189,Q0,AP890125-0137,113,0.6929756231659419,reciprocal_rank_fusion_k=60
189,Q0,AP880310-0241,114,0.6844712654718202,reciprocal_rank_fusion_k=60
189,Q0,WSJ910712-0142,115,0.6833309317596765,reciprocal_rank_fusion_k=60
189,Q0,AP891220-0150,116,0.6803838272323165,reciprocal_rank_fusion_k=60
189,Q0,AP890313-0060,117,0.6784927117302673,reciprocal_rank_fusion_k=60
189,Q0,AP890901-0132,118,0.6781857453426371,reciprocal_rank_fusion_k=60
189,Q0,AP890403-0067,119,0.6725558246623391,reciprocal_rank_fusion_k=60
189,Q0,AP880528-0037,120,0.6719203413062693,reciprocal_rank_fusion_k=60
189,Q0,AP890919-0010,121,0.669026187564079,reciprocal_rank_fusion_k=60
189,Q0,WSJ880826-0180,122,0.6680930304898078,reciprocal_rank_fusion_k=60
189,Q0,AP880310-0143,123,0.6670531789222669,reciprocal_rank_fusion_k=60
189,Q0,AP880723-0183,124,0.6666082933838832,reciprocal_rank_fusion_k=60
189,Q0,AP891002-0026,125,0.6575298395880991,reciprocal_rank_fusion_k=60
189,Q0,WSJ910513-0076,126,0.6539873805440485,reciprocal_rank_fusion_k=60
189,Q0,AP890919-0178,127,0.6503305829400853,reciprocal_rank_fusion_k=60
189,Q0,AP881222-0030,128,0.644411822284267,reciprocal_rank_fusion_k=60
189,Q0,AP881005-0172,129,0.6390423064435808,reciprocal_rank_fusion_k=60
189,Q0,AP891025-0097,130,0.6357266811532637,reciprocal_rank_fusion_k=60
189,Q0,AP891030-0025,131,0.6335320750982615,reciprocal_rank_fusion_k=60
189,Q0,AP881011-0090,132,0.6292171782275169,reciprocal_rank_fusion_k=60
189,Q0,AP880421-0102,133,0.6288588001569984,reciprocal_rank_fusion_k=60
189,Q0,AP891214-0100,134,0.6283216370379575,reciprocal_rank_fusion_k=60
189,Q0,AP881227-0026,135,0.6245951259712226,reciprocal_rank_fusion_k=60
189,Q0,AP880316-0099,136,0.6242749369768038,reciprocal_rank_fusion_k=60
189,Q0,AP880813-0177,137,0.6238881740776102,reciprocal_rank_fusion_k=60
189,Q0,AP890407-0199,138,0.622726903574947,reciprocal_rank_fusion_k=60
189,Q0,AP890130-0033,139,0.6218202348424453,reciprocal_rank_fusion_k=60
189,Q0,AP890316-0068,140,0.6215076909314592,reciprocal_rank_fusion_k=60
189,Q0,AP891223-0041,141,0.6207472498942824,reciprocal_rank_fusion_k=60
189,Q0,AP891123-0105,142,0.61430034069768,reciprocal_rank_fusion_k=60
189,Q0,AP880908-0159,143,0.6139035048364337,reciprocal_rank_fusion_k=60
189,Q0,AP890130-0168,144,0.6136712224796164,reciprocal_rank_fusion_k=60
189,Q0,AP891003-0001,145,0.6064030052095257,reciprocal_rank_fusion_k=60
189,Q0,AP880404-0188,146,0.6044212535413911,reciprocal_rank_fusion_k=60
189,Q0,AP890209-0071,147,0.6037622037426437,reciprocal_rank_fusion_k=60
189,Q0,AP881223-0076,148,0.602434792465213,reciprocal_rank_fusion_k=60
189,Q0,AP881220-0177,149,0.6014712670634408,reciprocal_rank_fusion_k=60
189,Q0,AP881214-0211,150,0.5994900290561067,reciprocal_rank_fusion_k=60
189,Q0,AP891217-0014,151,0.597775958328606,reciprocal_rank_fusion_k=60
189,Q0,AP880727-0039,152,0.5963504809907212,reciprocal_rank_fusion_k=60
189,Q0,WSJ910319-0169,153,0.593759175611729,reciprocal_rank_fusion_k=60
189,Q0,AP891229-0015,154,0.5851719296844986,reciprocal_rank_fusion_k=60
189,Q0,AP890130-0156,155,0.5833671581115704,reciprocal_rank_fusion_k=60
189,Q0,AP880219-0151,156,0.5771436504584365,reciprocal_rank_fusion_k=60
189,Q0,AP890710-0112,157,0.5763830356637358,reciprocal_rank_fusion_k=60
189,Q0,AP890721-0102,158,0.5694064869251847,reciprocal_rank_fusion_k=60
189,Q0,AP890125-0229,159,0.564643057963961,reciprocal_rank_fusion_k=60
189,Q0,AP890619-0119,160,0.5572572065795831,reciprocal_rank_fusion_k=60
189,Q0,AP890405-0118,161,0.5564958043483373,reciprocal_rank_fusion_k=60
189,Q0,AP881217-0048,162,0.5511339372375201,reciprocal_rank_fusion_k=60
189,Q0,AP890325-0042,163,0.5477896802752767,reciprocal_rank_fusion_k=60
189,Q0,AP881104-0214,164,0.5476965796471271,reciprocal_rank_fusion_k=60
189,Q0,AP891221-0063,165,0.5457393461315755,reciprocal_rank_fusion_k=60
189,Q0,AP890110-0081,166,0.5422096238304853,reciprocal_rank_fusion_k=60
189,Q0,AP881223-0046,167,0.5413610786608313,reciprocal_rank_fusion_k=60
189,Q0,DOE2-45-0055,168,0.5399831746294746,reciprocal_rank_fusion_k=60
189,Q0,AP881104-0079,169,0.537336476566448,reciprocal_rank_fusion_k=60
189,Q0,AP890710-0038,170,0.5363052944722022,reciprocal_rank_fusion_k=60
189,Q0,AP880322-0241,171,0.5357254564393907,reciprocal_rank_fusion_k=60
189,Q0,AP880601-0227,172,0.5320523533307165,reciprocal_rank_fusion_k=60
189,Q0,AP890124-0071,173,0.5291333475808563,reciprocal_rank_fusion_k=60
189,Q0,AP891124-0030,174,0.526289106420306,reciprocal_rank_fusion_k=60
189,Q0,AP881031-0154,175,0.5259663394965027,reciprocal_rank_fusion_k=60
189,Q0,AP880326-0153,176,0.5252909383046445,reciprocal_rank_fusion_k=60
189,Q0,AP890811-0060,177,0.5238706766444907,reciprocal_rank_fusion_k=60
189,Q0,AP880225-0078,178,0.522492929267446,reciprocal_rank_fusion_k=60
189,Q0,WSJ900627-0003,179,0.5208604646456718,reciprocal_rank_fusion_k=60
189,Q0,AP880715-0081,180,0.5194460852643799,reciprocal_rank_fusion_k=60
189,Q0,AP880802-0107,181,0.5173199815246244,reciprocal_rank_fusion_k=60
189,Q0,AP891129-0196,182,0.5164937248438111,reciprocal_rank_fusion_k=60
189,Q0,AP890526-0064,183,0.5164420323782838,reciprocal_rank_fusion_k=60
189,Q0,AP890501-0075,184,0.515722379173222,reciprocal_rank_fusion_k=60
189,Q0,AP890716-0067,185,0.515451651178085,reciprocal_rank_fusion_k=60
189,Q0,AP890223-0085,186,0.5144242722136723,reciprocal_rank_fusion_k=60
189,Q0,AP890124-0199,187,0.513167822538073,reciprocal_rank_fusion_k=60
189,Q0,AP890108-0080,188,0.5122542794816771,reciprocal_rank_fusion_k=60
189,Q0,AP880505-0238,189,0.5119815833158397,reciprocal_rank_fusion_k=60
189,Q0,AP881222-0196,190,0.5116905560564174,reciprocal_rank_fusion_k=60
189,Q0,WSJ910702-0096,191,0.509338292095257,reciprocal_rank_fusion_k=60
189,Q0,AP880401-0232,192,0.5064446364794721,reciprocal_rank_fusion_k=60
189,Q0,AP890320-0156,193,0.5024714844060746,reciprocal_rank_fusion_k=60
189,Q0,AP880218-0207,194,0.5022622594637184,reciprocal_rank_fusion_k=60
189,Q0,AP881121-0054,195,0.5014253367108763,reciprocal_rank_fusion_k=60
189,Q0,AP890914-0083,196,0.5013625942069034,reciprocal_rank_fusion_k=60
189,Q0,AP881121-0055,197,0.5000391504671167,reciprocal_rank_fusion_k=60
189,Q0,AP890909-0002,198,0.4996844182396547,reciprocal_rank_fusion_k=60
189,Q0,AP891208-0090,199,0.4995490213272675,reciprocal_rank_fusion_k=60
189,Q0,AP880802-0121,200,0.49446643431522475,reciprocal_rank_fusion_k=60
189,Q0,AP881222-0214,201,0.4931298898993255,reciprocal_rank_fusion_k=60
189,Q0,AP890123-0126,202,0.48836802551148,reciprocal_rank_fusion_k=60
189,Q0,AP880729-0053,203,0.4841789298652629,reciprocal_rank_fusion_k=60
189,Q0,WSJ870126-0005,204,0.48080587752654413,reciprocal_rank_fusion_k=60
189,Q0,AP881108-0080,205,0.4782699098316412,reciprocal_rank_fusion_k=60
189,Q0,AP881023-0082,206,0.4765755070241027,reciprocal_rank_fusion_k=60
189,Q0,AP890501-0019,207,0.4749898482043584,reciprocal_rank_fusion_k=60
189,Q0,AP890120-0228,208,0.4743039817587789,reciprocal_rank_fusion_k=60
189,Q0,AP880723-0073,209,0.47320778363192734,reciprocal_rank_fusion_k=60
189,Q0,AP891107-0199,210,0.4730513234616855,reciprocal_rank_fusion_k=60
189,Q0,AP891025-0105,211,0.4730388484927203,reciprocal_rank_fusion_k=60
189,Q0,AP890324-0195,212,0.47114251565021986,reciprocal_rank_fusion_k=60
189,Q0,AP881109-0295,213,0.46992422852480964,reciprocal_rank_fusion_k=60
189,Q0,AP880511-0149,214,0.4697389212161812,reciprocal_rank_fusion_k=60
189,Q0,AP891204-0142,215,0.4690083233586023,reciprocal_rank_fusion_k=60
189,Q0,AP881118-0145,216,0.4665913977118271,reciprocal_rank_fusion_k=60
189,Q0,AP890812-0021,217,0.46638777756837835,reciprocal_rank_fusion_k=60
189,Q0,AP880510-0079,218,0.4657359026046365,reciprocal_rank_fusion_k=60
189,Q0,AP880218-0136,219,0.46544813424773146,reciprocal_rank_fusion_k=60
189,Q0,AP880319-0086,220,0.4647188475991198,reciprocal_rank_fusion_k=60
189,Q0,AP890822-0034,221,0.46434248344010165,reciprocal_rank_fusion_k=60
189,Q0,AP890818-0093,222,0.4640287451942567,reciprocal_rank_fusion_k=60
189,Q0,AP890322-0195,223,0.4634154466233421,reciprocal_rank_fusion_k=60
189,Q0,AP880327-0055,224,0.4609790085873226,reciprocal_rank_fusion_k=60
189,Q0,AP880829-0102,225,0.45662484551050125,reciprocal_rank_fusion_k=60
189,Q0,AP890207-0054,226,0.4535804880980936,reciprocal_rank_fusion_k=60
189,Q0,AP891012-0053,227,0.45320403188552894,reciprocal_rank_fusion_k=60
189,Q0,AP880319-0090,228,0.4529759765474437,reciprocal_rank_fusion_k=60
189,Q0,AP881207-0069,229,0.4526459371370663,reciprocal_rank_fusion_k=60
189,Q0,AP880801-0071,230,0.4506980963465812,reciprocal_rank_fusion_k=60
189,Q0,AP891208-0194,231,0.4504567064440356,reciprocal_rank_fusion_k=60
189,Q0,AP881220-0089,232,0.44962141774754993,reciprocal_rank_fusion_k=60
189,Q0,AP891229-0168,233,0.4493343134435561,reciprocal_rank_fusion_k=60
189,Q0,AP891223-0097,234,0.4491711472593284,reciprocal_rank_fusion_k=60
189,Q0,AP880413-0104,235,0.4486335166134441,reciprocal_rank_fusion_k=60
189,Q0,AP890130-0174,236,0.4484432677620423,reciprocal_rank_fusion_k=60
189,Q0,AP890728-0033,237,0.4481831181321598,reciprocal_rank_fusion_k=60
189,Q0,AP880920-0142,238,0.4480769922689241,reciprocal_rank_fusion_k=60
189,Q0,AP881220-0154,239,0.4479853237660575,reciprocal_rank_fusion_k=60
189,Q0,AP880321-0087,240,0.4469889999801297,reciprocal_rank_fusion_k=60
189,Q0,AP880405-0219,241,0.44172511109907897,reciprocal_rank_fusion_k=60
189,Q0,AP880513-0121,242,0.43996963712206616,reciprocal_rank_fusion_k=60
189,Q0,AP890720-0061,243,0.43820917001592574,reciprocal_rank_fusion_k=60
189,Q0,WSJ900504-0129,244,0.43594530472423143,reciprocal_rank_fusion_k=60
189,Q0,AP890330-0040,245,0.43418082371006456,reciprocal_rank_fusion_k=60
189,Q0,AP890602-0055,246,0.43030822750284986,reciprocal_rank_fusion_k=60
189,Q0,AP880730-0038,247,0.4251244716861176,reciprocal_rank_fusion_k=60
189,Q0,AP890505-0060,248,0.4247600817054365,reciprocal_rank_fusion_k=60
189,Q0,AP890211-0022,249,0.42124256869418203,reciprocal_rank_fusion_k=60
189,Q0,AP890914-0125,250,0.42107642465833395,reciprocal_rank_fusion_k=60
189,Q0,AP890828-0068,251,0.41770319149528506,reciprocal_rank_fusion_k=60
189,Q0,AP880417-0040,252,0.4175975723857962,reciprocal_rank_fusion_k=60
189,Q0,AP890530-0036,253,0.417387912918813,reciprocal_rank_fusion_k=60
189,Q0,AP880316-0227,254,0.41624509431073164,reciprocal_rank_fusion_k=60
189,Q0,AP890815-0014,255,0.4161272760988987,reciprocal_rank_fusion_k=60
189,Q0,AP881204-0024,256,0.4139232805831501,reciprocal_rank_fusion_k=60
189,Q0,AP890122-0054,257,0.4126742440241683,reciprocal_rank_fusion_k=60
189,Q0,AP890728-0115,258,0.41198344842293233,reciprocal_rank_fusion_k=60
189,Q0,AP890602-0127,259,0.4109928607132601,reciprocal_rank_fusion_k=60
189,Q0,AP890915-0049,260,0.40925540002989996,reciprocal_rank_fusion_k=60
189,Q0,AP891221-0188,261,0.4090638387517007,reciprocal_rank_fusion_k=60
189,Q0,AP890606-0048,262,0.4082765150307149,reciprocal_rank_fusion_k=60
189,Q0,AP890228-0172,263,0.4064952593611885,reciprocal_rank_fusion_k=60
189,Q0,AP880610-0152,264,0.40639248582090254,reciprocal_rank_fusion_k=60
189,Q0,AP880309-0204,265,0.4055663790394833,reciprocal_rank_fusion_k=60
189,Q0,AP880909-0076,266,0.40519707939977045,reciprocal_rank_fusion_k=60
189,Q0,AP890109-0227,267,0.40075110820787496,reciprocal_rank_fusion_k=60
189,Q0,AP880616-0159,268,0.40073996308869014,reciprocal_rank_fusion_k=60
189,Q0,AP880919-0119,269,0.39992898469518556,reciprocal_rank_fusion_k=60
189,Q0,AP890618-0044,270,0.39945256312841465,reciprocal_rank_fusion_k=60
189,Q0,AP881006-0178,271,0.3985135682132675,reciprocal_rank_fusion_k=60
189,Q0,AP890506-0037,272,0.3972916653346562,reciprocal_rank_fusion_k=60
189,Q0,AP881221-0214,273,0.39663862614313145,reciprocal_rank_fusion_k=60
189,Q0,AP891227-0134,274,0.39630092394558214,reciprocal_rank_fusion_k=60
189,Q0,AP880527-0225,275,0.3961455338735699,reciprocal_rank_fusion_k=60
189,Q0,AP890520-0065,276,0.3959195105280213,reciprocal_rank_fusion_k=60
189,Q0,AP891222-0206,277,0.3938899824389488,reciprocal_rank_fusion_k=60
189,Q0,AP891102-0141,278,0.39212297253192857,reciprocal_rank_fusion_k=60
189,Q0,AP891226-0117,279,0.386360973556751,reciprocal_rank_fusion_k=60
189,Q0,AP890920-0193,280,0.38606128563891057,reciprocal_rank_fusion_k=60
189,Q0,AP881214-0078,281,0.3843490627795157,reciprocal_rank_fusion_k=60
189,Q0,AP880715-0219,282,0.3830406572671479,reciprocal_rank_fusion_k=60
189,Q0,AP880802-0229,283,0.3821250629569228,reciprocal_rank_fusion_k=60
189,Q0,WSJ890810-0137,284,0.3812315898027212,reciprocal_rank_fusion_k=60
189,Q0,AP890315-0264,285,0.38014483518022096,reciprocal_rank_fusion_k=60
189,Q0,AP890807-0005,286,0.37806193979396974,reciprocal_rank_fusion_k=60
189,Q0,AP891228-0030,287,0.3780024109087037,reciprocal_rank_fusion_k=60
189,Q0,AP880212-0090,288,0.37760436237613787,reciprocal_rank_fusion_k=60
189,Q0,AP890619-0054,289,0.37637108285403575,reciprocal_rank_fusion_k=60
189,Q0,AP890110-0161,290,0.3754256266876759,reciprocal_rank_fusion_k=60
189,Q0,AP880723-0020,291,0.37474594466088196,reciprocal_rank_fusion_k=60
189,Q0,AP890102-0052,292,0.3742182184391296,reciprocal_rank_fusion_k=60
189,Q0,AP890718-0219,293,0.3726811995967664,reciprocal_rank_fusion_k=60
189,Q0,AP890526-0120,294,0.3698855814577758,reciprocal_rank_fusion_k=60
189,Q0,AP890525-0130,295,0.36962392856425,reciprocal_rank_fusion_k=60
189,Q0,AP880619-0001,296,0.3680944864345549,reciprocal_rank_fusion_k=60
189,Q0,AP890109-0245,297,0.36803766132979115,reciprocal_rank_fusion_k=60
189,Q0,AP880411-0119,298,0.3659057472385868,reciprocal_rank_fusion_k=60
189,Q0,AP890731-0171,299,0.36502907189428463,reciprocal_rank_fusion_k=60
189,Q0,AP890113-0026,300,0.3631612346472817,reciprocal_rank_fusion_k=60
189,Q0,AP890124-0130,301,0.36216700292044873,reciprocal_rank_fusion_k=60
189,Q0,AP890216-0059,302,0.3618691954621609,reciprocal_rank_fusion_k=60
189,Q0,AP880326-0047,303,0.36162952917554464,reciprocal_rank_fusion_k=60
189,Q0,AP881130-0212,304,0.36130784664492227,reciprocal_rank_fusion_k=60
189,Q0,AP881101-0166,305,0.36040804654213715,reciprocal_rank_fusion_k=60
189,Q0,AP890822-0120,306,0.3598979670908349,reciprocal_rank_fusion_k=60
189,Q0,AP890405-0214,307,0.35928557606587463,reciprocal_rank_fusion_k=60
189,Q0,AP880907-0147,308,0.3578197804560853,reciprocal_rank_fusion_k=60
189,Q0,WSJ910903-0064,309,0.3568996967934659,reciprocal_rank_fusion_k=60
189,Q0,AP880218-0028,310,0.35675976550202504,reciprocal_rank_fusion_k=60
189,Q0,AP880716-0071,311,0.3565115630504782,reciprocal_rank_fusion_k=60
189,Q0,WSJ890925-0016,312,0.35617318725734715,reciprocal_rank_fusion_k=60
189,Q0,AP880725-0063,313,0.35590428719248485,reciprocal_rank_fusion_k=60
189,Q0,AP890912-0053,314,0.35550583944064995,reciprocal_rank_fusion_k=60
189,Q0,AP880323-0187,315,0.35541750960292595,reciprocal_rank_fusion_k=60
189,Q0,AP881215-0038,316,0.35413606071608417,reciprocal_rank_fusion_k=60
189,Q0,AP880517-0216,317,0.35337227607594085,reciprocal_rank_fusion_k=60
189,Q0,AP890602-0159,318,0.35325330804079963,reciprocal_rank_fusion_k=60
189,Q0,AP890124-0207,319,0.3530785386680571,reciprocal_rank_fusion_k=60
189,Q0,AP881216-0204,320,0.3526755945897451,reciprocal_rank_fusion_k=60
189,Q0,AP890105-0055,321,0.3522430220230508,reciprocal_rank_fusion_k=60
189,Q0,AP891019-0245,322,0.3507939807562359,reciprocal_rank_fusion_k=60
189,Q0,AP880508-0073,323,0.34802857391686143,reciprocal_rank_fusion_k=60
189,Q0,AP890126-0068,324,0.34605908869050733,reciprocal_rank_fusion_k=60
189,Q0,AP891130-0060,325,0.3453846443203309,reciprocal_rank_fusion_k=60
189,Q0,AP890202-0203,326,0.34506736047556075,reciprocal_rank_fusion_k=60
189,Q0,AP890522-0058,327,0.3447402887682795,reciprocal_rank_fusion_k=60
189,Q0,AP890130-0177,328,0.3444687803066739,reciprocal_rank_fusion_k=60
189,Q0,WSJ870630-0044,329,0.3424854387594708,reciprocal_rank_fusion_k=60
189,Q0,AP890510-0128,330,0.34243462433981026,reciprocal_rank_fusion_k=60
189,Q0,AP880718-0176,331,0.34154060701054856,reciprocal_rank_fusion_k=60
189,Q0,AP890725-0004,332,0.34140750697770217,reciprocal_rank_fusion_k=60
189,Q0,AP890803-0039,333,0.34109359811829304,reciprocal_rank_fusion_k=60
189,Q0,AP880301-0205,334,0.3399150372595214,reciprocal_rank_fusion_k=60
189,Q0,AP880508-0059,335,0.33805247504455904,reciprocal_rank_fusion_k=60
189,Q0,AP890427-0202,336,0.33678007644277463,reciprocal_rank_fusion_k=60
189,Q0,AP880731-0037,337,0.3351988829459812,reciprocal_rank_fusion_k=60
189,Q0,AP880815-0074,338,0.33266089662960807,reciprocal_rank_fusion_k=60
189,Q0,FR88516-0128,339,0.3297500504130031,reciprocal_rank_fusion_k=60
189,Q0,AP891004-0202,340,0.3295572640820409,reciprocal_rank_fusion_k=60
189,Q0,AP881114-0184,341,0.328545573978489,reciprocal_rank_fusion_k=60
189,Q0,AP881214-0155,342,0.3282746961100075,reciprocal_rank_fusion_k=60
189,Q0,AP880922-0118,343,0.3278712676349834,reciprocal_rank_fusion_k=60
189,Q0,AP890128-0164,344,0.3278039025575903,reciprocal_rank_fusion_k=60
189,Q0,AP880628-0213,345,0.32750648757923906,reciprocal_rank_fusion_k=60
189,Q0,AP881122-0049,346,0.32683073164502713,reciprocal_rank_fusion_k=60
189,Q0,AP880719-0168,347,0.3262293037584812,reciprocal_rank_fusion_k=60
189,Q0,AP890330-0116,348,0.3252487826567965,reciprocal_rank_fusion_k=60
189,Q0,AP880903-0143,349,0.3247274344652581,reciprocal_rank_fusion_k=60
189,Q0,AP890407-0111,350,0.32415422639730185,reciprocal_rank_fusion_k=60
189,Q0,AP890425-0056,351,0.3237799470369087,reciprocal_rank_fusion_k=60
189,Q0,AP880803-0065,352,0.3235199942555864,reciprocal_rank_fusion_k=60
189,Q0,AP880701-0199,353,0.3232385327425554,reciprocal_rank_fusion_k=60
189,Q0,AP880709-0063,354,0.32066828980615375,reciprocal_rank_fusion_k=60
189,Q0,AP891207-0138,355,0.3205439973548674,reciprocal_rank_fusion_k=60
189,Q0,AP890131-0072,356,0.3204215738918683,reciprocal_rank_fusion_k=60
189,Q0,WSJ870223-0058,357,0.31991204847090843,reciprocal_rank_fusion_k=60
189,Q0,AP890928-0014,358,0.3192692007828164,reciprocal_rank_fusion_k=60
189,Q0,AP880317-0006,359,0.3191868653691826,reciprocal_rank_fusion_k=60
189,Q0,AP880711-0185,360,0.31808732659885974,reciprocal_rank_fusion_k=60
189,Q0,AP890712-0195,361,0.31775833530742364,reciprocal_rank_fusion_k=60
189,Q0,AP880927-0139,362,0.3175802199153866,reciprocal_rank_fusion_k=60
189,Q0,AP880421-0015,363,0.31693701246941774,reciprocal_rank_fusion_k=60
189,Q0,AP891220-0129,364,0.3158411388010285,reciprocal_rank_fusion_k=60
189,Q0,AP880820-0095,365,0.31557706616089487,reciprocal_rank_fusion_k=60
189,Q0,AP891208-0142,366,0.31486415868710693,reciprocal_rank_fusion_k=60
189,Q0,WSJ890907-0053,367,0.31321896838006646,reciprocal_rank_fusion_k=60
189,Q0,AP880219-0182,368,0.31106457269892696,reciprocal_rank_fusion_k=60
189,Q0,AP880622-0205,369,0.3108960378470828,reciprocal_rank_fusion_k=60
189,Q0,AP890313-0149,370,0.31005294119394944,reciprocal_rank_fusion_k=60
189,Q0,AP881020-0040,371,0.30838784232743194,reciprocal_rank_fusion_k=60
189,Q0,AP890601-0101,372,0.30700907165841246,reciprocal_rank_fusion_k=60
189,Q0,AP890504-0054,373,0.30664578305443735,reciprocal_rank_fusion_k=60
189,Q0,AP880219-0118,374,0.306485386770023,reciprocal_rank_fusion_k=60
189,Q0,AP880519-0124,375,0.3047146338590059,reciprocal_rank_fusion_k=60
189,Q0,AP881204-0040,376,0.30414294875113396,reciprocal_rank_fusion_k=60
189,Q0,AP890406-0044,377,0.3038386215971227,reciprocal_rank_fusion_k=60
189,Q0,AP891130-0175,378,0.3033007426930652,reciprocal_rank_fusion_k=60
189,Q0,AP890630-0204,379,0.3019486896660311,reciprocal_rank_fusion_k=60
189,Q0,AP880309-0307,380,0.30077119993728185,reciprocal_rank_fusion_k=60
189,Q0,AP890715-0131,381,0.2998092021404675,reciprocal_rank_fusion_k=60
189,Q0,AP880219-0083,382,0.2992484625295658,reciprocal_rank_fusion_k=60
189,Q0,AP891204-0127,383,0.29867364177552413,reciprocal_rank_fusion_k=60
189,Q0,AP881124-0040,384,0.2982846497713148,reciprocal_rank_fusion_k=60
189,Q0,AP880423-0119,385,0.29785886873477896,reciprocal_rank_fusion_k=60
189,Q0,AP880317-0044,386,0.29726380600722485,reciprocal_rank_fusion_k=60
189,Q0,AP881129-0028,387,0.2969936331944474,reciprocal_rank_fusion_k=60
189,Q0,AP881221-0193,388,0.2968914900776547,reciprocal_rank_fusion_k=60
189,Q0,AP880505-0038,389,0.29681664947072184,reciprocal_rank_fusion_k=60
189,Q0,AP880929-0094,390,0.29498745390297915,reciprocal_rank_fusion_k=60
189,Q0,AP880725-0070,391,0.294404802707502,reciprocal_rank_fusion_k=60
189,Q0,AP880509-0222,392,0.29395324765904507,reciprocal_rank_fusion_k=60
189,Q0,AP880614-0041,393,0.2936229062930289,reciprocal_rank_fusion_k=60
189,Q0,AP890802-0081,394,0.29343634369223015,reciprocal_rank_fusion_k=60
189,Q0,AP890516-0114,395,0.2933322606810499,reciprocal_rank_fusion_k=60
189,Q0,AP890119-0052,396,0.2927036725429129,reciprocal_rank_fusion_k=60
189,Q0,AP890119-0228,397,0.292144241686522,reciprocal_rank_fusion_k=60
189,Q0,AP891220-0180,398,0.2920070083746449,reciprocal_rank_fusion_k=60
189,Q0,AP890129-0023,399,0.2912098012190306,reciprocal_rank_fusion_k=60
189,Q0,AP891217-0004,400,0.2900685502686003,reciprocal_rank_fusion_k=60
189,Q0,AP881027-0047,401,0.2887034303475056,reciprocal_rank_fusion_k=60
189,Q0,AP880429-0109,402,0.288548102630306,reciprocal_rank_fusion_k=60
189,Q0,AP891010-0060,403,0.2880441237333803,reciprocal_rank_fusion_k=60
189,Q0,AP880718-0092,404,0.2876097357459046,reciprocal_rank_fusion_k=60
189,Q0,AP880624-0042,405,0.2873103970998206,reciprocal_rank_fusion_k=60
189,Q0,AP881121-0017,406,0.28696836677965154,reciprocal_rank_fusion_k=60
189,Q0,AP890830-0006,407,0.2862823786854962,reciprocal_rank_fusion_k=60
189,Q0,AP881118-0140,408,0.2860802460359985,reciprocal_rank_fusion_k=60
189,Q0,AP880701-0076,409,0.28549639946961886,reciprocal_rank_fusion_k=60
189,Q0,AP890224-0135,410,0.2845884239962839,reciprocal_rank_fusion_k=60
189,Q0,AP890802-0190,411,0.2829118080000114,reciprocal_rank_fusion_k=60
189,Q0,AP880229-0100,412,0.28266504479382515,reciprocal_rank_fusion_k=60
189,Q0,AP891004-0155,413,0.28247118965444157,reciprocal_rank_fusion_k=60
189,Q0,AP890821-0140,414,0.2821616087065279,reciprocal_rank_fusion_k=60
189,Q0,AP881025-0188,415,0.28160932679936973,reciprocal_rank_fusion_k=60
189,Q0,AP880313-0027,416,0.2814184867693018,reciprocal_rank_fusion_k=60
189,Q0,AP880506-0168,417,0.2813437537698768,reciprocal_rank_fusion_k=60
189,Q0,AP880824-0140,418,0.280070715870848,reciprocal_rank_fusion_k=60
189,Q0,AP890125-0101,419,0.27837619678757325,reciprocal_rank_fusion_k=60
189,Q0,AP890821-0086,420,0.27826632793918843,reciprocal_rank_fusion_k=60
189,Q0,AP880701-0226,421,0.2773165153017541,reciprocal_rank_fusion_k=60
189,Q0,AP880323-0217,422,0.27726020096161247,reciprocal_rank_fusion_k=60
189,Q0,AP881123-0115,423,0.2772162189762447,reciprocal_rank_fusion_k=60
189,Q0,AP891114-0174,424,0.2770236693422378,reciprocal_rank_fusion_k=60
189,Q0,AP891018-0064,425,0.2769058891343361,reciprocal_rank_fusion_k=60
189,Q0,AP880228-0010,426,0.27678611063884334,reciprocal_rank_fusion_k=60
189,Q0,AP890515-0175,427,0.2764683953933382,reciprocal_rank_fusion_k=60
189,Q0,AP890914-0190,428,0.2761148525122091,reciprocal_rank_fusion_k=60
189,Q0,AP881028-0148,429,0.27585095341026283,reciprocal_rank_fusion_k=60
189,Q0,AP890726-0069,430,0.2746353187624343,reciprocal_rank_fusion_k=60
189,Q0,AP890125-0093,431,0.274242718365631,reciprocal_rank_fusion_k=60
189,Q0,AP890801-0044,432,0.27398884105921717,reciprocal_rank_fusion_k=60
189,Q0,AP880524-0222,433,0.27396452936311977,reciprocal_rank_fusion_k=60
189,Q0,AP891101-0160,434,0.27184294616554056,reciprocal_rank_fusion_k=60
189,Q0,AP890227-0139,435,0.2718377660979682,reciprocal_rank_fusion_k=60
189,Q0,AP881224-0020,436,0.27153848119054336,reciprocal_rank_fusion_k=60
189,Q0,AP880507-0052,437,0.2714015274128015,reciprocal_rank_fusion_k=60
189,Q0,AP890706-0152,438,0.269907582275155,reciprocal_rank_fusion_k=60
189,Q0,AP890918-0107,439,0.2692373091419435,reciprocal_rank_fusion_k=60
189,Q0,AP890123-0032,440,0.26904120103434254,reciprocal_rank_fusion_k=60
189,Q0,AP890607-0194,441,0.26902778791959875,reciprocal_rank_fusion_k=60
189,Q0,AP890315-0085,442,0.26889161319579974,reciprocal_rank_fusion_k=60
189,Q0,AP881008-0120,443,0.26888254525371613,reciprocal_rank_fusion_k=60
189,Q0,AP881031-0060,444,0.26834821588805047,reciprocal_rank_fusion_k=60
189,Q0,AP890111-0191,445,0.26768684731864684,reciprocal_rank_fusion_k=60
189,Q0,AP890614-0034,446,0.26678179058358364,reciprocal_rank_fusion_k=60
189,Q0,AP880319-0109,447,0.2663564319535405,reciprocal_rank_fusion_k=60
189,Q0,AP890711-0199,448,0.2640922320052013,reciprocal_rank_fusion_k=60
189,Q0,AP891219-0029,449,0.26369387658951454,reciprocal_rank_fusion_k=60
189,Q0,WSJ881117-0017,450,0.2634017233065776,reciprocal_rank_fusion_k=60
189,Q0,AP890410-0039,451,0.26302404797668977,reciprocal_rank_fusion_k=60
189,Q0,AP891214-0039,452,0.2629478203062789,reciprocal_rank_fusion_k=60
189,Q0,AP890514-0042,453,0.2629353129029183,reciprocal_rank_fusion_k=60
189,Q0,DOE1-75-0358,454,0.26239213718910936,reciprocal_rank_fusion_k=60
189,Q0,AP891202-0062,455,0.26187457584685836,reciprocal_rank_fusion_k=60
189,Q0,AP890114-0028,456,0.26105592464972727,reciprocal_rank_fusion_k=60
189,Q0,AP890102-0105,457,0.2610090604307625,reciprocal_rank_fusion_k=60
189,Q0,AP890815-0007,458,0.2608483089082963,reciprocal_rank_fusion_k=60
189,Q0,AP880926-0161,459,0.26078601523745804,reciprocal_rank_fusion_k=60
189,Q0,AP881003-0265,460,0.26065258286981685,reciprocal_rank_fusion_k=60
189,Q0,AP890119-0106,461,0.26012546804606623,reciprocal_rank_fusion_k=60
189,Q0,AP880705-0037,462,0.2591178619735294,reciprocal_rank_fusion_k=60
189,Q0,AP890907-0203,463,0.2589140702712199,reciprocal_rank_fusion_k=60
189,Q0,AP880606-0093,464,0.2588842447601932,reciprocal_rank_fusion_k=60
189,Q0,AP891128-0141,465,0.2583096286789989,reciprocal_rank_fusion_k=60
189,Q0,AP880428-0184,466,0.2580115093972893,reciprocal_rank_fusion_k=60
189,Q0,AP890407-0185,467,0.25776321039607564,reciprocal_rank_fusion_k=60
189,Q0,AP890112-0167,468,0.25765929897442125,reciprocal_rank_fusion_k=60
189,Q0,AP890920-0033,469,0.2567530364614329,reciprocal_rank_fusion_k=60
189,Q0,AP890515-0091,470,0.2559983446288403,reciprocal_rank_fusion_k=60
189,Q0,AP880724-0019,471,0.25501611333081486,reciprocal_rank_fusion_k=60
189,Q0,AP890413-0019,472,0.25492289747222685,reciprocal_rank_fusion_k=60
189,Q0,AP880902-0130,473,0.2547626829642012,reciprocal_rank_fusion_k=60
189,Q0,AP881026-0053,474,0.254328149734421,reciprocal_rank_fusion_k=60
189,Q0,AP890318-0005,475,0.25385038890839734,reciprocal_rank_fusion_k=60
189,Q0,WSJ910910-0010,476,0.253741273856954,reciprocal_rank_fusion_k=60
189,Q0,AP890303-0100,477,0.2537021195427426,reciprocal_rank_fusion_k=60
189,Q0,AP891120-0005,478,0.2530934241004714,reciprocal_rank_fusion_k=60
189,Q0,AP890704-0056,479,0.2530136196834064,reciprocal_rank_fusion_k=60
189,Q0,AP890712-0145,480,0.2526466649270868,reciprocal_rank_fusion_k=60
189,Q0,AP890405-0159,481,0.25251195688073635,reciprocal_rank_fusion_k=60
189,Q0,WSJ910917-0031,482,0.2519773484276369,reciprocal_rank_fusion_k=60
189,Q0,AP880929-0031,483,0.2517885681195606,reciprocal_rank_fusion_k=60
189,Q0,AP890323-0180,484,0.25109029271950584,reciprocal_rank_fusion_k=60
189,Q0,AP890227-0206,485,0.2509975225905276,reciprocal_rank_fusion_k=60
189,Q0,AP890825-0023,486,0.2509919366947602,reciprocal_rank_fusion_k=60
189,Q0,AP890630-0212,487,0.25063397372257074,reciprocal_rank_fusion_k=60
189,Q0,AP890901-0146,488,0.250599529916237,reciprocal_rank_fusion_k=60
189,Q0,AP880428-0180,489,0.2497194049493579,reciprocal_rank_fusion_k=60
189,Q0,AP881117-0218,490,0.24968508345578408,reciprocal_rank_fusion_k=60
189,Q0,AP890424-0194,491,0.2491866175123349,reciprocal_rank_fusion_k=60
189,Q0,AP880922-0072,492,0.2491277828080736,reciprocal_rank_fusion_k=60
189,Q0,AP890324-0193,493,0.24899937275764428,reciprocal_rank_fusion_k=60
189,Q0,ZF107-987-396,494,0.24895476757165036,reciprocal_rank_fusion_k=60
189,Q0,AP890206-0175,495,0.24880632770306219,reciprocal_rank_fusion_k=60
189,Q0,AP891215-0224,496,0.248563045421083,reciprocal_rank_fusion_k=60
189,Q0,AP880704-0151,497,0.2479668766061359,reciprocal_rank_fusion_k=60
189,Q0,AP881226-0042,498,0.24691299466011155,reciprocal_rank_fusion_k=60
189,Q0,AP880618-0035,499,0.2467843159653645,reciprocal_rank_fusion_k=60
189,Q0,AP891219-0122,500,0.24665236061417534,reciprocal_rank_fusion_k=60
189,Q0,AP880622-0232,501,0.24623936347795647,reciprocal_rank_fusion_k=60
189,Q0,AP891115-0054,502,0.24529698180143628,reciprocal_rank_fusion_k=60
189,Q0,AP890904-0073,503,0.24498766042200107,reciprocal_rank_fusion_k=60
189,Q0,AP881219-0091,504,0.2449149602607407,reciprocal_rank_fusion_k=60
189,Q0,AP891213-0220,505,0.2444629201272989,reciprocal_rank_fusion_k=60
189,Q0,AP880923-0014,506,0.2444559487278342,reciprocal_rank_fusion_k=60
189,Q0,AP880808-0050,507,0.2441786806369435,reciprocal_rank_fusion_k=60
189,Q0,AP880927-0072,508,0.244014948232454,reciprocal_rank_fusion_k=60
189,Q0,AP881102-0243,509,0.24332076632522984,reciprocal_rank_fusion_k=60
189,Q0,AP890421-0053,510,0.24255048517225233,reciprocal_rank_fusion_k=60
189,Q0,AP891121-0039,511,0.24254302937102418,reciprocal_rank_fusion_k=60
189,Q0,AP880422-0235,512,0.24248092401197757,reciprocal_rank_fusion_k=60
189,Q0,AP890201-0148,513,0.24205652873010286,reciprocal_rank_fusion_k=60
189,Q0,AP880225-0242,514,0.24165828166766717,reciprocal_rank_fusion_k=60
189,Q0,AP891025-0073,515,0.2408232172444383,reciprocal_rank_fusion_k=60
189,Q0,AP881217-0024,516,0.24062977144938222,reciprocal_rank_fusion_k=60
189,Q0,WSJ911204-0126,517,0.2404196944322721,reciprocal_rank_fusion_k=60
189,Q0,AP880819-0126,518,0.24003959344941111,reciprocal_rank_fusion_k=60
189,Q0,AP880624-0070,519,0.2397128925382916,reciprocal_rank_fusion_k=60
189,Q0,AP890822-0032,520,0.23955278039736422,reciprocal_rank_fusion_k=60
189,Q0,AP880615-0274,521,0.23953832338897266,reciprocal_rank_fusion_k=60
189,Q0,AP881017-0043,522,0.2394061771060967,reciprocal_rank_fusion_k=60
189,Q0,AP880720-0210,523,0.23939954332261124,reciprocal_rank_fusion_k=60
189,Q0,AP880408-0158,524,0.23893203874961044,reciprocal_rank_fusion_k=60
189,Q0,AP880302-0210,525,0.2388274706890214,reciprocal_rank_fusion_k=60
189,Q0,WSJ911008-0103,526,0.23751600008174678,reciprocal_rank_fusion_k=60
189,Q0,AP890329-0036,527,0.23733853316636117,reciprocal_rank_fusion_k=60
189,Q0,AP880607-0126,528,0.23693024799904902,reciprocal_rank_fusion_k=60
189,Q0,AP880509-0084,529,0.2359528952865254,reciprocal_rank_fusion_k=60
189,Q0,AP881020-0014,530,0.2356608750127312,reciprocal_rank_fusion_k=60
189,Q0,AP880711-0095,531,0.23439693798481473,reciprocal_rank_fusion_k=60
189,Q0,AP880812-0244,532,0.2335121836352186,reciprocal_rank_fusion_k=60
189,Q0,AP881201-0205,533,0.23344458859552844,reciprocal_rank_fusion_k=60
189,Q0,AP880420-0129,534,0.23298646535654172,reciprocal_rank_fusion_k=60
189,Q0,AP880407-0131,535,0.23233987511254547,reciprocal_rank_fusion_k=60
189,Q0,AP890626-0078,536,0.23229004535693756,reciprocal_rank_fusion_k=60
189,Q0,AP890118-0002,537,0.2322269436642302,reciprocal_rank_fusion_k=60
189,Q0,AP890726-0208,538,0.2317027070750275,reciprocal_rank_fusion_k=60
189,Q0,AP890730-0065,539,0.2314670689983604,reciprocal_rank_fusion_k=60
189,Q0,AP880727-0147,540,0.23124008514292346,reciprocal_rank_fusion_k=60
189,Q0,AP881024-0131,541,0.23113704719906858,reciprocal_rank_fusion_k=60
189,Q0,AP890726-0132,542,0.23080086508911357,reciprocal_rank_fusion_k=60
189,Q0,AP890628-0123,543,0.22921663671927525,reciprocal_rank_fusion_k=60
189,Q0,AP891028-0037,544,0.22916503169820887,reciprocal_rank_fusion_k=60
189,Q0,WSJ870716-0132,545,0.22900504299263072,reciprocal_rank_fusion_k=60
189,Q0,AP890818-0173,546,0.22894490472232332,reciprocal_rank_fusion_k=60
189,Q0,AP890708-0072,547,0.22854404836074968,reciprocal_rank_fusion_k=60
189,Q0,AP890120-0162,548,0.22816214269778715,reciprocal_rank_fusion_k=60
189,Q0,AP880515-0082,549,0.22807603468091414,reciprocal_rank_fusion_k=60
189,Q0,AP881230-0187,550,0.22797245062403956,reciprocal_rank_fusion_k=60
189,Q0,AP880315-0047,551,0.22753251670550506,reciprocal_rank_fusion_k=60
189,Q0,AP891211-0108,552,0.22495919903755665,reciprocal_rank_fusion_k=60
189,Q0,AP880510-0050,553,0.22467638611179314,reciprocal_rank_fusion_k=60
189,Q0,AP890105-0008,554,0.2242220195851434,reciprocal_rank_fusion_k=60
189,Q0,AP881121-0188,555,0.22418827043250364,reciprocal_rank_fusion_k=60
189,Q0,AP890227-0020,556,0.22393523834593243,reciprocal_rank_fusion_k=60
189,Q0,AP880505-0158,557,0.22386806142971377,reciprocal_rank_fusion_k=60
189,Q0,WSJ900514-0077,558,0.22385543678437309,reciprocal_rank_fusion_k=60
189,Q0,AP890131-0010,559,0.22308678678270943,reciprocal_rank_fusion_k=60
189,Q0,WSJ900423-0066,560,0.22265507695225964,reciprocal_rank_fusion_k=60
189,Q0,AP890409-0025,561,0.22253236539916763,reciprocal_rank_fusion_k=60
189,Q0,AP880722-0237,562,0.22223324603881095,reciprocal_rank_fusion_k=60
189,Q0,AP880510-0228,563,0.22119171194979292,reciprocal_rank_fusion_k=60
189,Q0,WSJ891011-0117,564,0.2210466792528318,reciprocal_rank_fusion_k=60
189,Q0,FR88514-0001,565,0.22077502918517006,reciprocal_rank_fusion_k=60
189,Q0,AP890514-0044,566,0.22044961526472384,reciprocal_rank_fusion_k=60
189,Q0,AP891031-0054,567,0.2204315066601619,reciprocal_rank_fusion_k=60
189,Q0,FR89517-0099,568,0.2203368748606758,reciprocal_rank_fusion_k=60
189,Q0,FR89302-0126,569,0.21974592913563798,reciprocal_rank_fusion_k=60
189,Q0,WSJ891031-0086,570,0.21959408498093078,reciprocal_rank_fusion_k=60
189,Q0,AP890601-0254,571,0.21953897685835738,reciprocal_rank_fusion_k=60
189,Q0,AP891108-0053,572,0.21918394355321746,reciprocal_rank_fusion_k=60
189,Q0,AP891219-0126,573,0.21899304367202932,reciprocal_rank_fusion_k=60
189,Q0,AP890517-0047,574,0.21899061116657081,reciprocal_rank_fusion_k=60
189,Q0,WSJ870114-0005,575,0.21872687660010015,reciprocal_rank_fusion_k=60
189,Q0,AP890929-0197,576,0.21863196121435213,reciprocal_rank_fusion_k=60
189,Q0,AP890520-0085,577,0.21806382085969073,reciprocal_rank_fusion_k=60
189,Q0,ZF207-167-528,578,0.217634756498046,reciprocal_rank_fusion_k=60
189,Q0,AP880513-0216,579,0.21757126749987835,reciprocal_rank_fusion_k=60
189,Q0,AP890406-0009,580,0.21736739932365,reciprocal_rank_fusion_k=60
189,Q0,AP890623-0067,581,0.2172958352838517,reciprocal_rank_fusion_k=60
189,Q0,AP890509-0224,582,0.21683164915007347,reciprocal_rank_fusion_k=60
189,Q0,AP890406-0056,583,0.21679649102733342,reciprocal_rank_fusion_k=60
189,Q0,AP890106-0111,584,0.21666428212619868,reciprocal_rank_fusion_k=60
189,Q0,AP880409-0089,585,0.21659953394815443,reciprocal_rank_fusion_k=60
189,Q0,AP890121-0109,586,0.21624739332202292,reciprocal_rank_fusion_k=60
189,Q0,AP880225-0158,587,0.21610323444034837,reciprocal_rank_fusion_k=60
189,Q0,AP890207-0004,588,0.21563229646313106,reciprocal_rank_fusion_k=60
189,Q0,AP880424-0007,589,0.2155974315866788,reciprocal_rank_fusion_k=60
189,Q0,AP890516-0069,590,0.21481512379908924,reciprocal_rank_fusion_k=60
189,Q0,AP880429-0255,591,0.21397513779598798,reciprocal_rank_fusion_k=60
189,Q0,AP880310-0229,592,0.21349559821405267,reciprocal_rank_fusion_k=60
189,Q0,AP890208-0111,593,0.21346466711904694,reciprocal_rank_fusion_k=60
189,Q0,AP880610-0098,594,0.21325586375408037,reciprocal_rank_fusion_k=60
189,Q0,AP891215-0054,595,0.21303339464519172,reciprocal_rank_fusion_k=60
189,Q0,AP890323-0062,596,0.21270233997269405,reciprocal_rank_fusion_k=60
189,Q0,AP880331-0245,597,0.21189879066057188,reciprocal_rank_fusion_k=60
189,Q0,WSJ900409-0142,598,0.21084053748320283,reciprocal_rank_fusion_k=60
189,Q0,AP880303-0126,599,0.20998751757451928,reciprocal_rank_fusion_k=60
189,Q0,AP881215-0189,600,0.20963301522251623,reciprocal_rank_fusion_k=60
189,Q0,AP881218-0003,601,0.2094381439730998,reciprocal_rank_fusion_k=60
189,Q0,AP890807-0008,602,0.20921073754227043,reciprocal_rank_fusion_k=60
189,Q0,AP890105-0161,603,0.209089834112659,reciprocal_rank_fusion_k=60
189,Q0,AP891114-0035,604,0.20908210225183102,reciprocal_rank_fusion_k=60
189,Q0,AP890902-0100,605,0.20854945207640374,reciprocal_rank_fusion_k=60
189,Q0,AP891213-0121,606,0.20813230019365134,reciprocal_rank_fusion_k=60
189,Q0,AP890220-0100,607,0.20788882413632823,reciprocal_rank_fusion_k=60
189,Q0,AP891106-0128,608,0.20754198924282874,reciprocal_rank_fusion_k=60
189,Q0,WSJ871222-0108,609,0.20738595454203865,reciprocal_rank_fusion_k=60
189,Q0,AP890830-0042,610,0.2072718514808826,reciprocal_rank_fusion_k=60
189,Q0,AP880318-0191,611,0.20711102379671698,reciprocal_rank_fusion_k=60
189,Q0,AP890826-0012,612,0.20686669798424323,reciprocal_rank_fusion_k=60
189,Q0,AP880918-0049,613,0.20548705579615603,reciprocal_rank_fusion_k=60
189,Q0,AP881021-0199,614,0.20531564153104503,reciprocal_rank_fusion_k=60
189,Q0,AP880509-0001,615,0.2052656714275691,reciprocal_rank_fusion_k=60
189,Q0,AP890127-0108,616,0.20491606148638722,reciprocal_rank_fusion_k=60
189,Q0,AP880518-0267,617,0.2049104047732969,reciprocal_rank_fusion_k=60
189,Q0,AP880617-0256,618,0.2033128982838311,reciprocal_rank_fusion_k=60
189,Q0,AP880422-0113,619,0.20298686966949397,reciprocal_rank_fusion_k=60
189,Q0,AP890503-0159,620,0.20274602330321717,reciprocal_rank_fusion_k=60
189,Q0,AP881123-0211,621,0.20272737359327594,reciprocal_rank_fusion_k=60
189,Q0,AP881127-0058,622,0.2025028990463715,reciprocal_rank_fusion_k=60
189,Q0,AP890215-0080,623,0.2022748954151435,reciprocal_rank_fusion_k=60
189,Q0,AP881013-0098,624,0.20137534308588315,reciprocal_rank_fusion_k=60
189,Q0,AP880509-0172,625,0.20134087842963536,reciprocal_rank_fusion_k=60
189,Q0,AP880609-0253,626,0.20116078134311738,reciprocal_rank_fusion_k=60
189,Q0,AP881007-0094,627,0.2009613866377155,reciprocal_rank_fusion_k=60
189,Q0,AP890310-0187,628,0.20082864624403957,reciprocal_rank_fusion_k=60
189,Q0,AP890517-0053,629,0.20047203209864656,reciprocal_rank_fusion_k=60
189,Q0,AP880723-0082,630,0.20031730913924922,reciprocal_rank_fusion_k=60
189,Q0,AP881018-0138,631,0.1996311599184827,reciprocal_rank_fusion_k=60
189,Q0,AP880417-0084,632,0.19931767575377765,reciprocal_rank_fusion_k=60
189,Q0,AP890815-0011,633,0.19816071092925705,reciprocal_rank_fusion_k=60
189,Q0,AP891015-0045,634,0.19788655288005433,reciprocal_rank_fusion_k=60
189,Q0,AP890127-0019,635,0.1977023152180341,reciprocal_rank_fusion_k=60
189,Q0,AP880229-0021,636,0.19734976364891624,reciprocal_rank_fusion_k=60
189,Q0,AP890904-0135,637,0.1972952534875966,reciprocal_rank_fusion_k=60
189,Q0,AP880920-0221,638,0.1972053627723007,reciprocal_rank_fusion_k=60
189,Q0,AP890826-0088,639,0.19718138581219882,reciprocal_rank_fusion_k=60
189,Q0,AP890130-0041,640,0.19698765130924387,reciprocal_rank_fusion_k=60
189,Q0,AP890130-0173,641,0.19695761481238735,reciprocal_rank_fusion_k=60
189,Q0,WSJ910325-0159,642,0.19664209094056004,reciprocal_rank_fusion_k=60
189,Q0,AP890208-0173,643,0.19661430896332827,reciprocal_rank_fusion_k=60
189,Q0,AP890729-0006,644,0.19611149615344653,reciprocal_rank_fusion_k=60
189,Q0,AP880714-0207,645,0.1954103692894354,reciprocal_rank_fusion_k=60
189,Q0,AP881223-0187,646,0.19539516540674712,reciprocal_rank_fusion_k=60
189,Q0,AP891030-0034,647,0.1953923555357072,reciprocal_rank_fusion_k=60
189,Q0,AP880701-0211,648,0.19529621593921231,reciprocal_rank_fusion_k=60
189,Q0,AP890816-0141,649,0.19517218726324637,reciprocal_rank_fusion_k=60
189,Q0,AP880523-0181,650,0.1946438320428523,reciprocal_rank_fusion_k=60
189,Q0,AP880513-0141,651,0.19431951838196598,reciprocal_rank_fusion_k=60
189,Q0,AP880502-0145,652,0.19402223166427443,reciprocal_rank_fusion_k=60
189,Q0,AP880229-0047,653,0.19392946942547598,reciprocal_rank_fusion_k=60
189,Q0,AP880511-0040,654,0.193825062468275,reciprocal_rank_fusion_k=60
189,Q0,AP880524-0072,655,0.19364566057601665,reciprocal_rank_fusion_k=60
189,Q0,AP880528-0169,656,0.19226105212395833,reciprocal_rank_fusion_k=60
189,Q0,AP890922-0203,657,0.192121560535203,reciprocal_rank_fusion_k=60
189,Q0,AP880926-0209,658,0.1916548340103227,reciprocal_rank_fusion_k=60
189,Q0,AP891002-0209,659,0.19161986392913102,reciprocal_rank_fusion_k=60
189,Q0,AP881212-0149,660,0.1915651727340296,reciprocal_rank_fusion_k=60
189,Q0,AP880512-0212,661,0.19127114499665626,reciprocal_rank_fusion_k=60
189,Q0,AP880315-0037,662,0.1911836651180784,reciprocal_rank_fusion_k=60
189,Q0,AP891006-0158,663,0.19087425578148576,reciprocal_rank_fusion_k=60
189,Q0,AP880225-0083,664,0.19079361561708164,reciprocal_rank_fusion_k=60
189,Q0,AP891213-0069,665,0.19077554913710815,reciprocal_rank_fusion_k=60
189,Q0,AP890125-0096,666,0.1906869177287689,reciprocal_rank_fusion_k=60
189,Q0,AP890901-0157,667,0.1905118452115312,reciprocal_rank_fusion_k=60
189,Q0,AP890424-0141,668,0.19039962660276616,reciprocal_rank_fusion_k=60
189,Q0,AP890602-0013,669,0.19036248088652558,reciprocal_rank_fusion_k=60
189,Q0,AP890617-0041,670,0.19013499384556204,reciprocal_rank_fusion_k=60
189,Q0,AP890121-0110,671,0.19006604355805234,reciprocal_rank_fusion_k=60
189,Q0,AP881121-0027,672,0.18970824796453423,reciprocal_rank_fusion_k=60
189,Q0,AP891101-0051,673,0.18924764033036606,reciprocal_rank_fusion_k=60
189,Q0,AP890510-0074,674,0.18907694150024384,reciprocal_rank_fusion_k=60
189,Q0,AP881202-0033,675,0.18880513914507913,reciprocal_rank_fusion_k=60
189,Q0,WSJ920310-0137,676,0.18880267099195033,reciprocal_rank_fusion_k=60
189,Q0,AP890909-0086,677,0.1887926736120872,reciprocal_rank_fusion_k=60
189,Q0,AP880428-0069,678,0.18860250500215883,reciprocal_rank_fusion_k=60
189,Q0,AP880326-0146,679,0.18857508219395397,reciprocal_rank_fusion_k=60
189,Q0,AP890719-0015,680,0.18812856890343524,reciprocal_rank_fusion_k=60
189,Q0,AP890706-0070,681,0.18764989588397277,reciprocal_rank_fusion_k=60
189,Q0,AP880818-0145,682,0.18760812050095205,reciprocal_rank_fusion_k=60
189,Q0,AP880601-0250,683,0.18731884043952726,reciprocal_rank_fusion_k=60
189,Q0,AP891215-0213,684,0.18698772178580436,reciprocal_rank_fusion_k=60
189,Q0,AP880425-0072,685,0.18681487537033767,reciprocal_rank_fusion_k=60
189,Q0,AP880927-0058,686,0.1864218408844458,reciprocal_rank_fusion_k=60
189,Q0,AP890124-0106,687,0.1863073786647103,reciprocal_rank_fusion_k=60
189,Q0,AP891213-0123,688,0.18614179731799996,reciprocal_rank_fusion_k=60
189,Q0,AP890615-0201,689,0.1858892526441451,reciprocal_rank_fusion_k=60
189,Q0,AP880408-0097,690,0.18567804735631122,reciprocal_rank_fusion_k=60
189,Q0,AP890518-0229,691,0.1853494938919999,reciprocal_rank_fusion_k=60
189,Q0,AP880927-0157,692,0.18533716021665572,reciprocal_rank_fusion_k=60
189,Q0,AP880404-0056,693,0.18468361857674487,reciprocal_rank_fusion_k=60
189,Q0,AP881208-0110,694,0.1845543540477985,reciprocal_rank_fusion_k=60
189,Q0,AP890807-0028,695,0.18445717754259272,reciprocal_rank_fusion_k=60
189,Q0,AP881028-0030,696,0.18428432355394792,reciprocal_rank_fusion_k=60
189,Q0,AP880315-0084,697,0.18427013354121954,reciprocal_rank_fusion_k=60
189,Q0,AP881030-0058,698,0.1842569034076636,reciprocal_rank_fusion_k=60
189,Q0,AP890211-0136,699,0.18385210529214127,reciprocal_rank_fusion_k=60
189,Q0,AP890518-0108,700,0.18365723919152463,reciprocal_rank_fusion_k=60
189,Q0,AP880609-0252,701,0.1831333033204126,reciprocal_rank_fusion_k=60
189,Q0,AP881201-0189,702,0.1828689418105536,reciprocal_rank_fusion_k=60
189,Q0,AP890814-0158,703,0.182704963573928,reciprocal_rank_fusion_k=60
189,Q0,AP890209-0057,704,0.1822520860607054,reciprocal_rank_fusion_k=60
189,Q0,AP890602-0192,705,0.18199508344459495,reciprocal_rank_fusion_k=60
189,Q0,AP890928-0001,706,0.18109916626176273,reciprocal_rank_fusion_k=60
189,Q0,AP880327-0082,707,0.18071334694583688,reciprocal_rank_fusion_k=60
189,Q0,AP880315-0099,708,0.18059627563068814,reciprocal_rank_fusion_k=60
189,Q0,AP890831-0045,709,0.18051920176536673,reciprocal_rank_fusion_k=60
189,Q0,AP880921-0054,710,0.18032190656412372,reciprocal_rank_fusion_k=60
189,Q0,AP880330-0248,711,0.1799188486351872,reciprocal_rank_fusion_k=60
189,Q0,AP891006-0082,712,0.17969342886031858,reciprocal_rank_fusion_k=60
189,Q0,AP880416-0087,713,0.1796526687182161,reciprocal_rank_fusion_k=60
189,Q0,AP890726-0046,714,0.1794419846595255,reciprocal_rank_fusion_k=60
189,Q0,AP881206-0091,715,0.17913077236431574,reciprocal_rank_fusion_k=60
189,Q0,AP880318-0103,716,0.1790644952167212,reciprocal_rank_fusion_k=60
189,Q0,AP880926-0196,717,0.17893034979840286,reciprocal_rank_fusion_k=60
189,Q0,AP881126-0002,718,0.1788837937077037,reciprocal_rank_fusion_k=60
189,Q0,AP881122-0024,719,0.17873413707008606,reciprocal_rank_fusion_k=60
189,Q0,AP880928-0095,720,0.17866186798274802,reciprocal_rank_fusion_k=60
189,Q0,WSJ880120-0133,721,0.17865642698249184,reciprocal_rank_fusion_k=60
189,Q0,AP891215-0034,722,0.1785662792765856,reciprocal_rank_fusion_k=60
189,Q0,WSJ880419-0129,723,0.17848919854314216,reciprocal_rank_fusion_k=60
189,Q0,AP881213-0001,724,0.17809790447430612,reciprocal_rank_fusion_k=60
189,Q0,AP890420-0003,725,0.17783644196617177,reciprocal_rank_fusion_k=60
189,Q0,AP880229-0030,726,0.17775538043756955,reciprocal_rank_fusion_k=60
189,Q0,AP890124-0196,727,0.17709314148899058,reciprocal_rank_fusion_k=60
189,Q0,AP891102-0099,728,0.17704496417889742,reciprocal_rank_fusion_k=60
189,Q0,AP890831-0075,729,0.17670441518194485,reciprocal_rank_fusion_k=60
189,Q0,AP890125-0014,730,0.17668557364172313,reciprocal_rank_fusion_k=60
189,Q0,AP880229-0215,731,0.17620585141766953,reciprocal_rank_fusion_k=60
189,Q0,AP890131-0212,732,0.1756992199184725,reciprocal_rank_fusion_k=60
189,Q0,AP890626-0133,733,0.17508971761648223,reciprocal_rank_fusion_k=60
189,Q0,AP890620-0124,734,0.17493259410388431,reciprocal_rank_fusion_k=60
189,Q0,AP880903-0061,735,0.1748332029519468,reciprocal_rank_fusion_k=60
189,Q0,AP881008-0141,736,0.1744557325967961,reciprocal_rank_fusion_k=60
189,Q0,DOE1-85-0079,737,0.17443203564663287,reciprocal_rank_fusion_k=60
189,Q0,AP880929-0063,738,0.17437859118616308,reciprocal_rank_fusion_k=60
189,Q0,ZF108-338-944,739,0.1743779041123784,reciprocal_rank_fusion_k=60
189,Q0,AP880412-0060,740,0.17392412190784876,reciprocal_rank_fusion_k=60
189,Q0,AP880615-0187,741,0.17384066878294757,reciprocal_rank_fusion_k=60
189,Q0,AP890502-0212,742,0.17372992328683684,reciprocal_rank_fusion_k=60
189,Q0,AP890317-0169,743,0.17371342055723776,reciprocal_rank_fusion_k=60
189,Q0,AP890427-0064,744,0.17366256000508398,reciprocal_rank_fusion_k=60
189,Q0,AP890503-0194,745,0.17352342320552522,reciprocal_rank_fusion_k=60
189,Q0,AP880829-0087,746,0.17318162757694733,reciprocal_rank_fusion_k=60
189,Q0,AP890717-0063,747,0.1729591366904715,reciprocal_rank_fusion_k=60
189,Q0,AP880415-0212,748,0.17295569282513065,reciprocal_rank_fusion_k=60
189,Q0,AP890311-0140,749,0.1729226477179699,reciprocal_rank_fusion_k=60
189,Q0,AP890718-0052,750,0.17279320121635658,reciprocal_rank_fusion_k=60
189,Q0,AP890531-0139,751,0.17231645402221335,reciprocal_rank_fusion_k=60
189,Q0,AP880706-0048,752,0.172136925000789,reciprocal_rank_fusion_k=60
189,Q0,AP890205-0037,753,0.17206377558095184,reciprocal_rank_fusion_k=60
189,Q0,AP890601-0238,754,0.1720191299275818,reciprocal_rank_fusion_k=60
189,Q0,AP890322-0147,755,0.17191644647293372,reciprocal_rank_fusion_k=60
189,Q0,WSJ910805-0097,756,0.17073682638167065,reciprocal_rank_fusion_k=60
189,Q0,AP880702-0140,757,0.17036057405664537,reciprocal_rank_fusion_k=60
189,Q0,AP880314-0001,758,0.17013105379405594,reciprocal_rank_fusion_k=60
189,Q0,AP890120-0018,759,0.17012076606981175,reciprocal_rank_fusion_k=60
189,Q0,WSJ880713-0140,760,0.1696601567225003,reciprocal_rank_fusion_k=60
189,Q0,AP891120-0151,761,0.1696554548067783,reciprocal_rank_fusion_k=60
189,Q0,AP891024-0035,762,0.16953095179659358,reciprocal_rank_fusion_k=60
189,Q0,AP880411-0051,763,0.1694489542421428,reciprocal_rank_fusion_k=60
189,Q0,AP890607-0126,764,0.16914687946342571,reciprocal_rank_fusion_k=60
189,Q0,AP890110-0001,765,0.16859281357898562,reciprocal_rank_fusion_k=60
189,Q0,AP890908-0108,766,0.16836776181860466,reciprocal_rank_fusion_k=60
189,Q0,AP880909-0005,767,0.16797651270348246,reciprocal_rank_fusion_k=60
189,Q0,AP891102-0137,768,0.16729987970133847,reciprocal_rank_fusion_k=60
189,Q0,AP891108-0166,769,0.16669402391512447,reciprocal_rank_fusion_k=60
189,Q0,AP890319-0043,770,0.16668908636847796,reciprocal_rank_fusion_k=60
189,Q0,AP880224-0251,771,0.1666669844122436,reciprocal_rank_fusion_k=60
189,Q0,AP881012-0142,772,0.16564002317434318,reciprocal_rank_fusion_k=60
189,Q0,AP881129-0137,773,0.1653543048186624,reciprocal_rank_fusion_k=60
189,Q0,AP890830-0165,774,0.164903086470601,reciprocal_rank_fusion_k=60
189,Q0,AP890412-0082,775,0.16479536848713008,reciprocal_rank_fusion_k=60
189,Q0,AP890212-0002,776,0.16474308438698865,reciprocal_rank_fusion_k=60
189,Q0,AP880412-0189,777,0.16453034287869392,reciprocal_rank_fusion_k=60
189,Q0,AP890417-0157,778,0.16453025395311577,reciprocal_rank_fusion_k=60
189,Q0,AP891011-0082,779,0.1642346783790055,reciprocal_rank_fusion_k=60
189,Q0,AP890624-0038,780,0.16399295187617013,reciprocal_rank_fusion_k=60
189,Q0,AP891002-0189,781,0.16353337509857485,reciprocal_rank_fusion_k=60
189,Q0,AP890605-0027,782,0.16319617787114682,reciprocal_rank_fusion_k=60
189,Q0,AP880921-0154,783,0.16287103920861673,reciprocal_rank_fusion_k=60
189,Q0,AP881208-0102,784,0.16232965223704762,reciprocal_rank_fusion_k=60
189,Q0,AP890207-0127,785,0.1622019427968224,reciprocal_rank_fusion_k=60
189,Q0,AP890623-0064,786,0.16145274921298808,reciprocal_rank_fusion_k=60
189,Q0,AP880319-0151,787,0.16144854963708513,reciprocal_rank_fusion_k=60
189,Q0,WSJ910423-0241,788,0.16120038270863984,reciprocal_rank_fusion_k=60
189,Q0,AP890329-0178,789,0.16112697133386975,reciprocal_rank_fusion_k=60
189,Q0,AP880220-0115,790,0.160862586786915,reciprocal_rank_fusion_k=60
189,Q0,AP890125-0194,791,0.16083772487268644,reciprocal_rank_fusion_k=60
189,Q0,WSJ910227-0036,792,0.16076051466254276,reciprocal_rank_fusion_k=60
189,Q0,AP880503-0098,793,0.16041572461435893,reciprocal_rank_fusion_k=60
189,Q0,AP881111-0010,794,0.16020328805139877,reciprocal_rank_fusion_k=60
189,Q0,AP880326-0082,795,0.16017962005334513,reciprocal_rank_fusion_k=60
189,Q0,AP880505-0208,796,0.1600631584051079,reciprocal_rank_fusion_k=60
189,Q0,AP880718-0166,797,0.15916146885166635,reciprocal_rank_fusion_k=60
189,Q0,AP880426-0065,798,0.15905665567996283,reciprocal_rank_fusion_k=60
189,Q0,AP880415-0107,799,0.1590117086329681,reciprocal_rank_fusion_k=60
189,Q0,AP890627-0029,800,0.15900629506819064,reciprocal_rank_fusion_k=60
189,Q0,AP881208-0233,801,0.15883163639801995,reciprocal_rank_fusion_k=60
189,Q0,AP890919-0153,802,0.15879188232627336,reciprocal_rank_fusion_k=60
189,Q0,AP890317-0170,803,0.1587103266301865,reciprocal_rank_fusion_k=60
189,Q0,AP891224-0001,804,0.15867776644846124,reciprocal_rank_fusion_k=60
189,Q0,AP890619-0093,805,0.15847764304822098,reciprocal_rank_fusion_k=60
189,Q0,AP891117-0013,806,0.1583899298946998,reciprocal_rank_fusion_k=60
189,Q0,AP881005-0059,807,0.1578709528655956,reciprocal_rank_fusion_k=60
189,Q0,AP880630-0187,808,0.15737449621262883,reciprocal_rank_fusion_k=60
189,Q0,AP890717-0135,809,0.1572039219666822,reciprocal_rank_fusion_k=60
189,Q0,AP890105-0198,810,0.1568929647155725,reciprocal_rank_fusion_k=60
189,Q0,AP890626-0193,811,0.1568054744805085,reciprocal_rank_fusion_k=60
189,Q0,AP880620-0155,812,0.15662851502694786,reciprocal_rank_fusion_k=60
189,Q0,AP891108-0062,813,0.15656725132689386,reciprocal_rank_fusion_k=60
189,Q0,AP880301-0073,814,0.15619362027677536,reciprocal_rank_fusion_k=60
189,Q0,AP881027-0100,815,0.15616226961954066,reciprocal_rank_fusion_k=60
189,Q0,AP890505-0058,816,0.15588283041309292,reciprocal_rank_fusion_k=60
189,Q0,AP890120-0084,817,0.15587663964264242,reciprocal_rank_fusion_k=60
189,Q0,AP890413-0094,818,0.15575712315690804,reciprocal_rank_fusion_k=60
189,Q0,AP890120-0181,819,0.15572179789885535,reciprocal_rank_fusion_k=60
189,Q0,AP890318-0148,820,0.15549989661098346,reciprocal_rank_fusion_k=60
189,Q0,AP890830-0107,821,0.1551790833489484,reciprocal_rank_fusion_k=60
189,Q0,AP890502-0051,822,0.1550121523355193,reciprocal_rank_fusion_k=60
189,Q0,AP880707-0159,823,0.1549079118591956,reciprocal_rank_fusion_k=60
189,Q0,AP881102-0071,824,0.15470375060036365,reciprocal_rank_fusion_k=60
189,Q0,AP891208-0163,825,0.15461694355535718,reciprocal_rank_fusion_k=60
189,Q0,AP880914-0081,826,0.1540281824585059,reciprocal_rank_fusion_k=60
189,Q0,AP891128-0152,827,0.15394205938959724,reciprocal_rank_fusion_k=60
189,Q0,AP891209-0077,828,0.15361799211624041,reciprocal_rank_fusion_k=60
189,Q0,AP880722-0151,829,0.15359151459487316,reciprocal_rank_fusion_k=60
189,Q0,AP890823-0108,830,0.15357707272133095,reciprocal_rank_fusion_k=60
189,Q0,WSJ910305-0006,831,0.15328960233694006,reciprocal_rank_fusion_k=60
189,Q0,AP890125-0179,832,0.1528209136992134,reciprocal_rank_fusion_k=60
189,Q0,AP891024-0140,833,0.15272367306261805,reciprocal_rank_fusion_k=60
189,Q0,AP890811-0137,834,0.15219251126267724,reciprocal_rank_fusion_k=60
189,Q0,AP890824-0181,835,0.15215867991838194,reciprocal_rank_fusion_k=60
189,Q0,AP891127-0076,836,0.15206934236055641,reciprocal_rank_fusion_k=60
189,Q0,AP890520-0040,837,0.15193556373409237,reciprocal_rank_fusion_k=60
189,Q0,AP890501-0169,838,0.15177869286168053,reciprocal_rank_fusion_k=60
189,Q0,AP890328-0078,839,0.1514550363807443,reciprocal_rank_fusion_k=60
189,Q0,AP890124-0197,840,0.151247310168113,reciprocal_rank_fusion_k=60
189,Q0,AP890102-0032,841,0.15111868600739317,reciprocal_rank_fusion_k=60
189,Q0,AP891130-0054,842,0.15109786423043836,reciprocal_rank_fusion_k=60
189,Q0,ZF109-821-087,843,0.15103479217685886,reciprocal_rank_fusion_k=60
189,Q0,AP880607-0214,844,0.15067863509686352,reciprocal_rank_fusion_k=60
189,Q0,AP890324-0001,845,0.15050445938007406,reciprocal_rank_fusion_k=60
189,Q0,AP890911-0093,846,0.15043849414522387,reciprocal_rank_fusion_k=60
189,Q0,AP880926-0072,847,0.1504079966487795,reciprocal_rank_fusion_k=60
189,Q0,AP880728-0106,848,0.14971851039682324,reciprocal_rank_fusion_k=60
189,Q0,AP880916-0125,849,0.14950030093340388,reciprocal_rank_fusion_k=60
189,Q0,AP880307-0043,850,0.14935987386409658,reciprocal_rank_fusion_k=60
189,Q0,AP881024-0053,851,0.14926649657433116,reciprocal_rank_fusion_k=60
189,Q0,AP890303-0139,852,0.14908879892885787,reciprocal_rank_fusion_k=60
189,Q0,AP880411-0049,853,0.14902494925212437,reciprocal_rank_fusion_k=60
189,Q0,DOE1-47-0690,854,0.14886617681092332,reciprocal_rank_fusion_k=60
189,Q0,AP890106-0112,855,0.1486604268837984,reciprocal_rank_fusion_k=60
189,Q0,AP881209-0073,856,0.148501146890789,reciprocal_rank_fusion_k=60
189,Q0,AP880509-0182,857,0.1480202075834545,reciprocal_rank_fusion_k=60
189,Q0,AP890110-0069,858,0.14791284368569133,reciprocal_rank_fusion_k=60
189,Q0,AP890124-0083,859,0.14786474271268105,reciprocal_rank_fusion_k=60
189,Q0,AP890125-0152,860,0.14774355158249267,reciprocal_rank_fusion_k=60
189,Q0,AP880417-0074,861,0.14739858341978418,reciprocal_rank_fusion_k=60
189,Q0,AP890302-0178,862,0.1472019989795217,reciprocal_rank_fusion_k=60
189,Q0,AP891112-0031,863,0.1471509127423279,reciprocal_rank_fusion_k=60
189,Q0,AP881221-0207,864,0.14675182115423496,reciprocal_rank_fusion_k=60
189,Q0,AP880421-0087,865,0.1466480831156649,reciprocal_rank_fusion_k=60
189,Q0,AP890903-0072,866,0.14644211464958198,reciprocal_rank_fusion_k=60
189,Q0,AP880919-0079,867,0.14641024846729825,reciprocal_rank_fusion_k=60
189,Q0,AP880303-0143,868,0.1462506557040395,reciprocal_rank_fusion_k=60
189,Q0,AP890919-0011,869,0.14619674863766158,reciprocal_rank_fusion_k=60
189,Q0,AP880408-0086,870,0.145949346877962,reciprocal_rank_fusion_k=60
189,Q0,AP880908-0173,871,0.1457054882339538,reciprocal_rank_fusion_k=60
189,Q0,WSJ920110-0088,872,0.14535982048346352,reciprocal_rank_fusion_k=60
189,Q0,AP890125-0055,873,0.14527725935801244,reciprocal_rank_fusion_k=60
189,Q0,AP891110-0066,874,0.14523632252111485,reciprocal_rank_fusion_k=60
189,Q0,AP880504-0071,875,0.1449551680058906,reciprocal_rank_fusion_k=60
189,Q0,AP891128-0142,876,0.14493936319490963,reciprocal_rank_fusion_k=60
189,Q0,AP880420-0111,877,0.14481582026773576,reciprocal_rank_fusion_k=60
189,Q0,AP890712-0128,878,0.14454818228614236,reciprocal_rank_fusion_k=60
189,Q0,AP881102-0145,879,0.1445326155301212,reciprocal_rank_fusion_k=60
189,Q0,AP890528-0048,880,0.14410609109103492,reciprocal_rank_fusion_k=60
189,Q0,AP891101-0146,881,0.14397752868470745,reciprocal_rank_fusion_k=60
189,Q0,AP880823-0093,882,0.1439394099485823,reciprocal_rank_fusion_k=60
189,Q0,AP890718-0077,883,0.1435719932592945,reciprocal_rank_fusion_k=60
189,Q0,AP880916-0171,884,0.1434487663529027,reciprocal_rank_fusion_k=60
189,Q0,AP891017-0151,885,0.14324670789528715,reciprocal_rank_fusion_k=60
189,Q0,AP891107-0173,886,0.14324658724861059,reciprocal_rank_fusion_k=60
189,Q0,AP890417-0224,887,0.14309632809696948,reciprocal_rank_fusion_k=60
189,Q0,AP890227-0221,888,0.14287987644648,reciprocal_rank_fusion_k=60
189,Q0,AP890905-0106,889,0.14267694764937147,reciprocal_rank_fusion_k=60
189,Q0,AP890725-0210,890,0.14258082598707122,reciprocal_rank_fusion_k=60
189,Q0,WSJ911205-0004,891,0.14228164097258938,reciprocal_rank_fusion_k=60
189,Q0,AP891112-0032,892,0.14222883556304294,reciprocal_rank_fusion_k=60
189,Q0,AP880812-0097,893,0.142077101126221,reciprocal_rank_fusion_k=60
189,Q0,FR88512-0113,894,0.141743864442964,reciprocal_rank_fusion_k=60
189,Q0,AP890318-0071,895,0.1413714422174971,reciprocal_rank_fusion_k=60
189,Q0,AP880722-0146,896,0.14132561739600477,reciprocal_rank_fusion_k=60
189,Q0,AP890427-0030,897,0.14129019206413387,reciprocal_rank_fusion_k=60
189,Q0,AP890324-0188,898,0.14117651644088952,reciprocal_rank_fusion_k=60
189,Q0,AP881123-0119,899,0.14113496246011192,reciprocal_rank_fusion_k=60
189,Q0,AP890124-0136,900,0.14099989140965138,reciprocal_rank_fusion_k=60
189,Q0,AP890104-0184,901,0.140800178964202,reciprocal_rank_fusion_k=60
189,Q0,AP891128-0139,902,0.14067853336065234,reciprocal_rank_fusion_k=60
189,Q0,AP890429-0062,903,0.1404423510556844,reciprocal_rank_fusion_k=60
189,Q0,AP890322-0246,904,0.14015803995805623,reciprocal_rank_fusion_k=60
189,Q0,AP890123-0174,905,0.14009700867673153,reciprocal_rank_fusion_k=60
189,Q0,AP890409-0064,906,0.1397038134703968,reciprocal_rank_fusion_k=60
189,Q0,AP881101-0178,907,0.13966247346133182,reciprocal_rank_fusion_k=60
189,Q0,AP890101-0004,908,0.1396296840022401,reciprocal_rank_fusion_k=60
189,Q0,AP890525-0176,909,0.13926168851282023,reciprocal_rank_fusion_k=60
189,Q0,AP880401-0284,910,0.1392509655420076,reciprocal_rank_fusion_k=60
189,Q0,AP880521-0072,911,0.1391511432383442,reciprocal_rank_fusion_k=60
189,Q0,AP891011-0043,912,0.13910421339666618,reciprocal_rank_fusion_k=60
189,Q0,AP880513-0100,913,0.1390118180535709,reciprocal_rank_fusion_k=60
189,Q0,AP880827-0143,914,0.13864477988975676,reciprocal_rank_fusion_k=60
189,Q0,AP880628-0211,915,0.13860052033118295,reciprocal_rank_fusion_k=60
189,Q0,AP891207-0040,916,0.13854105761269722,reciprocal_rank_fusion_k=60
189,Q0,AP880702-0112,917,0.13849278327604558,reciprocal_rank_fusion_k=60
189,Q0,AP880914-0182,918,0.13848467320484234,reciprocal_rank_fusion_k=60
189,Q0,AP891025-0018,919,0.13844977415759252,reciprocal_rank_fusion_k=60
189,Q0,AP881004-0195,920,0.13807658546342305,reciprocal_rank_fusion_k=60
189,Q0,AP880618-0047,921,0.138019838411475,reciprocal_rank_fusion_k=60
189,Q0,AP881015-0047,922,0.13787340810867998,reciprocal_rank_fusion_k=60
189,Q0,AP890119-0140,923,0.13756521363650223,reciprocal_rank_fusion_k=60
189,Q0,AP890121-0047,924,0.137521215033781,reciprocal_rank_fusion_k=60
189,Q0,AP880519-0026,925,0.13721637252147434,reciprocal_rank_fusion_k=60
189,Q0,AP890113-0004,926,0.1371943871957378,reciprocal_rank_fusion_k=60
189,Q0,AP891011-0111,927,0.1370596618175477,reciprocal_rank_fusion_k=60
189,Q0,AP880522-0069,928,0.13695613963675235,reciprocal_rank_fusion_k=60
189,Q0,AP890120-0096,929,0.13689989747137885,reciprocal_rank_fusion_k=60
189,Q0,AP890928-0047,930,0.13680963367810417,reciprocal_rank_fusion_k=60
189,Q0,AP880422-0228,931,0.13680178509256735,reciprocal_rank_fusion_k=60
189,Q0,AP890819-0149,932,0.13667915407552064,reciprocal_rank_fusion_k=60
189,Q0,AP881202-0037,933,0.13628622705023175,reciprocal_rank_fusion_k=60
189,Q0,AP890731-0054,934,0.13628476867442482,reciprocal_rank_fusion_k=60
189,Q0,AP890716-0046,935,0.13625610327368434,reciprocal_rank_fusion_k=60
189,Q0,AP891031-0082,936,0.13613732350514854,reciprocal_rank_fusion_k=60
189,Q0,AP890408-0111,937,0.13562617437762203,reciprocal_rank_fusion_k=60
189,Q0,AP891217-0057,938,0.13546489232150996,reciprocal_rank_fusion_k=60
189,Q0,AP890628-0133,939,0.1350644858783701,reciprocal_rank_fusion_k=60
189,Q0,AP880314-0022,940,0.13493201397714016,reciprocal_rank_fusion_k=60
189,Q0,WSJ890907-0005,941,0.13470547150564613,reciprocal_rank_fusion_k=60
189,Q0,AP890121-0015,942,0.13419176667665075,reciprocal_rank_fusion_k=60
189,Q0,AP890306-0183,943,0.13416812388122776,reciprocal_rank_fusion_k=60
189,Q0,DOE1-75-0359,944,0.1340374300321317,reciprocal_rank_fusion_k=60
189,Q0,AP880706-0076,945,0.13380831311307761,reciprocal_rank_fusion_k=60
189,Q0,AP880610-0021,946,0.1336336736609335,reciprocal_rank_fusion_k=60
189,Q0,DOE2-12-0715,947,0.13341696073317377,reciprocal_rank_fusion_k=60
189,Q0,AP880617-0149,948,0.1330607131078834,reciprocal_rank_fusion_k=60
189,Q0,AP890407-0095,949,0.13295186209120183,reciprocal_rank_fusion_k=60
189,Q0,AP890825-0167,950,0.1326810590245894,reciprocal_rank_fusion_k=60
189,Q0,AP880614-0179,951,0.13240422781331682,reciprocal_rank_fusion_k=60
189,Q0,AP890505-0011,952,0.13238907591234123,reciprocal_rank_fusion_k=60
189,Q0,AP881205-0189,953,0.13220732697704038,reciprocal_rank_fusion_k=60
189,Q0,AP890104-0195,954,0.1321669535718713,reciprocal_rank_fusion_k=60
189,Q0,AP880326-0116,955,0.13208739618948528,reciprocal_rank_fusion_k=60
189,Q0,AP890622-0212,956,0.13193297522005729,reciprocal_rank_fusion_k=60
189,Q0,WSJ900928-0004,957,0.13182878678435236,reciprocal_rank_fusion_k=60
189,Q0,AP890203-0061,958,0.131062038129094,reciprocal_rank_fusion_k=60
189,Q0,AP891006-0204,959,0.13094040393651932,reciprocal_rank_fusion_k=60
189,Q0,AP880918-0050,960,0.13083666387865311,reciprocal_rank_fusion_k=60
189,Q0,DOE2-28-0907,961,0.13042996619051414,reciprocal_rank_fusion_k=60
189,Q0,AP890715-0036,962,0.13025775362370431,reciprocal_rank_fusion_k=60
189,Q0,AP891017-0069,963,0.130216894720074,reciprocal_rank_fusion_k=60
189,Q0,AP890627-0014,964,0.13018273265860533,reciprocal_rank_fusion_k=60
189,Q0,AP880330-0246,965,0.13001962672597123,reciprocal_rank_fusion_k=60
189,Q0,ZF207-272-950,966,0.12988384884768972,reciprocal_rank_fusion_k=60
189,Q0,AP890420-0038,967,0.12979518369998805,reciprocal_rank_fusion_k=60
189,Q0,AP890924-0029,968,0.1295639699867862,reciprocal_rank_fusion_k=60
189,Q0,DOE1-38-0592,969,0.1294963089437202,reciprocal_rank_fusion_k=60
189,Q0,AP890329-0169,970,0.12945201222264735,reciprocal_rank_fusion_k=60
189,Q0,AP880625-0210,971,0.1292322674300065,reciprocal_rank_fusion_k=60
189,Q0,AP891101-0125,972,0.128908439077373,reciprocal_rank_fusion_k=60
189,Q0,AP881129-0069,973,0.12883571047586936,reciprocal_rank_fusion_k=60
189,Q0,AP890726-0236,974,0.12872074125565527,reciprocal_rank_fusion_k=60
189,Q0,AP891129-0131,975,0.12823753665119894,reciprocal_rank_fusion_k=60
189,Q0,AP880427-0191,976,0.1282152492219084,reciprocal_rank_fusion_k=60
189,Q0,AP880520-0242,977,0.12821233400127202,reciprocal_rank_fusion_k=60
189,Q0,AP880311-0064,978,0.12818066940138828,reciprocal_rank_fusion_k=60
189,Q0,AP880309-0041,979,0.12790799108997075,reciprocal_rank_fusion_k=60
189,Q0,AP880626-0032,980,0.1278799486168764,reciprocal_rank_fusion_k=60
189,Q0,AP880607-0115,981,0.12774161315446164,reciprocal_rank_fusion_k=60
189,Q0,WSJ890803-0139,982,0.1275125671939501,reciprocal_rank_fusion_k=60
189,Q0,AP880722-0070,983,0.12726335761820462,reciprocal_rank_fusion_k=60
189,Q0,AP880220-0045,984,0.12712680625512343,reciprocal_rank_fusion_k=60
189,Q0,AP880511-0095,985,0.12707345581336055,reciprocal_rank_fusion_k=60
189,Q0,AP880804-0063,986,0.12674647922991736,reciprocal_rank_fusion_k=60
189,Q0,AP890323-0058,987,0.1265221059183518,reciprocal_rank_fusion_k=60
189,Q0,AP890922-0003,988,0.12617354343081977,reciprocal_rank_fusion_k=60
189,Q0,AP890713-0001,989,0.12613104346048523,reciprocal_rank_fusion_k=60
189,Q0,AP881028-0210,990,0.126116343815604,reciprocal_rank_fusion_k=60
189,Q0,AP880411-0111,991,0.1260976999000623,reciprocal_rank_fusion_k=60
189,Q0,AP891117-0077,992,0.12587682189142263,reciprocal_rank_fusion_k=60
189,Q0,AP880219-0214,993,0.1257576556693423,reciprocal_rank_fusion_k=60
189,Q0,AP880927-0081,994,0.1257395566603021,reciprocal_rank_fusion_k=60
189,Q0,WSJ870701-0144,995,0.12566725830113779,reciprocal_rank_fusion_k=60
189,Q0,WSJ911115-0015,996,0.1254656189916335,reciprocal_rank_fusion_k=60
189,Q0,AP890401-0107,997,0.12545888223569954,reciprocal_rank_fusion_k=60
189,Q0,AP881026-0206,998,0.12538729376268054,reciprocal_rank_fusion_k=60
189,Q0,AP880225-0231,999,0.12531544552672957,reciprocal_rank_fusion_k=60
189,Q0,AP891102-0063,1000,0.12530569077656348,reciprocal_rank_fusion_k=60
193,Q0,AP881121-0087,1,2.6516573254604077,reciprocal_rank_fusion_k=60
193,Q0,AP881121-0115,2,2.624769587792913,reciprocal_rank_fusion_k=60
193,Q0,AP881122-0130,3,2.5396818322062407,reciprocal_rank_fusion_k=60
193,Q0,AP891120-0117,4,2.462319902531779,reciprocal_rank_fusion_k=60
193,Q0,AP881122-0087,5,2.453761249511283,reciprocal_rank_fusion_k=60
193,Q0,AP891120-0191,6,2.423196416059272,reciprocal_rank_fusion_k=60
193,Q0,AP891219-0220,7,2.284166158065235,reciprocal_rank_fusion_k=60
193,Q0,AP891125-0012,8,2.245262778832226,reciprocal_rank_fusion_k=60
193,Q0,AP891201-0053,9,2.1975079712758028,reciprocal_rank_fusion_k=60
193,Q0,AP880429-0045,10,2.191785140288855,reciprocal_rank_fusion_k=60
193,Q0,AP881207-0196,11,2.1304601630489843,reciprocal_rank_fusion_k=60
193,Q0,AP881118-0011,12,2.0117029537811013,reciprocal_rank_fusion_k=60
193,Q0,AP890614-0082,13,1.9977293426469742,reciprocal_rank_fusion_k=60
193,Q0,AP881118-0021,14,1.9821749104925024,reciprocal_rank_fusion_k=60
193,Q0,AP890607-0098,15,1.9227021820608614,reciprocal_rank_fusion_k=60
193,Q0,AP880915-0113,16,1.8909572971101969,reciprocal_rank_fusion_k=60
193,Q0,AP881013-0148,17,1.8766073345252572,reciprocal_rank_fusion_k=60
193,Q0,AP881207-0251,18,1.8599903874145032,reciprocal_rank_fusion_k=60
193,Q0,AP880714-0095,19,1.8411501547577578,reciprocal_rank_fusion_k=60
193,Q0,AP881012-0124,20,1.7788883686579153,reciprocal_rank_fusion_k=60
193,Q0,WSJ880808-0120,21,1.7536628788346587,reciprocal_rank_fusion_k=60
193,Q0,WSJ880916-0189,22,1.7511468150938598,reciprocal_rank_fusion_k=60
193,Q0,AP890929-0216,23,1.7508157799623782,reciprocal_rank_fusion_k=60
193,Q0,AP881121-0161,24,1.7460098839308056,reciprocal_rank_fusion_k=60
193,Q0,AP891103-0167,25,1.7222242944126096,reciprocal_rank_fusion_k=60
193,Q0,AP891119-0021,26,1.7144311458081174,reciprocal_rank_fusion_k=60
193,Q0,AP880527-0257,27,1.6880238851784495,reciprocal_rank_fusion_k=60
193,Q0,AP891102-0245,28,1.6697432289899534,reciprocal_rank_fusion_k=60
193,Q0,AP890828-0104,29,1.6539096681808414,reciprocal_rank_fusion_k=60
193,Q0,AP890829-0204,30,1.6538632007263574,reciprocal_rank_fusion_k=60
193,Q0,WSJ900821-0006,31,1.5927263112159524,reciprocal_rank_fusion_k=60
193,Q0,AP880714-0110,32,1.5845361892517238,reciprocal_rank_fusion_k=60
193,Q0,AP891124-0203,33,1.5739291316555273,reciprocal_rank_fusion_k=60
193,Q0,AP880525-0137,34,1.5426709896228294,reciprocal_rank_fusion_k=60
193,Q0,AP891106-0232,35,1.5418598261624157,reciprocal_rank_fusion_k=60
193,Q0,AP891221-0065,36,1.5129059418170006,reciprocal_rank_fusion_k=60
193,Q0,AP891103-0175,37,1.509330135573004,reciprocal_rank_fusion_k=60
193,Q0,AP890731-0123,38,1.4985555062169043,reciprocal_rank_fusion_k=60
193,Q0,AP881228-0200,39,1.487121134476225,reciprocal_rank_fusion_k=60
193,Q0,AP881029-0121,40,1.4738980809103508,reciprocal_rank_fusion_k=60
193,Q0,AP890203-0233,41,1.4720029217981498,reciprocal_rank_fusion_k=60
193,Q0,AP890519-0065,42,1.440411756644623,reciprocal_rank_fusion_k=60
193,Q0,WSJ880526-0015,43,1.4328501545243708,reciprocal_rank_fusion_k=60
193,Q0,AP881221-0166,44,1.4080920477874928,reciprocal_rank_fusion_k=60
193,Q0,AP891120-0121,45,1.3767124020269457,reciprocal_rank_fusion_k=60
193,Q0,AP890630-0266,46,1.3740685257833956,reciprocal_rank_fusion_k=60
193,Q0,WSJ880708-0131,47,1.3715434049156756,reciprocal_rank_fusion_k=60
193,Q0,WSJ871124-0103,48,1.362610645217042,reciprocal_rank_fusion_k=60
193,Q0,AP880330-0163,49,1.3518853242276159,reciprocal_rank_fusion_k=60
193,Q0,FR88607-0041,50,1.3245365602248609,reciprocal_rank_fusion_k=60
193,Q0,WSJ880331-0001,51,1.2780587240284889,reciprocal_rank_fusion_k=60
193,Q0,WSJ880810-0103,52,1.2602275360728294,reciprocal_rank_fusion_k=60
193,Q0,FR89323-0057,53,1.2533751436468432,reciprocal_rank_fusion_k=60
193,Q0,FR89119-0045,54,1.2396831501305687,reciprocal_rank_fusion_k=60
193,Q0,AP881021-0207,55,1.2215319856310045,reciprocal_rank_fusion_k=60
193,Q0,AP890710-0174,56,1.2119798999329816,reciprocal_rank_fusion_k=60
193,Q0,AP890828-0065,57,1.2090482301567338,reciprocal_rank_fusion_k=60
193,Q0,FR89123-0060,58,1.1806442475513406,reciprocal_rank_fusion_k=60
193,Q0,AP891106-0233,59,1.1702685562290027,reciprocal_rank_fusion_k=60
193,Q0,WSJ911121-0063,60,1.1666125946984283,reciprocal_rank_fusion_k=60
193,Q0,AP881013-0063,61,1.159378424534028,reciprocal_rank_fusion_k=60
193,Q0,AP891215-0083,62,1.1569432804448212,reciprocal_rank_fusion_k=60
193,Q0,AP881028-0299,63,1.1515764433899978,reciprocal_rank_fusion_k=60
193,Q0,AP890920-0234,64,1.1407341471894168,reciprocal_rank_fusion_k=60
193,Q0,AP891125-0025,65,1.1289309814281598,reciprocal_rank_fusion_k=60
193,Q0,FR88729-0024,66,1.1249428057413895,reciprocal_rank_fusion_k=60
193,Q0,AP881202-0050,67,1.124572640925842,reciprocal_rank_fusion_k=60
193,Q0,AP880606-0133,68,1.1236494568565114,reciprocal_rank_fusion_k=60
193,Q0,AP881202-0212,69,1.1210885269192241,reciprocal_rank_fusion_k=60
193,Q0,AP890829-0241,70,1.1188811010717423,reciprocal_rank_fusion_k=60
193,Q0,AP880421-0108,71,1.1180660840554582,reciprocal_rank_fusion_k=60
193,Q0,AP881123-0251,72,1.1135751370062217,reciprocal_rank_fusion_k=60
193,Q0,AP890801-0046,73,1.1111532202457917,reciprocal_rank_fusion_k=60
193,Q0,AP890522-0214,74,1.0776777118750627,reciprocal_rank_fusion_k=60
193,Q0,AP890829-0024,75,1.0768523386572075,reciprocal_rank_fusion_k=60
193,Q0,AP881118-0186,76,1.0753220945575475,reciprocal_rank_fusion_k=60
193,Q0,AP890714-0290,77,1.0722947993628,reciprocal_rank_fusion_k=60
193,Q0,WSJ890803-0021,78,1.0621060252000996,reciprocal_rank_fusion_k=60
193,Q0,AP880920-0023,79,1.060740813530847,reciprocal_rank_fusion_k=60
193,Q0,AP891116-0046,80,1.0563701873319258,reciprocal_rank_fusion_k=60
193,Q0,AP891006-0240,81,1.0385278291203255,reciprocal_rank_fusion_k=60
193,Q0,AP881028-0056,82,1.034320600141264,reciprocal_rank_fusion_k=60
193,Q0,AP880511-0242,83,1.0323368672359279,reciprocal_rank_fusion_k=60
193,Q0,AP891125-0139,84,1.0255475072878133,reciprocal_rank_fusion_k=60
193,Q0,FR881006-0001,85,1.0178093273865612,reciprocal_rank_fusion_k=60
193,Q0,FR881118-0018,86,1.014314013042791,reciprocal_rank_fusion_k=60
193,Q0,AP890929-0051,87,1.0038761504306648,reciprocal_rank_fusion_k=60
193,Q0,AP880607-0040,88,0.9989414229488642,reciprocal_rank_fusion_k=60
193,Q0,FR881024-0169,89,0.9815219658264548,reciprocal_rank_fusion_k=60
193,Q0,AP891216-0108,90,0.9688280157691735,reciprocal_rank_fusion_k=60
193,Q0,AP891216-0006,91,0.9652628274280317,reciprocal_rank_fusion_k=60
193,Q0,AP891106-0243,92,0.9403892411285931,reciprocal_rank_fusion_k=60
193,Q0,AP881216-0114,93,0.935945040160313,reciprocal_rank_fusion_k=60
193,Q0,AP881031-0294,94,0.9250079556169173,reciprocal_rank_fusion_k=60
193,Q0,AP891201-0092,95,0.9133568225915537,reciprocal_rank_fusion_k=60
193,Q0,AP890814-0072,96,0.9113367611665508,reciprocal_rank_fusion_k=60
193,Q0,AP891104-0029,97,0.8483044520797852,reciprocal_rank_fusion_k=60
193,Q0,AP891102-0046,98,0.8400155798130828,reciprocal_rank_fusion_k=60
193,Q0,AP891219-0094,99,0.8285164745905023,reciprocal_rank_fusion_k=60
193,Q0,AP891106-0238,100,0.8214008887847464,reciprocal_rank_fusion_k=60
193,Q0,WSJ871008-0058,101,0.8119003509874129,reciprocal_rank_fusion_k=60
193,Q0,WSJ911127-0070,102,0.8118008774614208,reciprocal_rank_fusion_k=60
193,Q0,AP890518-0248,103,0.8053211930347843,reciprocal_rank_fusion_k=60
193,Q0,WSJ861224-0169,104,0.8048016080378518,reciprocal_rank_fusion_k=60
193,Q0,FR881006-0002,105,0.8025300795372211,reciprocal_rank_fusion_k=60
193,Q0,WSJ911104-0005,106,0.7966683497115937,reciprocal_rank_fusion_k=60
193,Q0,WSJ910211-0166,107,0.7831412120487128,reciprocal_rank_fusion_k=60
193,Q0,AP891006-0039,108,0.7819694512656128,reciprocal_rank_fusion_k=60
193,Q0,AP880729-0028,109,0.7819495695394598,reciprocal_rank_fusion_k=60
193,Q0,WSJ910919-0082,110,0.7771708010303928,reciprocal_rank_fusion_k=60
193,Q0,AP880628-0273,111,0.7676677612229634,reciprocal_rank_fusion_k=60
193,Q0,AP881126-0118,112,0.7651577831604158,reciprocal_rank_fusion_k=60
193,Q0,WSJ880119-0073,113,0.7614513335419769,reciprocal_rank_fusion_k=60
193,Q0,WSJ911206-0150,114,0.7602960272241974,reciprocal_rank_fusion_k=60
193,Q0,AP881031-0295,115,0.7600538020583211,reciprocal_rank_fusion_k=60
193,Q0,AP880313-0029,116,0.7575141689025725,reciprocal_rank_fusion_k=60
193,Q0,AP890213-0274,117,0.7548427289622518,reciprocal_rank_fusion_k=60
193,Q0,AP881116-0165,118,0.752845285879226,reciprocal_rank_fusion_k=60
193,Q0,AP881027-0184,119,0.747124002824432,reciprocal_rank_fusion_k=60
193,Q0,AP891206-0123,120,0.7466152380207076,reciprocal_rank_fusion_k=60
193,Q0,AP880528-0023,121,0.7426328527619344,reciprocal_rank_fusion_k=60
193,Q0,AP890523-0025,122,0.7425677786796087,reciprocal_rank_fusion_k=60
193,Q0,AP890920-0077,123,0.7379275449092545,reciprocal_rank_fusion_k=60
193,Q0,AP890214-0194,124,0.7369326414506832,reciprocal_rank_fusion_k=60
193,Q0,AP881104-0098,125,0.7300404486518517,reciprocal_rank_fusion_k=60
193,Q0,AP880819-0193,126,0.7252424877617667,reciprocal_rank_fusion_k=60
193,Q0,AP890814-0214,127,0.7188628071581596,reciprocal_rank_fusion_k=60
193,Q0,WSJ870727-0040,128,0.7142515211880368,reciprocal_rank_fusion_k=60
193,Q0,WSJ900427-0142,129,0.712759347198622,reciprocal_rank_fusion_k=60
193,Q0,AP880614-0104,130,0.7066479018867025,reciprocal_rank_fusion_k=60
193,Q0,WSJ870128-0132,131,0.7063186892194717,reciprocal_rank_fusion_k=60
193,Q0,WSJ861229-0018,132,0.7054198208541627,reciprocal_rank_fusion_k=60
193,Q0,AP880526-0064,133,0.6964332595367825,reciprocal_rank_fusion_k=60
193,Q0,WSJ870106-0080,134,0.6950336951231145,reciprocal_rank_fusion_k=60
193,Q0,AP881031-0296,135,0.6877611185234185,reciprocal_rank_fusion_k=60
193,Q0,WSJ880114-0116,136,0.6842523316724589,reciprocal_rank_fusion_k=60
193,Q0,AP880526-0115,137,0.6751982544673085,reciprocal_rank_fusion_k=60
193,Q0,AP880331-0065,138,0.666224348564227,reciprocal_rank_fusion_k=60
193,Q0,AP890912-0125,139,0.6612431989498022,reciprocal_rank_fusion_k=60
193,Q0,WSJ870218-0134,140,0.6585012376931185,reciprocal_rank_fusion_k=60
193,Q0,WSJ910611-0111,141,0.6581375087062973,reciprocal_rank_fusion_k=60
193,Q0,AP880922-0071,142,0.6544543795627549,reciprocal_rank_fusion_k=60
193,Q0,AP880308-0167,143,0.6543773234340796,reciprocal_rank_fusion_k=60
193,Q0,WSJ871119-0008,144,0.6531492164304418,reciprocal_rank_fusion_k=60
193,Q0,AP881028-0002,145,0.6525068290102622,reciprocal_rank_fusion_k=60
193,Q0,WSJ900910-0079,146,0.6399736043654574,reciprocal_rank_fusion_k=60
193,Q0,WSJ900606-0145,147,0.6376800931179358,reciprocal_rank_fusion_k=60
193,Q0,AP880811-0155,148,0.6359137272424531,reciprocal_rank_fusion_k=60
193,Q0,WSJ920207-0071,149,0.6358851145231158,reciprocal_rank_fusion_k=60
193,Q0,AP891220-0135,150,0.6206494884345677,reciprocal_rank_fusion_k=60
193,Q0,WSJ900503-0103,151,0.6186524424387272,reciprocal_rank_fusion_k=60
193,Q0,WSJ880105-0055,152,0.6182866640101419,reciprocal_rank_fusion_k=60
193,Q0,WSJ900413-0195,153,0.6156219632409897,reciprocal_rank_fusion_k=60
193,Q0,WSJ890927-0163,154,0.6135057065616402,reciprocal_rank_fusion_k=60
193,Q0,WSJ911022-0059,155,0.6105540726301479,reciprocal_rank_fusion_k=60
193,Q0,AP881105-0164,156,0.610307361716911,reciprocal_rank_fusion_k=60
193,Q0,AP891122-0241,157,0.6065448097445764,reciprocal_rank_fusion_k=60
193,Q0,WSJ911231-0103,158,0.6052682040282521,reciprocal_rank_fusion_k=60
193,Q0,AP891002-0178,159,0.6052603666665239,reciprocal_rank_fusion_k=60
193,Q0,WSJ871008-0098,160,0.6052195114004167,reciprocal_rank_fusion_k=60
193,Q0,WSJ871021-0137,161,0.6024844757215976,reciprocal_rank_fusion_k=60
193,Q0,AP881029-0021,162,0.6022810205896123,reciprocal_rank_fusion_k=60
193,Q0,AP891023-0111,163,0.5953127381656951,reciprocal_rank_fusion_k=60
193,Q0,FR89613-0048,164,0.5898201119495651,reciprocal_rank_fusion_k=60
193,Q0,AP881121-0241,165,0.5883692306246909,reciprocal_rank_fusion_k=60
193,Q0,WSJ871028-0070,166,0.5830449047430895,reciprocal_rank_fusion_k=60
193,Q0,ZF108-044-492,167,0.5750297624341395,reciprocal_rank_fusion_k=60
193,Q0,WSJ910103-0105,168,0.5746260333605454,reciprocal_rank_fusion_k=60
193,Q0,AP891127-0254,169,0.5731555440851687,reciprocal_rank_fusion_k=60
193,Q0,AP891202-0162,170,0.5730247165712319,reciprocal_rank_fusion_k=60
193,Q0,WSJ910129-0118,171,0.5727740616043486,reciprocal_rank_fusion_k=60
193,Q0,AP881218-0062,172,0.5718384052760259,reciprocal_rank_fusion_k=60
193,Q0,WSJ900521-0077,173,0.56768305258475,reciprocal_rank_fusion_k=60
193,Q0,AP891221-0051,174,0.5676522123073894,reciprocal_rank_fusion_k=60
193,Q0,WSJ920317-0158,175,0.5674819880975286,reciprocal_rank_fusion_k=60
193,Q0,WSJ870930-0013,176,0.5665474781830355,reciprocal_rank_fusion_k=60
193,Q0,AP890926-0275,177,0.5619834276384872,reciprocal_rank_fusion_k=60
193,Q0,AP880802-0119,178,0.5505664489895158,reciprocal_rank_fusion_k=60
193,Q0,WSJ910221-0164,179,0.5447788184469787,reciprocal_rank_fusion_k=60
193,Q0,WSJ910930-0105,180,0.5439457546937503,reciprocal_rank_fusion_k=60
193,Q0,WSJ910927-0110,181,0.542817748750633,reciprocal_rank_fusion_k=60
193,Q0,WSJ880122-0083,182,0.5416101835197195,reciprocal_rank_fusion_k=60
193,Q0,WSJ880119-0081,183,0.5392851531256626,reciprocal_rank_fusion_k=60
193,Q0,AP890911-0286,184,0.5390174666960765,reciprocal_rank_fusion_k=60
193,Q0,AP880317-0032,185,0.5366476538075463,reciprocal_rank_fusion_k=60
193,Q0,AP890413-0013,186,0.5331182356214397,reciprocal_rank_fusion_k=60
193,Q0,AP880701-0102,187,0.5306275989704644,reciprocal_rank_fusion_k=60
193,Q0,AP881215-0173,188,0.5265674094598137,reciprocal_rank_fusion_k=60
193,Q0,AP891012-0090,189,0.5264565819489386,reciprocal_rank_fusion_k=60
193,Q0,WSJ880212-0023,190,0.5248413513942258,reciprocal_rank_fusion_k=60
193,Q0,WSJ911204-0038,191,0.516719467056298,reciprocal_rank_fusion_k=60
193,Q0,WSJ910701-0153,192,0.5157158760388953,reciprocal_rank_fusion_k=60
193,Q0,WSJ880406-0009,193,0.5134212665336066,reciprocal_rank_fusion_k=60
193,Q0,WSJ880610-0125,194,0.5120720772581795,reciprocal_rank_fusion_k=60
193,Q0,AP880427-0218,195,0.5101606552293182,reciprocal_rank_fusion_k=60
193,Q0,WSJ880811-0126,196,0.5090629774931806,reciprocal_rank_fusion_k=60
193,Q0,WSJ881103-0018,197,0.5078917103717309,reciprocal_rank_fusion_k=60
193,Q0,WSJ920122-0032,198,0.5057761392492307,reciprocal_rank_fusion_k=60
193,Q0,WSJ871210-0124,199,0.505721291076168,reciprocal_rank_fusion_k=60
193,Q0,WSJ910131-0053,200,0.5054599741845353,reciprocal_rank_fusion_k=60
193,Q0,AP880427-0331,201,0.5037233402597489,reciprocal_rank_fusion_k=60
193,Q0,AP890403-0104,202,0.5017481833023251,reciprocal_rank_fusion_k=60
193,Q0,WSJ911008-0107,203,0.5006748097943493,reciprocal_rank_fusion_k=60
193,Q0,WSJ880909-0040,204,0.5004382244601845,reciprocal_rank_fusion_k=60
193,Q0,AP880218-0289,205,0.4985519395428886,reciprocal_rank_fusion_k=60
193,Q0,WSJ910808-0012,206,0.49595800239671023,reciprocal_rank_fusion_k=60
193,Q0,WSJ910807-0026,207,0.4921266170982303,reciprocal_rank_fusion_k=60
193,Q0,WSJ901226-0090,208,0.49133114468974254,reciprocal_rank_fusion_k=60
193,Q0,AP881112-0003,209,0.4901263330124573,reciprocal_rank_fusion_k=60
193,Q0,WSJ910417-0039,210,0.4897982315927289,reciprocal_rank_fusion_k=60
193,Q0,WSJ871130-0069,211,0.4875036069814674,reciprocal_rank_fusion_k=60
193,Q0,WSJ910401-0012,212,0.4869572975286158,reciprocal_rank_fusion_k=60
193,Q0,WSJ920303-0014,213,0.4862380709017493,reciprocal_rank_fusion_k=60
193,Q0,AP881228-0139,214,0.4849074048730678,reciprocal_rank_fusion_k=60
193,Q0,ZF207-800-494,215,0.48063985588185293,reciprocal_rank_fusion_k=60
193,Q0,AP880419-0018,216,0.4772422303765267,reciprocal_rank_fusion_k=60
193,Q0,AP880428-0053,217,0.4763583745415018,reciprocal_rank_fusion_k=60
193,Q0,WSJ910523-0168,218,0.47498724033464884,reciprocal_rank_fusion_k=60
193,Q0,WSJ880104-0128,219,0.474767301028038,reciprocal_rank_fusion_k=60
193,Q0,WSJ861216-0058,220,0.47457684350867896,reciprocal_rank_fusion_k=60
193,Q0,WSJ880229-0114,221,0.47422060760428497,reciprocal_rank_fusion_k=60
193,Q0,AP880325-0279,222,0.4734274101961448,reciprocal_rank_fusion_k=60
193,Q0,AP890214-0189,223,0.4704284984408626,reciprocal_rank_fusion_k=60
193,Q0,WSJ911216-0048,224,0.4686281501816875,reciprocal_rank_fusion_k=60
193,Q0,AP880611-0074,225,0.4668040448208862,reciprocal_rank_fusion_k=60
193,Q0,FR88203-0017,226,0.46584732191141714,reciprocal_rank_fusion_k=60
193,Q0,WSJ900813-0055,227,0.4654958507409877,reciprocal_rank_fusion_k=60
193,Q0,WSJ920228-0008,228,0.46531383184802094,reciprocal_rank_fusion_k=60
193,Q0,AP890316-0112,229,0.46519934776963184,reciprocal_rank_fusion_k=60
193,Q0,WSJ881027-0016,230,0.4645709459602144,reciprocal_rank_fusion_k=60
193,Q0,WSJ880912-0066,231,0.463442359243033,reciprocal_rank_fusion_k=60
193,Q0,WSJ911226-0026,232,0.4605382873545666,reciprocal_rank_fusion_k=60
193,Q0,WSJ910628-0106,233,0.46042130061911396,reciprocal_rank_fusion_k=60
193,Q0,WSJ871105-0083,234,0.4595567373539722,reciprocal_rank_fusion_k=60
193,Q0,WSJ891003-0095,235,0.45911779348036585,reciprocal_rank_fusion_k=60
193,Q0,AP891220-0144,236,0.45896888165792354,reciprocal_rank_fusion_k=60
193,Q0,AP890515-0034,237,0.4572705008116558,reciprocal_rank_fusion_k=60
193,Q0,AP891212-0230,238,0.45275564382309447,reciprocal_rank_fusion_k=60
193,Q0,WSJ880420-0086,239,0.452754103671701,reciprocal_rank_fusion_k=60
193,Q0,WSJ910214-0106,240,0.4487699537017501,reciprocal_rank_fusion_k=60
193,Q0,WSJ891016-0010,241,0.44252278099212083,reciprocal_rank_fusion_k=60
193,Q0,WSJ910111-0027,242,0.44101658006030225,reciprocal_rank_fusion_k=60
193,Q0,WSJ880615-0009,243,0.43964767614432226,reciprocal_rank_fusion_k=60
193,Q0,WSJ920228-0179,244,0.43881662517975245,reciprocal_rank_fusion_k=60
193,Q0,WSJ880531-0134,245,0.4380089232650936,reciprocal_rank_fusion_k=60
193,Q0,FR89113-0075,246,0.43704718676987037,reciprocal_rank_fusion_k=60
193,Q0,WSJ870521-0136,247,0.43692371186062007,reciprocal_rank_fusion_k=60
193,Q0,WSJ910212-0107,248,0.43669447434349207,reciprocal_rank_fusion_k=60
193,Q0,WSJ880129-0118,249,0.4352046790351849,reciprocal_rank_fusion_k=60
193,Q0,WSJ900913-0097,250,0.435115869283725,reciprocal_rank_fusion_k=60
193,Q0,WSJ880902-0083,251,0.43442648576981985,reciprocal_rank_fusion_k=60
193,Q0,AP881009-0092,252,0.43413668369552044,reciprocal_rank_fusion_k=60
193,Q0,AP881006-0241,253,0.4331088321634935,reciprocal_rank_fusion_k=60
193,Q0,WSJ871109-0054,254,0.4315746107912073,reciprocal_rank_fusion_k=60
193,Q0,WSJ900510-0129,255,0.4314266694236039,reciprocal_rank_fusion_k=60
193,Q0,AP890711-0010,256,0.4254483041323014,reciprocal_rank_fusion_k=60
193,Q0,AP890907-0268,257,0.42526265726266027,reciprocal_rank_fusion_k=60
193,Q0,AP891020-0300,258,0.42368676180661885,reciprocal_rank_fusion_k=60
193,Q0,WSJ890809-0068,259,0.4225105943111221,reciprocal_rank_fusion_k=60
193,Q0,AP890823-0203,260,0.422450976577117,reciprocal_rank_fusion_k=60
193,Q0,WSJ910424-0139,261,0.4215685636353694,reciprocal_rank_fusion_k=60
193,Q0,AP881031-0297,262,0.41848182529913225,reciprocal_rank_fusion_k=60
193,Q0,AP881224-0073,263,0.41788091905438346,reciprocal_rank_fusion_k=60
193,Q0,WSJ870211-0118,264,0.4177724263317715,reciprocal_rank_fusion_k=60
193,Q0,AP890406-0099,265,0.4173582282207407,reciprocal_rank_fusion_k=60
193,Q0,AP890107-0159,266,0.4164187353820376,reciprocal_rank_fusion_k=60
193,Q0,AP881020-0105,267,0.41543698568152454,reciprocal_rank_fusion_k=60
193,Q0,WSJ880428-0055,268,0.415297948701684,reciprocal_rank_fusion_k=60
193,Q0,AP880512-0198,269,0.4151658826565612,reciprocal_rank_fusion_k=60
193,Q0,WSJ861219-0020,270,0.4133115550559876,reciprocal_rank_fusion_k=60
193,Q0,FR88212-0145,271,0.4128532496580617,reciprocal_rank_fusion_k=60
193,Q0,AP880616-0145,272,0.41267755139890794,reciprocal_rank_fusion_k=60
193,Q0,WSJ870806-0003,273,0.40905079938256833,reciprocal_rank_fusion_k=60
193,Q0,WSJ891012-0119,274,0.40901979924706366,reciprocal_rank_fusion_k=60
193,Q0,WSJ871013-0033,275,0.40775128144341766,reciprocal_rank_fusion_k=60
193,Q0,WSJ910822-0064,276,0.4071731543438832,reciprocal_rank_fusion_k=60
193,Q0,WSJ870923-0074,277,0.4070747438463081,reciprocal_rank_fusion_k=60
193,Q0,AP881207-0286,278,0.4014057580071017,reciprocal_rank_fusion_k=60
193,Q0,WSJ880317-0170,279,0.40125134620786607,reciprocal_rank_fusion_k=60
193,Q0,WSJ870317-0115,280,0.39972620156328653,reciprocal_rank_fusion_k=60
193,Q0,WSJ910201-0173,281,0.3972799860313129,reciprocal_rank_fusion_k=60
193,Q0,AP890316-0140,282,0.39670153857388996,reciprocal_rank_fusion_k=60
193,Q0,WSJ881018-0120,283,0.3959224430817921,reciprocal_rank_fusion_k=60
193,Q0,WSJ870116-0026,284,0.3949779399450602,reciprocal_rank_fusion_k=60
193,Q0,WSJ910314-0042,285,0.3945424655576815,reciprocal_rank_fusion_k=60
193,Q0,WSJ910305-0009,286,0.3936939144243752,reciprocal_rank_fusion_k=60
193,Q0,AP890803-0304,287,0.3926590781641319,reciprocal_rank_fusion_k=60
193,Q0,FR881107-0073,288,0.3912018170572274,reciprocal_rank_fusion_k=60
193,Q0,WSJ920203-0095,289,0.39080505528644277,reciprocal_rank_fusion_k=60
193,Q0,WSJ880831-0106,290,0.38895284207096115,reciprocal_rank_fusion_k=60
193,Q0,WSJ900720-0067,291,0.3887847771277223,reciprocal_rank_fusion_k=60
193,Q0,WSJ891023-0061,292,0.38778621615757686,reciprocal_rank_fusion_k=60
193,Q0,WSJ880204-0109,293,0.38649922251141877,reciprocal_rank_fusion_k=60
193,Q0,WSJ911122-0123,294,0.38585258143063067,reciprocal_rank_fusion_k=60
193,Q0,WSJ910605-0154,295,0.38518722140915856,reciprocal_rank_fusion_k=60
193,Q0,WSJ870930-0141,296,0.3851830081780714,reciprocal_rank_fusion_k=60
193,Q0,WSJ861218-0139,297,0.3834473008955513,reciprocal_rank_fusion_k=60
193,Q0,WSJ920303-0105,298,0.381456876585799,reciprocal_rank_fusion_k=60
193,Q0,AP880803-0054,299,0.37430910141836177,reciprocal_rank_fusion_k=60
193,Q0,WSJ880219-0015,300,0.37371775411171476,reciprocal_rank_fusion_k=60
193,Q0,WSJ911112-0148,301,0.3730274400396932,reciprocal_rank_fusion_k=60
193,Q0,WSJ880708-0147,302,0.3729357239591712,reciprocal_rank_fusion_k=60
193,Q0,AP890516-0094,303,0.372339526130115,reciprocal_rank_fusion_k=60
193,Q0,AP880302-0143,304,0.3713232536601083,reciprocal_rank_fusion_k=60
193,Q0,WSJ910628-0047,305,0.36838691650823907,reciprocal_rank_fusion_k=60
193,Q0,FR881020-0041,306,0.36823172366131507,reciprocal_rank_fusion_k=60
193,Q0,WSJ871215-0027,307,0.36769014099993974,reciprocal_rank_fusion_k=60
193,Q0,WSJ880628-0103,308,0.3676392009901845,reciprocal_rank_fusion_k=60
193,Q0,AP881028-0254,309,0.36514019938315895,reciprocal_rank_fusion_k=60
193,Q0,AP881013-0147,310,0.3645363155990756,reciprocal_rank_fusion_k=60
193,Q0,WSJ870817-0033,311,0.36379639368275013,reciprocal_rank_fusion_k=60
193,Q0,WSJ881031-0034,312,0.36341457910343444,reciprocal_rank_fusion_k=60
193,Q0,WSJ870309-0056,313,0.3630982417932628,reciprocal_rank_fusion_k=60
193,Q0,AP881017-0222,314,0.36307014379517294,reciprocal_rank_fusion_k=60
193,Q0,AP881121-0242,315,0.36258867347422796,reciprocal_rank_fusion_k=60
193,Q0,WSJ910320-0042,316,0.3597373057740209,reciprocal_rank_fusion_k=60
193,Q0,WSJ900928-0074,317,0.35825803236473913,reciprocal_rank_fusion_k=60
193,Q0,WSJ910522-0076,318,0.35793846679724617,reciprocal_rank_fusion_k=60
193,Q0,AP881129-0046,319,0.3578893822934668,reciprocal_rank_fusion_k=60
193,Q0,WSJ880125-0030,320,0.3557944460430207,reciprocal_rank_fusion_k=60
193,Q0,AP890213-0260,321,0.3537378225098042,reciprocal_rank_fusion_k=60
193,Q0,AP890720-0203,322,0.35268126827199464,reciprocal_rank_fusion_k=60
193,Q0,AP881023-0060,323,0.35152409556062586,reciprocal_rank_fusion_k=60
193,Q0,WSJ870319-0057,324,0.34988936112953567,reciprocal_rank_fusion_k=60
193,Q0,AP891221-0069,325,0.3494375663847646,reciprocal_rank_fusion_k=60
193,Q0,ZF108-692-560,326,0.3489050139196564,reciprocal_rank_fusion_k=60
193,Q0,WSJ901231-0086,327,0.3487118015006202,reciprocal_rank_fusion_k=60
193,Q0,AP891106-0234,328,0.348429419820157,reciprocal_rank_fusion_k=60
193,Q0,WSJ910131-0157,329,0.3470900071585876,reciprocal_rank_fusion_k=60
193,Q0,AP881028-0176,330,0.34631142040790347,reciprocal_rank_fusion_k=60
193,Q0,AP881129-0230,331,0.3446545606666605,reciprocal_rank_fusion_k=60
193,Q0,WSJ900823-0110,332,0.3444433901097144,reciprocal_rank_fusion_k=60
193,Q0,AP880508-0007,333,0.34286880297087224,reciprocal_rank_fusion_k=60
193,Q0,ZF109-617-721,334,0.34105811872532027,reciprocal_rank_fusion_k=60
193,Q0,WSJ880818-0022,335,0.340211695184871,reciprocal_rank_fusion_k=60
193,Q0,AP890720-0255,336,0.3397350682614881,reciprocal_rank_fusion_k=60
193,Q0,WSJ910717-0092,337,0.338486051578155,reciprocal_rank_fusion_k=60
193,Q0,AP880418-0290,338,0.33842791209142814,reciprocal_rank_fusion_k=60
193,Q0,WSJ891024-0118,339,0.3381287232291457,reciprocal_rank_fusion_k=60
193,Q0,WSJ871223-0103,340,0.33768414087697873,reciprocal_rank_fusion_k=60
193,Q0,AP890902-0069,341,0.33657765857044847,reciprocal_rank_fusion_k=60
193,Q0,AP880818-0095,342,0.33532250629779325,reciprocal_rank_fusion_k=60
193,Q0,WSJ870515-0048,343,0.33392471573446436,reciprocal_rank_fusion_k=60
193,Q0,AP890210-0285,344,0.3332198284038479,reciprocal_rank_fusion_k=60
193,Q0,WSJ870422-0029,345,0.3329929815334067,reciprocal_rank_fusion_k=60
193,Q0,AP890912-0227,346,0.33177513966388317,reciprocal_rank_fusion_k=60
193,Q0,WSJ880209-0112,347,0.33156894087483224,reciprocal_rank_fusion_k=60
193,Q0,AP890712-0143,348,0.33096058820309276,reciprocal_rank_fusion_k=60
193,Q0,AP890712-0048,349,0.32764044921705415,reciprocal_rank_fusion_k=60
193,Q0,WSJ870626-0182,350,0.3258307411681326,reciprocal_rank_fusion_k=60
193,Q0,WSJ870616-0140,351,0.3234291615928007,reciprocal_rank_fusion_k=60
193,Q0,AP880715-0004,352,0.32119287541569436,reciprocal_rank_fusion_k=60
193,Q0,AP890711-0158,353,0.32088764013037335,reciprocal_rank_fusion_k=60
193,Q0,WSJ911119-0054,354,0.3197361179871983,reciprocal_rank_fusion_k=60
193,Q0,AP890602-0117,355,0.3190868583344401,reciprocal_rank_fusion_k=60
193,Q0,WSJ911014-0016,356,0.31855031631512315,reciprocal_rank_fusion_k=60
193,Q0,WSJ910110-0125,357,0.3181908174682181,reciprocal_rank_fusion_k=60
193,Q0,WSJ861224-0045,358,0.3178622078657181,reciprocal_rank_fusion_k=60
193,Q0,WSJ920108-0126,359,0.3178021475453648,reciprocal_rank_fusion_k=60
193,Q0,AP890305-0041,360,0.3173980980351867,reciprocal_rank_fusion_k=60
193,Q0,WSJ900702-0169,361,0.3173245592719891,reciprocal_rank_fusion_k=60
193,Q0,WSJ881115-0045,362,0.3150307394265192,reciprocal_rank_fusion_k=60
193,Q0,WSJ910313-0080,363,0.3131251713673336,reciprocal_rank_fusion_k=60
193,Q0,FR88610-0152,364,0.3121303515730526,reciprocal_rank_fusion_k=60
193,Q0,WSJ871118-0059,365,0.31097231375711193,reciprocal_rank_fusion_k=60
193,Q0,AP881211-0012,366,0.3105670815230155,reciprocal_rank_fusion_k=60
193,Q0,WSJ861210-0057,367,0.3102728790103449,reciprocal_rank_fusion_k=60
193,Q0,AP880506-0287,368,0.30987705368563173,reciprocal_rank_fusion_k=60
193,Q0,AP880507-0204,369,0.3076808570843761,reciprocal_rank_fusion_k=60
193,Q0,AP890405-0183,370,0.3076682830009504,reciprocal_rank_fusion_k=60
193,Q0,WSJ871123-0009,371,0.30732252466967114,reciprocal_rank_fusion_k=60
193,Q0,FR881024-0194,372,0.3054940686162395,reciprocal_rank_fusion_k=60
193,Q0,WSJ911210-0071,373,0.30524251065173685,reciprocal_rank_fusion_k=60
193,Q0,WSJ870924-0095,374,0.30506786648638445,reciprocal_rank_fusion_k=60
193,Q0,WSJ900420-0178,375,0.30398598207760635,reciprocal_rank_fusion_k=60
193,Q0,WSJ891013-0100,376,0.30342533025858803,reciprocal_rank_fusion_k=60
193,Q0,AP891208-0236,377,0.30320165257510806,reciprocal_rank_fusion_k=60
193,Q0,WSJ881109-0087,378,0.3029789738641528,reciprocal_rank_fusion_k=60
193,Q0,WSJ880928-0087,379,0.30255378125606247,reciprocal_rank_fusion_k=60
193,Q0,WSJ920103-0068,380,0.3021079216777719,reciprocal_rank_fusion_k=60
193,Q0,AP880321-0129,381,0.3007666892743284,reciprocal_rank_fusion_k=60
193,Q0,WSJ911224-0005,382,0.300608198545143,reciprocal_rank_fusion_k=60
193,Q0,AP890622-0269,383,0.3003967200471507,reciprocal_rank_fusion_k=60
193,Q0,WSJ920207-0069,384,0.2994950610866133,reciprocal_rank_fusion_k=60
193,Q0,WSJ871210-0050,385,0.2992844814999516,reciprocal_rank_fusion_k=60
193,Q0,AP880809-0154,386,0.29898305917443,reciprocal_rank_fusion_k=60
193,Q0,WSJ871116-0147,387,0.29654241375104623,reciprocal_rank_fusion_k=60
193,Q0,AP880628-0298,388,0.2946692157449618,reciprocal_rank_fusion_k=60
193,Q0,WSJ920129-0170,389,0.29458778595996044,reciprocal_rank_fusion_k=60
193,Q0,AP890627-0163,390,0.2927769526999938,reciprocal_rank_fusion_k=60
193,Q0,WSJ900611-0130,391,0.29273213868647013,reciprocal_rank_fusion_k=60
193,Q0,AP880412-0110,392,0.2920677859042232,reciprocal_rank_fusion_k=60
193,Q0,AP881217-0064,393,0.28939443725166186,reciprocal_rank_fusion_k=60
193,Q0,AP880820-0061,394,0.28900445794166735,reciprocal_rank_fusion_k=60
193,Q0,WSJ871110-0007,395,0.2889086212676328,reciprocal_rank_fusion_k=60
193,Q0,WSJ861209-0099,396,0.2879431052648965,reciprocal_rank_fusion_k=60
193,Q0,WSJ871216-0042,397,0.28627029887464184,reciprocal_rank_fusion_k=60
193,Q0,WSJ870527-0090,398,0.28563926082061614,reciprocal_rank_fusion_k=60
193,Q0,AP880725-0259,399,0.2849578950635664,reciprocal_rank_fusion_k=60
193,Q0,AP880302-0030,400,0.28417097094500654,reciprocal_rank_fusion_k=60
193,Q0,WSJ871222-0006,401,0.28322732482441026,reciprocal_rank_fusion_k=60
193,Q0,FR88203-0062,402,0.28290108775327705,reciprocal_rank_fusion_k=60
193,Q0,WSJ870709-0082,403,0.28198602405387235,reciprocal_rank_fusion_k=60
193,Q0,WSJ900802-0040,404,0.2813169036978428,reciprocal_rank_fusion_k=60
193,Q0,WSJ880928-0005,405,0.2793448571827081,reciprocal_rank_fusion_k=60
193,Q0,WSJ871110-0110,406,0.27904383836651664,reciprocal_rank_fusion_k=60
193,Q0,AP880404-0242,407,0.2784657199265663,reciprocal_rank_fusion_k=60
193,Q0,WSJ870820-0047,408,0.2752718358104632,reciprocal_rank_fusion_k=60
193,Q0,AP890720-0200,409,0.2739861188401194,reciprocal_rank_fusion_k=60
193,Q0,AP890525-0255,410,0.27288406501724016,reciprocal_rank_fusion_k=60
193,Q0,WSJ900411-0084,411,0.2726668447892598,reciprocal_rank_fusion_k=60
193,Q0,FR89127-0005,412,0.2713255546020069,reciprocal_rank_fusion_k=60
193,Q0,WSJ910617-0166,413,0.2707670853200356,reciprocal_rank_fusion_k=60
193,Q0,ZF107-955-938,414,0.27026370730734267,reciprocal_rank_fusion_k=60
193,Q0,WSJ920312-0118,415,0.2700007916804786,reciprocal_rank_fusion_k=60
193,Q0,AP881006-0245,416,0.2689975757085209,reciprocal_rank_fusion_k=60
193,Q0,WSJ871105-0116,417,0.26871196795914754,reciprocal_rank_fusion_k=60
193,Q0,AP891209-0073,418,0.26803824967877404,reciprocal_rank_fusion_k=60
193,Q0,AP891214-0136,419,0.26589615390317456,reciprocal_rank_fusion_k=60
193,Q0,AP880309-0207,420,0.2655980622883524,reciprocal_rank_fusion_k=60
193,Q0,WSJ881109-0169,421,0.265157573732139,reciprocal_rank_fusion_k=60
193,Q0,AP891104-0022,422,0.2648425357872097,reciprocal_rank_fusion_k=60
193,Q0,WSJ870601-0070,423,0.26478502096113987,reciprocal_rank_fusion_k=60
193,Q0,AP890119-0166,424,0.26430630342120587,reciprocal_rank_fusion_k=60
193,Q0,AP890110-0309,425,0.26422952652406945,reciprocal_rank_fusion_k=60
193,Q0,AP881222-0247,426,0.26345380234209775,reciprocal_rank_fusion_k=60
193,Q0,WSJ871123-0122,427,0.2633241050861799,reciprocal_rank_fusion_k=60
193,Q0,WSJ900430-0159,428,0.26039806864481135,reciprocal_rank_fusion_k=60
193,Q0,WSJ870108-0112,429,0.2595380242318486,reciprocal_rank_fusion_k=60
193,Q0,WSJ880810-0090,430,0.2583672408052822,reciprocal_rank_fusion_k=60
193,Q0,FR891003-0133,431,0.2580543683223789,reciprocal_rank_fusion_k=60
193,Q0,WSJ910510-0088,432,0.2580152716170053,reciprocal_rank_fusion_k=60
193,Q0,AP890818-0006,433,0.2579301572875505,reciprocal_rank_fusion_k=60
193,Q0,AP890215-0137,434,0.25731494631187013,reciprocal_rank_fusion_k=60
193,Q0,WSJ880415-0055,435,0.25577991183228066,reciprocal_rank_fusion_k=60
193,Q0,AP890725-0022,436,0.2548556896561899,reciprocal_rank_fusion_k=60
193,Q0,ZF108-034-210,437,0.2547153235999536,reciprocal_rank_fusion_k=60
193,Q0,AP890731-0106,438,0.25431899046114,reciprocal_rank_fusion_k=60
193,Q0,WSJ880204-0137,439,0.2532599858841349,reciprocal_rank_fusion_k=60
193,Q0,DOE1-66-0110,440,0.2530132362784595,reciprocal_rank_fusion_k=60
193,Q0,WSJ900501-0166,441,0.2508568976291971,reciprocal_rank_fusion_k=60
193,Q0,AP890101-0019,442,0.2507846670775847,reciprocal_rank_fusion_k=60
193,Q0,WSJ870728-0077,443,0.25053447700278514,reciprocal_rank_fusion_k=60
193,Q0,WSJ861215-0025,444,0.24989889838872492,reciprocal_rank_fusion_k=60
193,Q0,WSJ910125-0085,445,0.24726212206125706,reciprocal_rank_fusion_k=60
193,Q0,WSJ870605-0017,446,0.24702238587055594,reciprocal_rank_fusion_k=60
193,Q0,AP891216-0141,447,0.24682596482042116,reciprocal_rank_fusion_k=60
193,Q0,WSJ900813-0074,448,0.24556984715346558,reciprocal_rank_fusion_k=60
193,Q0,FR881020-0040,449,0.24527662042462803,reciprocal_rank_fusion_k=60
193,Q0,DOE2-82-0808,450,0.24507354853024355,reciprocal_rank_fusion_k=60
193,Q0,WSJ871224-0072,451,0.24496562264133134,reciprocal_rank_fusion_k=60
193,Q0,AP881120-0014,452,0.2448512721624093,reciprocal_rank_fusion_k=60
193,Q0,WSJ880804-0154,453,0.2431019314812632,reciprocal_rank_fusion_k=60
193,Q0,WSJ870514-0100,454,0.2430576364516526,reciprocal_rank_fusion_k=60
193,Q0,AP890524-0185,455,0.24254504714044764,reciprocal_rank_fusion_k=60
193,Q0,WSJ900531-0089,456,0.24234027721565865,reciprocal_rank_fusion_k=60
193,Q0,WSJ890823-0110,457,0.24227610032725574,reciprocal_rank_fusion_k=60
193,Q0,WSJ870512-0061,458,0.24140792478501283,reciprocal_rank_fusion_k=60
193,Q0,WSJ880114-0073,459,0.24128204898834346,reciprocal_rank_fusion_k=60
193,Q0,FR89306-0097,460,0.24121267988287887,reciprocal_rank_fusion_k=60
193,Q0,AP890802-0165,461,0.24118904175792283,reciprocal_rank_fusion_k=60
193,Q0,WSJ900821-0074,462,0.2406757143723293,reciprocal_rank_fusion_k=60
193,Q0,AP891118-0038,463,0.24040287142428113,reciprocal_rank_fusion_k=60
193,Q0,WSJ881117-0044,464,0.2404007412163031,reciprocal_rank_fusion_k=60
193,Q0,WSJ900718-0134,465,0.23999182983472178,reciprocal_rank_fusion_k=60
193,Q0,ZF109-519-203,466,0.2383901693375522,reciprocal_rank_fusion_k=60
193,Q0,AP880510-0137,467,0.23819960736230622,reciprocal_rank_fusion_k=60
193,Q0,AP880609-0270,468,0.23746839468268383,reciprocal_rank_fusion_k=60
193,Q0,AP880615-0061,469,0.23739981423639148,reciprocal_rank_fusion_k=60
193,Q0,WSJ900713-0087,470,0.23731022180150013,reciprocal_rank_fusion_k=60
193,Q0,AP881108-0059,471,0.23619192264223518,reciprocal_rank_fusion_k=60
193,Q0,AP880315-0012,472,0.23617061257267333,reciprocal_rank_fusion_k=60
193,Q0,WSJ861211-0048,473,0.23611056466714347,reciprocal_rank_fusion_k=60
193,Q0,WSJ880524-0027,474,0.23568231488297214,reciprocal_rank_fusion_k=60
193,Q0,FR88825-0049,475,0.2355052842299205,reciprocal_rank_fusion_k=60
193,Q0,AP891026-0043,476,0.2354628388555957,reciprocal_rank_fusion_k=60
193,Q0,WSJ910920-0080,477,0.2354176711459628,reciprocal_rank_fusion_k=60
193,Q0,AP880903-0077,478,0.23526715970172457,reciprocal_rank_fusion_k=60
193,Q0,WSJ871231-0079,479,0.23490672014417702,reciprocal_rank_fusion_k=60
193,Q0,WSJ910426-0067,480,0.23404625993032466,reciprocal_rank_fusion_k=60
193,Q0,AP881107-0005,481,0.23343656208303032,reciprocal_rank_fusion_k=60
193,Q0,WSJ880211-0045,482,0.23293189208539147,reciprocal_rank_fusion_k=60
193,Q0,FR89821-0058,483,0.23203128476411783,reciprocal_rank_fusion_k=60
193,Q0,AP881226-0043,484,0.23199358041504126,reciprocal_rank_fusion_k=60
193,Q0,WSJ911113-0063,485,0.23163671840587963,reciprocal_rank_fusion_k=60
193,Q0,AP891219-0087,486,0.23088025110815177,reciprocal_rank_fusion_k=60
193,Q0,DOE1-01-1015,487,0.23045077973272804,reciprocal_rank_fusion_k=60
193,Q0,AP881129-0106,488,0.23043738032349986,reciprocal_rank_fusion_k=60
193,Q0,WSJ910610-0143,489,0.23038832183257293,reciprocal_rank_fusion_k=60
193,Q0,WSJ871112-0010,490,0.2294707647071047,reciprocal_rank_fusion_k=60
193,Q0,AP890831-0218,491,0.2294111984055082,reciprocal_rank_fusion_k=60
193,Q0,DOE2-84-0259,492,0.22719689272598245,reciprocal_rank_fusion_k=60
193,Q0,WSJ870428-0066,493,0.22691152412654442,reciprocal_rank_fusion_k=60
193,Q0,AP880518-0236,494,0.22647394449481575,reciprocal_rank_fusion_k=60
193,Q0,AP880703-0048,495,0.2254547640177098,reciprocal_rank_fusion_k=60
193,Q0,AP880615-0134,496,0.22520516533063092,reciprocal_rank_fusion_k=60
193,Q0,AP890424-0168,497,0.22429453941347738,reciprocal_rank_fusion_k=60
193,Q0,WSJ900712-0019,498,0.2232570340189716,reciprocal_rank_fusion_k=60
193,Q0,WSJ870708-0110,499,0.2228114093436601,reciprocal_rank_fusion_k=60
193,Q0,AP881007-0056,500,0.222704534734952,reciprocal_rank_fusion_k=60
193,Q0,AP891207-0174,501,0.22216336635618913,reciprocal_rank_fusion_k=60
193,Q0,AP890602-0184,502,0.22210682065038873,reciprocal_rank_fusion_k=60
193,Q0,WSJ871118-0012,503,0.2213446531079705,reciprocal_rank_fusion_k=60
193,Q0,WSJ911010-0066,504,0.22123292157472804,reciprocal_rank_fusion_k=60
193,Q0,WSJ910830-0075,505,0.22116212405947516,reciprocal_rank_fusion_k=60
193,Q0,AP880621-0287,506,0.22096357181341245,reciprocal_rank_fusion_k=60
193,Q0,WSJ910627-0011,507,0.22013061086315033,reciprocal_rank_fusion_k=60
193,Q0,DOE1-78-0433,508,0.21928092323512902,reciprocal_rank_fusion_k=60
193,Q0,DOE2-11-1023,509,0.21885869342447198,reciprocal_rank_fusion_k=60
193,Q0,ZF108-637-702,510,0.21874884720904353,reciprocal_rank_fusion_k=60
193,Q0,WSJ870317-0096,511,0.21771379510336686,reciprocal_rank_fusion_k=60
193,Q0,WSJ870513-0058,512,0.21707639599231385,reciprocal_rank_fusion_k=60
193,Q0,AP880518-0366,513,0.21569747666602088,reciprocal_rank_fusion_k=60
193,Q0,AP890602-0276,514,0.21437145834669522,reciprocal_rank_fusion_k=60
193,Q0,AP891106-0231,515,0.214309745128149,reciprocal_rank_fusion_k=60
193,Q0,WSJ910506-0093,516,0.21394932044416717,reciprocal_rank_fusion_k=60
193,Q0,AP890525-0165,517,0.21366396690161407,reciprocal_rank_fusion_k=60
193,Q0,AP880624-0229,518,0.21358370865940596,reciprocal_rank_fusion_k=60
193,Q0,WSJ870512-0019,519,0.21306540416250674,reciprocal_rank_fusion_k=60
193,Q0,AP880421-0025,520,0.2127743874814511,reciprocal_rank_fusion_k=60
193,Q0,ZF108-234-664,521,0.2125373708694495,reciprocal_rank_fusion_k=60
193,Q0,WSJ910117-0079,522,0.21247521522644097,reciprocal_rank_fusion_k=60
193,Q0,AP880303-0356,523,0.21163436220783535,reciprocal_rank_fusion_k=60
193,Q0,AP891225-0025,524,0.21091342789227982,reciprocal_rank_fusion_k=60
193,Q0,AP880519-0130,525,0.21057103393835483,reciprocal_rank_fusion_k=60
193,Q0,AP890531-0251,526,0.21034593532001927,reciprocal_rank_fusion_k=60
193,Q0,WSJ880226-0088,527,0.21022457406580672,reciprocal_rank_fusion_k=60
193,Q0,WSJ911203-0019,528,0.2101506234681715,reciprocal_rank_fusion_k=60
193,Q0,DOE1-11-0243,529,0.2097553866320274,reciprocal_rank_fusion_k=60
193,Q0,AP890228-0172,530,0.2097021052604497,reciprocal_rank_fusion_k=60
193,Q0,WSJ910702-0131,531,0.2092331816004123,reciprocal_rank_fusion_k=60
193,Q0,AP890209-0165,532,0.2088384978946002,reciprocal_rank_fusion_k=60
193,Q0,AP881031-0056,533,0.20872950730351958,reciprocal_rank_fusion_k=60
193,Q0,WSJ900607-0117,534,0.20781381797203122,reciprocal_rank_fusion_k=60
193,Q0,ZF108-065-312,535,0.20779064966894256,reciprocal_rank_fusion_k=60
193,Q0,AP890317-0232,536,0.20757913399407846,reciprocal_rank_fusion_k=60
193,Q0,FR88610-0153,537,0.20721321408781596,reciprocal_rank_fusion_k=60
193,Q0,WSJ870220-0100,538,0.2068782432904813,reciprocal_rank_fusion_k=60
193,Q0,WSJ900503-0092,539,0.2063437934838536,reciprocal_rank_fusion_k=60
193,Q0,WSJ871019-0075,540,0.20633304587466714,reciprocal_rank_fusion_k=60
193,Q0,WSJ900605-0104,541,0.2055107853876839,reciprocal_rank_fusion_k=60
193,Q0,WSJ910409-0044,542,0.2054537531962506,reciprocal_rank_fusion_k=60
193,Q0,WSJ910423-0156,543,0.20520250569640167,reciprocal_rank_fusion_k=60
193,Q0,AP891020-0048,544,0.20510264368185743,reciprocal_rank_fusion_k=60
193,Q0,WSJ911114-0166,545,0.2047067296794725,reciprocal_rank_fusion_k=60
193,Q0,AP890104-0012,546,0.2046858229017629,reciprocal_rank_fusion_k=60
193,Q0,WSJ920305-0107,547,0.2046213453902029,reciprocal_rank_fusion_k=60
193,Q0,WSJ880425-0032,548,0.20368553287031085,reciprocal_rank_fusion_k=60
193,Q0,AP890911-0239,549,0.20322038391645297,reciprocal_rank_fusion_k=60
193,Q0,AP890509-0223,550,0.20293945376141986,reciprocal_rank_fusion_k=60
193,Q0,WSJ920207-0018,551,0.20213093077329158,reciprocal_rank_fusion_k=60
193,Q0,AP881221-0133,552,0.20175022817405114,reciprocal_rank_fusion_k=60
193,Q0,WSJ880128-0043,553,0.20109150349974775,reciprocal_rank_fusion_k=60
193,Q0,FR88912-0059,554,0.20090025710757636,reciprocal_rank_fusion_k=60
193,Q0,WSJ870729-0041,555,0.20064692088819638,reciprocal_rank_fusion_k=60
193,Q0,AP890525-0035,556,0.20038436179514846,reciprocal_rank_fusion_k=60
193,Q0,WSJ920312-0083,557,0.20019094002610338,reciprocal_rank_fusion_k=60
193,Q0,WSJ920205-0108,558,0.20014339202708206,reciprocal_rank_fusion_k=60
193,Q0,AP890706-0277,559,0.1999915474998419,reciprocal_rank_fusion_k=60
193,Q0,FR88211-0286,560,0.19998379625004956,reciprocal_rank_fusion_k=60
193,Q0,WSJ920116-0101,561,0.19968479537837056,reciprocal_rank_fusion_k=60
193,Q0,WSJ861215-0125,562,0.19930812629717906,reciprocal_rank_fusion_k=60
193,Q0,AP881108-0251,563,0.19900481014815596,reciprocal_rank_fusion_k=60
193,Q0,AP891103-0166,564,0.19862888796961056,reciprocal_rank_fusion_k=60
193,Q0,WSJ910430-0036,565,0.1980664626267488,reciprocal_rank_fusion_k=60
193,Q0,WSJ900403-0062,566,0.1977542250805493,reciprocal_rank_fusion_k=60
193,Q0,WSJ900607-0083,567,0.19701873030271638,reciprocal_rank_fusion_k=60
193,Q0,AP890214-0251,568,0.19662313427478573,reciprocal_rank_fusion_k=60
193,Q0,AP891208-0043,569,0.19653705518649986,reciprocal_rank_fusion_k=60
193,Q0,WSJ910121-0013,570,0.19334390913911237,reciprocal_rank_fusion_k=60
193,Q0,AP880523-0062,571,0.19331428018556057,reciprocal_rank_fusion_k=60
193,Q0,AP880517-0011,572,0.19300686057801208,reciprocal_rank_fusion_k=60
193,Q0,AP891216-0160,573,0.19279965895333312,reciprocal_rank_fusion_k=60
193,Q0,AP881105-0028,574,0.1926532092317826,reciprocal_rank_fusion_k=60
193,Q0,AP890515-0182,575,0.19244919166854726,reciprocal_rank_fusion_k=60
193,Q0,FR89112-0027,576,0.19184130586197,reciprocal_rank_fusion_k=60
193,Q0,AP890427-0161,577,0.19016633233706257,reciprocal_rank_fusion_k=60
193,Q0,WSJ910115-0132,578,0.19007671294578396,reciprocal_rank_fusion_k=60
193,Q0,WSJ870303-0155,579,0.189094859571117,reciprocal_rank_fusion_k=60
193,Q0,FR88517-0005,580,0.18878531235579052,reciprocal_rank_fusion_k=60
193,Q0,WSJ900810-0119,581,0.18859615107518704,reciprocal_rank_fusion_k=60
193,Q0,WSJ880920-0102,582,0.1884248703279423,reciprocal_rank_fusion_k=60
193,Q0,AP891102-0248,583,0.18794392159601925,reciprocal_rank_fusion_k=60
193,Q0,WSJ910726-0002,584,0.18777440635924095,reciprocal_rank_fusion_k=60
193,Q0,WSJ910410-0102,585,0.18760697333170934,reciprocal_rank_fusion_k=60
193,Q0,WSJ911023-0163,586,0.18725115489456423,reciprocal_rank_fusion_k=60
193,Q0,AP881129-0019,587,0.18700473678426285,reciprocal_rank_fusion_k=60
193,Q0,WSJ920220-0103,588,0.18662324864322322,reciprocal_rank_fusion_k=60
193,Q0,AP891216-0076,589,0.18655168837322184,reciprocal_rank_fusion_k=60
193,Q0,AP890222-0189,590,0.1862286882668447,reciprocal_rank_fusion_k=60
193,Q0,WSJ880527-0016,591,0.18523957599714846,reciprocal_rank_fusion_k=60
193,Q0,WSJ890804-0087,592,0.18518760903958603,reciprocal_rank_fusion_k=60
193,Q0,AP881028-0206,593,0.18507928918079455,reciprocal_rank_fusion_k=60
193,Q0,AP881123-0115,594,0.1850560929306935,reciprocal_rank_fusion_k=60
193,Q0,AP891026-0254,595,0.18503072893170106,reciprocal_rank_fusion_k=60
193,Q0,AP890417-0103,596,0.1847653859951166,reciprocal_rank_fusion_k=60
193,Q0,ZF108-679-228,597,0.18430421309826234,reciprocal_rank_fusion_k=60
193,Q0,WSJ891004-0104,598,0.18420395590053554,reciprocal_rank_fusion_k=60
193,Q0,FR881020-0011,599,0.1832216672703954,reciprocal_rank_fusion_k=60
193,Q0,AP890613-0036,600,0.18311019109132393,reciprocal_rank_fusion_k=60
193,Q0,WSJ880609-0113,601,0.18286599623177427,reciprocal_rank_fusion_k=60
193,Q0,WSJ881005-0103,602,0.18262545246104203,reciprocal_rank_fusion_k=60
193,Q0,FR89119-0111,603,0.18235184198431625,reciprocal_rank_fusion_k=60
193,Q0,WSJ910618-0052,604,0.1821819082972843,reciprocal_rank_fusion_k=60
193,Q0,AP890219-0003,605,0.18183043747876743,reciprocal_rank_fusion_k=60
193,Q0,AP880218-0029,606,0.1812666565567591,reciprocal_rank_fusion_k=60
193,Q0,WSJ911016-0139,607,0.1810777730611053,reciprocal_rank_fusion_k=60
193,Q0,AP880507-0044,608,0.180752051964475,reciprocal_rank_fusion_k=60
193,Q0,WSJ880630-0079,609,0.18065907956883084,reciprocal_rank_fusion_k=60
193,Q0,WSJ871208-0016,610,0.18065577739315328,reciprocal_rank_fusion_k=60
193,Q0,WSJ880621-0105,611,0.1802935715398569,reciprocal_rank_fusion_k=60
193,Q0,AP890612-0248,612,0.18024032737293502,reciprocal_rank_fusion_k=60
193,Q0,FR89505-0012,613,0.18001557786590783,reciprocal_rank_fusion_k=60
193,Q0,AP891111-0004,614,0.17976576083065926,reciprocal_rank_fusion_k=60
193,Q0,WSJ870127-0024,615,0.17945649152888776,reciprocal_rank_fusion_k=60
193,Q0,AP881209-0188,616,0.17915468965623618,reciprocal_rank_fusion_k=60
193,Q0,AP881017-0075,617,0.17896365233217357,reciprocal_rank_fusion_k=60
193,Q0,WSJ870615-0108,618,0.1784954753685021,reciprocal_rank_fusion_k=60
193,Q0,AP890607-0218,619,0.17775185319992398,reciprocal_rank_fusion_k=60
193,Q0,FR89925-0031,620,0.17770265729071866,reciprocal_rank_fusion_k=60
193,Q0,WSJ891005-0044,621,0.17629772866598045,reciprocal_rank_fusion_k=60
193,Q0,WSJ910905-0062,622,0.17611046793380142,reciprocal_rank_fusion_k=60
193,Q0,WSJ880415-0071,623,0.17602474256086884,reciprocal_rank_fusion_k=60
193,Q0,WSJ880210-0066,624,0.17591680348796804,reciprocal_rank_fusion_k=60
193,Q0,AP880927-0304,625,0.17550037915079456,reciprocal_rank_fusion_k=60
193,Q0,WSJ911204-0037,626,0.17526239597831506,reciprocal_rank_fusion_k=60
193,Q0,WSJ890810-0071,627,0.17519764197239596,reciprocal_rank_fusion_k=60
193,Q0,WSJ871221-0019,628,0.1749910459705868,reciprocal_rank_fusion_k=60
193,Q0,AP891019-0314,629,0.17498430955066352,reciprocal_rank_fusion_k=60
193,Q0,AP880725-0265,630,0.17444437906121402,reciprocal_rank_fusion_k=60
193,Q0,WSJ880707-0109,631,0.17437266088750564,reciprocal_rank_fusion_k=60
193,Q0,ZF108-547-176,632,0.17399255192738744,reciprocal_rank_fusion_k=60
193,Q0,WSJ900716-0144,633,0.1739507187004321,reciprocal_rank_fusion_k=60
193,Q0,WSJ920303-0072,634,0.1737040372813065,reciprocal_rank_fusion_k=60
193,Q0,WSJ880506-0003,635,0.17360087085854317,reciprocal_rank_fusion_k=60
193,Q0,WSJ920108-0019,636,0.1735445839508522,reciprocal_rank_fusion_k=60
193,Q0,WSJ900831-0073,637,0.17353899301461845,reciprocal_rank_fusion_k=60
193,Q0,WSJ911210-0001,638,0.17319867949146833,reciprocal_rank_fusion_k=60
193,Q0,AP880526-0043,639,0.17294686498740042,reciprocal_rank_fusion_k=60
193,Q0,WSJ910621-0034,640,0.17226050044607288,reciprocal_rank_fusion_k=60
193,Q0,WSJ920317-0032,641,0.1722290615886284,reciprocal_rank_fusion_k=60
193,Q0,WSJ871130-0050,642,0.17206484479834458,reciprocal_rank_fusion_k=60
193,Q0,WSJ870812-0090,643,0.17206184159098026,reciprocal_rank_fusion_k=60
193,Q0,FR88517-0125,644,0.17201488601005796,reciprocal_rank_fusion_k=60
193,Q0,AP880614-0107,645,0.17157075855292742,reciprocal_rank_fusion_k=60
193,Q0,AP880330-0262,646,0.17149239267659744,reciprocal_rank_fusion_k=60
193,Q0,WSJ880831-0143,647,0.1713292108201759,reciprocal_rank_fusion_k=60
193,Q0,AP890721-0025,648,0.17118029077679858,reciprocal_rank_fusion_k=60
193,Q0,AP891107-0104,649,0.1710336078813474,reciprocal_rank_fusion_k=60
193,Q0,AP890724-0143,650,0.17057298520423164,reciprocal_rank_fusion_k=60
193,Q0,AP890307-0114,651,0.16918510143892895,reciprocal_rank_fusion_k=60
193,Q0,AP891113-0056,652,0.169100356664342,reciprocal_rank_fusion_k=60
193,Q0,FR89313-0041,653,0.16909070944552668,reciprocal_rank_fusion_k=60
193,Q0,WSJ880919-0038,654,0.16871570653204512,reciprocal_rank_fusion_k=60
193,Q0,WSJ870805-0061,655,0.16835865661812072,reciprocal_rank_fusion_k=60
193,Q0,AP891215-0029,656,0.16834857423412614,reciprocal_rank_fusion_k=60
193,Q0,FR891127-0010,657,0.16782372120589217,reciprocal_rank_fusion_k=60
193,Q0,AP890907-0017,658,0.16779888765616482,reciprocal_rank_fusion_k=60
193,Q0,WSJ900511-0166,659,0.16768242967648214,reciprocal_rank_fusion_k=60
193,Q0,AP890119-0260,660,0.16759790886584458,reciprocal_rank_fusion_k=60
193,Q0,AP880614-0185,661,0.1675247822296126,reciprocal_rank_fusion_k=60
193,Q0,AP890120-0018,662,0.16720534142229226,reciprocal_rank_fusion_k=60
193,Q0,AP890917-0083,663,0.16709948948664935,reciprocal_rank_fusion_k=60
193,Q0,FR89516-0135,664,0.16613416979751416,reciprocal_rank_fusion_k=60
193,Q0,AP891120-0116,665,0.16591548297276135,reciprocal_rank_fusion_k=60
193,Q0,AP891220-0281,666,0.16560307687388565,reciprocal_rank_fusion_k=60
193,Q0,AP890222-0236,667,0.1649732135179149,reciprocal_rank_fusion_k=60
193,Q0,WSJ871207-0098,668,0.16427308003128926,reciprocal_rank_fusion_k=60
193,Q0,AP881121-0232,669,0.164148990530921,reciprocal_rank_fusion_k=60
193,Q0,WSJ910215-0169,670,0.16383039847474956,reciprocal_rank_fusion_k=60
193,Q0,AP891025-0247,671,0.1637985609718056,reciprocal_rank_fusion_k=60
193,Q0,AP890317-0130,672,0.16373550206513385,reciprocal_rank_fusion_k=60
193,Q0,AP890208-0181,673,0.16324036308489642,reciprocal_rank_fusion_k=60
193,Q0,AP891016-0233,674,0.16311343698530206,reciprocal_rank_fusion_k=60
193,Q0,AP891118-0131,675,0.16307067917838813,reciprocal_rank_fusion_k=60
193,Q0,WSJ861224-0025,676,0.162926068578795,reciprocal_rank_fusion_k=60
193,Q0,AP890307-0055,677,0.16183423881305545,reciprocal_rank_fusion_k=60
193,Q0,AP881125-0241,678,0.16147722237773873,reciprocal_rank_fusion_k=60
193,Q0,WSJ900813-0153,679,0.16094090427919325,reciprocal_rank_fusion_k=60
193,Q0,AP890517-0036,680,0.15921767011695706,reciprocal_rank_fusion_k=60
193,Q0,WSJ900925-0156,681,0.15911250133612304,reciprocal_rank_fusion_k=60
193,Q0,ZF108-276-916,682,0.15905544736828175,reciprocal_rank_fusion_k=60
193,Q0,AP880816-0303,683,0.15897332439585093,reciprocal_rank_fusion_k=60
193,Q0,WSJ900425-0178,684,0.15873175996370645,reciprocal_rank_fusion_k=60
193,Q0,AP880429-0231,685,0.158614167490409,reciprocal_rank_fusion_k=60
193,Q0,WSJ910214-0017,686,0.15851255423725552,reciprocal_rank_fusion_k=60
193,Q0,AP881117-0161,687,0.15840325253062323,reciprocal_rank_fusion_k=60
193,Q0,AP880927-0182,688,0.1583203643226638,reciprocal_rank_fusion_k=60
193,Q0,FR88225-0043,689,0.15755878141831248,reciprocal_rank_fusion_k=60
193,Q0,AP891216-0084,690,0.1574569851099183,reciprocal_rank_fusion_k=60
193,Q0,WSJ911230-0025,691,0.15735532287733292,reciprocal_rank_fusion_k=60
193,Q0,AP881218-0035,692,0.15722191425661408,reciprocal_rank_fusion_k=60
193,Q0,WSJ870720-0111,693,0.1572078639652351,reciprocal_rank_fusion_k=60
193,Q0,WSJ900531-0065,694,0.15714872945055242,reciprocal_rank_fusion_k=60
193,Q0,AP880711-0236,695,0.15634541095546808,reciprocal_rank_fusion_k=60
193,Q0,WSJ900709-0039,696,0.15595068891515748,reciprocal_rank_fusion_k=60
193,Q0,ZF108-496-872,697,0.15589538663607944,reciprocal_rank_fusion_k=60
193,Q0,FR88607-0110,698,0.15588466831944442,reciprocal_rank_fusion_k=60
193,Q0,AP881031-0287,699,0.15587293534453558,reciprocal_rank_fusion_k=60
193,Q0,AP891117-0110,700,0.15579461095667785,reciprocal_rank_fusion_k=60
193,Q0,AP881029-0140,701,0.15563991123094367,reciprocal_rank_fusion_k=60
193,Q0,AP880330-0263,702,0.15552107624220562,reciprocal_rank_fusion_k=60
193,Q0,WSJ910709-0055,703,0.15477103931549263,reciprocal_rank_fusion_k=60
193,Q0,WSJ920113-0029,704,0.1547291875298128,reciprocal_rank_fusion_k=60
193,Q0,AP891124-0228,705,0.15471373547726316,reciprocal_rank_fusion_k=60
193,Q0,AP891205-0005,706,0.15456116508209247,reciprocal_rank_fusion_k=60
193,Q0,WSJ910821-0041,707,0.15422367603388765,reciprocal_rank_fusion_k=60
193,Q0,WSJ911107-0117,708,0.15365272352310755,reciprocal_rank_fusion_k=60
193,Q0,WSJ880517-0118,709,0.15344427457369414,reciprocal_rank_fusion_k=60
193,Q0,WSJ870602-0004,710,0.15287835914495623,reciprocal_rank_fusion_k=60
193,Q0,WSJ870917-0008,711,0.15256632012451987,reciprocal_rank_fusion_k=60
193,Q0,WSJ870629-0153,712,0.15239091079460843,reciprocal_rank_fusion_k=60
193,Q0,AP880418-0251,713,0.15196441068976954,reciprocal_rank_fusion_k=60
193,Q0,WSJ871019-0068,714,0.15165044660291024,reciprocal_rank_fusion_k=60
193,Q0,AP881116-0166,715,0.15029167045938785,reciprocal_rank_fusion_k=60
193,Q0,AP881005-0171,716,0.15003060720264233,reciprocal_rank_fusion_k=60
193,Q0,FR881020-0042,717,0.15001872300327085,reciprocal_rank_fusion_k=60
193,Q0,AP880322-0022,718,0.149979595696029,reciprocal_rank_fusion_k=60
193,Q0,AP881021-0041,719,0.14977675318882216,reciprocal_rank_fusion_k=60
193,Q0,WSJ880623-0083,720,0.14952355480427806,reciprocal_rank_fusion_k=60
193,Q0,AP890516-0039,721,0.149104452658427,reciprocal_rank_fusion_k=60
193,Q0,AP890403-0102,722,0.1488125579684962,reciprocal_rank_fusion_k=60
193,Q0,AP880408-0012,723,0.14864145704629975,reciprocal_rank_fusion_k=60
193,Q0,AP881228-0179,724,0.14862845152810797,reciprocal_rank_fusion_k=60
193,Q0,AP890706-0241,725,0.14816894342903564,reciprocal_rank_fusion_k=60
193,Q0,WSJ870212-0143,726,0.14771957118948845,reciprocal_rank_fusion_k=60
193,Q0,AP891029-0077,727,0.14765570666268976,reciprocal_rank_fusion_k=60
193,Q0,FR89605-0033,728,0.1475857527693083,reciprocal_rank_fusion_k=60
193,Q0,WSJ880201-0127,729,0.14651809944445876,reciprocal_rank_fusion_k=60
193,Q0,FR89303-0030,730,0.1465156681795115,reciprocal_rank_fusion_k=60
193,Q0,AP891213-0196,731,0.1462752084445595,reciprocal_rank_fusion_k=60
193,Q0,WSJ880519-0082,732,0.1457231624419592,reciprocal_rank_fusion_k=60
193,Q0,WSJ891031-0126,733,0.14513788872280983,reciprocal_rank_fusion_k=60
193,Q0,WSJ911202-0058,734,0.14504472061569493,reciprocal_rank_fusion_k=60
193,Q0,AP880721-0291,735,0.14457280510877651,reciprocal_rank_fusion_k=60
193,Q0,AP880310-0056,736,0.14416914325174243,reciprocal_rank_fusion_k=60
193,Q0,WSJ910424-0185,737,0.14403102042654128,reciprocal_rank_fusion_k=60
193,Q0,WSJ900510-0082,738,0.14371996562682238,reciprocal_rank_fusion_k=60
193,Q0,AP890810-0019,739,0.14288723090910993,reciprocal_rank_fusion_k=60
193,Q0,WSJ900613-0135,740,0.14237728521059684,reciprocal_rank_fusion_k=60
193,Q0,AP880616-0023,741,0.14230613710074097,reciprocal_rank_fusion_k=60
193,Q0,FR891026-0131,742,0.1417973159542987,reciprocal_rank_fusion_k=60
193,Q0,AP880326-0121,743,0.14140126036936607,reciprocal_rank_fusion_k=60
193,Q0,WSJ900627-0108,744,0.14115338703515945,reciprocal_rank_fusion_k=60
193,Q0,WSJ900508-0118,745,0.14095593219676006,reciprocal_rank_fusion_k=60
193,Q0,WSJ880531-0031,746,0.14086816530193952,reciprocal_rank_fusion_k=60
193,Q0,WSJ880817-0049,747,0.1408286892924613,reciprocal_rank_fusion_k=60
193,Q0,AP891030-0109,748,0.1404744007374818,reciprocal_rank_fusion_k=60
193,Q0,AP880719-0263,749,0.139972617230019,reciprocal_rank_fusion_k=60
193,Q0,FR89104-0058,750,0.13978441902847383,reciprocal_rank_fusion_k=60
193,Q0,AP880519-0207,751,0.1397475058315661,reciprocal_rank_fusion_k=60
193,Q0,WSJ911017-0145,752,0.1396093325727772,reciprocal_rank_fusion_k=60
193,Q0,WSJ900518-0131,753,0.13959616805410074,reciprocal_rank_fusion_k=60
193,Q0,WSJ910605-0030,754,0.13951293243849708,reciprocal_rank_fusion_k=60
193,Q0,AP891027-0032,755,0.13938238178873183,reciprocal_rank_fusion_k=60
193,Q0,AP880401-0343,756,0.13868129318806705,reciprocal_rank_fusion_k=60
193,Q0,WSJ910621-0010,757,0.13867155218609967,reciprocal_rank_fusion_k=60
193,Q0,WSJ870901-0031,758,0.1383536531341497,reciprocal_rank_fusion_k=60
193,Q0,AP890406-0213,759,0.13833328562811592,reciprocal_rank_fusion_k=60
193,Q0,AP890221-0310,760,0.13825684906499228,reciprocal_rank_fusion_k=60
193,Q0,WSJ910909-0046,761,0.13825209065178218,reciprocal_rank_fusion_k=60
193,Q0,AP890403-0101,762,0.1381847662010767,reciprocal_rank_fusion_k=60
193,Q0,WSJ880216-0102,763,0.13803557169879113,reciprocal_rank_fusion_k=60
193,Q0,ZF207-411-324,764,0.13792982808206877,reciprocal_rank_fusion_k=60
193,Q0,WSJ900920-0055,765,0.1378912967008378,reciprocal_rank_fusion_k=60
193,Q0,WSJ900625-0132,766,0.13763878687984757,reciprocal_rank_fusion_k=60
193,Q0,WSJ911107-0162,767,0.13763806335433137,reciprocal_rank_fusion_k=60
193,Q0,AP890607-0041,768,0.13759849638429178,reciprocal_rank_fusion_k=60
193,Q0,AP890425-0031,769,0.13743699237208365,reciprocal_rank_fusion_k=60
193,Q0,AP880422-0123,770,0.13681917079209543,reciprocal_rank_fusion_k=60
193,Q0,AP880720-0166,771,0.13665755706953758,reciprocal_rank_fusion_k=60
193,Q0,AP890713-0153,772,0.13646032255035664,reciprocal_rank_fusion_k=60
193,Q0,WSJ900515-0042,773,0.13623588435958905,reciprocal_rank_fusion_k=60
193,Q0,WSJ870720-0058,774,0.1361644819189887,reciprocal_rank_fusion_k=60
193,Q0,AP890412-0125,775,0.13605490357994102,reciprocal_rank_fusion_k=60
193,Q0,WSJ910514-0105,776,0.13572874445720956,reciprocal_rank_fusion_k=60
193,Q0,AP880426-0148,777,0.13561018539947783,reciprocal_rank_fusion_k=60
193,Q0,WSJ890801-0090,778,0.13551094948411643,reciprocal_rank_fusion_k=60
193,Q0,WSJ920108-0032,779,0.13518998334184198,reciprocal_rank_fusion_k=60
193,Q0,WSJ900822-0067,780,0.13514174718552555,reciprocal_rank_fusion_k=60
193,Q0,FR88808-0043,781,0.13493691328200746,reciprocal_rank_fusion_k=60
193,Q0,WSJ890912-0051,782,0.1348281006372333,reciprocal_rank_fusion_k=60
193,Q0,WSJ920121-0043,783,0.13481853239960556,reciprocal_rank_fusion_k=60
193,Q0,WSJ871127-0051,784,0.13480510757845832,reciprocal_rank_fusion_k=60
193,Q0,WSJ911114-0157,785,0.13457812840739097,reciprocal_rank_fusion_k=60
193,Q0,AP880527-0186,786,0.13451651649056223,reciprocal_rank_fusion_k=60
193,Q0,FR881101-0044,787,0.1345119634550598,reciprocal_rank_fusion_k=60
193,Q0,AP891225-0024,788,0.1344471716870458,reciprocal_rank_fusion_k=60
193,Q0,WSJ870810-0097,789,0.1342326494028678,reciprocal_rank_fusion_k=60
193,Q0,AP880330-0292,790,0.13404038253210981,reciprocal_rank_fusion_k=60
193,Q0,WSJ890911-0017,791,0.13370196359812384,reciprocal_rank_fusion_k=60
193,Q0,AP880712-0258,792,0.13336621265290483,reciprocal_rank_fusion_k=60
193,Q0,AP891204-0032,793,0.13318539532334064,reciprocal_rank_fusion_k=60
193,Q0,AP890201-0062,794,0.13265584985874435,reciprocal_rank_fusion_k=60
193,Q0,AP890928-0293,795,0.1324904278847776,reciprocal_rank_fusion_k=60
193,Q0,WSJ881005-0155,796,0.13058615152258926,reciprocal_rank_fusion_k=60
193,Q0,WSJ871008-0115,797,0.13043211104900712,reciprocal_rank_fusion_k=60
193,Q0,WSJ870512-0026,798,0.13027187289202402,reciprocal_rank_fusion_k=60
193,Q0,WSJ870227-0017,799,0.13012200604855695,reciprocal_rank_fusion_k=60
193,Q0,WSJ891020-0102,800,0.12997533521994833,reciprocal_rank_fusion_k=60
193,Q0,AP890513-0078,801,0.1291448016244973,reciprocal_rank_fusion_k=60
193,Q0,WSJ870317-0019,802,0.12895762035250824,reciprocal_rank_fusion_k=60
193,Q0,AP880607-0232,803,0.1287847968642218,reciprocal_rank_fusion_k=60
193,Q0,AP880504-0351,804,0.1287733776828009,reciprocal_rank_fusion_k=60
193,Q0,FR89530-0038,805,0.12873040832981397,reciprocal_rank_fusion_k=60
193,Q0,WSJ870901-0005,806,0.12858586456655374,reciprocal_rank_fusion_k=60
193,Q0,AP891025-0148,807,0.12836745633497726,reciprocal_rank_fusion_k=60
193,Q0,AP891023-0022,808,0.1280311350094904,reciprocal_rank_fusion_k=60
193,Q0,AP890312-0033,809,0.1276403748135989,reciprocal_rank_fusion_k=60
193,Q0,AP880614-0103,810,0.1275057860567983,reciprocal_rank_fusion_k=60
193,Q0,WSJ861217-0044,811,0.12748939048525013,reciprocal_rank_fusion_k=60
193,Q0,AP881229-0039,812,0.1274779159659048,reciprocal_rank_fusion_k=60
193,Q0,AP890719-0283,813,0.12702877933027729,reciprocal_rank_fusion_k=60
193,Q0,WSJ900529-0008,814,0.1269147797261861,reciprocal_rank_fusion_k=60
193,Q0,AP891214-0170,815,0.12688591578351094,reciprocal_rank_fusion_k=60
193,Q0,AP880820-0003,816,0.12666767330754436,reciprocal_rank_fusion_k=60
193,Q0,ZF208-100-539,817,0.12655027678641284,reciprocal_rank_fusion_k=60
193,Q0,AP890411-0013,818,0.12654292592417363,reciprocal_rank_fusion_k=60
193,Q0,WSJ861202-0016,819,0.1264976400173719,reciprocal_rank_fusion_k=60
193,Q0,AP880504-0322,820,0.12621019044564952,reciprocal_rank_fusion_k=60
193,Q0,WSJ910313-0083,821,0.12614527111220647,reciprocal_rank_fusion_k=60
193,Q0,AP890531-0252,822,0.12553946353196502,reciprocal_rank_fusion_k=60
193,Q0,AP880705-0011,823,0.12501065187693114,reciprocal_rank_fusion_k=60
193,Q0,AP890223-0233,824,0.12495777262084298,reciprocal_rank_fusion_k=60
193,Q0,FR88516-0128,825,0.12463389861763088,reciprocal_rank_fusion_k=60
193,Q0,ZF107-986-030,826,0.12435083796278285,reciprocal_rank_fusion_k=60
193,Q0,WSJ880404-0038,827,0.12429776216480788,reciprocal_rank_fusion_k=60
193,Q0,AP891211-0095,828,0.1242037937866186,reciprocal_rank_fusion_k=60
193,Q0,FR881019-0053,829,0.12392747556248311,reciprocal_rank_fusion_k=60
193,Q0,WSJ880318-0154,830,0.12389289509548165,reciprocal_rank_fusion_k=60
193,Q0,WSJ890912-0119,831,0.12389154951159997,reciprocal_rank_fusion_k=60
193,Q0,AP880607-0276,832,0.12382027546638771,reciprocal_rank_fusion_k=60
193,Q0,AP890316-0110,833,0.12380729162854819,reciprocal_rank_fusion_k=60
193,Q0,AP891222-0026,834,0.12363851289626102,reciprocal_rank_fusion_k=60
193,Q0,WSJ870908-0083,835,0.12361703106073814,reciprocal_rank_fusion_k=60
193,Q0,DOE1-61-0499,836,0.1235533293980928,reciprocal_rank_fusion_k=60
193,Q0,AP891207-0207,837,0.12347467509851809,reciprocal_rank_fusion_k=60
193,Q0,AP890314-0156,838,0.12344173515520977,reciprocal_rank_fusion_k=60
193,Q0,WSJ880303-0098,839,0.1230832176372938,reciprocal_rank_fusion_k=60
193,Q0,FR88607-0109,840,0.12295399976972606,reciprocal_rank_fusion_k=60
193,Q0,WSJ871215-0098,841,0.1228146761398892,reciprocal_rank_fusion_k=60
193,Q0,WSJ881018-0122,842,0.12273608646913099,reciprocal_rank_fusion_k=60
193,Q0,AP880914-0016,843,0.12236176811096171,reciprocal_rank_fusion_k=60
193,Q0,WSJ880615-0108,844,0.12233271276416219,reciprocal_rank_fusion_k=60
193,Q0,AP890313-0186,845,0.12183292941353427,reciprocal_rank_fusion_k=60
193,Q0,WSJ911126-0089,846,0.12180378090598477,reciprocal_rank_fusion_k=60
193,Q0,WSJ920128-0048,847,0.12162861148271112,reciprocal_rank_fusion_k=60
193,Q0,FR88514-0001,848,0.12133989460346857,reciprocal_rank_fusion_k=60
193,Q0,WSJ880212-0027,849,0.12123738599807121,reciprocal_rank_fusion_k=60
193,Q0,AP890713-0059,850,0.12115365015423066,reciprocal_rank_fusion_k=60
193,Q0,WSJ871105-0088,851,0.12112640168731188,reciprocal_rank_fusion_k=60
193,Q0,AP880815-0228,852,0.12106806932553367,reciprocal_rank_fusion_k=60
193,Q0,WSJ910617-0130,853,0.12081902808748442,reciprocal_rank_fusion_k=60
193,Q0,FR89224-0150,854,0.12073948438954693,reciprocal_rank_fusion_k=60
193,Q0,WSJ880120-0135,855,0.1207291414240542,reciprocal_rank_fusion_k=60
193,Q0,DOE1-39-0925,856,0.12061181390282344,reciprocal_rank_fusion_k=60
193,Q0,WSJ910805-0054,857,0.12003382211613192,reciprocal_rank_fusion_k=60
193,Q0,AP881110-0110,858,0.11999058454276304,reciprocal_rank_fusion_k=60
193,Q0,AP891121-0137,859,0.11991743041365865,reciprocal_rank_fusion_k=60
193,Q0,WSJ910802-0069,860,0.11987922868553715,reciprocal_rank_fusion_k=60
193,Q0,WSJ911216-0106,861,0.11985021728555045,reciprocal_rank_fusion_k=60
193,Q0,AP881231-0001,862,0.11943908633812436,reciprocal_rank_fusion_k=60
193,Q0,WSJ870611-0007,863,0.11936955231372832,reciprocal_rank_fusion_k=60
193,Q0,AP890728-0275,864,0.11920687168051251,reciprocal_rank_fusion_k=60
193,Q0,WSJ890816-0082,865,0.11914126991239872,reciprocal_rank_fusion_k=60
193,Q0,WSJ880202-0100,866,0.11910292951759138,reciprocal_rank_fusion_k=60
193,Q0,WSJ910423-0260,867,0.11888163130878508,reciprocal_rank_fusion_k=60
193,Q0,AP880628-0301,868,0.11879011731011672,reciprocal_rank_fusion_k=60
193,Q0,FR88830-0023,869,0.1187712317358605,reciprocal_rank_fusion_k=60
193,Q0,AP880825-0206,870,0.11847623034209051,reciprocal_rank_fusion_k=60
193,Q0,WSJ870309-0119,871,0.11842452031720402,reciprocal_rank_fusion_k=60
193,Q0,WSJ880420-0058,872,0.11837081008369826,reciprocal_rank_fusion_k=60
193,Q0,ZF109-415-818,873,0.11755004935797694,reciprocal_rank_fusion_k=60
193,Q0,WSJ910225-0010,874,0.1168917427049443,reciprocal_rank_fusion_k=60
193,Q0,AP891114-0138,875,0.11685782125474788,reciprocal_rank_fusion_k=60
193,Q0,AP880919-0085,876,0.116722333181133,reciprocal_rank_fusion_k=60
193,Q0,WSJ910409-0056,877,0.11667521554074209,reciprocal_rank_fusion_k=60
193,Q0,WSJ890726-0054,878,0.1166123253750582,reciprocal_rank_fusion_k=60
193,Q0,AP880917-0180,879,0.11605528852843053,reciprocal_rank_fusion_k=60
193,Q0,AP890424-0260,880,0.11569806379502526,reciprocal_rank_fusion_k=60
193,Q0,WSJ920117-0078,881,0.1155850424427485,reciprocal_rank_fusion_k=60
193,Q0,AP891105-0095,882,0.11516874199523673,reciprocal_rank_fusion_k=60
193,Q0,WSJ870615-0060,883,0.11515040197524569,reciprocal_rank_fusion_k=60
193,Q0,FR88829-0023,884,0.11507533866911314,reciprocal_rank_fusion_k=60
193,Q0,AP880507-0201,885,0.1149519464452455,reciprocal_rank_fusion_k=60
193,Q0,AP881026-0115,886,0.11488239056021789,reciprocal_rank_fusion_k=60
193,Q0,AP880903-0036,887,0.11486664972826484,reciprocal_rank_fusion_k=60
193,Q0,WSJ900702-0036,888,0.11478185745777858,reciprocal_rank_fusion_k=60
193,Q0,AP890216-0052,889,0.1144334079168719,reciprocal_rank_fusion_k=60
193,Q0,WSJ910118-0131,890,0.11435487029473575,reciprocal_rank_fusion_k=60
193,Q0,WSJ911216-0037,891,0.11418495355943561,reciprocal_rank_fusion_k=60
193,Q0,AP890823-0023,892,0.11406326164497504,reciprocal_rank_fusion_k=60
193,Q0,AP890901-0178,893,0.11388469075587825,reciprocal_rank_fusion_k=60
193,Q0,AP890314-0196,894,0.11343568562610311,reciprocal_rank_fusion_k=60
193,Q0,WSJ900430-0119,895,0.11337589687178418,reciprocal_rank_fusion_k=60
193,Q0,WSJ910115-0056,896,0.11314017433012695,reciprocal_rank_fusion_k=60
193,Q0,WSJ891016-0042,897,0.11304989251192098,reciprocal_rank_fusion_k=60
193,Q0,AP880313-0050,898,0.11296369618657381,reciprocal_rank_fusion_k=60
193,Q0,WSJ870924-0082,899,0.11292020989165222,reciprocal_rank_fusion_k=60
193,Q0,AP880725-0260,900,0.11249505739664625,reciprocal_rank_fusion_k=60
193,Q0,AP880428-0243,901,0.11236352394413199,reciprocal_rank_fusion_k=60
193,Q0,WSJ910627-0164,902,0.11213247313334716,reciprocal_rank_fusion_k=60
193,Q0,FR881129-0052,903,0.11179225937471109,reciprocal_rank_fusion_k=60
193,Q0,AP880524-0290,904,0.11152789557749798,reciprocal_rank_fusion_k=60
193,Q0,WSJ910211-0088,905,0.11115217646949851,reciprocal_rank_fusion_k=60
193,Q0,WSJ870817-0071,906,0.11110141423747225,reciprocal_rank_fusion_k=60
193,Q0,AP890317-0153,907,0.11105614372207659,reciprocal_rank_fusion_k=60
193,Q0,WSJ910207-0133,908,0.11095550715878408,reciprocal_rank_fusion_k=60
193,Q0,AP880218-0167,909,0.1108479145352325,reciprocal_rank_fusion_k=60
193,Q0,FR89502-0035,910,0.11068186985862065,reciprocal_rank_fusion_k=60
193,Q0,AP890308-0154,911,0.11053686335322664,reciprocal_rank_fusion_k=60
193,Q0,ZF207-486-544,912,0.11042195306325746,reciprocal_rank_fusion_k=60
193,Q0,WSJ870422-0115,913,0.11030042657549216,reciprocal_rank_fusion_k=60
193,Q0,WSJ900809-0132,914,0.11009923873448199,reciprocal_rank_fusion_k=60
193,Q0,WSJ920210-0103,915,0.10995832157995329,reciprocal_rank_fusion_k=60
193,Q0,WSJ911218-0092,916,0.10988362193535905,reciprocal_rank_fusion_k=60
193,Q0,AP881029-0122,917,0.10956394124463556,reciprocal_rank_fusion_k=60
193,Q0,WSJ881004-0160,918,0.10953938088926839,reciprocal_rank_fusion_k=60
193,Q0,WSJ910212-0001,919,0.10945828950233949,reciprocal_rank_fusion_k=60
193,Q0,AP890314-0229,920,0.10932810174991414,reciprocal_rank_fusion_k=60
193,Q0,AP890603-0145,921,0.10913205683971297,reciprocal_rank_fusion_k=60
193,Q0,WSJ871027-0122,922,0.1089126055856675,reciprocal_rank_fusion_k=60
193,Q0,WSJ871127-0106,923,0.10885314298146295,reciprocal_rank_fusion_k=60
193,Q0,AP881007-0091,924,0.10883495888137353,reciprocal_rank_fusion_k=60
193,Q0,AP890406-0212,925,0.10881320043260449,reciprocal_rank_fusion_k=60
193,Q0,AP891031-0226,926,0.10869852933468113,reciprocal_rank_fusion_k=60
193,Q0,AP890324-0103,927,0.10868774918704173,reciprocal_rank_fusion_k=60
193,Q0,WSJ900724-0005,928,0.1086229145712621,reciprocal_rank_fusion_k=60
193,Q0,AP880616-0036,929,0.10849755912050286,reciprocal_rank_fusion_k=60
193,Q0,AP891221-0224,930,0.10833423478836579,reciprocal_rank_fusion_k=60
193,Q0,WSJ880407-0077,931,0.10815528504740829,reciprocal_rank_fusion_k=60
193,Q0,WSJ880822-0164,932,0.10754900444961718,reciprocal_rank_fusion_k=60
193,Q0,WSJ920211-0080,933,0.10745156635140854,reciprocal_rank_fusion_k=60
193,Q0,AP881031-0008,934,0.10742789539264004,reciprocal_rank_fusion_k=60
193,Q0,AP881027-0213,935,0.1074102295884132,reciprocal_rank_fusion_k=60
193,Q0,DOE2-45-0595,936,0.10721783020916414,reciprocal_rank_fusion_k=60
193,Q0,ZF207-240-048,937,0.1071162152631445,reciprocal_rank_fusion_k=60
193,Q0,FR89126-0167,938,0.10702157982388427,reciprocal_rank_fusion_k=60
193,Q0,AP880506-0284,939,0.10696538092990472,reciprocal_rank_fusion_k=60
193,Q0,AP891207-0043,940,0.10686944044071424,reciprocal_rank_fusion_k=60
193,Q0,WSJ911030-0056,941,0.10660000135831821,reciprocal_rank_fusion_k=60
193,Q0,FR88812-0024,942,0.10635515581500307,reciprocal_rank_fusion_k=60
193,Q0,ZF108-210-708,943,0.10622821487248492,reciprocal_rank_fusion_k=60
193,Q0,WSJ880511-0161,944,0.10611702695213007,reciprocal_rank_fusion_k=60
193,Q0,WSJ870618-0048,945,0.1058022278571651,reciprocal_rank_fusion_k=60
193,Q0,FR89815-0089,946,0.1055397105134379,reciprocal_rank_fusion_k=60
193,Q0,WSJ870831-0090,947,0.10482128357774485,reciprocal_rank_fusion_k=60
193,Q0,AP891208-0014,948,0.10462283309206455,reciprocal_rank_fusion_k=60
193,Q0,WSJ880728-0121,949,0.10454745073061014,reciprocal_rank_fusion_k=60
193,Q0,AP880613-0305,950,0.1042000714258219,reciprocal_rank_fusion_k=60
193,Q0,FR88511-0168,951,0.10407564616755781,reciprocal_rank_fusion_k=60
193,Q0,AP880301-0224,952,0.10371388127921333,reciprocal_rank_fusion_k=60
193,Q0,AP880803-0199,953,0.10345960549510662,reciprocal_rank_fusion_k=60
193,Q0,WSJ890911-0144,954,0.10335263704129334,reciprocal_rank_fusion_k=60
193,Q0,AP880413-0013,955,0.10328019687003621,reciprocal_rank_fusion_k=60
193,Q0,WSJ900628-0064,956,0.10271426805303384,reciprocal_rank_fusion_k=60
193,Q0,AP881129-0035,957,0.10244847511525876,reciprocal_rank_fusion_k=60
193,Q0,FR89926-0018,958,0.10239248049515097,reciprocal_rank_fusion_k=60
193,Q0,WSJ900627-0041,959,0.10237085209065983,reciprocal_rank_fusion_k=60
193,Q0,WSJ920107-0016,960,0.10216322194171999,reciprocal_rank_fusion_k=60
193,Q0,AP880329-0226,961,0.10215136698205027,reciprocal_rank_fusion_k=60
193,Q0,WSJ900620-0063,962,0.10173977012795109,reciprocal_rank_fusion_k=60
193,Q0,AP880826-0091,963,0.1016206373099085,reciprocal_rank_fusion_k=60
193,Q0,AP890301-0268,964,0.10135303491597328,reciprocal_rank_fusion_k=60
193,Q0,AP880810-0294,965,0.10135214345611916,reciprocal_rank_fusion_k=60
193,Q0,WSJ861217-0033,966,0.10126985278462644,reciprocal_rank_fusion_k=60
193,Q0,AP880526-0164,967,0.10096728556500753,reciprocal_rank_fusion_k=60
193,Q0,AP890412-0078,968,0.10094984316394892,reciprocal_rank_fusion_k=60
193,Q0,WSJ880719-0008,969,0.10091333221012727,reciprocal_rank_fusion_k=60
193,Q0,WSJ910214-0114,970,0.10090034778648434,reciprocal_rank_fusion_k=60
193,Q0,WSJ900718-0053,971,0.10058012740192372,reciprocal_rank_fusion_k=60
193,Q0,WSJ920120-0095,972,0.10034294648472007,reciprocal_rank_fusion_k=60
193,Q0,WSJ900723-0031,973,0.10032240871329204,reciprocal_rank_fusion_k=60
193,Q0,WSJ911217-0041,974,0.10025126125814686,reciprocal_rank_fusion_k=60
193,Q0,AP890922-0066,975,0.09998460346205595,reciprocal_rank_fusion_k=60
193,Q0,WSJ870130-0044,976,0.09987086127987285,reciprocal_rank_fusion_k=60
193,Q0,AP880215-0088,977,0.09977053972116307,reciprocal_rank_fusion_k=60
193,Q0,AP880603-0065,978,0.0995587829901452,reciprocal_rank_fusion_k=60
193,Q0,DOE1-84-1087,979,0.09944432211504883,reciprocal_rank_fusion_k=60
193,Q0,AP891102-0143,980,0.09943457610482775,reciprocal_rank_fusion_k=60
193,Q0,AP890324-0218,981,0.09936701111625283,reciprocal_rank_fusion_k=60
193,Q0,FR881027-0014,982,0.09859228076148815,reciprocal_rank_fusion_k=60
193,Q0,WSJ900626-0153,983,0.09856076814787697,reciprocal_rank_fusion_k=60
193,Q0,WSJ861201-0076,984,0.09850243747207002,reciprocal_rank_fusion_k=60
193,Q0,AP881128-0087,985,0.09844144146564252,reciprocal_rank_fusion_k=60
193,Q0,AP890421-0005,986,0.09833427546900252,reciprocal_rank_fusion_k=60
193,Q0,AP880213-0004,987,0.09820149649779022,reciprocal_rank_fusion_k=60
193,Q0,AP881010-0226,988,0.09778073063594703,reciprocal_rank_fusion_k=60
193,Q0,AP880620-0065,989,0.0974301614347925,reciprocal_rank_fusion_k=60
193,Q0,AP881110-0035,990,0.09734458817120996,reciprocal_rank_fusion_k=60
193,Q0,AP880621-0136,991,0.09729582198726691,reciprocal_rank_fusion_k=60
193,Q0,AP880609-0097,992,0.0968315786764089,reciprocal_rank_fusion_k=60
193,Q0,WSJ900731-0048,993,0.09659634054507772,reciprocal_rank_fusion_k=60
193,Q0,ZF108-767-348,994,0.09656615960973242,reciprocal_rank_fusion_k=60
193,Q0,WSJ880308-0103,995,0.09652240280706305,reciprocal_rank_fusion_k=60
193,Q0,ZF108-111-880,996,0.09578409345883443,reciprocal_rank_fusion_k=60
193,Q0,AP890517-0145,997,0.09568403825759599,reciprocal_rank_fusion_k=60
193,Q0,FR881024-0107,998,0.09539487258934898,reciprocal_rank_fusion_k=60
193,Q0,AP890912-0152,999,0.09526381718455375,reciprocal_rank_fusion_k=60
193,Q0,ZF108-578-616,1000,0.09509129632746852,reciprocal_rank_fusion_k=60
200,Q0,AP891228-0170,1,2.106991908356784,reciprocal_rank_fusion_k=60
200,Q0,AP880923-0027,2,2.015248988367792,reciprocal_rank_fusion_k=60
200,Q0,WSJ870309-0102,3,1.9389673778579009,reciprocal_rank_fusion_k=60
200,Q0,WSJ880408-0153,4,1.9328213999201476,reciprocal_rank_fusion_k=60
200,Q0,AP880408-0282,5,1.841107647766417,reciprocal_rank_fusion_k=60
200,Q0,AP880909-0221,6,1.8235941235899416,reciprocal_rank_fusion_k=60
200,Q0,WSJ880106-0047,7,1.8226782397731827,reciprocal_rank_fusion_k=60
200,Q0,AP880908-0030,8,1.7618046339567082,reciprocal_rank_fusion_k=60
200,Q0,AP880910-0092,9,1.7539985517409504,reciprocal_rank_fusion_k=60
200,Q0,WSJ900516-0147,10,1.707924247055808,reciprocal_rank_fusion_k=60
200,Q0,WSJ900713-0152,11,1.6715854193600357,reciprocal_rank_fusion_k=60
200,Q0,AP880909-0258,12,1.6217750882841255,reciprocal_rank_fusion_k=60
200,Q0,AP880907-0275,13,1.6178921256886485,reciprocal_rank_fusion_k=60
200,Q0,AP881004-0189,14,1.5912225635120505,reciprocal_rank_fusion_k=60
200,Q0,AP880919-0114,15,1.5491492416580028,reciprocal_rank_fusion_k=60
200,Q0,WSJ900827-0092,16,1.547262611084336,reciprocal_rank_fusion_k=60
200,Q0,WSJ870707-0056,17,1.5282980014734682,reciprocal_rank_fusion_k=60
200,Q0,AP890503-0306,18,1.5254959088398101,reciprocal_rank_fusion_k=60
200,Q0,AP880916-0203,19,1.4871319178324591,reciprocal_rank_fusion_k=60
200,Q0,WSJ870715-0053,20,1.4122325057611635,reciprocal_rank_fusion_k=60
200,Q0,AP881005-0081,21,1.4102710011099489,reciprocal_rank_fusion_k=60
200,Q0,AP880915-0058,22,1.402267937261719,reciprocal_rank_fusion_k=60
200,Q0,WSJ910619-0100,23,1.399335409595527,reciprocal_rank_fusion_k=60
200,Q0,AP880909-0027,24,1.3722451078905866,reciprocal_rank_fusion_k=60
200,Q0,WSJ900919-0097,25,1.3492449185178894,reciprocal_rank_fusion_k=60
200,Q0,WSJ880323-0071,26,1.3322448181639777,reciprocal_rank_fusion_k=60
200,Q0,WSJ880426-0065,27,1.307246964317388,reciprocal_rank_fusion_k=60
200,Q0,AP880930-0234,28,1.2972865684707615,reciprocal_rank_fusion_k=60
200,Q0,ZF207-449-130,29,1.296418263600654,reciprocal_rank_fusion_k=60
200,Q0,AP881004-0038,30,1.2947381230393151,reciprocal_rank_fusion_k=60
200,Q0,AP880929-0260,31,1.2947255712296721,reciprocal_rank_fusion_k=60
200,Q0,AP880929-0024,32,1.2870280554089868,reciprocal_rank_fusion_k=60
200,Q0,WSJ870220-0032,33,1.2867435576851325,reciprocal_rank_fusion_k=60
200,Q0,AP880916-0041,34,1.286639244377971,reciprocal_rank_fusion_k=60
200,Q0,WSJ880114-0171,35,1.272180551773916,reciprocal_rank_fusion_k=60
200,Q0,WSJ900731-0090,36,1.25085263014427,reciprocal_rank_fusion_k=60
200,Q0,AP881212-0280,37,1.229461486457406,reciprocal_rank_fusion_k=60
200,Q0,ZF207-402-806,38,1.213404300517476,reciprocal_rank_fusion_k=60
200,Q0,WSJ880912-0157,39,1.2058083776923945,reciprocal_rank_fusion_k=60
200,Q0,WSJ920309-0170,40,1.19461289712864,reciprocal_rank_fusion_k=60
200,Q0,DOE1-26-0087,41,1.1723694322677494,reciprocal_rank_fusion_k=60
200,Q0,WSJ871211-0161,42,1.1649913407648766,reciprocal_rank_fusion_k=60
200,Q0,AP880928-0294,43,1.1639408667381566,reciprocal_rank_fusion_k=60
200,Q0,WSJ861218-0212,44,1.1569165498201799,reciprocal_rank_fusion_k=60
200,Q0,WSJ870105-0102,45,1.1498761694245585,reciprocal_rank_fusion_k=60
200,Q0,AP880928-0275,46,1.1450974747971108,reciprocal_rank_fusion_k=60
200,Q0,WSJ870917-0079,47,1.1431975870885058,reciprocal_rank_fusion_k=60
200,Q0,WSJ871221-0073,48,1.1213373314250161,reciprocal_rank_fusion_k=60
200,Q0,DOE2-40-0828,49,1.1156520202843982,reciprocal_rank_fusion_k=60
200,Q0,AP881005-0022,50,1.1103395869282062,reciprocal_rank_fusion_k=60
200,Q0,AP880526-0196,51,1.1083633127698245,reciprocal_rank_fusion_k=60
200,Q0,WSJ880426-0145,52,1.070534970693963,reciprocal_rank_fusion_k=60
200,Q0,WSJ911218-0116,53,1.0588283564716032,reciprocal_rank_fusion_k=60
200,Q0,WSJ880926-0139,54,1.0081608363371222,reciprocal_rank_fusion_k=60
200,Q0,WSJ880720-0087,55,0.9947181782941823,reciprocal_rank_fusion_k=60
200,Q0,WSJ870826-0025,56,0.9696079862752132,reciprocal_rank_fusion_k=60
200,Q0,AP890329-0237,57,0.940835180425655,reciprocal_rank_fusion_k=60
200,Q0,WSJ870309-0053,58,0.9268422228153852,reciprocal_rank_fusion_k=60
200,Q0,AP880225-0143,59,0.9204540249641499,reciprocal_rank_fusion_k=60
200,Q0,FR89228-0058,60,0.9160956360025443,reciprocal_rank_fusion_k=60
200,Q0,WSJ871209-0013,61,0.9114672864564349,reciprocal_rank_fusion_k=60
200,Q0,WSJ890925-0134,62,0.9042889442934653,reciprocal_rank_fusion_k=60
200,Q0,AP880301-0172,63,0.900731860890194,reciprocal_rank_fusion_k=60
200,Q0,WSJ910430-0067,64,0.8982496141742552,reciprocal_rank_fusion_k=60
200,Q0,DOE2-70-0394,65,0.8872312314795755,reciprocal_rank_fusion_k=60
200,Q0,WSJ900912-0121,66,0.8825826387824641,reciprocal_rank_fusion_k=60
200,Q0,DOE1-87-1156,67,0.8796049184529442,reciprocal_rank_fusion_k=60
200,Q0,WSJ880912-0173,68,0.8790561279670769,reciprocal_rank_fusion_k=60
200,Q0,FR88701-0062,69,0.8753020712088982,reciprocal_rank_fusion_k=60
200,Q0,WSJ881005-0076,70,0.8752894208354531,reciprocal_rank_fusion_k=60
200,Q0,WSJ890822-0145,71,0.8712314978829862,reciprocal_rank_fusion_k=60
200,Q0,WSJ870804-0098,72,0.8618298107047699,reciprocal_rank_fusion_k=60
200,Q0,WSJ890912-0080,73,0.8504069137522305,reciprocal_rank_fusion_k=60
200,Q0,WSJ910521-0082,74,0.8443354509989459,reciprocal_rank_fusion_k=60
200,Q0,WSJ880308-0105,75,0.8322067374208194,reciprocal_rank_fusion_k=60
200,Q0,DOE1-71-0406,76,0.8300410203999106,reciprocal_rank_fusion_k=60
200,Q0,AP880910-0014,77,0.828668779891666,reciprocal_rank_fusion_k=60
200,Q0,FR881108-0046,78,0.8273968284872779,reciprocal_rank_fusion_k=60
200,Q0,WSJ870324-0140,79,0.8259489085376659,reciprocal_rank_fusion_k=60
200,Q0,WSJ870810-0059,80,0.8224491416147321,reciprocal_rank_fusion_k=60
200,Q0,WSJ900424-0137,81,0.8129944598193116,reciprocal_rank_fusion_k=60
200,Q0,WSJ910815-0121,82,0.811547254225042,reciprocal_rank_fusion_k=60
200,Q0,DOE2-78-0337,83,0.8020155913688902,reciprocal_rank_fusion_k=60
200,Q0,WSJ910107-0132,84,0.7982387805712913,reciprocal_rank_fusion_k=60
200,Q0,WSJ870528-0162,85,0.7961009338572984,reciprocal_rank_fusion_k=60
200,Q0,FR89713-0059,86,0.7944588150247264,reciprocal_rank_fusion_k=60
200,Q0,FR88602-0043,87,0.78672751374425,reciprocal_rank_fusion_k=60
200,Q0,FR88603-0047,88,0.7862105403292756,reciprocal_rank_fusion_k=60
200,Q0,FR88120-0028,89,0.7796340226853966,reciprocal_rank_fusion_k=60
200,Q0,FR88722-0052,90,0.7774998127974518,reciprocal_rank_fusion_k=60
200,Q0,FR881027-0043,91,0.7764580471351572,reciprocal_rank_fusion_k=60
200,Q0,WSJ870807-0119,92,0.7756023463072513,reciprocal_rank_fusion_k=60
200,Q0,WSJ880929-0158,93,0.7681265154599994,reciprocal_rank_fusion_k=60
200,Q0,WSJ910214-0096,94,0.7678001102565176,reciprocal_rank_fusion_k=60
200,Q0,AP880527-0292,95,0.7674544067501411,reciprocal_rank_fusion_k=60
200,Q0,AP880225-0109,96,0.7523808266634949,reciprocal_rank_fusion_k=60
200,Q0,FR88707-0038,97,0.7490428074846321,reciprocal_rank_fusion_k=60
200,Q0,FR891109-0034,98,0.7450713686277656,reciprocal_rank_fusion_k=60
200,Q0,WSJ870116-0165,99,0.7399880354768058,reciprocal_rank_fusion_k=60
200,Q0,WSJ900514-0161,100,0.737349032250702,reciprocal_rank_fusion_k=60
200,Q0,FR89327-0041,101,0.7356136924226334,reciprocal_rank_fusion_k=60
200,Q0,WSJ900529-0031,102,0.7340905596586045,reciprocal_rank_fusion_k=60
200,Q0,FR88923-0060,103,0.7329119708632572,reciprocal_rank_fusion_k=60
200,Q0,FR88225-0132,104,0.7316695521401976,reciprocal_rank_fusion_k=60
200,Q0,WSJ881020-0181,105,0.7314817768007021,reciprocal_rank_fusion_k=60
200,Q0,AP890408-0097,106,0.7287957017911689,reciprocal_rank_fusion_k=60
200,Q0,FR88922-0031,107,0.7230539122034044,reciprocal_rank_fusion_k=60
200,Q0,FR88513-0072,108,0.7212934997284232,reciprocal_rank_fusion_k=60
200,Q0,FR89609-0046,109,0.7212077825352016,reciprocal_rank_fusion_k=60
200,Q0,WSJ881110-0096,110,0.72108724482456,reciprocal_rank_fusion_k=60
200,Q0,WSJ910422-0080,111,0.7201288749965928,reciprocal_rank_fusion_k=60
200,Q0,FR891002-0047,112,0.715436353116141,reciprocal_rank_fusion_k=60
200,Q0,FR88708-0038,113,0.7097575071952724,reciprocal_rank_fusion_k=60
200,Q0,WSJ880316-0080,114,0.7093535270364708,reciprocal_rank_fusion_k=60
200,Q0,WSJ871029-0180,115,0.7079367091136888,reciprocal_rank_fusion_k=60
200,Q0,WSJ880204-0103,116,0.7076405883948562,reciprocal_rank_fusion_k=60
200,Q0,WSJ900720-0160,117,0.7068945831184202,reciprocal_rank_fusion_k=60
200,Q0,WSJ871221-0044,118,0.7065098807061595,reciprocal_rank_fusion_k=60
200,Q0,WSJ870717-0140,119,0.6998417688967443,reciprocal_rank_fusion_k=60
200,Q0,WSJ900921-0157,120,0.6981760117248519,reciprocal_rank_fusion_k=60
200,Q0,FR89620-0032,121,0.68726847653543,reciprocal_rank_fusion_k=60
200,Q0,DOE2-17-0198,122,0.6859345260359392,reciprocal_rank_fusion_k=60
200,Q0,AP880226-0097,123,0.6823074732122878,reciprocal_rank_fusion_k=60
200,Q0,FR88715-0049,124,0.6818410089169528,reciprocal_rank_fusion_k=60
200,Q0,FR89322-0031,125,0.6815889310301471,reciprocal_rank_fusion_k=60
200,Q0,FR89927-0042,126,0.676413769364126,reciprocal_rank_fusion_k=60
200,Q0,FR88610-0035,127,0.6758305902108807,reciprocal_rank_fusion_k=60
200,Q0,FR881130-0037,128,0.6701424522309091,reciprocal_rank_fusion_k=60
200,Q0,FR89406-0042,129,0.6693153911159806,reciprocal_rank_fusion_k=60
200,Q0,FR891109-0032,130,0.6622517505895497,reciprocal_rank_fusion_k=60
200,Q0,FR88801-0057,131,0.6610148433775087,reciprocal_rank_fusion_k=60
200,Q0,WSJ880329-0013,132,0.6605775144330484,reciprocal_rank_fusion_k=60
200,Q0,FR89127-0064,133,0.6558028614618845,reciprocal_rank_fusion_k=60
200,Q0,FR88920-0045,134,0.6546955701613235,reciprocal_rank_fusion_k=60
200,Q0,AP881222-0280,135,0.6510758941431685,reciprocal_rank_fusion_k=60
200,Q0,FR89602-0048,136,0.6503543026290188,reciprocal_rank_fusion_k=60
200,Q0,FR891108-0053,137,0.6502903137955266,reciprocal_rank_fusion_k=60
200,Q0,FR88920-0043,138,0.6436625198158941,reciprocal_rank_fusion_k=60
200,Q0,FR88722-0053,139,0.6421093980090299,reciprocal_rank_fusion_k=60
200,Q0,FR89615-0046,140,0.641393373603188,reciprocal_rank_fusion_k=60
200,Q0,FR88816-0039,141,0.640753403881604,reciprocal_rank_fusion_k=60
200,Q0,FR881209-0073,142,0.6403310418669921,reciprocal_rank_fusion_k=60
200,Q0,FR881109-0047,143,0.6380971379516043,reciprocal_rank_fusion_k=60
200,Q0,FR89321-0060,144,0.6365152440136305,reciprocal_rank_fusion_k=60
200,Q0,AP890202-0256,145,0.6351013428860713,reciprocal_rank_fusion_k=60
200,Q0,AP880225-0057,146,0.6325575834938986,reciprocal_rank_fusion_k=60
200,Q0,WSJ861204-0038,147,0.624328558598782,reciprocal_rank_fusion_k=60
200,Q0,FR881118-0039,148,0.6237070619812484,reciprocal_rank_fusion_k=60
200,Q0,FR89509-0054,149,0.6199543037950335,reciprocal_rank_fusion_k=60
200,Q0,WSJ870416-0112,150,0.617681981297557,reciprocal_rank_fusion_k=60
200,Q0,FR89918-0031,151,0.6174460040100677,reciprocal_rank_fusion_k=60
200,Q0,WSJ870409-0084,152,0.6152584600852581,reciprocal_rank_fusion_k=60
200,Q0,ZF207-773-434,153,0.6145930444642413,reciprocal_rank_fusion_k=60
200,Q0,FR89517-0045,154,0.6118110584001042,reciprocal_rank_fusion_k=60
200,Q0,FR88225-0042,155,0.6105319955116497,reciprocal_rank_fusion_k=60
200,Q0,FR88105-0049,156,0.6090946771415561,reciprocal_rank_fusion_k=60
200,Q0,FR89815-0061,157,0.6085736309067342,reciprocal_rank_fusion_k=60
200,Q0,FR881130-0036,158,0.6078207715148768,reciprocal_rank_fusion_k=60
200,Q0,FR88218-0043,159,0.6076053631618763,reciprocal_rank_fusion_k=60
200,Q0,FR89517-0046,160,0.6068213437939378,reciprocal_rank_fusion_k=60
200,Q0,FR89321-0059,161,0.6065718319837378,reciprocal_rank_fusion_k=60
200,Q0,FR881128-0039,162,0.6060948584009224,reciprocal_rank_fusion_k=60
200,Q0,WSJ900905-0103,163,0.6035962226487007,reciprocal_rank_fusion_k=60
200,Q0,FR891128-0041,164,0.602820532627406,reciprocal_rank_fusion_k=60
200,Q0,WSJ900918-0125,165,0.6023369926207862,reciprocal_rank_fusion_k=60
200,Q0,AP891010-0283,166,0.5981762531952486,reciprocal_rank_fusion_k=60
200,Q0,WSJ871231-0106,167,0.5977403011023118,reciprocal_rank_fusion_k=60
200,Q0,WSJ870807-0044,168,0.5974376418819848,reciprocal_rank_fusion_k=60
200,Q0,DOE2-35-0480,169,0.5973501084219375,reciprocal_rank_fusion_k=60
200,Q0,FR88511-0052,170,0.5877023187072616,reciprocal_rank_fusion_k=60
200,Q0,ZF207-726-250,171,0.585265771572717,reciprocal_rank_fusion_k=60
200,Q0,FR88216-0042,172,0.5847462114366926,reciprocal_rank_fusion_k=60
200,Q0,FR88211-0042,173,0.5847054440200805,reciprocal_rank_fusion_k=60
200,Q0,FR881019-0072,174,0.5844042210424313,reciprocal_rank_fusion_k=60
200,Q0,FR89313-0057,175,0.583411104331616,reciprocal_rank_fusion_k=60
200,Q0,FR89706-0053,176,0.5831542022051734,reciprocal_rank_fusion_k=60
200,Q0,FR89710-0036,177,0.5827216699385636,reciprocal_rank_fusion_k=60
200,Q0,FR89308-0063,178,0.5824857177997248,reciprocal_rank_fusion_k=60
200,Q0,WSJ880915-0027,179,0.5820356220668279,reciprocal_rank_fusion_k=60
200,Q0,FR89822-0038,180,0.578087854462618,reciprocal_rank_fusion_k=60
200,Q0,FR89517-0044,181,0.5775417516237044,reciprocal_rank_fusion_k=60
200,Q0,FR881027-0042,182,0.573446853249276,reciprocal_rank_fusion_k=60
200,Q0,FR88727-0039,183,0.5730365371334954,reciprocal_rank_fusion_k=60
200,Q0,FR891016-0043,184,0.5720920794397426,reciprocal_rank_fusion_k=60
200,Q0,WSJ910806-0053,185,0.5701666666083237,reciprocal_rank_fusion_k=60
200,Q0,AP890621-0232,186,0.5687558680747754,reciprocal_rank_fusion_k=60
200,Q0,FR88518-0052,187,0.567700815881984,reciprocal_rank_fusion_k=60
200,Q0,FR88603-0045,188,0.5668269119632581,reciprocal_rank_fusion_k=60
200,Q0,FR891019-0030,189,0.565017713814803,reciprocal_rank_fusion_k=60
200,Q0,FR881206-0030,190,0.5640222121853433,reciprocal_rank_fusion_k=60
200,Q0,FR88902-0057,191,0.5633841826320878,reciprocal_rank_fusion_k=60
200,Q0,AP880912-0238,192,0.5620046885519921,reciprocal_rank_fusion_k=60
200,Q0,FR88727-0040,193,0.559935185737466,reciprocal_rank_fusion_k=60
200,Q0,AP890407-0231,194,0.5596936396541762,reciprocal_rank_fusion_k=60
200,Q0,FR881122-0048,195,0.5592146733188333,reciprocal_rank_fusion_k=60
200,Q0,FR88602-0044,196,0.5586466107048254,reciprocal_rank_fusion_k=60
200,Q0,FR881202-0058,197,0.5560226647777425,reciprocal_rank_fusion_k=60
200,Q0,FR89927-0040,198,0.5556488512905193,reciprocal_rank_fusion_k=60
200,Q0,FR88801-0058,199,0.5551725436507121,reciprocal_rank_fusion_k=60
200,Q0,AP880225-0249,200,0.554821727878987,reciprocal_rank_fusion_k=60
200,Q0,FR89602-0050,201,0.5547432570932027,reciprocal_rank_fusion_k=60
200,Q0,FR89818-0050,202,0.5544360520166429,reciprocal_rank_fusion_k=60
200,Q0,FR89717-0039,203,0.5464486806614258,reciprocal_rank_fusion_k=60
200,Q0,FR89609-0048,204,0.5463952831779756,reciprocal_rank_fusion_k=60
200,Q0,FR88205-0057,205,0.5462556001265667,reciprocal_rank_fusion_k=60
200,Q0,FR88728-0037,206,0.5457776161577017,reciprocal_rank_fusion_k=60
200,Q0,FR89313-0056,207,0.5418848963691381,reciprocal_rank_fusion_k=60
200,Q0,FR89208-0038,208,0.5403547336598077,reciprocal_rank_fusion_k=60
200,Q0,FR89124-0056,209,0.5401778185646767,reciprocal_rank_fusion_k=60
200,Q0,FR891019-0029,210,0.5401647253942417,reciprocal_rank_fusion_k=60
200,Q0,FR881027-0044,211,0.5394031488339912,reciprocal_rank_fusion_k=60
200,Q0,FR88812-0035,212,0.5386743992778998,reciprocal_rank_fusion_k=60
200,Q0,WSJ900726-0086,213,0.536011663897245,reciprocal_rank_fusion_k=60
200,Q0,WSJ911014-0110,214,0.5355801697017938,reciprocal_rank_fusion_k=60
200,Q0,FR891006-0047,215,0.5344242850590952,reciprocal_rank_fusion_k=60
200,Q0,FR89602-0051,216,0.5325128340156118,reciprocal_rank_fusion_k=60
200,Q0,FR891012-0050,217,0.5310397759765924,reciprocal_rank_fusion_k=60
200,Q0,WSJ871106-0113,218,0.5309058407278932,reciprocal_rank_fusion_k=60
200,Q0,FR881206-0029,219,0.5306078151636139,reciprocal_rank_fusion_k=60
200,Q0,FR881027-0046,220,0.5285593245967205,reciprocal_rank_fusion_k=60
200,Q0,FR881019-0071,221,0.5274276367958092,reciprocal_rank_fusion_k=60
200,Q0,FR89421-0038,222,0.5258769902785491,reciprocal_rank_fusion_k=60
200,Q0,FR89306-0050,223,0.523839226295878,reciprocal_rank_fusion_k=60
200,Q0,FR881207-0043,224,0.518838642478577,reciprocal_rank_fusion_k=60
200,Q0,FR891117-0049,225,0.5183166843558853,reciprocal_rank_fusion_k=60
200,Q0,FR89308-0061,226,0.5150769530285506,reciprocal_rank_fusion_k=60
200,Q0,FR88920-0044,227,0.5130556346182822,reciprocal_rank_fusion_k=60
200,Q0,WSJ870427-0092,228,0.5120856467023334,reciprocal_rank_fusion_k=60
200,Q0,FR89816-0055,229,0.5117507936253153,reciprocal_rank_fusion_k=60
200,Q0,FR88725-0039,230,0.5112700812731963,reciprocal_rank_fusion_k=60
200,Q0,WSJ870624-0007,231,0.5103255197079375,reciprocal_rank_fusion_k=60
200,Q0,FR89331-0059,232,0.5084639721521452,reciprocal_rank_fusion_k=60
200,Q0,FR88513-0073,233,0.5075045952543229,reciprocal_rank_fusion_k=60
200,Q0,FR88928-0057,234,0.5056125401916928,reciprocal_rank_fusion_k=60
200,Q0,FR881201-0056,235,0.5053388197243565,reciprocal_rank_fusion_k=60
200,Q0,FR88818-0009,236,0.5051104569974644,reciprocal_rank_fusion_k=60
200,Q0,WSJ890814-0101,237,0.5027259047795974,reciprocal_rank_fusion_k=60
200,Q0,FR89323-0049,238,0.5020918249570493,reciprocal_rank_fusion_k=60
200,Q0,FR88812-0033,239,0.5019735014277938,reciprocal_rank_fusion_k=60
200,Q0,FR88105-0044,240,0.4997892523056766,reciprocal_rank_fusion_k=60
200,Q0,FR891006-0048,241,0.4993935158415456,reciprocal_rank_fusion_k=60
200,Q0,FR881107-0105,242,0.49854029558938556,reciprocal_rank_fusion_k=60
200,Q0,FR881109-0046,243,0.4980297931176242,reciprocal_rank_fusion_k=60
200,Q0,FR89717-0040,244,0.4964961576163556,reciprocal_rank_fusion_k=60
200,Q0,FR89726-0050,245,0.49594763219765653,reciprocal_rank_fusion_k=60
200,Q0,FR891109-0031,246,0.4959284293693858,reciprocal_rank_fusion_k=60
200,Q0,FR89105-0076,247,0.4945053143081058,reciprocal_rank_fusion_k=60
200,Q0,FR89526-0032,248,0.4943692646979371,reciprocal_rank_fusion_k=60
200,Q0,FR89308-0062,249,0.4940279308449305,reciprocal_rank_fusion_k=60
200,Q0,FR88915-0054,250,0.4939778160661669,reciprocal_rank_fusion_k=60
200,Q0,FR89525-0038,251,0.4933889082691344,reciprocal_rank_fusion_k=60
200,Q0,FR88513-0074,252,0.49286604452651467,reciprocal_rank_fusion_k=60
200,Q0,FR891025-0028,253,0.49234097106215857,reciprocal_rank_fusion_k=60
200,Q0,AP880912-0023,254,0.49193468351464825,reciprocal_rank_fusion_k=60
200,Q0,AP891101-0265,255,0.49122533480787095,reciprocal_rank_fusion_k=60
200,Q0,FR88129-0044,256,0.49021955687721386,reciprocal_rank_fusion_k=60
200,Q0,FR88912-0020,257,0.48808979582368656,reciprocal_rank_fusion_k=60
200,Q0,FR89630-0046,258,0.4879252388270715,reciprocal_rank_fusion_k=60
200,Q0,FR89331-0057,259,0.4861730859537368,reciprocal_rank_fusion_k=60
200,Q0,FR891122-0053,260,0.4858325679403064,reciprocal_rank_fusion_k=60
200,Q0,FR88915-0055,261,0.485173297115859,reciprocal_rank_fusion_k=60
200,Q0,FR89308-0064,262,0.4830894521911127,reciprocal_rank_fusion_k=60
200,Q0,WSJ911025-0073,263,0.48281193260166094,reciprocal_rank_fusion_k=60
200,Q0,WSJ870420-0010,264,0.4817748481789794,reciprocal_rank_fusion_k=60
200,Q0,FR89720-0046,265,0.4798677166056116,reciprocal_rank_fusion_k=60
200,Q0,FR88129-0043,266,0.47800829534677725,reciprocal_rank_fusion_k=60
200,Q0,WSJ911216-0044,267,0.47793718759548337,reciprocal_rank_fusion_k=60
200,Q0,AP880426-0284,268,0.4771661961098481,reciprocal_rank_fusion_k=60
200,Q0,FR88802-0036,269,0.4766132034091156,reciprocal_rank_fusion_k=60
200,Q0,FR891122-0056,270,0.4764256091712104,reciprocal_rank_fusion_k=60
200,Q0,FR881206-0031,271,0.4749735094944235,reciprocal_rank_fusion_k=60
200,Q0,FR881129-0050,272,0.47431805897721224,reciprocal_rank_fusion_k=60
200,Q0,AP880302-0051,273,0.47285217704216714,reciprocal_rank_fusion_k=60
200,Q0,FR89330-0044,274,0.472346596234222,reciprocal_rank_fusion_k=60
200,Q0,FR891006-0046,275,0.4719845869568148,reciprocal_rank_fusion_k=60
200,Q0,FR89926-0050,276,0.47188180720290795,reciprocal_rank_fusion_k=60
200,Q0,WSJ911205-0094,277,0.47172154661780374,reciprocal_rank_fusion_k=60
200,Q0,WSJ920303-0109,278,0.46952768730346045,reciprocal_rank_fusion_k=60
200,Q0,FR881024-0031,279,0.4692584389648255,reciprocal_rank_fusion_k=60
200,Q0,FR88218-0044,280,0.4687434920370317,reciprocal_rank_fusion_k=60
200,Q0,FR88510-0045,281,0.46603659937909503,reciprocal_rank_fusion_k=60
200,Q0,FR891012-0049,282,0.46581541005198496,reciprocal_rank_fusion_k=60
200,Q0,WSJ880316-0125,283,0.46568173290237774,reciprocal_rank_fusion_k=60
200,Q0,FR89131-0070,284,0.4650625706144279,reciprocal_rank_fusion_k=60
200,Q0,FR881107-0039,285,0.46432822182192,reciprocal_rank_fusion_k=60
200,Q0,FR891106-0060,286,0.4639598803245268,reciprocal_rank_fusion_k=60
200,Q0,FR89717-0038,287,0.46311821174300877,reciprocal_rank_fusion_k=60
200,Q0,FR88826-0040,288,0.4628891580006473,reciprocal_rank_fusion_k=60
200,Q0,FR88915-0056,289,0.46071236026242857,reciprocal_rank_fusion_k=60
200,Q0,DOE2-79-0490,290,0.4596680909907624,reciprocal_rank_fusion_k=60
200,Q0,WSJ881031-0196,291,0.4594657959588496,reciprocal_rank_fusion_k=60
200,Q0,WSJ880219-0187,292,0.4587249898074291,reciprocal_rank_fusion_k=60
200,Q0,FR88518-0053,293,0.45867596325211446,reciprocal_rank_fusion_k=60
200,Q0,FR88923-0059,294,0.4576541945229341,reciprocal_rank_fusion_k=60
200,Q0,FR88816-0041,295,0.457300562403487,reciprocal_rank_fusion_k=60
200,Q0,WSJ870319-0127,296,0.45709723150982173,reciprocal_rank_fusion_k=60
200,Q0,FR89712-0281,297,0.4550526118675143,reciprocal_rank_fusion_k=60
200,Q0,WSJ920219-0068,298,0.45495815604111106,reciprocal_rank_fusion_k=60
200,Q0,WSJ880201-0151,299,0.4547815629023145,reciprocal_rank_fusion_k=60
200,Q0,FR881107-0036,300,0.45329354308496583,reciprocal_rank_fusion_k=60
200,Q0,FR88923-0062,301,0.45070775565766513,reciprocal_rank_fusion_k=60
200,Q0,WSJ870731-0131,302,0.448792894140967,reciprocal_rank_fusion_k=60
200,Q0,FR881107-0037,303,0.4484754848827463,reciprocal_rank_fusion_k=60
200,Q0,FR89802-0058,304,0.44800248052581293,reciprocal_rank_fusion_k=60
200,Q0,FR88101-0042,305,0.44653849539081997,reciprocal_rank_fusion_k=60
200,Q0,FR89406-0041,306,0.44295674714533523,reciprocal_rank_fusion_k=60
200,Q0,WSJ880914-0140,307,0.4426257689798492,reciprocal_rank_fusion_k=60
200,Q0,FR89811-0036,308,0.44249054546169586,reciprocal_rank_fusion_k=60
200,Q0,FR89524-0037,309,0.44134585849312785,reciprocal_rank_fusion_k=60
200,Q0,FR881129-0049,310,0.43903506932248976,reciprocal_rank_fusion_k=60
200,Q0,FR88809-0052,311,0.43897912377575954,reciprocal_rank_fusion_k=60
200,Q0,WSJ911129-0074,312,0.43864765614919027,reciprocal_rank_fusion_k=60
200,Q0,FR89720-0048,313,0.43800026873464243,reciprocal_rank_fusion_k=60
200,Q0,FR88908-0041,314,0.4379599166783276,reciprocal_rank_fusion_k=60
200,Q0,FR89421-0039,315,0.4367616315503636,reciprocal_rank_fusion_k=60
200,Q0,FR89811-0037,316,0.4360258367912767,reciprocal_rank_fusion_k=60
200,Q0,FR88131-0033,317,0.4356533987755347,reciprocal_rank_fusion_k=60
200,Q0,FR881108-0048,318,0.43439594024811684,reciprocal_rank_fusion_k=60
200,Q0,FR891025-0030,319,0.4342962056320827,reciprocal_rank_fusion_k=60
200,Q0,FR88105-0043,320,0.4342477611652181,reciprocal_rank_fusion_k=60
200,Q0,FR88601-0073,321,0.4337469435268711,reciprocal_rank_fusion_k=60
200,Q0,DOE2-35-0150,322,0.4327868700683411,reciprocal_rank_fusion_k=60
200,Q0,FR88908-0040,323,0.43128225224388417,reciprocal_rank_fusion_k=60
200,Q0,FR89406-0040,324,0.4310788039949614,reciprocal_rank_fusion_k=60
200,Q0,FR89119-0043,325,0.43040080958312654,reciprocal_rank_fusion_k=60
200,Q0,FR891114-0040,326,0.42907497241142023,reciprocal_rank_fusion_k=60
200,Q0,FR88205-0058,327,0.42680176810697146,reciprocal_rank_fusion_k=60
200,Q0,FR89216-0033,328,0.4262396272147687,reciprocal_rank_fusion_k=60
200,Q0,FR88510-0044,329,0.4257431459089831,reciprocal_rank_fusion_k=60
200,Q0,FR89512-0059,330,0.4245104910558028,reciprocal_rank_fusion_k=60
200,Q0,FR88504-0046,331,0.4242494330188494,reciprocal_rank_fusion_k=60
200,Q0,FR89511-0035,332,0.42387535750409144,reciprocal_rank_fusion_k=60
200,Q0,FR89926-0049,333,0.4237897167935538,reciprocal_rank_fusion_k=60
200,Q0,FR89217-0046,334,0.42226794795006967,reciprocal_rank_fusion_k=60
200,Q0,FR89927-0041,335,0.4222284940979283,reciprocal_rank_fusion_k=60
200,Q0,FR89815-0059,336,0.42174906316139554,reciprocal_rank_fusion_k=60
200,Q0,FR88707-0039,337,0.42082281616516387,reciprocal_rank_fusion_k=60
200,Q0,FR89531-0033,338,0.42057212106047054,reciprocal_rank_fusion_k=60
200,Q0,ZF207-961-980,339,0.4192743567120293,reciprocal_rank_fusion_k=60
200,Q0,FR88901-0044,340,0.41892581092264175,reciprocal_rank_fusion_k=60
200,Q0,FR88128-0059,341,0.4176876106947628,reciprocal_rank_fusion_k=60
200,Q0,FR881125-0041,342,0.4175386185616371,reciprocal_rank_fusion_k=60
200,Q0,DOE1-71-0409,343,0.41669030711154903,reciprocal_rank_fusion_k=60
200,Q0,AP880911-0050,344,0.41561506407557625,reciprocal_rank_fusion_k=60
200,Q0,FR88721-0047,345,0.41529740113162333,reciprocal_rank_fusion_k=60
200,Q0,FR89510-0040,346,0.4127697075595103,reciprocal_rank_fusion_k=60
200,Q0,FR89327-0042,347,0.4127306547544394,reciprocal_rank_fusion_k=60
200,Q0,FR881107-0038,348,0.4112498587666112,reciprocal_rank_fusion_k=60
200,Q0,FR89720-0044,349,0.4102750307952476,reciprocal_rank_fusion_k=60
200,Q0,FR89217-0045,350,0.40972066575726285,reciprocal_rank_fusion_k=60
200,Q0,WSJ880907-0103,351,0.4096784611506826,reciprocal_rank_fusion_k=60
200,Q0,FR89613-0047,352,0.4093866990548722,reciprocal_rank_fusion_k=60
200,Q0,FR89811-0038,353,0.40876032104962673,reciprocal_rank_fusion_k=60
200,Q0,FR88503-0037,354,0.40874678919491875,reciprocal_rank_fusion_k=60
200,Q0,FR89131-0072,355,0.40870927806616175,reciprocal_rank_fusion_k=60
200,Q0,FR88726-0061,356,0.4080238778780564,reciprocal_rank_fusion_k=60
200,Q0,FR89822-0037,357,0.40739371911748423,reciprocal_rank_fusion_k=60
200,Q0,WSJ881010-0054,358,0.40704027725590913,reciprocal_rank_fusion_k=60
200,Q0,FR89424-0023,359,0.40639189120933467,reciprocal_rank_fusion_k=60
200,Q0,WSJ911017-0182,360,0.40563680678991787,reciprocal_rank_fusion_k=60
200,Q0,WSJ880229-0123,361,0.4054503125212466,reciprocal_rank_fusion_k=60
200,Q0,WSJ900709-0017,362,0.4050720101423382,reciprocal_rank_fusion_k=60
200,Q0,FR881129-0051,363,0.40429197675501705,reciprocal_rank_fusion_k=60
200,Q0,FR89427-0036,364,0.4038171141044511,reciprocal_rank_fusion_k=60
200,Q0,WSJ911122-0139,365,0.4036547030180846,reciprocal_rank_fusion_k=60
200,Q0,FR88112-0014,366,0.40297067581038193,reciprocal_rank_fusion_k=60
200,Q0,FR881129-0048,367,0.40082586557106753,reciprocal_rank_fusion_k=60
200,Q0,AP880229-0010,368,0.39860197141229653,reciprocal_rank_fusion_k=60
200,Q0,FR881101-0043,369,0.398469650871453,reciprocal_rank_fusion_k=60
200,Q0,WSJ910725-0113,370,0.39513523871039397,reciprocal_rank_fusion_k=60
200,Q0,FR891122-0057,371,0.39387744999381624,reciprocal_rank_fusion_k=60
200,Q0,FR881208-0034,372,0.39309973279010557,reciprocal_rank_fusion_k=60
200,Q0,DOE1-56-1140,373,0.3919831361394437,reciprocal_rank_fusion_k=60
200,Q0,WSJ900913-0059,374,0.3919821811949563,reciprocal_rank_fusion_k=60
200,Q0,WSJ900718-0035,375,0.39094140313640174,reciprocal_rank_fusion_k=60
200,Q0,WSJ880401-0133,376,0.3900211663401894,reciprocal_rank_fusion_k=60
200,Q0,FR88721-0048,377,0.38640672203697035,reciprocal_rank_fusion_k=60
200,Q0,FR89710-0035,378,0.3862922977928436,reciprocal_rank_fusion_k=60
200,Q0,FR881208-0033,379,0.38323076752100343,reciprocal_rank_fusion_k=60
200,Q0,FR881125-0001,380,0.3830355566954112,reciprocal_rank_fusion_k=60
200,Q0,DOE2-45-1026,381,0.3827891953553666,reciprocal_rank_fusion_k=60
200,Q0,FR89509-0047,382,0.38205813915580217,reciprocal_rank_fusion_k=60
200,Q0,FR88101-0049,383,0.38189936853786727,reciprocal_rank_fusion_k=60
200,Q0,WSJ911106-0013,384,0.3814863413008215,reciprocal_rank_fusion_k=60
200,Q0,FR89517-0048,385,0.38029889588358784,reciprocal_rank_fusion_k=60
200,Q0,WSJ901221-0172,386,0.37889649040282297,reciprocal_rank_fusion_k=60
200,Q0,FR89517-0047,387,0.378242381932943,reciprocal_rank_fusion_k=60
200,Q0,WSJ880525-0169,388,0.3766774858048901,reciprocal_rank_fusion_k=60
200,Q0,FR881118-0022,389,0.37659651459844024,reciprocal_rank_fusion_k=60
200,Q0,FR89619-0036,390,0.3760048373232499,reciprocal_rank_fusion_k=60
200,Q0,FR881025-0048,391,0.37410905225123164,reciprocal_rank_fusion_k=60
200,Q0,FR891004-0054,392,0.3731670225741636,reciprocal_rank_fusion_k=60
200,Q0,FR89209-0037,393,0.3720353373816262,reciprocal_rank_fusion_k=60
200,Q0,FR88225-0133,394,0.3719760697681109,reciprocal_rank_fusion_k=60
200,Q0,FR881202-0059,395,0.3699864801305785,reciprocal_rank_fusion_k=60
200,Q0,FR88511-0053,396,0.369774225028658,reciprocal_rank_fusion_k=60
200,Q0,WSJ910315-0080,397,0.36932079265824197,reciprocal_rank_fusion_k=60
200,Q0,FR89331-0058,398,0.3681789338616953,reciprocal_rank_fusion_k=60
200,Q0,FR88128-0058,399,0.36734537248598603,reciprocal_rank_fusion_k=60
200,Q0,FR88105-0048,400,0.36594431931340143,reciprocal_rank_fusion_k=60
200,Q0,AP880503-0250,401,0.36293791308174056,reciprocal_rank_fusion_k=60
200,Q0,FR891205-0044,402,0.36263867500753905,reciprocal_rank_fusion_k=60
200,Q0,FR891109-0033,403,0.3616265320838428,reciprocal_rank_fusion_k=60
200,Q0,FR881207-0045,404,0.36146021650598664,reciprocal_rank_fusion_k=60
200,Q0,FR88719-0059,405,0.36050414024301547,reciprocal_rank_fusion_k=60
200,Q0,FR88518-0054,406,0.3594783712218903,reciprocal_rank_fusion_k=60
200,Q0,FR89414-0039,407,0.3576233125275941,reciprocal_rank_fusion_k=60
200,Q0,FR89515-0056,408,0.3568149889818485,reciprocal_rank_fusion_k=60
200,Q0,WSJ870316-0178,409,0.35385263860392047,reciprocal_rank_fusion_k=60
200,Q0,WSJ900723-0093,410,0.353810486138723,reciprocal_rank_fusion_k=60
200,Q0,WSJ880922-0114,411,0.35285617371859673,reciprocal_rank_fusion_k=60
200,Q0,FR89421-0040,412,0.3521042158823706,reciprocal_rank_fusion_k=60
200,Q0,WSJ880502-0138,413,0.350183451636826,reciprocal_rank_fusion_k=60
200,Q0,WSJ910624-0151,414,0.3485788369452982,reciprocal_rank_fusion_k=60
200,Q0,FR88826-0041,415,0.34767906787855085,reciprocal_rank_fusion_k=60
200,Q0,FR891010-0053,416,0.34625214526297804,reciprocal_rank_fusion_k=60
200,Q0,FR88105-0046,417,0.34605887112629463,reciprocal_rank_fusion_k=60
200,Q0,FR89720-0047,418,0.34594916547133514,reciprocal_rank_fusion_k=60
200,Q0,FR88825-0047,419,0.34443443549977326,reciprocal_rank_fusion_k=60
200,Q0,WSJ871022-0156,420,0.3423610485364778,reciprocal_rank_fusion_k=60
200,Q0,AP880926-0227,421,0.3412109051345885,reciprocal_rank_fusion_k=60
200,Q0,FR881117-0044,422,0.34013394467403485,reciprocal_rank_fusion_k=60
200,Q0,FR88811-0174,423,0.3398992116167177,reciprocal_rank_fusion_k=60
200,Q0,FR89322-0032,424,0.3395019387696415,reciprocal_rank_fusion_k=60
200,Q0,FR88101-0044,425,0.33927626289168783,reciprocal_rank_fusion_k=60
200,Q0,FR89531-0032,426,0.33807183007417346,reciprocal_rank_fusion_k=60
200,Q0,FR88101-0043,427,0.3357377955966993,reciprocal_rank_fusion_k=60
200,Q0,FR881125-0042,428,0.334855891165729,reciprocal_rank_fusion_k=60
200,Q0,FR89630-0045,429,0.33460508664383654,reciprocal_rank_fusion_k=60
200,Q0,FR891004-0053,430,0.3334411694122064,reciprocal_rank_fusion_k=60
200,Q0,FR88101-0046,431,0.33244247749028905,reciprocal_rank_fusion_k=60
200,Q0,AP890630-0234,432,0.33228473607192727,reciprocal_rank_fusion_k=60
200,Q0,FR881122-0047,433,0.33222896236725596,reciprocal_rank_fusion_k=60
200,Q0,WSJ871112-0147,434,0.3315509655733101,reciprocal_rank_fusion_k=60
200,Q0,ZF207-700-236,435,0.3314840983697718,reciprocal_rank_fusion_k=60
200,Q0,FR891010-0052,436,0.33138230415736025,reciprocal_rank_fusion_k=60
200,Q0,FR89124-0058,437,0.3313233631304384,reciprocal_rank_fusion_k=60
200,Q0,ZF207-325-546,438,0.33092234433919104,reciprocal_rank_fusion_k=60
200,Q0,WSJ910906-0173,439,0.33037862540328566,reciprocal_rank_fusion_k=60
200,Q0,FR881207-0047,440,0.32956821578608037,reciprocal_rank_fusion_k=60
200,Q0,WSJ891102-0007,441,0.3295298854549324,reciprocal_rank_fusion_k=60
200,Q0,WSJ880516-0012,442,0.3283106607864168,reciprocal_rank_fusion_k=60
200,Q0,FR88101-0045,443,0.32801528387328033,reciprocal_rank_fusion_k=60
200,Q0,FR88907-0070,444,0.32707555167124763,reciprocal_rank_fusion_k=60
200,Q0,FR89804-0039,445,0.3269527303033232,reciprocal_rank_fusion_k=60
200,Q0,FR89626-0049,446,0.32680781633948686,reciprocal_rank_fusion_k=60
200,Q0,WSJ910411-0130,447,0.32495951300004805,reciprocal_rank_fusion_k=60
200,Q0,FR88205-0060,448,0.3246817778753328,reciprocal_rank_fusion_k=60
200,Q0,WSJ920116-0135,449,0.32440816275948575,reciprocal_rank_fusion_k=60
200,Q0,AP880311-0234,450,0.323782367178552,reciprocal_rank_fusion_k=60
200,Q0,FR88607-0109,451,0.3223249070854014,reciprocal_rank_fusion_k=60
200,Q0,WSJ911230-0020,452,0.32154813346202205,reciprocal_rank_fusion_k=60
200,Q0,FR89217-0047,453,0.3211708569583947,reciprocal_rank_fusion_k=60
200,Q0,FR881202-0057,454,0.3205753124806761,reciprocal_rank_fusion_k=60
200,Q0,FR88129-0045,455,0.3201597919131146,reciprocal_rank_fusion_k=60
200,Q0,FR89815-0060,456,0.3199433107917877,reciprocal_rank_fusion_k=60
200,Q0,FR89427-0035,457,0.3187661952679149,reciprocal_rank_fusion_k=60
200,Q0,WSJ920306-0080,458,0.31849523242023625,reciprocal_rank_fusion_k=60
200,Q0,FR88603-0046,459,0.31841396654369786,reciprocal_rank_fusion_k=60
200,Q0,AP891018-0261,460,0.31830798776521246,reciprocal_rank_fusion_k=60
200,Q0,DOE1-13-0688,461,0.317623903603105,reciprocal_rank_fusion_k=60
200,Q0,FR88105-0047,462,0.3162204254703639,reciprocal_rank_fusion_k=60
200,Q0,AP880630-0026,463,0.3161885892419362,reciprocal_rank_fusion_k=60
200,Q0,WSJ910920-0123,464,0.3156084505622847,reciprocal_rank_fusion_k=60
200,Q0,DOE2-51-0425,465,0.3146223914145631,reciprocal_rank_fusion_k=60
200,Q0,FR88902-0056,466,0.3137018081321476,reciprocal_rank_fusion_k=60
200,Q0,AP880312-0208,467,0.3135112185874895,reciprocal_rank_fusion_k=60
200,Q0,FR881207-0042,468,0.3134348867828868,reciprocal_rank_fusion_k=60
200,Q0,FR89427-0034,469,0.3134113597208535,reciprocal_rank_fusion_k=60
200,Q0,AP880323-0288,470,0.3130017350998115,reciprocal_rank_fusion_k=60
200,Q0,WSJ920106-0037,471,0.31171119568910305,reciprocal_rank_fusion_k=60
200,Q0,AP880602-0316,472,0.31084239510189526,reciprocal_rank_fusion_k=60
200,Q0,FR891122-0054,473,0.3102610781945797,reciprocal_rank_fusion_k=60
200,Q0,DOE2-10-0487,474,0.3099103411869311,reciprocal_rank_fusion_k=60
200,Q0,AP881006-0103,475,0.30948012020772947,reciprocal_rank_fusion_k=60
200,Q0,FR89216-0032,476,0.3087603050733561,reciprocal_rank_fusion_k=60
200,Q0,WSJ870626-0013,477,0.30824106295716,reciprocal_rank_fusion_k=60
200,Q0,FR881207-0044,478,0.30812659174694323,reciprocal_rank_fusion_k=60
200,Q0,FR89119-0111,479,0.30757562506097363,reciprocal_rank_fusion_k=60
200,Q0,FR88923-0058,480,0.30723331027535844,reciprocal_rank_fusion_k=60
200,Q0,WSJ871110-0071,481,0.3029403570828935,reciprocal_rank_fusion_k=60
200,Q0,FR89331-0056,482,0.30087278300995274,reciprocal_rank_fusion_k=60
200,Q0,WSJ890915-0155,483,0.2991478212380787,reciprocal_rank_fusion_k=60
200,Q0,FR89601-0044,484,0.29911932176362155,reciprocal_rank_fusion_k=60
200,Q0,AP880929-0255,485,0.29860111978063086,reciprocal_rank_fusion_k=60
200,Q0,FR891025-0029,486,0.29761556273725376,reciprocal_rank_fusion_k=60
200,Q0,WSJ890726-0083,487,0.29737128906212296,reciprocal_rank_fusion_k=60
200,Q0,WSJ880824-0087,488,0.2972045330571625,reciprocal_rank_fusion_k=60
200,Q0,FR88101-0040,489,0.2971409440224088,reciprocal_rank_fusion_k=60
200,Q0,WSJ910424-0095,490,0.29691384052135156,reciprocal_rank_fusion_k=60
200,Q0,FR89720-0045,491,0.29631457206166506,reciprocal_rank_fusion_k=60
200,Q0,WSJ871204-0063,492,0.2962677692482093,reciprocal_rank_fusion_k=60
200,Q0,FR881208-0032,493,0.2961027157310539,reciprocal_rank_fusion_k=60
200,Q0,FR88906-0037,494,0.29595642990036286,reciprocal_rank_fusion_k=60
200,Q0,WSJ881020-0154,495,0.2956169858941925,reciprocal_rank_fusion_k=60
200,Q0,FR89726-0049,496,0.29364901954582384,reciprocal_rank_fusion_k=60
200,Q0,WSJ910812-0119,497,0.2929224111873073,reciprocal_rank_fusion_k=60
200,Q0,FR89126-0042,498,0.2924592041675423,reciprocal_rank_fusion_k=60
200,Q0,WSJ880526-0042,499,0.29237567935063813,reciprocal_rank_fusion_k=60
200,Q0,FR89131-0071,500,0.29216830957439144,reciprocal_rank_fusion_k=60
200,Q0,WSJ881111-0039,501,0.29093775335022987,reciprocal_rank_fusion_k=60
200,Q0,WSJ910920-0009,502,0.2901565299495956,reciprocal_rank_fusion_k=60
200,Q0,FR89301-0056,503,0.2896120290031113,reciprocal_rank_fusion_k=60
200,Q0,FR891106-0061,504,0.2893291751315976,reciprocal_rank_fusion_k=60
200,Q0,WSJ870904-0163,505,0.28805795046756194,reciprocal_rank_fusion_k=60
200,Q0,FR88101-0041,506,0.2880269290751146,reciprocal_rank_fusion_k=60
200,Q0,FR89106-0036,507,0.2879749113529407,reciprocal_rank_fusion_k=60
200,Q0,FR89615-0047,508,0.2876091476435816,reciprocal_rank_fusion_k=60
200,Q0,FR881027-0045,509,0.2868348025023391,reciprocal_rank_fusion_k=60
200,Q0,FR891031-0034,510,0.28654650163797735,reciprocal_rank_fusion_k=60
200,Q0,WSJ900727-0147,511,0.2863697749300575,reciprocal_rank_fusion_k=60
200,Q0,WSJ880912-0088,512,0.2849606749200068,reciprocal_rank_fusion_k=60
200,Q0,FR89602-0049,513,0.2846122949079612,reciprocal_rank_fusion_k=60
200,Q0,AP880912-0232,514,0.28325101365797367,reciprocal_rank_fusion_k=60
200,Q0,FR891113-0047,515,0.2826697082968736,reciprocal_rank_fusion_k=60
200,Q0,FR881110-0075,516,0.28138800937411285,reciprocal_rank_fusion_k=60
200,Q0,FR89330-0046,517,0.2799187530958326,reciprocal_rank_fusion_k=60
200,Q0,WSJ871109-0039,518,0.2798770288986284,reciprocal_rank_fusion_k=60
200,Q0,FR881121-0059,519,0.2795481963721968,reciprocal_rank_fusion_k=60
200,Q0,FR89330-0045,520,0.2791823020743158,reciprocal_rank_fusion_k=60
200,Q0,FR88503-0038,521,0.27912130836557814,reciprocal_rank_fusion_k=60
200,Q0,AP891130-0262,522,0.27797130959389243,reciprocal_rank_fusion_k=60
200,Q0,FR881202-0053,523,0.27725594098667306,reciprocal_rank_fusion_k=60
200,Q0,WSJ901224-0139,524,0.27684803562899085,reciprocal_rank_fusion_k=60
200,Q0,FR88607-0051,525,0.276417642883438,reciprocal_rank_fusion_k=60
200,Q0,FR88923-0100,526,0.2756804741844632,reciprocal_rank_fusion_k=60
200,Q0,WSJ871110-0158,527,0.27545686490820676,reciprocal_rank_fusion_k=60
200,Q0,FR881207-0046,528,0.27450475921650586,reciprocal_rank_fusion_k=60
200,Q0,FR89103-0105,529,0.27383285198859725,reciprocal_rank_fusion_k=60
200,Q0,WSJ880304-0098,530,0.27341312050780475,reciprocal_rank_fusion_k=60
200,Q0,FR89301-0055,531,0.2731780716916443,reciprocal_rank_fusion_k=60
200,Q0,AP880226-0168,532,0.272633792899492,reciprocal_rank_fusion_k=60
200,Q0,FR88101-0047,533,0.2707926811757504,reciprocal_rank_fusion_k=60
200,Q0,FR89818-0047,534,0.2702916992836519,reciprocal_rank_fusion_k=60
200,Q0,FR88831-0058,535,0.2701183865824983,reciprocal_rank_fusion_k=60
200,Q0,FR881110-0076,536,0.26969891340214114,reciprocal_rank_fusion_k=60
200,Q0,FR881128-0040,537,0.2693629949255884,reciprocal_rank_fusion_k=60
200,Q0,FR891031-0035,538,0.2659638297395694,reciprocal_rank_fusion_k=60
200,Q0,AP880909-0200,539,0.26546456127210183,reciprocal_rank_fusion_k=60
200,Q0,FR891122-0055,540,0.26546049864426857,reciprocal_rank_fusion_k=60
200,Q0,DOE2-23-0630,541,0.2647470616262494,reciprocal_rank_fusion_k=60
200,Q0,WSJ880614-0135,542,0.2643969150583405,reciprocal_rank_fusion_k=60
200,Q0,FR88518-0055,543,0.26391415581243444,reciprocal_rank_fusion_k=60
200,Q0,DOE2-61-0519,544,0.2610072483149847,reciprocal_rank_fusion_k=60
200,Q0,DOE2-74-1161,545,0.25913288995969835,reciprocal_rank_fusion_k=60
200,Q0,WSJ890915-0025,546,0.25887192918489177,reciprocal_rank_fusion_k=60
200,Q0,FR89706-0073,547,0.25848886957455636,reciprocal_rank_fusion_k=60
200,Q0,WSJ911202-0008,548,0.2581322779856237,reciprocal_rank_fusion_k=60
200,Q0,FR88516-0128,549,0.25765975274833913,reciprocal_rank_fusion_k=60
200,Q0,FR89609-0047,550,0.25711079332666725,reciprocal_rank_fusion_k=60
200,Q0,WSJ870325-0158,551,0.25580500793592503,reciprocal_rank_fusion_k=60
200,Q0,FR89331-0164,552,0.2556640268530384,reciprocal_rank_fusion_k=60
200,Q0,AP880926-0235,553,0.25535614199969303,reciprocal_rank_fusion_k=60
200,Q0,WSJ870504-0151,554,0.2552012710808511,reciprocal_rank_fusion_k=60
200,Q0,WSJ870223-0084,555,0.25502072466925313,reciprocal_rank_fusion_k=60
200,Q0,FR89630-0047,556,0.2542483634212336,reciprocal_rank_fusion_k=60
200,Q0,FR89124-0057,557,0.25293716197717186,reciprocal_rank_fusion_k=60
200,Q0,WSJ880104-0017,558,0.2512622199004806,reciprocal_rank_fusion_k=60
200,Q0,WSJ871106-0090,559,0.25054705773645325,reciprocal_rank_fusion_k=60
200,Q0,WSJ870102-0146,560,0.25034460156746047,reciprocal_rank_fusion_k=60
200,Q0,FR89503-0089,561,0.2501696034446951,reciprocal_rank_fusion_k=60
200,Q0,AP880809-0224,562,0.25000057043107227,reciprocal_rank_fusion_k=60
200,Q0,FR89103-0106,563,0.2497730299633091,reciprocal_rank_fusion_k=60
200,Q0,WSJ880712-0090,564,0.24949074157549253,reciprocal_rank_fusion_k=60
200,Q0,WSJ870601-0020,565,0.24846342246645928,reciprocal_rank_fusion_k=60
200,Q0,WSJ870703-0156,566,0.24791480037373692,reciprocal_rank_fusion_k=60
200,Q0,FR88129-0032,567,0.24658598623246555,reciprocal_rank_fusion_k=60
200,Q0,AP891127-0136,568,0.2463114282021543,reciprocal_rank_fusion_k=60
200,Q0,AP891128-0187,569,0.246081177507433,reciprocal_rank_fusion_k=60
200,Q0,FR88101-0050,570,0.24474529896450975,reciprocal_rank_fusion_k=60
200,Q0,FR89607-0095,571,0.24457368933932508,reciprocal_rank_fusion_k=60
200,Q0,WSJ861224-0182,572,0.2442312944287253,reciprocal_rank_fusion_k=60
200,Q0,WSJ870206-0062,573,0.24413800197117505,reciprocal_rank_fusion_k=60
200,Q0,WSJ880516-0088,574,0.24401377790191686,reciprocal_rank_fusion_k=60
200,Q0,WSJ880218-0034,575,0.24375705100679676,reciprocal_rank_fusion_k=60
200,Q0,AP880315-0241,576,0.24287837626613437,reciprocal_rank_fusion_k=60
200,Q0,WSJ880518-0010,577,0.24258673712945444,reciprocal_rank_fusion_k=60
200,Q0,AP881005-0256,578,0.242108450839957,reciprocal_rank_fusion_k=60
200,Q0,WSJ880610-0139,579,0.24128990855446264,reciprocal_rank_fusion_k=60
200,Q0,DOE2-31-0650,580,0.2412203436397968,reciprocal_rank_fusion_k=60
200,Q0,FR88205-0046,581,0.24052196315645913,reciprocal_rank_fusion_k=60
200,Q0,DOE2-47-0881,582,0.2388338140755226,reciprocal_rank_fusion_k=60
200,Q0,FR88825-0044,583,0.23883320461262814,reciprocal_rank_fusion_k=60
200,Q0,AP890825-0238,584,0.23849783431677618,reciprocal_rank_fusion_k=60
200,Q0,FR88211-0275,585,0.23781151767575423,reciprocal_rank_fusion_k=60
200,Q0,FR881122-0023,586,0.23698696453338078,reciprocal_rank_fusion_k=60
200,Q0,FR89201-0120,587,0.23671668621874964,reciprocal_rank_fusion_k=60
200,Q0,ZF207-155-822,588,0.23658596025682818,reciprocal_rank_fusion_k=60
200,Q0,WSJ910513-0131,589,0.23641426797449758,reciprocal_rank_fusion_k=60
200,Q0,FR88927-0060,590,0.2358457285597916,reciprocal_rank_fusion_k=60
200,Q0,FR88101-0048,591,0.23515854980060308,reciprocal_rank_fusion_k=60
200,Q0,AP880816-0229,592,0.23503059521256303,reciprocal_rank_fusion_k=60
200,Q0,FR89531-0034,593,0.23391176042089418,reciprocal_rank_fusion_k=60
200,Q0,WSJ871106-0152,594,0.23330488376120742,reciprocal_rank_fusion_k=60
200,Q0,FR89719-0125,595,0.23190937899172812,reciprocal_rank_fusion_k=60
200,Q0,FR89112-0046,596,0.23190417373363315,reciprocal_rank_fusion_k=60
200,Q0,AP880226-0015,597,0.23029899055922837,reciprocal_rank_fusion_k=60
200,Q0,FR881107-0040,598,0.22870256793392857,reciprocal_rank_fusion_k=60
200,Q0,FR881118-0040,599,0.2280123694648823,reciprocal_rank_fusion_k=60
200,Q0,AP890106-0028,600,0.2267434518784165,reciprocal_rank_fusion_k=60
200,Q0,ZF207-123-408,601,0.22596728972475305,reciprocal_rank_fusion_k=60
200,Q0,FR88205-0059,602,0.22541598313912023,reciprocal_rank_fusion_k=60
200,Q0,FR88707-0040,603,0.22430524550162442,reciprocal_rank_fusion_k=60
200,Q0,WSJ870220-0111,604,0.22367094240346314,reciprocal_rank_fusion_k=60
200,Q0,FR89503-0098,605,0.22340294636772653,reciprocal_rank_fusion_k=60
200,Q0,DOE1-23-0319,606,0.2230834324901687,reciprocal_rank_fusion_k=60
200,Q0,FR88506-0045,607,0.2224320491721871,reciprocal_rank_fusion_k=60
200,Q0,WSJ910125-0164,608,0.22041783262843564,reciprocal_rank_fusion_k=60
200,Q0,WSJ920218-0020,609,0.22040381706260068,reciprocal_rank_fusion_k=60
200,Q0,FR88812-0034,610,0.21984626908547822,reciprocal_rank_fusion_k=60
200,Q0,FR891019-0024,611,0.21934275505252557,reciprocal_rank_fusion_k=60
200,Q0,FR891113-0048,612,0.21882760878011276,reciprocal_rank_fusion_k=60
200,Q0,FR89314-0110,613,0.2186463121755849,reciprocal_rank_fusion_k=60
200,Q0,WSJ880516-0148,614,0.21827513995785722,reciprocal_rank_fusion_k=60
200,Q0,WSJ870106-0171,615,0.2172137684671962,reciprocal_rank_fusion_k=60
200,Q0,FR88915-0057,616,0.21665107831162467,reciprocal_rank_fusion_k=60
200,Q0,WSJ881024-0168,617,0.21570267827450956,reciprocal_rank_fusion_k=60
200,Q0,FR88201-0042,618,0.21536024951592925,reciprocal_rank_fusion_k=60
200,Q0,WSJ871118-0076,619,0.21420101672423003,reciprocal_rank_fusion_k=60
200,Q0,DOE2-61-1209,620,0.21337209255512438,reciprocal_rank_fusion_k=60
200,Q0,AP890215-0016,621,0.21312111146953794,reciprocal_rank_fusion_k=60
200,Q0,WSJ910910-0082,622,0.21257970308110677,reciprocal_rank_fusion_k=60
200,Q0,AP880505-0345,623,0.21188627640889207,reciprocal_rank_fusion_k=60
200,Q0,WSJ910510-0025,624,0.21170590027804298,reciprocal_rank_fusion_k=60
200,Q0,DOE1-19-0202,625,0.21169135263117472,reciprocal_rank_fusion_k=60
200,Q0,DOE1-15-1103,626,0.21007695605631055,reciprocal_rank_fusion_k=60
200,Q0,AP881012-0145,627,0.2091997634244915,reciprocal_rank_fusion_k=60
200,Q0,WSJ880304-0025,628,0.20875143763091258,reciprocal_rank_fusion_k=60
200,Q0,FR88719-0056,629,0.20782389783459185,reciprocal_rank_fusion_k=60
200,Q0,WSJ880811-0163,630,0.20677661643111764,reciprocal_rank_fusion_k=60
200,Q0,WSJ910624-0107,631,0.20660148666103845,reciprocal_rank_fusion_k=60
200,Q0,AP880326-0067,632,0.20652295524460257,reciprocal_rank_fusion_k=60
200,Q0,AP890117-0250,633,0.20632409722520972,reciprocal_rank_fusion_k=60
200,Q0,FR88105-0045,634,0.20585791060194397,reciprocal_rank_fusion_k=60
200,Q0,WSJ880223-0039,635,0.2057400716999463,reciprocal_rank_fusion_k=60
200,Q0,AP880303-0152,636,0.20565493876911173,reciprocal_rank_fusion_k=60
200,Q0,FR88726-0055,637,0.20460774974631235,reciprocal_rank_fusion_k=60
200,Q0,AP880302-0277,638,0.2041549245318169,reciprocal_rank_fusion_k=60
200,Q0,AP891004-0303,639,0.2040022812896168,reciprocal_rank_fusion_k=60
200,Q0,WSJ900515-0104,640,0.20365849947035317,reciprocal_rank_fusion_k=60
200,Q0,WSJ870107-0058,641,0.2024705331650472,reciprocal_rank_fusion_k=60
200,Q0,WSJ880404-0085,642,0.20230836836619068,reciprocal_rank_fusion_k=60
200,Q0,FR881110-0074,643,0.2019779698471294,reciprocal_rank_fusion_k=60
200,Q0,FR881026-0043,644,0.20142915309489798,reciprocal_rank_fusion_k=60
200,Q0,WSJ870901-0080,645,0.20090885357200897,reciprocal_rank_fusion_k=60
200,Q0,WSJ910927-0115,646,0.20055224140220063,reciprocal_rank_fusion_k=60
200,Q0,FR88602-0045,647,0.19917335240576342,reciprocal_rank_fusion_k=60
200,Q0,FR89703-0027,648,0.19824112667948648,reciprocal_rank_fusion_k=60
200,Q0,FR89201-0032,649,0.19752952900483123,reciprocal_rank_fusion_k=60
200,Q0,FR89726-0051,650,0.19743479506446376,reciprocal_rank_fusion_k=60
200,Q0,AP881005-0265,651,0.19725842800026322,reciprocal_rank_fusion_k=60
200,Q0,WSJ900810-0155,652,0.1957016836942765,reciprocal_rank_fusion_k=60
200,Q0,WSJ910412-0174,653,0.19512901360802648,reciprocal_rank_fusion_k=60
200,Q0,WSJ880810-0157,654,0.19416317609031053,reciprocal_rank_fusion_k=60
200,Q0,FR881202-0052,655,0.19304037578567515,reciprocal_rank_fusion_k=60
200,Q0,WSJ910619-0129,656,0.1928081929535883,reciprocal_rank_fusion_k=60
200,Q0,WSJ880920-0064,657,0.19226772077843046,reciprocal_rank_fusion_k=60
200,Q0,DOE2-39-0900,658,0.19147933435836217,reciprocal_rank_fusion_k=60
200,Q0,WSJ870825-0140,659,0.19140100325589365,reciprocal_rank_fusion_k=60
200,Q0,AP890228-0011,660,0.19003659585705826,reciprocal_rank_fusion_k=60
200,Q0,WSJ861230-0127,661,0.18990219601092004,reciprocal_rank_fusion_k=60
200,Q0,WSJ900912-0056,662,0.18871345569294254,reciprocal_rank_fusion_k=60
200,Q0,WSJ880916-0096,663,0.18609634809003744,reciprocal_rank_fusion_k=60
200,Q0,DOE1-24-0048,664,0.1860132410981279,reciprocal_rank_fusion_k=60
200,Q0,WSJ880504-0082,665,0.18430956062821724,reciprocal_rank_fusion_k=60
200,Q0,WSJ880104-0022,666,0.18368254359477282,reciprocal_rank_fusion_k=60
200,Q0,WSJ910503-0181,667,0.1835582212480183,reciprocal_rank_fusion_k=60
200,Q0,WSJ880324-0062,668,0.18350806172318151,reciprocal_rank_fusion_k=60
200,Q0,WSJ900914-0103,669,0.18340034578207923,reciprocal_rank_fusion_k=60
200,Q0,FR89928-0050,670,0.1816140069004079,reciprocal_rank_fusion_k=60
200,Q0,WSJ870226-0151,671,0.18160793858893032,reciprocal_rank_fusion_k=60
200,Q0,FR88514-0001,672,0.18158061151974192,reciprocal_rank_fusion_k=60
200,Q0,FR88708-0060,673,0.18143567440583694,reciprocal_rank_fusion_k=60
200,Q0,FR88120-0027,674,0.1811098299940944,reciprocal_rank_fusion_k=60
200,Q0,WSJ871127-0151,675,0.1809363034967934,reciprocal_rank_fusion_k=60
200,Q0,FR89503-0099,676,0.18070816482694477,reciprocal_rank_fusion_k=60
200,Q0,FR88129-0031,677,0.1795284981214954,reciprocal_rank_fusion_k=60
200,Q0,ZF207-948-844,678,0.17881465033605295,reciprocal_rank_fusion_k=60
200,Q0,FR881125-0043,679,0.17871215633287857,reciprocal_rank_fusion_k=60
200,Q0,FR88726-0056,680,0.17849979868410137,reciprocal_rank_fusion_k=60
200,Q0,AP881130-0280,681,0.17832753278249366,reciprocal_rank_fusion_k=60
200,Q0,WSJ870427-0033,682,0.1777841019422416,reciprocal_rank_fusion_k=60
200,Q0,WSJ901221-0175,683,0.17639212266440793,reciprocal_rank_fusion_k=60
200,Q0,WSJ880115-0057,684,0.1750576494795315,reciprocal_rank_fusion_k=60
200,Q0,WSJ880427-0003,685,0.17477066480061018,reciprocal_rank_fusion_k=60
200,Q0,FR89127-0065,686,0.1746993637489505,reciprocal_rank_fusion_k=60
200,Q0,WSJ880324-0127,687,0.17442015661537338,reciprocal_rank_fusion_k=60
200,Q0,AP881015-0078,688,0.1733632729428146,reciprocal_rank_fusion_k=60
200,Q0,FR88824-0049,689,0.17326231967635722,reciprocal_rank_fusion_k=60
200,Q0,FR89418-0048,690,0.17211829640278142,reciprocal_rank_fusion_k=60
200,Q0,AP880607-0250,691,0.1719526711435162,reciprocal_rank_fusion_k=60
200,Q0,WSJ870420-0073,692,0.17117775314280115,reciprocal_rank_fusion_k=60
200,Q0,ZF108-579-642,693,0.17104505612295878,reciprocal_rank_fusion_k=60
200,Q0,WSJ890822-0091,694,0.1702048258364404,reciprocal_rank_fusion_k=60
200,Q0,DOE2-19-1148,695,0.17015341937874368,reciprocal_rank_fusion_k=60
200,Q0,FR89525-0050,696,0.16988647358131437,reciprocal_rank_fusion_k=60
200,Q0,WSJ890810-0094,697,0.1696022155082421,reciprocal_rank_fusion_k=60
200,Q0,FR89821-0045,698,0.16863975783374718,reciprocal_rank_fusion_k=60
200,Q0,FR89418-0042,699,0.1685696644237921,reciprocal_rank_fusion_k=60
200,Q0,AP890406-0228,700,0.1680993781822304,reciprocal_rank_fusion_k=60
200,Q0,WSJ870724-0080,701,0.1675531379896118,reciprocal_rank_fusion_k=60
200,Q0,WSJ871217-0173,702,0.1671463944216332,reciprocal_rank_fusion_k=60
200,Q0,WSJ870511-0109,703,0.16699411782584914,reciprocal_rank_fusion_k=60
200,Q0,WSJ900806-0113,704,0.16695432886013714,reciprocal_rank_fusion_k=60
200,Q0,WSJ870501-0027,705,0.16684859409269429,reciprocal_rank_fusion_k=60
200,Q0,FR88615-0068,706,0.1660574690168287,reciprocal_rank_fusion_k=60
200,Q0,FR89418-0041,707,0.1659092983620734,reciprocal_rank_fusion_k=60
200,Q0,ZF109-536-573,708,0.16555465601031905,reciprocal_rank_fusion_k=60
200,Q0,ZF207-236-134,709,0.1654942558670414,reciprocal_rank_fusion_k=60
200,Q0,FR88211-0286,710,0.16521835658104783,reciprocal_rank_fusion_k=60
200,Q0,WSJ890920-0165,711,0.16521786468921854,reciprocal_rank_fusion_k=60
200,Q0,WSJ880422-0187,712,0.16516667165380378,reciprocal_rank_fusion_k=60
200,Q0,FR88115-0044,713,0.16493610611902418,reciprocal_rank_fusion_k=60
200,Q0,FR89530-0079,714,0.1645951980232569,reciprocal_rank_fusion_k=60
200,Q0,WSJ880512-0131,715,0.1643437610644559,reciprocal_rank_fusion_k=60
200,Q0,FR89329-0033,716,0.16415700891804014,reciprocal_rank_fusion_k=60
200,Q0,FR88926-0056,717,0.16405405224513445,reciprocal_rank_fusion_k=60
200,Q0,ZF207-648-330,718,0.16320946993508725,reciprocal_rank_fusion_k=60
200,Q0,WSJ920214-0152,719,0.16303004638322158,reciprocal_rank_fusion_k=60
200,Q0,WSJ880406-0100,720,0.1626374717894527,reciprocal_rank_fusion_k=60
200,Q0,WSJ871216-0024,721,0.16179896042191474,reciprocal_rank_fusion_k=60
200,Q0,AP880906-0218,722,0.1615170771093421,reciprocal_rank_fusion_k=60
200,Q0,DOE1-80-0469,723,0.16133858267445458,reciprocal_rank_fusion_k=60
200,Q0,FR881109-0030,724,0.1609217189625977,reciprocal_rank_fusion_k=60
200,Q0,AP880328-0009,725,0.1603553560890433,reciprocal_rank_fusion_k=60
200,Q0,ZF207-317-421,726,0.1598055595222103,reciprocal_rank_fusion_k=60
200,Q0,WSJ870526-0139,727,0.159618794298526,reciprocal_rank_fusion_k=60
200,Q0,WSJ871117-0030,728,0.1594050181627721,reciprocal_rank_fusion_k=60
200,Q0,FR88923-0061,729,0.1593636863842814,reciprocal_rank_fusion_k=60
200,Q0,AP890817-0116,730,0.1591120036283708,reciprocal_rank_fusion_k=60
200,Q0,WSJ900806-0023,731,0.15906743638307266,reciprocal_rank_fusion_k=60
200,Q0,WSJ871009-0069,732,0.15890966710765536,reciprocal_rank_fusion_k=60
200,Q0,WSJ910228-0162,733,0.15851476524235472,reciprocal_rank_fusion_k=60
200,Q0,DOE2-58-1089,734,0.15844562269860113,reciprocal_rank_fusion_k=60
200,Q0,WSJ920110-0103,735,0.1583292242941693,reciprocal_rank_fusion_k=60
200,Q0,AP881012-0245,736,0.15795094138304888,reciprocal_rank_fusion_k=60
200,Q0,WSJ870206-0041,737,0.1578518748087082,reciprocal_rank_fusion_k=60
200,Q0,FR88718-0109,738,0.15694867722557837,reciprocal_rank_fusion_k=60
200,Q0,WSJ900831-0161,739,0.15645554152386473,reciprocal_rank_fusion_k=60
200,Q0,FR89720-0043,740,0.15610813631893394,reciprocal_rank_fusion_k=60
200,Q0,WSJ880602-0107,741,0.15532836981550513,reciprocal_rank_fusion_k=60
200,Q0,WSJ891006-0070,742,0.1549240671585833,reciprocal_rank_fusion_k=60
200,Q0,WSJ871112-0128,743,0.15465150158731644,reciprocal_rank_fusion_k=60
200,Q0,AP880513-0289,744,0.15440674874186275,reciprocal_rank_fusion_k=60
200,Q0,WSJ910125-0120,745,0.1536890170780293,reciprocal_rank_fusion_k=60
200,Q0,AP880801-0024,746,0.15358677302679818,reciprocal_rank_fusion_k=60
200,Q0,AP880425-0297,747,0.15322727582315787,reciprocal_rank_fusion_k=60
200,Q0,AP890715-0057,748,0.1531135794888928,reciprocal_rank_fusion_k=60
200,Q0,WSJ870702-0155,749,0.1530461440031811,reciprocal_rank_fusion_k=60
200,Q0,WSJ910315-0197,750,0.153022687228208,reciprocal_rank_fusion_k=60
200,Q0,WSJ861218-0071,751,0.15293061909054523,reciprocal_rank_fusion_k=60
200,Q0,WSJ891031-0138,752,0.15251359181020507,reciprocal_rank_fusion_k=60
200,Q0,AP890612-0281,753,0.1519608525258952,reciprocal_rank_fusion_k=60
200,Q0,WSJ910620-0164,754,0.1512413788806129,reciprocal_rank_fusion_k=60
200,Q0,AP880625-0032,755,0.15112582694338844,reciprocal_rank_fusion_k=60
200,Q0,WSJ911217-0109,756,0.1510083836287049,reciprocal_rank_fusion_k=60
200,Q0,AP880317-0286,757,0.15093205264218673,reciprocal_rank_fusion_k=60
200,Q0,FR88208-0033,758,0.15043197245616594,reciprocal_rank_fusion_k=60
200,Q0,WSJ871030-0003,759,0.15041840886028585,reciprocal_rank_fusion_k=60
200,Q0,WSJ870312-0046,760,0.14958721979100553,reciprocal_rank_fusion_k=60
200,Q0,WSJ900906-0081,761,0.14909572718180852,reciprocal_rank_fusion_k=60
200,Q0,WSJ910822-0117,762,0.14870590349446672,reciprocal_rank_fusion_k=60
200,Q0,WSJ870811-0087,763,0.14843911243203994,reciprocal_rank_fusion_k=60
200,Q0,FR881024-0194,764,0.14833156298705036,reciprocal_rank_fusion_k=60
200,Q0,WSJ900831-0024,765,0.14811076176196528,reciprocal_rank_fusion_k=60
200,Q0,DOE2-64-1233,766,0.14800788331790973,reciprocal_rank_fusion_k=60
200,Q0,WSJ871123-0169,767,0.14786544484343384,reciprocal_rank_fusion_k=60
200,Q0,FR881202-0051,768,0.14772182144894816,reciprocal_rank_fusion_k=60
200,Q0,DOE1-34-0129,769,0.14759391967032046,reciprocal_rank_fusion_k=60
200,Q0,WSJ880803-0009,770,0.14716396126111095,reciprocal_rank_fusion_k=60
200,Q0,WSJ920323-0079,771,0.1471586696161743,reciprocal_rank_fusion_k=60
200,Q0,WSJ881011-0073,772,0.1469244724883766,reciprocal_rank_fusion_k=60
200,Q0,AP880725-0252,773,0.14668593889648876,reciprocal_rank_fusion_k=60
200,Q0,FR89531-0118,774,0.14645767258004125,reciprocal_rank_fusion_k=60
200,Q0,WSJ910417-0176,775,0.14602594478710212,reciprocal_rank_fusion_k=60
200,Q0,WSJ910118-0110,776,0.1457950629295178,reciprocal_rank_fusion_k=60
200,Q0,WSJ870323-0047,777,0.14552717898582576,reciprocal_rank_fusion_k=60
200,Q0,WSJ871228-0030,778,0.14505298492026186,reciprocal_rank_fusion_k=60
200,Q0,WSJ880725-0134,779,0.1448997334038944,reciprocal_rank_fusion_k=60
200,Q0,WSJ890922-0125,780,0.14479544312697154,reciprocal_rank_fusion_k=60
200,Q0,AP890127-0303,781,0.14422611809371472,reciprocal_rank_fusion_k=60
200,Q0,AP880510-0009,782,0.1441157479435537,reciprocal_rank_fusion_k=60
200,Q0,WSJ910731-0105,783,0.14389590240755584,reciprocal_rank_fusion_k=60
200,Q0,WSJ880421-0124,784,0.1436231183933489,reciprocal_rank_fusion_k=60
200,Q0,FR89418-0047,785,0.1435670332484784,reciprocal_rank_fusion_k=60
200,Q0,FR89418-0046,786,0.14339879133620428,reciprocal_rank_fusion_k=60
200,Q0,AP880909-0254,787,0.14337708900003776,reciprocal_rank_fusion_k=60
200,Q0,DOE1-15-0714,788,0.14335076971455482,reciprocal_rank_fusion_k=60
200,Q0,DOE1-39-0957,789,0.1417109556122997,reciprocal_rank_fusion_k=60
200,Q0,AP881129-0012,790,0.14067496185747777,reciprocal_rank_fusion_k=60
200,Q0,WSJ910919-0148,791,0.14060958400999077,reciprocal_rank_fusion_k=60
200,Q0,WSJ910626-0076,792,0.13889412722987465,reciprocal_rank_fusion_k=60
200,Q0,DOE1-45-0627,793,0.1385979973213763,reciprocal_rank_fusion_k=60
200,Q0,WSJ870408-0150,794,0.13765018039855964,reciprocal_rank_fusion_k=60
200,Q0,WSJ881107-0094,795,0.137079502063589,reciprocal_rank_fusion_k=60
200,Q0,WSJ880315-0003,796,0.1355212964577287,reciprocal_rank_fusion_k=60
200,Q0,AP881207-0259,797,0.13521650045324787,reciprocal_rank_fusion_k=60
200,Q0,WSJ900611-0120,798,0.13450176108913547,reciprocal_rank_fusion_k=60
200,Q0,WSJ880418-0087,799,0.1338105053045296,reciprocal_rank_fusion_k=60
200,Q0,AP881110-0254,800,0.13366676696351415,reciprocal_rank_fusion_k=60
200,Q0,WSJ881028-0023,801,0.1334489506682718,reciprocal_rank_fusion_k=60
200,Q0,WSJ910906-0182,802,0.13339613155507593,reciprocal_rank_fusion_k=60
200,Q0,WSJ861212-0040,803,0.13294432764116831,reciprocal_rank_fusion_k=60
200,Q0,ZF108-819-946,804,0.1325126662218771,reciprocal_rank_fusion_k=60
200,Q0,WSJ880209-0060,805,0.13250703696322721,reciprocal_rank_fusion_k=60
200,Q0,FR89201-0119,806,0.13191188839907406,reciprocal_rank_fusion_k=60
200,Q0,ZF207-333-228,807,0.13187303694000133,reciprocal_rank_fusion_k=60
200,Q0,DOE1-57-0577,808,0.13179425617554183,reciprocal_rank_fusion_k=60
200,Q0,FR881110-0018,809,0.1317682510997923,reciprocal_rank_fusion_k=60
200,Q0,WSJ870703-0146,810,0.13165434602895731,reciprocal_rank_fusion_k=60
200,Q0,WSJ920103-0094,811,0.13162804077211862,reciprocal_rank_fusion_k=60
200,Q0,WSJ890922-0106,812,0.13151405192400914,reciprocal_rank_fusion_k=60
200,Q0,ZF207-853-784,813,0.13139457753564,reciprocal_rank_fusion_k=60
200,Q0,FR89517-0040,814,0.1309795427276778,reciprocal_rank_fusion_k=60
200,Q0,AP890612-0007,815,0.13037811631311713,reciprocal_rank_fusion_k=60
200,Q0,FR881109-0032,816,0.1302961691507546,reciprocal_rank_fusion_k=60
200,Q0,FR89418-0037,817,0.1302347197608349,reciprocal_rank_fusion_k=60
200,Q0,WSJ920309-0120,818,0.13005589261754483,reciprocal_rank_fusion_k=60
200,Q0,DOE2-23-0628,819,0.12996480553086248,reciprocal_rank_fusion_k=60
200,Q0,WSJ880412-0141,820,0.12976495791587664,reciprocal_rank_fusion_k=60
200,Q0,WSJ870903-0143,821,0.12970079050305244,reciprocal_rank_fusion_k=60
200,Q0,WSJ870902-0106,822,0.12965015793236018,reciprocal_rank_fusion_k=60
200,Q0,ZF109-732-481,823,0.1295335526495683,reciprocal_rank_fusion_k=60
200,Q0,WSJ891026-0134,824,0.12914972037260294,reciprocal_rank_fusion_k=60
200,Q0,WSJ910114-0107,825,0.12911399862753958,reciprocal_rank_fusion_k=60
200,Q0,FR89201-0031,826,0.12910407233163373,reciprocal_rank_fusion_k=60
200,Q0,WSJ910806-0120,827,0.12899810542381074,reciprocal_rank_fusion_k=60
200,Q0,DOE1-42-0127,828,0.1285934605893934,reciprocal_rank_fusion_k=60
200,Q0,AP890222-0270,829,0.12850631649921015,reciprocal_rank_fusion_k=60
200,Q0,WSJ920316-0108,830,0.1285027400509205,reciprocal_rank_fusion_k=60
200,Q0,AP881102-0276,831,0.12846659885576647,reciprocal_rank_fusion_k=60
200,Q0,AP880506-0041,832,0.12832465719399294,reciprocal_rank_fusion_k=60
200,Q0,AP880718-0115,833,0.12820730467442848,reciprocal_rank_fusion_k=60
200,Q0,AP890203-0244,834,0.1278717033185251,reciprocal_rank_fusion_k=60
200,Q0,WSJ871005-0157,835,0.12786679445930327,reciprocal_rank_fusion_k=60
200,Q0,FR881109-0028,836,0.12777511600002808,reciprocal_rank_fusion_k=60
200,Q0,WSJ910703-0004,837,0.12696984411736717,reciprocal_rank_fusion_k=60
200,Q0,WSJ871005-0127,838,0.1264255231175808,reciprocal_rank_fusion_k=60
200,Q0,WSJ910411-0062,839,0.12622827325753774,reciprocal_rank_fusion_k=60
200,Q0,WSJ870106-0115,840,0.12615081923093643,reciprocal_rank_fusion_k=60
200,Q0,ZF108-489-368,841,0.12517076120871623,reciprocal_rank_fusion_k=60
200,Q0,ZF108-287-866,842,0.1248890460994122,reciprocal_rank_fusion_k=60
200,Q0,FR881109-0029,843,0.12487927174338756,reciprocal_rank_fusion_k=60
200,Q0,AP881028-0261,844,0.12479975812297611,reciprocal_rank_fusion_k=60
200,Q0,WSJ910417-0117,845,0.12458456670054911,reciprocal_rank_fusion_k=60
200,Q0,AP881031-0317,846,0.12447901980091701,reciprocal_rank_fusion_k=60
200,Q0,WSJ890920-0160,847,0.12417471468020654,reciprocal_rank_fusion_k=60
200,Q0,FR89201-0033,848,0.12410554274028424,reciprocal_rank_fusion_k=60
200,Q0,FR881109-0031,849,0.12361277738689302,reciprocal_rank_fusion_k=60
200,Q0,WSJ880808-0057,850,0.12267388143657218,reciprocal_rank_fusion_k=60
200,Q0,WSJ870203-0050,851,0.12259072084023405,reciprocal_rank_fusion_k=60
200,Q0,WSJ910521-0112,852,0.12204852554924417,reciprocal_rank_fusion_k=60
200,Q0,ZF207-555-222,853,0.12200551556295353,reciprocal_rank_fusion_k=60
200,Q0,WSJ880323-0116,854,0.12180450181179858,reciprocal_rank_fusion_k=60
200,Q0,WSJ900709-0021,855,0.12175271068603785,reciprocal_rank_fusion_k=60
200,Q0,FR89418-0040,856,0.12162222758828468,reciprocal_rank_fusion_k=60
200,Q0,DOE2-61-0703,857,0.12142219133996272,reciprocal_rank_fusion_k=60
200,Q0,AP891129-0238,858,0.12130270735487066,reciprocal_rank_fusion_k=60
200,Q0,WSJ870211-0027,859,0.12126462931556561,reciprocal_rank_fusion_k=60
200,Q0,WSJ881101-0007,860,0.12087524110644951,reciprocal_rank_fusion_k=60
200,Q0,WSJ870804-0136,861,0.12081570494523483,reciprocal_rank_fusion_k=60
200,Q0,ZF107-925-312,862,0.12066874385744923,reciprocal_rank_fusion_k=60
200,Q0,AP881003-0118,863,0.12060626386593576,reciprocal_rank_fusion_k=60
200,Q0,WSJ870911-0073,864,0.1205724243997449,reciprocal_rank_fusion_k=60
200,Q0,AP880411-0283,865,0.12015703861158154,reciprocal_rank_fusion_k=60
200,Q0,AP880301-0099,866,0.11982180625968433,reciprocal_rank_fusion_k=60
200,Q0,WSJ880304-0185,867,0.11940110692989442,reciprocal_rank_fusion_k=60
200,Q0,WSJ920117-0074,868,0.11938288730790775,reciprocal_rank_fusion_k=60
200,Q0,FR881109-0035,869,0.1192393981322906,reciprocal_rank_fusion_k=60
200,Q0,FR881109-0036,870,0.11923336703765476,reciprocal_rank_fusion_k=60
200,Q0,WSJ901220-0170,871,0.11916155608962915,reciprocal_rank_fusion_k=60
200,Q0,AP891017-0273,872,0.1189162453328559,reciprocal_rank_fusion_k=60
200,Q0,FR89201-0124,873,0.11880785308450234,reciprocal_rank_fusion_k=60
200,Q0,AP881027-0247,874,0.11878600146850388,reciprocal_rank_fusion_k=60
200,Q0,WSJ900517-0080,875,0.1185489133821426,reciprocal_rank_fusion_k=60
200,Q0,FR891127-0092,876,0.11853061223617732,reciprocal_rank_fusion_k=60
200,Q0,ZF207-246-125,877,0.11842931685673005,reciprocal_rank_fusion_k=60
200,Q0,ZF207-758-566,878,0.1181770026468282,reciprocal_rank_fusion_k=60
200,Q0,AP880830-0232,879,0.1181229498953021,reciprocal_rank_fusion_k=60
200,Q0,WSJ881005-0104,880,0.11771960458809498,reciprocal_rank_fusion_k=60
200,Q0,WSJ870609-0088,881,0.11743324274717964,reciprocal_rank_fusion_k=60
200,Q0,WSJ920203-0052,882,0.11696951665882414,reciprocal_rank_fusion_k=60
200,Q0,WSJ910208-0011,883,0.11690695507910605,reciprocal_rank_fusion_k=60
200,Q0,DOE2-18-1181,884,0.11677765931310716,reciprocal_rank_fusion_k=60
200,Q0,WSJ870608-0016,885,0.11665987256164023,reciprocal_rank_fusion_k=60
200,Q0,ZF207-187-212,886,0.11585782171846225,reciprocal_rank_fusion_k=60
200,Q0,WSJ881031-0157,887,0.11544729423450473,reciprocal_rank_fusion_k=60
200,Q0,AP891216-0082,888,0.11518511307316467,reciprocal_rank_fusion_k=60
200,Q0,FR89418-0033,889,0.1149946133486831,reciprocal_rank_fusion_k=60
200,Q0,WSJ910403-0025,890,0.11495053052483913,reciprocal_rank_fusion_k=60
200,Q0,WSJ910708-0077,891,0.1147823492993659,reciprocal_rank_fusion_k=60
200,Q0,FR89418-0039,892,0.11461385023054944,reciprocal_rank_fusion_k=60
200,Q0,WSJ880912-0092,893,0.11454939282520195,reciprocal_rank_fusion_k=60
200,Q0,DOE1-28-0796,894,0.11425078087811875,reciprocal_rank_fusion_k=60
200,Q0,FR88120-0097,895,0.11420716875262642,reciprocal_rank_fusion_k=60
200,Q0,DOE2-09-0905,896,0.11419780874570272,reciprocal_rank_fusion_k=60
200,Q0,ZF108-335-052,897,0.11418031240338608,reciprocal_rank_fusion_k=60
200,Q0,AP890114-0123,898,0.114067310470174,reciprocal_rank_fusion_k=60
200,Q0,FR88825-0147,899,0.11355129787896107,reciprocal_rank_fusion_k=60
200,Q0,DOE1-79-0463,900,0.11336403350661127,reciprocal_rank_fusion_k=60
200,Q0,WSJ871109-0004,901,0.11309792174218902,reciprocal_rank_fusion_k=60
200,Q0,WSJ870512-0012,902,0.11308820387329073,reciprocal_rank_fusion_k=60
200,Q0,WSJ880104-0037,903,0.1129152785744838,reciprocal_rank_fusion_k=60
200,Q0,WSJ880426-0063,904,0.112658898603616,reciprocal_rank_fusion_k=60
200,Q0,WSJ880217-0135,905,0.1124013318195508,reciprocal_rank_fusion_k=60
200,Q0,WSJ880803-0047,906,0.11234791085607347,reciprocal_rank_fusion_k=60
200,Q0,WSJ910709-0020,907,0.11207212983942731,reciprocal_rank_fusion_k=60
200,Q0,WSJ890814-0010,908,0.11195894856441171,reciprocal_rank_fusion_k=60
200,Q0,AP880906-0116,909,0.11190023678803429,reciprocal_rank_fusion_k=60
200,Q0,ZF207-948-754,910,0.1118175386750502,reciprocal_rank_fusion_k=60
200,Q0,AP880504-0291,911,0.11170766075702002,reciprocal_rank_fusion_k=60
200,Q0,WSJ910611-0140,912,0.11141022450871661,reciprocal_rank_fusion_k=60
200,Q0,AP880423-0186,913,0.11128016866289714,reciprocal_rank_fusion_k=60
200,Q0,AP890605-0071,914,0.11118605107126502,reciprocal_rank_fusion_k=60
200,Q0,WSJ870928-0132,915,0.11114816705303983,reciprocal_rank_fusion_k=60
200,Q0,WSJ920109-0053,916,0.11110235369766334,reciprocal_rank_fusion_k=60
200,Q0,FR88923-0159,917,0.11029984318730376,reciprocal_rank_fusion_k=60
200,Q0,WSJ910308-0078,918,0.1101477268848132,reciprocal_rank_fusion_k=60
200,Q0,FR88602-0137,919,0.11011800576968696,reciprocal_rank_fusion_k=60
200,Q0,WSJ880902-0105,920,0.10993624365605745,reciprocal_rank_fusion_k=60
200,Q0,FR89418-0044,921,0.10984137122066567,reciprocal_rank_fusion_k=60
200,Q0,DOE1-86-0113,922,0.10955761520195002,reciprocal_rank_fusion_k=60
200,Q0,WSJ911106-0098,923,0.1090430947311559,reciprocal_rank_fusion_k=60
200,Q0,FR881109-0033,924,0.1090196022703275,reciprocal_rank_fusion_k=60
200,Q0,AP880901-0216,925,0.10879505357736914,reciprocal_rank_fusion_k=60
200,Q0,WSJ880405-0107,926,0.10877536941418868,reciprocal_rank_fusion_k=60
200,Q0,WSJ920113-0060,927,0.10862167936062353,reciprocal_rank_fusion_k=60
200,Q0,FR88614-0154,928,0.10836735606281352,reciprocal_rank_fusion_k=60
200,Q0,WSJ870731-0031,929,0.10828392592353589,reciprocal_rank_fusion_k=60
200,Q0,WSJ891018-0118,930,0.1082264732572908,reciprocal_rank_fusion_k=60
200,Q0,WSJ900809-0072,931,0.1080783403805866,reciprocal_rank_fusion_k=60
200,Q0,WSJ890831-0126,932,0.10807057548759212,reciprocal_rank_fusion_k=60
200,Q0,WSJ910611-0068,933,0.10773157804354626,reciprocal_rank_fusion_k=60
200,Q0,WSJ880523-0058,934,0.10770857100424139,reciprocal_rank_fusion_k=60
200,Q0,AP880311-0044,935,0.10770437946357002,reciprocal_rank_fusion_k=60
200,Q0,DOE1-63-0710,936,0.10762260053911624,reciprocal_rank_fusion_k=60
200,Q0,WSJ870723-0146,937,0.10704529792909327,reciprocal_rank_fusion_k=60
200,Q0,FR881109-0034,938,0.10699512836998996,reciprocal_rank_fusion_k=60
200,Q0,WSJ861218-0024,939,0.10693039922778703,reciprocal_rank_fusion_k=60
200,Q0,WSJ910304-0111,940,0.10662244344397959,reciprocal_rank_fusion_k=60
200,Q0,FR88114-0035,941,0.10625684309504269,reciprocal_rank_fusion_k=60
200,Q0,WSJ910103-0080,942,0.10622364990695901,reciprocal_rank_fusion_k=60
200,Q0,FR89418-0038,943,0.10589117340451425,reciprocal_rank_fusion_k=60
200,Q0,WSJ910409-0088,944,0.10579054592103154,reciprocal_rank_fusion_k=60
200,Q0,DOE1-88-0872,945,0.10576591389442692,reciprocal_rank_fusion_k=60
200,Q0,AP880621-0016,946,0.10576505653772576,reciprocal_rank_fusion_k=60
200,Q0,WSJ880425-0152,947,0.10570218673488761,reciprocal_rank_fusion_k=60
200,Q0,WSJ890809-0013,948,0.10563853800113983,reciprocal_rank_fusion_k=60
200,Q0,WSJ880412-0063,949,0.10563605114109932,reciprocal_rank_fusion_k=60
200,Q0,FR88712-0091,950,0.10541414115418092,reciprocal_rank_fusion_k=60
200,Q0,AP890225-0160,951,0.10532877663136321,reciprocal_rank_fusion_k=60
200,Q0,DOE2-23-1090,952,0.10521712961752018,reciprocal_rank_fusion_k=60
200,Q0,WSJ910809-0086,953,0.1050720110426781,reciprocal_rank_fusion_k=60
200,Q0,AP880311-0137,954,0.10495189589871465,reciprocal_rank_fusion_k=60
200,Q0,WSJ910117-0028,955,0.10475924097877314,reciprocal_rank_fusion_k=60
200,Q0,WSJ891003-0179,956,0.10475661212394931,reciprocal_rank_fusion_k=60
200,Q0,WSJ870427-0012,957,0.10465158006056287,reciprocal_rank_fusion_k=60
200,Q0,WSJ870918-0055,958,0.10464138929757937,reciprocal_rank_fusion_k=60
200,Q0,AP881116-0001,959,0.10414096980471002,reciprocal_rank_fusion_k=60
200,Q0,WSJ910107-0117,960,0.10402853078446582,reciprocal_rank_fusion_k=60
200,Q0,DOE1-39-0956,961,0.1040184203325767,reciprocal_rank_fusion_k=60
200,Q0,FR89627-0049,962,0.1038610314893731,reciprocal_rank_fusion_k=60
200,Q0,WSJ870428-0130,963,0.10381653582682301,reciprocal_rank_fusion_k=60
200,Q0,ZF108-611-696,964,0.10321673534863883,reciprocal_rank_fusion_k=60
200,Q0,WSJ920121-0148,965,0.10312287391712512,reciprocal_rank_fusion_k=60
200,Q0,WSJ910419-0140,966,0.10299063037371248,reciprocal_rank_fusion_k=60
200,Q0,WSJ870527-0109,967,0.10293810851908403,reciprocal_rank_fusion_k=60
200,Q0,AP880908-0236,968,0.102586235650395,reciprocal_rank_fusion_k=60
200,Q0,WSJ910628-0180,969,0.10205833499965147,reciprocal_rank_fusion_k=60
200,Q0,WSJ880406-0146,970,0.10205567565217225,reciprocal_rank_fusion_k=60
200,Q0,FR88504-0029,971,0.10117759401801069,reciprocal_rank_fusion_k=60
200,Q0,DOE2-09-0853,972,0.10115373541054716,reciprocal_rank_fusion_k=60
200,Q0,AP890223-0253,973,0.10105584491747364,reciprocal_rank_fusion_k=60
200,Q0,WSJ880804-0098,974,0.10100310935671247,reciprocal_rank_fusion_k=60
200,Q0,AP881121-0229,975,0.10049897784620017,reciprocal_rank_fusion_k=60
200,Q0,WSJ890816-0134,976,0.1000185206914245,reciprocal_rank_fusion_k=60
200,Q0,FR88902-0139,977,0.09996007219855169,reciprocal_rank_fusion_k=60
200,Q0,WSJ870528-0112,978,0.09988311161562421,reciprocal_rank_fusion_k=60
200,Q0,WSJ900725-0004,979,0.09976271149361142,reciprocal_rank_fusion_k=60
200,Q0,WSJ910726-0185,980,0.09940628824082874,reciprocal_rank_fusion_k=60
200,Q0,WSJ880805-0110,981,0.09901379640275912,reciprocal_rank_fusion_k=60
200,Q0,WSJ881021-0084,982,0.09895472245277961,reciprocal_rank_fusion_k=60
200,Q0,AP890426-0137,983,0.09893151676780261,reciprocal_rank_fusion_k=60
200,Q0,WSJ870825-0093,984,0.0983575737307382,reciprocal_rank_fusion_k=60
200,Q0,FR88107-0081,985,0.09810954173751085,reciprocal_rank_fusion_k=60
200,Q0,FR88908-0167,986,0.09799511325474117,reciprocal_rank_fusion_k=60
200,Q0,AP880602-0279,987,0.09753768811388473,reciprocal_rank_fusion_k=60
200,Q0,FR89518-0041,988,0.09748232982222084,reciprocal_rank_fusion_k=60
200,Q0,FR89403-0067,989,0.09723761273189609,reciprocal_rank_fusion_k=60
200,Q0,AP880607-0043,990,0.0972082890655901,reciprocal_rank_fusion_k=60
200,Q0,DOE2-44-0036,991,0.09705219778041452,reciprocal_rank_fusion_k=60
200,Q0,DOE1-45-0462,992,0.0969856625938969,reciprocal_rank_fusion_k=60
200,Q0,DOE2-82-0911,993,0.09688584723330847,reciprocal_rank_fusion_k=60
200,Q0,FR89201-0028,994,0.09667863620070108,reciprocal_rank_fusion_k=60
200,Q0,AP891102-0298,995,0.0966616885212106,reciprocal_rank_fusion_k=60
200,Q0,WSJ880210-0118,996,0.09663196592350624,reciprocal_rank_fusion_k=60
200,Q0,WSJ880212-0135,997,0.09635454176684354,reciprocal_rank_fusion_k=60
200,Q0,WSJ861226-0086,998,0.09624737769764746,reciprocal_rank_fusion_k=60
200,Q0,WSJ880726-0062,999,0.09608939643576331,reciprocal_rank_fusion_k=60
200,Q0,WSJ880309-0003,1000,0.09602936656440285,reciprocal_rank_fusion_k=60
