query,q0,docid,rank,score,system
104,Q0,AP900305-0207,1,14.355838428515918,minmaxnorm
104,Q0,AP901002-0015,2,13.454832945191136,minmaxnorm
104,Q0,SJMN91-06037162,3,13.196744910164425,minmaxnorm
104,Q0,SJMN91-06035038,4,13.006876437044964,minmaxnorm
104,Q0,SJMN91-06035191,5,12.936964020966855,minmaxnorm
104,Q0,AP900119-0111,6,12.611838544524568,minmaxnorm
104,Q0,AP901026-0151,7,12.560278934563334,minmaxnorm
104,Q0,AP901126-0005,8,12.33364866583328,minmaxnorm
104,Q0,AP900514-0233,9,11.764563591317927,minmaxnorm
104,Q0,AP900516-0186,10,11.479815774723503,minmaxnorm
104,Q0,AP900305-0091,11,11.4579087180996,minmaxnorm
104,Q0,AP900202-0250,12,11.387953127981598,minmaxnorm
104,Q0,AP900108-0176,13,11.377422788294757,minmaxnorm
104,Q0,AP900303-0012,14,10.640369884328269,minmaxnorm
104,Q0,AP900102-0033,15,10.41180626159531,minmaxnorm
104,Q0,AP900731-0015,16,10.37225333065127,minmaxnorm
104,Q0,SJMN91-06169093,17,10.049960119588848,minmaxnorm
104,Q0,SJMN91-06031046,18,9.673153185713609,minmaxnorm
104,Q0,AP900203-0021,19,9.608076180835614,minmaxnorm
104,Q0,AP900101-0002,20,9.166810060636983,minmaxnorm
104,Q0,AP900322-0196,21,9.126753313196302,minmaxnorm
104,Q0,SJMN91-06311105,22,8.862948808429552,minmaxnorm
104,Q0,AP900206-0208,23,8.806112640188426,minmaxnorm
104,Q0,SJMN91-06051064,24,8.793500897412601,minmaxnorm
104,Q0,AP900722-0049,25,8.681492915248835,minmaxnorm
104,Q0,SJMN91-06100173,26,8.594047591118688,minmaxnorm
104,Q0,AP900925-0107,27,8.512043098231645,minmaxnorm
104,Q0,AP900130-0064,28,8.444410710054367,minmaxnorm
104,Q0,SJMN91-06170191,29,8.343574322889147,minmaxnorm
104,Q0,SJMN91-06036199,30,8.238280086126572,minmaxnorm
104,Q0,AP901101-0104,31,7.9151274265391125,minmaxnorm
104,Q0,AP901019-0158,32,7.628384039172909,minmaxnorm
104,Q0,AP900416-0207,33,7.515823351238874,minmaxnorm
104,Q0,AP901026-0187,34,7.411946634629703,minmaxnorm
104,Q0,SJMN91-06044199,35,7.366282210992994,minmaxnorm
104,Q0,SJMN91-06112095,36,7.222225337462362,minmaxnorm
104,Q0,AP901017-0086,37,7.2014898217417675,minmaxnorm
104,Q0,AP900303-0014,38,7.175294403670961,minmaxnorm
104,Q0,AP900721-0140,39,7.164772514096725,minmaxnorm
104,Q0,AP901029-0231,40,7.143323553870117,minmaxnorm
104,Q0,AP900302-0103,41,7.127266540491524,minmaxnorm
104,Q0,AP901030-0012,42,7.087525468814303,minmaxnorm
104,Q0,SJMN91-06317146,43,7.086748804609344,minmaxnorm
104,Q0,AP900419-0008,44,7.083423979084023,minmaxnorm
104,Q0,AP900726-0012,45,7.0023303392011425,minmaxnorm
104,Q0,AP901026-0002,46,6.9531035996623345,minmaxnorm
104,Q0,AP900319-0227,47,6.825230694533794,minmaxnorm
104,Q0,AP900711-0125,48,6.82234943948995,minmaxnorm
104,Q0,SJMN91-06113045,49,6.703255030401415,minmaxnorm
104,Q0,AP900226-0084,50,6.681453421767497,minmaxnorm
104,Q0,AP901027-0167,51,6.594950458183517,minmaxnorm
104,Q0,AP901002-0089,52,6.525447527038278,minmaxnorm
104,Q0,AP900301-0163,53,6.512861252072571,minmaxnorm
104,Q0,AP900126-0023,54,6.463151987588141,minmaxnorm
104,Q0,SJMN91-06353137,55,6.432172175129776,minmaxnorm
104,Q0,AP901110-0059,56,6.396915280758492,minmaxnorm
104,Q0,SJMN91-06227200,57,6.392041607385531,minmaxnorm
104,Q0,AP901015-0029,58,6.354009117577639,minmaxnorm
104,Q0,AP901109-0193,59,6.284541085144532,minmaxnorm
104,Q0,AP901014-0043,60,6.220994382693973,minmaxnorm
104,Q0,AP901029-0220,61,6.199723185252055,minmaxnorm
104,Q0,AP901001-0062,62,6.166372839743764,minmaxnorm
104,Q0,AP900820-0163,63,6.146018396582491,minmaxnorm
104,Q0,AP901026-0066,64,6.138952160801196,minmaxnorm
104,Q0,AP900516-0164,65,6.093393109752839,minmaxnorm
104,Q0,SJMN91-06105144,66,6.054064922084237,minmaxnorm
104,Q0,AP901009-0268,67,6.027746258914546,minmaxnorm
104,Q0,SJMN91-06319051,68,6.018416810751714,minmaxnorm
104,Q0,AP900802-0123,69,6.007964531809095,minmaxnorm
104,Q0,SJMN91-06182056,70,5.8810983056435,minmaxnorm
104,Q0,AP900913-0177,71,5.783715235206708,minmaxnorm
104,Q0,AP900122-0270,72,5.766890286540888,minmaxnorm
104,Q0,AP900726-0024,73,5.756049529538227,minmaxnorm
104,Q0,AP901220-0240,74,5.735628896734461,minmaxnorm
104,Q0,SJMN91-06135135,75,5.733168519470046,minmaxnorm
104,Q0,AP900806-0188,76,5.715079694085274,minmaxnorm
104,Q0,SJMN91-06037140,77,5.657227520022282,minmaxnorm
104,Q0,AP900103-0107,78,5.588283266711512,minmaxnorm
104,Q0,SJMN91-06153029,79,5.5033504767793575,minmaxnorm
104,Q0,AP901017-0014,80,5.494351439804968,minmaxnorm
104,Q0,SJMN91-06032051,81,5.4747038926936336,minmaxnorm
104,Q0,AP900806-0182,82,5.464013381806668,minmaxnorm
104,Q0,AP900208-0054,83,5.463082970910635,minmaxnorm
104,Q0,SJMN91-06145058,84,5.4265913249823825,minmaxnorm
104,Q0,SJMN91-06161036,85,5.426231466967822,minmaxnorm
104,Q0,SJMN91-06199037,86,5.424699153407092,minmaxnorm
104,Q0,AP900702-0111,87,5.422908975779245,minmaxnorm
104,Q0,AP900828-0083,88,5.389474923864615,minmaxnorm
104,Q0,SJMN91-06017212,89,5.3851236354304985,minmaxnorm
104,Q0,AP901112-0182,90,5.3766996530753195,minmaxnorm
104,Q0,AP900930-0088,91,5.361898500430218,minmaxnorm
104,Q0,AP901101-0029,92,5.319856733170558,minmaxnorm
104,Q0,AP901016-0004,93,5.2775595632309455,minmaxnorm
104,Q0,SJMN91-06122181,94,5.271960564145377,minmaxnorm
104,Q0,AP900723-0023,95,5.233242712441159,minmaxnorm
104,Q0,AP901011-0158,96,5.225419926219113,minmaxnorm
104,Q0,SJMN91-06269184,97,5.215928058236136,minmaxnorm
104,Q0,AP900320-0110,98,5.213597732326137,minmaxnorm
104,Q0,SJMN91-06032264,99,5.165863739940844,minmaxnorm
104,Q0,AP901229-0011,100,5.107321504951549,minmaxnorm
104,Q0,AP901113-0008,101,5.092039072451878,minmaxnorm
104,Q0,AP901019-0111,102,5.088049654352958,minmaxnorm
104,Q0,SJMN91-06113055,103,5.078899781422867,minmaxnorm
104,Q0,AP901103-0116,104,5.071583943611731,minmaxnorm
104,Q0,AP901013-0008,105,5.059555700457399,minmaxnorm
104,Q0,AP900928-0204,106,5.058902979271404,minmaxnorm
104,Q0,AP901018-0121,107,5.050370409100562,minmaxnorm
104,Q0,SJMN91-06087062,108,5.027619645283818,minmaxnorm
104,Q0,SJMN91-06015131,109,4.974878137902908,minmaxnorm
104,Q0,SJMN91-06184023,110,4.955010935456072,minmaxnorm
104,Q0,AP901022-0226,111,4.922283199507001,minmaxnorm
104,Q0,SJMN91-06093186,112,4.912235237029852,minmaxnorm
104,Q0,SJMN91-06224244,113,4.897866724450447,minmaxnorm
104,Q0,AP900126-0222,114,4.887387753629231,minmaxnorm
104,Q0,AP900113-0131,115,4.885897075650114,minmaxnorm
104,Q0,AP900125-0218,116,4.873566186529043,minmaxnorm
104,Q0,AP900307-0162,117,4.842404030016562,minmaxnorm
104,Q0,SJMN91-06146031,118,4.842335787740848,minmaxnorm
104,Q0,SJMN91-06171045,119,4.841394226334768,minmaxnorm
104,Q0,AP901106-0019,120,4.7592199050411566,minmaxnorm
104,Q0,AP900108-0166,121,4.7500737458004885,minmaxnorm
104,Q0,SJMN91-06073132,122,4.744266593577114,minmaxnorm
104,Q0,AP901020-0142,123,4.741711439498752,minmaxnorm
104,Q0,SJMN91-06015070,124,4.731066008309439,minmaxnorm
104,Q0,SJMN91-06178235,125,4.720642673168462,minmaxnorm
104,Q0,AP900402-0234,126,4.660823111672074,minmaxnorm
104,Q0,SJMN91-06320033,127,4.653884330721447,minmaxnorm
104,Q0,AP900524-0037,128,4.6525752546441215,minmaxnorm
104,Q0,SJMN91-06158249,129,4.650827171163803,minmaxnorm
104,Q0,AP900709-0118,130,4.617603946661589,minmaxnorm
104,Q0,SJMN91-06029019,131,4.589486907304379,minmaxnorm
104,Q0,SJMN91-06120026,132,4.553758950507565,minmaxnorm
104,Q0,SJMN91-06216052,133,4.548517861048608,minmaxnorm
104,Q0,SJMN91-06332087,134,4.542516265622687,minmaxnorm
104,Q0,AP900430-0204,135,4.530897114052267,minmaxnorm
104,Q0,AP901025-0197,136,4.501305503082737,minmaxnorm
104,Q0,AP900128-0036,137,4.449742822932059,minmaxnorm
104,Q0,AP900228-0013,138,4.449175540322387,minmaxnorm
104,Q0,AP901001-0029,139,4.445664669819995,minmaxnorm
104,Q0,AP901222-0032,140,4.423030314734746,minmaxnorm
104,Q0,SJMN91-06231002,141,4.409994459168519,minmaxnorm
104,Q0,AP900406-0098,142,4.38688343842112,minmaxnorm
104,Q0,AP900625-0243,143,4.379587149050672,minmaxnorm
104,Q0,AP901001-0171,144,4.353284597799054,minmaxnorm
104,Q0,AP901017-0091,145,4.351219038245232,minmaxnorm
104,Q0,AP901010-0009,146,4.344644154117776,minmaxnorm
104,Q0,AP900928-0023,147,4.292951822125868,minmaxnorm
104,Q0,AP901013-0086,148,4.2809569223072135,minmaxnorm
104,Q0,AP901011-0137,149,4.258343731934216,minmaxnorm
104,Q0,SJMN91-06117134,150,4.25143601045087,minmaxnorm
104,Q0,SJMN91-06273044,151,4.2445574793303225,minmaxnorm
104,Q0,SJMN91-06086231,152,4.239932366379534,minmaxnorm
104,Q0,AP900222-0164,153,4.228788824811058,minmaxnorm
104,Q0,SJMN91-06325258,154,4.201814624765607,minmaxnorm
104,Q0,AP901001-0284,155,4.168585278558184,minmaxnorm
104,Q0,AP901009-0143,156,4.151496349383014,minmaxnorm
104,Q0,AP900503-0148,157,4.127457196249877,minmaxnorm
104,Q0,SJMN91-06312063,158,4.121780264252635,minmaxnorm
104,Q0,AP900610-0043,159,4.05875683108566,minmaxnorm
104,Q0,AP900720-0112,160,4.047055303124346,minmaxnorm
104,Q0,AP900625-0242,161,4.040802289700687,minmaxnorm
104,Q0,SJMN91-06321036,162,4.004560839335208,minmaxnorm
104,Q0,AP900926-0154,163,3.989472378334091,minmaxnorm
104,Q0,AP900911-0190,164,3.98129280231409,minmaxnorm
104,Q0,AP900930-0016,165,3.973841715130536,minmaxnorm
104,Q0,AP900220-0205,166,3.9073237364226525,minmaxnorm
104,Q0,SJMN91-06317033,167,3.9052727487015244,minmaxnorm
104,Q0,AP900422-0019,168,3.9041361433829156,minmaxnorm
104,Q0,AP901210-0229,169,3.89064295872899,minmaxnorm
104,Q0,AP900616-0125,170,3.879642520611185,minmaxnorm
104,Q0,SJMN91-06259084,171,3.859160202835157,minmaxnorm
104,Q0,SJMN91-06023071,172,3.855128757086674,minmaxnorm
104,Q0,AP900201-0196,173,3.8396094094271356,minmaxnorm
104,Q0,SJMN91-06108104,174,3.8318740262931112,minmaxnorm
104,Q0,SJMN91-06177059,175,3.8265290900636595,minmaxnorm
104,Q0,AP901010-0029,176,3.8256782036968677,minmaxnorm
104,Q0,AP901117-0015,177,3.8144766126076948,minmaxnorm
104,Q0,ZF310-604-285,178,3.8044572300354824,minmaxnorm
104,Q0,SJMN91-06232163,179,3.7983087459391944,minmaxnorm
104,Q0,SJMN91-06108020,180,3.7929095853297463,minmaxnorm
104,Q0,SJMN91-06134032,181,3.7716331120722835,minmaxnorm
104,Q0,SJMN91-06212047,182,3.7575773503990546,minmaxnorm
104,Q0,AP901001-0019,183,3.7485635126864127,minmaxnorm
104,Q0,AP900205-0139,184,3.7452028258289567,minmaxnorm
104,Q0,SJMN91-06133144,185,3.729463855010881,minmaxnorm
104,Q0,SJMN91-06348250,186,3.721186184255167,minmaxnorm
104,Q0,SJMN91-06157214,187,3.7032479666765097,minmaxnorm
104,Q0,AP900324-0021,188,3.7003626178653595,minmaxnorm
104,Q0,AP900306-0112,189,3.6993234206709285,minmaxnorm
104,Q0,SJMN91-06072088,190,3.692892507947026,minmaxnorm
104,Q0,SJMN91-06051011,191,3.6814416567906156,minmaxnorm
104,Q0,AP901119-0250,192,3.677723292401301,minmaxnorm
104,Q0,AP900320-0014,193,3.6663387618663736,minmaxnorm
104,Q0,AP900202-0178,194,3.656653887793189,minmaxnorm
104,Q0,AP900124-0239,195,3.655923062006772,minmaxnorm
104,Q0,SJMN91-06129213,196,3.646637477631023,minmaxnorm
104,Q0,SJMN91-06169098,197,3.6405388559651106,minmaxnorm
104,Q0,SJMN91-06083144,198,3.6360079255243627,minmaxnorm
104,Q0,SJMN91-06051141,199,3.610086585278694,minmaxnorm
104,Q0,AP901126-0217,200,3.60479428554605,minmaxnorm
104,Q0,AP901207-0108,201,3.5680871837086547,minmaxnorm
104,Q0,SJMN91-06355226,202,3.562120367713473,minmaxnorm
104,Q0,ZF310-599-301,203,3.5580408008620257,minmaxnorm
104,Q0,AP901018-0076,204,3.553621442206923,minmaxnorm
104,Q0,AP901024-0106,205,3.5495209590193095,minmaxnorm
104,Q0,SJMN91-06142145,206,3.54073089602029,minmaxnorm
104,Q0,AP900914-0226,207,3.520665851159571,minmaxnorm
104,Q0,AP900101-0076,208,3.5206001385649737,minmaxnorm
104,Q0,SJMN91-06036047,209,3.517499616708628,minmaxnorm
104,Q0,AP901021-0003,210,3.516789483403496,minmaxnorm
104,Q0,AP900402-0241,211,3.5063990555078526,minmaxnorm
104,Q0,SJMN91-06207083,212,3.498047465408793,minmaxnorm
104,Q0,AP900201-0152,213,3.4916657683583083,minmaxnorm
104,Q0,SJMN91-06134125,214,3.4868329885376976,minmaxnorm
104,Q0,AP901023-0075,215,3.470940972862011,minmaxnorm
104,Q0,AP900930-0087,216,3.46973565250918,minmaxnorm
104,Q0,AP901011-0077,217,3.466549081344496,minmaxnorm
104,Q0,SJMN91-06327196,218,3.4481787281421865,minmaxnorm
104,Q0,SJMN91-06310179,219,3.4278699260111094,minmaxnorm
104,Q0,AP900307-0011,220,3.42567781048831,minmaxnorm
104,Q0,SJMN91-06164031,221,3.4172824723756037,minmaxnorm
104,Q0,SJMN91-06048184,222,3.4018487282045804,minmaxnorm
104,Q0,SJMN91-06315176,223,3.3890058692448655,minmaxnorm
104,Q0,SJMN91-06329266,224,3.3782135961850615,minmaxnorm
104,Q0,SJMN91-06152211,225,3.3701078837559435,minmaxnorm
104,Q0,SJMN91-06117281,226,3.363600503330085,minmaxnorm
104,Q0,AP901015-0124,227,3.358441537124503,minmaxnorm
104,Q0,SJMN91-06002162,228,3.3419793998768372,minmaxnorm
104,Q0,SJMN91-06292256,229,3.3332916336374647,minmaxnorm
104,Q0,SJMN91-06178055,230,3.3160135869293965,minmaxnorm
104,Q0,AP900324-0154,231,3.2817829260446896,minmaxnorm
104,Q0,AP900501-0082,232,3.2811645291195073,minmaxnorm
104,Q0,SJMN91-06180031,233,3.277548135432341,minmaxnorm
104,Q0,SJMN91-06101297,234,3.277047721481537,minmaxnorm
104,Q0,SJMN91-06332015,235,3.2694517590477488,minmaxnorm
104,Q0,AP901112-0179,236,3.2584335475370665,minmaxnorm
104,Q0,AP901221-0043,237,3.241231620466451,minmaxnorm
104,Q0,SJMN91-06340059,238,3.240510091878602,minmaxnorm
104,Q0,AP901011-0227,239,3.2054487522623565,minmaxnorm
104,Q0,SJMN91-06334182,240,3.202193984985239,minmaxnorm
104,Q0,SJMN91-06176101,241,3.152739060774502,minmaxnorm
104,Q0,AP900912-0178,242,3.1509378182992687,minmaxnorm
104,Q0,SJMN91-06049116,243,3.129156936787773,minmaxnorm
104,Q0,SJMN91-06073179,244,3.112033069279484,minmaxnorm
104,Q0,SJMN91-06134181,245,3.1061260383807565,minmaxnorm
104,Q0,SJMN91-06282207,246,3.0968575364320587,minmaxnorm
104,Q0,AP900319-0231,247,3.0912356484580763,minmaxnorm
104,Q0,AP901025-0116,248,3.0909436505064662,minmaxnorm
104,Q0,SJMN91-06030154,249,3.0780336951110994,minmaxnorm
104,Q0,SJMN91-06332018,250,3.0712731131174724,minmaxnorm
104,Q0,SJMN91-06329065,251,3.0555026844396185,minmaxnorm
104,Q0,SJMN91-06102090,252,3.044732198766837,minmaxnorm
104,Q0,AP900502-0035,253,3.0424655966533356,minmaxnorm
104,Q0,SJMN91-06063104,254,3.0419582928411337,minmaxnorm
104,Q0,AP901003-0210,255,3.0404001794919835,minmaxnorm
104,Q0,AP900412-0030,256,3.0379901283134028,minmaxnorm
104,Q0,SJMN91-06332008,257,3.0355615470677515,minmaxnorm
104,Q0,SJMN91-06355195,258,3.0339493308928835,minmaxnorm
104,Q0,AP901023-0016,259,3.031701057195208,minmaxnorm
104,Q0,SJMN91-06036157,260,3.022532736091731,minmaxnorm
104,Q0,SJMN91-06317029,261,3.0181266040901216,minmaxnorm
104,Q0,AP900627-0021,262,3.0176786621922402,minmaxnorm
104,Q0,SJMN91-06327221,263,3.0142098885648125,minmaxnorm
104,Q0,SJMN91-06096184,264,3.0079449955056434,minmaxnorm
104,Q0,SJMN91-06363012,265,3.002137245180336,minmaxnorm
104,Q0,AP900429-0013,266,2.959645664674423,minmaxnorm
104,Q0,AP900426-0211,267,2.9499555594160927,minmaxnorm
104,Q0,SJMN91-06138073,268,2.9381172331816883,minmaxnorm
104,Q0,AP900430-0202,269,2.936853352716693,minmaxnorm
104,Q0,AP900129-0128,270,2.901192701105017,minmaxnorm
104,Q0,AP900202-0221,271,2.8933886918598515,minmaxnorm
104,Q0,SJMN91-06156098,272,2.8846661943453102,minmaxnorm
104,Q0,AP900418-0119,273,2.8801905381051363,minmaxnorm
104,Q0,SJMN91-06171036,274,2.864624736946813,minmaxnorm
104,Q0,SJMN91-06322087,275,2.8618149150690364,minmaxnorm
104,Q0,AP901024-0016,276,2.8574897099498733,minmaxnorm
104,Q0,SJMN91-06048097,277,2.8489604185396753,minmaxnorm
104,Q0,SJMN91-06241052,278,2.8443481825062547,minmaxnorm
104,Q0,SJMN91-06239097,279,2.828702487363883,minmaxnorm
104,Q0,SJMN91-06096225,280,2.8213806917944337,minmaxnorm
104,Q0,SJMN91-06180152,281,2.804804635387815,minmaxnorm
104,Q0,SJMN91-06325027,282,2.78956950868709,minmaxnorm
104,Q0,SJMN91-06173096,283,2.7880978572538115,minmaxnorm
104,Q0,AP901015-0161,284,2.779710144620637,minmaxnorm
104,Q0,AP901024-0198,285,2.7751873622047802,minmaxnorm
104,Q0,SJMN91-06354148,286,2.7528170793638207,minmaxnorm
104,Q0,AP900426-0210,287,2.751156096509413,minmaxnorm
104,Q0,AP900129-0247,288,2.719719376666921,minmaxnorm
104,Q0,AP901015-0183,289,2.7163262108240858,minmaxnorm
104,Q0,AP901123-0076,290,2.71622645312776,minmaxnorm
104,Q0,SJMN91-06041003,291,2.712703848771284,minmaxnorm
104,Q0,SJMN91-06035172,292,2.6958451623306825,minmaxnorm
104,Q0,AP900123-0198,293,2.6937247262051254,minmaxnorm
104,Q0,SJMN91-06035223,294,2.6919867926491223,minmaxnorm
104,Q0,AP901211-0148,295,2.683148805065852,minmaxnorm
104,Q0,AP901020-0004,296,2.682911418083598,minmaxnorm
104,Q0,AP901003-0188,297,2.6703650115210307,minmaxnorm
104,Q0,SJMN91-06144247,298,2.658093607720205,minmaxnorm
104,Q0,SJMN91-06259251,299,2.652142427686203,minmaxnorm
104,Q0,SJMN91-06339041,300,2.6319923485001064,minmaxnorm
104,Q0,AP900514-0238,301,2.6108219025078325,minmaxnorm
104,Q0,SJMN91-06299218,302,2.6031388004492793,minmaxnorm
104,Q0,SJMN91-06021148,303,2.590654155427413,minmaxnorm
104,Q0,SJMN91-06317196,304,2.5712169011272445,minmaxnorm
104,Q0,SJMN91-06117023,305,2.5584237688151577,minmaxnorm
104,Q0,AP900128-0038,306,2.554358768155722,minmaxnorm
104,Q0,AP901019-0163,307,2.5539072679570025,minmaxnorm
104,Q0,SJMN91-06274007,308,2.5395738625752484,minmaxnorm
104,Q0,SJMN91-06162155,309,2.5343076806794893,minmaxnorm
104,Q0,SJMN91-06313158,310,2.5235902672639625,minmaxnorm
104,Q0,SJMN91-06099054,311,2.5193452951961235,minmaxnorm
104,Q0,AP900123-0227,312,2.5170119258452655,minmaxnorm
104,Q0,AP900307-0012,313,2.5129441908647867,minmaxnorm
104,Q0,ZF32-201-146,314,2.497950247027595,minmaxnorm
104,Q0,AP901013-0021,315,2.4941268912375922,minmaxnorm
104,Q0,AP901009-0276,316,2.4923899191633496,minmaxnorm
104,Q0,AP900718-0207,317,2.4845581909871797,minmaxnorm
104,Q0,AP900112-0085,318,2.475694742385,minmaxnorm
104,Q0,SJMN91-06084157,319,2.4737151111728464,minmaxnorm
104,Q0,AP901112-0175,320,2.4653516202774135,minmaxnorm
104,Q0,SJMN91-06211097,321,2.461279216544339,minmaxnorm
104,Q0,SJMN91-06237034,322,2.460509576066062,minmaxnorm
104,Q0,AP900416-0103,323,2.449984849797977,minmaxnorm
104,Q0,AP901101-0022,324,2.4497464265546633,minmaxnorm
104,Q0,SJMN91-06177105,325,2.449075311259567,minmaxnorm
104,Q0,SJMN91-06098237,326,2.4460179372487745,minmaxnorm
104,Q0,AP900428-0027,327,2.4405175739464187,minmaxnorm
104,Q0,SJMN91-06234152,328,2.4358591809600743,minmaxnorm
104,Q0,SJMN91-06314202,329,2.414421616995119,minmaxnorm
104,Q0,SJMN91-06117124,330,2.41202975244899,minmaxnorm
104,Q0,SJMN91-06154027,331,2.400162367257917,minmaxnorm
104,Q0,SJMN91-06081156,332,2.3888282120273545,minmaxnorm
104,Q0,SJMN91-06285148,333,2.3822848007895443,minmaxnorm
104,Q0,AP900202-0035,334,2.373760036481557,minmaxnorm
104,Q0,AP900912-0115,335,2.372637043500465,minmaxnorm
104,Q0,AP901027-0088,336,2.362466718833003,minmaxnorm
104,Q0,SJMN91-06269167,337,2.3552230249792507,minmaxnorm
104,Q0,AP901019-0028,338,2.3547127733153155,minmaxnorm
104,Q0,AP900207-0263,339,2.3423663828710013,minmaxnorm
104,Q0,SJMN91-06136186,340,2.3420715311311113,minmaxnorm
104,Q0,SJMN91-06084098,341,2.3390741138295224,minmaxnorm
104,Q0,AP900724-0181,342,2.338303436937995,minmaxnorm
104,Q0,SJMN91-06211137,343,2.321878126053524,minmaxnorm
104,Q0,SJMN91-06123056,344,2.3134872736438084,minmaxnorm
104,Q0,AP900305-0206,345,2.30850009744436,minmaxnorm
104,Q0,AP900524-0028,346,2.2985944169121493,minmaxnorm
104,Q0,AP901022-0239,347,2.2926836951064007,minmaxnorm
104,Q0,AP900207-0178,348,2.2877587880363284,minmaxnorm
104,Q0,SJMN91-06116112,349,2.283300495089172,minmaxnorm
104,Q0,AP900819-0048,350,2.256811456237629,minmaxnorm
104,Q0,SJMN91-06121249,351,2.255563980722133,minmaxnorm
104,Q0,AP900904-0194,352,2.2541702094970804,minmaxnorm
104,Q0,AP900130-0117,353,2.249837231351841,minmaxnorm
104,Q0,SJMN91-06238095,354,2.2403286811323784,minmaxnorm
104,Q0,SJMN91-06035079,355,2.239614977259918,minmaxnorm
104,Q0,AP901006-0121,356,2.227959890757456,minmaxnorm
104,Q0,AP900129-0114,357,2.22010737746228,minmaxnorm
104,Q0,SJMN91-06157114,358,2.209938858275817,minmaxnorm
104,Q0,SJMN91-06067135,359,2.209588543483693,minmaxnorm
104,Q0,AP900206-0020,360,2.209378065667238,minmaxnorm
104,Q0,AP900621-0035,361,2.2056310896320754,minmaxnorm
104,Q0,SJMN91-06303125,362,2.203770510558895,minmaxnorm
104,Q0,AP900207-0145,363,2.1973374457986337,minmaxnorm
104,Q0,SJMN91-06313102,364,2.1907880649843348,minmaxnorm
104,Q0,AP900129-0177,365,2.1885132852159423,minmaxnorm
104,Q0,AP900320-0096,366,2.1662655006956384,minmaxnorm
104,Q0,AP901003-0112,367,2.1475628002125933,minmaxnorm
104,Q0,AP900129-0106,368,2.1419604314716003,minmaxnorm
104,Q0,SJMN91-06108172,369,2.1295564595097285,minmaxnorm
104,Q0,SJMN91-06312132,370,2.1237574146137903,minmaxnorm
104,Q0,AP900207-0093,371,2.113897174582632,minmaxnorm
104,Q0,SJMN91-06142219,372,2.1100695859137484,minmaxnorm
104,Q0,SJMN91-06023105,373,2.104101029610568,minmaxnorm
104,Q0,SJMN91-06222089,374,2.09509131913784,minmaxnorm
104,Q0,SJMN91-06342112,375,2.0918181532509625,minmaxnorm
104,Q0,AP900701-0018,376,2.090000576014291,minmaxnorm
104,Q0,SJMN91-06290047,377,2.089861845307498,minmaxnorm
104,Q0,SJMN91-06181153,378,2.085425231606153,minmaxnorm
104,Q0,SJMN91-06215158,379,2.0852508071570846,minmaxnorm
104,Q0,SJMN91-06199205,380,2.0757117007022408,minmaxnorm
104,Q0,SJMN91-06334113,381,2.0705778634851195,minmaxnorm
104,Q0,SJMN91-06172115,382,2.063823516214572,minmaxnorm
104,Q0,AP901003-0090,383,2.062450998471804,minmaxnorm
104,Q0,SJMN91-06171115,384,2.0599821593121814,minmaxnorm
104,Q0,SJMN91-06171072,385,2.0590931434173716,minmaxnorm
104,Q0,SJMN91-06003182,386,2.048161434762086,minmaxnorm
104,Q0,SJMN91-06264097,387,2.0453319231423164,minmaxnorm
104,Q0,AP901014-0042,388,2.0364575847669406,minmaxnorm
104,Q0,AP900522-0032,389,2.022994621808695,minmaxnorm
104,Q0,AP900130-0085,390,2.013829275882186,minmaxnorm
104,Q0,SJMN91-06307126,391,2.0123268985415725,minmaxnorm
104,Q0,SJMN91-06143146,392,2.0101814595406005,minmaxnorm
104,Q0,AP900928-0202,393,2.0044966480509387,minmaxnorm
104,Q0,SJMN91-06252006,394,1.9997336034016169,minmaxnorm
104,Q0,SJMN91-06067157,395,1.9989569762191666,minmaxnorm
104,Q0,AP900831-0128,396,1.9988856627469862,minmaxnorm
104,Q0,AP901015-0006,397,1.9913300946967134,minmaxnorm
104,Q0,AP900727-0206,398,1.9905414277533786,minmaxnorm
104,Q0,AP901009-0211,399,1.9870319507744376,minmaxnorm
104,Q0,SJMN91-06313238,400,1.986949288655969,minmaxnorm
104,Q0,SJMN91-06172167,401,1.98660932576672,minmaxnorm
104,Q0,AP900502-0193,402,1.9848388140697906,minmaxnorm
104,Q0,SJMN91-06163011,403,1.984307777707717,minmaxnorm
104,Q0,AP900529-0019,404,1.9760198538909772,minmaxnorm
104,Q0,SJMN91-06144194,405,1.9651517196354527,minmaxnorm
104,Q0,AP900604-0155,406,1.960381836591593,minmaxnorm
104,Q0,AP900709-0199,407,1.958299624877027,minmaxnorm
104,Q0,SJMN91-06059247,408,1.9534857361696765,minmaxnorm
104,Q0,AP900705-0013,409,1.9451860044497198,minmaxnorm
104,Q0,AP900126-0141,410,1.9366512781597123,minmaxnorm
104,Q0,SJMN91-06155066,411,1.9356588351030894,minmaxnorm
104,Q0,SJMN91-06268003,412,1.9300516559844376,minmaxnorm
104,Q0,AP900917-0219,413,1.9296806632979728,minmaxnorm
104,Q0,SJMN91-06036218,414,1.9268941100668344,minmaxnorm
104,Q0,AP901002-0013,415,1.9238202725024158,minmaxnorm
104,Q0,AP900801-0210,416,1.9130778441367238,minmaxnorm
104,Q0,SJMN91-06089034,417,1.9079586156806603,minmaxnorm
104,Q0,SJMN91-06102033,418,1.906355754799984,minmaxnorm
104,Q0,SJMN91-06120199,419,1.903622543650691,minmaxnorm
104,Q0,AP900901-0022,420,1.903012170652725,minmaxnorm
104,Q0,AP900124-0110,421,1.884057569614291,minmaxnorm
104,Q0,SJMN91-06036013,422,1.8663932328304158,minmaxnorm
104,Q0,AP901018-0021,423,1.866236885618584,minmaxnorm
104,Q0,AP900220-0142,424,1.8653931390390732,minmaxnorm
104,Q0,AP900221-0248,425,1.855715576606484,minmaxnorm
104,Q0,SJMN91-06089086,426,1.8511185942502717,minmaxnorm
104,Q0,AP900525-0194,427,1.8495552124010202,minmaxnorm
104,Q0,SJMN91-06043186,428,1.848479252720541,minmaxnorm
104,Q0,SJMN91-06114243,429,1.8441769392710141,minmaxnorm
104,Q0,AP900129-0233,430,1.8412250466752238,minmaxnorm
104,Q0,AP900723-0097,431,1.8403633247416178,minmaxnorm
104,Q0,AP900525-0198,432,1.82141105778148,minmaxnorm
104,Q0,AP901224-0156,433,1.8172939329146942,minmaxnorm
104,Q0,AP900303-0161,434,1.815250804138056,minmaxnorm
104,Q0,AP900305-0212,435,1.8127595598659718,minmaxnorm
104,Q0,AP900916-0080,436,1.8081701690896026,minmaxnorm
104,Q0,AP901009-0080,437,1.8081633568832378,minmaxnorm
104,Q0,SJMN91-06354247,438,1.801270463874718,minmaxnorm
104,Q0,AP900221-0028,439,1.7990026432476023,minmaxnorm
104,Q0,AP901009-0021,440,1.7937869801653334,minmaxnorm
104,Q0,AP900719-0205,441,1.7928437872004332,minmaxnorm
104,Q0,AP901015-0068,442,1.7758032247393525,minmaxnorm
104,Q0,SJMN91-06027075,443,1.766546038740307,minmaxnorm
104,Q0,SJMN91-06136064,444,1.7655331561538308,minmaxnorm
104,Q0,SJMN91-06138015,445,1.76406128601923,minmaxnorm
104,Q0,SJMN91-06066203,446,1.761037559095619,minmaxnorm
104,Q0,SJMN91-06108096,447,1.7562205949289487,minmaxnorm
104,Q0,AP900802-0198,448,1.7511381293484924,minmaxnorm
104,Q0,SJMN91-06217157,449,1.7442460035089136,minmaxnorm
104,Q0,AP900929-0002,450,1.7439247291081246,minmaxnorm
104,Q0,SJMN91-06124022,451,1.739373032922691,minmaxnorm
104,Q0,AP900917-0230,452,1.7352471224839006,minmaxnorm
104,Q0,AP900914-0116,453,1.7327326974913873,minmaxnorm
104,Q0,SJMN91-06005066,454,1.7277318756032798,minmaxnorm
104,Q0,AP900524-0038,455,1.7205684544520323,minmaxnorm
104,Q0,SJMN91-06199251,456,1.7195307341011468,minmaxnorm
104,Q0,AP900302-0269,457,1.7091341878335589,minmaxnorm
104,Q0,AP900703-0021,458,1.6996918141586015,minmaxnorm
104,Q0,SJMN91-06266155,459,1.691771319206252,minmaxnorm
104,Q0,AP901012-0069,460,1.6728901544168033,minmaxnorm
104,Q0,SJMN91-06023135,461,1.6661476333556273,minmaxnorm
104,Q0,SJMN91-06135060,462,1.6576341630964786,minmaxnorm
104,Q0,AP900511-0145,463,1.6539325109295937,minmaxnorm
104,Q0,SJMN91-06358197,464,1.6487487829511889,minmaxnorm
104,Q0,SJMN91-06335050,465,1.644854449620985,minmaxnorm
104,Q0,AP900207-0126,466,1.641835665850407,minmaxnorm
104,Q0,AP900726-0278,467,1.6402800402962658,minmaxnorm
104,Q0,SJMN91-06118093,468,1.6363845865004312,minmaxnorm
104,Q0,SJMN91-06016090,469,1.6248348740104426,minmaxnorm
104,Q0,AP900416-0204,470,1.6212735664356597,minmaxnorm
104,Q0,AP900130-0037,471,1.6155801866381756,minmaxnorm
104,Q0,AP900516-0026,472,1.6127934939295239,minmaxnorm
104,Q0,SJMN91-06256141,473,1.609961593280808,minmaxnorm
104,Q0,SJMN91-06050137,474,1.6088755000515451,minmaxnorm
104,Q0,AP901123-0085,475,1.601430991135192,minmaxnorm
104,Q0,AP900502-0100,476,1.5983403989821083,minmaxnorm
104,Q0,AP901026-0029,477,1.596546185732517,minmaxnorm
104,Q0,SJMN91-06268153,478,1.588701218222367,minmaxnorm
104,Q0,AP901016-0092,479,1.5863762722869545,minmaxnorm
104,Q0,SJMN91-06267157,480,1.5848839512382604,minmaxnorm
104,Q0,AP900221-0208,481,1.5789806279579854,minmaxnorm
104,Q0,SJMN91-06355020,482,1.5706207320453724,minmaxnorm
104,Q0,SJMN91-06202034,483,1.5670082452707559,minmaxnorm
104,Q0,AP901029-0217,484,1.5656034992502015,minmaxnorm
104,Q0,SJMN91-06229116,485,1.5615593229352092,minmaxnorm
104,Q0,AP901226-0004,486,1.5540313211538626,minmaxnorm
104,Q0,SJMN91-06307199,487,1.5518719926424214,minmaxnorm
104,Q0,AP901017-0030,488,1.5509746670331377,minmaxnorm
104,Q0,SJMN91-06155122,489,1.549542726545565,minmaxnorm
104,Q0,AP900914-0059,490,1.5428147818765703,minmaxnorm
104,Q0,SJMN91-06049069,491,1.538763834458729,minmaxnorm
104,Q0,SJMN91-06157169,492,1.5279944113551212,minmaxnorm
104,Q0,AP900221-0242,493,1.5211207872418862,minmaxnorm
104,Q0,AP900627-0172,494,1.5163751902946427,minmaxnorm
104,Q0,AP900212-0068,495,1.5151995445835162,minmaxnorm
104,Q0,SJMN91-06192280,496,1.5090739075752428,minmaxnorm
104,Q0,SJMN91-06117246,497,1.5065623861591684,minmaxnorm
104,Q0,ZF32-351-1012,498,1.5034359098924537,minmaxnorm
104,Q0,AP900502-0033,499,1.500614310835219,minmaxnorm
104,Q0,SJMN91-06048172,500,1.4950199138557885,minmaxnorm
104,Q0,AP900126-0171,501,1.4927045546910191,minmaxnorm
104,Q0,SJMN91-06115164,502,1.4761246064125464,minmaxnorm
104,Q0,SJMN91-06243252,503,1.4734391784813334,minmaxnorm
104,Q0,AP900510-0107,504,1.45851697149143,minmaxnorm
104,Q0,AP900207-0049,505,1.4551361863079135,minmaxnorm
104,Q0,AP901019-0087,506,1.4545360018396285,minmaxnorm
104,Q0,AP900916-0082,507,1.4542340357152128,minmaxnorm
104,Q0,AP900417-0101,508,1.4528398875010968,minmaxnorm
104,Q0,SJMN91-06109276,509,1.444575882731747,minmaxnorm
104,Q0,SJMN91-06096241,510,1.4397370439047608,minmaxnorm
104,Q0,AP900103-0123,511,1.425415064913138,minmaxnorm
104,Q0,AP900127-0020,512,1.424682832513324,minmaxnorm
104,Q0,AP901029-0024,513,1.4157063533197247,minmaxnorm
104,Q0,AP900116-0017,514,1.414457557473999,minmaxnorm
104,Q0,SJMN91-06051175,515,1.412040567044418,minmaxnorm
104,Q0,SJMN91-06117012,516,1.4088494735723849,minmaxnorm
104,Q0,SJMN91-06002087,517,1.4067031802470003,minmaxnorm
104,Q0,AP900719-0015,518,1.4049374666658911,minmaxnorm
104,Q0,SJMN91-06332076,519,1.404405372269485,minmaxnorm
104,Q0,AP900108-0165,520,1.4032194320344473,minmaxnorm
104,Q0,AP901103-0045,521,1.399406375937492,minmaxnorm
104,Q0,ZF32-151-086,522,1.3965457611924508,minmaxnorm
104,Q0,ZF32-221-128,523,1.3833406179704455,minmaxnorm
104,Q0,AP900726-0249,524,1.3729041249023368,minmaxnorm
104,Q0,AP901029-0021,525,1.3722915608918587,minmaxnorm
104,Q0,SJMN91-06217118,526,1.3687276566913087,minmaxnorm
104,Q0,SJMN91-06191172,527,1.3674344207305746,minmaxnorm
104,Q0,AP901025-0260,528,1.3641038085769857,minmaxnorm
104,Q0,SJMN91-06346154,529,1.362921894228936,minmaxnorm
104,Q0,AP900211-0027,530,1.3620556861028277,minmaxnorm
104,Q0,AP900616-0124,531,1.3604044032423686,minmaxnorm
104,Q0,SJMN91-06340103,532,1.3422363170660858,minmaxnorm
104,Q0,ZF32-208-093,533,1.340666506928019,minmaxnorm
104,Q0,AP900620-0152,534,1.3383683713891712,minmaxnorm
104,Q0,SJMN91-06240076,535,1.326050980068391,minmaxnorm
104,Q0,AP900408-0016,536,1.3245687390123904,minmaxnorm
104,Q0,SJMN91-06136252,537,1.3235174031170407,minmaxnorm
104,Q0,AP901221-0100,538,1.3204409178466185,minmaxnorm
104,Q0,AP901127-0177,539,1.314490688103545,minmaxnorm
104,Q0,AP900305-0210,540,1.3135024845779597,minmaxnorm
104,Q0,SJMN91-06198102,541,1.3116602757943183,minmaxnorm
104,Q0,AP900208-0238,542,1.310668245516439,minmaxnorm
104,Q0,AP900125-0193,543,1.3038704206656178,minmaxnorm
104,Q0,SJMN91-06276298,544,1.303004690606026,minmaxnorm
104,Q0,SJMN91-06284183,545,1.30212966232744,minmaxnorm
104,Q0,AP900628-0156,546,1.2993496121892232,minmaxnorm
104,Q0,SJMN91-06092062,547,1.297242532826205,minmaxnorm
104,Q0,SJMN91-06220189,548,1.2971827150449131,minmaxnorm
104,Q0,AP900516-0240,549,1.2884274441214885,minmaxnorm
104,Q0,AP900308-0123,550,1.286494391650082,minmaxnorm
104,Q0,SJMN91-06139066,551,1.2834317906324662,minmaxnorm
104,Q0,SJMN91-06058177,552,1.2806151999972983,minmaxnorm
104,Q0,AP900801-0125,553,1.278562297510638,minmaxnorm
104,Q0,AP901214-0129,554,1.2767865559181122,minmaxnorm
104,Q0,ZF32-304-993,555,1.275555134089087,minmaxnorm
104,Q0,SJMN91-06145099,556,1.2750031457160076,minmaxnorm
104,Q0,SJMN91-06085149,557,1.2732043189569864,minmaxnorm
104,Q0,SJMN91-06080331,558,1.2722926801858003,minmaxnorm
104,Q0,AP901205-0008,559,1.269948725272396,minmaxnorm
104,Q0,SJMN91-06119063,560,1.2525495714491433,minmaxnorm
104,Q0,ZF32-077-149,561,1.2499687496695167,minmaxnorm
104,Q0,SJMN91-06144258,562,1.246279497669915,minmaxnorm
104,Q0,AP900622-0157,563,1.2329630401734335,minmaxnorm
104,Q0,SJMN91-06174089,564,1.2317268996805077,minmaxnorm
104,Q0,AP900611-0154,565,1.2250102227029305,minmaxnorm
104,Q0,SJMN91-06036089,566,1.2221668357659117,minmaxnorm
104,Q0,AP900221-0244,567,1.219569648331627,minmaxnorm
104,Q0,AP900313-0219,568,1.2184052871133038,minmaxnorm
104,Q0,SJMN91-06155159,569,1.2161436509622614,minmaxnorm
104,Q0,SJMN91-06138265,570,1.2098169420776643,minmaxnorm
104,Q0,AP900927-0258,571,1.207613085806093,minmaxnorm
104,Q0,SJMN91-06175078,572,1.2071515031878366,minmaxnorm
104,Q0,ZF32-159-115,573,1.2067407457739907,minmaxnorm
104,Q0,AP900420-0098,574,1.2049026231909898,minmaxnorm
104,Q0,SJMN91-06268139,575,1.2039767832336699,minmaxnorm
104,Q0,AP900621-0048,576,1.2017907060022077,minmaxnorm
104,Q0,SJMN91-06113084,577,1.2008609142688338,minmaxnorm
104,Q0,AP901012-0098,578,1.1966177490631003,minmaxnorm
104,Q0,SJMN91-06219131,579,1.1955559827077893,minmaxnorm
104,Q0,SJMN91-06318232,580,1.1905122638776027,minmaxnorm
104,Q0,AP901028-0011,581,1.1853473891518962,minmaxnorm
104,Q0,SJMN91-06253011,582,1.1830445868768276,minmaxnorm
104,Q0,AP901026-0026,583,1.1813390700637325,minmaxnorm
104,Q0,SJMN91-06123132,584,1.1799996149032772,minmaxnorm
104,Q0,AP901003-0089,585,1.1790177387485858,minmaxnorm
104,Q0,AP900419-0170,586,1.1761160187627409,minmaxnorm
104,Q0,SJMN91-06205094,587,1.1744765959778092,minmaxnorm
104,Q0,SJMN91-06205101,588,1.1738199864705376,minmaxnorm
104,Q0,AP900719-0134,589,1.1738015045555161,minmaxnorm
104,Q0,AP901116-0142,590,1.1713947339978583,minmaxnorm
104,Q0,SJMN91-06084152,591,1.1696141995470057,minmaxnorm
104,Q0,AP901003-0169,592,1.167251599921285,minmaxnorm
104,Q0,SJMN91-06009043,593,1.1669951558812661,minmaxnorm
104,Q0,AP900628-0217,594,1.1622178829499654,minmaxnorm
104,Q0,AP900614-0154,595,1.1565254654447958,minmaxnorm
104,Q0,AP900125-0300,596,1.1508517819935926,minmaxnorm
104,Q0,SJMN91-06073045,597,1.14920322551495,minmaxnorm
104,Q0,AP901003-0125,598,1.1490176500701343,minmaxnorm
104,Q0,SJMN91-06128090,599,1.1449424274363686,minmaxnorm
104,Q0,SJMN91-06065193,600,1.144612542441751,minmaxnorm
104,Q0,AP901025-0122,601,1.1407936105027372,minmaxnorm
104,Q0,AP900818-0010,602,1.1379168541260847,minmaxnorm
104,Q0,AP900319-0246,603,1.1368159859035514,minmaxnorm
104,Q0,SJMN91-06112029,604,1.1358537470294867,minmaxnorm
104,Q0,SJMN91-06037284,605,1.135374327985532,minmaxnorm
104,Q0,SJMN91-06114207,606,1.135243925107388,minmaxnorm
104,Q0,AP900112-0025,607,1.1350690981295162,minmaxnorm
104,Q0,SJMN91-06123071,608,1.1284302186814759,minmaxnorm
104,Q0,SJMN91-06105120,609,1.125213601193282,minmaxnorm
104,Q0,ZF32-325-136,610,1.1229551623658942,minmaxnorm
104,Q0,AP900222-0163,611,1.121904684033209,minmaxnorm
104,Q0,SJMN91-06354077,612,1.1180970032520374,minmaxnorm
104,Q0,AP901010-0140,613,1.1163957076848834,minmaxnorm
104,Q0,AP900316-0127,614,1.115178723875509,minmaxnorm
104,Q0,AP900712-0147,615,1.1149426418473596,minmaxnorm
104,Q0,SJMN91-06031198,616,1.1131356405138733,minmaxnorm
104,Q0,AP901029-0032,617,1.1104587508211785,minmaxnorm
104,Q0,AP900915-0003,618,1.1048848628724839,minmaxnorm
104,Q0,AP900306-0113,619,1.1039769649966351,minmaxnorm
104,Q0,SJMN91-06283272,620,1.1032611990324743,minmaxnorm
104,Q0,SJMN91-06140001,621,1.100150515078273,minmaxnorm
104,Q0,ZF32-306-868,622,1.1001467750426888,minmaxnorm
104,Q0,AP900103-0013,623,1.099916702272989,minmaxnorm
104,Q0,SJMN91-06141123,624,1.0977663841157548,minmaxnorm
104,Q0,AP900209-0017,625,1.0942585869727406,minmaxnorm
104,Q0,AP900211-0091,626,1.0938835354468388,minmaxnorm
104,Q0,SJMN91-06085077,627,1.0936602953555106,minmaxnorm
104,Q0,SJMN91-06147122,628,1.0927976359824423,minmaxnorm
104,Q0,SJMN91-06300023,629,1.0918857782184859,minmaxnorm
104,Q0,AP900523-0121,630,1.0865929820164901,minmaxnorm
104,Q0,AP900702-0049,631,1.0865144767749328,minmaxnorm
104,Q0,SJMN91-06317111,632,1.0835007708779325,minmaxnorm
104,Q0,AP901126-0213,633,1.083193567023236,minmaxnorm
104,Q0,SJMN91-06305123,634,1.076508538216589,minmaxnorm
104,Q0,AP900208-0124,635,1.0762388826841194,minmaxnorm
104,Q0,SJMN91-06013008,636,1.0723242758842513,minmaxnorm
104,Q0,SJMN91-06097009,637,1.0681179520649506,minmaxnorm
104,Q0,SJMN91-06312139,638,1.0667134284144042,minmaxnorm
104,Q0,SJMN91-06335070,639,1.0667026022332924,minmaxnorm
104,Q0,SJMN91-06162156,640,1.0661557933121906,minmaxnorm
104,Q0,SJMN91-06087336,641,1.0655283345524043,minmaxnorm
104,Q0,AP900111-0177,642,1.0611524228105491,minmaxnorm
104,Q0,SJMN91-06172138,643,1.0592199879316433,minmaxnorm
104,Q0,SJMN91-06306042,644,1.0576039949895466,minmaxnorm
104,Q0,AP901010-0084,645,1.0556336645767685,minmaxnorm
104,Q0,AP900724-0138,646,1.053987273430687,minmaxnorm
104,Q0,AP901115-0086,647,1.051232273106857,minmaxnorm
104,Q0,SJMN91-06088138,648,1.0468853936948916,minmaxnorm
104,Q0,SJMN91-06194212,649,1.0460810787083679,minmaxnorm
104,Q0,SJMN91-06220233,650,1.0457656690286865,minmaxnorm
104,Q0,SJMN91-06286005,651,1.0454362002875173,minmaxnorm
104,Q0,AP901105-0140,652,1.0447675794003535,minmaxnorm
104,Q0,SJMN91-06341217,653,1.0435500529162915,minmaxnorm
104,Q0,ZF32-039-329,654,1.0433615393006117,minmaxnorm
104,Q0,AP900220-0078,655,1.0417604263210893,minmaxnorm
104,Q0,SJMN91-06119033,656,1.0398701484380144,minmaxnorm
104,Q0,AP900705-0181,657,1.038018568320341,minmaxnorm
104,Q0,AP900416-0202,658,1.036285545040561,minmaxnorm
104,Q0,AP901217-0175,659,1.0326798315408106,minmaxnorm
104,Q0,AP900813-0106,660,1.026068702432931,minmaxnorm
104,Q0,AP900215-0030,661,1.0243351067101185,minmaxnorm
104,Q0,SJMN91-06024430,662,1.0243167030114166,minmaxnorm
104,Q0,AP901115-0253,663,1.023525965386721,minmaxnorm
104,Q0,ZF32-312-673,664,1.0167135599807833,minmaxnorm
104,Q0,SJMN91-06353130,665,1.0132233366879886,minmaxnorm
104,Q0,AP900725-0172,666,1.0115922324773687,minmaxnorm
104,Q0,AP900423-0179,667,1.0107967060950573,minmaxnorm
104,Q0,SJMN91-06182141,668,1.0107919856830447,minmaxnorm
104,Q0,SJMN91-06010023,669,1.0093741556773135,minmaxnorm
104,Q0,AP900514-0208,670,1.0087740061165824,minmaxnorm
104,Q0,SJMN91-06362157,671,1.008624499130475,minmaxnorm
104,Q0,SJMN91-06028046,672,1.0067024129016322,minmaxnorm
104,Q0,SJMN91-06256241,673,1.0064568043651505,minmaxnorm
104,Q0,AP900418-0250,674,1.005232057094908,minmaxnorm
104,Q0,SJMN91-06148038,675,1.004386642191131,minmaxnorm
104,Q0,SJMN91-06119075,676,1.0038931257047132,minmaxnorm
104,Q0,SJMN91-06189182,677,1.0031580999157195,minmaxnorm
104,Q0,PT3-05176285,678,1.0003240059498584,minmaxnorm
104,Q0,AP900331-0059,679,0.9992748156296275,minmaxnorm
104,Q0,SJMN91-06196190,680,0.9971646064747737,minmaxnorm
104,Q0,SJMN91-06038054,681,0.9964810871137567,minmaxnorm
104,Q0,SJMN91-06325168,682,0.9964010382710272,minmaxnorm
104,Q0,AP900501-0095,683,0.9943334905535106,minmaxnorm
104,Q0,SJMN91-06280231,684,0.9932662212801328,minmaxnorm
104,Q0,SJMN91-06329014,685,0.9920999960463708,minmaxnorm
104,Q0,ZF32-304-872,686,0.9918639289102262,minmaxnorm
104,Q0,AP900122-0228,687,0.9914782321109863,minmaxnorm
104,Q0,SJMN91-06202043,688,0.9909813026568662,minmaxnorm
104,Q0,AP900331-0026,689,0.9905964885304781,minmaxnorm
104,Q0,AP900209-0111,690,0.9878906931509964,minmaxnorm
104,Q0,AP901106-0023,691,0.9833748153340897,minmaxnorm
104,Q0,AP900330-0237,692,0.9812057388188182,minmaxnorm
104,Q0,SJMN91-06208003,693,0.9799959687692564,minmaxnorm
104,Q0,SJMN91-06160148,694,0.9787067896827321,minmaxnorm
104,Q0,SJMN91-06098261,695,0.9771431041356822,minmaxnorm
104,Q0,SJMN91-06101280,696,0.9727344117106937,minmaxnorm
104,Q0,ZF32-332-130,697,0.9725592203116543,minmaxnorm
104,Q0,SJMN91-06234278,698,0.9721334888784018,minmaxnorm
104,Q0,SJMN91-06011124,699,0.9678083069587246,minmaxnorm
104,Q0,AP900607-0143,700,0.967569890394486,minmaxnorm
104,Q0,SJMN91-06100171,701,0.9666294155021526,minmaxnorm
104,Q0,SJMN91-06044306,702,0.9658361000714448,minmaxnorm
104,Q0,SJMN91-06186108,703,0.9628051515089207,minmaxnorm
104,Q0,SJMN91-06088062,704,0.9575919267666879,minmaxnorm
104,Q0,SJMN91-06086212,705,0.9575681756552914,minmaxnorm
104,Q0,SJMN91-06312221,706,0.9575509982057117,minmaxnorm
104,Q0,AP900809-0161,707,0.9542121703439503,minmaxnorm
104,Q0,AP900927-0036,708,0.9529178263608856,minmaxnorm
104,Q0,SJMN91-06081059,709,0.9508013417361942,minmaxnorm
104,Q0,SJMN91-06297165,710,0.9499266908335112,minmaxnorm
104,Q0,AP900223-0259,711,0.9497164742004935,minmaxnorm
104,Q0,SJMN91-06212045,712,0.9493349023973986,minmaxnorm
104,Q0,SJMN91-06239143,713,0.9480644547486277,minmaxnorm
104,Q0,SJMN91-06086071,714,0.943556925052613,minmaxnorm
104,Q0,SJMN91-06307139,715,0.9393763435938431,minmaxnorm
104,Q0,SJMN91-06052067,716,0.9384127251514708,minmaxnorm
104,Q0,AP900122-0229,717,0.9381070849260786,minmaxnorm
104,Q0,SJMN91-06103002,718,0.9324327338216918,minmaxnorm
104,Q0,AP901217-0234,719,0.9318147327087083,minmaxnorm
104,Q0,SJMN91-06283119,720,0.928431341845244,minmaxnorm
104,Q0,AP901206-0010,721,0.9277828236909814,minmaxnorm
104,Q0,AP900509-0018,722,0.9243867880069347,minmaxnorm
104,Q0,ZF32-313-408,723,0.9238695518753562,minmaxnorm
104,Q0,AP900709-0201,724,0.922020124863637,minmaxnorm
104,Q0,AP900503-0104,725,0.9196749755257795,minmaxnorm
104,Q0,AP900820-0160,726,0.9193641297439351,minmaxnorm
104,Q0,AP900119-0158,727,0.9182672751192178,minmaxnorm
104,Q0,AP900130-0234,728,0.917305004968994,minmaxnorm
104,Q0,SJMN91-06186042,729,0.9151841255334053,minmaxnorm
104,Q0,SJMN91-06224075,730,0.9140080195405825,minmaxnorm
104,Q0,AP900326-0127,731,0.912949892998951,minmaxnorm
104,Q0,AP901217-0012,732,0.9077859100048131,minmaxnorm
104,Q0,SJMN91-06150176,733,0.9074180148146251,minmaxnorm
104,Q0,AP900201-0282,734,0.904053142942203,minmaxnorm
104,Q0,AP900509-0174,735,0.8947467582771867,minmaxnorm
104,Q0,SJMN91-06115045,736,0.8938640835445739,minmaxnorm
104,Q0,AP900731-0253,737,0.8933965749365319,minmaxnorm
104,Q0,AP901116-0006,738,0.8914910621915442,minmaxnorm
104,Q0,AP900121-0036,739,0.8910531672788767,minmaxnorm
104,Q0,AP901226-0068,740,0.8909475482140459,minmaxnorm
104,Q0,SJMN91-06034025,741,0.8891598191938523,minmaxnorm
104,Q0,AP900122-0158,742,0.8881967139982816,minmaxnorm
104,Q0,SJMN91-06288010,743,0.885746960890649,minmaxnorm
104,Q0,AP900709-0174,744,0.8822969896881225,minmaxnorm
104,Q0,ZF32-143-017,745,0.8809003598278513,minmaxnorm
104,Q0,AP900925-0132,746,0.8797195986548456,minmaxnorm
104,Q0,SJMN91-06051275,747,0.878869032083331,minmaxnorm
104,Q0,SJMN91-06343134,748,0.8750505825623961,minmaxnorm
104,Q0,AP900825-0137,749,0.8741727702980212,minmaxnorm
104,Q0,SJMN91-06087025,750,0.8729189248403253,minmaxnorm
104,Q0,SJMN91-06350140,751,0.8713199669598624,minmaxnorm
104,Q0,SJMN91-06227056,752,0.8707839655528824,minmaxnorm
104,Q0,ZF32-289-759,753,0.8694288118420836,minmaxnorm
104,Q0,AP900228-0146,754,0.8683865823343428,minmaxnorm
104,Q0,SJMN91-06087119,755,0.8672199730199815,minmaxnorm
104,Q0,SJMN91-06178032,756,0.8669096521498054,minmaxnorm
104,Q0,SJMN91-06157064,757,0.8661859809158392,minmaxnorm
104,Q0,SJMN91-06120047,758,0.8648408444210998,minmaxnorm
104,Q0,SJMN91-06311132,759,0.8577163846907127,minmaxnorm
104,Q0,AP901220-0202,760,0.857472156447914,minmaxnorm
104,Q0,SJMN91-06171328,761,0.8562555813814356,minmaxnorm
104,Q0,AP901010-0010,762,0.8561713661595689,minmaxnorm
104,Q0,SJMN91-06175144,763,0.8557107959141226,minmaxnorm
104,Q0,ZF32-324-410,764,0.8536938019776606,minmaxnorm
104,Q0,SJMN91-06262078,765,0.8507679464507053,minmaxnorm
104,Q0,ZF32-042-031,766,0.8493108727312061,minmaxnorm
104,Q0,SJMN91-06298072,767,0.8491661739391724,minmaxnorm
104,Q0,SJMN91-06205202,768,0.848782899027508,minmaxnorm
104,Q0,SJMN91-06100107,769,0.8482023175298216,minmaxnorm
104,Q0,AP900418-0105,770,0.8478060054973409,minmaxnorm
104,Q0,AP900930-0019,771,0.8471499941051353,minmaxnorm
104,Q0,SJMN91-06038004,772,0.8467978277301093,minmaxnorm
104,Q0,AP900110-0030,773,0.8445527680125766,minmaxnorm
104,Q0,SJMN91-06084155,774,0.838867257378174,minmaxnorm
104,Q0,SJMN91-06094151,775,0.8380377889205258,minmaxnorm
104,Q0,SJMN91-06112108,776,0.8380243678531976,minmaxnorm
104,Q0,SJMN91-06295174,777,0.8358536644955232,minmaxnorm
104,Q0,AP900416-0203,778,0.8353474935894021,minmaxnorm
104,Q0,AP900724-0115,779,0.8350793213349179,minmaxnorm
104,Q0,SJMN91-06311247,780,0.8350503850446556,minmaxnorm
104,Q0,AP900424-0080,781,0.8348987290883207,minmaxnorm
104,Q0,SJMN91-06065133,782,0.8328839529642615,minmaxnorm
104,Q0,SJMN91-06048259,783,0.8321123961061951,minmaxnorm
104,Q0,SJMN91-06274003,784,0.8307396501091462,minmaxnorm
104,Q0,SJMN91-06329250,785,0.8306172629144367,minmaxnorm
104,Q0,SJMN91-06105183,786,0.8305141353252133,minmaxnorm
104,Q0,SJMN91-06277198,787,0.8300484115298362,minmaxnorm
104,Q0,AP901002-0172,788,0.8295132959868514,minmaxnorm
104,Q0,SJMN91-06109285,789,0.8295001877767365,minmaxnorm
104,Q0,SJMN91-06051243,790,0.8284635416796705,minmaxnorm
104,Q0,SJMN91-06085030,791,0.8237543587718846,minmaxnorm
104,Q0,AP901002-0235,792,0.8208451122660398,minmaxnorm
104,Q0,AP900924-0114,793,0.8205092098507389,minmaxnorm
104,Q0,AP900309-0240,794,0.8192710886608319,minmaxnorm
104,Q0,AP900812-0032,795,0.8189491300474709,minmaxnorm
104,Q0,AP900328-0075,796,0.8179553748876328,minmaxnorm
104,Q0,SJMN91-06333127,797,0.8138151442623068,minmaxnorm
104,Q0,SJMN91-06340134,798,0.813585907172468,minmaxnorm
104,Q0,SJMN91-06175087,799,0.813369790035416,minmaxnorm
104,Q0,SJMN91-06208067,800,0.813181223960381,minmaxnorm
104,Q0,SJMN91-06131054,801,0.8119300032349298,minmaxnorm
104,Q0,SJMN91-06226022,802,0.8086185448104881,minmaxnorm
104,Q0,SJMN91-06311137,803,0.807314060453036,minmaxnorm
104,Q0,AP900131-0001,804,0.8068684344760398,minmaxnorm
104,Q0,AP900227-0160,805,0.8062847532578827,minmaxnorm
104,Q0,SJMN91-06015220,806,0.8060450771717471,minmaxnorm
104,Q0,SJMN91-06111044,807,0.8044440031492013,minmaxnorm
104,Q0,AP901114-0088,808,0.8038440772601119,minmaxnorm
104,Q0,AP900724-0195,809,0.8017180627260411,minmaxnorm
104,Q0,ZF32-294-638,810,0.7956874467217611,minmaxnorm
104,Q0,ZF32-306-1092,811,0.794118101291349,minmaxnorm
104,Q0,ZF32-324-1085,812,0.792526389842091,minmaxnorm
104,Q0,SJMN91-06109132,813,0.7924793226822991,minmaxnorm
104,Q0,AP901105-0147,814,0.7911837820430212,minmaxnorm
104,Q0,AP900509-0021,815,0.7907445491183449,minmaxnorm
104,Q0,SJMN91-06357098,816,0.7907370985300374,minmaxnorm
104,Q0,SJMN91-06154085,817,0.7885555394385961,minmaxnorm
104,Q0,AP900212-0002,818,0.7884467811905012,minmaxnorm
104,Q0,SJMN91-06214250,819,0.7883786515618745,minmaxnorm
104,Q0,SJMN91-06030138,820,0.7881462856027452,minmaxnorm
104,Q0,AP900727-0149,821,0.7878222595947573,minmaxnorm
104,Q0,AP901004-0086,822,0.7869718201694409,minmaxnorm
104,Q0,SJMN91-06155127,823,0.7858721349480711,minmaxnorm
104,Q0,AP900307-0020,824,0.7817592118088627,minmaxnorm
104,Q0,AP901009-0219,825,0.78089112646178,minmaxnorm
104,Q0,AP900517-0146,826,0.7789854946806517,minmaxnorm
104,Q0,AP900806-0135,827,0.7779018286708513,minmaxnorm
104,Q0,AP900209-0020,828,0.777668108806459,minmaxnorm
104,Q0,AP900322-0194,829,0.7772477842360361,minmaxnorm
104,Q0,AP900317-0063,830,0.7766490004999956,minmaxnorm
104,Q0,SJMN91-06087086,831,0.7756555864231663,minmaxnorm
104,Q0,AP900516-0128,832,0.775255436334749,minmaxnorm
104,Q0,SJMN91-06192051,833,0.7734782249758991,minmaxnorm
104,Q0,SJMN91-06175037,834,0.7722402565319813,minmaxnorm
104,Q0,SJMN91-06238020,835,0.7716688021927505,minmaxnorm
104,Q0,ZF32-314-646,836,0.7700683608454281,minmaxnorm
104,Q0,SJMN91-06044309,837,0.768310803437416,minmaxnorm
104,Q0,AP900217-0113,838,0.7649958505289411,minmaxnorm
104,Q0,AP900918-0246,839,0.7645347955343132,minmaxnorm
104,Q0,SJMN91-06274104,840,0.7642025655334506,minmaxnorm
104,Q0,AP900105-0286,841,0.7631419800604066,minmaxnorm
104,Q0,AP901108-0163,842,0.7628169232679652,minmaxnorm
104,Q0,SJMN91-06102066,843,0.7611018612945502,minmaxnorm
104,Q0,SJMN91-06301132,844,0.7606483953936021,minmaxnorm
104,Q0,SJMN91-06269208,845,0.7600224020979618,minmaxnorm
104,Q0,AP900614-0177,846,0.7581282972829692,minmaxnorm
104,Q0,ZF32-086-045,847,0.7578202421352253,minmaxnorm
104,Q0,AP901129-0036,848,0.7564826971830306,minmaxnorm
104,Q0,ZF32-138-003,849,0.75626501281891,minmaxnorm
104,Q0,SJMN91-06255443,850,0.7550425120196744,minmaxnorm
104,Q0,AP901017-0143,851,0.7528086944617137,minmaxnorm
104,Q0,ZF32-298-171,852,0.7521087082686957,minmaxnorm
104,Q0,AP900322-0056,853,0.7498377206478092,minmaxnorm
104,Q0,PT3-05176687,854,0.7497680770274353,minmaxnorm
104,Q0,SJMN91-06351163,855,0.7479612487234333,minmaxnorm
104,Q0,SJMN91-06162021,856,0.7475656765542495,minmaxnorm
104,Q0,AP900430-0064,857,0.7471996242594144,minmaxnorm
104,Q0,AP900904-0199,858,0.7460979525831953,minmaxnorm
104,Q0,SJMN91-06006082,859,0.745685598280955,minmaxnorm
104,Q0,SJMN91-06244074,860,0.7431950818567161,minmaxnorm
104,Q0,ZF32-338-493,861,0.7426398754271234,minmaxnorm
104,Q0,AP900202-0014,862,0.7424487163128297,minmaxnorm
104,Q0,SJMN91-06073245,863,0.7423818795010048,minmaxnorm
104,Q0,ZF32-050-070,864,0.74087413250817,minmaxnorm
104,Q0,SJMN91-06234008,865,0.7404880646126194,minmaxnorm
104,Q0,SJMN91-06134136,866,0.7403934401284158,minmaxnorm
104,Q0,ZF32-293-1144,867,0.7396871629783202,minmaxnorm
104,Q0,SJMN91-06055077,868,0.7382197019786446,minmaxnorm
104,Q0,AP900328-0199,869,0.7357062707484002,minmaxnorm
104,Q0,AP900118-0288,870,0.7351510951311326,minmaxnorm
104,Q0,ZF32-028-206,871,0.734394354753447,minmaxnorm
104,Q0,AP900913-0231,872,0.733903194276976,minmaxnorm
104,Q0,AP900728-0018,873,0.7307272961021254,minmaxnorm
104,Q0,AP900517-0129,874,0.7304265389985877,minmaxnorm
104,Q0,ZF32-097-153,875,0.7281839949890825,minmaxnorm
104,Q0,AP900205-0053,876,0.7279327101867049,minmaxnorm
104,Q0,SJMN91-06038050,877,0.7273211062978151,minmaxnorm
104,Q0,SJMN91-06327231,878,0.726194642873649,minmaxnorm
104,Q0,SJMN91-06226199,879,0.7227596112539899,minmaxnorm
104,Q0,AP901023-0222,880,0.7225580756466403,minmaxnorm
104,Q0,SJMN91-06240050,881,0.7224516808850295,minmaxnorm
104,Q0,AP900314-0007,882,0.7218124363332943,minmaxnorm
104,Q0,ZF32-308-538,883,0.7217086981904073,minmaxnorm
104,Q0,AP900129-0058,884,0.7197955365044572,minmaxnorm
104,Q0,SJMN91-06086162,885,0.7194854962569238,minmaxnorm
104,Q0,SJMN91-06322084,886,0.7176663959038196,minmaxnorm
104,Q0,SJMN91-06106060,887,0.716004436440872,minmaxnorm
104,Q0,SJMN91-06255512,888,0.7155311667899606,minmaxnorm
104,Q0,AP900111-0089,889,0.7142565565788013,minmaxnorm
104,Q0,ZF32-129-227,890,0.7142083452819391,minmaxnorm
104,Q0,SJMN91-06225060,891,0.7135236602717469,minmaxnorm
104,Q0,AP900112-0249,892,0.7114063062958177,minmaxnorm
104,Q0,AP900208-0138,893,0.7079614430196328,minmaxnorm
104,Q0,SJMN91-06308196,894,0.7067943946811625,minmaxnorm
104,Q0,AP901028-0035,895,0.7044862568984616,minmaxnorm
104,Q0,ZF32-053-200,896,0.7031330233503574,minmaxnorm
104,Q0,AP900312-0232,897,0.6958881241731188,minmaxnorm
104,Q0,SJMN91-06181075,898,0.6952501363246989,minmaxnorm
104,Q0,SJMN91-06182115,899,0.6904511142829299,minmaxnorm
104,Q0,SJMN91-06318058,900,0.6901537293992056,minmaxnorm
104,Q0,AP901015-0033,901,0.6900016845233349,minmaxnorm
104,Q0,SJMN91-06035134,902,0.6887852686905972,minmaxnorm
104,Q0,SJMN91-06250088,903,0.6882663503842797,minmaxnorm
104,Q0,AP900122-0013,904,0.6882623814231406,minmaxnorm
104,Q0,SJMN91-06332203,905,0.682221059967372,minmaxnorm
104,Q0,SJMN91-06262050,906,0.6813069450439087,minmaxnorm
104,Q0,AP900917-0121,907,0.6800835342153565,minmaxnorm
104,Q0,SJMN91-06359033,908,0.6776158695864898,minmaxnorm
104,Q0,SJMN91-06318046,909,0.6763730662915416,minmaxnorm
104,Q0,SJMN91-06338090,910,0.6747167407069251,minmaxnorm
104,Q0,SJMN91-06340052,911,0.6744330766567674,minmaxnorm
104,Q0,AP901101-0130,912,0.6725594235670944,minmaxnorm
104,Q0,SJMN91-06185235,913,0.6707306644172224,minmaxnorm
104,Q0,SJMN91-06354171,914,0.6683561279271971,minmaxnorm
104,Q0,SJMN91-06299239,915,0.6683456479084526,minmaxnorm
104,Q0,ZF32-185-032,916,0.6668619390396613,minmaxnorm
104,Q0,AP900806-0115,917,0.6642282665774429,minmaxnorm
104,Q0,AP900124-0025,918,0.663709584883491,minmaxnorm
104,Q0,AP900308-0173,919,0.661970687665865,minmaxnorm
104,Q0,AP901019-0031,920,0.6616137234324428,minmaxnorm
104,Q0,AP901015-0261,921,0.6602112446559147,minmaxnorm
104,Q0,AP900505-0055,922,0.660196690090861,minmaxnorm
104,Q0,AP900310-0030,923,0.6584584791343885,minmaxnorm
104,Q0,AP900110-0238,924,0.6555263538635672,minmaxnorm
104,Q0,AP900628-0045,925,0.6547832334646803,minmaxnorm
104,Q0,AP901128-0150,926,0.6547611745747406,minmaxnorm
104,Q0,AP900314-0106,927,0.6546349782614197,minmaxnorm
104,Q0,SJMN91-06258047,928,0.6533230849783727,minmaxnorm
104,Q0,SJMN91-06354121,929,0.6520838574824042,minmaxnorm
104,Q0,AP900925-0254,930,0.6509063403882421,minmaxnorm
104,Q0,SJMN91-06346301,931,0.6498648233459073,minmaxnorm
104,Q0,SJMN91-06183082,932,0.647586573259441,minmaxnorm
104,Q0,AP900124-0226,933,0.6473298506188864,minmaxnorm
104,Q0,ZF32-312-676,934,0.6463841405373807,minmaxnorm
104,Q0,SJMN91-06063018,935,0.6433607195482116,minmaxnorm
104,Q0,AP901002-0184,936,0.6373224408078975,minmaxnorm
104,Q0,ZF310-620-053,937,0.6363456371160418,minmaxnorm
104,Q0,SJMN91-06339167,938,0.6359171190260385,minmaxnorm
104,Q0,AP901221-0193,939,0.6329605951486494,minmaxnorm
104,Q0,AP900423-0002,940,0.6293075942109119,minmaxnorm
104,Q0,AP900925-0150,941,0.6285064698097961,minmaxnorm
104,Q0,AP900801-0260,942,0.6269384737656798,minmaxnorm
104,Q0,SJMN91-06002208,943,0.6244924221297151,minmaxnorm
104,Q0,AP900515-0134,944,0.6239530857939648,minmaxnorm
104,Q0,ZF32-122-147,945,0.6237376298211669,minmaxnorm
104,Q0,AP900119-0238,946,0.6228079941264137,minmaxnorm
104,Q0,SJMN91-06277105,947,0.6227318142737739,minmaxnorm
104,Q0,SJMN91-06183142,948,0.6181516031592845,minmaxnorm
104,Q0,SJMN91-06046270,949,0.6179756193858474,minmaxnorm
104,Q0,ZF32-298-087,950,0.6156809489606513,minmaxnorm
104,Q0,AP900103-0064,951,0.6129351523971738,minmaxnorm
104,Q0,AP900309-0131,952,0.6113825072823522,minmaxnorm
104,Q0,AP900131-0261,953,0.6106466770199164,minmaxnorm
104,Q0,SJMN91-06077045,954,0.609300875942573,minmaxnorm
104,Q0,AP900925-0143,955,0.6087050949941422,minmaxnorm
104,Q0,SJMN91-06117164,956,0.6084619754081535,minmaxnorm
104,Q0,SJMN91-06165169,957,0.6084128671993742,minmaxnorm
104,Q0,SJMN91-06109234,958,0.6081577863370983,minmaxnorm
104,Q0,SJMN91-06139172,959,0.6065528667355875,minmaxnorm
104,Q0,AP900725-0085,960,0.6026887448112559,minmaxnorm
104,Q0,AP900224-0147,961,0.6025106026397169,minmaxnorm
104,Q0,AP900215-0033,962,0.6014525692432351,minmaxnorm
104,Q0,AP901005-0145,963,0.6009445089701202,minmaxnorm
104,Q0,AP900620-0150,964,0.5970188388405354,minmaxnorm
104,Q0,SJMN91-06350245,965,0.5965822185440789,minmaxnorm
104,Q0,SJMN91-06331014,966,0.5957788788491609,minmaxnorm
104,Q0,AP900122-0225,967,0.5955347609299895,minmaxnorm
104,Q0,AP900109-0023,968,0.5954276131266062,minmaxnorm
104,Q0,AP900419-0002,969,0.594447640516668,minmaxnorm
104,Q0,AP900623-0027,970,0.5932861552205548,minmaxnorm
104,Q0,AP901127-0044,971,0.5922264519285336,minmaxnorm
104,Q0,SJMN91-06257118,972,0.5911232463247419,minmaxnorm
104,Q0,AP900719-0077,973,0.5903575567112851,minmaxnorm
104,Q0,AP900329-0087,974,0.5888992996242448,minmaxnorm
104,Q0,ZF32-206-014,975,0.5874048857653574,minmaxnorm
104,Q0,SJMN91-06306005,976,0.586188839081103,minmaxnorm
104,Q0,SJMN91-06036119,977,0.5860869076087717,minmaxnorm
104,Q0,AP900519-0127,978,0.5855346672373092,minmaxnorm
104,Q0,AP900327-0026,979,0.5846614089878415,minmaxnorm
104,Q0,AP900426-0156,980,0.5840321664285507,minmaxnorm
104,Q0,SJMN91-06176153,981,0.5839857603287233,minmaxnorm
104,Q0,SJMN91-06200200,982,0.5823938303876908,minmaxnorm
104,Q0,SJMN91-06245104,983,0.5811182218160741,minmaxnorm
104,Q0,AP900406-0026,984,0.5808114673224137,minmaxnorm
104,Q0,AP900712-0021,985,0.5802907980589913,minmaxnorm
104,Q0,SJMN91-06351022,986,0.5798054970980931,minmaxnorm
104,Q0,ZF32-323-857,987,0.5789764754811593,minmaxnorm
104,Q0,AP900108-0189,988,0.5781265622085935,minmaxnorm
104,Q0,SJMN91-06117140,989,0.5780347302743841,minmaxnorm
104,Q0,ZF32-249-181,990,0.5767697976189856,minmaxnorm
104,Q0,AP900319-0226,991,0.5754601983341834,minmaxnorm
104,Q0,SJMN91-06035217,992,0.5751036350016279,minmaxnorm
104,Q0,AP900510-0026,993,0.5741951082455299,minmaxnorm
104,Q0,SJMN91-06081106,994,0.5712025141614037,minmaxnorm
104,Q0,AP901006-0148,995,0.5688822418099074,minmaxnorm
104,Q0,SJMN91-06161143,996,0.5661845101861316,minmaxnorm
104,Q0,AP901015-0017,997,0.5661183585098166,minmaxnorm
104,Q0,AP900629-0249,998,0.5641749001655944,minmaxnorm
104,Q0,SJMN91-06192195,999,0.5632351419542256,minmaxnorm
104,Q0,AP900124-0043,1000,0.5615567667112678,minmaxnorm
105,Q0,AP900613-0229,1,16.126409747230344,minmaxnorm
105,Q0,AP900612-0257,2,15.681508609807846,minmaxnorm
105,Q0,AP900725-0206,3,14.777073777763585,minmaxnorm
105,Q0,AP900726-0226,4,14.027594105122345,minmaxnorm
105,Q0,AP900525-0223,5,12.949040474136751,minmaxnorm
105,Q0,AP901225-0088,6,11.34574165669592,minmaxnorm
105,Q0,AP900713-0202,7,11.277732485268716,minmaxnorm
105,Q0,AP900629-0227,8,11.256044979625514,minmaxnorm
105,Q0,AP900628-0256,9,11.030130561607317,minmaxnorm
105,Q0,AP900112-0218,10,10.888146653709738,minmaxnorm
105,Q0,AP900614-0222,11,10.727365343667252,minmaxnorm
105,Q0,AP900802-0208,12,10.715372561077617,minmaxnorm
105,Q0,AP900428-0158,13,10.514217696145018,minmaxnorm
105,Q0,AP901226-0015,14,10.223348853921223,minmaxnorm
105,Q0,AP900719-0220,15,10.064104047508103,minmaxnorm
105,Q0,AP900724-0216,16,9.576990664509443,minmaxnorm
105,Q0,AP900308-0261,17,9.50780790721768,minmaxnorm
105,Q0,AP900803-0203,18,9.476934907758897,minmaxnorm
105,Q0,AP901228-0187,19,9.470290526571105,minmaxnorm
105,Q0,AP900927-0208,20,9.332197794813437,minmaxnorm
105,Q0,AP900724-0227,21,9.320677895120067,minmaxnorm
105,Q0,AP900926-0230,22,9.31179384453042,minmaxnorm
105,Q0,AP900905-0245,23,9.256486525849798,minmaxnorm
105,Q0,AP900209-0257,24,8.950576546657192,minmaxnorm
105,Q0,AP900807-0178,25,8.9351017137713,minmaxnorm
105,Q0,AP900622-0206,26,8.828015086139272,minmaxnorm
105,Q0,AP900622-0253,27,8.796538485574994,minmaxnorm
105,Q0,AP900317-0168,28,8.669223536369287,minmaxnorm
105,Q0,AP900330-0200,29,8.49288718959633,minmaxnorm
105,Q0,AP900928-0205,30,8.487787464041059,minmaxnorm
105,Q0,AP900311-0088,31,8.479171802648112,minmaxnorm
105,Q0,AP900508-0224,32,8.339028201715823,minmaxnorm
105,Q0,AP900309-0212,33,8.268822212177856,minmaxnorm
105,Q0,AP900723-0251,34,8.184604444525506,minmaxnorm
105,Q0,AP900508-0273,35,8.064169343348258,minmaxnorm
105,Q0,AP900724-0215,36,8.040602887925143,minmaxnorm
105,Q0,AP900327-0242,37,7.8928634971625735,minmaxnorm
105,Q0,AP900310-0168,38,7.803974304868875,minmaxnorm
105,Q0,AP900712-0200,39,7.792816584727764,minmaxnorm
105,Q0,AP900723-0264,40,7.530580186183215,minmaxnorm
105,Q0,SJMN91-06010019,41,7.410435486434522,minmaxnorm
105,Q0,AP900202-0212,42,7.3011956857426075,minmaxnorm
105,Q0,AP900509-0229,43,7.29053660622444,minmaxnorm
105,Q0,AP900201-0178,44,7.240868855838806,minmaxnorm
105,Q0,AP900606-0035,45,6.9673399703563215,minmaxnorm
105,Q0,AP900806-0197,46,6.920635745987712,minmaxnorm
105,Q0,SJMN91-06323029,47,6.332506104362022,minmaxnorm
105,Q0,AP900321-0287,48,6.2611068331779505,minmaxnorm
105,Q0,AP900320-0178,49,6.152901047934534,minmaxnorm
105,Q0,AP901212-0268,50,6.125359036901356,minmaxnorm
105,Q0,AP900223-0228,51,6.116195741802798,minmaxnorm
105,Q0,AP900618-0236,52,6.113601776526509,minmaxnorm
105,Q0,AP900314-0155,53,6.09859167444241,minmaxnorm
105,Q0,AP900315-0077,54,6.076801942038609,minmaxnorm
105,Q0,AP900306-0248,55,6.069498221524476,minmaxnorm
105,Q0,AP900306-0214,56,5.774340270199717,minmaxnorm
105,Q0,SJMN91-06323023,57,5.715049643727198,minmaxnorm
105,Q0,AP900123-0232,58,5.653875358744203,minmaxnorm
105,Q0,AP900405-0244,59,5.344703835718387,minmaxnorm
105,Q0,AP900226-0219,60,5.263837140743066,minmaxnorm
105,Q0,AP900612-0247,61,5.2458488195995,minmaxnorm
105,Q0,AP900226-0230,62,5.164053354411423,minmaxnorm
105,Q0,AP900124-0293,63,5.147025918009824,minmaxnorm
105,Q0,AP900606-0252,64,5.112354297002895,minmaxnorm
105,Q0,AP900803-0219,65,5.030293624438151,minmaxnorm
105,Q0,AP900613-0228,66,5.005301145801161,minmaxnorm
105,Q0,AP901016-0106,67,4.884672185377629,minmaxnorm
105,Q0,AP900802-0246,68,4.826067988399616,minmaxnorm
105,Q0,AP900806-0223,69,4.793216030632382,minmaxnorm
105,Q0,AP900503-0242,70,4.511073765478945,minmaxnorm
105,Q0,AP900806-0204,71,4.499573873923226,minmaxnorm
105,Q0,AP900719-0283,72,4.493152419320414,minmaxnorm
105,Q0,AP900806-0213,73,4.445739398727243,minmaxnorm
105,Q0,AP900301-0030,74,4.40367387044551,minmaxnorm
105,Q0,AP900307-0213,75,4.387221745937021,minmaxnorm
105,Q0,AP900402-0281,76,4.377678186353081,minmaxnorm
105,Q0,SJMN91-06324113,77,4.3765398246818,minmaxnorm
105,Q0,AP900309-0229,78,4.297588887293793,minmaxnorm
105,Q0,AP900623-0172,79,4.295359700478276,minmaxnorm
105,Q0,AP901220-0205,80,4.213961501530115,minmaxnorm
105,Q0,AP900716-0234,81,4.171703844203642,minmaxnorm
105,Q0,AP900723-0250,82,4.145402888670498,minmaxnorm
105,Q0,AP900531-0215,83,4.142908716043473,minmaxnorm
105,Q0,AP900422-0088,84,4.101668730962666,minmaxnorm
105,Q0,AP900713-0243,85,4.093453397809872,minmaxnorm
105,Q0,AP900806-0206,86,4.088718343064118,minmaxnorm
105,Q0,AP900818-0157,87,3.98690151333306,minmaxnorm
105,Q0,AP900125-0244,88,3.9717590614132776,minmaxnorm
105,Q0,AP900522-0251,89,3.96110782566336,minmaxnorm
105,Q0,AP900227-0237,90,3.9011606369197933,minmaxnorm
105,Q0,AP900124-0303,91,3.894124660181841,minmaxnorm
105,Q0,AP900723-0261,92,3.8731476395765867,minmaxnorm
105,Q0,AP901206-0229,93,3.7814147410854653,minmaxnorm
105,Q0,SJMN91-06077033,94,3.7364950619571435,minmaxnorm
105,Q0,AP901225-0089,95,3.7053907553618832,minmaxnorm
105,Q0,AP900802-0244,96,3.688300890048908,minmaxnorm
105,Q0,SJMN91-06323099,97,3.6750241027308466,minmaxnorm
105,Q0,AP900823-0255,98,3.6522738936379606,minmaxnorm
105,Q0,AP900201-0287,99,3.643960175631478,minmaxnorm
105,Q0,AP900802-0207,100,3.638572041498908,minmaxnorm
105,Q0,AP900319-0240,101,3.637013243605146,minmaxnorm
105,Q0,AP900619-0207,102,3.6339305613739534,minmaxnorm
105,Q0,AP900406-0199,103,3.602913485468604,minmaxnorm
105,Q0,AP900405-0287,104,3.601087190671168,minmaxnorm
105,Q0,AP900817-0219,105,3.5935571050101403,minmaxnorm
105,Q0,AP900821-0098,106,3.577916204966752,minmaxnorm
105,Q0,AP900821-0203,107,3.542136082552658,minmaxnorm
105,Q0,AP900221-0292,108,3.4956340022683037,minmaxnorm
105,Q0,AP900216-0281,109,3.488921870651972,minmaxnorm
105,Q0,AP901012-0192,110,3.4496030830023634,minmaxnorm
105,Q0,AP900201-0290,111,3.449371863017565,minmaxnorm
105,Q0,AP900105-0221,112,3.433444998698241,minmaxnorm
105,Q0,AP901002-0080,113,3.4194779380962093,minmaxnorm
105,Q0,AP900531-0226,114,3.410339721835362,minmaxnorm
105,Q0,SJMN91-06017034,115,3.4021289245266306,minmaxnorm
105,Q0,AP900821-0199,116,3.3738659133418816,minmaxnorm
105,Q0,AP900312-0258,117,3.3636431288194446,minmaxnorm
105,Q0,AP900430-0252,118,3.363139515483426,minmaxnorm
105,Q0,AP900227-0078,119,3.361520715815169,minmaxnorm
105,Q0,AP900723-0140,120,3.3599788420644363,minmaxnorm
105,Q0,AP900821-0207,121,3.3536346955411713,minmaxnorm
105,Q0,AP900813-0216,122,3.327743716115259,minmaxnorm
105,Q0,AP900130-0226,123,3.314798910874898,minmaxnorm
105,Q0,ZF32-256-158,124,3.274612242379783,minmaxnorm
105,Q0,SJMN91-06273048,125,3.271277943242435,minmaxnorm
105,Q0,AP900221-0265,126,3.259798303982258,minmaxnorm
105,Q0,AP900316-0194,127,3.183726508568044,minmaxnorm
105,Q0,SJMN91-06061069,128,3.173895548198236,minmaxnorm
105,Q0,AP900301-0043,129,3.1654422077227853,minmaxnorm
105,Q0,AP900221-0281,130,3.1368363456335753,minmaxnorm
105,Q0,AP901224-0191,131,3.12575164413245,minmaxnorm
105,Q0,SJMN91-06018134,132,3.111188569724213,minmaxnorm
105,Q0,AP900830-0235,133,3.0961723911832455,minmaxnorm
105,Q0,AP900608-0213,134,3.0950562544297777,minmaxnorm
105,Q0,AP900811-0154,135,3.069193960451864,minmaxnorm
105,Q0,AP900116-0253,136,3.013814591723491,minmaxnorm
105,Q0,AP900806-0193,137,2.9794059466936753,minmaxnorm
105,Q0,AP900615-0208,138,2.9727358906674777,minmaxnorm
105,Q0,AP900228-0232,139,2.9587599454386666,minmaxnorm
105,Q0,AP900319-0253,140,2.956279815838988,minmaxnorm
105,Q0,AP900417-0244,141,2.9244789031234744,minmaxnorm
105,Q0,AP900319-0244,142,2.9126091108720065,minmaxnorm
105,Q0,AP900119-0228,143,2.8977868592431735,minmaxnorm
105,Q0,AP900821-0211,144,2.8864253169793694,minmaxnorm
105,Q0,AP900203-0185,145,2.855887491650478,minmaxnorm
105,Q0,AP900816-0214,146,2.8399761274409325,minmaxnorm
105,Q0,AP900221-0278,147,2.83447213606699,minmaxnorm
105,Q0,AP900813-0225,148,2.8303772477201536,minmaxnorm
105,Q0,AP900221-0068,149,2.802923537282954,minmaxnorm
105,Q0,SJMN91-06324018,150,2.772301184865785,minmaxnorm
105,Q0,AP900427-0219,151,2.7235286441153423,minmaxnorm
105,Q0,AP900227-0220,152,2.696941600832892,minmaxnorm
105,Q0,SJMN91-06103081,153,2.688652342267392,minmaxnorm
105,Q0,AP900327-0226,154,2.685505461587884,minmaxnorm
105,Q0,AP900320-0206,155,2.68341580112261,minmaxnorm
105,Q0,AP900518-0285,156,2.6628707208964233,minmaxnorm
105,Q0,AP901121-0231,157,2.599492344654298,minmaxnorm
105,Q0,SJMN91-06077095,158,2.578880837836063,minmaxnorm
105,Q0,AP900920-0105,159,2.570468941154519,minmaxnorm
105,Q0,SJMN91-06321024,160,2.565673934212596,minmaxnorm
105,Q0,AP900403-0035,161,2.531603216873576,minmaxnorm
105,Q0,SJMN91-06239170,162,2.4853258982150725,minmaxnorm
105,Q0,AP900807-0207,163,2.418033112162292,minmaxnorm
105,Q0,AP900418-0212,164,2.3869449359802233,minmaxnorm
105,Q0,AP900821-0234,165,2.3803840491065134,minmaxnorm
105,Q0,AP900403-0252,166,2.362633690759697,minmaxnorm
105,Q0,AP900312-0155,167,2.3578134317264055,minmaxnorm
105,Q0,AP900226-0016,168,2.357656176708204,minmaxnorm
105,Q0,AP900118-0259,169,2.355450040254845,minmaxnorm
105,Q0,AP900904-0219,170,2.3459665238289733,minmaxnorm
105,Q0,AP900319-0234,171,2.3447800695526175,minmaxnorm
105,Q0,AP900223-0260,172,2.3297020964258137,minmaxnorm
105,Q0,AP900821-0219,173,2.3270988439079825,minmaxnorm
105,Q0,AP900806-0199,174,2.3211868920781558,minmaxnorm
105,Q0,AP900319-0258,175,2.315475096127957,minmaxnorm
105,Q0,AP900725-0204,176,2.3009563438901797,minmaxnorm
105,Q0,AP900619-0245,177,2.2839079209517545,minmaxnorm
105,Q0,ZF32-050-160,178,2.2837728720523662,minmaxnorm
105,Q0,AP900221-0309,179,2.26634567603793,minmaxnorm
105,Q0,AP900913-0202,180,2.2551774172503753,minmaxnorm
105,Q0,AP900326-0219,181,2.2514779163967895,minmaxnorm
105,Q0,AP901217-0253,182,2.2482384645016196,minmaxnorm
105,Q0,AP900302-0248,183,2.24279105034173,minmaxnorm
105,Q0,AP900219-0168,184,2.225369243028095,minmaxnorm
105,Q0,AP900129-0258,185,2.2235933483920225,minmaxnorm
105,Q0,AP900803-0216,186,2.2215476251438484,minmaxnorm
105,Q0,AP900619-0225,187,2.2191376066278092,minmaxnorm
105,Q0,AP901102-0245,188,2.2099283011311486,minmaxnorm
105,Q0,AP900428-0152,189,2.138825462378471,minmaxnorm
105,Q0,SJMN91-06285037,190,2.127060874364276,minmaxnorm
105,Q0,AP900918-0238,191,2.1266937734200018,minmaxnorm
105,Q0,SJMN91-06142017,192,2.11245248393102,minmaxnorm
105,Q0,AP900824-0217,193,2.112411426716646,minmaxnorm
105,Q0,AP900302-0226,194,2.104508036652358,minmaxnorm
105,Q0,AP900904-0211,195,2.0961695948786656,minmaxnorm
105,Q0,SJMN91-06324091,196,2.05229262971865,minmaxnorm
105,Q0,AP900114-0049,197,2.0434991527262474,minmaxnorm
105,Q0,AP900319-0040,198,2.029173755332531,minmaxnorm
105,Q0,AP900503-0287,199,2.02641088135062,minmaxnorm
105,Q0,AP900119-0207,200,2.0170917038339264,minmaxnorm
105,Q0,AP900226-0221,201,2.012476130506843,minmaxnorm
105,Q0,AP901206-0210,202,2.008647592067449,minmaxnorm
105,Q0,AP900614-0172,203,2.0038998314474297,minmaxnorm
105,Q0,AP900430-0214,204,1.9970008183784564,minmaxnorm
105,Q0,AP900221-0049,205,1.9953311986020756,minmaxnorm
105,Q0,AP900828-0158,206,1.9833028890610762,minmaxnorm
105,Q0,AP900904-0223,207,1.9789603298975873,minmaxnorm
105,Q0,AP900309-0265,208,1.9782403963820823,minmaxnorm
105,Q0,AP900615-0191,209,1.975701465590582,minmaxnorm
105,Q0,SJMN91-06234227,210,1.9740607100832515,minmaxnorm
105,Q0,AP900202-0248,211,1.956796398642482,minmaxnorm
105,Q0,AP900224-0176,212,1.9536893719676063,minmaxnorm
105,Q0,AP900618-0225,213,1.9514810646680965,minmaxnorm
105,Q0,SJMN91-06142033,214,1.9445951648736715,minmaxnorm
105,Q0,AP901019-0271,215,1.924879051571057,minmaxnorm
105,Q0,AP900904-0236,216,1.9138190809335929,minmaxnorm
105,Q0,ZF32-249-182,217,1.907031663582321,minmaxnorm
105,Q0,AP900823-0228,218,1.9044850696624693,minmaxnorm
105,Q0,AP900919-0189,219,1.8951276832153081,minmaxnorm
105,Q0,SJMN91-06285024,220,1.8708737701820464,minmaxnorm
105,Q0,AP900814-0154,221,1.8600286650622035,minmaxnorm
105,Q0,AP900406-0047,222,1.8519441626859563,minmaxnorm
105,Q0,AP900226-0231,223,1.848427834869629,minmaxnorm
105,Q0,AP900405-0275,224,1.8479043801277637,minmaxnorm
105,Q0,AP900829-0205,225,1.8459418281966429,minmaxnorm
105,Q0,SJMN91-06024376,226,1.8457292297834467,minmaxnorm
105,Q0,AP900312-0218,227,1.8375587557194304,minmaxnorm
105,Q0,AP900813-0213,228,1.8362281471577067,minmaxnorm
105,Q0,AP900904-0226,229,1.815773440426494,minmaxnorm
105,Q0,AP900829-0249,230,1.803957942142112,minmaxnorm
105,Q0,AP900509-0222,231,1.7936071028934268,minmaxnorm
105,Q0,AP900226-0214,232,1.7928223070432054,minmaxnorm
105,Q0,SJMN91-06109011,233,1.7892959373037696,minmaxnorm
105,Q0,AP901126-0256,234,1.7879714688832706,minmaxnorm
105,Q0,AP900810-0219,235,1.7849983857246747,minmaxnorm
105,Q0,SJMN91-06018046,236,1.7583600759612248,minmaxnorm
105,Q0,AP900127-0149,237,1.73089294141006,minmaxnorm
105,Q0,AP900122-0271,238,1.7183089222212693,minmaxnorm
105,Q0,SJMN91-06262056,239,1.715873539704351,minmaxnorm
105,Q0,SJMN91-06004014,240,1.7107362407236952,minmaxnorm
105,Q0,AP900911-0282,241,1.6935816001153536,minmaxnorm
105,Q0,AP900808-0128,242,1.6903846128428273,minmaxnorm
105,Q0,AP900112-0267,243,1.6891629468820955,minmaxnorm
105,Q0,ZF32-262-100,244,1.6733580202470855,minmaxnorm
105,Q0,AP900228-0043,245,1.638229786862289,minmaxnorm
105,Q0,AP900827-0213,246,1.636812257784034,minmaxnorm
105,Q0,AP901130-0166,247,1.6321280415215234,minmaxnorm
105,Q0,AP900724-0089,248,1.6219450203220385,minmaxnorm
105,Q0,AP900731-0216,249,1.6207048508476252,minmaxnorm
105,Q0,AP900619-0240,250,1.619187259170399,minmaxnorm
105,Q0,AP901002-0236,251,1.5976164997673534,minmaxnorm
105,Q0,SJMN91-06110126,252,1.5831915583748024,minmaxnorm
105,Q0,AP900216-0291,253,1.5799558035703507,minmaxnorm
105,Q0,SJMN91-06109194,254,1.5639140531142333,minmaxnorm
105,Q0,AP900618-0237,255,1.5535207321303868,minmaxnorm
105,Q0,AP900830-0208,256,1.5514017709141643,minmaxnorm
105,Q0,SJMN91-06310082,257,1.547580924296115,minmaxnorm
105,Q0,AP900703-0207,258,1.5433987133315343,minmaxnorm
105,Q0,ZF32-249-180,259,1.5433326470137787,minmaxnorm
105,Q0,AP900627-0212,260,1.5388119409336705,minmaxnorm
105,Q0,AP900309-0208,261,1.5382458196871647,minmaxnorm
105,Q0,AP900723-0237,262,1.5236595500015935,minmaxnorm
105,Q0,AP900326-0236,263,1.4915727629239972,minmaxnorm
105,Q0,AP900614-0250,264,1.4817747184581505,minmaxnorm
105,Q0,AP900928-0225,265,1.4816525762576285,minmaxnorm
105,Q0,AP900724-0212,266,1.4724132513683292,minmaxnorm
105,Q0,AP900724-0226,267,1.470183839669081,minmaxnorm
105,Q0,AP900314-0151,268,1.4693007840826733,minmaxnorm
105,Q0,AP900726-0221,269,1.4564294144930932,minmaxnorm
105,Q0,SJMN91-06213124,270,1.4479918860384977,minmaxnorm
105,Q0,SJMN91-06016147,271,1.4445901338568594,minmaxnorm
105,Q0,AP900830-0206,272,1.436751188173459,minmaxnorm
105,Q0,AP900405-0040,273,1.4352182535844722,minmaxnorm
105,Q0,AP900725-0231,274,1.4299824000926002,minmaxnorm
105,Q0,AP900911-0239,275,1.4010981677404573,minmaxnorm
105,Q0,AP900320-0173,276,1.398968451693197,minmaxnorm
105,Q0,AP901204-0236,277,1.3989535967565163,minmaxnorm
105,Q0,SJMN91-06302049,278,1.3933774833446955,minmaxnorm
105,Q0,AP901009-0283,279,1.3853208802852062,minmaxnorm
105,Q0,AP900511-0252,280,1.3850697512334198,minmaxnorm
105,Q0,AP900911-0233,281,1.3780365518993252,minmaxnorm
105,Q0,AP900911-0243,282,1.3773228446885137,minmaxnorm
105,Q0,AP901120-0245,283,1.3593462949168076,minmaxnorm
105,Q0,AP900515-0265,284,1.3589018250860383,minmaxnorm
105,Q0,AP901130-0196,285,1.356766786821673,minmaxnorm
105,Q0,AP900725-0205,286,1.3563989140847807,minmaxnorm
105,Q0,AP900320-0231,287,1.3555628775506021,minmaxnorm
105,Q0,SJMN91-06294222,288,1.3456808444346577,minmaxnorm
105,Q0,AP900911-0272,289,1.3456005614426343,minmaxnorm
105,Q0,AP900814-0159,290,1.335171731108551,minmaxnorm
105,Q0,AP900828-0195,291,1.3214054409628775,minmaxnorm
105,Q0,AP901221-0248,292,1.3167168625472736,minmaxnorm
105,Q0,AP900828-0172,293,1.3162133620925098,minmaxnorm
105,Q0,ZF32-028-040,294,1.3110087444312954,minmaxnorm
105,Q0,AP900827-0215,295,1.306276364497095,minmaxnorm
105,Q0,AP900723-0231,296,1.3060746912560404,minmaxnorm
105,Q0,AP901120-0253,297,1.305873754766143,minmaxnorm
105,Q0,SJMN91-06302027,298,1.3018992746790925,minmaxnorm
105,Q0,AP900427-0242,299,1.2992444282835987,minmaxnorm
105,Q0,AP900928-0075,300,1.294784338106568,minmaxnorm
105,Q0,AP900905-0191,301,1.2837788832383925,minmaxnorm
105,Q0,AP900814-0149,302,1.278922364180606,minmaxnorm
105,Q0,AP901012-0252,303,1.2726223272590653,minmaxnorm
105,Q0,AP900821-0223,304,1.2706117231997474,minmaxnorm
105,Q0,AP900814-0147,305,1.269622535415901,minmaxnorm
105,Q0,AP900731-0214,306,1.2692401255547554,minmaxnorm
105,Q0,AP901009-0263,307,1.2665928868994358,minmaxnorm
105,Q0,AP900703-0248,308,1.2654274089778759,minmaxnorm
105,Q0,AP900801-0266,309,1.2650506853722256,minmaxnorm
105,Q0,AP900327-0243,310,1.262090452545511,minmaxnorm
105,Q0,ZF32-053-120,311,1.2612439427652418,minmaxnorm
105,Q0,AP900130-0255,312,1.2598514892864714,minmaxnorm
105,Q0,AP900619-0211,313,1.2562657794221865,minmaxnorm
105,Q0,AP900308-0246,314,1.2562211802479755,minmaxnorm
105,Q0,AP900112-0279,315,1.253678885241612,minmaxnorm
105,Q0,SJMN91-06346022,316,1.2535833354507795,minmaxnorm
105,Q0,AP900319-0261,317,1.2507979449034905,minmaxnorm
105,Q0,AP900727-0239,318,1.239071109985307,minmaxnorm
105,Q0,AP900122-0274,319,1.2346181229841635,minmaxnorm
105,Q0,AP900807-0199,320,1.233140070104366,minmaxnorm
105,Q0,SJMN91-06338205,321,1.228974129299311,minmaxnorm
105,Q0,AP900824-0214,322,1.2282495410616627,minmaxnorm
105,Q0,SJMN91-06177032,323,1.2276031521813355,minmaxnorm
105,Q0,AP900319-0236,324,1.2232650155403095,minmaxnorm
105,Q0,AP901227-0191,325,1.2207640997078024,minmaxnorm
105,Q0,SJMN91-06234078,326,1.2109022478969038,minmaxnorm
105,Q0,AP900216-0038,327,1.2055009634350493,minmaxnorm
105,Q0,AP900323-0045,328,1.2054305889011003,minmaxnorm
105,Q0,AP900123-0262,329,1.2054247441877544,minmaxnorm
105,Q0,AP900710-0218,330,1.1850795800437968,minmaxnorm
105,Q0,SJMN91-06288027,331,1.184195772213571,minmaxnorm
105,Q0,AP900809-0213,332,1.1675337868155482,minmaxnorm
105,Q0,AP900828-0183,333,1.1668781783789632,minmaxnorm
105,Q0,SJMN91-06109069,334,1.1655013381719592,minmaxnorm
105,Q0,SJMN91-06121119,335,1.1571535782859035,minmaxnorm
105,Q0,ZF32-129-227,336,1.1561213332690343,minmaxnorm
105,Q0,AP900821-0242,337,1.1558608373775388,minmaxnorm
105,Q0,SJMN91-06109007,338,1.1543621522733898,minmaxnorm
105,Q0,AP901009-0249,339,1.154255428792906,minmaxnorm
105,Q0,AP901009-0245,340,1.148954452585331,minmaxnorm
105,Q0,AP900807-0166,341,1.147792295990845,minmaxnorm
105,Q0,AP900616-0167,342,1.1458163033238953,minmaxnorm
105,Q0,AP900621-0271,343,1.1446476684968014,minmaxnorm
105,Q0,SJMN91-06329018,344,1.140096993373908,minmaxnorm
105,Q0,AP900917-0259,345,1.1372677378296248,minmaxnorm
105,Q0,AP900627-0222,346,1.1307976943439602,minmaxnorm
105,Q0,SJMN91-06112066,347,1.1190977823219173,minmaxnorm
105,Q0,AP900910-0274,348,1.1145785952163068,minmaxnorm
105,Q0,AP901023-0234,349,1.108244567427283,minmaxnorm
105,Q0,AP900925-0263,350,1.1080768240472167,minmaxnorm
105,Q0,AP900307-0264,351,1.1065921230841338,minmaxnorm
105,Q0,SJMN91-06056025,352,1.1026787249133034,minmaxnorm
105,Q0,AP900629-0235,353,1.101875391090373,minmaxnorm
105,Q0,SJMN91-06110198,354,1.1012332533095304,minmaxnorm
105,Q0,SJMN91-06358058,355,1.1010535640131212,minmaxnorm
105,Q0,SJMN91-06250253,356,1.100709836471743,minmaxnorm
105,Q0,SJMN91-06243167,357,1.0994136426527183,minmaxnorm
105,Q0,AP901002-0223,358,1.093706634840019,minmaxnorm
105,Q0,AP900726-0235,359,1.0933712531233748,minmaxnorm
105,Q0,AP900116-0224,360,1.0905285704401977,minmaxnorm
105,Q0,AP900119-0277,361,1.0892425913490231,minmaxnorm
105,Q0,SJMN91-06015200,362,1.088897392188965,minmaxnorm
105,Q0,SJMN91-06141176,363,1.0843126057286983,minmaxnorm
105,Q0,AP900907-0234,364,1.0838898093708687,minmaxnorm
105,Q0,AP900914-0272,365,1.0790756024225252,minmaxnorm
105,Q0,AP900621-0275,366,1.0775994756819778,minmaxnorm
105,Q0,AP900731-0247,367,1.074719935043861,minmaxnorm
105,Q0,AP900623-0171,368,1.0725053768082535,minmaxnorm
105,Q0,AP900809-0173,369,1.0690640739782074,minmaxnorm
105,Q0,AP900827-0196,370,1.0614420042829846,minmaxnorm
105,Q0,AP900307-0035,371,1.060850281269495,minmaxnorm
105,Q0,AP900911-0253,372,1.060646188435117,minmaxnorm
105,Q0,AP900130-0281,373,1.0578249140234075,minmaxnorm
105,Q0,SJMN91-06087016,374,1.0566774764898208,minmaxnorm
105,Q0,AP900102-0224,375,1.0563281605600012,minmaxnorm
105,Q0,AP900928-0221,376,1.0539736594707643,minmaxnorm
105,Q0,AP900223-0232,377,1.0531855109390846,minmaxnorm
105,Q0,AP900919-0226,378,1.0515169844712924,minmaxnorm
105,Q0,AP900717-0031,379,1.0493438071775523,minmaxnorm
105,Q0,AP900914-0275,380,1.041240534544027,minmaxnorm
105,Q0,AP900824-0219,381,1.0348995513683164,minmaxnorm
105,Q0,AP900312-0044,382,1.028596837799992,minmaxnorm
105,Q0,AP900206-0239,383,1.0272211737017358,minmaxnorm
105,Q0,AP900417-0030,384,1.0245500067101225,minmaxnorm
105,Q0,SJMN91-06291012,385,1.0189683888965309,minmaxnorm
105,Q0,AP900813-0229,386,1.0177688217233152,minmaxnorm
105,Q0,AP900112-0278,387,1.0176876348853139,minmaxnorm
105,Q0,AP900423-0275,388,1.0145362478381055,minmaxnorm
105,Q0,AP900710-0240,389,1.0126980679345303,minmaxnorm
105,Q0,SJMN91-06353066,390,1.010057287235143,minmaxnorm
105,Q0,AP900823-0257,391,1.0098159782084402,minmaxnorm
105,Q0,AP900918-0242,392,1.0094044485794986,minmaxnorm
105,Q0,AP900327-0235,393,1.0084660004842272,minmaxnorm
105,Q0,AP900119-0201,394,1.0051740461075196,minmaxnorm
105,Q0,SJMN91-06005133,395,1.0030061479830485,minmaxnorm
105,Q0,SJMN91-06238066,396,1.0022450887733032,minmaxnorm
105,Q0,AP901129-0236,397,1.0020016215610217,minmaxnorm
105,Q0,AP900709-0238,398,1.0014182998239596,minmaxnorm
105,Q0,AP900112-0252,399,1.0010663572215417,minmaxnorm
105,Q0,AP900202-0208,400,1.0005086998486368,minmaxnorm
105,Q0,AP900731-0243,401,1.0001814000475007,minmaxnorm
105,Q0,AP900306-0256,402,0.9974583839431599,minmaxnorm
105,Q0,AP900604-0285,403,0.9964620250745503,minmaxnorm
105,Q0,SJMN91-06291016,404,0.9924570704454795,minmaxnorm
105,Q0,AP900828-0078,405,0.9913311385643289,minmaxnorm
105,Q0,AP900820-0198,406,0.9895700147878325,minmaxnorm
105,Q0,AP900424-0214,407,0.9886288255866013,minmaxnorm
105,Q0,AP900724-0232,408,0.9881750057990649,minmaxnorm
105,Q0,AP900724-0235,409,0.9867151180670702,minmaxnorm
105,Q0,AP901009-0279,410,0.9862494338653048,minmaxnorm
105,Q0,ZF32-248-158,411,0.9856629094644562,minmaxnorm
105,Q0,SJMN91-06243111,412,0.9855620439681428,minmaxnorm
105,Q0,SJMN91-06164116,413,0.9833489427504738,minmaxnorm
105,Q0,AP900123-0263,414,0.9777446601082045,minmaxnorm
105,Q0,AP901023-0272,415,0.9772705233180704,minmaxnorm
105,Q0,AP900718-0217,416,0.9763858186650498,minmaxnorm
105,Q0,SJMN91-06343041,417,0.9752384212699579,minmaxnorm
105,Q0,AP900501-0214,418,0.973085836947,minmaxnorm
105,Q0,AP900821-0205,419,0.9718618909401895,minmaxnorm
105,Q0,SJMN91-06291036,420,0.9711752494278428,minmaxnorm
105,Q0,AP900829-0242,421,0.9696411639160131,minmaxnorm
105,Q0,AP900511-0208,422,0.9684689363440937,minmaxnorm
105,Q0,AP901112-0224,423,0.9649596111869915,minmaxnorm
105,Q0,AP901025-0261,424,0.9634415801520914,minmaxnorm
105,Q0,AP900615-0229,425,0.9630169551743208,minmaxnorm
105,Q0,AP900919-0195,426,0.9621203834346665,minmaxnorm
105,Q0,AP900828-0196,427,0.9616817512680224,minmaxnorm
105,Q0,AP900216-0284,428,0.9608101742457832,minmaxnorm
105,Q0,AP900306-0270,429,0.9603664815168477,minmaxnorm
105,Q0,AP900105-0211,430,0.9601114354935758,minmaxnorm
105,Q0,AP900821-0233,431,0.9598442822136746,minmaxnorm
105,Q0,AP900124-0295,432,0.9572434031305185,minmaxnorm
105,Q0,AP900925-0275,433,0.9539886664845598,minmaxnorm
105,Q0,AP901106-0240,434,0.9537619797253072,minmaxnorm
105,Q0,AP900223-0083,435,0.9530337164197101,minmaxnorm
105,Q0,AP901003-0216,436,0.9515567931942571,minmaxnorm
105,Q0,AP900406-0253,437,0.9441398472433342,minmaxnorm
105,Q0,AP900409-0211,438,0.9437222977777037,minmaxnorm
105,Q0,AP901101-0141,439,0.9417583839052108,minmaxnorm
105,Q0,AP901029-0261,440,0.9361208048582468,minmaxnorm
105,Q0,AP900927-0247,441,0.9335643889569709,minmaxnorm
105,Q0,AP900703-0216,442,0.9332204525851339,minmaxnorm
105,Q0,AP900330-0256,443,0.9328211264560121,minmaxnorm
105,Q0,AP900612-0242,444,0.9327397120265405,minmaxnorm
105,Q0,AP900612-0236,445,0.9308936094901545,minmaxnorm
105,Q0,AP900109-0231,446,0.9306191393192985,minmaxnorm
105,Q0,SJMN91-06050043,447,0.9281730872101442,minmaxnorm
105,Q0,AP900525-0263,448,0.9256726778245228,minmaxnorm
105,Q0,AP900327-0232,449,0.9253659521233082,minmaxnorm
105,Q0,SJMN91-06212116,450,0.9215070111766372,minmaxnorm
105,Q0,AP901001-0285,451,0.9207349421545316,minmaxnorm
105,Q0,AP900612-0233,452,0.9206378591474419,minmaxnorm
105,Q0,AP900117-0206,453,0.9198785017101625,minmaxnorm
105,Q0,AP900716-0247,454,0.9194889955429952,minmaxnorm
105,Q0,AP900619-0221,455,0.9186772325118139,minmaxnorm
105,Q0,AP900801-0232,456,0.9165400875433466,minmaxnorm
105,Q0,AP900209-0221,457,0.9162951540926234,minmaxnorm
105,Q0,AP901115-0219,458,0.9146899877283327,minmaxnorm
105,Q0,AP900530-0225,459,0.9137265742386298,minmaxnorm
105,Q0,AP900731-0234,460,0.9117167390329844,minmaxnorm
105,Q0,AP900619-0244,461,0.9087891728896752,minmaxnorm
105,Q0,AP900331-0155,462,0.9085153153438408,minmaxnorm
105,Q0,AP900717-0203,463,0.9067156234540331,minmaxnorm
105,Q0,SJMN91-06063068,464,0.9055649985520581,minmaxnorm
105,Q0,AP900322-0255,465,0.9037809269499075,minmaxnorm
105,Q0,AP901214-0206,466,0.9021169085427149,minmaxnorm
105,Q0,AP901002-0226,467,0.9011483539564528,minmaxnorm
105,Q0,AP900912-0210,468,0.8973457813036678,minmaxnorm
105,Q0,AP900710-0216,469,0.8960046771212634,minmaxnorm
105,Q0,AP900614-0239,470,0.8949749847693637,minmaxnorm
105,Q0,AP900718-0266,471,0.8934219004335522,minmaxnorm
105,Q0,AP900327-0027,472,0.892908429343846,minmaxnorm
105,Q0,SJMN91-06119058,473,0.8913775157190069,minmaxnorm
105,Q0,AP900123-0246,474,0.889912266084969,minmaxnorm
105,Q0,AP900703-0228,475,0.8879298823455748,minmaxnorm
105,Q0,AP900103-0033,476,0.8876643886550435,minmaxnorm
105,Q0,AP900904-0204,477,0.8868255026453371,minmaxnorm
105,Q0,AP900124-0292,478,0.881978382917526,minmaxnorm
105,Q0,AP900521-0237,479,0.8809936510037989,minmaxnorm
105,Q0,AP900129-0237,480,0.879521257626162,minmaxnorm
105,Q0,AP900928-0187,481,0.878351774058853,minmaxnorm
105,Q0,AP900904-0233,482,0.871175156079427,minmaxnorm
105,Q0,AP901023-0026,483,0.8710974529099444,minmaxnorm
105,Q0,AP900831-0232,484,0.8701070201657243,minmaxnorm
105,Q0,AP900302-0264,485,0.8691711140275935,minmaxnorm
105,Q0,AP900703-0214,486,0.8683714744842933,minmaxnorm
105,Q0,AP900213-0227,487,0.8651686007372318,minmaxnorm
105,Q0,AP900924-0290,488,0.8641057387682419,minmaxnorm
105,Q0,AP900710-0222,489,0.8605828397983062,minmaxnorm
105,Q0,AP900319-0271,490,0.8594036449148352,minmaxnorm
105,Q0,AP901023-0218,491,0.8592047733182056,minmaxnorm
105,Q0,AP900406-0189,492,0.858996438282344,minmaxnorm
105,Q0,AP900329-0232,493,0.858935124461464,minmaxnorm
105,Q0,AP901214-0195,494,0.8567420222324259,minmaxnorm
105,Q0,AP900307-0029,495,0.8539483322610123,minmaxnorm
105,Q0,AP900413-0247,496,0.8529847068158987,minmaxnorm
105,Q0,AP900608-0243,497,0.8528606731956337,minmaxnorm
105,Q0,AP900403-0232,498,0.8501035580485463,minmaxnorm
105,Q0,AP900214-0225,499,0.8493494919205126,minmaxnorm
105,Q0,SJMN91-06130025,500,0.8485820551599919,minmaxnorm
105,Q0,AP901227-0194,501,0.8458821070970557,minmaxnorm
105,Q0,AP901203-0273,502,0.8446256188006674,minmaxnorm
105,Q0,AP900119-0269,503,0.8418119536425408,minmaxnorm
105,Q0,AP900220-0257,504,0.8418077685670947,minmaxnorm
105,Q0,AP901121-0265,505,0.841603599259792,minmaxnorm
105,Q0,AP900710-0242,506,0.8374188951155225,minmaxnorm
105,Q0,AP900327-0261,507,0.8335994441184063,minmaxnorm
105,Q0,ZF32-288-304,508,0.8332956609051153,minmaxnorm
105,Q0,AP901115-0247,509,0.8322715067406474,minmaxnorm
105,Q0,AP900523-0267,510,0.828737634909119,minmaxnorm
105,Q0,AP900123-0228,511,0.828430090367475,minmaxnorm
105,Q0,AP900416-0031,512,0.8258704444163409,minmaxnorm
105,Q0,AP901003-0240,513,0.81364736388576,minmaxnorm
105,Q0,AP900605-0053,514,0.8127866909265772,minmaxnorm
105,Q0,AP901227-0052,515,0.8127178450215619,minmaxnorm
105,Q0,AP900928-0230,516,0.8123154190966205,minmaxnorm
105,Q0,SJMN91-06066038,517,0.8120029538169509,minmaxnorm
105,Q0,SJMN91-06016185,518,0.8092961015361835,minmaxnorm
105,Q0,AP901011-0214,519,0.8061021333748608,minmaxnorm
105,Q0,PT3-05179491,520,0.8052357571898214,minmaxnorm
105,Q0,AP900115-0238,521,0.8039755111835051,minmaxnorm
105,Q0,AP901119-0247,522,0.80391416767769,minmaxnorm
105,Q0,AP900703-0246,523,0.8038465505905862,minmaxnorm
105,Q0,AP900606-0248,524,0.8036852214425647,minmaxnorm
105,Q0,AP900129-0235,525,0.8033452751928282,minmaxnorm
105,Q0,AP901010-0221,526,0.8025261440010686,minmaxnorm
105,Q0,AP900807-0034,527,0.8007230991769583,minmaxnorm
105,Q0,AP901019-0275,528,0.8000597328478642,minmaxnorm
105,Q0,AP900129-0255,529,0.8000364426830815,minmaxnorm
105,Q0,AP900312-0254,530,0.7997328696109371,minmaxnorm
105,Q0,AP900305-0252,531,0.7994065771383411,minmaxnorm
105,Q0,AP900119-0243,532,0.7991248927674417,minmaxnorm
105,Q0,AP900626-0256,533,0.7968045908838105,minmaxnorm
105,Q0,AP901005-0228,534,0.7958191763192536,minmaxnorm
105,Q0,SJMN91-06191005,535,0.7955819263667017,minmaxnorm
105,Q0,AP900122-0268,536,0.7948264646767402,minmaxnorm
105,Q0,PT3-05155314,537,0.7947067436169237,minmaxnorm
105,Q0,AP900313-0255,538,0.7928871892764842,minmaxnorm
105,Q0,AP900322-0251,539,0.7892859616044641,minmaxnorm
105,Q0,ZF32-280-068,540,0.7880742346054079,minmaxnorm
105,Q0,AP900206-0254,541,0.7880406420273492,minmaxnorm
105,Q0,SJMN91-06322228,542,0.7862417097585688,minmaxnorm
105,Q0,AP901005-0235,543,0.7847261183495922,minmaxnorm
105,Q0,AP901204-0243,544,0.7843045339000774,minmaxnorm
105,Q0,AP900615-0181,545,0.7830688204911349,minmaxnorm
105,Q0,AP900926-0280,546,0.7826974503172656,minmaxnorm
105,Q0,AP900608-0230,547,0.7825964481784585,minmaxnorm
105,Q0,AP900410-0231,548,0.7818038102204807,minmaxnorm
105,Q0,AP900416-0036,549,0.7814779399113383,minmaxnorm
105,Q0,AP900110-0239,550,0.7814755663234131,minmaxnorm
105,Q0,AP900901-0144,551,0.7807166444039277,minmaxnorm
105,Q0,AP900807-0188,552,0.7795214884810471,minmaxnorm
105,Q0,AP900608-0245,553,0.778331604860606,minmaxnorm
105,Q0,AP900619-0236,554,0.7781692574768213,minmaxnorm
105,Q0,AP901115-0231,555,0.7775845398281851,minmaxnorm
105,Q0,ZF32-306-1045,556,0.7744948740612612,minmaxnorm
105,Q0,AP900723-0247,557,0.7742936903127287,minmaxnorm
105,Q0,AP901015-0311,558,0.7740729076365356,minmaxnorm
105,Q0,AP901005-0081,559,0.773633324729854,minmaxnorm
105,Q0,AP900326-0259,560,0.7728754040259871,minmaxnorm
105,Q0,AP900717-0244,561,0.771907023462482,minmaxnorm
105,Q0,AP901214-0226,562,0.7693821851390606,minmaxnorm
105,Q0,AP900221-0264,563,0.7683063650040481,minmaxnorm
105,Q0,ZF32-282-050,564,0.7672551068530427,minmaxnorm
105,Q0,AP900129-0244,565,0.7658042548602778,minmaxnorm
105,Q0,AP901009-0257,566,0.7657430664729764,minmaxnorm
105,Q0,SJMN91-06177046,567,0.7640493168060626,minmaxnorm
105,Q0,AP900319-0194,568,0.7625356823941554,minmaxnorm
105,Q0,SJMN91-06002039,569,0.7622291909606529,minmaxnorm
105,Q0,AP901023-0266,570,0.7620290392961364,minmaxnorm
105,Q0,AP900917-0257,571,0.7614973173457902,minmaxnorm
105,Q0,AP900308-0250,572,0.7608601957440484,minmaxnorm
105,Q0,AP900323-0032,573,0.7593856528361781,minmaxnorm
105,Q0,AP900918-0213,574,0.7587974113136957,minmaxnorm
105,Q0,AP900424-0247,575,0.7580367193008133,minmaxnorm
105,Q0,AP900803-0207,576,0.7565834472901171,minmaxnorm
105,Q0,AP900730-0218,577,0.7562806809283443,minmaxnorm
105,Q0,AP900223-0277,578,0.7561908596615168,minmaxnorm
105,Q0,AP900613-0232,579,0.7554916692807789,minmaxnorm
105,Q0,AP901022-0250,580,0.7553332333119788,minmaxnorm
105,Q0,AP900814-0161,581,0.754119243692213,minmaxnorm
105,Q0,AP900124-0248,582,0.7538476038470274,minmaxnorm
105,Q0,AP900309-0268,583,0.7537123913212797,minmaxnorm
105,Q0,AP900427-0094,584,0.753465429338477,minmaxnorm
105,Q0,AP900403-0235,585,0.7534514693063711,minmaxnorm
105,Q0,AP900816-0189,586,0.7527574050015247,minmaxnorm
105,Q0,SJMN91-06233054,587,0.7525932996835943,minmaxnorm
105,Q0,AP900330-0227,588,0.7492623861946073,minmaxnorm
105,Q0,PT3-05155315,589,0.749238772710334,minmaxnorm
105,Q0,ZF32-107-251,590,0.7486534122182188,minmaxnorm
105,Q0,AP900906-0207,591,0.7474297524005362,minmaxnorm
105,Q0,AP900223-0267,592,0.7468249970168505,minmaxnorm
105,Q0,AP900614-0253,593,0.745878714251512,minmaxnorm
105,Q0,AP901002-0203,594,0.7431106937434487,minmaxnorm
105,Q0,AP900130-0269,595,0.7421033012149084,minmaxnorm
105,Q0,AP900824-0169,596,0.7416352352602626,minmaxnorm
105,Q0,AP901227-0161,597,0.7413253938385691,minmaxnorm
105,Q0,SJMN91-06259040,598,0.7406803271297215,minmaxnorm
105,Q0,AP901023-0238,599,0.7402376511052378,minmaxnorm
105,Q0,AP900507-0234,600,0.739725036387388,minmaxnorm
105,Q0,AP900306-0232,601,0.7382303172760987,minmaxnorm
105,Q0,AP900207-0279,602,0.737979512610364,minmaxnorm
105,Q0,PT3-05179510,603,0.7334885286137958,minmaxnorm
105,Q0,AP901115-0223,604,0.7331425551870387,minmaxnorm
105,Q0,AP900123-0243,605,0.7331186260958682,minmaxnorm
105,Q0,SJMN91-06329088,606,0.7327150588574637,minmaxnorm
105,Q0,SJMN91-06177042,607,0.732041120022564,minmaxnorm
105,Q0,AP901002-0216,608,0.7305282913930093,minmaxnorm
105,Q0,AP901017-0166,609,0.7295810719235495,minmaxnorm
105,Q0,AP900123-0268,610,0.7288705887147868,minmaxnorm
105,Q0,AP901008-0234,611,0.7283528983018901,minmaxnorm
105,Q0,AP901107-0312,612,0.7277573273032915,minmaxnorm
105,Q0,AP900508-0239,613,0.7266703054490954,minmaxnorm
105,Q0,SJMN91-06143308,614,0.7265612655657842,minmaxnorm
105,Q0,AP900227-0228,615,0.7263912883818497,minmaxnorm
105,Q0,AP900703-0234,616,0.7253747692543825,minmaxnorm
105,Q0,AP901123-0189,617,0.725221552114122,minmaxnorm
105,Q0,AP900626-0230,618,0.7240656767875879,minmaxnorm
105,Q0,AP900206-0255,619,0.7230691977860052,minmaxnorm
105,Q0,AP900110-0227,620,0.7227108773400024,minmaxnorm
105,Q0,SJMN91-06067108,621,0.7226200326136274,minmaxnorm
105,Q0,AP900322-0229,622,0.7200942861306198,minmaxnorm
105,Q0,AP900826-0070,623,0.7198890157857535,minmaxnorm
105,Q0,AP901120-0249,624,0.7186570161575532,minmaxnorm
105,Q0,AP900501-0233,625,0.7184735634180938,minmaxnorm
105,Q0,AP900214-0085,626,0.7126250767446511,minmaxnorm
105,Q0,AP901016-0142,627,0.7122922134844324,minmaxnorm
105,Q0,SJMN91-06226219,628,0.7109095139148697,minmaxnorm
105,Q0,AP900509-0289,629,0.7096820331007508,minmaxnorm
105,Q0,SJMN91-06264085,630,0.7094942268265721,minmaxnorm
105,Q0,AP900807-0175,631,0.7094504337060038,minmaxnorm
105,Q0,AP900608-0227,632,0.7089312474574283,minmaxnorm
105,Q0,PT3-05155312,633,0.7078855286077171,minmaxnorm
105,Q0,AP901227-0192,634,0.7069715332882244,minmaxnorm
105,Q0,ZF32-218-029,635,0.7062285978934115,minmaxnorm
105,Q0,SJMN91-06182086,636,0.7060414090768059,minmaxnorm
105,Q0,AP900410-0031,637,0.7034088134072183,minmaxnorm
105,Q0,AP900526-0155,638,0.7019427151885038,minmaxnorm
105,Q0,AP900525-0257,639,0.7002072298996399,minmaxnorm
105,Q0,SJMN91-06139149,640,0.6997971493931165,minmaxnorm
105,Q0,ZF32-184-009,641,0.6988355828904884,minmaxnorm
105,Q0,AP900111-0250,642,0.6983304850718148,minmaxnorm
105,Q0,AP900803-0186,643,0.6977562238177286,minmaxnorm
105,Q0,AP900322-0234,644,0.6953132690537962,minmaxnorm
105,Q0,AP900515-0235,645,0.6923825920967067,minmaxnorm
105,Q0,PT3-05177657,646,0.6917879375684268,minmaxnorm
105,Q0,ZF32-334-866,647,0.6907894256039756,minmaxnorm
105,Q0,AP900206-0001,648,0.6894165164832031,minmaxnorm
105,Q0,AP900928-0184,649,0.6885865017964272,minmaxnorm
105,Q0,AP900904-0034,650,0.6866629616455556,minmaxnorm
105,Q0,AP900829-0217,651,0.6858586750436321,minmaxnorm
105,Q0,SJMN91-06324024,652,0.6849910246991748,minmaxnorm
105,Q0,SJMN91-06147133,653,0.684898788468815,minmaxnorm
105,Q0,AP900928-0113,654,0.6844576862566459,minmaxnorm
105,Q0,AP900601-0215,655,0.6825044732663474,minmaxnorm
105,Q0,AP900626-0033,656,0.6824544142791298,minmaxnorm
105,Q0,AP900619-0239,657,0.6804411258025742,minmaxnorm
105,Q0,ZF32-048-158,658,0.6781959248200973,minmaxnorm
105,Q0,AP900501-0200,659,0.6777177034405826,minmaxnorm
105,Q0,AP900906-0216,660,0.6752115871786175,minmaxnorm
105,Q0,AP900213-0166,661,0.6740658177880556,minmaxnorm
105,Q0,AP900306-0213,662,0.6735753197124222,minmaxnorm
105,Q0,ZF32-190-069,663,0.671653639842741,minmaxnorm
105,Q0,ZF32-166-102,664,0.6705865945378138,minmaxnorm
105,Q0,AP900626-0254,665,0.6705059756333303,minmaxnorm
105,Q0,AP900412-0252,666,0.6691282569724786,minmaxnorm
105,Q0,AP901214-0224,667,0.6668764247037579,minmaxnorm
105,Q0,AP900425-0281,668,0.6652763529522063,minmaxnorm
105,Q0,SJMN91-06312064,669,0.6648527797827944,minmaxnorm
105,Q0,ZF32-271-085,670,0.6643086410699042,minmaxnorm
105,Q0,AP900306-0265,671,0.6632280532666028,minmaxnorm
105,Q0,AP900807-0212,672,0.6629436164892137,minmaxnorm
105,Q0,AP900403-0227,673,0.6626553626121159,minmaxnorm
105,Q0,AP900907-0241,674,0.6623813232018755,minmaxnorm
105,Q0,AP901004-0232,675,0.6619127816902242,minmaxnorm
105,Q0,AP900126-0255,676,0.6615017918735911,minmaxnorm
105,Q0,AP901102-0212,677,0.6569943239013972,minmaxnorm
105,Q0,AP900222-0265,678,0.6549190007381799,minmaxnorm
105,Q0,AP900424-0210,679,0.6548392398676772,minmaxnorm
105,Q0,AP900529-0227,680,0.6544506025131939,minmaxnorm
105,Q0,SJMN91-06086007,681,0.6539803552851766,minmaxnorm
105,Q0,AP900911-0268,682,0.6535239895485069,minmaxnorm
105,Q0,AP900116-0232,683,0.6531685248961875,minmaxnorm
105,Q0,AP900201-0255,684,0.6530678312039672,minmaxnorm
105,Q0,AP900102-0197,685,0.6515210688591054,minmaxnorm
105,Q0,AP900830-0236,686,0.650842815567829,minmaxnorm
105,Q0,AP900131-0295,687,0.6503132748076411,minmaxnorm
105,Q0,AP900124-0296,688,0.6495848255529613,minmaxnorm
105,Q0,AP901224-0210,689,0.6482440834446348,minmaxnorm
105,Q0,AP900411-0244,690,0.6470153576950136,minmaxnorm
105,Q0,SJMN91-06114212,691,0.645698757921934,minmaxnorm
105,Q0,AP900608-0039,692,0.6444571238772872,minmaxnorm
105,Q0,AP900808-0198,693,0.6444240682553908,minmaxnorm
105,Q0,SJMN91-06021056,694,0.6442333117032517,minmaxnorm
105,Q0,AP900116-0227,695,0.643742713975276,minmaxnorm
105,Q0,AP901011-0195,696,0.6424087767362563,minmaxnorm
105,Q0,AP900809-0216,697,0.6421381149305455,minmaxnorm
105,Q0,AP901212-0249,698,0.6413328212120122,minmaxnorm
105,Q0,SJMN91-06092135,699,0.6405225783831182,minmaxnorm
105,Q0,AP900824-0213,700,0.6360699752953931,minmaxnorm
105,Q0,SJMN91-06141146,701,0.6357869160469215,minmaxnorm
105,Q0,AP900501-0203,702,0.635590639985547,minmaxnorm
105,Q0,AP900313-0022,703,0.6352656670921746,minmaxnorm
105,Q0,AP901029-0254,704,0.6352258743981373,minmaxnorm
105,Q0,AP900102-0199,705,0.6347557134177078,minmaxnorm
105,Q0,AP900508-0232,706,0.6345303784109523,minmaxnorm
105,Q0,AP900810-0170,707,0.6333660462672118,minmaxnorm
105,Q0,AP901127-0224,708,0.6333157681796925,minmaxnorm
105,Q0,AP901221-0250,709,0.6328628149967481,minmaxnorm
105,Q0,AP901115-0214,710,0.629599107776385,minmaxnorm
105,Q0,SJMN91-06110067,711,0.6286793910315734,minmaxnorm
105,Q0,AP900501-0211,712,0.6269280136806382,minmaxnorm
105,Q0,AP900605-0202,713,0.6254815138091696,minmaxnorm
105,Q0,AP900213-0248,714,0.6253946289448972,minmaxnorm
105,Q0,AP900910-0273,715,0.6247803401387071,minmaxnorm
105,Q0,AP900222-0260,716,0.6238232781552439,minmaxnorm
105,Q0,AP900405-0213,717,0.6234323448380712,minmaxnorm
105,Q0,AP900323-0209,718,0.6231696969487363,minmaxnorm
105,Q0,AP900726-0048,719,0.6198060330249113,minmaxnorm
105,Q0,AP901211-0209,720,0.6154252364440671,minmaxnorm
105,Q0,AP901218-0214,721,0.6139770073839806,minmaxnorm
105,Q0,SJMN91-06323222,722,0.6134810572589416,minmaxnorm
105,Q0,SJMN91-06325066,723,0.6113377163735846,minmaxnorm
105,Q0,SJMN91-06240002,724,0.6069001957105629,minmaxnorm
105,Q0,AP900911-0220,725,0.6063912564921018,minmaxnorm
105,Q0,SJMN91-06093185,726,0.6051638470934826,minmaxnorm
105,Q0,AP901204-0225,727,0.6034681746245749,minmaxnorm
105,Q0,AP901003-0252,728,0.6034464396611234,minmaxnorm
105,Q0,AP901203-0245,729,0.6032644532752145,minmaxnorm
105,Q0,AP901130-0122,730,0.6028415439829163,minmaxnorm
105,Q0,AP900731-0035,731,0.6027143610872824,minmaxnorm
105,Q0,AP900301-0242,732,0.6012365278141821,minmaxnorm
105,Q0,AP900320-0192,733,0.5996408786496933,minmaxnorm
105,Q0,AP901218-0221,734,0.5996267055753902,minmaxnorm
105,Q0,AP900907-0189,735,0.5982147537331688,minmaxnorm
105,Q0,ZF32-229-002,736,0.5975029724114683,minmaxnorm
105,Q0,AP900220-0256,737,0.5965227607728196,minmaxnorm
105,Q0,AP900305-0213,738,0.5963875489474898,minmaxnorm
105,Q0,AP901005-0027,739,0.5946278347829406,minmaxnorm
105,Q0,AP901022-0233,740,0.5943668145765441,minmaxnorm
105,Q0,AP900206-0246,741,0.5941469605745232,minmaxnorm
105,Q0,AP900403-0269,742,0.5909233767597912,minmaxnorm
105,Q0,AP900803-0173,743,0.5907764700229023,minmaxnorm
105,Q0,AP900608-0261,744,0.5900954208050315,minmaxnorm
105,Q0,AP900608-0237,745,0.5852670949451064,minmaxnorm
105,Q0,AP900629-0285,746,0.5837013108779646,minmaxnorm
105,Q0,ZF32-130-243,747,0.583166296491051,minmaxnorm
105,Q0,SJMN91-06331037,748,0.583151219515313,minmaxnorm
105,Q0,AP900703-0221,749,0.5821870389660085,minmaxnorm
105,Q0,AP901214-0231,750,0.5818240649610114,minmaxnorm
105,Q0,AP901210-0266,751,0.5801585330129615,minmaxnorm
105,Q0,AP901026-0257,752,0.5794656216604323,minmaxnorm
105,Q0,SJMN91-06338195,753,0.5792663451520254,minmaxnorm
105,Q0,AP900404-0194,754,0.5787219105788086,minmaxnorm
105,Q0,AP900924-0284,755,0.5780141643579848,minmaxnorm
105,Q0,SJMN91-06295117,756,0.5756399450042938,minmaxnorm
105,Q0,AP900301-0254,757,0.5753472887827596,minmaxnorm
105,Q0,AP900115-0225,758,0.5752666393985951,minmaxnorm
105,Q0,AP900825-0162,759,0.5748241678364152,minmaxnorm
105,Q0,ZF32-005-067,760,0.5746830506813159,minmaxnorm
105,Q0,AP900724-0240,761,0.5732705612482233,minmaxnorm
105,Q0,AP901101-0264,762,0.572145230207052,minmaxnorm
105,Q0,AP900221-0249,763,0.5719801914351896,minmaxnorm
105,Q0,AP900723-0241,764,0.5703873190238751,minmaxnorm
105,Q0,AP900831-0057,765,0.5700110891702407,minmaxnorm
105,Q0,AP900818-0159,766,0.5696439077037051,minmaxnorm
105,Q0,AP900117-0272,767,0.5693138173986021,minmaxnorm
105,Q0,SJMN91-06139165,768,0.5693011429106365,minmaxnorm
105,Q0,AP900226-0229,769,0.5674909455973983,minmaxnorm
105,Q0,AP900424-0219,770,0.5673151775410601,minmaxnorm
105,Q0,AP900615-0180,771,0.5670742850715088,minmaxnorm
105,Q0,SJMN91-06093022,772,0.5665575272496268,minmaxnorm
105,Q0,AP901018-0238,773,0.5657867903308326,minmaxnorm
105,Q0,AP901101-0261,774,0.5655743625294705,minmaxnorm
105,Q0,AP900429-0090,775,0.5650029970402712,minmaxnorm
105,Q0,SJMN91-06296137,776,0.5640000957329777,minmaxnorm
105,Q0,AP900126-0210,777,0.5639974765796683,minmaxnorm
105,Q0,AP900427-0238,778,0.5633508280688745,minmaxnorm
105,Q0,AP900201-0249,779,0.5617769206445816,minmaxnorm
105,Q0,AP900227-0218,780,0.5611885235878158,minmaxnorm
105,Q0,SJMN91-06235039,781,0.5595013744671444,minmaxnorm
105,Q0,AP901211-0212,782,0.5588900217724952,minmaxnorm
105,Q0,AP900403-0266,783,0.5587776461286336,minmaxnorm
105,Q0,AP900919-0196,784,0.5587773552572741,minmaxnorm
105,Q0,AP900905-0232,785,0.5584384282092173,minmaxnorm
105,Q0,AP900321-0254,786,0.5580734499865743,minmaxnorm
105,Q0,AP900124-0257,787,0.5576273311787766,minmaxnorm
105,Q0,AP900103-0113,788,0.5576161303795386,minmaxnorm
105,Q0,AP900529-0229,789,0.556983854023921,minmaxnorm
105,Q0,AP901018-0277,790,0.5568903709773689,minmaxnorm
105,Q0,AP900214-0202,791,0.5563748316024902,minmaxnorm
105,Q0,AP900711-0246,792,0.5563286858025648,minmaxnorm
105,Q0,AP901128-0211,793,0.5562210347265998,minmaxnorm
105,Q0,AP900813-0228,794,0.556134647567115,minmaxnorm
105,Q0,AP900730-0210,795,0.5554663226593053,minmaxnorm
105,Q0,AP900914-0269,796,0.5552150412191953,minmaxnorm
105,Q0,SJMN91-06240019,797,0.5531645440609199,minmaxnorm
105,Q0,AP900925-0226,798,0.5522879046608191,minmaxnorm
105,Q0,AP901219-0234,799,0.5521066994813972,minmaxnorm
105,Q0,AP901228-0185,800,0.5514815037497807,minmaxnorm
105,Q0,AP900928-0192,801,0.5514222926484433,minmaxnorm
105,Q0,AP901001-0293,802,0.5513735465180601,minmaxnorm
105,Q0,SJMN91-06017027,803,0.5506339220573201,minmaxnorm
105,Q0,AP900224-0155,804,0.550514253802324,minmaxnorm
105,Q0,AP900329-0247,805,0.5502986633372845,minmaxnorm
105,Q0,AP900322-0211,806,0.5497789378219343,minmaxnorm
105,Q0,AP901228-0065,807,0.5490685414000606,minmaxnorm
105,Q0,AP900508-0250,808,0.5488508094010851,minmaxnorm
105,Q0,AP900320-0215,809,0.5459068233813743,minmaxnorm
105,Q0,AP901011-0251,810,0.5455838222185188,minmaxnorm
105,Q0,AP901016-0147,811,0.5432465487258445,minmaxnorm
105,Q0,AP900221-0270,812,0.5423891082042736,minmaxnorm
105,Q0,AP901102-0105,813,0.5423834253766461,minmaxnorm
105,Q0,AP900731-0211,814,0.5416360696441226,minmaxnorm
105,Q0,SJMN91-06302034,815,0.5395473606605725,minmaxnorm
105,Q0,AP900201-0269,816,0.5388410438660195,minmaxnorm
105,Q0,AP901019-0270,817,0.5387138395469452,minmaxnorm
105,Q0,AP900829-0238,818,0.5385004504799065,minmaxnorm
105,Q0,AP900206-0210,819,0.5365792934298973,minmaxnorm
105,Q0,AP900830-0229,820,0.5359298155345829,minmaxnorm
105,Q0,AP900122-0147,821,0.5355999379648398,minmaxnorm
105,Q0,AP901101-0258,822,0.5355206773853527,minmaxnorm
105,Q0,AP900626-0243,823,0.5348444915569237,minmaxnorm
105,Q0,SJMN91-06064003,824,0.5341074569667148,minmaxnorm
105,Q0,AP900605-0209,825,0.5340223587826887,minmaxnorm
105,Q0,AP900515-0263,826,0.5339560665177449,minmaxnorm
105,Q0,AP901002-0221,827,0.5331213004335947,minmaxnorm
105,Q0,SJMN91-06271028,828,0.5323743688969232,minmaxnorm
105,Q0,AP900322-0224,829,0.5313793260365932,minmaxnorm
105,Q0,SJMN91-06247097,830,0.5305815505874208,minmaxnorm
105,Q0,SJMN91-06303047,831,0.5302395766193937,minmaxnorm
105,Q0,AP901220-0232,832,0.5292724944042346,minmaxnorm
105,Q0,AP900822-0244,833,0.5285802059279361,minmaxnorm
105,Q0,AP900321-0281,834,0.5278468126866082,minmaxnorm
105,Q0,AP900122-0235,835,0.5275508729406179,minmaxnorm
105,Q0,AP901005-0184,836,0.5271257515778893,minmaxnorm
105,Q0,AP900807-0210,837,0.5270884045992751,minmaxnorm
105,Q0,SJMN91-06330068,838,0.5269432280798834,minmaxnorm
105,Q0,AP900627-0243,839,0.5266014476409335,minmaxnorm
105,Q0,SJMN91-06281016,840,0.5265420491944314,minmaxnorm
105,Q0,AP900612-0256,841,0.5263448151770616,minmaxnorm
105,Q0,SJMN91-06191006,842,0.525714445256857,minmaxnorm
105,Q0,AP900823-0229,843,0.5254673307035457,minmaxnorm
105,Q0,AP900725-0216,844,0.5248878480742564,minmaxnorm
105,Q0,AP901119-0248,845,0.5240560245315493,minmaxnorm
105,Q0,AP900626-0234,846,0.5239110307248662,minmaxnorm
105,Q0,AP900419-0193,847,0.5227118026032436,minmaxnorm
105,Q0,AP900926-0276,848,0.5215880347276036,minmaxnorm
105,Q0,AP901011-0212,849,0.5202780989160215,minmaxnorm
105,Q0,AP900522-0240,850,0.5201787600835934,minmaxnorm
105,Q0,AP900205-0253,851,0.5195185680277227,minmaxnorm
105,Q0,AP901203-0256,852,0.5187314280314285,minmaxnorm
105,Q0,AP900221-0255,853,0.5184394057026998,minmaxnorm
105,Q0,AP901203-0015,854,0.518003429582964,minmaxnorm
105,Q0,AP900601-0197,855,0.5162642554996031,minmaxnorm
105,Q0,AP900228-0228,856,0.515922505117244,minmaxnorm
105,Q0,AP901026-0263,857,0.5141576262918931,minmaxnorm
105,Q0,SJMN91-06007086,858,0.5121181067399463,minmaxnorm
105,Q0,AP900825-0160,859,0.511538572520428,minmaxnorm
105,Q0,SJMN91-06338215,860,0.5099052618547212,minmaxnorm
105,Q0,AP900115-0214,861,0.5097953568040312,minmaxnorm
105,Q0,AP900904-0038,862,0.5061753831731617,minmaxnorm
105,Q0,AP900625-0273,863,0.5036244334164656,minmaxnorm
105,Q0,AP900115-0206,864,0.5027578968104687,minmaxnorm
105,Q0,AP900201-0266,865,0.5024287612204277,minmaxnorm
105,Q0,AP900928-0237,866,0.5022981678900407,minmaxnorm
105,Q0,SJMN91-06114099,867,0.5022871131884031,minmaxnorm
105,Q0,AP901226-0169,868,0.5014008628454476,minmaxnorm
105,Q0,AP900517-0264,869,0.5008920757845237,minmaxnorm
105,Q0,AP901108-0269,870,0.5007438719069544,minmaxnorm
105,Q0,AP900317-0161,871,0.5004861538642773,minmaxnorm
105,Q0,AP900108-0242,872,0.5001573583668982,minmaxnorm
105,Q0,AP900723-0233,873,0.49879409630508764,minmaxnorm
105,Q0,AP900117-0252,874,0.49759805129219004,minmaxnorm
105,Q0,AP900530-0224,875,0.49678514557706027,minmaxnorm
105,Q0,AP900131-0270,876,0.49652854840492455,minmaxnorm
105,Q0,AP900313-0245,877,0.4963347468546807,minmaxnorm
105,Q0,SJMN91-06272160,878,0.4962726702734948,minmaxnorm
105,Q0,AP900517-0266,879,0.49615664193026454,minmaxnorm
105,Q0,AP900813-0200,880,0.49610532060120077,minmaxnorm
105,Q0,AP900202-0233,881,0.4960491389215097,minmaxnorm
105,Q0,AP900402-0270,882,0.49549320682621517,minmaxnorm
105,Q0,SJMN91-06283189,883,0.49116784723438,minmaxnorm
105,Q0,AP900206-0225,884,0.49079767161170174,minmaxnorm
105,Q0,AP900504-0246,885,0.490461352786532,minmaxnorm
105,Q0,AP901114-0215,886,0.488826959945074,minmaxnorm
105,Q0,SJMN91-06217245,887,0.48882457163399773,minmaxnorm
105,Q0,SJMN91-06232032,888,0.4884589836300738,minmaxnorm
105,Q0,ZF32-080-236,889,0.4874785703672913,minmaxnorm
105,Q0,AP900813-0203,890,0.4873228083392813,minmaxnorm
105,Q0,AP901005-0221,891,0.4871911467821228,minmaxnorm
105,Q0,AP900221-0251,892,0.48639216085823833,minmaxnorm
105,Q0,AP900116-0217,893,0.48629787538822,minmaxnorm
105,Q0,AP900322-0222,894,0.485897219192271,minmaxnorm
105,Q0,AP900316-0251,895,0.4856320472194088,minmaxnorm
105,Q0,AP900208-0285,896,0.4854561273141008,minmaxnorm
105,Q0,AP900518-0236,897,0.4834675534054497,minmaxnorm
105,Q0,ZF32-050-161,898,0.48309927243405326,minmaxnorm
105,Q0,AP900828-0190,899,0.48220701949518024,minmaxnorm
105,Q0,AP900529-0232,900,0.48171620913020813,minmaxnorm
105,Q0,AP901220-0242,901,0.481590859110222,minmaxnorm
105,Q0,SJMN91-06140146,902,0.480766216755787,minmaxnorm
105,Q0,AP900605-0199,903,0.4800660169186671,minmaxnorm
105,Q0,AP900417-0216,904,0.4800094498196956,minmaxnorm
105,Q0,AP900831-0241,905,0.4797959255685696,minmaxnorm
105,Q0,AP900508-0234,906,0.47957470024693283,minmaxnorm
105,Q0,AP900324-0186,907,0.4795635743873068,minmaxnorm
105,Q0,SJMN91-06338153,908,0.47916968397633625,minmaxnorm
105,Q0,AP900322-0226,909,0.4790982672119052,minmaxnorm
105,Q0,SJMN91-06179025,910,0.4779079976875569,minmaxnorm
105,Q0,AP900420-0218,911,0.47705706500517087,minmaxnorm
105,Q0,AP900216-0129,912,0.4761536319819946,minmaxnorm
105,Q0,AP900116-0209,913,0.47549598924962005,minmaxnorm
105,Q0,AP900327-0241,914,0.4752781236761271,minmaxnorm
105,Q0,AP901119-0220,915,0.4749400048721746,minmaxnorm
105,Q0,AP900608-0262,916,0.47467510464361673,minmaxnorm
105,Q0,SJMN91-06093041,917,0.47467453163909884,minmaxnorm
105,Q0,AP900913-0245,918,0.47450865710223666,minmaxnorm
105,Q0,SJMN91-06014033,919,0.4740553834596999,minmaxnorm
105,Q0,AP901224-0187,920,0.47284528639517276,minmaxnorm
105,Q0,AP900625-0257,921,0.4727652929814746,minmaxnorm
105,Q0,AP900323-0247,922,0.47225759525847977,minmaxnorm
105,Q0,AP900403-0278,923,0.4717253365560422,minmaxnorm
105,Q0,AP900724-0252,924,0.47128162361427806,minmaxnorm
105,Q0,AP901203-0244,925,0.47124280437366955,minmaxnorm
105,Q0,AP901001-0254,926,0.4704699765040811,minmaxnorm
105,Q0,AP900903-0140,927,0.4704262622596939,minmaxnorm
105,Q0,ZF32-122-064,928,0.4703893788488685,minmaxnorm
105,Q0,AP901221-0178,929,0.4701518977310185,minmaxnorm
105,Q0,AP900612-0040,930,0.4682948577136059,minmaxnorm
105,Q0,SJMN91-06313080,931,0.4675930446762764,minmaxnorm
105,Q0,AP901009-0269,932,0.46659953325604014,minmaxnorm
105,Q0,AP900810-0210,933,0.46641640273894597,minmaxnorm
105,Q0,AP900223-0264,934,0.46535019588836135,minmaxnorm
105,Q0,ZF32-242-106,935,0.4644847973255498,minmaxnorm
105,Q0,ZF32-280-095,936,0.4613933902540505,minmaxnorm
105,Q0,AP900804-0033,937,0.45756548622200865,minmaxnorm
105,Q0,AP900228-0272,938,0.4566422638102449,minmaxnorm
105,Q0,SJMN91-06093190,939,0.45590638323411115,minmaxnorm
105,Q0,SJMN91-06163047,940,0.45410944359652133,minmaxnorm
105,Q0,SJMN91-06273239,941,0.45370991484160994,minmaxnorm
105,Q0,AP901203-0265,942,0.4536361765386844,minmaxnorm
105,Q0,AP900104-0202,943,0.4535965345876326,minmaxnorm
105,Q0,SJMN91-06038182,944,0.45268770811105324,minmaxnorm
105,Q0,SJMN91-06234177,945,0.45246008425066164,minmaxnorm
105,Q0,AP900613-0264,946,0.4513057841358894,minmaxnorm
105,Q0,SJMN91-06191009,947,0.4510619557717323,minmaxnorm
105,Q0,AP900104-0231,948,0.45070330150252724,minmaxnorm
105,Q0,ZF32-208-211,949,0.45060223840336683,minmaxnorm
105,Q0,SJMN91-06154134,950,0.45024785392467803,minmaxnorm
105,Q0,AP900115-0211,951,0.44850148777855864,minmaxnorm
105,Q0,SJMN91-06008033,952,0.44833533821958993,minmaxnorm
105,Q0,AP900823-0262,953,0.4483335689291782,minmaxnorm
105,Q0,AP901220-0228,954,0.4481896390406946,minmaxnorm
105,Q0,SJMN91-06150097,955,0.44779228065930793,minmaxnorm
105,Q0,AP900123-0049,956,0.44773018924112135,minmaxnorm
105,Q0,AP900223-0229,957,0.44616661193414187,minmaxnorm
105,Q0,AP900203-0184,958,0.44579052450190904,minmaxnorm
105,Q0,AP900521-0245,959,0.445373532515821,minmaxnorm
105,Q0,SJMN91-06092090,960,0.44537222829019807,minmaxnorm
105,Q0,AP900522-0214,961,0.44531614959826643,minmaxnorm
105,Q0,AP900202-0209,962,0.4450438875263415,minmaxnorm
105,Q0,SJMN91-06315154,963,0.4448129529720162,minmaxnorm
105,Q0,AP901011-0220,964,0.4430339346224975,minmaxnorm
105,Q0,SJMN91-06126055,965,0.4429350718903914,minmaxnorm
105,Q0,AP901108-0235,966,0.44196413515247424,minmaxnorm
105,Q0,AP900222-0227,967,0.44191340260298406,minmaxnorm
105,Q0,AP900215-0261,968,0.441490847172623,minmaxnorm
105,Q0,AP900517-0284,969,0.441220350922648,minmaxnorm
105,Q0,AP900324-0180,970,0.43983783807350635,minmaxnorm
105,Q0,AP900108-0221,971,0.4397723391189889,minmaxnorm
105,Q0,AP900614-0263,972,0.4394099426719809,minmaxnorm
105,Q0,AP900824-0106,973,0.4388638093926322,minmaxnorm
105,Q0,AP900309-0263,974,0.4387247021946025,minmaxnorm
105,Q0,AP900419-0233,975,0.43863304262857533,minmaxnorm
105,Q0,SJMN91-06289111,976,0.43841146895922134,minmaxnorm
105,Q0,AP900320-0194,977,0.437999254701174,minmaxnorm
105,Q0,AP900829-0229,978,0.4379506465339879,minmaxnorm
105,Q0,AP900501-0231,979,0.43791391104854505,minmaxnorm
105,Q0,AP900227-0259,980,0.43640164328112047,minmaxnorm
105,Q0,AP900227-0261,981,0.43628579362908804,minmaxnorm
105,Q0,ZF32-208-212,982,0.43494837416135795,minmaxnorm
105,Q0,AP900523-0274,983,0.43442400771878686,minmaxnorm
105,Q0,SJMN91-06092175,984,0.4340252919198677,minmaxnorm
105,Q0,AP900824-0182,985,0.4337855356509499,minmaxnorm
105,Q0,AP900522-0252,986,0.4335148547472625,minmaxnorm
105,Q0,AP900515-0240,987,0.4331541275948881,minmaxnorm
105,Q0,SJMN91-06344016,988,0.43313255719801996,minmaxnorm
105,Q0,AP900330-0225,989,0.43105037845107325,minmaxnorm
105,Q0,AP901220-0231,990,0.43082609984733755,minmaxnorm
105,Q0,SJMN91-06072040,991,0.4306651372206625,minmaxnorm
105,Q0,AP900829-0216,992,0.43047155979535123,minmaxnorm
105,Q0,AP900403-0250,993,0.4301386855576298,minmaxnorm
105,Q0,AP900814-0134,994,0.42919928710306704,minmaxnorm
105,Q0,AP900914-0263,995,0.4291377470329638,minmaxnorm
105,Q0,AP900131-0284,996,0.4283282282072588,minmaxnorm
105,Q0,AP900622-0250,997,0.4276322692018297,minmaxnorm
105,Q0,AP900831-0240,998,0.4275105160112365,minmaxnorm
105,Q0,ZF32-268-088,999,0.4274184313994213,minmaxnorm
105,Q0,SJMN91-06194205,1000,0.42724152939390675,minmaxnorm
107,Q0,AP900426-0294,1,13.502061455917183,minmaxnorm
107,Q0,AP900323-0045,2,12.375161154972304,minmaxnorm
107,Q0,AP900324-0184,3,12.298124513076948,minmaxnorm
107,Q0,SJMN91-06177015,4,11.632576001347521,minmaxnorm
107,Q0,AP900118-0259,5,10.845183456825785,minmaxnorm
107,Q0,AP900405-0275,6,10.663360716331422,minmaxnorm
107,Q0,SJMN91-06250075,7,10.579135155067227,minmaxnorm
107,Q0,SJMN91-06181165,8,10.389176185191733,minmaxnorm
107,Q0,SJMN91-06247188,9,10.336859189668141,minmaxnorm
107,Q0,SJMN91-06178016,10,9.918720060088155,minmaxnorm
107,Q0,SJMN91-06177014,11,9.476989643048261,minmaxnorm
107,Q0,AP900223-0228,12,8.940609966075773,minmaxnorm
107,Q0,AP900405-0247,13,8.756385077061688,minmaxnorm
107,Q0,SJMN91-06176035,14,8.399526276009151,minmaxnorm
107,Q0,AP900110-0231,15,8.069447219181985,minmaxnorm
107,Q0,SJMN91-06219012,16,8.033151239142045,minmaxnorm
107,Q0,AP900227-0078,17,7.966535323235197,minmaxnorm
107,Q0,SJMN91-06177007,18,7.777573506927603,minmaxnorm
107,Q0,SJMN91-06176175,19,7.772080088577792,minmaxnorm
107,Q0,AP900220-0241,20,7.74622704869608,minmaxnorm
107,Q0,SJMN91-06176149,21,7.669767878846376,minmaxnorm
107,Q0,AP900109-0052,22,7.420763434713586,minmaxnorm
107,Q0,AP900729-0090,23,7.177534668490296,minmaxnorm
107,Q0,AP900124-0303,24,7.075777364499683,minmaxnorm
107,Q0,SJMN91-06185097,25,7.038274618081927,minmaxnorm
107,Q0,SJMN91-06283003,26,6.773728924609232,minmaxnorm
107,Q0,SJMN91-06232025,27,6.732111919556107,minmaxnorm
107,Q0,AP900223-0083,28,6.552753259988248,minmaxnorm
107,Q0,SJMN91-06191011,29,6.550611015577747,minmaxnorm
107,Q0,AP900411-0038,30,6.489302161503878,minmaxnorm
107,Q0,AP901001-0039,31,6.33672099424822,minmaxnorm
107,Q0,AP900823-0052,32,6.330036799500081,minmaxnorm
107,Q0,SJMN91-06190088,33,6.266827346672975,minmaxnorm
107,Q0,AP900613-0052,34,6.246121344359569,minmaxnorm
107,Q0,AP900131-0266,35,6.172607685705238,minmaxnorm
107,Q0,AP900403-0227,36,6.160001472260117,minmaxnorm
107,Q0,AP900818-0157,37,6.148195871299415,minmaxnorm
107,Q0,SJMN91-06288015,38,6.006435036947643,minmaxnorm
107,Q0,AP900228-0043,39,5.986521070646321,minmaxnorm
107,Q0,AP900323-0032,40,5.9664084083667195,minmaxnorm
107,Q0,SJMN91-06176167,41,5.764695702859976,minmaxnorm
107,Q0,AP900402-0250,42,5.75325933408935,minmaxnorm
107,Q0,AP900417-0030,43,5.743910892267031,minmaxnorm
107,Q0,AP900330-0227,44,5.737933995837405,minmaxnorm
107,Q0,AP900726-0235,45,5.661996238529279,minmaxnorm
107,Q0,AP900629-0047,46,5.621171614153984,minmaxnorm
107,Q0,AP900829-0035,47,5.596066846704837,minmaxnorm
107,Q0,AP900322-0048,48,5.5833085710551,minmaxnorm
107,Q0,AP900824-0048,49,5.4977701281572084,minmaxnorm
107,Q0,AP900307-0035,50,5.4454997897723825,minmaxnorm
107,Q0,AP900214-0053,51,5.348018747140049,minmaxnorm
107,Q0,AP900215-0042,52,5.332420109630032,minmaxnorm
107,Q0,SJMN91-06335047,53,5.331173195600055,minmaxnorm
107,Q0,AP900312-0227,54,5.304870721571635,minmaxnorm
107,Q0,AP900830-0043,55,5.274163746163735,minmaxnorm
107,Q0,SJMN91-06045224,56,5.2446720263546815,minmaxnorm
107,Q0,AP900301-0030,57,5.233541880012784,minmaxnorm
107,Q0,AP900807-0034,58,5.221299386577625,minmaxnorm
107,Q0,AP900227-0237,59,5.207054634394969,minmaxnorm
107,Q0,SJMN91-06175004,60,5.189484013856677,minmaxnorm
107,Q0,AP901023-0255,61,5.182069664634771,minmaxnorm
107,Q0,AP900824-0040,62,5.1729792399764385,minmaxnorm
107,Q0,AP900920-0105,63,5.172942725000147,minmaxnorm
107,Q0,AP900521-0184,64,5.15928089716448,minmaxnorm
107,Q0,SJMN91-06282164,65,5.156556316279831,minmaxnorm
107,Q0,AP900302-0036,66,5.092938436757208,minmaxnorm
107,Q0,SJMN91-06188178,67,5.088889732999294,minmaxnorm
107,Q0,SJMN91-06101045,68,5.052963167622567,minmaxnorm
107,Q0,SJMN91-06318112,69,4.965666810970195,minmaxnorm
107,Q0,SJMN91-06204157,70,4.9488041568417,minmaxnorm
107,Q0,AP900226-0230,71,4.930393562609292,minmaxnorm
107,Q0,AP900402-0281,72,4.916078867329057,minmaxnorm
107,Q0,AP900629-0225,73,4.913903169809339,minmaxnorm
107,Q0,AP900227-0220,74,4.8868022647112985,minmaxnorm
107,Q0,AP900112-0278,75,4.841647821928331,minmaxnorm
107,Q0,SJMN91-06193019,76,4.807391901374422,minmaxnorm
107,Q0,AP900116-0253,77,4.801297273488847,minmaxnorm
107,Q0,AP900425-0050,78,4.782864249789789,minmaxnorm
107,Q0,AP900410-0040,79,4.74183716526361,minmaxnorm
107,Q0,AP900321-0247,80,4.728367262947107,minmaxnorm
107,Q0,SJMN91-06192157,81,4.714306584230135,minmaxnorm
107,Q0,AP900615-0185,82,4.684553234358442,minmaxnorm
107,Q0,AP900307-0029,83,4.675580119079586,minmaxnorm
107,Q0,AP900403-0252,84,4.653000605079071,minmaxnorm
107,Q0,AP900223-0277,85,4.606367509101667,minmaxnorm
107,Q0,SJMN91-06163215,86,4.591862179387328,minmaxnorm
107,Q0,SJMN91-06187025,87,4.585946019534466,minmaxnorm
107,Q0,AP901002-0080,88,4.581480494942848,minmaxnorm
107,Q0,AP901002-0236,89,4.57754907662871,minmaxnorm
107,Q0,SJMN91-06174161,90,4.529195991219718,minmaxnorm
107,Q0,AP900301-0043,91,4.5125410106431865,minmaxnorm
107,Q0,SJMN91-06295113,92,4.476907564487721,minmaxnorm
107,Q0,AP900615-0182,93,4.468454546061327,minmaxnorm
107,Q0,AP900321-0267,94,4.457522580999093,minmaxnorm
107,Q0,AP900322-0202,95,4.457075534346132,minmaxnorm
107,Q0,AP900518-0237,96,4.450067301984789,minmaxnorm
107,Q0,ZF32-103-014,97,4.424335476375539,minmaxnorm
107,Q0,AP900711-0042,98,4.411299738260214,minmaxnorm
107,Q0,AP901114-0019,99,4.399356705076587,minmaxnorm
107,Q0,AP900111-0214,100,4.396555305126706,minmaxnorm
107,Q0,AP900726-0048,101,4.396363059922418,minmaxnorm
107,Q0,AP900309-0036,102,4.394080392767023,minmaxnorm
107,Q0,AP900226-0016,103,4.373039337707779,minmaxnorm
107,Q0,AP900228-0031,104,4.371005823856017,minmaxnorm
107,Q0,AP900703-0258,105,4.33690110188733,minmaxnorm
107,Q0,AP900507-0036,106,4.311975007331299,minmaxnorm
107,Q0,AP900724-0040,107,4.259421745450188,minmaxnorm
107,Q0,AP900409-0034,108,4.2307343941540685,minmaxnorm
107,Q0,AP900605-0053,109,4.20185498895153,minmaxnorm
107,Q0,AP900405-0235,110,4.1795566500573145,minmaxnorm
107,Q0,AP900914-0267,111,4.176762176610195,minmaxnorm
107,Q0,AP900504-0198,112,4.166851216597092,minmaxnorm
107,Q0,AP900831-0057,113,4.119109614653389,minmaxnorm
107,Q0,AP900522-0230,114,4.110537627941074,minmaxnorm
107,Q0,AP901003-0052,115,4.077674457061537,minmaxnorm
107,Q0,AP900104-0045,116,4.0605675702240696,minmaxnorm
107,Q0,AP900118-0042,117,3.980891206612218,minmaxnorm
107,Q0,AP900427-0042,118,3.9696092847633904,minmaxnorm
107,Q0,AP900312-0030,119,3.959131129758477,minmaxnorm
107,Q0,SJMN91-06181152,120,3.944637047513853,minmaxnorm
107,Q0,AP901114-0029,121,3.9345547876806646,minmaxnorm
107,Q0,AP900306-0048,122,3.9193824921759486,minmaxnorm
107,Q0,AP900327-0027,123,3.914770983310186,minmaxnorm
107,Q0,SJMN91-06275017,124,3.8946456730876235,minmaxnorm
107,Q0,AP900806-0038,125,3.876539083340725,minmaxnorm
107,Q0,AP900206-0221,126,3.875590961172808,minmaxnorm
107,Q0,AP900329-0207,127,3.862171100979558,minmaxnorm
107,Q0,AP901007-0040,128,3.814867737606235,minmaxnorm
107,Q0,AP900302-0047,129,3.8103321994108015,minmaxnorm
107,Q0,AP900616-0160,130,3.7926852500958717,minmaxnorm
107,Q0,AP900903-0107,131,3.7909299159103935,minmaxnorm
107,Q0,AP901019-0265,132,3.785917770768404,minmaxnorm
107,Q0,AP900619-0041,133,3.765001320224404,minmaxnorm
107,Q0,AP900501-0247,134,3.745148074047085,minmaxnorm
107,Q0,AP900206-0034,135,3.7374997741954927,minmaxnorm
107,Q0,AP900419-0041,136,3.725745660699811,minmaxnorm
107,Q0,SJMN91-06234018,137,3.703010278985021,minmaxnorm
107,Q0,AP900417-0203,138,3.7001418260237577,minmaxnorm
107,Q0,AP900611-0178,139,3.689936492017967,minmaxnorm
107,Q0,AP900309-0044,140,3.6720763041694595,minmaxnorm
107,Q0,AP900214-0044,141,3.6700162918192922,minmaxnorm
107,Q0,AP900524-0207,142,3.6475827221820856,minmaxnorm
107,Q0,AP900226-0219,143,3.642602429507858,minmaxnorm
107,Q0,AP900327-0226,144,3.621031052263336,minmaxnorm
107,Q0,SJMN91-06177042,145,3.617345429437913,minmaxnorm
107,Q0,AP900307-0264,146,3.602064122859586,minmaxnorm
107,Q0,AP900410-0031,147,3.5875634006696635,minmaxnorm
107,Q0,AP900725-0030,148,3.576831436374678,minmaxnorm
107,Q0,AP900323-0257,149,3.544363810640891,minmaxnorm
107,Q0,AP900312-0044,150,3.540475046215114,minmaxnorm
107,Q0,SJMN91-06270022,151,3.5343990831466505,minmaxnorm
107,Q0,AP900918-0056,152,3.5328931609943144,minmaxnorm
107,Q0,AP900416-0031,153,3.52434400098253,minmaxnorm
107,Q0,AP900111-0040,154,3.522687155587292,minmaxnorm
107,Q0,SJMN91-06191005,155,3.5079092487969277,minmaxnorm
107,Q0,AP900424-0043,156,3.4956083993934293,minmaxnorm
107,Q0,SJMN91-06177032,157,3.451436546785117,minmaxnorm
107,Q0,AP900626-0226,158,3.4507041594961025,minmaxnorm
107,Q0,AP900717-0031,159,3.4293972719903616,minmaxnorm
107,Q0,AP900313-0258,160,3.4146935310206428,minmaxnorm
107,Q0,AP900117-0048,161,3.411285585955488,minmaxnorm
107,Q0,AP900125-0281,162,3.410098463736643,minmaxnorm
107,Q0,AP900426-0058,163,3.4056838818807473,minmaxnorm
107,Q0,AP900118-0292,164,3.3856128025868326,minmaxnorm
107,Q0,AP900219-0171,165,3.3576033952127746,minmaxnorm
107,Q0,AP900213-0024,166,3.333923985231811,minmaxnorm
107,Q0,AP900220-0037,167,3.331524410500249,minmaxnorm
107,Q0,AP900314-0036,168,3.3315016998128715,minmaxnorm
107,Q0,AP900830-0254,169,3.3301442401660686,minmaxnorm
107,Q0,AP900518-0038,170,3.3244865477175103,minmaxnorm
107,Q0,AP901126-0020,171,3.323435593733676,minmaxnorm
107,Q0,AP900807-0197,172,3.3049595548447908,minmaxnorm
107,Q0,AP900130-0237,173,3.269411073888878,minmaxnorm
107,Q0,SJMN91-06191020,174,3.2639443186469403,minmaxnorm
107,Q0,AP900509-0043,175,3.2462657426054164,minmaxnorm
107,Q0,ZF32-110-085,176,3.231511898451257,minmaxnorm
107,Q0,ZF32-134-354,177,3.218098179708924,minmaxnorm
107,Q0,AP900221-0068,178,3.217960589203781,minmaxnorm
107,Q0,AP900627-0207,179,3.208697538144387,minmaxnorm
107,Q0,SJMN91-06289135,180,3.2070783183021963,minmaxnorm
107,Q0,AP900621-0240,181,3.182365411881226,minmaxnorm
107,Q0,AP900522-0208,182,3.1776680290274344,minmaxnorm
107,Q0,AP901018-0057,183,3.168994343624852,minmaxnorm
107,Q0,AP900110-0235,184,3.166644015160352,minmaxnorm
107,Q0,AP901217-0036,185,3.158862304709641,minmaxnorm
107,Q0,SJMN91-06182071,186,3.1392248460624583,minmaxnorm
107,Q0,AP901109-0035,187,3.138314161212112,minmaxnorm
107,Q0,AP900621-0065,188,3.123064985449375,minmaxnorm
107,Q0,AP900416-0036,189,3.1120775408742154,minmaxnorm
107,Q0,AP900130-0028,190,3.1031473661068296,minmaxnorm
107,Q0,SJMN91-06346240,191,3.0785698182958545,minmaxnorm
107,Q0,SJMN91-06242125,192,3.0372434510570927,minmaxnorm
107,Q0,AP900522-0217,193,3.0297699094854784,minmaxnorm
107,Q0,AP900703-0208,194,3.028478338587417,minmaxnorm
107,Q0,AP900116-0041,195,3.025808024602247,minmaxnorm
107,Q0,AP900308-0246,196,3.018994764850482,minmaxnorm
107,Q0,AP900118-0267,197,3.012179768153288,minmaxnorm
107,Q0,AP900612-0040,198,3.0100400606414928,minmaxnorm
107,Q0,AP900518-0285,199,3.009900473997003,minmaxnorm
107,Q0,SJMN91-06177046,200,3.0032047221377494,minmaxnorm
107,Q0,SJMN91-06191009,201,2.9995419770624916,minmaxnorm
107,Q0,SJMN91-06198041,202,2.9859221608727093,minmaxnorm
107,Q0,AP900502-0226,203,2.971507628409056,minmaxnorm
107,Q0,AP900223-0260,204,2.9593931542540046,minmaxnorm
107,Q0,SJMN91-06217192,205,2.958773362718676,minmaxnorm
107,Q0,AP900105-0268,206,2.9446456298803514,minmaxnorm
107,Q0,AP901226-0147,207,2.9441821838714612,minmaxnorm
107,Q0,AP900406-0047,208,2.942524526226587,minmaxnorm
107,Q0,AP900730-0015,209,2.936422411221127,minmaxnorm
107,Q0,AP900313-0031,210,2.9304902808333297,minmaxnorm
107,Q0,AP900424-0034,211,2.9278897245388147,minmaxnorm
107,Q0,AP900406-0189,212,2.9119003741083156,minmaxnorm
107,Q0,AP900330-0037,213,2.9107626292491102,minmaxnorm
107,Q0,AP900910-0045,214,2.895841826681762,minmaxnorm
107,Q0,AP900328-0192,215,2.882576233809062,minmaxnorm
107,Q0,AP900406-0204,216,2.8743495500073353,minmaxnorm
107,Q0,AP900412-0252,217,2.8558182909098053,minmaxnorm
107,Q0,AP900313-0022,218,2.8542732926360275,minmaxnorm
107,Q0,AP900111-0034,219,2.8333538815860693,minmaxnorm
107,Q0,ZF32-169-069,220,2.831846117234007,minmaxnorm
107,Q0,AP900305-0039,221,2.829376930670459,minmaxnorm
107,Q0,AP900417-0024,222,2.809020797583706,minmaxnorm
107,Q0,AP900807-0171,223,2.7736001715281167,minmaxnorm
107,Q0,AP900614-0047,224,2.7710051245746876,minmaxnorm
107,Q0,AP900618-0031,225,2.77071106249929,minmaxnorm
107,Q0,AP900403-0235,226,2.7481903742395697,minmaxnorm
107,Q0,AP900907-0196,227,2.7332676838194128,minmaxnorm
107,Q0,AP900501-0196,228,2.7262399879058967,minmaxnorm
107,Q0,AP900110-0048,229,2.7192545749533736,minmaxnorm
107,Q0,AP900907-0195,230,2.710065998524985,minmaxnorm
107,Q0,AP900919-0065,231,2.700805729289581,minmaxnorm
107,Q0,SJMN91-06169001,232,2.697578548263125,minmaxnorm
107,Q0,AP900121-0080,233,2.68652793541036,minmaxnorm
107,Q0,AP900316-0091,234,2.679720902381465,minmaxnorm
107,Q0,AP900122-0026,235,2.6696146029610492,minmaxnorm
107,Q0,SJMN91-06080060,236,2.669119907070994,minmaxnorm
107,Q0,AP900716-0027,237,2.665169508807501,minmaxnorm
107,Q0,AP900305-0269,238,2.653625140762166,minmaxnorm
107,Q0,AP900702-0041,239,2.6469477614790042,minmaxnorm
107,Q0,AP900727-0040,240,2.6444312883121617,minmaxnorm
107,Q0,AP901120-0208,241,2.6371459043304992,minmaxnorm
107,Q0,AP900829-0025,242,2.6247664583343324,minmaxnorm
107,Q0,SJMN91-06184016,243,2.6020102671767913,minmaxnorm
107,Q0,SJMN91-06187117,244,2.601911471977935,minmaxnorm
107,Q0,AP901121-0032,245,2.6015952924948573,minmaxnorm
107,Q0,AP900115-0219,246,2.601326044292583,minmaxnorm
107,Q0,AP900227-0219,247,2.5795771374516354,minmaxnorm
107,Q0,AP900213-0206,248,2.569220339012904,minmaxnorm
107,Q0,AP900809-0044,249,2.564435358083423,minmaxnorm
107,Q0,AP900119-0206,250,2.5608143431583885,minmaxnorm
107,Q0,AP900801-0048,251,2.548218487948935,minmaxnorm
107,Q0,AP900913-0048,252,2.545648413039309,minmaxnorm
107,Q0,AP900404-0194,253,2.543971345305131,minmaxnorm
107,Q0,AP900208-0247,254,2.531088542202325,minmaxnorm
107,Q0,AP900904-0034,255,2.529398582946885,minmaxnorm
107,Q0,AP900907-0054,256,2.5215197340937388,minmaxnorm
107,Q0,AP900410-0247,257,2.519998435115204,minmaxnorm
107,Q0,AP900109-0039,258,2.5142636265794116,minmaxnorm
107,Q0,AP900326-0219,259,2.514043964473437,minmaxnorm
107,Q0,SJMN91-06263007,260,2.512765067980343,minmaxnorm
107,Q0,SJMN91-06138070,261,2.508813854260898,minmaxnorm
107,Q0,AP901218-0208,262,2.4992081705650797,minmaxnorm
107,Q0,AP900503-0262,263,2.4942089104483443,minmaxnorm
107,Q0,AP900614-0043,264,2.491816957212366,minmaxnorm
107,Q0,AP900907-0201,265,2.4860859644663647,minmaxnorm
107,Q0,AP900514-0240,266,2.47606021723602,minmaxnorm
107,Q0,AP900514-0038,267,2.471201751931685,minmaxnorm
107,Q0,AP900403-0035,268,2.4612928336693325,minmaxnorm
107,Q0,SJMN91-06193017,269,2.457391645523005,minmaxnorm
107,Q0,SJMN91-06228117,270,2.4416962052856945,minmaxnorm
107,Q0,AP900523-0242,271,2.4408350460491293,minmaxnorm
107,Q0,SJMN91-06317018,272,2.432671486011116,minmaxnorm
107,Q0,SJMN91-06200134,273,2.429107264450742,minmaxnorm
107,Q0,AP901025-0060,274,2.4284286748277015,minmaxnorm
107,Q0,AP901129-0249,275,2.427456988617383,minmaxnorm
107,Q0,AP900508-0028,276,2.42322077890679,minmaxnorm
107,Q0,AP900517-0247,277,2.4183119162555617,minmaxnorm
107,Q0,AP901221-0060,278,2.4062213680346773,minmaxnorm
107,Q0,SJMN91-06219185,279,2.394000416574368,minmaxnorm
107,Q0,AP900122-0031,280,2.3854709904334666,minmaxnorm
107,Q0,AP900531-0226,281,2.382545726507325,minmaxnorm
107,Q0,SJMN91-06292030,282,2.373001775135653,minmaxnorm
107,Q0,AP901031-0043,283,2.3695282824755557,minmaxnorm
107,Q0,AP900823-0219,284,2.368585945288106,minmaxnorm
107,Q0,AP900215-0036,285,2.3592326430126906,minmaxnorm
107,Q0,AP900425-0294,286,2.357568964408716,minmaxnorm
107,Q0,AP900216-0059,287,2.3566620696241403,minmaxnorm
107,Q0,AP900925-0052,288,2.3478708197594225,minmaxnorm
107,Q0,AP900511-0062,289,2.3424552121686713,minmaxnorm
107,Q0,SJMN91-06215020,290,2.338800733175404,minmaxnorm
107,Q0,ZF32-060-225,291,2.3332563736521514,minmaxnorm
107,Q0,AP900319-0285,292,2.3239519370366555,minmaxnorm
107,Q0,AP901108-0045,293,2.3174504439476964,minmaxnorm
107,Q0,AP900827-0029,294,2.3141458964981894,minmaxnorm
107,Q0,SJMN91-06205018,295,2.3098874567196668,minmaxnorm
107,Q0,SJMN91-06102002,296,2.3083101413707423,minmaxnorm
107,Q0,AP900611-0033,297,2.3076938823888122,minmaxnorm
107,Q0,AP900918-0200,298,2.3053430786383178,minmaxnorm
107,Q0,AP900619-0061,299,2.3038989902318807,minmaxnorm
107,Q0,AP900105-0234,300,2.300749656286128,minmaxnorm
107,Q0,AP900803-0046,301,2.2918006764370396,minmaxnorm
107,Q0,AP901005-0027,302,2.287176902137476,minmaxnorm
107,Q0,AP900405-0296,303,2.264114411005622,minmaxnorm
107,Q0,AP900623-0172,304,2.2628059463296153,minmaxnorm
107,Q0,AP900330-0208,305,2.261588538783543,minmaxnorm
107,Q0,AP901102-0041,306,2.259826216803347,minmaxnorm
107,Q0,AP900405-0213,307,2.240419170673773,minmaxnorm
107,Q0,AP900119-0040,308,2.2363732405190397,minmaxnorm
107,Q0,AP900201-0041,309,2.2206686604799604,minmaxnorm
107,Q0,AP900523-0226,310,2.216137598257892,minmaxnorm
107,Q0,AP900925-0039,311,2.2160936638237514,minmaxnorm
107,Q0,AP901122-0035,312,2.2121137480621265,minmaxnorm
107,Q0,AP900517-0047,313,2.2052411732016397,minmaxnorm
107,Q0,ZF32-344-256,314,2.2035874118169594,minmaxnorm
107,Q0,AP900906-0043,315,2.19870276150877,minmaxnorm
107,Q0,AP901017-0149,316,2.192859522541801,minmaxnorm
107,Q0,AP900625-0034,317,2.185032648489295,minmaxnorm
107,Q0,AP900912-0164,318,2.174958567740523,minmaxnorm
107,Q0,AP900521-0227,319,2.1667328620749142,minmaxnorm
107,Q0,AP900426-0270,320,2.1658730988658017,minmaxnorm
107,Q0,SJMN91-06058066,321,2.1581361857174217,minmaxnorm
107,Q0,SJMN91-06140113,322,2.1576677542669644,minmaxnorm
107,Q0,AP900405-0276,323,2.1561948839516654,minmaxnorm
107,Q0,AP900917-0041,324,2.1548081353493687,minmaxnorm
107,Q0,AP900529-0025,325,2.145808227126284,minmaxnorm
107,Q0,SJMN91-06187004,326,2.1443237143761733,minmaxnorm
107,Q0,AP900425-0240,327,2.141785794136133,minmaxnorm
107,Q0,SJMN91-06056025,328,2.140814930639925,minmaxnorm
107,Q0,AP900904-0239,329,2.139527109236545,minmaxnorm
107,Q0,SJMN91-06269041,330,2.1352630303155413,minmaxnorm
107,Q0,SJMN91-06159081,331,2.135238215526705,minmaxnorm
107,Q0,AP900806-0032,332,2.127489676467668,minmaxnorm
107,Q0,AP900523-0219,333,2.1272494675015206,minmaxnorm
107,Q0,AP901203-0034,334,2.126139878060237,minmaxnorm
107,Q0,AP901113-0027,335,2.11186482737001,minmaxnorm
107,Q0,AP900607-0034,336,2.1107443235008576,minmaxnorm
107,Q0,AP900628-0237,337,2.0899675688471886,minmaxnorm
107,Q0,AP900911-0038,338,2.0859850800077395,minmaxnorm
107,Q0,AP900615-0060,339,2.079701589254751,minmaxnorm
107,Q0,AP900104-0057,340,2.078060492412934,minmaxnorm
107,Q0,AP900108-0026,341,2.069511589774145,minmaxnorm
107,Q0,AP900228-0252,342,2.0625429553542496,minmaxnorm
107,Q0,AP900625-0249,343,2.054992738048576,minmaxnorm
107,Q0,AP900413-0047,344,2.0489162045358555,minmaxnorm
107,Q0,AP900709-0245,345,2.0391957430513434,minmaxnorm
107,Q0,AP901108-0284,346,2.0347056672285406,minmaxnorm
107,Q0,AP900129-0031,347,2.029685873001009,minmaxnorm
107,Q0,AP900322-0229,348,2.028433908360822,minmaxnorm
107,Q0,AP900223-0252,349,2.028047979371535,minmaxnorm
107,Q0,AP901023-0039,350,2.022895132793515,minmaxnorm
107,Q0,ZF32-249-182,351,2.0225925409824645,minmaxnorm
107,Q0,AP900322-0234,352,2.0166087990042283,minmaxnorm
107,Q0,AP900511-0048,353,2.009380729666161,minmaxnorm
107,Q0,AP900629-0076,354,2.0091701144474015,minmaxnorm
107,Q0,SJMN91-06052036,355,2.0075730064830624,minmaxnorm
107,Q0,AP900424-0234,356,2.0055179225905815,minmaxnorm
107,Q0,AP901024-0235,357,1.996145512819436,minmaxnorm
107,Q0,AP900405-0260,358,1.9904627724003934,minmaxnorm
107,Q0,AP900125-0244,359,1.9883912118294733,minmaxnorm
107,Q0,AP900409-0044,360,1.9788521203499445,minmaxnorm
107,Q0,AP900713-0261,361,1.9786056449932206,minmaxnorm
107,Q0,AP901214-0039,362,1.9752692673423462,minmaxnorm
107,Q0,AP900810-0047,363,1.9736050598939334,minmaxnorm
107,Q0,AP901105-0025,364,1.9714134102281407,minmaxnorm
107,Q0,AP900320-0028,365,1.970492480710773,minmaxnorm
107,Q0,AP900207-0245,366,1.9669847686025932,minmaxnorm
107,Q0,SJMN91-06289111,367,1.9663807489006104,minmaxnorm
107,Q0,AP901207-0048,368,1.9604975385240324,minmaxnorm
107,Q0,SJMN91-06269055,369,1.955707105059429,minmaxnorm
107,Q0,AP900220-0025,370,1.953093758998393,minmaxnorm
107,Q0,AP900517-0259,371,1.9530640841906797,minmaxnorm
107,Q0,AP900420-0055,372,1.9518224429829345,minmaxnorm
107,Q0,SJMN91-06100224,373,1.9398717508864247,minmaxnorm
107,Q0,AP900815-0150,374,1.9368523816207448,minmaxnorm
107,Q0,AP900802-0131,375,1.9329064113677377,minmaxnorm
107,Q0,AP901211-0026,376,1.9297946567917512,minmaxnorm
107,Q0,AP900413-0055,377,1.92584028389983,minmaxnorm
107,Q0,AP900114-0049,378,1.92191861488001,minmaxnorm
107,Q0,AP900503-0237,379,1.9124582018296905,minmaxnorm
107,Q0,SJMN91-06208179,380,1.9106846064693341,minmaxnorm
107,Q0,AP900328-0018,381,1.9057248254347552,minmaxnorm
107,Q0,AP900316-0191,382,1.9025290709637734,minmaxnorm
107,Q0,AP900410-0094,383,1.8987204784009966,minmaxnorm
107,Q0,AP900628-0214,384,1.89449913714319,minmaxnorm
107,Q0,AP900126-0223,385,1.8938865250325982,minmaxnorm
107,Q0,AP901228-0152,386,1.8921643365076726,minmaxnorm
107,Q0,AP901120-0213,387,1.891396910803273,minmaxnorm
107,Q0,AP900126-0254,388,1.8874890045997557,minmaxnorm
107,Q0,AP901005-0195,389,1.8870089952513152,minmaxnorm
107,Q0,AP900420-0044,390,1.8782959615319423,minmaxnorm
107,Q0,SJMN91-06218192,391,1.8776297254644818,minmaxnorm
107,Q0,AP900629-0231,392,1.874865504445147,minmaxnorm
107,Q0,AP900807-0043,393,1.8747024255929323,minmaxnorm
107,Q0,AP900403-0232,394,1.8726606561522008,minmaxnorm
107,Q0,AP901119-0224,395,1.871356242715911,minmaxnorm
107,Q0,SJMN91-06348009,396,1.8695113150011864,minmaxnorm
107,Q0,AP900430-0268,397,1.8689290856567158,minmaxnorm
107,Q0,AP900712-0211,398,1.8685615080001352,minmaxnorm
107,Q0,AP900928-0237,399,1.866515631216349,minmaxnorm
107,Q0,AP900104-0239,400,1.8635393681407757,minmaxnorm
107,Q0,AP900619-0033,401,1.8617827338614517,minmaxnorm
107,Q0,ZF32-149-161,402,1.8586290943744517,minmaxnorm
107,Q0,ZF32-237-285,403,1.854591702045381,minmaxnorm
107,Q0,AP900822-0043,404,1.8503511947858706,minmaxnorm
107,Q0,AP900830-0202,405,1.8368591354124357,minmaxnorm
107,Q0,AP900601-0220,406,1.8341597208011298,minmaxnorm
107,Q0,AP900320-0209,407,1.8334144945094082,minmaxnorm
107,Q0,AP901127-0024,408,1.8303471109857523,minmaxnorm
107,Q0,AP901211-0203,409,1.8233107886742763,minmaxnorm
107,Q0,AP901009-0239,410,1.8195719412429625,minmaxnorm
107,Q0,AP900522-0047,411,1.8177480711901053,minmaxnorm
107,Q0,SJMN91-06227194,412,1.816515673159216,minmaxnorm
107,Q0,AP901116-0038,413,1.7939268947609406,minmaxnorm
107,Q0,AP900324-0180,414,1.7919572413356528,minmaxnorm
107,Q0,AP900418-0245,415,1.7914098019970628,minmaxnorm
107,Q0,AP900409-0211,416,1.7852357415368525,minmaxnorm
107,Q0,AP900627-0038,417,1.7841498093003438,minmaxnorm
107,Q0,AP901116-0029,418,1.7839329709127472,minmaxnorm
107,Q0,AP901002-0196,419,1.783896909177256,minmaxnorm
107,Q0,AP900406-0253,420,1.78082829462635,minmaxnorm
107,Q0,AP900226-0119,421,1.7717749466110697,minmaxnorm
107,Q0,AP900319-0040,422,1.7654741063021713,minmaxnorm
107,Q0,AP900111-0221,423,1.756300807162091,minmaxnorm
107,Q0,AP900731-0035,424,1.7540854396152796,minmaxnorm
107,Q0,AP900522-0169,425,1.7529022563509187,minmaxnorm
107,Q0,AP900917-0244,426,1.752889780822618,minmaxnorm
107,Q0,AP900823-0216,427,1.7520547325700477,minmaxnorm
107,Q0,SJMN91-06211109,428,1.7486069093777088,minmaxnorm
107,Q0,AP900809-0211,429,1.747505609701116,minmaxnorm
107,Q0,AP900621-0271,430,1.7399929826572123,minmaxnorm
107,Q0,AP900710-0212,431,1.7371590937316654,minmaxnorm
107,Q0,AP900906-0057,432,1.731278480118746,minmaxnorm
107,Q0,AP900131-0048,433,1.7311204753812262,minmaxnorm
107,Q0,AP900806-0194,434,1.7310479274354031,minmaxnorm
107,Q0,SJMN91-06288005,435,1.725244474717771,minmaxnorm
107,Q0,SJMN91-06229024,436,1.7230930992794442,minmaxnorm
107,Q0,AP901003-0039,437,1.7205259821515764,minmaxnorm
107,Q0,AP901219-0048,438,1.6965917594558388,minmaxnorm
107,Q0,AP900601-0215,439,1.6812305253001845,minmaxnorm
107,Q0,SJMN91-06044230,440,1.6572721670077901,minmaxnorm
107,Q0,AP900511-0258,441,1.6483515321949802,minmaxnorm
107,Q0,AP900729-0017,442,1.6459776184463546,minmaxnorm
107,Q0,SJMN91-06095027,443,1.645089286012141,minmaxnorm
107,Q0,AP900611-0191,444,1.6440261021471858,minmaxnorm
107,Q0,AP900403-0278,445,1.641671523957168,minmaxnorm
107,Q0,SJMN91-06043117,446,1.6364096736348004,minmaxnorm
107,Q0,AP900719-0038,447,1.6357534551469055,minmaxnorm
107,Q0,AP900608-0181,448,1.63384384251542,minmaxnorm
107,Q0,AP900223-0276,449,1.6274082975560333,minmaxnorm
107,Q0,AP901009-0055,450,1.6251178494590712,minmaxnorm
107,Q0,SJMN91-06317034,451,1.6201773000497217,minmaxnorm
107,Q0,ZF32-193-102,452,1.6175696940032165,minmaxnorm
107,Q0,SJMN91-06322092,453,1.6162548592398913,minmaxnorm
107,Q0,AP900724-0219,454,1.613808286856643,minmaxnorm
107,Q0,AP900615-0208,455,1.6123527524848853,minmaxnorm
107,Q0,AP900619-0255,456,1.6017984060547257,minmaxnorm
107,Q0,AP901218-0039,457,1.600190324203709,minmaxnorm
107,Q0,SJMN91-06163176,458,1.5995209237612409,minmaxnorm
107,Q0,AP900110-0042,459,1.592562743284877,minmaxnorm
107,Q0,AP900608-0242,460,1.5835581397270526,minmaxnorm
107,Q0,AP901022-0037,461,1.582606353605458,minmaxnorm
107,Q0,SJMN91-06258076,462,1.5790296862133186,minmaxnorm
107,Q0,AP900102-0194,463,1.5696433524974085,minmaxnorm
107,Q0,AP900126-0055,464,1.5694155040158557,minmaxnorm
107,Q0,AP900320-0188,465,1.5639613081641357,minmaxnorm
107,Q0,AP900405-0292,466,1.562830704905412,minmaxnorm
107,Q0,AP900306-0272,467,1.5610759627551443,minmaxnorm
107,Q0,AP900316-0189,468,1.5600258264102107,minmaxnorm
107,Q0,AP900710-0034,469,1.5600064912572855,minmaxnorm
107,Q0,SJMN91-06240002,470,1.551964515419181,minmaxnorm
107,Q0,AP901024-0047,471,1.5499803118858744,minmaxnorm
107,Q0,AP900405-0268,472,1.5471363081613174,minmaxnorm
107,Q0,AP900219-0031,473,1.5233233992127313,minmaxnorm
107,Q0,AP900604-0054,474,1.5233007492386026,minmaxnorm
107,Q0,AP900123-0049,475,1.5224089722050045,minmaxnorm
107,Q0,AP900423-0048,476,1.5222734163595981,minmaxnorm
107,Q0,AP900803-0222,477,1.5204613551637862,minmaxnorm
107,Q0,AP900629-0232,478,1.518281562191355,minmaxnorm
107,Q0,AP900516-0256,479,1.5168586916079099,minmaxnorm
107,Q0,AP900219-0033,480,1.5119991421155092,minmaxnorm
107,Q0,AP900405-0272,481,1.5104682146190767,minmaxnorm
107,Q0,AP900720-0199,482,1.5063853864386798,minmaxnorm
107,Q0,AP900713-0208,483,1.4982511448238525,minmaxnorm
107,Q0,SJMN91-06279074,484,1.4959699364176027,minmaxnorm
107,Q0,AP900622-0049,485,1.4956400936376506,minmaxnorm
107,Q0,AP900629-0233,486,1.4906171228957086,minmaxnorm
107,Q0,AP900718-0050,487,1.4898948650566899,minmaxnorm
107,Q0,AP901130-0171,488,1.4894522724517696,minmaxnorm
107,Q0,ZF32-106-095,489,1.4859640138928987,minmaxnorm
107,Q0,AP900405-0264,490,1.4769402158759721,minmaxnorm
107,Q0,AP900306-0225,491,1.4756699922163345,minmaxnorm
107,Q0,SJMN91-06138046,492,1.462486484899296,minmaxnorm
107,Q0,AP900830-0036,493,1.461452553040391,minmaxnorm
107,Q0,AP900324-0183,494,1.44679926483807,minmaxnorm
107,Q0,AP900810-0040,495,1.4445063250167347,minmaxnorm
107,Q0,AP900123-0266,496,1.4396557802224705,minmaxnorm
107,Q0,AP900608-0217,497,1.439034832042629,minmaxnorm
107,Q0,ZF32-256-156,498,1.4338405560293541,minmaxnorm
107,Q0,AP900904-0038,499,1.433408515545984,minmaxnorm
107,Q0,AP900322-0213,500,1.415885418826537,minmaxnorm
107,Q0,SJMN91-06066252,501,1.4114316030250538,minmaxnorm
107,Q0,AP900515-0275,502,1.4111029546347738,minmaxnorm
107,Q0,AP900224-0176,503,1.4048586115002828,minmaxnorm
107,Q0,AP901213-0242,504,1.3951213886734977,minmaxnorm
107,Q0,AP901008-0019,505,1.3891498863155123,minmaxnorm
107,Q0,AP900222-0228,506,1.3879584776507974,minmaxnorm
107,Q0,AP900405-0256,507,1.3863539707280148,minmaxnorm
107,Q0,AP900906-0039,508,1.383686464751575,minmaxnorm
107,Q0,AP900706-0213,509,1.3720963954884735,minmaxnorm
107,Q0,AP900608-0241,510,1.360877109249745,minmaxnorm
107,Q0,AP900620-0204,511,1.359437831189362,minmaxnorm
107,Q0,AP900110-0132,512,1.3572501344860715,minmaxnorm
107,Q0,AP900426-0050,513,1.3553243325996485,minmaxnorm
107,Q0,AP900327-0053,514,1.3545860421094258,minmaxnorm
107,Q0,AP900516-0036,515,1.3538930874093382,minmaxnorm
107,Q0,AP900523-0282,516,1.3512715682370346,minmaxnorm
107,Q0,AP900628-0052,517,1.3489072071690438,minmaxnorm
107,Q0,SJMN91-06124071,518,1.3450946673364226,minmaxnorm
107,Q0,AP900215-0091,519,1.3416193042555236,minmaxnorm
107,Q0,AP900905-0199,520,1.3397444594247288,minmaxnorm
107,Q0,AP900531-0217,521,1.337224224172759,minmaxnorm
107,Q0,SJMN91-06039050,522,1.3368718438635132,minmaxnorm
107,Q0,SJMN91-06044208,523,1.334216256290567,minmaxnorm
107,Q0,SJMN91-06208206,524,1.3329651229850776,minmaxnorm
107,Q0,AP900412-0056,525,1.3287667727513686,minmaxnorm
107,Q0,AP901220-0135,526,1.3275976241708731,minmaxnorm
107,Q0,AP900319-0283,527,1.3262217098079272,minmaxnorm
107,Q0,AP901115-0262,528,1.324990111320019,minmaxnorm
107,Q0,AP901212-0044,529,1.3230056863228705,minmaxnorm
107,Q0,AP900905-0033,530,1.3205796828371656,minmaxnorm
107,Q0,AP900720-0245,531,1.3073050189979665,minmaxnorm
107,Q0,AP900226-0203,532,1.304960974906165,minmaxnorm
107,Q0,AP900718-0043,533,1.3037586305967845,minmaxnorm
107,Q0,SJMN91-06138189,534,1.3033530603132253,minmaxnorm
107,Q0,AP900529-0029,535,1.3007923023610064,minmaxnorm
107,Q0,AP900309-0216,536,1.2993212128357963,minmaxnorm
107,Q0,ZF32-132-210,537,1.296453340011717,minmaxnorm
107,Q0,AP901213-0028,538,1.2952268762190355,minmaxnorm
107,Q0,SJMN91-06176066,539,1.2921022883570403,minmaxnorm
107,Q0,AP900515-0233,540,1.2908173088614823,minmaxnorm
107,Q0,SJMN91-06358163,541,1.2805096466648067,minmaxnorm
107,Q0,AP900608-0042,542,1.2782865587212202,minmaxnorm
107,Q0,AP900328-0237,543,1.269292469544899,minmaxnorm
107,Q0,AP901126-0013,544,1.2641963190028842,minmaxnorm
107,Q0,AP901225-0089,545,1.2640875901866075,minmaxnorm
107,Q0,SJMN91-06125045,546,1.2635730426271556,minmaxnorm
107,Q0,SJMN91-06208128,547,1.2629562135438102,minmaxnorm
107,Q0,AP900426-0293,548,1.2612775745794995,minmaxnorm
107,Q0,AP900626-0033,549,1.260407641174449,minmaxnorm
107,Q0,SJMN91-06067133,550,1.2573100550004195,minmaxnorm
107,Q0,AP901120-0035,551,1.253827800735097,minmaxnorm
107,Q0,AP900903-0133,552,1.2497884272675441,minmaxnorm
107,Q0,SJMN91-06177164,553,1.2452869781880922,minmaxnorm
107,Q0,AP900920-0048,554,1.2367099006770095,minmaxnorm
107,Q0,AP901023-0054,555,1.233866146014516,minmaxnorm
107,Q0,SJMN91-06288043,556,1.2329695005225574,minmaxnorm
107,Q0,AP900406-0238,557,1.2324050583566197,minmaxnorm
107,Q0,AP900322-0239,558,1.2240228362727361,minmaxnorm
107,Q0,AP900413-0217,559,1.219123202308316,minmaxnorm
107,Q0,AP900323-0204,560,1.2186760151040166,minmaxnorm
107,Q0,AP900418-0050,561,1.2165276244067675,minmaxnorm
107,Q0,AP900905-0226,562,1.21579584333233,minmaxnorm
107,Q0,SJMN91-06288065,563,1.2126340224147427,minmaxnorm
107,Q0,AP900406-0216,564,1.2088547691287963,minmaxnorm
107,Q0,AP900928-0223,565,1.2074388038898807,minmaxnorm
107,Q0,AP900402-0258,566,1.2042460385908105,minmaxnorm
107,Q0,SJMN91-06357105,567,1.2035949241325854,minmaxnorm
107,Q0,AP900104-0235,568,1.2016506819462323,minmaxnorm
107,Q0,AP901002-0237,569,1.1993870971607044,minmaxnorm
107,Q0,SJMN91-06257066,570,1.197344398783381,minmaxnorm
107,Q0,AP900615-0232,571,1.185256040414285,minmaxnorm
107,Q0,AP900712-0030,572,1.1808694161896336,minmaxnorm
107,Q0,AP901211-0237,573,1.1790243850017579,minmaxnorm
107,Q0,AP900322-0211,574,1.1733502951327364,minmaxnorm
107,Q0,SJMN91-06191068,575,1.171633779392619,minmaxnorm
107,Q0,AP900405-0279,576,1.166260092477601,minmaxnorm
107,Q0,AP900330-0203,577,1.1618925918957574,minmaxnorm
107,Q0,AP900213-0227,578,1.1562569457210998,minmaxnorm
107,Q0,AP900322-0028,579,1.1551470228403093,minmaxnorm
107,Q0,AP900201-0243,580,1.1534200160131045,minmaxnorm
107,Q0,AP900425-0229,581,1.1485638321998308,minmaxnorm
107,Q0,AP900316-0185,582,1.146980804387235,minmaxnorm
107,Q0,AP900926-0057,583,1.145873676096207,minmaxnorm
107,Q0,AP901231-0035,584,1.1445472903379086,minmaxnorm
107,Q0,AP900214-0002,585,1.1412582219001193,minmaxnorm
107,Q0,AP900711-0205,586,1.1387452352730976,minmaxnorm
107,Q0,AP900223-0232,587,1.1385760369798057,minmaxnorm
107,Q0,AP901120-0252,588,1.1382848524574833,minmaxnorm
107,Q0,AP900112-0224,589,1.1331666833579623,minmaxnorm
107,Q0,AP900606-0043,590,1.1278739761695356,minmaxnorm
107,Q0,SJMN91-06008049,591,1.1237709459025242,minmaxnorm
107,Q0,SJMN91-06124027,592,1.1236970034253717,minmaxnorm
107,Q0,AP901121-0217,593,1.1178260248485425,minmaxnorm
107,Q0,AP900327-0249,594,1.1169941090446298,minmaxnorm
107,Q0,SJMN91-06190016,595,1.1139056272309777,minmaxnorm
107,Q0,AP900913-0214,596,1.1069233835601207,minmaxnorm
107,Q0,ZF32-204-073,597,1.1060890937027383,minmaxnorm
107,Q0,SJMN91-06340116,598,1.105860072707159,minmaxnorm
107,Q0,AP900322-0222,599,1.1053344730299433,minmaxnorm
107,Q0,AP900302-0248,600,1.102149709632465,minmaxnorm
107,Q0,AP900403-0269,601,1.1005224901346777,minmaxnorm
107,Q0,AP900920-0034,602,1.100074779006342,minmaxnorm
107,Q0,SJMN91-06196119,603,1.0995556482322575,minmaxnorm
107,Q0,AP900703-0206,604,1.0939910963781518,minmaxnorm
107,Q0,ZF32-002-393,605,1.0827844198745729,minmaxnorm
107,Q0,AP900927-0248,606,1.0821510619345964,minmaxnorm
107,Q0,AP900124-0034,607,1.0785218996958512,minmaxnorm
107,Q0,AP900912-0189,608,1.0780933036329607,minmaxnorm
107,Q0,AP901121-0254,609,1.0761197681519332,minmaxnorm
107,Q0,AP900805-0039,610,1.073133621546934,minmaxnorm
107,Q0,AP900531-0024,611,1.0709227246869228,minmaxnorm
107,Q0,AP900421-0149,612,1.0695050277310356,minmaxnorm
107,Q0,AP900309-0265,613,1.0678489895313963,minmaxnorm
107,Q0,ZF32-080-138,614,1.0669437398644686,minmaxnorm
107,Q0,ZF32-196-131,615,1.0669323135163244,minmaxnorm
107,Q0,AP900524-0249,616,1.065647350403003,minmaxnorm
107,Q0,SJMN91-06190036,617,1.0653119341541502,minmaxnorm
107,Q0,AP901227-0101,618,1.0621624876367177,minmaxnorm
107,Q0,SJMN91-06229205,619,1.0553707394437482,minmaxnorm
107,Q0,AP900616-0167,620,1.05386275341691,minmaxnorm
107,Q0,AP900822-0035,621,1.0425510923548984,minmaxnorm
107,Q0,AP900201-0256,622,1.0418987738218082,minmaxnorm
107,Q0,AP900530-0223,623,1.0408346898411664,minmaxnorm
107,Q0,AP900627-0255,624,1.040337701206655,minmaxnorm
107,Q0,SJMN91-06312109,625,1.0399650330923356,minmaxnorm
107,Q0,AP900421-0150,626,1.036437590221381,minmaxnorm
107,Q0,AP901225-0087,627,1.0321221413151411,minmaxnorm
107,Q0,ZF32-040-284,628,1.0287846919566082,minmaxnorm
107,Q0,AP900402-0247,629,1.0258342858611196,minmaxnorm
107,Q0,AP900427-0134,630,1.023266170284533,minmaxnorm
107,Q0,SJMN91-06154180,631,1.0230155645156163,minmaxnorm
107,Q0,AP900425-0044,632,1.0199156659142963,minmaxnorm
107,Q0,SJMN91-06190118,633,1.0171159481446275,minmaxnorm
107,Q0,AP900111-0259,634,1.0166683774668177,minmaxnorm
107,Q0,AP900328-0209,635,1.0149103862982733,minmaxnorm
107,Q0,AP901003-0205,636,1.0087123350510032,minmaxnorm
107,Q0,AP900305-0262,637,1.0084698731387944,minmaxnorm
107,Q0,AP900330-0213,638,1.0080096864417443,minmaxnorm
107,Q0,SJMN91-06121085,639,1.0062637446588745,minmaxnorm
107,Q0,AP900413-0135,640,1.0058639463688,minmaxnorm
107,Q0,SJMN91-06050094,641,1.003380179326783,minmaxnorm
107,Q0,AP901016-0120,642,1.0029805687498734,minmaxnorm
107,Q0,AP900816-0026,643,1.0007876561466675,minmaxnorm
107,Q0,AP900914-0048,644,1.0005906281690584,minmaxnorm
107,Q0,ZF32-051-249,645,0.9990012999718924,minmaxnorm
107,Q0,AP900305-0109,646,0.9970523998510177,minmaxnorm
107,Q0,SJMN91-06065005,647,0.9939990394002376,minmaxnorm
107,Q0,ZF32-082-193,648,0.9934251386279163,minmaxnorm
107,Q0,AP900824-0106,649,0.9906936916162039,minmaxnorm
107,Q0,AP900724-0212,650,0.9849112105739708,minmaxnorm
107,Q0,AP900525-0199,651,0.9820557918168995,minmaxnorm
107,Q0,AP900703-0201,652,0.9819901951139391,minmaxnorm
107,Q0,AP901026-0219,653,0.9796508936444291,minmaxnorm
107,Q0,SJMN91-06285037,654,0.9769120703330775,minmaxnorm
107,Q0,SJMN91-06211026,655,0.9758607640588769,minmaxnorm
107,Q0,ZF32-129-227,656,0.9753094903588576,minmaxnorm
107,Q0,AP900222-0040,657,0.9746527657597202,minmaxnorm
107,Q0,AP900824-0196,658,0.9740974084486921,minmaxnorm
107,Q0,AP900625-0260,659,0.9740945841747547,minmaxnorm
107,Q0,AP900322-0251,660,0.9723616071393989,minmaxnorm
107,Q0,AP900808-0050,661,0.971851916289353,minmaxnorm
107,Q0,AP900406-0023,662,0.9706764644617996,minmaxnorm
107,Q0,SJMN91-06073209,663,0.9687581798175509,minmaxnorm
107,Q0,AP901115-0205,664,0.9683883589253877,minmaxnorm
107,Q0,SJMN91-06177074,665,0.9678629795779513,minmaxnorm
107,Q0,AP900306-0214,666,0.9674692096030653,minmaxnorm
107,Q0,AP900402-0263,667,0.9673463488213628,minmaxnorm
107,Q0,AP900926-0229,668,0.9641242864512185,minmaxnorm
107,Q0,AP900112-0033,669,0.9625666646157738,minmaxnorm
107,Q0,AP901026-0211,670,0.9560962418478005,minmaxnorm
107,Q0,AP900612-0260,671,0.9535699908769711,minmaxnorm
107,Q0,AP901227-0166,672,0.9501491041081028,minmaxnorm
107,Q0,AP900705-0203,673,0.9495705414303139,minmaxnorm
107,Q0,SJMN91-06017153,674,0.9492443073001359,minmaxnorm
107,Q0,SJMN91-06289121,675,0.9448563141347059,minmaxnorm
107,Q0,AP901204-0021,676,0.9394017221112986,minmaxnorm
107,Q0,ZF32-215-348,677,0.9389916812088387,minmaxnorm
107,Q0,ZF32-316-836,678,0.9377557518829837,minmaxnorm
107,Q0,ZF32-208-208,679,0.9365073721037724,minmaxnorm
107,Q0,AP900704-0169,680,0.9348925543051526,minmaxnorm
107,Q0,AP901122-0131,681,0.9348528144120289,minmaxnorm
107,Q0,AP901113-0135,682,0.9346078140399136,minmaxnorm
107,Q0,AP901011-0206,683,0.9283216352579828,minmaxnorm
107,Q0,AP900420-0280,684,0.9282934487292482,minmaxnorm
107,Q0,AP900423-0229,685,0.9282934487292482,minmaxnorm
107,Q0,AP900425-0279,686,0.9271715765621567,minmaxnorm
107,Q0,SJMN91-06192235,687,0.9242629463300651,minmaxnorm
107,Q0,AP901012-0193,688,0.9218856839748448,minmaxnorm
107,Q0,AP901220-0033,689,0.9178421376489962,minmaxnorm
107,Q0,AP901010-0181,690,0.9158225820455159,minmaxnorm
107,Q0,AP900419-0034,691,0.9121676384788397,minmaxnorm
107,Q0,AP900413-0245,692,0.9089373865492006,minmaxnorm
107,Q0,SJMN91-06290034,693,0.904401645172046,minmaxnorm
107,Q0,AP900413-0227,694,0.904319827626198,minmaxnorm
107,Q0,SJMN91-06102027,695,0.9031884948286932,minmaxnorm
107,Q0,AP900702-0086,696,0.9018059874929439,minmaxnorm
107,Q0,AP900403-0250,697,0.9004714754059304,minmaxnorm
107,Q0,SJMN91-06357194,698,0.8987265750374147,minmaxnorm
107,Q0,AP900319-0236,699,0.8974621177614825,minmaxnorm
107,Q0,AP900129-0258,700,0.8941181715019704,minmaxnorm
107,Q0,AP901119-0019,701,0.8925250017587453,minmaxnorm
107,Q0,AP900606-0255,702,0.8904914351127394,minmaxnorm
107,Q0,AP900124-0244,703,0.89039385409386,minmaxnorm
107,Q0,AP900606-0298,704,0.8893692205118975,minmaxnorm
107,Q0,AP900828-0029,705,0.8890751924057575,minmaxnorm
107,Q0,AP900730-0184,706,0.8856491870507551,minmaxnorm
107,Q0,SJMN91-06285024,707,0.8855519754739345,minmaxnorm
107,Q0,SJMN91-06088037,708,0.8840722588474095,minmaxnorm
107,Q0,AP900326-0250,709,0.8817870673411207,minmaxnorm
107,Q0,AP900205-0219,710,0.8796148329951288,minmaxnorm
107,Q0,AP900403-0257,711,0.879196378442327,minmaxnorm
107,Q0,SJMN91-06302049,712,0.8791027064118435,minmaxnorm
107,Q0,SJMN91-06084015,713,0.8790009412870546,minmaxnorm
107,Q0,AP900518-0233,714,0.8785441836924206,minmaxnorm
107,Q0,AP901101-0041,715,0.8760496808842925,minmaxnorm
107,Q0,ZF32-196-125,716,0.8735994666268817,minmaxnorm
107,Q0,AP900402-0252,717,0.8735576705706389,minmaxnorm
107,Q0,AP900326-0227,718,0.8729745693634411,minmaxnorm
107,Q0,ZF32-217-018,719,0.8721830469372522,minmaxnorm
107,Q0,AP900828-0158,720,0.8702516452222321,minmaxnorm
107,Q0,AP900205-0029,721,0.870237625913292,minmaxnorm
107,Q0,SJMN91-06205032,722,0.8696117160426182,minmaxnorm
107,Q0,AP901129-0043,723,0.8690665832224881,minmaxnorm
107,Q0,AP901218-0217,724,0.8690318614933467,minmaxnorm
107,Q0,AP901210-0032,725,0.8688488423177153,minmaxnorm
107,Q0,AP900720-0225,726,0.8682338593732047,minmaxnorm
107,Q0,AP900828-0078,727,0.8643505461011238,minmaxnorm
107,Q0,AP900806-0043,728,0.8612722891408885,minmaxnorm
107,Q0,SJMN91-06214016,729,0.8587636387003481,minmaxnorm
107,Q0,SJMN91-06206056,730,0.856837656022737,minmaxnorm
107,Q0,AP900326-0119,731,0.8553602996228453,minmaxnorm
107,Q0,AP900108-0020,732,0.854689835110767,minmaxnorm
107,Q0,AP900228-0022,733,0.8538142274005095,minmaxnorm
107,Q0,AP900123-0023,734,0.8534322605242685,minmaxnorm
107,Q0,AP900817-0051,735,0.8514900300512254,minmaxnorm
107,Q0,AP901011-0202,736,0.8509170858475246,minmaxnorm
107,Q0,AP900409-0216,737,0.850380164063252,minmaxnorm
107,Q0,AP900412-0248,738,0.8485235076851382,minmaxnorm
107,Q0,AP900116-0026,739,0.8484952994690234,minmaxnorm
107,Q0,AP900109-0025,740,0.848113279460247,minmaxnorm
107,Q0,AP900129-0028,741,0.8477589980119922,minmaxnorm
107,Q0,AP901212-0267,742,0.8473758134009186,minmaxnorm
107,Q0,AP900110-0041,743,0.8463131002589405,minmaxnorm
107,Q0,AP900122-0024,744,0.8461223884538318,minmaxnorm
107,Q0,AP900919-0037,745,0.8453180442157784,minmaxnorm
107,Q0,AP900124-0029,746,0.8452220272201668,minmaxnorm
107,Q0,ZF32-128-261,747,0.8443431209805153,minmaxnorm
107,Q0,AP900322-0018,748,0.8421146404087312,minmaxnorm
107,Q0,AP900208-0031,749,0.8381595006431768,minmaxnorm
107,Q0,AP900111-0026,750,0.8378718802694389,minmaxnorm
107,Q0,AP900516-0301,751,0.8359233556505238,minmaxnorm
107,Q0,AP900913-0208,752,0.8357285935223521,minmaxnorm
107,Q0,AP900223-0020,753,0.8345258189015965,minmaxnorm
107,Q0,AP900104-0055,754,0.8335224402283886,minmaxnorm
107,Q0,AP900606-0052,755,0.8323715362639489,minmaxnorm
107,Q0,AP900613-0046,756,0.831811171786712,minmaxnorm
107,Q0,AP900326-0242,757,0.831681226857992,minmaxnorm
107,Q0,ZF32-218-029,758,0.8316569729943558,minmaxnorm
107,Q0,SJMN91-06191006,759,0.8298004247922492,minmaxnorm
107,Q0,AP901213-0021,760,0.8294309163329874,minmaxnorm
107,Q0,AP900403-0241,761,0.8289149134529363,minmaxnorm
107,Q0,SJMN91-06030203,762,0.8270669030133704,minmaxnorm
107,Q0,AP900914-0224,763,0.8265329632527927,minmaxnorm
107,Q0,AP900115-0176,764,0.8259599906032187,minmaxnorm
107,Q0,AP900802-0064,765,0.8255793811596728,minmaxnorm
107,Q0,AP900125-0020,766,0.8246574717883526,minmaxnorm
107,Q0,AP900330-0225,767,0.8241340968204278,minmaxnorm
107,Q0,SJMN91-06020024,768,0.8238988333497109,minmaxnorm
107,Q0,AP901213-0255,769,0.8219986925498427,minmaxnorm
107,Q0,ZF32-107-139,770,0.8209477412200339,minmaxnorm
107,Q0,SJMN91-06229004,771,0.8206151099106296,minmaxnorm
107,Q0,AP900504-0215,772,0.8198091384053579,minmaxnorm
107,Q0,AP900223-0247,773,0.8196637764146327,minmaxnorm
107,Q0,AP900712-0199,774,0.8183168906931941,minmaxnorm
107,Q0,AP900522-0229,775,0.8181126716960498,minmaxnorm
107,Q0,AP900222-0230,776,0.8177604546989501,minmaxnorm
107,Q0,AP900723-0218,777,0.8173990630113795,minmaxnorm
107,Q0,AP901213-0256,778,0.8157666519809489,minmaxnorm
107,Q0,AP901123-0155,779,0.8154899666786564,minmaxnorm
107,Q0,AP900215-0162,780,0.8124550964528576,minmaxnorm
107,Q0,ZF32-006-174,781,0.8119667833226695,minmaxnorm
107,Q0,AP900109-0194,782,0.8103080948757154,minmaxnorm
107,Q0,ZF32-336-1068,783,0.8099564187268593,minmaxnorm
107,Q0,SJMN91-06138199,784,0.809898080716576,minmaxnorm
107,Q0,AP900209-0257,785,0.8097779321454999,minmaxnorm
107,Q0,SJMN91-06113014,786,0.8079521362044672,minmaxnorm
107,Q0,AP900303-0120,787,0.8078851788302548,minmaxnorm
107,Q0,AP900406-0228,788,0.8074685943504416,minmaxnorm
107,Q0,AP900205-0269,789,0.8054229446481459,minmaxnorm
107,Q0,AP900223-0244,790,0.804787892784813,minmaxnorm
107,Q0,AP900330-0230,791,0.8026265678295125,minmaxnorm
107,Q0,AP901127-0020,792,0.8021670674423755,minmaxnorm
107,Q0,AP900224-0141,793,0.8020935151250227,minmaxnorm
107,Q0,AP900330-0209,794,0.8001292839437854,minmaxnorm
107,Q0,SJMN91-06082001,795,0.798036786389615,minmaxnorm
107,Q0,AP900615-0229,796,0.796566735773385,minmaxnorm
107,Q0,AP900604-0259,797,0.7953232189823262,minmaxnorm
107,Q0,AP901026-0252,798,0.7950662432764337,minmaxnorm
107,Q0,SJMN91-06091040,799,0.7942501903859454,minmaxnorm
107,Q0,AP900129-0231,800,0.7941449579585662,minmaxnorm
107,Q0,SJMN91-06350026,801,0.789042920648048,minmaxnorm
107,Q0,AP901129-0263,802,0.7879259193688966,minmaxnorm
107,Q0,AP900917-0031,803,0.7863131327503371,minmaxnorm
107,Q0,AP900628-0117,804,0.7852943239700602,minmaxnorm
107,Q0,AP901121-0092,805,0.7845403965942994,minmaxnorm
107,Q0,AP900709-0236,806,0.7824406628594626,minmaxnorm
107,Q0,AP900330-0219,807,0.7811440571757841,minmaxnorm
107,Q0,AP900917-0240,808,0.7807433405133154,minmaxnorm
107,Q0,SJMN91-06042032,809,0.7782487943842092,minmaxnorm
107,Q0,AP900326-0224,810,0.7777095002789854,minmaxnorm
107,Q0,AP901017-0161,811,0.7776829554725594,minmaxnorm
107,Q0,AP900904-0226,812,0.7766941450554842,minmaxnorm
107,Q0,SJMN91-06190003,813,0.7763168701023762,minmaxnorm
107,Q0,AP900227-0142,814,0.7763040072225872,minmaxnorm
107,Q0,SJMN91-06114155,815,0.7736821727993316,minmaxnorm
107,Q0,AP901122-0026,816,0.7713974131313636,minmaxnorm
107,Q0,AP901026-0210,817,0.7704905188463171,minmaxnorm
107,Q0,AP901128-0207,818,0.768438077960751,minmaxnorm
107,Q0,AP900724-0217,819,0.7665097053223208,minmaxnorm
107,Q0,AP900219-0069,820,0.7651517544294981,minmaxnorm
107,Q0,SJMN91-06016147,821,0.7638712682612584,minmaxnorm
107,Q0,AP900502-0219,822,0.7619386802660673,minmaxnorm
107,Q0,AP900720-0205,823,0.7611210596412842,minmaxnorm
107,Q0,AP900421-0148,824,0.7610609670737255,minmaxnorm
107,Q0,AP900326-0263,825,0.7591559977739022,minmaxnorm
107,Q0,AP900511-0229,826,0.7576020869660792,minmaxnorm
107,Q0,SJMN91-06079034,827,0.7566686306697676,minmaxnorm
107,Q0,SJMN91-06134019,828,0.753092538144414,minmaxnorm
107,Q0,AP900223-0241,829,0.7522482930956712,minmaxnorm
107,Q0,SJMN91-06360041,830,0.7521179372545179,minmaxnorm
107,Q0,AP900407-0036,831,0.7455192581841809,minmaxnorm
107,Q0,AP900209-0058,832,0.7441484799823102,minmaxnorm
107,Q0,AP900321-0254,833,0.7432060224239732,minmaxnorm
107,Q0,AP900223-0238,834,0.7430126600842502,minmaxnorm
107,Q0,AP900412-0203,835,0.7408931189347272,minmaxnorm
107,Q0,SJMN91-06321155,836,0.7407148069016682,minmaxnorm
107,Q0,AP900115-0225,837,0.7377518632521655,minmaxnorm
107,Q0,AP901012-0203,838,0.7375102040443474,minmaxnorm
107,Q0,AP901019-0045,839,0.7305990193148953,minmaxnorm
107,Q0,AP900105-0211,840,0.7298209719267149,minmaxnorm
107,Q0,SJMN91-06014088,841,0.7293453956846263,minmaxnorm
107,Q0,AP900115-0177,842,0.728448627859148,minmaxnorm
107,Q0,SJMN91-06087021,843,0.7283865970869727,minmaxnorm
107,Q0,AP900716-0218,844,0.7283833745033598,minmaxnorm
107,Q0,SJMN91-06186142,845,0.7271403121526039,minmaxnorm
107,Q0,AP900906-0177,846,0.7258458896557136,minmaxnorm
107,Q0,AP900816-0225,847,0.7258447327710058,minmaxnorm
107,Q0,SJMN91-06039106,848,0.7242958066318954,minmaxnorm
107,Q0,SJMN91-06043092,849,0.7232551043971109,minmaxnorm
107,Q0,SJMN91-06341173,850,0.7211727029351718,minmaxnorm
107,Q0,AP900417-0021,851,0.7206330724800575,minmaxnorm
107,Q0,AP900713-0264,852,0.7192827587559472,minmaxnorm
107,Q0,AP900326-0235,853,0.7189377148193192,minmaxnorm
107,Q0,SJMN91-06094180,854,0.7168966457929309,minmaxnorm
107,Q0,AP900622-0265,855,0.714732582484497,minmaxnorm
107,Q0,AP900418-0036,856,0.7135923286694406,minmaxnorm
107,Q0,AP900704-0028,857,0.7133096590003842,minmaxnorm
107,Q0,SJMN91-06341006,858,0.712967297885814,minmaxnorm
107,Q0,AP901016-0042,859,0.711848544563725,minmaxnorm
107,Q0,AP900307-0216,860,0.7112848618644556,minmaxnorm
107,Q0,AP900822-0052,861,0.7110859338363771,minmaxnorm
107,Q0,AP900119-0215,862,0.7108346091798654,minmaxnorm
107,Q0,AP901004-0195,863,0.7098595888488604,minmaxnorm
107,Q0,AP900504-0254,864,0.7072322624750738,minmaxnorm
107,Q0,AP900507-0206,865,0.7072322624750738,minmaxnorm
107,Q0,AP900716-0018,866,0.7064525607221563,minmaxnorm
107,Q0,AP900627-0032,867,0.7062275856577183,minmaxnorm
107,Q0,AP900605-0042,868,0.7047674266177362,minmaxnorm
107,Q0,AP900320-0013,869,0.7045694493862344,minmaxnorm
107,Q0,AP900821-0028,870,0.7034027360705063,minmaxnorm
107,Q0,SJMN91-06223168,871,0.7033274610759039,minmaxnorm
107,Q0,AP900306-0119,872,0.7017368869952242,minmaxnorm
107,Q0,AP900529-0022,873,0.7008870778803733,minmaxnorm
107,Q0,SJMN91-06191007,874,0.700661415951062,minmaxnorm
107,Q0,SJMN91-06076188,875,0.7000193882732635,minmaxnorm
107,Q0,SJMN91-06130026,876,0.6997669195435068,minmaxnorm
107,Q0,AP900926-0044,877,0.69925950360183,minmaxnorm
107,Q0,AP900828-0018,878,0.6991140841923661,minmaxnorm
107,Q0,AP900416-0029,879,0.6989514335805872,minmaxnorm
107,Q0,SJMN91-06218045,880,0.698787712545359,minmaxnorm
107,Q0,AP900807-0169,881,0.69607249792582,minmaxnorm
107,Q0,AP900227-0211,882,0.6957044809461983,minmaxnorm
107,Q0,AP900911-0035,883,0.6957044809461983,minmaxnorm
107,Q0,AP900725-0022,884,0.6943522649516918,minmaxnorm
107,Q0,AP900709-0013,885,0.6941532355125453,minmaxnorm
107,Q0,AP900327-0023,886,0.6939017830301024,minmaxnorm
107,Q0,AP900306-0034,887,0.6934926306405624,minmaxnorm
107,Q0,SJMN91-06013183,888,0.6925640848159333,minmaxnorm
107,Q0,AP900705-0022,889,0.6924462601805962,minmaxnorm
107,Q0,AP901001-0256,890,0.6918910418468319,minmaxnorm
107,Q0,AP900508-0024,891,0.689946643264548,minmaxnorm
107,Q0,AP900711-0026,892,0.6895887218164197,minmaxnorm
107,Q0,AP900427-0092,893,0.6894354221977622,minmaxnorm
107,Q0,AP900313-0018,894,0.6892944268434031,minmaxnorm
107,Q0,AP900424-0240,895,0.6891002350639504,minmaxnorm
107,Q0,AP900626-0027,896,0.687930585544936,minmaxnorm
107,Q0,AP900312-0027,897,0.6879043190630039,minmaxnorm
107,Q0,AP900307-0022,898,0.6875429598687192,minmaxnorm
107,Q0,AP900404-0020,899,0.6867246550896389,minmaxnorm
107,Q0,AP900703-0019,900,0.6861427397428844,minmaxnorm
107,Q0,AP900314-0020,901,0.6859063503105587,minmaxnorm
107,Q0,AP900206-0026,902,0.6832638209020593,minmaxnorm
107,Q0,ZF32-149-336,903,0.682862686413054,minmaxnorm
107,Q0,AP900402-0270,904,0.6820490403397279,minmaxnorm
107,Q0,AP900419-0029,905,0.6819694357058068,minmaxnorm
107,Q0,AP900710-0028,906,0.6816569155719874,minmaxnorm
107,Q0,AP900920-0030,907,0.6806055944073397,minmaxnorm
107,Q0,AP900128-0068,908,0.680382829146563,minmaxnorm
107,Q0,AP900723-0025,909,0.6802668077915882,minmaxnorm
107,Q0,AP900214-0034,910,0.680168315447634,minmaxnorm
107,Q0,AP900403-0032,911,0.6801566901436735,minmaxnorm
107,Q0,AP900308-0023,912,0.6797872896282595,minmaxnorm
107,Q0,AP900313-0211,913,0.6796194056296336,minmaxnorm
107,Q0,ZF32-222-135,914,0.6793638209663484,minmaxnorm
107,Q0,AP900604-0039,915,0.6790145970995607,minmaxnorm
107,Q0,AP900910-0031,916,0.6789029664931212,minmaxnorm
107,Q0,AP900619-0028,917,0.6777017758064329,minmaxnorm
107,Q0,AP900724-0034,918,0.6777017758064329,minmaxnorm
107,Q0,AP900726-0035,919,0.6773323752910186,minmaxnorm
107,Q0,AP900326-0020,920,0.6772663569349606,minmaxnorm
107,Q0,AP900719-0030,921,0.6768984693780714,minmaxnorm
107,Q0,AP900126-0040,922,0.6768795858228884,minmaxnorm
107,Q0,AP900124-0274,923,0.6765963128670898,minmaxnorm
107,Q0,AP900531-0022,924,0.6761049181223984,minmaxnorm
107,Q0,SJMN91-06315165,925,0.6744420802195857,minmaxnorm
107,Q0,AP900305-0029,926,0.6739931378186396,minmaxnorm
107,Q0,AP900702-0032,927,0.6737203695589462,minmaxnorm
107,Q0,AP900410-0023,928,0.6736102519110316,minmaxnorm
107,Q0,SJMN91-06128016,929,0.6735127887215142,minmaxnorm
107,Q0,AP900802-0038,930,0.6731044672657707,minmaxnorm
107,Q0,AP900827-0026,931,0.6728055000435632,minmaxnorm
107,Q0,AP900612-0240,932,0.672658405640091,minmaxnorm
107,Q0,AP901211-0014,933,0.6715496378492867,minmaxnorm
107,Q0,AP900405-0042,934,0.6710587053180701,minmaxnorm
107,Q0,AP900207-0043,935,0.670767711897574,minmaxnorm
107,Q0,AP900130-0023,936,0.6705800968263154,minmaxnorm
107,Q0,AP900731-0027,937,0.6704734169245573,minmaxnorm
107,Q0,AP900105-0227,938,0.669858664311317,minmaxnorm
107,Q0,AP900131-0019,939,0.669393969189744,minmaxnorm
107,Q0,AP901018-0042,940,0.6688765592405228,minmaxnorm
107,Q0,AP900620-0039,941,0.6679726788655372,minmaxnorm
107,Q0,AP901016-0027,942,0.6678821184574698,minmaxnorm
107,Q0,AP900227-0025,943,0.6677698708620947,minmaxnorm
107,Q0,AP900412-0036,944,0.667376333812209,minmaxnorm
107,Q0,AP900814-0016,945,0.6669274295485428,minmaxnorm
107,Q0,AP901227-0009,946,0.666877486833874,minmaxnorm
107,Q0,AP900425-0040,947,0.6666662865928099,minmaxnorm
107,Q0,AP900501-0018,948,0.6666546612888493,minmaxnorm
107,Q0,AP901113-0014,949,0.6666546612888493,minmaxnorm
107,Q0,AP900507-0027,950,0.666613542692873,minmaxnorm
107,Q0,AP900205-0273,951,0.6664522189501186,minmaxnorm
107,Q0,AP900201-0033,952,0.6663820392658305,minmaxnorm
107,Q0,AP900718-0036,953,0.6658578832230925,minmaxnorm
107,Q0,AP900301-0024,954,0.6651842863252988,minmaxnorm
107,Q0,AP900221-0036,955,0.6651759625738589,minmaxnorm
107,Q0,AP900702-0113,956,0.6644173092184429,minmaxnorm
107,Q0,AP901122-0015,957,0.6643758829555814,minmaxnorm
107,Q0,AP900409-0029,958,0.6637643280801364,minmaxnorm
107,Q0,AP900913-0031,959,0.6634211940466544,minmaxnorm
107,Q0,SJMN91-06179021,960,0.6633597229133401,minmaxnorm
107,Q0,AP900301-0257,961,0.6618360568865517,minmaxnorm
107,Q0,AP900926-0227,962,0.661552424725817,minmaxnorm
107,Q0,SJMN91-06262056,963,0.6612651685429088,minmaxnorm
107,Q0,AP900717-0024,964,0.6610629119651343,minmaxnorm
107,Q0,AP900328-0014,965,0.6608116704187643,minmaxnorm
107,Q0,AP901107-0032,966,0.6594478291202972,minmaxnorm
107,Q0,AP900628-0037,967,0.6593197687418904,minmaxnorm
107,Q0,AP900509-0037,968,0.6593015435810876,minmaxnorm
107,Q0,AP900618-0025,969,0.6592636517951951,minmaxnorm
107,Q0,AP900607-0025,970,0.6591651594512409,minmaxnorm
107,Q0,AP900904-0033,971,0.6587443817577403,minmaxnorm
107,Q0,SJMN91-06213124,972,0.6583139623272782,minmaxnorm
107,Q0,AP900730-0013,973,0.657899810496728,minmaxnorm
107,Q0,AP900809-0034,974,0.6574202923333992,minmaxnorm
107,Q0,AP901210-0018,975,0.656945121587801,minmaxnorm
107,Q0,AP900216-0030,976,0.6567353980874806,minmaxnorm
107,Q0,AP900806-0022,977,0.6557176644191807,minmaxnorm
107,Q0,AP900829-0020,978,0.6535833115368888,minmaxnorm
107,Q0,AP900213-0019,979,0.6535617848235653,minmaxnorm
107,Q0,SJMN91-06137172,980,0.653261119222253,minmaxnorm
107,Q0,AP900510-0041,981,0.653167630784744,minmaxnorm
107,Q0,AP900424-0032,982,0.6528798641743319,minmaxnorm
107,Q0,AP900514-0255,983,0.6523565113212707,minmaxnorm
107,Q0,AP900220-0023,984,0.6519251752654048,minmaxnorm
107,Q0,SJMN91-06183198,985,0.6511119601269604,minmaxnorm
107,Q0,AP900712-0025,986,0.6504647017112171,minmaxnorm
107,Q0,AP900219-0029,987,0.6498531468357722,minmaxnorm
107,Q0,AP900808-0031,988,0.6494917876414874,minmaxnorm
107,Q0,AP900319-0023,989,0.6486256896671518,minmaxnorm
107,Q0,SJMN91-06311039,990,0.6483252440410348,minmaxnorm
107,Q0,AP900219-0048,991,0.6477878853649881,minmaxnorm
107,Q0,SJMN91-06043019,992,0.6475514947804782,minmaxnorm
107,Q0,SJMN91-06053022,993,0.646749347554269,minmaxnorm
107,Q0,AP900423-0035,994,0.6463071594597577,minmaxnorm
107,Q0,SJMN91-06255003,995,0.646283848142691,minmaxnorm
107,Q0,AP900404-0220,996,0.6448406521648521,minmaxnorm
107,Q0,AP900505-0148,997,0.6446206159117853,minmaxnorm
107,Q0,AP900115-0211,998,0.6441375255390018,minmaxnorm
107,Q0,AP900525-0042,999,0.6439708878990796,minmaxnorm
107,Q0,AP900807-0031,1000,0.6433329750850622,minmaxnorm
109,Q0,ZF32-228-151,1,8.824143426903674,minmaxnorm
109,Q0,ZF32-225-056,2,8.71605612479117,minmaxnorm
109,Q0,ZF32-227-298,3,8.579898734723727,minmaxnorm
109,Q0,ZF32-200-233,4,8.317022894334634,minmaxnorm
109,Q0,ZF32-237-315,5,8.268653525963536,minmaxnorm
109,Q0,ZF32-137-062,6,8.166600055667953,minmaxnorm
109,Q0,ZF32-111-314,7,8.145765258991101,minmaxnorm
109,Q0,ZF310-620-797,8,8.039505957195505,minmaxnorm
109,Q0,ZF32-086-238,9,8.026924132661131,minmaxnorm
109,Q0,ZF32-036-227,10,8.020984258323704,minmaxnorm
109,Q0,ZF32-205-194,11,8.015335257811152,minmaxnorm
109,Q0,ZF32-052-022,12,7.978354067970073,minmaxnorm
109,Q0,ZF32-157-100,13,7.862526508625692,minmaxnorm
109,Q0,ZF32-006-158,14,7.839420761514342,minmaxnorm
109,Q0,ZF32-153-203,15,7.824141967842234,minmaxnorm
109,Q0,ZF32-217-270,16,7.802378451496916,minmaxnorm
109,Q0,ZF32-031-075,17,7.756424464559247,minmaxnorm
109,Q0,ZF32-237-317,18,7.71351515563978,minmaxnorm
109,Q0,ZF32-016-212,19,7.67546960938612,minmaxnorm
109,Q0,ZF32-028-285,20,7.657592866888501,minmaxnorm
109,Q0,ZF32-039-180,21,7.653175866289293,minmaxnorm
109,Q0,ZF32-011-298,22,7.56227696247659,minmaxnorm
109,Q0,ZF32-124-269,23,7.556356978644285,minmaxnorm
109,Q0,ZF32-240-380,24,7.546056186816179,minmaxnorm
109,Q0,ZF32-040-242,25,7.534538855755606,minmaxnorm
109,Q0,ZF32-228-184,26,7.522467294186745,minmaxnorm
109,Q0,SJMN91-06117157,27,7.5108568549007035,minmaxnorm
109,Q0,ZF32-035-220,28,7.48104080606878,minmaxnorm
109,Q0,ZF32-244-203,29,7.470891520930267,minmaxnorm
109,Q0,ZF32-217-194,30,7.417381049975529,minmaxnorm
109,Q0,ZF32-007-211,31,7.405070990527615,minmaxnorm
109,Q0,ZF32-228-193,32,7.384795820090311,minmaxnorm
109,Q0,ZF32-181-027,33,7.376392294579017,minmaxnorm
109,Q0,ZF32-126-146,34,7.360474962464283,minmaxnorm
109,Q0,ZF310-685-029,35,7.303257366388521,minmaxnorm
109,Q0,ZF32-032-209,36,7.301427122499992,minmaxnorm
109,Q0,ZF32-182-058,37,7.2995043144699565,minmaxnorm
109,Q0,ZF32-217-020,38,7.293189183210033,minmaxnorm
109,Q0,ZF32-009-001,39,7.287062640759173,minmaxnorm
109,Q0,ZF32-106-075,40,7.266135960143013,minmaxnorm
109,Q0,ZF32-007-217,41,7.241224291778598,minmaxnorm
109,Q0,ZF310-614-507,42,7.2365198394013,minmaxnorm
109,Q0,ZF310-599-235,43,7.225982223686054,minmaxnorm
109,Q0,ZF32-237-080,44,7.175959730278739,minmaxnorm
109,Q0,ZF32-051-097,45,7.1587976129718545,minmaxnorm
109,Q0,ZF32-016-306,46,7.139915391148493,minmaxnorm
109,Q0,ZF32-002-357,47,7.139666701788954,minmaxnorm
109,Q0,ZF32-227-205,48,7.1368252039233395,minmaxnorm
109,Q0,ZF32-217-202,49,7.123189232118326,minmaxnorm
109,Q0,ZF32-218-201,50,7.121527757389325,minmaxnorm
109,Q0,ZF32-105-113,51,7.085833118265206,minmaxnorm
109,Q0,ZF32-026-083,52,7.071523185080654,minmaxnorm
109,Q0,ZF32-240-341,53,7.070525044988861,minmaxnorm
109,Q0,ZF32-275-005,54,7.049448423630746,minmaxnorm
109,Q0,ZF32-237-272,55,7.04431428732818,minmaxnorm
109,Q0,ZF32-149-172,56,7.039072103881991,minmaxnorm
109,Q0,ZF32-064-059,57,6.998560223035057,minmaxnorm
109,Q0,ZF32-039-143,58,6.9835646828754445,minmaxnorm
109,Q0,ZF32-181-295,59,6.981280636264053,minmaxnorm
109,Q0,SJMN91-06037015,60,6.98084798556833,minmaxnorm
109,Q0,ZF32-110-060,61,6.9460059166888986,minmaxnorm
109,Q0,ZF32-240-088,62,6.945130723098807,minmaxnorm
109,Q0,ZF32-185-238,63,6.934535332463798,minmaxnorm
109,Q0,ZF32-203-167,64,6.9309361497919415,minmaxnorm
109,Q0,ZF32-077-341,65,6.930106559464116,minmaxnorm
109,Q0,ZF32-040-292,66,6.914596866212404,minmaxnorm
109,Q0,ZF310-632-892,67,6.913404921103027,minmaxnorm
109,Q0,ZF32-220-070,68,6.901030518595999,minmaxnorm
109,Q0,ZF32-237-427,69,6.889415125204161,minmaxnorm
109,Q0,ZF32-111-301,70,6.888274534742198,minmaxnorm
109,Q0,ZF32-219-168,71,6.880012716454904,minmaxnorm
109,Q0,ZF32-219-186,72,6.877990876910601,minmaxnorm
109,Q0,ZF32-068-039,73,6.871600725754387,minmaxnorm
109,Q0,ZF310-799-131,74,6.866249130018029,minmaxnorm
109,Q0,ZF32-182-047,75,6.863638237201825,minmaxnorm
109,Q0,ZF310-631-217,76,6.849438944612541,minmaxnorm
109,Q0,ZF32-181-319,77,6.842615586881828,minmaxnorm
109,Q0,ZF32-239-100,78,6.836127979788891,minmaxnorm
109,Q0,ZF310-640-956,79,6.803897049100505,minmaxnorm
109,Q0,ZF32-240-083,80,6.8018550469015056,minmaxnorm
109,Q0,ZF32-032-217,81,6.801281285035484,minmaxnorm
109,Q0,SJMN91-06035059,82,6.793830982218796,minmaxnorm
109,Q0,ZF32-160-149,83,6.77003556891755,minmaxnorm
109,Q0,ZF32-032-342,84,6.751912443505481,minmaxnorm
109,Q0,ZF32-224-298,85,6.7461645032728965,minmaxnorm
109,Q0,ZF32-129-227,86,6.743672934481966,minmaxnorm
109,Q0,ZF32-183-028,87,6.731808258223743,minmaxnorm
109,Q0,ZF32-032-127,88,6.713198928562861,minmaxnorm
109,Q0,ZF32-030-005,89,6.663399907313881,minmaxnorm
109,Q0,ZF32-112-159,90,6.637248406434737,minmaxnorm
109,Q0,ZF32-084-318,91,6.624077198425017,minmaxnorm
109,Q0,ZF32-004-200,92,6.602270217530113,minmaxnorm
109,Q0,ZF32-226-239,93,6.596565843748567,minmaxnorm
109,Q0,ZF32-185-306,94,6.580955771272195,minmaxnorm
109,Q0,ZF310-640-968,95,6.571664340759308,minmaxnorm
109,Q0,ZF32-167-143,96,6.563767974388437,minmaxnorm
109,Q0,ZF32-011-123,97,6.563639804799916,minmaxnorm
109,Q0,ZF32-184-149,98,6.552749929230736,minmaxnorm
109,Q0,ZF32-004-273,99,6.545731729559011,minmaxnorm
109,Q0,ZF310-709-053,100,6.520771754341359,minmaxnorm
109,Q0,ZF32-222-157,101,6.499410378090417,minmaxnorm
109,Q0,ZF310-606-245,102,6.463934610619211,minmaxnorm
109,Q0,ZF32-039-094,103,6.461528954050044,minmaxnorm
109,Q0,ZF310-597-753,104,6.454074014864765,minmaxnorm
109,Q0,ZF310-583-734,105,6.427400596643484,minmaxnorm
109,Q0,ZF32-026-033,106,6.40232973781902,minmaxnorm
109,Q0,ZF310-605-111,107,6.396865400364865,minmaxnorm
109,Q0,ZF32-087-300,108,6.3615317413312855,minmaxnorm
109,Q0,ZF310-589-850,109,6.341331831398095,minmaxnorm
109,Q0,ZF32-220-179,110,6.316614117618943,minmaxnorm
109,Q0,ZF32-084-286,111,6.305867858893905,minmaxnorm
109,Q0,ZF310-589-604,112,6.3056397145106295,minmaxnorm
109,Q0,ZF32-195-102,113,6.300678671603612,minmaxnorm
109,Q0,ZF32-099-116,114,6.293830129682782,minmaxnorm
109,Q0,ZF32-039-142,115,6.278713107642739,minmaxnorm
109,Q0,ZF32-218-018,116,6.270298724311297,minmaxnorm
109,Q0,ZF32-197-024,117,6.236130249995675,minmaxnorm
109,Q0,ZF32-225-124,118,6.231231905895131,minmaxnorm
109,Q0,ZF32-028-141,119,6.210683200029786,minmaxnorm
109,Q0,ZF310-623-656,120,6.208477265548229,minmaxnorm
109,Q0,ZF32-196-289,121,6.195957459451441,minmaxnorm
109,Q0,ZF32-224-077,122,6.169739833708139,minmaxnorm
109,Q0,ZF32-101-317,123,6.165957942375987,minmaxnorm
109,Q0,ZF32-235-280,124,6.1608002036489395,minmaxnorm
109,Q0,ZF32-065-007,125,6.155682331222738,minmaxnorm
109,Q0,ZF32-149-345,126,6.145615733270449,minmaxnorm
109,Q0,ZF32-222-024,127,6.144360364908786,minmaxnorm
109,Q0,ZF32-104-015,128,6.143627960022285,minmaxnorm
109,Q0,ZF32-056-216,129,6.1324487351723675,minmaxnorm
109,Q0,SJMN91-06022172,130,6.10192761411515,minmaxnorm
109,Q0,ZF32-182-132,131,6.099759399706921,minmaxnorm
109,Q0,ZF32-184-250,132,6.092913716107198,minmaxnorm
109,Q0,ZF32-182-218,133,6.062847242387241,minmaxnorm
109,Q0,ZF32-182-125,134,6.057038250575456,minmaxnorm
109,Q0,ZF32-217-058,135,6.05185158484899,minmaxnorm
109,Q0,ZF32-108-247,136,6.043500769835621,minmaxnorm
109,Q0,ZF32-137-104,137,6.04193541023185,minmaxnorm
109,Q0,ZF32-226-218,138,6.03951183322025,minmaxnorm
109,Q0,ZF32-013-110,139,6.012201518272442,minmaxnorm
109,Q0,ZF32-237-197,140,6.005275580888486,minmaxnorm
109,Q0,ZF32-088-141,141,6.001497538656676,minmaxnorm
109,Q0,ZF32-181-258,142,5.983582667927554,minmaxnorm
109,Q0,ZF32-038-250,143,5.962493148673012,minmaxnorm
109,Q0,ZF32-197-104,144,5.955405121135093,minmaxnorm
109,Q0,ZF32-169-076,145,5.924305619533154,minmaxnorm
109,Q0,ZF32-222-021,146,5.922994465937808,minmaxnorm
109,Q0,ZF32-163-073,147,5.879366885140632,minmaxnorm
109,Q0,ZF310-568-606,148,5.876941445426817,minmaxnorm
109,Q0,ZF32-017-053,149,5.874497084972586,minmaxnorm
109,Q0,ZF310-632-182,150,5.852444727749249,minmaxnorm
109,Q0,ZF32-007-135,151,5.85152776107552,minmaxnorm
109,Q0,ZF32-185-319,152,5.8228473824589795,minmaxnorm
109,Q0,ZF32-226-077,153,5.8140495128113665,minmaxnorm
109,Q0,ZF32-103-141,154,5.799646410905575,minmaxnorm
109,Q0,ZF32-198-278,155,5.78346735038244,minmaxnorm
109,Q0,ZF32-010-090,156,5.760424140969443,minmaxnorm
109,Q0,ZF32-110-250,157,5.718666473044199,minmaxnorm
109,Q0,ZF32-219-309,158,5.696061685136045,minmaxnorm
109,Q0,ZF32-181-346,159,5.682150715177476,minmaxnorm
109,Q0,ZF32-221-076,160,5.681672285879554,minmaxnorm
109,Q0,ZF32-052-330,161,5.669737765935586,minmaxnorm
109,Q0,ZF32-003-348,162,5.6629633642006265,minmaxnorm
109,Q0,ZF310-649-494,163,5.658393937714839,minmaxnorm
109,Q0,ZF32-012-011,164,5.6271126066214245,minmaxnorm
109,Q0,ZF32-221-085,165,5.620490389376284,minmaxnorm
109,Q0,ZF32-086-211,166,5.612300915456655,minmaxnorm
109,Q0,ZF310-589-766,167,5.605480871418745,minmaxnorm
109,Q0,ZF32-183-118,168,5.604199434188831,minmaxnorm
109,Q0,ZF32-182-250,169,5.600282125836142,minmaxnorm
109,Q0,ZF32-159-335,170,5.581644047027514,minmaxnorm
109,Q0,ZF32-150-119,171,5.573540291045616,minmaxnorm
109,Q0,ZF32-010-345,172,5.562592816799896,minmaxnorm
109,Q0,ZF32-111-229,173,5.554083371257967,minmaxnorm
109,Q0,ZF32-003-358,174,5.5405529055853595,minmaxnorm
109,Q0,ZF310-758-327,175,5.538877182487923,minmaxnorm
109,Q0,ZF32-039-014,176,5.527033603280245,minmaxnorm
109,Q0,ZF32-220-271,177,5.526083000920416,minmaxnorm
109,Q0,ZF32-196-314,178,5.5067226115287,minmaxnorm
109,Q0,ZF310-625-370,179,5.501709448845994,minmaxnorm
109,Q0,ZF32-182-193,180,5.490073044040656,minmaxnorm
109,Q0,ZF310-637-340,181,5.466685551333451,minmaxnorm
109,Q0,ZF32-168-184,182,5.447950764684696,minmaxnorm
109,Q0,ZF32-032-070,183,5.442236242244301,minmaxnorm
109,Q0,ZF32-086-276,184,5.4150366917351445,minmaxnorm
109,Q0,ZF32-111-299,185,5.393279232097405,minmaxnorm
109,Q0,ZF32-237-347,186,5.38356884928132,minmaxnorm
109,Q0,ZF32-241-177,187,5.382567983738113,minmaxnorm
109,Q0,ZF32-032-245,188,5.379744826337232,minmaxnorm
109,Q0,ZF32-274-113,189,5.359472742867463,minmaxnorm
109,Q0,ZF32-101-236,190,5.341329509721944,minmaxnorm
109,Q0,ZF32-084-244,191,5.340084772857297,minmaxnorm
109,Q0,ZF32-124-284,192,5.336599062053885,minmaxnorm
109,Q0,ZF32-153-313,193,5.332144712201628,minmaxnorm
109,Q0,ZF32-183-113,194,5.272759159506505,minmaxnorm
109,Q0,ZF32-219-267,195,5.270747847968721,minmaxnorm
109,Q0,ZF32-144-084,196,5.258587804059457,minmaxnorm
109,Q0,ZF32-192-034,197,5.22905680552093,minmaxnorm
109,Q0,ZF32-215-074,198,5.224667710794729,minmaxnorm
109,Q0,ZF32-110-035,199,5.21461445933625,minmaxnorm
109,Q0,ZF32-070-054,200,5.214435568818324,minmaxnorm
109,Q0,ZF32-009-059,201,5.211209204840754,minmaxnorm
109,Q0,ZF32-125-096,202,5.206277771330258,minmaxnorm
109,Q0,ZF32-157-101,203,5.199463915545687,minmaxnorm
109,Q0,ZF310-598-799,204,5.121324574417746,minmaxnorm
109,Q0,ZF310-633-618,205,5.110501394475399,minmaxnorm
109,Q0,ZF32-058-381,206,5.1049878761882965,minmaxnorm
109,Q0,ZF32-034-234,207,5.095543197178662,minmaxnorm
109,Q0,ZF32-124-175,208,5.0586188668232,minmaxnorm
109,Q0,ZF32-034-196,209,5.053337315429325,minmaxnorm
109,Q0,ZF32-159-331,210,5.046405693967942,minmaxnorm
109,Q0,ZF32-181-328,211,5.02462184838409,minmaxnorm
109,Q0,ZF32-103-146,212,5.01691190236737,minmaxnorm
109,Q0,ZF32-190-126,213,5.007955708012224,minmaxnorm
109,Q0,ZF32-248-256,214,5.007430884562579,minmaxnorm
109,Q0,ZF32-182-111,215,4.992780667584126,minmaxnorm
109,Q0,ZF310-614-445,216,4.951331620496049,minmaxnorm
109,Q0,ZF32-153-106,217,4.942376961207807,minmaxnorm
109,Q0,ZF32-106-128,218,4.939824681663841,minmaxnorm
109,Q0,ZF32-182-155,219,4.90181510501423,minmaxnorm
109,Q0,ZF32-029-314,220,4.90180290921543,minmaxnorm
109,Q0,ZF32-170-259,221,4.888148009127365,minmaxnorm
109,Q0,ZF310-574-228,222,4.882776129221192,minmaxnorm
109,Q0,ZF32-201-251,223,4.871224267416365,minmaxnorm
109,Q0,ZF32-228-022,224,4.853405203841664,minmaxnorm
109,Q0,ZF310-632-727,225,4.852294061768464,minmaxnorm
109,Q0,ZF32-181-219,226,4.839806755753969,minmaxnorm
109,Q0,ZF32-225-250,227,4.838896589213397,minmaxnorm
109,Q0,ZF310-633-630,228,4.8147296765233785,minmaxnorm
109,Q0,ZF32-124-263,229,4.810660746251686,minmaxnorm
109,Q0,ZF32-216-110,230,4.800815029333867,minmaxnorm
109,Q0,ZF32-245-247,231,4.795200240273967,minmaxnorm
109,Q0,ZF310-697-325,232,4.791136100118015,minmaxnorm
109,Q0,ZF310-623-378,233,4.78128714105932,minmaxnorm
109,Q0,ZF32-132-096,234,4.779266094368868,minmaxnorm
109,Q0,ZF32-039-016,235,4.776132866691169,minmaxnorm
109,Q0,ZF32-161-022,236,4.76499222796864,minmaxnorm
109,Q0,ZF32-158-177,237,4.754767191240927,minmaxnorm
109,Q0,ZF310-675-435,238,4.74771370290372,minmaxnorm
109,Q0,ZF32-028-132,239,4.74349178493971,minmaxnorm
109,Q0,ZF32-105-110,240,4.739979323721173,minmaxnorm
109,Q0,ZF32-218-091,241,4.725767188238673,minmaxnorm
109,Q0,ZF32-007-132,242,4.722985136697414,minmaxnorm
109,Q0,ZF32-038-231,243,4.708984282020332,minmaxnorm
109,Q0,ZF32-112-068,244,4.703420851565676,minmaxnorm
109,Q0,ZF310-581-474,245,4.7015638672502424,minmaxnorm
109,Q0,ZF32-102-179,246,4.699445805665424,minmaxnorm
109,Q0,ZF32-225-040,247,4.678674561047156,minmaxnorm
109,Q0,ZF32-150-122,248,4.643045491761214,minmaxnorm
109,Q0,ZF32-064-375,249,4.642359289892003,minmaxnorm
109,Q0,ZF32-194-201,250,4.609894276999198,minmaxnorm
109,Q0,ZF32-039-017,251,4.57854117118744,minmaxnorm
109,Q0,ZF32-160-300,252,4.569337381383004,minmaxnorm
109,Q0,ZF32-030-264,253,4.561622623534994,minmaxnorm
109,Q0,ZF32-181-039,254,4.561221390857089,minmaxnorm
109,Q0,ZF32-134-193,255,4.533849499143249,minmaxnorm
109,Q0,SJMN91-06154134,256,4.519147183217317,minmaxnorm
109,Q0,ZF310-604-837,257,4.518000596285051,minmaxnorm
109,Q0,ZF32-160-287,258,4.517165690464418,minmaxnorm
109,Q0,ZF32-027-203,259,4.5169863059219235,minmaxnorm
109,Q0,ZF32-226-140,260,4.514344741483363,minmaxnorm
109,Q0,ZF32-064-387,261,4.500876194419169,minmaxnorm
109,Q0,ZF32-100-244,262,4.500664416236106,minmaxnorm
109,Q0,ZF32-026-080,263,4.494520616724049,minmaxnorm
109,Q0,SJMN91-06032031,264,4.49241399330179,minmaxnorm
109,Q0,ZF32-226-078,265,4.486883069770437,minmaxnorm
109,Q0,ZF32-129-208,266,4.477504084145831,minmaxnorm
109,Q0,ZF32-036-081,267,4.4688852534917975,minmaxnorm
109,Q0,ZF32-194-216,268,4.461480264256941,minmaxnorm
109,Q0,ZF32-195-213,269,4.453896862125001,minmaxnorm
109,Q0,ZF32-184-113,270,4.4384972826151285,minmaxnorm
109,Q0,ZF32-004-087,271,4.426450817996477,minmaxnorm
109,Q0,ZF32-201-107,272,4.4148715103416,minmaxnorm
109,Q0,ZF32-081-229,273,4.393385459104424,minmaxnorm
109,Q0,ZF32-098-088,274,4.383191680937692,minmaxnorm
109,Q0,SJMN91-06294116,275,4.381723756152584,minmaxnorm
109,Q0,ZF310-624-620,276,4.3764172080396415,minmaxnorm
109,Q0,ZF32-215-257,277,4.371631070409415,minmaxnorm
109,Q0,ZF32-128-155,278,4.369023620103936,minmaxnorm
109,Q0,ZF32-100-236,279,4.364288655761722,minmaxnorm
109,Q0,ZF32-219-224,280,4.348937243233417,minmaxnorm
109,Q0,ZF32-049-204,281,4.345338564010285,minmaxnorm
109,Q0,ZF310-747-969,282,4.334004718882239,minmaxnorm
109,Q0,ZF32-025-030,283,4.333089819100371,minmaxnorm
109,Q0,ZF32-050-098,284,4.329066824313376,minmaxnorm
109,Q0,ZF32-160-023,285,4.309712280023506,minmaxnorm
109,Q0,ZF32-128-313,286,4.30862414896502,minmaxnorm
109,Q0,ZF32-039-015,287,4.3083181050381825,minmaxnorm
109,Q0,ZF32-205-272,288,4.30291105003749,minmaxnorm
109,Q0,SJMN91-06100221,289,4.285172728003996,minmaxnorm
109,Q0,ZF310-692-087,290,4.2820795441031745,minmaxnorm
109,Q0,ZF32-219-080,291,4.266602236404807,minmaxnorm
109,Q0,ZF310-683-837,292,4.2615506540327095,minmaxnorm
109,Q0,ZF310-622-544,293,4.258963868344283,minmaxnorm
109,Q0,ZF32-102-061,294,4.249514912052965,minmaxnorm
109,Q0,ZF32-015-066,295,4.2409773709360525,minmaxnorm
109,Q0,ZF32-226-139,296,4.24079395468719,minmaxnorm
109,Q0,SJMN91-06083162,297,4.233217118952577,minmaxnorm
109,Q0,ZF310-597-775,298,4.219344718961603,minmaxnorm
109,Q0,ZF32-274-150,299,4.200234257970725,minmaxnorm
109,Q0,ZF310-606-473,300,4.198229312670951,minmaxnorm
109,Q0,ZF310-709-055,301,4.195989075400926,minmaxnorm
109,Q0,ZF32-220-167,302,4.187756164310761,minmaxnorm
109,Q0,ZF32-181-281,303,4.166129903639753,minmaxnorm
109,Q0,ZF32-210-049,304,4.16407790057599,minmaxnorm
109,Q0,ZF310-589-634,305,4.163238586171548,minmaxnorm
109,Q0,ZF32-037-171,306,4.1603889731634665,minmaxnorm
109,Q0,ZF32-225-039,307,4.155222026776266,minmaxnorm
109,Q0,ZF32-065-221,308,4.150248271713537,minmaxnorm
109,Q0,ZF32-039-303,309,4.148686672821627,minmaxnorm
109,Q0,ZF32-108-180,310,4.148466968369645,minmaxnorm
109,Q0,SJMN91-06284003,311,4.1254423470706385,minmaxnorm
109,Q0,ZF32-212-125,312,4.124466220623777,minmaxnorm
109,Q0,ZF32-150-101,313,4.108909242034698,minmaxnorm
109,Q0,ZF32-077-313,314,4.1085921469172355,minmaxnorm
109,Q0,ZF32-001-415,315,4.096909347154765,minmaxnorm
109,Q0,ZF32-040-185,316,4.08690937611258,minmaxnorm
109,Q0,ZF32-099-062,317,4.080473937423071,minmaxnorm
109,Q0,ZF32-214-053,318,4.075329091934184,minmaxnorm
109,Q0,ZF32-051-034,319,4.066894221274677,minmaxnorm
109,Q0,ZF32-027-189,320,4.066232400036103,minmaxnorm
109,Q0,SJMN91-06101201,321,4.061939194989996,minmaxnorm
109,Q0,ZF32-107-262,322,4.053986204081991,minmaxnorm
109,Q0,ZF32-262-102,323,4.046089904210646,minmaxnorm
109,Q0,ZF32-078-280,324,4.032687761593253,minmaxnorm
109,Q0,ZF32-011-131,325,4.029183763915487,minmaxnorm
109,Q0,ZF32-102-002,326,3.9910303400301332,minmaxnorm
109,Q0,ZF310-599-255,327,3.985786889798227,minmaxnorm
109,Q0,ZF310-583-856,328,3.9855721382797507,minmaxnorm
109,Q0,ZF32-157-049,329,3.9825637962217315,minmaxnorm
109,Q0,ZF32-102-293,330,3.9755060270618428,minmaxnorm
109,Q0,ZF32-115-053,331,3.9716355785613553,minmaxnorm
109,Q0,ZF32-204-158,332,3.9463445053041397,minmaxnorm
109,Q0,ZF32-032-292,333,3.942716603072633,minmaxnorm
109,Q0,ZF32-226-322,334,3.9423887790128167,minmaxnorm
109,Q0,ZF32-047-009,335,3.941135777253001,minmaxnorm
109,Q0,ZF32-183-142,336,3.928124757315063,minmaxnorm
109,Q0,ZF32-262-046,337,3.921347280130128,minmaxnorm
109,Q0,ZF32-127-164,338,3.9169230669487893,minmaxnorm
109,Q0,ZF32-064-083,339,3.9103525903153833,minmaxnorm
109,Q0,ZF310-598-657,340,3.904241941513868,minmaxnorm
109,Q0,ZF32-184-176,341,3.902170491032728,minmaxnorm
109,Q0,ZF32-063-013,342,3.8988562188968365,minmaxnorm
109,Q0,ZF32-042-074,343,3.8927507040934413,minmaxnorm
109,Q0,ZF32-107-127,344,3.8715203799152267,minmaxnorm
109,Q0,ZF32-226-025,345,3.8684701280684384,minmaxnorm
109,Q0,ZF32-011-116,346,3.867491234646704,minmaxnorm
109,Q0,ZF32-027-185,347,3.8657585831834567,minmaxnorm
109,Q0,ZF32-124-067,348,3.8636930125136755,minmaxnorm
109,Q0,ZF310-606-263,349,3.862871584011217,minmaxnorm
109,Q0,ZF310-798-849,350,3.8465884667893415,minmaxnorm
109,Q0,ZF32-262-096,351,3.842070137737009,minmaxnorm
109,Q0,ZF32-062-147,352,3.8346160911693583,minmaxnorm
109,Q0,ZF32-141-155,353,3.831933232723786,minmaxnorm
109,Q0,ZF32-108-245,354,3.8061161496419604,minmaxnorm
109,Q0,ZF32-136-060,355,3.805212001686432,minmaxnorm
109,Q0,ZF32-003-389,356,3.8018925969096853,minmaxnorm
109,Q0,ZF32-129-066,357,3.7916482187192724,minmaxnorm
109,Q0,ZF32-101-004,358,3.789412631049892,minmaxnorm
109,Q0,ZF32-256-009,359,3.7640530818058693,minmaxnorm
109,Q0,ZF32-122-053,360,3.760923612071037,minmaxnorm
109,Q0,ZF32-181-030,361,3.7446192354126553,minmaxnorm
109,Q0,ZF32-025-075,362,3.7417154145388256,minmaxnorm
109,Q0,ZF32-079-062,363,3.7337652029130366,minmaxnorm
109,Q0,ZF32-273-002,364,3.7313096208524876,minmaxnorm
109,Q0,SJMN91-06044004,365,3.724621198130264,minmaxnorm
109,Q0,ZF32-153-133,366,3.715004962759616,minmaxnorm
109,Q0,SJMN91-06040021,367,3.6982321770721818,minmaxnorm
109,Q0,ZF32-102-358,368,3.695544733763553,minmaxnorm
109,Q0,ZF32-149-196,369,3.690032445638975,minmaxnorm
109,Q0,ZF32-222-250,370,3.6895799834228473,minmaxnorm
109,Q0,ZF32-223-098,371,3.6887871428364023,minmaxnorm
109,Q0,ZF32-161-014,372,3.6875022507392403,minmaxnorm
109,Q0,ZF32-155-075,373,3.6852704690377793,minmaxnorm
109,Q0,ZF32-184-180,374,3.6728415722892946,minmaxnorm
109,Q0,ZF32-015-086,375,3.672355139050038,minmaxnorm
109,Q0,ZF32-081-308,376,3.6447392200830575,minmaxnorm
109,Q0,ZF310-731-079,377,3.6322134779265394,minmaxnorm
109,Q0,ZF32-159-282,378,3.6001693855006236,minmaxnorm
109,Q0,ZF32-132-122,379,3.5885973024191546,minmaxnorm
109,Q0,ZF32-083-190,380,3.5883910498973632,minmaxnorm
109,Q0,ZF32-139-027,381,3.5754088886027073,minmaxnorm
109,Q0,ZF32-003-415,382,3.574240496459878,minmaxnorm
109,Q0,SJMN91-06223146,383,3.567719855808701,minmaxnorm
109,Q0,ZF32-281-075,384,3.565900955264451,minmaxnorm
109,Q0,ZF32-238-222,385,3.5608070419280264,minmaxnorm
109,Q0,ZF32-011-129,386,3.5472006017468116,minmaxnorm
109,Q0,ZF32-010-079,387,3.539121022828332,minmaxnorm
109,Q0,ZF32-009-225,388,3.525358757423823,minmaxnorm
109,Q0,ZF32-077-310,389,3.5232816323351823,minmaxnorm
109,Q0,ZF32-204-096,390,3.51228888246834,minmaxnorm
109,Q0,ZF32-183-258,391,3.509757359217422,minmaxnorm
109,Q0,ZF32-215-214,392,3.497577253569722,minmaxnorm
109,Q0,ZF32-196-213,393,3.4862780297359697,minmaxnorm
109,Q0,ZF32-151-202,394,3.486264921382209,minmaxnorm
109,Q0,ZF32-135-048,395,3.48239684215642,minmaxnorm
109,Q0,ZF32-226-109,396,3.474866918496521,minmaxnorm
109,Q0,ZF32-059-217,397,3.4703935070899075,minmaxnorm
109,Q0,ZF32-108-355,398,3.463743247610935,minmaxnorm
109,Q0,ZF32-014-171,399,3.448098875853294,minmaxnorm
109,Q0,ZF32-081-230,400,3.439459309461031,minmaxnorm
109,Q0,ZF32-226-092,401,3.436435604487182,minmaxnorm
109,Q0,ZF32-244-042,402,3.4320940270619964,minmaxnorm
109,Q0,ZF32-225-188,403,3.4196948141422316,minmaxnorm
109,Q0,ZF32-125-019,404,3.4020106246662807,minmaxnorm
109,Q0,ZF32-198-227,405,3.3992016902686,minmaxnorm
109,Q0,ZF32-135-003,406,3.398738821258632,minmaxnorm
109,Q0,ZF32-029-191,407,3.3951188323207817,minmaxnorm
109,Q0,ZF32-017-093,408,3.3865657180752726,minmaxnorm
109,Q0,ZF310-736-459,409,3.3839447398490896,minmaxnorm
109,Q0,ZF32-275-006,410,3.367217440040181,minmaxnorm
109,Q0,ZF32-246-250,411,3.359501516106779,minmaxnorm
109,Q0,ZF310-636-488,412,3.3589812902293983,minmaxnorm
109,Q0,ZF32-256-122,413,3.356280457369118,minmaxnorm
109,Q0,ZF32-217-012,414,3.3389132020143912,minmaxnorm
109,Q0,ZF310-730-937,415,3.3374540077505657,minmaxnorm
109,Q0,ZF32-151-233,416,3.33536020683357,minmaxnorm
109,Q0,ZF310-599-307,417,3.3225796835515746,minmaxnorm
109,Q0,ZF32-098-166,418,3.3207389164010284,minmaxnorm
109,Q0,ZF32-149-163,419,3.312536946926274,minmaxnorm
109,Q0,ZF32-182-146,420,3.3066646445724657,minmaxnorm
109,Q0,ZF310-841-882,421,3.301139227965705,minmaxnorm
109,Q0,ZF32-009-435,422,3.2938151190690066,minmaxnorm
109,Q0,SJMN91-06043065,423,3.29290065459852,minmaxnorm
109,Q0,ZF32-183-206,424,3.2911949140898766,minmaxnorm
109,Q0,ZF32-048-005,425,3.2819622112939206,minmaxnorm
109,Q0,ZF32-011-204,426,3.273635845927195,minmaxnorm
109,Q0,ZF32-104-285,427,3.2713479735550535,minmaxnorm
109,Q0,ZF32-128-258,428,3.270647225985848,minmaxnorm
109,Q0,ZF32-133-135,429,3.2667684999027724,minmaxnorm
109,Q0,ZF32-002-177,430,3.2654343594315747,minmaxnorm
109,Q0,ZF32-256-095,431,3.2610745926781526,minmaxnorm
109,Q0,ZF32-248-002,432,3.2532210377350115,minmaxnorm
109,Q0,ZF32-106-389,433,3.247520735410736,minmaxnorm
109,Q0,ZF32-102-004,434,3.234012996794887,minmaxnorm
109,Q0,ZF32-133-297,435,3.2211939119140487,minmaxnorm
109,Q0,ZF310-604-845,436,3.1895190810750456,minmaxnorm
109,Q0,ZF32-228-144,437,3.187285304611114,minmaxnorm
109,Q0,ZF32-157-170,438,3.1871850681226706,minmaxnorm
109,Q0,ZF310-684-443,439,3.1833842750252503,minmaxnorm
109,Q0,ZF310-582-274,440,3.183053879279481,minmaxnorm
109,Q0,ZF32-013-150,441,3.1810968862983016,minmaxnorm
109,Q0,ZF32-086-295,442,3.178907816584969,minmaxnorm
109,Q0,ZF32-237-209,443,3.1695741596997524,minmaxnorm
109,Q0,ZF310-589-748,444,3.1686813880577693,minmaxnorm
109,Q0,ZF310-625-982,445,3.167440510867806,minmaxnorm
109,Q0,ZF32-021-002,446,3.1554400864578644,minmaxnorm
109,Q0,ZF32-092-156,447,3.150764854545418,minmaxnorm
109,Q0,ZF32-110-257,448,3.1470721235465295,minmaxnorm
109,Q0,ZF32-225-194,449,3.146188006644066,minmaxnorm
109,Q0,ZF32-079-037,450,3.1456506049600175,minmaxnorm
109,Q0,ZF32-241-321,451,3.140029031398913,minmaxnorm
109,Q0,ZF32-196-165,452,3.139205611072738,minmaxnorm
109,Q0,ZF32-167-197,453,3.137968502226172,minmaxnorm
109,Q0,ZF32-185-228,454,3.1373829558989415,minmaxnorm
109,Q0,ZF32-015-132,455,3.1366286587553094,minmaxnorm
109,Q0,ZF32-243-154,456,3.1342677231232305,minmaxnorm
109,Q0,ZF310-676-823,457,3.1206502520422337,minmaxnorm
109,Q0,ZF32-196-197,458,3.1179213303398563,minmaxnorm
109,Q0,ZF32-002-020,459,3.1165111494993445,minmaxnorm
109,Q0,ZF32-205-220,460,3.1156695671621346,minmaxnorm
109,Q0,ZF32-204-034,461,3.1133272899216538,minmaxnorm
109,Q0,ZF32-087-309,462,3.103574637457245,minmaxnorm
109,Q0,ZF32-207-087,463,3.0749756870320186,minmaxnorm
109,Q0,ZF32-086-250,464,3.070468713110947,minmaxnorm
109,Q0,ZF32-102-239,465,3.069682167184612,minmaxnorm
109,Q0,ZF32-053-337,466,3.065515446457241,minmaxnorm
109,Q0,ZF32-006-131,467,3.056340851658053,minmaxnorm
109,Q0,ZF32-200-159,468,3.048305598126994,minmaxnorm
109,Q0,ZF32-016-293,469,3.0455263490840547,minmaxnorm
109,Q0,ZF32-170-144,470,3.038337924712271,minmaxnorm
109,Q0,ZF32-128-263,471,3.0289105447646634,minmaxnorm
109,Q0,ZF32-181-032,472,3.0280593884056297,minmaxnorm
109,Q0,ZF32-265-001,473,3.0235394562343916,minmaxnorm
109,Q0,SJMN91-06205033,474,3.0205005567672454,minmaxnorm
109,Q0,ZF32-279-074,475,3.0154615033803047,minmaxnorm
109,Q0,ZF32-256-100,476,3.0043841823532995,minmaxnorm
109,Q0,ZF32-032-324,477,3.004335500107124,minmaxnorm
109,Q0,ZF32-040-178,478,3.002689370682671,minmaxnorm
109,Q0,ZF32-166-044,479,2.9996517503670304,minmaxnorm
109,Q0,ZF310-625-532,480,2.9967321173755046,minmaxnorm
109,Q0,ZF32-003-281,481,2.9902902841692134,minmaxnorm
109,Q0,ZF32-062-143,482,2.98749742672051,minmaxnorm
109,Q0,ZF32-238-292,483,2.9815658994776566,minmaxnorm
109,Q0,ZF32-264-155,484,2.975626427675082,minmaxnorm
109,Q0,ZF32-028-129,485,2.9747035522439993,minmaxnorm
109,Q0,ZF32-160-215,486,2.9678908656687177,minmaxnorm
109,Q0,ZF32-100-278,487,2.9609533833669825,minmaxnorm
109,Q0,ZF32-219-327,488,2.9609052935850566,minmaxnorm
109,Q0,ZF32-258-012,489,2.960780965325844,minmaxnorm
109,Q0,ZF32-131-081,490,2.960492294466836,minmaxnorm
109,Q0,ZF32-220-136,491,2.94719280366256,minmaxnorm
109,Q0,ZF310-640-634,492,2.9461784282961907,minmaxnorm
109,Q0,ZF32-282-050,493,2.943601071433663,minmaxnorm
109,Q0,ZF310-749-467,494,2.9433601394625533,minmaxnorm
109,Q0,ZF32-219-006,495,2.931403259381187,minmaxnorm
109,Q0,ZF32-090-011,496,2.928485378018793,minmaxnorm
109,Q0,ZF32-245-255,497,2.89890038654128,minmaxnorm
109,Q0,ZF32-151-250,498,2.8883175289575527,minmaxnorm
109,Q0,ZF32-080-249,499,2.879216406817633,minmaxnorm
109,Q0,ZF32-239-053,500,2.876984380079441,minmaxnorm
109,Q0,ZF32-057-096,501,2.8613287433286185,minmaxnorm
109,Q0,ZF32-182-085,502,2.8586513985250352,minmaxnorm
109,Q0,ZF32-101-315,503,2.8568340030019503,minmaxnorm
109,Q0,ZF32-195-194,504,2.849248866231416,minmaxnorm
109,Q0,ZF32-083-176,505,2.8412327694999964,minmaxnorm
109,Q0,ZF310-605-875,506,2.839237836818145,minmaxnorm
109,Q0,ZF32-021-183,507,2.8361541539935833,minmaxnorm
109,Q0,ZF32-217-088,508,2.8313819786363883,minmaxnorm
109,Q0,ZF32-193-266,509,2.818520825318929,minmaxnorm
109,Q0,ZF32-149-198,510,2.8057032058053686,minmaxnorm
109,Q0,ZF32-263-032,511,2.8023770611703136,minmaxnorm
109,Q0,ZF32-071-125,512,2.7929456749661314,minmaxnorm
109,Q0,ZF32-197-107,513,2.7908326341474665,minmaxnorm
109,Q0,ZF32-271-039,514,2.7875049230006756,minmaxnorm
109,Q0,ZF32-057-094,515,2.7858337569192995,minmaxnorm
109,Q0,ZF32-029-394,516,2.7835645914783558,minmaxnorm
109,Q0,ZF32-029-053,517,2.7819353049420807,minmaxnorm
109,Q0,ZF32-206-103,518,2.7704605902879273,minmaxnorm
109,Q0,ZF310-581-594,519,2.7670739844847145,minmaxnorm
109,Q0,ZF32-052-096,520,2.7635079180901636,minmaxnorm
109,Q0,ZF32-150-007,521,2.763084487441761,minmaxnorm
109,Q0,ZF32-271-044,522,2.7581805235459838,minmaxnorm
109,Q0,ZF32-196-318,523,2.7476885953458328,minmaxnorm
109,Q0,ZF32-168-123,524,2.746981308743064,minmaxnorm
109,Q0,ZF32-037-315,525,2.745948649394626,minmaxnorm
109,Q0,ZF32-064-166,526,2.7397880723942016,minmaxnorm
109,Q0,ZF32-063-124,527,2.728335199015955,minmaxnorm
109,Q0,ZF32-219-011,528,2.726193012744725,minmaxnorm
109,Q0,ZF32-145-026,529,2.717324341168691,minmaxnorm
109,Q0,ZF32-219-247,530,2.7163975040983606,minmaxnorm
109,Q0,ZF32-157-113,531,2.7123031999246683,minmaxnorm
109,Q0,ZF32-247-314,532,2.706673809975284,minmaxnorm
109,Q0,ZF32-183-140,533,2.7042704491001968,minmaxnorm
109,Q0,ZF32-133-189,534,2.700602111340415,minmaxnorm
109,Q0,ZF32-101-061,535,2.694846861749409,minmaxnorm
109,Q0,ZF32-015-222,536,2.6837339760037597,minmaxnorm
109,Q0,ZF32-198-307,537,2.654100591807206,minmaxnorm
109,Q0,ZF32-244-164,538,2.6502082791825687,minmaxnorm
109,Q0,ZF32-100-301,539,2.649325615954767,minmaxnorm
109,Q0,SJMN91-06303079,540,2.6462877191623937,minmaxnorm
109,Q0,ZF32-002-092,541,2.643926890743754,minmaxnorm
109,Q0,ZF32-124-117,542,2.6435972829208088,minmaxnorm
109,Q0,ZF32-102-352,543,2.634572596183741,minmaxnorm
109,Q0,ZF32-102-234,544,2.6303927725440786,minmaxnorm
109,Q0,ZF32-077-070,545,2.612438465371519,minmaxnorm
109,Q0,ZF32-170-208,546,2.612065912803907,minmaxnorm
109,Q0,ZF32-037-221,547,2.5975184594650744,minmaxnorm
109,Q0,ZF32-200-215,548,2.5960205902019653,minmaxnorm
109,Q0,ZF32-001-409,549,2.5907023842985915,minmaxnorm
109,Q0,ZF310-748-835,550,2.5834929215004836,minmaxnorm
109,Q0,ZF32-266-072,551,2.581047258178788,minmaxnorm
109,Q0,ZF32-017-052,552,2.57747792150312,minmaxnorm
109,Q0,ZF32-084-142,553,2.5756386453141418,minmaxnorm
109,Q0,ZF32-093-132,554,2.5743868403765395,minmaxnorm
109,Q0,ZF32-248-247,555,2.5611116829340936,minmaxnorm
109,Q0,ZF32-111-076,556,2.551388061695749,minmaxnorm
109,Q0,ZF32-102-166,557,2.545585915276416,minmaxnorm
109,Q0,ZF32-077-021,558,2.5389897905244796,minmaxnorm
109,Q0,ZF32-123-023,559,2.536913344632567,minmaxnorm
109,Q0,ZF32-202-184,560,2.5341496575902496,minmaxnorm
109,Q0,ZF32-184-105,561,2.5317439868437774,minmaxnorm
109,Q0,ZF32-015-088,562,2.523186423820827,minmaxnorm
109,Q0,SJMN91-06033082,563,2.5208645416406394,minmaxnorm
109,Q0,ZF32-065-138,564,2.5191106430626466,minmaxnorm
109,Q0,ZF32-148-280,565,2.51586500187933,minmaxnorm
109,Q0,ZF32-199-198,566,2.510543099702252,minmaxnorm
109,Q0,ZF32-010-101,567,2.5041130585391596,minmaxnorm
109,Q0,ZF310-626-028,568,2.503812524258465,minmaxnorm
109,Q0,ZF32-244-342,569,2.499968468523998,minmaxnorm
109,Q0,SJMN91-06298101,570,2.497142966934018,minmaxnorm
109,Q0,ZF32-032-195,571,2.4872334402955456,minmaxnorm
109,Q0,ZF32-239-273,572,2.4838166183397608,minmaxnorm
109,Q0,ZF32-095-088,573,2.4824178989181456,minmaxnorm
109,Q0,ZF32-133-200,574,2.4816729247882057,minmaxnorm
109,Q0,SJMN91-06106068,575,2.4810482548857062,minmaxnorm
109,Q0,ZF32-086-291,576,2.478238999154297,minmaxnorm
109,Q0,ZF32-053-225,577,2.46526706755846,minmaxnorm
109,Q0,ZF32-159-397,578,2.455140165629324,minmaxnorm
109,Q0,ZF32-279-052,579,2.4531357179081965,minmaxnorm
109,Q0,ZF32-160-159,580,2.4528180032276867,minmaxnorm
109,Q0,ZF32-007-152,581,2.4480129284734593,minmaxnorm
109,Q0,ZF32-186-137,582,2.4438443571831305,minmaxnorm
109,Q0,ZF32-100-014,583,2.4410567296154344,minmaxnorm
109,Q0,ZF32-151-133,584,2.4339659468234753,minmaxnorm
109,Q0,ZF32-031-011,585,2.4338781077701297,minmaxnorm
109,Q0,ZF310-791-279,586,2.4333515039184515,minmaxnorm
109,Q0,ZF32-026-089,587,2.4315526319166008,minmaxnorm
109,Q0,ZF32-146-024,588,2.4286979142268352,minmaxnorm
109,Q0,ZF32-237-253,589,2.425562124234054,minmaxnorm
109,Q0,ZF32-220-269,590,2.425226981616174,minmaxnorm
109,Q0,ZF32-220-302,591,2.4223124120916526,minmaxnorm
109,Q0,ZF32-166-048,592,2.413187350617338,minmaxnorm
109,Q0,ZF32-160-009,593,2.3984212756446324,minmaxnorm
109,Q0,ZF32-116-101,594,2.395760217280035,minmaxnorm
109,Q0,ZF32-170-200,595,2.372593995311321,minmaxnorm
109,Q0,ZF32-279-071,596,2.3708011731789003,minmaxnorm
109,Q0,ZF32-217-244,597,2.3704890257783497,minmaxnorm
109,Q0,ZF32-158-187,598,2.369213211936523,minmaxnorm
109,Q0,ZF32-105-105,599,2.3668902211890774,minmaxnorm
109,Q0,ZF32-086-150,600,2.3660075582720252,minmaxnorm
109,Q0,ZF32-181-045,601,2.365757563891827,minmaxnorm
109,Q0,ZF32-182-088,602,2.3653110405700564,minmaxnorm
109,Q0,SJMN91-06276008,603,2.364340024921578,minmaxnorm
109,Q0,ZF32-156-307,604,2.358705466752868,minmaxnorm
109,Q0,ZF310-691-153,605,2.3499707519846944,minmaxnorm
109,Q0,ZF32-228-024,606,2.343344324473219,minmaxnorm
109,Q0,ZF32-017-249,607,2.339274164359393,minmaxnorm
109,Q0,ZF32-151-057,608,2.3382648776958797,minmaxnorm
109,Q0,SJMN91-06218036,609,2.335127915052913,minmaxnorm
109,Q0,ZF32-150-285,610,2.326015538331277,minmaxnorm
109,Q0,ZF32-076-160,611,2.3253290461554226,minmaxnorm
109,Q0,ZF32-098-111,612,2.3228509341863957,minmaxnorm
109,Q0,ZF32-100-222,613,2.3196891795016663,minmaxnorm
109,Q0,ZF32-100-380,614,2.318917752123983,minmaxnorm
109,Q0,ZF32-149-102,615,2.31664307378469,minmaxnorm
109,Q0,ZF32-141-146,616,2.3046820103056636,minmaxnorm
109,Q0,ZF32-034-187,617,2.2921365376111478,minmaxnorm
109,Q0,ZF32-125-202,618,2.283886943654158,minmaxnorm
109,Q0,ZF32-199-023,619,2.2733168122689964,minmaxnorm
109,Q0,AP900613-0273,620,2.271253190759069,minmaxnorm
109,Q0,ZF32-185-085,621,2.2689932081000395,minmaxnorm
109,Q0,ZF32-066-065,622,2.267498512302033,minmaxnorm
109,Q0,ZF32-207-019,623,2.2606741755138726,minmaxnorm
109,Q0,ZF32-035-080,624,2.255499695436592,minmaxnorm
109,Q0,ZF32-001-279,625,2.2513687909363536,minmaxnorm
109,Q0,ZF32-029-328,626,2.250463963883304,minmaxnorm
109,Q0,ZF32-049-132,627,2.2475950347643074,minmaxnorm
109,Q0,SJMN91-06171032,628,2.2474308249266652,minmaxnorm
109,Q0,ZF32-086-206,629,2.244128625537661,minmaxnorm
109,Q0,ZF32-246-142,630,2.2408163773101517,minmaxnorm
109,Q0,ZF32-241-319,631,2.230556200306643,minmaxnorm
109,Q0,ZF32-196-037,632,2.226528038650276,minmaxnorm
109,Q0,ZF32-198-300,633,2.2254066789396343,minmaxnorm
109,Q0,ZF32-205-187,634,2.2232279542677444,minmaxnorm
109,Q0,ZF32-183-180,635,2.2222209177145245,minmaxnorm
109,Q0,ZF32-130-297,636,2.2165896771566853,minmaxnorm
109,Q0,ZF32-218-027,637,2.2157785289503744,minmaxnorm
109,Q0,ZF32-029-130,638,2.214633863482422,minmaxnorm
109,Q0,ZF32-146-261,639,2.208652019974851,minmaxnorm
109,Q0,ZF32-102-100,640,2.2086357778407466,minmaxnorm
109,Q0,ZF32-202-146,641,2.20782281797623,minmaxnorm
109,Q0,ZF32-004-125,642,2.201243896535663,minmaxnorm
109,Q0,ZF32-107-185,643,2.1998401748702063,minmaxnorm
109,Q0,ZF32-014-042,644,2.1961260986555127,minmaxnorm
109,Q0,ZF32-234-188,645,2.1947950216670207,minmaxnorm
109,Q0,ZF32-101-031,646,2.188727867207768,minmaxnorm
109,Q0,ZF32-003-077,647,2.185725500216393,minmaxnorm
109,Q0,ZF32-193-260,648,2.185112830916879,minmaxnorm
109,Q0,ZF310-576-070,649,2.178534554741486,minmaxnorm
109,Q0,ZF32-144-085,650,2.17815270749883,minmaxnorm
109,Q0,ZF32-158-181,651,2.1704252405725506,minmaxnorm
109,Q0,ZF32-010-120,652,2.1679444549613454,minmaxnorm
109,Q0,ZF32-016-331,653,2.1674405254357394,minmaxnorm
109,Q0,ZF32-102-346,654,2.1670074831116373,minmaxnorm
109,Q0,ZF32-239-101,655,2.1652007856705078,minmaxnorm
109,Q0,ZF32-259-034,656,2.163576494254036,minmaxnorm
109,Q0,SJMN91-06213169,657,2.162902500864551,minmaxnorm
109,Q0,ZF32-057-246,658,2.1572071485469877,minmaxnorm
109,Q0,ZF32-201-252,659,2.1566333262869724,minmaxnorm
109,Q0,ZF32-049-214,660,2.1564776064205655,minmaxnorm
109,Q0,SJMN91-06258107,661,2.154733826392971,minmaxnorm
109,Q0,ZF32-109-168,662,2.1537074913494476,minmaxnorm
109,Q0,ZF32-036-170,663,2.152147556555064,minmaxnorm
109,Q0,ZF32-039-316,664,2.1469000491937327,minmaxnorm
109,Q0,ZF32-018-180,665,2.142994975939398,minmaxnorm
109,Q0,ZF32-104-102,666,2.1354716418514763,minmaxnorm
109,Q0,SJMN91-06121033,667,2.1342355749032764,minmaxnorm
109,Q0,ZF310-636-224,668,2.133905457939917,minmaxnorm
109,Q0,ZF32-025-091,669,2.1238027393358467,minmaxnorm
109,Q0,ZF310-596-031,670,2.12070912578827,minmaxnorm
109,Q0,ZF32-135-153,671,2.1206925082554315,minmaxnorm
109,Q0,ZF310-632-721,672,2.0767383151993712,minmaxnorm
109,Q0,ZF32-159-208,673,2.0753351391003236,minmaxnorm
109,Q0,ZF32-122-008,674,2.07358958387746,minmaxnorm
109,Q0,ZF32-009-061,675,2.0732745297419366,minmaxnorm
109,Q0,ZF32-266-055,676,2.064063541802518,minmaxnorm
109,Q0,AP900108-0209,677,2.052841617515297,minmaxnorm
109,Q0,SJMN91-06180145,678,2.0454295831425697,minmaxnorm
109,Q0,ZF32-026-085,679,2.0429353366457534,minmaxnorm
109,Q0,ZF32-262-022,680,2.032218660606315,minmaxnorm
109,Q0,ZF32-279-051,681,2.0320200554492187,minmaxnorm
109,Q0,ZF32-130-193,682,2.031526700803959,minmaxnorm
109,Q0,ZF32-234-070,683,2.031326515336106,minmaxnorm
109,Q0,ZF32-098-099,684,2.029174213559895,minmaxnorm
109,Q0,ZF32-207-022,685,2.0288744172334576,minmaxnorm
109,Q0,ZF32-009-054,686,2.0216228985293,minmaxnorm
109,Q0,ZF32-265-009,687,2.0210723904260934,minmaxnorm
109,Q0,ZF32-221-272,688,2.017121741632519,minmaxnorm
109,Q0,ZF32-273-131,689,2.016859055943545,minmaxnorm
109,Q0,ZF32-004-203,690,2.014692058992569,minmaxnorm
109,Q0,ZF32-186-069,691,2.0126939999615554,minmaxnorm
109,Q0,ZF32-037-319,692,2.003819091768104,minmaxnorm
109,Q0,ZF32-193-025,693,2.0034558878170583,minmaxnorm
109,Q0,ZF32-015-242,694,2.0011886589651953,minmaxnorm
109,Q0,ZF32-237-205,695,1.9994729642363707,minmaxnorm
109,Q0,ZF32-203-011,696,1.9986581010708724,minmaxnorm
109,Q0,ZF32-184-008,697,1.9965501277449482,minmaxnorm
109,Q0,ZF32-082-081,698,1.990807414684527,minmaxnorm
109,Q0,ZF32-009-158,699,1.9895478928063075,minmaxnorm
109,Q0,ZF32-181-260,700,1.9783696850399473,minmaxnorm
109,Q0,ZF32-149-239,701,1.9760734215279667,minmaxnorm
109,Q0,ZF32-183-198,702,1.974112364316155,minmaxnorm
109,Q0,ZF32-217-222,703,1.9671292574816104,minmaxnorm
109,Q0,ZF32-028-069,704,1.9663156311737655,minmaxnorm
109,Q0,ZF32-283-034,705,1.9661908880365413,minmaxnorm
109,Q0,ZF310-691-971,706,1.9658711819300811,minmaxnorm
109,Q0,ZF32-034-167,707,1.9652452811555712,minmaxnorm
109,Q0,SJMN91-06095007,708,1.962884589794544,minmaxnorm
109,Q0,ZF310-671-437,709,1.9622547750374535,minmaxnorm
109,Q0,ZF32-108-305,710,1.9607111489260025,minmaxnorm
109,Q0,ZF32-063-370,711,1.959475341870613,minmaxnorm
109,Q0,ZF32-015-149,712,1.95010232563605,minmaxnorm
109,Q0,ZF32-086-091,713,1.9479725967618564,minmaxnorm
109,Q0,ZF32-186-023,714,1.94777592650223,minmaxnorm
109,Q0,ZF32-145-187,715,1.943804764122035,minmaxnorm
109,Q0,ZF32-016-316,716,1.9410593186845317,minmaxnorm
109,Q0,ZF32-217-114,717,1.9406999807437582,minmaxnorm
109,Q0,ZF32-113-197,718,1.9376299530436145,minmaxnorm
109,Q0,ZF32-087-103,719,1.9352449671684138,minmaxnorm
109,Q0,ZF32-183-176,720,1.9319639851826795,minmaxnorm
109,Q0,ZF32-145-078,721,1.9303089756923382,minmaxnorm
109,Q0,ZF32-268-007,722,1.9286787487359773,minmaxnorm
109,Q0,ZF32-225-120,723,1.925010169919183,minmaxnorm
109,Q0,ZF32-150-304,724,1.9234315115956544,minmaxnorm
109,Q0,ZF32-130-391,725,1.9221150160235843,minmaxnorm
109,Q0,ZF32-136-140,726,1.916040327826498,minmaxnorm
109,Q0,ZF310-645-660,727,1.915569742386824,minmaxnorm
109,Q0,ZF32-099-118,728,1.9127071326801701,minmaxnorm
109,Q0,ZF32-016-321,729,1.9082169884598816,minmaxnorm
109,Q0,ZF310-675-117,730,1.9027569612674775,minmaxnorm
109,Q0,ZF32-206-217,731,1.9020454121489454,minmaxnorm
109,Q0,ZF32-040-320,732,1.8992001528434357,minmaxnorm
109,Q0,ZF32-061-226,733,1.894040140111734,minmaxnorm
109,Q0,ZF32-008-224,734,1.8925043048934276,minmaxnorm
109,Q0,ZF32-283-100,735,1.8886809313581148,minmaxnorm
109,Q0,ZF310-675-597,736,1.886186596869245,minmaxnorm
109,Q0,SJMN91-06107166,737,1.8770503328345567,minmaxnorm
109,Q0,ZF32-012-024,738,1.8769968990267896,minmaxnorm
109,Q0,ZF32-159-362,739,1.8769141505851579,minmaxnorm
109,Q0,ZF32-272-062,740,1.869848423197048,minmaxnorm
109,Q0,ZF32-052-287,741,1.8690642220538893,minmaxnorm
109,Q0,ZF32-002-168,742,1.865765493034737,minmaxnorm
109,Q0,ZF32-064-396,743,1.856850821656314,minmaxnorm
109,Q0,ZF32-150-128,744,1.8554423319740145,minmaxnorm
109,Q0,ZF32-238-285,745,1.8549594173111432,minmaxnorm
109,Q0,ZF32-160-316,746,1.8462314136827507,minmaxnorm
109,Q0,ZF32-133-142,747,1.8433749912678388,minmaxnorm
109,Q0,ZF32-208-117,748,1.8418424787002747,minmaxnorm
109,Q0,ZF32-149-164,749,1.8361690620425453,minmaxnorm
109,Q0,ZF310-638-840,750,1.8358638996906467,minmaxnorm
109,Q0,SJMN91-06287096,751,1.8278210460000919,minmaxnorm
109,Q0,ZF32-013-135,752,1.8272224049379433,minmaxnorm
109,Q0,ZF32-083-044,753,1.8233440280796327,minmaxnorm
109,Q0,ZF32-032-074,754,1.8233111738772876,minmaxnorm
109,Q0,ZF32-042-073,755,1.818948387682281,minmaxnorm
109,Q0,ZF32-050-135,756,1.8178014524156343,minmaxnorm
109,Q0,ZF32-099-014,757,1.8164479083293936,minmaxnorm
109,Q0,ZF32-036-154,758,1.8060114292259364,minmaxnorm
109,Q0,ZF32-215-169,759,1.802747169659885,minmaxnorm
109,Q0,ZF32-006-062,760,1.7957167904884281,minmaxnorm
109,Q0,ZF32-029-131,761,1.794978819932008,minmaxnorm
109,Q0,ZF32-097-192,762,1.793268345603928,minmaxnorm
109,Q0,ZF32-197-283,763,1.7919150359232345,minmaxnorm
109,Q0,ZF32-115-045,764,1.7878437605343933,minmaxnorm
109,Q0,ZF32-215-002,765,1.7871878598607718,minmaxnorm
109,Q0,ZF32-016-080,766,1.7834928807837185,minmaxnorm
109,Q0,SJMN91-06067088,767,1.7824461819686772,minmaxnorm
109,Q0,ZF32-064-054,768,1.771875113599116,minmaxnorm
109,Q0,ZF32-086-073,769,1.768381544849585,minmaxnorm
109,Q0,AP900215-0253,770,1.768075223999053,minmaxnorm
109,Q0,ZF32-145-170,771,1.7661979535778671,minmaxnorm
109,Q0,ZF32-046-121,772,1.7654935076584888,minmaxnorm
109,Q0,ZF32-100-016,773,1.7646135258948705,minmaxnorm
109,Q0,ZF32-130-321,774,1.7642589409891862,minmaxnorm
109,Q0,ZF32-069-016,775,1.7611510898839202,minmaxnorm
109,Q0,ZF32-125-196,776,1.7592743890285876,minmaxnorm
109,Q0,ZF32-079-114,777,1.7585621961371227,minmaxnorm
109,Q0,ZF32-064-066,778,1.7543268961730998,minmaxnorm
109,Q0,ZF32-182-098,779,1.75151090279858,minmaxnorm
109,Q0,SJMN91-06293146,780,1.7462262233012174,minmaxnorm
109,Q0,ZF32-130-379,781,1.7423701765345516,minmaxnorm
109,Q0,ZF32-128-303,782,1.7419625577454465,minmaxnorm
109,Q0,ZF32-272-032,783,1.7418174826151165,minmaxnorm
109,Q0,ZF32-088-129,784,1.7409035357036835,minmaxnorm
109,Q0,ZF32-198-367,785,1.7343586376788074,minmaxnorm
109,Q0,ZF32-031-315,786,1.7303189917434545,minmaxnorm
109,Q0,ZF32-076-195,787,1.730295724405301,minmaxnorm
109,Q0,SJMN91-06185112,788,1.7226208412498212,minmaxnorm
109,Q0,ZF32-239-109,789,1.721597171965755,minmaxnorm
109,Q0,ZF32-076-144,790,1.7208012287426921,minmaxnorm
109,Q0,ZF310-672-383,791,1.7186814738565421,minmaxnorm
109,Q0,ZF32-102-355,792,1.7182506746419857,minmaxnorm
109,Q0,ZF32-151-201,793,1.7174901735008552,minmaxnorm
109,Q0,ZF32-270-115,794,1.717003398039888,minmaxnorm
109,Q0,ZF32-271-035,795,1.7161127096314417,minmaxnorm
109,Q0,ZF32-234-019,796,1.7112320507871372,minmaxnorm
109,Q0,ZF32-160-218,797,1.7085578817500915,minmaxnorm
109,Q0,ZF32-006-174,798,1.70082250535909,minmaxnorm
109,Q0,ZF32-192-037,799,1.695576681772458,minmaxnorm
109,Q0,ZF32-183-153,800,1.688851067731369,minmaxnorm
109,Q0,ZF32-064-035,801,1.687100515728067,minmaxnorm
109,Q0,ZF32-076-346,802,1.6724057510003867,minmaxnorm
109,Q0,ZF32-277-063,803,1.6705279340914692,minmaxnorm
109,Q0,ZF32-160-304,804,1.6677624724453168,minmaxnorm
109,Q0,ZF32-078-272,805,1.6647460583130347,minmaxnorm
109,Q0,ZF32-183-333,806,1.664130676380452,minmaxnorm
109,Q0,SJMN91-06155018,807,1.6617584185871246,minmaxnorm
109,Q0,ZF32-032-218,808,1.6607400827238579,minmaxnorm
109,Q0,ZF32-151-147,809,1.6604703886257395,minmaxnorm
109,Q0,ZF32-021-100,810,1.6602018162238148,minmaxnorm
109,Q0,ZF32-222-084,811,1.6592979189814712,minmaxnorm
109,Q0,ZF32-021-180,812,1.6554195392421314,minmaxnorm
109,Q0,ZF32-146-258,813,1.6530592385938134,minmaxnorm
109,Q0,ZF310-625-230,814,1.6451382206055705,minmaxnorm
109,Q0,SJMN91-06171007,815,1.6439162288731581,minmaxnorm
109,Q0,ZF32-262-106,816,1.642690585196871,minmaxnorm
109,Q0,ZF32-282-108,817,1.6352135308198084,minmaxnorm
109,Q0,ZF32-112-166,818,1.631923875968859,minmaxnorm
109,Q0,ZF32-003-369,819,1.6284188729692775,minmaxnorm
109,Q0,ZF32-239-023,820,1.6274630574488107,minmaxnorm
109,Q0,ZF32-237-110,821,1.6253015689392234,minmaxnorm
109,Q0,ZF32-181-048,822,1.6133563004856368,minmaxnorm
109,Q0,ZF32-011-145,823,1.6126177558557298,minmaxnorm
109,Q0,ZF32-169-007,824,1.6112058858673994,minmaxnorm
109,Q0,ZF32-193-263,825,1.6080763385512518,minmaxnorm
109,Q0,ZF32-120-219,826,1.608009323604777,minmaxnorm
109,Q0,ZF32-122-325,827,1.6059239585299918,minmaxnorm
109,Q0,ZF32-194-314,828,1.6039669317549468,minmaxnorm
109,Q0,ZF32-283-098,829,1.6023314725247486,minmaxnorm
109,Q0,ZF32-229-025,830,1.6016233154318977,minmaxnorm
109,Q0,ZF32-092-017,831,1.592140871772391,minmaxnorm
109,Q0,ZF310-633-640,832,1.5898412947812863,minmaxnorm
109,Q0,ZF32-084-195,833,1.5877309136080933,minmaxnorm
109,Q0,SJMN91-06287015,834,1.5871652483127476,minmaxnorm
109,Q0,ZF32-248-199,835,1.5649453614002122,minmaxnorm
109,Q0,ZF32-225-187,836,1.5606862831520163,minmaxnorm
109,Q0,ZF32-327-835,837,1.5599704876299492,minmaxnorm
109,Q0,SJMN91-06106016,838,1.5595686582584918,minmaxnorm
109,Q0,ZF32-273-143,839,1.5585074126887652,minmaxnorm
109,Q0,ZF32-247-104,840,1.5578278758233517,minmaxnorm
109,Q0,ZF32-183-204,841,1.5575674792929641,minmaxnorm
109,Q0,ZF32-159-106,842,1.5572983688061972,minmaxnorm
109,Q0,ZF32-134-100,843,1.5531969047122063,minmaxnorm
109,Q0,ZF32-201-063,844,1.5519196254167142,minmaxnorm
109,Q0,ZF32-002-068,845,1.5454394074451878,minmaxnorm
109,Q0,ZF32-141-157,846,1.5446961858136272,minmaxnorm
109,Q0,ZF32-275-011,847,1.539538965722311,minmaxnorm
109,Q0,ZF32-084-074,848,1.5366851352254336,minmaxnorm
109,Q0,SJMN91-06122099,849,1.5314122766394107,minmaxnorm
109,Q0,ZF32-210-208,850,1.5296008505201373,minmaxnorm
109,Q0,ZF32-327-834,851,1.5295836823796403,minmaxnorm
109,Q0,ZF32-010-099,852,1.5273990764454928,minmaxnorm
109,Q0,ZF32-105-216,853,1.5223816649568664,minmaxnorm
109,Q0,SJMN91-06150072,854,1.518533235137426,minmaxnorm
109,Q0,ZF32-011-114,855,1.5096290445970395,minmaxnorm
109,Q0,ZF32-198-061,856,1.5011162907011855,minmaxnorm
109,Q0,ZF32-183-057,857,1.499758827756563,minmaxnorm
109,Q0,SJMN91-06039014,858,1.496519682956964,minmaxnorm
109,Q0,ZF32-158-176,859,1.4904767735289846,minmaxnorm
109,Q0,ZF310-632-178,860,1.4898998135262782,minmaxnorm
109,Q0,SJMN91-06209029,861,1.4875879470917521,minmaxnorm
109,Q0,ZF32-010-375,862,1.4818656175341318,minmaxnorm
109,Q0,ZF32-198-376,863,1.4750232179941976,minmaxnorm
109,Q0,ZF32-181-265,864,1.4747691780065282,minmaxnorm
109,Q0,ZF32-003-083,865,1.4730445449917513,minmaxnorm
109,Q0,ZF32-107-101,866,1.470432322897894,minmaxnorm
109,Q0,ZF32-159-217,867,1.4640313993613943,minmaxnorm
109,Q0,ZF32-062-214,868,1.4626392897432834,minmaxnorm
109,Q0,ZF32-030-371,869,1.4618241685292392,minmaxnorm
109,Q0,ZF32-170-274,870,1.4615793036299325,minmaxnorm
109,Q0,ZF32-011-219,871,1.4559969388254845,minmaxnorm
109,Q0,ZF32-040-097,872,1.4553884997112612,minmaxnorm
109,Q0,ZF32-105-117,873,1.4505936084781044,minmaxnorm
109,Q0,ZF32-217-001,874,1.449401122854295,minmaxnorm
109,Q0,ZF32-040-087,875,1.4402837528891042,minmaxnorm
109,Q0,ZF32-164-164,876,1.4389560457452832,minmaxnorm
109,Q0,ZF32-127-093,877,1.4354990795355411,minmaxnorm
109,Q0,ZF32-221-184,878,1.4321594439131793,minmaxnorm
109,Q0,ZF32-269-096,879,1.4305390646022944,minmaxnorm
109,Q0,ZF32-234-113,880,1.4302305853166983,minmaxnorm
109,Q0,ZF32-159-350,881,1.4297893764132081,minmaxnorm
109,Q0,ZF32-271-021,882,1.4285648863304552,minmaxnorm
109,Q0,ZF32-060-124,883,1.4253419583168094,minmaxnorm
109,Q0,ZF32-051-095,884,1.4227340323918445,minmaxnorm
109,Q0,ZF32-134-171,885,1.4221129619559132,minmaxnorm
109,Q0,ZF32-003-280,886,1.4195882724251427,minmaxnorm
109,Q0,ZF32-136-051,887,1.416330966038879,minmaxnorm
109,Q0,ZF32-032-227,888,1.4150648059835336,minmaxnorm
109,Q0,ZF32-037-050,889,1.4149662725936245,minmaxnorm
109,Q0,ZF32-169-053,890,1.4143351149857863,minmaxnorm
109,Q0,ZF32-151-115,891,1.4129228837030314,minmaxnorm
109,Q0,ZF32-160-311,892,1.411979952417068,minmaxnorm
109,Q0,ZF32-241-326,893,1.4072150605226659,minmaxnorm
109,Q0,ZF32-169-234,894,1.4069863823652593,minmaxnorm
109,Q0,ZF32-279-067,895,1.4052641622509814,minmaxnorm
109,Q0,ZF32-198-365,896,1.4033084612007563,minmaxnorm
109,Q0,ZF32-278-085,897,1.3988261231906458,minmaxnorm
109,Q0,ZF32-086-279,898,1.3985717939838782,minmaxnorm
109,Q0,ZF32-104-233,899,1.3972435399885352,minmaxnorm
109,Q0,ZF32-063-197,900,1.3968255995055685,minmaxnorm
109,Q0,ZF32-102-041,901,1.3916446273683942,minmaxnorm
109,Q0,ZF32-102-156,902,1.3916446273683942,minmaxnorm
109,Q0,ZF32-259-021,903,1.39032450165953,minmaxnorm
109,Q0,ZF32-185-081,904,1.3887112185898742,minmaxnorm
109,Q0,ZF32-158-157,905,1.3879378869295842,minmaxnorm
109,Q0,SJMN91-06093042,906,1.3863647613344363,minmaxnorm
109,Q0,ZF310-799-123,907,1.386153157943002,minmaxnorm
109,Q0,ZF32-134-142,908,1.383304141754443,minmaxnorm
109,Q0,ZF32-203-323,909,1.3774655622486416,minmaxnorm
109,Q0,ZF32-121-074,910,1.3762744668568956,minmaxnorm
109,Q0,ZF32-098-119,911,1.3762490506316716,minmaxnorm
109,Q0,ZF32-063-258,912,1.3762081787763578,minmaxnorm
109,Q0,ZF32-128-166,913,1.373622232195437,minmaxnorm
109,Q0,ZF32-101-347,914,1.3709938636235879,minmaxnorm
109,Q0,ZF32-032-290,915,1.3670498204660508,minmaxnorm
109,Q0,ZF32-140-035,916,1.3669902908259683,minmaxnorm
109,Q0,ZF32-158-237,917,1.3648716803966907,minmaxnorm
109,Q0,ZF32-154-180,918,1.364775284871587,minmaxnorm
109,Q0,ZF32-110-238,919,1.3616008646252327,minmaxnorm
109,Q0,ZF32-327-829,920,1.3600578659996663,minmaxnorm
109,Q0,ZF32-112-162,921,1.3580679368320374,minmaxnorm
109,Q0,ZF32-182-214,922,1.3569199220541586,minmaxnorm
109,Q0,ZF32-082-040,923,1.3542501936853917,minmaxnorm
109,Q0,ZF32-192-032,924,1.35321695086121,minmaxnorm
109,Q0,ZF32-133-313,925,1.3506106544249008,minmaxnorm
109,Q0,ZF32-204-197,926,1.3483942697327396,minmaxnorm
109,Q0,ZF32-235-009,927,1.3476390751916225,minmaxnorm
109,Q0,ZF32-146-097,928,1.3444810684502984,minmaxnorm
109,Q0,ZF32-050-129,929,1.3442621582422043,minmaxnorm
109,Q0,ZF32-021-200,930,1.3422909447737508,minmaxnorm
109,Q0,ZF32-219-255,931,1.3410254115926086,minmaxnorm
109,Q0,ZF32-201-079,932,1.3405835263933092,minmaxnorm
109,Q0,ZF32-061-047,933,1.3403330506613476,minmaxnorm
109,Q0,SJMN91-06205022,934,1.3339473303890133,minmaxnorm
109,Q0,AP900228-0286,935,1.3333296945978779,minmaxnorm
109,Q0,ZF32-011-052,936,1.3332126212138171,minmaxnorm
109,Q0,ZF32-215-033,937,1.3329695695247976,minmaxnorm
109,Q0,ZF32-106-247,938,1.331889163072742,minmaxnorm
109,Q0,ZF32-219-038,939,1.3302923862891303,minmaxnorm
109,Q0,AP900904-0227,940,1.329271077570482,minmaxnorm
109,Q0,ZF32-283-078,941,1.3286975795617302,minmaxnorm
109,Q0,ZF32-037-201,942,1.3198033631293824,minmaxnorm
109,Q0,ZF32-028-155,943,1.3135043659010635,minmaxnorm
109,Q0,ZF32-206-034,944,1.3070312278435177,minmaxnorm
109,Q0,ZF32-241-222,945,1.3047643660060741,minmaxnorm
109,Q0,ZF32-183-200,946,1.3046882666040593,minmaxnorm
109,Q0,ZF310-619-601,947,1.3031313226633168,minmaxnorm
109,Q0,ZF32-133-094,948,1.3028682825091455,minmaxnorm
109,Q0,ZF32-130-028,949,1.3026164752701348,minmaxnorm
109,Q0,ZF32-328-556,950,1.296507227790581,minmaxnorm
109,Q0,ZF32-008-045,951,1.2951604721096242,minmaxnorm
109,Q0,ZF32-128-236,952,1.2911862142567465,minmaxnorm
109,Q0,ZF32-127-101,953,1.2885691180791683,minmaxnorm
109,Q0,ZF32-156-054,954,1.2880333165433258,minmaxnorm
109,Q0,ZF32-184-192,955,1.2858784996540162,minmaxnorm
109,Q0,ZF32-128-100,956,1.2787817836425766,minmaxnorm
109,Q0,ZF32-159-212,957,1.2784729822624912,minmaxnorm
109,Q0,ZF310-765-022,958,1.2731442463434166,minmaxnorm
109,Q0,ZF32-002-355,959,1.2687416781378529,minmaxnorm
109,Q0,ZF32-102-236,960,1.2677638265787248,minmaxnorm
109,Q0,ZF32-257-081,961,1.2670364200643958,minmaxnorm
109,Q0,ZF32-159-394,962,1.264433494973167,minmaxnorm
109,Q0,ZF32-087-163,963,1.2626953830832137,minmaxnorm
109,Q0,SJMN91-06299251,964,1.2623039474094082,minmaxnorm
109,Q0,ZF32-244-202,965,1.259991653918025,minmaxnorm
109,Q0,ZF32-115-052,966,1.2590905189235502,minmaxnorm
109,Q0,ZF32-264-013,967,1.2557311921989134,minmaxnorm
109,Q0,ZF32-153-127,968,1.254535994376862,minmaxnorm
109,Q0,ZF32-040-299,969,1.2530700105104642,minmaxnorm
109,Q0,ZF32-004-071,970,1.2523490478142731,minmaxnorm
109,Q0,ZF32-049-022,971,1.2515200311866677,minmaxnorm
109,Q0,ZF32-237-303,972,1.2498799763027044,minmaxnorm
109,Q0,SJMN91-06002039,973,1.2483221757791438,minmaxnorm
109,Q0,ZF32-205-277,974,1.2468126357061962,minmaxnorm
109,Q0,ZF32-327-828,975,1.2397371597452198,minmaxnorm
109,Q0,SJMN91-06285034,976,1.2365485444883777,minmaxnorm
109,Q0,ZF32-327-833,977,1.2362547983670185,minmaxnorm
109,Q0,ZF32-001-125,978,1.226751798296183,minmaxnorm
109,Q0,ZF32-057-161,979,1.2260089869392947,minmaxnorm
109,Q0,ZF32-030-383,980,1.2248423511449642,minmaxnorm
109,Q0,ZF32-274-153,981,1.2214365081896905,minmaxnorm
109,Q0,ZF32-026-301,982,1.2025313203087395,minmaxnorm
109,Q0,ZF32-011-020,983,1.2023051487840024,minmaxnorm
109,Q0,ZF310-632-737,984,1.2002987460056604,minmaxnorm
109,Q0,ZF32-051-267,985,1.1999927994514608,minmaxnorm
109,Q0,ZF32-059-008,986,1.1985883071020216,minmaxnorm
109,Q0,ZF32-267-174,987,1.1952047374352182,minmaxnorm
109,Q0,ZF32-025-082,988,1.195079848803985,minmaxnorm
109,Q0,ZF32-262-109,989,1.1947359751452618,minmaxnorm
109,Q0,ZF32-036-233,990,1.1940858468899336,minmaxnorm
109,Q0,ZF32-160-196,991,1.1910225283180704,minmaxnorm
109,Q0,ZF32-036-159,992,1.1907680605549273,minmaxnorm
109,Q0,ZF32-183-026,993,1.1906046651379805,minmaxnorm
109,Q0,ZF32-136-398,994,1.1881212774199625,minmaxnorm
109,Q0,ZF32-128-077,995,1.187383123143391,minmaxnorm
109,Q0,ZF32-122-099,996,1.1843725051706189,minmaxnorm
109,Q0,ZF32-084-207,997,1.18397286803817,minmaxnorm
109,Q0,ZF32-227-157,998,1.183913839841598,minmaxnorm
109,Q0,ZF32-046-191,999,1.1825683364817827,minmaxnorm
109,Q0,ZF32-118-131,1000,1.18169240958799,minmaxnorm
113,Q0,ZF32-193-287,1,13.70697681359122,minmaxnorm
113,Q0,ZF32-013-217,2,12.35301533721126,minmaxnorm
113,Q0,ZF32-014-004,3,12.35069262905837,minmaxnorm
113,Q0,AP900221-0266,4,11.379113527053866,minmaxnorm
113,Q0,ZF32-037-041,5,10.43893017199826,minmaxnorm
113,Q0,ZF310-654-984,6,10.335535534040487,minmaxnorm
113,Q0,ZF32-129-008,7,10.3052287308941,minmaxnorm
113,Q0,AP900222-0213,8,10.131360635369944,minmaxnorm
113,Q0,ZF32-268-080,9,10.08371967875798,minmaxnorm
113,Q0,ZF32-238-284,10,10.080608010329074,minmaxnorm
113,Q0,ZF32-147-232,11,9.708785833844622,minmaxnorm
113,Q0,ZF32-053-064,12,9.519039164259977,minmaxnorm
113,Q0,ZF32-225-191,13,9.227949245640543,minmaxnorm
113,Q0,AP900524-0227,14,9.062504975785693,minmaxnorm
113,Q0,ZF32-062-036,15,8.871553145089731,minmaxnorm
113,Q0,ZF32-205-135,16,8.85259685285187,minmaxnorm
113,Q0,ZF32-013-223,17,8.827351864505939,minmaxnorm
113,Q0,ZF32-059-058,18,8.609729625819803,minmaxnorm
113,Q0,ZF32-148-186,19,8.383328996473194,minmaxnorm
113,Q0,ZF32-193-290,20,8.34613951919405,minmaxnorm
113,Q0,AP901130-0179,21,8.335039969082592,minmaxnorm
113,Q0,AP900904-0208,22,8.084663379525244,minmaxnorm
113,Q0,AP901103-0064,23,8.058231643974466,minmaxnorm
113,Q0,ZF32-085-120,24,8.054542841400089,minmaxnorm
113,Q0,AP900830-0183,25,8.052393498849247,minmaxnorm
113,Q0,ZF310-631-381,26,8.03755020778511,minmaxnorm
113,Q0,AP900314-0095,27,8.02190525999567,minmaxnorm
113,Q0,ZF32-221-234,28,7.642786258973947,minmaxnorm
113,Q0,ZF32-111-188,29,7.634630194132042,minmaxnorm
113,Q0,ZF32-223-052,30,7.401267334724586,minmaxnorm
113,Q0,ZF32-128-189,31,7.389918140669072,minmaxnorm
113,Q0,ZF32-053-042,32,7.347100112584398,minmaxnorm
113,Q0,ZF32-064-074,33,7.287272662325298,minmaxnorm
113,Q0,ZF32-026-229,34,7.27184660150377,minmaxnorm
113,Q0,AP900818-0030,35,7.267889283983827,minmaxnorm
113,Q0,ZF32-128-460,36,7.265712765901813,minmaxnorm
113,Q0,ZF32-166-092,37,7.168289529000577,minmaxnorm
113,Q0,ZF32-208-186,38,7.155041815599114,minmaxnorm
113,Q0,ZF32-237-356,39,7.14900675767969,minmaxnorm
113,Q0,SJMN91-06149020,40,7.094573370872357,minmaxnorm
113,Q0,AP900313-0139,41,6.990099515507866,minmaxnorm
113,Q0,ZF32-086-159,42,6.98326934061794,minmaxnorm
113,Q0,AP900407-0078,43,6.928021677480847,minmaxnorm
113,Q0,AP900605-0148,44,6.9051830466388315,minmaxnorm
113,Q0,ZF32-065-104,45,6.864175373805067,minmaxnorm
113,Q0,ZF32-029-128,46,6.856870528746723,minmaxnorm
113,Q0,ZF32-186-084,47,6.854259459286555,minmaxnorm
113,Q0,AP900626-0252,48,6.809263340866154,minmaxnorm
113,Q0,SJMN91-06046026,49,6.792571901654044,minmaxnorm
113,Q0,ZF32-013-212,50,6.754927791313998,minmaxnorm
113,Q0,ZF32-041-045,51,6.722508688823773,minmaxnorm
113,Q0,ZF32-198-416,52,6.6925392643233845,minmaxnorm
113,Q0,AP901105-0239,53,6.674040592753728,minmaxnorm
113,Q0,ZF32-241-236,54,6.672881710003705,minmaxnorm
113,Q0,ZF32-217-283,55,6.617644031896431,minmaxnorm
113,Q0,ZF32-056-015,56,6.611621189339254,minmaxnorm
113,Q0,ZF32-227-094,57,6.596386237106955,minmaxnorm
113,Q0,ZF32-058-174,58,6.590679972572376,minmaxnorm
113,Q0,AP900314-0130,59,6.551193799715821,minmaxnorm
113,Q0,SJMN91-06036176,60,6.53240064272063,minmaxnorm
113,Q0,ZF32-120-161,61,6.493651049295107,minmaxnorm
113,Q0,ZF32-245-206,62,6.474144549802785,minmaxnorm
113,Q0,ZF32-181-214,63,6.468947496494548,minmaxnorm
113,Q0,ZF32-035-012,64,6.464899180429899,minmaxnorm
113,Q0,ZF32-121-141,65,6.443268912455643,minmaxnorm
113,Q0,AP900209-0241,66,6.4206461745635455,minmaxnorm
113,Q0,ZF32-147-062,67,6.41462790350903,minmaxnorm
113,Q0,AP901206-0098,68,6.403102373687483,minmaxnorm
113,Q0,AP900101-0011,69,6.379450494058828,minmaxnorm
113,Q0,SJMN91-06156125,70,6.356989171789243,minmaxnorm
113,Q0,ZF32-067-076,71,6.343801590812978,minmaxnorm
113,Q0,ZF32-111-207,72,6.310488767219049,minmaxnorm
113,Q0,ZF32-193-288,73,6.291813405534237,minmaxnorm
113,Q0,ZF32-132-176,74,6.226229107404597,minmaxnorm
113,Q0,ZF32-227-314,75,6.181061559335187,minmaxnorm
113,Q0,ZF32-028-065,76,6.12988149801373,minmaxnorm
113,Q0,AP900620-0234,77,6.123041289092787,minmaxnorm
113,Q0,ZF32-106-159,78,6.120684757910478,minmaxnorm
113,Q0,ZF32-082-002,79,6.017191550984045,minmaxnorm
113,Q0,ZF32-199-050,80,5.9880276852376895,minmaxnorm
113,Q0,ZF32-185-185,81,5.966308133937152,minmaxnorm
113,Q0,SJMN91-06025038,82,5.947079671943939,minmaxnorm
113,Q0,SJMN91-06267060,83,5.9275155230505225,minmaxnorm
113,Q0,ZF32-199-002,84,5.883729475927517,minmaxnorm
113,Q0,ZF32-009-158,85,5.839153211555472,minmaxnorm
113,Q0,AP900426-0170,86,5.829284620326815,minmaxnorm
113,Q0,AP900401-0079,87,5.817774997108,minmaxnorm
113,Q0,ZF32-051-043,88,5.810320232360194,minmaxnorm
113,Q0,ZF32-208-182,89,5.7618895507531995,minmaxnorm
113,Q0,PT3-05155490,90,5.72670999187571,minmaxnorm
113,Q0,AP900403-0095,91,5.712513189668192,minmaxnorm
113,Q0,ZF32-229-143,92,5.696927173243945,minmaxnorm
113,Q0,AP900925-0236,93,5.610071221711979,minmaxnorm
113,Q0,ZF32-100-130,94,5.5780414013500135,minmaxnorm
113,Q0,ZF32-245-205,95,5.508731423582187,minmaxnorm
113,Q0,ZF32-060-087,96,5.491957592879608,minmaxnorm
113,Q0,ZF32-017-011,97,5.48256267761976,minmaxnorm
113,Q0,ZF32-159-301,98,5.429213508405544,minmaxnorm
113,Q0,ZF32-132-086,99,5.424712784157685,minmaxnorm
113,Q0,ZF310-574-178,100,5.402776810030758,minmaxnorm
113,Q0,ZF32-271-103,101,5.3982495012397615,minmaxnorm
113,Q0,ZF32-132-173,102,5.373215693263942,minmaxnorm
113,Q0,ZF32-076-211,103,5.357190493619227,minmaxnorm
113,Q0,AP900620-0167,104,5.317015216413893,minmaxnorm
113,Q0,ZF32-223-182,105,5.275533822597857,minmaxnorm
113,Q0,AP901224-0131,106,5.274973855188541,minmaxnorm
113,Q0,ZF32-225-067,107,5.202458930120581,minmaxnorm
113,Q0,ZF32-282-100,108,5.201197531034198,minmaxnorm
113,Q0,ZF32-186-114,109,5.17477545325176,minmaxnorm
113,Q0,ZF32-136-157,110,5.115550348777456,minmaxnorm
113,Q0,SJMN91-06174154,111,5.107193859403241,minmaxnorm
113,Q0,AP900217-0110,112,5.0905495601971165,minmaxnorm
113,Q0,ZF32-004-079,113,5.0807807510887395,minmaxnorm
113,Q0,ZF32-003-005,114,5.073623095962174,minmaxnorm
113,Q0,ZF32-244-036,115,5.071968608226752,minmaxnorm
113,Q0,ZF32-182-010,116,5.058782171690211,minmaxnorm
113,Q0,ZF32-192-181,117,5.03512439205879,minmaxnorm
113,Q0,AP900906-0208,118,5.0271880292228035,minmaxnorm
113,Q0,ZF32-109-006,119,5.024340650122995,minmaxnorm
113,Q0,ZF32-206-237,120,5.006733808936262,minmaxnorm
113,Q0,AP901031-0046,121,4.98940071315141,minmaxnorm
113,Q0,AP900317-0088,122,4.931801222882447,minmaxnorm
113,Q0,ZF32-184-010,123,4.882409566148281,minmaxnorm
113,Q0,ZF32-201-033,124,4.8624944740411555,minmaxnorm
113,Q0,ZF32-206-218,125,4.854941026191869,minmaxnorm
113,Q0,ZF32-236-187,126,4.845113529363295,minmaxnorm
113,Q0,AP900124-0106,127,4.841435642687595,minmaxnorm
113,Q0,AP900725-0190,128,4.8390463404381485,minmaxnorm
113,Q0,AP900611-0095,129,4.830655008951924,minmaxnorm
113,Q0,ZF32-198-200,130,4.828632948145697,minmaxnorm
113,Q0,ZF310-655-098,131,4.810256538659409,minmaxnorm
113,Q0,AP900223-0134,132,4.7981025787415925,minmaxnorm
113,Q0,ZF32-240-082,133,4.794829615275141,minmaxnorm
113,Q0,AP900223-0088,134,4.778922847357799,minmaxnorm
113,Q0,AP900222-0196,135,4.717947125549403,minmaxnorm
113,Q0,ZF32-217-213,136,4.715194131466088,minmaxnorm
113,Q0,ZF32-331-147,137,4.706118383835126,minmaxnorm
113,Q0,ZF32-244-129,138,4.7060707354804245,minmaxnorm
113,Q0,ZF32-006-077,139,4.7039632728990695,minmaxnorm
113,Q0,ZF32-227-164,140,4.694851542788421,minmaxnorm
113,Q0,ZF32-153-067,141,4.694297647187899,minmaxnorm
113,Q0,ZF310-691-419,142,4.689473777010336,minmaxnorm
113,Q0,AP901129-0151,143,4.682062982697339,minmaxnorm
113,Q0,ZF32-135-167,144,4.678674908382794,minmaxnorm
113,Q0,ZF32-060-016,145,4.668898962150161,minmaxnorm
113,Q0,SJMN91-06070156,146,4.649496080453835,minmaxnorm
113,Q0,ZF32-076-304,147,4.636821091186228,minmaxnorm
113,Q0,AP901216-0011,148,4.63353648926114,minmaxnorm
113,Q0,ZF32-208-184,149,4.632497560653673,minmaxnorm
113,Q0,AP900407-0051,150,4.620728317237412,minmaxnorm
113,Q0,AP900403-0267,151,4.615848249889106,minmaxnorm
113,Q0,AP900316-0213,152,4.614384001136312,minmaxnorm
113,Q0,ZF32-050-049,153,4.605914292445771,minmaxnorm
113,Q0,ZF32-183-342,154,4.601489020968298,minmaxnorm
113,Q0,ZF32-188-196,155,4.585232185963445,minmaxnorm
113,Q0,ZF32-006-252,156,4.57625927336003,minmaxnorm
113,Q0,ZF32-184-006,157,4.568055698614061,minmaxnorm
113,Q0,ZF32-011-308,158,4.563573598557454,minmaxnorm
113,Q0,AP900612-0038,159,4.562436267499164,minmaxnorm
113,Q0,SJMN91-06121003,160,4.557026635619331,minmaxnorm
113,Q0,AP900323-0031,161,4.555846847151972,minmaxnorm
113,Q0,ZF32-242-190,162,4.535330430417442,minmaxnorm
113,Q0,AP900330-0253,163,4.530824477399531,minmaxnorm
113,Q0,AP900918-0249,164,4.503448897578506,minmaxnorm
113,Q0,ZF32-003-296,165,4.481063031543693,minmaxnorm
113,Q0,ZF32-275-041,166,4.477100613384739,minmaxnorm
113,Q0,ZF32-208-185,167,4.474853551844152,minmaxnorm
113,Q0,ZF32-223-256,168,4.47242913136878,minmaxnorm
113,Q0,ZF32-088-063,169,4.459982266715756,minmaxnorm
113,Q0,ZF32-232-109,170,4.449693711763809,minmaxnorm
113,Q0,AP900623-0109,171,4.442387686536799,minmaxnorm
113,Q0,AP901109-0146,172,4.434926344979032,minmaxnorm
113,Q0,ZF32-126-244,173,4.429666503207127,minmaxnorm
113,Q0,AP900516-0021,174,4.427757058463327,minmaxnorm
113,Q0,AP900316-0152,175,4.423521632564932,minmaxnorm
113,Q0,ZF32-088-192,176,4.421306957125285,minmaxnorm
113,Q0,ZF32-204-068,177,4.41372187987272,minmaxnorm
113,Q0,AP900613-0117,178,4.392046027774488,minmaxnorm
113,Q0,ZF32-238-266,179,4.358495895528151,minmaxnorm
113,Q0,ZF32-028-159,180,4.350599928671439,minmaxnorm
113,Q0,ZF32-055-068,181,4.350140168503707,minmaxnorm
113,Q0,ZF32-240-321,182,4.329646004525594,minmaxnorm
113,Q0,ZF32-207-089,183,4.3235815627948115,minmaxnorm
113,Q0,ZF32-053-044,184,4.311245805690954,minmaxnorm
113,Q0,ZF32-025-216,185,4.294164593083309,minmaxnorm
113,Q0,ZF32-248-036,186,4.283015937725822,minmaxnorm
113,Q0,ZF32-078-180,187,4.26855096341435,minmaxnorm
113,Q0,AP901213-0197,188,4.260773243151373,minmaxnorm
113,Q0,ZF32-028-057,189,4.25318406817753,minmaxnorm
113,Q0,ZF32-016-013,190,4.251969692320433,minmaxnorm
113,Q0,ZF32-122-294,191,4.240613511838344,minmaxnorm
113,Q0,AP900321-0027,192,4.240330428595124,minmaxnorm
113,Q0,AP900125-0242,193,4.220259583580631,minmaxnorm
113,Q0,AP900329-0124,194,4.2062351648537115,minmaxnorm
113,Q0,ZF32-217-155,195,4.152353431073649,minmaxnorm
113,Q0,ZF32-034-251,196,4.1353659346328095,minmaxnorm
113,Q0,ZF310-702-797,197,4.129880634413247,minmaxnorm
113,Q0,AP900103-0182,198,4.102137111319632,minmaxnorm
113,Q0,ZF32-034-248,199,4.09701903850923,minmaxnorm
113,Q0,ZF32-026-046,200,4.096365337116931,minmaxnorm
113,Q0,AP900623-0076,201,4.069092963767162,minmaxnorm
113,Q0,ZF32-086-175,202,4.063644990547811,minmaxnorm
113,Q0,ZF32-006-174,203,4.036041543886564,minmaxnorm
113,Q0,ZF32-108-261,204,4.026892101831603,minmaxnorm
113,Q0,ZF32-270-055,205,4.005429224837634,minmaxnorm
113,Q0,AP900725-0057,206,3.9943389839331735,minmaxnorm
113,Q0,ZF32-241-123,207,3.970125738399782,minmaxnorm
113,Q0,ZF32-003-019,208,3.9582398326288453,minmaxnorm
113,Q0,ZF32-206-206,209,3.945340570184225,minmaxnorm
113,Q0,ZF32-112-051,210,3.9434128211638173,minmaxnorm
113,Q0,ZF32-002-146,211,3.93982479524206,minmaxnorm
113,Q0,AP900321-0205,212,3.9381648974066157,minmaxnorm
113,Q0,ZF32-147-066,213,3.935741650244672,minmaxnorm
113,Q0,ZF32-061-168,214,3.9349775656697035,minmaxnorm
113,Q0,ZF32-247-310,215,3.916446932693744,minmaxnorm
113,Q0,AP900502-0005,216,3.9028566233370396,minmaxnorm
113,Q0,ZF310-614-547,217,3.9013561778992103,minmaxnorm
113,Q0,ZF32-168-121,218,3.893820790085681,minmaxnorm
113,Q0,ZF32-160-068,219,3.8912806599173146,minmaxnorm
113,Q0,AP900724-0193,220,3.8833591745788962,minmaxnorm
113,Q0,ZF32-003-052,221,3.8663248922401547,minmaxnorm
113,Q0,ZF32-199-311,222,3.850892115538011,minmaxnorm
113,Q0,ZF32-109-123,223,3.8384937445567835,minmaxnorm
113,Q0,AP900330-0193,224,3.818243621670095,minmaxnorm
113,Q0,AP901221-0234,225,3.8136679403743416,minmaxnorm
113,Q0,ZF32-088-245,226,3.812528484347041,minmaxnorm
113,Q0,ZF32-006-054,227,3.7982774548301648,minmaxnorm
113,Q0,AP900912-0207,228,3.797527361503008,minmaxnorm
113,Q0,SJMN91-06093114,229,3.7953693966771778,minmaxnorm
113,Q0,AP900626-0032,230,3.794037765495691,minmaxnorm
113,Q0,ZF32-006-113,231,3.7901646574124324,minmaxnorm
113,Q0,ZF32-237-420,232,3.784183815620932,minmaxnorm
113,Q0,ZF32-134-197,233,3.7742469262619194,minmaxnorm
113,Q0,ZF32-060-025,234,3.7622524556190218,minmaxnorm
113,Q0,ZF32-146-044,235,3.759298226601989,minmaxnorm
113,Q0,ZF32-003-200,236,3.7591597378975417,minmaxnorm
113,Q0,ZF32-058-056,237,3.7495130791188904,minmaxnorm
113,Q0,ZF32-215-075,238,3.7446113316910363,minmaxnorm
113,Q0,ZF32-077-030,239,3.7442314537689807,minmaxnorm
113,Q0,ZF32-083-096,240,3.7182080191682028,minmaxnorm
113,Q0,AP900917-0264,241,3.703198925204219,minmaxnorm
113,Q0,ZF32-161-160,242,3.699625205625557,minmaxnorm
113,Q0,AP901112-0139,243,3.687820206145561,minmaxnorm
113,Q0,AP900110-0244,244,3.6830277692960633,minmaxnorm
113,Q0,ZF32-082-066,245,3.681624595257694,minmaxnorm
113,Q0,ZF32-063-172,246,3.653705176379593,minmaxnorm
113,Q0,ZF32-004-049,247,3.6527653488128418,minmaxnorm
113,Q0,AP900401-0063,248,3.638795526159087,minmaxnorm
113,Q0,ZF32-006-116,249,3.635688152791302,minmaxnorm
113,Q0,ZF32-040-064,250,3.6313879140615004,minmaxnorm
113,Q0,ZF32-245-084,251,3.6228512264341854,minmaxnorm
113,Q0,ZF32-240-288,252,3.6062509403285783,minmaxnorm
113,Q0,ZF32-036-134,253,3.5976222672170617,minmaxnorm
113,Q0,ZF32-284-009,254,3.5859468499923084,minmaxnorm
113,Q0,ZF310-626-092,255,3.5854103642723727,minmaxnorm
113,Q0,ZF32-196-259,256,3.5720112192550597,minmaxnorm
113,Q0,SJMN91-06257170,257,3.5689622959765597,minmaxnorm
113,Q0,AP900413-0222,258,3.566459326406757,minmaxnorm
113,Q0,ZF32-198-051,259,3.560811970134182,minmaxnorm
113,Q0,ZF32-215-172,260,3.5597152505228604,minmaxnorm
113,Q0,AP900204-0063,261,3.54229838840778,minmaxnorm
113,Q0,PT3-05177489,262,3.5418334406263425,minmaxnorm
113,Q0,ZF32-240-096,263,3.5329730407123296,minmaxnorm
113,Q0,ZF32-127-053,264,3.5211438761366836,minmaxnorm
113,Q0,ZF32-002-123,265,3.4975832700960754,minmaxnorm
113,Q0,AP900118-0283,266,3.4942225993485745,minmaxnorm
113,Q0,ZF32-240-175,267,3.4926910330044594,minmaxnorm
113,Q0,ZF32-183-212,268,3.4898916074724955,minmaxnorm
113,Q0,ZF32-196-156,269,3.481312452460606,minmaxnorm
113,Q0,ZF32-009-054,270,3.4348076992357353,minmaxnorm
113,Q0,ZF32-126-154,271,3.430388675987749,minmaxnorm
113,Q0,ZF32-016-025,272,3.4290500028916906,minmaxnorm
113,Q0,AP900317-0017,273,3.428921352382374,minmaxnorm
113,Q0,SJMN91-06255031,274,3.416470850575669,minmaxnorm
113,Q0,AP900530-0206,275,3.38215286714932,minmaxnorm
113,Q0,AP901218-0209,276,3.3752962329313663,minmaxnorm
113,Q0,ZF32-052-326,277,3.372846240770829,minmaxnorm
113,Q0,AP901115-0016,278,3.3694022246305675,minmaxnorm
113,Q0,ZF32-083-118,279,3.3313919067629607,minmaxnorm
113,Q0,ZF32-217-305,280,3.330636153715425,minmaxnorm
113,Q0,PT3-05155491,281,3.3202617563882373,minmaxnorm
113,Q0,ZF32-157-176,282,3.319002276601967,minmaxnorm
113,Q0,ZF32-112-034,283,3.3039458710031333,minmaxnorm
113,Q0,ZF310-644-470,284,3.29233594704592,minmaxnorm
113,Q0,SJMN91-06343182,285,3.2894582175578804,minmaxnorm
113,Q0,SJMN91-06083125,286,3.2879040423268173,minmaxnorm
113,Q0,ZF32-082-032,287,3.271475737628865,minmaxnorm
113,Q0,AP901226-0145,288,3.2040651624861973,minmaxnorm
113,Q0,SJMN91-06135095,289,3.201826949313192,minmaxnorm
113,Q0,ZF32-103-294,290,3.199841881618953,minmaxnorm
113,Q0,ZF32-133-156,291,3.198658077978004,minmaxnorm
113,Q0,ZF310-709-027,292,3.197291755021067,minmaxnorm
113,Q0,AP900121-0012,293,3.192446070101694,minmaxnorm
113,Q0,ZF32-066-033,294,3.1902658961362267,minmaxnorm
113,Q0,ZF32-220-230,295,3.187319669943481,minmaxnorm
113,Q0,AP901030-0210,296,3.177996833645669,minmaxnorm
113,Q0,ZF32-155-188,297,3.1750278628233555,minmaxnorm
113,Q0,ZF32-073-107,298,3.164891350969305,minmaxnorm
113,Q0,AP900414-0027,299,3.162880250552093,minmaxnorm
113,Q0,ZF32-246-249,300,3.1584828810692547,minmaxnorm
113,Q0,AP900724-0047,301,3.1581455545024997,minmaxnorm
113,Q0,ZF32-281-065,302,3.111363691181874,minmaxnorm
113,Q0,ZF32-107-130,303,3.1061138545860216,minmaxnorm
113,Q0,ZF32-006-223,304,3.0955245743473325,minmaxnorm
113,Q0,AP901216-0005,305,3.0910220918089695,minmaxnorm
113,Q0,ZF32-075-153,306,3.0836193680849013,minmaxnorm
113,Q0,ZF32-218-102,307,3.0770584398848,minmaxnorm
113,Q0,AP900404-0102,308,3.0762572999752424,minmaxnorm
113,Q0,ZF32-235-296,309,3.043821186525402,minmaxnorm
113,Q0,ZF310-640-954,310,3.0436012125074114,minmaxnorm
113,Q0,ZF32-159-227,311,3.0314260255810415,minmaxnorm
113,Q0,ZF32-208-183,312,3.0196159479346414,minmaxnorm
113,Q0,SJMN91-06233059,313,3.0157667855411647,minmaxnorm
113,Q0,ZF32-186-113,314,3.0090601571053948,minmaxnorm
113,Q0,AP901130-0033,315,3.0043677970241705,minmaxnorm
113,Q0,ZF32-039-189,316,2.9975455085683076,minmaxnorm
113,Q0,ZF32-136-223,317,2.9895454624987674,minmaxnorm
113,Q0,ZF32-193-298,318,2.9850555354689825,minmaxnorm
113,Q0,AP901001-0005,319,2.9722987354240424,minmaxnorm
113,Q0,ZF32-157-218,320,2.9642976056478907,minmaxnorm
113,Q0,ZF32-125-036,321,2.957292650306055,minmaxnorm
113,Q0,AP900831-0231,322,2.9488572060498823,minmaxnorm
113,Q0,ZF310-633-209,323,2.9395837988337354,minmaxnorm
113,Q0,SJMN91-06258023,324,2.9387603054828917,minmaxnorm
113,Q0,AP901011-0086,325,2.9357469499044804,minmaxnorm
113,Q0,SJMN91-06184229,326,2.92830099330333,minmaxnorm
113,Q0,ZF32-184-028,327,2.9282105319834044,minmaxnorm
113,Q0,ZF32-263-133,328,2.9251662735143875,minmaxnorm
113,Q0,SJMN91-06260081,329,2.9180748551122977,minmaxnorm
113,Q0,ZF32-207-208,330,2.915730329317105,minmaxnorm
113,Q0,ZF32-105-016,331,2.9029524466819425,minmaxnorm
113,Q0,ZF32-106-200,332,2.8988739080956867,minmaxnorm
113,Q0,ZF32-223-074,333,2.8982724032469886,minmaxnorm
113,Q0,ZF32-003-083,334,2.8979577583566773,minmaxnorm
113,Q0,ZF32-137-045,335,2.888990452376403,minmaxnorm
113,Q0,AP901120-0165,336,2.879509422979061,minmaxnorm
113,Q0,ZF32-245-263,337,2.8790878121891925,minmaxnorm
113,Q0,ZF32-053-193,338,2.8720375801059896,minmaxnorm
113,Q0,ZF32-064-164,339,2.8666125494639134,minmaxnorm
113,Q0,AP900511-0047,340,2.865714092898621,minmaxnorm
113,Q0,SJMN91-06309150,341,2.8653034392957024,minmaxnorm
113,Q0,ZF32-183-083,342,2.8607450044790204,minmaxnorm
113,Q0,ZF32-215-341,343,2.858382232396769,minmaxnorm
113,Q0,ZF310-623-708,344,2.8109793707250255,minmaxnorm
113,Q0,ZF32-083-016,345,2.8075214471694556,minmaxnorm
113,Q0,AP901219-0119,346,2.786033682998947,minmaxnorm
113,Q0,AP900121-0056,347,2.7840760229926076,minmaxnorm
113,Q0,AP900712-0246,348,2.771253675624554,minmaxnorm
113,Q0,ZF32-222-175,349,2.767091659368569,minmaxnorm
113,Q0,ZF32-034-200,350,2.7621373178862494,minmaxnorm
113,Q0,AP900830-0167,351,2.759151656640277,minmaxnorm
113,Q0,ZF32-196-283,352,2.7411694385994427,minmaxnorm
113,Q0,ZF32-228-280,353,2.740236160169389,minmaxnorm
113,Q0,ZF32-086-170,354,2.736779422772257,minmaxnorm
113,Q0,ZF32-224-230,355,2.7221619203476197,minmaxnorm
113,Q0,SJMN91-06069074,356,2.720916197978316,minmaxnorm
113,Q0,AP900122-0100,357,2.716019640391672,minmaxnorm
113,Q0,AP901005-0066,358,2.700054330050158,minmaxnorm
113,Q0,ZF310-626-058,359,2.698487390718995,minmaxnorm
113,Q0,ZF32-206-034,360,2.691285009048294,minmaxnorm
113,Q0,ZF32-042-061,361,2.685255735541447,minmaxnorm
113,Q0,AP900808-0116,362,2.677904591001558,minmaxnorm
113,Q0,ZF32-111-193,363,2.674465582645675,minmaxnorm
113,Q0,ZF32-106-319,364,2.6718152286430947,minmaxnorm
113,Q0,ZF32-003-006,365,2.6663269505699194,minmaxnorm
113,Q0,ZF32-147-148,366,2.663105544202723,minmaxnorm
113,Q0,AP900904-0025,367,2.6514818123761903,minmaxnorm
113,Q0,SJMN91-06353136,368,2.6463108017237515,minmaxnorm
113,Q0,ZF32-207-191,369,2.6267300815710177,minmaxnorm
113,Q0,ZF32-016-064,370,2.6225425056689735,minmaxnorm
113,Q0,ZF32-057-035,371,2.6179196374935065,minmaxnorm
113,Q0,ZF32-170-197,372,2.6130433677614393,minmaxnorm
113,Q0,ZF32-147-225,373,2.6101049441640876,minmaxnorm
113,Q0,ZF32-288-641,374,2.607134406086597,minmaxnorm
113,Q0,AP900716-0039,375,2.6036555532968872,minmaxnorm
113,Q0,AP900620-0214,376,2.6026076347112403,minmaxnorm
113,Q0,AP900601-0097,377,2.600436094449155,minmaxnorm
113,Q0,AP900928-0036,378,2.6001433468582,minmaxnorm
113,Q0,SJMN91-06308155,379,2.5991878554661145,minmaxnorm
113,Q0,AP900315-0064,380,2.596670952072524,minmaxnorm
113,Q0,ZF32-093-114,381,2.587178790069503,minmaxnorm
113,Q0,ZF32-060-160,382,2.5864475742250423,minmaxnorm
113,Q0,ZF32-031-057,383,2.5851307351289825,minmaxnorm
113,Q0,ZF32-071-211,384,2.5819028987440347,minmaxnorm
113,Q0,AP900514-0093,385,2.579947121344618,minmaxnorm
113,Q0,AP900109-0200,386,2.575911657337427,minmaxnorm
113,Q0,AP900511-0013,387,2.5577544763034075,minmaxnorm
113,Q0,SJMN91-06110215,388,2.556222080887557,minmaxnorm
113,Q0,ZF32-239-325,389,2.5555758561395296,minmaxnorm
113,Q0,AP900625-0078,390,2.554013719939547,minmaxnorm
113,Q0,AP900808-0049,391,2.552673807812721,minmaxnorm
113,Q0,AP900717-0003,392,2.541878241633096,minmaxnorm
113,Q0,ZF32-008-401,393,2.54014661410023,minmaxnorm
113,Q0,ZF32-226-089,394,2.5372710133260634,minmaxnorm
113,Q0,ZF32-183-129,395,2.536865535027568,minmaxnorm
113,Q0,ZF32-239-229,396,2.5286513534419623,minmaxnorm
113,Q0,ZF310-606-469,397,2.526887767717743,minmaxnorm
113,Q0,ZF32-134-038,398,2.5231648223226237,minmaxnorm
113,Q0,AP901008-0161,399,2.5001177796055036,minmaxnorm
113,Q0,ZF32-148-073,400,2.4972331011513176,minmaxnorm
113,Q0,ZF310-597-709,401,2.494943505134978,minmaxnorm
113,Q0,AP900802-0105,402,2.4849550084098704,minmaxnorm
113,Q0,AP900121-0073,403,2.4824501405456734,minmaxnorm
113,Q0,ZF32-102-070,404,2.476746432757103,minmaxnorm
113,Q0,AP901019-0172,405,2.469494065133411,minmaxnorm
113,Q0,ZF32-248-180,406,2.4668705593497013,minmaxnorm
113,Q0,AP901201-0011,407,2.462431732722044,minmaxnorm
113,Q0,ZF32-075-163,408,2.4589796462579594,minmaxnorm
113,Q0,AP900730-0150,409,2.4571003940428526,minmaxnorm
113,Q0,AP900110-0083,410,2.4454563975818973,minmaxnorm
113,Q0,ZF32-053-214,411,2.4444285381984585,minmaxnorm
113,Q0,AP900125-0042,412,2.438913308092224,minmaxnorm
113,Q0,SJMN91-06338186,413,2.437837786293411,minmaxnorm
113,Q0,ZF32-081-085,414,2.435927156804124,minmaxnorm
113,Q0,SJMN91-06171191,415,2.4318243339437218,minmaxnorm
113,Q0,ZF32-108-262,416,2.4247072667011076,minmaxnorm
113,Q0,SJMN91-06208068,417,2.4214687627564797,minmaxnorm
113,Q0,ZF32-193-193,418,2.4034644900997795,minmaxnorm
113,Q0,PT3-05177604,419,2.3944486828001272,minmaxnorm
113,Q0,ZF32-062-174,420,2.374767994712833,minmaxnorm
113,Q0,AP900223-0049,421,2.3738157802067916,minmaxnorm
113,Q0,ZF32-266-130,422,2.36615510891135,minmaxnorm
113,Q0,SJMN91-06067158,423,2.3588401182233993,minmaxnorm
113,Q0,PT3-05177490,424,2.358699999580539,minmaxnorm
113,Q0,ZF32-038-322,425,2.349580045028242,minmaxnorm
113,Q0,AP900904-0124,426,2.3447413618734867,minmaxnorm
113,Q0,ZF32-064-138,427,2.342580058013439,minmaxnorm
113,Q0,ZF32-112-018,428,2.3407682281257824,minmaxnorm
113,Q0,AP900314-0183,429,2.3347698347211794,minmaxnorm
113,Q0,ZF32-063-056,430,2.3339728328252267,minmaxnorm
113,Q0,ZF32-346-598,431,2.3325350594645693,minmaxnorm
113,Q0,SJMN91-06216087,432,2.331146741409255,minmaxnorm
113,Q0,ZF32-027-140,433,2.3113702490153343,minmaxnorm
113,Q0,ZF32-084-302,434,2.2998213741781415,minmaxnorm
113,Q0,AP900330-0186,435,2.297445744031826,minmaxnorm
113,Q0,ZF32-035-127,436,2.2965865690166383,minmaxnorm
113,Q0,SJMN91-06303093,437,2.286645893516571,minmaxnorm
113,Q0,ZF32-155-181,438,2.283634365394007,minmaxnorm
113,Q0,AP901015-0210,439,2.279073640621728,minmaxnorm
113,Q0,ZF32-155-067,440,2.264268908331968,minmaxnorm
113,Q0,ZF310-703-709,441,2.2613380632169853,minmaxnorm
113,Q0,AP900104-0138,442,2.2562333025096226,minmaxnorm
113,Q0,ZF32-262-123,443,2.2516801254503864,minmaxnorm
113,Q0,ZF32-141-037,444,2.2482257191309434,minmaxnorm
113,Q0,ZF32-026-015,445,2.2478713725634267,minmaxnorm
113,Q0,AP900709-0148,446,2.2476453307913804,minmaxnorm
113,Q0,AP901012-0164,447,2.2468715804285893,minmaxnorm
113,Q0,AP900424-0148,448,2.2421627754805495,minmaxnorm
113,Q0,ZF32-088-082,449,2.2311916225145985,minmaxnorm
113,Q0,SJMN91-06206165,450,2.2307728213776663,minmaxnorm
113,Q0,ZF310-599-189,451,2.2293609432085058,minmaxnorm
113,Q0,ZF310-798-863,452,2.2272742086914943,minmaxnorm
113,Q0,ZF32-003-025,453,2.222561198857404,minmaxnorm
113,Q0,ZF32-050-047,454,2.218227233089607,minmaxnorm
113,Q0,ZF32-146-021,455,2.2157269064528586,minmaxnorm
113,Q0,ZF32-064-314,456,2.2097845896560573,minmaxnorm
113,Q0,ZF32-006-250,457,2.2083303230167184,minmaxnorm
113,Q0,ZF32-188-047,458,2.2076030539123583,minmaxnorm
113,Q0,ZF32-148-157,459,2.201508263918441,minmaxnorm
113,Q0,ZF32-237-280,460,2.19863043286857,minmaxnorm
113,Q0,SJMN91-06193008,461,2.1947262416359976,minmaxnorm
113,Q0,SJMN91-06269082,462,2.192979398159745,minmaxnorm
113,Q0,ZF32-038-162,463,2.1843341120423174,minmaxnorm
113,Q0,ZF32-201-332,464,2.1804816307236243,minmaxnorm
113,Q0,AP900312-0181,465,2.179262718559893,minmaxnorm
113,Q0,AP900807-0124,466,2.17646478761622,minmaxnorm
113,Q0,ZF32-207-157,467,2.1745915326645497,minmaxnorm
113,Q0,ZF32-064-163,468,2.169671938706842,minmaxnorm
113,Q0,AP900305-0265,469,2.1688710402023617,minmaxnorm
113,Q0,ZF32-156-263,470,2.1680607959751863,minmaxnorm
113,Q0,ZF32-239-082,471,2.162488126063918,minmaxnorm
113,Q0,SJMN91-06304178,472,2.1571411672693146,minmaxnorm
113,Q0,ZF32-345-720,473,2.1518336392475392,minmaxnorm
113,Q0,ZF32-081-064,474,2.1435661614788435,minmaxnorm
113,Q0,AP900207-0294,475,2.132994652213514,minmaxnorm
113,Q0,SJMN91-06204016,476,2.1284133313473736,minmaxnorm
113,Q0,ZF32-300-118,477,2.121265118550209,minmaxnorm
113,Q0,ZF32-120-162,478,2.1204783758886756,minmaxnorm
113,Q0,ZF32-218-290,479,2.1179939847637197,minmaxnorm
113,Q0,ZF32-031-038,480,2.1176740322103442,minmaxnorm
113,Q0,ZF32-241-164,481,2.1092434045703663,minmaxnorm
113,Q0,ZF32-150-006,482,2.1060212734053123,minmaxnorm
113,Q0,ZF32-165-049,483,2.1025363248716356,minmaxnorm
113,Q0,ZF32-036-170,484,2.0998476154471275,minmaxnorm
113,Q0,PT3-05177362,485,2.083315847800557,minmaxnorm
113,Q0,ZF32-036-203,486,2.0808597595211884,minmaxnorm
113,Q0,AP900403-0061,487,2.0731451006140147,minmaxnorm
113,Q0,ZF32-193-217,488,2.0728282010636057,minmaxnorm
113,Q0,ZF32-278-111,489,2.067298164942193,minmaxnorm
113,Q0,AP900102-0172,490,2.0657309166262734,minmaxnorm
113,Q0,AP901218-0205,491,2.0643723704429457,minmaxnorm
113,Q0,AP900411-0108,492,2.0643079507246744,minmaxnorm
113,Q0,ZF32-006-139,493,2.063919203703558,minmaxnorm
113,Q0,ZF32-225-074,494,2.0522905483379317,minmaxnorm
113,Q0,AP900306-0125,495,2.048970893259463,minmaxnorm
113,Q0,AP900915-0027,496,2.0487754139762524,minmaxnorm
113,Q0,ZF32-001-259,497,2.0435412943005575,minmaxnorm
113,Q0,ZF32-088-259,498,2.027346020232093,minmaxnorm
113,Q0,AP900530-0066,499,2.0272772551036486,minmaxnorm
113,Q0,AP900525-0001,500,2.027017828137783,minmaxnorm
113,Q0,SJMN91-06324095,501,2.025841947246934,minmaxnorm
113,Q0,ZF310-606-199,502,2.0233830494090004,minmaxnorm
113,Q0,SJMN91-06031078,503,2.022269322017577,minmaxnorm
113,Q0,ZF32-112-017,504,2.019936761410486,minmaxnorm
113,Q0,AP901009-0137,505,2.0126707839421676,minmaxnorm
113,Q0,AP900403-0109,506,2.0062926908432694,minmaxnorm
113,Q0,ZF32-226-178,507,2.0033768431190033,minmaxnorm
113,Q0,ZF32-053-124,508,1.9953697369817303,minmaxnorm
113,Q0,ZF32-200-170,509,1.9895183941476438,minmaxnorm
113,Q0,AP900511-0141,510,1.9884938009925508,minmaxnorm
113,Q0,ZF32-222-255,511,1.9813217666404863,minmaxnorm
113,Q0,ZF32-063-042,512,1.9784443959224396,minmaxnorm
113,Q0,AP900101-0127,513,1.9712717970390312,minmaxnorm
113,Q0,SJMN91-06201049,514,1.9598200436868696,minmaxnorm
113,Q0,ZF32-105-112,515,1.957938761470451,minmaxnorm
113,Q0,AP901213-0122,516,1.9550777027696165,minmaxnorm
113,Q0,AP900724-0238,517,1.9510474855655673,minmaxnorm
113,Q0,ZF32-182-211,518,1.9503921663204677,minmaxnorm
113,Q0,SJMN91-06019085,519,1.9469357339642555,minmaxnorm
113,Q0,AP900608-0033,520,1.9458592819573655,minmaxnorm
113,Q0,ZF32-032-256,521,1.9339015969034263,minmaxnorm
113,Q0,ZF32-348-175,522,1.9315635788929892,minmaxnorm
113,Q0,AP900905-0047,523,1.9303752284906421,minmaxnorm
113,Q0,ZF32-196-086,524,1.929477929945684,minmaxnorm
113,Q0,ZF32-210-020,525,1.9243595288175412,minmaxnorm
113,Q0,SJMN91-06020191,526,1.903834070841105,minmaxnorm
113,Q0,AP900623-0073,527,1.9032163220753773,minmaxnorm
113,Q0,AP900411-0090,528,1.9030279518594138,minmaxnorm
113,Q0,ZF32-013-190,529,1.8956241092960031,minmaxnorm
113,Q0,AP901120-0232,530,1.8953799539148668,minmaxnorm
113,Q0,AP900601-0185,531,1.8905449158223193,minmaxnorm
113,Q0,AP900710-0251,532,1.8858669234397671,minmaxnorm
113,Q0,ZF32-151-335,533,1.8851340540669432,minmaxnorm
113,Q0,SJMN91-06324025,534,1.8827389854194527,minmaxnorm
113,Q0,ZF32-009-178,535,1.8800461502268973,minmaxnorm
113,Q0,AP901022-0251,536,1.8792458932193628,minmaxnorm
113,Q0,SJMN91-06020025,537,1.869290526310386,minmaxnorm
113,Q0,SJMN91-06215017,538,1.8663130947935176,minmaxnorm
113,Q0,ZF32-037-125,539,1.863247489133661,minmaxnorm
113,Q0,ZF32-079-036,540,1.8549821113118226,minmaxnorm
113,Q0,ZF32-064-087,541,1.8387295611310277,minmaxnorm
113,Q0,AP900522-0174,542,1.8299180092555314,minmaxnorm
113,Q0,ZF32-272-134,543,1.8250028539820098,minmaxnorm
113,Q0,AP900917-0256,544,1.8232584622051398,minmaxnorm
113,Q0,ZF32-017-216,545,1.820852787894627,minmaxnorm
113,Q0,ZF32-190-112,546,1.8191568754415943,minmaxnorm
113,Q0,ZF32-004-193,547,1.8184846038274154,minmaxnorm
113,Q0,SJMN91-06068117,548,1.8167377243781593,minmaxnorm
113,Q0,ZF32-058-288,549,1.8150578152531676,minmaxnorm
113,Q0,AP900109-0084,550,1.8129427791124633,minmaxnorm
113,Q0,AP900216-0289,551,1.7986188848136089,minmaxnorm
113,Q0,AP901029-0225,552,1.7979192874526295,minmaxnorm
113,Q0,AP901203-0063,553,1.785742944293759,minmaxnorm
113,Q0,ZF32-010-147,554,1.7728247692589143,minmaxnorm
113,Q0,ZF32-156-005,555,1.7700505049521724,minmaxnorm
113,Q0,ZF32-197-133,556,1.7690896111728596,minmaxnorm
113,Q0,ZF310-704-257,557,1.7656339990984458,minmaxnorm
113,Q0,ZF32-161-011,558,1.7630187376936468,minmaxnorm
113,Q0,ZF32-106-008,559,1.7406363578494763,minmaxnorm
113,Q0,ZF310-798-851,560,1.7397098695023754,minmaxnorm
113,Q0,ZF32-078-195,561,1.7374937366281928,minmaxnorm
113,Q0,ZF32-003-023,562,1.7236829058629177,minmaxnorm
113,Q0,ZF32-033-069,563,1.7210300338988505,minmaxnorm
113,Q0,ZF32-200-102,564,1.718709877284795,minmaxnorm
113,Q0,SJMN91-06319237,565,1.7187000546989684,minmaxnorm
113,Q0,ZF32-240-190,566,1.7053108906947698,minmaxnorm
113,Q0,AP900124-0160,567,1.6947496601375984,minmaxnorm
113,Q0,PT3-05179591,568,1.6879204843619606,minmaxnorm
113,Q0,AP900110-0121,569,1.6828176350417718,minmaxnorm
113,Q0,ZF32-270-090,570,1.6749047404418609,minmaxnorm
113,Q0,ZF32-078-328,571,1.6660464514128852,minmaxnorm
113,Q0,AP900316-0179,572,1.6613243324135438,minmaxnorm
113,Q0,ZF32-012-053,573,1.6526424211412032,minmaxnorm
113,Q0,ZF32-183-053,574,1.652535356346003,minmaxnorm
113,Q0,SJMN91-06238022,575,1.6440131617643934,minmaxnorm
113,Q0,AP900618-0140,576,1.6393357869811718,minmaxnorm
113,Q0,PT3-05179550,577,1.6363109966691702,minmaxnorm
113,Q0,AP900104-0006,578,1.6308193799546822,minmaxnorm
113,Q0,SJMN91-06095053,579,1.629670949602247,minmaxnorm
113,Q0,SJMN91-06099220,580,1.6293749702485303,minmaxnorm
113,Q0,ZF32-065-319,581,1.6287919196082745,minmaxnorm
113,Q0,ZF32-144-049,582,1.6120386187872442,minmaxnorm
113,Q0,ZF32-111-195,583,1.6077083740250875,minmaxnorm
113,Q0,SJMN91-06128005,584,1.6061334176536102,minmaxnorm
113,Q0,ZF32-155-086,585,1.6058009728519052,minmaxnorm
113,Q0,ZF32-256-098,586,1.6057001900120786,minmaxnorm
113,Q0,ZF32-026-071,587,1.6048006329052755,minmaxnorm
113,Q0,ZF32-030-145,588,1.6036861248312158,minmaxnorm
113,Q0,ZF32-010-136,589,1.5987802977667156,minmaxnorm
113,Q0,SJMN91-06347132,590,1.5969111553494684,minmaxnorm
113,Q0,AP901204-0060,591,1.5942302612385968,minmaxnorm
113,Q0,ZF32-153-312,592,1.5912685161465296,minmaxnorm
113,Q0,AP900405-0177,593,1.5909600198916238,minmaxnorm
113,Q0,AP900731-0226,594,1.5883850850435115,minmaxnorm
113,Q0,ZF32-101-163,595,1.585142823084658,minmaxnorm
113,Q0,ZF32-244-152,596,1.5850796456572136,minmaxnorm
113,Q0,ZF32-257-067,597,1.5837526245286944,minmaxnorm
113,Q0,ZF32-135-217,598,1.5796146360800383,minmaxnorm
113,Q0,ZF32-111-014,599,1.573320894843098,minmaxnorm
113,Q0,ZF32-144-050,600,1.5666291149006626,minmaxnorm
113,Q0,ZF32-039-263,601,1.5620280592844293,minmaxnorm
113,Q0,ZF32-123-032,602,1.556629117455133,minmaxnorm
113,Q0,AP900112-0118,603,1.5474935008796176,minmaxnorm
113,Q0,ZF32-097-125,604,1.5339427580133431,minmaxnorm
113,Q0,AP900317-0030,605,1.529300301817574,minmaxnorm
113,Q0,AP900717-0074,606,1.529013875615492,minmaxnorm
113,Q0,ZF32-240-170,607,1.527642615487232,minmaxnorm
113,Q0,AP901126-0181,608,1.5258475097217192,minmaxnorm
113,Q0,ZF32-188-046,609,1.5236053545044208,minmaxnorm
113,Q0,ZF32-061-227,610,1.5231574102068888,minmaxnorm
113,Q0,ZF32-145-018,611,1.5208457673527669,minmaxnorm
113,Q0,ZF32-224-112,612,1.5173985138151647,minmaxnorm
113,Q0,ZF32-126-289,613,1.513411792099225,minmaxnorm
113,Q0,ZF32-124-139,614,1.5126898281413466,minmaxnorm
113,Q0,SJMN91-06327142,615,1.5119952375636743,minmaxnorm
113,Q0,ZF32-236-062,616,1.5087564402599256,minmaxnorm
113,Q0,AP901109-0017,617,1.5074614234478276,minmaxnorm
113,Q0,ZF32-235-046,618,1.5069872241928208,minmaxnorm
113,Q0,ZF32-062-037,619,1.5052493655233645,minmaxnorm
113,Q0,ZF32-242-119,620,1.4978057754877858,minmaxnorm
113,Q0,ZF32-197-113,621,1.4962618438897977,minmaxnorm
113,Q0,ZF32-136-335,622,1.4962142506380798,minmaxnorm
113,Q0,ZF32-193-299,623,1.4932445359432167,minmaxnorm
113,Q0,SJMN91-06349010,624,1.4849731682854874,minmaxnorm
113,Q0,ZF32-036-238,625,1.4800606982380429,minmaxnorm
113,Q0,ZF32-189-143,626,1.4788533870189002,minmaxnorm
113,Q0,ZF32-184-285,627,1.4760650372978095,minmaxnorm
113,Q0,ZF32-031-035,628,1.4687058371139659,minmaxnorm
113,Q0,ZF32-134-282,629,1.4681220676500892,minmaxnorm
113,Q0,ZF32-029-391,630,1.466692839230231,minmaxnorm
113,Q0,AP900813-0157,631,1.4642093133489698,minmaxnorm
113,Q0,SJMN91-06254024,632,1.4578960176582658,minmaxnorm
113,Q0,PT3-05177493,633,1.4480298410562964,minmaxnorm
113,Q0,AP901231-0141,634,1.4441674843243848,minmaxnorm
113,Q0,ZF32-130-315,635,1.4367966371157566,minmaxnorm
113,Q0,ZF32-198-155,636,1.4325058136748252,minmaxnorm
113,Q0,ZF32-240-178,637,1.4294490430277829,minmaxnorm
113,Q0,ZF32-118-057,638,1.4289487290744252,minmaxnorm
113,Q0,SJMN91-06188141,639,1.4232728938239458,minmaxnorm
113,Q0,SJMN91-06169009,640,1.4224872817878338,minmaxnorm
113,Q0,ZF32-056-327,641,1.4214039758365324,minmaxnorm
113,Q0,AP900911-0019,642,1.4168065704929378,minmaxnorm
113,Q0,ZF32-198-342,643,1.4095773032510213,minmaxnorm
113,Q0,AP901120-0021,644,1.3953204997552515,minmaxnorm
113,Q0,SJMN91-06110189,645,1.3902509937580667,minmaxnorm
113,Q0,ZF32-062-023,646,1.38939150953618,minmaxnorm
113,Q0,ZF32-134-325,647,1.3892030179544863,minmaxnorm
113,Q0,AP900330-0025,648,1.388956236535914,minmaxnorm
113,Q0,ZF32-239-248,649,1.387475524766742,minmaxnorm
113,Q0,ZF32-185-155,650,1.372848982976148,minmaxnorm
113,Q0,ZF32-210-034,651,1.3670107753084897,minmaxnorm
113,Q0,ZF32-235-207,652,1.364638070552683,minmaxnorm
113,Q0,SJMN91-06011018,653,1.362598369382057,minmaxnorm
113,Q0,ZF32-186-109,654,1.3622993983093834,minmaxnorm
113,Q0,ZF32-249-174,655,1.3611242416404377,minmaxnorm
113,Q0,ZF310-706-713,656,1.3610773945272734,minmaxnorm
113,Q0,SJMN91-06106157,657,1.3601209416313125,minmaxnorm
113,Q0,ZF32-078-273,658,1.3473565149046898,minmaxnorm
113,Q0,ZF32-098-064,659,1.3469507224206352,minmaxnorm
113,Q0,ZF32-268-150,660,1.3414788715394412,minmaxnorm
113,Q0,ZF32-110-162,661,1.336078566553268,minmaxnorm
113,Q0,ZF32-234-131,662,1.3313041979904876,minmaxnorm
113,Q0,AP900109-0130,663,1.3300036312574102,minmaxnorm
113,Q0,ZF32-268-088,664,1.3298422034405533,minmaxnorm
113,Q0,ZF32-008-218,665,1.3271783300297466,minmaxnorm
113,Q0,ZF32-025-061,666,1.3258700846337392,minmaxnorm
113,Q0,ZF32-126-055,667,1.320195683767645,minmaxnorm
113,Q0,AP900315-0082,668,1.319473355926252,minmaxnorm
113,Q0,ZF32-034-256,669,1.3193897674478243,minmaxnorm
113,Q0,ZF32-122-209,670,1.3182536531763487,minmaxnorm
113,Q0,SJMN91-06092029,671,1.3181628856983396,minmaxnorm
113,Q0,SJMN91-06107108,672,1.3164826411400294,minmaxnorm
113,Q0,ZF32-248-059,673,1.3153758964121822,minmaxnorm
113,Q0,ZF32-337-720,674,1.3151553164347427,minmaxnorm
113,Q0,AP900123-0067,675,1.3095851349374001,minmaxnorm
113,Q0,AP900707-0153,676,1.3024393151520801,minmaxnorm
113,Q0,SJMN91-06166159,677,1.2981024583545087,minmaxnorm
113,Q0,ZF32-323-658,678,1.2945207567311257,minmaxnorm
113,Q0,ZF32-038-209,679,1.291287915499327,minmaxnorm
113,Q0,ZF32-028-175,680,1.2897960785466582,minmaxnorm
113,Q0,ZF32-205-396,681,1.2872706132515224,minmaxnorm
113,Q0,AP900504-0202,682,1.2827756909949117,minmaxnorm
113,Q0,SJMN91-06299018,683,1.279130529200217,minmaxnorm
113,Q0,ZF32-064-086,684,1.2783589811286065,minmaxnorm
113,Q0,ZF32-194-046,685,1.2775116240851765,minmaxnorm
113,Q0,ZF32-239-244,686,1.277179130646755,minmaxnorm
113,Q0,SJMN91-06072071,687,1.2743676938753714,minmaxnorm
113,Q0,AP900318-0079,688,1.273026648510803,minmaxnorm
113,Q0,AP901109-0115,689,1.2717613914413335,minmaxnorm
113,Q0,AP900329-0089,690,1.2707952583973212,minmaxnorm
113,Q0,AP900402-0008,691,1.2613240547018192,minmaxnorm
113,Q0,ZF32-221-050,692,1.2586043867886314,minmaxnorm
113,Q0,SJMN91-06215073,693,1.2562140380402547,minmaxnorm
113,Q0,PT3-05155688,694,1.2558725003487448,minmaxnorm
113,Q0,ZF310-704-331,695,1.2544279096096211,minmaxnorm
113,Q0,AP900123-0115,696,1.2501971534833085,minmaxnorm
113,Q0,ZF32-246-258,697,1.248065730474904,minmaxnorm
113,Q0,ZF32-193-293,698,1.2475938153288022,minmaxnorm
113,Q0,ZF32-194-131,699,1.2448636318804,minmaxnorm
113,Q0,ZF32-200-281,700,1.2428722452930099,minmaxnorm
113,Q0,ZF32-083-065,701,1.2401673271574767,minmaxnorm
113,Q0,AP900905-0067,702,1.2396118175629345,minmaxnorm
113,Q0,ZF32-102-021,703,1.2352184628652887,minmaxnorm
113,Q0,ZF32-099-290,704,1.2343001082657696,minmaxnorm
113,Q0,AP900207-0101,705,1.2334644876708198,minmaxnorm
113,Q0,ZF32-102-136,706,1.2333574166872776,minmaxnorm
113,Q0,ZF32-082-296,707,1.2319480425177949,minmaxnorm
113,Q0,PT3-05155591,708,1.2312371989304363,minmaxnorm
113,Q0,ZF32-158-075,709,1.2307312735381717,minmaxnorm
113,Q0,AP901217-0157,710,1.2286296986225334,minmaxnorm
113,Q0,AP900109-0035,711,1.226821235994848,minmaxnorm
113,Q0,AP901231-0091,712,1.2249630169591577,minmaxnorm
113,Q0,SJMN91-06014041,713,1.221001494251316,minmaxnorm
113,Q0,ZF32-032-289,714,1.219220194218813,minmaxnorm
113,Q0,ZF32-036-233,715,1.2190827540417581,minmaxnorm
113,Q0,PT3-05154777,716,1.2161448329130085,minmaxnorm
113,Q0,ZF32-014-131,717,1.209471625311946,minmaxnorm
113,Q0,AP900305-0219,718,1.2091266201657016,minmaxnorm
113,Q0,ZF32-193-252,719,1.2076680357020706,minmaxnorm
113,Q0,ZF32-060-312,720,1.206020611822516,minmaxnorm
113,Q0,ZF32-079-187,721,1.2037409612922494,minmaxnorm
113,Q0,ZF32-084-078,722,1.195735233824203,minmaxnorm
113,Q0,ZF32-115-042,723,1.188535850887178,minmaxnorm
113,Q0,AP901120-0145,724,1.187390330094973,minmaxnorm
113,Q0,SJMN91-06259066,725,1.1846786726142249,minmaxnorm
113,Q0,ZF32-017-007,726,1.1829808888421902,minmaxnorm
113,Q0,ZF32-244-266,727,1.1822981810392952,minmaxnorm
113,Q0,ZF32-083-138,728,1.1822859034506306,minmaxnorm
113,Q0,AP900819-0072,729,1.1772871903752766,minmaxnorm
113,Q0,ZF32-256-004,730,1.176988168002241,minmaxnorm
113,Q0,AP901001-0264,731,1.1751772792195996,minmaxnorm
113,Q0,ZF32-241-191,732,1.174576099774828,minmaxnorm
113,Q0,ZF32-145-094,733,1.171803448250666,minmaxnorm
113,Q0,AP900206-0128,734,1.1694066317552696,minmaxnorm
113,Q0,ZF32-060-068,735,1.165767705003021,minmaxnorm
113,Q0,PT3-05155812,736,1.163412135395748,minmaxnorm
113,Q0,AP900401-0017,737,1.1618697162343254,minmaxnorm
113,Q0,ZF32-169-170,738,1.1595194327482212,minmaxnorm
113,Q0,ZF32-128-197,739,1.1567210991669465,minmaxnorm
113,Q0,AP901031-0061,740,1.1512199728750019,minmaxnorm
113,Q0,ZF32-053-046,741,1.1511079055386257,minmaxnorm
113,Q0,ZF32-087-169,742,1.1507476299423944,minmaxnorm
113,Q0,ZF32-146-279,743,1.1479792385828573,minmaxnorm
113,Q0,ZF32-226-171,744,1.1437943681392677,minmaxnorm
113,Q0,AP900515-0252,745,1.142023505654098,minmaxnorm
113,Q0,ZF32-116-317,746,1.1410433249859697,minmaxnorm
113,Q0,ZF32-216-111,747,1.1391961211398376,minmaxnorm
113,Q0,ZF32-087-028,748,1.134402650363042,minmaxnorm
113,Q0,ZF32-151-057,749,1.1308836057126783,minmaxnorm
113,Q0,SJMN91-06299003,750,1.127716314671759,minmaxnorm
113,Q0,AP900112-0260,751,1.1259830007305507,minmaxnorm
113,Q0,ZF32-204-184,752,1.1254426454057997,minmaxnorm
113,Q0,ZF32-237-328,753,1.1208955315431899,minmaxnorm
113,Q0,ZF32-183-019,754,1.1207843421600174,minmaxnorm
113,Q0,AP900828-0119,755,1.120376843929117,minmaxnorm
113,Q0,ZF32-107-303,756,1.11416000273595,minmaxnorm
113,Q0,ZF32-196-182,757,1.1103231660115631,minmaxnorm
113,Q0,ZF32-025-033,758,1.1084760221311654,minmaxnorm
113,Q0,ZF32-226-203,759,1.1070461805186784,minmaxnorm
113,Q0,ZF32-216-130,760,1.106996003568867,minmaxnorm
113,Q0,AP900108-0087,761,1.1025598987357257,minmaxnorm
113,Q0,ZF310-709-035,762,1.1018742875681775,minmaxnorm
113,Q0,ZF32-011-136,763,1.0963309047466863,minmaxnorm
113,Q0,AP900405-0029,764,1.0924308670271723,minmaxnorm
113,Q0,SJMN91-06062172,765,1.088051856184451,minmaxnorm
113,Q0,ZF32-261-078,766,1.0875047540260145,minmaxnorm
113,Q0,ZF32-057-015,767,1.0860906878854966,minmaxnorm
113,Q0,ZF32-031-037,768,1.0857682456306337,minmaxnorm
113,Q0,AP900829-0008,769,1.0854574468487495,minmaxnorm
113,Q0,AP900216-0237,770,1.0821712090628608,minmaxnorm
113,Q0,ZF32-109-148,771,1.0821314317759203,minmaxnorm
113,Q0,SJMN91-06017256,772,1.0819414008474666,minmaxnorm
113,Q0,ZF32-184-160,773,1.0809070201538398,minmaxnorm
113,Q0,SJMN91-06011040,774,1.0795074430153477,minmaxnorm
113,Q0,SJMN91-06253109,775,1.0794666192029096,minmaxnorm
113,Q0,AP900904-0165,776,1.074567101834948,minmaxnorm
113,Q0,SJMN91-06331045,777,1.0693677892994766,minmaxnorm
113,Q0,ZF32-107-197,778,1.067462430009785,minmaxnorm
113,Q0,AP900122-0054,779,1.0639981749207963,minmaxnorm
113,Q0,ZF32-228-013,780,1.0615186612418683,minmaxnorm
113,Q0,AP900301-0004,781,1.0599061790668174,minmaxnorm
113,Q0,AP900628-0041,782,1.0581193818466346,minmaxnorm
113,Q0,ZF32-094-147,783,1.0557225777581365,minmaxnorm
113,Q0,AP900111-0101,784,1.055661338879263,minmaxnorm
113,Q0,SJMN91-06011257,785,1.0536544586141492,minmaxnorm
113,Q0,ZF32-246-257,786,1.0508473443589295,minmaxnorm
113,Q0,SJMN91-06011098,787,1.0504833811864038,minmaxnorm
113,Q0,AP901011-0085,788,1.0473642091668038,minmaxnorm
113,Q0,ZF32-136-272,789,1.0427678699793286,minmaxnorm
113,Q0,AP900131-0218,790,1.0424023880043722,minmaxnorm
113,Q0,ZF32-168-149,791,1.0396968965857984,minmaxnorm
113,Q0,ZF32-100-119,792,1.0383270250701595,minmaxnorm
113,Q0,ZF32-056-037,793,1.0373847827045501,minmaxnorm
113,Q0,ZF32-074-106,794,1.02380428736212,minmaxnorm
113,Q0,ZF32-137-069,795,1.0233165601429728,minmaxnorm
113,Q0,ZF32-077-208,796,1.0228252086500949,minmaxnorm
113,Q0,ZF32-071-223,797,1.0173721888800686,minmaxnorm
113,Q0,ZF32-111-199,798,1.0154230636172719,minmaxnorm
113,Q0,ZF32-125-041,799,1.0148295585072202,minmaxnorm
113,Q0,PT3-05178347,800,1.0145534985772073,minmaxnorm
113,Q0,ZF32-111-228,801,1.009709613162241,minmaxnorm
113,Q0,ZF32-244-194,802,1.0070425725292216,minmaxnorm
113,Q0,ZF32-215-272,803,1.0058754638484366,minmaxnorm
113,Q0,ZF32-241-201,804,1.0044114939583098,minmaxnorm
113,Q0,ZF32-136-142,805,1.0040875889349494,minmaxnorm
113,Q0,ZF32-242-111,806,1.002329378969606,minmaxnorm
113,Q0,ZF32-127-223,807,1.0007139773249207,minmaxnorm
113,Q0,SJMN91-06358027,808,1.0002165758714945,minmaxnorm
113,Q0,ZF32-157-217,809,0.9987041171641226,minmaxnorm
113,Q0,PT3-05179576,810,0.9961348096585405,minmaxnorm
113,Q0,SJMN91-06219224,811,0.995288310047535,minmaxnorm
113,Q0,ZF32-214-150,812,0.9950196937903271,minmaxnorm
113,Q0,ZF32-100-121,813,0.9943444216682392,minmaxnorm
113,Q0,ZF32-314-931,814,0.9920386690958726,minmaxnorm
113,Q0,AP900627-0199,815,0.9906927231614984,minmaxnorm
113,Q0,SJMN91-06273035,816,0.9883057435943662,minmaxnorm
113,Q0,ZF32-249-182,817,0.9830616533994303,minmaxnorm
113,Q0,ZF32-133-177,818,0.9826389730614716,minmaxnorm
113,Q0,ZF32-063-336,819,0.9820233827498004,minmaxnorm
113,Q0,ZF32-279-084,820,0.9813491215199411,minmaxnorm
113,Q0,ZF32-043-093,821,0.9779076278044284,minmaxnorm
113,Q0,ZF32-121-147,822,0.9766312672823463,minmaxnorm
113,Q0,ZF32-080-030,823,0.97229377153512,minmaxnorm
113,Q0,AP900524-0228,824,0.9716861452957142,minmaxnorm
113,Q0,ZF32-251-097,825,0.9662832842709627,minmaxnorm
113,Q0,ZF32-287-888,826,0.9619594991287749,minmaxnorm
113,Q0,ZF32-293-343,827,0.9601649777136612,minmaxnorm
113,Q0,ZF32-248-038,828,0.9582429685716407,minmaxnorm
113,Q0,AP900917-0173,829,0.9560552099512313,minmaxnorm
113,Q0,ZF32-012-200,830,0.9535543850580004,minmaxnorm
113,Q0,AP900426-0226,831,0.9520456601366617,minmaxnorm
113,Q0,ZF32-259-126,832,0.9504218474494086,minmaxnorm
113,Q0,ZF32-314-936,833,0.949457585088818,minmaxnorm
113,Q0,ZF310-640-642,834,0.9484061903814462,minmaxnorm
113,Q0,ZF32-127-088,835,0.9472235118749897,minmaxnorm
113,Q0,ZF32-314-941,836,0.9453790952275686,minmaxnorm
113,Q0,ZF32-314-940,837,0.9451415788632519,minmaxnorm
113,Q0,ZF32-131-085,838,0.944404376777589,minmaxnorm
113,Q0,AP900220-0002,839,0.943957617779252,minmaxnorm
113,Q0,ZF32-243-103,840,0.929579337374373,minmaxnorm
113,Q0,ZF32-037-315,841,0.9286666623598631,minmaxnorm
113,Q0,ZF32-039-103,842,0.9268596279508734,minmaxnorm
113,Q0,ZF32-153-059,843,0.9238333493023511,minmaxnorm
113,Q0,SJMN91-06039017,844,0.9235964887954352,minmaxnorm
113,Q0,ZF32-272-018,845,0.921840755099814,minmaxnorm
113,Q0,ZF32-182-130,846,0.9210996910655823,minmaxnorm
113,Q0,AP900727-0028,847,0.9209178327531057,minmaxnorm
113,Q0,AP900730-0149,848,0.9147963163008563,minmaxnorm
113,Q0,ZF32-017-397,849,0.9139895880068388,minmaxnorm
113,Q0,ZF32-085-023,850,0.9090088286437473,minmaxnorm
113,Q0,ZF32-280-004,851,0.9082076797053261,minmaxnorm
113,Q0,ZF32-083-091,852,0.9070904342200551,minmaxnorm
113,Q0,AP900125-0078,853,0.9062861893434462,minmaxnorm
113,Q0,ZF32-017-110,854,0.9038299826943585,minmaxnorm
113,Q0,AP900131-0027,855,0.90376534386791,minmaxnorm
113,Q0,PT3-05155742,856,0.9031974095858042,minmaxnorm
113,Q0,AP900119-0058,857,0.9030537307614449,minmaxnorm
113,Q0,ZF32-168-146,858,0.9019172966079914,minmaxnorm
113,Q0,SJMN91-06217059,859,0.8989513263922568,minmaxnorm
113,Q0,ZF32-221-109,860,0.8988088031389476,minmaxnorm
113,Q0,ZF32-129-227,861,0.8944998136224115,minmaxnorm
113,Q0,ZF32-055-295,862,0.893426689513246,minmaxnorm
113,Q0,ZF32-194-322,863,0.8924860808013356,minmaxnorm
113,Q0,AP901218-0203,864,0.8902172774048543,minmaxnorm
113,Q0,ZF32-059-110,865,0.8897654343358357,minmaxnorm
113,Q0,AP901203-0175,866,0.8897613693817447,minmaxnorm
113,Q0,ZF32-061-147,867,0.8892286697518282,minmaxnorm
113,Q0,AP901010-0060,868,0.8770458321033057,minmaxnorm
113,Q0,ZF32-214-170,869,0.8739557844275989,minmaxnorm
113,Q0,ZF32-055-263,870,0.873202853318565,minmaxnorm
113,Q0,ZF32-042-030,871,0.872358923694164,minmaxnorm
113,Q0,ZF32-181-351,872,0.8714186000511268,minmaxnorm
113,Q0,SJMN91-06259055,873,0.8710885922272712,minmaxnorm
113,Q0,AP900404-0042,874,0.8703702455799069,minmaxnorm
113,Q0,ZF32-124-205,875,0.8690326325851319,minmaxnorm
113,Q0,ZF32-237-064,876,0.8633228502197978,minmaxnorm
113,Q0,AP900712-0196,877,0.862086212991073,minmaxnorm
113,Q0,SJMN91-06028080,878,0.8615074535630325,minmaxnorm
113,Q0,ZF32-314-930,879,0.8605167857371734,minmaxnorm
113,Q0,ZF32-314-942,880,0.8587767077738233,minmaxnorm
113,Q0,SJMN91-06143024,881,0.8579837223744894,minmaxnorm
113,Q0,ZF32-119-025,882,0.8574667097135963,minmaxnorm
113,Q0,ZF32-183-243,883,0.8555655986957024,minmaxnorm
113,Q0,PT3-05179652,884,0.8552747272130209,minmaxnorm
113,Q0,ZF32-032-142,885,0.8485957173361456,minmaxnorm
113,Q0,SJMN91-06261173,886,0.8483970739625174,minmaxnorm
113,Q0,ZF32-093-199,887,0.8471056419163147,minmaxnorm
113,Q0,ZF310-612-275,888,0.8445484583185628,minmaxnorm
113,Q0,ZF310-656-354,889,0.844371874091901,minmaxnorm
113,Q0,SJMN91-06233008,890,0.8409474481164316,minmaxnorm
113,Q0,ZF32-209-185,891,0.8405012702588542,minmaxnorm
113,Q0,ZF32-260-131,892,0.8399615098483402,minmaxnorm
113,Q0,SJMN91-06304061,893,0.8365377283659969,minmaxnorm
113,Q0,ZF32-211-057,894,0.8362015604565346,minmaxnorm
113,Q0,SJMN91-06207185,895,0.835977945694384,minmaxnorm
113,Q0,AP900718-0148,896,0.8340421963506938,minmaxnorm
113,Q0,AP900501-0028,897,0.8334401938585847,minmaxnorm
113,Q0,ZF32-079-049,898,0.833385501844118,minmaxnorm
113,Q0,SJMN91-06179029,899,0.8317035963145678,minmaxnorm
113,Q0,ZF32-078-224,900,0.8316761988610469,minmaxnorm
113,Q0,ZF32-245-066,901,0.8271583935109603,minmaxnorm
113,Q0,ZF32-257-151,902,0.8229647709445838,minmaxnorm
113,Q0,ZF32-186-134,903,0.8215642931168552,minmaxnorm
113,Q0,AP900320-0140,904,0.8196424157879973,minmaxnorm
113,Q0,ZF32-126-038,905,0.8184383838277234,minmaxnorm
113,Q0,AP901126-0151,906,0.8173692588222657,minmaxnorm
113,Q0,AP900708-0022,907,0.8173434535245506,minmaxnorm
113,Q0,ZF32-076-298,908,0.8123352204728485,minmaxnorm
113,Q0,ZF32-186-106,909,0.8119530404533789,minmaxnorm
113,Q0,AP901112-0217,910,0.8112275389363899,minmaxnorm
113,Q0,SJMN91-06019188,911,0.811016943483295,minmaxnorm
113,Q0,ZF32-038-318,912,0.809751786823587,minmaxnorm
113,Q0,AP901005-0021,913,0.8094402852344277,minmaxnorm
113,Q0,ZF32-108-350,914,0.8082997664222508,minmaxnorm
113,Q0,SJMN91-06248084,915,0.8068207336982515,minmaxnorm
113,Q0,AP900106-0091,916,0.8026411848318591,minmaxnorm
113,Q0,ZF32-060-085,917,0.8013735697688408,minmaxnorm
113,Q0,AP901011-0163,918,0.7986715300645721,minmaxnorm
113,Q0,ZF32-037-004,919,0.797671785950901,minmaxnorm
113,Q0,ZF32-103-029,920,0.796696408957445,minmaxnorm
113,Q0,ZF32-231-252,921,0.7946996296037087,minmaxnorm
113,Q0,ZF32-029-173,922,0.7935609173127403,minmaxnorm
113,Q0,SJMN91-06226074,923,0.7928352055220568,minmaxnorm
113,Q0,ZF32-105-216,924,0.7928183369210721,minmaxnorm
113,Q0,ZF32-263-086,925,0.7925488738905448,minmaxnorm
113,Q0,ZF32-100-049,926,0.7910721202710077,minmaxnorm
113,Q0,ZF310-677-483,927,0.7892743044212029,minmaxnorm
113,Q0,ZF32-107-304,928,0.7864261298637034,minmaxnorm
113,Q0,ZF32-195-171,929,0.7860603423038777,minmaxnorm
113,Q0,SJMN91-06194260,930,0.7855978445380167,minmaxnorm
113,Q0,ZF32-029-166,931,0.7854496829850575,minmaxnorm
113,Q0,ZF32-193-297,932,0.7853628541659863,minmaxnorm
113,Q0,ZF32-246-354,933,0.7827178654343037,minmaxnorm
113,Q0,ZF32-293-350,934,0.7827114037550648,minmaxnorm
113,Q0,SJMN91-06154088,935,0.7825370163274918,minmaxnorm
113,Q0,AP901011-0089,936,0.7823126209101217,minmaxnorm
113,Q0,SJMN91-06330055,937,0.782124656225079,minmaxnorm
113,Q0,AP900227-0165,938,0.775836263506883,minmaxnorm
113,Q0,ZF32-208-048,939,0.7735729063063104,minmaxnorm
113,Q0,ZF32-124-207,940,0.7734613833190296,minmaxnorm
113,Q0,ZF32-135-184,941,0.7730918713742161,minmaxnorm
113,Q0,ZF310-576-232,942,0.7726229879321108,minmaxnorm
113,Q0,AP900228-0097,943,0.7680088221999258,minmaxnorm
113,Q0,PT3-05155590,944,0.7677761685026071,minmaxnorm
113,Q0,ZF32-240-194,945,0.7667677089901239,minmaxnorm
113,Q0,SJMN91-06240034,946,0.7658988464723403,minmaxnorm
113,Q0,AP901210-0190,947,0.7609468794274804,minmaxnorm
113,Q0,PT3-05179732,948,0.7609286102123467,minmaxnorm
113,Q0,AP900106-0098,949,0.7605857932876365,minmaxnorm
113,Q0,ZF32-009-014,950,0.7595846550218349,minmaxnorm
113,Q0,ZF310-642-144,951,0.759405616501724,minmaxnorm
113,Q0,ZF32-321-115,952,0.7581937789491715,minmaxnorm
113,Q0,AP900208-0143,953,0.7570493920726015,minmaxnorm
113,Q0,ZF32-111-190,954,0.7568717643106481,minmaxnorm
113,Q0,AP900111-0169,955,0.7567427579633945,minmaxnorm
113,Q0,SJMN91-06263064,956,0.7558587392315441,minmaxnorm
113,Q0,ZF32-037-113,957,0.7531874180460268,minmaxnorm
113,Q0,SJMN91-06330076,958,0.7516069066794681,minmaxnorm
113,Q0,SJMN91-06094020,959,0.7494776501026759,minmaxnorm
113,Q0,ZF32-053-024,960,0.7489582135342571,minmaxnorm
113,Q0,ZF32-240-176,961,0.7485184645025041,minmaxnorm
113,Q0,ZF32-192-152,962,0.7467018245543537,minmaxnorm
113,Q0,ZF32-241-241,963,0.7453879782488315,minmaxnorm
113,Q0,ZF32-074-077,964,0.7441768139093125,minmaxnorm
113,Q0,ZF32-026-010,965,0.7431722507132377,minmaxnorm
113,Q0,ZF32-256-006,966,0.7408811353619075,minmaxnorm
113,Q0,ZF32-249-176,967,0.7408417202172801,minmaxnorm
113,Q0,ZF32-256-052,968,0.7407400792898486,minmaxnorm
113,Q0,SJMN91-06174093,969,0.7400047844509586,minmaxnorm
113,Q0,AP900319-0195,970,0.735379101485338,minmaxnorm
113,Q0,ZF32-095-033,971,0.7306750200712409,minmaxnorm
113,Q0,ZF32-038-309,972,0.7293873113506145,minmaxnorm
113,Q0,AP900831-0170,973,0.7273413359642618,minmaxnorm
113,Q0,ZF32-096-135,974,0.7272741863862142,minmaxnorm
113,Q0,AP900717-0151,975,0.7265394734458674,minmaxnorm
113,Q0,ZF32-028-193,976,0.7259963243238581,minmaxnorm
113,Q0,ZF32-007-150,977,0.7257313795285347,minmaxnorm
113,Q0,ZF32-168-104,978,0.7251981970134181,minmaxnorm
113,Q0,ZF32-021-196,979,0.7240510350905377,minmaxnorm
113,Q0,ZF32-249-179,980,0.7211082489606536,minmaxnorm
113,Q0,AP900726-0149,981,0.720936111653599,minmaxnorm
113,Q0,AP900105-0259,982,0.7208902163274279,minmaxnorm
113,Q0,SJMN91-06170017,983,0.7205034834293522,minmaxnorm
113,Q0,ZF32-328-995,984,0.7203970066845595,minmaxnorm
113,Q0,ZF32-200-200,985,0.7196478564862395,minmaxnorm
113,Q0,SJMN91-06124123,986,0.7184432727520913,minmaxnorm
113,Q0,ZF32-204-069,987,0.7164441037599761,minmaxnorm
113,Q0,SJMN91-06101282,988,0.7163259985259725,minmaxnorm
113,Q0,ZF32-132-250,989,0.7154278889771506,minmaxnorm
113,Q0,SJMN91-06170019,990,0.7152041795618301,minmaxnorm
113,Q0,AP900608-0221,991,0.7133202158930472,minmaxnorm
113,Q0,SJMN91-06292015,992,0.713193923918975,minmaxnorm
113,Q0,ZF32-254-060,993,0.712282259355045,minmaxnorm
113,Q0,ZF32-062-190,994,0.7107536861463455,minmaxnorm
113,Q0,ZF32-086-166,995,0.709241523654685,minmaxnorm
113,Q0,ZF32-310-970,996,0.709112413068747,minmaxnorm
113,Q0,AP900430-0119,997,0.7085165662854189,minmaxnorm
113,Q0,ZF32-109-001,998,0.7064097359235447,minmaxnorm
113,Q0,ZF32-092-063,999,0.7059615019206491,minmaxnorm
113,Q0,ZF32-099-254,1000,0.7054269700654769,minmaxnorm
116,Q0,AP900123-0145,1,14.23395476547098,minmaxnorm
116,Q0,AP900208-0294,2,14.143308795079077,minmaxnorm
116,Q0,AP900118-0017,3,13.285954641204134,minmaxnorm
116,Q0,AP900201-0025,4,13.045162676043752,minmaxnorm
116,Q0,AP901114-0150,5,12.072020471792783,minmaxnorm
116,Q0,AP900627-0253,6,11.692344750455678,minmaxnorm
116,Q0,AP900613-0241,7,11.582056413194406,minmaxnorm
116,Q0,AP900823-0265,8,10.354658223887316,minmaxnorm
116,Q0,AP900201-0296,9,10.258290517090506,minmaxnorm
116,Q0,AP901019-0007,10,9.93288011749305,minmaxnorm
116,Q0,AP900105-0097,11,9.813295707855286,minmaxnorm
116,Q0,AP901212-0226,12,9.609291733537663,minmaxnorm
116,Q0,AP900126-0212,13,9.454276951061868,minmaxnorm
116,Q0,AP900913-0044,14,9.354200796400612,minmaxnorm
116,Q0,AP900126-0044,15,9.107835831552528,minmaxnorm
116,Q0,AP901115-0255,16,8.851743606364556,minmaxnorm
116,Q0,AP901220-0032,17,8.82151731454111,minmaxnorm
116,Q0,AP900301-0028,18,8.781279906699135,minmaxnorm
116,Q0,AP900216-0290,19,8.686963455955997,minmaxnorm
116,Q0,AP900228-0180,20,8.674891422671049,minmaxnorm
116,Q0,AP900719-0074,21,8.53268943380195,minmaxnorm
116,Q0,AP900223-0272,22,8.129476912441234,minmaxnorm
116,Q0,AP900117-0264,23,7.609412739734039,minmaxnorm
116,Q0,AP900331-0118,24,7.475677501278424,minmaxnorm
116,Q0,AP900628-0047,25,7.420799508977068,minmaxnorm
116,Q0,AP900717-0019,26,7.105863488617923,minmaxnorm
116,Q0,SJMN91-06313068,27,6.851270852334826,minmaxnorm
116,Q0,AP900215-0140,28,6.813144250014218,minmaxnorm
116,Q0,AP900618-0067,29,6.617777605935664,minmaxnorm
116,Q0,AP901101-0064,30,6.590652360262089,minmaxnorm
116,Q0,AP900228-0115,31,6.424883817639677,minmaxnorm
116,Q0,AP901121-0270,32,6.125521408729378,minmaxnorm
116,Q0,SJMN91-06083159,33,6.040239230923455,minmaxnorm
116,Q0,AP900727-0185,34,6.034756041927287,minmaxnorm
116,Q0,AP900717-0147,35,5.984678251952732,minmaxnorm
116,Q0,AP900517-0136,36,5.669352945486658,minmaxnorm
116,Q0,AP900307-0257,37,5.627585504290285,minmaxnorm
116,Q0,AP900619-0179,38,5.508890284939956,minmaxnorm
116,Q0,AP900718-0116,39,5.376772001399522,minmaxnorm
116,Q0,AP900425-0173,40,5.3472886999592415,minmaxnorm
116,Q0,AP900123-0025,41,5.239926911997673,minmaxnorm
116,Q0,SJMN91-06051104,42,5.172521819540703,minmaxnorm
116,Q0,AP901214-0162,43,4.968406344914788,minmaxnorm
116,Q0,AP900806-0132,44,4.869304593077511,minmaxnorm
116,Q0,AP900804-0177,45,4.771754402754465,minmaxnorm
116,Q0,ZF32-320-883,46,4.631194275535502,minmaxnorm
116,Q0,AP901215-0061,47,4.597235554511497,minmaxnorm
116,Q0,SJMN91-06148027,48,4.519886941979199,minmaxnorm
116,Q0,SJMN91-06318215,49,4.28057617865906,minmaxnorm
116,Q0,AP900717-0111,50,4.238110636812919,minmaxnorm
116,Q0,SJMN91-06265030,51,4.181566448665718,minmaxnorm
116,Q0,AP901219-0041,52,4.175157358597334,minmaxnorm
116,Q0,SJMN91-06051141,53,4.126088023887508,minmaxnorm
116,Q0,SJMN91-06311112,54,4.090549311531809,minmaxnorm
116,Q0,AP901002-0059,55,4.030709826692246,minmaxnorm
116,Q0,ZF32-309-752,56,4.003259664902337,minmaxnorm
116,Q0,AP900718-0039,57,3.9721514503056685,minmaxnorm
116,Q0,SJMN91-06110002,58,3.8767320840348733,minmaxnorm
116,Q0,AP900321-0265,59,3.698535648634549,minmaxnorm
116,Q0,SJMN91-06095027,60,3.6904392549072185,minmaxnorm
116,Q0,SJMN91-06067073,61,3.611272192987417,minmaxnorm
116,Q0,AP900421-0028,62,3.5175910265650763,minmaxnorm
116,Q0,AP901011-0136,63,3.5068316024950006,minmaxnorm
116,Q0,AP900108-0116,64,3.501922022030839,minmaxnorm
116,Q0,PT3-05177064,65,3.4791984485968968,minmaxnorm
116,Q0,SJMN91-06277089,66,3.4642680483604837,minmaxnorm
116,Q0,SJMN91-06352227,67,3.455875263915497,minmaxnorm
116,Q0,AP900527-0025,68,3.447029489015176,minmaxnorm
116,Q0,AP900731-0001,69,3.43216500833292,minmaxnorm
116,Q0,AP901208-0015,70,3.426901456618134,minmaxnorm
116,Q0,AP901204-0129,71,3.3847022762369954,minmaxnorm
116,Q0,AP900913-0163,72,3.3837379944231434,minmaxnorm
116,Q0,SJMN91-06101280,73,3.369454472142682,minmaxnorm
116,Q0,PT3-05177079,74,3.366013555463796,minmaxnorm
116,Q0,SJMN91-06187210,75,3.3374533095536822,minmaxnorm
116,Q0,AP901217-0134,76,3.3287604615291393,minmaxnorm
116,Q0,SJMN91-06205053,77,3.297503304274291,minmaxnorm
116,Q0,SJMN91-06213046,78,3.263081258519957,minmaxnorm
116,Q0,AP901029-0260,79,3.203243152380663,minmaxnorm
116,Q0,ZF32-298-047,80,3.174893277125875,minmaxnorm
116,Q0,ZF32-286-223,81,3.150647359209856,minmaxnorm
116,Q0,SJMN91-06201164,82,3.139035597716332,minmaxnorm
116,Q0,SJMN91-06076127,83,3.129888047219186,minmaxnorm
116,Q0,AP901221-0104,84,3.1229007349234315,minmaxnorm
116,Q0,AP900627-0033,85,3.120767395327845,minmaxnorm
116,Q0,AP900806-0066,86,3.0706552254386548,minmaxnorm
116,Q0,AP901121-0160,87,3.049234632418972,minmaxnorm
116,Q0,SJMN91-06066265,88,3.0038936833345633,minmaxnorm
116,Q0,PT3-05178867,89,2.9849215474130615,minmaxnorm
116,Q0,AP900426-0052,90,2.9837373597021397,minmaxnorm
116,Q0,SJMN91-06085016,91,2.970822441504382,minmaxnorm
116,Q0,SJMN91-06313187,92,2.9529801902266852,minmaxnorm
116,Q0,SJMN91-06058179,93,2.9110999916983844,minmaxnorm
116,Q0,SJMN91-06073166,94,2.898773890540555,minmaxnorm
116,Q0,SJMN91-06003049,95,2.8958843868530546,minmaxnorm
116,Q0,SJMN91-06304168,96,2.879545058016957,minmaxnorm
116,Q0,AP900329-0154,97,2.8693946717760173,minmaxnorm
116,Q0,ZF32-295-1141,98,2.8618430073265833,minmaxnorm
116,Q0,AP900119-0156,99,2.8408149477333087,minmaxnorm
116,Q0,SJMN91-06035095,100,2.8123982822167157,minmaxnorm
116,Q0,AP901108-0149,101,2.8104071031055042,minmaxnorm
116,Q0,SJMN91-06083031,102,2.8087028972292565,minmaxnorm
116,Q0,AP901105-0140,103,2.802389602127098,minmaxnorm
116,Q0,AP900105-0155,104,2.771765558347504,minmaxnorm
116,Q0,ZF32-276-053,105,2.76610761906565,minmaxnorm
116,Q0,AP901129-0140,106,2.7498080726906915,minmaxnorm
116,Q0,SJMN91-06155038,107,2.7475005854921504,minmaxnorm
116,Q0,SJMN91-06253001,108,2.726925742944914,minmaxnorm
116,Q0,ZF32-309-756,109,2.7234134845342775,minmaxnorm
116,Q0,AP900129-0055,110,2.7046226383935634,minmaxnorm
116,Q0,AP900510-0095,111,2.6923333856607794,minmaxnorm
116,Q0,SJMN91-06010063,112,2.683458419457889,minmaxnorm
116,Q0,PT3-05178880,113,2.676373181410849,minmaxnorm
116,Q0,AP901109-0118,114,2.6737877439195032,minmaxnorm
116,Q0,AP900323-0011,115,2.6720793338485147,minmaxnorm
116,Q0,AP900718-0268,116,2.656656198790427,minmaxnorm
116,Q0,AP900904-0196,117,2.6374055877680025,minmaxnorm
116,Q0,SJMN91-06170190,118,2.6370920543827587,minmaxnorm
116,Q0,AP900412-0219,119,2.6266296919378203,minmaxnorm
116,Q0,AP901212-0256,120,2.6256562236808128,minmaxnorm
116,Q0,SJMN91-06063037,121,2.618176319016768,minmaxnorm
116,Q0,SJMN91-06189072,122,2.6159688123111504,minmaxnorm
116,Q0,AP900420-0150,123,2.610185246426597,minmaxnorm
116,Q0,AP900416-0020,124,2.5990152456410294,minmaxnorm
116,Q0,AP900126-0210,125,2.588727612325916,minmaxnorm
116,Q0,AP901107-0240,126,2.5787795629128896,minmaxnorm
116,Q0,AP901204-0091,127,2.56483558931975,minmaxnorm
116,Q0,AP900111-0118,128,2.540578122203993,minmaxnorm
116,Q0,SJMN91-06049058,129,2.493929281960811,minmaxnorm
116,Q0,SJMN91-06015041,130,2.4921538665071865,minmaxnorm
116,Q0,AP900322-0156,131,2.486168325670801,minmaxnorm
116,Q0,SJMN91-06198253,132,2.4787437601793,minmaxnorm
116,Q0,AP900309-0175,133,2.4691858348034907,minmaxnorm
116,Q0,SJMN91-06193250,134,2.4411509989988414,minmaxnorm
116,Q0,AP900120-0026,135,2.422425306714697,minmaxnorm
116,Q0,AP900714-0002,136,2.4068705341844496,minmaxnorm
116,Q0,SJMN91-06308235,137,2.379519494982543,minmaxnorm
116,Q0,SJMN91-06150065,138,2.3625259187544687,minmaxnorm
116,Q0,SJMN91-06113010,139,2.3488398545393885,minmaxnorm
116,Q0,AP901213-0102,140,2.345607364129494,minmaxnorm
116,Q0,PT3-05177095,141,2.3338129916833084,minmaxnorm
116,Q0,ZF32-309-754,142,2.33010763532148,minmaxnorm
116,Q0,AP900216-0045,143,2.3261842502044936,minmaxnorm
116,Q0,SJMN91-06353014,144,2.3226262151070256,minmaxnorm
116,Q0,AP900308-0115,145,2.321843247173816,minmaxnorm
116,Q0,ZF32-313-356,146,2.3195783328191744,minmaxnorm
116,Q0,AP901101-0221,147,2.3151024772165747,minmaxnorm
116,Q0,AP900121-0031,148,2.3142060415973047,minmaxnorm
116,Q0,AP901025-0159,149,2.308755940794533,minmaxnorm
116,Q0,AP900331-0097,150,2.300522346265471,minmaxnorm
116,Q0,PT3-05179102,151,2.2953910366458197,minmaxnorm
116,Q0,PT3-05155227,152,2.2840223332356957,minmaxnorm
116,Q0,AP900222-0234,153,2.2697035531419547,minmaxnorm
116,Q0,ZF32-313-393,154,2.2413604498514927,minmaxnorm
116,Q0,AP900816-0067,155,2.231107496051882,minmaxnorm
116,Q0,AP901015-0145,156,2.2255292648087153,minmaxnorm
116,Q0,PT3-05177070,157,2.216877414548136,minmaxnorm
116,Q0,SJMN91-06257208,158,2.1834048404623174,minmaxnorm
116,Q0,AP901212-0154,159,2.171321678371359,minmaxnorm
116,Q0,AP900516-0148,160,2.162365602021466,minmaxnorm
116,Q0,SJMN91-06206025,161,2.130880062965013,minmaxnorm
116,Q0,SJMN91-06163117,162,2.1298162649229084,minmaxnorm
116,Q0,AP900308-0182,163,2.1265855799509485,minmaxnorm
116,Q0,AP900107-0083,164,2.125066655884867,minmaxnorm
116,Q0,ZF32-337-502,165,2.1194506296299616,minmaxnorm
116,Q0,PT3-05177074,166,2.118714622771052,minmaxnorm
116,Q0,SJMN91-06045077,167,2.1149321780726438,minmaxnorm
116,Q0,PT3-05155118,168,2.114597853861693,minmaxnorm
116,Q0,AP901030-0030,169,2.0990498264617314,minmaxnorm
116,Q0,PT3-05177081,170,2.0829141342323267,minmaxnorm
116,Q0,SJMN91-06314137,171,2.080391397813656,minmaxnorm
116,Q0,AP900809-0222,172,2.069169175033284,minmaxnorm
116,Q0,AP900409-0121,173,2.061069438500007,minmaxnorm
116,Q0,SJMN91-06268139,174,2.053132265648135,minmaxnorm
116,Q0,SJMN91-06121140,175,2.0436317417258856,minmaxnorm
116,Q0,PT3-05176907,176,2.038265009253081,minmaxnorm
116,Q0,PT3-05177112,177,2.0188837346319075,minmaxnorm
116,Q0,AP901121-0117,178,2.0176243099469775,minmaxnorm
116,Q0,ZF32-337-503,179,2.0128733382541193,minmaxnorm
116,Q0,AP900815-0085,180,2.011969405384289,minmaxnorm
116,Q0,SJMN91-06313094,181,2.0107990567347374,minmaxnorm
116,Q0,AP901212-0228,182,2.010634777893921,minmaxnorm
116,Q0,SJMN91-06143134,183,2.0084626834802655,minmaxnorm
116,Q0,SJMN91-06164159,184,1.9820655919678452,minmaxnorm
116,Q0,AP900918-0143,185,1.9737150272566024,minmaxnorm
116,Q0,SJMN91-06234250,186,1.967729296288843,minmaxnorm
116,Q0,ZF32-160-044,187,1.9657069184182625,minmaxnorm
116,Q0,SJMN91-06099090,188,1.9601605822121597,minmaxnorm
116,Q0,AP901203-0064,189,1.951149672462182,minmaxnorm
116,Q0,SJMN91-06284009,190,1.9443243619536625,minmaxnorm
116,Q0,PT3-05178878,191,1.9420109594887587,minmaxnorm
116,Q0,PT3-05177202,192,1.9396107636678128,minmaxnorm
116,Q0,AP901030-0212,193,1.9367894397898613,minmaxnorm
116,Q0,AP900224-0051,194,1.930588495812665,minmaxnorm
116,Q0,SJMN91-06300170,195,1.9301967730240253,minmaxnorm
116,Q0,SJMN91-06296176,196,1.9206996241626395,minmaxnorm
116,Q0,AP900120-0140,197,1.9183622902695912,minmaxnorm
116,Q0,AP900124-0150,198,1.9158811913059643,minmaxnorm
116,Q0,PT3-05179113,199,1.9050351890463708,minmaxnorm
116,Q0,AP900519-0007,200,1.903644445390327,minmaxnorm
116,Q0,SJMN91-06025297,201,1.9028164912611394,minmaxnorm
116,Q0,SJMN91-06306083,202,1.9007804352387052,minmaxnorm
116,Q0,SJMN91-06306056,203,1.8853941681223896,minmaxnorm
116,Q0,SJMN91-06065218,204,1.8849022407594653,minmaxnorm
116,Q0,AP900521-0152,205,1.8794937068527846,minmaxnorm
116,Q0,PT3-05179115,206,1.860377218385603,minmaxnorm
116,Q0,ZF32-324-1170,207,1.858467543116574,minmaxnorm
116,Q0,SJMN91-06164022,208,1.852125404056756,minmaxnorm
116,Q0,PT3-05178866,209,1.8487340533362193,minmaxnorm
116,Q0,AP900112-0159,210,1.8434249656406714,minmaxnorm
116,Q0,AP901205-0158,211,1.8414010503153866,minmaxnorm
116,Q0,AP901116-0148,212,1.8318779735848156,minmaxnorm
116,Q0,PT3-05179126,213,1.8276037376219758,minmaxnorm
116,Q0,AP901108-0181,214,1.8210498470879988,minmaxnorm
116,Q0,SJMN91-06290298,215,1.8183686367316825,minmaxnorm
116,Q0,SJMN91-06241096,216,1.8152501304958564,minmaxnorm
116,Q0,AP900524-0030,217,1.8124707308898276,minmaxnorm
116,Q0,AP900104-0149,218,1.7970644982448358,minmaxnorm
116,Q0,AP900223-0223,219,1.7937582280952031,minmaxnorm
116,Q0,SJMN91-06282006,220,1.7924689611935816,minmaxnorm
116,Q0,ZF32-332-1155,221,1.7783852759744694,minmaxnorm
116,Q0,AP900622-0110,222,1.7735967925731388,minmaxnorm
116,Q0,AP900125-0179,223,1.7510608612754985,minmaxnorm
116,Q0,AP901213-0163,224,1.7502463651819868,minmaxnorm
116,Q0,PT3-05176916,225,1.7494016057055861,minmaxnorm
116,Q0,AP901026-0045,226,1.7482295374276995,minmaxnorm
116,Q0,PT3-05177072,227,1.74027643408248,minmaxnorm
116,Q0,SJMN91-06147062,228,1.7388754350958966,minmaxnorm
116,Q0,AP900309-0051,229,1.7388009773945678,minmaxnorm
116,Q0,AP900623-0027,230,1.737973114652143,minmaxnorm
116,Q0,SJMN91-06188045,231,1.7295219830357642,minmaxnorm
116,Q0,SJMN91-06329009,232,1.727636366212008,minmaxnorm
116,Q0,ZF32-143-019,233,1.7269420151489534,minmaxnorm
116,Q0,SJMN91-06156010,234,1.7243213292191264,minmaxnorm
116,Q0,SJMN91-06306259,235,1.7137518162900638,minmaxnorm
116,Q0,AP900323-0167,236,1.7098710023230734,minmaxnorm
116,Q0,AP900312-0029,237,1.708899224483719,minmaxnorm
116,Q0,AP900823-0205,238,1.7034667976826605,minmaxnorm
116,Q0,AP901227-0092,239,1.7009567487018178,minmaxnorm
116,Q0,PT3-05155120,240,1.696440885850353,minmaxnorm
116,Q0,PT3-05155117,241,1.6959246883460162,minmaxnorm
116,Q0,PT3-05178419,242,1.6886014853231128,minmaxnorm
116,Q0,SJMN91-06249046,243,1.684964400831639,minmaxnorm
116,Q0,PT3-05176996,244,1.6803828242687895,minmaxnorm
116,Q0,PT3-05179123,245,1.6573210298830228,minmaxnorm
116,Q0,ZF32-309-753,246,1.6484683015888497,minmaxnorm
116,Q0,AP901109-0057,247,1.6473979933588476,minmaxnorm
116,Q0,PT3-05155126,248,1.6421879422012715,minmaxnorm
116,Q0,ZF32-341-088,249,1.633840477370236,minmaxnorm
116,Q0,SJMN91-06003221,250,1.6334202002877147,minmaxnorm
116,Q0,ZF32-069-049,251,1.6305434765076117,minmaxnorm
116,Q0,AP901109-0240,252,1.6298588360396011,minmaxnorm
116,Q0,AP900821-0007,253,1.6282470375082427,minmaxnorm
116,Q0,AP901016-0026,254,1.6254733893234967,minmaxnorm
116,Q0,AP900330-0031,255,1.6219429798390186,minmaxnorm
116,Q0,AP900522-0030,256,1.6201649994202176,minmaxnorm
116,Q0,AP901016-0150,257,1.6196553395719866,minmaxnorm
116,Q0,AP901119-0144,258,1.6181140385869857,minmaxnorm
116,Q0,AP901109-0082,259,1.6177507503556847,minmaxnorm
116,Q0,SJMN91-06163042,260,1.6172585405238893,minmaxnorm
116,Q0,ZF32-096-072,261,1.6111449445855957,minmaxnorm
116,Q0,AP901220-0133,262,1.607556769479459,minmaxnorm
116,Q0,SJMN91-06282002,263,1.60311522055771,minmaxnorm
116,Q0,AP900601-0064,264,1.6024694544497011,minmaxnorm
116,Q0,SJMN91-06012070,265,1.5943130627094382,minmaxnorm
116,Q0,AP900225-0023,266,1.5920229805254897,minmaxnorm
116,Q0,AP900917-0121,267,1.5918931060850978,minmaxnorm
116,Q0,SJMN91-06248177,268,1.586671498774635,minmaxnorm
116,Q0,ZF32-075-078,269,1.582804664976214,minmaxnorm
116,Q0,AP900223-0184,270,1.5762610130214103,minmaxnorm
116,Q0,AP901106-0023,271,1.5745536662257393,minmaxnorm
116,Q0,SJMN91-06064019,272,1.56987769430492,minmaxnorm
116,Q0,AP900623-0035,273,1.5671654985376144,minmaxnorm
116,Q0,PT3-05155268,274,1.5659918438267248,minmaxnorm
116,Q0,ZF32-332-1156,275,1.5615965860245187,minmaxnorm
116,Q0,SJMN91-06015207,276,1.5585478543447133,minmaxnorm
116,Q0,AP900313-0243,277,1.5570051384967745,minmaxnorm
116,Q0,AP901110-0136,278,1.5501905660488016,minmaxnorm
116,Q0,SJMN91-06171184,279,1.548696182784323,minmaxnorm
116,Q0,PT3-05154930,280,1.5429294149250596,minmaxnorm
116,Q0,SJMN91-06031045,281,1.5416573992988816,minmaxnorm
116,Q0,PT3-05178876,282,1.5404576854263772,minmaxnorm
116,Q0,AP900310-0115,283,1.5401807852581573,minmaxnorm
116,Q0,SJMN91-06284136,284,1.539215131677396,minmaxnorm
116,Q0,SJMN91-06075202,285,1.5351170683955033,minmaxnorm
116,Q0,AP900223-0064,286,1.5330382663100561,minmaxnorm
116,Q0,AP900718-0106,287,1.5221446321716023,minmaxnorm
116,Q0,SJMN91-06206121,288,1.5203153291406721,minmaxnorm
116,Q0,PT3-05155105,289,1.5143336628163506,minmaxnorm
116,Q0,AP900628-0131,290,1.5043492830473817,minmaxnorm
116,Q0,SJMN91-06264086,291,1.5038254775162407,minmaxnorm
116,Q0,AP900806-0096,292,1.4997991327467641,minmaxnorm
116,Q0,AP900118-0035,293,1.4925954476695977,minmaxnorm
116,Q0,ZF32-197-306,294,1.4898710650675806,minmaxnorm
116,Q0,SJMN91-06094011,295,1.4875372071593902,minmaxnorm
116,Q0,ZF32-337-504,296,1.4850082634522146,minmaxnorm
116,Q0,SJMN91-06331017,297,1.483239107649383,minmaxnorm
116,Q0,SJMN91-06177036,298,1.4809772454177739,minmaxnorm
116,Q0,SJMN91-06120080,299,1.4767007051360095,minmaxnorm
116,Q0,SJMN91-06175072,300,1.4724884922458352,minmaxnorm
116,Q0,SJMN91-06037278,301,1.4724463451219716,minmaxnorm
116,Q0,AP900417-0083,302,1.466513419793293,minmaxnorm
116,Q0,PT3-05177083,303,1.4648675615919522,minmaxnorm
116,Q0,AP900410-0014,304,1.463976479190245,minmaxnorm
116,Q0,AP901115-0204,305,1.4610629491239897,minmaxnorm
116,Q0,AP900209-0012,306,1.4603785019270088,minmaxnorm
116,Q0,PT3-05178635,307,1.4561335680858594,minmaxnorm
116,Q0,SJMN91-06073028,308,1.453439332455923,minmaxnorm
116,Q0,ZF32-341-087,309,1.4517286954668502,minmaxnorm
116,Q0,AP900811-0127,310,1.4450736162237285,minmaxnorm
116,Q0,AP900507-0120,311,1.4441530356669103,minmaxnorm
116,Q0,ZF32-257-045,312,1.4398962237981752,minmaxnorm
116,Q0,AP900626-0063,313,1.430206066070219,minmaxnorm
116,Q0,SJMN91-06064040,314,1.4296305510808078,minmaxnorm
116,Q0,SJMN91-06202035,315,1.423592552499421,minmaxnorm
116,Q0,PT3-05177109,316,1.4215343104105895,minmaxnorm
116,Q0,AP900621-0055,317,1.4196016508437186,minmaxnorm
116,Q0,AP900125-0247,318,1.4130149058357686,minmaxnorm
116,Q0,ZF32-283-017,319,1.4116516895411664,minmaxnorm
116,Q0,AP900507-0127,320,1.4109634738477128,minmaxnorm
116,Q0,AP900125-0200,321,1.4095446981798707,minmaxnorm
116,Q0,PT3-05155100,322,1.3966136078275921,minmaxnorm
116,Q0,AP900719-0215,323,1.395422211756666,minmaxnorm
116,Q0,PT3-05177060,324,1.392299942832137,minmaxnorm
116,Q0,ZF32-291-761,325,1.3839089714034034,minmaxnorm
116,Q0,AP900518-0164,326,1.3832254034907197,minmaxnorm
116,Q0,AP900227-0107,327,1.3812637783634356,minmaxnorm
116,Q0,PT3-05176638,328,1.3811525678441314,minmaxnorm
116,Q0,AP901222-0083,329,1.3790339512505014,minmaxnorm
116,Q0,SJMN91-06338027,330,1.3759928417067486,minmaxnorm
116,Q0,PT3-05155212,331,1.3722796237256722,minmaxnorm
116,Q0,SJMN91-06316198,332,1.3710570323955236,minmaxnorm
116,Q0,AP900903-0138,333,1.363575413126074,minmaxnorm
116,Q0,SJMN91-06227214,334,1.3616022732285304,minmaxnorm
116,Q0,AP900103-0005,335,1.3598359397695858,minmaxnorm
116,Q0,SJMN91-06122128,336,1.3590502485670908,minmaxnorm
116,Q0,AP900206-0030,337,1.3579087488904273,minmaxnorm
116,Q0,AP900124-0161,338,1.3572848475379433,minmaxnorm
116,Q0,PT3-05155218,339,1.351232026916374,minmaxnorm
116,Q0,SJMN91-06094180,340,1.348181210475173,minmaxnorm
116,Q0,AP900626-0111,341,1.3478688892114437,minmaxnorm
116,Q0,ZF32-260-047,342,1.3440721976735763,minmaxnorm
116,Q0,PT3-05155122,343,1.3431389062194985,minmaxnorm
116,Q0,AP900816-0181,344,1.340944903494243,minmaxnorm
116,Q0,ZF32-024-105,345,1.3404454658799825,minmaxnorm
116,Q0,SJMN91-06283227,346,1.3400003286119961,minmaxnorm
116,Q0,SJMN91-06290221,347,1.3372607121384974,minmaxnorm
116,Q0,ZF32-295-1142,348,1.333793396220842,minmaxnorm
116,Q0,SJMN91-06303098,349,1.3328231069628882,minmaxnorm
116,Q0,AP901206-0163,350,1.3272908676962725,minmaxnorm
116,Q0,AP900527-0043,351,1.32621521118788,minmaxnorm
116,Q0,AP900611-0106,352,1.3255889238710101,minmaxnorm
116,Q0,SJMN91-06223027,353,1.3236148520127848,minmaxnorm
116,Q0,ZF32-023-116,354,1.3177531920080212,minmaxnorm
116,Q0,SJMN91-06118022,355,1.3173464935430004,minmaxnorm
116,Q0,PT3-05177251,356,1.3168821326024196,minmaxnorm
116,Q0,AP900301-0071,357,1.3161036195826281,minmaxnorm
116,Q0,AP900807-0191,358,1.3144324084372818,minmaxnorm
116,Q0,SJMN91-06168067,359,1.3137362489906768,minmaxnorm
116,Q0,AP900621-0009,360,1.3120850390778016,minmaxnorm
116,Q0,ZF32-264-089,361,1.311082433502937,minmaxnorm
116,Q0,AP901121-0019,362,1.3104896035082871,minmaxnorm
116,Q0,AP900227-0077,363,1.3088754606897999,minmaxnorm
116,Q0,ZF32-312-114,364,1.3085025067638147,minmaxnorm
116,Q0,PT3-05177101,365,1.3077367503676065,minmaxnorm
116,Q0,SJMN91-06192128,366,1.3040488510191925,minmaxnorm
116,Q0,SJMN91-06324090,367,1.303804441891033,minmaxnorm
116,Q0,SJMN91-06241239,368,1.2971993649002889,minmaxnorm
116,Q0,AP900616-0022,369,1.296719530338651,minmaxnorm
116,Q0,SJMN91-06007132,370,1.2943298511751429,minmaxnorm
116,Q0,ZF32-311-822,371,1.2907182717389043,minmaxnorm
116,Q0,ZF32-114-019,372,1.2892674425882729,minmaxnorm
116,Q0,AP900202-0100,373,1.2892314257577273,minmaxnorm
116,Q0,ZF32-056-013,374,1.2888726842286586,minmaxnorm
116,Q0,SJMN91-06044258,375,1.2871351641540683,minmaxnorm
116,Q0,PT3-05155110,376,1.2830295873044297,minmaxnorm
116,Q0,AP900614-0099,377,1.2825058039233335,minmaxnorm
116,Q0,ZF32-348-188,378,1.2812582224409548,minmaxnorm
116,Q0,AP900620-0146,379,1.2782058597252512,minmaxnorm
116,Q0,AP900228-0152,380,1.2781886662410475,minmaxnorm
116,Q0,PT3-05179017,381,1.2773755639619486,minmaxnorm
116,Q0,ZF32-115-051,382,1.2766389416443564,minmaxnorm
116,Q0,PT3-05155027,383,1.2753444740731774,minmaxnorm
116,Q0,SJMN91-06064108,384,1.272878623000217,minmaxnorm
116,Q0,SJMN91-06058162,385,1.2720511010675821,minmaxnorm
116,Q0,PT3-05179093,386,1.2717441740694806,minmaxnorm
116,Q0,SJMN91-06338048,387,1.2706589117719338,minmaxnorm
116,Q0,SJMN91-06163139,388,1.2634373922136912,minmaxnorm
116,Q0,SJMN91-06356050,389,1.2631661144801585,minmaxnorm
116,Q0,AP900318-0023,390,1.2612570863682406,minmaxnorm
116,Q0,AP900807-0047,391,1.2604236627299354,minmaxnorm
116,Q0,AP900809-0057,392,1.2595845522354048,minmaxnorm
116,Q0,ZF32-341-1149,393,1.2577582880306073,minmaxnorm
116,Q0,PT3-05179104,394,1.2575668550962753,minmaxnorm
116,Q0,AP900913-0191,395,1.255759940848068,minmaxnorm
116,Q0,PT3-05177208,396,1.2516085173675273,minmaxnorm
116,Q0,AP900926-0269,397,1.2491576548114958,minmaxnorm
116,Q0,AP900323-0121,398,1.246793358431319,minmaxnorm
116,Q0,PT3-05177075,399,1.2465242627006492,minmaxnorm
116,Q0,PT3-05177087,400,1.2449624702237214,minmaxnorm
116,Q0,SJMN91-06138052,401,1.2443570226428524,minmaxnorm
116,Q0,SJMN91-06058176,402,1.2399891581943399,minmaxnorm
116,Q0,AP900116-0138,403,1.2396705438601074,minmaxnorm
116,Q0,ZF32-336-163,404,1.239276467341148,minmaxnorm
116,Q0,ZF310-620-075,405,1.2350568134578699,minmaxnorm
116,Q0,AP900503-0015,406,1.2327473874818393,minmaxnorm
116,Q0,PT3-05155096,407,1.231600194305007,minmaxnorm
116,Q0,AP900329-0037,408,1.2310164497711251,minmaxnorm
116,Q0,AP900823-0114,409,1.2304047684839239,minmaxnorm
116,Q0,PT3-05155133,410,1.2303687062198554,minmaxnorm
116,Q0,AP900405-0064,411,1.2302077071189723,minmaxnorm
116,Q0,PT3-05177099,412,1.227755013537208,minmaxnorm
116,Q0,SJMN91-06164031,413,1.2246982041515084,minmaxnorm
116,Q0,AP900404-0159,414,1.22463094443718,minmaxnorm
116,Q0,ZF32-298-466,415,1.2231656494855192,minmaxnorm
116,Q0,PT3-05179107,416,1.2210527474169195,minmaxnorm
116,Q0,SJMN91-06102084,417,1.2165630768530433,minmaxnorm
116,Q0,SJMN91-06149166,418,1.2162767284765241,minmaxnorm
116,Q0,SJMN91-06319235,419,1.2161373674906977,minmaxnorm
116,Q0,PT3-05179005,420,1.2125297381260154,minmaxnorm
116,Q0,AP900502-0076,421,1.2121677645571425,minmaxnorm
116,Q0,PT3-05177085,422,1.2055435748151002,minmaxnorm
116,Q0,AP900303-0025,423,1.2049644323781652,minmaxnorm
116,Q0,SJMN91-06221208,424,1.2046412161983895,minmaxnorm
116,Q0,ZF32-284-002,425,1.1989303690615434,minmaxnorm
116,Q0,SJMN91-06303026,426,1.19857556336518,minmaxnorm
116,Q0,SJMN91-06211010,427,1.1914128845717347,minmaxnorm
116,Q0,SJMN91-06264036,428,1.190849334493271,minmaxnorm
116,Q0,PT3-05176107,429,1.1899275976123727,minmaxnorm
116,Q0,SJMN91-06352154,430,1.1872797505592316,minmaxnorm
116,Q0,PT3-05179124,431,1.1854734684407553,minmaxnorm
116,Q0,AP901108-0222,432,1.18110807154009,minmaxnorm
116,Q0,PT3-05179089,433,1.1803275703457363,minmaxnorm
116,Q0,AP900823-0219,434,1.1790290249267739,minmaxnorm
116,Q0,ZF32-184-158,435,1.17709651615555,minmaxnorm
116,Q0,PT3-05155211,436,1.1757186917105904,minmaxnorm
116,Q0,SJMN91-06035092,437,1.1749372939551608,minmaxnorm
116,Q0,AP900112-0089,438,1.1730687766443375,minmaxnorm
116,Q0,PT3-05179288,439,1.1711371633724685,minmaxnorm
116,Q0,SJMN91-06243001,440,1.1667976784572653,minmaxnorm
116,Q0,ZF32-301-229,441,1.1652754240233474,minmaxnorm
116,Q0,SJMN91-06122035,442,1.1641064607005982,minmaxnorm
116,Q0,ZF32-042-111,443,1.1628986686537222,minmaxnorm
116,Q0,SJMN91-06185236,444,1.1611684806016185,minmaxnorm
116,Q0,AP900414-0007,445,1.1611433518744627,minmaxnorm
116,Q0,AP900622-0029,446,1.159309464071635,minmaxnorm
116,Q0,AP900717-0018,447,1.1533628187404688,minmaxnorm
116,Q0,PT3-05177106,448,1.1511600215628774,minmaxnorm
116,Q0,PT3-05178877,449,1.1508994689648564,minmaxnorm
116,Q0,SJMN91-06184019,450,1.1490829342716613,minmaxnorm
116,Q0,AP901031-0042,451,1.1485138638619088,minmaxnorm
116,Q0,SJMN91-06142175,452,1.1483226865047589,minmaxnorm
116,Q0,AP900714-0027,453,1.147261556137631,minmaxnorm
116,Q0,AP900209-0131,454,1.1464809672766683,minmaxnorm
116,Q0,SJMN91-06281156,455,1.1451190690242237,minmaxnorm
116,Q0,AP900330-0063,456,1.1441555652954478,minmaxnorm
116,Q0,ZF32-291-751,457,1.1422183309172456,minmaxnorm
116,Q0,AP900418-0106,458,1.1411103574401196,minmaxnorm
116,Q0,SJMN91-06046171,459,1.140345891162289,minmaxnorm
116,Q0,SJMN91-06101101,460,1.1398872537256568,minmaxnorm
116,Q0,SJMN91-06105095,461,1.1380704776585335,minmaxnorm
116,Q0,ZF32-161-178,462,1.137984830715375,minmaxnorm
116,Q0,AP900420-0188,463,1.1341146657675911,minmaxnorm
116,Q0,AP900503-0043,464,1.1331633626168383,minmaxnorm
116,Q0,AP900919-0120,465,1.1302461441679397,minmaxnorm
116,Q0,PT3-05176151,466,1.1250551595666562,minmaxnorm
116,Q0,ZF32-066-224,467,1.1185381082218149,minmaxnorm
116,Q0,SJMN91-06057008,468,1.1173666585093596,minmaxnorm
116,Q0,SJMN91-06138032,469,1.1166759393801031,minmaxnorm
116,Q0,PT3-05155132,470,1.1162979827426056,minmaxnorm
116,Q0,ZF32-351-534,471,1.1107561461776867,minmaxnorm
116,Q0,AP900506-0058,472,1.1088640130073666,minmaxnorm
116,Q0,ZF32-277-096,473,1.1052282954591748,minmaxnorm
116,Q0,PT3-05154924,474,1.1017412566605116,minmaxnorm
116,Q0,AP900502-0083,475,1.099846385073222,minmaxnorm
116,Q0,SJMN91-06241185,476,1.0997355665819968,minmaxnorm
116,Q0,AP900207-0033,477,1.0991015857553856,minmaxnorm
116,Q0,SJMN91-06068150,478,1.096443049328412,minmaxnorm
116,Q0,ZF32-035-140,479,1.0914762182360247,minmaxnorm
116,Q0,AP901220-0114,480,1.088831179972673,minmaxnorm
116,Q0,ZF32-129-227,481,1.0830533951044974,minmaxnorm
116,Q0,AP900216-0212,482,1.07933741695221,minmaxnorm
116,Q0,PT3-05177108,483,1.0776599411869543,minmaxnorm
116,Q0,PT3-05176145,484,1.0775148496440292,minmaxnorm
116,Q0,PT3-05155111,485,1.0771700492176692,minmaxnorm
116,Q0,SJMN91-06194144,486,1.07609117205753,minmaxnorm
116,Q0,SJMN91-06228213,487,1.0719616396041403,minmaxnorm
116,Q0,ZF32-295-1131,488,1.070982437274362,minmaxnorm
116,Q0,ZF32-249-180,489,1.0684340588543757,minmaxnorm
116,Q0,PT3-05177188,490,1.0664864438625319,minmaxnorm
116,Q0,SJMN91-06066017,491,1.0660920228106414,minmaxnorm
116,Q0,AP900207-0035,492,1.0626076609467363,minmaxnorm
116,Q0,AP900824-0031,493,1.0598691479725875,minmaxnorm
116,Q0,SJMN91-06068268,494,1.05820219898448,minmaxnorm
116,Q0,AP901120-0033,495,1.055649782229597,minmaxnorm
116,Q0,SJMN91-06268088,496,1.0543748318181194,minmaxnorm
116,Q0,SJMN91-06292234,497,1.0537379899994321,minmaxnorm
116,Q0,PT3-05177065,498,1.05291373603444,minmaxnorm
116,Q0,ZF32-020-089,499,1.0522218682807774,minmaxnorm
116,Q0,SJMN91-06193168,500,1.050788604699812,minmaxnorm
116,Q0,PT3-05176665,501,1.049578833926283,minmaxnorm
116,Q0,SJMN91-06054210,502,1.0482677987360554,minmaxnorm
116,Q0,SJMN91-06291267,503,1.0450593787003275,minmaxnorm
116,Q0,AP901213-0225,504,1.0450100141509575,minmaxnorm
116,Q0,PT3-05177259,505,1.0430762177488624,minmaxnorm
116,Q0,ZF32-301-230,506,1.0426909041684025,minmaxnorm
116,Q0,AP900503-0054,507,1.0360862469929786,minmaxnorm
116,Q0,SJMN91-06339248,508,1.0350442564972009,minmaxnorm
116,Q0,AP901227-0136,509,1.0333188247506362,minmaxnorm
116,Q0,AP900210-0080,510,1.0312448571605324,minmaxnorm
116,Q0,SJMN91-06213123,511,1.0260230314808338,minmaxnorm
116,Q0,ZF32-112-249,512,1.0258399782729093,minmaxnorm
116,Q0,SJMN91-06044232,513,1.025029592054341,minmaxnorm
116,Q0,SJMN91-06085057,514,1.0241190977971102,minmaxnorm
116,Q0,PT3-05177088,515,1.021813329224296,minmaxnorm
116,Q0,ZF32-074-070,516,1.0204237089107175,minmaxnorm
116,Q0,AP900126-0182,517,1.0193270713563496,minmaxnorm
116,Q0,ZF32-250-024,518,1.0189033485144476,minmaxnorm
116,Q0,AP900330-0118,519,1.0183599630307263,minmaxnorm
116,Q0,AP900530-0183,520,1.0173961087478784,minmaxnorm
116,Q0,SJMN91-06333047,521,1.0152608631462055,minmaxnorm
116,Q0,PT3-05155250,522,1.011847840330314,minmaxnorm
116,Q0,AP901207-0169,523,1.011000327686247,minmaxnorm
116,Q0,SJMN91-06304069,524,1.0076479010674402,minmaxnorm
116,Q0,SJMN91-06245217,525,1.0039821329579666,minmaxnorm
116,Q0,ZF32-307-590,526,1.0018565914001254,minmaxnorm
116,Q0,PT3-05155166,527,1.0015618900317322,minmaxnorm
116,Q0,ZF32-207-065,528,1.001136735652849,minmaxnorm
116,Q0,AP900216-0026,529,1.000701060233224,minmaxnorm
116,Q0,AP901011-0134,530,1.0004681267266062,minmaxnorm
116,Q0,AP900215-0165,531,0.9995053246234766,minmaxnorm
116,Q0,SJMN91-06269180,532,0.997622003936994,minmaxnorm
116,Q0,SJMN91-06275191,533,0.9970582068210575,minmaxnorm
116,Q0,PT3-05177071,534,0.9952929022737463,minmaxnorm
116,Q0,SJMN91-06318054,535,0.9949100603762301,minmaxnorm
116,Q0,AP900906-0037,536,0.9941424232740859,minmaxnorm
116,Q0,PT3-05154007,537,0.9933888978036235,minmaxnorm
116,Q0,ZF32-280-095,538,0.9924452935470562,minmaxnorm
116,Q0,AP901108-0080,539,0.9913747330246366,minmaxnorm
116,Q0,ZF32-306-216,540,0.9913674077072098,minmaxnorm
116,Q0,AP900313-0124,541,0.9912952348769002,minmaxnorm
116,Q0,AP900503-0235,542,0.9893681958714355,minmaxnorm
116,Q0,ZF32-315-050,543,0.9892181276057205,minmaxnorm
116,Q0,AP900113-0033,544,0.9877229366528063,minmaxnorm
116,Q0,SJMN91-06023071,545,0.9867531062100824,minmaxnorm
116,Q0,AP900124-0239,546,0.9832323481235432,minmaxnorm
116,Q0,PT3-05177023,547,0.9817810480874218,minmaxnorm
116,Q0,AP900907-0041,548,0.981429009176127,minmaxnorm
116,Q0,SJMN91-06133026,549,0.9802699789956376,minmaxnorm
116,Q0,AP900629-0027,550,0.9787554547174966,minmaxnorm
116,Q0,ZF32-334-1032,551,0.9776347172047044,minmaxnorm
116,Q0,SJMN91-06262083,552,0.9773160331167742,minmaxnorm
116,Q0,AP901204-0250,553,0.973832564577114,minmaxnorm
116,Q0,PT3-05179103,554,0.9724106751718526,minmaxnorm
116,Q0,PT3-05177063,555,0.9720344935275086,minmaxnorm
116,Q0,SJMN91-06116129,556,0.9688758070246026,minmaxnorm
116,Q0,ZF32-090-026,557,0.9687566923572077,minmaxnorm
116,Q0,AP900130-0153,558,0.9662628279216392,minmaxnorm
116,Q0,SJMN91-06056141,559,0.9636981260070223,minmaxnorm
116,Q0,AP901108-0034,560,0.959907985280558,minmaxnorm
116,Q0,PT3-05179079,561,0.9591841946590741,minmaxnorm
116,Q0,SJMN91-06140120,562,0.9570062133281823,minmaxnorm
116,Q0,ZF32-209-082,563,0.9555121960641333,minmaxnorm
116,Q0,SJMN91-06077033,564,0.9518921011320263,minmaxnorm
116,Q0,SJMN91-06052083,565,0.9505163937475107,minmaxnorm
116,Q0,AP900820-0138,566,0.9497853095162232,minmaxnorm
116,Q0,ZF32-003-152,567,0.9492098409877869,minmaxnorm
116,Q0,ZF32-162-065,568,0.9486233857585424,minmaxnorm
116,Q0,ZF32-092-052,569,0.9475930741966309,minmaxnorm
116,Q0,ZF32-303-1118,570,0.9391188104809589,minmaxnorm
116,Q0,ZF32-298-934,571,0.9387973249385331,minmaxnorm
116,Q0,ZF32-350-1236,572,0.9380664598932622,minmaxnorm
116,Q0,AP900103-0209,573,0.936705029624741,minmaxnorm
116,Q0,PT3-05155215,574,0.9330013533631288,minmaxnorm
116,Q0,AP900209-0253,575,0.9321745567888325,minmaxnorm
116,Q0,ZF32-257-046,576,0.9315667633194422,minmaxnorm
116,Q0,ZF32-249-182,577,0.9310518898044032,minmaxnorm
116,Q0,PT3-05177198,578,0.9307998789752239,minmaxnorm
116,Q0,AP900907-0055,579,0.9243365531944145,minmaxnorm
116,Q0,AP900531-0163,580,0.9236388076669451,minmaxnorm
116,Q0,SJMN91-06198029,581,0.9235482362311982,minmaxnorm
116,Q0,SJMN91-06276247,582,0.9222188269390875,minmaxnorm
116,Q0,SJMN91-06338185,583,0.9220082673934898,minmaxnorm
116,Q0,PT3-05178763,584,0.9194356559021069,minmaxnorm
116,Q0,SJMN91-06241001,585,0.9193591967993807,minmaxnorm
116,Q0,ZF32-347-139,586,0.9137253788013092,minmaxnorm
116,Q0,ZF32-253-180,587,0.9132292781410091,minmaxnorm
116,Q0,AP900214-0154,588,0.9127800002721711,minmaxnorm
116,Q0,AP900905-0197,589,0.912677107256907,minmaxnorm
116,Q0,ZF32-191-045,590,0.9108774878572556,minmaxnorm
116,Q0,AP900812-0065,591,0.9105111556549625,minmaxnorm
116,Q0,PT3-05178882,592,0.9102721382711736,minmaxnorm
116,Q0,AP901011-0185,593,0.9094125565983896,minmaxnorm
116,Q0,ZF32-089-099,594,0.9073624765403909,minmaxnorm
116,Q0,ZF32-334-560,595,0.9068805362128342,minmaxnorm
116,Q0,SJMN91-06163217,596,0.9049850411802163,minmaxnorm
116,Q0,AP900331-0091,597,0.9048444839700667,minmaxnorm
116,Q0,ZF32-298-261,598,0.9041926729414671,minmaxnorm
116,Q0,AP900129-0246,599,0.9039451211709969,minmaxnorm
116,Q0,ZF32-055-004,600,0.9022140424526421,minmaxnorm
116,Q0,AP900213-0056,601,0.8992283887370306,minmaxnorm
116,Q0,ZF32-129-116,602,0.8989115514988251,minmaxnorm
116,Q0,SJMN91-06162155,603,0.8934145657148496,minmaxnorm
116,Q0,ZF32-101-085,604,0.8927477592494318,minmaxnorm
116,Q0,AP900116-0081,605,0.8925840456041713,minmaxnorm
116,Q0,AP900309-0026,606,0.8909519096870168,minmaxnorm
116,Q0,AP900503-0092,607,0.8905497363934766,minmaxnorm
116,Q0,SJMN91-06331002,608,0.8876840837919686,minmaxnorm
116,Q0,ZF32-333-1193,609,0.8870423622800713,minmaxnorm
116,Q0,ZF32-291-698,610,0.8866400431437718,minmaxnorm
116,Q0,ZF32-272-117,611,0.8861750293959625,minmaxnorm
116,Q0,SJMN91-06322204,612,0.8858041317503644,minmaxnorm
116,Q0,AP900319-0016,613,0.8857319357316303,minmaxnorm
116,Q0,ZF32-354-757,614,0.8832173152390858,minmaxnorm
116,Q0,ZF32-306-463,615,0.8819228642216357,minmaxnorm
116,Q0,SJMN91-06211082,616,0.8799259740975458,minmaxnorm
116,Q0,PT3-05177077,617,0.8799189793447867,minmaxnorm
116,Q0,SJMN91-06111073,618,0.8767059221698443,minmaxnorm
116,Q0,SJMN91-06089008,619,0.8755217370677785,minmaxnorm
116,Q0,SJMN91-06122170,620,0.8750646013482932,minmaxnorm
116,Q0,SJMN91-06147088,621,0.8749548567196208,minmaxnorm
116,Q0,PT3-05155130,622,0.872632622040379,minmaxnorm
116,Q0,PT3-05177082,623,0.8710497238591876,minmaxnorm
116,Q0,AP900131-0109,624,0.8706888879953871,minmaxnorm
116,Q0,SJMN91-06283080,625,0.870568401939098,minmaxnorm
116,Q0,SJMN91-06170010,626,0.8704563521225089,minmaxnorm
116,Q0,PT3-05177086,627,0.8700875619577648,minmaxnorm
116,Q0,ZF32-161-174,628,0.8687398607768384,minmaxnorm
116,Q0,AP900407-0121,629,0.8680478176799504,minmaxnorm
116,Q0,SJMN91-06300141,630,0.8676650085649731,minmaxnorm
116,Q0,AP900608-0239,631,0.8652668398573377,minmaxnorm
116,Q0,ZF32-118-122,632,0.8649553677485002,minmaxnorm
116,Q0,ZF32-137-099,633,0.863141382633213,minmaxnorm
116,Q0,ZF32-049-045,634,0.8631129176153761,minmaxnorm
116,Q0,ZF32-229-158,635,0.8621180727283206,minmaxnorm
116,Q0,PT3-05176913,636,0.8613290998192717,minmaxnorm
116,Q0,ZF32-019-040,637,0.8606736566498113,minmaxnorm
116,Q0,AP900118-0285,638,0.8597580555526048,minmaxnorm
116,Q0,SJMN91-06212051,639,0.8594147576833476,minmaxnorm
116,Q0,PT3-05177221,640,0.8585526525363683,minmaxnorm
116,Q0,PT3-05154887,641,0.8584691889881622,minmaxnorm
116,Q0,ZF32-254-113,642,0.8572088073430759,minmaxnorm
116,Q0,ZF32-106-037,643,0.8554943923664758,minmaxnorm
116,Q0,SJMN91-06220180,644,0.8540030929079165,minmaxnorm
116,Q0,ZF32-342-739,645,0.8521793706623546,minmaxnorm
116,Q0,PT3-05177305,646,0.8519524085853512,minmaxnorm
116,Q0,ZF32-268-068,647,0.8514604306723447,minmaxnorm
116,Q0,ZF32-070-145,648,0.8501284954711907,minmaxnorm
116,Q0,ZF32-131-121,649,0.8493915854956708,minmaxnorm
116,Q0,SJMN91-06164231,650,0.8485111364880457,minmaxnorm
116,Q0,ZF32-096-106,651,0.847952175910562,minmaxnorm
116,Q0,AP900727-0156,652,0.8469977645895967,minmaxnorm
116,Q0,SJMN91-06035141,653,0.8468595803885778,minmaxnorm
116,Q0,AP901005-0050,654,0.8463904586600701,minmaxnorm
116,Q0,SJMN91-06121124,655,0.8458257468905386,minmaxnorm
116,Q0,SJMN91-06049004,656,0.8446762335941767,minmaxnorm
116,Q0,ZF32-229-157,657,0.843863662213364,minmaxnorm
116,Q0,AP901018-0280,658,0.8430850800188027,minmaxnorm
116,Q0,AP901129-0131,659,0.8413699171424442,minmaxnorm
116,Q0,AP900712-0031,660,0.84117805686234,minmaxnorm
116,Q0,SJMN91-06184068,661,0.8406330993313669,minmaxnorm
116,Q0,ZF32-333-1195,662,0.8401773350770378,minmaxnorm
116,Q0,AP900721-0002,663,0.8397443862899641,minmaxnorm
116,Q0,SJMN91-06214039,664,0.8355767046410394,minmaxnorm
116,Q0,SJMN91-06135060,665,0.835413989936927,minmaxnorm
116,Q0,PT3-05177097,666,0.8321667684742337,minmaxnorm
116,Q0,PT3-05178386,667,0.8303813296239897,minmaxnorm
116,Q0,PT3-05179111,668,0.8295999984368556,minmaxnorm
116,Q0,PT3-05179112,669,0.8274486297918651,minmaxnorm
116,Q0,AP900728-0118,670,0.8267759240354107,minmaxnorm
116,Q0,SJMN91-06068178,671,0.8258304472347158,minmaxnorm
116,Q0,AP900504-0119,672,0.8235616532913923,minmaxnorm
116,Q0,SJMN91-06067051,673,0.823221765062778,minmaxnorm
116,Q0,AP900321-0033,674,0.8216410744842826,minmaxnorm
116,Q0,ZF32-153-246,675,0.8209992346997717,minmaxnorm
116,Q0,ZF32-152-154,676,0.8197563261632362,minmaxnorm
116,Q0,AP900822-0102,677,0.8183466748480355,minmaxnorm
116,Q0,SJMN91-06307197,678,0.818077807383703,minmaxnorm
116,Q0,ZF32-186-013,679,0.8169217016320334,minmaxnorm
116,Q0,PT3-05179701,680,0.8163466858054675,minmaxnorm
116,Q0,ZF310-619-987,681,0.8154798627481146,minmaxnorm
116,Q0,ZF32-297-977,682,0.8149544760069457,minmaxnorm
116,Q0,AP900825-0138,683,0.8128795476915575,minmaxnorm
116,Q0,PT3-05175968,684,0.8122761438079206,minmaxnorm
116,Q0,PT3-05178868,685,0.8122411193370099,minmaxnorm
116,Q0,ZF32-043-093,686,0.8121394128308009,minmaxnorm
116,Q0,ZF32-294-554,687,0.8114946513909435,minmaxnorm
116,Q0,AP900110-0033,688,0.8111196002486776,minmaxnorm
116,Q0,AP900206-0178,689,0.8111118140857505,minmaxnorm
116,Q0,SJMN91-06151023,690,0.8094259199819795,minmaxnorm
116,Q0,ZF32-274-048,691,0.8076879549527252,minmaxnorm
116,Q0,ZF32-062-165,692,0.8061554453330099,minmaxnorm
116,Q0,AP900227-0088,693,0.8058658135260596,minmaxnorm
116,Q0,ZF32-041-206,694,0.8046532308882439,minmaxnorm
116,Q0,ZF32-331-586,695,0.8045624338603328,minmaxnorm
116,Q0,AP900206-0137,696,0.8043555998851097,minmaxnorm
116,Q0,SJMN91-06256237,697,0.8037293313193545,minmaxnorm
116,Q0,PT3-05155045,698,0.8037204054954217,minmaxnorm
116,Q0,ZF32-142-161,699,0.8034119697552725,minmaxnorm
116,Q0,ZF32-293-1001,700,0.803033338308365,minmaxnorm
116,Q0,AP900425-0145,701,0.8021421672671297,minmaxnorm
116,Q0,SJMN91-06176178,702,0.8006937058574364,minmaxnorm
116,Q0,AP900913-0150,703,0.8001080826441931,minmaxnorm
116,Q0,AP900911-0006,704,0.8000031432065147,minmaxnorm
116,Q0,AP901206-0050,705,0.7995619772138558,minmaxnorm
116,Q0,ZF32-222-293,706,0.798993686673074,minmaxnorm
116,Q0,AP900421-0009,707,0.7973350944771069,minmaxnorm
116,Q0,ZF32-336-070,708,0.7956287585091277,minmaxnorm
116,Q0,SJMN91-06057214,709,0.7946109929830645,minmaxnorm
116,Q0,AP900405-0280,710,0.7945927261402025,minmaxnorm
116,Q0,AP901204-0058,711,0.7945806923964491,minmaxnorm
116,Q0,AP900111-0262,712,0.7924178329488418,minmaxnorm
116,Q0,AP900522-0021,713,0.7921220169499323,minmaxnorm
116,Q0,ZF32-334-565,714,0.7905591756232606,minmaxnorm
116,Q0,ZF32-078-111,715,0.7903314061733246,minmaxnorm
116,Q0,ZF310-626-559,716,0.7899574192092651,minmaxnorm
116,Q0,AP900426-0043,717,0.7890567724299423,minmaxnorm
116,Q0,AP900404-0051,718,0.7890098478891671,minmaxnorm
116,Q0,SJMN91-06162198,719,0.7885599240730267,minmaxnorm
116,Q0,AP900806-0173,720,0.78759780158508,minmaxnorm
116,Q0,ZF32-087-045,721,0.7875106377986976,minmaxnorm
116,Q0,PT3-05177092,722,0.787040251123594,minmaxnorm
116,Q0,PT3-05178676,723,0.7862747943647661,minmaxnorm
116,Q0,PT3-05155273,724,0.7852306734214273,minmaxnorm
116,Q0,PT3-05154841,725,0.7846465689157331,minmaxnorm
116,Q0,AP900521-0141,726,0.7834606029552982,minmaxnorm
116,Q0,SJMN91-06003218,727,0.7834099390014592,minmaxnorm
116,Q0,ZF32-088-028,728,0.7813463443147919,minmaxnorm
116,Q0,SJMN91-06205178,729,0.7807368426058877,minmaxnorm
116,Q0,ZF32-290-042,730,0.7804158183143814,minmaxnorm
116,Q0,AP900122-0101,731,0.780043867700252,minmaxnorm
116,Q0,PT3-05179698,732,0.7794808796704571,minmaxnorm
116,Q0,AP900227-0207,733,0.7790983325575627,minmaxnorm
116,Q0,PT3-05177102,734,0.7788584528971999,minmaxnorm
116,Q0,AP900409-0107,735,0.7787856954573427,minmaxnorm
116,Q0,PT3-05178784,736,0.7772750645939083,minmaxnorm
116,Q0,AP900301-0098,737,0.7766962877345216,minmaxnorm
116,Q0,SJMN91-06016134,738,0.7758811398721661,minmaxnorm
116,Q0,ZF32-066-154,739,0.7744666649033246,minmaxnorm
116,Q0,SJMN91-06335091,740,0.7741870237554125,minmaxnorm
116,Q0,AP900226-0121,741,0.774037030502732,minmaxnorm
116,Q0,ZF32-282-050,742,0.7739125363766429,minmaxnorm
116,Q0,PT3-05179618,743,0.7731442761520639,minmaxnorm
116,Q0,AP900614-0204,744,0.7728318580890603,minmaxnorm
116,Q0,AP900618-0003,745,0.7726731895252696,minmaxnorm
116,Q0,ZF32-277-105,746,0.7714195658755045,minmaxnorm
116,Q0,ZF32-191-105,747,0.7695057824885316,minmaxnorm
116,Q0,ZF32-300-309,748,0.768404020103586,minmaxnorm
116,Q0,SJMN91-06032262,749,0.7661977707065539,minmaxnorm
116,Q0,SJMN91-06226061,750,0.76613630665098,minmaxnorm
116,Q0,PT3-05176921,751,0.7655851829577863,minmaxnorm
116,Q0,PT3-05177555,752,0.765425498441031,minmaxnorm
116,Q0,ZF32-297-978,753,0.7648088128095796,minmaxnorm
116,Q0,SJMN91-06009015,754,0.764243254465081,minmaxnorm
116,Q0,ZF32-336-156,755,0.7642213136803306,minmaxnorm
116,Q0,AP901203-0102,756,0.7641073081204208,minmaxnorm
116,Q0,SJMN91-06274007,757,0.7637176201373499,minmaxnorm
116,Q0,SJMN91-06056208,758,0.7636749618802345,minmaxnorm
116,Q0,PT3-05176380,759,0.7635671202397808,minmaxnorm
116,Q0,AP900906-0005,760,0.7632448587937899,minmaxnorm
116,Q0,AP900219-0132,761,0.7620800176238931,minmaxnorm
116,Q0,AP900222-0235,762,0.7611406170185854,minmaxnorm
116,Q0,SJMN91-06074163,763,0.760969485683229,minmaxnorm
116,Q0,ZF32-263-133,764,0.7599364620344237,minmaxnorm
116,Q0,SJMN91-06283040,765,0.7597074943780142,minmaxnorm
116,Q0,SJMN91-06109277,766,0.7591284411834873,minmaxnorm
116,Q0,ZF32-290-240,767,0.7570962305608111,minmaxnorm
116,Q0,AP900409-0154,768,0.7549993048391825,minmaxnorm
116,Q0,AP900323-0023,769,0.7539753995439825,minmaxnorm
116,Q0,SJMN91-06267141,770,0.7538995492059656,minmaxnorm
116,Q0,PT3-05154626,771,0.7535797493888003,minmaxnorm
116,Q0,SJMN91-06238029,772,0.7533999101742481,minmaxnorm
116,Q0,ZF32-306-189,773,0.7531089040594586,minmaxnorm
116,Q0,ZF32-318-1001,774,0.7520746003823149,minmaxnorm
116,Q0,SJMN91-06044065,775,0.7512638511010963,minmaxnorm
116,Q0,SJMN91-06128143,776,0.7494416036761958,minmaxnorm
116,Q0,AP900119-0116,777,0.7485590277022482,minmaxnorm
116,Q0,SJMN91-06046119,778,0.7484189809956507,minmaxnorm
116,Q0,PT3-05179196,779,0.7483622938626862,minmaxnorm
116,Q0,AP900112-0032,780,0.7480899954279956,minmaxnorm
116,Q0,PT3-05179095,781,0.7480737806054348,minmaxnorm
116,Q0,ZF32-068-133,782,0.7478975821467372,minmaxnorm
116,Q0,ZF32-262-078,783,0.747461010419688,minmaxnorm
116,Q0,AP900105-0013,784,0.7470064558215869,minmaxnorm
116,Q0,AP900213-0021,785,0.745828113736025,minmaxnorm
116,Q0,AP901212-0043,786,0.7452271850376382,minmaxnorm
116,Q0,ZF32-297-975,787,0.744794821878932,minmaxnorm
116,Q0,SJMN91-06115256,788,0.7441189178377395,minmaxnorm
116,Q0,PT3-05178783,789,0.7438991311741364,minmaxnorm
116,Q0,AP900124-0240,790,0.7438179058217477,minmaxnorm
116,Q0,ZF32-346-191,791,0.7422052278379968,minmaxnorm
116,Q0,ZF32-316-484,792,0.740767095593672,minmaxnorm
116,Q0,PT3-05132544,793,0.7406631411081552,minmaxnorm
116,Q0,ZF32-137-225,794,0.7402946008208231,minmaxnorm
116,Q0,ZF32-291-743,795,0.7400110794331032,minmaxnorm
116,Q0,SJMN91-06102101,796,0.7399644822304866,minmaxnorm
116,Q0,ZF32-285-853,797,0.7389460698183747,minmaxnorm
116,Q0,ZF310-614-463,798,0.7383099085246408,minmaxnorm
116,Q0,AP900613-0227,799,0.737502005848598,minmaxnorm
116,Q0,ZF32-114-164,800,0.73743997232981,minmaxnorm
116,Q0,SJMN91-06268044,801,0.736803152585249,minmaxnorm
116,Q0,PT3-05179118,802,0.7367869626675724,minmaxnorm
116,Q0,AP900928-0040,803,0.7358606625696664,minmaxnorm
116,Q0,PT3-05179206,804,0.7353877514715766,minmaxnorm
116,Q0,SJMN91-06127186,805,0.7351026524924023,minmaxnorm
116,Q0,ZF32-296-348,806,0.7348176657083438,minmaxnorm
116,Q0,ZF32-031-327,807,0.7347637222002604,minmaxnorm
116,Q0,PT3-05155004,808,0.7343219521847122,minmaxnorm
116,Q0,AP901108-0002,809,0.7331539589452868,minmaxnorm
116,Q0,ZF32-128-187,810,0.7327802708163643,minmaxnorm
116,Q0,AP901109-0108,811,0.7321663827722267,minmaxnorm
116,Q0,AP900510-0040,812,0.7306069504962674,minmaxnorm
116,Q0,ZF32-140-106,813,0.7304626546083959,minmaxnorm
116,Q0,PT3-05176735,814,0.7303604444348201,minmaxnorm
116,Q0,ZF32-284-495,815,0.7295312859928578,minmaxnorm
116,Q0,ZF32-020-129,816,0.729191695821151,minmaxnorm
116,Q0,AP901218-0036,817,0.7269023043025671,minmaxnorm
116,Q0,ZF32-214-196,818,0.7268957565622894,minmaxnorm
116,Q0,AP900710-0245,819,0.7268276466303503,minmaxnorm
116,Q0,SJMN91-06121089,820,0.726735052373593,minmaxnorm
116,Q0,SJMN91-06015165,821,0.7264565058277339,minmaxnorm
116,Q0,AP900710-0102,822,0.7258229139849539,minmaxnorm
116,Q0,AP900312-0170,823,0.724931691025805,minmaxnorm
116,Q0,ZF32-207-093,824,0.7248656786065937,minmaxnorm
116,Q0,SJMN91-06136007,825,0.7234392359621271,minmaxnorm
116,Q0,ZF32-274-046,826,0.7233313990522856,minmaxnorm
116,Q0,ZF32-266-082,827,0.7229366535987851,minmaxnorm
116,Q0,PT3-05176264,828,0.7221825944149268,minmaxnorm
116,Q0,ZF32-274-027,829,0.7219304184902313,minmaxnorm
116,Q0,SJMN91-06230041,830,0.7216953492717794,minmaxnorm
116,Q0,AP901204-0022,831,0.7214016002609822,minmaxnorm
116,Q0,AP900914-0109,832,0.7211740960715607,minmaxnorm
116,Q0,SJMN91-06231086,833,0.7191226937269373,minmaxnorm
116,Q0,ZF32-261-157,834,0.7190827439161329,minmaxnorm
116,Q0,SJMN91-06026026,835,0.7181907770531193,minmaxnorm
116,Q0,AP900808-0061,836,0.717221361839161,minmaxnorm
116,Q0,ZF32-039-142,837,0.7169215423923495,minmaxnorm
116,Q0,ZF32-186-107,838,0.7169063406922614,minmaxnorm
116,Q0,AP900207-0105,839,0.7161819552683784,minmaxnorm
116,Q0,AP900125-0029,840,0.7159974736304877,minmaxnorm
116,Q0,ZF32-069-136,841,0.7155866851379412,minmaxnorm
116,Q0,AP900514-0135,842,0.7155099011983823,minmaxnorm
116,Q0,PT3-05176881,843,0.7150120693801301,minmaxnorm
116,Q0,SJMN91-06096073,844,0.7141799065876109,minmaxnorm
116,Q0,SJMN91-06225069,845,0.7141574202203123,minmaxnorm
116,Q0,PT3-05177076,846,0.7140406431600368,minmaxnorm
116,Q0,AP901110-0060,847,0.7139599380227318,minmaxnorm
116,Q0,SJMN91-06196139,848,0.7138956616156004,minmaxnorm
116,Q0,AP900223-0263,849,0.7138757719837316,minmaxnorm
116,Q0,ZF32-045-013,850,0.7137436214580596,minmaxnorm
116,Q0,AP900821-0046,851,0.7130715984652668,minmaxnorm
116,Q0,PT3-05179704,852,0.7129655632312137,minmaxnorm
116,Q0,ZF32-283-018,853,0.7129628787751535,minmaxnorm
116,Q0,ZF32-321-1089,854,0.7126154781315256,minmaxnorm
116,Q0,ZF32-321-1090,855,0.7126154781315256,minmaxnorm
116,Q0,ZF32-042-029,856,0.7124828914050064,minmaxnorm
116,Q0,ZF32-140-111,857,0.7120077063426065,minmaxnorm
116,Q0,ZF32-067-095,858,0.712002846133866,minmaxnorm
116,Q0,ZF32-327-228,859,0.7115962902760689,minmaxnorm
116,Q0,PT3-05154211,860,0.7114102349417178,minmaxnorm
116,Q0,ZF32-043-081,861,0.7111173536100286,minmaxnorm
116,Q0,ZF32-111-144,862,0.7107170642802133,minmaxnorm
116,Q0,SJMN91-06180247,863,0.7106226963264807,minmaxnorm
116,Q0,SJMN91-06260182,864,0.7104647404020212,minmaxnorm
116,Q0,SJMN91-06018173,865,0.7096232620684891,minmaxnorm
116,Q0,SJMN91-06145185,866,0.7096180412215471,minmaxnorm
116,Q0,ZF32-310-954,867,0.7094999320632742,minmaxnorm
116,Q0,ZF32-277-068,868,0.7093186009230118,minmaxnorm
116,Q0,ZF32-294-062,869,0.7092442361051519,minmaxnorm
116,Q0,SJMN91-06313250,870,0.7087934907710349,minmaxnorm
116,Q0,ZF32-314-732,871,0.70864244880143,minmaxnorm
116,Q0,ZF32-092-155,872,0.7078615056208702,minmaxnorm
116,Q0,ZF32-297-032,873,0.7078565748448182,minmaxnorm
116,Q0,ZF32-270-019,874,0.7067354385902966,minmaxnorm
116,Q0,ZF32-268-009,875,0.7066753017820877,minmaxnorm
116,Q0,PT3-05176633,876,0.7065689378986814,minmaxnorm
116,Q0,SJMN91-06142051,877,0.706446015839948,minmaxnorm
116,Q0,ZF310-632-244,878,0.7056950417360524,minmaxnorm
116,Q0,ZF32-323-882,879,0.7047706134328786,minmaxnorm
116,Q0,ZF32-323-883,880,0.7047706134328786,minmaxnorm
116,Q0,SJMN91-06226209,881,0.7047664514326015,minmaxnorm
116,Q0,PT3-05155097,882,0.7047280728276888,minmaxnorm
116,Q0,SJMN91-06145003,883,0.7044261635058211,minmaxnorm
116,Q0,PT3-05179239,884,0.7032907231420328,minmaxnorm
116,Q0,ZF32-267-092,885,0.7032744750994022,minmaxnorm
116,Q0,ZF32-317-688,886,0.703247290567667,minmaxnorm
116,Q0,ZF32-109-022,887,0.7029235221331709,minmaxnorm
116,Q0,PT3-05154844,888,0.7028137997368347,minmaxnorm
116,Q0,ZF32-166-042,889,0.7023498397641882,minmaxnorm
116,Q0,SJMN91-06314112,890,0.6994259556488883,minmaxnorm
116,Q0,AP901010-0024,891,0.6993831335850861,minmaxnorm
116,Q0,PT3-05176596,892,0.6990085837992328,minmaxnorm
116,Q0,ZF32-311-1071,893,0.6989339729737325,minmaxnorm
116,Q0,ZF310-465-226,894,0.6978553717772313,minmaxnorm
116,Q0,ZF32-186-046,895,0.6974125093304115,minmaxnorm
116,Q0,SJMN91-06322150,896,0.6973504998712778,minmaxnorm
116,Q0,AP901217-0059,897,0.6968331709132423,minmaxnorm
116,Q0,PT3-05154509,898,0.6967266622055712,minmaxnorm
116,Q0,ZF32-104-126,899,0.6962445972424841,minmaxnorm
116,Q0,SJMN91-06134015,900,0.6961762161077873,minmaxnorm
116,Q0,ZF32-193-017,901,0.6960918971458614,minmaxnorm
116,Q0,AP900924-0159,902,0.6960276840934134,minmaxnorm
116,Q0,PT3-05178132,903,0.6959036692983209,minmaxnorm
116,Q0,PT3-05178235,904,0.6956021875625733,minmaxnorm
116,Q0,SJMN91-06075214,905,0.6955858924857751,minmaxnorm
116,Q0,PT3-05178884,906,0.695554634485662,minmaxnorm
116,Q0,ZF32-162-101,907,0.6954763490579103,minmaxnorm
116,Q0,SJMN91-06318187,908,0.6953262545171438,minmaxnorm
116,Q0,ZF32-118-029,909,0.6952106284096542,minmaxnorm
116,Q0,ZF32-294-812,910,0.6944864233816757,minmaxnorm
116,Q0,ZF32-206-239,911,0.6944573643441723,minmaxnorm
116,Q0,SJMN91-06062144,912,0.6941003150936282,minmaxnorm
116,Q0,ZF32-115-032,913,0.6933207186607482,minmaxnorm
116,Q0,PT3-05177317,914,0.6931473654852827,minmaxnorm
116,Q0,ZF32-118-142,915,0.6929752183550102,minmaxnorm
116,Q0,ZF32-090-113,916,0.6928252112359241,minmaxnorm
116,Q0,ZF32-187-066,917,0.6928148903000659,minmaxnorm
116,Q0,ZF32-312-666,918,0.6921622976611514,minmaxnorm
116,Q0,ZF32-285-851,919,0.6919194605259307,minmaxnorm
116,Q0,ZF32-310-416,920,0.691386374038159,minmaxnorm
116,Q0,SJMN91-06158016,921,0.6911609671329271,minmaxnorm
116,Q0,ZF32-278-022,922,0.6909407623986854,minmaxnorm
116,Q0,ZF32-310-418,923,0.6908404666895507,minmaxnorm
116,Q0,ZF32-214-099,924,0.6907051128692174,minmaxnorm
116,Q0,AP901113-0022,925,0.6904143067593467,minmaxnorm
116,Q0,AP900124-0216,926,0.6902412431798112,minmaxnorm
116,Q0,PT3-05178147,927,0.6901755163191167,minmaxnorm
116,Q0,PT3-05155822,928,0.6900011264204458,minmaxnorm
116,Q0,ZF32-256-190,929,0.6896049550902486,minmaxnorm
116,Q0,PT3-05154340,930,0.689588753968935,minmaxnorm
116,Q0,ZF32-041-265,931,0.6894487683021508,minmaxnorm
116,Q0,ZF32-270-064,932,0.6894407210101826,minmaxnorm
116,Q0,ZF32-118-031,933,0.6894274471523785,minmaxnorm
116,Q0,ZF32-334-1082,934,0.6891569588661003,minmaxnorm
116,Q0,ZF32-073-059,935,0.6891428709345233,minmaxnorm
116,Q0,PT3-05176423,936,0.6890245323092765,minmaxnorm
116,Q0,ZF32-209-028,937,0.689002830901375,minmaxnorm
116,Q0,PT3-05132520,938,0.6889702937727051,minmaxnorm
116,Q0,PT3-05131116,939,0.6888435023885122,minmaxnorm
116,Q0,ZF32-210-061,940,0.6887970813723242,minmaxnorm
116,Q0,PT3-05176830,941,0.6887145978145828,minmaxnorm
116,Q0,PT3-05179044,942,0.6886767066106487,minmaxnorm
116,Q0,ZF32-285-1020,943,0.688400436940416,minmaxnorm
116,Q0,ZF32-276-021,944,0.6883912797848908,minmaxnorm
116,Q0,ZF32-192-097,945,0.688344085214108,minmaxnorm
116,Q0,ZF32-310-1171,946,0.6883377456448982,minmaxnorm
116,Q0,AP900625-0099,947,0.6882708279699077,minmaxnorm
116,Q0,ZF32-062-047,948,0.6882658971938556,minmaxnorm
116,Q0,SJMN91-06254052,949,0.688251297176184,minmaxnorm
116,Q0,AP901208-0012,950,0.6881523108329103,minmaxnorm
116,Q0,PT3-05179023,951,0.6881317842150294,minmaxnorm
116,Q0,ZF32-237-394,952,0.6881243134815069,minmaxnorm
116,Q0,PT3-05177181,953,0.6881031815841414,minmaxnorm
116,Q0,ZF32-099-184,954,0.688029924339941,minmaxnorm
116,Q0,ZF32-312-137,955,0.6879299000257444,minmaxnorm
116,Q0,PT3-05175926,956,0.6878443679571562,minmaxnorm
116,Q0,SJMN91-06119209,957,0.6878016998483939,minmaxnorm
116,Q0,ZF32-323-899,958,0.687459363111073,minmaxnorm
116,Q0,PT3-05179734,959,0.6873854014702938,minmaxnorm
116,Q0,ZF32-213-106,960,0.6871776044795332,minmaxnorm
116,Q0,ZF32-315-299,961,0.6871719693069024,minmaxnorm
116,Q0,ZF32-011-141,962,0.6871099824079636,minmaxnorm
116,Q0,PT3-05154862,963,0.6870212284390287,minmaxnorm
116,Q0,ZF32-298-730,964,0.6869986877485054,minmaxnorm
116,Q0,PT3-05177667,965,0.686893028261678,minmaxnorm
116,Q0,SJMN91-06140146,966,0.6868493556737894,minmaxnorm
116,Q0,PT3-05176807,967,0.6868380853285276,minmaxnorm
116,Q0,SJMN91-06105235,968,0.6867817336022197,minmaxnorm
116,Q0,ZF32-042-027,969,0.686714815927229,minmaxnorm
116,Q0,PT3-05178491,970,0.686616904802769,minmaxnorm
116,Q0,AP900117-0143,971,0.6864051409620121,minmaxnorm
116,Q0,PT3-05155819,972,0.6863288066020197,minmaxnorm
116,Q0,ZF32-061-024,973,0.686266115306502,minmaxnorm
116,Q0,PT3-05177645,974,0.6861724305615149,minmaxnorm
116,Q0,PT3-05176161,975,0.6861329843530993,minmaxnorm
116,Q0,ZF32-269-085,976,0.6860540919362682,minmaxnorm
116,Q0,ZF32-152-185,977,0.6859125082239195,minmaxnorm
116,Q0,SJMN91-06080172,978,0.6859048747325805,minmaxnorm
116,Q0,SJMN91-06180137,979,0.6858963071026059,minmaxnorm
116,Q0,PT3-05178631,980,0.6858681312394519,minmaxnorm
116,Q0,ZF32-004-216,981,0.6858420685660345,minmaxnorm
116,Q0,PT3-05176500,982,0.685816005892617,minmaxnorm
116,Q0,ZF32-324-412,983,0.6855201593295002,minmaxnorm
116,Q0,ZF32-161-078,984,0.6853736448410996,minmaxnorm
116,Q0,PT3-05176930,985,0.6853546261334706,minmaxnorm
116,Q0,ZF32-332-992,986,0.685343355788209,minmaxnorm
116,Q0,AP900725-0197,987,0.6851820489716525,minmaxnorm
116,Q0,ZF32-312-799,988,0.6851813445750736,minmaxnorm
116,Q0,ZF32-236-022,989,0.6851679610400756,minmaxnorm
116,Q0,PT3-05154418,990,0.6851454203495524,minmaxnorm
116,Q0,AP900120-0025,991,0.6850785465413365,minmaxnorm
116,Q0,ZF32-321-1226,992,0.6850031322406247,minmaxnorm
116,Q0,ZF32-260-048,993,0.6850007551583738,minmaxnorm
116,Q0,PT3-05154531,994,0.684908743099059,minmaxnorm
116,Q0,ZF32-295-152,995,0.6847918132669699,minmaxnorm
116,Q0,ZF32-040-016,996,0.6847861780943391,minmaxnorm
116,Q0,PT3-05179173,997,0.6847763165422351,minmaxnorm
116,Q0,ZF32-185-332,998,0.68471221645356,minmaxnorm
116,Q0,ZF32-302-197,999,0.6847016505048773,minmaxnorm
116,Q0,ZF32-349-130,1000,0.6845903558454189,minmaxnorm
138,Q0,AP900313-0188,1,14.82197723650146,minmaxnorm
138,Q0,AP900315-0013,2,14.707944564754591,minmaxnorm
138,Q0,AP900503-0069,3,13.693566603591087,minmaxnorm
138,Q0,AP900422-0061,4,13.595337034691273,minmaxnorm
138,Q0,AP900307-0095,5,13.508641218715077,minmaxnorm
138,Q0,AP900508-0056,6,13.48411835260442,minmaxnorm
138,Q0,AP900119-0126,7,13.414723225122726,minmaxnorm
138,Q0,AP900527-0058,8,13.413004163122928,minmaxnorm
138,Q0,AP900222-0103,9,13.396808850897347,minmaxnorm
138,Q0,AP900402-0112,10,13.286420312279786,minmaxnorm
138,Q0,AP900312-0102,11,13.277809821159856,minmaxnorm
138,Q0,AP900707-0130,12,13.173483378195451,minmaxnorm
138,Q0,AP900530-0119,13,12.949136416499433,minmaxnorm
138,Q0,AP900222-0062,14,12.92547650697519,minmaxnorm
138,Q0,AP900227-0012,15,12.885413320909057,minmaxnorm
138,Q0,AP901008-0047,16,12.761866870607191,minmaxnorm
138,Q0,AP900503-0147,17,12.738944649186433,minmaxnorm
138,Q0,AP900508-0126,18,12.551699314299297,minmaxnorm
138,Q0,AP900423-0161,19,12.3576704736359,minmaxnorm
138,Q0,AP900506-0073,20,12.32439603558059,minmaxnorm
138,Q0,AP900423-0165,21,12.321246261970963,minmaxnorm
138,Q0,AP901113-0049,22,12.177624501458991,minmaxnorm
138,Q0,AP900304-0072,23,12.149063922287038,minmaxnorm
138,Q0,AP900326-0160,24,12.099798929193465,minmaxnorm
138,Q0,AP900505-0065,25,12.032878700391663,minmaxnorm
138,Q0,AP900707-0060,26,12.028714300530567,minmaxnorm
138,Q0,AP900411-0053,27,12.021614238543494,minmaxnorm
138,Q0,AP901006-0027,28,11.922479761625736,minmaxnorm
138,Q0,AP900906-0047,29,11.881543501251826,minmaxnorm
138,Q0,AP900421-0036,30,11.775413660531653,minmaxnorm
138,Q0,SJMN91-06268173,31,11.69997529785428,minmaxnorm
138,Q0,AP901006-0075,32,11.6406003922009,minmaxnorm
138,Q0,AP900323-0052,33,11.633057664525483,minmaxnorm
138,Q0,AP900711-0063,34,11.594199382272375,minmaxnorm
138,Q0,AP900423-0031,35,11.584141041503631,minmaxnorm
138,Q0,AP900430-0091,36,11.58148516636927,minmaxnorm
138,Q0,AP900530-0103,37,11.552206394915265,minmaxnorm
138,Q0,AP901001-0162,38,11.491413896819122,minmaxnorm
138,Q0,AP901001-0118,39,11.478379533059249,minmaxnorm
138,Q0,AP900227-0168,40,11.462769621474738,minmaxnorm
138,Q0,AP900425-0082,41,11.443829943214798,minmaxnorm
138,Q0,AP901114-0179,42,11.420163802996173,minmaxnorm
138,Q0,SJMN91-06222202,43,11.41690609035616,minmaxnorm
138,Q0,AP900423-0078,44,11.380837339971883,minmaxnorm
138,Q0,AP900425-0110,45,11.345083550046995,minmaxnorm
138,Q0,AP900422-0010,46,11.317922379066431,minmaxnorm
138,Q0,AP900708-0028,47,11.290238725100428,minmaxnorm
138,Q0,AP900310-0118,48,11.236243809479824,minmaxnorm
138,Q0,AP901026-0090,49,11.218785338950724,minmaxnorm
138,Q0,AP900223-0168,50,11.202274561314743,minmaxnorm
138,Q0,AP900303-0095,51,11.172587113719327,minmaxnorm
138,Q0,AP900320-0092,52,11.134028689435228,minmaxnorm
138,Q0,AP900501-0026,53,11.093632811876454,minmaxnorm
138,Q0,AP900606-0139,54,11.076565500192437,minmaxnorm
138,Q0,AP900411-0107,55,11.074646464891622,minmaxnorm
138,Q0,AP900228-0175,56,11.029566142950982,minmaxnorm
138,Q0,AP900514-0095,57,11.0242282488194,minmaxnorm
138,Q0,AP900312-0057,58,11.01062215323693,minmaxnorm
138,Q0,AP900606-0069,59,10.97266171500449,minmaxnorm
138,Q0,AP900711-0167,60,10.960181030682232,minmaxnorm
138,Q0,AP900107-0046,61,10.909604464718248,minmaxnorm
138,Q0,AP900504-0162,62,10.905794535066235,minmaxnorm
138,Q0,AP900329-0058,63,10.894135254412618,minmaxnorm
138,Q0,AP900501-0017,64,10.88721398158287,minmaxnorm
138,Q0,AP900824-0135,65,10.875030577238995,minmaxnorm
138,Q0,AP900827-0098,66,10.863203844208021,minmaxnorm
138,Q0,AP900825-0013,67,10.856072651443686,minmaxnorm
138,Q0,AP900224-0057,68,10.846645563575342,minmaxnorm
138,Q0,SJMN91-06255456,69,10.839800693491297,minmaxnorm
138,Q0,AP900922-0009,70,10.815011459217326,minmaxnorm
138,Q0,SJMN91-06324019,71,10.80553265790785,minmaxnorm
138,Q0,SJMN91-06338065,72,10.776640229446187,minmaxnorm
138,Q0,AP900422-0034,73,10.725323690631626,minmaxnorm
138,Q0,AP900307-0117,74,10.717451566698097,minmaxnorm
138,Q0,AP900511-0098,75,10.701365950503659,minmaxnorm
138,Q0,AP900317-0094,76,10.699513651329395,minmaxnorm
138,Q0,AP900313-0189,77,10.681862781160662,minmaxnorm
138,Q0,SJMN91-06238017,78,10.664130657276013,minmaxnorm
138,Q0,AP900423-0050,79,10.653198683412493,minmaxnorm
138,Q0,AP901224-0099,80,10.64329624532488,minmaxnorm
138,Q0,AP900501-0040,81,10.631189550300828,minmaxnorm
138,Q0,AP900310-0051,82,10.609873025825252,minmaxnorm
138,Q0,AP900225-0061,83,10.594800125039681,minmaxnorm
138,Q0,AP900817-0037,84,10.585822359385189,minmaxnorm
138,Q0,AP900629-0070,85,10.581076353701725,minmaxnorm
138,Q0,SJMN91-06226154,86,10.565213836523409,minmaxnorm
138,Q0,SJMN91-06225031,87,10.561734613622557,minmaxnorm
138,Q0,AP900228-0100,88,10.494465989710182,minmaxnorm
138,Q0,AP900512-0056,89,10.487676971098338,minmaxnorm
138,Q0,AP900228-0025,90,10.476348756534344,minmaxnorm
138,Q0,AP900307-0078,91,10.467151991834456,minmaxnorm
138,Q0,SJMN91-06220251,92,10.4316026477272,minmaxnorm
138,Q0,AP900307-0113,93,10.381344424716284,minmaxnorm
138,Q0,AP900331-0043,94,10.332787246978361,minmaxnorm
138,Q0,AP900709-0035,95,10.307420204991868,minmaxnorm
138,Q0,SJMN91-06339143,96,10.250781255474175,minmaxnorm
138,Q0,AP900429-0026,97,10.226708085371957,minmaxnorm
138,Q0,AP900505-0027,98,10.164307261283128,minmaxnorm
138,Q0,AP900510-0082,99,10.148815202924766,minmaxnorm
138,Q0,AP900227-0115,100,10.144357920090444,minmaxnorm
138,Q0,AP900422-0037,101,10.140694839986528,minmaxnorm
138,Q0,AP900223-0050,102,10.134387257228665,minmaxnorm
138,Q0,AP901016-0113,103,10.104430148978794,minmaxnorm
138,Q0,SJMN91-06259041,104,10.083691697925621,minmaxnorm
138,Q0,AP900319-0207,105,10.051167349519913,minmaxnorm
138,Q0,SJMN91-06323085,106,10.031338907099656,minmaxnorm
138,Q0,AP900304-0008,107,9.98907452424647,minmaxnorm
138,Q0,AP901220-0195,108,9.9349516525184,minmaxnorm
138,Q0,SJMN91-06093175,109,9.910655700339,minmaxnorm
138,Q0,SJMN91-06225109,110,9.907590939898942,minmaxnorm
138,Q0,AP900403-0090,111,9.90487054830516,minmaxnorm
138,Q0,AP901105-0141,112,9.894478029161018,minmaxnorm
138,Q0,SJMN91-06256159,113,9.885682350342602,minmaxnorm
138,Q0,AP901116-0092,114,9.878096750279681,minmaxnorm
138,Q0,SJMN91-06338010,115,9.85131813799962,minmaxnorm
138,Q0,AP900903-0049,116,9.801128190093785,minmaxnorm
138,Q0,AP901007-0019,117,9.762668312850254,minmaxnorm
138,Q0,AP900316-0153,118,9.748879269510022,minmaxnorm
138,Q0,SJMN91-06339335,119,9.747557669479603,minmaxnorm
138,Q0,AP901019-0074,120,9.732913850982767,minmaxnorm
138,Q0,AP900131-0125,121,9.707369520893181,minmaxnorm
138,Q0,AP900423-0066,122,9.706930248991798,minmaxnorm
138,Q0,SJMN91-06220331,123,9.674773130252877,minmaxnorm
138,Q0,AP900728-0091,124,9.66196730355401,minmaxnorm
138,Q0,SJMN91-06339233,125,9.64504779963794,minmaxnorm
138,Q0,SJMN91-06228139,126,9.635073071068588,minmaxnorm
138,Q0,AP900306-0158,127,9.625327299836476,minmaxnorm
138,Q0,SJMN91-06228086,128,9.554524946701953,minmaxnorm
138,Q0,AP900919-0004,129,9.5216024932524,minmaxnorm
138,Q0,AP900824-0121,130,9.51814416532978,minmaxnorm
138,Q0,AP901117-0114,131,9.495244681414597,minmaxnorm
138,Q0,SJMN91-06268101,132,9.456953175920757,minmaxnorm
138,Q0,AP900424-0008,133,9.416640160921325,minmaxnorm
138,Q0,AP900501-0129,134,9.401600382827356,minmaxnorm
138,Q0,AP900914-0199,135,9.390219627453142,minmaxnorm
138,Q0,SJMN91-06145260,136,9.374023438994126,minmaxnorm
138,Q0,AP900824-0151,137,9.302164562398112,minmaxnorm
138,Q0,AP900306-0071,138,9.29462211809732,minmaxnorm
138,Q0,AP900315-0028,139,9.260615628657881,minmaxnorm
138,Q0,AP900424-0063,140,9.255509450834673,minmaxnorm
138,Q0,AP900314-0053,141,9.244368025062299,minmaxnorm
138,Q0,SJMN91-06324021,142,9.238443737385818,minmaxnorm
138,Q0,AP900316-0062,143,9.228306486982179,minmaxnorm
138,Q0,SJMN91-06160065,144,9.225681974852144,minmaxnorm
138,Q0,AP900703-0151,145,9.223793802936445,minmaxnorm
138,Q0,AP900929-0079,146,9.219417568166088,minmaxnorm
138,Q0,AP900601-0120,147,9.181181481212707,minmaxnorm
138,Q0,SJMN91-06263189,148,9.176307995750085,minmaxnorm
138,Q0,AP901011-0061,149,9.169863515140097,minmaxnorm
138,Q0,AP900420-0072,150,9.140222891442221,minmaxnorm
138,Q0,AP900429-0051,151,9.10738271749346,minmaxnorm
138,Q0,SJMN91-06071165,152,9.063977136694401,minmaxnorm
138,Q0,SJMN91-06268022,153,9.06261526302439,minmaxnorm
138,Q0,SJMN91-06222244,154,9.043493786140564,minmaxnorm
138,Q0,AP900123-0094,155,9.017261466515311,minmaxnorm
138,Q0,SJMN91-06079061,156,9.009933737954036,minmaxnorm
138,Q0,SJMN91-06295027,157,9.00928649205023,minmaxnorm
138,Q0,AP900423-0110,158,8.999313877124685,minmaxnorm
138,Q0,SJMN91-06221129,159,8.996301721567875,minmaxnorm
138,Q0,AP900305-0051,160,8.98768846115728,minmaxnorm
138,Q0,AP900409-0100,161,8.95971481327312,minmaxnorm
138,Q0,AP900528-0054,162,8.948649172657133,minmaxnorm
138,Q0,AP900619-0185,163,8.935687027587978,minmaxnorm
138,Q0,SJMN91-06101251,164,8.90674902161415,minmaxnorm
138,Q0,AP900701-0056,165,8.885465842380984,minmaxnorm
138,Q0,SJMN91-06224116,166,8.870590037658523,minmaxnorm
138,Q0,AP900305-0095,167,8.863663466065228,minmaxnorm
138,Q0,AP900108-0109,168,8.850583088823132,minmaxnorm
138,Q0,AP900425-0071,169,8.848775192614523,minmaxnorm
138,Q0,SJMN91-06231126,170,8.838225343576639,minmaxnorm
138,Q0,SJMN91-06227064,171,8.813486806294254,minmaxnorm
138,Q0,AP900127-0135,172,8.809175320668421,minmaxnorm
138,Q0,SJMN91-06099076,173,8.79736190285063,minmaxnorm
138,Q0,AP901117-0045,174,8.762556206743838,minmaxnorm
138,Q0,SJMN91-06337027,175,8.740542878315548,minmaxnorm
138,Q0,SJMN91-06266049,176,8.693079883990166,minmaxnorm
138,Q0,SJMN91-06190143,177,8.653412984629506,minmaxnorm
138,Q0,AP900427-0074,178,8.637406657990438,minmaxnorm
138,Q0,SJMN91-06337020,179,8.604260156834403,minmaxnorm
138,Q0,AP900430-0085,180,8.568254607678433,minmaxnorm
138,Q0,SJMN91-06227156,181,8.567048696971604,minmaxnorm
138,Q0,SJMN91-06296046,182,8.564882420156835,minmaxnorm
138,Q0,AP900430-0135,183,8.557218737357628,minmaxnorm
138,Q0,SJMN91-06325086,184,8.536895974630715,minmaxnorm
138,Q0,SJMN91-06295062,185,8.522914272863586,minmaxnorm
138,Q0,SJMN91-06219228,186,8.462995140791428,minmaxnorm
138,Q0,SJMN91-06340155,187,8.432428305057002,minmaxnorm
138,Q0,AP900422-0073,188,8.428874919226581,minmaxnorm
138,Q0,AP900426-0116,189,8.418247545351047,minmaxnorm
138,Q0,AP900206-0105,190,8.410575787169215,minmaxnorm
138,Q0,AP901010-0048,191,8.377434333798968,minmaxnorm
138,Q0,AP900430-0126,192,8.37175912382571,minmaxnorm
138,Q0,AP900211-0036,193,8.35078100054195,minmaxnorm
138,Q0,AP900419-0117,194,8.330796976861931,minmaxnorm
138,Q0,AP900418-0107,195,8.301052126671514,minmaxnorm
138,Q0,AP900607-0083,196,8.296904044053324,minmaxnorm
138,Q0,AP900423-0069,197,8.268450774991932,minmaxnorm
138,Q0,SJMN91-06252097,198,8.235558296883134,minmaxnorm
138,Q0,AP900516-0205,199,8.205113319745008,minmaxnorm
138,Q0,AP900318-0077,200,8.2026605639865,minmaxnorm
138,Q0,AP900911-0067,201,8.18803574848157,minmaxnorm
138,Q0,SJMN91-06087202,202,8.154544806526863,minmaxnorm
138,Q0,AP901115-0070,203,8.137422328640252,minmaxnorm
138,Q0,AP900329-0192,204,8.122587218190764,minmaxnorm
138,Q0,AP900424-0015,205,8.116570353271417,minmaxnorm
138,Q0,SJMN91-06323187,206,8.10570722918482,minmaxnorm
138,Q0,AP901027-0055,207,8.099007601001466,minmaxnorm
138,Q0,AP900816-0033,208,8.090821268548137,minmaxnorm
138,Q0,AP900423-0084,209,8.080906158158376,minmaxnorm
138,Q0,SJMN91-06222239,210,8.066825649079265,minmaxnorm
138,Q0,AP900321-0071,211,8.04945715437609,minmaxnorm
138,Q0,SJMN91-06143080,212,8.035685278383792,minmaxnorm
138,Q0,AP900828-0022,213,8.026716435080049,minmaxnorm
138,Q0,AP900122-0071,214,8.020748895912824,minmaxnorm
138,Q0,SJMN91-06269005,215,8.017880506768135,minmaxnorm
138,Q0,AP900924-0131,216,8.002777060185391,minmaxnorm
138,Q0,AP900316-0039,217,7.982334635589538,minmaxnorm
138,Q0,AP900319-0152,218,7.974960658545886,minmaxnorm
138,Q0,AP900209-0180,219,7.885651717776107,minmaxnorm
138,Q0,SJMN91-06097088,220,7.867383197700239,minmaxnorm
138,Q0,AP900424-0166,221,7.85698488483911,minmaxnorm
138,Q0,SJMN91-06296223,222,7.83586976543126,minmaxnorm
138,Q0,SJMN91-06336173,223,7.792887029305415,minmaxnorm
138,Q0,SJMN91-06077041,224,7.768650633032089,minmaxnorm
138,Q0,SJMN91-06231080,225,7.7147467789996815,minmaxnorm
138,Q0,AP900308-0020,226,7.712487898259898,minmaxnorm
138,Q0,SJMN91-06255310,227,7.684013485958869,minmaxnorm
138,Q0,AP901018-0131,228,7.657928396212522,minmaxnorm
138,Q0,AP900509-0063,229,7.564637624615678,minmaxnorm
138,Q0,SJMN91-06260252,230,7.540212098341013,minmaxnorm
138,Q0,AP900319-0078,231,7.440381209983202,minmaxnorm
138,Q0,AP900709-0105,232,7.3923919204568245,minmaxnorm
138,Q0,AP900504-0110,233,7.365381029685909,minmaxnorm
138,Q0,AP900925-0127,234,7.3331181050357115,minmaxnorm
138,Q0,AP900313-0118,235,7.317323771019322,minmaxnorm
138,Q0,AP900309-0130,236,7.297253103511691,minmaxnorm
138,Q0,AP900501-0076,237,7.239379425235372,minmaxnorm
138,Q0,AP900813-0121,238,7.189996530942841,minmaxnorm
138,Q0,SJMN91-06227058,239,7.182692682956126,minmaxnorm
138,Q0,AP900423-0126,240,7.18086047611475,minmaxnorm
138,Q0,AP900314-0091,241,7.154952988996727,minmaxnorm
138,Q0,SJMN91-06258106,242,7.1232486828041885,minmaxnorm
138,Q0,SJMN91-06121185,243,7.112723240410176,minmaxnorm
138,Q0,AP900217-0066,244,7.094939755693687,minmaxnorm
138,Q0,SJMN91-06323140,245,7.091833178124454,minmaxnorm
138,Q0,AP900804-0049,246,7.0909320295472185,minmaxnorm
138,Q0,SJMN91-06233084,247,7.090197341297883,minmaxnorm
138,Q0,SJMN91-06250134,248,7.088387502249531,minmaxnorm
138,Q0,AP900927-0134,249,7.0510568393399735,minmaxnorm
138,Q0,SJMN91-06223089,250,7.0501867109808485,minmaxnorm
138,Q0,AP900516-0111,251,7.010968791061016,minmaxnorm
138,Q0,AP900918-0072,252,6.992156081167293,minmaxnorm
138,Q0,SJMN91-06344188,253,6.9874617743236,minmaxnorm
138,Q0,AP900311-0033,254,6.93953090266511,minmaxnorm
138,Q0,AP900509-0093,255,6.926787176959124,minmaxnorm
138,Q0,SJMN91-06256172,256,6.920418858597818,minmaxnorm
138,Q0,AP900812-0034,257,6.8673592174201845,minmaxnorm
138,Q0,SJMN91-06222200,258,6.84576685368396,minmaxnorm
138,Q0,SJMN91-06226193,259,6.845611094828634,minmaxnorm
138,Q0,AP900430-0193,260,6.830547254218968,minmaxnorm
138,Q0,AP900518-0064,261,6.825316958617581,minmaxnorm
138,Q0,AP900517-0166,262,6.799785248942643,minmaxnorm
138,Q0,SJMN91-06112200,263,6.790138913396233,minmaxnorm
138,Q0,AP901102-0080,264,6.772865642906565,minmaxnorm
138,Q0,SJMN91-06198255,265,6.769035647235626,minmaxnorm
138,Q0,AP900815-0097,266,6.759333487847432,minmaxnorm
138,Q0,AP900508-0037,267,6.75767282720652,minmaxnorm
138,Q0,SJMN91-06257249,268,6.734994078196234,minmaxnorm
138,Q0,AP900913-0063,269,6.716435377609301,minmaxnorm
138,Q0,SJMN91-06232041,270,6.709771771409364,minmaxnorm
138,Q0,AP900503-0128,271,6.693488123761305,minmaxnorm
138,Q0,AP900422-0066,272,6.6867578508293235,minmaxnorm
138,Q0,SJMN91-06337182,273,6.675053677008018,minmaxnorm
138,Q0,AP901130-0073,274,6.64015406472125,minmaxnorm
138,Q0,AP900831-0072,275,6.633897337209916,minmaxnorm
138,Q0,AP900512-0135,276,6.630596699800815,minmaxnorm
138,Q0,AP900411-0105,277,6.625863828500943,minmaxnorm
138,Q0,SJMN91-06339049,278,6.621962586259522,minmaxnorm
138,Q0,SJMN91-06341230,279,6.568295584368433,minmaxnorm
138,Q0,AP900811-0090,280,6.557077843256416,minmaxnorm
138,Q0,AP900717-0065,281,6.547073126550025,minmaxnorm
138,Q0,AP900515-0068,282,6.527806746054795,minmaxnorm
138,Q0,AP900427-0104,283,6.51536747209151,minmaxnorm
138,Q0,AP900313-0059,284,6.4816019795966495,minmaxnorm
138,Q0,AP900713-0044,285,6.443705198267355,minmaxnorm
138,Q0,AP900208-0108,286,6.430473478891142,minmaxnorm
138,Q0,SJMN91-06339223,287,6.4271880261270535,minmaxnorm
138,Q0,AP900526-0136,288,6.410117629352616,minmaxnorm
138,Q0,AP900127-0070,289,6.404512672497804,minmaxnorm
138,Q0,SJMN91-06269226,290,6.351212664635131,minmaxnorm
138,Q0,AP900309-0070,291,6.330861252908517,minmaxnorm
138,Q0,SJMN91-06080240,292,6.319144590294117,minmaxnorm
138,Q0,SJMN91-06268158,293,6.282041903734933,minmaxnorm
138,Q0,SJMN91-06080109,294,6.262255095196794,minmaxnorm
138,Q0,SJMN91-06066073,295,6.203875751271456,minmaxnorm
138,Q0,SJMN91-06221184,296,6.181486984723506,minmaxnorm
138,Q0,AP900418-0147,297,6.177518173985426,minmaxnorm
138,Q0,AP901022-0052,298,6.176299466390665,minmaxnorm
138,Q0,AP900804-0119,299,6.169713879370955,minmaxnorm
138,Q0,AP901022-0132,300,6.168270913470391,minmaxnorm
138,Q0,AP900629-0001,301,6.1538357667304435,minmaxnorm
138,Q0,AP900505-0070,302,6.130770077716241,minmaxnorm
138,Q0,SJMN91-06221138,303,6.0866124623971904,minmaxnorm
138,Q0,SJMN91-06190028,304,6.056276275641909,minmaxnorm
138,Q0,SJMN91-06226217,305,6.0452935637327965,minmaxnorm
138,Q0,AP900308-0229,306,6.042759673288426,minmaxnorm
138,Q0,AP900713-0092,307,6.027152104540806,minmaxnorm
138,Q0,SJMN91-06322250,308,6.021322604496374,minmaxnorm
138,Q0,AP900814-0040,309,6.018297015336189,minmaxnorm
138,Q0,AP900805-0046,310,6.014468779197253,minmaxnorm
138,Q0,AP900714-0056,311,6.0138822948227,minmaxnorm
138,Q0,AP901107-0188,312,5.983116319871382,minmaxnorm
138,Q0,AP900423-0063,313,5.9821596044513905,minmaxnorm
138,Q0,AP900611-0112,314,5.955873571045273,minmaxnorm
138,Q0,SJMN91-06219090,315,5.942000756281438,minmaxnorm
138,Q0,AP900109-0005,316,5.933243997294335,minmaxnorm
138,Q0,AP900502-0073,317,5.929198289054057,minmaxnorm
138,Q0,AP900928-0057,318,5.915564894283014,minmaxnorm
138,Q0,AP900419-0108,319,5.908487539211277,minmaxnorm
138,Q0,SJMN91-06167139,320,5.89847363293439,minmaxnorm
138,Q0,AP900118-0157,321,5.89544955481966,minmaxnorm
138,Q0,SJMN91-06339173,322,5.868455947817927,minmaxnorm
138,Q0,SJMN91-06288115,323,5.860920112546183,minmaxnorm
138,Q0,SJMN91-06324063,324,5.826088135674924,minmaxnorm
138,Q0,AP900502-0157,325,5.8089561422518585,minmaxnorm
138,Q0,AP900309-0093,326,5.797288017022552,minmaxnorm
138,Q0,AP900710-0163,327,5.774790737496919,minmaxnorm
138,Q0,AP900419-0129,328,5.768367450246698,minmaxnorm
138,Q0,AP900813-0102,329,5.754572978313056,minmaxnorm
138,Q0,SJMN91-06229224,330,5.739779962957371,minmaxnorm
138,Q0,AP901217-0091,331,5.729203738998492,minmaxnorm
138,Q0,AP900120-0066,332,5.717073684970453,minmaxnorm
138,Q0,SJMN91-06081076,333,5.705682838228273,minmaxnorm
138,Q0,SJMN91-06113135,334,5.690284546193849,minmaxnorm
138,Q0,AP900603-0060,335,5.6617131560683465,minmaxnorm
138,Q0,SJMN91-06072054,336,5.653541313497929,minmaxnorm
138,Q0,AP900218-0029,337,5.651668276419476,minmaxnorm
138,Q0,AP900127-0061,338,5.64329484339834,minmaxnorm
138,Q0,AP900214-0136,339,5.642749185737356,minmaxnorm
138,Q0,AP901104-0034,340,5.626352395352936,minmaxnorm
138,Q0,AP901031-0109,341,5.590600886606731,minmaxnorm
138,Q0,AP900702-0038,342,5.5864444084273215,minmaxnorm
138,Q0,AP900418-0075,343,5.56866422878598,minmaxnorm
138,Q0,AP900615-0087,344,5.559675931915105,minmaxnorm
138,Q0,AP900427-0133,345,5.555248176047202,minmaxnorm
138,Q0,AP900426-0130,346,5.5179345149754155,minmaxnorm
138,Q0,AP900503-0072,347,5.495472386207771,minmaxnorm
138,Q0,SJMN91-06223050,348,5.486287779080353,minmaxnorm
138,Q0,AP900314-0118,349,5.483882255365438,minmaxnorm
138,Q0,AP900301-0103,350,5.447131199578372,minmaxnorm
138,Q0,SJMN91-06339076,351,5.4009114276648384,minmaxnorm
138,Q0,AP900425-0111,352,5.399431789093295,minmaxnorm
138,Q0,AP900809-0106,353,5.388913625591341,minmaxnorm
138,Q0,AP900822-0015,354,5.379720961747706,minmaxnorm
138,Q0,SJMN91-06225129,355,5.377633622818933,minmaxnorm
138,Q0,AP900615-0118,356,5.287865072437875,minmaxnorm
138,Q0,SJMN91-06276249,357,5.279609659248555,minmaxnorm
138,Q0,SJMN91-06228219,358,5.2661608662225845,minmaxnorm
138,Q0,AP900628-0148,359,5.256487448123422,minmaxnorm
138,Q0,AP900416-0009,360,5.253132496573706,minmaxnorm
138,Q0,SJMN91-06067115,361,5.217337835961521,minmaxnorm
138,Q0,AP900314-0048,362,5.212131937214204,minmaxnorm
138,Q0,AP900429-0036,363,5.211347433639277,minmaxnorm
138,Q0,SJMN91-06150046,364,5.207632446586549,minmaxnorm
138,Q0,SJMN91-06094157,365,5.200757814054125,minmaxnorm
138,Q0,AP900327-0152,366,5.17947485223226,minmaxnorm
138,Q0,SJMN91-06178172,367,5.178623339008747,minmaxnorm
138,Q0,AP900509-0172,368,5.1715474047916885,minmaxnorm
138,Q0,SJMN91-06094212,369,5.166703097646135,minmaxnorm
138,Q0,AP901026-0087,370,5.162266075357614,minmaxnorm
138,Q0,AP900823-0141,371,5.151892349687831,minmaxnorm
138,Q0,AP900909-0039,372,5.147839929827597,minmaxnorm
138,Q0,SJMN91-06094253,373,5.145127080730876,minmaxnorm
138,Q0,AP900416-0118,374,5.139798714725831,minmaxnorm
138,Q0,AP900316-0059,375,5.133629663350879,minmaxnorm
138,Q0,SJMN91-06343003,376,5.128348020501688,minmaxnorm
138,Q0,AP900823-0035,377,5.122957536398447,minmaxnorm
138,Q0,AP901110-0077,378,5.099238043164976,minmaxnorm
138,Q0,AP900529-0100,379,5.093313725126557,minmaxnorm
138,Q0,AP900501-0102,380,5.0773838843810095,minmaxnorm
138,Q0,AP900625-0036,381,5.0707655819183515,minmaxnorm
138,Q0,SJMN91-06241181,382,5.060197658488145,minmaxnorm
138,Q0,SJMN91-06221120,383,5.040912391644296,minmaxnorm
138,Q0,SJMN91-06295166,384,5.027411916988063,minmaxnorm
138,Q0,AP900319-0184,385,5.025391867235346,minmaxnorm
138,Q0,SJMN91-06235073,386,5.024106460811803,minmaxnorm
138,Q0,AP901019-0180,387,5.012747228527965,minmaxnorm
138,Q0,AP900701-0059,388,4.95514193883661,minmaxnorm
138,Q0,AP900102-0050,389,4.952397817068229,minmaxnorm
138,Q0,SJMN91-06074117,390,4.949616807657118,minmaxnorm
138,Q0,SJMN91-06264099,391,4.903904528738277,minmaxnorm
138,Q0,AP901027-0086,392,4.888344519585236,minmaxnorm
138,Q0,AP900309-0123,393,4.852318775893439,minmaxnorm
138,Q0,SJMN91-06297251,394,4.8383587633154725,minmaxnorm
138,Q0,SJMN91-06297137,395,4.8381989126541995,minmaxnorm
138,Q0,SJMN91-06078028,396,4.822140903602456,minmaxnorm
138,Q0,AP900929-0061,397,4.819625395676223,minmaxnorm
138,Q0,AP900419-0114,398,4.818188014295986,minmaxnorm
138,Q0,SJMN91-06220333,399,4.781521867368945,minmaxnorm
138,Q0,AP901110-0009,400,4.770692203198866,minmaxnorm
138,Q0,AP900624-0062,401,4.767219013187657,minmaxnorm
138,Q0,AP901009-0180,402,4.7609491386022675,minmaxnorm
138,Q0,AP900430-0094,403,4.748264006635049,minmaxnorm
138,Q0,SJMN91-06220332,404,4.734789856283314,minmaxnorm
138,Q0,AP900825-0067,405,4.722178867910542,minmaxnorm
138,Q0,AP901031-0055,406,4.719136214925367,minmaxnorm
138,Q0,AP900502-0128,407,4.709743088732664,minmaxnorm
138,Q0,AP900212-0120,408,4.65875212313396,minmaxnorm
138,Q0,AP900216-0175,409,4.615466280112598,minmaxnorm
138,Q0,SJMN91-06099106,410,4.6003755787406755,minmaxnorm
138,Q0,AP900308-0198,411,4.599323321840717,minmaxnorm
138,Q0,AP900323-0146,412,4.581985862032262,minmaxnorm
138,Q0,AP900507-0020,413,4.557757439955673,minmaxnorm
138,Q0,AP900502-0089,414,4.548406605719171,minmaxnorm
138,Q0,AP901213-0074,415,4.541929387639299,minmaxnorm
138,Q0,SJMN91-06121106,416,4.524123770647373,minmaxnorm
138,Q0,SJMN91-06340047,417,4.491803216848398,minmaxnorm
138,Q0,SJMN91-06099031,418,4.483951602707673,minmaxnorm
138,Q0,AP900814-0028,419,4.472651293048342,minmaxnorm
138,Q0,AP900426-0121,420,4.462856165676557,minmaxnorm
138,Q0,AP900410-0062,421,4.448966817494872,minmaxnorm
138,Q0,AP900709-0040,422,4.447957897965222,minmaxnorm
138,Q0,AP900509-0123,423,4.408222860332193,minmaxnorm
138,Q0,AP901225-0059,424,4.374332015003283,minmaxnorm
138,Q0,SJMN91-06221147,425,4.370786976001649,minmaxnorm
138,Q0,AP900925-0060,426,4.365974681395846,minmaxnorm
138,Q0,AP900809-0053,427,4.350572443645845,minmaxnorm
138,Q0,AP900316-0105,428,4.337213133628448,minmaxnorm
138,Q0,AP900423-0037,429,4.331943921613988,minmaxnorm
138,Q0,AP901023-0117,430,4.330738462914303,minmaxnorm
138,Q0,AP900407-0100,431,4.321790631861736,minmaxnorm
138,Q0,SJMN91-06201250,432,4.307105101819742,minmaxnorm
138,Q0,SJMN91-06325012,433,4.302229965719512,minmaxnorm
138,Q0,AP900501-0061,434,4.276374496074985,minmaxnorm
138,Q0,AP900729-0033,435,4.266004002167228,minmaxnorm
138,Q0,AP900502-0082,436,4.236842576487096,minmaxnorm
138,Q0,AP900427-0058,437,4.226078804000611,minmaxnorm
138,Q0,AP900707-0059,438,4.217538709259428,minmaxnorm
138,Q0,AP900503-0037,439,4.199283251976882,minmaxnorm
138,Q0,SJMN91-06338208,440,4.192105936166666,minmaxnorm
138,Q0,AP900519-0105,441,4.1792774406988515,minmaxnorm
138,Q0,SJMN91-06340139,442,4.138108917558148,minmaxnorm
138,Q0,AP900411-0071,443,4.111774576872856,minmaxnorm
138,Q0,SJMN91-06280221,444,4.104047225448031,minmaxnorm
138,Q0,SJMN91-06224093,445,4.101429026443539,minmaxnorm
138,Q0,AP900818-0124,446,4.093767261138919,minmaxnorm
138,Q0,AP900629-0128,447,4.092522948056121,minmaxnorm
138,Q0,AP900913-0104,448,4.083341550535789,minmaxnorm
138,Q0,AP900409-0077,449,4.080226005352463,minmaxnorm
138,Q0,SJMN91-06295007,450,4.068091112959871,minmaxnorm
138,Q0,SJMN91-06326005,451,4.051396609424582,minmaxnorm
138,Q0,SJMN91-06325207,452,4.03932435828004,minmaxnorm
138,Q0,AP900521-0119,453,4.014588983735184,minmaxnorm
138,Q0,AP900803-0113,454,4.001744682290814,minmaxnorm
138,Q0,SJMN91-06183067,455,3.996637768933564,minmaxnorm
138,Q0,AP900404-0104,456,3.9937435409014688,minmaxnorm
138,Q0,SJMN91-06227152,457,3.991894566996384,minmaxnorm
138,Q0,SJMN91-06127137,458,3.983209858460578,minmaxnorm
138,Q0,AP900405-0145,459,3.965048455265173,minmaxnorm
138,Q0,AP900424-0075,460,3.918334672951898,minmaxnorm
138,Q0,AP900517-0091,461,3.9139450699285137,minmaxnorm
138,Q0,AP900119-0077,462,3.8723329422279584,minmaxnorm
138,Q0,SJMN91-06281051,463,3.8649263560842977,minmaxnorm
138,Q0,AP900301-0178,464,3.855496278938907,minmaxnorm
138,Q0,SJMN91-06201091,465,3.845378094679615,minmaxnorm
138,Q0,AP900317-0012,466,3.822085854697895,minmaxnorm
138,Q0,AP900610-0017,467,3.8207307239709127,minmaxnorm
138,Q0,AP900727-0099,468,3.8184631891545786,minmaxnorm
138,Q0,SJMN91-06362229,469,3.8127990349972323,minmaxnorm
138,Q0,SJMN91-06342057,470,3.810861330506646,minmaxnorm
138,Q0,AP900410-0097,471,3.7964441982024093,minmaxnorm
138,Q0,AP900514-0052,472,3.783678517600843,minmaxnorm
138,Q0,AP901112-0093,473,3.7776836947907384,minmaxnorm
138,Q0,SJMN91-06191169,474,3.7622205504716097,minmaxnorm
138,Q0,AP901124-0109,475,3.7463697693062716,minmaxnorm
138,Q0,AP900413-0056,476,3.729968035332792,minmaxnorm
138,Q0,AP900823-0045,477,3.728686114362884,minmaxnorm
138,Q0,AP900109-0161,478,3.7131775615638474,minmaxnorm
138,Q0,AP900808-0115,479,3.7047235186181946,minmaxnorm
138,Q0,AP900821-0160,480,3.6891861915958613,minmaxnorm
138,Q0,AP900220-0114,481,3.657381972155427,minmaxnorm
138,Q0,SJMN91-06191066,482,3.6239128738902435,minmaxnorm
138,Q0,AP900109-0114,483,3.621438790645138,minmaxnorm
138,Q0,AP900626-0092,484,3.58842957951822,minmaxnorm
138,Q0,SJMN91-06241090,485,3.5623974349945042,minmaxnorm
138,Q0,SJMN91-06354081,486,3.5568260325392242,minmaxnorm
138,Q0,SJMN91-06359045,487,3.544373028525397,minmaxnorm
138,Q0,SJMN91-06277061,488,3.5369849165945566,minmaxnorm
138,Q0,AP900803-0145,489,3.5128324449233026,minmaxnorm
138,Q0,AP900124-0130,490,3.506986932787752,minmaxnorm
138,Q0,SJMN91-06326099,491,3.4968166425280343,minmaxnorm
138,Q0,SJMN91-06354164,492,3.495757880626135,minmaxnorm
138,Q0,SJMN91-06228162,493,3.4831606895537663,minmaxnorm
138,Q0,SJMN91-06326058,494,3.478698087147386,minmaxnorm
138,Q0,SJMN91-06163203,495,3.4768198782754682,minmaxnorm
138,Q0,SJMN91-06288090,496,3.4545687010645008,minmaxnorm
138,Q0,AP901121-0140,497,3.4427912418209314,minmaxnorm
138,Q0,AP900621-0222,498,3.4415427074118283,minmaxnorm
138,Q0,SJMN91-06302015,499,3.438873640740999,minmaxnorm
138,Q0,AP901211-0044,500,3.4356599647952373,minmaxnorm
138,Q0,SJMN91-06358189,501,3.427262904198734,minmaxnorm
138,Q0,AP900428-0015,502,3.4229483499721507,minmaxnorm
138,Q0,AP900302-0085,503,3.4151307738605494,minmaxnorm
138,Q0,SJMN91-06340142,504,3.4076659469343795,minmaxnorm
138,Q0,AP901113-0046,505,3.4019729084847032,minmaxnorm
138,Q0,SJMN91-06356010,506,3.398154630852912,minmaxnorm
138,Q0,AP900417-0032,507,3.397016798297328,minmaxnorm
138,Q0,AP900817-0013,508,3.396921704024097,minmaxnorm
138,Q0,AP900621-0189,509,3.3874321040160815,minmaxnorm
138,Q0,AP900830-0114,510,3.3855537180050055,minmaxnorm
138,Q0,AP900802-0041,511,3.3800294918081617,minmaxnorm
138,Q0,SJMN91-06221058,512,3.3789220710439563,minmaxnorm
138,Q0,SJMN91-06324055,513,3.3733763156133105,minmaxnorm
138,Q0,AP900622-0178,514,3.362674884472231,minmaxnorm
138,Q0,AP900423-0190,515,3.3534128417252083,minmaxnorm
138,Q0,AP900102-0076,516,3.333761699232744,minmaxnorm
138,Q0,AP900514-0149,517,3.3271039009972263,minmaxnorm
138,Q0,AP900808-0141,518,3.3119275746544874,minmaxnorm
138,Q0,AP901101-0073,519,3.311709236366144,minmaxnorm
138,Q0,SJMN91-06302038,520,3.3048523768128484,minmaxnorm
138,Q0,AP900405-0095,521,3.284904723376915,minmaxnorm
138,Q0,AP900506-0068,522,3.272938260642158,minmaxnorm
138,Q0,SJMN91-06358188,523,3.2729107665283643,minmaxnorm
138,Q0,SJMN91-06340151,524,3.241732121449207,minmaxnorm
138,Q0,AP900512-0074,525,3.2413533435239623,minmaxnorm
138,Q0,AP901127-0148,526,3.235983312980159,minmaxnorm
138,Q0,AP900226-0055,527,3.2359240540944927,minmaxnorm
138,Q0,AP900419-0143,528,3.2195334568196223,minmaxnorm
138,Q0,AP900508-0194,529,3.216478892290735,minmaxnorm
138,Q0,AP901218-0187,530,3.216155961473198,minmaxnorm
138,Q0,AP900813-0025,531,3.21088463875609,minmaxnorm
138,Q0,AP900820-0106,532,3.198800668275564,minmaxnorm
138,Q0,AP900918-0098,533,3.1845022346160015,minmaxnorm
138,Q0,AP901128-0139,534,3.156800769022065,minmaxnorm
138,Q0,AP900522-0128,535,3.1524119519143974,minmaxnorm
138,Q0,AP900825-0119,536,3.1358308095370773,minmaxnorm
138,Q0,AP900810-0064,537,3.1274531119596243,minmaxnorm
138,Q0,SJMN91-06241191,538,3.125204938813015,minmaxnorm
138,Q0,AP901231-0037,539,3.1136513780269466,minmaxnorm
138,Q0,SJMN91-06293059,540,3.0970723838415872,minmaxnorm
138,Q0,AP900510-0014,541,3.083826794147791,minmaxnorm
138,Q0,AP900403-0170,542,3.0818175030557127,minmaxnorm
138,Q0,AP901129-0102,543,3.0609711491983127,minmaxnorm
138,Q0,AP900420-0010,544,3.0490567941692186,minmaxnorm
138,Q0,AP900509-0182,545,3.043478330383583,minmaxnorm
138,Q0,SJMN91-06221211,546,3.0385582101013218,minmaxnorm
138,Q0,SJMN91-06305232,547,3.011598415958067,minmaxnorm
138,Q0,SJMN91-06305054,548,2.990156161014716,minmaxnorm
138,Q0,AP901025-0064,549,2.985247235947912,minmaxnorm
138,Q0,AP900406-0086,550,2.9790852010686386,minmaxnorm
138,Q0,AP900205-0164,551,2.966823425965102,minmaxnorm
138,Q0,AP900811-0114,552,2.9646163498503837,minmaxnorm
138,Q0,AP900104-0076,553,2.9510984815746917,minmaxnorm
138,Q0,SJMN91-06120117,554,2.9382861808974776,minmaxnorm
138,Q0,AP900717-0102,555,2.9299059767102653,minmaxnorm
138,Q0,SJMN91-06257176,556,2.9245680646521204,minmaxnorm
138,Q0,SJMN91-06340229,557,2.918759527647786,minmaxnorm
138,Q0,SJMN91-06221225,558,2.906906727320814,minmaxnorm
138,Q0,SJMN91-06344164,559,2.8988237713134044,minmaxnorm
138,Q0,AP900410-0154,560,2.889369692490163,minmaxnorm
138,Q0,AP901221-0016,561,2.8860423424795947,minmaxnorm
138,Q0,SJMN91-06346202,562,2.882478979135259,minmaxnorm
138,Q0,AP900109-0073,563,2.878593542430539,minmaxnorm
138,Q0,SJMN91-06219119,564,2.872381410360743,minmaxnorm
138,Q0,SJMN91-06330016,565,2.8462157948949587,minmaxnorm
138,Q0,AP900419-0156,566,2.8445457078974092,minmaxnorm
138,Q0,AP900708-0066,567,2.8119732154850094,minmaxnorm
138,Q0,AP900125-0163,568,2.781274634984249,minmaxnorm
138,Q0,AP901217-0154,569,2.778158032890897,minmaxnorm
138,Q0,AP900420-0080,570,2.7463578672362705,minmaxnorm
138,Q0,AP900830-0084,571,2.7420782879248753,minmaxnorm
138,Q0,SJMN91-06297032,572,2.741201242434636,minmaxnorm
138,Q0,SJMN91-06240217,573,2.7385817312917675,minmaxnorm
138,Q0,AP900508-0057,574,2.7385000756539655,minmaxnorm
138,Q0,SJMN91-06162170,575,2.738017413836651,minmaxnorm
138,Q0,AP900423-0051,576,2.719950227811715,minmaxnorm
138,Q0,SJMN91-06275199,577,2.716184108301085,minmaxnorm
138,Q0,AP901204-0188,578,2.700033588597721,minmaxnorm
138,Q0,AP900717-0042,579,2.682260633783962,minmaxnorm
138,Q0,AP900410-0144,580,2.6792992722150637,minmaxnorm
138,Q0,SJMN91-06230182,581,2.6689713446447225,minmaxnorm
138,Q0,AP901017-0098,582,2.6662372089187008,minmaxnorm
138,Q0,AP900209-0130,583,2.65761633346237,minmaxnorm
138,Q0,AP900127-0039,584,2.655929631557588,minmaxnorm
138,Q0,SJMN91-06134069,585,2.6543009658133285,minmaxnorm
138,Q0,SJMN91-06339140,586,2.653342129425419,minmaxnorm
138,Q0,SJMN91-06073206,587,2.635733755950043,minmaxnorm
138,Q0,SJMN91-06106045,588,2.6349148536339895,minmaxnorm
138,Q0,AP901104-0024,589,2.6211615554674284,minmaxnorm
138,Q0,AP900627-0133,590,2.6073680959579626,minmaxnorm
138,Q0,SJMN91-06161094,591,2.6039677645186985,minmaxnorm
138,Q0,SJMN91-06227185,592,2.589666449548654,minmaxnorm
138,Q0,SJMN91-06200147,593,2.588203742535714,minmaxnorm
138,Q0,SJMN91-06225067,594,2.586390630865569,minmaxnorm
138,Q0,AP900912-0039,595,2.585084192576265,minmaxnorm
138,Q0,SJMN91-06343111,596,2.5791573849118685,minmaxnorm
138,Q0,AP900609-0021,597,2.5791013031652965,minmaxnorm
138,Q0,SJMN91-06221125,598,2.5495501691308258,minmaxnorm
138,Q0,SJMN91-06129191,599,2.5447842961469647,minmaxnorm
138,Q0,AP900417-0092,600,2.5375852233825036,minmaxnorm
138,Q0,AP900822-0196,601,2.533366821964857,minmaxnorm
138,Q0,SJMN91-06357075,602,2.531904518303366,minmaxnorm
138,Q0,AP900622-0198,603,2.531378434749556,minmaxnorm
138,Q0,SJMN91-06278140,604,2.5203996175947703,minmaxnorm
138,Q0,SJMN91-06363164,605,2.4917037602101275,minmaxnorm
138,Q0,AP901228-0085,606,2.48865583156855,minmaxnorm
138,Q0,AP900609-0041,607,2.483600849468279,minmaxnorm
138,Q0,SJMN91-06260134,608,2.481632344287392,minmaxnorm
138,Q0,SJMN91-06227244,609,2.4788675280329144,minmaxnorm
138,Q0,SJMN91-06221162,610,2.466077050008457,minmaxnorm
138,Q0,SJMN91-06362064,611,2.4626061942425244,minmaxnorm
138,Q0,SJMN91-06173246,612,2.459906257483879,minmaxnorm
138,Q0,AP900426-0193,613,2.4473497346388786,minmaxnorm
138,Q0,SJMN91-06287074,614,2.4414323989299396,minmaxnorm
138,Q0,AP900407-0132,615,2.4398819090309285,minmaxnorm
138,Q0,AP900709-0162,616,2.435115202508742,minmaxnorm
138,Q0,SJMN91-06330071,617,2.43249124955971,minmaxnorm
138,Q0,AP900515-0019,618,2.424176559140071,minmaxnorm
138,Q0,AP901121-0088,619,2.420180822812557,minmaxnorm
138,Q0,SJMN91-06296008,620,2.4196056301155164,minmaxnorm
138,Q0,AP901128-0073,621,2.418352808181661,minmaxnorm
138,Q0,AP900910-0130,622,2.411664722177627,minmaxnorm
138,Q0,AP900728-0056,623,2.392783301195722,minmaxnorm
138,Q0,AP900608-0115,624,2.387889944904322,minmaxnorm
138,Q0,AP900706-0121,625,2.383560404707213,minmaxnorm
138,Q0,AP900807-0125,626,2.3808635134491616,minmaxnorm
138,Q0,SJMN91-06324022,627,2.336143730347325,minmaxnorm
138,Q0,AP901008-0111,628,2.326425448815323,minmaxnorm
138,Q0,AP900419-0138,629,2.3253467813765663,minmaxnorm
138,Q0,SJMN91-06126045,630,2.3067759522984956,minmaxnorm
138,Q0,AP900210-0133,631,2.2999959396882486,minmaxnorm
138,Q0,AP900503-0067,632,2.298734338301091,minmaxnorm
138,Q0,AP900626-0132,633,2.290317488423365,minmaxnorm
138,Q0,SJMN91-06255366,634,2.285966503816731,minmaxnorm
138,Q0,AP901007-0039,635,2.2710268835810012,minmaxnorm
138,Q0,AP900428-0139,636,2.2621296067297054,minmaxnorm
138,Q0,SJMN91-06326139,637,2.2612228224122584,minmaxnorm
138,Q0,AP900604-0195,638,2.2529004119069334,minmaxnorm
138,Q0,SJMN91-06115086,639,2.2466363754122978,minmaxnorm
138,Q0,SJMN91-06228082,640,2.227701093803575,minmaxnorm
138,Q0,AP900902-0025,641,2.187051391744396,minmaxnorm
138,Q0,SJMN91-06036049,642,2.180367658368846,minmaxnorm
138,Q0,AP900422-0043,643,2.159216763329361,minmaxnorm
138,Q0,SJMN91-06362215,644,2.157810251348988,minmaxnorm
138,Q0,AP900816-0102,645,2.1562985475767116,minmaxnorm
138,Q0,AP901022-0011,646,2.153815579139127,minmaxnorm
138,Q0,SJMN91-06227101,647,2.138416264337307,minmaxnorm
138,Q0,AP900402-0010,648,2.1366665896789727,minmaxnorm
138,Q0,AP900827-0007,649,2.135957491970147,minmaxnorm
138,Q0,SJMN91-06082174,650,2.129968603077153,minmaxnorm
138,Q0,AP900607-0121,651,2.12617344532965,minmaxnorm
138,Q0,AP900404-0039,652,2.125596444836693,minmaxnorm
138,Q0,AP900525-0159,653,2.124690335820741,minmaxnorm
138,Q0,AP900709-0190,654,2.1243633135545483,minmaxnorm
138,Q0,AP900503-0201,655,2.1104043745455745,minmaxnorm
138,Q0,AP900622-0089,656,2.1047532572056546,minmaxnorm
138,Q0,AP900116-0168,657,2.0924718234567057,minmaxnorm
138,Q0,AP900426-0138,658,2.0770543246072712,minmaxnorm
138,Q0,AP900501-0111,659,2.0729365919381557,minmaxnorm
138,Q0,SJMN91-06346329,660,2.072548324706838,minmaxnorm
138,Q0,AP900422-0036,661,2.0513710687825895,minmaxnorm
138,Q0,AP900502-0199,662,2.037115181915922,minmaxnorm
138,Q0,AP901006-0116,663,2.0366917368849093,minmaxnorm
138,Q0,AP901113-0075,664,2.013972765700665,minmaxnorm
138,Q0,SJMN91-06085159,665,2.003884819626012,minmaxnorm
138,Q0,SJMN91-06345205,666,1.977287450068725,minmaxnorm
138,Q0,AP901227-0069,667,1.9707291972861318,minmaxnorm
138,Q0,AP900515-0164,668,1.9680235874358718,minmaxnorm
138,Q0,SJMN91-06346260,669,1.9637807154327218,minmaxnorm
138,Q0,AP900508-0139,670,1.9583890980200274,minmaxnorm
138,Q0,AP901227-0073,671,1.9583581140676478,minmaxnorm
138,Q0,SJMN91-06230027,672,1.958038631916231,minmaxnorm
138,Q0,SJMN91-06347299,673,1.9499298667717677,minmaxnorm
138,Q0,AP901013-0093,674,1.9484085650775,minmaxnorm
138,Q0,AP900612-0201,675,1.9413127077853665,minmaxnorm
138,Q0,AP901105-0173,676,1.9361589836196846,minmaxnorm
138,Q0,AP900312-0101,677,1.9122394518266606,minmaxnorm
138,Q0,SJMN91-06073130,678,1.911275192007863,minmaxnorm
138,Q0,SJMN91-06299064,679,1.9045374021516768,minmaxnorm
138,Q0,SJMN91-06360163,680,1.9013506046655373,minmaxnorm
138,Q0,AP900328-0086,681,1.9009937935529466,minmaxnorm
138,Q0,SJMN91-06339114,682,1.8991393128838212,minmaxnorm
138,Q0,AP900808-0156,683,1.8979904909378078,minmaxnorm
138,Q0,AP901221-0195,684,1.890045846370334,minmaxnorm
138,Q0,AP900519-0090,685,1.8867457294714227,minmaxnorm
138,Q0,AP900830-0137,686,1.8857936224069285,minmaxnorm
138,Q0,SJMN91-06035163,687,1.8687186222451175,minmaxnorm
138,Q0,SJMN91-06261033,688,1.8629702485026887,minmaxnorm
138,Q0,SJMN91-06359200,689,1.8596001704256364,minmaxnorm
138,Q0,AP900825-0014,690,1.8415603940422198,minmaxnorm
138,Q0,AP901201-0009,691,1.8270517989838995,minmaxnorm
138,Q0,SJMN91-06117065,692,1.8219927890110177,minmaxnorm
138,Q0,AP900430-0024,693,1.8204103136254366,minmaxnorm
138,Q0,SJMN91-06068238,694,1.8180465327910516,minmaxnorm
138,Q0,SJMN91-06307176,695,1.8158958498320248,minmaxnorm
138,Q0,AP900406-0156,696,1.8110677904887593,minmaxnorm
138,Q0,AP900910-0145,697,1.80558463952514,minmaxnorm
138,Q0,AP900627-0169,698,1.8033036047646498,minmaxnorm
138,Q0,AP900723-0013,699,1.8005786424067607,minmaxnorm
138,Q0,SJMN91-06267023,700,1.8002644790026756,minmaxnorm
138,Q0,SJMN91-06324171,701,1.8000302018902745,minmaxnorm
138,Q0,AP900817-0001,702,1.799329556681899,minmaxnorm
138,Q0,AP900316-0140,703,1.796306619454647,minmaxnorm
138,Q0,SJMN91-06181046,704,1.7893041055799106,minmaxnorm
138,Q0,AP900826-0040,705,1.7792086552149147,minmaxnorm
138,Q0,AP900615-0116,706,1.7780741643114448,minmaxnorm
138,Q0,AP900306-0130,707,1.7734920684226456,minmaxnorm
138,Q0,SJMN91-06294035,708,1.771241654695564,minmaxnorm
138,Q0,AP900831-0155,709,1.7523992944566156,minmaxnorm
138,Q0,AP900430-0098,710,1.7502944776186182,minmaxnorm
138,Q0,AP901003-0111,711,1.7420092940158365,minmaxnorm
138,Q0,AP900611-0124,712,1.7400998515854433,minmaxnorm
138,Q0,AP900827-0034,713,1.733484952316443,minmaxnorm
138,Q0,SJMN91-06263138,714,1.7329192473615747,minmaxnorm
138,Q0,SJMN91-06341086,715,1.7324546361928197,minmaxnorm
138,Q0,AP900703-0176,716,1.7308256507863078,minmaxnorm
138,Q0,AP900815-0107,717,1.723346044188759,minmaxnorm
138,Q0,SJMN91-06128074,718,1.712137072229716,minmaxnorm
138,Q0,SJMN91-06038058,719,1.704237650397714,minmaxnorm
138,Q0,SJMN91-06168058,720,1.7018177867204713,minmaxnorm
138,Q0,AP900917-0013,721,1.6990589712046233,minmaxnorm
138,Q0,SJMN91-06221084,722,1.6812701839916209,minmaxnorm
138,Q0,AP900422-0048,723,1.6772890508707285,minmaxnorm
138,Q0,AP900126-0134,724,1.6664314149106763,minmaxnorm
138,Q0,AP900824-0136,725,1.6581882960702887,minmaxnorm
138,Q0,SJMN91-06147052,726,1.6577404627508958,minmaxnorm
138,Q0,SJMN91-06038086,727,1.6432123603155135,minmaxnorm
138,Q0,SJMN91-06013172,728,1.6423619412456611,minmaxnorm
138,Q0,AP900728-0110,729,1.6407995847867598,minmaxnorm
138,Q0,AP900909-0062,730,1.640658766416321,minmaxnorm
138,Q0,SJMN91-06117034,731,1.6387791528676714,minmaxnorm
138,Q0,AP900910-0118,732,1.6369957705038067,minmaxnorm
138,Q0,AP900623-0072,733,1.631923484258858,minmaxnorm
138,Q0,AP900316-0086,734,1.6295795371771873,minmaxnorm
138,Q0,AP901203-0163,735,1.6226743327163475,minmaxnorm
138,Q0,AP900907-0036,736,1.6097839068297333,minmaxnorm
138,Q0,AP900707-0052,737,1.5959988670994139,minmaxnorm
138,Q0,SJMN91-06341200,738,1.5937209698003951,minmaxnorm
138,Q0,AP900626-0126,739,1.579844698357786,minmaxnorm
138,Q0,AP900723-0186,740,1.5780343790007407,minmaxnorm
138,Q0,AP900520-0045,741,1.5752757600834246,minmaxnorm
138,Q0,AP900815-0012,742,1.572134596029348,minmaxnorm
138,Q0,AP900201-0133,743,1.564643839002157,minmaxnorm
138,Q0,AP901125-0057,744,1.5557673508859873,minmaxnorm
138,Q0,AP900501-0022,745,1.5523818745883073,minmaxnorm
138,Q0,AP901011-0072,746,1.5489498555534957,minmaxnorm
138,Q0,SJMN91-06068270,747,1.5474780396177148,minmaxnorm
138,Q0,SJMN91-06359102,748,1.5471167604010705,minmaxnorm
138,Q0,AP900108-0088,749,1.5362119468953708,minmaxnorm
138,Q0,SJMN91-06221185,750,1.536092327670342,minmaxnorm
138,Q0,AP900226-0050,751,1.5257034444030975,minmaxnorm
138,Q0,AP901018-0014,752,1.52420229987958,minmaxnorm
138,Q0,AP900809-0068,753,1.5079751602542106,minmaxnorm
138,Q0,AP900529-0112,754,1.5073408778747144,minmaxnorm
138,Q0,SJMN91-06052117,755,1.4982542905509717,minmaxnorm
138,Q0,AP900916-0043,756,1.4975961429742337,minmaxnorm
138,Q0,AP901111-0022,757,1.4951680548407755,minmaxnorm
138,Q0,AP900502-0110,758,1.494419305837319,minmaxnorm
138,Q0,AP900501-0163,759,1.4842009144493138,minmaxnorm
138,Q0,AP901212-0036,760,1.4776573214163837,minmaxnorm
138,Q0,AP900422-0014,761,1.4695709626468474,minmaxnorm
138,Q0,SJMN91-06119038,762,1.4686146695388334,minmaxnorm
138,Q0,AP901231-0140,763,1.4608439273038585,minmaxnorm
138,Q0,AP901026-0001,764,1.4583460741172718,minmaxnorm
138,Q0,AP900504-0017,765,1.447711417811107,minmaxnorm
138,Q0,AP900420-0109,766,1.4444708850320285,minmaxnorm
138,Q0,SJMN91-06165195,767,1.4257724251182207,minmaxnorm
138,Q0,AP900928-0119,768,1.4101213580125158,minmaxnorm
138,Q0,AP900627-0100,769,1.4083020445544734,minmaxnorm
138,Q0,AP900125-0150,770,1.407127645395748,minmaxnorm
138,Q0,AP900422-0007,771,1.3967867672223813,minmaxnorm
138,Q0,AP900720-0066,772,1.3959049606292853,minmaxnorm
138,Q0,SJMN91-06081240,773,1.3935187637511082,minmaxnorm
138,Q0,SJMN91-06347102,774,1.3915138770561049,minmaxnorm
138,Q0,AP900808-0140,775,1.3694492632202206,minmaxnorm
138,Q0,AP900719-0113,776,1.3600858740681008,minmaxnorm
138,Q0,SJMN91-06080094,777,1.3569437805268794,minmaxnorm
138,Q0,SJMN91-06043090,778,1.3554335280579872,minmaxnorm
138,Q0,AP900625-0121,779,1.3531368815342506,minmaxnorm
138,Q0,AP901207-0084,780,1.348777090456741,minmaxnorm
138,Q0,AP900526-0056,781,1.3479021893828094,minmaxnorm
138,Q0,AP900724-0173,782,1.3329153864948515,minmaxnorm
138,Q0,AP900419-0144,783,1.3328137304926913,minmaxnorm
138,Q0,SJMN91-06331155,784,1.3318593938053453,minmaxnorm
138,Q0,AP900315-0057,785,1.3288079100714296,minmaxnorm
138,Q0,AP900111-0142,786,1.322163638177348,minmaxnorm
138,Q0,AP900112-0134,787,1.3194593121700635,minmaxnorm
138,Q0,AP900717-0119,788,1.3139319807650345,minmaxnorm
138,Q0,SJMN91-06160052,789,1.3118412287041192,minmaxnorm
138,Q0,AP900124-0169,790,1.303920890275875,minmaxnorm
138,Q0,AP900505-0103,791,1.2995985467965379,minmaxnorm
138,Q0,AP901013-0082,792,1.2856049430649088,minmaxnorm
138,Q0,AP901128-0027,793,1.2746676114810098,minmaxnorm
138,Q0,AP901217-0168,794,1.2737535417813755,minmaxnorm
138,Q0,AP901120-0060,795,1.272700917430601,minmaxnorm
138,Q0,AP900430-0086,796,1.2686834410657815,minmaxnorm
138,Q0,SJMN91-06274085,797,1.2652218201252161,minmaxnorm
138,Q0,SJMN91-06125038,798,1.2631972766885284,minmaxnorm
138,Q0,AP900423-0057,799,1.2627740459887413,minmaxnorm
138,Q0,AP900820-0001,800,1.2598383008066796,minmaxnorm
138,Q0,AP901127-0058,801,1.2466922067706605,minmaxnorm
138,Q0,AP901112-0102,802,1.2459319456401476,minmaxnorm
138,Q0,SJMN91-06226180,803,1.2424625667076699,minmaxnorm
138,Q0,SJMN91-06342136,804,1.2414142875869691,minmaxnorm
138,Q0,AP901104-0071,805,1.2364356969307506,minmaxnorm
138,Q0,AP900811-0079,806,1.2327846991791227,minmaxnorm
138,Q0,AP900928-0070,807,1.2241908308202394,minmaxnorm
138,Q0,SJMN91-06017101,808,1.2241432446476892,minmaxnorm
138,Q0,AP900722-0055,809,1.2185503352050941,minmaxnorm
138,Q0,AP900718-0070,810,1.2181478046314838,minmaxnorm
138,Q0,SJMN91-06226187,811,1.2150347791208058,minmaxnorm
138,Q0,SJMN91-06358017,812,1.2135364400163482,minmaxnorm
138,Q0,AP900927-0108,813,1.2086483452761523,minmaxnorm
138,Q0,AP900422-0084,814,1.2069081958271595,minmaxnorm
138,Q0,AP900622-0160,815,1.205153066566856,minmaxnorm
138,Q0,AP900423-0025,816,1.202524908173738,minmaxnorm
138,Q0,SJMN91-06173106,817,1.1949786741233137,minmaxnorm
138,Q0,AP901230-0007,818,1.1856539417582563,minmaxnorm
138,Q0,AP900129-0146,819,1.1850792840621935,minmaxnorm
138,Q0,AP900223-0159,820,1.1801455580458329,minmaxnorm
138,Q0,AP900424-0157,821,1.180135977888698,minmaxnorm
138,Q0,AP900527-0081,822,1.1759352523585715,minmaxnorm
138,Q0,AP900107-0042,823,1.1692674088001906,minmaxnorm
138,Q0,AP900630-0159,824,1.165975362225556,minmaxnorm
138,Q0,AP900121-0001,825,1.164488278977946,minmaxnorm
138,Q0,SJMN91-06222177,826,1.1610506051758325,minmaxnorm
138,Q0,AP900812-0052,827,1.1595207278230573,minmaxnorm
138,Q0,AP901003-0172,828,1.1573775825768997,minmaxnorm
138,Q0,AP900420-0015,829,1.1555239098849182,minmaxnorm
138,Q0,AP900504-0153,830,1.1542280291773734,minmaxnorm
138,Q0,AP900725-0059,831,1.1520559114989075,minmaxnorm
138,Q0,AP900622-0173,832,1.149823234206595,minmaxnorm
138,Q0,SJMN91-06360128,833,1.1483038545418665,minmaxnorm
138,Q0,AP900530-0152,834,1.1438599460737628,minmaxnorm
138,Q0,AP900831-0002,835,1.1408891123685037,minmaxnorm
138,Q0,AP901001-0102,836,1.1383515385107852,minmaxnorm
138,Q0,SJMN91-06313118,837,1.1268925636162088,minmaxnorm
138,Q0,SJMN91-06267154,838,1.126478685281133,minmaxnorm
138,Q0,AP900827-0067,839,1.1104868859468047,minmaxnorm
138,Q0,AP900428-0080,840,1.1095362515897833,minmaxnorm
138,Q0,SJMN91-06124113,841,1.1055307735040536,minmaxnorm
138,Q0,SJMN91-06266099,842,1.1037584223718007,minmaxnorm
138,Q0,AP901206-0055,843,1.1004612396840903,minmaxnorm
138,Q0,AP900319-0093,844,1.0974884257122601,minmaxnorm
138,Q0,AP900623-0119,845,1.0942829016040077,minmaxnorm
138,Q0,AP900129-0151,846,1.088115805103343,minmaxnorm
138,Q0,SJMN91-06239108,847,1.083182627750218,minmaxnorm
138,Q0,SJMN91-06065146,848,1.0808407064993448,minmaxnorm
138,Q0,SJMN91-06361103,849,1.0704127923093627,minmaxnorm
138,Q0,SJMN91-06270008,850,1.0640219422048305,minmaxnorm
138,Q0,SJMN91-06323132,851,1.0632233057477822,minmaxnorm
138,Q0,AP901031-0078,852,1.0615901108699861,minmaxnorm
138,Q0,AP900425-0072,853,1.058068601775833,minmaxnorm
138,Q0,AP900316-0076,854,1.0567966227357906,minmaxnorm
138,Q0,AP900504-0143,855,1.0544838689930456,minmaxnorm
138,Q0,AP900828-0033,856,1.0502609133404477,minmaxnorm
138,Q0,SJMN91-06133072,857,1.0488831191192745,minmaxnorm
138,Q0,AP900912-0062,858,1.0485293864853606,minmaxnorm
138,Q0,AP901114-0035,859,1.0433635695399985,minmaxnorm
138,Q0,AP901121-0059,860,1.042737680424691,minmaxnorm
138,Q0,AP900302-0141,861,1.034269324172648,minmaxnorm
138,Q0,AP900625-0065,862,1.0332187141635534,minmaxnorm
138,Q0,AP900924-0129,863,1.0315656182065203,minmaxnorm
138,Q0,AP900529-0173,864,1.0280433896174141,minmaxnorm
138,Q0,SJMN91-06332105,865,1.0196669849517488,minmaxnorm
138,Q0,AP900101-0001,866,1.0138432515066393,minmaxnorm
138,Q0,SJMN91-06228018,867,1.0136229761345867,minmaxnorm
138,Q0,SJMN91-06034149,868,1.0076552531357976,minmaxnorm
138,Q0,AP901209-0017,869,1.0072773151282417,minmaxnorm
138,Q0,AP900323-0040,870,1.0020602791707054,minmaxnorm
138,Q0,AP900105-0062,871,1.001829967407988,minmaxnorm
138,Q0,SJMN91-06327201,872,0.9985655706981256,minmaxnorm
138,Q0,AP900425-0166,873,0.9929528294917004,minmaxnorm
138,Q0,AP900410-0133,874,0.9898365735845448,minmaxnorm
138,Q0,SJMN91-06165216,875,0.9869742893327456,minmaxnorm
138,Q0,SJMN91-06229105,876,0.9857691558004031,minmaxnorm
138,Q0,AP900913-0116,877,0.9839091568805582,minmaxnorm
138,Q0,AP901218-0072,878,0.9792489879110662,minmaxnorm
138,Q0,SJMN91-06076092,879,0.9605167472981384,minmaxnorm
138,Q0,AP900716-0095,880,0.9589194324880721,minmaxnorm
138,Q0,SJMN91-06328040,881,0.957862151813929,minmaxnorm
138,Q0,AP900829-0116,882,0.9577056515973504,minmaxnorm
138,Q0,AP900730-0102,883,0.9576943781566726,minmaxnorm
138,Q0,AP901227-0071,884,0.9558704687099477,minmaxnorm
138,Q0,AP900624-0061,885,0.9542238940273795,minmaxnorm
138,Q0,SJMN91-06331174,886,0.9455628703360842,minmaxnorm
138,Q0,SJMN91-06130115,887,0.9445261839665009,minmaxnorm
138,Q0,AP900817-0106,888,0.9431966163511759,minmaxnorm
138,Q0,SJMN91-06029163,889,0.9324380764097132,minmaxnorm
138,Q0,AP900425-0030,890,0.928146407389919,minmaxnorm
138,Q0,SJMN91-06074103,891,0.9186065940111044,minmaxnorm
138,Q0,AP900117-0187,892,0.9132580376327946,minmaxnorm
138,Q0,AP900623-0022,893,0.9074138766543557,minmaxnorm
138,Q0,AP901115-0169,894,0.9041830940775273,minmaxnorm
138,Q0,AP900316-0165,895,0.9021243701662144,minmaxnorm
138,Q0,SJMN91-06337003,896,0.8988987444339039,minmaxnorm
138,Q0,SJMN91-06124124,897,0.892389850992075,minmaxnorm
138,Q0,AP900522-0123,898,0.8866483732756963,minmaxnorm
138,Q0,AP901027-0148,899,0.875546453738663,minmaxnorm
138,Q0,AP900317-0025,900,0.8727879927896957,minmaxnorm
138,Q0,SJMN91-06166257,901,0.8727165741875231,minmaxnorm
138,Q0,AP900903-0073,902,0.8675941640937374,minmaxnorm
138,Q0,AP900316-0148,903,0.8671390649726749,minmaxnorm
138,Q0,SJMN91-06267027,904,0.8636488759374437,minmaxnorm
138,Q0,AP900501-0012,905,0.8607276109208966,minmaxnorm
138,Q0,SJMN91-06339281,906,0.8591555020282943,minmaxnorm
138,Q0,SJMN91-06225069,907,0.8579877905126819,minmaxnorm
138,Q0,AP900529-0046,908,0.855478470382368,minmaxnorm
138,Q0,AP900826-0014,909,0.8547428107813289,minmaxnorm
138,Q0,SJMN91-06125113,910,0.8534281020069058,minmaxnorm
138,Q0,AP900514-0175,911,0.8520388616574889,minmaxnorm
138,Q0,AP900501-0170,912,0.8511144983765391,minmaxnorm
138,Q0,SJMN91-06079175,913,0.8502306853395866,minmaxnorm
138,Q0,AP901119-0145,914,0.8480936595630771,minmaxnorm
138,Q0,SJMN91-06306034,915,0.8450925400036186,minmaxnorm
138,Q0,AP900312-0166,916,0.8436830115891804,minmaxnorm
138,Q0,AP900506-0069,917,0.8412010388453164,minmaxnorm
138,Q0,AP900125-0079,918,0.8370530731170787,minmaxnorm
138,Q0,AP900307-0111,919,0.8333430223221217,minmaxnorm
138,Q0,AP901224-0114,920,0.8331330904762246,minmaxnorm
138,Q0,AP901121-0082,921,0.8325236975386189,minmaxnorm
138,Q0,AP900801-0055,922,0.8301506077633908,minmaxnorm
138,Q0,AP900710-0102,923,0.8295726037907155,minmaxnorm
138,Q0,AP900309-0181,924,0.8273084461086619,minmaxnorm
138,Q0,SJMN91-06124002,925,0.825431536355091,minmaxnorm
138,Q0,AP900910-0148,926,0.8245760897884262,minmaxnorm
138,Q0,SJMN91-06029234,927,0.8216698521558603,minmaxnorm
138,Q0,AP901116-0011,928,0.8162512089223564,minmaxnorm
138,Q0,AP900719-0054,929,0.8148526368042243,minmaxnorm
138,Q0,SJMN91-06200229,930,0.8095827774743276,minmaxnorm
138,Q0,SJMN91-06158023,931,0.8087534731238556,minmaxnorm
138,Q0,AP900825-0050,932,0.8065453063446828,minmaxnorm
138,Q0,AP900721-0052,933,0.8057787725175141,minmaxnorm
138,Q0,AP900625-0049,934,0.8019172046330062,minmaxnorm
138,Q0,AP900419-0030,935,0.7962558057471004,minmaxnorm
138,Q0,SJMN91-06362124,936,0.7959467534312816,minmaxnorm
138,Q0,AP900105-0127,937,0.7924134805038672,minmaxnorm
138,Q0,AP900428-0075,938,0.7916935025448437,minmaxnorm
138,Q0,AP900704-0112,939,0.7904343167258889,minmaxnorm
138,Q0,AP900604-0032,940,0.7812346129051266,minmaxnorm
138,Q0,AP900815-0100,941,0.7795955550241623,minmaxnorm
138,Q0,SJMN91-06297132,942,0.7795484381141855,minmaxnorm
138,Q0,AP900918-0069,943,0.7779674585965668,minmaxnorm
138,Q0,AP900425-0091,944,0.7652004093942498,minmaxnorm
138,Q0,AP900924-0198,945,0.7560294326795692,minmaxnorm
138,Q0,AP900113-0066,946,0.7523732239137265,minmaxnorm
138,Q0,AP900911-0112,947,0.7522774067048542,minmaxnorm
138,Q0,AP901205-0083,948,0.7515337905201901,minmaxnorm
138,Q0,AP901120-0179,949,0.7491155085851694,minmaxnorm
138,Q0,SJMN91-06066127,950,0.7481568011091135,minmaxnorm
138,Q0,AP900423-0120,951,0.7459535089421503,minmaxnorm
138,Q0,SJMN91-06300086,952,0.7453650336963427,minmaxnorm
138,Q0,AP900410-0156,953,0.7451755129019094,minmaxnorm
138,Q0,AP900112-0061,954,0.7449229180173303,minmaxnorm
138,Q0,AP901029-0093,955,0.7444472051205753,minmaxnorm
138,Q0,SJMN91-06226033,956,0.7428366274121954,minmaxnorm
138,Q0,AP900425-0127,957,0.7424744054548098,minmaxnorm
138,Q0,AP900114-0046,958,0.7401684651109812,minmaxnorm
138,Q0,SJMN91-06166162,959,0.740043855745171,minmaxnorm
138,Q0,SJMN91-06327169,960,0.7395936979000196,minmaxnorm
138,Q0,AP900723-0059,961,0.7364743159906264,minmaxnorm
138,Q0,SJMN91-06339166,962,0.7362839717715346,minmaxnorm
138,Q0,AP900228-0221,963,0.7358429930183975,minmaxnorm
138,Q0,AP900922-0003,964,0.7349307578980642,minmaxnorm
138,Q0,AP900304-0039,965,0.7275859861735688,minmaxnorm
138,Q0,SJMN91-06108071,966,0.7264434267560059,minmaxnorm
138,Q0,AP900108-0146,967,0.722864208002198,minmaxnorm
138,Q0,SJMN91-06027033,968,0.716461965707984,minmaxnorm
138,Q0,AP900929-0119,969,0.6974592093206778,minmaxnorm
138,Q0,AP900619-0094,970,0.6963538568275315,minmaxnorm
138,Q0,SJMN91-06069082,971,0.6947698117431089,minmaxnorm
138,Q0,AP901223-0044,972,0.6936631084794455,minmaxnorm
138,Q0,AP901226-0105,973,0.692315659335291,minmaxnorm
138,Q0,AP900201-0073,974,0.6903172391653556,minmaxnorm
138,Q0,AP900218-0075,975,0.6902093874666282,minmaxnorm
138,Q0,SJMN91-06296051,976,0.6859878620826365,minmaxnorm
138,Q0,SJMN91-06341059,977,0.685522571936489,minmaxnorm
138,Q0,AP900309-0119,978,0.680517109898521,minmaxnorm
138,Q0,AP900309-0081,979,0.6785443420912907,minmaxnorm
138,Q0,AP900830-0122,980,0.6738701741031089,minmaxnorm
138,Q0,SJMN91-06042052,981,0.6731814014659276,minmaxnorm
138,Q0,AP901122-0078,982,0.6726149828721439,minmaxnorm
138,Q0,AP900210-0068,983,0.6724422297210064,minmaxnorm
138,Q0,AP901223-0077,984,0.6721340622600012,minmaxnorm
138,Q0,SJMN91-06149057,985,0.6709799075839076,minmaxnorm
138,Q0,SJMN91-06201185,986,0.663277701714291,minmaxnorm
138,Q0,AP901029-0192,987,0.6615967406035909,minmaxnorm
138,Q0,AP901031-0166,988,0.6613245739671012,minmaxnorm
138,Q0,AP901121-0061,989,0.6598680501246035,minmaxnorm
138,Q0,SJMN91-06119089,990,0.6594794101014553,minmaxnorm
138,Q0,AP900604-0096,991,0.6577616186188324,minmaxnorm
138,Q0,AP900719-0196,992,0.6536396492044423,minmaxnorm
138,Q0,AP901015-0148,993,0.6490704273669656,minmaxnorm
138,Q0,SJMN91-06221100,994,0.648702165459145,minmaxnorm
138,Q0,AP900316-0177,995,0.6369525918620906,minmaxnorm
138,Q0,AP900119-0128,996,0.636465079960307,minmaxnorm
138,Q0,SJMN91-06327158,997,0.6354117157817527,minmaxnorm
138,Q0,AP900315-0034,998,0.6339554343642326,minmaxnorm
138,Q0,AP900416-0072,999,0.6246861273084915,minmaxnorm
138,Q0,SJMN91-06295205,1000,0.6193716928763063,minmaxnorm
142,Q0,AP901128-0017,1,14.194380968599916,minmaxnorm
142,Q0,AP900716-0010,2,13.9445043033416,minmaxnorm
142,Q0,AP900424-0018,3,13.939310660545521,minmaxnorm
142,Q0,AP901107-0157,4,13.745361547459083,minmaxnorm
142,Q0,AP901119-0014,5,13.142180286071484,minmaxnorm
142,Q0,AP900907-0076,6,11.694331025638332,minmaxnorm
142,Q0,AP901108-0248,7,11.56516139068013,minmaxnorm
142,Q0,AP901121-0013,8,11.527804241194204,minmaxnorm
142,Q0,AP901010-0071,9,11.495536108403403,minmaxnorm
142,Q0,AP900110-0015,10,11.336608244589618,minmaxnorm
142,Q0,AP900117-0255,11,11.300561696680258,minmaxnorm
142,Q0,AP901126-0254,12,11.229048559320459,minmaxnorm
142,Q0,AP900209-0019,13,11.129992294809039,minmaxnorm
142,Q0,AP900628-0023,14,11.106197769396937,minmaxnorm
142,Q0,AP900423-0136,15,10.932785636417666,minmaxnorm
142,Q0,AP901214-0214,16,10.929527376842024,minmaxnorm
142,Q0,AP900411-0018,17,10.887146752394125,minmaxnorm
142,Q0,AP901004-0201,18,10.882152600944675,minmaxnorm
142,Q0,AP900118-0020,19,10.848412386316696,minmaxnorm
142,Q0,AP900402-0023,20,10.817545963852902,minmaxnorm
142,Q0,AP900226-0021,21,10.740744422284877,minmaxnorm
142,Q0,AP900112-0239,22,10.700764046459408,minmaxnorm
142,Q0,AP900411-0119,23,10.69713498831319,minmaxnorm
142,Q0,AP900615-0052,24,10.68668004261086,minmaxnorm
142,Q0,AP900511-0128,25,10.664599621177711,minmaxnorm
142,Q0,AP900615-0027,26,10.538564409729318,minmaxnorm
142,Q0,AP901213-0109,27,10.519853540410788,minmaxnorm
142,Q0,AP900111-0011,28,10.508799927022883,minmaxnorm
142,Q0,AP900109-0118,29,10.496211092694486,minmaxnorm
142,Q0,AP901019-0010,30,10.390105107455287,minmaxnorm
142,Q0,AP900119-0220,31,10.121136330717656,minmaxnorm
142,Q0,AP900816-0179,32,10.080459050000753,minmaxnorm
142,Q0,AP900804-0088,33,10.077004364372453,minmaxnorm
142,Q0,AP900418-0022,34,10.020286788505393,minmaxnorm
142,Q0,AP900312-0114,35,9.930452741175214,minmaxnorm
142,Q0,AP900501-0245,36,9.877270394084752,minmaxnorm
142,Q0,AP900328-0007,37,9.76788395205825,minmaxnorm
142,Q0,AP900719-0016,38,9.73249736979276,minmaxnorm
142,Q0,AP900327-0141,39,9.708512456414825,minmaxnorm
142,Q0,AP900417-0048,40,9.638179771797095,minmaxnorm
142,Q0,AP900604-0176,41,9.625863155504032,minmaxnorm
142,Q0,AP900518-0231,42,9.57953016574559,minmaxnorm
142,Q0,AP900119-0153,43,9.575643769423209,minmaxnorm
142,Q0,AP901019-0107,44,9.571148968103593,minmaxnorm
142,Q0,AP900309-0128,45,9.568582241048466,minmaxnorm
142,Q0,AP900809-0021,46,9.539661338177266,minmaxnorm
142,Q0,AP900416-0019,47,9.538666775975145,minmaxnorm
142,Q0,AP900105-0276,48,9.496689793497213,minmaxnorm
142,Q0,AP900124-0022,49,9.483937944598317,minmaxnorm
142,Q0,AP900228-0114,50,9.479111567725054,minmaxnorm
142,Q0,AP901018-0223,51,9.45158198093999,minmaxnorm
142,Q0,AP901026-0033,52,9.442915107169469,minmaxnorm
142,Q0,AP900717-0109,53,9.431806085687619,minmaxnorm
142,Q0,AP900606-0278,54,9.411251859921913,minmaxnorm
142,Q0,AP901211-0205,55,9.405596605204508,minmaxnorm
142,Q0,AP900103-0206,56,9.404085688885035,minmaxnorm
142,Q0,AP901008-0222,57,9.397259513322863,minmaxnorm
142,Q0,AP901004-0213,58,9.330779606111204,minmaxnorm
142,Q0,AP900718-0223,59,9.291201397899712,minmaxnorm
142,Q0,AP900522-0023,60,9.280198610871317,minmaxnorm
142,Q0,AP900710-0013,61,9.26505872237916,minmaxnorm
142,Q0,AP900522-0126,62,9.227443749246936,minmaxnorm
142,Q0,AP901219-0029,63,9.193399024111102,minmaxnorm
142,Q0,AP901129-0215,64,9.1901669757928,minmaxnorm
142,Q0,AP900228-0023,65,9.158120766163814,minmaxnorm
142,Q0,AP901205-0018,66,9.054005104262126,minmaxnorm
142,Q0,AP900205-0116,67,9.025982033277932,minmaxnorm
142,Q0,AP900111-0236,68,8.953549622999686,minmaxnorm
142,Q0,AP901016-0155,69,8.949294783380077,minmaxnorm
142,Q0,AP901213-0140,70,8.851721140656457,minmaxnorm
142,Q0,AP900525-0207,71,8.789662245694625,minmaxnorm
142,Q0,AP900619-0085,72,8.777629733936216,minmaxnorm
142,Q0,AP901130-0019,73,8.764962766762052,minmaxnorm
142,Q0,AP900425-0236,74,8.748650025670235,minmaxnorm
142,Q0,AP900531-0245,75,8.717086675464655,minmaxnorm
142,Q0,AP900108-0103,76,8.694420027662034,minmaxnorm
142,Q0,AP900728-0021,77,8.647168371630935,minmaxnorm
142,Q0,AP900412-0023,78,8.62557486440746,minmaxnorm
142,Q0,AP901221-0198,79,8.548050865996242,minmaxnorm
142,Q0,AP900223-0157,80,8.52130463464493,minmaxnorm
142,Q0,AP901128-0203,81,8.478803836560905,minmaxnorm
142,Q0,AP900601-0207,82,8.477341488770081,minmaxnorm
142,Q0,AP901123-0013,83,8.476752308334497,minmaxnorm
142,Q0,AP901206-0242,84,8.411756647217521,minmaxnorm
142,Q0,AP900221-0156,85,8.391009683305066,minmaxnorm
142,Q0,AP900712-0203,86,8.381759207618916,minmaxnorm
142,Q0,AP900919-0029,87,8.34997805540101,minmaxnorm
142,Q0,AP901127-0120,88,8.292681722224433,minmaxnorm
142,Q0,AP900708-0026,89,8.259677595158896,minmaxnorm
142,Q0,AP900723-0243,90,8.22587681643485,minmaxnorm
142,Q0,AP900726-0229,91,8.225737023281306,minmaxnorm
142,Q0,AP900802-0156,92,8.142770733860468,minmaxnorm
142,Q0,AP900711-0117,93,8.1329959764158,minmaxnorm
142,Q0,AP900503-0256,94,8.130721531677311,minmaxnorm
142,Q0,AP901016-0009,95,8.119579579024553,minmaxnorm
142,Q0,AP901013-0088,96,8.115211603739683,minmaxnorm
142,Q0,AP900802-0129,97,8.077477770026949,minmaxnorm
142,Q0,AP900207-0028,98,8.006950211227522,minmaxnorm
142,Q0,AP900529-0231,99,7.960189595030907,minmaxnorm
142,Q0,AP901024-0028,100,7.925681324211133,minmaxnorm
142,Q0,AP900301-0022,101,7.914695268899669,minmaxnorm
142,Q0,AP901025-0029,102,7.885568743008677,minmaxnorm
142,Q0,AP901113-0069,103,7.823076008450627,minmaxnorm
142,Q0,AP900424-0118,104,7.821820036218899,minmaxnorm
142,Q0,AP900729-0040,105,7.761602280161134,minmaxnorm
142,Q0,AP901208-0009,106,7.747356305357503,minmaxnorm
142,Q0,AP901016-0149,107,7.681869230859088,minmaxnorm
142,Q0,AP900320-0010,108,7.679302257598635,minmaxnorm
142,Q0,AP900604-0028,109,7.650113676751126,minmaxnorm
142,Q0,AP901128-0102,110,7.6164044558496204,minmaxnorm
142,Q0,AP901202-0048,111,7.612970805752149,minmaxnorm
142,Q0,AP900816-0180,112,7.57914832816304,minmaxnorm
142,Q0,AP900911-0034,113,7.4944246120522555,minmaxnorm
142,Q0,AP900802-0027,114,7.493076816337604,minmaxnorm
142,Q0,SJMN91-06248044,115,7.481297431798926,minmaxnorm
142,Q0,AP901112-0214,116,7.4253670646133285,minmaxnorm
142,Q0,AP901018-0027,117,7.418805432609821,minmaxnorm
142,Q0,AP900502-0068,118,7.368063055261627,minmaxnorm
142,Q0,AP900319-0134,119,7.346130814154851,minmaxnorm
142,Q0,AP900913-0023,120,7.336654017200157,minmaxnorm
142,Q0,AP901129-0107,121,7.332078576461071,minmaxnorm
142,Q0,AP901207-0229,122,7.331964739423388,minmaxnorm
142,Q0,AP900924-0154,123,7.327671173724051,minmaxnorm
142,Q0,AP901015-0031,124,7.31178216423674,minmaxnorm
142,Q0,AP901019-0253,125,7.2831963061231875,minmaxnorm
142,Q0,AP900205-0248,126,7.261563726150151,minmaxnorm
142,Q0,AP900828-0104,127,7.249212197826374,minmaxnorm
142,Q0,AP900802-0161,128,7.2464186924137035,minmaxnorm
142,Q0,AP900524-0229,129,7.221624806836825,minmaxnorm
142,Q0,AP901012-0206,130,7.19837313614831,minmaxnorm
142,Q0,AP900511-0031,131,7.192701363106778,minmaxnorm
142,Q0,AP901127-0101,132,7.185132639824864,minmaxnorm
142,Q0,SJMN91-06164047,133,7.153438245248136,minmaxnorm
142,Q0,AP900404-0010,134,7.152334656350355,minmaxnorm
142,Q0,AP901018-0033,135,7.148649541381451,minmaxnorm
142,Q0,AP900824-0023,136,7.1396435099973825,minmaxnorm
142,Q0,AP900206-0229,137,7.120697938073729,minmaxnorm
142,Q0,AP900803-0025,138,7.0928446087100765,minmaxnorm
142,Q0,AP901221-0207,139,7.089687101030013,minmaxnorm
142,Q0,AP900523-0230,140,7.088791573095925,minmaxnorm
142,Q0,AP900305-0022,141,7.0317317369396966,minmaxnorm
142,Q0,AP900531-0221,142,7.001238123536709,minmaxnorm
142,Q0,AP901029-0026,143,6.995157955755519,minmaxnorm
142,Q0,AP900208-0153,144,6.969620280940214,minmaxnorm
142,Q0,AP900821-0017,145,6.968557119344077,minmaxnorm
142,Q0,AP900627-0119,146,6.953940694729308,minmaxnorm
142,Q0,AP900717-0006,147,6.896889648311681,minmaxnorm
142,Q0,AP901102-0244,148,6.895154811198988,minmaxnorm
142,Q0,AP900725-0202,149,6.878702990271669,minmaxnorm
142,Q0,AP901012-0017,150,6.863472534417177,minmaxnorm
142,Q0,AP900423-0138,151,6.844746785107963,minmaxnorm
142,Q0,AP900728-0011,152,6.822673684324528,minmaxnorm
142,Q0,AP900711-0021,153,6.82011851682354,minmaxnorm
142,Q0,AP900926-0022,154,6.7945566197144345,minmaxnorm
142,Q0,AP900502-0148,155,6.742148115704261,minmaxnorm
142,Q0,AP900405-0228,156,6.737862752920906,minmaxnorm
142,Q0,AP900206-0129,157,6.706368222556325,minmaxnorm
142,Q0,AP900725-0217,158,6.695811855544527,minmaxnorm
142,Q0,AP901116-0053,159,6.6886165667720165,minmaxnorm
142,Q0,AP900530-0185,160,6.68506800887065,minmaxnorm
142,Q0,AP900323-0199,161,6.6836685544411365,minmaxnorm
142,Q0,AP900716-0257,162,6.620289143412537,minmaxnorm
142,Q0,AP901106-0232,163,6.597889120365152,minmaxnorm
142,Q0,AP900322-0153,164,6.579685426090812,minmaxnorm
142,Q0,AP900424-0152,165,6.567064015015926,minmaxnorm
142,Q0,AP900403-0169,166,6.557549739391281,minmaxnorm
142,Q0,AP901011-0123,167,6.542801599322154,minmaxnorm
142,Q0,AP900731-0240,168,6.539989980199578,minmaxnorm
142,Q0,AP901114-0230,169,6.537552120399243,minmaxnorm
142,Q0,AP901206-0223,170,6.521680339186785,minmaxnorm
142,Q0,AP900709-0244,171,6.495511186144323,minmaxnorm
142,Q0,AP901212-0021,172,6.488756926292303,minmaxnorm
142,Q0,AP901213-0019,173,6.478595937683585,minmaxnorm
142,Q0,AP900423-0027,174,6.477847209281629,minmaxnorm
142,Q0,AP900628-0025,175,6.422447767947115,minmaxnorm
142,Q0,AP901129-0214,176,6.4215504367633,minmaxnorm
142,Q0,AP901203-0113,177,6.365681194444435,minmaxnorm
142,Q0,AP900720-0216,178,6.347122769430957,minmaxnorm
142,Q0,AP900614-0025,179,6.3385021110381725,minmaxnorm
142,Q0,AP900524-0027,180,6.3251711607168914,minmaxnorm
142,Q0,AP900711-0252,181,6.324769969748401,minmaxnorm
142,Q0,SJMN91-06052009,182,6.302530325868622,minmaxnorm
142,Q0,AP900621-0269,183,6.270216231420738,minmaxnorm
142,Q0,AP900531-0222,184,6.2530415389436325,minmaxnorm
142,Q0,AP900227-0015,185,6.242171696643702,minmaxnorm
142,Q0,AP900504-0210,186,6.150628869370878,minmaxnorm
142,Q0,AP900608-0254,187,6.09988379583161,minmaxnorm
142,Q0,AP900104-0242,188,6.093985929238346,minmaxnorm
142,Q0,AP901105-0271,189,6.053698829795241,minmaxnorm
142,Q0,AP900208-0229,190,5.997383839753705,minmaxnorm
142,Q0,AP901206-0219,191,5.972068309371951,minmaxnorm
142,Q0,AP900118-0167,192,5.959519914357583,minmaxnorm
142,Q0,AP901211-0123,193,5.945319314613102,minmaxnorm
142,Q0,AP900201-0027,194,5.936875313853769,minmaxnorm
142,Q0,AP900214-0028,195,5.935710979492589,minmaxnorm
142,Q0,AP901017-0063,196,5.935538076822315,minmaxnorm
142,Q0,AP901205-0265,197,5.896294663163876,minmaxnorm
142,Q0,AP901120-0129,198,5.869727030244341,minmaxnorm
142,Q0,AP901107-0313,199,5.862638397186835,minmaxnorm
142,Q0,AP900508-0018,200,5.853191252476232,minmaxnorm
142,Q0,AP901205-0288,201,5.849102489365261,minmaxnorm
142,Q0,AP901002-0213,202,5.825571977629745,minmaxnorm
142,Q0,AP901018-0184,203,5.811818994569885,minmaxnorm
142,Q0,AP900604-0173,204,5.798255031396104,minmaxnorm
142,Q0,AP900221-0050,205,5.768854384617667,minmaxnorm
142,Q0,AP900209-0269,206,5.746692305656944,minmaxnorm
142,Q0,AP901203-0241,207,5.74113754550794,minmaxnorm
142,Q0,AP900625-0018,208,5.720255968232578,minmaxnorm
142,Q0,AP900621-0036,209,5.693959158031797,minmaxnorm
142,Q0,AP900627-0028,210,5.685224986078161,minmaxnorm
142,Q0,AP900707-0012,211,5.665140860611876,minmaxnorm
142,Q0,AP900503-0291,212,5.645980034375131,minmaxnorm
142,Q0,AP900917-0023,213,5.641152117965209,minmaxnorm
142,Q0,AP900711-0114,214,5.629511116765899,minmaxnorm
142,Q0,AP900926-0265,215,5.6164300929621795,minmaxnorm
142,Q0,AP901207-0027,216,5.606065835545755,minmaxnorm
142,Q0,AP900613-0162,217,5.599007162427258,minmaxnorm
142,Q0,AP900206-0127,218,5.589789169886963,minmaxnorm
142,Q0,AP900112-0024,219,5.585487294010268,minmaxnorm
142,Q0,AP901116-0231,220,5.561272435773679,minmaxnorm
142,Q0,AP901106-0225,221,5.55260038068833,minmaxnorm
142,Q0,AP900205-0233,222,5.5405070395094915,minmaxnorm
142,Q0,AP901106-0121,223,5.496053781568832,minmaxnorm
142,Q0,AP900727-0197,224,5.479446431592133,minmaxnorm
142,Q0,AP901109-0205,225,5.4784125142911275,minmaxnorm
142,Q0,AP900625-0181,226,5.4776491769521565,minmaxnorm
142,Q0,AP900518-0016,227,5.4706434714216705,minmaxnorm
142,Q0,AP901205-0173,228,5.467298051823138,minmaxnorm
142,Q0,AP901107-0323,229,5.455276449833196,minmaxnorm
142,Q0,AP900925-0016,230,5.4299080602558405,minmaxnorm
142,Q0,AP901026-0251,231,5.411680435356258,minmaxnorm
142,Q0,AP901030-0196,232,5.397388010035239,minmaxnorm
142,Q0,AP900528-0046,233,5.395957592491758,minmaxnorm
142,Q0,AP901118-0059,234,5.3795542284209725,minmaxnorm
142,Q0,AP900720-0115,235,5.363128917513851,minmaxnorm
142,Q0,AP900705-0014,236,5.358204448742426,minmaxnorm
142,Q0,AP901108-0255,237,5.351104014334185,minmaxnorm
142,Q0,AP901205-0074,238,5.344635112749908,minmaxnorm
142,Q0,AP900726-0015,239,5.322000477688511,minmaxnorm
142,Q0,AP901115-0234,240,5.308688066319416,minmaxnorm
142,Q0,AP900706-0227,241,5.298998104600039,minmaxnorm
142,Q0,AP900918-0228,242,5.287377800925875,minmaxnorm
142,Q0,AP900307-0016,243,5.2854281336082405,minmaxnorm
142,Q0,AP900802-0210,244,5.277855740161118,minmaxnorm
142,Q0,AP900129-0026,245,5.269545143394168,minmaxnorm
142,Q0,AP900730-0068,246,5.266231022834358,minmaxnorm
142,Q0,AP901205-0186,247,5.265854146648151,minmaxnorm
142,Q0,AP901205-0251,248,5.237330695619677,minmaxnorm
142,Q0,AP901203-0021,249,5.225126452585931,minmaxnorm
142,Q0,AP901108-0159,250,5.215162232705245,minmaxnorm
142,Q0,AP901011-0124,251,5.1992559414009705,minmaxnorm
142,Q0,AP901108-0231,252,5.199168998661354,minmaxnorm
142,Q0,AP901204-0123,253,5.192192055343726,minmaxnorm
142,Q0,AP901204-0194,254,5.163380034705453,minmaxnorm
142,Q0,AP900710-0219,255,5.1564396945706505,minmaxnorm
142,Q0,AP901005-0185,256,5.137706673114501,minmaxnorm
142,Q0,AP900111-0157,257,5.126661202360131,minmaxnorm
142,Q0,AP901205-0282,258,5.122880323342467,minmaxnorm
142,Q0,AP901023-0218,259,5.120256179717136,minmaxnorm
142,Q0,AP900510-0151,260,5.116393231132623,minmaxnorm
142,Q0,AP900103-0125,261,5.079840582050296,minmaxnorm
142,Q0,AP900224-0043,262,5.054446970558014,minmaxnorm
142,Q0,AP900919-0188,263,5.045440150651755,minmaxnorm
142,Q0,AP901102-0138,264,5.036769595469051,minmaxnorm
142,Q0,AP900518-0166,265,5.009582071763256,minmaxnorm
142,Q0,AP900731-0217,266,5.0058350199345,minmaxnorm
142,Q0,AP900705-0180,267,4.979323820717656,minmaxnorm
142,Q0,AP900808-0220,268,4.975539955040275,minmaxnorm
142,Q0,AP901023-0026,269,4.955041237060152,minmaxnorm
142,Q0,AP901203-0116,270,4.9293602375684795,minmaxnorm
142,Q0,AP901213-0126,271,4.903499385474374,minmaxnorm
142,Q0,AP900405-0027,272,4.858882671472384,minmaxnorm
142,Q0,AP900601-0137,273,4.8521944630558025,minmaxnorm
142,Q0,AP901220-0125,274,4.8487409399249595,minmaxnorm
142,Q0,AP900316-0205,275,4.833831644677306,minmaxnorm
142,Q0,AP901219-0128,276,4.83234145538404,minmaxnorm
142,Q0,AP901127-0097,277,4.824532702593746,minmaxnorm
142,Q0,AP901130-0051,278,4.817421131987231,minmaxnorm
142,Q0,AP900605-0125,279,4.7867561611306115,minmaxnorm
142,Q0,AP900605-0038,280,4.739743071086919,minmaxnorm
142,Q0,AP900214-0220,281,4.73332014359898,minmaxnorm
142,Q0,AP900129-0125,282,4.7320067341494125,minmaxnorm
142,Q0,AP901218-0085,283,4.711150886888701,minmaxnorm
142,Q0,AP900912-0098,284,4.6977133933308135,minmaxnorm
142,Q0,SJMN91-06243253,285,4.690960170292706,minmaxnorm
142,Q0,AP900529-0015,286,4.665295490171074,minmaxnorm
142,Q0,AP900411-0206,287,4.648547525658294,minmaxnorm
142,Q0,AP900516-0022,288,4.6459610634448865,minmaxnorm
142,Q0,AP900105-0019,289,4.645232285774771,minmaxnorm
142,Q0,AP901207-0251,290,4.612412145083608,minmaxnorm
142,Q0,AP901210-0136,291,4.57977939267537,minmaxnorm
142,Q0,AP900220-0017,292,4.565173447046293,minmaxnorm
142,Q0,AP901130-0189,293,4.563644500789625,minmaxnorm
142,Q0,AP901226-0012,294,4.522710552999533,minmaxnorm
142,Q0,AP901221-0213,295,4.516899358511953,minmaxnorm
142,Q0,AP901207-0212,296,4.507508204071878,minmaxnorm
142,Q0,AP901206-0233,297,4.476880122613314,minmaxnorm
142,Q0,AP901213-0288,298,4.47572537816764,minmaxnorm
142,Q0,AP900216-0021,299,4.454701719435992,minmaxnorm
142,Q0,AP900523-0218,300,4.447757237021199,minmaxnorm
142,Q0,AP901119-0242,301,4.442730153182524,minmaxnorm
142,Q0,AP900510-0148,302,4.442595515283369,minmaxnorm
142,Q0,AP900427-0014,303,4.434683672558314,minmaxnorm
142,Q0,AP900517-0032,304,4.420035051790494,minmaxnorm
142,Q0,AP900426-0039,305,4.414035077033418,minmaxnorm
142,Q0,AP900228-0149,306,4.406245329484732,minmaxnorm
142,Q0,AP901019-0248,307,4.393914521666076,minmaxnorm
142,Q0,AP900504-0126,308,4.383793747644745,minmaxnorm
142,Q0,AP900717-0012,309,4.371635377788381,minmaxnorm
142,Q0,AP901127-0195,310,4.364291062953577,minmaxnorm
142,Q0,AP900606-0029,311,4.350872200496599,minmaxnorm
142,Q0,AP900509-0025,312,4.34912690364844,minmaxnorm
142,Q0,AP900731-0204,313,4.34874825281005,minmaxnorm
142,Q0,AP900925-0055,314,4.34033830858727,minmaxnorm
142,Q0,AP900111-0240,315,4.337661514822289,minmaxnorm
142,Q0,AP901212-0074,316,4.305165935374658,minmaxnorm
142,Q0,AP900809-0110,317,4.304990527551653,minmaxnorm
142,Q0,AP900317-0078,318,4.301156027015392,minmaxnorm
142,Q0,AP900103-0016,319,4.288181728887097,minmaxnorm
142,Q0,AP900227-0152,320,4.2748282190635685,minmaxnorm
142,Q0,AP900502-0123,321,4.266999821717338,minmaxnorm
142,Q0,AP900409-0231,322,4.262519086350026,minmaxnorm
142,Q0,AP900814-0115,323,4.251346207436833,minmaxnorm
142,Q0,AP900303-0033,324,4.249146710929671,minmaxnorm
142,Q0,AP900124-0277,325,4.245351613522581,minmaxnorm
142,Q0,AP900126-0015,326,4.239444701673894,minmaxnorm
142,Q0,SJMN91-06151083,327,4.230323494154251,minmaxnorm
142,Q0,AP900629-0026,328,4.204835276868765,minmaxnorm
142,Q0,AP900426-0241,329,4.191250711846399,minmaxnorm
142,Q0,AP900201-0172,330,4.188904615160884,minmaxnorm
142,Q0,AP900105-0257,331,4.183955844138597,minmaxnorm
142,Q0,AP900808-0018,332,4.182940963644749,minmaxnorm
142,Q0,AP901123-0194,333,4.169774417493053,minmaxnorm
142,Q0,AP900221-0032,334,4.154758676646614,minmaxnorm
142,Q0,AP900209-0166,335,4.15119412054806,minmaxnorm
142,Q0,AP900726-0158,336,4.144691174986806,minmaxnorm
142,Q0,AP900927-0188,337,4.130390551572788,minmaxnorm
142,Q0,AP900504-0239,338,4.130163469610324,minmaxnorm
142,Q0,SJMN91-06087109,339,4.092562993620807,minmaxnorm
142,Q0,AP901105-0149,340,4.06578072330241,minmaxnorm
142,Q0,AP900521-0245,341,4.063687893100253,minmaxnorm
142,Q0,AP900108-0044,342,4.062136695434977,minmaxnorm
142,Q0,AP901228-0182,343,4.058342537452932,minmaxnorm
142,Q0,AP901114-0015,344,4.058086128895171,minmaxnorm
142,Q0,AP900410-0214,345,4.047894820816441,minmaxnorm
142,Q0,AP900709-0021,346,4.044619820405261,minmaxnorm
142,Q0,AP901203-0114,347,4.018608635295321,minmaxnorm
142,Q0,AP900312-0024,348,3.996135957057226,minmaxnorm
142,Q0,AP900508-0237,349,3.9888090670062923,minmaxnorm
142,Q0,AP900727-0219,350,3.9701770186233833,minmaxnorm
142,Q0,AP901214-0250,351,3.9434780851427558,minmaxnorm
142,Q0,AP900626-0160,352,3.9386565508775866,minmaxnorm
142,Q0,AP900309-0237,353,3.90053344099199,minmaxnorm
142,Q0,AP900712-0204,354,3.882890753797876,minmaxnorm
142,Q0,AP900515-0091,355,3.877756960198687,minmaxnorm
142,Q0,AP900712-0140,356,3.8713414233726327,minmaxnorm
142,Q0,AP900914-0256,357,3.849892684451391,minmaxnorm
142,Q0,AP900924-0029,358,3.8490989133919413,minmaxnorm
142,Q0,AP901213-0246,359,3.845473509700148,minmaxnorm
142,Q0,AP901001-0284,360,3.8390029347646766,minmaxnorm
142,Q0,AP900207-0258,361,3.8293679274831827,minmaxnorm
142,Q0,AP900522-0218,362,3.829013317952072,minmaxnorm
142,Q0,AP900725-0245,363,3.8272562424339096,minmaxnorm
142,Q0,AP900405-0274,364,3.8218348148376546,minmaxnorm
142,Q0,AP901204-0215,365,3.821737299068365,minmaxnorm
142,Q0,AP900315-0103,366,3.8024502426098183,minmaxnorm
142,Q0,AP900329-0139,367,3.7841141138115355,minmaxnorm
142,Q0,AP901231-0177,368,3.7762315062482332,minmaxnorm
142,Q0,AP900116-0022,369,3.7509999329575234,minmaxnorm
142,Q0,AP900108-0018,370,3.727034297079219,minmaxnorm
142,Q0,AP901026-0019,371,3.711775500557884,minmaxnorm
142,Q0,AP901130-0177,372,3.711057147093296,minmaxnorm
142,Q0,AP901217-0249,373,3.6988463448519244,minmaxnorm
142,Q0,AP901023-0246,374,3.693632706903727,minmaxnorm
142,Q0,AP900504-0248,375,3.6915926626113444,minmaxnorm
142,Q0,AP900227-0024,376,3.681739665889639,minmaxnorm
142,Q0,AP901025-0109,377,3.657703920000279,minmaxnorm
142,Q0,AP900507-0234,378,3.6438565309360835,minmaxnorm
142,Q0,AP901010-0203,379,3.6308286245860164,minmaxnorm
142,Q0,AP900914-0032,380,3.6288481142783047,minmaxnorm
142,Q0,AP901221-0222,381,3.6135122253285594,minmaxnorm
142,Q0,AP901130-0119,382,3.5916782765626203,minmaxnorm
142,Q0,AP900222-0021,383,3.5733349353486856,minmaxnorm
142,Q0,AP900821-0221,384,3.571457705593559,minmaxnorm
142,Q0,AP901001-0255,385,3.5666744906941887,minmaxnorm
142,Q0,AP901102-0011,386,3.5467556192938403,minmaxnorm
142,Q0,AP901214-0239,387,3.5414034119523508,minmaxnorm
142,Q0,AP900928-0210,388,3.5382794394625785,minmaxnorm
142,Q0,SJMN91-06252167,389,3.5334427142380624,minmaxnorm
142,Q0,AP900112-0279,390,3.5334134906556347,minmaxnorm
142,Q0,AP900321-0169,391,3.5321965375418687,minmaxnorm
142,Q0,AP900531-0110,392,3.5089423665588044,minmaxnorm
142,Q0,AP900525-0201,393,3.5084579289538027,minmaxnorm
142,Q0,AP900504-0221,394,3.5082650943510894,minmaxnorm
142,Q0,AP901101-0024,395,3.504560478818514,minmaxnorm
142,Q0,SJMN91-06030077,396,3.481531428007774,minmaxnorm
142,Q0,AP900523-0256,397,3.4723511557663347,minmaxnorm
142,Q0,AP901128-0241,398,3.436974234297365,minmaxnorm
142,Q0,AP900509-0249,399,3.4353584710587994,minmaxnorm
142,Q0,AP900619-0238,400,3.4335890918724314,minmaxnorm
142,Q0,AP900119-0251,401,3.42631196184863,minmaxnorm
142,Q0,SJMN91-06234171,402,3.4261836421240144,minmaxnorm
142,Q0,AP901213-0010,403,3.4194853256576065,minmaxnorm
142,Q0,AP900621-0255,404,3.412453138681689,minmaxnorm
142,Q0,AP900313-0003,405,3.409187649492431,minmaxnorm
142,Q0,AP901222-0094,406,3.404186689899858,minmaxnorm
142,Q0,AP900319-0126,407,3.399487516671425,minmaxnorm
142,Q0,AP900628-0125,408,3.399333250898901,minmaxnorm
142,Q0,AP900309-0207,409,3.3990838370807057,minmaxnorm
142,Q0,AP900510-0130,410,3.3886975392686725,minmaxnorm
142,Q0,AP900811-0004,411,3.3797208892379733,minmaxnorm
142,Q0,AP901031-0027,412,3.343862971724031,minmaxnorm
142,Q0,AP900802-0026,413,3.3413098119188276,minmaxnorm
142,Q0,AP900108-0226,414,3.3342372420694044,minmaxnorm
142,Q0,AP901120-0087,415,3.328131336484848,minmaxnorm
142,Q0,AP900410-0130,416,3.3239780314523135,minmaxnorm
142,Q0,AP900205-0027,417,3.319315624542506,minmaxnorm
142,Q0,AP900607-0019,418,3.316326041149957,minmaxnorm
142,Q0,SJMN91-06183060,419,3.3137380064092126,minmaxnorm
142,Q0,AP900706-0023,420,3.28481274805028,minmaxnorm
142,Q0,AP900910-0020,421,3.279587649622311,minmaxnorm
142,Q0,AP901121-0129,422,3.2717866917486473,minmaxnorm
142,Q0,AP900823-0015,423,3.2710226107661144,minmaxnorm
142,Q0,AP900508-0157,424,3.269235055905609,minmaxnorm
142,Q0,AP900825-0161,425,3.2577253860143687,minmaxnorm
142,Q0,AP900502-0247,426,3.2535012898013087,minmaxnorm
142,Q0,AP900718-0088,427,3.2474468628276214,minmaxnorm
142,Q0,AP901211-0229,428,3.2396480480323837,minmaxnorm
142,Q0,AP901009-0265,429,3.2365191624161453,minmaxnorm
142,Q0,AP900628-0234,430,3.228568121946801,minmaxnorm
142,Q0,AP901102-0184,431,3.224584505804576,minmaxnorm
142,Q0,AP900725-0246,432,3.2209541614261927,minmaxnorm
142,Q0,AP900507-0227,433,3.217703812957191,minmaxnorm
142,Q0,AP901207-0219,434,3.213156497042484,minmaxnorm
142,Q0,AP900709-0074,435,3.210006913600524,minmaxnorm
142,Q0,AP900601-0182,436,3.2099912765181755,minmaxnorm
142,Q0,SJMN91-06356126,437,3.207906275388345,minmaxnorm
142,Q0,AP900603-0055,438,3.2068645977468306,minmaxnorm
142,Q0,AP900622-0031,439,3.2055177865899567,minmaxnorm
142,Q0,AP900302-0236,440,3.2026036324133926,minmaxnorm
142,Q0,AP900515-0143,441,3.1828601070297697,minmaxnorm
142,Q0,AP900117-0231,442,3.16243439922563,minmaxnorm
142,Q0,AP900820-0023,443,3.160890796279771,minmaxnorm
142,Q0,AP900206-0231,444,3.1535273018813217,minmaxnorm
142,Q0,AP900216-0270,445,3.153206208180349,minmaxnorm
142,Q0,AP901015-0124,446,3.136374432651923,minmaxnorm
142,Q0,AP900507-0229,447,3.12991101762851,minmaxnorm
142,Q0,AP900620-0030,448,3.1161678905706447,minmaxnorm
142,Q0,AP901029-0091,449,3.1152253776282697,minmaxnorm
142,Q0,AP901126-0256,450,3.106880133576387,minmaxnorm
142,Q0,AP900123-0256,451,3.0980064998269903,minmaxnorm
142,Q0,AP900831-0133,452,3.0922421315548774,minmaxnorm
142,Q0,AP900309-0051,453,3.084964088193031,minmaxnorm
142,Q0,AP900827-0018,454,3.0784117627503016,minmaxnorm
142,Q0,AP900214-0250,455,3.0763441325258807,minmaxnorm
142,Q0,AP901207-0245,456,3.0723623576046193,minmaxnorm
142,Q0,AP901003-0135,457,3.063209906675372,minmaxnorm
142,Q0,AP900425-0137,458,3.0616069968625137,minmaxnorm
142,Q0,AP900112-0253,459,3.05802886722103,minmaxnorm
142,Q0,AP900530-0113,460,3.0378841653934443,minmaxnorm
142,Q0,AP901126-0243,461,3.0351309699021414,minmaxnorm
142,Q0,AP900503-0270,462,3.026813695629521,minmaxnorm
142,Q0,AP900419-0092,463,3.0244362948574324,minmaxnorm
142,Q0,AP900514-0258,464,3.021033076335567,minmaxnorm
142,Q0,AP901206-0092,465,3.0157516952803802,minmaxnorm
142,Q0,AP900410-0228,466,3.014315176796697,minmaxnorm
142,Q0,AP900503-0261,467,3.011203610211921,minmaxnorm
142,Q0,AP900713-0016,468,2.995534462916224,minmaxnorm
142,Q0,AP900302-0253,469,2.9915138862000448,minmaxnorm
142,Q0,AP900928-0127,470,2.98691372855258,minmaxnorm
142,Q0,AP900405-0261,471,2.977653480273877,minmaxnorm
142,Q0,AP900712-0189,472,2.976390373238194,minmaxnorm
142,Q0,AP900711-0109,473,2.9657396881769746,minmaxnorm
142,Q0,AP900420-0230,474,2.965063143212023,minmaxnorm
142,Q0,AP900522-0233,475,2.9642376070527447,minmaxnorm
142,Q0,AP900801-0024,476,2.959044387834472,minmaxnorm
142,Q0,AP900322-0210,477,2.958799493287534,minmaxnorm
142,Q0,AP900712-0013,478,2.956791271202119,minmaxnorm
142,Q0,AP900809-0220,479,2.9418493317313077,minmaxnorm
142,Q0,AP900615-0135,480,2.934510923126949,minmaxnorm
142,Q0,AP900404-0205,481,2.925708409437443,minmaxnorm
142,Q0,AP900226-0223,482,2.9198349039807456,minmaxnorm
142,Q0,AP900602-0083,483,2.9146443498432792,minmaxnorm
142,Q0,AP900223-0267,484,2.9128612884763365,minmaxnorm
142,Q0,AP901019-0124,485,2.9116890992419022,minmaxnorm
142,Q0,AP900806-0208,486,2.9074715770170445,minmaxnorm
142,Q0,AP900612-0016,487,2.9054931280906127,minmaxnorm
142,Q0,AP900607-0215,488,2.8927412132293444,minmaxnorm
142,Q0,AP900420-0021,489,2.892738750669391,minmaxnorm
142,Q0,AP900110-0212,490,2.8906936523351225,minmaxnorm
142,Q0,AP900627-0216,491,2.8826547303298167,minmaxnorm
142,Q0,AP900514-0031,492,2.880927650285235,minmaxnorm
142,Q0,AP900606-0289,493,2.871954508553062,minmaxnorm
142,Q0,AP900731-0138,494,2.869026980083679,minmaxnorm
142,Q0,AP900110-0201,495,2.850511372384276,minmaxnorm
142,Q0,AP900209-0285,496,2.834211963796256,minmaxnorm
142,Q0,AP900503-0134,497,2.823769360471427,minmaxnorm
142,Q0,SJMN91-06120203,498,2.8065432129016017,minmaxnorm
142,Q0,AP900423-0273,499,2.8065095796367308,minmaxnorm
142,Q0,AP901130-0207,500,2.794233900192337,minmaxnorm
142,Q0,AP901018-0263,501,2.790637177984694,minmaxnorm
142,Q0,AP900927-0234,502,2.7845708102086406,minmaxnorm
142,Q0,AP900312-0239,503,2.7754104609789745,minmaxnorm
142,Q0,AP901218-0225,504,2.774631215909092,minmaxnorm
142,Q0,AP901105-0245,505,2.7655469128041497,minmaxnorm
142,Q0,AP900111-0230,506,2.7651754492695324,minmaxnorm
142,Q0,AP900209-0250,507,2.7506617450123,minmaxnorm
142,Q0,AP900202-0240,508,2.732771495280391,minmaxnorm
142,Q0,AP901213-0058,509,2.7152194596427623,minmaxnorm
142,Q0,AP900111-0250,510,2.6774582858228193,minmaxnorm
142,Q0,AP900613-0028,511,2.6744151761415598,minmaxnorm
142,Q0,AP901012-0207,512,2.6690635833793226,minmaxnorm
142,Q0,AP901011-0222,513,2.6639914791651074,minmaxnorm
142,Q0,AP900329-0227,514,2.656279247986944,minmaxnorm
142,Q0,AP901128-0230,515,2.6549675957840377,minmaxnorm
142,Q0,AP901019-0234,516,2.640889699992178,minmaxnorm
142,Q0,AP900729-0037,517,2.638079046332983,minmaxnorm
142,Q0,AP901231-0013,518,2.6319556326284803,minmaxnorm
142,Q0,AP900514-0248,519,2.6241083859581122,minmaxnorm
142,Q0,AP901022-0026,520,2.6240276287416546,minmaxnorm
142,Q0,AP901120-0065,521,2.622892354619399,minmaxnorm
142,Q0,AP901012-0231,522,2.62170124259688,minmaxnorm
142,Q0,AP900330-0133,523,2.6199954651354416,minmaxnorm
142,Q0,AP900813-0181,524,2.6111742824087396,minmaxnorm
142,Q0,SJMN91-06347098,525,2.6094150135146528,minmaxnorm
142,Q0,AP900911-0218,526,2.6093195678293784,minmaxnorm
142,Q0,AP900920-0071,527,2.6081669098318847,minmaxnorm
142,Q0,AP900521-0232,528,2.5940716989611663,minmaxnorm
142,Q0,AP900131-0017,529,2.5813419126018085,minmaxnorm
142,Q0,AP900511-0037,530,2.574539479583695,minmaxnorm
142,Q0,AP900618-0228,531,2.5701963581417235,minmaxnorm
142,Q0,AP900514-0268,532,2.550492121277896,minmaxnorm
142,Q0,AP900607-0078,533,2.548553944178139,minmaxnorm
142,Q0,AP900219-0033,534,2.5418202651665363,minmaxnorm
142,Q0,AP900625-0019,535,2.5416332714566536,minmaxnorm
142,Q0,AP900619-0226,536,2.5365133855234094,minmaxnorm
142,Q0,AP900130-0020,537,2.5354578322486065,minmaxnorm
142,Q0,AP900125-0261,538,2.533995747617395,minmaxnorm
142,Q0,AP900727-0076,539,2.528944097337792,minmaxnorm
142,Q0,AP900506-0024,540,2.527071610123214,minmaxnorm
142,Q0,AP901031-0126,541,2.5189327968927815,minmaxnorm
142,Q0,AP900617-0006,542,2.5158904566546347,minmaxnorm
142,Q0,AP900615-0175,543,2.5099423309480473,minmaxnorm
142,Q0,AP900321-0266,544,2.4980412860763206,minmaxnorm
142,Q0,AP900202-0233,545,2.4897951877256834,minmaxnorm
142,Q0,AP900126-0241,546,2.4879701600202417,minmaxnorm
142,Q0,AP901129-0248,547,2.4853293754928316,minmaxnorm
142,Q0,AP900712-0121,548,2.480227497024152,minmaxnorm
142,Q0,SJMN91-06023305,549,2.4757324573130566,minmaxnorm
142,Q0,AP900723-0092,550,2.46507427778877,minmaxnorm
142,Q0,AP900807-0019,551,2.461758286545847,minmaxnorm
142,Q0,AP900503-0283,552,2.452695768412758,minmaxnorm
142,Q0,AP900208-0275,553,2.451777986954564,minmaxnorm
142,Q0,SJMN91-06141195,554,2.444904393372155,minmaxnorm
142,Q0,AP901208-0053,555,2.443416519857728,minmaxnorm
142,Q0,AP900302-0152,556,2.4432316925998303,minmaxnorm
142,Q0,AP901120-0106,557,2.442226586749674,minmaxnorm
142,Q0,AP900329-0019,558,2.433802460982983,minmaxnorm
142,Q0,AP901003-0229,559,2.4297647675630234,minmaxnorm
142,Q0,SJMN91-06090167,560,2.425059868416727,minmaxnorm
142,Q0,AP901231-0100,561,2.421564555225365,minmaxnorm
142,Q0,AP900612-0244,562,2.421498364496751,minmaxnorm
142,Q0,AP900205-0261,563,2.4208478169597356,minmaxnorm
142,Q0,AP901219-0218,564,2.415638329445713,minmaxnorm
142,Q0,AP900919-0126,565,2.4149812541154736,minmaxnorm
142,Q0,AP900117-0099,566,2.409098274011102,minmaxnorm
142,Q0,AP901119-0133,567,2.4084778267663522,minmaxnorm
142,Q0,AP900108-0197,568,2.4063240053166233,minmaxnorm
142,Q0,AP901015-0030,569,2.405407368663532,minmaxnorm
142,Q0,AP900511-0244,570,2.3987705569755597,minmaxnorm
142,Q0,AP901112-0216,571,2.3880457921063307,minmaxnorm
142,Q0,AP900125-0280,572,2.3865951607603995,minmaxnorm
142,Q0,SJMN91-06035088,573,2.3807739683048355,minmaxnorm
142,Q0,SJMN91-06035178,574,2.3779875549834957,minmaxnorm
142,Q0,AP901219-0233,575,2.366426275419531,minmaxnorm
142,Q0,SJMN91-06091013,576,2.365089356941656,minmaxnorm
142,Q0,AP900112-0232,577,2.351241872972295,minmaxnorm
142,Q0,AP901024-0251,578,2.3422711190394403,minmaxnorm
142,Q0,SJMN91-06356060,579,2.334038399586417,minmaxnorm
142,Q0,SJMN91-06077144,580,2.3338625694158033,minmaxnorm
142,Q0,SJMN91-06326144,581,2.3278439727364444,minmaxnorm
142,Q0,AP900622-0238,582,2.302932872927274,minmaxnorm
142,Q0,AP901102-0226,583,2.290365566199333,minmaxnorm
142,Q0,AP900809-0201,584,2.2895118040976468,minmaxnorm
142,Q0,AP901019-0271,585,2.289457798587028,minmaxnorm
142,Q0,AP900323-0214,586,2.282921724661435,minmaxnorm
142,Q0,AP900502-0262,587,2.2770514728591467,minmaxnorm
142,Q0,AP900928-0221,588,2.2759216012379677,minmaxnorm
142,Q0,AP900502-0232,589,2.2728373770411623,minmaxnorm
142,Q0,AP900810-0006,590,2.2662059936611616,minmaxnorm
142,Q0,AP900124-0238,591,2.2558293984472146,minmaxnorm
142,Q0,AP901114-0011,592,2.251608605072318,minmaxnorm
142,Q0,AP900829-0203,593,2.246440095184875,minmaxnorm
142,Q0,AP900607-0209,594,2.2393185997785583,minmaxnorm
142,Q0,SJMN91-06316127,595,2.238457568577842,minmaxnorm
142,Q0,AP901107-0329,596,2.2298042115190433,minmaxnorm
142,Q0,AP900518-0249,597,2.228641266977962,minmaxnorm
142,Q0,AP900508-0252,598,2.226949080297757,minmaxnorm
142,Q0,AP900628-0252,599,2.223600041740504,minmaxnorm
142,Q0,AP901011-0207,600,2.218227465998376,minmaxnorm
142,Q0,AP900909-0066,601,2.2170722941607153,minmaxnorm
142,Q0,AP900706-0155,602,2.215976357743175,minmaxnorm
142,Q0,AP900327-0018,603,2.2153364926271752,minmaxnorm
142,Q0,AP901108-0238,604,2.2102347147495025,minmaxnorm
142,Q0,AP900505-0010,605,2.2092236254525814,minmaxnorm
142,Q0,AP900313-0026,606,2.20584776129371,minmaxnorm
142,Q0,AP900926-0280,607,2.202672504542631,minmaxnorm
142,Q0,AP900215-0239,608,2.1947822192663504,minmaxnorm
142,Q0,AP900712-0244,609,2.1935752426592936,minmaxnorm
142,Q0,AP900724-0223,610,2.1933731900538627,minmaxnorm
142,Q0,AP900314-0070,611,2.191276561157159,minmaxnorm
142,Q0,AP900125-0289,612,2.1809205875779636,minmaxnorm
142,Q0,AP900710-0023,613,2.178758731949044,minmaxnorm
142,Q0,AP900927-0194,614,2.169629660919249,minmaxnorm
142,Q0,AP900612-0129,615,2.168887217135511,minmaxnorm
142,Q0,AP900511-0259,616,2.1667671338962458,minmaxnorm
142,Q0,SJMN91-06214152,617,2.156798644066785,minmaxnorm
142,Q0,AP900719-0249,618,2.1565194047635616,minmaxnorm
142,Q0,AP901214-0230,619,2.149956788405989,minmaxnorm
142,Q0,AP900322-0224,620,2.148768309619173,minmaxnorm
142,Q0,AP900211-0021,621,2.12339399073087,minmaxnorm
142,Q0,SJMN91-06065185,622,2.1128885883705077,minmaxnorm
142,Q0,AP900105-0272,623,2.108569133619322,minmaxnorm
142,Q0,AP900619-0102,624,2.1039860640821204,minmaxnorm
142,Q0,AP900508-0266,625,2.103914459947366,minmaxnorm
142,Q0,SJMN91-06326055,626,2.1018519869301535,minmaxnorm
142,Q0,AP901024-0236,627,2.093270640631749,minmaxnorm
142,Q0,AP900531-0243,628,2.0916203685812507,minmaxnorm
142,Q0,AP900731-0013,629,2.082662018469789,minmaxnorm
142,Q0,AP900514-0277,630,2.075093049366167,minmaxnorm
142,Q0,AP900509-0261,631,2.071053967989748,minmaxnorm
142,Q0,AP901102-0030,632,2.059763185091588,minmaxnorm
142,Q0,AP900928-0196,633,2.057962454243965,minmaxnorm
142,Q0,AP900212-0209,634,2.057800697756722,minmaxnorm
142,Q0,AP900525-0206,635,2.050952758772658,minmaxnorm
142,Q0,AP900605-0223,636,2.0476710969771705,minmaxnorm
142,Q0,AP900906-0200,637,2.0440359671268578,minmaxnorm
142,Q0,AP900914-0275,638,2.039055351296678,minmaxnorm
142,Q0,AP900621-0149,639,2.0346691937794468,minmaxnorm
142,Q0,AP900801-0264,640,2.0303911253299494,minmaxnorm
142,Q0,AP901116-0240,641,2.0269617310429373,minmaxnorm
142,Q0,AP900306-0027,642,2.017938961709496,minmaxnorm
142,Q0,AP900606-0228,643,2.0152928085297575,minmaxnorm
142,Q0,AP900628-0225,644,2.010212307855771,minmaxnorm
142,Q0,AP900613-0256,645,2.0019320403638305,minmaxnorm
142,Q0,AP901122-0086,646,1.9794835845673133,minmaxnorm
142,Q0,AP901115-0236,647,1.9775074064515645,minmaxnorm
142,Q0,AP901105-0266,648,1.9774429753696563,minmaxnorm
142,Q0,AP901105-0257,649,1.9614788229302649,minmaxnorm
142,Q0,AP900426-0215,650,1.9491621038617688,minmaxnorm
142,Q0,AP900828-0084,651,1.9488713751414597,minmaxnorm
142,Q0,AP900808-0235,652,1.9474985598691419,minmaxnorm
142,Q0,AP900821-0152,653,1.9473623228947086,minmaxnorm
142,Q0,AP900924-0290,654,1.9453170792377876,minmaxnorm
142,Q0,SJMN91-06322133,655,1.941234954357005,minmaxnorm
142,Q0,AP900607-0227,656,1.9307822915939168,minmaxnorm
142,Q0,AP900928-0225,657,1.9290134094353468,minmaxnorm
142,Q0,SJMN91-06156176,658,1.925666963462661,minmaxnorm
142,Q0,AP900801-0012,659,1.9027776185768832,minmaxnorm
142,Q0,AP901005-0219,660,1.8990369231107473,minmaxnorm
142,Q0,AP900912-0175,661,1.8925218421081902,minmaxnorm
142,Q0,AP901211-0214,662,1.8923804771518717,minmaxnorm
142,Q0,AP900330-0231,663,1.8882728248540621,minmaxnorm
142,Q0,AP900227-0240,664,1.8757651636892125,minmaxnorm
142,Q0,AP900927-0251,665,1.8753523116010697,minmaxnorm
142,Q0,AP901010-0193,666,1.872618061351297,minmaxnorm
142,Q0,AP900109-0217,667,1.8711585960359212,minmaxnorm
142,Q0,AP900830-0186,668,1.8681896949616421,minmaxnorm
142,Q0,AP900628-0149,669,1.843069908732896,minmaxnorm
142,Q0,AP900108-0214,670,1.8388515393576892,minmaxnorm
142,Q0,AP900717-0239,671,1.829620508587539,minmaxnorm
142,Q0,AP901017-0166,672,1.8288743600952688,minmaxnorm
142,Q0,AP901212-0195,673,1.8251216523601075,minmaxnorm
142,Q0,AP900622-0209,674,1.8152090154650684,minmaxnorm
142,Q0,AP901120-0233,675,1.8046989153146356,minmaxnorm
142,Q0,AP900712-0235,676,1.7949122984037753,minmaxnorm
142,Q0,AP901016-0004,677,1.79416425061136,minmaxnorm
142,Q0,AP901217-0255,678,1.7842020425416125,minmaxnorm
142,Q0,AP901025-0245,679,1.7801483450428712,minmaxnorm
142,Q0,AP900208-0021,680,1.7746839414702444,minmaxnorm
142,Q0,SJMN91-06135066,681,1.7731300866836108,minmaxnorm
142,Q0,AP900109-0192,682,1.7661237106221936,minmaxnorm
142,Q0,SJMN91-06320234,683,1.763569240657369,minmaxnorm
142,Q0,AP900521-0257,684,1.757481004001651,minmaxnorm
142,Q0,AP900521-0249,685,1.7499505339188717,minmaxnorm
142,Q0,AP900706-0130,686,1.7491735136267448,minmaxnorm
142,Q0,AP900919-0011,687,1.7450635168926318,minmaxnorm
142,Q0,ZF32-080-120,688,1.7380401864670054,minmaxnorm
142,Q0,AP901212-0223,689,1.7311293368905512,minmaxnorm
142,Q0,AP900806-0014,690,1.7293946952153352,minmaxnorm
142,Q0,AP900704-0164,691,1.7210353772588425,minmaxnorm
142,Q0,AP900118-0249,692,1.720452192058953,minmaxnorm
142,Q0,AP900329-0105,693,1.719851197644216,minmaxnorm
142,Q0,AP900407-0147,694,1.7159804682954536,minmaxnorm
142,Q0,AP900605-0201,695,1.7045701028509859,minmaxnorm
142,Q0,AP900113-0017,696,1.7033107383187045,minmaxnorm
142,Q0,AP900202-0014,697,1.6996570731411578,minmaxnorm
142,Q0,AP901029-0237,698,1.689723947334576,minmaxnorm
142,Q0,AP901001-0285,699,1.6891681686430489,minmaxnorm
142,Q0,SJMN91-06151048,700,1.6877370696660923,minmaxnorm
142,Q0,AP901218-0101,701,1.687165662083843,minmaxnorm
142,Q0,AP900411-0226,702,1.681992818198876,minmaxnorm
142,Q0,AP900119-0197,703,1.674259154463921,minmaxnorm
142,Q0,AP900112-0274,704,1.667654388662508,minmaxnorm
142,Q0,SJMN91-06110212,705,1.6675829872163934,minmaxnorm
142,Q0,AP900220-0243,706,1.666969016764709,minmaxnorm
142,Q0,AP900618-0242,707,1.666630905523152,minmaxnorm
142,Q0,AP900228-0247,708,1.6655067861481816,minmaxnorm
142,Q0,AP900315-0090,709,1.6648845938120338,minmaxnorm
142,Q0,AP901227-0171,710,1.6620725743570548,minmaxnorm
142,Q0,AP900831-0216,711,1.656489263558086,minmaxnorm
142,Q0,AP901001-0276,712,1.651666817813382,minmaxnorm
142,Q0,AP901129-0240,713,1.6488726250186276,minmaxnorm
142,Q0,AP901109-0206,714,1.6446846144944975,minmaxnorm
142,Q0,SJMN91-06072129,715,1.6424552976673736,minmaxnorm
142,Q0,SJMN91-06035183,716,1.641001354522003,minmaxnorm
142,Q0,AP900223-0249,717,1.633676557740653,minmaxnorm
142,Q0,AP900403-0237,718,1.620874447560371,minmaxnorm
142,Q0,AP900913-0242,719,1.619175474709526,minmaxnorm
142,Q0,AP900807-0193,720,1.6169264292385794,minmaxnorm
142,Q0,AP900417-0014,721,1.6168166134475364,minmaxnorm
142,Q0,AP900412-0238,722,1.6166887525483187,minmaxnorm
142,Q0,AP900108-0104,723,1.6146594919637136,minmaxnorm
142,Q0,AP900712-0207,724,1.6144143603582937,minmaxnorm
142,Q0,AP900405-0291,725,1.6064492346298906,minmaxnorm
142,Q0,AP900825-0074,726,1.6046458563764396,minmaxnorm
142,Q0,AP901101-0261,727,1.5969525090525294,minmaxnorm
142,Q0,AP900425-0163,728,1.5954901545401965,minmaxnorm
142,Q0,AP900326-0129,729,1.5949580065186648,minmaxnorm
142,Q0,AP900709-0208,730,1.592666668440557,minmaxnorm
142,Q0,AP901013-0060,731,1.5908179855726636,minmaxnorm
142,Q0,AP900521-0124,732,1.5848974562417755,minmaxnorm
142,Q0,AP900927-0131,733,1.58342656388271,minmaxnorm
142,Q0,AP900525-0231,734,1.582156232592396,minmaxnorm
142,Q0,AP900621-0169,735,1.581839499957523,minmaxnorm
142,Q0,AP900406-0243,736,1.5790002178179996,minmaxnorm
142,Q0,AP900809-0182,737,1.5729966108657325,minmaxnorm
142,Q0,AP900103-0197,738,1.5707175488903815,minmaxnorm
142,Q0,AP900108-0242,739,1.5619069072180314,minmaxnorm
142,Q0,AP900601-0216,740,1.5582766947187692,minmaxnorm
142,Q0,AP900828-0005,741,1.556172855420201,minmaxnorm
142,Q0,AP900905-0232,742,1.5527368884335322,minmaxnorm
142,Q0,AP901029-0261,743,1.549914440122276,minmaxnorm
142,Q0,AP900926-0242,744,1.5362279594389452,minmaxnorm
142,Q0,AP901231-0204,745,1.534913558173124,minmaxnorm
142,Q0,AP900327-0237,746,1.5344257586070653,minmaxnorm
142,Q0,AP900501-0197,747,1.5297529118442426,minmaxnorm
142,Q0,AP900723-0011,748,1.528062153911569,minmaxnorm
142,Q0,AP901029-0249,749,1.5242277891127811,minmaxnorm
142,Q0,AP900808-0189,750,1.5127887999178464,minmaxnorm
142,Q0,AP900227-0231,751,1.5105918247798646,minmaxnorm
142,Q0,AP900806-0011,752,1.5104553952658655,minmaxnorm
142,Q0,AP901009-0261,753,1.5068534040968287,minmaxnorm
142,Q0,SJMN91-06106072,754,1.504574925388761,minmaxnorm
142,Q0,AP900907-0220,755,1.5042725613464292,minmaxnorm
142,Q0,AP900711-0039,756,1.5013541920330742,minmaxnorm
142,Q0,AP900531-0133,757,1.5004094211301653,minmaxnorm
142,Q0,AP901211-0238,758,1.4970455634760989,minmaxnorm
142,Q0,AP901106-0228,759,1.4852351279675873,minmaxnorm
142,Q0,AP901109-0231,760,1.4849142289865005,minmaxnorm
142,Q0,AP901205-0234,761,1.482747590091997,minmaxnorm
142,Q0,SJMN91-06116057,762,1.482194474792656,minmaxnorm
142,Q0,AP901022-0142,763,1.479253438631716,minmaxnorm
142,Q0,AP900409-0222,764,1.4780070583528324,minmaxnorm
142,Q0,AP900913-0253,765,1.4772665603264636,minmaxnorm
142,Q0,AP900117-0247,766,1.4769075869469994,minmaxnorm
142,Q0,SJMN91-06076188,767,1.4760416309659607,minmaxnorm
142,Q0,AP900419-0018,768,1.474143705333084,minmaxnorm
142,Q0,AP900430-0110,769,1.4708491605868477,minmaxnorm
142,Q0,AP900330-0216,770,1.4643168405059788,minmaxnorm
142,Q0,AP901126-0229,771,1.458079092687855,minmaxnorm
142,Q0,AP900210-0116,772,1.4534635337558248,minmaxnorm
142,Q0,AP900725-0012,773,1.4463343382555116,minmaxnorm
142,Q0,AP900213-0221,774,1.4448817013321478,minmaxnorm
142,Q0,AP900330-0256,775,1.4411445967685188,minmaxnorm
142,Q0,AP901102-0238,776,1.439628270962134,minmaxnorm
142,Q0,AP900215-0264,777,1.4375865030747128,minmaxnorm
142,Q0,SJMN91-06194221,778,1.4327257763933936,minmaxnorm
142,Q0,AP900406-0229,779,1.4232919081480966,minmaxnorm
142,Q0,SJMN91-06204143,780,1.4227598188816262,minmaxnorm
142,Q0,AP900614-0132,781,1.4111197091294128,minmaxnorm
142,Q0,AP900321-0025,782,1.4083507256331236,minmaxnorm
142,Q0,AP901212-0238,783,1.4072883057598529,minmaxnorm
142,Q0,AP901214-0075,784,1.4065688383526422,minmaxnorm
142,Q0,AP900321-0256,785,1.4046683908529016,minmaxnorm
142,Q0,AP901121-0212,786,1.3973751762873468,minmaxnorm
142,Q0,AP901005-0052,787,1.3966422699182357,minmaxnorm
142,Q0,AP900702-0024,788,1.3965269428734604,minmaxnorm
142,Q0,AP900319-0257,789,1.390575110968177,minmaxnorm
142,Q0,AP900207-0255,790,1.3878752005560364,minmaxnorm
142,Q0,AP900613-0264,791,1.3850640308670303,minmaxnorm
142,Q0,AP900202-0226,792,1.3825562537409601,minmaxnorm
142,Q0,AP900726-0259,793,1.3808040160918573,minmaxnorm
142,Q0,SJMN91-06034079,794,1.37756694368221,minmaxnorm
142,Q0,SJMN91-06058001,795,1.3715492579864814,minmaxnorm
142,Q0,AP900301-0229,796,1.354786798465836,minmaxnorm
142,Q0,SJMN91-06093173,797,1.3526158427335986,minmaxnorm
142,Q0,AP900105-0168,798,1.3514642801239318,minmaxnorm
142,Q0,AP901127-0189,799,1.3458266035358792,minmaxnorm
142,Q0,SJMN91-06051155,800,1.3448428766630585,minmaxnorm
142,Q0,AP900315-0082,801,1.3411349567015272,minmaxnorm
142,Q0,AP900402-0271,802,1.3402109541926386,minmaxnorm
142,Q0,AP901220-0247,803,1.3391240033844862,minmaxnorm
142,Q0,AP900830-0236,804,1.3371632954580974,minmaxnorm
142,Q0,AP900307-0254,805,1.3336290218288507,minmaxnorm
142,Q0,AP900507-0215,806,1.333227976845446,minmaxnorm
142,Q0,AP900607-0160,807,1.3324530143873072,minmaxnorm
142,Q0,AP900313-0234,808,1.3284232126631301,minmaxnorm
142,Q0,AP900109-0231,809,1.3208450635823508,minmaxnorm
142,Q0,AP900515-0251,810,1.3201031273836359,minmaxnorm
142,Q0,AP900108-0013,811,1.3178743173311247,minmaxnorm
142,Q0,AP900403-0016,812,1.3149996955378709,minmaxnorm
142,Q0,AP901001-0260,813,1.314995267103462,minmaxnorm
142,Q0,SJMN91-06096231,814,1.3011880584220419,minmaxnorm
142,Q0,AP901204-0226,815,1.2912750662656731,minmaxnorm
142,Q0,AP901226-0146,816,1.2907029870845204,minmaxnorm
142,Q0,AP901219-0245,817,1.2904378067047773,minmaxnorm
142,Q0,AP901021-0069,818,1.2891744050865348,minmaxnorm
142,Q0,AP900314-0194,819,1.2848218236463935,minmaxnorm
142,Q0,AP900827-0155,820,1.2839541632995124,minmaxnorm
142,Q0,SJMN91-06164149,821,1.2803572074357956,minmaxnorm
142,Q0,SJMN91-06156112,822,1.2763894362359034,minmaxnorm
142,Q0,AP900629-0125,823,1.2763150777572956,minmaxnorm
142,Q0,AP901026-0221,824,1.2762189652747702,minmaxnorm
142,Q0,AP900222-0233,825,1.2760296899606534,minmaxnorm
142,Q0,AP900301-0134,826,1.274080997903961,minmaxnorm
142,Q0,AP901030-0209,827,1.271830037823582,minmaxnorm
142,Q0,AP900113-0132,828,1.267208294516312,minmaxnorm
142,Q0,AP901218-0241,829,1.2648028352225533,minmaxnorm
142,Q0,SJMN91-06140073,830,1.2647755370947555,minmaxnorm
142,Q0,AP900629-0187,831,1.2609250046050766,minmaxnorm
142,Q0,AP901005-0020,832,1.2556766548024005,minmaxnorm
142,Q0,AP900705-0202,833,1.2495622114171123,minmaxnorm
142,Q0,AP900420-0014,834,1.2433887263681263,minmaxnorm
142,Q0,AP900426-0202,835,1.2433680025890919,minmaxnorm
142,Q0,AP900402-0265,836,1.2431090940803347,minmaxnorm
142,Q0,AP900525-0113,837,1.2406942363091953,minmaxnorm
142,Q0,AP900104-0210,838,1.2354581947033865,minmaxnorm
142,Q0,AP901030-0187,839,1.2349423436772016,minmaxnorm
142,Q0,AP900418-0130,840,1.2335331178247015,minmaxnorm
142,Q0,AP900226-0231,841,1.232297247028165,minmaxnorm
142,Q0,AP901003-0240,842,1.2282093920391057,minmaxnorm
142,Q0,AP900102-0201,843,1.2269487981129772,minmaxnorm
142,Q0,AP901231-0220,844,1.226449699073838,minmaxnorm
142,Q0,AP900705-0073,845,1.2238232522723262,minmaxnorm
142,Q0,AP900406-0213,846,1.220969495859835,minmaxnorm
142,Q0,AP900220-0201,847,1.2160797514476334,minmaxnorm
142,Q0,AP900406-0024,848,1.210730681948039,minmaxnorm
142,Q0,AP901231-0097,849,1.2105126163062194,minmaxnorm
142,Q0,AP900715-0028,850,1.20586073644436,minmaxnorm
142,Q0,AP900331-0026,851,1.2052971394068719,minmaxnorm
142,Q0,AP900810-0199,852,1.205206303212845,minmaxnorm
142,Q0,AP900927-0193,853,1.205128914976546,minmaxnorm
142,Q0,AP900305-0239,854,1.204844419637472,minmaxnorm
142,Q0,AP900505-0018,855,1.1964992676473885,minmaxnorm
142,Q0,AP900829-0227,856,1.1916730758352077,minmaxnorm
142,Q0,AP900430-0230,857,1.1852745551569526,minmaxnorm
142,Q0,SJMN91-06234231,858,1.1772562640082676,minmaxnorm
142,Q0,AP900719-0276,859,1.1763514585881376,minmaxnorm
142,Q0,AP900911-0268,860,1.1646567610352636,minmaxnorm
142,Q0,AP900712-0227,861,1.1608732583823071,minmaxnorm
142,Q0,AP900604-0011,862,1.1557367499624132,minmaxnorm
142,Q0,AP901212-0246,863,1.15204196178905,minmaxnorm
142,Q0,AP900320-0196,864,1.1504046391593425,minmaxnorm
142,Q0,SJMN91-06123218,865,1.1503570779825305,minmaxnorm
142,Q0,AP901018-0277,866,1.1498901015534895,minmaxnorm
142,Q0,AP900221-0294,867,1.1480401729855882,minmaxnorm
142,Q0,AP900622-0018,868,1.1465627306909139,minmaxnorm
142,Q0,AP900813-0206,869,1.1453658613564373,minmaxnorm
142,Q0,AP900727-0065,870,1.1430035859766736,minmaxnorm
142,Q0,AP901203-0248,871,1.142949871909789,minmaxnorm
142,Q0,AP900423-0241,872,1.1413172294661729,minmaxnorm
142,Q0,AP900115-0213,873,1.1397892462748154,minmaxnorm
142,Q0,AP900404-0225,874,1.138378417951655,minmaxnorm
142,Q0,SJMN91-06285087,875,1.1378543920629405,minmaxnorm
142,Q0,AP900910-0253,876,1.1345425834132832,minmaxnorm
142,Q0,AP901112-0198,877,1.1331339867254513,minmaxnorm
142,Q0,AP901221-0191,878,1.1331072810754657,minmaxnorm
142,Q0,AP900718-0175,879,1.1263678472618466,minmaxnorm
142,Q0,SJMN91-06327015,880,1.1263326544214733,minmaxnorm
142,Q0,AP900312-0226,881,1.1258186316928334,minmaxnorm
142,Q0,AP901213-0082,882,1.1220825366055016,minmaxnorm
142,Q0,AP900614-0150,883,1.1210386922157767,minmaxnorm
142,Q0,AP900511-0225,884,1.1184239426263884,minmaxnorm
142,Q0,AP900829-0005,885,1.1180721135588108,minmaxnorm
142,Q0,AP900131-0146,886,1.1136337969623806,minmaxnorm
142,Q0,AP900716-0248,887,1.1101640870977216,minmaxnorm
142,Q0,AP901008-0210,888,1.10763049461768,minmaxnorm
142,Q0,AP900202-0253,889,1.1073399607763081,minmaxnorm
142,Q0,AP900504-0189,890,1.0953572895880896,minmaxnorm
142,Q0,AP900323-0228,891,1.0894739656676051,minmaxnorm
142,Q0,AP900830-0220,892,1.0846308606626316,minmaxnorm
142,Q0,AP900627-0243,893,1.0814196148814155,minmaxnorm
142,Q0,AP900319-0269,894,1.080615049532752,minmaxnorm
142,Q0,AP900815-0135,895,1.0777952406819562,minmaxnorm
142,Q0,AP900123-0141,896,1.0728165690508409,minmaxnorm
142,Q0,AP901121-0265,897,1.0645241401423866,minmaxnorm
142,Q0,AP901002-0217,898,1.0597044859105227,minmaxnorm
142,Q0,SJMN91-06204133,899,1.058039070331172,minmaxnorm
142,Q0,AP901003-0219,900,1.0572312844682599,minmaxnorm
142,Q0,AP900329-0242,901,1.0570278088731033,minmaxnorm
142,Q0,AP900212-0219,902,1.0551939994849957,minmaxnorm
142,Q0,SJMN91-06096198,903,1.0514893787744488,minmaxnorm
142,Q0,AP900411-0235,904,1.049110101901335,minmaxnorm
142,Q0,AP900518-0267,905,1.047672923282528,minmaxnorm
142,Q0,AP900131-0155,906,1.0467986031142311,minmaxnorm
142,Q0,AP900502-0221,907,1.0413405931598587,minmaxnorm
142,Q0,AP900316-0093,908,1.0391667206800748,minmaxnorm
142,Q0,AP900606-0283,909,1.038977304718023,minmaxnorm
142,Q0,AP900105-0243,910,1.0356384744357605,minmaxnorm
142,Q0,AP900110-0227,911,1.0262047364978295,minmaxnorm
142,Q0,AP901214-0265,912,1.0234199343520507,minmaxnorm
142,Q0,AP900227-0243,913,1.0215647814323416,minmaxnorm
142,Q0,AP900510-0057,914,1.0213565926933257,minmaxnorm
142,Q0,AP900323-0123,915,1.0207587419242656,minmaxnorm
142,Q0,AP900227-0225,916,1.017140325639045,minmaxnorm
142,Q0,AP900512-0034,917,1.0165689909077045,minmaxnorm
142,Q0,AP900702-0199,918,1.0113619631525992,minmaxnorm
142,Q0,SJMN91-06140085,919,1.0092471411747608,minmaxnorm
142,Q0,AP900311-0087,920,1.0086855744841374,minmaxnorm
142,Q0,AP900622-0205,921,1.0065521262665469,minmaxnorm
142,Q0,AP901009-0251,922,1.0064054359637162,minmaxnorm
142,Q0,AP900423-0255,923,1.0048886271882467,minmaxnorm
142,Q0,AP900131-0167,924,1.0048039509215254,minmaxnorm
142,Q0,AP900606-0158,925,1.0043661463684868,minmaxnorm
142,Q0,AP900810-0170,926,1.0043334694858437,minmaxnorm
142,Q0,AP900723-0233,927,0.9974558174889098,minmaxnorm
142,Q0,AP900221-0161,928,0.9963552007213251,minmaxnorm
142,Q0,AP900504-0234,929,0.9936244446686825,minmaxnorm
142,Q0,AP900815-0153,930,0.9910541099140494,minmaxnorm
142,Q0,AP900130-0154,931,0.9883413150512703,minmaxnorm
142,Q0,AP900322-0255,932,0.988210023957738,minmaxnorm
142,Q0,AP900412-0172,933,0.9872425875241466,minmaxnorm
142,Q0,SJMN91-06285079,934,0.9828108160357314,minmaxnorm
142,Q0,AP900504-0246,935,0.9811107839141779,minmaxnorm
142,Q0,AP900209-0033,936,0.9795889029879153,minmaxnorm
142,Q0,SJMN91-06010016,937,0.9778897446640452,minmaxnorm
142,Q0,SJMN91-06146125,938,0.9771792403839801,minmaxnorm
142,Q0,AP900524-0220,939,0.9761039499672582,minmaxnorm
142,Q0,AP900612-0234,940,0.975111097163278,minmaxnorm
142,Q0,AP900215-0022,941,0.9739842793722956,minmaxnorm
142,Q0,AP900907-0122,942,0.9737230236183627,minmaxnorm
142,Q0,AP900212-0097,943,0.9717076497890762,minmaxnorm
142,Q0,AP900831-0118,944,0.9665111616145181,minmaxnorm
142,Q0,SJMN91-06121067,945,0.9663705612794764,minmaxnorm
142,Q0,AP901115-0245,946,0.96421944201238,minmaxnorm
142,Q0,AP900525-0081,947,0.9638192795261395,minmaxnorm
142,Q0,AP900817-0021,948,0.9613246947242158,minmaxnorm
142,Q0,AP900213-0018,949,0.96032876304853,minmaxnorm
142,Q0,AP901121-0249,950,0.9594146565049732,minmaxnorm
142,Q0,AP900815-0053,951,0.9570191756506574,minmaxnorm
142,Q0,AP900522-0229,952,0.9553006386779541,minmaxnorm
142,Q0,AP901114-0063,953,0.9497310132712281,minmaxnorm
142,Q0,AP901115-0098,954,0.948557455622368,minmaxnorm
142,Q0,AP901218-0250,955,0.945245654960239,minmaxnorm
142,Q0,AP901011-0247,956,0.9446780085162709,minmaxnorm
142,Q0,AP901127-0112,957,0.9404544024207281,minmaxnorm
142,Q0,AP900515-0263,958,0.9375277658966148,minmaxnorm
142,Q0,AP901112-0224,959,0.9358032915973761,minmaxnorm
142,Q0,AP901022-0220,960,0.9332378023560622,minmaxnorm
142,Q0,AP900615-0202,961,0.9312557548616616,minmaxnorm
142,Q0,AP900504-0208,962,0.9312209456517253,minmaxnorm
142,Q0,AP900420-0217,963,0.9309712472524199,minmaxnorm
142,Q0,AP900727-0230,964,0.9292353643555041,minmaxnorm
142,Q0,AP900713-0234,965,0.9281837182184853,minmaxnorm
142,Q0,AP900521-0025,966,0.9246690967420206,minmaxnorm
142,Q0,AP900614-0158,967,0.9238162780920893,minmaxnorm
142,Q0,AP900722-0019,968,0.9228057404382317,minmaxnorm
142,Q0,SJMN91-06350026,969,0.9180784282030621,minmaxnorm
142,Q0,AP901105-0004,970,0.9174160673172763,minmaxnorm
142,Q0,SJMN91-06233017,971,0.9165660260918501,minmaxnorm
142,Q0,AP900116-0258,972,0.9133678785941226,minmaxnorm
142,Q0,SJMN91-06092047,973,0.9133274123066908,minmaxnorm
142,Q0,AP900927-0016,974,0.9107053897100087,minmaxnorm
142,Q0,AP900212-0114,975,0.9094144080868111,minmaxnorm
142,Q0,AP901015-0311,976,0.8941327299736855,minmaxnorm
142,Q0,AP900627-0140,977,0.8883340510332528,minmaxnorm
142,Q0,AP901116-0203,978,0.8845084248692393,minmaxnorm
142,Q0,AP901011-0204,979,0.8830495413654598,minmaxnorm
142,Q0,AP900308-0275,980,0.8807821468281908,minmaxnorm
142,Q0,AP901115-0077,981,0.8773048471019518,minmaxnorm
142,Q0,AP901114-0232,982,0.8764767273333849,minmaxnorm
142,Q0,AP900326-0012,983,0.8731179894320404,minmaxnorm
142,Q0,AP900312-0254,984,0.868692138160777,minmaxnorm
142,Q0,AP900201-0250,985,0.8664746187340729,minmaxnorm
142,Q0,AP900605-0185,986,0.8657832847322093,minmaxnorm
142,Q0,AP900604-0267,987,0.8644896079819083,minmaxnorm
142,Q0,AP901107-0176,988,0.8640101355263559,minmaxnorm
142,Q0,AP901210-0242,989,0.8629956842668985,minmaxnorm
142,Q0,AP900830-0019,990,0.8617273847452319,minmaxnorm
142,Q0,AP901210-0254,991,0.8590141668449734,minmaxnorm
142,Q0,AP900810-0187,992,0.8576680017608274,minmaxnorm
142,Q0,AP900905-0210,993,0.8568388305471173,minmaxnorm
142,Q0,AP901026-0097,994,0.8563625546173057,minmaxnorm
142,Q0,AP900911-0172,995,0.8542623202135249,minmaxnorm
142,Q0,AP900726-0242,996,0.8541687032168741,minmaxnorm
142,Q0,AP900221-0272,997,0.8536183459183848,minmaxnorm
142,Q0,AP900828-0088,998,0.8495926621805551,minmaxnorm
142,Q0,AP900531-0206,999,0.8486411050259218,minmaxnorm
142,Q0,AP900717-0101,1000,0.8447802294200737,minmaxnorm
147,Q0,AP901030-0186,1,14.33687251503846,minmaxnorm
147,Q0,AP900126-0243,2,13.741324304305117,minmaxnorm
147,Q0,SJMN91-06208175,3,13.54292103499778,minmaxnorm
147,Q0,AP900727-0199,4,13.518159106825202,minmaxnorm
147,Q0,SJMN91-06208149,5,13.046563967343555,minmaxnorm
147,Q0,AP900126-0228,6,13.045816435801822,minmaxnorm
147,Q0,AP900228-0077,7,12.807397695482676,minmaxnorm
147,Q0,AP900727-0214,8,12.719732634397884,minmaxnorm
147,Q0,SJMN91-06168079,9,12.614158880756994,minmaxnorm
147,Q0,AP901030-0201,10,12.584794558253819,minmaxnorm
147,Q0,AP900824-0128,11,12.0654007363231,minmaxnorm
147,Q0,AP900621-0243,12,11.988211037172453,minmaxnorm
147,Q0,AP900524-0214,13,11.976693697971635,minmaxnorm
147,Q0,AP901219-0215,14,11.959842649625534,minmaxnorm
147,Q0,AP901128-0212,15,11.825664718093337,minmaxnorm
147,Q0,SJMN91-06304057,16,11.757043170352144,minmaxnorm
147,Q0,AP900328-0193,17,11.750449072980294,minmaxnorm
147,Q0,AP900502-0229,18,11.741410467269642,minmaxnorm
147,Q0,AP900801-0233,19,11.622464987918386,minmaxnorm
147,Q0,AP900228-0118,20,11.282330060461252,minmaxnorm
147,Q0,AP900621-0130,21,11.230962300307667,minmaxnorm
147,Q0,AP900328-0092,22,11.221321498671038,minmaxnorm
147,Q0,AP900604-0136,23,11.219220262026601,minmaxnorm
147,Q0,AP901219-0148,24,11.162330636548194,minmaxnorm
147,Q0,AP900925-0091,25,10.829307558089116,minmaxnorm
147,Q0,SJMN91-06208022,26,10.787279415890856,minmaxnorm
147,Q0,SJMN91-06303064,27,10.657238637118306,minmaxnorm
147,Q0,AP900627-0064,28,10.407925040784617,minmaxnorm
147,Q0,AP900426-0106,29,10.226394407638228,minmaxnorm
147,Q0,ZF310-645-552,30,10.178400156749662,minmaxnorm
147,Q0,SJMN91-06270150,31,10.14838590657194,minmaxnorm
147,Q0,SJMN91-06356144,32,10.071404656020158,minmaxnorm
147,Q0,AP900205-0125,33,10.0575136648571,minmaxnorm
147,Q0,AP900524-0102,34,10.048224699612732,minmaxnorm
147,Q0,AP900427-0084,35,10.030835982317404,minmaxnorm
147,Q0,AP901128-0104,36,10.020379165761506,minmaxnorm
147,Q0,SJMN91-06242045,37,9.975923993342834,minmaxnorm
147,Q0,SJMN91-06117196,38,9.97549731931216,minmaxnorm
147,Q0,AP901109-0216,39,9.974665110828305,minmaxnorm
147,Q0,SJMN91-06118010,40,9.965009283745623,minmaxnorm
147,Q0,SJMN91-06178008,41,9.811672657400027,minmaxnorm
147,Q0,AP900703-0179,42,9.747312353311022,minmaxnorm
147,Q0,AP900427-0193,43,9.492668624260235,minmaxnorm
147,Q0,SJMN91-06241059,44,9.399571599863668,minmaxnorm
147,Q0,SJMN91-06115072,45,9.39598901074508,minmaxnorm
147,Q0,AP900801-0114,46,9.308949120680856,minmaxnorm
147,Q0,AP901231-0066,47,9.281851253576798,minmaxnorm
147,Q0,SJMN91-06026132,48,9.280663622984143,minmaxnorm
147,Q0,AP900530-0187,49,9.216977837187564,minmaxnorm
147,Q0,AP900302-0078,50,9.206606773340772,minmaxnorm
147,Q0,AP901110-0128,51,8.910137410720603,minmaxnorm
147,Q0,SJMN91-06058029,52,8.884104806456973,minmaxnorm
147,Q0,SJMN91-06025138,53,8.79266313003253,minmaxnorm
147,Q0,AP900507-0101,54,8.685728491173574,minmaxnorm
147,Q0,SJMN91-06087012,55,8.650158316588715,minmaxnorm
147,Q0,AP900220-0129,56,8.56229910924041,minmaxnorm
147,Q0,SJMN91-06244083,57,8.551056022468684,minmaxnorm
147,Q0,SJMN91-06057005,58,8.540592936423241,minmaxnorm
147,Q0,SJMN91-06121172,59,8.459223073706415,minmaxnorm
147,Q0,AP900227-0114,60,8.251134644926939,minmaxnorm
147,Q0,AP900824-0032,61,8.209113673338397,minmaxnorm
147,Q0,SJMN91-06150134,62,8.141262825253234,minmaxnorm
147,Q0,AP900131-0242,63,8.088504987646516,minmaxnorm
147,Q0,SJMN91-06339296,64,8.086953433181149,minmaxnorm
147,Q0,ZF32-219-340,65,8.086320375506453,minmaxnorm
147,Q0,SJMN91-06180111,66,8.055363936820099,minmaxnorm
147,Q0,AP901220-0116,67,7.977052541788229,minmaxnorm
147,Q0,SJMN91-06088023,68,7.900201454054849,minmaxnorm
147,Q0,AP901128-0216,69,7.888807441244322,minmaxnorm
147,Q0,SJMN91-06035108,70,7.860283782705785,minmaxnorm
147,Q0,AP900925-0101,71,7.720659085113123,minmaxnorm
147,Q0,AP900522-0018,72,7.684277497252705,minmaxnorm
147,Q0,AP900829-0216,73,7.622363669537916,minmaxnorm
147,Q0,SJMN91-06209070,74,7.60552412995996,minmaxnorm
147,Q0,AP901005-0090,75,7.555005042383987,minmaxnorm
147,Q0,ZF32-246-220,76,7.534713105201548,minmaxnorm
147,Q0,SJMN91-06338165,77,7.523147641423785,minmaxnorm
147,Q0,SJMN91-06311066,78,7.487705667855687,minmaxnorm
147,Q0,AP900727-0234,79,7.4631855703148835,minmaxnorm
147,Q0,SJMN91-06215074,80,7.335020517831644,minmaxnorm
147,Q0,AP901101-0256,81,7.32805247677545,minmaxnorm
147,Q0,SJMN91-06271019,82,7.298045809096478,minmaxnorm
147,Q0,AP901205-0095,83,7.263309901250691,minmaxnorm
147,Q0,AP900511-0260,84,7.258503902724147,minmaxnorm
147,Q0,AP901106-0233,85,7.1657969633342296,minmaxnorm
147,Q0,AP900201-0276,86,7.127523746727666,minmaxnorm
147,Q0,ZF32-246-234,87,7.106672286554326,minmaxnorm
147,Q0,SJMN91-06273001,88,7.079014990583631,minmaxnorm
147,Q0,AP900623-0164,89,7.031248373309575,minmaxnorm
147,Q0,AP900727-0105,90,7.018447658121538,minmaxnorm
147,Q0,SJMN91-06151107,91,7.017003709450933,minmaxnorm
147,Q0,AP900102-0218,92,7.008704153749566,minmaxnorm
147,Q0,AP900821-0194,93,6.98366870021909,minmaxnorm
147,Q0,ZF32-076-257,94,6.947902217345842,minmaxnorm
147,Q0,AP900129-0095,95,6.90467231533516,minmaxnorm
147,Q0,AP901230-0015,96,6.896266269101765,minmaxnorm
147,Q0,AP901119-0149,97,6.87882282432007,minmaxnorm
147,Q0,AP901102-0219,98,6.866348957867649,minmaxnorm
147,Q0,AP900511-0212,99,6.863051819656506,minmaxnorm
147,Q0,AP900202-0122,100,6.8595561972361425,minmaxnorm
147,Q0,AP900105-0237,101,6.851915941733614,minmaxnorm
147,Q0,SJMN91-06047140,102,6.818134249987623,minmaxnorm
147,Q0,AP900904-0093,103,6.796680703115032,minmaxnorm
147,Q0,AP900309-0251,104,6.778238240995041,minmaxnorm
147,Q0,SJMN91-06178022,105,6.775280787776098,minmaxnorm
147,Q0,SJMN91-06117254,106,6.723869108339128,minmaxnorm
147,Q0,AP900806-0078,107,6.707052094589205,minmaxnorm
147,Q0,AP901128-0117,108,6.690406370358997,minmaxnorm
147,Q0,SJMN91-06340124,109,6.682380735358861,minmaxnorm
147,Q0,AP900803-0180,110,6.562540019233348,minmaxnorm
147,Q0,AP900718-0129,111,6.54959359836173,minmaxnorm
147,Q0,AP900220-0239,112,6.547044111732776,minmaxnorm
147,Q0,AP900808-0239,113,6.543607568258597,minmaxnorm
147,Q0,AP900628-0240,114,6.488460118086902,minmaxnorm
147,Q0,AP901112-0211,115,6.474071448538199,minmaxnorm
147,Q0,AP900411-0092,116,6.466669502601769,minmaxnorm
147,Q0,AP900619-0224,117,6.452841173528243,minmaxnorm
147,Q0,AP900815-0054,118,6.446879387150524,minmaxnorm
147,Q0,AP900504-0229,119,6.429015781694865,minmaxnorm
147,Q0,AP900804-0002,120,6.341135259359436,minmaxnorm
147,Q0,SJMN91-06179023,121,6.3331661889450155,minmaxnorm
147,Q0,AP900307-0087,122,6.330962960513519,minmaxnorm
147,Q0,SJMN91-06276014,123,6.2790344025458635,minmaxnorm
147,Q0,AP900806-0207,124,6.266363726366423,minmaxnorm
147,Q0,AP900817-0187,125,6.262080711428376,minmaxnorm
147,Q0,SJMN91-06036031,126,6.2472220917212065,minmaxnorm
147,Q0,AP900928-0075,127,6.233332026601359,minmaxnorm
147,Q0,AP900627-0198,128,6.227967871193933,minmaxnorm
147,Q0,AP901129-0093,129,6.207874428223978,minmaxnorm
147,Q0,AP900702-0005,130,6.204150240566582,minmaxnorm
147,Q0,AP901109-0003,131,6.204078998274936,minmaxnorm
147,Q0,AP901228-0154,132,6.194085076906191,minmaxnorm
147,Q0,AP900630-0084,133,6.164573014723719,minmaxnorm
147,Q0,AP900728-0152,134,6.1269172783559505,minmaxnorm
147,Q0,AP900302-0110,135,6.070658127633236,minmaxnorm
147,Q0,AP900928-0113,136,6.035567075554603,minmaxnorm
147,Q0,SJMN91-06078155,137,5.980921691522276,minmaxnorm
147,Q0,AP900504-0132,138,5.9654390464167575,minmaxnorm
147,Q0,AP900702-0003,139,5.935210717580132,minmaxnorm
147,Q0,AP900213-0185,140,5.898622482741885,minmaxnorm
147,Q0,SJMN91-06110019,141,5.855341267420425,minmaxnorm
147,Q0,AP901218-0255,142,5.8360732788788106,minmaxnorm
147,Q0,AP900627-0113,143,5.8336236086035855,minmaxnorm
147,Q0,AP901127-0081,144,5.802334004124079,minmaxnorm
147,Q0,AP900511-0236,145,5.775311850472795,minmaxnorm
147,Q0,SJMN91-06275041,146,5.75130460767875,minmaxnorm
147,Q0,AP901127-0082,147,5.7480610613128,minmaxnorm
147,Q0,SJMN91-06131047,148,5.690940580566815,minmaxnorm
147,Q0,AP900809-0029,149,5.679920987297066,minmaxnorm
147,Q0,AP900501-0217,150,5.663723333780888,minmaxnorm
147,Q0,AP901024-0229,151,5.628686276849063,minmaxnorm
147,Q0,SJMN91-06245098,152,5.6088402610858346,minmaxnorm
147,Q0,AP900219-0078,153,5.552517126614017,minmaxnorm
147,Q0,SJMN91-06306016,154,5.53330181579715,minmaxnorm
147,Q0,AP901231-0014,155,5.489017780363583,minmaxnorm
147,Q0,SJMN91-06061012,156,5.486100699803761,minmaxnorm
147,Q0,SJMN91-06216207,157,5.470781273678412,minmaxnorm
147,Q0,SJMN91-06058013,158,5.468669915070665,minmaxnorm
147,Q0,SJMN91-06127001,159,5.426273077524874,minmaxnorm
147,Q0,AP900516-0092,160,5.392807911612944,minmaxnorm
147,Q0,AP901029-0265,161,5.318310160892745,minmaxnorm
147,Q0,AP900502-0250,162,5.273503673483517,minmaxnorm
147,Q0,SJMN91-06167207,163,5.264136246017646,minmaxnorm
147,Q0,AP901031-0111,164,5.236239228658346,minmaxnorm
147,Q0,SJMN91-06099182,165,5.18077181600598,minmaxnorm
147,Q0,AP900808-0125,166,5.160672740465176,minmaxnorm
147,Q0,AP900601-0262,167,5.1389401926842,minmaxnorm
147,Q0,SJMN91-06059043,168,5.133824990441415,minmaxnorm
147,Q0,AP900818-0158,169,5.118960268581516,minmaxnorm
147,Q0,SJMN91-06061023,170,5.0985100632511005,minmaxnorm
147,Q0,AP901130-0122,171,5.079506407199502,minmaxnorm
147,Q0,AP901002-0199,172,5.079468878937792,minmaxnorm
147,Q0,AP900810-0185,173,5.057624806068084,minmaxnorm
147,Q0,AP900131-0222,174,5.057063549819778,minmaxnorm
147,Q0,AP900403-0092,175,4.999208165780057,minmaxnorm
147,Q0,AP900719-0107,176,4.978396017614461,minmaxnorm
147,Q0,AP900615-0104,177,4.93448837672049,minmaxnorm
147,Q0,AP900803-0190,178,4.930853779166216,minmaxnorm
147,Q0,AP900718-0235,179,4.858312285367281,minmaxnorm
147,Q0,SJMN91-06210141,180,4.831518910763717,minmaxnorm
147,Q0,AP901005-0204,181,4.801833804181066,minmaxnorm
147,Q0,AP900126-0016,182,4.771706361843915,minmaxnorm
147,Q0,AP900228-0263,183,4.771398350207079,minmaxnorm
147,Q0,SJMN91-06158130,184,4.756013707645833,minmaxnorm
147,Q0,SJMN91-06107104,185,4.732783389727901,minmaxnorm
147,Q0,SJMN91-06351020,186,4.725615396889626,minmaxnorm
147,Q0,AP900607-0213,187,4.72019528093958,minmaxnorm
147,Q0,AP900718-0257,188,4.69583974960187,minmaxnorm
147,Q0,SJMN91-06191204,189,4.653333889305941,minmaxnorm
147,Q0,SJMN91-06348044,190,4.61973314621079,minmaxnorm
147,Q0,AP900126-0180,191,4.618192510362608,minmaxnorm
147,Q0,SJMN91-06030081,192,4.61699650156944,minmaxnorm
147,Q0,AP901012-0201,193,4.591244470402325,minmaxnorm
147,Q0,SJMN91-06310091,194,4.554435768927568,minmaxnorm
147,Q0,AP900622-0096,195,4.540374084744942,minmaxnorm
147,Q0,AP900105-0130,196,4.5210126675990026,minmaxnorm
147,Q0,AP901204-0205,197,4.494471379099973,minmaxnorm
147,Q0,SJMN91-06117148,198,4.4899829959973285,minmaxnorm
147,Q0,SJMN91-06270151,199,4.481442893987387,minmaxnorm
147,Q0,AP900131-0113,200,4.479916906474781,minmaxnorm
147,Q0,AP900126-0245,201,4.474922620118449,minmaxnorm
147,Q0,SJMN91-06327081,202,4.470616074728526,minmaxnorm
147,Q0,AP900717-0098,203,4.470082004268933,minmaxnorm
147,Q0,SJMN91-06117181,204,4.464670300474379,minmaxnorm
147,Q0,SJMN91-06093031,205,4.46355994601794,minmaxnorm
147,Q0,AP900730-0058,206,4.438937707352413,minmaxnorm
147,Q0,AP900525-0113,207,4.434715350356538,minmaxnorm
147,Q0,AP900110-0183,208,4.433802872301495,minmaxnorm
147,Q0,AP900406-0109,209,4.419759924454643,minmaxnorm
147,Q0,AP901017-0051,210,4.410173881011109,minmaxnorm
147,Q0,SJMN91-06166084,211,4.409293576323303,minmaxnorm
147,Q0,SJMN91-06036029,212,4.407530729525315,minmaxnorm
147,Q0,AP901203-0272,213,4.3993314122035265,minmaxnorm
147,Q0,AP901011-0186,214,4.355910844111057,minmaxnorm
147,Q0,SJMN91-06080075,215,4.3312985588574255,minmaxnorm
147,Q0,AP901122-0132,216,4.307759884538726,minmaxnorm
147,Q0,SJMN91-06196206,217,4.30052729180065,minmaxnorm
147,Q0,AP900417-0111,218,4.29612300273656,minmaxnorm
147,Q0,SJMN91-06351015,219,4.288653328948516,minmaxnorm
147,Q0,AP900702-0240,220,4.28729094721817,minmaxnorm
147,Q0,AP901102-0259,221,4.286593098729517,minmaxnorm
147,Q0,AP901128-0125,222,4.285087630333578,minmaxnorm
147,Q0,SJMN91-06298250,223,4.279280071795257,minmaxnorm
147,Q0,AP901128-0217,224,4.273110153403621,minmaxnorm
147,Q0,SJMN91-06308016,225,4.269091608225128,minmaxnorm
147,Q0,AP901128-0236,226,4.265710836391219,minmaxnorm
147,Q0,AP901128-0224,227,4.256260854428406,minmaxnorm
147,Q0,SJMN91-06057019,228,4.2526786141426465,minmaxnorm
147,Q0,AP900403-0230,229,4.248333854063756,minmaxnorm
147,Q0,AP900914-0142,230,4.230134339180208,minmaxnorm
147,Q0,AP900213-0102,231,4.2224790170070365,minmaxnorm
147,Q0,SJMN91-06249040,232,4.177343665061701,minmaxnorm
147,Q0,SJMN91-06227102,233,4.170588289496988,minmaxnorm
147,Q0,SJMN91-06179008,234,4.162683629098352,minmaxnorm
147,Q0,AP900418-0175,235,4.158020559256078,minmaxnorm
147,Q0,AP900919-0238,236,4.139334180628827,minmaxnorm
147,Q0,SJMN91-06165043,237,4.1300925927508905,minmaxnorm
147,Q0,AP901128-0229,238,4.127910107346184,minmaxnorm
147,Q0,AP901106-0045,239,4.1124450155215335,minmaxnorm
147,Q0,AP900727-0051,240,4.105829316644112,minmaxnorm
147,Q0,SJMN91-06300009,241,4.099217712824686,minmaxnorm
147,Q0,ZF32-122-243,242,4.098008091176422,minmaxnorm
147,Q0,SJMN91-06003062,243,4.083187265170745,minmaxnorm
147,Q0,AP900620-0093,244,4.065191255222369,minmaxnorm
147,Q0,AP900706-0109,245,4.030261901695164,minmaxnorm
147,Q0,AP901212-0204,246,4.026196134597745,minmaxnorm
147,Q0,SJMN91-06243172,247,4.020418734925912,minmaxnorm
147,Q0,AP901228-0065,248,4.011265287931028,minmaxnorm
147,Q0,AP900829-0085,249,4.00373984004477,minmaxnorm
147,Q0,SJMN91-06228140,250,3.9982506923202767,minmaxnorm
147,Q0,ZF32-129-227,251,3.9869370142507803,minmaxnorm
147,Q0,AP900615-0198,252,3.98471717531934,minmaxnorm
147,Q0,SJMN91-06069136,253,3.9799088963692344,minmaxnorm
147,Q0,ZF32-227-297,254,3.957768453313821,minmaxnorm
147,Q0,SJMN91-06243066,255,3.951040671543497,minmaxnorm
147,Q0,AP900511-0222,256,3.9465144023530274,minmaxnorm
147,Q0,SJMN91-06092018,257,3.9377535769785728,minmaxnorm
147,Q0,AP900721-0164,258,3.9285359286950143,minmaxnorm
147,Q0,AP900904-0232,259,3.91354451524455,minmaxnorm
147,Q0,AP900825-0021,260,3.8946715393422155,minmaxnorm
147,Q0,AP900126-0248,261,3.888858934315028,minmaxnorm
147,Q0,AP900516-0282,262,3.8572931119149096,minmaxnorm
147,Q0,AP901214-0229,263,3.8455997329393914,minmaxnorm
147,Q0,SJMN91-06264044,264,3.8132829894722864,minmaxnorm
147,Q0,SJMN91-06215083,265,3.806853263349308,minmaxnorm
147,Q0,ZF32-101-202,266,3.7963646917659504,minmaxnorm
147,Q0,AP900828-0084,267,3.792664101818744,minmaxnorm
147,Q0,AP900423-0233,268,3.776146113879634,minmaxnorm
147,Q0,SJMN91-06007082,269,3.7714058280622647,minmaxnorm
147,Q0,SJMN91-06250060,270,3.76647458677731,minmaxnorm
147,Q0,AP900301-0259,271,3.764046194860645,minmaxnorm
147,Q0,SJMN91-06359048,272,3.7562169744467364,minmaxnorm
147,Q0,AP900402-0262,273,3.735072871225295,minmaxnorm
147,Q0,SJMN91-06341157,274,3.7329720722649333,minmaxnorm
147,Q0,AP901001-0280,275,3.7216934570950735,minmaxnorm
147,Q0,AP900613-0099,276,3.721529469291086,minmaxnorm
147,Q0,AP900411-0076,277,3.694181622779119,minmaxnorm
147,Q0,AP901012-0107,278,3.682972350411355,minmaxnorm
147,Q0,SJMN91-06245160,279,3.6693345718700923,minmaxnorm
147,Q0,AP900427-0216,280,3.6676407372445725,minmaxnorm
147,Q0,AP901127-0011,281,3.666839950872685,minmaxnorm
147,Q0,AP900417-0090,282,3.6456615194742557,minmaxnorm
147,Q0,SJMN91-06268053,283,3.6148878029195526,minmaxnorm
147,Q0,SJMN91-06244132,284,3.6002819296827733,minmaxnorm
147,Q0,SJMN91-06230095,285,3.5947221461530545,minmaxnorm
147,Q0,SJMN91-06156006,286,3.5607935979731744,minmaxnorm
147,Q0,AP900827-0079,287,3.5461687891007725,minmaxnorm
147,Q0,AP901116-0221,288,3.5371470043175868,minmaxnorm
147,Q0,AP900327-0276,289,3.5255495695039194,minmaxnorm
147,Q0,SJMN91-06116080,290,3.5250216865536514,minmaxnorm
147,Q0,AP900713-0250,291,3.5205745171574496,minmaxnorm
147,Q0,SJMN91-06087048,292,3.5131260752837767,minmaxnorm
147,Q0,SJMN91-06242093,293,3.507878220995938,minmaxnorm
147,Q0,SJMN91-06255004,294,3.486169544844868,minmaxnorm
147,Q0,SJMN91-06255005,295,3.4645892152331683,minmaxnorm
147,Q0,AP901008-0197,296,3.463857889356411,minmaxnorm
147,Q0,AP900515-0013,297,3.461262545952824,minmaxnorm
147,Q0,SJMN91-06089064,298,3.449458227926867,minmaxnorm
147,Q0,SJMN91-06220075,299,3.439698046365646,minmaxnorm
147,Q0,AP901012-0217,300,3.4315307296898476,minmaxnorm
147,Q0,SJMN91-06357105,301,3.4235620655308323,minmaxnorm
147,Q0,SJMN91-06121267,302,3.4224571569978113,minmaxnorm
147,Q0,AP900117-0262,303,3.4166248314695102,minmaxnorm
147,Q0,SJMN91-06187183,304,3.4083622649846856,minmaxnorm
147,Q0,AP900310-0159,305,3.395941064395452,minmaxnorm
147,Q0,AP900727-0075,306,3.395622605307886,minmaxnorm
147,Q0,SJMN91-06220027,307,3.385718751893594,minmaxnorm
147,Q0,AP900427-0194,308,3.381564812086167,minmaxnorm
147,Q0,AP900614-0240,309,3.381031044264172,minmaxnorm
147,Q0,AP901102-0105,310,3.3782959781538007,minmaxnorm
147,Q0,AP900411-0200,311,3.373141622591833,minmaxnorm
147,Q0,AP900427-0199,312,3.36231767328621,minmaxnorm
147,Q0,AP900727-0231,313,3.3574898307088907,minmaxnorm
147,Q0,AP900914-0231,314,3.357489687955167,minmaxnorm
147,Q0,AP900601-0248,315,3.305524903108855,minmaxnorm
147,Q0,AP901218-0106,316,3.3020710934571778,minmaxnorm
147,Q0,AP900525-0101,317,3.3004509056530473,minmaxnorm
147,Q0,AP900918-0099,318,3.2971373637259176,minmaxnorm
147,Q0,SJMN91-06342192,319,3.2874314980003727,minmaxnorm
147,Q0,SJMN91-06033118,320,3.268440650555812,minmaxnorm
147,Q0,SJMN91-06347064,321,3.267745777486865,minmaxnorm
147,Q0,AP901129-0224,322,3.2658377071317126,minmaxnorm
147,Q0,AP900802-0120,323,3.254847826917552,minmaxnorm
147,Q0,AP900126-0258,324,3.235395321523961,minmaxnorm
147,Q0,AP900926-0159,325,3.2274490148009187,minmaxnorm
147,Q0,SJMN91-06043127,326,3.21498715273012,minmaxnorm
147,Q0,AP900801-0265,327,3.213273188869295,minmaxnorm
147,Q0,AP900607-0123,328,3.2128478699282814,minmaxnorm
147,Q0,SJMN91-06136156,329,3.2059401018317537,minmaxnorm
147,Q0,SJMN91-06223204,330,3.200901327341636,minmaxnorm
147,Q0,SJMN91-06088016,331,3.1833226859212873,minmaxnorm
147,Q0,AP900125-0180,332,3.1710525256330286,minmaxnorm
147,Q0,AP900117-0229,333,3.1693685603322033,minmaxnorm
147,Q0,AP900511-0124,334,3.168812053993434,minmaxnorm
147,Q0,AP900605-0182,335,3.1569743749331414,minmaxnorm
147,Q0,AP900928-0022,336,3.1558532651491955,minmaxnorm
147,Q0,AP901116-0071,337,3.1496066842524493,minmaxnorm
147,Q0,AP900815-0051,338,3.137048333205305,minmaxnorm
147,Q0,AP900615-0127,339,3.1350240328137136,minmaxnorm
147,Q0,AP900324-0178,340,3.130564650696469,minmaxnorm
147,Q0,AP900729-0086,341,3.127282158523855,minmaxnorm
147,Q0,AP900727-0237,342,3.1247502402692344,minmaxnorm
147,Q0,AP900209-0248,343,3.120552499545753,minmaxnorm
147,Q0,AP900821-0188,344,3.118636825116967,minmaxnorm
147,Q0,AP900524-0237,345,3.102965851930427,minmaxnorm
147,Q0,SJMN91-06027095,346,3.100763185523685,minmaxnorm
147,Q0,AP901018-0260,347,3.095333761942939,minmaxnorm
147,Q0,AP901116-0025,348,3.078330423817436,minmaxnorm
147,Q0,AP900427-0223,349,3.0694762136602223,minmaxnorm
147,Q0,AP901213-0215,350,3.054977249069759,minmaxnorm
147,Q0,ZF32-136-046,351,3.053028561119604,minmaxnorm
147,Q0,SJMN91-06002076,352,3.0499858082357334,minmaxnorm
147,Q0,AP901214-0098,353,3.0251576154851385,minmaxnorm
147,Q0,SJMN91-06338102,354,2.9980719201838886,minmaxnorm
147,Q0,SJMN91-06214059,355,2.995464662219713,minmaxnorm
147,Q0,SJMN91-06304217,356,2.99228020934296,minmaxnorm
147,Q0,AP900913-0235,357,2.975464556771433,minmaxnorm
147,Q0,AP900614-0249,358,2.9703146496977153,minmaxnorm
147,Q0,AP901012-0144,359,2.968935681806802,minmaxnorm
147,Q0,SJMN91-06005030,360,2.968222642428383,minmaxnorm
147,Q0,SJMN91-06062165,361,2.9681219168279624,minmaxnorm
147,Q0,AP901102-0216,362,2.95774975731401,minmaxnorm
147,Q0,AP901220-0201,363,2.951550432132044,minmaxnorm
147,Q0,AP900502-0135,364,2.9348721514744054,minmaxnorm
147,Q0,AP900427-0206,365,2.9339746829957614,minmaxnorm
147,Q0,SJMN91-06076191,366,2.9153442476995832,minmaxnorm
147,Q0,SJMN91-06291042,367,2.9121537168793425,minmaxnorm
147,Q0,AP900713-0226,368,2.892776074183886,minmaxnorm
147,Q0,SJMN91-06270194,369,2.8891438824709463,minmaxnorm
147,Q0,SJMN91-06324009,370,2.863857238271035,minmaxnorm
147,Q0,SJMN91-06269016,371,2.8532211118593622,minmaxnorm
147,Q0,AP900427-0191,372,2.842759886709212,minmaxnorm
147,Q0,AP900112-0265,373,2.823706246597462,minmaxnorm
147,Q0,SJMN91-06249044,374,2.8229795922000602,minmaxnorm
147,Q0,SJMN91-06257038,375,2.8204745518376457,minmaxnorm
147,Q0,SJMN91-06236018,376,2.8144641275986433,minmaxnorm
147,Q0,SJMN91-06122023,377,2.8134381697966453,minmaxnorm
147,Q0,AP900709-0116,378,2.81278647982099,minmaxnorm
147,Q0,SJMN91-06135110,379,2.7835104614043384,minmaxnorm
147,Q0,AP900123-0215,380,2.7730142921039094,minmaxnorm
147,Q0,AP900316-0222,381,2.7677957340653063,minmaxnorm
147,Q0,AP900807-0167,382,2.7667105710595004,minmaxnorm
147,Q0,AP901128-0213,383,2.7620703317028354,minmaxnorm
147,Q0,AP901018-0259,384,2.7553233044596386,minmaxnorm
147,Q0,SJMN91-06166141,385,2.7515628981266347,minmaxnorm
147,Q0,SJMN91-06241002,386,2.74896558006917,minmaxnorm
147,Q0,AP900112-0066,387,2.737010176238005,minmaxnorm
147,Q0,AP901109-0182,388,2.720929467894976,minmaxnorm
147,Q0,SJMN91-06103159,389,2.7112760315893456,minmaxnorm
147,Q0,AP901212-0230,390,2.706515079472025,minmaxnorm
147,Q0,SJMN91-06116240,391,2.7020535387300897,minmaxnorm
147,Q0,SJMN91-06241074,392,2.6993941155321104,minmaxnorm
147,Q0,AP900516-0128,393,2.695408225629106,minmaxnorm
147,Q0,SJMN91-06352080,394,2.6887003623580163,minmaxnorm
147,Q0,SJMN91-06152009,395,2.6823897302372677,minmaxnorm
147,Q0,AP900202-0153,396,2.6820186083577786,minmaxnorm
147,Q0,AP900824-0145,397,2.6781395287956835,minmaxnorm
147,Q0,AP900226-0094,398,2.671412617281919,minmaxnorm
147,Q0,AP900824-0219,399,2.670936313107614,minmaxnorm
147,Q0,AP900216-0282,400,2.6702028472691413,minmaxnorm
147,Q0,AP901128-0211,401,2.6653059365407588,minmaxnorm
147,Q0,SJMN91-06128018,402,2.658090139337157,minmaxnorm
147,Q0,SJMN91-06227106,403,2.6564943709430473,minmaxnorm
147,Q0,AP901218-0146,404,2.655672720534937,minmaxnorm
147,Q0,SJMN91-06200265,405,2.6554622167031483,minmaxnorm
147,Q0,AP900817-0188,406,2.6538266030189286,minmaxnorm
147,Q0,SJMN91-06358175,407,2.647844332103293,minmaxnorm
147,Q0,AP900228-0240,408,2.6444200087015286,minmaxnorm
147,Q0,AP900914-0258,409,2.642089666542329,minmaxnorm
147,Q0,AP900228-0258,410,2.6412270052874116,minmaxnorm
147,Q0,SJMN91-06267139,411,2.6338020447504027,minmaxnorm
147,Q0,AP900430-0083,412,2.6283186099012346,minmaxnorm
147,Q0,SJMN91-06213106,413,2.6263666799565093,minmaxnorm
147,Q0,SJMN91-06195199,414,2.6148052689352275,minmaxnorm
147,Q0,AP900816-0187,415,2.6145412807399406,minmaxnorm
147,Q0,SJMN91-06116153,416,2.614478247938105,minmaxnorm
147,Q0,AP900907-0078,417,2.6118596097854567,minmaxnorm
147,Q0,ZF310-619-987,418,2.6077558632036553,minmaxnorm
147,Q0,SJMN91-06241038,419,2.606803396197494,minmaxnorm
147,Q0,SJMN91-06170035,420,2.605770618532147,minmaxnorm
147,Q0,SJMN91-06127027,421,2.6020083641014966,minmaxnorm
147,Q0,AP900228-0244,422,2.595129309743852,minmaxnorm
147,Q0,SJMN91-06116043,423,2.5919670714474656,minmaxnorm
147,Q0,SJMN91-06285036,424,2.589909121099236,minmaxnorm
147,Q0,AP900827-0187,425,2.5773282271331666,minmaxnorm
147,Q0,AP900824-0218,426,2.5721014952673813,minmaxnorm
147,Q0,AP901218-0020,427,2.5681732623594007,minmaxnorm
147,Q0,AP900209-0286,428,2.564046249493857,minmaxnorm
147,Q0,AP900126-0238,429,2.553762898141417,minmaxnorm
147,Q0,SJMN91-06141123,430,2.552602883550043,minmaxnorm
147,Q0,SJMN91-06322226,431,2.534851236923874,minmaxnorm
147,Q0,AP901109-0217,432,2.5334971096225933,minmaxnorm
147,Q0,SJMN91-06184040,433,2.532046735416227,minmaxnorm
147,Q0,AP900916-0087,434,2.5271547131918526,minmaxnorm
147,Q0,SJMN91-06004208,435,2.526101799025807,minmaxnorm
147,Q0,SJMN91-06208206,436,2.5253440640970903,minmaxnorm
147,Q0,AP900105-0101,437,2.5178821596111707,minmaxnorm
147,Q0,AP900118-0261,438,2.507843649036773,minmaxnorm
147,Q0,AP901015-0088,439,2.4988902603553025,minmaxnorm
147,Q0,AP900627-0119,440,2.4931676270058145,minmaxnorm
147,Q0,AP900228-0272,441,2.4869825026254992,minmaxnorm
147,Q0,SJMN91-06118044,442,2.481204892202951,minmaxnorm
147,Q0,SJMN91-06208128,443,2.4797571904941367,minmaxnorm
147,Q0,AP900126-0242,444,2.4724069901775834,minmaxnorm
147,Q0,SJMN91-06190006,445,2.471255720631967,minmaxnorm
147,Q0,AP900126-0264,446,2.466971167585117,minmaxnorm
147,Q0,SJMN91-06022083,447,2.463166738233041,minmaxnorm
147,Q0,AP900726-0014,448,2.451276173856255,minmaxnorm
147,Q0,SJMN91-06204182,449,2.451021164387318,minmaxnorm
147,Q0,SJMN91-06226034,450,2.4481041792924603,minmaxnorm
147,Q0,AP900228-0249,451,2.4404152986151826,minmaxnorm
147,Q0,SJMN91-06229191,452,2.4386244979997787,minmaxnorm
147,Q0,SJMN91-06160185,453,2.4336666198347046,minmaxnorm
147,Q0,SJMN91-06044051,454,2.430233058296939,minmaxnorm
147,Q0,AP900413-0243,455,2.4278376844196154,minmaxnorm
147,Q0,AP900429-0090,456,2.4272565136770146,minmaxnorm
147,Q0,AP900427-0238,457,2.422103738045178,minmaxnorm
147,Q0,AP900129-0227,458,2.417333833495303,minmaxnorm
147,Q0,AP900702-0222,459,2.4018483190147775,minmaxnorm
147,Q0,AP900707-0160,460,2.37437512491263,minmaxnorm
147,Q0,SJMN91-06338196,461,2.371239347987162,minmaxnorm
147,Q0,SJMN91-06017047,462,2.3695099152859758,minmaxnorm
147,Q0,SJMN91-06080086,463,2.362563928050993,minmaxnorm
147,Q0,AP900124-0228,464,2.3612970233755055,minmaxnorm
147,Q0,SJMN91-06269077,465,2.359974317646113,minmaxnorm
147,Q0,SJMN91-06085017,466,2.3591846497025677,minmaxnorm
147,Q0,AP900918-0030,467,2.358041693591604,minmaxnorm
147,Q0,AP900725-0234,468,2.341762832163925,minmaxnorm
147,Q0,AP900117-0201,469,2.3400599431860063,minmaxnorm
147,Q0,AP900301-0209,470,2.335420401079952,minmaxnorm
147,Q0,AP900409-0251,471,2.331750860172083,minmaxnorm
147,Q0,AP901221-0180,472,2.3278312914920067,minmaxnorm
147,Q0,SJMN91-06341009,473,2.3155167729238166,minmaxnorm
147,Q0,SJMN91-06125153,474,2.3130168527933685,minmaxnorm
147,Q0,AP901004-0191,475,2.3077398436429597,minmaxnorm
147,Q0,AP900315-0105,476,2.302973668280088,minmaxnorm
147,Q0,SJMN91-06303074,477,2.2943012989154092,minmaxnorm
147,Q0,SJMN91-06151090,478,2.280210109271507,minmaxnorm
147,Q0,SJMN91-06065083,479,2.280127984474143,minmaxnorm
147,Q0,AP900313-0097,480,2.277001387198875,minmaxnorm
147,Q0,SJMN91-06280019,481,2.273092787764252,minmaxnorm
147,Q0,AP900301-0266,482,2.2722655990500913,minmaxnorm
147,Q0,AP901218-0232,483,2.269808336800271,minmaxnorm
147,Q0,AP900524-0205,484,2.2574361562558276,minmaxnorm
147,Q0,AP900601-0106,485,2.2544521620755598,minmaxnorm
147,Q0,SJMN91-06306223,486,2.2522245653409225,minmaxnorm
147,Q0,AP900124-0299,487,2.251861346508738,minmaxnorm
147,Q0,SJMN91-06311249,488,2.251692835297243,minmaxnorm
147,Q0,AP900427-0229,489,2.2435242626041445,minmaxnorm
147,Q0,AP901010-0171,490,2.236463743756528,minmaxnorm
147,Q0,AP901219-0225,491,2.2359553764305193,minmaxnorm
147,Q0,SJMN91-06251090,492,2.23527991613736,minmaxnorm
147,Q0,AP900222-0090,493,2.231978562086483,minmaxnorm
147,Q0,SJMN91-06192166,494,2.222007110260445,minmaxnorm
147,Q0,AP901005-0194,495,2.2166652946440593,minmaxnorm
147,Q0,SJMN91-06213022,496,2.2126990718883053,minmaxnorm
147,Q0,SJMN91-06226076,497,2.208234157773603,minmaxnorm
147,Q0,SJMN91-06121121,498,2.2061109208414638,minmaxnorm
147,Q0,AP900716-0079,499,2.2040211024364083,minmaxnorm
147,Q0,AP901019-0178,500,2.2018718029375486,minmaxnorm
147,Q0,SJMN91-06229210,501,2.200204512029127,minmaxnorm
147,Q0,SJMN91-06102048,502,2.1957765417396735,minmaxnorm
147,Q0,AP900118-0248,503,2.1916082947800852,minmaxnorm
147,Q0,AP900812-0082,504,2.1906532027154015,minmaxnorm
147,Q0,AP901214-0252,505,2.189899477360504,minmaxnorm
147,Q0,SJMN91-06256299,506,2.18387294612077,minmaxnorm
147,Q0,SJMN91-06263070,507,2.1807698851103128,minmaxnorm
147,Q0,AP900719-0286,508,2.1721195797376778,minmaxnorm
147,Q0,SJMN91-06144029,509,2.1504018196097214,minmaxnorm
147,Q0,SJMN91-06262051,510,2.143437096604288,minmaxnorm
147,Q0,AP900614-0227,511,2.1430710772547106,minmaxnorm
147,Q0,AP901106-0049,512,2.142633170309693,minmaxnorm
147,Q0,AP900118-0276,513,2.1423706019777207,minmaxnorm
147,Q0,AP900801-0218,514,2.138760620656763,minmaxnorm
147,Q0,SJMN91-06327054,515,2.1291849942549415,minmaxnorm
147,Q0,AP900814-0145,516,2.1209784443969593,minmaxnorm
147,Q0,AP900314-0082,517,2.1198267801201265,minmaxnorm
147,Q0,AP900530-0088,518,2.115335974763827,minmaxnorm
147,Q0,AP900201-0253,519,2.1106290465855455,minmaxnorm
147,Q0,AP900629-0138,520,2.1074958156095764,minmaxnorm
147,Q0,SJMN91-06349026,521,2.102146201432718,minmaxnorm
147,Q0,SJMN91-06153094,522,2.0965107028032803,minmaxnorm
147,Q0,SJMN91-06353070,523,2.0880948155938706,minmaxnorm
147,Q0,AP900719-0216,524,2.0866454228794256,minmaxnorm
147,Q0,SJMN91-06333087,525,2.0735118077089676,minmaxnorm
147,Q0,AP900728-0027,526,2.07001271041782,minmaxnorm
147,Q0,SJMN91-06080276,527,2.0631366326615055,minmaxnorm
147,Q0,SJMN91-06281049,528,2.0576392002378254,minmaxnorm
147,Q0,SJMN91-06263026,529,2.052239647964469,minmaxnorm
147,Q0,AP901115-0187,530,2.0520441262818516,minmaxnorm
147,Q0,AP900717-0209,531,2.0391321017278163,minmaxnorm
147,Q0,SJMN91-06074023,532,2.0366893341750743,minmaxnorm
147,Q0,SJMN91-06219024,533,2.034704186980009,minmaxnorm
147,Q0,SJMN91-06124021,534,2.0242996219771756,minmaxnorm
147,Q0,SJMN91-06071001,535,2.016509221167627,minmaxnorm
147,Q0,SJMN91-06361057,536,2.01208620307704,minmaxnorm
147,Q0,AP900316-0252,537,2.0098040564825226,minmaxnorm
147,Q0,AP900211-0087,538,2.0020178474954142,minmaxnorm
147,Q0,AP900126-0209,539,1.9995492173451095,minmaxnorm
147,Q0,SJMN91-06052012,540,1.9986321353913807,minmaxnorm
147,Q0,AP900328-0194,541,1.9971393781547662,minmaxnorm
147,Q0,AP901101-0023,542,1.9922232791924332,minmaxnorm
147,Q0,AP901216-0032,543,1.9884712280099104,minmaxnorm
147,Q0,AP900919-0073,544,1.983442111468189,minmaxnorm
147,Q0,ZF32-246-243,545,1.9619467467750185,minmaxnorm
147,Q0,AP900327-0019,546,1.9588697195734561,minmaxnorm
147,Q0,SJMN91-06177021,547,1.9494200471444045,minmaxnorm
147,Q0,AP900622-0205,548,1.9477344983179585,minmaxnorm
147,Q0,SJMN91-06354151,549,1.9412581630768835,minmaxnorm
147,Q0,AP900126-0227,550,1.917907626981607,minmaxnorm
147,Q0,SJMN91-06286093,551,1.9147352703864156,minmaxnorm
147,Q0,AP900808-0217,552,1.9123949005058176,minmaxnorm
147,Q0,AP900126-0104,553,1.9101495121703356,minmaxnorm
147,Q0,AP900514-0239,554,1.903137310507066,minmaxnorm
147,Q0,AP900316-0166,555,1.8967510845379074,minmaxnorm
147,Q0,AP900625-0024,556,1.8885722762581059,minmaxnorm
147,Q0,ZF32-327-137,557,1.8776508379003367,minmaxnorm
147,Q0,AP900202-0224,558,1.8734395649975644,minmaxnorm
147,Q0,SJMN91-06257255,559,1.8733329647857453,minmaxnorm
147,Q0,AP901019-0214,560,1.8649313614911587,minmaxnorm
147,Q0,AP900319-0123,561,1.864354927196795,minmaxnorm
147,Q0,AP900621-0262,562,1.8569861713387168,minmaxnorm
147,Q0,AP900513-0087,563,1.8535668839164732,minmaxnorm
147,Q0,AP900511-0267,564,1.853351327349086,minmaxnorm
147,Q0,AP900328-0200,565,1.852905696935737,minmaxnorm
147,Q0,AP900227-0240,566,1.8518244896751708,minmaxnorm
147,Q0,AP901023-0025,567,1.8517342553024871,minmaxnorm
147,Q0,SJMN91-06292028,568,1.8477446708961358,minmaxnorm
147,Q0,SJMN91-06103219,569,1.847360588566621,minmaxnorm
147,Q0,SJMN91-06276005,570,1.8423577890904739,minmaxnorm
147,Q0,AP900627-0250,571,1.841639833854234,minmaxnorm
147,Q0,AP901030-0197,572,1.8337169403695563,minmaxnorm
147,Q0,SJMN91-06244151,573,1.8279294773052013,minmaxnorm
147,Q0,SJMN91-06280013,574,1.827897801901602,minmaxnorm
147,Q0,AP901228-0147,575,1.8234388840606317,minmaxnorm
147,Q0,SJMN91-06035057,576,1.8218374693318977,minmaxnorm
147,Q0,AP900328-0206,577,1.8130573115497444,minmaxnorm
147,Q0,SJMN91-06320055,578,1.8129203723989595,minmaxnorm
147,Q0,AP900124-0124,579,1.804670527497155,minmaxnorm
147,Q0,SJMN91-06293195,580,1.8009460951690754,minmaxnorm
147,Q0,AP900417-0121,581,1.7975929464770024,minmaxnorm
147,Q0,AP900703-0091,582,1.7950853437626202,minmaxnorm
147,Q0,AP900328-0210,583,1.7665487147308818,minmaxnorm
147,Q0,AP900604-0269,584,1.7588257968355478,minmaxnorm
147,Q0,AP900727-0222,585,1.747586389279665,minmaxnorm
147,Q0,SJMN91-06303076,586,1.747085275067263,minmaxnorm
147,Q0,SJMN91-06237111,587,1.745784293314421,minmaxnorm
147,Q0,SJMN91-06151112,588,1.7448856280755107,minmaxnorm
147,Q0,SJMN91-06138042,589,1.7381107296379938,minmaxnorm
147,Q0,AP900320-0202,590,1.7326287402658473,minmaxnorm
147,Q0,AP900524-0213,591,1.7206161809537173,minmaxnorm
147,Q0,AP900918-0216,592,1.7140929602522128,minmaxnorm
147,Q0,AP901220-0103,593,1.7112526221837203,minmaxnorm
147,Q0,SJMN91-06034078,594,1.7026349058677652,minmaxnorm
147,Q0,SJMN91-06294084,595,1.6981113746456151,minmaxnorm
147,Q0,AP900816-0083,596,1.6976941584835723,minmaxnorm
147,Q0,SJMN91-06145101,597,1.6927848913419739,minmaxnorm
147,Q0,AP901023-0079,598,1.683908860267852,minmaxnorm
147,Q0,AP900817-0097,599,1.6825036931427988,minmaxnorm
147,Q0,AP900920-0012,600,1.6806940697140178,minmaxnorm
147,Q0,AP900126-0230,601,1.6756681059363487,minmaxnorm
147,Q0,SJMN91-06128040,602,1.6730194972495949,minmaxnorm
147,Q0,SJMN91-06104166,603,1.6559537697318951,minmaxnorm
147,Q0,SJMN91-06237034,604,1.6514161303848298,minmaxnorm
147,Q0,AP900524-0232,605,1.6475671764636508,minmaxnorm
147,Q0,AP900413-0115,606,1.6418291113461356,minmaxnorm
147,Q0,AP900206-0132,607,1.640338523319849,minmaxnorm
147,Q0,SJMN91-06068234,608,1.620007502319953,minmaxnorm
147,Q0,SJMN91-06152045,609,1.6115775577059397,minmaxnorm
147,Q0,AP900609-0146,610,1.6098424254506118,minmaxnorm
147,Q0,SJMN91-06023132,611,1.6031008585038211,minmaxnorm
147,Q0,AP900524-0226,612,1.601387733521005,minmaxnorm
147,Q0,AP901030-0194,613,1.6005530062043511,minmaxnorm
147,Q0,AP900604-0264,614,1.6002715217219596,minmaxnorm
147,Q0,SJMN91-06096076,615,1.5993655932872248,minmaxnorm
147,Q0,AP900328-0203,616,1.5979613609631476,minmaxnorm
147,Q0,SJMN91-06103029,617,1.5966715750189857,minmaxnorm
147,Q0,SJMN91-06153176,618,1.596570604960294,minmaxnorm
147,Q0,AP900830-0185,619,1.5927267684371795,minmaxnorm
147,Q0,AP900412-0098,620,1.5859544985471075,minmaxnorm
147,Q0,AP900515-0099,621,1.5837701575032288,minmaxnorm
147,Q0,SJMN91-06200212,622,1.5813277241674646,minmaxnorm
147,Q0,SJMN91-06326042,623,1.5721509493341483,minmaxnorm
147,Q0,AP900619-0246,624,1.5694688988186196,minmaxnorm
147,Q0,ZF32-103-238,625,1.5689445737633814,minmaxnorm
147,Q0,SJMN91-06077114,626,1.5667935764804428,minmaxnorm
147,Q0,AP900214-0125,627,1.5649233529978492,minmaxnorm
147,Q0,AP900319-0255,628,1.5601536285780475,minmaxnorm
147,Q0,AP900421-0143,629,1.5547937131064444,minmaxnorm
147,Q0,AP901210-0202,630,1.548684946265933,minmaxnorm
147,Q0,AP900815-0110,631,1.5474693240065462,minmaxnorm
147,Q0,SJMN91-06181198,632,1.546061955245467,minmaxnorm
147,Q0,SJMN91-06097098,633,1.5412209250440183,minmaxnorm
147,Q0,SJMN91-06222020,634,1.539438291784393,minmaxnorm
147,Q0,SJMN91-06268090,635,1.5369297965453312,minmaxnorm
147,Q0,AP900804-0087,636,1.5240008042399031,minmaxnorm
147,Q0,SJMN91-06212008,637,1.5237890855337815,minmaxnorm
147,Q0,AP900116-0070,638,1.519848660645039,minmaxnorm
147,Q0,AP900628-0180,639,1.5148443956489357,minmaxnorm
147,Q0,SJMN91-06340085,640,1.5131106391233884,minmaxnorm
147,Q0,AP900413-0231,641,1.511864274860263,minmaxnorm
147,Q0,AP901217-0101,642,1.5111086034610288,minmaxnorm
147,Q0,AP900313-0114,643,1.5099872850520264,minmaxnorm
147,Q0,SJMN91-06305156,644,1.5065515705565844,minmaxnorm
147,Q0,AP901018-0240,645,1.5059056818775007,minmaxnorm
147,Q0,SJMN91-06199034,646,1.5021037016726566,minmaxnorm
147,Q0,AP901031-0240,647,1.4995056433454244,minmaxnorm
147,Q0,AP900424-0020,648,1.4795437958770281,minmaxnorm
147,Q0,AP900516-0240,649,1.478868665579473,minmaxnorm
147,Q0,AP900103-0179,650,1.4774602147324376,minmaxnorm
147,Q0,AP900126-0234,651,1.4765729136511616,minmaxnorm
147,Q0,SJMN91-06324003,652,1.4746972911342735,minmaxnorm
147,Q0,AP900511-0203,653,1.4731639514903432,minmaxnorm
147,Q0,SJMN91-06261123,654,1.4714718117372088,minmaxnorm
147,Q0,AP900524-0215,655,1.4708745624358839,minmaxnorm
147,Q0,AP901109-0192,656,1.4705027661313221,minmaxnorm
147,Q0,AP901115-0090,657,1.4626779519029611,minmaxnorm
147,Q0,SJMN91-06101225,658,1.4622760778474366,minmaxnorm
147,Q0,SJMN91-06250228,659,1.4618509450215318,minmaxnorm
147,Q0,SJMN91-06198023,660,1.458750700573734,minmaxnorm
147,Q0,AP900504-0247,661,1.4538920587589914,minmaxnorm
147,Q0,AP901009-0203,662,1.450163553829085,minmaxnorm
147,Q0,AP900906-0088,663,1.4501592258141496,minmaxnorm
147,Q0,SJMN91-06033189,664,1.4477013287690332,minmaxnorm
147,Q0,AP900703-0008,665,1.4448834939448147,minmaxnorm
147,Q0,AP900619-0077,666,1.4418477643629162,minmaxnorm
147,Q0,AP901012-0204,667,1.4358657741559573,minmaxnorm
147,Q0,AP900622-0209,668,1.4301696241200563,minmaxnorm
147,Q0,AP900328-0217,669,1.4294762671203813,minmaxnorm
147,Q0,AP901130-0196,670,1.4229688843499309,minmaxnorm
147,Q0,AP900329-0202,671,1.4168802606530284,minmaxnorm
147,Q0,AP900103-0227,672,1.412642125910072,minmaxnorm
147,Q0,AP900105-0058,673,1.4069547975268863,minmaxnorm
147,Q0,AP900117-0240,674,1.4041635998961732,minmaxnorm
147,Q0,SJMN91-06134096,675,1.401445824082535,minmaxnorm
147,Q0,AP900119-0217,676,1.3964317983597845,minmaxnorm
147,Q0,AP900927-0200,677,1.3907535042144268,minmaxnorm
147,Q0,SJMN91-06032260,678,1.38674735812713,minmaxnorm
147,Q0,AP900712-0189,679,1.3854297259069248,minmaxnorm
147,Q0,AP900810-0093,680,1.383579527737199,minmaxnorm
147,Q0,AP901123-0156,681,1.381603202661867,minmaxnorm
147,Q0,AP900131-0016,682,1.3753661628560736,minmaxnorm
147,Q0,AP900105-0252,683,1.3701396376209347,minmaxnorm
147,Q0,ZF32-111-231,684,1.3631063994502737,minmaxnorm
147,Q0,ZF32-111-202,685,1.361024204949967,minmaxnorm
147,Q0,AP900717-0201,686,1.3597550060923829,minmaxnorm
147,Q0,AP900207-0036,687,1.3581849482880273,minmaxnorm
147,Q0,AP901030-0207,688,1.35803492525291,minmaxnorm
147,Q0,SJMN91-06091069,689,1.3545989260261169,minmaxnorm
147,Q0,AP900927-0201,690,1.352861572076114,minmaxnorm
147,Q0,AP900531-0212,691,1.3507349676628877,minmaxnorm
147,Q0,SJMN91-06280245,692,1.3500213386560866,minmaxnorm
147,Q0,SJMN91-06159205,693,1.3479456814825943,minmaxnorm
147,Q0,SJMN91-06188161,694,1.3408380280979242,minmaxnorm
147,Q0,AP901228-0179,695,1.3346265448895434,minmaxnorm
147,Q0,AP900221-0267,696,1.3251658695214816,minmaxnorm
147,Q0,ZF32-198-165,697,1.3238293450466454,minmaxnorm
147,Q0,SJMN91-06081051,698,1.3233385547261067,minmaxnorm
147,Q0,SJMN91-06219125,699,1.32192339476878,minmaxnorm
147,Q0,SJMN91-06120067,700,1.3153198693819161,minmaxnorm
147,Q0,SJMN91-06120186,701,1.3137731061929097,minmaxnorm
147,Q0,AP900511-0266,702,1.3124670132786584,minmaxnorm
147,Q0,SJMN91-06253012,703,1.2995247910243133,minmaxnorm
147,Q0,AP900622-0073,704,1.297623157805181,minmaxnorm
147,Q0,SJMN91-06113179,705,1.2968264222903245,minmaxnorm
147,Q0,AP900306-0274,706,1.2937077554946448,minmaxnorm
147,Q0,SJMN91-06220104,707,1.2872527061029941,minmaxnorm
147,Q0,AP901217-0224,708,1.2868974663715695,minmaxnorm
147,Q0,SJMN91-06090124,709,1.2861057252278862,minmaxnorm
147,Q0,AP900720-0026,710,1.2840560256103863,minmaxnorm
147,Q0,ZF32-066-186,711,1.2776416829607022,minmaxnorm
147,Q0,AP900126-0100,712,1.2759713612026027,minmaxnorm
147,Q0,AP901030-0184,713,1.2756285192227683,minmaxnorm
147,Q0,AP900716-0096,714,1.2718798304097902,minmaxnorm
147,Q0,AP900727-0196,715,1.26226315216745,minmaxnorm
147,Q0,AP900428-0156,716,1.2606813164473822,minmaxnorm
147,Q0,AP900201-0270,717,1.2602737377536175,minmaxnorm
147,Q0,AP901109-0187,718,1.2598400150127347,minmaxnorm
147,Q0,AP900703-0096,719,1.2591180113751745,minmaxnorm
147,Q0,AP900615-0201,720,1.2522808069799074,minmaxnorm
147,Q0,AP900926-0110,721,1.2518345878584385,minmaxnorm
147,Q0,AP901116-0215,722,1.2507497967043275,minmaxnorm
147,Q0,SJMN91-06318031,723,1.2498955440951571,minmaxnorm
147,Q0,AP900531-0232,724,1.2496422862251981,minmaxnorm
147,Q0,AP900208-0296,725,1.248585680722246,minmaxnorm
147,Q0,AP900604-0257,726,1.2479007705218705,minmaxnorm
147,Q0,AP900524-0242,727,1.2455587257165428,minmaxnorm
147,Q0,ZF32-341-644,728,1.243957276383468,minmaxnorm
147,Q0,AP900801-0244,729,1.2403822789385806,minmaxnorm
147,Q0,AP900308-0018,730,1.2336605852936886,minmaxnorm
147,Q0,AP900613-0242,731,1.226900135211239,minmaxnorm
147,Q0,AP900903-0089,732,1.2255320565743146,minmaxnorm
147,Q0,ZF32-299-133,733,1.2191680965641234,minmaxnorm
147,Q0,AP901109-0174,734,1.218827473108783,minmaxnorm
147,Q0,AP900702-0092,735,1.2137789813588094,minmaxnorm
147,Q0,SJMN91-06111189,736,1.2130263432664026,minmaxnorm
147,Q0,SJMN91-06187221,737,1.20451235344283,minmaxnorm
147,Q0,ZF32-330-752,738,1.2030278643577175,minmaxnorm
147,Q0,AP900731-0035,739,1.1986324391148777,minmaxnorm
147,Q0,SJMN91-06132006,740,1.1973910224342932,minmaxnorm
147,Q0,AP900601-0269,741,1.1962895381709697,minmaxnorm
147,Q0,AP901108-0214,742,1.1918534624344599,minmaxnorm
147,Q0,SJMN91-06114065,743,1.1912148821936057,minmaxnorm
147,Q0,AP900328-0110,744,1.191097467391385,minmaxnorm
147,Q0,SJMN91-06018038,745,1.1902505217617436,minmaxnorm
147,Q0,AP900729-0087,746,1.1869208054863134,minmaxnorm
147,Q0,AP901218-0220,747,1.1757456519421976,minmaxnorm
147,Q0,AP900918-0094,748,1.1677324469484325,minmaxnorm
147,Q0,AP900427-0222,749,1.166164855465881,minmaxnorm
147,Q0,SJMN91-06168128,750,1.1660798923762778,minmaxnorm
147,Q0,AP900228-0252,751,1.165185992762195,minmaxnorm
147,Q0,SJMN91-06046206,752,1.1641940725464657,minmaxnorm
147,Q0,SJMN91-06279049,753,1.1594772111800378,minmaxnorm
147,Q0,SJMN91-06320002,754,1.1582255209842303,minmaxnorm
147,Q0,AP900116-0218,755,1.1576244248203906,minmaxnorm
147,Q0,SJMN91-06119073,756,1.1575355592090686,minmaxnorm
147,Q0,ZF32-351-244,757,1.1550987956280903,minmaxnorm
147,Q0,AP900505-0149,758,1.1465049906353597,minmaxnorm
147,Q0,SJMN91-06166085,759,1.144928903509863,minmaxnorm
147,Q0,AP901214-0223,760,1.1441161339020076,minmaxnorm
147,Q0,AP901105-0233,761,1.1408299444247085,minmaxnorm
147,Q0,SJMN91-06105097,762,1.1393898997577483,minmaxnorm
147,Q0,AP901102-0263,763,1.1368137179734354,minmaxnorm
147,Q0,ZF32-338-294,764,1.1362424145071475,minmaxnorm
147,Q0,AP900428-0157,765,1.1262844950742612,minmaxnorm
147,Q0,ZF32-340-769,766,1.1243591975290357,minmaxnorm
147,Q0,AP900601-0253,767,1.1235846764857031,minmaxnorm
147,Q0,AP900730-0211,768,1.1214240497425751,minmaxnorm
147,Q0,AP900731-0207,769,1.1212941514539487,minmaxnorm
147,Q0,AP901204-0240,770,1.118047440265532,minmaxnorm
147,Q0,AP900517-0122,771,1.1171392863462761,minmaxnorm
147,Q0,AP900905-0187,772,1.1170578573264363,minmaxnorm
147,Q0,AP900105-0230,773,1.1128473447933966,minmaxnorm
147,Q0,AP900814-0089,774,1.1110554407064084,minmaxnorm
147,Q0,AP900423-0272,775,1.1102819327112359,minmaxnorm
147,Q0,AP900727-0216,776,1.108690259140263,minmaxnorm
147,Q0,AP900727-0191,777,1.0999099134910748,minmaxnorm
147,Q0,SJMN91-06308017,778,1.0968169418144071,minmaxnorm
147,Q0,AP900901-0146,779,1.095636119804397,minmaxnorm
147,Q0,AP901031-0210,780,1.0946909866804582,minmaxnorm
147,Q0,AP901207-0247,781,1.0943193338834143,minmaxnorm
147,Q0,SJMN91-06075124,782,1.0942460745917753,minmaxnorm
147,Q0,AP901023-0255,783,1.0932894029296172,minmaxnorm
147,Q0,SJMN91-06178057,784,1.092741386010641,minmaxnorm
147,Q0,AP901219-0223,785,1.0918650283819071,minmaxnorm
147,Q0,AP900908-0168,786,1.0916637430456138,minmaxnorm
147,Q0,SJMN91-06279041,787,1.0879238425302478,minmaxnorm
147,Q0,SJMN91-06067129,788,1.083940235809944,minmaxnorm
147,Q0,SJMN91-06348042,789,1.0751999978299571,minmaxnorm
147,Q0,SJMN91-06067023,790,1.0713218644854188,minmaxnorm
147,Q0,AP900601-0268,791,1.0682983254608847,minmaxnorm
147,Q0,AP900406-0211,792,1.0657076863572272,minmaxnorm
147,Q0,SJMN91-06046076,793,1.0610839233778768,minmaxnorm
147,Q0,AP901024-0097,794,1.0599393090905327,minmaxnorm
147,Q0,AP900918-0028,795,1.0548935567826272,minmaxnorm
147,Q0,AP900727-0213,796,1.0537822944207693,minmaxnorm
147,Q0,SJMN91-06150109,797,1.053196570906146,minmaxnorm
147,Q0,SJMN91-06225060,798,1.0522506930733444,minmaxnorm
147,Q0,SJMN91-06345193,799,1.051460524471938,minmaxnorm
147,Q0,SJMN91-06093119,800,1.051037756299977,minmaxnorm
147,Q0,AP900102-0121,801,1.0490989842447647,minmaxnorm
147,Q0,AP900727-0207,802,1.0469185431308237,minmaxnorm
147,Q0,AP900216-0077,803,1.0464407818284887,minmaxnorm
147,Q0,AP901102-0209,804,1.04540959711573,minmaxnorm
147,Q0,SJMN91-06149195,805,1.0446741790119898,minmaxnorm
147,Q0,AP900503-0297,806,1.0391751735949317,minmaxnorm
147,Q0,AP900518-0278,807,1.039161392356991,minmaxnorm
147,Q0,AP900129-0231,808,1.0383448425122923,minmaxnorm
147,Q0,AP900621-0241,809,1.037946134248451,minmaxnorm
147,Q0,AP900329-0230,810,1.0370276917907428,minmaxnorm
147,Q0,SJMN91-06108138,811,1.0366226946630541,minmaxnorm
147,Q0,AP900424-0090,812,1.0350046073982904,minmaxnorm
147,Q0,AP900609-0141,813,1.033981327855082,minmaxnorm
147,Q0,SJMN91-06303053,814,1.0309179158026711,minmaxnorm
147,Q0,AP901129-0210,815,1.0297398087127225,minmaxnorm
147,Q0,AP900926-0225,816,1.0283577651217992,minmaxnorm
147,Q0,AP900202-0245,817,1.0277157820011136,minmaxnorm
147,Q0,AP900531-0098,818,1.0130833280487033,minmaxnorm
147,Q0,AP900206-0088,819,1.0115209140364507,minmaxnorm
147,Q0,AP900316-0237,820,1.0095875307750124,minmaxnorm
147,Q0,SJMN91-06286012,821,1.0086411433727105,minmaxnorm
147,Q0,AP900321-0213,822,1.005877773733406,minmaxnorm
147,Q0,AP901107-0302,823,1.0044112895749895,minmaxnorm
147,Q0,AP900129-0210,824,1.0011257706814323,minmaxnorm
147,Q0,AP900221-0283,825,0.9982046918222,minmaxnorm
147,Q0,AP900927-0010,826,0.994908165542119,minmaxnorm
147,Q0,SJMN91-06012177,827,0.9948551667558105,minmaxnorm
147,Q0,AP900727-0106,828,0.9947044450238599,minmaxnorm
147,Q0,AP900516-0022,829,0.991368657010775,minmaxnorm
147,Q0,SJMN91-06110201,830,0.9874111157037555,minmaxnorm
147,Q0,AP901226-0078,831,0.9809975690622006,minmaxnorm
147,Q0,AP901010-0087,832,0.9809563662222105,minmaxnorm
147,Q0,AP900912-0141,833,0.9784038747890743,minmaxnorm
147,Q0,SJMN91-06122039,834,0.977098813633172,minmaxnorm
147,Q0,SJMN91-06354128,835,0.9742732017987445,minmaxnorm
147,Q0,AP900621-0257,836,0.9722902216662361,minmaxnorm
147,Q0,SJMN91-06304166,837,0.971823094989896,minmaxnorm
147,Q0,AP900926-0277,838,0.9710925584172612,minmaxnorm
147,Q0,AP901108-0151,839,0.9708632574602798,minmaxnorm
147,Q0,AP901212-0195,840,0.969301962678679,minmaxnorm
147,Q0,SJMN91-06320024,841,0.9670466389307979,minmaxnorm
147,Q0,AP901211-0200,842,0.9667578973365075,minmaxnorm
147,Q0,AP900621-0254,843,0.9659277883092492,minmaxnorm
147,Q0,AP900814-0122,844,0.9572492885420592,minmaxnorm
147,Q0,AP900712-0155,845,0.955337031979714,minmaxnorm
147,Q0,AP901015-0267,846,0.9504320703788995,minmaxnorm
147,Q0,AP900205-0224,847,0.9408488878468628,minmaxnorm
147,Q0,AP901115-0253,848,0.9401999992081664,minmaxnorm
147,Q0,AP900503-0237,849,0.9389247702343211,minmaxnorm
147,Q0,SJMN91-06259251,850,0.9376729595919918,minmaxnorm
147,Q0,AP901221-0197,851,0.9373566809661834,minmaxnorm
147,Q0,ZF32-311-641,852,0.9362883356532187,minmaxnorm
147,Q0,AP901207-0239,853,0.9345660431179735,minmaxnorm
147,Q0,AP900430-0088,854,0.933309190792178,minmaxnorm
147,Q0,SJMN91-06135052,855,0.9329373189080497,minmaxnorm
147,Q0,AP901024-0109,856,0.93137029053885,minmaxnorm
147,Q0,AP900621-0245,857,0.9298757326009937,minmaxnorm
147,Q0,ZF32-305-830,858,0.9266760103468746,minmaxnorm
147,Q0,AP900917-0085,859,0.9190833504689206,minmaxnorm
147,Q0,AP900227-0225,860,0.917263352318187,minmaxnorm
147,Q0,AP901101-0254,861,0.9167827182204396,minmaxnorm
147,Q0,SJMN91-06157040,862,0.9165667036774007,minmaxnorm
147,Q0,AP900329-0018,863,0.914522684673416,minmaxnorm
147,Q0,AP900108-0148,864,0.913321597618334,minmaxnorm
147,Q0,AP901113-0133,865,0.9115287934803104,minmaxnorm
147,Q0,AP900621-0247,866,0.91137497887281,minmaxnorm
147,Q0,SJMN91-06267166,867,0.9106642282818479,minmaxnorm
147,Q0,SJMN91-06325004,868,0.9095628869099116,minmaxnorm
147,Q0,AP900430-0254,869,0.9072570746523589,minmaxnorm
147,Q0,SJMN91-06346145,870,0.9039636246669883,minmaxnorm
147,Q0,AP900514-0271,871,0.901172406972979,minmaxnorm
147,Q0,AP900521-0236,872,0.9009371526775407,minmaxnorm
147,Q0,AP901031-0236,873,0.9001303750601373,minmaxnorm
147,Q0,AP900328-0105,874,0.8993260569160832,minmaxnorm
147,Q0,AP901009-0123,875,0.8992008625022934,minmaxnorm
147,Q0,AP900418-0210,876,0.8987915709906964,minmaxnorm
147,Q0,AP900131-0261,877,0.8981640111230388,minmaxnorm
147,Q0,SJMN91-06233018,878,0.8979082946235657,minmaxnorm
147,Q0,SJMN91-06322097,879,0.8941491657909676,minmaxnorm
147,Q0,AP900731-0093,880,0.8940073756242816,minmaxnorm
147,Q0,AP900707-0163,881,0.8936155677559716,minmaxnorm
147,Q0,AP900131-0161,882,0.8936061539005862,minmaxnorm
147,Q0,AP900511-0207,883,0.8896092880617799,minmaxnorm
147,Q0,AP900607-0078,884,0.8882907181854386,minmaxnorm
147,Q0,AP901101-0244,885,0.8820097626146014,minmaxnorm
147,Q0,SJMN91-06278168,886,0.8819901740832656,minmaxnorm
147,Q0,AP900621-0266,887,0.8782465928696933,minmaxnorm
147,Q0,SJMN91-06150060,888,0.8766666333774877,minmaxnorm
147,Q0,SJMN91-06358134,889,0.8755680289699873,minmaxnorm
147,Q0,AP900125-0270,890,0.8747720400422565,minmaxnorm
147,Q0,ZF32-286-545,891,0.8716611572958408,minmaxnorm
147,Q0,SJMN91-06043128,892,0.8708950661582981,minmaxnorm
147,Q0,SJMN91-06273095,893,0.8678167482363512,minmaxnorm
147,Q0,SJMN91-06186018,894,0.8663449956085448,minmaxnorm
147,Q0,SJMN91-06120201,895,0.8644104570790349,minmaxnorm
147,Q0,ZF32-136-026,896,0.8627907581616847,minmaxnorm
147,Q0,AP900302-0121,897,0.860293682943182,minmaxnorm
147,Q0,AP900517-0252,898,0.8601615624093568,minmaxnorm
147,Q0,AP900521-0235,899,0.8596943595468932,minmaxnorm
147,Q0,AP900313-0220,900,0.85711715588202,minmaxnorm
147,Q0,ZF32-108-072,901,0.8567901972311666,minmaxnorm
147,Q0,AP901031-0231,902,0.8534464051731707,minmaxnorm
147,Q0,AP901207-0017,903,0.8502887125207523,minmaxnorm
147,Q0,ZF32-330-335,904,0.8494477257678248,minmaxnorm
147,Q0,AP901030-0209,905,0.8486554240931099,minmaxnorm
147,Q0,SJMN91-06318060,906,0.8477206996798641,minmaxnorm
147,Q0,ZF32-317-404,907,0.8469049872910916,minmaxnorm
147,Q0,AP900724-0228,908,0.8460972918374173,minmaxnorm
147,Q0,SJMN91-06307130,909,0.8460874986073327,minmaxnorm
147,Q0,SJMN91-06310127,910,0.844837474569313,minmaxnorm
147,Q0,AP900510-0167,911,0.8428205162663375,minmaxnorm
147,Q0,ZF32-085-111,912,0.8425608521181683,minmaxnorm
147,Q0,SJMN91-06194036,913,0.8416096839815883,minmaxnorm
147,Q0,ZF32-136-009,914,0.83767680976663,minmaxnorm
147,Q0,SJMN91-06335068,915,0.8360198428399374,minmaxnorm
147,Q0,ZF32-290-1070,916,0.832463855592422,minmaxnorm
147,Q0,AP900202-0258,917,0.8295556634936053,minmaxnorm
147,Q0,SJMN91-06252008,918,0.8286033310475218,minmaxnorm
147,Q0,SJMN91-06091125,919,0.8258529469915286,minmaxnorm
147,Q0,SJMN91-06358138,920,0.8250249101996842,minmaxnorm
147,Q0,AP901206-0024,921,0.8241994180718406,minmaxnorm
147,Q0,AP900730-0219,922,0.8236829482239818,minmaxnorm
147,Q0,AP901003-0189,923,0.8191535486635796,minmaxnorm
147,Q0,AP901224-0182,924,0.8182551626473169,minmaxnorm
147,Q0,SJMN91-06150164,925,0.8179939782569146,minmaxnorm
147,Q0,SJMN91-06002026,926,0.8158823737502068,minmaxnorm
147,Q0,SJMN91-06044018,927,0.8156700597200959,minmaxnorm
147,Q0,ZF32-279-026,928,0.8091846731846307,minmaxnorm
147,Q0,ZF32-325-759,929,0.8090894103544672,minmaxnorm
147,Q0,SJMN91-06309180,930,0.8075561785469477,minmaxnorm
147,Q0,SJMN91-06067005,931,0.8071991457284042,minmaxnorm
147,Q0,AP900228-0276,932,0.8071305665932151,minmaxnorm
147,Q0,AP900302-0218,933,0.8061440490960012,minmaxnorm
147,Q0,SJMN91-06107028,934,0.8048751772570549,minmaxnorm
147,Q0,SJMN91-06186144,935,0.8043900764118348,minmaxnorm
147,Q0,AP900426-0250,936,0.8025106090768128,minmaxnorm
147,Q0,SJMN91-06263013,937,0.8023896609030303,minmaxnorm
147,Q0,ZF32-164-122,938,0.7983038183670002,minmaxnorm
147,Q0,AP900226-0026,939,0.7975439057646087,minmaxnorm
147,Q0,SJMN91-06071014,940,0.7973284859142403,minmaxnorm
147,Q0,SJMN91-06331064,941,0.7972490387846779,minmaxnorm
147,Q0,SJMN91-06079032,942,0.7945734533269294,minmaxnorm
147,Q0,AP900213-0055,943,0.7932490673649847,minmaxnorm
147,Q0,AP900207-0092,944,0.7916712660363725,minmaxnorm
147,Q0,AP900730-0185,945,0.7914318230145525,minmaxnorm
147,Q0,SJMN91-06193025,946,0.789869140651972,minmaxnorm
147,Q0,AP900911-0129,947,0.7891447500737876,minmaxnorm
147,Q0,AP900914-0114,948,0.7885178721105772,minmaxnorm
147,Q0,AP900727-0209,949,0.787793304948197,minmaxnorm
147,Q0,AP900928-0184,950,0.7865011943282182,minmaxnorm
147,Q0,ZF32-041-098,951,0.7859969404242629,minmaxnorm
147,Q0,AP900514-0031,952,0.785336842629736,minmaxnorm
147,Q0,SJMN91-06034020,953,0.7847680142073908,minmaxnorm
147,Q0,AP900622-0265,954,0.7843722419392232,minmaxnorm
147,Q0,ZF32-049-158,955,0.7838620299137646,minmaxnorm
147,Q0,SJMN91-06139127,956,0.7834135870011502,minmaxnorm
147,Q0,AP900116-0090,957,0.7800310034508905,minmaxnorm
147,Q0,AP900227-0175,958,0.7797608217609625,minmaxnorm
147,Q0,SJMN91-06138143,959,0.7784468508784885,minmaxnorm
147,Q0,AP900713-0080,960,0.7783998302551696,minmaxnorm
147,Q0,AP900309-0265,961,0.7772872829945977,minmaxnorm
147,Q0,ZF32-300-276,962,0.7765896075313174,minmaxnorm
147,Q0,AP900125-0159,963,0.776298294000519,minmaxnorm
147,Q0,AP900513-0031,964,0.7760090761756908,minmaxnorm
147,Q0,SJMN91-06164176,965,0.7750840399791757,minmaxnorm
147,Q0,AP900730-0188,966,0.7717108155359964,minmaxnorm
147,Q0,SJMN91-06129007,967,0.7699405895450282,minmaxnorm
147,Q0,AP900515-0021,968,0.7662684481590165,minmaxnorm
147,Q0,AP900704-0167,969,0.7640530925369594,minmaxnorm
147,Q0,SJMN91-06345121,970,0.7621878273550913,minmaxnorm
147,Q0,AP901031-0229,971,0.7602795977220689,minmaxnorm
147,Q0,SJMN91-06131228,972,0.7600963141398422,minmaxnorm
147,Q0,AP901102-0247,973,0.7599419487078131,minmaxnorm
147,Q0,AP900720-0031,974,0.7586659117426241,minmaxnorm
147,Q0,SJMN91-06064118,975,0.7575548032956093,minmaxnorm
147,Q0,ZF32-003-019,976,0.7566010170723597,minmaxnorm
147,Q0,SJMN91-06138249,977,0.7555694084831566,minmaxnorm
147,Q0,AP901001-0146,978,0.7553502366242542,minmaxnorm
147,Q0,SJMN91-06359225,979,0.7517980223774718,minmaxnorm
147,Q0,AP900316-0206,980,0.7517599918011604,minmaxnorm
147,Q0,SJMN91-06097053,981,0.7505252248724348,minmaxnorm
147,Q0,SJMN91-06190023,982,0.7498533500680196,minmaxnorm
147,Q0,SJMN91-06114068,983,0.7492158821064003,minmaxnorm
147,Q0,SJMN91-06349104,984,0.748104427842364,minmaxnorm
147,Q0,AP900730-0207,985,0.7480138652669097,minmaxnorm
147,Q0,AP900216-0255,986,0.7459306008874378,minmaxnorm
147,Q0,AP900629-0256,987,0.7440941612064831,minmaxnorm
147,Q0,SJMN91-06355057,988,0.7436864526596001,minmaxnorm
147,Q0,AP900511-0234,989,0.7429570733005882,minmaxnorm
147,Q0,AP900102-0209,990,0.7400206883752197,minmaxnorm
147,Q0,AP900403-0216,991,0.7396680015340654,minmaxnorm
147,Q0,AP901031-0225,992,0.7384192750144892,minmaxnorm
147,Q0,AP900623-0172,993,0.7361859481491757,minmaxnorm
147,Q0,ZF32-322-643,994,0.7361675918480163,minmaxnorm
147,Q0,SJMN91-06331044,995,0.7328058255128631,minmaxnorm
147,Q0,SJMN91-06001009,996,0.7320068273264155,minmaxnorm
147,Q0,SJMN91-06319086,997,0.7316961419636411,minmaxnorm
147,Q0,SJMN91-06082007,998,0.7296554741395908,minmaxnorm
147,Q0,AP900719-0210,999,0.7290752098442982,minmaxnorm
147,Q0,AP901211-0210,1000,0.7289960068261014,minmaxnorm
148,Q0,AP900802-0006,1,14.449291674902833,minmaxnorm
148,Q0,AP900905-0179,2,14.364764280809885,minmaxnorm
148,Q0,AP900227-0005,3,14.228928401688316,minmaxnorm
148,Q0,SJMN91-06143124,4,13.950113034656685,minmaxnorm
148,Q0,AP900210-0061,5,13.895814903650338,minmaxnorm
148,Q0,AP900502-0011,6,13.84613309433787,minmaxnorm
148,Q0,AP900418-0151,7,13.327542563669834,minmaxnorm
148,Q0,AP900215-0061,8,13.218358140841868,minmaxnorm
148,Q0,AP900917-0155,9,13.195293245106534,minmaxnorm
148,Q0,AP900214-0072,10,13.131601454730799,minmaxnorm
148,Q0,AP900607-0102,11,13.10432853334009,minmaxnorm
148,Q0,SJMN91-06150112,12,13.082733915079773,minmaxnorm
148,Q0,AP900601-0065,13,13.073760738100965,minmaxnorm
148,Q0,SJMN91-06147068,14,13.07217406159662,minmaxnorm
148,Q0,AP900211-0018,15,13.029472079552527,minmaxnorm
148,Q0,AP900212-0119,16,12.884768372326253,minmaxnorm
148,Q0,AP900622-0048,17,12.767204774849267,minmaxnorm
148,Q0,SJMN91-06143214,18,12.693986251640702,minmaxnorm
148,Q0,AP900323-0009,19,12.650179466427545,minmaxnorm
148,Q0,AP900214-0149,20,12.590073463339449,minmaxnorm
148,Q0,AP900529-0073,21,12.384007251646043,minmaxnorm
148,Q0,SJMN91-06150219,22,12.35503085802748,minmaxnorm
148,Q0,SJMN91-06142124,23,12.3180830129002,minmaxnorm
148,Q0,AP900711-0151,24,12.061341023746776,minmaxnorm
148,Q0,AP900105-0161,25,12.056966188369758,minmaxnorm
148,Q0,SJMN91-06149054,26,12.029475510923755,minmaxnorm
148,Q0,SJMN91-06085100,27,12.014423223595655,minmaxnorm
148,Q0,AP900101-0069,28,11.927883149114432,minmaxnorm
148,Q0,SJMN91-06148058,29,11.730977824851239,minmaxnorm
148,Q0,AP900218-0001,30,11.711512938487967,minmaxnorm
148,Q0,SJMN91-06149021,31,11.64251485910653,minmaxnorm
148,Q0,AP900423-0154,32,11.613979765242583,minmaxnorm
148,Q0,AP900321-0147,33,11.497289241208687,minmaxnorm
148,Q0,AP900521-0136,34,11.461898733833237,minmaxnorm
148,Q0,AP901121-0170,35,11.461249875301316,minmaxnorm
148,Q0,AP900108-0164,36,11.376316964350643,minmaxnorm
148,Q0,AP900120-0112,37,11.331953403491488,minmaxnorm
148,Q0,AP900510-0073,38,11.25900199899982,minmaxnorm
148,Q0,AP900628-0082,39,11.25429415266673,minmaxnorm
148,Q0,AP900521-0009,40,11.176521119313996,minmaxnorm
148,Q0,AP900307-0084,41,11.124821282150283,minmaxnorm
148,Q0,AP900709-0156,42,11.07955254997982,minmaxnorm
148,Q0,AP900423-0081,43,10.984966044944683,minmaxnorm
148,Q0,SJMN91-06150105,44,10.984905079548641,minmaxnorm
148,Q0,SJMN91-06129265,45,10.91400333379243,minmaxnorm
148,Q0,SJMN91-06144158,46,10.876469257262384,minmaxnorm
148,Q0,AP900316-0048,47,10.826519616155448,minmaxnorm
148,Q0,SJMN91-06149085,48,10.76579566786582,minmaxnorm
148,Q0,AP900515-0221,49,10.726842598608854,minmaxnorm
148,Q0,SJMN91-06159251,50,10.68771753819972,minmaxnorm
148,Q0,SJMN91-06146023,51,10.650346824448532,minmaxnorm
148,Q0,AP900725-0167,52,10.608503877643429,minmaxnorm
148,Q0,SJMN91-06149170,53,10.607526376308982,minmaxnorm
148,Q0,SJMN91-06154201,54,10.445476709606291,minmaxnorm
148,Q0,SJMN91-06146064,55,10.30201656114346,minmaxnorm
148,Q0,SJMN91-06153130,56,10.27339568849475,minmaxnorm
148,Q0,SJMN91-06150280,57,10.204798471378743,minmaxnorm
148,Q0,AP900125-0147,58,10.131818328558213,minmaxnorm
148,Q0,AP900521-0011,59,10.110532892893302,minmaxnorm
148,Q0,SJMN91-06290220,60,10.100266868501532,minmaxnorm
148,Q0,AP900515-0223,61,10.096126987737884,minmaxnorm
148,Q0,AP900330-0010,62,10.053135371214672,minmaxnorm
148,Q0,SJMN91-06151226,63,10.052414013086546,minmaxnorm
148,Q0,SJMN91-06144068,64,10.012164047957537,minmaxnorm
148,Q0,AP900125-0216,65,9.968057368234476,minmaxnorm
148,Q0,AP900102-0032,66,9.954762752905392,minmaxnorm
148,Q0,AP900306-0043,67,9.921267583470742,minmaxnorm
148,Q0,SJMN91-06145183,68,9.86911883201239,minmaxnorm
148,Q0,AP900104-0183,69,9.867085125481484,minmaxnorm
148,Q0,AP900508-0111,70,9.839163607489477,minmaxnorm
148,Q0,AP900309-0168,71,9.810382929655988,minmaxnorm
148,Q0,AP900301-0046,72,9.809726876060019,minmaxnorm
148,Q0,AP900102-0122,73,9.795917922506701,minmaxnorm
148,Q0,SJMN91-06323226,74,9.715001773957802,minmaxnorm
148,Q0,AP900323-0076,75,9.64659385711901,minmaxnorm
148,Q0,AP900416-0070,76,9.641249931808996,minmaxnorm
148,Q0,SJMN91-06151177,77,9.511192998674721,minmaxnorm
148,Q0,AP900323-0096,78,9.497960967425433,minmaxnorm
148,Q0,AP900214-0020,79,9.487878889339994,minmaxnorm
148,Q0,AP900521-0010,80,9.454949328198207,minmaxnorm
148,Q0,AP900301-0083,81,9.442943549635741,minmaxnorm
148,Q0,AP900515-0222,82,9.433739434828984,minmaxnorm
148,Q0,SJMN91-06085082,83,9.426428275782431,minmaxnorm
148,Q0,AP900430-0059,84,9.381176525346293,minmaxnorm
148,Q0,SJMN91-06144091,85,9.359866236730232,minmaxnorm
148,Q0,AP900220-0026,86,9.29845903276511,minmaxnorm
148,Q0,SJMN91-06141064,87,9.281240924534519,minmaxnorm
148,Q0,AP901217-0089,88,8.970089743472942,minmaxnorm
148,Q0,AP900117-0190,89,8.89680786490145,minmaxnorm
148,Q0,SJMN91-06150211,90,8.823994240875733,minmaxnorm
148,Q0,SJMN91-06362193,91,8.792922207368655,minmaxnorm
148,Q0,AP900716-0139,92,8.78394073161132,minmaxnorm
148,Q0,SJMN91-06151174,93,8.77880362620763,minmaxnorm
148,Q0,SJMN91-06002184,94,8.7274535478131,minmaxnorm
148,Q0,AP900214-0009,95,8.581517373142468,minmaxnorm
148,Q0,AP900126-0050,96,8.548953916081906,minmaxnorm
148,Q0,AP900602-0148,97,8.508652730244904,minmaxnorm
148,Q0,AP901213-0052,98,8.49284110371837,minmaxnorm
148,Q0,AP900721-0114,99,8.464823855243706,minmaxnorm
148,Q0,SJMN91-06141034,100,8.383738774188892,minmaxnorm
148,Q0,AP900725-0091,101,8.373050234309591,minmaxnorm
148,Q0,SJMN91-06022232,102,8.34795991643021,minmaxnorm
148,Q0,AP900402-0145,103,8.327539137066694,minmaxnorm
148,Q0,AP900430-0066,104,8.283505402297699,minmaxnorm
148,Q0,SJMN91-06145137,105,8.281662669205277,minmaxnorm
148,Q0,SJMN91-06152223,106,8.278347562200965,minmaxnorm
148,Q0,AP901211-0158,107,8.147688096537856,minmaxnorm
148,Q0,AP900407-0089,108,8.121717220336524,minmaxnorm
148,Q0,AP900613-0048,109,8.052369983091411,minmaxnorm
148,Q0,AP900406-0180,110,8.028501159782635,minmaxnorm
148,Q0,AP901229-0027,111,8.006095567432336,minmaxnorm
148,Q0,AP900118-0034,112,7.949070995823881,minmaxnorm
148,Q0,SJMN91-06030112,113,7.877952775089422,minmaxnorm
148,Q0,AP901211-0010,114,7.763998386754495,minmaxnorm
148,Q0,SJMN91-06028120,115,7.724268552751848,minmaxnorm
148,Q0,SJMN91-06002203,116,7.6564573755185314,minmaxnorm
148,Q0,SJMN91-06002223,117,7.635973345551788,minmaxnorm
148,Q0,AP900122-0064,118,7.635343263652825,minmaxnorm
148,Q0,SJMN91-06117080,119,7.630456716809598,minmaxnorm
148,Q0,AP900619-0078,120,7.509274706336026,minmaxnorm
148,Q0,AP900321-0126,121,7.44562157017074,minmaxnorm
148,Q0,SJMN91-06002157,122,7.423720279015422,minmaxnorm
148,Q0,AP901017-0106,123,7.410524449555707,minmaxnorm
148,Q0,AP900122-0148,124,7.380136242510916,minmaxnorm
148,Q0,SJMN91-06156041,125,7.282374016773884,minmaxnorm
148,Q0,AP900518-0162,126,7.151746420760221,minmaxnorm
148,Q0,SJMN91-06012015,127,7.13335136053309,minmaxnorm
148,Q0,SJMN91-06150063,128,7.1145135964695925,minmaxnorm
148,Q0,AP900108-0032,129,7.103510193609501,minmaxnorm
148,Q0,SJMN91-06013045,130,7.098228056751637,minmaxnorm
148,Q0,AP900905-0180,131,7.0774051871798225,minmaxnorm
148,Q0,AP900713-0070,132,7.074809984864861,minmaxnorm
148,Q0,AP901231-0062,133,7.056413561291082,minmaxnorm
148,Q0,AP901208-0068,134,7.023467541428156,minmaxnorm
148,Q0,SJMN91-06030123,135,6.937490537475454,minmaxnorm
148,Q0,SJMN91-06143184,136,6.903414799227569,minmaxnorm
148,Q0,SJMN91-06162135,137,6.862297082483689,minmaxnorm
148,Q0,AP901025-0210,138,6.857897182250904,minmaxnorm
148,Q0,SJMN91-06112042,139,6.73016419686027,minmaxnorm
148,Q0,SJMN91-06029055,140,6.6835891412887065,minmaxnorm
148,Q0,SJMN91-06005052,141,6.653654439438831,minmaxnorm
148,Q0,SJMN91-06028177,142,6.62675018663463,minmaxnorm
148,Q0,SJMN91-06118136,143,6.595702709861816,minmaxnorm
148,Q0,SJMN91-06007006,144,6.593032571403089,minmaxnorm
148,Q0,SJMN91-06145221,145,6.579428651536351,minmaxnorm
148,Q0,SJMN91-06007009,146,6.527059223238324,minmaxnorm
148,Q0,AP900714-0127,147,6.52111688423208,minmaxnorm
148,Q0,AP900713-0026,148,6.5057880519130755,minmaxnorm
148,Q0,SJMN91-06134118,149,6.405353987981614,minmaxnorm
148,Q0,SJMN91-06029089,150,6.394374514083974,minmaxnorm
148,Q0,AP901124-0115,151,6.391394875276816,minmaxnorm
148,Q0,AP900910-0211,152,6.380143860997886,minmaxnorm
148,Q0,AP900602-0097,153,6.339927029662951,minmaxnorm
148,Q0,SJMN91-06344146,154,6.332811335463161,minmaxnorm
148,Q0,SJMN91-06004211,155,6.322808577638566,minmaxnorm
148,Q0,AP900916-0081,156,6.244078602690907,minmaxnorm
148,Q0,SJMN91-06006097,157,6.2360587505889855,minmaxnorm
148,Q0,AP900727-0034,158,6.222829730768881,minmaxnorm
148,Q0,SJMN91-06135053,159,6.220971168857783,minmaxnorm
148,Q0,AP900710-0155,160,6.13285080389774,minmaxnorm
148,Q0,SJMN91-06324154,161,6.098104092107516,minmaxnorm
148,Q0,SJMN91-06064095,162,6.081888855879168,minmaxnorm
148,Q0,SJMN91-06031126,163,6.072331996223596,minmaxnorm
148,Q0,AP900201-0163,164,5.9884886070894305,minmaxnorm
148,Q0,SJMN91-06187161,165,5.979335164267584,minmaxnorm
148,Q0,AP900501-0123,166,5.932598849213002,minmaxnorm
148,Q0,AP900221-0108,167,5.892824966484316,minmaxnorm
148,Q0,AP900726-0199,168,5.8871135658725615,minmaxnorm
148,Q0,SJMN91-06185118,169,5.8609341765057525,minmaxnorm
148,Q0,AP900710-0054,170,5.823186886002087,minmaxnorm
148,Q0,AP900531-0148,171,5.814926399111831,minmaxnorm
148,Q0,SJMN91-06042022,172,5.782609879280635,minmaxnorm
148,Q0,AP900904-0073,173,5.752026225756483,minmaxnorm
148,Q0,AP900606-0195,174,5.733370460404824,minmaxnorm
148,Q0,AP900724-0132,175,5.681448974043208,minmaxnorm
148,Q0,SJMN91-06107066,176,5.650641200343376,minmaxnorm
148,Q0,SJMN91-06008076,177,5.591217871883672,minmaxnorm
148,Q0,SJMN91-06117266,178,5.59008895005609,minmaxnorm
148,Q0,AP901218-0033,179,5.57257525412975,minmaxnorm
148,Q0,AP901025-0107,180,5.505483644164854,minmaxnorm
148,Q0,AP900903-0044,181,5.495729010883923,minmaxnorm
148,Q0,AP900109-0079,182,5.444463670710139,minmaxnorm
148,Q0,SJMN91-06001051,183,5.3967418108837055,minmaxnorm
148,Q0,SJMN91-06150021,184,5.335202104638031,minmaxnorm
148,Q0,AP900619-0054,185,5.219691187784496,minmaxnorm
148,Q0,AP900125-0016,186,5.160998283900405,minmaxnorm
148,Q0,SJMN91-06363098,187,5.097853253972919,minmaxnorm
148,Q0,SJMN91-06004057,188,5.094208761516675,minmaxnorm
148,Q0,AP900122-0202,189,5.090880777432135,minmaxnorm
148,Q0,AP900122-0146,190,5.088191726488165,minmaxnorm
148,Q0,AP900307-0094,191,5.078618427932412,minmaxnorm
148,Q0,AP900409-0084,192,4.940452008202501,minmaxnorm
148,Q0,AP900602-0145,193,4.7929799215414794,minmaxnorm
148,Q0,SJMN91-06003005,194,4.6068415203212245,minmaxnorm
148,Q0,SJMN91-06154084,195,4.572841204684435,minmaxnorm
148,Q0,AP900810-0012,196,4.516612276638955,minmaxnorm
148,Q0,SJMN91-06162183,197,4.508557163980974,minmaxnorm
148,Q0,AP900928-0087,198,4.505169460366461,minmaxnorm
148,Q0,SJMN91-06058154,199,4.453348166729306,minmaxnorm
148,Q0,SJMN91-06021015,200,4.379157001922047,minmaxnorm
148,Q0,AP900116-0191,201,4.36835651938105,minmaxnorm
148,Q0,AP901025-0169,202,4.327488856413375,minmaxnorm
148,Q0,SJMN91-06120153,203,4.285307063414399,minmaxnorm
148,Q0,AP901221-0197,204,4.254205271854518,minmaxnorm
148,Q0,SJMN91-06030253,205,4.250773274285522,minmaxnorm
148,Q0,SJMN91-06248248,206,4.2373616792425,minmaxnorm
148,Q0,AP900127-0094,207,4.165553881631237,minmaxnorm
148,Q0,SJMN91-06157138,208,4.152505859043056,minmaxnorm
148,Q0,SJMN91-06295098,209,4.099224369729615,minmaxnorm
148,Q0,AP900123-0064,210,4.088323934001563,minmaxnorm
148,Q0,AP901011-0105,211,4.041598537748538,minmaxnorm
148,Q0,AP900120-0118,212,4.031557377621786,minmaxnorm
148,Q0,SJMN91-06076106,213,4.030944900688595,minmaxnorm
148,Q0,AP900116-0162,214,3.9619454523190916,minmaxnorm
148,Q0,AP900928-0031,215,3.950848660252391,minmaxnorm
148,Q0,AP901001-0024,216,3.929014788795414,minmaxnorm
148,Q0,SJMN91-06064099,217,3.9253576348971686,minmaxnorm
148,Q0,AP900131-0013,218,3.919479012218272,minmaxnorm
148,Q0,SJMN91-06351058,219,3.799636296291565,minmaxnorm
148,Q0,AP900711-0041,220,3.769643795246751,minmaxnorm
148,Q0,AP900101-0075,221,3.7355019770724818,minmaxnorm
148,Q0,AP901022-0066,222,3.700984672260877,minmaxnorm
148,Q0,AP901214-0073,223,3.6783607142718124,minmaxnorm
148,Q0,SJMN91-06149060,224,3.639899268554941,minmaxnorm
148,Q0,AP900710-0074,225,3.5477585308684434,minmaxnorm
148,Q0,AP900816-0122,226,3.5388771301260706,minmaxnorm
148,Q0,SJMN91-06136026,227,3.509867608559748,minmaxnorm
148,Q0,SJMN91-06029140,228,3.5012899113794482,minmaxnorm
148,Q0,AP900228-0177,229,3.4835656721569586,minmaxnorm
148,Q0,AP901110-0080,230,3.460125386612163,minmaxnorm
148,Q0,AP900418-0121,231,3.427557281724339,minmaxnorm
148,Q0,AP900315-0011,232,3.3901607490631793,minmaxnorm
148,Q0,AP900616-0097,233,3.3843573411485735,minmaxnorm
148,Q0,AP900320-0098,234,3.3495466361559387,minmaxnorm
148,Q0,AP900424-0182,235,3.3425105594843956,minmaxnorm
148,Q0,SJMN91-06341088,236,3.3285976587889325,minmaxnorm
148,Q0,SJMN91-06148121,237,3.1695460042463335,minmaxnorm
148,Q0,SJMN91-06112239,238,3.1215772101280415,minmaxnorm
148,Q0,AP900831-0183,239,3.1135309571058523,minmaxnorm
148,Q0,AP901006-0104,240,3.0527357154595616,minmaxnorm
148,Q0,AP900424-0087,241,3.0518268539173246,minmaxnorm
148,Q0,AP900102-0140,242,3.034242836940663,minmaxnorm
148,Q0,SJMN91-06040156,243,3.0089712443102528,minmaxnorm
148,Q0,SJMN91-06135066,244,2.993156024995996,minmaxnorm
148,Q0,AP901122-0123,245,2.944104086423805,minmaxnorm
148,Q0,AP900801-0080,246,2.9364341815054136,minmaxnorm
148,Q0,AP901025-0162,247,2.9125024916064515,minmaxnorm
148,Q0,AP901127-0172,248,2.9122194556695997,minmaxnorm
148,Q0,AP901206-0119,249,2.907534097204417,minmaxnorm
148,Q0,AP901117-0071,250,2.903704177164184,minmaxnorm
148,Q0,SJMN91-06008199,251,2.8903261004336667,minmaxnorm
148,Q0,AP900124-0209,252,2.8870281352860108,minmaxnorm
148,Q0,AP900201-0074,253,2.881189393364485,minmaxnorm
148,Q0,AP900520-0011,254,2.870842890718287,minmaxnorm
148,Q0,AP901204-0006,255,2.86888426454244,minmaxnorm
148,Q0,AP900126-0005,256,2.857317559733124,minmaxnorm
148,Q0,AP900103-0116,257,2.8472837704953133,minmaxnorm
148,Q0,AP900208-0005,258,2.8461413783191545,minmaxnorm
148,Q0,AP901210-0178,259,2.8239234705175855,minmaxnorm
148,Q0,SJMN91-06156083,260,2.811420166157971,minmaxnorm
148,Q0,AP900520-0031,261,2.804034361163897,minmaxnorm
148,Q0,AP900526-0104,262,2.7839592229681602,minmaxnorm
148,Q0,SJMN91-06007038,263,2.768453284968565,minmaxnorm
148,Q0,AP900307-0207,264,2.7376725103952384,minmaxnorm
148,Q0,AP900430-0029,265,2.708020163317224,minmaxnorm
148,Q0,AP900824-0079,266,2.7013037644726996,minmaxnorm
148,Q0,SJMN91-06159233,267,2.6838059322723895,minmaxnorm
148,Q0,SJMN91-06159244,268,2.6828207350080104,minmaxnorm
148,Q0,AP900423-0098,269,2.658561603912172,minmaxnorm
148,Q0,SJMN91-06189050,270,2.6551194177022444,minmaxnorm
148,Q0,AP900319-0151,271,2.619318893227705,minmaxnorm
148,Q0,AP900106-0081,272,2.618214782734966,minmaxnorm
148,Q0,AP900629-0152,273,2.611011812049961,minmaxnorm
148,Q0,AP901127-0133,274,2.5468833547487058,minmaxnorm
148,Q0,AP900824-0138,275,2.543423799516364,minmaxnorm
148,Q0,AP900404-0157,276,2.54192192754201,minmaxnorm
148,Q0,AP900714-0074,277,2.4985558967679853,minmaxnorm
148,Q0,AP900620-0076,278,2.4927576891051255,minmaxnorm
148,Q0,AP900702-0037,279,2.4624983086584065,minmaxnorm
148,Q0,SJMN91-06147053,280,2.4492400188478722,minmaxnorm
148,Q0,AP900308-0154,281,2.4307195760763483,minmaxnorm
148,Q0,AP900327-0064,282,2.3951493360957476,minmaxnorm
148,Q0,SJMN91-06178223,283,2.342789264715246,minmaxnorm
148,Q0,AP900731-0105,284,2.337715253335475,minmaxnorm
148,Q0,AP900423-0163,285,2.336831482333205,minmaxnorm
148,Q0,AP900928-0167,286,2.3306921650680956,minmaxnorm
148,Q0,AP900512-0002,287,2.322711978733123,minmaxnorm
148,Q0,AP900328-0159,288,2.303238799256929,minmaxnorm
148,Q0,AP900129-0072,289,2.2884911879870162,minmaxnorm
148,Q0,AP901006-0030,290,2.2858362910969237,minmaxnorm
148,Q0,AP900129-0149,291,2.2715437185356167,minmaxnorm
148,Q0,AP900208-0089,292,2.26733779571975,minmaxnorm
148,Q0,SJMN91-06144124,293,2.251178735642346,minmaxnorm
148,Q0,AP901010-0125,294,2.235084759311247,minmaxnorm
148,Q0,AP900901-0057,295,2.1789084422405947,minmaxnorm
148,Q0,AP901019-0049,296,2.167050681297141,minmaxnorm
148,Q0,AP901015-0093,297,2.1635244922185097,minmaxnorm
148,Q0,AP900312-0152,298,2.1558556129582986,minmaxnorm
148,Q0,AP900711-0112,299,2.154376994394938,minmaxnorm
148,Q0,AP900322-0167,300,2.1354328940474514,minmaxnorm
148,Q0,AP900609-0115,301,2.126140641274772,minmaxnorm
148,Q0,AP901029-0159,302,2.1197698115174433,minmaxnorm
148,Q0,SJMN91-06123099,303,2.117520280667982,minmaxnorm
148,Q0,AP900331-0049,304,2.1150184610091807,minmaxnorm
148,Q0,AP901211-0171,305,2.0800641564746627,minmaxnorm
148,Q0,SJMN91-06347286,306,2.078161947161327,minmaxnorm
148,Q0,AP900324-0163,307,2.0745063446113994,minmaxnorm
148,Q0,AP901006-0092,308,2.0491823941109866,minmaxnorm
148,Q0,AP900111-0126,309,2.047648993370782,minmaxnorm
148,Q0,SJMN91-06107192,310,2.0218463285133006,minmaxnorm
148,Q0,AP901210-0149,311,2.0084121888429642,minmaxnorm
148,Q0,AP901214-0203,312,2.001769546333934,minmaxnorm
148,Q0,AP901010-0138,313,1.9972913769696532,minmaxnorm
148,Q0,SJMN91-06126168,314,1.9765582307690737,minmaxnorm
148,Q0,AP901124-0034,315,1.9700045649223608,minmaxnorm
148,Q0,SJMN91-06123156,316,1.9589851922765518,minmaxnorm
148,Q0,AP900404-0049,317,1.943963386882837,minmaxnorm
148,Q0,SJMN91-06158212,318,1.9389403504307254,minmaxnorm
148,Q0,SJMN91-06243278,319,1.9367630760929675,minmaxnorm
148,Q0,SJMN91-06263247,320,1.9360203759832628,minmaxnorm
148,Q0,SJMN91-06013036,321,1.9359276059484225,minmaxnorm
148,Q0,AP900911-0218,322,1.930508786334038,minmaxnorm
148,Q0,AP901031-0149,323,1.9242170311007012,minmaxnorm
148,Q0,SJMN91-06040082,324,1.916060873810916,minmaxnorm
148,Q0,SJMN91-06116018,325,1.9049349397225954,minmaxnorm
148,Q0,AP900113-0100,326,1.8783008855925172,minmaxnorm
148,Q0,SJMN91-06096115,327,1.875795442703577,minmaxnorm
148,Q0,AP900201-0111,328,1.8689247762992909,minmaxnorm
148,Q0,AP900227-0170,329,1.829875589339172,minmaxnorm
148,Q0,AP901002-0146,330,1.8187396564826976,minmaxnorm
148,Q0,AP900717-0032,331,1.8187128407550595,minmaxnorm
148,Q0,AP900909-0054,332,1.8083872534436989,minmaxnorm
148,Q0,AP900726-0209,333,1.7937561519919227,minmaxnorm
148,Q0,AP900630-0004,334,1.7937225744888794,minmaxnorm
148,Q0,SJMN91-06157141,335,1.7705556913897804,minmaxnorm
148,Q0,AP900612-0067,336,1.7686832149623306,minmaxnorm
148,Q0,AP900731-0099,337,1.7676511057036624,minmaxnorm
148,Q0,AP900607-0193,338,1.7585137381136045,minmaxnorm
148,Q0,AP900709-0141,339,1.7367865913677056,minmaxnorm
148,Q0,AP900502-0129,340,1.736689046852792,minmaxnorm
148,Q0,AP900309-0088,341,1.7168169736680938,minmaxnorm
148,Q0,AP900124-0121,342,1.6965186337990996,minmaxnorm
148,Q0,AP900102-0147,343,1.6911934866158838,minmaxnorm
148,Q0,AP900726-0150,344,1.680175572704999,minmaxnorm
148,Q0,AP900211-0039,345,1.6724870291665113,minmaxnorm
148,Q0,AP901205-0026,346,1.6668361571396217,minmaxnorm
148,Q0,AP901009-0043,347,1.6221559426435832,minmaxnorm
148,Q0,AP900716-0030,348,1.6181171430836587,minmaxnorm
148,Q0,AP900307-0021,349,1.6157888099055282,minmaxnorm
148,Q0,AP901021-0002,350,1.6105277929745272,minmaxnorm
148,Q0,AP901004-0139,351,1.601962800141783,minmaxnorm
148,Q0,AP900521-0086,352,1.5914292545729496,minmaxnorm
148,Q0,AP900105-0162,353,1.5908882619765072,minmaxnorm
148,Q0,AP900307-0180,354,1.5894140266234595,minmaxnorm
148,Q0,AP900114-0048,355,1.5736001134432074,minmaxnorm
148,Q0,SJMN91-06301169,356,1.573190854527286,minmaxnorm
148,Q0,AP900616-0112,357,1.5731081079780662,minmaxnorm
148,Q0,AP900728-0065,358,1.5597962176433022,minmaxnorm
148,Q0,SJMN91-06178114,359,1.5489853256741268,minmaxnorm
148,Q0,AP901117-0064,360,1.5362565419813454,minmaxnorm
148,Q0,AP901010-0057,361,1.5330078849112483,minmaxnorm
148,Q0,SJMN91-06063182,362,1.5306376850730858,minmaxnorm
148,Q0,SJMN91-06113097,363,1.5290463585528318,minmaxnorm
148,Q0,AP900627-0020,364,1.5270580706727432,minmaxnorm
148,Q0,AP901229-0086,365,1.526928072719113,minmaxnorm
148,Q0,AP901010-0075,366,1.5223859277570626,minmaxnorm
148,Q0,AP900512-0121,367,1.5099753532345055,minmaxnorm
148,Q0,AP900601-0077,368,1.509198890600067,minmaxnorm
148,Q0,AP900707-0072,369,1.5055013794147263,minmaxnorm
148,Q0,AP900311-0006,370,1.5044002218019736,minmaxnorm
148,Q0,AP900719-0001,371,1.5032938466763799,minmaxnorm
148,Q0,AP900131-0110,372,1.501627771348228,minmaxnorm
148,Q0,AP900227-0134,373,1.4830791466089366,minmaxnorm
148,Q0,AP900404-0089,374,1.4815599276902187,minmaxnorm
148,Q0,AP901019-0171,375,1.477009934160769,minmaxnorm
148,Q0,AP901008-0144,376,1.4722619556273875,minmaxnorm
148,Q0,AP900212-0166,377,1.4676723469472632,minmaxnorm
148,Q0,AP900902-0077,378,1.4608372852634985,minmaxnorm
148,Q0,AP901220-0171,379,1.4552210212117558,minmaxnorm
148,Q0,SJMN91-06123173,380,1.4497837439403545,minmaxnorm
148,Q0,AP900225-0024,381,1.44560874324428,minmaxnorm
148,Q0,SJMN91-06100013,382,1.4434440538447828,minmaxnorm
148,Q0,AP900505-0117,383,1.4432004293190364,minmaxnorm
148,Q0,SJMN91-06141040,384,1.4284346382973194,minmaxnorm
148,Q0,AP900712-0080,385,1.4205020363373868,minmaxnorm
148,Q0,SJMN91-06146053,386,1.4166471585215923,minmaxnorm
148,Q0,AP900612-0186,387,1.4147776631925886,minmaxnorm
148,Q0,SJMN91-06186105,388,1.4142660015031507,minmaxnorm
148,Q0,AP900410-0088,389,1.4081892715085453,minmaxnorm
148,Q0,SJMN91-06034058,390,1.406615473656026,minmaxnorm
148,Q0,AP901117-0117,391,1.4055203275939925,minmaxnorm
148,Q0,AP900718-0165,392,1.3992414055622253,minmaxnorm
148,Q0,AP901214-0012,393,1.394778417206367,minmaxnorm
148,Q0,AP900130-0149,394,1.3907861475502037,minmaxnorm
148,Q0,SJMN91-06265085,395,1.386231658076942,minmaxnorm
148,Q0,AP900427-0174,396,1.386018611922254,minmaxnorm
148,Q0,AP900711-0070,397,1.3813864861648073,minmaxnorm
148,Q0,AP900620-0005,398,1.3700588769507789,minmaxnorm
148,Q0,AP901018-0177,399,1.365101066109051,minmaxnorm
148,Q0,AP900602-0100,400,1.3633637439986361,minmaxnorm
148,Q0,AP900212-0051,401,1.359363803513941,minmaxnorm
148,Q0,SJMN91-06188053,402,1.3558750237490151,minmaxnorm
148,Q0,AP900321-0203,403,1.354359444000468,minmaxnorm
148,Q0,SJMN91-06001130,404,1.3518923267560936,minmaxnorm
148,Q0,AP900607-0154,405,1.3488052036982365,minmaxnorm
148,Q0,AP901231-0122,406,1.3483348575035348,minmaxnorm
148,Q0,AP900606-0214,407,1.3459501575147899,minmaxnorm
148,Q0,AP900730-0082,408,1.3455367936047342,minmaxnorm
148,Q0,AP900810-0018,409,1.3418716139087394,minmaxnorm
148,Q0,AP901011-0119,410,1.3376341598751225,minmaxnorm
148,Q0,AP900919-0032,411,1.3344269393715167,minmaxnorm
148,Q0,AP900809-0105,412,1.3278465256200387,minmaxnorm
148,Q0,AP900526-0112,413,1.3244721822270589,minmaxnorm
148,Q0,SJMN91-06096154,414,1.3048051379145171,minmaxnorm
148,Q0,AP900707-0131,415,1.2971181610060607,minmaxnorm
148,Q0,SJMN91-06096051,416,1.2902552295243064,minmaxnorm
148,Q0,AP900116-0088,417,1.2884969713088341,minmaxnorm
148,Q0,AP901006-0057,418,1.276935657834834,minmaxnorm
148,Q0,AP900405-0148,419,1.26741721078916,minmaxnorm
148,Q0,AP900307-0151,420,1.2653224426718075,minmaxnorm
148,Q0,AP901105-0147,421,1.2649401788699681,minmaxnorm
148,Q0,AP900602-0143,422,1.2647938382962354,minmaxnorm
148,Q0,SJMN91-06079175,423,1.2621346498161627,minmaxnorm
148,Q0,AP900810-0114,424,1.2592179625092608,minmaxnorm
148,Q0,SJMN91-06101285,425,1.2581140977052838,minmaxnorm
148,Q0,SJMN91-06339128,426,1.250102153257527,minmaxnorm
148,Q0,AP901015-0185,427,1.2477884721088701,minmaxnorm
148,Q0,SJMN91-06238270,428,1.2435880094382168,minmaxnorm
148,Q0,AP900805-0003,429,1.2432187520507834,minmaxnorm
148,Q0,AP900328-0130,430,1.2419137259664494,minmaxnorm
148,Q0,AP900627-0145,431,1.2409283855097357,minmaxnorm
148,Q0,SJMN91-06106168,432,1.2405126585012125,minmaxnorm
148,Q0,AP901102-0156,433,1.2331281246479096,minmaxnorm
148,Q0,AP901012-0145,434,1.227652290611529,minmaxnorm
148,Q0,AP900927-0089,435,1.2246580813403753,minmaxnorm
148,Q0,AP900308-0197,436,1.2229639092166302,minmaxnorm
148,Q0,AP900611-0045,437,1.217324099773715,minmaxnorm
148,Q0,AP900908-0017,438,1.2162146216846972,minmaxnorm
148,Q0,AP900606-0036,439,1.2089825726910177,minmaxnorm
148,Q0,AP900514-0083,440,1.207084921252081,minmaxnorm
148,Q0,AP900721-0144,441,1.2014105986935535,minmaxnorm
148,Q0,AP900724-0116,442,1.1982961512765282,minmaxnorm
148,Q0,SJMN91-06041196,443,1.1862052185471381,minmaxnorm
148,Q0,AP900815-0092,444,1.1819000499204542,minmaxnorm
148,Q0,AP901031-0113,445,1.1772382112233073,minmaxnorm
148,Q0,AP901023-0132,446,1.174978896773652,minmaxnorm
148,Q0,AP900809-0089,447,1.170394300491032,minmaxnorm
148,Q0,AP900727-0054,448,1.1662392967375033,minmaxnorm
148,Q0,AP900811-0065,449,1.1629445264110627,minmaxnorm
148,Q0,SJMN91-06097083,450,1.162627452425888,minmaxnorm
148,Q0,AP901204-0171,451,1.1558667400433897,minmaxnorm
148,Q0,AP900628-0021,452,1.1549727289637195,minmaxnorm
148,Q0,SJMN91-06321008,453,1.1491276641455994,minmaxnorm
148,Q0,AP900404-0083,454,1.1477599399469347,minmaxnorm
148,Q0,AP900714-0131,455,1.1416840367532628,minmaxnorm
148,Q0,AP900110-0094,456,1.1412872754573258,minmaxnorm
148,Q0,SJMN91-06024360,457,1.1399890948619735,minmaxnorm
148,Q0,AP900818-0151,458,1.1352254519477907,minmaxnorm
148,Q0,SJMN91-06175069,459,1.1296187539085771,minmaxnorm
148,Q0,AP900220-0172,460,1.12292366924537,minmaxnorm
148,Q0,AP900523-0143,461,1.1211830674588459,minmaxnorm
148,Q0,AP900704-0052,462,1.1177449160472395,minmaxnorm
148,Q0,AP900327-0179,463,1.1080130067819152,minmaxnorm
148,Q0,AP900910-0026,464,1.1065221417139226,minmaxnorm
148,Q0,AP900722-0062,465,1.106504154702773,minmaxnorm
148,Q0,AP900306-0083,466,1.103062349920018,minmaxnorm
148,Q0,SJMN91-06194129,467,1.101376828621129,minmaxnorm
148,Q0,AP901203-0095,468,1.1002981722558056,minmaxnorm
148,Q0,AP900630-0023,469,1.0983758710317957,minmaxnorm
148,Q0,AP900604-0103,470,1.0970230298497576,minmaxnorm
148,Q0,AP900831-0063,471,1.0960532847699658,minmaxnorm
148,Q0,SJMN91-06183146,472,1.0908877493981943,minmaxnorm
148,Q0,AP901025-0085,473,1.089686862201464,minmaxnorm
148,Q0,AP901012-0150,474,1.0883293919825434,minmaxnorm
148,Q0,AP900531-0076,475,1.0824438781164625,minmaxnorm
148,Q0,AP900601-0181,476,1.0811363573829211,minmaxnorm
148,Q0,AP901018-0039,477,1.0753232063155318,minmaxnorm
148,Q0,AP900313-0174,478,1.0716035838007658,minmaxnorm
148,Q0,AP900801-0206,479,1.0682310538618085,minmaxnorm
148,Q0,AP900821-0161,480,1.0671955025649478,minmaxnorm
148,Q0,AP900522-0189,481,1.0642780606244624,minmaxnorm
148,Q0,SJMN91-06258059,482,1.0606617788194015,minmaxnorm
148,Q0,SJMN91-06016081,483,1.0602518220907684,minmaxnorm
148,Q0,AP900804-0118,484,1.0594655944917135,minmaxnorm
148,Q0,AP900817-0082,485,1.0594267748922874,minmaxnorm
148,Q0,AP901121-0079,486,1.0542720537402368,minmaxnorm
148,Q0,SJMN91-06267069,487,1.053139258756527,minmaxnorm
148,Q0,AP900710-0036,488,1.05269640475699,minmaxnorm
148,Q0,AP900222-0177,489,1.0498547105893568,minmaxnorm
148,Q0,AP900804-0054,490,1.0489169189309886,minmaxnorm
148,Q0,AP900117-0054,491,1.0484629071016558,minmaxnorm
148,Q0,SJMN91-06071142,492,1.047110582232587,minmaxnorm
148,Q0,SJMN91-06101267,493,1.0449605246964206,minmaxnorm
148,Q0,AP900810-0054,494,1.0428311809370872,minmaxnorm
148,Q0,SJMN91-06093174,495,1.0407642263094639,minmaxnorm
148,Q0,AP900424-0145,496,1.0406060353973707,minmaxnorm
148,Q0,AP901116-0096,497,1.039408849779971,minmaxnorm
148,Q0,AP900320-0075,498,1.0370680187887402,minmaxnorm
148,Q0,AP900427-0175,499,1.0354974889133723,minmaxnorm
148,Q0,AP900709-0016,500,1.0350928856787356,minmaxnorm
148,Q0,AP900827-0121,501,1.0344430747737157,minmaxnorm
148,Q0,SJMN91-06099223,502,1.0321187511968815,minmaxnorm
148,Q0,AP900315-0035,503,1.027983318819677,minmaxnorm
148,Q0,SJMN91-06152226,504,1.0234062364252017,minmaxnorm
148,Q0,SJMN91-06092014,505,1.0198595590159494,minmaxnorm
148,Q0,AP901222-0110,506,1.0182030468811925,minmaxnorm
148,Q0,AP900806-0025,507,1.009972815909751,minmaxnorm
148,Q0,AP900404-0096,508,1.0088914336528212,minmaxnorm
148,Q0,AP901011-0002,509,1.0060494709702856,minmaxnorm
148,Q0,AP900212-0066,510,0.9962024644324257,minmaxnorm
148,Q0,AP900507-0088,511,0.9929559777262059,minmaxnorm
148,Q0,SJMN91-06280056,512,0.986453659287355,minmaxnorm
148,Q0,SJMN91-06330050,513,0.9830406184137559,minmaxnorm
148,Q0,AP900125-0223,514,0.9806685806176072,minmaxnorm
148,Q0,AP900730-0101,515,0.9757021746754417,minmaxnorm
148,Q0,AP900929-0138,516,0.9752496628874661,minmaxnorm
148,Q0,AP900827-0013,517,0.9719424048152976,minmaxnorm
148,Q0,AP900516-0002,518,0.9714575436826135,minmaxnorm
148,Q0,AP900903-0108,519,0.9677342419139688,minmaxnorm
148,Q0,AP900820-0112,520,0.9672643755823152,minmaxnorm
148,Q0,SJMN91-06286213,521,0.9669198752155754,minmaxnorm
148,Q0,AP900704-0004,522,0.9667308024322122,minmaxnorm
148,Q0,AP900216-0181,523,0.9648344658718486,minmaxnorm
148,Q0,AP900810-0138,524,0.9643722279005578,minmaxnorm
148,Q0,AP900423-0075,525,0.9635562804513249,minmaxnorm
148,Q0,AP900801-0077,526,0.9587765387376952,minmaxnorm
148,Q0,AP900831-0141,527,0.9545242218053818,minmaxnorm
148,Q0,AP900803-0024,528,0.9522864622811718,minmaxnorm
148,Q0,AP900203-0094,529,0.9492572509357118,minmaxnorm
148,Q0,AP900107-0058,530,0.9479639956949072,minmaxnorm
148,Q0,AP900625-0187,531,0.9442099949503987,minmaxnorm
148,Q0,AP900909-0065,532,0.9423322504186228,minmaxnorm
148,Q0,SJMN91-06114137,533,0.940576604675986,minmaxnorm
148,Q0,AP900825-0053,534,0.940379657801931,minmaxnorm
148,Q0,AP900207-0111,535,0.9393489145474552,minmaxnorm
148,Q0,AP900801-0052,536,0.9384033853451267,minmaxnorm
148,Q0,AP901122-0039,537,0.9362446204602015,minmaxnorm
148,Q0,AP900802-0149,538,0.9356278193596019,minmaxnorm
148,Q0,SJMN91-06319054,539,0.9346347383996634,minmaxnorm
148,Q0,AP901007-0035,540,0.9342273865129624,minmaxnorm
148,Q0,AP901204-0056,541,0.9311362563707528,minmaxnorm
148,Q0,SJMN91-06076065,542,0.9309708711398185,minmaxnorm
148,Q0,SJMN91-06099149,543,0.9202601417640888,minmaxnorm
148,Q0,AP901001-0228,544,0.9199263534864855,minmaxnorm
148,Q0,SJMN91-06065078,545,0.9189790939330033,minmaxnorm
148,Q0,AP900130-0122,546,0.9148977813569497,minmaxnorm
148,Q0,AP901024-0045,547,0.9120434164701838,minmaxnorm
148,Q0,AP900223-0181,548,0.909406087160938,minmaxnorm
148,Q0,SJMN91-06331101,549,0.9059379981557331,minmaxnorm
148,Q0,AP900728-0046,550,0.8989308567162999,minmaxnorm
148,Q0,AP901024-0080,551,0.8985044899949338,minmaxnorm
148,Q0,AP900621-0077,552,0.8917051030579568,minmaxnorm
148,Q0,AP900527-0007,553,0.8892174359236777,minmaxnorm
148,Q0,AP900205-0181,554,0.8871343301688936,minmaxnorm
148,Q0,SJMN91-06041214,555,0.8852353059140202,minmaxnorm
148,Q0,AP901202-0068,556,0.8842523823322367,minmaxnorm
148,Q0,AP901018-0087,557,0.8821806765707535,minmaxnorm
148,Q0,AP900613-0183,558,0.8779096219770718,minmaxnorm
148,Q0,SJMN91-06112092,559,0.8772597614352926,minmaxnorm
148,Q0,AP900817-0031,560,0.8743710173039541,minmaxnorm
148,Q0,SJMN91-06021035,561,0.872390656187493,minmaxnorm
148,Q0,AP900920-0028,562,0.8703963903075058,minmaxnorm
148,Q0,SJMN91-06236242,563,0.864397134030054,minmaxnorm
148,Q0,AP900521-0168,564,0.8641798503065159,minmaxnorm
148,Q0,AP900714-0107,565,0.8641658832746376,minmaxnorm
148,Q0,AP900110-0166,566,0.8635587425995612,minmaxnorm
148,Q0,SJMN91-06011240,567,0.8597336117674765,minmaxnorm
148,Q0,AP900526-0132,568,0.8596856292088284,minmaxnorm
148,Q0,SJMN91-06080251,569,0.8595332637117086,minmaxnorm
148,Q0,AP900310-0075,570,0.8579364178326242,minmaxnorm
148,Q0,AP900723-0087,571,0.855462975344981,minmaxnorm
148,Q0,AP900620-0059,572,0.8547962272180394,minmaxnorm
148,Q0,AP900823-0037,573,0.8541983651354362,minmaxnorm
148,Q0,AP900430-0058,574,0.8537343901114918,minmaxnorm
148,Q0,SJMN91-06238088,575,0.8536385182313808,minmaxnorm
148,Q0,AP900913-0161,576,0.8470992014442646,minmaxnorm
148,Q0,AP900710-0020,577,0.8465311760143684,minmaxnorm
148,Q0,AP900316-0082,578,0.8437168254436431,minmaxnorm
148,Q0,AP900719-0041,579,0.8423257197869244,minmaxnorm
148,Q0,AP901101-0139,580,0.8414881031160705,minmaxnorm
148,Q0,AP900422-0013,581,0.8383804018058205,minmaxnorm
148,Q0,AP900514-0014,582,0.8378742364077667,minmaxnorm
148,Q0,AP900427-0168,583,0.8372438276785719,minmaxnorm
148,Q0,AP900609-0120,584,0.8371699005048887,minmaxnorm
148,Q0,AP901002-0124,585,0.8363883780338661,minmaxnorm
148,Q0,SJMN91-06356024,586,0.8334502441599454,minmaxnorm
148,Q0,SJMN91-06080179,587,0.8323687440761542,minmaxnorm
148,Q0,AP900718-0073,588,0.8293400385794983,minmaxnorm
148,Q0,AP900903-0012,589,0.8279644561510203,minmaxnorm
148,Q0,AP900330-0066,590,0.827640688573664,minmaxnorm
148,Q0,AP900601-0092,591,0.8262910477997281,minmaxnorm
148,Q0,AP901212-0147,592,0.8237420172026195,minmaxnorm
148,Q0,SJMN91-06270026,593,0.821077352934012,minmaxnorm
148,Q0,AP900107-0043,594,0.8205648817467379,minmaxnorm
148,Q0,AP900212-0137,595,0.8204430957562436,minmaxnorm
148,Q0,AP901204-0153,596,0.8194012722485899,minmaxnorm
148,Q0,AP900420-0210,597,0.8189164105670034,minmaxnorm
148,Q0,AP900421-0048,598,0.8183846525499373,minmaxnorm
148,Q0,AP900311-0080,599,0.8178755509546697,minmaxnorm
148,Q0,AP900830-0088,600,0.8171112742628381,minmaxnorm
148,Q0,AP900717-0134,601,0.8112653845281749,minmaxnorm
148,Q0,AP900913-0170,602,0.810147576876354,minmaxnorm
148,Q0,AP900605-0070,603,0.8098906910641247,minmaxnorm
148,Q0,AP900314-0048,604,0.808237034479251,minmaxnorm
148,Q0,AP900917-0066,605,0.8080732664627144,minmaxnorm
148,Q0,SJMN91-06091141,606,0.807389030720623,minmaxnorm
148,Q0,SJMN91-06087102,607,0.8071295978722396,minmaxnorm
148,Q0,SJMN91-06108168,608,0.8069909607293229,minmaxnorm
148,Q0,AP900514-0202,609,0.804989166185884,minmaxnorm
148,Q0,SJMN91-06147050,610,0.8048388487238947,minmaxnorm
148,Q0,AP900910-0111,611,0.8021872927292925,minmaxnorm
148,Q0,AP901102-0142,612,0.8020552837763929,minmaxnorm
148,Q0,AP900220-0156,613,0.8015907573706693,minmaxnorm
148,Q0,SJMN91-06329140,614,0.80117857179632,minmaxnorm
148,Q0,AP900416-0139,615,0.8009395518584687,minmaxnorm
148,Q0,AP900223-0109,616,0.8004611164422156,minmaxnorm
148,Q0,AP901121-0141,617,0.7997466577763824,minmaxnorm
148,Q0,AP900605-0161,618,0.7983417534839579,minmaxnorm
148,Q0,AP900501-0169,619,0.7967500915409194,minmaxnorm
148,Q0,AP900118-0151,620,0.7952745580348025,minmaxnorm
148,Q0,AP901020-0039,621,0.7930135828338594,minmaxnorm
148,Q0,AP901120-0170,622,0.7913733557380158,minmaxnorm
148,Q0,SJMN91-06138250,623,0.7898777818501663,minmaxnorm
148,Q0,AP901127-0087,624,0.7897622031524545,minmaxnorm
148,Q0,AP901014-0058,625,0.7881817157992029,minmaxnorm
148,Q0,AP900301-0068,626,0.7852806086388799,minmaxnorm
148,Q0,SJMN91-06304073,627,0.7851122037219256,minmaxnorm
148,Q0,SJMN91-06093195,628,0.7846560301751655,minmaxnorm
148,Q0,AP900623-0141,629,0.7821894950975897,minmaxnorm
148,Q0,AP900225-0040,630,0.781074411284268,minmaxnorm
148,Q0,AP900902-0057,631,0.7810451296131338,minmaxnorm
148,Q0,AP900820-0136,632,0.7795646724091715,minmaxnorm
148,Q0,AP900618-0156,633,0.7775801053427315,minmaxnorm
148,Q0,AP900706-0201,634,0.7736282131141874,minmaxnorm
148,Q0,AP900930-0061,635,0.7708266459796268,minmaxnorm
148,Q0,AP901128-0036,636,0.7704669145485724,minmaxnorm
148,Q0,AP901215-0046,637,0.769899205687632,minmaxnorm
148,Q0,AP900709-0060,638,0.7691649357976489,minmaxnorm
148,Q0,SJMN91-06086114,639,0.7682301510369378,minmaxnorm
148,Q0,SJMN91-06017071,640,0.7671175326876949,minmaxnorm
148,Q0,AP900906-0107,641,0.7664556157285681,minmaxnorm
148,Q0,AP901021-0078,642,0.7661041019432075,minmaxnorm
148,Q0,SJMN91-06120170,643,0.7655198932592913,minmaxnorm
148,Q0,AP900724-0162,644,0.7652995292074598,minmaxnorm
148,Q0,AP900226-0192,645,0.763559559129072,minmaxnorm
148,Q0,AP901221-0195,646,0.7610116416678004,minmaxnorm
148,Q0,AP900628-0144,647,0.7581727458884316,minmaxnorm
148,Q0,AP900203-0012,648,0.7542861321997311,minmaxnorm
148,Q0,AP900309-0095,649,0.7538324150722249,minmaxnorm
148,Q0,SJMN91-06067257,650,0.7524106420794662,minmaxnorm
148,Q0,SJMN91-06147072,651,0.7516782343429421,minmaxnorm
148,Q0,AP901004-0127,652,0.7498232586584095,minmaxnorm
148,Q0,AP900202-0108,653,0.7488238819504162,minmaxnorm
148,Q0,AP900816-0164,654,0.7479021075861259,minmaxnorm
148,Q0,SJMN91-06092033,655,0.7477918532808899,minmaxnorm
148,Q0,AP900314-0049,656,0.7463250267813624,minmaxnorm
148,Q0,AP901110-0130,657,0.7451590079558088,minmaxnorm
148,Q0,AP900726-0167,658,0.743232003480613,minmaxnorm
148,Q0,SJMN91-06116035,659,0.7431997106885361,minmaxnorm
148,Q0,SJMN91-06189008,660,0.742173462594999,minmaxnorm
148,Q0,AP900604-0007,661,0.7420601458377297,minmaxnorm
148,Q0,AP900812-0015,662,0.7402488333628873,minmaxnorm
148,Q0,AP900611-0127,663,0.7382701878238392,minmaxnorm
148,Q0,AP900607-0194,664,0.7379776762035474,minmaxnorm
148,Q0,AP900503-0160,665,0.7329822428457586,minmaxnorm
148,Q0,AP900717-0067,666,0.7321096430806253,minmaxnorm
148,Q0,AP900615-0005,667,0.7307220831897732,minmaxnorm
148,Q0,SJMN91-06168145,668,0.7287206370270489,minmaxnorm
148,Q0,AP900109-0151,669,0.7280613380019123,minmaxnorm
148,Q0,AP901225-0037,670,0.7246146520650383,minmaxnorm
148,Q0,AP900710-0128,671,0.7236271531547193,minmaxnorm
148,Q0,AP900821-0149,672,0.7229154295661736,minmaxnorm
148,Q0,AP900523-0047,673,0.7199244059217003,minmaxnorm
148,Q0,AP900823-0131,674,0.7192304522862717,minmaxnorm
148,Q0,SJMN91-06143279,675,0.7189556677465766,minmaxnorm
148,Q0,AP900910-0059,676,0.7181139532368517,minmaxnorm
148,Q0,AP900327-0025,677,0.7178220975637268,minmaxnorm
148,Q0,AP900919-0152,678,0.717021359068821,minmaxnorm
148,Q0,AP901201-0005,679,0.7168971482062717,minmaxnorm
148,Q0,AP900124-0146,680,0.7158125443820705,minmaxnorm
148,Q0,AP901119-0194,681,0.7156720480568264,minmaxnorm
148,Q0,AP900226-0158,682,0.7154066687108106,minmaxnorm
148,Q0,AP900313-0010,683,0.7153459965590476,minmaxnorm
148,Q0,AP900417-0020,684,0.710863026880372,minmaxnorm
148,Q0,AP900608-0205,685,0.7043511140538046,minmaxnorm
148,Q0,AP900416-0105,686,0.7032232072507776,minmaxnorm
148,Q0,AP900620-0044,687,0.7026079160049769,minmaxnorm
148,Q0,SJMN91-06097045,688,0.7024586465831362,minmaxnorm
148,Q0,AP900918-0039,689,0.6932180230589926,minmaxnorm
148,Q0,AP900110-0158,690,0.6927817403434557,minmaxnorm
148,Q0,AP900523-0008,691,0.691292313989717,minmaxnorm
148,Q0,SJMN91-06078049,692,0.6908380533948046,minmaxnorm
148,Q0,AP900925-0151,693,0.6905678241785469,minmaxnorm
148,Q0,AP900811-0084,694,0.6899913663223123,minmaxnorm
148,Q0,AP901030-0158,695,0.6889375064242622,minmaxnorm
148,Q0,AP900826-0021,696,0.6848803104711414,minmaxnorm
148,Q0,AP900313-0117,697,0.6842444741516057,minmaxnorm
148,Q0,SJMN91-06023221,698,0.6841472823716479,minmaxnorm
148,Q0,SJMN91-06138246,699,0.6826850169126408,minmaxnorm
148,Q0,AP900406-0148,700,0.6809658677776469,minmaxnorm
148,Q0,SJMN91-06086110,701,0.680579315309772,minmaxnorm
148,Q0,AP900223-0089,702,0.6738955759721781,minmaxnorm
148,Q0,SJMN91-06094258,703,0.6736977845768999,minmaxnorm
148,Q0,AP900805-0024,704,0.6736921803833769,minmaxnorm
148,Q0,AP900822-0094,705,0.6736235515158133,minmaxnorm
148,Q0,AP900826-0053,706,0.6734196773562804,minmaxnorm
148,Q0,AP900402-0158,707,0.6707077213389485,minmaxnorm
148,Q0,AP900207-0164,708,0.6704835116186418,minmaxnorm
148,Q0,AP901219-0189,709,0.6698081597712576,minmaxnorm
148,Q0,AP900725-0173,710,0.6692334427793343,minmaxnorm
148,Q0,AP900928-0140,711,0.6688812832441156,minmaxnorm
148,Q0,AP900928-0109,712,0.664794859798976,minmaxnorm
148,Q0,AP900721-0048,713,0.6642086677327808,minmaxnorm
148,Q0,AP900424-0111,714,0.6620514262585859,minmaxnorm
148,Q0,AP901231-0119,715,0.6613424388454221,minmaxnorm
148,Q0,SJMN91-06100052,716,0.6612597203517233,minmaxnorm
148,Q0,AP901003-0157,717,0.6583726884906701,minmaxnorm
148,Q0,AP900322-0044,718,0.6567383093714797,minmaxnorm
148,Q0,AP900711-0068,719,0.6565860827178834,minmaxnorm
148,Q0,AP900502-0032,720,0.6564967893340977,minmaxnorm
148,Q0,AP900904-0176,721,0.6555355938653696,minmaxnorm
148,Q0,AP900304-0015,722,0.6549840672391415,minmaxnorm
148,Q0,AP900717-0085,723,0.6527068807547,minmaxnorm
148,Q0,AP900310-0102,724,0.6516858690927223,minmaxnorm
148,Q0,AP900807-0068,725,0.6497650661586859,minmaxnorm
148,Q0,AP900310-0092,726,0.6495051922689226,minmaxnorm
148,Q0,AP901203-0139,727,0.6482889212626405,minmaxnorm
148,Q0,AP900112-0171,728,0.6453685378940291,minmaxnorm
148,Q0,AP900221-0082,729,0.6450685197150832,minmaxnorm
148,Q0,SJMN91-06107227,730,0.6443567801877552,minmaxnorm
148,Q0,SJMN91-06122199,731,0.6432951989632915,minmaxnorm
148,Q0,AP900914-0027,732,0.6430147640498883,minmaxnorm
148,Q0,SJMN91-06110106,733,0.6427067152297177,minmaxnorm
148,Q0,AP900914-0069,734,0.6421976253738568,minmaxnorm
148,Q0,SJMN91-06146096,735,0.6385088163863155,minmaxnorm
148,Q0,AP900426-0009,736,0.6382568976225762,minmaxnorm
148,Q0,AP900605-0140,737,0.6378740893101056,minmaxnorm
148,Q0,AP900424-0143,738,0.6355801017633903,minmaxnorm
148,Q0,AP901025-0027,739,0.6355043928689132,minmaxnorm
148,Q0,SJMN91-06150201,740,0.6341750015017802,minmaxnorm
148,Q0,SJMN91-06318179,741,0.6341063951687538,minmaxnorm
148,Q0,AP900310-0090,742,0.633959039618359,minmaxnorm
148,Q0,AP901116-0152,743,0.6334984183807267,minmaxnorm
148,Q0,AP900424-0193,744,0.6319851874794529,minmaxnorm
148,Q0,SJMN91-06119102,745,0.6318294331279299,minmaxnorm
148,Q0,AP900721-0057,746,0.6312444045464628,minmaxnorm
148,Q0,SJMN91-06066127,747,0.6305240956818295,minmaxnorm
148,Q0,AP901128-0112,748,0.6280192415925511,minmaxnorm
148,Q0,SJMN91-06061146,749,0.6267426823083413,minmaxnorm
148,Q0,AP901008-0167,750,0.6246168970503612,minmaxnorm
148,Q0,AP900307-0158,751,0.6244471466886531,minmaxnorm
148,Q0,AP900503-0188,752,0.6222510099962516,minmaxnorm
148,Q0,SJMN91-06088134,753,0.6216023635958644,minmaxnorm
148,Q0,SJMN91-06242203,754,0.6152707622913728,minmaxnorm
148,Q0,SJMN91-06191040,755,0.6141867266395407,minmaxnorm
148,Q0,AP901004-0164,756,0.6138914745929946,minmaxnorm
148,Q0,SJMN91-06096027,757,0.6110860208455258,minmaxnorm
148,Q0,AP900705-0030,758,0.6069414530097249,minmaxnorm
148,Q0,AP900525-0052,759,0.605876903106267,minmaxnorm
148,Q0,SJMN91-06305126,760,0.6058569323481375,minmaxnorm
148,Q0,AP900619-0048,761,0.6058428420522688,minmaxnorm
148,Q0,AP900628-0080,762,0.6049919574866205,minmaxnorm
148,Q0,AP900205-0173,763,0.6016589555329203,minmaxnorm
148,Q0,AP900731-0064,764,0.6013898134149345,minmaxnorm
148,Q0,AP900102-0141,765,0.6004256710504163,minmaxnorm
148,Q0,AP900530-0010,766,0.5989666953143887,minmaxnorm
148,Q0,AP900830-0141,767,0.5980981638619173,minmaxnorm
148,Q0,SJMN91-06095025,768,0.5970399067372558,minmaxnorm
148,Q0,SJMN91-06006117,769,0.5965068330008592,minmaxnorm
148,Q0,AP900621-0197,770,0.5930322956891177,minmaxnorm
148,Q0,SJMN91-06065076,771,0.5929500259469656,minmaxnorm
148,Q0,AP900313-0149,772,0.592573710114576,minmaxnorm
148,Q0,AP900224-0063,773,0.5902134240907972,minmaxnorm
148,Q0,AP900718-0060,774,0.5900531671729663,minmaxnorm
148,Q0,AP901122-0086,775,0.5872585696808319,minmaxnorm
148,Q0,AP900125-0091,776,0.5861263874697679,minmaxnorm
148,Q0,AP901116-0141,777,0.5859721361793937,minmaxnorm
148,Q0,AP900731-0090,778,0.5846693418859454,minmaxnorm
148,Q0,AP900119-0101,779,0.5839241327130673,minmaxnorm
148,Q0,AP900803-0154,780,0.5838572985543933,minmaxnorm
148,Q0,AP900515-0127,781,0.5831173992879747,minmaxnorm
148,Q0,SJMN91-06324201,782,0.582438649830626,minmaxnorm
148,Q0,AP900530-0031,783,0.581090762995638,minmaxnorm
148,Q0,SJMN91-06058088,784,0.5807789210674733,minmaxnorm
148,Q0,AP900115-0140,785,0.5784253971763291,minmaxnorm
148,Q0,AP900807-0035,786,0.5782112012204113,minmaxnorm
148,Q0,SJMN91-06360064,787,0.5782094324823791,minmaxnorm
148,Q0,AP900415-0042,788,0.5760900460417061,minmaxnorm
148,Q0,SJMN91-06106195,789,0.5750862227904676,minmaxnorm
148,Q0,SJMN91-06352166,790,0.5744416597990434,minmaxnorm
148,Q0,AP901006-0013,791,0.5737743885919464,minmaxnorm
148,Q0,SJMN91-06096239,792,0.5726298321879003,minmaxnorm
148,Q0,AP900602-0045,793,0.5715610055925872,minmaxnorm
148,Q0,AP901116-0151,794,0.5690984135070966,minmaxnorm
148,Q0,AP900220-0057,795,0.5690347083508617,minmaxnorm
148,Q0,AP900812-0079,796,0.5686919615472972,minmaxnorm
148,Q0,SJMN91-06288133,797,0.5677884100681054,minmaxnorm
148,Q0,SJMN91-06098095,798,0.567772272805963,minmaxnorm
148,Q0,AP901022-0183,799,0.5673929425207294,minmaxnorm
148,Q0,AP900207-0141,800,0.5666793254758856,minmaxnorm
148,Q0,AP901107-0287,801,0.5663300848792555,minmaxnorm
148,Q0,SJMN91-06153122,802,0.5652054625927669,minmaxnorm
148,Q0,SJMN91-06302132,803,0.5635138514171244,minmaxnorm
148,Q0,AP901211-0174,804,0.5625560887424339,minmaxnorm
148,Q0,AP900914-0174,805,0.5625197138949248,minmaxnorm
148,Q0,AP901021-0018,806,0.5623078246659861,minmaxnorm
148,Q0,AP901108-0035,807,0.561683563345573,minmaxnorm
148,Q0,AP900106-0104,808,0.5606576073700548,minmaxnorm
148,Q0,SJMN91-06085054,809,0.5602632696378367,minmaxnorm
148,Q0,AP900418-0204,810,0.5579752995517705,minmaxnorm
148,Q0,SJMN91-06108003,811,0.5578567039259852,minmaxnorm
148,Q0,AP901025-0055,812,0.556603046979752,minmaxnorm
148,Q0,AP901127-0043,813,0.5561698328792969,minmaxnorm
148,Q0,AP900531-0178,814,0.553690355499081,minmaxnorm
148,Q0,SJMN91-06095003,815,0.5516305649587249,minmaxnorm
148,Q0,SJMN91-06351060,816,0.5476228189560097,minmaxnorm
148,Q0,AP901110-0074,817,0.5472176243462048,minmaxnorm
148,Q0,SJMN91-06323079,818,0.5465151797234666,minmaxnorm
148,Q0,AP900822-0123,819,0.5458329686537003,minmaxnorm
148,Q0,AP900123-0127,820,0.545021507654659,minmaxnorm
148,Q0,AP900909-0034,821,0.544614511891183,minmaxnorm
148,Q0,SJMN91-06323151,822,0.5443030216618416,minmaxnorm
148,Q0,SJMN91-06080259,823,0.5409878698079094,minmaxnorm
148,Q0,SJMN91-06068129,824,0.5387057883320949,minmaxnorm
148,Q0,SJMN91-06316169,825,0.5381564230766537,minmaxnorm
148,Q0,AP900309-0177,826,0.5378804192751578,minmaxnorm
148,Q0,AP900620-0126,827,0.5364495160673105,minmaxnorm
148,Q0,SJMN91-06199164,828,0.5346019120812252,minmaxnorm
148,Q0,AP901129-0138,829,0.5345087278341242,minmaxnorm
148,Q0,AP900618-0191,830,0.5336065887668112,minmaxnorm
148,Q0,AP900825-0098,831,0.5333159915669256,minmaxnorm
148,Q0,AP901002-0113,832,0.5332595697696041,minmaxnorm
148,Q0,AP901203-0126,833,0.5330752732124256,minmaxnorm
148,Q0,AP900813-0080,834,0.5329885435862123,minmaxnorm
148,Q0,AP900309-0055,835,0.5326532684608233,minmaxnorm
148,Q0,AP900129-0010,836,0.5324312783383532,minmaxnorm
148,Q0,AP901219-0141,837,0.5319395139995329,minmaxnorm
148,Q0,AP900127-0093,838,0.5311605053693983,minmaxnorm
148,Q0,SJMN91-06193072,839,0.5300111125731084,minmaxnorm
148,Q0,AP900307-0089,840,0.5298568360356498,minmaxnorm
148,Q0,SJMN91-06233164,841,0.5298320442545226,minmaxnorm
148,Q0,AP900911-0061,842,0.5281358653875338,minmaxnorm
148,Q0,AP900915-0087,843,0.5274389834272517,minmaxnorm
148,Q0,AP900407-0050,844,0.5271446231716809,minmaxnorm
148,Q0,AP900508-0081,845,0.5259572035970022,minmaxnorm
148,Q0,AP900510-0146,846,0.5245625894688144,minmaxnorm
148,Q0,AP900420-0038,847,0.5235858656522516,minmaxnorm
148,Q0,AP900816-0110,848,0.5224660900790393,minmaxnorm
148,Q0,AP900829-0167,849,0.5224355276299176,minmaxnorm
148,Q0,SJMN91-06092054,850,0.5219099914196446,minmaxnorm
148,Q0,AP900724-0179,851,0.521085889386592,minmaxnorm
148,Q0,AP901102-0091,852,0.518286568407325,minmaxnorm
148,Q0,AP901022-0141,853,0.5181702131398702,minmaxnorm
148,Q0,AP900803-0108,854,0.5176246219241276,minmaxnorm
148,Q0,AP900112-0022,855,0.5160671548999958,minmaxnorm
148,Q0,AP900530-0143,856,0.5158142292969419,minmaxnorm
148,Q0,AP901105-0043,857,0.5157289237995926,minmaxnorm
148,Q0,AP901220-0156,858,0.5144268334151527,minmaxnorm
148,Q0,AP901026-0122,859,0.5142839231785533,minmaxnorm
148,Q0,AP900901-0128,860,0.5137758129501165,minmaxnorm
148,Q0,SJMN91-06051202,861,0.5128153216247501,minmaxnorm
148,Q0,SJMN91-06204174,862,0.5121341823686181,minmaxnorm
148,Q0,SJMN91-06103105,863,0.5100898738382922,minmaxnorm
148,Q0,AP900905-0063,864,0.5093945405460348,minmaxnorm
148,Q0,AP900926-0114,865,0.5082881855037391,minmaxnorm
148,Q0,AP900223-0191,866,0.5082219793563365,minmaxnorm
148,Q0,AP900710-0076,867,0.5078571197480521,minmaxnorm
148,Q0,AP900523-0119,868,0.5075741306582567,minmaxnorm
148,Q0,AP900904-0023,869,0.5063136575609617,minmaxnorm
148,Q0,AP900816-0003,870,0.5060481225884588,minmaxnorm
148,Q0,AP900321-0124,871,0.5057363257151979,minmaxnorm
148,Q0,AP901005-0006,872,0.505064209062744,minmaxnorm
148,Q0,AP900811-0094,873,0.5034070930004484,minmaxnorm
148,Q0,AP900808-0185,874,0.503316652929091,minmaxnorm
148,Q0,AP900910-0179,875,0.5026715815408099,minmaxnorm
148,Q0,AP900806-0106,876,0.502473912149372,minmaxnorm
148,Q0,AP900726-0073,877,0.5019143935055611,minmaxnorm
148,Q0,AP901129-0116,878,0.5003569521227572,minmaxnorm
148,Q0,AP900831-0089,879,0.4998873802118226,minmaxnorm
148,Q0,AP900727-0114,880,0.4985430717244632,minmaxnorm
148,Q0,AP900707-0065,881,0.4981149475965742,minmaxnorm
148,Q0,AP900801-0091,882,0.49578272278763674,minmaxnorm
148,Q0,AP901213-0015,883,0.49577871820142505,minmaxnorm
148,Q0,AP901027-0062,884,0.49452386088345385,minmaxnorm
148,Q0,AP901025-0171,885,0.4924574448175618,minmaxnorm
148,Q0,AP900327-0187,886,0.49214190620988585,minmaxnorm
148,Q0,AP900712-0051,887,0.49209806297597886,minmaxnorm
148,Q0,AP900227-0041,888,0.4915430635469906,minmaxnorm
148,Q0,AP900629-0012,889,0.4882010681340143,minmaxnorm
148,Q0,AP900306-0116,890,0.48746543527939745,minmaxnorm
148,Q0,AP900807-0084,891,0.4868329720900083,minmaxnorm
148,Q0,AP900524-0180,892,0.4865501636561075,minmaxnorm
148,Q0,AP901126-0173,893,0.48615036808657264,minmaxnorm
148,Q0,AP900315-0003,894,0.4856796529293823,minmaxnorm
148,Q0,AP901018-0157,895,0.483989374488725,minmaxnorm
148,Q0,SJMN91-06149079,896,0.48363425329525056,minmaxnorm
148,Q0,AP901110-0062,897,0.4831744646950524,minmaxnorm
148,Q0,SJMN91-06350042,898,0.4824827706656249,minmaxnorm
148,Q0,AP900529-0193,899,0.4815641543325262,minmaxnorm
148,Q0,AP900411-0114,900,0.48053989815234066,minmaxnorm
148,Q0,AP901010-0152,901,0.4800715491542018,minmaxnorm
148,Q0,SJMN91-06165059,902,0.4795935414929335,minmaxnorm
148,Q0,AP901022-0161,903,0.47753361153993773,minmaxnorm
148,Q0,ZF32-048-117,904,0.47630619630392,minmaxnorm
148,Q0,SJMN91-06065089,905,0.47629714641266685,minmaxnorm
148,Q0,SJMN91-06076035,906,0.47595090791965666,minmaxnorm
148,Q0,AP900125-0156,907,0.47573858374741396,minmaxnorm
148,Q0,AP901112-0066,908,0.4755942392593055,minmaxnorm
148,Q0,AP900719-0087,909,0.47444609998583137,minmaxnorm
148,Q0,AP900617-0034,910,0.473193924833386,minmaxnorm
148,Q0,AP901129-0055,911,0.4729525089311888,minmaxnorm
148,Q0,SJMN91-06149128,912,0.4724903404575166,minmaxnorm
148,Q0,AP901108-0167,913,0.47235012407968874,minmaxnorm
148,Q0,SJMN91-06331018,914,0.4709627523893935,minmaxnorm
148,Q0,AP901023-0201,915,0.4698464983765137,minmaxnorm
148,Q0,AP900612-0066,916,0.46848049913130485,minmaxnorm
148,Q0,SJMN91-06219213,917,0.4674010472500733,minmaxnorm
148,Q0,SJMN91-06178243,918,0.4665951174558011,minmaxnorm
148,Q0,AP900409-0005,919,0.46603542419048566,minmaxnorm
148,Q0,SJMN91-06232043,920,0.46554869642815316,minmaxnorm
148,Q0,AP900927-0130,921,0.4653099998190975,minmaxnorm
148,Q0,SJMN91-06238100,922,0.46432890669999305,minmaxnorm
148,Q0,SJMN91-06051080,923,0.46412833357516525,minmaxnorm
148,Q0,AP900910-0183,924,0.4636788012042811,minmaxnorm
148,Q0,SJMN91-06106184,925,0.46267905552306315,minmaxnorm
148,Q0,AP900127-0095,926,0.4623712725199017,minmaxnorm
148,Q0,SJMN91-06317103,927,0.4620890329901099,minmaxnorm
148,Q0,AP901126-0167,928,0.46191079368266097,minmaxnorm
148,Q0,SJMN91-06185037,929,0.46163963785069095,minmaxnorm
148,Q0,AP901212-0095,930,0.4607274082313136,minmaxnorm
148,Q0,SJMN91-06064188,931,0.4606667943426345,minmaxnorm
148,Q0,AP900725-0199,932,0.4591468440100975,minmaxnorm
148,Q0,SJMN91-06317081,933,0.45722496242104627,minmaxnorm
148,Q0,SJMN91-06009232,934,0.4563853521993957,minmaxnorm
148,Q0,AP900314-0025,935,0.4557124268125931,minmaxnorm
148,Q0,AP901206-0071,936,0.4555683598311823,minmaxnorm
148,Q0,AP900816-0036,937,0.4533310157631619,minmaxnorm
148,Q0,AP900706-0089,938,0.45281550982530094,minmaxnorm
148,Q0,SJMN91-06234064,939,0.45280062208377675,minmaxnorm
148,Q0,AP900627-0071,940,0.45221044567592905,minmaxnorm
148,Q0,SJMN91-06021031,941,0.45106102427294525,minmaxnorm
148,Q0,AP900826-0051,942,0.45001270920732095,minmaxnorm
148,Q0,AP900530-0173,943,0.4494536005077384,minmaxnorm
148,Q0,SJMN91-06257264,944,0.44943898336471383,minmaxnorm
148,Q0,SJMN91-06361038,945,0.44935600536347564,minmaxnorm
148,Q0,SJMN91-06264134,946,0.4481143968108288,minmaxnorm
148,Q0,AP901124-0113,947,0.44763532265208295,minmaxnorm
148,Q0,AP901112-0095,948,0.44747892422190255,minmaxnorm
148,Q0,AP900316-0089,949,0.44586988489027846,minmaxnorm
148,Q0,SJMN91-06101054,950,0.44342049865549993,minmaxnorm
148,Q0,AP900622-0151,951,0.44313599185058344,minmaxnorm
148,Q0,AP900706-0032,952,0.44246369062443924,minmaxnorm
148,Q0,AP900123-0112,953,0.4423571238925373,minmaxnorm
148,Q0,AP901123-0104,954,0.442111559405049,minmaxnorm
148,Q0,SJMN91-06268167,955,0.4419908478064202,minmaxnorm
148,Q0,SJMN91-06111089,956,0.439795069121003,minmaxnorm
148,Q0,AP900709-0108,957,0.43970950817902943,minmaxnorm
148,Q0,SJMN91-06243227,958,0.4388844802262788,minmaxnorm
148,Q0,AP900208-0035,959,0.43887132352956326,minmaxnorm
148,Q0,AP901205-0088,960,0.43848969008525657,minmaxnorm
148,Q0,AP901117-0075,961,0.438487690232789,minmaxnorm
148,Q0,AP901229-0017,962,0.4383721557593282,minmaxnorm
148,Q0,AP900223-0059,963,0.43797468730041356,minmaxnorm
148,Q0,AP900627-0164,964,0.4372761134990711,minmaxnorm
148,Q0,AP901217-0014,965,0.4364628003271867,minmaxnorm
148,Q0,AP900301-0105,966,0.43635246959054835,minmaxnorm
148,Q0,AP900313-0105,967,0.4350989046662359,minmaxnorm
148,Q0,AP900728-0095,968,0.4350187916574538,minmaxnorm
148,Q0,AP900612-0136,969,0.4334787071252088,minmaxnorm
148,Q0,AP900710-0050,970,0.43344539027364803,minmaxnorm
148,Q0,SJMN91-06080171,971,0.43340220236384147,minmaxnorm
148,Q0,SJMN91-06320141,972,0.4320586890585987,minmaxnorm
148,Q0,AP901022-0160,973,0.4316138190257445,minmaxnorm
148,Q0,AP900620-0147,974,0.43152275407924623,minmaxnorm
148,Q0,SJMN91-06126037,975,0.43028965679294084,minmaxnorm
148,Q0,AP900212-0033,976,0.43020081906358,minmaxnorm
148,Q0,SJMN91-06061246,977,0.4301868639133217,minmaxnorm
148,Q0,SJMN91-06259035,978,0.4292071470043847,minmaxnorm
148,Q0,SJMN91-06092068,979,0.4284388272726557,minmaxnorm
148,Q0,AP901126-0011,980,0.42842543128694954,minmaxnorm
148,Q0,AP900605-0080,981,0.42655983913750384,minmaxnorm
148,Q0,SJMN91-06046089,982,0.4253679965928308,minmaxnorm
148,Q0,AP900713-0068,983,0.42429587223877113,minmaxnorm
148,Q0,SJMN91-06096044,984,0.42287959568640804,minmaxnorm
148,Q0,SJMN91-06267048,985,0.4216169112730208,minmaxnorm
148,Q0,AP900425-0095,986,0.42089193108806694,minmaxnorm
148,Q0,AP900713-0094,987,0.4208244496282606,minmaxnorm
148,Q0,SJMN91-06061167,988,0.41955536206697797,minmaxnorm
148,Q0,AP900703-0136,989,0.4182764631448696,minmaxnorm
148,Q0,AP901228-0131,990,0.4181167620786,minmaxnorm
148,Q0,AP901116-0041,991,0.41796035420123856,minmaxnorm
148,Q0,SJMN91-06318025,992,0.4176694153650465,minmaxnorm
148,Q0,AP900504-0155,993,0.41717595706669564,minmaxnorm
148,Q0,AP900110-0127,994,0.41685700830926986,minmaxnorm
148,Q0,AP901121-0156,995,0.4151568443462107,minmaxnorm
148,Q0,AP900114-0044,996,0.4143064043600737,minmaxnorm
148,Q0,AP900123-0072,997,0.41402085678528594,minmaxnorm
148,Q0,AP900522-0008,998,0.4135270976626806,minmaxnorm
148,Q0,ZF32-235-015,999,0.41331358416634967,minmaxnorm
148,Q0,AP900822-0146,1000,0.4132711577120982,minmaxnorm
