query,q0,docid,rank,score,system
114,Q0,AP900301-0001,1,0.39392204737557335,minmaxnorm
114,Q0,AP900608-0120,2,0.38620105587178366,minmaxnorm
114,Q0,AP900225-0009,3,0.3846243422665344,minmaxnorm
114,Q0,AP900125-0078,4,0.38259018504567766,minmaxnorm
114,Q0,AP900608-0033,5,0.38151890836511465,minmaxnorm
114,Q0,SJMN91-06330055,6,0.3810684020085722,minmaxnorm
114,Q0,AP900301-0139,7,0.38059658387783396,minmaxnorm
114,Q0,AP901115-0156,8,0.38020546671621,minmaxnorm
114,Q0,AP900228-0041,9,0.37818516250323236,minmaxnorm
114,Q0,AP901116-0150,10,0.3768735814640757,minmaxnorm
114,Q0,AP900221-0155,11,0.37530511331793004,minmaxnorm
114,Q0,AP900623-0109,12,0.374838854944452,minmaxnorm
114,Q0,SJMN91-06330076,13,0.3717753775158981,minmaxnorm
114,Q0,AP900303-0065,14,0.37046089199118193,minmaxnorm
114,Q0,AP900219-0092,15,0.36846300113844144,minmaxnorm
114,Q0,AP900224-0065,16,0.3679378946352338,minmaxnorm
114,Q0,AP901113-0020,17,0.3677387897174227,minmaxnorm
114,Q0,AP900301-0074,18,0.3645453903493522,minmaxnorm
114,Q0,AP900302-0142,19,0.3639931893407649,minmaxnorm
114,Q0,AP900125-0187,20,0.3568273012210238,minmaxnorm
114,Q0,AP900220-0124,21,0.35530376504771793,minmaxnorm
114,Q0,AP900221-0129,22,0.3541261428561718,minmaxnorm
114,Q0,SJMN91-06216087,23,0.35331554505829194,minmaxnorm
114,Q0,AP900414-0027,24,0.35312721528436847,minmaxnorm
114,Q0,AP900228-0102,25,0.3523048526926633,minmaxnorm
114,Q0,AP900210-0107,26,0.3507068567470169,minmaxnorm
114,Q0,AP900228-0097,27,0.3498293873676263,minmaxnorm
114,Q0,AP900303-0140,28,0.34679179562283413,minmaxnorm
114,Q0,SJMN91-06113207,29,0.34661795216745306,minmaxnorm
114,Q0,AP900314-0130,30,0.345674026838617,minmaxnorm
114,Q0,AP900222-0104,31,0.3451851425046763,minmaxnorm
114,Q0,AP901116-0077,32,0.34483684159317013,minmaxnorm
114,Q0,SJMN91-06324095,33,0.34472530443392624,minmaxnorm
114,Q0,AP900313-0139,34,0.3420439996494581,minmaxnorm
114,Q0,AP900316-0152,35,0.3420414874667012,minmaxnorm
114,Q0,AP900323-0031,36,0.3416843508447365,minmaxnorm
114,Q0,AP900124-0106,37,0.3411062057875154,minmaxnorm
114,Q0,AP901009-0137,38,0.3410174195114507,minmaxnorm
114,Q0,AP900314-0095,39,0.34046256112843093,minmaxnorm
114,Q0,SJMN91-06323126,40,0.3396521394193671,minmaxnorm
114,Q0,SJMN91-06215017,41,0.33950071603407683,minmaxnorm
114,Q0,AP900304-0064,42,0.3383582425768052,minmaxnorm
114,Q0,AP900317-0088,43,0.337682502812266,minmaxnorm
114,Q0,SJMN91-06215073,44,0.3364547843995381,minmaxnorm
114,Q0,AP900623-0076,45,0.3359837667819906,minmaxnorm
114,Q0,AP900125-0042,46,0.3355260444098606,minmaxnorm
114,Q0,AP900223-0086,47,0.3348636872368001,minmaxnorm
114,Q0,AP900317-0017,48,0.3347958476812388,minmaxnorm
114,Q0,AP901117-0084,49,0.3347739371105375,minmaxnorm
114,Q0,SJMN91-06324025,50,0.3344048716803848,minmaxnorm
114,Q0,AP900317-0030,51,0.3343151106365958,minmaxnorm
114,Q0,AP900316-0213,52,0.33105553557650635,minmaxnorm
114,Q0,AP900405-0177,53,0.3294089148901685,minmaxnorm
114,Q0,AP900411-0108,54,0.3291870868813855,minmaxnorm
114,Q0,AP900411-0090,55,0.3282759950920719,minmaxnorm
114,Q0,AP901008-0080,56,0.3280360235115212,minmaxnorm
114,Q0,AP901117-0024,57,0.32799957768307425,minmaxnorm
114,Q0,AP901120-0130,58,0.3267386224588431,minmaxnorm
114,Q0,AP901007-0067,59,0.3243474121154759,minmaxnorm
114,Q0,AP900124-0160,60,0.324319222235553,minmaxnorm
114,Q0,SJMN91-06206165,61,0.32365336764021424,minmaxnorm
114,Q0,AP901101-0079,62,0.32348998167589943,minmaxnorm
114,Q0,AP900123-0115,63,0.32245378203195396,minmaxnorm
114,Q0,AP900325-0071,64,0.3222554772830011,minmaxnorm
114,Q0,AP900613-0117,65,0.3210159963127339,minmaxnorm
114,Q0,AP900223-0126,66,0.3207922178514479,minmaxnorm
114,Q0,AP900723-0070,67,0.3207036151333184,minmaxnorm
114,Q0,AP901019-0172,68,0.3205199044619304,minmaxnorm
114,Q0,AP900724-0193,69,0.3196418379268394,minmaxnorm
114,Q0,SJMN91-06331092,70,0.31961758448615823,minmaxnorm
114,Q0,AP901001-0005,71,0.3187980273850254,minmaxnorm
114,Q0,AP900720-0097,72,0.31876178008392714,minmaxnorm
114,Q0,SJMN91-06262251,73,0.3186277354809582,minmaxnorm
114,Q0,AP900516-0021,74,0.31824139385474015,minmaxnorm
114,Q0,AP900123-0067,75,0.3182127829407604,minmaxnorm
114,Q0,AP900226-0067,76,0.31772330794278164,minmaxnorm
114,Q0,AP900321-0197,77,0.3173222430790581,minmaxnorm
114,Q0,AP900104-0006,78,0.3148126351524937,minmaxnorm
114,Q0,AP901110-0042,79,0.31447298912988936,minmaxnorm
114,Q0,AP901107-0197,80,0.3142458275058247,minmaxnorm
114,Q0,AP900313-0152,81,0.3138266271234875,minmaxnorm
114,Q0,AP901111-0046,82,0.31368672391666497,minmaxnorm
114,Q0,AP900226-0031,83,0.3130917716033959,minmaxnorm
114,Q0,AP900108-0087,84,0.31258468120343996,minmaxnorm
114,Q0,AP900226-0145,85,0.3119684775988507,minmaxnorm
114,Q0,AP901121-0023,86,0.31172912594864083,minmaxnorm
114,Q0,AP900818-0030,87,0.3117187352058382,minmaxnorm
114,Q0,AP900109-0084,88,0.311593438186649,minmaxnorm
114,Q0,AP900106-0098,89,0.3100712008487677,minmaxnorm
114,Q0,AP900109-0035,90,0.309942431551329,minmaxnorm
114,Q0,AP900403-0061,91,0.30781250366462,minmaxnorm
114,Q0,AP900907-0142,92,0.3077676490841981,minmaxnorm
114,Q0,AP901211-0017,93,0.30691520048906845,minmaxnorm
114,Q0,SJMN91-06194260,94,0.3068713491496205,minmaxnorm
114,Q0,SJMN91-06225008,95,0.3065378263013292,minmaxnorm
114,Q0,AP900329-0124,96,0.3059821592871688,minmaxnorm
114,Q0,AP900222-0144,97,0.3055197919215921,minmaxnorm
114,Q0,AP900403-0109,98,0.30451908732674254,minmaxnorm
114,Q0,AP900130-0162,99,0.3037919659997671,minmaxnorm
114,Q0,AP901126-0195,100,0.30360964869324,minmaxnorm
114,Q0,AP900122-0100,101,0.30291940660571476,minmaxnorm
114,Q0,AP900321-0027,102,0.3024722607157979,minmaxnorm
114,Q0,SJMN91-06207185,103,0.30239950048754594,minmaxnorm
114,Q0,AP901031-0061,104,0.3021404282961175,minmaxnorm
114,Q0,AP901126-0151,105,0.30176472936571574,minmaxnorm
114,Q0,AP900305-0026,106,0.30134063259538163,minmaxnorm
114,Q0,AP901031-0046,107,0.300750263890721,minmaxnorm
114,Q0,AP900228-0148,108,0.30001838894785576,minmaxnorm
114,Q0,AP900612-0038,109,0.29922670590836714,minmaxnorm
114,Q0,AP900802-0105,110,0.2989217960954684,minmaxnorm
114,Q0,AP900228-0065,111,0.29887735745769634,minmaxnorm
114,Q0,AP901011-0085,112,0.2986158982637371,minmaxnorm
114,Q0,AP901024-0006,113,0.2984189616520066,minmaxnorm
114,Q0,AP900104-0128,114,0.29835647679399324,minmaxnorm
114,Q0,AP900611-0095,115,0.2979122961957898,minmaxnorm
114,Q0,AP901006-0043,116,0.2977735139711816,minmaxnorm
114,Q0,AP900929-0113,117,0.2975960602342798,minmaxnorm
114,Q0,AP900109-0130,118,0.2975794768591555,minmaxnorm
114,Q0,SJMN91-06093217,119,0.2974104292826523,minmaxnorm
114,Q0,AP900102-0066,120,0.29723143661769147,minmaxnorm
114,Q0,AP900725-0057,121,0.29715001609898317,minmaxnorm
114,Q0,AP900911-0151,122,0.2964603102766888,minmaxnorm
114,Q0,AP900105-0033,123,0.29636836438002334,minmaxnorm
114,Q0,AP900301-0004,124,0.296252167537982,minmaxnorm
114,Q0,AP900723-0003,125,0.29602176510262473,minmaxnorm
114,Q0,AP900724-0047,126,0.2958858007909579,minmaxnorm
114,Q0,AP900112-0118,127,0.2948667325276634,minmaxnorm
114,Q0,AP900227-0033,128,0.2948148938093618,minmaxnorm
114,Q0,AP901120-0174,129,0.2946242913746447,minmaxnorm
114,Q0,SJMN91-06219018,130,0.2945371935850781,minmaxnorm
114,Q0,AP901201-0011,131,0.2940570428392029,minmaxnorm
114,Q0,AP900726-0040,132,0.2932785647828508,minmaxnorm
114,Q0,AP900602-0014,133,0.2929929691093903,minmaxnorm
114,Q0,AP900214-0098,134,0.2926433762156579,minmaxnorm
114,Q0,AP900203-0092,135,0.29146838015271226,minmaxnorm
114,Q0,AP901002-0086,136,0.2908024255665802,minmaxnorm
114,Q0,AP901004-0132,137,0.2906162290116366,minmaxnorm
114,Q0,AP900329-0089,138,0.29060937851001944,minmaxnorm
114,Q0,AP900904-0124,139,0.2900422688945304,minmaxnorm
114,Q0,AP900320-0140,140,0.2884616241933854,minmaxnorm
114,Q0,AP900405-0072,141,0.2882897785748229,minmaxnorm
114,Q0,SJMN91-06242218,142,0.28820759596464457,minmaxnorm
114,Q0,AP900430-0052,143,0.2875694812411646,minmaxnorm
114,Q0,SJMN91-06096254,144,0.28736933308621776,minmaxnorm
114,Q0,AP900907-0012,145,0.2869766801631021,minmaxnorm
114,Q0,AP900816-0117,146,0.28686066890590917,minmaxnorm
114,Q0,AP900119-0058,147,0.2868563525732099,minmaxnorm
114,Q0,AP901006-0044,148,0.2865739791392021,minmaxnorm
114,Q0,AP900904-0025,149,0.2864507587220443,minmaxnorm
114,Q0,AP900107-0078,150,0.2864054515819171,minmaxnorm
114,Q0,AP900110-0121,151,0.2862199966671188,minmaxnorm
114,Q0,AP901010-0060,152,0.2858702517342009,minmaxnorm
114,Q0,AP901112-0068,153,0.2858402962747295,minmaxnorm
114,Q0,AP900122-0054,154,0.28520976779239476,minmaxnorm
114,Q0,AP900121-0056,155,0.2851059716345978,minmaxnorm
114,Q0,AP900130-0049,156,0.28501541779301187,minmaxnorm
114,Q0,AP901120-0165,157,0.2842340632326782,minmaxnorm
114,Q0,AP901012-0001,158,0.2837970055980811,minmaxnorm
114,Q0,AP901010-0098,159,0.28373626353745635,minmaxnorm
114,Q0,AP900223-0049,160,0.28356374473983725,minmaxnorm
114,Q0,SJMN91-06257265,161,0.2835495745918508,minmaxnorm
114,Q0,SJMN91-06143024,162,0.2833159144971583,minmaxnorm
114,Q0,AP900111-0169,163,0.2832524408343554,minmaxnorm
114,Q0,AP900101-0011,164,0.28261747917119123,minmaxnorm
114,Q0,AP900222-0196,165,0.2825929226993151,minmaxnorm
114,Q0,AP900901-0126,166,0.2817804857201566,minmaxnorm
114,Q0,AP901004-0068,167,0.2812091647064634,minmaxnorm
114,Q0,AP900305-0028,168,0.2810086705388484,minmaxnorm
114,Q0,SJMN91-06124123,169,0.28099820447563195,minmaxnorm
114,Q0,AP900110-0083,170,0.28076490228529727,minmaxnorm
114,Q0,SJMN91-06099220,171,0.280661394139621,minmaxnorm
114,Q0,AP900410-0099,172,0.2798374988911897,minmaxnorm
114,Q0,AP900403-0095,173,0.27925755594126694,minmaxnorm
114,Q0,AP900119-0129,174,0.279124878967015,minmaxnorm
114,Q0,AP900318-0079,175,0.27911860467532024,minmaxnorm
114,Q0,AP901113-0044,176,0.2790140667580798,minmaxnorm
114,Q0,AP900331-0108,177,0.2784107280862494,minmaxnorm
114,Q0,AP900121-0073,178,0.27817592622560827,minmaxnorm
114,Q0,AP900709-0148,179,0.27815358351455544,minmaxnorm
114,Q0,AP900830-0167,180,0.2780533276848086,minmaxnorm
114,Q0,AP900802-0068,181,0.2770359258165908,minmaxnorm
114,Q0,AP900321-0205,182,0.27687998798933994,minmaxnorm
114,Q0,AP900215-0046,183,0.2766483621063306,minmaxnorm
114,Q0,AP900113-0052,184,0.2764565772055241,minmaxnorm
114,Q0,AP900120-0085,185,0.27643615469052074,minmaxnorm
114,Q0,SJMN91-06337059,186,0.2762805647906976,minmaxnorm
114,Q0,SJMN91-06256111,187,0.27600845169784016,minmaxnorm
114,Q0,AP900605-0036,188,0.2758221283177001,minmaxnorm
114,Q0,SJMN91-06096046,189,0.27514706810246464,minmaxnorm
114,Q0,AP900111-0101,190,0.27504208207446235,minmaxnorm
114,Q0,AP900330-0186,191,0.2747125857122041,minmaxnorm
114,Q0,AP900717-0003,192,0.2744054378197633,minmaxnorm
114,Q0,AP900626-0151,193,0.2738155878819498,minmaxnorm
114,Q0,AP900105-0080,194,0.273532002480894,minmaxnorm
114,Q0,AP900509-0049,195,0.27320292813722813,minmaxnorm
114,Q0,AP901205-0135,196,0.2727098831978565,minmaxnorm
114,Q0,AP901011-0089,197,0.272349700306467,minmaxnorm
114,Q0,AP900228-0053,198,0.27217952522959277,minmaxnorm
114,Q0,AP901210-0125,199,0.27128242027783317,minmaxnorm
114,Q0,SJMN91-06204022,200,0.27115429114538736,minmaxnorm
114,Q0,AP900726-0036,201,0.27111448370434527,minmaxnorm
114,Q0,AP901211-0096,202,0.2706684094302554,minmaxnorm
114,Q0,SJMN91-06261001,203,0.2702847947402347,minmaxnorm
114,Q0,AP900630-0055,204,0.269905143564393,minmaxnorm
114,Q0,AP900721-0123,205,0.26972997934000725,minmaxnorm
114,Q0,AP900424-0048,206,0.2692869513583807,minmaxnorm
114,Q0,SJMN91-06117094,207,0.26928297677691565,minmaxnorm
114,Q0,AP900710-0251,208,0.2691181911094732,minmaxnorm
114,Q0,ZF32-240-321,209,0.2689127302462976,minmaxnorm
114,Q0,AP900917-0070,210,0.26740070283285894,minmaxnorm
114,Q0,AP901006-0088,211,0.26704816584395086,minmaxnorm
114,Q0,AP900209-0162,212,0.26701718688699366,minmaxnorm
114,Q0,AP900306-0064,213,0.26698941161747813,minmaxnorm
114,Q0,SJMN91-06204032,214,0.2669022396644802,minmaxnorm
114,Q0,AP900717-0074,215,0.2667339919270155,minmaxnorm
114,Q0,SJMN91-06262066,216,0.2665904871287043,minmaxnorm
114,Q0,AP901105-0002,217,0.26650462963337485,minmaxnorm
114,Q0,AP901011-0057,218,0.2664978295064617,minmaxnorm
114,Q0,AP900407-0095,219,0.26601063482653464,minmaxnorm
114,Q0,AP900901-0058,220,0.2655919872185978,minmaxnorm
114,Q0,AP900407-0051,221,0.2654373634085567,minmaxnorm
114,Q0,SJMN91-06127180,222,0.26526949755018786,minmaxnorm
114,Q0,AP900722-0033,223,0.265138780235482,minmaxnorm
114,Q0,AP900406-0194,224,0.26484122289439005,minmaxnorm
114,Q0,AP900905-0154,225,0.2648214303925347,minmaxnorm
114,Q0,SJMN91-06253052,226,0.26462966627749973,minmaxnorm
114,Q0,AP901122-0031,227,0.26461239994120006,minmaxnorm
114,Q0,AP900713-0078,228,0.264517825906903,minmaxnorm
114,Q0,AP900110-0001,229,0.26431274292841167,minmaxnorm
114,Q0,AP900223-0134,230,0.2641442712817691,minmaxnorm
114,Q0,SJMN91-06122209,231,0.2638550187394698,minmaxnorm
114,Q0,AP900424-0017,232,0.26319742389624573,minmaxnorm
114,Q0,AP900831-0139,233,0.26308530221516685,minmaxnorm
114,Q0,AP900426-0135,234,0.26307315685808597,minmaxnorm
114,Q0,AP900405-0124,235,0.26271777260625023,minmaxnorm
114,Q0,AP900223-0088,236,0.26269954127388134,minmaxnorm
114,Q0,SJMN91-06123060,237,0.2625564659197569,minmaxnorm
114,Q0,AP900918-0061,238,0.26249548663642125,minmaxnorm
114,Q0,AP900122-0046,239,0.26242800734127886,minmaxnorm
114,Q0,AP900107-0019,240,0.2618665652268763,minmaxnorm
114,Q0,SJMN91-06219224,241,0.2612215724272128,minmaxnorm
114,Q0,AP900327-0176,242,0.26112536092337013,minmaxnorm
114,Q0,AP900310-0128,243,0.2607824873579478,minmaxnorm
114,Q0,AP900930-0032,244,0.2605498032837681,minmaxnorm
114,Q0,AP900204-0063,245,0.2602832299543653,minmaxnorm
114,Q0,AP900925-0110,246,0.26026338153116696,minmaxnorm
114,Q0,AP901005-0066,247,0.26007932292252556,minmaxnorm
114,Q0,AP900904-0154,248,0.25968510036562636,minmaxnorm
114,Q0,AP900322-0154,249,0.25901900925072896,minmaxnorm
114,Q0,AP900912-0091,250,0.2586834807903523,minmaxnorm
114,Q0,AP900718-0148,251,0.2583613807734742,minmaxnorm
114,Q0,AP901005-0021,252,0.25826925538531825,minmaxnorm
114,Q0,AP900915-0064,253,0.2581020047667598,minmaxnorm
114,Q0,AP901008-0121,254,0.2578423961360532,minmaxnorm
114,Q0,AP900829-0009,255,0.257525669074078,minmaxnorm
114,Q0,AP900109-0121,256,0.25728863660709084,minmaxnorm
114,Q0,SJMN91-06224004,257,0.25709444481090277,minmaxnorm
114,Q0,SJMN91-06122227,258,0.2563005821319144,minmaxnorm
114,Q0,AP900725-0160,259,0.25620942540972647,minmaxnorm
114,Q0,AP900306-0125,260,0.2560172986697921,minmaxnorm
114,Q0,AP901202-0013,261,0.25591549997703145,minmaxnorm
114,Q0,AP900120-0036,262,0.2556582697112173,minmaxnorm
114,Q0,AP901011-0099,263,0.2555473099029293,minmaxnorm
114,Q0,AP900423-0070,264,0.25553936094460017,minmaxnorm
114,Q0,AP900716-0039,265,0.2555254868512588,minmaxnorm
114,Q0,SJMN91-06036057,266,0.25542714530278193,minmaxnorm
114,Q0,AP900404-0042,267,0.25519174681752854,minmaxnorm
114,Q0,SJMN91-06093218,268,0.2548914240924431,minmaxnorm
114,Q0,AP901005-0094,269,0.25478752459891285,minmaxnorm
114,Q0,AP900323-0025,270,0.2547481975506611,minmaxnorm
114,Q0,AP900206-0075,271,0.2533754981952727,minmaxnorm
114,Q0,AP900905-0062,272,0.25326781945499444,minmaxnorm
114,Q0,AP901003-0067,273,0.25231340487773346,minmaxnorm
114,Q0,AP900511-0093,274,0.25188726069126693,minmaxnorm
114,Q0,AP900424-0096,275,0.2516417479378844,minmaxnorm
114,Q0,AP901107-0237,276,0.25148614888884757,minmaxnorm
114,Q0,AP901202-0028,277,0.25101543454711517,minmaxnorm
114,Q0,SJMN91-06325201,278,0.2505255578759726,minmaxnorm
114,Q0,AP900417-0070,279,0.2504454238558016,minmaxnorm
114,Q0,AP900222-0126,280,0.2502294940930992,minmaxnorm
114,Q0,AP900917-0152,281,0.2501182710241425,minmaxnorm
114,Q0,AP901031-0151,282,0.24997451341564011,minmaxnorm
114,Q0,ZF32-076-304,283,0.24994423758668266,minmaxnorm
114,Q0,AP900731-0226,284,0.2498912927939888,minmaxnorm
114,Q0,AP900724-0168,285,0.2498212270742496,minmaxnorm
114,Q0,AP900116-0200,286,0.24979216944391833,minmaxnorm
114,Q0,SJMN91-06128234,287,0.24945703924067422,minmaxnorm
114,Q0,SJMN91-06217059,288,0.24912334624027094,minmaxnorm
114,Q0,AP900912-0067,289,0.24848192111706643,minmaxnorm
114,Q0,AP901202-0069,290,0.24829734744693616,minmaxnorm
114,Q0,AP900903-0053,291,0.24821685011634906,minmaxnorm
114,Q0,AP900830-0007,292,0.2480939368916158,minmaxnorm
114,Q0,AP900827-0118,293,0.24774185626678263,minmaxnorm
114,Q0,AP900211-0035,294,0.24771786645170885,minmaxnorm
114,Q0,AP900929-0044,295,0.24763450934868778,minmaxnorm
114,Q0,AP900906-0139,296,0.24761291562879764,minmaxnorm
114,Q0,SJMN91-06120096,297,0.2475296896664404,minmaxnorm
114,Q0,AP901006-0103,298,0.24744840046438327,minmaxnorm
114,Q0,AP900531-0079,299,0.247448380032393,minmaxnorm
114,Q0,AP900429-0058,300,0.24728517306807857,minmaxnorm
114,Q0,SJMN91-06027222,301,0.2466912190036642,minmaxnorm
114,Q0,ZF32-133-034,302,0.24659430123210005,minmaxnorm
114,Q0,AP900421-0075,303,0.24632164765439626,minmaxnorm
114,Q0,AP901214-0023,304,0.2461968480373231,minmaxnorm
114,Q0,SJMN91-06323108,305,0.24603235365290613,minmaxnorm
114,Q0,SJMN91-06037268,306,0.24589998064024415,minmaxnorm
114,Q0,AP901012-0176,307,0.24588132086856693,minmaxnorm
114,Q0,AP900407-0078,308,0.24531760339193973,minmaxnorm
114,Q0,AP900224-0002,309,0.2447820840819653,minmaxnorm
114,Q0,AP900408-0026,310,0.24444563636757352,minmaxnorm
114,Q0,AP900725-0052,311,0.24443747652766415,minmaxnorm
114,Q0,AP900808-0025,312,0.2439551015927627,minmaxnorm
114,Q0,AP900825-0069,313,0.2438868666321128,minmaxnorm
114,Q0,AP900409-0067,314,0.24371091682944945,minmaxnorm
114,Q0,AP901202-0012,315,0.24357659577533194,minmaxnorm
114,Q0,AP900906-0067,316,0.24343143923760202,minmaxnorm
114,Q0,AP900421-0033,317,0.24329765689602925,minmaxnorm
114,Q0,AP900430-0103,318,0.2432489016963972,minmaxnorm
114,Q0,AP900908-0066,319,0.24248617512803713,minmaxnorm
114,Q0,AP900808-0116,320,0.24244678603950165,minmaxnorm
114,Q0,AP900227-0068,321,0.24132995211886762,minmaxnorm
114,Q0,AP901030-0087,322,0.24129402482947668,minmaxnorm
114,Q0,AP900531-0087,323,0.2409181320851485,minmaxnorm
114,Q0,SJMN91-06024479,324,0.24060348979494894,minmaxnorm
114,Q0,AP900404-0095,325,0.24053750306216806,minmaxnorm
114,Q0,AP901130-0146,326,0.24045748027923153,minmaxnorm
114,Q0,AP900629-0181,327,0.24038256347397316,minmaxnorm
114,Q0,AP900422-0032,328,0.2403809296848868,minmaxnorm
114,Q0,AP900427-0146,329,0.24018986173891604,minmaxnorm
114,Q0,AP900417-0123,330,0.24010247027970885,minmaxnorm
114,Q0,AP901106-0017,331,0.2399411047620913,minmaxnorm
114,Q0,AP901129-0026,332,0.23980479469706967,minmaxnorm
114,Q0,SJMN91-06114236,333,0.2397380445476977,minmaxnorm
114,Q0,AP900911-0071,334,0.23916361071106798,minmaxnorm
114,Q0,AP900404-0102,335,0.2386789485521607,minmaxnorm
114,Q0,AP900311-0081,336,0.23867358756477447,minmaxnorm
114,Q0,SJMN91-06009029,337,0.23809609080842115,minmaxnorm
114,Q0,AP900821-0005,338,0.23762874631549277,minmaxnorm
114,Q0,AP901002-0011,339,0.23735181043594353,minmaxnorm
114,Q0,SJMN91-06020191,340,0.2369539002484296,minmaxnorm
114,Q0,AP900424-0079,341,0.23691813778619233,minmaxnorm
114,Q0,SJMN91-06263042,342,0.236532390871687,minmaxnorm
114,Q0,AP900411-0072,343,0.2364009700910174,minmaxnorm
114,Q0,AP900529-0166,344,0.23616501884830995,minmaxnorm
114,Q0,SJMN91-06059228,345,0.23609966901102056,minmaxnorm
114,Q0,AP901010-0078,346,0.23606901099197317,minmaxnorm
114,Q0,AP900305-0131,347,0.23534982932199833,minmaxnorm
114,Q0,AP901009-0070,348,0.23493057666123246,minmaxnorm
114,Q0,AP900312-0069,349,0.23462241906088951,minmaxnorm
114,Q0,AP900831-0045,350,0.2345621093926486,minmaxnorm
114,Q0,AP900820-0102,351,0.23449799110304775,minmaxnorm
114,Q0,AP900227-0165,352,0.2344465827163428,minmaxnorm
114,Q0,AP900608-0028,353,0.23430456426486274,minmaxnorm
114,Q0,AP900420-0166,354,0.23426968814858842,minmaxnorm
114,Q0,SJMN91-06184229,355,0.2342603539414514,minmaxnorm
114,Q0,AP900129-0129,356,0.2336905865952865,minmaxnorm
114,Q0,AP900430-0119,357,0.23343884525205544,minmaxnorm
114,Q0,AP901208-0118,358,0.23302010530956183,minmaxnorm
114,Q0,SJMN91-06174093,359,0.23293931696721226,minmaxnorm
114,Q0,AP900628-0020,360,0.23280358474418136,minmaxnorm
114,Q0,AP901012-0038,361,0.2324920346196606,minmaxnorm
114,Q0,AP901117-0072,362,0.2323071815108655,minmaxnorm
114,Q0,SJMN91-06135095,363,0.2323033266365577,minmaxnorm
114,Q0,AP900830-0002,364,0.23227006817464085,minmaxnorm
114,Q0,AP900904-0056,365,0.23224774060960815,minmaxnorm
114,Q0,AP900713-0152,366,0.2321553288815724,minmaxnorm
114,Q0,AP900905-0047,367,0.23196852140995766,minmaxnorm
114,Q0,AP900421-0081,368,0.23173077209154125,minmaxnorm
114,Q0,AP900412-0144,369,0.2314442151959725,minmaxnorm
114,Q0,SJMN91-06068101,370,0.23125422018011374,minmaxnorm
114,Q0,AP901030-0005,371,0.23116062459864353,minmaxnorm
114,Q0,AP900115-0083,372,0.23106012964733602,minmaxnorm
114,Q0,SJMN91-06119074,373,0.23081626959699292,minmaxnorm
114,Q0,SJMN91-06201049,374,0.2306706306195778,minmaxnorm
114,Q0,AP900718-0049,375,0.23054208680683502,minmaxnorm
114,Q0,AP900923-0023,376,0.23001291939747692,minmaxnorm
114,Q0,ZF310-633-209,377,0.22985553445477244,minmaxnorm
114,Q0,AP900420-0099,378,0.22982498883288027,minmaxnorm
114,Q0,SJMN91-06101282,379,0.22976850724471315,minmaxnorm
114,Q0,AP900425-0198,380,0.22912661031422882,minmaxnorm
114,Q0,SJMN91-06323182,381,0.22896076865258203,minmaxnorm
114,Q0,AP900425-0146,382,0.22881739980905738,minmaxnorm
114,Q0,SJMN91-06028080,383,0.22862398515995655,minmaxnorm
114,Q0,AP900724-0238,384,0.22839652483522446,minmaxnorm
114,Q0,AP900408-0045,385,0.22831315763148308,minmaxnorm
114,Q0,SJMN91-06206155,386,0.22795378361098875,minmaxnorm
114,Q0,AP900117-0186,387,0.22781656518318802,minmaxnorm
114,Q0,SJMN91-06110215,388,0.22773478126255395,minmaxnorm
114,Q0,SJMN91-06141022,389,0.22755291492170346,minmaxnorm
114,Q0,AP900320-0077,390,0.2274412939929373,minmaxnorm
114,Q0,AP900328-0101,391,0.22732865683442746,minmaxnorm
114,Q0,AP900618-0140,392,0.22729426865667005,minmaxnorm
114,Q0,AP901013-0131,393,0.2272207750108191,minmaxnorm
114,Q0,AP900630-0007,394,0.22666707438042288,minmaxnorm
114,Q0,SJMN91-06343182,395,0.2264021894025106,minmaxnorm
114,Q0,AP900528-0009,396,0.22626826168454625,minmaxnorm
114,Q0,AP900330-0004,397,0.2261496766658038,minmaxnorm
114,Q0,AP900118-0058,398,0.22594747093657278,minmaxnorm
114,Q0,AP900403-0059,399,0.22588355142283328,minmaxnorm
114,Q0,AP901210-0072,400,0.2258006743360479,minmaxnorm
114,Q0,AP900407-0052,401,0.22569586375181652,minmaxnorm
114,Q0,SJMN91-06195084,402,0.22561655381210324,minmaxnorm
114,Q0,AP900604-0041,403,0.22553289156508935,minmaxnorm
114,Q0,AP900210-0021,404,0.22527257474044582,minmaxnorm
114,Q0,PT3-05178347,405,0.22501474297979923,minmaxnorm
114,Q0,AP900115-0022,406,0.2248516021723703,minmaxnorm
114,Q0,SJMN91-06267060,407,0.22475796204234824,minmaxnorm
114,Q0,AP901030-0110,408,0.2247036450012869,minmaxnorm
114,Q0,SJMN91-06220217,409,0.22454006017703254,minmaxnorm
114,Q0,AP900130-0015,410,0.22415900684413814,minmaxnorm
114,Q0,AP900308-0003,411,0.22387429649527613,minmaxnorm
114,Q0,AP900508-0201,412,0.2235176495333277,minmaxnorm
114,Q0,SJMN91-06083125,413,0.22341843077087967,minmaxnorm
114,Q0,AP900410-0184,414,0.22330090467429026,minmaxnorm
114,Q0,SJMN91-06324156,415,0.22320952890427542,minmaxnorm
114,Q0,AP900210-0092,416,0.22313156670832782,minmaxnorm
114,Q0,AP900228-0048,417,0.22286644934772837,minmaxnorm
114,Q0,SJMN91-06014041,418,0.2228349452778384,minmaxnorm
114,Q0,SJMN91-06260045,419,0.22283358481036536,minmaxnorm
114,Q0,AP900928-0036,420,0.22260801237507222,minmaxnorm
114,Q0,AP900605-0043,421,0.22229531760480215,minmaxnorm
114,Q0,AP900428-0050,422,0.2222269256553267,minmaxnorm
114,Q0,AP900406-0135,423,0.2218611880220784,minmaxnorm
114,Q0,ZF32-148-157,424,0.22161959112095622,minmaxnorm
114,Q0,AP900527-0006,425,0.22117696387759786,minmaxnorm
114,Q0,AP900429-0031,426,0.22105567432575865,minmaxnorm
114,Q0,AP900112-0098,427,0.2209243322046248,minmaxnorm
114,Q0,AP901116-0076,428,0.22084761282248272,minmaxnorm
114,Q0,AP901023-0116,429,0.22076278415423295,minmaxnorm
114,Q0,SJMN91-06127078,430,0.22067173890833752,minmaxnorm
114,Q0,ZF32-201-332,431,0.22058016021677507,minmaxnorm
114,Q0,AP900116-0064,432,0.22015273751704753,minmaxnorm
114,Q0,SJMN91-06157220,433,0.22002944023339838,minmaxnorm
114,Q0,SJMN91-06212229,434,0.21970599526018045,minmaxnorm
114,Q0,AP901005-0174,435,0.21958274561864247,minmaxnorm
114,Q0,AP900707-0153,436,0.21936150696909076,minmaxnorm
114,Q0,AP900720-0150,437,0.2188624017261461,minmaxnorm
114,Q0,AP900516-0225,438,0.21880946772553403,minmaxnorm
114,Q0,AP900918-0119,439,0.2187120192011409,minmaxnorm
114,Q0,AP901024-0107,440,0.2186295399167311,minmaxnorm
114,Q0,AP901203-0093,441,0.21834504874216804,minmaxnorm
114,Q0,AP900808-0150,442,0.21826374373074767,minmaxnorm
114,Q0,AP900903-0090,443,0.2181243201401774,minmaxnorm
114,Q0,AP900418-0114,444,0.21800359067167607,minmaxnorm
114,Q0,AP900629-0114,445,0.21784414773965377,minmaxnorm
114,Q0,SJMN91-06178165,446,0.2177205602104562,minmaxnorm
114,Q0,AP900507-0093,447,0.21722538490620014,minmaxnorm
114,Q0,AP900211-0008,448,0.21683179403997846,minmaxnorm
114,Q0,AP901206-0028,449,0.21667408838104593,minmaxnorm
114,Q0,SJMN91-06102069,450,0.2163395621754045,minmaxnorm
114,Q0,AP900530-0136,451,0.21633594151817798,minmaxnorm
114,Q0,SJMN91-06256305,452,0.21616535268286688,minmaxnorm
114,Q0,AP900708-0022,453,0.2160881476619729,minmaxnorm
114,Q0,AP900426-0122,454,0.21594840816815936,minmaxnorm
114,Q0,AP900918-0041,455,0.21593627531053325,minmaxnorm
114,Q0,AP900717-0178,456,0.2153552803946001,minmaxnorm
114,Q0,AP900211-0011,457,0.21515536188119255,minmaxnorm
114,Q0,AP900120-0048,458,0.21496488369939482,minmaxnorm
114,Q0,SJMN91-06254089,459,0.21475221194607427,minmaxnorm
114,Q0,AP901219-0144,460,0.21426118656844603,minmaxnorm
114,Q0,AP900227-0018,461,0.21415316474477852,minmaxnorm
114,Q0,SJMN91-06102039,462,0.21396982003743406,minmaxnorm
114,Q0,AP900809-0120,463,0.21352210762073523,minmaxnorm
114,Q0,AP901006-0061,464,0.2126730639860144,minmaxnorm
114,Q0,SJMN91-06304178,465,0.21262437097026068,minmaxnorm
114,Q0,SJMN91-06154094,466,0.21239229285335542,minmaxnorm
114,Q0,SJMN91-06337005,467,0.21231956291929702,minmaxnorm
114,Q0,AP900717-0177,468,0.2121265986839616,minmaxnorm
114,Q0,AP900401-0017,469,0.2113487962023,minmaxnorm
114,Q0,AP900524-0148,470,0.2112293013036188,minmaxnorm
114,Q0,ZF32-206-218,471,0.21110474838270277,minmaxnorm
114,Q0,AP900608-0201,472,0.21100055052434083,minmaxnorm
114,Q0,AP900531-0021,473,0.2107763008831319,minmaxnorm
114,Q0,SJMN91-06293025,474,0.2107281444676305,minmaxnorm
114,Q0,AP900429-0008,475,0.21020025695145272,minmaxnorm
114,Q0,AP900530-0037,476,0.21010669478166866,minmaxnorm
114,Q0,SJMN91-06128190,477,0.20846937843637955,minmaxnorm
114,Q0,AP900114-0017,478,0.2082771032707589,minmaxnorm
114,Q0,AP900612-0095,479,0.20817982379115121,minmaxnorm
114,Q0,SJMN91-06061198,480,0.2079295913382285,minmaxnorm
114,Q0,AP900528-0044,481,0.2078722406636967,minmaxnorm
114,Q0,SJMN91-06124240,482,0.2071584572044937,minmaxnorm
114,Q0,SJMN91-06069074,483,0.2068625917725043,minmaxnorm
114,Q0,AP900608-0066,484,0.2068342112157536,minmaxnorm
114,Q0,SJMN91-06029228,485,0.20672429914457988,minmaxnorm
114,Q0,SJMN91-06218006,486,0.20614599011224694,minmaxnorm
114,Q0,AP901129-0028,487,0.20579147671915984,minmaxnorm
114,Q0,AP900514-0093,488,0.2056261844668082,minmaxnorm
114,Q0,SJMN91-06205167,489,0.20511462042870104,minmaxnorm
114,Q0,AP901005-0117,490,0.2050230498576444,minmaxnorm
114,Q0,AP900317-0046,491,0.20494158164896603,minmaxnorm
114,Q0,AP900602-0010,492,0.20465810307143398,minmaxnorm
114,Q0,AP900830-0080,493,0.20462131085769097,minmaxnorm
114,Q0,AP900515-0122,494,0.2046006423365811,minmaxnorm
114,Q0,SJMN91-06053123,495,0.20449234947546355,minmaxnorm
114,Q0,AP901108-0012,496,0.2042351854857758,minmaxnorm
114,Q0,SJMN91-06260065,497,0.20397042600253154,minmaxnorm
114,Q0,AP900612-0079,498,0.2039189684603562,minmaxnorm
114,Q0,AP900416-0039,499,0.20387112950184924,minmaxnorm
114,Q0,AP900810-0090,500,0.20351562091016187,minmaxnorm
114,Q0,SJMN91-06007111,501,0.2033069645875713,minmaxnorm
114,Q0,SJMN91-06127171,502,0.20318721957885744,minmaxnorm
114,Q0,AP900207-0132,503,0.20264693827802457,minmaxnorm
114,Q0,AP901015-0099,504,0.2020454792980637,minmaxnorm
114,Q0,AP900403-0152,505,0.2017825044339434,minmaxnorm
114,Q0,SJMN91-06149020,506,0.20157933799755143,minmaxnorm
114,Q0,AP900607-0004,507,0.2005133843181382,minmaxnorm
114,Q0,AP900121-0012,508,0.2003382629568591,minmaxnorm
114,Q0,AP901214-0071,509,0.2000472121396477,minmaxnorm
114,Q0,AP900329-0007,510,0.19980133041708228,minmaxnorm
114,Q0,AP900710-0059,511,0.19935108661737935,minmaxnorm
114,Q0,SJMN91-06010167,512,0.19914226828459805,minmaxnorm
114,Q0,AP900316-0179,513,0.1988488656157961,minmaxnorm
114,Q0,SJMN91-06050109,514,0.19870184140413083,minmaxnorm
114,Q0,SJMN91-06053173,515,0.19854669461489574,minmaxnorm
114,Q0,AP900709-0130,516,0.19847711551418012,minmaxnorm
114,Q0,SJMN91-06196008,517,0.19846750725843437,minmaxnorm
114,Q0,AP900131-0027,518,0.1984531577262184,minmaxnorm
114,Q0,AP900710-0211,519,0.19805621452242694,minmaxnorm
114,Q0,SJMN91-06010213,520,0.19803196076659232,minmaxnorm
114,Q0,SJMN91-06075221,521,0.19765499578259307,minmaxnorm
114,Q0,ZF32-206-034,522,0.19748851163048667,minmaxnorm
114,Q0,AP900709-0103,523,0.19746915250357627,minmaxnorm
114,Q0,AP900606-0162,524,0.19721847382756633,minmaxnorm
114,Q0,AP900525-0018,525,0.19662164575740781,minmaxnorm
114,Q0,AP900413-0144,526,0.19659892099177737,minmaxnorm
114,Q0,AP901214-0097,527,0.1961280453455635,minmaxnorm
114,Q0,AP900328-0053,528,0.19582317535844965,minmaxnorm
114,Q0,ZF32-199-311,529,0.19556369307793683,minmaxnorm
114,Q0,SJMN91-06120147,530,0.19548730113571122,minmaxnorm
114,Q0,AP901218-0081,531,0.19546023977062876,minmaxnorm
114,Q0,AP900822-0039,532,0.19529478326780064,minmaxnorm
114,Q0,AP900707-0015,533,0.19506632057877432,minmaxnorm
114,Q0,SJMN91-06007146,534,0.19505500848263513,minmaxnorm
114,Q0,AP900407-0015,535,0.19497255477320916,minmaxnorm
114,Q0,AP900702-0135,536,0.1949478067936387,minmaxnorm
114,Q0,SJMN91-06158028,537,0.19417787069377263,minmaxnorm
114,Q0,AP901007-0013,538,0.19411592093517357,minmaxnorm
114,Q0,AP900329-0045,539,0.194002300162308,minmaxnorm
114,Q0,SJMN91-06079171,540,0.19386598185716875,minmaxnorm
114,Q0,AP900414-0093,541,0.19372335701911247,minmaxnorm
114,Q0,AP900915-0013,542,0.19362509769303435,minmaxnorm
114,Q0,AP901206-0172,543,0.19358763546512206,minmaxnorm
114,Q0,AP900428-0087,544,0.192848619463433,minmaxnorm
114,Q0,AP900810-0112,545,0.19283192037403973,minmaxnorm
114,Q0,AP900309-0115,546,0.19241278451807942,minmaxnorm
114,Q0,SJMN91-06213147,547,0.1923050841455304,minmaxnorm
114,Q0,SJMN91-06198245,548,0.19195405159856113,minmaxnorm
114,Q0,AP900219-0085,549,0.19177348571505273,minmaxnorm
114,Q0,SJMN91-06051057,550,0.1915714544569776,minmaxnorm
114,Q0,SJMN91-06070034,551,0.1913203695123065,minmaxnorm
114,Q0,AP900702-0089,552,0.19123386224612235,minmaxnorm
114,Q0,SJMN91-06253089,553,0.19111522864472127,minmaxnorm
114,Q0,AP901114-0113,554,0.19089384272859744,minmaxnorm
114,Q0,AP900801-0157,555,0.19087775797979373,minmaxnorm
114,Q0,AP900822-0161,556,0.1907896037714524,minmaxnorm
114,Q0,AP901211-0128,557,0.19074945695377338,minmaxnorm
114,Q0,AP900919-0034,558,0.1904594345259807,minmaxnorm
114,Q0,ZF32-240-288,559,0.1901295711405658,minmaxnorm
114,Q0,AP900409-0111,560,0.18965488600107097,minmaxnorm
114,Q0,ZF32-076-174,561,0.18959441431260024,minmaxnorm
114,Q0,AP900408-0013,562,0.18925191170308517,minmaxnorm
114,Q0,AP901008-0107,563,0.18900362089793352,minmaxnorm
114,Q0,ZF32-225-191,564,0.18868703496221426,minmaxnorm
114,Q0,SJMN91-06233059,565,0.18856849742115506,minmaxnorm
114,Q0,AP901005-0092,566,0.18839445917819866,minmaxnorm
114,Q0,AP900219-0143,567,0.1880752526214689,minmaxnorm
114,Q0,SJMN91-06140165,568,0.18804985113952216,minmaxnorm
114,Q0,AP900511-0127,569,0.18791999240236765,minmaxnorm
114,Q0,SJMN91-06099209,570,0.18791496428482438,minmaxnorm
114,Q0,AP900412-0103,571,0.1875426644574073,minmaxnorm
114,Q0,AP900512-0043,572,0.18738390553349052,minmaxnorm
114,Q0,AP900201-0144,573,0.1870664946091435,minmaxnorm
114,Q0,AP900727-0155,574,0.18692681918613663,minmaxnorm
114,Q0,AP900811-0019,575,0.18677918816731476,minmaxnorm
114,Q0,AP900329-0215,576,0.18655710273194237,minmaxnorm
114,Q0,SJMN91-06127169,577,0.18649926893023655,minmaxnorm
114,Q0,AP900627-0047,578,0.18646935183483837,minmaxnorm
114,Q0,SJMN91-06231109,579,0.1864585650412774,minmaxnorm
114,Q0,AP901207-0179,580,0.186286956835086,minmaxnorm
114,Q0,SJMN91-06242190,581,0.18623222551604748,minmaxnorm
114,Q0,AP901010-0135,582,0.18554721249344114,minmaxnorm
114,Q0,AP901120-0013,583,0.18532057887384415,minmaxnorm
114,Q0,SJMN91-06258020,584,0.18506063587861013,minmaxnorm
114,Q0,AP901001-0125,585,0.18501351535087782,minmaxnorm
114,Q0,ZF32-033-069,586,0.18454164922265112,minmaxnorm
114,Q0,AP900906-0138,587,0.1844502881280029,minmaxnorm
114,Q0,AP900625-0143,588,0.18386293973380782,minmaxnorm
114,Q0,SJMN91-06106157,589,0.183837501056162,minmaxnorm
114,Q0,AP900426-0185,590,0.18360952220197627,minmaxnorm
114,Q0,SJMN91-06046139,591,0.18239882467470223,minmaxnorm
114,Q0,AP900809-0133,592,0.18239191613576833,minmaxnorm
114,Q0,ZF32-109-006,593,0.1823874920557776,minmaxnorm
114,Q0,AP900703-0083,594,0.1821898933386285,minmaxnorm
114,Q0,SJMN91-06354255,595,0.1818708103557086,minmaxnorm
114,Q0,AP900627-0178,596,0.18158743306426148,minmaxnorm
114,Q0,ZF32-028-159,597,0.1815423073813149,minmaxnorm
114,Q0,ZF32-028-175,598,0.1815209585962502,minmaxnorm
114,Q0,AP900101-0127,599,0.18149886696959708,minmaxnorm
114,Q0,AP900724-0123,600,0.1812153253523108,minmaxnorm
114,Q0,SJMN91-06214245,601,0.18119735015046717,minmaxnorm
114,Q0,AP900808-0049,602,0.18100293626888123,minmaxnorm
114,Q0,AP900409-0136,603,0.18043824036026884,minmaxnorm
114,Q0,AP900510-0089,604,0.18033398148725596,minmaxnorm
114,Q0,AP900201-0079,605,0.18017024846872487,minmaxnorm
114,Q0,SJMN91-06213037,606,0.1797733756745781,minmaxnorm
114,Q0,AP900525-0102,607,0.17956393665991466,minmaxnorm
114,Q0,AP901031-0185,608,0.17945672740889718,minmaxnorm
114,Q0,AP900110-0140,609,0.1791054623893798,minmaxnorm
114,Q0,ZF32-144-049,610,0.17900976325778312,minmaxnorm
114,Q0,SJMN91-06200117,611,0.17898953579756705,minmaxnorm
114,Q0,AP900130-0180,612,0.17838421603925572,minmaxnorm
114,Q0,ZF32-223-256,613,0.17805701435001375,minmaxnorm
114,Q0,AP900811-0020,614,0.17790313051220372,minmaxnorm
114,Q0,AP900822-0077,615,0.17766908231289294,minmaxnorm
114,Q0,AP901105-0089,616,0.17720737324588035,minmaxnorm
114,Q0,AP900427-0083,617,0.1769763707934865,minmaxnorm
114,Q0,SJMN91-06179177,618,0.17686499091478783,minmaxnorm
114,Q0,AP900829-0183,619,0.17683463271549227,minmaxnorm
114,Q0,AP900322-0162,620,0.17660609884947417,minmaxnorm
114,Q0,AP901127-0114,621,0.17635888415233741,minmaxnorm
114,Q0,AP901120-0145,622,0.17621271532571997,minmaxnorm
114,Q0,AP900413-0091,623,0.175404160697197,minmaxnorm
114,Q0,AP900316-0063,624,0.174948828648836,minmaxnorm
114,Q0,AP900618-0048,625,0.17482280846690457,minmaxnorm
114,Q0,AP900501-0085,626,0.1748014876532819,minmaxnorm
114,Q0,AP900907-0018,627,0.17455733296952963,minmaxnorm
114,Q0,AP900116-0002,628,0.17405875726077766,minmaxnorm
114,Q0,AP900809-0018,629,0.173973199846424,minmaxnorm
114,Q0,AP900406-0175,630,0.17392093950333182,minmaxnorm
114,Q0,AP900108-0003,631,0.17336358234636812,minmaxnorm
114,Q0,AP901119-0199,632,0.17307897944576223,minmaxnorm
114,Q0,AP900927-0095,633,0.17304554932823807,minmaxnorm
114,Q0,AP900104-0191,634,0.17290116301181133,minmaxnorm
114,Q0,ZF32-183-083,635,0.171784620363476,minmaxnorm
114,Q0,AP900424-0081,636,0.1716484924142325,minmaxnorm
114,Q0,SJMN91-06296161,637,0.1712882128213164,minmaxnorm
114,Q0,AP900515-0074,638,0.1709238049613398,minmaxnorm
114,Q0,AP900219-0161,639,0.17086820274570055,minmaxnorm
114,Q0,SJMN91-06224150,640,0.17041768882949476,minmaxnorm
114,Q0,SJMN91-06105105,641,0.17031895438480835,minmaxnorm
114,Q0,AP900422-0040,642,0.16992353489012368,minmaxnorm
114,Q0,AP900418-0206,643,0.16983242439987278,minmaxnorm
114,Q0,SJMN91-06135197,644,0.16982282305461174,minmaxnorm
114,Q0,AP900501-0028,645,0.1697392727709279,minmaxnorm
114,Q0,SJMN91-06247017,646,0.16970052500455596,minmaxnorm
114,Q0,SJMN91-06100008,647,0.16927216021223668,minmaxnorm
114,Q0,AP900803-0105,648,0.16922795652807765,minmaxnorm
114,Q0,AP900914-0003,649,0.16921904884354122,minmaxnorm
114,Q0,AP900915-0081,650,0.16853042522144696,minmaxnorm
114,Q0,AP901203-0008,651,0.1684439861803577,minmaxnorm
114,Q0,AP901204-0001,652,0.16826847512738474,minmaxnorm
114,Q0,SJMN91-06158086,653,0.16804897396989754,minmaxnorm
114,Q0,SJMN91-06037124,654,0.16791083971551543,minmaxnorm
114,Q0,ZF32-133-177,655,0.16778155859205426,minmaxnorm
114,Q0,ZF32-086-175,656,0.16761441488710477,minmaxnorm
114,Q0,AP900506-0070,657,0.16740819545631674,minmaxnorm
114,Q0,AP900822-0180,658,0.1666796332289033,minmaxnorm
114,Q0,AP900817-0118,659,0.16663804319948,minmaxnorm
114,Q0,SJMN91-06150007,660,0.16657082395593678,minmaxnorm
114,Q0,SJMN91-06093114,661,0.1664612811530082,minmaxnorm
114,Q0,AP900413-0183,662,0.16628017563005612,minmaxnorm
114,Q0,AP901117-0004,663,0.16623673417684062,minmaxnorm
114,Q0,ZF32-084-185,664,0.1657145361558461,minmaxnorm
114,Q0,SJMN91-06199088,665,0.16558351280468886,minmaxnorm
114,Q0,AP900302-0055,666,0.16544890168885143,minmaxnorm
114,Q0,AP900404-0167,667,0.1654305658823317,minmaxnorm
114,Q0,AP901204-0074,668,0.16538270077911818,minmaxnorm
114,Q0,AP900509-0148,669,0.16533665998853145,minmaxnorm
114,Q0,AP901011-0125,670,0.16485167766131462,minmaxnorm
114,Q0,AP900308-0143,671,0.16480640339838212,minmaxnorm
114,Q0,SJMN91-06098048,672,0.16407957119101846,minmaxnorm
114,Q0,AP900911-0008,673,0.16391020256845726,minmaxnorm
114,Q0,AP900515-0160,674,0.1637732805678286,minmaxnorm
114,Q0,AP900526-0079,675,0.1635981399735715,minmaxnorm
114,Q0,SJMN91-06168095,676,0.16352883455933165,minmaxnorm
114,Q0,AP901026-0059,677,0.16352755929992302,minmaxnorm
114,Q0,ZF32-182-010,678,0.16340303133718254,minmaxnorm
114,Q0,SJMN91-06134031,679,0.16309590644245836,minmaxnorm
114,Q0,AP900916-0034,680,0.16302754089542054,minmaxnorm
114,Q0,SJMN91-06183107,681,0.16274479830024263,minmaxnorm
114,Q0,AP900306-0153,682,0.16211650516146273,minmaxnorm
114,Q0,AP900523-0101,683,0.1620894081472015,minmaxnorm
114,Q0,AP900621-0117,684,0.16201647086324206,minmaxnorm
114,Q0,ZF32-218-290,685,0.16165705862406027,minmaxnorm
114,Q0,AP900521-0021,686,0.16123499149733997,minmaxnorm
114,Q0,SJMN91-06324075,687,0.1611936395812406,minmaxnorm
114,Q0,SJMN91-06327211,688,0.16096373226060767,minmaxnorm
114,Q0,AP900409-0185,689,0.16087061901717295,minmaxnorm
114,Q0,AP900129-0101,690,0.16075386858241542,minmaxnorm
114,Q0,AP900828-0072,691,0.16040354758544134,minmaxnorm
114,Q0,AP900421-0066,692,0.16030133403842398,minmaxnorm
114,Q0,SJMN91-06039052,693,0.15986063474617357,minmaxnorm
114,Q0,SJMN91-06126167,694,0.15920990659622974,minmaxnorm
114,Q0,SJMN91-06150275,695,0.15902977344810543,minmaxnorm
114,Q0,SJMN91-06017196,696,0.15898724808856146,minmaxnorm
114,Q0,SJMN91-06171191,697,0.15890859350241332,minmaxnorm
114,Q0,AP901115-0177,698,0.15878447861913042,minmaxnorm
114,Q0,SJMN91-06081221,699,0.15841093468766346,minmaxnorm
114,Q0,AP900210-0003,700,0.1584012857199259,minmaxnorm
114,Q0,AP900417-0056,701,0.1582787051091122,minmaxnorm
114,Q0,AP900428-0118,702,0.15793946426993316,minmaxnorm
114,Q0,AP900602-0068,703,0.15763799728450698,minmaxnorm
114,Q0,AP900703-0138,704,0.15747583039814517,minmaxnorm
114,Q0,AP900416-0146,705,0.15743181344240736,minmaxnorm
114,Q0,ZF32-086-305,706,0.15741372877066032,minmaxnorm
114,Q0,ZF32-147-062,707,0.1573244257516835,minmaxnorm
114,Q0,SJMN91-06020025,708,0.15704781428636083,minmaxnorm
114,Q0,SJMN91-06158043,709,0.15688034931821393,minmaxnorm
114,Q0,AP900302-0089,710,0.15663461965219727,minmaxnorm
114,Q0,ZF32-016-025,711,0.156071213470914,minmaxnorm
114,Q0,AP901222-0030,712,0.15583443098068947,minmaxnorm
114,Q0,ZF32-088-245,713,0.15579150348824533,minmaxnorm
114,Q0,AP900820-0065,714,0.15556001055069618,minmaxnorm
114,Q0,SJMN91-06024421,715,0.15547548501384664,minmaxnorm
114,Q0,AP900405-0029,716,0.1554240407842966,minmaxnorm
114,Q0,AP901015-0184,717,0.1551283315178952,minmaxnorm
114,Q0,ZF32-102-021,718,0.1549357595642006,minmaxnorm
114,Q0,ZF32-275-041,719,0.15489316282849586,minmaxnorm
114,Q0,ZF32-102-136,720,0.1548574582252365,minmaxnorm
114,Q0,ZF32-001-259,721,0.15459515992708464,minmaxnorm
114,Q0,AP900626-0252,722,0.15456756952875256,minmaxnorm
114,Q0,SJMN91-06047122,723,0.1545072053956311,minmaxnorm
114,Q0,SJMN91-06017222,724,0.1539165266407963,minmaxnorm
114,Q0,SJMN91-06166159,725,0.15376068528005352,minmaxnorm
114,Q0,ZF32-141-037,726,0.1526314416009225,minmaxnorm
114,Q0,SJMN91-06049118,727,0.15212496629583308,minmaxnorm
114,Q0,SJMN91-06114044,728,0.15198288363113013,minmaxnorm
114,Q0,AP900511-0179,729,0.15165907478068913,minmaxnorm
114,Q0,SJMN91-06343145,730,0.1515605239889693,minmaxnorm
114,Q0,AP900519-0069,731,0.1514689922241888,minmaxnorm
114,Q0,AP901102-0146,732,0.1514262321287034,minmaxnorm
114,Q0,ZF32-026-229,733,0.15115176044131196,minmaxnorm
114,Q0,ZF32-004-079,734,0.15114222846529374,minmaxnorm
114,Q0,AP900909-0005,735,0.15106725978710356,minmaxnorm
114,Q0,AP900201-0076,736,0.1507349074760366,minmaxnorm
114,Q0,SJMN91-06163052,737,0.1505485932571221,minmaxnorm
114,Q0,SJMN91-06095053,738,0.15040332627848704,minmaxnorm
114,Q0,SJMN91-06095098,739,0.1501495313646978,minmaxnorm
114,Q0,AP900911-0009,740,0.1501144870896488,minmaxnorm
114,Q0,AP900703-0134,741,0.1498228261879832,minmaxnorm
114,Q0,AP900212-0035,742,0.14956128024109758,minmaxnorm
114,Q0,SJMN91-06087131,743,0.1495401398948235,minmaxnorm
114,Q0,ZF32-352-074,744,0.14941820265835393,minmaxnorm
114,Q0,AP900717-0075,745,0.14913915943570716,minmaxnorm
114,Q0,AP900117-0093,746,0.1484519008603133,minmaxnorm
114,Q0,ZF32-181-214,747,0.14806730877724258,minmaxnorm
114,Q0,AP900512-0035,748,0.14720011253353132,minmaxnorm
114,Q0,ZF32-058-174,749,0.14664815585623878,minmaxnorm
114,Q0,AP901109-0090,750,0.14634076065636284,minmaxnorm
114,Q0,SJMN91-06025038,751,0.14630454606361945,minmaxnorm
114,Q0,ZF32-052-326,752,0.1456996723210994,minmaxnorm
114,Q0,SJMN91-06108143,753,0.14563370991841706,minmaxnorm
114,Q0,AP901109-0017,754,0.14511431690982626,minmaxnorm
114,Q0,AP900117-0144,755,0.14508120806305408,minmaxnorm
114,Q0,AP900223-0206,756,0.14398366522772846,minmaxnorm
114,Q0,SJMN91-06258023,757,0.14398027449014353,minmaxnorm
114,Q0,ZF32-056-015,758,0.14381886464889426,minmaxnorm
114,Q0,AP900620-0234,759,0.14377742638350316,minmaxnorm
114,Q0,AP901031-0172,760,0.14360520262305237,minmaxnorm
114,Q0,ZF32-132-173,761,0.14321416840453793,minmaxnorm
114,Q0,ZF32-078-273,762,0.14318494996468512,minmaxnorm
114,Q0,SJMN91-06208068,763,0.14311050524773902,minmaxnorm
114,Q0,AP900317-0151,764,0.14300302456014996,minmaxnorm
114,Q0,ZF32-144-054,765,0.14265157523271008,minmaxnorm
114,Q0,AP901011-0179,766,0.14264488531117253,minmaxnorm
114,Q0,ZF32-109-002,767,0.14236513228739903,minmaxnorm
114,Q0,SJMN91-06024221,768,0.142163447576284,minmaxnorm
114,Q0,SJMN91-06334185,769,0.1419225076029646,minmaxnorm
114,Q0,AP900531-0146,770,0.14188838542467716,minmaxnorm
114,Q0,SJMN91-06213001,771,0.1418228026661424,minmaxnorm
114,Q0,SJMN91-06213042,772,0.14175479348432138,minmaxnorm
114,Q0,AP901203-0014,773,0.14173919888380318,minmaxnorm
114,Q0,AP901030-0015,774,0.14144904833433916,minmaxnorm
114,Q0,AP900416-0060,775,0.1412281884582835,minmaxnorm
114,Q0,SJMN91-06330051,776,0.14102762372630706,minmaxnorm
114,Q0,SJMN91-06138060,777,0.14093700264144546,minmaxnorm
114,Q0,AP900110-0107,778,0.14089762247749735,minmaxnorm
114,Q0,AP900521-0106,779,0.1402512184960566,minmaxnorm
114,Q0,ZF32-288-641,780,0.14010067457102215,minmaxnorm
114,Q0,SJMN91-06068152,781,0.1398292977284647,minmaxnorm
114,Q0,AP901130-0069,782,0.13970441529135835,minmaxnorm
114,Q0,AP901226-0092,783,0.13969664286382877,minmaxnorm
114,Q0,AP900120-0040,784,0.13914624417427604,minmaxnorm
114,Q0,AP900517-0168,785,0.1390091995920089,minmaxnorm
114,Q0,AP900926-0136,786,0.13894730765003846,minmaxnorm
114,Q0,AP900410-0071,787,0.13879909700819087,minmaxnorm
114,Q0,AP900825-0029,788,0.13871211552892257,minmaxnorm
114,Q0,SJMN91-06124090,789,0.13851380070688346,minmaxnorm
114,Q0,AP900104-0056,790,0.13832273584746613,minmaxnorm
114,Q0,AP900222-0201,791,0.13785100901458058,minmaxnorm
114,Q0,SJMN91-06103028,792,0.13710117420765813,minmaxnorm
114,Q0,AP901203-0042,793,0.13706226154272272,minmaxnorm
114,Q0,AP900514-0110,794,0.13686109115771972,minmaxnorm
114,Q0,ZF32-240-178,795,0.13664797979269833,minmaxnorm
114,Q0,ZF32-184-006,796,0.1363928612582369,minmaxnorm
114,Q0,SJMN91-06259066,797,0.13609903291417597,minmaxnorm
114,Q0,AP900118-0223,798,0.13600561328051522,minmaxnorm
114,Q0,AP900823-0025,799,0.13571462110638757,minmaxnorm
114,Q0,SJMN91-06036060,800,0.13548453142823882,minmaxnorm
114,Q0,AP901220-0118,801,0.1352131786759593,minmaxnorm
114,Q0,ZF310-644-470,802,0.13516820083852973,minmaxnorm
114,Q0,SJMN91-06333194,803,0.1349586802256252,minmaxnorm
114,Q0,ZF32-058-056,804,0.13467753908883112,minmaxnorm
114,Q0,AP900816-0145,805,0.13467206587968933,minmaxnorm
114,Q0,AP900901-0116,806,0.1340256623932355,minmaxnorm
114,Q0,AP900314-0012,807,0.13401285440247404,minmaxnorm
114,Q0,AP900228-0220,808,0.13400103707082073,minmaxnorm
114,Q0,SJMN91-06254124,809,0.1338299116875172,minmaxnorm
114,Q0,ZF32-013-212,810,0.1327681101408129,minmaxnorm
114,Q0,AP900423-0024,811,0.1322565844615607,minmaxnorm
114,Q0,SJMN91-06066037,812,0.13159626812883637,minmaxnorm
114,Q0,ZF32-085-085,813,0.13138201944943687,minmaxnorm
114,Q0,ZF32-223-052,814,0.13128176485515722,minmaxnorm
114,Q0,AP900809-0030,815,0.13110146732323263,minmaxnorm
114,Q0,SJMN91-06158144,816,0.1310679133405389,minmaxnorm
114,Q0,AP901121-0186,817,0.13100906810776913,minmaxnorm
114,Q0,ZF32-144-051,818,0.1299971479516732,minmaxnorm
114,Q0,AP900627-0096,819,0.1298207184864445,minmaxnorm
114,Q0,AP900321-0210,820,0.1297138444678847,minmaxnorm
114,Q0,SJMN91-06116228,821,0.12910829348189368,minmaxnorm
114,Q0,AP900807-0150,822,0.12910432555284237,minmaxnorm
114,Q0,AP901124-0108,823,0.12895689000003402,minmaxnorm
114,Q0,AP900120-0123,824,0.12853917036720897,minmaxnorm
114,Q0,AP900809-0087,825,0.12836585016420943,minmaxnorm
114,Q0,AP900422-0068,826,0.12819089871715014,minmaxnorm
114,Q0,AP901124-0036,827,0.1281688773200872,minmaxnorm
114,Q0,SJMN91-06220192,828,0.12814160216898998,minmaxnorm
114,Q0,SJMN91-06128182,829,0.12800065913089115,minmaxnorm
114,Q0,SJMN91-06272014,830,0.12774425247688925,minmaxnorm
114,Q0,AP900428-0048,831,0.12744151336000573,minmaxnorm
114,Q0,AP901216-0023,832,0.12737563938580843,minmaxnorm
114,Q0,AP901126-0193,833,0.12671964420283366,minmaxnorm
114,Q0,AP900628-0019,834,0.12602922079456344,minmaxnorm
114,Q0,PT3-05155491,835,0.12585040989866328,minmaxnorm
114,Q0,AP901005-0009,836,0.1253404440094848,minmaxnorm
114,Q0,AP900426-0144,837,0.12522824556233403,minmaxnorm
114,Q0,AP900809-0050,838,0.12450541616866131,minmaxnorm
114,Q0,SJMN91-06159146,839,0.12425006918078757,minmaxnorm
114,Q0,ZF32-135-167,840,0.12369974600376335,minmaxnorm
114,Q0,SJMN91-06165042,841,0.12320828424302761,minmaxnorm
114,Q0,SJMN91-06226074,842,0.12241050936049058,minmaxnorm
114,Q0,AP901010-0104,843,0.12227945536561956,minmaxnorm
114,Q0,AP900426-0007,844,0.122150641223503,minmaxnorm
114,Q0,SJMN91-06059104,845,0.1220620236576544,minmaxnorm
114,Q0,AP900914-0175,846,0.12159409711657618,minmaxnorm
114,Q0,AP901209-0027,847,0.12127639178693472,minmaxnorm
114,Q0,PT3-05155490,848,0.1203098388563777,minmaxnorm
114,Q0,AP901020-0061,849,0.12017916797297366,minmaxnorm
114,Q0,ZF32-025-216,850,0.12011528010050947,minmaxnorm
114,Q0,SJMN91-06164154,851,0.11984706987551713,minmaxnorm
114,Q0,SJMN91-06103063,852,0.11955196521116006,minmaxnorm
114,Q0,PT3-05177362,853,0.11947095728863971,minmaxnorm
114,Q0,AP901212-0073,854,0.11932378484982528,minmaxnorm
114,Q0,AP900113-0078,855,0.1191404528138151,minmaxnorm
114,Q0,SJMN91-06260081,856,0.11908703042456717,minmaxnorm
114,Q0,SJMN91-06336176,857,0.11903097208686889,minmaxnorm
114,Q0,SJMN91-06082223,858,0.11851836907505849,minmaxnorm
114,Q0,AP900108-0149,859,0.11820115659984816,minmaxnorm
114,Q0,AP900601-0011,860,0.11777110080280136,minmaxnorm
114,Q0,AP900216-0103,861,0.11763054675671926,minmaxnorm
114,Q0,ZF32-039-189,862,0.1172256330248061,minmaxnorm
114,Q0,ZF32-111-207,863,0.11700601367283583,minmaxnorm
114,Q0,SJMN91-06178237,864,0.11698782937064646,minmaxnorm
114,Q0,AP900726-0166,865,0.11697408424628018,minmaxnorm
114,Q0,SJMN91-06092029,866,0.11696047823477021,minmaxnorm
114,Q0,SJMN91-06115221,867,0.11690025627609724,minmaxnorm
114,Q0,AP900928-0060,868,0.1168894291439107,minmaxnorm
114,Q0,ZF32-199-077,869,0.11635143602250021,minmaxnorm
114,Q0,AP900105-0083,870,0.11620586191400809,minmaxnorm
114,Q0,AP901211-0030,871,0.11551457527913461,minmaxnorm
114,Q0,AP901205-0060,872,0.11544963348664596,minmaxnorm
114,Q0,ZF32-245-205,873,0.11544246546521073,minmaxnorm
114,Q0,AP900504-0119,874,0.11535508265553944,minmaxnorm
114,Q0,AP901119-0197,875,0.11521684572710439,minmaxnorm
114,Q0,AP901103-0064,876,0.11520024427221158,minmaxnorm
114,Q0,AP900108-0151,877,0.11507386777517478,minmaxnorm
114,Q0,AP900820-0022,878,0.11506480343732668,minmaxnorm
114,Q0,AP901009-0031,879,0.11500781155421567,minmaxnorm
114,Q0,AP901203-0202,880,0.11490257013052951,minmaxnorm
114,Q0,AP900313-0087,881,0.11480531291361469,minmaxnorm
114,Q0,SJMN91-06259055,882,0.11477788617080036,minmaxnorm
114,Q0,AP900330-0033,883,0.11475193461240413,minmaxnorm
114,Q0,ZF32-196-156,884,0.11461461711331707,minmaxnorm
114,Q0,ZF32-240-194,885,0.11460954499349707,minmaxnorm
114,Q0,AP900208-0028,886,0.11455860078157289,minmaxnorm
114,Q0,AP900817-0150,887,0.11450901454948967,minmaxnorm
114,Q0,AP901009-0179,888,0.11405539151288653,minmaxnorm
114,Q0,SJMN91-06230176,889,0.11391588373636057,minmaxnorm
114,Q0,SJMN91-06228034,890,0.11380683724193193,minmaxnorm
114,Q0,AP900115-0190,891,0.1137442207618327,minmaxnorm
114,Q0,AP901221-0049,892,0.11318623995059873,minmaxnorm
114,Q0,SJMN91-06166236,893,0.11271823243240649,minmaxnorm
114,Q0,AP901020-0056,894,0.11262142964606298,minmaxnorm
114,Q0,AP900824-0195,895,0.11246116271346199,minmaxnorm
114,Q0,AP901010-0159,896,0.11239192388450282,minmaxnorm
114,Q0,AP900824-0041,897,0.1122808837295977,minmaxnorm
114,Q0,AP900416-0148,898,0.11149066703597074,minmaxnorm
114,Q0,ZF32-009-347,899,0.11096741845218672,minmaxnorm
114,Q0,SJMN91-06098042,900,0.11080724352879882,minmaxnorm
114,Q0,PT3-05154777,901,0.11054295324429701,minmaxnorm
114,Q0,SJMN91-06141090,902,0.11051503887553044,minmaxnorm
114,Q0,AP900716-0117,903,0.11019233956462267,minmaxnorm
114,Q0,ZF32-106-159,904,0.10978910609790886,minmaxnorm
114,Q0,SJMN91-06107071,905,0.1096640328511835,minmaxnorm
114,Q0,AP901218-0035,906,0.10962965898755331,minmaxnorm
114,Q0,AP900810-0009,907,0.10901783277019444,minmaxnorm
114,Q0,SJMN91-06166211,908,0.10889113849951354,minmaxnorm
114,Q0,AP900515-0094,909,0.10834811024722604,minmaxnorm
114,Q0,SJMN91-06096185,910,0.10823073600349573,minmaxnorm
114,Q0,AP900723-0184,911,0.10807830510308616,minmaxnorm
114,Q0,AP900205-0049,912,0.10806408649460666,minmaxnorm
114,Q0,AP900929-0016,913,0.10792194519745069,minmaxnorm
114,Q0,SJMN91-06145078,914,0.10789048542563408,minmaxnorm
114,Q0,AP900628-0186,915,0.10758311007644561,minmaxnorm
114,Q0,AP900710-0044,916,0.10748638338429761,minmaxnorm
114,Q0,PT3-05177490,917,0.10744069418421125,minmaxnorm
114,Q0,ZF32-117-036,918,0.10691309734923296,minmaxnorm
114,Q0,AP901126-0184,919,0.10639726259177316,minmaxnorm
114,Q0,AP900823-0003,920,0.10597797847001837,minmaxnorm
114,Q0,AP900824-0150,921,0.10580094379407314,minmaxnorm
114,Q0,AP901129-0001,922,0.10553593427489047,minmaxnorm
114,Q0,AP900115-0193,923,0.10513714386268452,minmaxnorm
114,Q0,AP900906-0006,924,0.1042354986634566,minmaxnorm
114,Q0,AP900726-0201,925,0.10372507317119434,minmaxnorm
114,Q0,AP900402-0162,926,0.10299116763766024,minmaxnorm
114,Q0,AP900904-0208,927,0.10271546691102172,minmaxnorm
114,Q0,SJMN91-06037325,928,0.10268015967512699,minmaxnorm
114,Q0,AP900830-0183,929,0.10263462574160433,minmaxnorm
114,Q0,AP901210-0036,930,0.10249375970601733,minmaxnorm
114,Q0,SJMN91-06155046,931,0.10207491021917911,minmaxnorm
114,Q0,SJMN91-06328064,932,0.10126484407399007,minmaxnorm
114,Q0,AP900626-0032,933,0.10106279694910153,minmaxnorm
114,Q0,AP900122-0211,934,0.10102958587396747,minmaxnorm
114,Q0,AP900809-0052,935,0.10097224429349999,minmaxnorm
114,Q0,AP901109-0115,936,0.10043379945473535,minmaxnorm
114,Q0,AP900210-0115,937,0.09995988134438098,minmaxnorm
114,Q0,ZF32-150-278,938,0.09952839636045589,minmaxnorm
114,Q0,AP900414-0114,939,0.09938381410830388,minmaxnorm
114,Q0,AP900207-0140,940,0.09926618723561129,minmaxnorm
114,Q0,SJMN91-06046026,941,0.09887457963857846,minmaxnorm
114,Q0,AP901103-0131,942,0.09831613640537437,minmaxnorm
114,Q0,AP900508-0027,943,0.09811235001495915,minmaxnorm
114,Q0,SJMN91-06144224,944,0.09781613915454562,minmaxnorm
114,Q0,AP900920-0022,945,0.09777511566201784,minmaxnorm
114,Q0,ZF32-241-236,946,0.0974077480881823,minmaxnorm
114,Q0,AP900529-0009,947,0.09724981150635548,minmaxnorm
114,Q0,ZF32-105-112,948,0.09721477204404666,minmaxnorm
114,Q0,AP900607-0017,949,0.09708206147270496,minmaxnorm
114,Q0,SJMN91-06222237,950,0.0969073337772335,minmaxnorm
114,Q0,SJMN91-06025080,951,0.09658520243904103,minmaxnorm
114,Q0,AP900718-0152,952,0.09633663734710018,minmaxnorm
114,Q0,ZF32-085-120,953,0.09627965756807734,minmaxnorm
114,Q0,SJMN91-06167043,954,0.09596863016493513,minmaxnorm
114,Q0,AP901202-0082,955,0.09586487849631568,minmaxnorm
114,Q0,AP900224-0158,956,0.0957921874176951,minmaxnorm
114,Q0,ZF32-097-125,957,0.09546768927139512,minmaxnorm
114,Q0,AP901202-0040,958,0.09541716285605505,minmaxnorm
114,Q0,AP901208-0028,959,0.09536969301747764,minmaxnorm
114,Q0,SJMN91-06214058,960,0.09524972725237008,minmaxnorm
114,Q0,AP901210-0153,961,0.09473965859232522,minmaxnorm
114,Q0,AP900819-0055,962,0.09421199867240321,minmaxnorm
114,Q0,SJMN91-06116248,963,0.09413884681012705,minmaxnorm
114,Q0,AP900606-0086,964,0.09142435379750606,minmaxnorm
114,Q0,AP900816-0064,965,0.09123348298664583,minmaxnorm
114,Q0,AP901129-0143,966,0.0908624208840974,minmaxnorm
114,Q0,ZF32-193-288,967,0.09027871473159249,minmaxnorm
114,Q0,SJMN91-06262306,968,0.09003992015970512,minmaxnorm
114,Q0,AP900106-0091,969,0.0899667492801937,minmaxnorm
114,Q0,SJMN91-06333084,970,0.08970651843527376,minmaxnorm
114,Q0,ZF32-006-223,971,0.08945122745090518,minmaxnorm
114,Q0,AP900822-0178,972,0.08889562002361284,minmaxnorm
114,Q0,SJMN91-06096158,973,0.0888453443060645,minmaxnorm
114,Q0,SJMN91-06227217,974,0.0888290490666754,minmaxnorm
114,Q0,SJMN91-06092084,975,0.08865634001658637,minmaxnorm
114,Q0,SJMN91-06143095,976,0.08849027892285728,minmaxnorm
114,Q0,SJMN91-06169009,977,0.08809478306626405,minmaxnorm
114,Q0,ZF32-125-036,978,0.08780653909211258,minmaxnorm
114,Q0,AP900926-0003,979,0.08773043495415923,minmaxnorm
114,Q0,AP901210-0046,980,0.08737873297342941,minmaxnorm
114,Q0,AP900711-0008,981,0.08710678860097106,minmaxnorm
114,Q0,AP900415-0041,982,0.0867141706255517,minmaxnorm
114,Q0,AP901108-0033,983,0.08665598289022945,minmaxnorm
114,Q0,AP901208-0111,984,0.08642903322257173,minmaxnorm
114,Q0,SJMN91-06174154,985,0.08634376383445505,minmaxnorm
114,Q0,AP900105-0038,986,0.08610258507566905,minmaxnorm
114,Q0,AP900925-0236,987,0.08590126361152789,minmaxnorm
114,Q0,SJMN91-06224046,988,0.08583439391964552,minmaxnorm
114,Q0,AP900215-0057,989,0.08560238364845443,minmaxnorm
114,Q0,AP900905-0005,990,0.08557510867349657,minmaxnorm
114,Q0,AP900120-0060,991,0.08556998831899038,minmaxnorm
114,Q0,ZF32-067-076,992,0.08555843823461329,minmaxnorm
114,Q0,SJMN91-06140086,993,0.08555613167498899,minmaxnorm
114,Q0,AP900427-0020,994,0.08518340615486109,minmaxnorm
114,Q0,ZF32-161-011,995,0.08518233696430312,minmaxnorm
114,Q0,AP901116-0182,996,0.08479272328516704,minmaxnorm
114,Q0,AP900628-0024,997,0.08451923748248547,minmaxnorm
114,Q0,AP900604-0218,998,0.08433629359709333,minmaxnorm
114,Q0,AP900303-0017,999,0.08403128181465573,minmaxnorm
114,Q0,AP900823-0129,1000,0.08327466926903936,minmaxnorm
118,Q0,AP900217-0130,1,0.43235601897080517,minmaxnorm
118,Q0,SJMN91-06020167,2,0.3993841318139412,minmaxnorm
118,Q0,AP900617-0017,3,0.39385097027435095,minmaxnorm
118,Q0,AP900617-0049,4,0.38904284477286744,minmaxnorm
118,Q0,AP900810-0026,5,0.38301473690903837,minmaxnorm
118,Q0,AP900804-0080,6,0.3824431630793465,minmaxnorm
118,Q0,AP900723-0059,7,0.3755684252269913,minmaxnorm
118,Q0,AP900411-0071,8,0.3728366374062874,minmaxnorm
118,Q0,AP900501-0061,9,0.3708758920653503,minmaxnorm
118,Q0,AP900618-0099,10,0.3679400660750216,minmaxnorm
118,Q0,AP901003-0138,11,0.36054492620942463,minmaxnorm
118,Q0,AP900210-0133,12,0.3593750741968581,minmaxnorm
118,Q0,AP900410-0154,13,0.3568009376019103,minmaxnorm
118,Q0,AP900409-0077,14,0.35671612809944125,minmaxnorm
118,Q0,AP901027-0043,15,0.3540010464354374,minmaxnorm
118,Q0,AP900411-0105,16,0.353883818869447,minmaxnorm
118,Q0,AP900410-0097,17,0.35314430996321367,minmaxnorm
118,Q0,AP900424-0166,18,0.3518952822447079,minmaxnorm
118,Q0,SJMN91-06064121,19,0.3515799969926306,minmaxnorm
118,Q0,AP901127-0043,20,0.3513740678319923,minmaxnorm
118,Q0,AP900406-0168,21,0.3497225737009677,minmaxnorm
118,Q0,AP901031-0155,22,0.34966902539941425,minmaxnorm
118,Q0,AP900125-0143,23,0.34944830757580464,minmaxnorm
118,Q0,AP900706-0019,24,0.3492647325307842,minmaxnorm
118,Q0,AP901121-0082,25,0.34782674971186633,minmaxnorm
118,Q0,AP900908-0081,26,0.3461965812479321,minmaxnorm
118,Q0,AP900125-0113,27,0.3420136649646034,minmaxnorm
118,Q0,SJMN91-06323132,28,0.34003420761890446,minmaxnorm
118,Q0,AP900926-0018,29,0.3400200275084981,minmaxnorm
118,Q0,AP900424-0008,30,0.33509048004984293,minmaxnorm
118,Q0,AP901101-0082,31,0.3325044513607319,minmaxnorm
118,Q0,AP900417-0032,32,0.3322660145253113,minmaxnorm
118,Q0,AP900910-0043,33,0.33117839484307116,minmaxnorm
118,Q0,AP900904-0156,34,0.33052896992493774,minmaxnorm
118,Q0,AP901104-0037,35,0.3290132009324846,minmaxnorm
118,Q0,AP901105-0023,36,0.3288106540274993,minmaxnorm
118,Q0,AP900425-0071,37,0.3283269286000176,minmaxnorm
118,Q0,SJMN91-06072062,38,0.32736332535064844,minmaxnorm
118,Q0,AP900909-0027,39,0.3265062208642391,minmaxnorm
118,Q0,SJMN91-06122036,40,0.3258390725312913,minmaxnorm
118,Q0,AP900716-0112,41,0.3235560594224399,minmaxnorm
118,Q0,AP901107-0251,42,0.3227569463688244,minmaxnorm
118,Q0,AP900724-0197,43,0.3222847503205277,minmaxnorm
118,Q0,AP901214-0147,44,0.32063418142474776,minmaxnorm
118,Q0,AP900410-0144,45,0.31799049804267304,minmaxnorm
118,Q0,AP900413-0056,46,0.31642380832063655,minmaxnorm
118,Q0,AP900410-0133,47,0.31641292520397973,minmaxnorm
118,Q0,AP900405-0095,48,0.31540653050571127,minmaxnorm
118,Q0,AP900712-0037,49,0.31534220816078273,minmaxnorm
118,Q0,AP901015-0174,50,0.3150108477937121,minmaxnorm
118,Q0,AP900406-0156,51,0.31372595955503507,minmaxnorm
118,Q0,AP900407-0132,52,0.3134265583899938,minmaxnorm
118,Q0,AP900105-0070,53,0.3130938863859021,minmaxnorm
118,Q0,AP900715-0035,54,0.31284550789692056,minmaxnorm
118,Q0,SJMN91-06016062,55,0.31158579662029007,minmaxnorm
118,Q0,AP900910-0084,56,0.31009220675107557,minmaxnorm
118,Q0,SJMN91-06025232,57,0.31003827563775244,minmaxnorm
118,Q0,AP900531-0119,58,0.3096582768006159,minmaxnorm
118,Q0,SJMN91-06016209,59,0.3088831151180708,minmaxnorm
118,Q0,AP900813-0121,60,0.3086824352328738,minmaxnorm
118,Q0,SJMN91-06332019,61,0.3083194595052776,minmaxnorm
118,Q0,SJMN91-06015121,62,0.30823342652486024,minmaxnorm
118,Q0,AP901216-0016,63,0.3074373322872186,minmaxnorm
118,Q0,AP900406-0086,64,0.3073580041117584,minmaxnorm
118,Q0,AP900409-0100,65,0.30685982340682927,minmaxnorm
118,Q0,AP900213-0008,66,0.30553778268219967,minmaxnorm
118,Q0,AP900814-0028,67,0.3037156415635102,minmaxnorm
118,Q0,SJMN91-06203022,68,0.30359374278815715,minmaxnorm
118,Q0,SJMN91-06156172,69,0.3028827506335931,minmaxnorm
118,Q0,SJMN91-06065197,70,0.3019017194286052,minmaxnorm
118,Q0,SJMN91-06340131,71,0.30106113216582375,minmaxnorm
118,Q0,AP900424-0075,72,0.30080335341817904,minmaxnorm
118,Q0,AP901013-0079,73,0.29958613963175257,minmaxnorm
118,Q0,SJMN91-06063004,74,0.2994533542428628,minmaxnorm
118,Q0,AP900601-0078,75,0.29866901114275446,minmaxnorm
118,Q0,AP900317-0095,76,0.29841941205466715,minmaxnorm
118,Q0,AP901014-0053,77,0.2979062355083304,minmaxnorm
118,Q0,SJMN91-06031090,78,0.29688598686101575,minmaxnorm
118,Q0,SJMN91-06320245,79,0.2948296699007903,minmaxnorm
118,Q0,AP900530-0094,80,0.2938348649166867,minmaxnorm
118,Q0,AP901013-0046,81,0.29338627384920096,minmaxnorm
118,Q0,AP900814-0040,82,0.29325763445670955,minmaxnorm
118,Q0,AP900820-0011,83,0.29312498791306485,minmaxnorm
118,Q0,AP901102-0063,84,0.2928036972101947,minmaxnorm
118,Q0,SJMN91-06024420,85,0.29165305977368333,minmaxnorm
118,Q0,AP900813-0102,86,0.29089035574468436,minmaxnorm
118,Q0,AP901012-0178,87,0.2904198240543362,minmaxnorm
118,Q0,AP900606-0180,88,0.2902614990728065,minmaxnorm
118,Q0,AP900530-0108,89,0.29008385829757716,minmaxnorm
118,Q0,AP900416-0009,90,0.2898288310143165,minmaxnorm
118,Q0,SJMN91-06274064,91,0.28847558921741673,minmaxnorm
118,Q0,AP901006-0050,92,0.2866029176481911,minmaxnorm
118,Q0,AP900411-0053,93,0.28640978562998537,minmaxnorm
118,Q0,AP900515-0164,94,0.28618139948612464,minmaxnorm
118,Q0,SJMN91-06259035,95,0.2858413070971611,minmaxnorm
118,Q0,AP900702-0139,96,0.28570523756778193,minmaxnorm
118,Q0,AP900107-0046,97,0.28522782494718146,minmaxnorm
118,Q0,SJMN91-06319053,98,0.28516129361290815,minmaxnorm
118,Q0,SJMN91-06231020,99,0.2847374821809776,minmaxnorm
118,Q0,AP900422-0037,100,0.2831757065523168,minmaxnorm
118,Q0,SJMN91-06305178,101,0.28151890688625025,minmaxnorm
118,Q0,SJMN91-06041223,102,0.28099423774800536,minmaxnorm
118,Q0,AP901120-0137,103,0.28089792246846934,minmaxnorm
118,Q0,AP900429-0026,104,0.28074598968313624,minmaxnorm
118,Q0,AP900321-0028,105,0.2797132441034353,minmaxnorm
118,Q0,SJMN91-06320202,106,0.2790022609306521,minmaxnorm
118,Q0,AP900807-0125,107,0.27831235181047415,minmaxnorm
118,Q0,AP901124-0109,108,0.2782013027336389,minmaxnorm
118,Q0,AP900907-0155,109,0.275996377673987,minmaxnorm
118,Q0,AP901101-0032,110,0.27559357199814055,minmaxnorm
118,Q0,AP901127-0155,111,0.2755353422286326,minmaxnorm
118,Q0,SJMN91-06334192,112,0.27450293668420883,minmaxnorm
118,Q0,AP900508-0080,113,0.27438740316301613,minmaxnorm
118,Q0,AP900918-0105,114,0.27425919003679344,minmaxnorm
118,Q0,AP900621-0185,115,0.27415947945256425,minmaxnorm
118,Q0,SJMN91-06228139,116,0.2736859780661198,minmaxnorm
118,Q0,AP900810-0064,117,0.27251656017444237,minmaxnorm
118,Q0,AP900424-0063,118,0.2715436601042472,minmaxnorm
118,Q0,AP900810-0136,119,0.2714187892554454,minmaxnorm
118,Q0,SJMN91-06326004,120,0.27131148172857106,minmaxnorm
118,Q0,AP900615-0017,121,0.27126811750454166,minmaxnorm
118,Q0,AP900714-0073,122,0.271139177215509,minmaxnorm
118,Q0,AP900615-0106,123,0.27108361520686075,minmaxnorm
118,Q0,AP900608-0105,124,0.27089070520594155,minmaxnorm
118,Q0,AP901006-0033,125,0.2698951279264419,minmaxnorm
118,Q0,SJMN91-06073206,126,0.26974362429313287,minmaxnorm
118,Q0,AP900616-0072,127,0.26971366833027993,minmaxnorm
118,Q0,AP900627-0126,128,0.2697103697816399,minmaxnorm
118,Q0,SJMN91-06306034,129,0.2696363767133469,minmaxnorm
118,Q0,SJMN91-06015048,130,0.26902104774958246,minmaxnorm
118,Q0,AP900526-0136,131,0.2681306259414742,minmaxnorm
118,Q0,AP900913-0116,132,0.26801697564265625,minmaxnorm
118,Q0,AP900425-0214,133,0.2677426892638045,minmaxnorm
118,Q0,AP901006-0075,134,0.26773009772946277,minmaxnorm
118,Q0,AP900808-0115,135,0.26768664735798137,minmaxnorm
118,Q0,AP901201-0009,136,0.26768524738723976,minmaxnorm
118,Q0,AP901120-0116,137,0.2676404779947593,minmaxnorm
118,Q0,AP900827-0087,138,0.26721683770914784,minmaxnorm
118,Q0,AP900902-0051,139,0.26633978028719374,minmaxnorm
118,Q0,AP900813-0025,140,0.2663257219590216,minmaxnorm
118,Q0,AP900620-0095,141,0.26631213061971,minmaxnorm
118,Q0,AP900425-0143,142,0.2658761552860083,minmaxnorm
118,Q0,SJMN91-06122263,143,0.265583225496318,minmaxnorm
118,Q0,SJMN91-06219106,144,0.2654049343261457,minmaxnorm
118,Q0,AP900427-0058,145,0.2653589181278389,minmaxnorm
118,Q0,AP900601-0133,146,0.26517793955382457,minmaxnorm
118,Q0,SJMN91-06319078,147,0.2649430814010682,minmaxnorm
118,Q0,AP900727-0099,148,0.2648691453431165,minmaxnorm
118,Q0,AP900208-0117,149,0.2642995547382906,minmaxnorm
118,Q0,AP901005-0015,150,0.2639878829523755,minmaxnorm
118,Q0,SJMN91-06019026,151,0.26350318315747534,minmaxnorm
118,Q0,SJMN91-06307176,152,0.26318837301604703,minmaxnorm
118,Q0,AP900819-0021,153,0.262466688568559,minmaxnorm
118,Q0,AP900216-0179,154,0.26194607274788656,minmaxnorm
118,Q0,AP900808-0141,155,0.26144662158734133,minmaxnorm
118,Q0,AP900607-0075,156,0.2612172563214549,minmaxnorm
118,Q0,AP901215-0037,157,0.2608868786336651,minmaxnorm
118,Q0,SJMN91-06024334,158,0.2608404115491447,minmaxnorm
118,Q0,AP900708-0051,159,0.2607057060134478,minmaxnorm
118,Q0,SJMN91-06302038,160,0.2605285412958291,minmaxnorm
118,Q0,AP900628-0057,161,0.258936395605553,minmaxnorm
118,Q0,AP900215-0137,162,0.25788742049597185,minmaxnorm
118,Q0,AP901121-0140,163,0.25752678204108714,minmaxnorm
118,Q0,AP900913-0115,164,0.2570823685579693,minmaxnorm
118,Q0,AP900515-0112,165,0.25652294414239973,minmaxnorm
118,Q0,AP901026-0012,166,0.2558880253075995,minmaxnorm
118,Q0,AP900628-0169,167,0.2557674751612553,minmaxnorm
118,Q0,AP901004-0156,168,0.25573285638355747,minmaxnorm
118,Q0,AP900713-0102,169,0.25543472038083004,minmaxnorm
118,Q0,AP901125-0019,170,0.2546000336187229,minmaxnorm
118,Q0,AP901128-0073,171,0.25410054259372955,minmaxnorm
118,Q0,AP901127-0058,172,0.2540887696315377,minmaxnorm
118,Q0,AP900422-0061,173,0.25246562945551304,minmaxnorm
118,Q0,SJMN91-06017097,174,0.2523741648340722,minmaxnorm
118,Q0,SJMN91-06023223,175,0.25223536076234626,minmaxnorm
118,Q0,AP900713-0044,176,0.25152545053984343,minmaxnorm
118,Q0,AP900907-0161,177,0.2513305167214625,minmaxnorm
118,Q0,AP900919-0061,178,0.25116232984566367,minmaxnorm
118,Q0,AP900801-0124,179,0.25067899068544736,minmaxnorm
118,Q0,AP900531-0150,180,0.2503666625862366,minmaxnorm
118,Q0,AP900611-0093,181,0.25028562737671084,minmaxnorm
118,Q0,SJMN91-06023109,182,0.25018937509337513,minmaxnorm
118,Q0,AP900710-0147,183,0.24970178233417503,minmaxnorm
118,Q0,SJMN91-06016023,184,0.24960052937003185,minmaxnorm
118,Q0,AP900122-0079,185,0.24928100787878904,minmaxnorm
118,Q0,AP900108-0109,186,0.24927658734290375,minmaxnorm
118,Q0,AP900621-0083,187,0.2487295325964315,minmaxnorm
118,Q0,SJMN91-06036146,188,0.2482518121052013,minmaxnorm
118,Q0,AP901011-0061,189,0.24745593063901103,minmaxnorm
118,Q0,SJMN91-06157170,190,0.24745527840360637,minmaxnorm
118,Q0,AP901009-0124,191,0.24664077750494193,minmaxnorm
118,Q0,AP900613-0133,192,0.24652400248581738,minmaxnorm
118,Q0,AP900104-0115,193,0.2462918701750544,minmaxnorm
118,Q0,AP900621-0121,194,0.24581795427484043,minmaxnorm
118,Q0,SJMN91-06321032,195,0.245661306490566,minmaxnorm
118,Q0,AP900814-0072,196,0.24555908796181947,minmaxnorm
118,Q0,AP900530-0072,197,0.244928149074602,minmaxnorm
118,Q0,AP900424-0015,198,0.24433322041437128,minmaxnorm
118,Q0,AP900621-0013,199,0.24409477748469544,minmaxnorm
118,Q0,SJMN91-06303022,200,0.2427084850549085,minmaxnorm
118,Q0,AP900623-0104,201,0.2426220475435687,minmaxnorm
118,Q0,AP900727-0133,202,0.24195897247834836,minmaxnorm
118,Q0,SJMN91-06297034,203,0.24190030766005294,minmaxnorm
118,Q0,AP900525-0129,204,0.24147287301915155,minmaxnorm
118,Q0,AP900911-0181,205,0.24145892448074116,minmaxnorm
118,Q0,AP900601-0091,206,0.24116490380148492,minmaxnorm
118,Q0,AP900602-0106,207,0.239906703064035,minmaxnorm
118,Q0,AP901006-0027,208,0.2392968227886471,minmaxnorm
118,Q0,SJMN91-06074117,209,0.23893647596647072,minmaxnorm
118,Q0,AP900320-0068,210,0.23883701619287026,minmaxnorm
118,Q0,AP900731-0107,211,0.23873626658667552,minmaxnorm
118,Q0,AP900531-0029,212,0.23871047900897835,minmaxnorm
118,Q0,SJMN91-06176171,213,0.23842056760610816,minmaxnorm
118,Q0,AP900617-0027,214,0.23781141597575978,minmaxnorm
118,Q0,AP900602-0046,215,0.2374639585508272,minmaxnorm
118,Q0,AP900619-0155,216,0.2373382810576364,minmaxnorm
118,Q0,SJMN91-06273016,217,0.2356384621854915,minmaxnorm
118,Q0,AP900420-0205,218,0.23530057574195187,minmaxnorm
118,Q0,AP900603-0030,219,0.23506979684143584,minmaxnorm
118,Q0,AP900727-0058,220,0.23479148972144603,minmaxnorm
118,Q0,SJMN91-06305006,221,0.23432097742333033,minmaxnorm
118,Q0,AP900831-0025,222,0.23385121199991127,minmaxnorm
118,Q0,AP900307-0052,223,0.23311823715726432,minmaxnorm
118,Q0,AP900621-0129,224,0.23276751854572605,minmaxnorm
118,Q0,SJMN91-06037141,225,0.23257901322649255,minmaxnorm
118,Q0,AP901031-0022,226,0.2324587905944061,minmaxnorm
118,Q0,AP900620-0112,227,0.2320379345565532,minmaxnorm
118,Q0,AP900317-0087,228,0.23182107481596345,minmaxnorm
118,Q0,SJMN91-06032146,229,0.2317268419381823,minmaxnorm
118,Q0,AP900621-0087,230,0.231723951458757,minmaxnorm
118,Q0,SJMN91-06305232,231,0.23165732702960928,minmaxnorm
118,Q0,AP900615-0133,232,0.231602704117927,minmaxnorm
118,Q0,AP900331-0096,233,0.23154110088539542,minmaxnorm
118,Q0,AP900109-0005,234,0.23095359110792194,minmaxnorm
118,Q0,AP900208-0133,235,0.23091919882895864,minmaxnorm
118,Q0,SJMN91-06305054,236,0.23079557490564787,minmaxnorm
118,Q0,SJMN91-06299107,237,0.22983938837772505,minmaxnorm
118,Q0,AP900208-0162,238,0.22975354139331286,minmaxnorm
118,Q0,AP900619-0060,239,0.22957145003543583,minmaxnorm
118,Q0,AP900910-0075,240,0.2294886397365225,minmaxnorm
118,Q0,AP900801-0027,241,0.22921522009733883,minmaxnorm
118,Q0,SJMN91-06339173,242,0.22858646851355802,minmaxnorm
118,Q0,AP900219-0101,243,0.22805190277730247,minmaxnorm
118,Q0,AP900811-0066,244,0.22794845943337563,minmaxnorm
118,Q0,AP901203-0163,245,0.22777789281750063,minmaxnorm
118,Q0,AP901125-0045,246,0.22755793611390213,minmaxnorm
118,Q0,SJMN91-06100097,247,0.2273357259268469,minmaxnorm
118,Q0,AP901114-0179,248,0.22732614370711693,minmaxnorm
118,Q0,AP901010-0048,249,0.22702879039568047,minmaxnorm
118,Q0,AP901125-0051,250,0.22693495606506583,minmaxnorm
118,Q0,AP900609-0073,251,0.22656626504489835,minmaxnorm
118,Q0,AP900620-0144,252,0.2265590129511396,minmaxnorm
118,Q0,AP900616-0052,253,0.2259066931733148,minmaxnorm
118,Q0,AP900621-0031,254,0.22590402912677707,minmaxnorm
118,Q0,AP900904-0122,255,0.2258537747293738,minmaxnorm
118,Q0,AP900727-0053,256,0.22527045505186769,minmaxnorm
118,Q0,AP900804-0049,257,0.22503296692563002,minmaxnorm
118,Q0,AP900214-0178,258,0.22346985111018472,minmaxnorm
118,Q0,SJMN91-06327185,259,0.22190944411831673,minmaxnorm
118,Q0,AP900709-0105,260,0.2218294457905572,minmaxnorm
118,Q0,AP900703-0151,261,0.22148429233436964,minmaxnorm
118,Q0,AP900914-0021,262,0.22144118269385207,minmaxnorm
118,Q0,AP900204-0056,263,0.2212068878746878,minmaxnorm
118,Q0,AP900727-0112,264,0.2190780695649996,minmaxnorm
118,Q0,AP900929-0105,265,0.21897549264194532,minmaxnorm
118,Q0,SJMN91-06058108,266,0.218853403334943,minmaxnorm
118,Q0,AP901120-0080,267,0.21809534128157168,minmaxnorm
118,Q0,SJMN91-06017248,268,0.21808807305528471,minmaxnorm
118,Q0,AP900130-0034,269,0.21800629525548695,minmaxnorm
118,Q0,AP900602-0091,270,0.21727817070835212,minmaxnorm
118,Q0,AP900910-0069,271,0.21719699823642094,minmaxnorm
118,Q0,AP900307-0160,272,0.21692871951183282,minmaxnorm
118,Q0,AP900729-0022,273,0.2165391407482727,minmaxnorm
118,Q0,SJMN91-06036121,274,0.2163733520988409,minmaxnorm
118,Q0,AP900609-0054,275,0.21622540196140205,minmaxnorm
118,Q0,AP900501-0108,276,0.21620885765053027,minmaxnorm
118,Q0,SJMN91-06013167,277,0.2161922931853369,minmaxnorm
118,Q0,SJMN91-06008185,278,0.21598353700884387,minmaxnorm
118,Q0,SJMN91-06303128,279,0.21581914047845785,minmaxnorm
118,Q0,SJMN91-06041209,280,0.21560204268679298,minmaxnorm
118,Q0,AP900601-0003,281,0.21551854985551813,minmaxnorm
118,Q0,AP900707-0135,282,0.21544110062351773,minmaxnorm
118,Q0,AP900607-0093,283,0.21538463672127245,minmaxnorm
118,Q0,SJMN91-06302015,284,0.21534486901239488,minmaxnorm
118,Q0,AP900713-0135,285,0.21511720473857496,minmaxnorm
118,Q0,SJMN91-06023139,286,0.21440983384577125,minmaxnorm
118,Q0,SJMN91-06008162,287,0.21436779687087043,minmaxnorm
118,Q0,AP900508-0126,288,0.2141446779138242,minmaxnorm
118,Q0,AP900207-0061,289,0.21405827172880157,minmaxnorm
118,Q0,AP900210-0055,290,0.21353165587439468,minmaxnorm
118,Q0,AP901205-0083,291,0.21290334684873552,minmaxnorm
118,Q0,SJMN91-06008179,292,0.21276106855332097,minmaxnorm
118,Q0,SJMN91-06227064,293,0.21243702089134714,minmaxnorm
118,Q0,AP900621-0116,294,0.21213901357020704,minmaxnorm
118,Q0,AP900726-0143,295,0.21167247212189177,minmaxnorm
118,Q0,SJMN91-06031268,296,0.21152394834839777,minmaxnorm
118,Q0,SJMN91-06025066,297,0.21116793929604574,minmaxnorm
118,Q0,AP900410-0095,298,0.21036871023014952,minmaxnorm
118,Q0,SJMN91-06042038,299,0.2102595254429213,minmaxnorm
118,Q0,AP900328-0127,300,0.20936178921647558,minmaxnorm
118,Q0,AP900618-0141,301,0.20927094053585396,minmaxnorm
118,Q0,AP900515-0171,302,0.2088463949190762,minmaxnorm
118,Q0,AP900707-0067,303,0.2086668450553111,minmaxnorm
118,Q0,AP901207-0137,304,0.2085046607739782,minmaxnorm
118,Q0,SJMN91-06255310,305,0.20846748988775335,minmaxnorm
118,Q0,SJMN91-06036142,306,0.2082944544958607,minmaxnorm
118,Q0,AP900425-0082,307,0.20814221396645965,minmaxnorm
118,Q0,SJMN91-06339335,308,0.20792664264049537,minmaxnorm
118,Q0,AP901013-0012,309,0.20742818082514788,minmaxnorm
118,Q0,AP900907-0169,310,0.20722245818162235,minmaxnorm
118,Q0,AP900422-0010,311,0.20517370757278908,minmaxnorm
118,Q0,SJMN91-06306126,312,0.20493116537926714,minmaxnorm
118,Q0,AP900830-0162,313,0.20475221057048343,minmaxnorm
118,Q0,SJMN91-06029090,314,0.20443025770419854,minmaxnorm
118,Q0,AP900615-0007,315,0.20410830639715133,minmaxnorm
118,Q0,AP901012-0033,316,0.20368043273296738,minmaxnorm
118,Q0,AP901019-0055,317,0.20363057470208829,minmaxnorm
118,Q0,AP900621-0030,318,0.20328943597913357,minmaxnorm
118,Q0,SJMN91-06071044,319,0.2031070280651271,minmaxnorm
118,Q0,SJMN91-06079135,320,0.2029149915603484,minmaxnorm
118,Q0,SJMN91-06009131,321,0.2027881192176996,minmaxnorm
118,Q0,AP900930-0049,322,0.20266078079460642,minmaxnorm
118,Q0,AP900914-0090,323,0.20247246485438433,minmaxnorm
118,Q0,AP900122-0117,324,0.20244877823601717,minmaxnorm
118,Q0,SJMN91-06073157,325,0.20223300677674927,minmaxnorm
118,Q0,AP900925-0061,326,0.20196510150712224,minmaxnorm
118,Q0,AP901024-0131,327,0.20165568717745141,minmaxnorm
118,Q0,SJMN91-06327175,328,0.20141775496419542,minmaxnorm
118,Q0,AP900205-0163,329,0.2014021375065921,minmaxnorm
118,Q0,SJMN91-06285181,330,0.20134607910025978,minmaxnorm
118,Q0,SJMN91-06052117,331,0.20130159327732774,minmaxnorm
118,Q0,AP900820-0008,332,0.20097796648788963,minmaxnorm
118,Q0,AP900913-0002,333,0.20078712484552053,minmaxnorm
118,Q0,AP901027-0056,334,0.20049089050572155,minmaxnorm
118,Q0,AP900525-0097,335,0.200169868983035,minmaxnorm
118,Q0,SJMN91-06302122,336,0.19997509274889969,minmaxnorm
118,Q0,SJMN91-06142150,337,0.19934411681031575,minmaxnorm
118,Q0,AP901204-0105,338,0.19932768436595988,minmaxnorm
118,Q0,AP900527-0058,339,0.19887186399717516,minmaxnorm
118,Q0,AP900617-0065,340,0.1983562888296489,minmaxnorm
118,Q0,AP900502-0220,341,0.19773126655758685,minmaxnorm
118,Q0,AP900608-0139,342,0.1972038409555007,minmaxnorm
118,Q0,AP901115-0176,343,0.19694330951856936,minmaxnorm
118,Q0,AP900731-0179,344,0.19572033509695627,minmaxnorm
118,Q0,AP900315-0050,345,0.19571856062621426,minmaxnorm
118,Q0,AP901219-0073,346,0.1957037355229176,minmaxnorm
118,Q0,AP900708-0047,347,0.19568243621311115,minmaxnorm
118,Q0,SJMN91-06218049,348,0.19557519552235725,minmaxnorm
118,Q0,SJMN91-06042102,349,0.1953330325644909,minmaxnorm
118,Q0,SJMN91-06012039,350,0.19531929223506325,minmaxnorm
118,Q0,AP900627-0129,351,0.19502354305656439,minmaxnorm
118,Q0,AP901204-0134,352,0.19491364031046304,minmaxnorm
118,Q0,AP900909-0062,353,0.19474150699104542,minmaxnorm
118,Q0,AP900416-0157,354,0.19463194154091445,minmaxnorm
118,Q0,ZF32-225-348,355,0.1938335183243555,minmaxnorm
118,Q0,AP901219-0116,356,0.19380190772363096,minmaxnorm
118,Q0,ZF32-226-284,357,0.1937527607482596,minmaxnorm
118,Q0,AP900322-0166,358,0.1934432695218834,minmaxnorm
118,Q0,AP901204-0061,359,0.1934268259105361,minmaxnorm
118,Q0,AP900601-0139,360,0.1934027912173671,minmaxnorm
118,Q0,AP900918-0159,361,0.1930473562333816,minmaxnorm
118,Q0,SJMN91-06301169,362,0.1930270034259549,minmaxnorm
118,Q0,AP900522-0077,363,0.1929836497787055,minmaxnorm
118,Q0,SJMN91-06066069,364,0.1927549582407403,minmaxnorm
118,Q0,AP901128-0139,365,0.19267378686347544,minmaxnorm
118,Q0,AP901114-0053,366,0.19246006425680073,minmaxnorm
118,Q0,SJMN91-06073081,367,0.192361218147822,minmaxnorm
118,Q0,AP900423-0031,368,0.19225558249436764,minmaxnorm
118,Q0,AP900925-0089,369,0.19212669526682993,minmaxnorm
118,Q0,SJMN91-06072007,370,0.191980665985,minmaxnorm
118,Q0,AP900228-0164,371,0.1913322732773507,minmaxnorm
118,Q0,AP900723-0057,372,0.1905986692912382,minmaxnorm
118,Q0,AP900621-0068,373,0.1903973211028299,minmaxnorm
118,Q0,AP900612-0078,374,0.19037538907531248,minmaxnorm
118,Q0,AP901009-0183,375,0.19016417743336464,minmaxnorm
118,Q0,SJMN91-06050136,376,0.1900863414346756,minmaxnorm
118,Q0,AP900612-0169,377,0.18997540044231073,minmaxnorm
118,Q0,AP900601-0079,378,0.18950815502171578,minmaxnorm
118,Q0,AP900108-0034,379,0.18948701562520415,minmaxnorm
118,Q0,AP900124-0130,380,0.18938562056676225,minmaxnorm
118,Q0,SJMN91-06307133,381,0.18930432743927175,minmaxnorm
118,Q0,AP900805-0046,382,0.1890850670615638,minmaxnorm
118,Q0,SJMN91-06227058,383,0.18880450196647,minmaxnorm
118,Q0,AP900123-0127,384,0.18874394711250125,minmaxnorm
118,Q0,AP901214-0087,385,0.18872255899500714,minmaxnorm
118,Q0,AP900223-0164,386,0.18856332596219819,minmaxnorm
118,Q0,SJMN91-06306155,387,0.1876328534103703,minmaxnorm
118,Q0,AP900107-0072,388,0.1876276275272088,minmaxnorm
118,Q0,AP901016-0084,389,0.18715933003633803,minmaxnorm
118,Q0,AP900228-0098,390,0.1866789185702996,minmaxnorm
118,Q0,AP900622-0125,391,0.18603925950819689,minmaxnorm
118,Q0,AP900324-0137,392,0.18599135234787217,minmaxnorm
118,Q0,AP900122-0080,393,0.1856083298869833,minmaxnorm
118,Q0,SJMN91-06227156,394,0.18551201839503512,minmaxnorm
118,Q0,SJMN91-06036103,395,0.18542461924070236,minmaxnorm
118,Q0,SJMN91-06018119,396,0.185402706279837,minmaxnorm
118,Q0,AP900730-0121,397,0.18501962367814143,minmaxnorm
118,Q0,SJMN91-06038012,398,0.1843275204065435,minmaxnorm
118,Q0,AP900505-0027,399,0.18432059707873877,minmaxnorm
118,Q0,SJMN91-06041021,400,0.1842488863687874,minmaxnorm
118,Q0,AP900322-0054,401,0.18370555968086236,minmaxnorm
118,Q0,AP900417-0133,402,0.18352705077163903,minmaxnorm
118,Q0,AP900603-0046,403,0.18346583480901324,minmaxnorm
118,Q0,AP900817-0013,404,0.1829178430398159,minmaxnorm
118,Q0,AP900918-0072,405,0.18256794709193025,minmaxnorm
118,Q0,AP900801-0007,406,0.18221313083516044,minmaxnorm
118,Q0,SJMN91-06267051,407,0.18198524821375103,minmaxnorm
118,Q0,AP900404-0039,408,0.181905951670306,minmaxnorm
118,Q0,SJMN91-06326235,409,0.18182364561541708,minmaxnorm
118,Q0,AP900715-0066,410,0.18139552358369243,minmaxnorm
118,Q0,AP900731-0055,411,0.18108931021618976,minmaxnorm
118,Q0,AP900209-0208,412,0.18093052204518073,minmaxnorm
118,Q0,AP900223-0013,413,0.18070944470913652,minmaxnorm
118,Q0,AP900404-0166,414,0.18016873060383223,minmaxnorm
118,Q0,AP900709-0033,415,0.1799580663874829,minmaxnorm
118,Q0,AP900615-0147,416,0.1797999015239792,minmaxnorm
118,Q0,AP901208-0096,417,0.1796261871617998,minmaxnorm
118,Q0,AP900218-0063,418,0.17944147151703393,minmaxnorm
118,Q0,AP900927-0062,419,0.1793930963522665,minmaxnorm
118,Q0,AP900218-0064,420,0.1793098256595701,minmaxnorm
118,Q0,AP901001-0055,421,0.17928593395204043,minmaxnorm
118,Q0,SJMN91-06038021,422,0.1790017849456234,minmaxnorm
118,Q0,AP900419-0143,423,0.17842104769041547,minmaxnorm
118,Q0,AP900315-0043,424,0.1782040879313279,minmaxnorm
118,Q0,AP900619-0063,425,0.1780193053485559,minmaxnorm
118,Q0,SJMN91-06116053,426,0.17780838077266828,minmaxnorm
118,Q0,AP900321-0078,427,0.1766700055358773,minmaxnorm
118,Q0,SJMN91-06337189,428,0.17657610451310016,minmaxnorm
118,Q0,SJMN91-06034225,429,0.17655624643020112,minmaxnorm
118,Q0,AP900502-0089,430,0.1765117117295225,minmaxnorm
118,Q0,SJMN91-06110038,431,0.17628762321050565,minmaxnorm
118,Q0,AP901107-0174,432,0.17557698698836396,minmaxnorm
118,Q0,SJMN91-06035045,433,0.17472140440149064,minmaxnorm
118,Q0,AP900220-0154,434,0.17452297651384807,minmaxnorm
118,Q0,AP900913-0016,435,0.17443930452115275,minmaxnorm
118,Q0,AP900611-0076,436,0.17431197206609977,minmaxnorm
118,Q0,AP900730-0080,437,0.17408169746267266,minmaxnorm
118,Q0,AP901216-0049,438,0.17401401617538936,minmaxnorm
118,Q0,SJMN91-06305014,439,0.17384352534193204,minmaxnorm
118,Q0,SJMN91-06035121,440,0.17353178703339373,minmaxnorm
118,Q0,AP901104-0034,441,0.17317357807411507,minmaxnorm
118,Q0,AP900506-0073,442,0.172980881306245,minmaxnorm
118,Q0,AP900421-0101,443,0.17277135820700032,minmaxnorm
118,Q0,AP900411-0107,444,0.17251878725937483,minmaxnorm
118,Q0,AP901209-0042,445,0.17240550660571868,minmaxnorm
118,Q0,AP900612-0133,446,0.17239703726885203,minmaxnorm
118,Q0,AP900716-0133,447,0.17176448135689393,minmaxnorm
118,Q0,AP900613-0067,448,0.1715221974408892,minmaxnorm
118,Q0,AP901125-0049,449,0.1711549471276293,minmaxnorm
118,Q0,AP900927-0151,450,0.1711004835154932,minmaxnorm
118,Q0,SJMN91-06117250,451,0.1710411117875893,minmaxnorm
118,Q0,SJMN91-06222244,452,0.1708903347264248,minmaxnorm
118,Q0,AP900421-0088,453,0.17084221309636988,minmaxnorm
118,Q0,AP900317-0136,454,0.17042125620982826,minmaxnorm
118,Q0,SJMN91-06210071,455,0.17012860004432878,minmaxnorm
118,Q0,AP900331-0043,456,0.16992526482790357,minmaxnorm
118,Q0,AP900331-0022,457,0.16975990521744855,minmaxnorm
118,Q0,SJMN91-06086125,458,0.16919309540734054,minmaxnorm
118,Q0,AP900611-0088,459,0.16830339520323367,minmaxnorm
118,Q0,AP901018-0014,460,0.16806682204544307,minmaxnorm
118,Q0,AP900514-0022,461,0.16794868959215462,minmaxnorm
118,Q0,AP900209-0062,462,0.1676701038013761,minmaxnorm
118,Q0,AP900516-0090,463,0.16763140710628752,minmaxnorm
118,Q0,SJMN91-06296223,464,0.16714752248046508,minmaxnorm
118,Q0,AP900223-0052,465,0.16703334475651238,minmaxnorm
118,Q0,SJMN91-06041147,466,0.1670227629752774,minmaxnorm
118,Q0,AP900315-0061,467,0.16693834126054288,minmaxnorm
118,Q0,SJMN91-06019190,468,0.16679912982289125,minmaxnorm
118,Q0,AP900430-0081,469,0.16668967209109947,minmaxnorm
118,Q0,SJMN91-06058054,470,0.1665418411718468,minmaxnorm
118,Q0,SJMN91-06030137,471,0.16633497581797874,minmaxnorm
118,Q0,AP900616-0058,472,0.1662098675766427,minmaxnorm
118,Q0,SJMN91-06015139,473,0.16610109048247634,minmaxnorm
118,Q0,AP900122-0203,474,0.16591639831497706,minmaxnorm
118,Q0,SJMN91-06201091,475,0.16571707644884937,minmaxnorm
118,Q0,SJMN91-06066073,476,0.16565388462027958,minmaxnorm
118,Q0,AP901031-0109,477,0.1653435412130974,minmaxnorm
118,Q0,AP900107-0047,478,0.16504392768737206,minmaxnorm
118,Q0,AP900808-0001,479,0.16455811430031467,minmaxnorm
118,Q0,AP900221-0169,480,0.16453953219776837,minmaxnorm
118,Q0,AP900705-0136,481,0.16438842410999074,minmaxnorm
118,Q0,SJMN91-06341189,482,0.16411050261584031,minmaxnorm
118,Q0,AP900708-0066,483,0.16409417487589353,minmaxnorm
118,Q0,AP900430-0135,484,0.16379610332375696,minmaxnorm
118,Q0,SJMN91-06035034,485,0.16347780098877915,minmaxnorm
118,Q0,SJMN91-06230027,486,0.16346203036365203,minmaxnorm
118,Q0,SJMN91-06015078,487,0.1631492507069111,minmaxnorm
118,Q0,SJMN91-06357075,488,0.16302506275366538,minmaxnorm
118,Q0,AP901116-0136,489,0.16294744410531373,minmaxnorm
118,Q0,AP901014-0021,490,0.16271174160740157,minmaxnorm
118,Q0,AP900118-0211,491,0.16261863084976855,minmaxnorm
118,Q0,AP900630-0087,492,0.1622824450560151,minmaxnorm
118,Q0,SJMN91-06305022,493,0.16204039027765582,minmaxnorm
118,Q0,AP900616-0120,494,0.1616409612814261,minmaxnorm
118,Q0,SJMN91-06114237,495,0.16136498137406707,minmaxnorm
118,Q0,AP901121-0088,496,0.16132059567611481,minmaxnorm
118,Q0,SJMN91-06075016,497,0.16125724539390218,minmaxnorm
118,Q0,AP901203-0209,498,0.1611982030895442,minmaxnorm
118,Q0,AP900530-0036,499,0.16097834808425343,minmaxnorm
118,Q0,AP900605-0166,500,0.1609593206146154,minmaxnorm
118,Q0,SJMN91-06356010,501,0.16093766486628536,minmaxnorm
118,Q0,AP900516-0189,502,0.1607548839556142,minmaxnorm
118,Q0,AP901208-0057,503,0.1604880379202855,minmaxnorm
118,Q0,AP900607-0117,504,0.16044926259828263,minmaxnorm
118,Q0,AP900713-0081,505,0.1602501646410378,minmaxnorm
118,Q0,SJMN91-06295091,506,0.1602169972004499,minmaxnorm
118,Q0,AP900526-0027,507,0.1600429348310739,minmaxnorm
118,Q0,AP900525-0115,508,0.15997504828391937,minmaxnorm
118,Q0,AP900728-0091,509,0.15961911282076652,minmaxnorm
118,Q0,SJMN91-06340155,510,0.15906859393647127,minmaxnorm
118,Q0,AP900207-0159,511,0.15844577983498176,minmaxnorm
118,Q0,SJMN91-06228086,512,0.15840101130557427,minmaxnorm
118,Q0,AP900516-0061,513,0.1581057305140237,minmaxnorm
118,Q0,AP900605-0027,514,0.1579812158108383,minmaxnorm
118,Q0,SJMN91-06009111,515,0.15792220775757165,minmaxnorm
118,Q0,AP900216-0140,516,0.15782508148929744,minmaxnorm
118,Q0,SJMN91-06270094,517,0.15772743650690316,minmaxnorm
118,Q0,AP900404-0104,518,0.1575118209499134,minmaxnorm
118,Q0,AP900102-0116,519,0.15705340641552218,minmaxnorm
118,Q0,AP900123-0026,520,0.15692831430305992,minmaxnorm
118,Q0,AP900501-0102,521,0.15638442045920692,minmaxnorm
118,Q0,SJMN91-06333132,522,0.15632436361601826,minmaxnorm
118,Q0,AP901031-0185,523,0.15600882791359516,minmaxnorm
118,Q0,AP901026-0090,524,0.15576119126655502,minmaxnorm
118,Q0,SJMN91-06015019,525,0.1557549124437079,minmaxnorm
118,Q0,SJMN91-06018248,526,0.15551751233199265,minmaxnorm
118,Q0,SJMN91-06286025,527,0.1553766712273022,minmaxnorm
118,Q0,AP901010-0134,528,0.15534933321793049,minmaxnorm
118,Q0,SJMN91-06310087,529,0.15529148383253863,minmaxnorm
118,Q0,AP900418-0067,530,0.15513111983971023,minmaxnorm
118,Q0,AP900701-0070,531,0.15510539221411565,minmaxnorm
118,Q0,AP900914-0198,532,0.15488969043258466,minmaxnorm
118,Q0,AP900221-0084,533,0.15487968050362413,minmaxnorm
118,Q0,AP900711-0167,534,0.15456266049618447,minmaxnorm
118,Q0,AP900531-0154,535,0.15448582072554715,minmaxnorm
118,Q0,AP900720-0054,536,0.15440050290705448,minmaxnorm
118,Q0,SJMN91-06071169,537,0.15439093108484045,minmaxnorm
118,Q0,AP901031-0036,538,0.15438694205432105,minmaxnorm
118,Q0,AP900628-0187,539,0.15418541527693333,minmaxnorm
118,Q0,AP900318-0069,540,0.15405098334066095,minmaxnorm
118,Q0,AP900403-0051,541,0.1537856449458097,minmaxnorm
118,Q0,AP900419-0129,542,0.15370842944478788,minmaxnorm
118,Q0,SJMN91-06018246,543,0.15370350948386022,minmaxnorm
118,Q0,AP901107-0188,544,0.15361986588901028,minmaxnorm
118,Q0,AP901014-0056,545,0.1534934272517182,minmaxnorm
118,Q0,AP900526-0031,546,0.1517774576573427,minmaxnorm
118,Q0,AP900808-0156,547,0.15163393764152888,minmaxnorm
118,Q0,SJMN91-06337021,548,0.15147636241483475,minmaxnorm
118,Q0,AP900301-0160,549,0.1514249673798496,minmaxnorm
118,Q0,AP901124-0069,550,0.15129819644646636,minmaxnorm
118,Q0,AP900327-0165,551,0.15114487828255788,minmaxnorm
118,Q0,AP900109-0078,552,0.15090298581486283,minmaxnorm
118,Q0,SJMN91-06146105,553,0.15086441831512268,minmaxnorm
118,Q0,AP900718-0164,554,0.1508246638251199,minmaxnorm
118,Q0,AP900419-0108,555,0.15082033770600092,minmaxnorm
118,Q0,AP901114-0037,556,0.1507035595485739,minmaxnorm
118,Q0,AP900109-0157,557,0.15005072813952852,minmaxnorm
118,Q0,SJMN91-06303122,558,0.14996565043884894,minmaxnorm
118,Q0,AP900307-0076,559,0.14993522029772016,minmaxnorm
118,Q0,SJMN91-06338010,560,0.14993284521161657,minmaxnorm
118,Q0,AP900304-0026,561,0.14981564062064945,minmaxnorm
118,Q0,AP900827-0149,562,0.14955643426709742,minmaxnorm
118,Q0,AP900309-0069,563,0.149203138631752,minmaxnorm
118,Q0,AP900718-0062,564,0.14901419025409643,minmaxnorm
118,Q0,AP900711-0063,565,0.14888797750172458,minmaxnorm
118,Q0,SJMN91-06073130,566,0.14875579083867152,minmaxnorm
118,Q0,AP900622-0012,567,0.148554713727349,minmaxnorm
118,Q0,AP900929-0047,568,0.14781671171761512,minmaxnorm
118,Q0,SJMN91-06045119,569,0.14735212295530362,minmaxnorm
118,Q0,AP901213-0085,570,0.1473464459228469,minmaxnorm
118,Q0,AP900307-0072,571,0.14717115047103252,minmaxnorm
118,Q0,AP900914-0164,572,0.14714948962650395,minmaxnorm
118,Q0,SJMN91-06295027,573,0.14628047192109997,minmaxnorm
118,Q0,SJMN91-06022110,574,0.1459709609016166,minmaxnorm
118,Q0,SJMN91-06016027,575,0.1458994204680118,minmaxnorm
118,Q0,AP900218-0085,576,0.14584629652080228,minmaxnorm
118,Q0,AP901125-0020,577,0.1457497166841928,minmaxnorm
118,Q0,AP900528-0041,578,0.14560595639766272,minmaxnorm
118,Q0,AP900412-0090,579,0.14557754147341284,minmaxnorm
118,Q0,SJMN91-06164185,580,0.14541413748526777,minmaxnorm
118,Q0,SJMN91-06227152,581,0.14535809833888821,minmaxnorm
118,Q0,AP900121-0004,582,0.14534546257471886,minmaxnorm
118,Q0,AP900413-0168,583,0.14528692742710977,minmaxnorm
118,Q0,AP900328-0044,584,0.14527046837886612,minmaxnorm
118,Q0,AP901218-0043,585,0.14510989548563566,minmaxnorm
118,Q0,AP900812-0046,586,0.14506085531957727,minmaxnorm
118,Q0,AP900823-0009,587,0.14460372386497608,minmaxnorm
118,Q0,AP900724-0149,588,0.1444840457727653,minmaxnorm
118,Q0,SJMN91-06334092,589,0.14441712327867207,minmaxnorm
118,Q0,SJMN91-06255456,590,0.1439152899599173,minmaxnorm
118,Q0,AP900928-0011,591,0.14390578459160697,minmaxnorm
118,Q0,SJMN91-06039008,592,0.14377889337310154,minmaxnorm
118,Q0,AP901015-0090,593,0.14363122305537301,minmaxnorm
118,Q0,SJMN91-06205078,594,0.1435787667522179,minmaxnorm
118,Q0,AP901113-0095,595,0.1434277311272539,minmaxnorm
118,Q0,SJMN91-06158023,596,0.1433521893602802,minmaxnorm
118,Q0,SJMN91-06041212,597,0.14304625329362006,minmaxnorm
118,Q0,SJMN91-06067006,598,0.14296255987569711,minmaxnorm
118,Q0,SJMN91-06032261,599,0.14285039595805094,minmaxnorm
118,Q0,AP900909-0039,600,0.1426585148359485,minmaxnorm
118,Q0,SJMN91-06321010,601,0.1421835482745454,minmaxnorm
118,Q0,AP900524-0145,602,0.14212110439464928,minmaxnorm
118,Q0,SJMN91-06221213,603,0.14207416331844036,minmaxnorm
118,Q0,AP900917-0094,604,0.1418790077291229,minmaxnorm
118,Q0,AP900831-0166,605,0.14164856151166727,minmaxnorm
118,Q0,SJMN91-06197105,606,0.14154141707542983,minmaxnorm
118,Q0,AP900419-0117,607,0.1415310086933516,minmaxnorm
118,Q0,SJMN91-06197110,608,0.14150411699762352,minmaxnorm
118,Q0,AP900703-0009,609,0.14127089601518505,minmaxnorm
118,Q0,AP900623-0050,610,0.14113698698270633,minmaxnorm
118,Q0,SJMN91-06292185,611,0.141054438127499,minmaxnorm
118,Q0,AP900522-0140,612,0.14100845634339043,minmaxnorm
118,Q0,AP900522-0123,613,0.14071863074164684,minmaxnorm
118,Q0,SJMN91-06138246,614,0.140545725384203,minmaxnorm
118,Q0,AP900918-0063,615,0.14053829161582307,minmaxnorm
118,Q0,AP900427-0079,616,0.14050860456682773,minmaxnorm
118,Q0,AP900709-0136,617,0.1403765134602855,minmaxnorm
118,Q0,SJMN91-06338065,618,0.1395251032731088,minmaxnorm
118,Q0,AP900307-0117,619,0.13922616711777008,minmaxnorm
118,Q0,SJMN91-06075076,620,0.13909142491733534,minmaxnorm
118,Q0,AP901226-0040,621,0.13908136372268012,minmaxnorm
118,Q0,AP901206-0021,622,0.13907571926934903,minmaxnorm
118,Q0,AP900623-0163,623,0.1388063569501675,minmaxnorm
118,Q0,SJMN91-06223050,624,0.13838035026097922,minmaxnorm
118,Q0,SJMN91-06346238,625,0.1381982417795671,minmaxnorm
118,Q0,SJMN91-06036116,626,0.1381120751349081,minmaxnorm
118,Q0,AP900323-0151,627,0.13799827833796977,minmaxnorm
118,Q0,AP901114-0174,628,0.13778774599421198,minmaxnorm
118,Q0,SJMN91-06222200,629,0.1377619289777488,minmaxnorm
118,Q0,SJMN91-06055215,630,0.13738510939399678,minmaxnorm
118,Q0,AP901124-0103,631,0.1371789234909588,minmaxnorm
118,Q0,SJMN91-06036072,632,0.136954069920606,minmaxnorm
118,Q0,AP900420-0072,633,0.1361174158770982,minmaxnorm
118,Q0,AP900606-0121,634,0.13592989702415062,minmaxnorm
118,Q0,AP901004-0136,635,0.1357538439692975,minmaxnorm
118,Q0,AP900130-0198,636,0.13551287470590712,minmaxnorm
118,Q0,AP900514-0117,637,0.1352283918564644,minmaxnorm
118,Q0,SJMN91-06319022,638,0.13499075762055876,minmaxnorm
118,Q0,SJMN91-06303109,639,0.13482156065266415,minmaxnorm
118,Q0,AP900711-0081,640,0.13478405576270985,minmaxnorm
118,Q0,AP900722-0057,641,0.13461011505772583,minmaxnorm
118,Q0,AP900721-0063,642,0.1345529871938272,minmaxnorm
118,Q0,SJMN91-06339143,643,0.13441908313556367,minmaxnorm
118,Q0,SJMN91-06222239,644,0.13435385506870906,minmaxnorm
118,Q0,AP900205-0028,645,0.1341155922268367,minmaxnorm
118,Q0,AP900310-0102,646,0.1340330488797437,minmaxnorm
118,Q0,AP901021-0055,647,0.13402104397724693,minmaxnorm
118,Q0,SJMN91-06018192,648,0.1337841177901756,minmaxnorm
118,Q0,AP900422-0073,649,0.1335277564102126,minmaxnorm
118,Q0,SJMN91-06027092,650,0.13337063948420277,minmaxnorm
118,Q0,SJMN91-06210046,651,0.1333382303430037,minmaxnorm
118,Q0,AP900119-0241,652,0.13322048849890225,minmaxnorm
118,Q0,AP900316-0150,653,0.1330933695397285,minmaxnorm
118,Q0,SJMN91-06224140,654,0.13290911397458646,minmaxnorm
118,Q0,AP900514-0043,655,0.13274103219802835,minmaxnorm
118,Q0,AP900822-0015,656,0.13250260093219568,minmaxnorm
118,Q0,SJMN91-06078056,657,0.13244885354380137,minmaxnorm
118,Q0,SJMN91-06055046,658,0.13222767679921363,minmaxnorm
118,Q0,SJMN91-06226193,659,0.13214009430846257,minmaxnorm
118,Q0,AP900831-0119,660,0.13197791043624396,minmaxnorm
118,Q0,AP900501-0076,661,0.13186263747952467,minmaxnorm
118,Q0,AP901217-0122,662,0.13169383058359055,minmaxnorm
118,Q0,AP900118-0198,663,0.13166069224947505,minmaxnorm
118,Q0,SJMN91-06206029,664,0.13135236339006404,minmaxnorm
118,Q0,SJMN91-06017180,665,0.1313346760629269,minmaxnorm
118,Q0,AP900928-0152,666,0.13117193187160045,minmaxnorm
118,Q0,AP900522-0193,667,0.13097040352373218,minmaxnorm
118,Q0,AP900707-0064,668,0.13095817722608422,minmaxnorm
118,Q0,AP901126-0036,669,0.13070490411401456,minmaxnorm
118,Q0,SJMN91-06086216,670,0.13050531040325933,minmaxnorm
118,Q0,SJMN91-06292241,671,0.13046035184485175,minmaxnorm
118,Q0,AP900124-0183,672,0.13040243632993037,minmaxnorm
118,Q0,SJMN91-06026180,673,0.12999858930736874,minmaxnorm
118,Q0,AP900723-0072,674,0.12941793357006176,minmaxnorm
118,Q0,AP900728-0088,675,0.12895885225438283,minmaxnorm
118,Q0,SJMN91-06051242,676,0.12882688068762144,minmaxnorm
118,Q0,AP900822-0125,677,0.1285261851794586,minmaxnorm
118,Q0,AP901120-0176,678,0.12813135799878214,minmaxnorm
118,Q0,SJMN91-06074218,679,0.12764952439115357,minmaxnorm
118,Q0,SJMN91-06016232,680,0.12724787917845046,minmaxnorm
118,Q0,AP900323-0146,681,0.12705683168353887,minmaxnorm
118,Q0,SJMN91-06295062,682,0.12687904858582041,minmaxnorm
118,Q0,AP900520-0041,683,0.12662503172039385,minmaxnorm
118,Q0,AP900607-0002,684,0.12653869438896892,minmaxnorm
118,Q0,AP900122-0182,685,0.12641946051496555,minmaxnorm
118,Q0,AP900917-0064,686,0.12638224838828332,minmaxnorm
118,Q0,SJMN91-06018204,687,0.12612749867058415,minmaxnorm
118,Q0,AP900710-0102,688,0.12610372367591083,minmaxnorm
118,Q0,SJMN91-06027053,689,0.12609074458597874,minmaxnorm
118,Q0,AP900713-0161,690,0.12607553297578877,minmaxnorm
118,Q0,AP900209-0151,691,0.12606419638080968,minmaxnorm
118,Q0,AP900423-0161,692,0.12602061788952404,minmaxnorm
118,Q0,AP900215-0180,693,0.12583273662340627,minmaxnorm
118,Q0,AP900423-0165,694,0.125816668827447,minmaxnorm
118,Q0,SJMN91-06289141,695,0.12577810696076985,minmaxnorm
118,Q0,SJMN91-06042006,696,0.12563478837302056,minmaxnorm
118,Q0,SJMN91-06043090,697,0.1255112298505993,minmaxnorm
118,Q0,SJMN91-06042026,698,0.1254618313006202,minmaxnorm
118,Q0,AP900910-0139,699,0.12545244208275977,minmaxnorm
118,Q0,AP900413-0177,700,0.12534428069161851,minmaxnorm
118,Q0,AP900211-0063,701,0.12527425141005952,minmaxnorm
118,Q0,AP901106-0164,702,0.12525676963267074,minmaxnorm
118,Q0,AP900509-0123,703,0.1242839600979995,minmaxnorm
118,Q0,AP900517-0077,704,0.12422360074181535,minmaxnorm
118,Q0,AP901012-0182,705,0.124086179125628,minmaxnorm
118,Q0,SJMN91-06080240,706,0.1240180244242046,minmaxnorm
118,Q0,AP900630-0026,707,0.12396068306541615,minmaxnorm
118,Q0,SJMN91-06238015,708,0.12381068769371181,minmaxnorm
118,Q0,AP900213-0081,709,0.12379043548872193,minmaxnorm
118,Q0,AP900811-0114,710,0.12355268852074623,minmaxnorm
118,Q0,SJMN91-06238106,711,0.12337716598802155,minmaxnorm
118,Q0,AP900626-0201,712,0.12315172348697834,minmaxnorm
118,Q0,SJMN91-06296082,713,0.12264958555541099,minmaxnorm
118,Q0,AP900327-0125,714,0.12263007274415247,minmaxnorm
118,Q0,AP900717-0065,715,0.12240533048753302,minmaxnorm
118,Q0,SJMN91-06055131,716,0.1223468451673904,minmaxnorm
118,Q0,AP900127-0137,717,0.12233278781625997,minmaxnorm
118,Q0,AP900813-0061,718,0.12204325878883054,minmaxnorm
118,Q0,AP900426-0116,719,0.12182859988537607,minmaxnorm
118,Q0,AP901004-0050,720,0.1217478616152286,minmaxnorm
118,Q0,AP900624-0018,721,0.12160374485172695,minmaxnorm
118,Q0,AP900527-0054,722,0.12142335566378602,minmaxnorm
118,Q0,AP900517-0205,723,0.12142131823343677,minmaxnorm
118,Q0,SJMN91-06303012,724,0.12130849700742405,minmaxnorm
118,Q0,AP901022-0056,725,0.12117494645195874,minmaxnorm
118,Q0,AP900802-0137,726,0.12108054381514156,minmaxnorm
118,Q0,AP900513-0051,727,0.12031972195591856,minmaxnorm
118,Q0,AP901023-0069,728,0.1202126815164357,minmaxnorm
118,Q0,AP901210-0059,729,0.11996502807792628,minmaxnorm
118,Q0,AP900723-0061,730,0.11990299749324299,minmaxnorm
118,Q0,AP900529-0139,731,0.11955452942520597,minmaxnorm
118,Q0,AP900418-0197,732,0.11939414270605747,minmaxnorm
118,Q0,SJMN91-06078142,733,0.1192878432788369,minmaxnorm
118,Q0,AP900205-0060,734,0.11910774898083329,minmaxnorm
118,Q0,AP900604-0205,735,0.11902791566108202,minmaxnorm
118,Q0,AP900123-0112,736,0.11884305137944788,minmaxnorm
118,Q0,AP900709-0035,737,0.11877308216348303,minmaxnorm
118,Q0,AP900518-0175,738,0.11866548133728827,minmaxnorm
118,Q0,AP900626-0139,739,0.11850029307551983,minmaxnorm
118,Q0,AP900319-0149,740,0.11845558729110874,minmaxnorm
118,Q0,AP900124-0213,741,0.11839182295481952,minmaxnorm
118,Q0,AP900801-0105,742,0.11838765665227538,minmaxnorm
118,Q0,SJMN91-06201250,743,0.11836704471273905,minmaxnorm
118,Q0,AP900519-0101,744,0.11830902052846198,minmaxnorm
118,Q0,AP900803-0017,745,0.11830073281723187,minmaxnorm
118,Q0,AP900709-0189,746,0.11817334957424837,minmaxnorm
118,Q0,AP900706-0158,747,0.1181696878151434,minmaxnorm
118,Q0,AP900411-0001,748,0.11778662311646962,minmaxnorm
118,Q0,AP900522-0093,749,0.1176600964629629,minmaxnorm
118,Q0,SJMN91-06224116,750,0.11751274106756415,minmaxnorm
118,Q0,AP900405-0163,751,0.11742478815311182,minmaxnorm
118,Q0,SJMN91-06018106,752,0.1171602936430155,minmaxnorm
118,Q0,AP900721-0131,753,0.116998361381732,minmaxnorm
118,Q0,AP901231-0089,754,0.11681865577903999,minmaxnorm
118,Q0,AP900903-0019,755,0.11676453451874806,minmaxnorm
118,Q0,SJMN91-06330045,756,0.11670146594278419,minmaxnorm
118,Q0,AP901106-0103,757,0.11659702037653442,minmaxnorm
118,Q0,SJMN91-06324021,758,0.11648322258357713,minmaxnorm
118,Q0,AP901129-0076,759,0.11639642251800728,minmaxnorm
118,Q0,SJMN91-06024242,760,0.11622398216879114,minmaxnorm
118,Q0,AP901027-0109,761,0.11607359815919804,minmaxnorm
118,Q0,SJMN91-06278134,762,0.11604709835658786,minmaxnorm
118,Q0,AP900816-0033,763,0.11571358294624928,minmaxnorm
118,Q0,AP901127-0038,764,0.11571310331021274,minmaxnorm
118,Q0,AP901218-0187,765,0.11502707780217088,minmaxnorm
118,Q0,AP901124-0026,766,0.11486297893324413,minmaxnorm
118,Q0,SJMN91-06088090,767,0.11470363672873328,minmaxnorm
118,Q0,AP901205-0170,768,0.11449018428022126,minmaxnorm
118,Q0,AP901003-0172,769,0.11435433059742203,minmaxnorm
118,Q0,AP900409-0151,770,0.11392923967428045,minmaxnorm
118,Q0,AP901129-0175,771,0.1139254737359571,minmaxnorm
118,Q0,AP901009-0087,772,0.11378691555656542,minmaxnorm
118,Q0,AP900309-0177,773,0.11366061267700454,minmaxnorm
118,Q0,AP901012-0174,774,0.11364093120423113,minmaxnorm
118,Q0,SJMN91-06007011,775,0.11327671881834273,minmaxnorm
118,Q0,SJMN91-06220128,776,0.11317778112691805,minmaxnorm
118,Q0,AP901024-0185,777,0.11304170553697782,minmaxnorm
118,Q0,AP901119-0007,778,0.11291416911379829,minmaxnorm
118,Q0,AP900618-0144,779,0.11281858689103125,minmaxnorm
118,Q0,AP900206-0182,780,0.11270600122980726,minmaxnorm
118,Q0,AP900812-0041,781,0.11252040890789304,minmaxnorm
118,Q0,AP900911-0020,782,0.11237036000416087,minmaxnorm
118,Q0,AP900126-0134,783,0.11216875249791583,minmaxnorm
118,Q0,AP900206-0105,784,0.11193521783733916,minmaxnorm
118,Q0,SJMN91-06039080,785,0.11190856883987393,minmaxnorm
118,Q0,SJMN91-06001078,786,0.11182440125187312,minmaxnorm
118,Q0,SJMN91-06004239,787,0.11182374550558828,minmaxnorm
118,Q0,AP901013-0057,788,0.1117661840740681,minmaxnorm
118,Q0,AP900605-0181,789,0.11156422359503017,minmaxnorm
118,Q0,AP901109-0116,790,0.11151572100449969,minmaxnorm
118,Q0,AP900620-0118,791,0.11149649748833333,minmaxnorm
118,Q0,AP900404-0148,792,0.11107781310430224,minmaxnorm
118,Q0,AP900118-0072,793,0.11069367880815628,minmaxnorm
118,Q0,AP900618-0050,794,0.11064039676816394,minmaxnorm
118,Q0,AP900911-0157,795,0.11055197790025414,minmaxnorm
118,Q0,AP900814-0046,796,0.11049243673111217,minmaxnorm
118,Q0,AP901004-0099,797,0.11048346160130303,minmaxnorm
118,Q0,AP900622-0186,798,0.11041454485165252,minmaxnorm
118,Q0,SJMN91-06026052,799,0.1101752872235824,minmaxnorm
118,Q0,AP901224-0136,800,0.11006865521848531,minmaxnorm
118,Q0,AP901218-0027,801,0.11005150762388036,minmaxnorm
118,Q0,AP900307-0078,802,0.11000932284119673,minmaxnorm
118,Q0,AP900425-0084,803,0.10993706192203942,minmaxnorm
118,Q0,AP900924-0155,804,0.10934416018101148,minmaxnorm
118,Q0,AP901130-0073,805,0.10934412402697721,minmaxnorm
118,Q0,AP900111-0190,806,0.1092139917255535,minmaxnorm
118,Q0,AP900315-0028,807,0.10918626479459725,minmaxnorm
118,Q0,AP901108-0167,808,0.1090077879083433,minmaxnorm
118,Q0,SJMN91-06221184,809,0.10893116005758469,minmaxnorm
118,Q0,SJMN91-06354240,810,0.10876321332003842,minmaxnorm
118,Q0,AP900209-0064,811,0.10869583823039426,minmaxnorm
118,Q0,AP901127-0172,812,0.10856218677465647,minmaxnorm
118,Q0,AP901231-0070,813,0.10851798928172202,minmaxnorm
118,Q0,AP900621-0166,814,0.10847731853778139,minmaxnorm
118,Q0,SJMN91-06018176,815,0.1084004954052977,minmaxnorm
118,Q0,AP901204-0006,816,0.1083926767690438,minmaxnorm
118,Q0,AP900405-0093,817,0.10821485916705322,minmaxnorm
118,Q0,AP901209-0014,818,0.10807880843356558,minmaxnorm
118,Q0,AP900312-0177,819,0.1079783280955702,minmaxnorm
118,Q0,SJMN91-06039101,820,0.10791074063076007,minmaxnorm
118,Q0,SJMN91-06009023,821,0.107819205196047,minmaxnorm
118,Q0,AP901210-0019,822,0.10773701977022461,minmaxnorm
118,Q0,AP900314-0048,823,0.10771814793071034,minmaxnorm
118,Q0,AP900119-0128,824,0.10764086679507219,minmaxnorm
118,Q0,SJMN91-06039211,825,0.10759914816577786,minmaxnorm
118,Q0,AP900415-0009,826,0.10756328998486946,minmaxnorm
118,Q0,SJMN91-06103127,827,0.10747297029131628,minmaxnorm
118,Q0,SJMN91-06218029,828,0.1074696343629364,minmaxnorm
118,Q0,AP900606-0193,829,0.10745820120430265,minmaxnorm
118,Q0,AP900405-0035,830,0.10730548549910457,minmaxnorm
118,Q0,AP901106-0055,831,0.10727716720380522,minmaxnorm
118,Q0,AP900430-0085,832,0.10721894955996959,minmaxnorm
118,Q0,AP900719-0097,833,0.10697109542959554,minmaxnorm
118,Q0,AP900522-0189,834,0.10696655323613305,minmaxnorm
118,Q0,AP900817-0037,835,0.10667915342562388,minmaxnorm
118,Q0,SJMN91-06231022,836,0.10654677150854924,minmaxnorm
118,Q0,AP901226-0076,837,0.10631337914894563,minmaxnorm
118,Q0,AP901205-0019,838,0.10622694159042517,minmaxnorm
118,Q0,AP900906-0047,839,0.10613738441777854,minmaxnorm
118,Q0,AP900205-0096,840,0.1061142180713374,minmaxnorm
118,Q0,AP901220-0090,841,0.1060206374673323,minmaxnorm
118,Q0,AP900522-0184,842,0.10591148122640384,minmaxnorm
118,Q0,AP900223-0102,843,0.10576706605871312,minmaxnorm
118,Q0,AP900125-0223,844,0.10540668204625878,minmaxnorm
118,Q0,AP900802-0041,845,0.10535370878461484,minmaxnorm
118,Q0,AP901231-0058,846,0.10526326144480438,minmaxnorm
118,Q0,AP901218-0095,847,0.10517245843224468,minmaxnorm
118,Q0,SJMN91-06051113,848,0.10487428748658936,minmaxnorm
118,Q0,SJMN91-06275106,849,0.10460238394402979,minmaxnorm
118,Q0,AP900313-0151,850,0.10451783235451992,minmaxnorm
118,Q0,SJMN91-06061060,851,0.10434547805163683,minmaxnorm
118,Q0,AP900207-0041,852,0.10421577646104874,minmaxnorm
118,Q0,AP900509-0023,853,0.10416547691696473,minmaxnorm
118,Q0,SJMN91-06252105,854,0.10383416341776056,minmaxnorm
118,Q0,AP900303-0134,855,0.10381944966419451,minmaxnorm
118,Q0,AP900728-0068,856,0.10350268129813023,minmaxnorm
118,Q0,SJMN91-06103060,857,0.103311105696837,minmaxnorm
118,Q0,AP900402-0154,858,0.10330388910381788,minmaxnorm
118,Q0,AP900614-0174,859,0.10322315217443198,minmaxnorm
118,Q0,AP901029-0036,860,0.1028984465351886,minmaxnorm
118,Q0,SJMN91-06362043,861,0.10276272394888811,minmaxnorm
118,Q0,AP901108-0188,862,0.1027130658513374,minmaxnorm
118,Q0,AP900520-0043,863,0.10270258074899102,minmaxnorm
118,Q0,AP900606-0239,864,0.10269740730673642,minmaxnorm
118,Q0,AP900514-0063,865,0.10266830288603082,minmaxnorm
118,Q0,AP901101-0074,866,0.10241372558672641,minmaxnorm
118,Q0,AP900623-0080,867,0.1021925019574506,minmaxnorm
118,Q0,SJMN91-06295007,868,0.10217877118958879,minmaxnorm
118,Q0,AP900706-0055,869,0.10199527133528549,minmaxnorm
118,Q0,SJMN91-06190081,870,0.10195429259309967,minmaxnorm
118,Q0,SJMN91-06296046,871,0.10179329820068143,minmaxnorm
118,Q0,AP900522-0165,872,0.1016618766448386,minmaxnorm
118,Q0,AP900418-0107,873,0.10163163673181777,minmaxnorm
118,Q0,SJMN91-06034137,874,0.10156632342260236,minmaxnorm
118,Q0,AP900523-0151,875,0.10155626483176919,minmaxnorm
118,Q0,AP901111-0009,876,0.10131237312922402,minmaxnorm
118,Q0,AP900328-0143,877,0.1013016468499576,minmaxnorm
118,Q0,AP900815-0024,878,0.10106339905196408,minmaxnorm
118,Q0,SJMN91-06094154,879,0.10052841938295337,minmaxnorm
118,Q0,AP900614-0004,880,0.10051208388829294,minmaxnorm
118,Q0,ZF32-240-215,881,0.10034702437003237,minmaxnorm
118,Q0,AP900527-0037,882,0.10034237089895227,minmaxnorm
118,Q0,AP901130-0044,883,0.10010564219396163,minmaxnorm
118,Q0,AP900225-0061,884,0.10003179744965088,minmaxnorm
118,Q0,AP900403-0048,885,0.09993845299957434,minmaxnorm
118,Q0,AP900109-0165,886,0.0998710945207924,minmaxnorm
118,Q0,AP900730-0022,887,0.09957227892079178,minmaxnorm
118,Q0,AP901220-0195,888,0.09954180639682589,minmaxnorm
118,Q0,SJMN91-06042082,889,0.0995346350948487,minmaxnorm
118,Q0,AP900710-0125,890,0.09914491811106498,minmaxnorm
118,Q0,SJMN91-06017250,891,0.09911243258153302,minmaxnorm
118,Q0,AP900608-0154,892,0.0990647792148249,minmaxnorm
118,Q0,AP900205-0061,893,0.09870893156289169,minmaxnorm
118,Q0,SJMN91-06083094,894,0.09858256893743723,minmaxnorm
118,Q0,AP900821-0022,895,0.09851865091774674,minmaxnorm
118,Q0,AP900501-0017,896,0.09850145662029904,minmaxnorm
118,Q0,AP900908-0069,897,0.09835283873927508,minmaxnorm
118,Q0,AP900827-0067,898,0.0981233240376264,minmaxnorm
118,Q0,SJMN91-06339049,899,0.0976844381216947,minmaxnorm
118,Q0,AP900418-0070,900,0.09738129213646118,minmaxnorm
118,Q0,AP900323-0069,901,0.09726782815670773,minmaxnorm
118,Q0,AP900415-0015,902,0.09689825030926322,minmaxnorm
118,Q0,AP901117-0131,903,0.09657283463927913,minmaxnorm
118,Q0,AP900521-0146,904,0.09647858832684614,minmaxnorm
118,Q0,AP900810-0042,905,0.09645748021074362,minmaxnorm
118,Q0,AP900719-0004,906,0.09589400669253831,minmaxnorm
118,Q0,AP900126-0071,907,0.09581453439281103,minmaxnorm
118,Q0,AP900614-0063,908,0.09563893346989191,minmaxnorm
118,Q0,AP900508-0056,909,0.09562589367493765,minmaxnorm
118,Q0,SJMN91-06073100,910,0.09525349780806615,minmaxnorm
118,Q0,AP900420-0109,911,0.09515921139498067,minmaxnorm
118,Q0,SJMN91-06061255,912,0.09509677918552731,minmaxnorm
118,Q0,AP901011-0129,913,0.09500203769717393,minmaxnorm
118,Q0,SJMN91-06029129,914,0.09491374242831997,minmaxnorm
118,Q0,SJMN91-06292233,915,0.09484804246481882,minmaxnorm
118,Q0,SJMN91-06339233,916,0.09477695345909812,minmaxnorm
118,Q0,SJMN91-06306052,917,0.09474608298264038,minmaxnorm
118,Q0,SJMN91-06307181,918,0.09416719688253933,minmaxnorm
118,Q0,AP900124-0067,919,0.09404520048521404,minmaxnorm
118,Q0,AP900809-0090,920,0.09390509790841471,minmaxnorm
118,Q0,AP901114-0165,921,0.0938716386196912,minmaxnorm
118,Q0,AP900615-0173,922,0.0934459693107231,minmaxnorm
118,Q0,AP900824-0005,923,0.0932476569190253,minmaxnorm
118,Q0,SJMN91-06150046,924,0.09307099668332568,minmaxnorm
118,Q0,AP900208-0186,925,0.09298224503963898,minmaxnorm
118,Q0,AP900424-0160,926,0.0929234907003435,minmaxnorm
118,Q0,SJMN91-06211185,927,0.09290588318186849,minmaxnorm
118,Q0,SJMN91-06077022,928,0.09280111004512237,minmaxnorm
118,Q0,AP900821-0132,929,0.09268272853721712,minmaxnorm
118,Q0,AP900524-0101,930,0.09237337791926965,minmaxnorm
118,Q0,SJMN91-06337013,931,0.09231080801347417,minmaxnorm
118,Q0,AP900718-0071,932,0.09224447383960328,minmaxnorm
118,Q0,AP901011-0120,933,0.09192741449668754,minmaxnorm
118,Q0,SJMN91-06167095,934,0.09174791900877745,minmaxnorm
118,Q0,AP900313-0188,935,0.09164750478642607,minmaxnorm
118,Q0,SJMN91-06026058,936,0.09160468737346138,minmaxnorm
118,Q0,AP900203-0049,937,0.09157571625999705,minmaxnorm
118,Q0,AP900104-0147,938,0.09130595329235598,minmaxnorm
118,Q0,SJMN91-06029229,939,0.09123630462324489,minmaxnorm
118,Q0,AP900923-0072,940,0.09110948913738576,minmaxnorm
118,Q0,AP901205-0153,941,0.09106719499664725,minmaxnorm
118,Q0,SJMN91-06289164,942,0.09095025403408037,minmaxnorm
118,Q0,AP901124-0038,943,0.09085621147380886,minmaxnorm
118,Q0,AP900615-0011,944,0.09075849322952083,minmaxnorm
118,Q0,AP900409-0082,945,0.09054863590280873,minmaxnorm
118,Q0,AP900109-0170,946,0.09048607653699767,minmaxnorm
118,Q0,AP900529-0043,947,0.09040828393236985,minmaxnorm
118,Q0,SJMN91-06033052,948,0.09023199328755774,minmaxnorm
118,Q0,SJMN91-06010042,949,0.0901678170201535,minmaxnorm
118,Q0,SJMN91-06355239,950,0.09014435351172359,minmaxnorm
118,Q0,AP900714-0121,951,0.08983474729679589,minmaxnorm
118,Q0,SJMN91-06030239,952,0.08982653135122592,minmaxnorm
118,Q0,AP900525-0095,953,0.08969143617188075,minmaxnorm
118,Q0,AP900329-0077,954,0.089574901355269,minmaxnorm
118,Q0,AP900801-0055,955,0.08954655936104346,minmaxnorm
118,Q0,SJMN91-06156155,956,0.08946891847635105,minmaxnorm
118,Q0,AP901022-0122,957,0.08926314136146131,minmaxnorm
118,Q0,SJMN91-06073018,958,0.08921187372106112,minmaxnorm
118,Q0,AP900306-0089,959,0.0889499024992741,minmaxnorm
118,Q0,SJMN91-06196172,960,0.0888944059434714,minmaxnorm
118,Q0,AP901011-0175,961,0.0888583686437097,minmaxnorm
118,Q0,AP900709-0040,962,0.08883941284696767,minmaxnorm
118,Q0,SJMN91-06207243,963,0.08878509686947611,minmaxnorm
118,Q0,SJMN91-06041220,964,0.08873560716231045,minmaxnorm
118,Q0,SJMN91-06238051,965,0.0887031538842454,minmaxnorm
118,Q0,SJMN91-06147136,966,0.08848699703226554,minmaxnorm
118,Q0,SJMN91-06019098,967,0.0884811513052065,minmaxnorm
118,Q0,AP901225-0016,968,0.08844948879344551,minmaxnorm
118,Q0,AP900104-0137,969,0.08843998533754963,minmaxnorm
118,Q0,SJMN91-06018261,970,0.08835164622000927,minmaxnorm
118,Q0,AP900222-0088,971,0.0882412065005628,minmaxnorm
118,Q0,AP900728-0056,972,0.0878518414453495,minmaxnorm
118,Q0,SJMN91-06225129,973,0.0878464707616377,minmaxnorm
118,Q0,AP900127-0061,974,0.08784230259937838,minmaxnorm
118,Q0,AP900425-0110,975,0.08770655546564059,minmaxnorm
118,Q0,AP900307-0113,976,0.08762400941181346,minmaxnorm
118,Q0,AP900204-0066,977,0.0874780029698247,minmaxnorm
118,Q0,SJMN91-06017258,978,0.08746172879190199,minmaxnorm
118,Q0,AP900115-0151,979,0.08736109162781856,minmaxnorm
118,Q0,AP900718-0104,980,0.08732686229159345,minmaxnorm
118,Q0,AP900101-0048,981,0.08724553803050888,minmaxnorm
118,Q0,SJMN91-06194179,982,0.08723746834912116,minmaxnorm
118,Q0,AP900227-0168,983,0.08721455972022334,minmaxnorm
118,Q0,AP901026-0113,984,0.08708171467165188,minmaxnorm
118,Q0,AP900608-0138,985,0.08690825266590915,minmaxnorm
118,Q0,SJMN91-06274034,986,0.08688665361784449,minmaxnorm
118,Q0,AP901008-0047,987,0.08684016988688742,minmaxnorm
118,Q0,AP900712-0097,988,0.08676027433140193,minmaxnorm
118,Q0,AP900315-0008,989,0.08669145136573282,minmaxnorm
118,Q0,AP900706-0140,990,0.08647356455324011,minmaxnorm
118,Q0,AP901116-0011,991,0.0863890147903275,minmaxnorm
118,Q0,AP900707-0060,992,0.08623675324649645,minmaxnorm
118,Q0,AP900731-0164,993,0.08607380142413948,minmaxnorm
118,Q0,SJMN91-06021172,994,0.08596019932942418,minmaxnorm
118,Q0,SJMN91-06038151,995,0.08593998078096246,minmaxnorm
118,Q0,AP900508-0072,996,0.08586174592655961,minmaxnorm
118,Q0,AP900825-0085,997,0.08576991094190123,minmaxnorm
118,Q0,AP900521-0119,998,0.08562730614863025,minmaxnorm
118,Q0,AP900526-0119,999,0.08554089322813939,minmaxnorm
118,Q0,SJMN91-06270213,1000,0.08544867061655781,minmaxnorm
120,Q0,SJMN91-06042038,1,0.3978890189808777,minmaxnorm
120,Q0,SJMN91-06034137,2,0.38410560957194406,minmaxnorm
120,Q0,SJMN91-06332019,3,0.38103658722706,minmaxnorm
120,Q0,SJMN91-06027053,4,0.37457197696346994,minmaxnorm
120,Q0,AP900516-0061,5,0.37443631693903234,minmaxnorm
120,Q0,SJMN91-06065197,6,0.3728502008847344,minmaxnorm
120,Q0,AP900501-0061,7,0.3728316100289,minmaxnorm
120,Q0,SJMN91-06320245,8,0.36527116618083466,minmaxnorm
120,Q0,SJMN91-06046175,9,0.3572185800815906,minmaxnorm
120,Q0,AP900515-0112,10,0.35641595423964484,minmaxnorm
120,Q0,AP901216-0016,11,0.35405335674238597,minmaxnorm
120,Q0,AP900516-0189,12,0.3523637435764148,minmaxnorm
120,Q0,AP900104-0115,13,0.3509525950922242,minmaxnorm
120,Q0,AP900119-0241,14,0.34663723517233597,minmaxnorm
120,Q0,AP900215-0137,15,0.3463999225964581,minmaxnorm
120,Q0,AP900516-0090,16,0.3459055045203085,minmaxnorm
120,Q0,AP900217-0130,17,0.34506417949157797,minmaxnorm
120,Q0,SJMN91-06122263,18,0.34494132545891454,minmaxnorm
120,Q0,AP901121-0082,19,0.34287074082266067,minmaxnorm
120,Q0,SJMN91-06320202,20,0.33628128440038557,minmaxnorm
120,Q0,SJMN91-06020167,21,0.33404938206846224,minmaxnorm
120,Q0,SJMN91-06016023,22,0.3282347129358169,minmaxnorm
120,Q0,AP900904-0156,23,0.32669187791043647,minmaxnorm
120,Q0,AP900910-0043,24,0.3266719136161332,minmaxnorm
120,Q0,SJMN91-06055215,25,0.32584625236568043,minmaxnorm
120,Q0,AP900502-0220,26,0.3257428811351082,minmaxnorm
120,Q0,AP900415-0015,27,0.3235970790151372,minmaxnorm
120,Q0,AP900615-0011,28,0.3213449294892325,minmaxnorm
120,Q0,AP900405-0035,29,0.321142282712333,minmaxnorm
120,Q0,SJMN91-06154233,30,0.32105673148291086,minmaxnorm
120,Q0,AP900501-0108,31,0.32066543165272915,minmaxnorm
120,Q0,SJMN91-06063004,32,0.32035273986593665,minmaxnorm
120,Q0,SJMN91-06024334,33,0.31555282053082057,minmaxnorm
120,Q0,SJMN91-06012039,34,0.31476497451407004,minmaxnorm
120,Q0,AP900810-0026,35,0.31425735778220626,minmaxnorm
120,Q0,AP901203-0209,36,0.31328748472206797,minmaxnorm
120,Q0,SJMN91-06025232,37,0.31208107483616604,minmaxnorm
120,Q0,SJMN91-06017248,38,0.311365755125184,minmaxnorm
120,Q0,SJMN91-06041209,39,0.3103470423111901,minmaxnorm
120,Q0,AP900514-0022,40,0.30998255717888157,minmaxnorm
120,Q0,AP901027-0043,41,0.3096726242263179,minmaxnorm
120,Q0,AP901024-0185,42,0.3094137935824954,minmaxnorm
120,Q0,AP901003-0138,43,0.3081124004014065,minmaxnorm
120,Q0,SJMN91-06161211,44,0.3067390046979863,minmaxnorm
120,Q0,SJMN91-06319053,45,0.3067157297537861,minmaxnorm
120,Q0,SJMN91-06319078,46,0.3066653506077194,minmaxnorm
120,Q0,SJMN91-06064121,47,0.3057801946929676,minmaxnorm
120,Q0,SJMN91-06041169,48,0.3046670453558249,minmaxnorm
120,Q0,SJMN91-06340131,49,0.3045277567716488,minmaxnorm
120,Q0,SJMN91-06031090,50,0.3043058787334345,minmaxnorm
120,Q0,AP900621-0166,51,0.3040695964192243,minmaxnorm
120,Q0,SJMN91-06252105,52,0.3011010322565821,minmaxnorm
120,Q0,AP900417-0133,53,0.30061600543468625,minmaxnorm
120,Q0,SJMN91-06289164,54,0.29964455416407254,minmaxnorm
120,Q0,SJMN91-06058108,55,0.29931538261138063,minmaxnorm
120,Q0,AP901016-0084,56,0.29931008410182125,minmaxnorm
120,Q0,SJMN91-06323132,57,0.2989604179282548,minmaxnorm
120,Q0,AP900309-0140,58,0.29783815092824706,minmaxnorm
120,Q0,AP900627-0126,59,0.29751802833376445,minmaxnorm
120,Q0,SJMN91-06122036,60,0.29746609130379287,minmaxnorm
120,Q0,AP900216-0140,61,0.2973037225381859,minmaxnorm
120,Q0,SJMN91-06019001,62,0.29672941266793723,minmaxnorm
120,Q0,SJMN91-06321032,63,0.29639740479196885,minmaxnorm
120,Q0,AP900706-0019,64,0.2961738998395163,minmaxnorm
120,Q0,SJMN91-06009059,65,0.2940124358820489,minmaxnorm
120,Q0,SJMN91-06337189,66,0.2938688382700381,minmaxnorm
120,Q0,SJMN91-06018246,67,0.2933557810666421,minmaxnorm
120,Q0,AP901101-0032,68,0.29290646991665503,minmaxnorm
120,Q0,AP900322-0166,69,0.29205482091877694,minmaxnorm
120,Q0,SJMN91-06305178,70,0.29007562999780423,minmaxnorm
120,Q0,AP900206-0028,71,0.2894910162511676,minmaxnorm
120,Q0,SJMN91-06333132,72,0.28900696551161803,minmaxnorm
120,Q0,AP900411-0071,73,0.2876292502492759,minmaxnorm
120,Q0,AP900515-0171,74,0.2875476134880958,minmaxnorm
120,Q0,AP900315-0043,75,0.2875068843577819,minmaxnorm
120,Q0,SJMN91-06018106,76,0.2859033290331715,minmaxnorm
120,Q0,SJMN91-06339276,77,0.28514731037815877,minmaxnorm
120,Q0,SJMN91-06022119,78,0.285140025726912,minmaxnorm
120,Q0,SJMN91-06041021,79,0.28448979082929543,minmaxnorm
120,Q0,AP900926-0018,80,0.2835342858824429,minmaxnorm
120,Q0,SJMN91-06289165,81,0.28348993046618765,minmaxnorm
120,Q0,SJMN91-06072062,82,0.2834406429419065,minmaxnorm
120,Q0,SJMN91-06061006,83,0.28341656960093115,minmaxnorm
120,Q0,SJMN91-06017180,84,0.283202742088051,minmaxnorm
120,Q0,AP901010-0134,85,0.2827950066155761,minmaxnorm
120,Q0,AP900218-0085,86,0.2821535364377641,minmaxnorm
120,Q0,AP901031-0022,87,0.28166113232623313,minmaxnorm
120,Q0,SJMN91-06032021,88,0.2815242701651096,minmaxnorm
120,Q0,AP901214-0147,89,0.2790153793262914,minmaxnorm
120,Q0,SJMN91-06041220,90,0.27815797316971264,minmaxnorm
120,Q0,SJMN91-06017250,91,0.27222197644423346,minmaxnorm
120,Q0,AP900929-0105,92,0.2700430824893096,minmaxnorm
120,Q0,AP900320-0068,93,0.26981128344569005,minmaxnorm
120,Q0,AP900404-0158,94,0.26806056244254106,minmaxnorm
120,Q0,AP901019-0055,95,0.266645110086177,minmaxnorm
120,Q0,SJMN91-06326004,96,0.26434934917334324,minmaxnorm
120,Q0,SJMN91-06354240,97,0.26378594492192886,minmaxnorm
120,Q0,AP900830-0162,98,0.26255598612013376,minmaxnorm
120,Q0,SJMN91-06015139,99,0.26220401339546257,minmaxnorm
120,Q0,AP900411-0105,100,0.26165095309889347,minmaxnorm
120,Q0,AP901001-0160,101,0.2614949238905804,minmaxnorm
120,Q0,AP900723-0057,102,0.2613515353542409,minmaxnorm
120,Q0,AP901120-0137,103,0.2612104461130197,minmaxnorm
120,Q0,SJMN91-06091060,104,0.26087356124188404,minmaxnorm
120,Q0,SJMN91-06224140,105,0.2607946436067296,minmaxnorm
120,Q0,AP900317-0095,106,0.2607776769137189,minmaxnorm
120,Q0,AP900514-0117,107,0.26029268158587754,minmaxnorm
120,Q0,AP900418-0167,108,0.25972074493448905,minmaxnorm
120,Q0,AP900310-0009,109,0.2594232552227572,minmaxnorm
120,Q0,SJMN91-06023109,110,0.2584743431207825,minmaxnorm
120,Q0,AP900712-0037,111,0.25833483365226845,minmaxnorm
120,Q0,SJMN91-06035034,112,0.2579396379965907,minmaxnorm
120,Q0,AP900328-0044,113,0.25777715623800734,minmaxnorm
120,Q0,AP900208-0117,114,0.25765915746856377,minmaxnorm
120,Q0,SJMN91-06019026,115,0.25736126881071775,minmaxnorm
120,Q0,AP901128-0073,116,0.2573302179949498,minmaxnorm
120,Q0,SJMN91-06084004,117,0.2557484081495332,minmaxnorm
120,Q0,AP901121-0140,118,0.25572364093558964,minmaxnorm
120,Q0,AP900810-0136,119,0.2557203365163383,minmaxnorm
120,Q0,SJMN91-06340160,120,0.25504060350698465,minmaxnorm
120,Q0,SJMN91-06176171,121,0.25497630717084274,minmaxnorm
120,Q0,AP900118-0148,122,0.25471776910919913,minmaxnorm
120,Q0,AP901026-0012,123,0.25448166944642914,minmaxnorm
120,Q0,AP900410-0154,124,0.25394609809140617,minmaxnorm
120,Q0,AP900328-0127,125,0.25356461675783787,minmaxnorm
120,Q0,SJMN91-06023223,126,0.25337183328625845,minmaxnorm
120,Q0,AP900326-0171,127,0.2524984400767548,minmaxnorm
120,Q0,AP900418-0067,128,0.25006744512490225,minmaxnorm
120,Q0,AP900918-0159,129,0.2499354350424453,minmaxnorm
120,Q0,SJMN91-06015078,130,0.2489686067859667,minmaxnorm
120,Q0,SJMN91-06035121,131,0.24822071370083376,minmaxnorm
120,Q0,SJMN91-06023139,132,0.24797944257557109,minmaxnorm
120,Q0,AP900612-0169,133,0.24711829943306302,minmaxnorm
120,Q0,SJMN91-06037037,134,0.24661260433639667,minmaxnorm
120,Q0,SJMN91-06055131,135,0.24647393025387973,minmaxnorm
120,Q0,SJMN91-06017097,136,0.24645613234893363,minmaxnorm
120,Q0,AP901107-0251,137,0.2462328040683852,minmaxnorm
120,Q0,SJMN91-06066069,138,0.2457919517632344,minmaxnorm
120,Q0,AP900913-0116,139,0.24562367629731283,minmaxnorm
120,Q0,SJMN91-06339173,140,0.2452164967047568,minmaxnorm
120,Q0,AP900925-0088,141,0.24480469502066976,minmaxnorm
120,Q0,SJMN91-06015195,142,0.2440497128192963,minmaxnorm
120,Q0,AP901116-0143,143,0.2438401057028295,minmaxnorm
120,Q0,AP900430-0081,144,0.24344506769038365,minmaxnorm
120,Q0,AP900620-0095,145,0.24215930653069934,minmaxnorm
120,Q0,AP901124-0109,146,0.24089907533628324,minmaxnorm
120,Q0,AP900131-0029,147,0.24027220775895258,minmaxnorm
120,Q0,AP900308-0095,148,0.24011748757817142,minmaxnorm
120,Q0,ZF32-224-240,149,0.23972105524913914,minmaxnorm
120,Q0,SJMN91-06334192,150,0.2396013325110775,minmaxnorm
120,Q0,SJMN91-06062143,151,0.2395511919383598,minmaxnorm
120,Q0,SJMN91-06031093,152,0.23949018676208178,minmaxnorm
120,Q0,AP900716-0153,153,0.23934280565810856,minmaxnorm
120,Q0,AP900329-0119,154,0.23861048415340708,minmaxnorm
120,Q0,AP900307-0076,155,0.238466224456656,minmaxnorm
120,Q0,AP900515-0164,156,0.23822485365073987,minmaxnorm
120,Q0,SJMN91-06077109,157,0.23748988113658678,minmaxnorm
120,Q0,AP900213-0081,158,0.2373060816306369,minmaxnorm
120,Q0,AP900718-0164,159,0.2365241847625519,minmaxnorm
120,Q0,AP900907-0169,160,0.23479796469487516,minmaxnorm
120,Q0,AP900827-0087,161,0.23419479793828785,minmaxnorm
120,Q0,AP900913-0002,162,0.23390763081982233,minmaxnorm
120,Q0,AP901114-0174,163,0.23378961372997334,minmaxnorm
120,Q0,SJMN91-06018204,164,0.23373738638754815,minmaxnorm
120,Q0,AP901215-0037,165,0.23284140940963893,minmaxnorm
120,Q0,SJMN91-06074044,166,0.2323779335120333,minmaxnorm
120,Q0,SJMN91-06344209,167,0.2318233724089553,minmaxnorm
120,Q0,AP901204-0105,168,0.2316917741791496,minmaxnorm
120,Q0,SJMN91-06210046,169,0.23165202937737656,minmaxnorm
120,Q0,AP901203-0154,170,0.23140249749087827,minmaxnorm
120,Q0,AP900322-0054,171,0.23132005594035962,minmaxnorm
120,Q0,ZF32-240-215,172,0.23070169011406227,minmaxnorm
120,Q0,AP900124-0183,173,0.23038861232699295,minmaxnorm
120,Q0,AP900208-0133,174,0.23031659330764626,minmaxnorm
120,Q0,AP900519-0064,175,0.22990816517304039,minmaxnorm
120,Q0,AP900413-0177,176,0.22944772145973014,minmaxnorm
120,Q0,SJMN91-06046126,177,0.22937210578767595,minmaxnorm
120,Q0,AP900817-0013,178,0.22910737318235053,minmaxnorm
120,Q0,SJMN91-06136051,179,0.22846781171503897,minmaxnorm
120,Q0,AP901208-0096,180,0.22837534548550167,minmaxnorm
120,Q0,AP900410-0097,181,0.22809549781868768,minmaxnorm
120,Q0,SJMN91-06091178,182,0.22661735810252495,minmaxnorm
120,Q0,AP900213-0008,183,0.22657768663706743,minmaxnorm
120,Q0,AP900511-0038,184,0.22653785402411658,minmaxnorm
120,Q0,AP900714-0073,185,0.226009321287802,minmaxnorm
120,Q0,AP900623-0163,186,0.22595124192839144,minmaxnorm
120,Q0,AP901205-0170,187,0.2258754786554054,minmaxnorm
120,Q0,AP900123-0127,188,0.2258026168415195,minmaxnorm
120,Q0,AP900914-0090,189,0.22576860752450392,minmaxnorm
120,Q0,AP901031-0155,190,0.2256941387169047,minmaxnorm
120,Q0,AP901128-0139,191,0.22559643117987285,minmaxnorm
120,Q0,AP900626-0201,192,0.22558879790255096,minmaxnorm
120,Q0,AP900918-0063,193,0.22515754866808538,minmaxnorm
120,Q0,AP901128-0029,194,0.22504538849866298,minmaxnorm
120,Q0,SJMN91-06362043,195,0.22344239431726354,minmaxnorm
120,Q0,AP900329-0017,196,0.22305111053239385,minmaxnorm
120,Q0,AP900424-0008,197,0.22300073972405343,minmaxnorm
120,Q0,AP901225-0016,198,0.2229454233698973,minmaxnorm
120,Q0,SJMN91-06058054,199,0.2227316339753832,minmaxnorm
120,Q0,AP901006-0050,200,0.22259899133372021,minmaxnorm
120,Q0,SJMN91-06009131,201,0.2224608444120489,minmaxnorm
120,Q0,SJMN91-06081026,202,0.22176208275468276,minmaxnorm
120,Q0,AP900317-0087,203,0.22145731879994607,minmaxnorm
120,Q0,SJMN91-06083094,204,0.22089888646308972,minmaxnorm
120,Q0,AP901124-0038,205,0.220442616452584,minmaxnorm
120,Q0,SJMN91-06013036,206,0.21998014524817497,minmaxnorm
120,Q0,AP900209-0062,207,0.2198953400064957,minmaxnorm
120,Q0,AP901208-0057,208,0.2197427075000121,minmaxnorm
120,Q0,AP900910-0069,209,0.2195481334386248,minmaxnorm
120,Q0,AP900315-0061,210,0.21917837338864532,minmaxnorm
120,Q0,SJMN91-06320148,211,0.21908555072596766,minmaxnorm
120,Q0,AP900919-0061,212,0.2190725241632546,minmaxnorm
120,Q0,AP900410-0133,213,0.21865537822924702,minmaxnorm
120,Q0,AP900910-0139,214,0.2184030834637087,minmaxnorm
120,Q0,SJMN91-06044058,215,0.21779599216400058,minmaxnorm
120,Q0,SJMN91-06026162,216,0.2175990262326289,minmaxnorm
120,Q0,AP900110-0151,217,0.21730267749428112,minmaxnorm
120,Q0,AP900501-0023,218,0.21627542012457415,minmaxnorm
120,Q0,AP900410-0144,219,0.21601682647905077,minmaxnorm
120,Q0,AP900713-0102,220,0.2148529460720091,minmaxnorm
120,Q0,SJMN91-06036146,221,0.21434866496900676,minmaxnorm
120,Q0,AP901018-0014,222,0.21416330602873845,minmaxnorm
120,Q0,AP900425-0071,223,0.2139815360303173,minmaxnorm
120,Q0,AP901104-0037,224,0.21385417476814564,minmaxnorm
120,Q0,SJMN91-06196172,225,0.21383393012638538,minmaxnorm
120,Q0,AP900421-0088,226,0.2137211875911454,minmaxnorm
120,Q0,AP901205-0019,227,0.21365110981164376,minmaxnorm
120,Q0,AP901105-0023,228,0.21362843359091047,minmaxnorm
120,Q0,AP900419-0143,229,0.213174437063973,minmaxnorm
120,Q0,SJMN91-06050004,230,0.21291536838823172,minmaxnorm
120,Q0,AP901015-0174,231,0.2120875758954802,minmaxnorm
120,Q0,SJMN91-06137243,232,0.21186187121486877,minmaxnorm
120,Q0,AP900203-0160,233,0.21172796987261805,minmaxnorm
120,Q0,AP900609-0054,234,0.21105710162084404,minmaxnorm
120,Q0,SJMN91-06038012,235,0.21086529128943124,minmaxnorm
120,Q0,AP900820-0008,236,0.21053009698313577,minmaxnorm
120,Q0,AP900918-0105,237,0.21018351069929112,minmaxnorm
120,Q0,AP900708-0047,238,0.20992377966959982,minmaxnorm
120,Q0,AP900416-0009,239,0.2098297381510751,minmaxnorm
120,Q0,AP900510-0094,240,0.2094288130047194,minmaxnorm
120,Q0,AP900911-0157,241,0.20870133835923768,minmaxnorm
120,Q0,AP900323-0151,242,0.20834924261155868,minmaxnorm
120,Q0,SJMN91-06231020,243,0.20810029031812788,minmaxnorm
120,Q0,AP900105-0089,244,0.20806606727177548,minmaxnorm
120,Q0,SJMN91-06008162,245,0.20804790851024105,minmaxnorm
120,Q0,AP900914-0021,246,0.20795469673737244,minmaxnorm
120,Q0,AP900207-0041,247,0.2078492534706554,minmaxnorm
120,Q0,SJMN91-06008179,248,0.20748936562920925,minmaxnorm
120,Q0,AP901101-0074,249,0.20703057888167586,minmaxnorm
120,Q0,AP901003-0172,250,0.20695913837007512,minmaxnorm
120,Q0,AP900301-0160,251,0.20690601614095464,minmaxnorm
120,Q0,SJMN91-06129006,252,0.20690518410431724,minmaxnorm
120,Q0,SJMN91-06010042,253,0.20667474130654456,minmaxnorm
120,Q0,SJMN91-06036121,254,0.20663269987960867,minmaxnorm
120,Q0,AP900304-0026,255,0.20659378115064217,minmaxnorm
120,Q0,SJMN91-06015091,256,0.2065367860636009,minmaxnorm
120,Q0,SJMN91-06036072,257,0.2062377784277961,minmaxnorm
120,Q0,SJMN91-06042119,258,0.20606517188464007,minmaxnorm
120,Q0,SJMN91-06081030,259,0.20578244797041192,minmaxnorm
120,Q0,AP900615-0017,260,0.2057706756889834,minmaxnorm
120,Q0,AP900730-0080,261,0.20493523510044512,minmaxnorm
120,Q0,AP901005-0015,262,0.20463491513349327,minmaxnorm
120,Q0,SJMN91-06148080,263,0.20315873349892846,minmaxnorm
120,Q0,SJMN91-06032146,264,0.20267838494574633,minmaxnorm
120,Q0,SJMN91-06073206,265,0.2026445161327384,minmaxnorm
120,Q0,AP900628-0057,266,0.2023292186038994,minmaxnorm
120,Q0,AP900418-0157,267,0.20152329397175198,minmaxnorm
120,Q0,AP900923-0065,268,0.20001883993760014,minmaxnorm
120,Q0,AP901216-0046,269,0.19968924310251016,minmaxnorm
120,Q0,AP900104-0062,270,0.1993049082533681,minmaxnorm
120,Q0,AP900801-0027,271,0.1988911939940416,minmaxnorm
120,Q0,AP901012-0033,272,0.19865286199719354,minmaxnorm
120,Q0,SJMN91-06064126,273,0.19857360954311482,minmaxnorm
120,Q0,AP901218-0095,274,0.1983637893345305,minmaxnorm
120,Q0,AP900808-0156,275,0.19836274792334882,minmaxnorm
120,Q0,AP901029-0036,276,0.19808577675019728,minmaxnorm
120,Q0,SJMN91-06050024,277,0.19793139151951927,minmaxnorm
120,Q0,AP900315-0008,278,0.19785128004638647,minmaxnorm
120,Q0,SJMN91-06274064,279,0.19779883508494858,minmaxnorm
120,Q0,AP900526-0142,280,0.19726906943676964,minmaxnorm
120,Q0,AP900125-0095,281,0.19708555466785194,minmaxnorm
120,Q0,AP900331-0096,282,0.19705129428925855,minmaxnorm
120,Q0,SJMN91-06050019,283,0.196740471746847,minmaxnorm
120,Q0,SJMN91-06039137,284,0.19645769554752557,minmaxnorm
120,Q0,SJMN91-06164185,285,0.19619021830100633,minmaxnorm
120,Q0,AP900123-0026,286,0.1956976465281944,minmaxnorm
120,Q0,SJMN91-06026052,287,0.19525929433548303,minmaxnorm
120,Q0,AP900708-0051,288,0.19495019209334186,minmaxnorm
120,Q0,AP900930-0049,289,0.19461110952616226,minmaxnorm
120,Q0,AP900617-0017,290,0.19460729998765186,minmaxnorm
120,Q0,AP900321-0028,291,0.1940237856722214,minmaxnorm
120,Q0,AP900707-0135,292,0.19372956791157678,minmaxnorm
120,Q0,SJMN91-06021035,293,0.19359978914713036,minmaxnorm
120,Q0,AP900108-0038,294,0.19335953067376355,minmaxnorm
120,Q0,AP901218-0043,295,0.1932878848870946,minmaxnorm
120,Q0,SJMN91-06063025,296,0.19328716631245507,minmaxnorm
120,Q0,AP900615-0007,297,0.19281854599153941,minmaxnorm
120,Q0,SJMN91-06018192,298,0.19261265872328234,minmaxnorm
120,Q0,AP901024-0036,299,0.1925941990241369,minmaxnorm
120,Q0,AP901204-0061,300,0.1918508650515565,minmaxnorm
120,Q0,AP900913-0148,301,0.1917968946892945,minmaxnorm
120,Q0,AP900210-0133,302,0.1914498155372541,minmaxnorm
120,Q0,AP900630-0026,303,0.19138172381606625,minmaxnorm
120,Q0,AP900117-0111,304,0.19108798460500123,minmaxnorm
120,Q0,AP900710-0102,305,0.19107178509410974,minmaxnorm
120,Q0,AP901203-0163,306,0.19068326319769804,minmaxnorm
120,Q0,AP901014-0053,307,0.19050455543724243,minmaxnorm
120,Q0,SJMN91-06219106,308,0.19043224675435183,minmaxnorm
120,Q0,SJMN91-06203022,309,0.18990466264910252,minmaxnorm
120,Q0,AP900927-0062,310,0.18925780627302766,minmaxnorm
120,Q0,AP900617-0049,311,0.18829559347010363,minmaxnorm
120,Q0,AP900310-0152,312,0.1879794123905209,minmaxnorm
120,Q0,AP901013-0079,313,0.18762051062381876,minmaxnorm
120,Q0,AP900912-0113,314,0.18751705660103307,minmaxnorm
120,Q0,AP900802-0041,315,0.18730214474805734,minmaxnorm
120,Q0,SJMN91-06051208,316,0.18678268585697497,minmaxnorm
120,Q0,AP900312-0177,317,0.18668438508123025,minmaxnorm
120,Q0,AP900914-0164,318,0.18648727713395954,minmaxnorm
120,Q0,SJMN91-06036116,319,0.18648291288480046,minmaxnorm
120,Q0,AP901012-0178,320,0.1859237965221907,minmaxnorm
120,Q0,AP900911-0181,321,0.1856328593283439,minmaxnorm
120,Q0,AP900911-0020,322,0.18541568059316454,minmaxnorm
120,Q0,AP900522-0140,323,0.18517942354779654,minmaxnorm
120,Q0,AP900403-0048,324,0.18487842849237335,minmaxnorm
120,Q0,AP900707-0067,325,0.18405771369721555,minmaxnorm
120,Q0,SJMN91-06050136,326,0.1839953972293117,minmaxnorm
120,Q0,SJMN91-06016027,327,0.18317352064661133,minmaxnorm
120,Q0,AP900203-0009,328,0.18305023872993087,minmaxnorm
120,Q0,AP900803-0177,329,0.1830190061003303,minmaxnorm
120,Q0,ZF32-226-284,330,0.1826627642971847,minmaxnorm
120,Q0,AP900203-0179,331,0.18186272429353512,minmaxnorm
120,Q0,AP900125-0067,332,0.18169489359714006,minmaxnorm
120,Q0,AP900621-0031,333,0.18131336002848206,minmaxnorm
120,Q0,AP900701-0070,334,0.18117776699901805,minmaxnorm
120,Q0,AP900519-0101,335,0.18108418466265178,minmaxnorm
120,Q0,AP901121-0088,336,0.18087265537134503,minmaxnorm
120,Q0,SJMN91-06026078,337,0.18082793809180475,minmaxnorm
120,Q0,AP900716-0112,338,0.1803562429525671,minmaxnorm
120,Q0,AP900414-0060,339,0.1802151825240564,minmaxnorm
120,Q0,SJMN91-06126137,340,0.1797826265012761,minmaxnorm
120,Q0,SJMN91-06259035,341,0.17961825844665305,minmaxnorm
120,Q0,SJMN91-06336214,342,0.17949382009482484,minmaxnorm
120,Q0,SJMN91-06070218,343,0.17926133223700663,minmaxnorm
120,Q0,AP900918-0072,344,0.17861000445648223,minmaxnorm
120,Q0,SJMN91-06162063,345,0.17858280241936766,minmaxnorm
120,Q0,AP900814-0072,346,0.17839265683746058,minmaxnorm
120,Q0,AP900124-0067,347,0.17823855929306565,minmaxnorm
120,Q0,AP900810-0117,348,0.17769214268164818,minmaxnorm
120,Q0,SJMN91-06299107,349,0.1774655889096536,minmaxnorm
120,Q0,AP901025-0121,350,0.17735332899849215,minmaxnorm
120,Q0,AP900801-0105,351,0.17709258491259897,minmaxnorm
120,Q0,AP900307-0072,352,0.17671542896756487,minmaxnorm
120,Q0,AP900123-0112,353,0.17668521169644089,minmaxnorm
120,Q0,SJMN91-06112184,354,0.17597906357650403,minmaxnorm
120,Q0,SJMN91-06037141,355,0.17520123725864406,minmaxnorm
120,Q0,AP900616-0058,356,0.17489588587616492,minmaxnorm
120,Q0,AP900514-0195,357,0.1746340365644836,minmaxnorm
120,Q0,ZF32-225-348,358,0.17457708401856667,minmaxnorm
120,Q0,AP901001-0055,359,0.17439233164998894,minmaxnorm
120,Q0,SJMN91-06059076,360,0.17231524476212653,minmaxnorm
120,Q0,AP901204-0134,361,0.1716185866335622,minmaxnorm
120,Q0,SJMN91-06222244,362,0.17147733990847241,minmaxnorm
120,Q0,AP901013-0046,363,0.17075229947195655,minmaxnorm
120,Q0,SJMN91-06334092,364,0.17035000240740897,minmaxnorm
120,Q0,AP901031-0185,365,0.17000417758110004,minmaxnorm
120,Q0,AP900105-0070,366,0.1693830827084479,minmaxnorm
120,Q0,SJMN91-06007011,367,0.16924146016099437,minmaxnorm
120,Q0,AP900928-0011,368,0.16858370957252244,minmaxnorm
120,Q0,AP901128-0113,369,0.16847005402899212,minmaxnorm
120,Q0,AP900416-0157,370,0.16820884570221836,minmaxnorm
120,Q0,AP900909-0062,371,0.16805128707611067,minmaxnorm
120,Q0,AP900925-0187,372,0.16781068350684702,minmaxnorm
120,Q0,SJMN91-06275106,373,0.16771799653341987,minmaxnorm
120,Q0,AP901124-0026,374,0.1675462961546662,minmaxnorm
120,Q0,AP900809-0025,375,0.16746743789412594,minmaxnorm
120,Q0,AP901102-0056,376,0.16727947620754677,minmaxnorm
120,Q0,ZF32-205-383,377,0.16548329103451542,minmaxnorm
120,Q0,AP901121-0076,378,0.16543482783105262,minmaxnorm
120,Q0,AP901119-0007,379,0.16539402204543807,minmaxnorm
120,Q0,SJMN91-06343038,380,0.16518702013888792,minmaxnorm
120,Q0,AP900315-0050,381,0.16411547283470587,minmaxnorm
120,Q0,SJMN91-06210158,382,0.1641014180392213,minmaxnorm
120,Q0,AP900214-0178,383,0.16391462403087895,minmaxnorm
120,Q0,AP900331-0022,384,0.16319515985097433,minmaxnorm
120,Q0,SJMN91-06315129,385,0.16311854724460223,minmaxnorm
120,Q0,AP900907-0161,386,0.16276755730054063,minmaxnorm
120,Q0,AP900917-0081,387,0.16263436802357709,minmaxnorm
120,Q0,SJMN91-06215053,388,0.16252647159288283,minmaxnorm
120,Q0,AP901205-0083,389,0.16139733247894936,minmaxnorm
120,Q0,AP901011-0129,390,0.160836259625078,minmaxnorm
120,Q0,SJMN91-06112159,391,0.1603828285486212,minmaxnorm
120,Q0,AP900514-0063,392,0.15998954532965445,minmaxnorm
120,Q0,SJMN91-06150046,393,0.1597005680085151,minmaxnorm
120,Q0,SJMN91-06033035,394,0.15966399130124148,minmaxnorm
120,Q0,ZF32-227-136,395,0.15947565548935452,minmaxnorm
120,Q0,SJMN91-06025066,396,0.15910514838059195,minmaxnorm
120,Q0,SJMN91-06023131,397,0.15907765627897225,minmaxnorm
120,Q0,SJMN91-06149001,398,0.15868999304059037,minmaxnorm
120,Q0,AP900601-0078,399,0.1586120647281029,minmaxnorm
120,Q0,AP900412-0090,400,0.15855513355637568,minmaxnorm
120,Q0,SJMN91-06238085,401,0.15822697945920897,minmaxnorm
120,Q0,SJMN91-06065029,402,0.15795556570250907,minmaxnorm
120,Q0,AP900522-0123,403,0.15785915787827,minmaxnorm
120,Q0,AP901004-0136,404,0.15746523092343484,minmaxnorm
120,Q0,SJMN91-06357075,405,0.15698337745421526,minmaxnorm
120,Q0,SJMN91-06092199,406,0.1566398028343042,minmaxnorm
120,Q0,AP900703-0002,407,0.15635215924260273,minmaxnorm
120,Q0,AP901123-0091,408,0.1557763432418102,minmaxnorm
120,Q0,AP900916-0024,409,0.15548061221223525,minmaxnorm
120,Q0,SJMN91-06009047,410,0.15500503362092305,minmaxnorm
120,Q0,AP900125-0043,411,0.15429781989761837,minmaxnorm
120,Q0,SJMN91-06340054,412,0.15412266066727182,minmaxnorm
120,Q0,SJMN91-06340194,413,0.154108239172781,minmaxnorm
120,Q0,AP900925-0089,414,0.15410061921797794,minmaxnorm
120,Q0,SJMN91-06067006,415,0.1537990246944537,minmaxnorm
120,Q0,SJMN91-06361044,416,0.15334938889737182,minmaxnorm
120,Q0,AP900611-0093,417,0.1533056568156443,minmaxnorm
120,Q0,SJMN91-06048090,418,0.15328673524923325,minmaxnorm
120,Q0,AP900928-0123,419,0.1531683800791631,minmaxnorm
120,Q0,SJMN91-06024242,420,0.15299325640982556,minmaxnorm
120,Q0,AP900727-0219,421,0.15279293831749327,minmaxnorm
120,Q0,SJMN91-06011036,422,0.15263860014662783,minmaxnorm
120,Q0,AP900325-0039,423,0.1526365391004181,minmaxnorm
120,Q0,AP901014-0021,424,0.15187226015530622,minmaxnorm
120,Q0,SJMN91-06364012,425,0.15173645288087884,minmaxnorm
120,Q0,ZF32-240-349,426,0.15162399617579156,minmaxnorm
120,Q0,AP900608-0105,427,0.1515652641728338,minmaxnorm
120,Q0,AP900810-0149,428,0.15076970513182053,minmaxnorm
120,Q0,AP900702-0007,429,0.15070116702625333,minmaxnorm
120,Q0,AP900929-0099,430,0.1506681571914466,minmaxnorm
120,Q0,AP900723-0072,431,0.1506674922074439,minmaxnorm
120,Q0,AP900725-0145,432,0.1503791971923893,minmaxnorm
120,Q0,SJMN91-06044241,433,0.14999760645009858,minmaxnorm
120,Q0,AP901001-0133,434,0.14951196875062317,minmaxnorm
120,Q0,SJMN91-06031164,435,0.14937733744937917,minmaxnorm
120,Q0,SJMN91-06015019,436,0.1490161850063139,minmaxnorm
120,Q0,AP900124-0213,437,0.14883234079136773,minmaxnorm
120,Q0,SJMN91-06032246,438,0.1480033879121666,minmaxnorm
120,Q0,SJMN91-06095085,439,0.14792876381697942,minmaxnorm
120,Q0,SJMN91-06273104,440,0.14787104068989035,minmaxnorm
120,Q0,AP900215-0196,441,0.1469723531565875,minmaxnorm
120,Q0,AP900923-0032,442,0.1466747592439447,minmaxnorm
120,Q0,ZF32-228-020,443,0.14665709815643024,minmaxnorm
120,Q0,AP901120-0176,444,0.1462991123179934,minmaxnorm
120,Q0,SJMN91-06046039,445,0.1462481567273961,minmaxnorm
120,Q0,AP901214-0087,446,0.1461565584925409,minmaxnorm
120,Q0,AP900809-0090,447,0.14600766420251401,minmaxnorm
120,Q0,AP900924-0023,448,0.14597040039531703,minmaxnorm
120,Q0,AP900928-0152,449,0.14575148011804404,minmaxnorm
120,Q0,SJMN91-06027177,450,0.14560502649519172,minmaxnorm
120,Q0,AP900831-0025,451,0.1455699745854487,minmaxnorm
120,Q0,SJMN91-06086169,452,0.1455494565273533,minmaxnorm
120,Q0,SJMN91-06034225,453,0.14523753921271185,minmaxnorm
120,Q0,AP900307-0052,454,0.14490317673127098,minmaxnorm
120,Q0,SJMN91-06051113,455,0.14430649514692334,minmaxnorm
120,Q0,AP900606-0121,456,0.14393155615115732,minmaxnorm
120,Q0,AP900811-0066,457,0.14375644370808413,minmaxnorm
120,Q0,AP900830-0037,458,0.14322192758336977,minmaxnorm
120,Q0,AP901116-0136,459,0.14314764803597493,minmaxnorm
120,Q0,AP901231-0146,460,0.14294665067201895,minmaxnorm
120,Q0,SJMN91-06071106,461,0.14284224653251926,minmaxnorm
120,Q0,AP900808-0152,462,0.1428218819000493,minmaxnorm
120,Q0,AP900731-0098,463,0.14263793023140472,minmaxnorm
120,Q0,AP900912-0034,464,0.1426082117950415,minmaxnorm
120,Q0,SJMN91-06022110,465,0.14259889025939612,minmaxnorm
120,Q0,AP900621-0185,466,0.14236971746850696,minmaxnorm
120,Q0,AP900613-0133,467,0.14171137321067623,minmaxnorm
120,Q0,AP900908-0081,468,0.1413468895922662,minmaxnorm
120,Q0,SJMN91-06055045,469,0.14124160853611384,minmaxnorm
120,Q0,SJMN91-06112181,470,0.1412287191379731,minmaxnorm
120,Q0,AP901107-0174,471,0.14115345071994295,minmaxnorm
120,Q0,SJMN91-06357188,472,0.14108492890849608,minmaxnorm
120,Q0,AP901108-0226,473,0.1409272376800714,minmaxnorm
120,Q0,SJMN91-06029090,474,0.14086121011437602,minmaxnorm
120,Q0,SJMN91-06020018,475,0.14054520250651337,minmaxnorm
120,Q0,SJMN91-06181115,476,0.14052560424960495,minmaxnorm
120,Q0,AP901031-0131,477,0.14037980942884654,minmaxnorm
120,Q0,AP900531-0119,478,0.14027804511054637,minmaxnorm
120,Q0,AP900601-0133,479,0.14016607967541303,minmaxnorm
120,Q0,AP900406-0168,480,0.14007314077241523,minmaxnorm
120,Q0,AP900924-0179,481,0.13982632767438855,minmaxnorm
120,Q0,SJMN91-06327185,482,0.13981704113179255,minmaxnorm
120,Q0,SJMN91-06027092,483,0.13968433507463482,minmaxnorm
120,Q0,AP901107-0188,484,0.1394273822108066,minmaxnorm
120,Q0,SJMN91-06355222,485,0.13927620779977395,minmaxnorm
120,Q0,SJMN91-06228139,486,0.13915471276938485,minmaxnorm
120,Q0,AP900808-0081,487,0.13866356351618345,minmaxnorm
120,Q0,AP900709-0033,488,0.13836092552243587,minmaxnorm
120,Q0,AP901127-0043,489,0.13804172396528436,minmaxnorm
120,Q0,AP900810-0194,490,0.1379517996193044,minmaxnorm
120,Q0,SJMN91-06004109,491,0.13795001797190426,minmaxnorm
120,Q0,AP900718-0062,492,0.13760479159173056,minmaxnorm
120,Q0,SJMN91-06026180,493,0.1375240725294072,minmaxnorm
120,Q0,AP900516-0232,494,0.13736381529681488,minmaxnorm
120,Q0,SJMN91-06075076,495,0.1372624388206026,minmaxnorm
120,Q0,ZF32-238-268,496,0.13699784334791315,minmaxnorm
120,Q0,AP900202-0067,497,0.13689905551281287,minmaxnorm
120,Q0,AP901128-0021,498,0.13644189425725411,minmaxnorm
120,Q0,SJMN91-06241008,499,0.1364008790575478,minmaxnorm
120,Q0,AP900218-0063,500,0.13639221872452398,minmaxnorm
120,Q0,AP900807-0045,501,0.13638555494699575,minmaxnorm
120,Q0,AP901124-0119,502,0.13633971612322607,minmaxnorm
120,Q0,AP900218-0064,503,0.1361735013342017,minmaxnorm
120,Q0,AP900615-0106,504,0.13610452818238897,minmaxnorm
120,Q0,SJMN91-06098037,505,0.13558258955641345,minmaxnorm
120,Q0,AP900425-0214,506,0.13539466228749467,minmaxnorm
120,Q0,AP900329-0189,507,0.1349944016705491,minmaxnorm
120,Q0,SJMN91-06018176,508,0.13436909526485327,minmaxnorm
120,Q0,SJMN91-06110038,509,0.13436075632502875,minmaxnorm
120,Q0,AP901101-0229,510,0.13417453306640573,minmaxnorm
120,Q0,AP900530-0108,511,0.13384783932086597,minmaxnorm
120,Q0,AP900820-0001,512,0.13366759622480828,minmaxnorm
120,Q0,SJMN91-06055034,513,0.13335762327228362,minmaxnorm
120,Q0,SJMN91-06006173,514,0.13325981208798462,minmaxnorm
120,Q0,AP900607-0002,515,0.13300511363847944,minmaxnorm
120,Q0,AP900927-0151,516,0.13284748694226015,minmaxnorm
120,Q0,AP900621-0116,517,0.13264423728471286,minmaxnorm
120,Q0,SJMN91-06085082,518,0.13232591103576102,minmaxnorm
120,Q0,SJMN91-06180253,519,0.1321138114639519,minmaxnorm
120,Q0,AP901014-0056,520,0.13197969753314592,minmaxnorm
120,Q0,AP900509-0230,521,0.13196137215401366,minmaxnorm
120,Q0,SJMN91-06089152,522,0.13165057827523977,minmaxnorm
120,Q0,SJMN91-06315247,523,0.13163489480238316,minmaxnorm
120,Q0,SJMN91-06319022,524,0.13121033862901532,minmaxnorm
120,Q0,AP901025-0099,525,0.1308203201635842,minmaxnorm
120,Q0,AP900113-0118,526,0.1305820064363566,minmaxnorm
120,Q0,AP900310-0135,527,0.1304022428800245,minmaxnorm
120,Q0,AP900404-0072,528,0.13016977288078396,minmaxnorm
120,Q0,AP900720-0054,529,0.12989826665322235,minmaxnorm
120,Q0,AP900715-0035,530,0.12977863089519184,minmaxnorm
120,Q0,AP900909-0027,531,0.12971555857754596,minmaxnorm
120,Q0,AP900310-0117,532,0.12952898289381787,minmaxnorm
120,Q0,AP900424-0015,533,0.12947451740049762,minmaxnorm
120,Q0,AP901003-0058,534,0.1294212736329851,minmaxnorm
120,Q0,SJMN91-06210225,535,0.12922062560748707,minmaxnorm
120,Q0,SJMN91-06033052,536,0.12907145340842296,minmaxnorm
120,Q0,AP900909-0039,537,0.12882948031762337,minmaxnorm
120,Q0,SJMN91-06055046,538,0.12880630926930473,minmaxnorm
120,Q0,AP900214-0047,539,0.12876333624889924,minmaxnorm
120,Q0,SJMN91-06084030,540,0.1286036284907873,minmaxnorm
120,Q0,AP900322-0178,541,0.12855706940859093,minmaxnorm
120,Q0,SJMN91-06019190,542,0.12831994587105017,minmaxnorm
120,Q0,AP900511-0184,543,0.12816956129314336,minmaxnorm
120,Q0,AP901128-0027,544,0.12775787435127656,minmaxnorm
120,Q0,AP900105-0121,545,0.12771969814054457,minmaxnorm
120,Q0,SJMN91-06135155,546,0.12761755383524992,minmaxnorm
120,Q0,SJMN91-06008127,547,0.1274772286527477,minmaxnorm
120,Q0,SJMN91-06138246,548,0.12727370492865286,minmaxnorm
120,Q0,AP901121-0094,549,0.1268933247865267,minmaxnorm
120,Q0,SJMN91-06334123,550,0.12674071412245433,minmaxnorm
120,Q0,SJMN91-06315099,551,0.12665734784837956,minmaxnorm
120,Q0,AP900617-0027,552,0.1264342558095524,minmaxnorm
120,Q0,AP900407-0068,553,0.1263861194105406,minmaxnorm
120,Q0,AP901124-0069,554,0.12627595605852643,minmaxnorm
120,Q0,AP900920-0069,555,0.1257973370882723,minmaxnorm
120,Q0,AP900410-0069,556,0.12568453334065227,minmaxnorm
120,Q0,AP900512-0028,557,0.12508909911244817,minmaxnorm
120,Q0,AP901207-0047,558,0.12480239469528978,minmaxnorm
120,Q0,AP901220-0090,559,0.1247588145979234,minmaxnorm
120,Q0,AP900627-0129,560,0.12449909600887273,minmaxnorm
120,Q0,AP900620-0123,561,0.12405702039129878,minmaxnorm
120,Q0,AP901030-0086,562,0.12395314493252334,minmaxnorm
120,Q0,AP900621-0018,563,0.12395008728970175,minmaxnorm
120,Q0,SJMN91-06013168,564,0.12389220375164013,minmaxnorm
120,Q0,SJMN91-06103001,565,0.12359521399066375,minmaxnorm
120,Q0,AP900727-0112,566,0.12355222062927704,minmaxnorm
120,Q0,AP900802-0042,567,0.12352859162740559,minmaxnorm
120,Q0,AP900307-0160,568,0.12344400984041512,minmaxnorm
120,Q0,AP900911-0221,569,0.12311367675842977,minmaxnorm
120,Q0,AP900621-0083,570,0.12276577125130797,minmaxnorm
120,Q0,AP900629-0260,571,0.12275975397227726,minmaxnorm
120,Q0,AP900618-0121,572,0.12256927857927005,minmaxnorm
120,Q0,AP900807-0111,573,0.12250648183870066,minmaxnorm
120,Q0,AP900706-0123,574,0.12209698679071487,minmaxnorm
120,Q0,SJMN91-06063147,575,0.12201937627219717,minmaxnorm
120,Q0,SJMN91-06084152,576,0.12188165521010161,minmaxnorm
120,Q0,AP900620-0143,577,0.12184280878362054,minmaxnorm
120,Q0,SJMN91-06154204,578,0.12176334189761795,minmaxnorm
120,Q0,SJMN91-06072075,579,0.12157660755733457,minmaxnorm
120,Q0,SJMN91-06086078,580,0.12156750327827595,minmaxnorm
120,Q0,SJMN91-06335139,581,0.12137558305538408,minmaxnorm
120,Q0,SJMN91-06326235,582,0.12131667953296141,minmaxnorm
120,Q0,AP900621-0238,583,0.12110069650644538,minmaxnorm
120,Q0,AP900728-0099,584,0.12108368070482846,minmaxnorm
120,Q0,AP900606-0180,585,0.1208510881302793,minmaxnorm
120,Q0,AP900619-0060,586,0.12071968699933212,minmaxnorm
120,Q0,AP901106-0098,587,0.12070779984312985,minmaxnorm
120,Q0,AP900509-0123,588,0.12042982519933619,minmaxnorm
120,Q0,SJMN91-06231089,589,0.1202919832709255,minmaxnorm
120,Q0,AP900531-0150,590,0.12024976056886491,minmaxnorm
120,Q0,AP901119-0193,591,0.12020634803812497,minmaxnorm
120,Q0,AP900425-0205,592,0.12005537053179059,minmaxnorm
120,Q0,AP900423-0031,593,0.12004162714309938,minmaxnorm
120,Q0,AP900326-0095,594,0.119562381730597,minmaxnorm
120,Q0,AP900723-0059,595,0.11925930517047763,minmaxnorm
120,Q0,AP900417-0032,596,0.11855727373832377,minmaxnorm
120,Q0,AP900620-0112,597,0.11844101525443144,minmaxnorm
120,Q0,AP900429-0064,598,0.11843534486292055,minmaxnorm
120,Q0,SJMN91-06063194,599,0.1182979355431637,minmaxnorm
120,Q0,AP900109-0005,600,0.11809918873920948,minmaxnorm
120,Q0,SJMN91-06015024,601,0.11781597311367945,minmaxnorm
120,Q0,AP901016-0099,602,0.11761509413351301,minmaxnorm
120,Q0,AP900607-0093,603,0.11728195558661139,minmaxnorm
120,Q0,SJMN91-06339335,604,0.11723122359111485,minmaxnorm
120,Q0,SJMN91-06039211,605,0.11711207352128715,minmaxnorm
120,Q0,AP900802-0172,606,0.11695041755390809,minmaxnorm
120,Q0,AP901031-0179,607,0.11694952119091631,minmaxnorm
120,Q0,AP900328-0148,608,0.1169038464640544,minmaxnorm
120,Q0,AP900326-0037,609,0.11682212479914962,minmaxnorm
120,Q0,SJMN91-06044171,610,0.11676609337563151,minmaxnorm
120,Q0,SJMN91-06194046,611,0.11675859310048911,minmaxnorm
120,Q0,AP900906-0201,612,0.11637994398943005,minmaxnorm
120,Q0,AP900530-0094,613,0.11635030128410352,minmaxnorm
120,Q0,AP900422-0037,614,0.11631887885682637,minmaxnorm
120,Q0,AP900910-0075,615,0.1158098593654463,minmaxnorm
120,Q0,AP900415-0009,616,0.11565033682215035,minmaxnorm
120,Q0,AP900101-0028,617,0.11556317579078426,minmaxnorm
120,Q0,AP901205-0213,618,0.11545591568742192,minmaxnorm
120,Q0,SJMN91-06360100,619,0.11502125847199572,minmaxnorm
120,Q0,SJMN91-06267051,620,0.11490220176454952,minmaxnorm
120,Q0,AP900731-0107,621,0.11483950311189542,minmaxnorm
120,Q0,AP900801-0007,622,0.11469263129982968,minmaxnorm
120,Q0,AP901123-0036,623,0.11458129963867991,minmaxnorm
120,Q0,AP901213-0085,624,0.11438333761618678,minmaxnorm
120,Q0,AP900615-0133,625,0.11426064636685865,minmaxnorm
120,Q0,SJMN91-06077116,626,0.11389852109078569,minmaxnorm
120,Q0,AP900111-0190,627,0.11360843783351515,minmaxnorm
120,Q0,SJMN91-06026002,628,0.11331986881696007,minmaxnorm
120,Q0,SJMN91-06039008,629,0.11321788249500861,minmaxnorm
120,Q0,AP900901-0001,630,0.11314803117693228,minmaxnorm
120,Q0,SJMN91-06230027,631,0.11306099395106686,minmaxnorm
120,Q0,AP901006-0033,632,0.11293822039835824,minmaxnorm
120,Q0,AP900221-0084,633,0.11289269613708129,minmaxnorm
120,Q0,AP900123-0205,634,0.11257229717070752,minmaxnorm
120,Q0,AP900719-0097,635,0.11241437517586751,minmaxnorm
120,Q0,SJMN91-06046270,636,0.11232419622955765,minmaxnorm
120,Q0,AP900527-0037,637,0.11231941581103003,minmaxnorm
120,Q0,AP901204-0097,638,0.11212951510303039,minmaxnorm
120,Q0,AP900727-0133,639,0.11211690167336881,minmaxnorm
120,Q0,AP900425-0143,640,0.11200971603071835,minmaxnorm
120,Q0,AP900406-0156,641,0.1119938892114421,minmaxnorm
120,Q0,SJMN91-06064111,642,0.11197232224638543,minmaxnorm
120,Q0,ZF32-228-012,643,0.1114336226385682,minmaxnorm
120,Q0,SJMN91-06062184,644,0.1110760042301631,minmaxnorm
120,Q0,SJMN91-06024420,645,0.11106719800977788,minmaxnorm
120,Q0,AP900710-0186,646,0.11078269266282428,minmaxnorm
120,Q0,AP900427-0079,647,0.11076428270142016,minmaxnorm
120,Q0,AP900429-0026,648,0.11072113378464993,minmaxnorm
120,Q0,SJMN91-06180161,649,0.11049659912238634,minmaxnorm
120,Q0,SJMN91-06193079,650,0.1103214131730233,minmaxnorm
120,Q0,SJMN91-06319072,651,0.10992048759169296,minmaxnorm
120,Q0,SJMN91-06063014,652,0.10986539714922113,minmaxnorm
120,Q0,AP900819-0025,653,0.10937221412551981,minmaxnorm
120,Q0,SJMN91-06023218,654,0.10930407090268249,minmaxnorm
120,Q0,AP900617-0030,655,0.10912747060251436,minmaxnorm
120,Q0,AP900721-0063,656,0.10906174942520869,minmaxnorm
120,Q0,AP900621-0030,657,0.10891926081783634,minmaxnorm
120,Q0,AP900525-0095,658,0.10879679811940796,minmaxnorm
120,Q0,AP901101-0082,659,0.10864119321768975,minmaxnorm
120,Q0,AP901004-0156,660,0.10862150283019929,minmaxnorm
120,Q0,SJMN91-06032020,661,0.10853211036546384,minmaxnorm
120,Q0,SJMN91-06303022,662,0.10841077540505274,minmaxnorm
120,Q0,AP900403-0051,663,0.10836451224553367,minmaxnorm
120,Q0,AP901206-0021,664,0.10835338688757735,minmaxnorm
120,Q0,SJMN91-06112038,665,0.10816840441670537,minmaxnorm
120,Q0,AP900802-0177,666,0.10799927878314482,minmaxnorm
120,Q0,SJMN91-06023248,667,0.10787755779297219,minmaxnorm
120,Q0,SJMN91-06018248,668,0.10780399136309342,minmaxnorm
120,Q0,AP900802-0137,669,0.10775309571551152,minmaxnorm
120,Q0,AP900115-0151,670,0.10757577784064726,minmaxnorm
120,Q0,AP900929-0047,671,0.10749984363053539,minmaxnorm
120,Q0,AP900525-0115,672,0.10740104336353253,minmaxnorm
120,Q0,AP900719-0004,673,0.10738046132560443,minmaxnorm
120,Q0,AP900526-0027,674,0.10733858438937761,minmaxnorm
120,Q0,AP901006-0027,675,0.10730411107296779,minmaxnorm
120,Q0,AP900816-0139,676,0.10722397401762383,minmaxnorm
120,Q0,AP900205-0163,677,0.10699601541292927,minmaxnorm
120,Q0,AP901107-0177,678,0.10677603229836101,minmaxnorm
120,Q0,AP900620-0119,679,0.1063306141470684,minmaxnorm
120,Q0,AP900621-0017,680,0.10625849788855957,minmaxnorm
120,Q0,SJMN91-06324021,681,0.10607383384025235,minmaxnorm
120,Q0,AP900807-0135,682,0.10569487617389196,minmaxnorm
120,Q0,ZF32-186-096,683,0.10565852797629814,minmaxnorm
120,Q0,AP900803-0093,684,0.10539236434310331,minmaxnorm
120,Q0,AP900514-0092,685,0.10532813703706823,minmaxnorm
120,Q0,AP901210-0019,686,0.10502631131330695,minmaxnorm
120,Q0,SJMN91-06067217,687,0.10498311366828662,minmaxnorm
120,Q0,SJMN91-06071144,688,0.10485485871269372,minmaxnorm
120,Q0,AP901004-0013,689,0.10484434389857662,minmaxnorm
120,Q0,ZF32-204-106,690,0.10477907335330257,minmaxnorm
120,Q0,AP900616-0052,691,0.10475315697174659,minmaxnorm
120,Q0,AP901014-0031,692,0.10474957847877968,minmaxnorm
120,Q0,AP900709-0164,693,0.10430439166099739,minmaxnorm
120,Q0,AP900804-0080,694,0.10390319926429688,minmaxnorm
120,Q0,AP901115-0068,695,0.10386825131045102,minmaxnorm
120,Q0,AP901006-0075,696,0.10380880692205,minmaxnorm
120,Q0,AP900421-0101,697,0.10378705032792708,minmaxnorm
120,Q0,AP900804-0007,698,0.10355235408284195,minmaxnorm
120,Q0,SJMN91-06004182,699,0.10316700123206621,minmaxnorm
120,Q0,AP901130-0149,700,0.10314738136298048,minmaxnorm
120,Q0,SJMN91-06036094,701,0.10307239083736949,minmaxnorm
120,Q0,SJMN91-06026058,702,0.10278010106698846,minmaxnorm
120,Q0,SJMN91-06203105,703,0.10270222656023534,minmaxnorm
120,Q0,SJMN91-06089107,704,0.10264474592057284,minmaxnorm
120,Q0,AP901105-0254,705,0.10254986958545396,minmaxnorm
120,Q0,AP901213-0284,706,0.10251863340854432,minmaxnorm
120,Q0,AP900607-0075,707,0.10249123722821858,minmaxnorm
120,Q0,AP900420-0163,708,0.10246693603186555,minmaxnorm
120,Q0,AP901004-0099,709,0.10244510624874067,minmaxnorm
120,Q0,SJMN91-06039101,710,0.10222378441801963,minmaxnorm
120,Q0,SJMN91-06149082,711,0.10220105034872594,minmaxnorm
120,Q0,SJMN91-06021172,712,0.10213444948344216,minmaxnorm
120,Q0,AP900204-0066,713,0.10186207493127519,minmaxnorm
120,Q0,AP900621-0013,714,0.1018281150672694,minmaxnorm
120,Q0,AP900617-0065,715,0.10173562216196176,minmaxnorm
120,Q0,SJMN91-06084017,716,0.10147266887956252,minmaxnorm
120,Q0,AP900820-0093,717,0.10140006206224773,minmaxnorm
120,Q0,AP900817-0001,718,0.10122939520598755,minmaxnorm
120,Q0,AP900806-0110,719,0.10092167950674656,minmaxnorm
120,Q0,AP901024-0228,720,0.10084121516987184,minmaxnorm
120,Q0,AP900613-0067,721,0.10078474438399936,minmaxnorm
120,Q0,SJMN91-06112094,722,0.10071708920982954,minmaxnorm
120,Q0,AP900823-0009,723,0.1006453151494467,minmaxnorm
120,Q0,SJMN91-06035039,724,0.10059436053560146,minmaxnorm
120,Q0,AP900407-0132,725,0.10036468354092115,minmaxnorm
120,Q0,AP900604-0103,726,0.10033651559017139,minmaxnorm
120,Q0,AP900430-0153,727,0.1000160380796272,minmaxnorm
120,Q0,SJMN91-06071044,728,0.0999872346400417,minmaxnorm
120,Q0,AP900207-0061,729,0.09992792802797085,minmaxnorm
120,Q0,AP901111-0009,730,0.09928848366329529,minmaxnorm
120,Q0,AP900207-0159,731,0.099183063223734,minmaxnorm
120,Q0,SJMN91-06012051,732,0.099160447282823,minmaxnorm
120,Q0,SJMN91-06285181,733,0.09884956617750636,minmaxnorm
120,Q0,SJMN91-06280088,734,0.09884093085975479,minmaxnorm
120,Q0,AP901219-0073,735,0.0987066614477155,minmaxnorm
120,Q0,AP900227-0186,736,0.09848895891506898,minmaxnorm
120,Q0,AP900621-0087,737,0.09846820482778511,minmaxnorm
120,Q0,AP900524-0105,738,0.09826623363625497,minmaxnorm
120,Q0,AP901105-0152,739,0.09821553363792193,minmaxnorm
120,Q0,AP901003-0011,740,0.0981149163878642,minmaxnorm
120,Q0,AP900524-0116,741,0.09770701866465901,minmaxnorm
120,Q0,AP900919-0092,742,0.0973280599850172,minmaxnorm
120,Q0,SJMN91-06030169,743,0.09727853009601996,minmaxnorm
120,Q0,AP900925-0061,744,0.09695081829648972,minmaxnorm
120,Q0,AP900609-0094,745,0.09684026896630138,minmaxnorm
120,Q0,SJMN91-06033212,746,0.09677100159027024,minmaxnorm
120,Q0,AP900807-0077,747,0.09676069052029451,minmaxnorm
120,Q0,AP900919-0161,748,0.09656189198325578,minmaxnorm
120,Q0,SJMN91-06342125,749,0.09645672634652827,minmaxnorm
120,Q0,AP900621-0121,750,0.0964487933056621,minmaxnorm
120,Q0,SJMN91-06134194,751,0.09637931984799117,minmaxnorm
120,Q0,SJMN91-06216031,752,0.0963024600007927,minmaxnorm
120,Q0,SJMN91-06072021,753,0.09627233157548593,minmaxnorm
120,Q0,SJMN91-06161221,754,0.09625111011228535,minmaxnorm
120,Q0,SJMN91-06011281,755,0.09590778945524862,minmaxnorm
120,Q0,AP900609-0057,756,0.09590647482167411,minmaxnorm
120,Q0,AP900913-0115,757,0.09583232227045838,minmaxnorm
120,Q0,AP900228-0087,758,0.09583114990964323,minmaxnorm
120,Q0,AP900331-0074,759,0.09580896451021333,minmaxnorm
120,Q0,AP900509-0172,760,0.09575115083941904,minmaxnorm
120,Q0,AP900926-0194,761,0.09567771524408573,minmaxnorm
120,Q0,AP900910-0209,762,0.09564954483602504,minmaxnorm
120,Q0,AP901115-0211,763,0.09558931093350216,minmaxnorm
120,Q0,AP900628-0187,764,0.09558143470885781,minmaxnorm
120,Q0,AP900214-0099,765,0.0955352956445619,minmaxnorm
120,Q0,SJMN91-06018119,766,0.09541453847238748,minmaxnorm
120,Q0,AP900903-0019,767,0.09529285607780058,minmaxnorm
120,Q0,AP900601-0003,768,0.09519064712206834,minmaxnorm
120,Q0,SJMN91-06318131,769,0.09515592305347464,minmaxnorm
120,Q0,SJMN91-06154062,770,0.09513624657229035,minmaxnorm
120,Q0,AP900608-0138,771,0.09500366843149674,minmaxnorm
120,Q0,SJMN91-06210073,772,0.09443260341907361,minmaxnorm
120,Q0,AP900904-0088,773,0.09432774150492462,minmaxnorm
120,Q0,AP900405-0095,774,0.09426228081799394,minmaxnorm
120,Q0,SJMN91-06061255,775,0.09413373103085575,minmaxnorm
120,Q0,SJMN91-06142150,776,0.09407665528503506,minmaxnorm
120,Q0,SJMN91-06133065,777,0.09389062803206574,minmaxnorm
120,Q0,AP900803-0112,778,0.0938406742276051,minmaxnorm
120,Q0,AP900615-0176,779,0.09382791502869334,minmaxnorm
120,Q0,AP901211-0119,780,0.09366575652686197,minmaxnorm
120,Q0,AP901001-0102,781,0.09366287313304496,minmaxnorm
120,Q0,AP900209-0172,782,0.09363183985505784,minmaxnorm
120,Q0,SJMN91-06261037,783,0.09318992133632127,minmaxnorm
120,Q0,SJMN91-06044090,784,0.09318258186531772,minmaxnorm
120,Q0,AP901104-0034,785,0.09269808500093196,minmaxnorm
120,Q0,AP900713-0135,786,0.09268857189851867,minmaxnorm
120,Q0,SJMN91-06090062,787,0.09266940898857191,minmaxnorm
120,Q0,AP900924-0155,788,0.09266545131789782,minmaxnorm
120,Q0,AP900622-0060,789,0.09245091460989119,minmaxnorm
120,Q0,AP900424-0075,790,0.09238241535349564,minmaxnorm
120,Q0,SJMN91-06126031,791,0.09224680205836358,minmaxnorm
120,Q0,AP901009-0124,792,0.09212901671466728,minmaxnorm
120,Q0,AP900214-0151,793,0.09210675277588569,minmaxnorm
120,Q0,SJMN91-06066228,794,0.09202932344462451,minmaxnorm
120,Q0,AP900205-0143,795,0.09201347664528647,minmaxnorm
120,Q0,AP900618-0099,796,0.09187857102874707,minmaxnorm
120,Q0,AP900528-0101,797,0.09169190436285424,minmaxnorm
120,Q0,AP900607-0117,798,0.09158342924797513,minmaxnorm
120,Q0,SJMN91-06030070,799,0.09140636467518225,minmaxnorm
120,Q0,SJMN91-06030108,800,0.09140581058292659,minmaxnorm
120,Q0,AP900430-0135,801,0.09131461986672795,minmaxnorm
120,Q0,AP901204-0244,802,0.09126464099032452,minmaxnorm
120,Q0,AP900413-0056,803,0.09111741868458945,minmaxnorm
120,Q0,AP900615-0147,804,0.09109534642728064,minmaxnorm
120,Q0,AP900910-0118,805,0.09092918633968619,minmaxnorm
120,Q0,SJMN91-06036059,806,0.09081234523234882,minmaxnorm
120,Q0,AP900521-0015,807,0.090601362343531,minmaxnorm
120,Q0,AP900802-0125,808,0.09057892224752662,minmaxnorm
120,Q0,AP900811-0114,809,0.09031988618239138,minmaxnorm
120,Q0,ZF32-208-212,810,0.09021637796613904,minmaxnorm
120,Q0,AP900808-0179,811,0.0898131713486162,minmaxnorm
120,Q0,SJMN91-06170002,812,0.08976125749025678,minmaxnorm
120,Q0,AP900620-0125,813,0.08975113808337466,minmaxnorm
120,Q0,AP900621-0019,814,0.08970263540829265,minmaxnorm
120,Q0,AP900905-0112,815,0.0896516344776887,minmaxnorm
120,Q0,AP900812-0041,816,0.08958926379179043,minmaxnorm
120,Q0,AP900324-0088,817,0.08952689459661564,minmaxnorm
120,Q0,AP901216-0015,818,0.08948530946158437,minmaxnorm
120,Q0,AP901112-0104,819,0.08924174724484268,minmaxnorm
120,Q0,ZF32-067-083,820,0.0891409643073592,minmaxnorm
120,Q0,AP900214-0174,821,0.08911917308292118,minmaxnorm
120,Q0,AP900501-0076,822,0.0890830303281443,minmaxnorm
120,Q0,AP901219-0116,823,0.08906166355604987,minmaxnorm
120,Q0,AP900929-0015,824,0.08892250208954058,minmaxnorm
120,Q0,AP901217-0241,825,0.08872735223039757,minmaxnorm
120,Q0,AP900104-0105,826,0.088665263849034,minmaxnorm
120,Q0,AP900724-0149,827,0.0880892319611361,minmaxnorm
120,Q0,AP900603-0070,828,0.08777587292563743,minmaxnorm
120,Q0,SJMN91-06019180,829,0.0874913101431938,minmaxnorm
120,Q0,AP900809-0113,830,0.08743878083475085,minmaxnorm
120,Q0,SJMN91-06015121,831,0.08743469562851082,minmaxnorm
120,Q0,AP900208-0162,832,0.08742211292663525,minmaxnorm
120,Q0,SJMN91-06047099,833,0.08737624315531574,minmaxnorm
120,Q0,SJMN91-06062006,834,0.08718504080528185,minmaxnorm
120,Q0,AP900824-0005,835,0.08712511551298649,minmaxnorm
120,Q0,SJMN91-06021046,836,0.08696056307709851,minmaxnorm
120,Q0,SJMN91-06038137,837,0.08679125967445425,minmaxnorm
120,Q0,AP900902-0051,838,0.08666117111759192,minmaxnorm
120,Q0,AP900819-0054,839,0.086495248618292,minmaxnorm
120,Q0,AP901117-0017,840,0.0863816987715964,minmaxnorm
120,Q0,AP900620-0144,841,0.08616012020556965,minmaxnorm
120,Q0,AP900926-0012,842,0.0861489443876889,minmaxnorm
120,Q0,AP901011-0175,843,0.08610141767510943,minmaxnorm
120,Q0,AP900317-0136,844,0.08597723103732183,minmaxnorm
120,Q0,ZF32-110-340,845,0.0858994134439896,minmaxnorm
120,Q0,AP900922-0009,846,0.08583689858856289,minmaxnorm
120,Q0,AP900525-0097,847,0.08575226934843659,minmaxnorm
120,Q0,SJMN91-06153044,848,0.08564230412380763,minmaxnorm
120,Q0,AP900424-0166,849,0.08555998745807886,minmaxnorm
120,Q0,AP901002-0177,850,0.08555642866364453,minmaxnorm
120,Q0,AP900916-0059,851,0.08516483363363139,minmaxnorm
120,Q0,AP900602-0046,852,0.08514032805049394,minmaxnorm
120,Q0,SJMN91-06234003,853,0.08513085950163365,minmaxnorm
120,Q0,SJMN91-06073209,854,0.08506458073738932,minmaxnorm
120,Q0,AP900928-0010,855,0.08505546757149123,minmaxnorm
120,Q0,SJMN91-06108003,856,0.08497668433084872,minmaxnorm
120,Q0,SJMN91-06062142,857,0.08494933786998173,minmaxnorm
120,Q0,AP900527-0024,858,0.08485854072582305,minmaxnorm
120,Q0,AP900223-0164,859,0.08463287138819738,minmaxnorm
120,Q0,AP900108-0131,860,0.08461823967874117,minmaxnorm
120,Q0,SJMN91-06341189,861,0.08460821998666171,minmaxnorm
120,Q0,AP900109-0069,862,0.0845947322228191,minmaxnorm
120,Q0,AP901012-0102,863,0.08431622762945148,minmaxnorm
120,Q0,SJMN91-06066116,864,0.08418211299630375,minmaxnorm
120,Q0,AP900904-0110,865,0.08411466671756279,minmaxnorm
120,Q0,SJMN91-06344100,866,0.08410571805399977,minmaxnorm
120,Q0,AP901206-0129,867,0.08394836420760815,minmaxnorm
120,Q0,AP900821-0022,868,0.0838224960810723,minmaxnorm
120,Q0,SJMN91-06142035,869,0.08365389343902578,minmaxnorm
120,Q0,AP900406-0115,870,0.08363711572871199,minmaxnorm
120,Q0,AP900101-0048,871,0.08359095573229094,minmaxnorm
120,Q0,SJMN91-06003068,872,0.08355742676896052,minmaxnorm
120,Q0,AP901127-0203,873,0.08321054208522562,minmaxnorm
120,Q0,AP900829-0107,874,0.083174180097955,minmaxnorm
120,Q0,AP901128-0204,875,0.08295976062956092,minmaxnorm
120,Q0,AP900824-0188,876,0.08294898077206578,minmaxnorm
120,Q0,AP900727-0058,877,0.08293770151041421,minmaxnorm
120,Q0,AP900812-0081,878,0.08293722760169957,minmaxnorm
120,Q0,AP900914-0121,879,0.08283028690008301,minmaxnorm
120,Q0,SJMN91-06307133,880,0.08281237878652911,minmaxnorm
120,Q0,AP900811-0070,881,0.08279489495308484,minmaxnorm
120,Q0,SJMN91-06142021,882,0.08264267095025578,minmaxnorm
120,Q0,AP900317-0024,883,0.08260070866325636,minmaxnorm
120,Q0,AP900831-0166,884,0.08257448223595684,minmaxnorm
120,Q0,AP900709-0105,885,0.08246944261134805,minmaxnorm
120,Q0,AP901022-0119,886,0.08234348800349706,minmaxnorm
120,Q0,AP901204-0193,887,0.0823414423425008,minmaxnorm
120,Q0,AP901127-0148,888,0.08216366987354083,minmaxnorm
120,Q0,SJMN91-06091170,889,0.08212936978881416,minmaxnorm
120,Q0,SJMN91-06015080,890,0.08206036655727644,minmaxnorm
120,Q0,SJMN91-06020031,891,0.0818944817662014,minmaxnorm
120,Q0,AP900703-0188,892,0.08169004112680373,minmaxnorm
120,Q0,AP901121-0161,893,0.08160955185582036,minmaxnorm
120,Q0,AP901004-0050,894,0.08154974853497422,minmaxnorm
120,Q0,AP900710-0147,895,0.08147334019659594,minmaxnorm
120,Q0,AP900619-0155,896,0.08124855847360478,minmaxnorm
120,Q0,AP900514-0037,897,0.08106960627991,minmaxnorm
120,Q0,AP900926-0119,898,0.08098322619516686,minmaxnorm
120,Q0,AP901209-0011,899,0.08061244591767244,minmaxnorm
120,Q0,AP901101-0073,900,0.08057559272917299,minmaxnorm
120,Q0,AP900118-0198,901,0.08053150484089594,minmaxnorm
120,Q0,AP901121-0063,902,0.08029481234963551,minmaxnorm
120,Q0,AP901116-0056,903,0.0801807314369336,minmaxnorm
120,Q0,SJMN91-06066103,904,0.08008882140987963,minmaxnorm
120,Q0,SJMN91-06006087,905,0.08008865096310888,minmaxnorm
120,Q0,AP900625-0010,906,0.07999587678801255,minmaxnorm
120,Q0,AP901222-0079,907,0.07994044576531309,minmaxnorm
120,Q0,SJMN91-06041147,908,0.07990438443151252,minmaxnorm
120,Q0,AP900420-0205,909,0.07975152323558407,minmaxnorm
120,Q0,AP900511-0205,910,0.0797139399896252,minmaxnorm
120,Q0,SJMN91-06139209,911,0.07970544610657926,minmaxnorm
120,Q0,AP900615-0173,912,0.07969669227983074,minmaxnorm
120,Q0,SJMN91-06194049,913,0.07935984319956359,minmaxnorm
120,Q0,AP900812-0046,914,0.0793365736213007,minmaxnorm
120,Q0,SJMN91-06138161,915,0.07910270488172022,minmaxnorm
120,Q0,SJMN91-06084180,916,0.07900659100372182,minmaxnorm
120,Q0,AP901115-0176,917,0.07900347643177945,minmaxnorm
120,Q0,SJMN91-06162129,918,0.07896558986327405,minmaxnorm
120,Q0,AP900829-0062,919,0.0787370578712563,minmaxnorm
120,Q0,SJMN91-06167095,920,0.07868234162447837,minmaxnorm
120,Q0,AP900907-0025,921,0.07852831408459979,minmaxnorm
120,Q0,AP901101-0014,922,0.07842606609736534,minmaxnorm
120,Q0,AP901116-0194,923,0.078398492108324,minmaxnorm
120,Q0,AP900603-0003,924,0.07836081009446796,minmaxnorm
120,Q0,AP900118-0211,925,0.07810802990491131,minmaxnorm
120,Q0,SJMN91-06140100,926,0.07809337221258572,minmaxnorm
120,Q0,SJMN91-06220054,927,0.07800108806538474,minmaxnorm
120,Q0,AP900121-0004,928,0.07790830410991495,minmaxnorm
120,Q0,AP900228-0085,929,0.07778318697079394,minmaxnorm
120,Q0,AP900612-0133,930,0.07766333767578433,minmaxnorm
120,Q0,AP901114-0053,931,0.07761482381216164,minmaxnorm
120,Q0,SJMN91-06196149,932,0.07742930937104511,minmaxnorm
120,Q0,SJMN91-06048075,933,0.07727138876926266,minmaxnorm
120,Q0,AP900920-0106,934,0.0772329862089652,minmaxnorm
120,Q0,ZF32-137-225,935,0.07711632616152288,minmaxnorm
120,Q0,SJMN91-06025113,936,0.07708827730528595,minmaxnorm
120,Q0,SJMN91-06153084,937,0.07701394643046686,minmaxnorm
120,Q0,SJMN91-06045182,938,0.07695392455631231,minmaxnorm
120,Q0,AP900309-0174,939,0.0768927319620326,minmaxnorm
120,Q0,AP900612-0184,940,0.07681669111229035,minmaxnorm
120,Q0,AP900526-0031,941,0.076784598043614,minmaxnorm
120,Q0,AP901001-0279,942,0.07661042912319675,minmaxnorm
120,Q0,AP901110-0103,943,0.07659501443658019,minmaxnorm
120,Q0,SJMN91-06124061,944,0.07659004095184532,minmaxnorm
120,Q0,AP900303-0010,945,0.07645308809153971,minmaxnorm
120,Q0,AP900623-0062,946,0.07645202009987824,minmaxnorm
120,Q0,AP901005-0091,947,0.07643418530312776,minmaxnorm
120,Q0,ZF32-225-034,948,0.07634773232045187,minmaxnorm
120,Q0,AP900718-0270,949,0.07631772423301424,minmaxnorm
120,Q0,AP901025-0170,950,0.07599565797901803,minmaxnorm
120,Q0,AP900726-0177,951,0.07598492157480878,minmaxnorm
120,Q0,AP900228-0164,952,0.07593573609103128,minmaxnorm
120,Q0,SJMN91-06018261,953,0.07575370772182903,minmaxnorm
120,Q0,SJMN91-06074117,954,0.07568386772873276,minmaxnorm
120,Q0,AP900108-0123,955,0.07550016846477887,minmaxnorm
120,Q0,AP900131-0013,956,0.0754917371131938,minmaxnorm
120,Q0,AP900206-0213,957,0.07534238963839118,minmaxnorm
120,Q0,SJMN91-06322107,958,0.07518614450809448,minmaxnorm
120,Q0,SJMN91-06019176,959,0.07518260775870403,minmaxnorm
120,Q0,AP900522-0093,960,0.07508371489562536,minmaxnorm
120,Q0,AP901008-0023,961,0.07506212693352884,minmaxnorm
120,Q0,AP900126-0189,962,0.07495897740582766,minmaxnorm
120,Q0,AP901127-0003,963,0.0746342618313862,minmaxnorm
120,Q0,SJMN91-06241228,964,0.07458463539516333,minmaxnorm
120,Q0,AP901012-0154,965,0.07456879413646778,minmaxnorm
120,Q0,AP901228-0171,966,0.07452807548043398,minmaxnorm
120,Q0,AP900508-0107,967,0.07447995428117533,minmaxnorm
120,Q0,AP900413-0155,968,0.07443867552511346,minmaxnorm
120,Q0,SJMN91-06306174,969,0.07431981210941593,minmaxnorm
120,Q0,AP901025-0219,970,0.07427209184916274,minmaxnorm
120,Q0,SJMN91-06022068,971,0.07415016818160075,minmaxnorm
120,Q0,AP901012-0070,972,0.07410029218564294,minmaxnorm
120,Q0,AP900611-0129,973,0.07378123943547044,minmaxnorm
120,Q0,AP900410-0095,974,0.07374194487636754,minmaxnorm
120,Q0,AP900730-0082,975,0.07369058033596387,minmaxnorm
120,Q0,SJMN91-06102191,976,0.07356339263233923,minmaxnorm
120,Q0,SJMN91-06032126,977,0.07328577607577534,minmaxnorm
120,Q0,SJMN91-06210071,978,0.07326538532671398,minmaxnorm
120,Q0,AP900126-0022,979,0.07325181050507112,minmaxnorm
120,Q0,AP900409-0077,980,0.073211260239266,minmaxnorm
120,Q0,AP900818-0070,981,0.0729409572711238,minmaxnorm
120,Q0,SJMN91-06105199,982,0.07288550066916984,minmaxnorm
120,Q0,AP901104-0011,983,0.07278465335158868,minmaxnorm
120,Q0,AP901206-0013,984,0.07278254697016658,minmaxnorm
120,Q0,AP900602-0106,985,0.07272067904573029,minmaxnorm
120,Q0,AP901224-0075,986,0.0726818943805344,minmaxnorm
120,Q0,SJMN91-06034161,987,0.07262984029102593,minmaxnorm
120,Q0,AP900526-0100,988,0.07259465371803575,minmaxnorm
120,Q0,AP900328-0073,989,0.0725797533464573,minmaxnorm
120,Q0,AP900803-0017,990,0.07253964310302123,minmaxnorm
120,Q0,SJMN91-06305006,991,0.07253678015847285,minmaxnorm
120,Q0,AP900813-0072,992,0.07235714509140452,minmaxnorm
120,Q0,AP900906-0038,993,0.07235256548782652,minmaxnorm
120,Q0,SJMN91-06349190,994,0.07234463886606753,minmaxnorm
120,Q0,SJMN91-06348177,995,0.07231322741050132,minmaxnorm
120,Q0,AP900120-0029,996,0.07227757999909609,minmaxnorm
120,Q0,AP901123-0095,997,0.07227612199656336,minmaxnorm
120,Q0,SJMN91-06343161,998,0.07199511057797539,minmaxnorm
120,Q0,AP900813-0121,999,0.07193734593293452,minmaxnorm
120,Q0,AP900715-0036,1000,0.0719048217728069,minmaxnorm
126,Q0,SJMN91-06218129,1,0.46095671623637335,minmaxnorm
126,Q0,SJMN91-06008137,2,0.431293463234885,minmaxnorm
126,Q0,SJMN91-06107250,3,0.4258908489433026,minmaxnorm
126,Q0,SJMN91-06300012,4,0.42461276406970516,minmaxnorm
126,Q0,SJMN91-06107183,5,0.42355738543832977,minmaxnorm
126,Q0,SJMN91-06141168,6,0.3966164851797573,minmaxnorm
126,Q0,SJMN91-06295102,7,0.39621294482927005,minmaxnorm
126,Q0,SJMN91-06141141,8,0.3959276891405717,minmaxnorm
126,Q0,SJMN91-06317150,9,0.3903506085759202,minmaxnorm
126,Q0,SJMN91-06156040,10,0.38897601842615825,minmaxnorm
126,Q0,SJMN91-06156071,11,0.38840196617906814,minmaxnorm
126,Q0,SJMN91-06178300,12,0.3863286732522814,minmaxnorm
126,Q0,SJMN91-06208280,13,0.38599100687155874,minmaxnorm
126,Q0,AP900202-0036,14,0.38526196354028847,minmaxnorm
126,Q0,AP900503-0039,15,0.38276966329024675,minmaxnorm
126,Q0,SJMN91-06156100,16,0.37554700908766186,minmaxnorm
126,Q0,AP900216-0178,17,0.37347295367476796,minmaxnorm
126,Q0,SJMN91-06308020,18,0.36901097920058906,minmaxnorm
126,Q0,SJMN91-06150199,19,0.3682352244790963,minmaxnorm
126,Q0,SJMN91-06150107,20,0.36686248525184967,minmaxnorm
126,Q0,SJMN91-06299004,21,0.3653149960732807,minmaxnorm
126,Q0,AP900917-0195,22,0.3587950152265054,minmaxnorm
126,Q0,AP900403-0023,23,0.35758781978050963,minmaxnorm
126,Q0,SJMN91-06019064,24,0.3550809343434288,minmaxnorm
126,Q0,AP900216-0046,25,0.3510850210765102,minmaxnorm
126,Q0,SJMN91-06076147,26,0.3485821311423993,minmaxnorm
126,Q0,AP900426-0211,27,0.3466151549025748,minmaxnorm
126,Q0,AP900429-0013,28,0.3457419506292587,minmaxnorm
126,Q0,AP900612-0147,29,0.34568153039136085,minmaxnorm
126,Q0,AP901008-0139,30,0.345157647939776,minmaxnorm
126,Q0,SJMN91-06010183,31,0.34473922104629,minmaxnorm
126,Q0,SJMN91-06310166,32,0.3434256877455758,minmaxnorm
126,Q0,SJMN91-06081200,33,0.34095453124025765,minmaxnorm
126,Q0,AP900625-0132,34,0.3391007710731625,minmaxnorm
126,Q0,AP901108-0042,35,0.3378274395619026,minmaxnorm
126,Q0,SJMN91-06294207,36,0.337682810766366,minmaxnorm
126,Q0,SJMN91-06279182,37,0.33702809284852464,minmaxnorm
126,Q0,SJMN91-06073260,38,0.33619375120977707,minmaxnorm
126,Q0,AP900723-0189,39,0.33570332574053346,minmaxnorm
126,Q0,SJMN91-06138218,40,0.3352534502863513,minmaxnorm
126,Q0,AP900723-0188,41,0.3309921271296515,minmaxnorm
126,Q0,SJMN91-06207264,42,0.3302016904890486,minmaxnorm
126,Q0,AP900917-0194,43,0.33005160246671544,minmaxnorm
126,Q0,AP900426-0210,44,0.3289866075573156,minmaxnorm
126,Q0,SJMN91-06038050,45,0.3286235462619683,minmaxnorm
126,Q0,AP900502-0146,46,0.3278556615820675,minmaxnorm
126,Q0,AP900613-0026,47,0.32710874832461734,minmaxnorm
126,Q0,AP900202-0197,48,0.32604167540828505,minmaxnorm
126,Q0,AP900626-0013,49,0.3242057877280189,minmaxnorm
126,Q0,AP900910-0053,50,0.3241002093271975,minmaxnorm
126,Q0,SJMN91-06099010,51,0.3239654853782246,minmaxnorm
126,Q0,AP900606-0011,52,0.32236878474093045,minmaxnorm
126,Q0,AP900608-0037,53,0.32120599956659174,minmaxnorm
126,Q0,AP900911-0006,54,0.31822085604638595,minmaxnorm
126,Q0,SJMN91-06230192,55,0.3177441187771359,minmaxnorm
126,Q0,SJMN91-06175072,56,0.3142038050137047,minmaxnorm
126,Q0,SJMN91-06188017,57,0.3138779930390378,minmaxnorm
126,Q0,SJMN91-06097084,58,0.3134730866028666,minmaxnorm
126,Q0,SJMN91-06335070,59,0.31132407354251734,minmaxnorm
126,Q0,SJMN91-06054059,60,0.30816302574320903,minmaxnorm
126,Q0,AP900502-0033,61,0.3073550057927401,minmaxnorm
126,Q0,AP901108-0104,62,0.3066525009921949,minmaxnorm
126,Q0,AP900813-0115,63,0.30529039647849315,minmaxnorm
126,Q0,SJMN91-06139153,64,0.30337857841425364,minmaxnorm
126,Q0,AP900910-0128,65,0.3021110762386866,minmaxnorm
126,Q0,SJMN91-06155127,66,0.30207713770248373,minmaxnorm
126,Q0,AP900905-0093,67,0.30174901469154286,minmaxnorm
126,Q0,AP900607-0050,68,0.2999056178491557,minmaxnorm
126,Q0,SJMN91-06242114,69,0.2979998432941239,minmaxnorm
126,Q0,SJMN91-06334182,70,0.2978305477646661,minmaxnorm
126,Q0,AP901222-0007,71,0.29766194060751444,minmaxnorm
126,Q0,AP900423-0121,72,0.2964640506698343,minmaxnorm
126,Q0,AP901026-0103,73,0.2960589979355388,minmaxnorm
126,Q0,SJMN91-06311221,74,0.29567523906331694,minmaxnorm
126,Q0,AP901008-0143,75,0.2951818355276694,minmaxnorm
126,Q0,SJMN91-06154085,76,0.29413160264753635,minmaxnorm
126,Q0,SJMN91-06311192,77,0.2928884129051559,minmaxnorm
126,Q0,SJMN91-06307182,78,0.29245945961520914,minmaxnorm
126,Q0,AP900606-0058,79,0.29186556245518847,minmaxnorm
126,Q0,AP901113-0082,80,0.291023844562732,minmaxnorm
126,Q0,AP900515-0170,81,0.2894160367168983,minmaxnorm
126,Q0,AP900507-0172,82,0.28914415801013527,minmaxnorm
126,Q0,AP901230-0038,83,0.2884061549505509,minmaxnorm
126,Q0,AP900912-0097,84,0.2882502214137754,minmaxnorm
126,Q0,AP901026-0030,85,0.28560023073481383,minmaxnorm
126,Q0,AP900606-0065,86,0.2854374769039989,minmaxnorm
126,Q0,AP900118-0060,87,0.28357206662499634,minmaxnorm
126,Q0,AP901123-0139,88,0.28133905613533344,minmaxnorm
126,Q0,AP900817-0164,89,0.2805316521119891,minmaxnorm
126,Q0,SJMN91-06216012,90,0.280194024438516,minmaxnorm
126,Q0,AP900831-0069,91,0.2800378913544726,minmaxnorm
126,Q0,AP900423-0042,92,0.27950837829761893,minmaxnorm
126,Q0,AP900406-0036,93,0.27908443599226174,minmaxnorm
126,Q0,AP900118-0221,94,0.2787296027942636,minmaxnorm
126,Q0,SJMN91-06339231,95,0.2782852407332087,minmaxnorm
126,Q0,AP901001-0046,96,0.27768740823226923,minmaxnorm
126,Q0,AP900504-0011,97,0.2773838860334051,minmaxnorm
126,Q0,AP900201-0231,98,0.27716733981200836,minmaxnorm
126,Q0,AP900607-0118,99,0.27705573557992513,minmaxnorm
126,Q0,AP900821-0002,100,0.276775828461087,minmaxnorm
126,Q0,AP900729-0085,101,0.2758304874045677,minmaxnorm
126,Q0,AP900607-0146,102,0.27499662478159437,minmaxnorm
126,Q0,AP900823-0024,103,0.2743370119690981,minmaxnorm
126,Q0,SJMN91-06179085,104,0.2740373227697426,minmaxnorm
126,Q0,AP901018-0227,105,0.27390350622322385,minmaxnorm
126,Q0,AP900720-0112,106,0.2735551410623857,minmaxnorm
126,Q0,SJMN91-06183157,107,0.2719737714078945,minmaxnorm
126,Q0,SJMN91-06342112,108,0.2718103898168058,minmaxnorm
126,Q0,SJMN91-06218080,109,0.27093259234935446,minmaxnorm
126,Q0,AP900118-0019,110,0.27089964550610074,minmaxnorm
126,Q0,AP901008-0062,111,0.27083626990716103,minmaxnorm
126,Q0,SJMN91-06073017,112,0.27064984880834,minmaxnorm
126,Q0,SJMN91-06297165,113,0.27019308154660854,minmaxnorm
126,Q0,SJMN91-06269018,114,0.27003495015653733,minmaxnorm
126,Q0,AP900116-0037,115,0.2699931868372447,minmaxnorm
126,Q0,SJMN91-06315143,116,0.26995708035974814,minmaxnorm
126,Q0,SJMN91-06190075,117,0.2688044497661223,minmaxnorm
126,Q0,SJMN91-06124211,118,0.2685614888886765,minmaxnorm
126,Q0,AP900203-0134,119,0.26835697450604695,minmaxnorm
126,Q0,AP901129-0146,120,0.2681730293824636,minmaxnorm
126,Q0,AP901218-0154,121,0.2681604408713796,minmaxnorm
126,Q0,AP901120-0133,122,0.26761948227537924,minmaxnorm
126,Q0,SJMN91-06187239,123,0.2674095755451199,minmaxnorm
126,Q0,SJMN91-06041054,124,0.26721655548759105,minmaxnorm
126,Q0,SJMN91-06310195,125,0.2670740247739239,minmaxnorm
126,Q0,AP900517-0049,126,0.26657239971625635,minmaxnorm
126,Q0,AP900523-0182,127,0.26642618216129843,minmaxnorm
126,Q0,AP901112-0116,128,0.2660101386887597,minmaxnorm
126,Q0,AP901220-0013,129,0.2659287272849241,minmaxnorm
126,Q0,AP900818-0142,130,0.2659223735886229,minmaxnorm
126,Q0,AP900404-0060,131,0.26586673491882207,minmaxnorm
126,Q0,SJMN91-06332064,132,0.26564767353694113,minmaxnorm
126,Q0,AP900111-0262,133,0.2656153091246781,minmaxnorm
126,Q0,SJMN91-06184010,134,0.2654182091580106,minmaxnorm
126,Q0,SJMN91-06121133,135,0.2648755681693295,minmaxnorm
126,Q0,AP901205-0171,136,0.26484189829088867,minmaxnorm
126,Q0,AP900425-0107,137,0.26479711181927007,minmaxnorm
126,Q0,SJMN91-06238018,138,0.2643000714235872,minmaxnorm
126,Q0,SJMN91-06334113,139,0.26397320362346016,minmaxnorm
126,Q0,SJMN91-06019129,140,0.2613835716124512,minmaxnorm
126,Q0,AP900308-0116,141,0.2612658197197592,minmaxnorm
126,Q0,AP901008-0147,142,0.26104143997622936,minmaxnorm
126,Q0,AP901231-0031,143,0.2605659931803091,minmaxnorm
126,Q0,SJMN91-06363159,144,0.26050265847581455,minmaxnorm
126,Q0,AP900628-0208,145,0.260229774147636,minmaxnorm
126,Q0,AP900112-0031,146,0.25919112051857557,minmaxnorm
126,Q0,SJMN91-06161068,147,0.25780973779548993,minmaxnorm
126,Q0,AP900708-0008,148,0.25755976134987074,minmaxnorm
126,Q0,SJMN91-06231158,149,0.2572583749104439,minmaxnorm
126,Q0,AP900422-0049,150,0.25490667357643265,minmaxnorm
126,Q0,AP900730-0016,151,0.2546169705631211,minmaxnorm
126,Q0,AP900118-0222,152,0.2534495829576357,minmaxnorm
126,Q0,AP901008-0046,153,0.2527061408239959,minmaxnorm
126,Q0,SJMN91-06340211,154,0.2521785651346833,minmaxnorm
126,Q0,SJMN91-06052008,155,0.25174401670801944,minmaxnorm
126,Q0,AP901019-0094,156,0.251518228232901,minmaxnorm
126,Q0,SJMN91-06031029,157,0.2512440291270091,minmaxnorm
126,Q0,AP900430-0202,158,0.25118409249935414,minmaxnorm
126,Q0,AP901129-0053,159,0.25015734364920134,minmaxnorm
126,Q0,SJMN91-06163117,160,0.25013981597671153,minmaxnorm
126,Q0,AP900412-0154,161,0.24975297146113157,minmaxnorm
126,Q0,AP900427-0007,162,0.24938059546919839,minmaxnorm
126,Q0,SJMN91-06251092,163,0.24926122153470542,minmaxnorm
126,Q0,AP900220-0033,164,0.24885613073798102,minmaxnorm
126,Q0,AP900111-0196,165,0.24882892788791663,minmaxnorm
126,Q0,SJMN91-06031031,166,0.2487222634137926,minmaxnorm
126,Q0,AP901221-0114,167,0.24850020240686593,minmaxnorm
126,Q0,SJMN91-06124076,168,0.248137844924995,minmaxnorm
126,Q0,SJMN91-06112095,169,0.24779426099800533,minmaxnorm
126,Q0,AP901019-0079,170,0.24775510845109583,minmaxnorm
126,Q0,AP900210-0130,171,0.24668749811865565,minmaxnorm
126,Q0,AP900821-0007,172,0.24667467154998474,minmaxnorm
126,Q0,SJMN91-06115170,173,0.24666526992062482,minmaxnorm
126,Q0,SJMN91-06126071,174,0.24361383417674973,minmaxnorm
126,Q0,SJMN91-06259068,175,0.2435814564128503,minmaxnorm
126,Q0,SJMN91-06138257,176,0.2434540275695704,minmaxnorm
126,Q0,AP900419-0033,177,0.24318009634785331,minmaxnorm
126,Q0,AP900913-0160,178,0.2428079170316492,minmaxnorm
126,Q0,AP901212-0196,179,0.2427464890988915,minmaxnorm
126,Q0,AP900830-0195,180,0.2421835787176596,minmaxnorm
126,Q0,AP900407-0037,181,0.24140664939076786,minmaxnorm
126,Q0,AP900208-0234,182,0.241068866560799,minmaxnorm
126,Q0,AP900112-0032,183,0.24088870419949063,minmaxnorm
126,Q0,SJMN91-06357044,184,0.2406699124736457,minmaxnorm
126,Q0,AP900710-0230,185,0.2405362137973262,minmaxnorm
126,Q0,SJMN91-06159121,186,0.24029920987443415,minmaxnorm
126,Q0,SJMN91-06004137,187,0.23937498263325827,minmaxnorm
126,Q0,AP900310-0019,188,0.23856794329231873,minmaxnorm
126,Q0,SJMN91-06228213,189,0.23831080916981798,minmaxnorm
126,Q0,AP901205-0158,190,0.23781401175758476,minmaxnorm
126,Q0,AP901206-0050,191,0.23769306510334,minmaxnorm
126,Q0,SJMN91-06262015,192,0.23738501755453384,minmaxnorm
126,Q0,SJMN91-06199173,193,0.23708897542706245,minmaxnorm
126,Q0,AP901208-0023,194,0.23681543999465443,minmaxnorm
126,Q0,AP900329-0030,195,0.23675846342138607,minmaxnorm
126,Q0,SJMN91-06157156,196,0.23649523286355884,minmaxnorm
126,Q0,AP900625-0139,197,0.23634127884654288,minmaxnorm
126,Q0,SJMN91-06167105,198,0.23631293990414395,minmaxnorm
126,Q0,SJMN91-06362157,199,0.23617709945285004,minmaxnorm
126,Q0,AP901005-0168,200,0.23613629739291725,minmaxnorm
126,Q0,AP900914-0181,201,0.23570327755386913,minmaxnorm
126,Q0,SJMN91-06121103,202,0.2355927908533017,minmaxnorm
126,Q0,AP900625-0105,203,0.23519518189298677,minmaxnorm
126,Q0,SJMN91-06058286,204,0.23430582307033868,minmaxnorm
126,Q0,AP900810-0046,205,0.23422599784649595,minmaxnorm
126,Q0,AP901008-0063,206,0.23401209171342238,minmaxnorm
126,Q0,AP900125-0237,207,0.2331106240987371,minmaxnorm
126,Q0,SJMN91-06078125,208,0.2329956082670118,minmaxnorm
126,Q0,AP900421-0091,209,0.23279394895155592,minmaxnorm
126,Q0,SJMN91-06299094,210,0.23259847644795137,minmaxnorm
126,Q0,AP900328-0157,211,0.23252083257819886,minmaxnorm
126,Q0,AP900609-0085,212,0.23193240908840324,minmaxnorm
126,Q0,AP901117-0139,213,0.23165380424962637,minmaxnorm
126,Q0,SJMN91-06175040,214,0.23142701481869307,minmaxnorm
126,Q0,AP900109-0177,215,0.23117967165915462,minmaxnorm
126,Q0,SJMN91-06079073,216,0.22955122924489893,minmaxnorm
126,Q0,AP901009-0220,217,0.2292391408250314,minmaxnorm
126,Q0,AP901115-0204,218,0.2291849872843632,minmaxnorm
126,Q0,SJMN91-06363010,219,0.22915521670453998,minmaxnorm
126,Q0,SJMN91-06255319,220,0.22913253316770613,minmaxnorm
126,Q0,SJMN91-06101280,221,0.22895506170392374,minmaxnorm
126,Q0,SJMN91-06249231,222,0.2284665376482979,minmaxnorm
126,Q0,AP901018-0226,223,0.22828179711993227,minmaxnorm
126,Q0,AP900523-0025,224,0.2282468944294945,minmaxnorm
126,Q0,SJMN91-06202105,225,0.2272780581620109,minmaxnorm
126,Q0,AP901009-0219,226,0.22597362712302765,minmaxnorm
126,Q0,SJMN91-06224045,227,0.22580814545507114,minmaxnorm
126,Q0,AP900804-0025,228,0.22523586691019606,minmaxnorm
126,Q0,AP901116-0125,229,0.22511032270722675,minmaxnorm
126,Q0,SJMN91-06094142,230,0.224992630835753,minmaxnorm
126,Q0,SJMN91-06313223,231,0.22448906758128703,minmaxnorm
126,Q0,SJMN91-06229113,232,0.2243464768727554,minmaxnorm
126,Q0,SJMN91-06007102,233,0.22409793660922664,minmaxnorm
126,Q0,AP900407-0065,234,0.22369150815270872,minmaxnorm
126,Q0,AP900606-0012,235,0.2227663020363886,minmaxnorm
126,Q0,AP900426-0226,236,0.22247011596859828,minmaxnorm
126,Q0,AP900119-0139,237,0.22145240356997162,minmaxnorm
126,Q0,SJMN91-06023197,238,0.22138401941687777,minmaxnorm
126,Q0,AP900327-0159,239,0.22085705707492426,minmaxnorm
126,Q0,AP900513-0079,240,0.22015168743252383,minmaxnorm
126,Q0,ZF32-165-026,241,0.2197346540822839,minmaxnorm
126,Q0,AP900626-0019,242,0.21970703253867557,minmaxnorm
126,Q0,SJMN91-06003113,243,0.21957925969793743,minmaxnorm
126,Q0,SJMN91-06175092,244,0.21929905798232777,minmaxnorm
126,Q0,SJMN91-06212166,245,0.21915700030122875,minmaxnorm
126,Q0,SJMN91-06343200,246,0.21886921903353443,minmaxnorm
126,Q0,AP900607-0031,247,0.21822814001438923,minmaxnorm
126,Q0,AP900930-0006,248,0.21801985816419348,minmaxnorm
126,Q0,AP900404-0154,249,0.21771122424026607,minmaxnorm
126,Q0,SJMN91-06211010,250,0.21760028561101888,minmaxnorm
126,Q0,SJMN91-06147014,251,0.21704229745598336,minmaxnorm
126,Q0,SJMN91-06318320,252,0.21636212095918372,minmaxnorm
126,Q0,AP901226-0068,253,0.21630965316891693,minmaxnorm
126,Q0,AP900608-0141,254,0.21598241204859353,minmaxnorm
126,Q0,AP900131-0034,255,0.21579718970279868,minmaxnorm
126,Q0,SJMN91-06166120,256,0.2157871341243808,minmaxnorm
126,Q0,AP900904-0191,257,0.215710184459412,minmaxnorm
126,Q0,AP900606-0218,258,0.214994432031532,minmaxnorm
126,Q0,AP900402-0139,259,0.21472092172274193,minmaxnorm
126,Q0,SJMN91-06196189,260,0.21421577550201865,minmaxnorm
126,Q0,AP900522-0105,261,0.2139646720865866,minmaxnorm
126,Q0,AP900602-0141,262,0.2137343973039597,minmaxnorm
126,Q0,SJMN91-06220184,263,0.21356420852495853,minmaxnorm
126,Q0,AP900104-0193,264,0.21313294797271268,minmaxnorm
126,Q0,AP900112-0190,265,0.21312965531726735,minmaxnorm
126,Q0,AP900125-0004,266,0.21308414223822095,minmaxnorm
126,Q0,SJMN91-06221109,267,0.21299229457904817,minmaxnorm
126,Q0,SJMN91-06031198,268,0.21290714288748233,minmaxnorm
126,Q0,AP900514-0232,269,0.21284907573136877,minmaxnorm
126,Q0,SJMN91-06163042,270,0.21275186825173006,minmaxnorm
126,Q0,SJMN91-06152208,271,0.2120783919113698,minmaxnorm
126,Q0,AP900404-0074,272,0.2119922740289595,minmaxnorm
126,Q0,SJMN91-06141033,273,0.21182331381558236,minmaxnorm
126,Q0,SJMN91-06117107,274,0.21157353966683176,minmaxnorm
126,Q0,SJMN91-06162155,275,0.21130394041801395,minmaxnorm
126,Q0,AP900708-0045,276,0.2110066396168682,minmaxnorm
126,Q0,AP900220-0110,277,0.210761912199014,minmaxnorm
126,Q0,AP900209-0118,278,0.21076119589715134,minmaxnorm
126,Q0,AP900618-0139,279,0.21012319553926664,minmaxnorm
126,Q0,AP900516-0213,280,0.2101208100583557,minmaxnorm
126,Q0,AP900625-0125,281,0.20976616679611873,minmaxnorm
126,Q0,AP900223-0078,282,0.20949661061524083,minmaxnorm
126,Q0,AP900913-0172,283,0.20946479763114342,minmaxnorm
126,Q0,AP900316-0019,284,0.209102127117119,minmaxnorm
126,Q0,AP900928-0095,285,0.20910017247047266,minmaxnorm
126,Q0,SJMN91-06157210,286,0.20802437979947275,minmaxnorm
126,Q0,AP900727-0158,287,0.2075981318649832,minmaxnorm
126,Q0,AP900531-0046,288,0.20730747700108954,minmaxnorm
126,Q0,AP900322-0157,289,0.20694436605421235,minmaxnorm
126,Q0,SJMN91-06126138,290,0.2068168442652508,minmaxnorm
126,Q0,AP900327-0076,291,0.20654225116523448,minmaxnorm
126,Q0,SJMN91-06079031,292,0.20612585781809303,minmaxnorm
126,Q0,AP900113-0101,293,0.2058889589954916,minmaxnorm
126,Q0,AP900312-0146,294,0.20576056521003716,minmaxnorm
126,Q0,AP900130-0204,295,0.2047084482966705,minmaxnorm
126,Q0,AP900928-0111,296,0.20465832841065204,minmaxnorm
126,Q0,SJMN91-06305241,297,0.20399951358984675,minmaxnorm
126,Q0,SJMN91-06269311,298,0.20358133208448587,minmaxnorm
126,Q0,AP901214-0198,299,0.20279112662828136,minmaxnorm
126,Q0,AP900216-0003,300,0.2021715102777135,minmaxnorm
126,Q0,AP900724-0153,301,0.20164972827930003,minmaxnorm
126,Q0,AP901028-0007,302,0.20133958508219152,minmaxnorm
126,Q0,AP901025-0212,303,0.20116216487112448,minmaxnorm
126,Q0,AP900824-0095,304,0.20093822743450293,minmaxnorm
126,Q0,AP901123-0076,305,0.20091988992179938,minmaxnorm
126,Q0,AP901231-0009,306,0.20036811745773236,minmaxnorm
126,Q0,SJMN91-06326160,307,0.20029219152632066,minmaxnorm
126,Q0,SJMN91-06230069,308,0.1992934382524121,minmaxnorm
126,Q0,AP900816-0066,309,0.19919049922057397,minmaxnorm
126,Q0,AP901112-0022,310,0.1987796568927994,minmaxnorm
126,Q0,AP901012-0177,311,0.1986196885823184,minmaxnorm
126,Q0,AP901023-0055,312,0.1984468602204272,minmaxnorm
126,Q0,SJMN91-06180109,313,0.19781015206564237,minmaxnorm
126,Q0,SJMN91-06083020,314,0.19705391491150534,minmaxnorm
126,Q0,SJMN91-06153133,315,0.1970205059002075,minmaxnorm
126,Q0,AP900316-0017,316,0.19611896771383266,minmaxnorm
126,Q0,SJMN91-06144122,317,0.19609764035809996,minmaxnorm
126,Q0,AP900228-0199,318,0.19608585944925677,minmaxnorm
126,Q0,SJMN91-06261142,319,0.1955121677280503,minmaxnorm
126,Q0,AP900227-0088,320,0.1954308166573235,minmaxnorm
126,Q0,SJMN91-06150003,321,0.19516188593000583,minmaxnorm
126,Q0,AP900522-0044,322,0.195146180783793,minmaxnorm
126,Q0,AP900615-0102,323,0.19514231723381134,minmaxnorm
126,Q0,AP901029-0214,324,0.19507365678374777,minmaxnorm
126,Q0,SJMN91-06178160,325,0.1950214525157104,minmaxnorm
126,Q0,SJMN91-06146101,326,0.1950117842048004,minmaxnorm
126,Q0,SJMN91-06311277,327,0.19485199194339523,minmaxnorm
126,Q0,SJMN91-06293082,328,0.19467196057642466,minmaxnorm
126,Q0,SJMN91-06018025,329,0.19457486137783392,minmaxnorm
126,Q0,AP900301-0054,330,0.19402474099733796,minmaxnorm
126,Q0,SJMN91-06217157,331,0.1931091175934705,minmaxnorm
126,Q0,SJMN91-06261119,332,0.19296016105655525,minmaxnorm
126,Q0,SJMN91-06016038,333,0.1924063484409229,minmaxnorm
126,Q0,SJMN91-06105122,334,0.1923635931188114,minmaxnorm
126,Q0,SJMN91-06347249,335,0.19077244578148297,minmaxnorm
126,Q0,SJMN91-06353130,336,0.19049764320991822,minmaxnorm
126,Q0,AP900625-0051,337,0.1901026813161543,minmaxnorm
126,Q0,AP900724-0195,338,0.19000166971849744,minmaxnorm
126,Q0,AP900213-0021,339,0.1898901563323188,minmaxnorm
126,Q0,AP901024-0102,340,0.18980500504733974,minmaxnorm
126,Q0,AP900203-0059,341,0.189505424026606,minmaxnorm
126,Q0,SJMN91-06108314,342,0.18859293026114848,minmaxnorm
126,Q0,SJMN91-06185223,343,0.18806472993851678,minmaxnorm
126,Q0,AP900709-0094,344,0.1880136709694214,minmaxnorm
126,Q0,AP901004-0048,345,0.18755356846854718,minmaxnorm
126,Q0,AP900321-0157,346,0.18728361479823494,minmaxnorm
126,Q0,AP901030-0130,347,0.18708315495405403,minmaxnorm
126,Q0,AP900830-0063,348,0.18616298449018348,minmaxnorm
126,Q0,AP901023-0185,349,0.18552454292765339,minmaxnorm
126,Q0,AP901025-0115,350,0.1854473630639562,minmaxnorm
126,Q0,SJMN91-06320127,351,0.18494217838575078,minmaxnorm
126,Q0,AP900522-0163,352,0.1841115974035879,minmaxnorm
126,Q0,SJMN91-06317222,353,0.18384417331236078,minmaxnorm
126,Q0,AP900815-0117,354,0.18373409255432177,minmaxnorm
126,Q0,AP900424-0019,355,0.18356125997693812,minmaxnorm
126,Q0,AP900403-0158,356,0.18353996831726901,minmaxnorm
126,Q0,AP900821-0162,357,0.18339197577241312,minmaxnorm
126,Q0,AP901226-0001,358,0.18334397256495985,minmaxnorm
126,Q0,SJMN91-06268085,359,0.1832416898564195,minmaxnorm
126,Q0,AP900111-0052,360,0.18245671614313366,minmaxnorm
126,Q0,AP900816-0058,361,0.18239732258809924,minmaxnorm
126,Q0,SJMN91-06081232,362,0.1820921404349096,minmaxnorm
126,Q0,AP900802-0152,363,0.18178266179350283,minmaxnorm
126,Q0,AP901009-0207,364,0.18127546967564986,minmaxnorm
126,Q0,SJMN91-06197156,365,0.1812111786052087,minmaxnorm
126,Q0,SJMN91-06273150,366,0.18094391248722352,minmaxnorm
126,Q0,AP900412-0015,367,0.1808234050436187,minmaxnorm
126,Q0,AP901116-0086,368,0.18065965146755958,minmaxnorm
126,Q0,AP900809-0001,369,0.18062716466002587,minmaxnorm
126,Q0,SJMN91-06140120,370,0.18053447984787455,minmaxnorm
126,Q0,SJMN91-06037229,371,0.18011961689267408,minmaxnorm
126,Q0,AP900906-0005,372,0.18007320327716317,minmaxnorm
126,Q0,SJMN91-06198154,373,0.17981418512215733,minmaxnorm
126,Q0,SJMN91-06284224,374,0.17958505744856032,minmaxnorm
126,Q0,AP901226-0004,375,0.17934092278578603,minmaxnorm
126,Q0,AP900629-0087,376,0.17907939146151344,minmaxnorm
126,Q0,AP901102-0021,377,0.17876140867282633,minmaxnorm
126,Q0,AP900222-0163,378,0.17864180386693423,minmaxnorm
126,Q0,SJMN91-06229261,379,0.17845895995124134,minmaxnorm
126,Q0,AP901020-0076,380,0.17830276254792696,minmaxnorm
126,Q0,SJMN91-06247048,381,0.17821498172398248,minmaxnorm
126,Q0,SJMN91-06325070,382,0.17798494876309684,minmaxnorm
126,Q0,AP900628-0056,383,0.1779111855628851,minmaxnorm
126,Q0,AP900325-0030,384,0.1777563222076247,minmaxnorm
126,Q0,AP900725-0131,385,0.1774203671797412,minmaxnorm
126,Q0,SJMN91-06238029,386,0.17716208747007373,minmaxnorm
126,Q0,AP900519-0127,387,0.17677798433660888,minmaxnorm
126,Q0,AP900523-0046,388,0.1766659712664543,minmaxnorm
126,Q0,AP900611-0022,389,0.17630727140972144,minmaxnorm
126,Q0,SJMN91-06009130,390,0.17629500093270772,minmaxnorm
126,Q0,AP900201-0052,391,0.17603861720743053,minmaxnorm
126,Q0,AP900815-0119,392,0.1758273415082329,minmaxnorm
126,Q0,SJMN91-06213107,393,0.1758060460931265,minmaxnorm
126,Q0,AP900627-0001,394,0.17554870044914553,minmaxnorm
126,Q0,AP900529-0114,395,0.17542238391928144,minmaxnorm
126,Q0,AP900331-0156,396,0.17526568769745354,minmaxnorm
126,Q0,AP900608-0137,397,0.17504946422562256,minmaxnorm
126,Q0,AP901214-0065,398,0.17463273754859052,minmaxnorm
126,Q0,AP900224-0167,399,0.17387429020489525,minmaxnorm
126,Q0,AP900224-0093,400,0.1737501625530237,minmaxnorm
126,Q0,AP900330-0118,401,0.1736239529253124,minmaxnorm
126,Q0,AP900502-0076,402,0.1735670833369517,minmaxnorm
126,Q0,SJMN91-06318054,403,0.17349932089741513,minmaxnorm
126,Q0,AP900116-0205,404,0.17282232483736248,minmaxnorm
126,Q0,SJMN91-06191206,405,0.17274808301929653,minmaxnorm
126,Q0,AP901213-0118,406,0.1726641855766581,minmaxnorm
126,Q0,AP901102-0073,407,0.17204021324706187,minmaxnorm
126,Q0,SJMN91-06018113,408,0.17202297473786382,minmaxnorm
126,Q0,AP900820-0163,409,0.17177731232398782,minmaxnorm
126,Q0,SJMN91-06360152,410,0.17174637732636905,minmaxnorm
126,Q0,AP900507-0065,411,0.17162236518028598,minmaxnorm
126,Q0,AP900419-0187,412,0.1710003706163867,minmaxnorm
126,Q0,SJMN91-06113061,413,0.17085095296449726,minmaxnorm
126,Q0,SJMN91-06145269,414,0.1706964386995505,minmaxnorm
126,Q0,AP900205-0002,415,0.1704510509947181,minmaxnorm
126,Q0,AP900514-0071,416,0.17036565192546244,minmaxnorm
126,Q0,AP900910-0108,417,0.1703561933551087,minmaxnorm
126,Q0,AP900106-0039,418,0.1701831060377661,minmaxnorm
126,Q0,AP900203-0180,419,0.1699152915554785,minmaxnorm
126,Q0,SJMN91-06059145,420,0.16969610864274418,minmaxnorm
126,Q0,SJMN91-06319207,421,0.16949512689105264,minmaxnorm
126,Q0,SJMN91-06188109,422,0.16890534123008447,minmaxnorm
126,Q0,AP900814-0015,423,0.16860254548565307,minmaxnorm
126,Q0,AP900227-0169,424,0.1684795334359609,minmaxnorm
126,Q0,AP900608-0047,425,0.16830428446574192,minmaxnorm
126,Q0,ZF32-032-192,426,0.16820313670405354,minmaxnorm
126,Q0,AP901206-0102,427,0.16791205195040296,minmaxnorm
126,Q0,AP900420-0018,428,0.16787976270882998,minmaxnorm
126,Q0,SJMN91-06027159,429,0.16787503953820584,minmaxnorm
126,Q0,AP900212-0068,430,0.16747206170598705,minmaxnorm
126,Q0,AP900411-0024,431,0.16701348086833548,minmaxnorm
126,Q0,SJMN91-06102149,432,0.16662546888706709,minmaxnorm
126,Q0,AP900413-0058,433,0.16611595927666403,minmaxnorm
126,Q0,AP901120-0039,434,0.16596963929212633,minmaxnorm
126,Q0,SJMN91-06009015,435,0.16596429846125066,minmaxnorm
126,Q0,AP900702-0049,436,0.16530683362683007,minmaxnorm
126,Q0,SJMN91-06219131,437,0.16526550984566107,minmaxnorm
126,Q0,SJMN91-06062071,438,0.16490868998456126,minmaxnorm
126,Q0,AP900701-0018,439,0.16423209638752262,minmaxnorm
126,Q0,SJMN91-06065016,440,0.16407368301960373,minmaxnorm
126,Q0,SJMN91-06105158,441,0.16389816373874622,minmaxnorm
126,Q0,AP900405-0232,442,0.16383078703819937,minmaxnorm
126,Q0,SJMN91-06001140,443,0.1636992847239982,minmaxnorm
126,Q0,SJMN91-06023233,444,0.163697141898323,minmaxnorm
126,Q0,AP900524-0050,445,0.16349783091894593,minmaxnorm
126,Q0,AP900712-0092,446,0.16255814161800392,minmaxnorm
126,Q0,AP900502-0026,447,0.16218747298344996,minmaxnorm
126,Q0,SJMN91-06116268,448,0.16197525561211418,minmaxnorm
126,Q0,AP900731-0162,449,0.16194915405359808,minmaxnorm
126,Q0,AP900711-0127,450,0.16176560437218077,minmaxnorm
126,Q0,AP900525-0089,451,0.1613438682731837,minmaxnorm
126,Q0,AP900520-0040,452,0.16133362508290025,minmaxnorm
126,Q0,AP900428-0101,453,0.16101657725598734,minmaxnorm
126,Q0,AP901227-0154,454,0.16100680886839064,minmaxnorm
126,Q0,AP900221-0201,455,0.16061563410393787,minmaxnorm
126,Q0,AP900614-0020,456,0.1605591365101831,minmaxnorm
126,Q0,SJMN91-06226139,457,0.1604435275181137,minmaxnorm
126,Q0,SJMN91-06133005,458,0.15989550454340284,minmaxnorm
126,Q0,AP901214-0007,459,0.159528664336828,minmaxnorm
126,Q0,AP901214-0116,460,0.15915140353169194,minmaxnorm
126,Q0,AP900724-0072,461,0.1591363382675534,minmaxnorm
126,Q0,SJMN91-06037123,462,0.15891665920181985,minmaxnorm
126,Q0,SJMN91-06211045,463,0.15869863407732732,minmaxnorm
126,Q0,SJMN91-06145194,464,0.15839368402300164,minmaxnorm
126,Q0,AP900308-0122,465,0.15838931637294526,minmaxnorm
126,Q0,AP900913-0094,466,0.156889488812187,minmaxnorm
126,Q0,SJMN91-06161058,467,0.15634037623025202,minmaxnorm
126,Q0,AP900213-0056,468,0.1563399810242775,minmaxnorm
126,Q0,SJMN91-06120085,469,0.15575575928486268,minmaxnorm
126,Q0,AP900205-0071,470,0.15559303852024173,minmaxnorm
126,Q0,AP900622-0157,471,0.15520747999993093,minmaxnorm
126,Q0,SJMN91-06055066,472,0.155116446882661,minmaxnorm
126,Q0,AP901029-0176,473,0.15496716081631096,minmaxnorm
126,Q0,AP900521-0163,474,0.15491199352368784,minmaxnorm
126,Q0,AP900913-0150,475,0.15489395678541618,minmaxnorm
126,Q0,AP900531-0211,476,0.15480267047479435,minmaxnorm
126,Q0,SJMN91-06066176,477,0.15470378085299424,minmaxnorm
126,Q0,AP900207-0186,478,0.15466114256878444,minmaxnorm
126,Q0,AP900703-0142,479,0.15430271739118695,minmaxnorm
126,Q0,SJMN91-06311001,480,0.15407597112267513,minmaxnorm
126,Q0,AP901121-0215,481,0.15401979220112966,minmaxnorm
126,Q0,AP900109-0058,482,0.15321387295324682,minmaxnorm
126,Q0,SJMN91-06297169,483,0.15299348821477132,minmaxnorm
126,Q0,SJMN91-06210110,484,0.15297584194244981,minmaxnorm
126,Q0,AP901009-0209,485,0.15283277897259898,minmaxnorm
126,Q0,AP900113-0032,486,0.15271928081948058,minmaxnorm
126,Q0,SJMN91-06218032,487,0.15268368759927894,minmaxnorm
126,Q0,SJMN91-06187010,488,0.15200815781572016,minmaxnorm
126,Q0,AP900723-0190,489,0.15195868468731208,minmaxnorm
126,Q0,AP900226-0171,490,0.1518049863845749,minmaxnorm
126,Q0,SJMN91-06045077,491,0.15145040417635347,minmaxnorm
126,Q0,SJMN91-06051164,492,0.15130862282922752,minmaxnorm
126,Q0,AP900418-0017,493,0.15077299128875535,minmaxnorm
126,Q0,SJMN91-06245060,494,0.1505465787336351,minmaxnorm
126,Q0,SJMN91-06122086,495,0.15019167484710672,minmaxnorm
126,Q0,AP900830-0192,496,0.1501515182952851,minmaxnorm
126,Q0,AP900321-0032,497,0.1496941110892521,minmaxnorm
126,Q0,SJMN91-06103002,498,0.1495125076963829,minmaxnorm
126,Q0,SJMN91-06311068,499,0.1494209859721119,minmaxnorm
126,Q0,AP900309-0061,500,0.14934170230940233,minmaxnorm
126,Q0,AP900819-0048,501,0.14913608827275604,minmaxnorm
126,Q0,AP900428-0049,502,0.14912735626687826,minmaxnorm
126,Q0,SJMN91-06317187,503,0.14882193084908252,minmaxnorm
126,Q0,AP900111-0029,504,0.1486248442620012,minmaxnorm
126,Q0,SJMN91-06055115,505,0.1483738572094648,minmaxnorm
126,Q0,SJMN91-06188171,506,0.14818373683835867,minmaxnorm
126,Q0,SJMN91-06136106,507,0.14790348377867057,minmaxnorm
126,Q0,SJMN91-06318014,508,0.14789377835956627,minmaxnorm
126,Q0,SJMN91-06067048,509,0.1477706949415264,minmaxnorm
126,Q0,AP900730-0021,510,0.14775841371540938,minmaxnorm
126,Q0,SJMN91-06311014,511,0.14765009814092242,minmaxnorm
126,Q0,SJMN91-06262083,512,0.14756037771934577,minmaxnorm
126,Q0,AP901212-0063,513,0.14750457429224553,minmaxnorm
126,Q0,AP900823-0124,514,0.146181470751255,minmaxnorm
126,Q0,AP900214-0196,515,0.14615095730432912,minmaxnorm
126,Q0,SJMN91-06081106,516,0.1453447346060228,minmaxnorm
126,Q0,AP900215-0120,517,0.14486623151180494,minmaxnorm
126,Q0,SJMN91-06070231,518,0.1447215839218632,minmaxnorm
126,Q0,SJMN91-06174089,519,0.14455041491046383,minmaxnorm
126,Q0,SJMN91-06332082,520,0.14426640495521148,minmaxnorm
126,Q0,AP901015-0006,521,0.14401490371804604,minmaxnorm
126,Q0,AP900714-0087,522,0.14376485191615304,minmaxnorm
126,Q0,AP901009-0211,523,0.1436073783029208,minmaxnorm
126,Q0,AP900228-0132,524,0.14360457356846704,minmaxnorm
126,Q0,AP900207-0114,525,0.1434162945314006,minmaxnorm
126,Q0,AP900619-0181,526,0.14337839691264145,minmaxnorm
126,Q0,AP900621-0227,527,0.1433685613103254,minmaxnorm
126,Q0,SJMN91-06255415,528,0.14324619656184134,minmaxnorm
126,Q0,AP900417-0071,529,0.14291852461743906,minmaxnorm
126,Q0,AP900525-0035,530,0.14279946784986403,minmaxnorm
126,Q0,AP900521-0068,531,0.14277145044029432,minmaxnorm
126,Q0,AP901023-0217,532,0.14248292411852506,minmaxnorm
126,Q0,SJMN91-06232064,533,0.14242400939936195,minmaxnorm
126,Q0,AP900103-0053,534,0.14225687432403125,minmaxnorm
126,Q0,SJMN91-06176168,535,0.142158615328893,minmaxnorm
126,Q0,AP900129-0022,536,0.14164118694799918,minmaxnorm
126,Q0,AP900413-0076,537,0.1414258026937834,minmaxnorm
126,Q0,AP900329-0040,538,0.14105430065316862,minmaxnorm
126,Q0,AP900622-0013,539,0.14100155449174515,minmaxnorm
126,Q0,SJMN91-06164020,540,0.1405681998417268,minmaxnorm
126,Q0,AP900705-0125,541,0.14035680679086493,minmaxnorm
126,Q0,SJMN91-06054011,542,0.13986134283002707,minmaxnorm
126,Q0,AP901203-0138,543,0.13925166612694712,minmaxnorm
126,Q0,AP900822-0066,544,0.13919575168164347,minmaxnorm
126,Q0,AP900226-0001,545,0.1390561836399459,minmaxnorm
126,Q0,AP901025-0111,546,0.13886232954191585,minmaxnorm
126,Q0,SJMN91-06016090,547,0.1385621385606756,minmaxnorm
126,Q0,SJMN91-06122243,548,0.1383737876095459,minmaxnorm
126,Q0,AP900618-0187,549,0.13832139414612765,minmaxnorm
126,Q0,AP901203-0145,550,0.13829499254397043,minmaxnorm
126,Q0,SJMN91-06319034,551,0.13819428351288823,minmaxnorm
126,Q0,AP900119-0136,552,0.13812864473746406,minmaxnorm
126,Q0,AP900308-0123,553,0.1379699459219002,minmaxnorm
126,Q0,SJMN91-06237075,554,0.13784179023245588,minmaxnorm
126,Q0,SJMN91-06023135,555,0.13765222832578153,minmaxnorm
126,Q0,SJMN91-06126065,556,0.13764551838926248,minmaxnorm
126,Q0,SJMN91-06054210,557,0.13699063781560283,minmaxnorm
126,Q0,AP900216-0033,558,0.13697330136431593,minmaxnorm
126,Q0,SJMN91-06108107,559,0.13665712245522335,minmaxnorm
126,Q0,SJMN91-06175125,560,0.1364435343083417,minmaxnorm
126,Q0,AP900501-0118,561,0.136300767411124,minmaxnorm
126,Q0,SJMN91-06058072,562,0.13611705516494146,minmaxnorm
126,Q0,AP900329-0039,563,0.13586095772815182,minmaxnorm
126,Q0,SJMN91-06115111,564,0.13583176923455767,minmaxnorm
126,Q0,SJMN91-06243120,565,0.13561734749519147,minmaxnorm
126,Q0,AP900627-0116,566,0.1356015160548532,minmaxnorm
126,Q0,AP900220-0034,567,0.13543005119939824,minmaxnorm
126,Q0,AP900503-0222,568,0.13526727056569668,minmaxnorm
126,Q0,AP900623-0035,569,0.1351375611057676,minmaxnorm
126,Q0,AP900830-0025,570,0.13510169668481972,minmaxnorm
126,Q0,AP901228-0119,571,0.13507587455698447,minmaxnorm
126,Q0,SJMN91-06318091,572,0.135044745406612,minmaxnorm
126,Q0,AP901203-0083,573,0.134898393068394,minmaxnorm
126,Q0,AP900724-0081,574,0.13473165817506555,minmaxnorm
126,Q0,AP900914-0077,575,0.1346811435438839,minmaxnorm
126,Q0,SJMN91-06068006,576,0.13424305619446275,minmaxnorm
126,Q0,SJMN91-06213312,577,0.13422950055673444,minmaxnorm
126,Q0,SJMN91-06262050,578,0.13421971140625136,minmaxnorm
126,Q0,SJMN91-06138274,579,0.13406954515143493,minmaxnorm
126,Q0,AP900725-0094,580,0.1338711990997744,minmaxnorm
126,Q0,SJMN91-06107006,581,0.13379127775309962,minmaxnorm
126,Q0,AP901129-0150,582,0.13377464871706862,minmaxnorm
126,Q0,AP901119-0102,583,0.13370771055725747,minmaxnorm
126,Q0,SJMN91-06291109,584,0.1328604906322458,minmaxnorm
126,Q0,SJMN91-06178239,585,0.13281948200470958,minmaxnorm
126,Q0,AP901016-0092,586,0.1327872221259247,minmaxnorm
126,Q0,AP900221-0091,587,0.1323027061744061,minmaxnorm
126,Q0,SJMN91-06299102,588,0.13203635920969464,minmaxnorm
126,Q0,AP900328-0163,589,0.13195286587222477,minmaxnorm
126,Q0,SJMN91-06299063,590,0.13195095679435642,minmaxnorm
126,Q0,SJMN91-06121124,591,0.13182714755012745,minmaxnorm
126,Q0,AP900511-0023,592,0.1314205055037434,minmaxnorm
126,Q0,SJMN91-06017053,593,0.13126271390332522,minmaxnorm
126,Q0,AP901206-0036,594,0.13112084241189328,minmaxnorm
126,Q0,SJMN91-06312112,595,0.13096664839216896,minmaxnorm
126,Q0,AP900308-0016,596,0.13093644898967727,minmaxnorm
126,Q0,ZF32-075-078,597,0.13034739153262723,minmaxnorm
126,Q0,SJMN91-06144260,598,0.13015576033115248,minmaxnorm
126,Q0,AP900626-0119,599,0.13014283439353705,minmaxnorm
126,Q0,AP900228-0186,600,0.13012460594275999,minmaxnorm
126,Q0,AP900215-0182,601,0.12997033694506646,minmaxnorm
126,Q0,AP900624-0071,602,0.12990293411023932,minmaxnorm
126,Q0,SJMN91-06221151,603,0.12985969264781105,minmaxnorm
126,Q0,AP900707-0121,604,0.12965973035654452,minmaxnorm
126,Q0,AP900604-0060,605,0.12959898803841308,minmaxnorm
126,Q0,AP901127-0090,606,0.1294130865745593,minmaxnorm
126,Q0,SJMN91-06265039,607,0.1293331159868326,minmaxnorm
126,Q0,AP900418-0149,608,0.12875613039856182,minmaxnorm
126,Q0,ZF32-004-221,609,0.1285937967965506,minmaxnorm
126,Q0,SJMN91-06106039,610,0.1283940190332407,minmaxnorm
126,Q0,SJMN91-06291272,611,0.12833982109633088,minmaxnorm
126,Q0,SJMN91-06118098,612,0.12807562637340514,minmaxnorm
126,Q0,AP900301-0203,613,0.12804704693864988,minmaxnorm
126,Q0,SJMN91-06001020,614,0.12779991769121343,minmaxnorm
126,Q0,SJMN91-06234085,615,0.12772894912151733,minmaxnorm
126,Q0,SJMN91-06222189,616,0.12761405770564874,minmaxnorm
126,Q0,SJMN91-06087119,617,0.12739765493269856,minmaxnorm
126,Q0,SJMN91-06025271,618,0.12708626051802588,minmaxnorm
126,Q0,AP900816-0034,619,0.1268431355263018,minmaxnorm
126,Q0,SJMN91-06262046,620,0.1267025007983021,minmaxnorm
126,Q0,AP901113-0098,621,0.1264956174579582,minmaxnorm
126,Q0,AP900323-0162,622,0.1264525650941956,minmaxnorm
126,Q0,AP901008-0052,623,0.12635949253835085,minmaxnorm
126,Q0,AP900101-0059,624,0.12633557624821207,minmaxnorm
126,Q0,SJMN91-06352154,625,0.12632858330993527,minmaxnorm
126,Q0,AP900725-0035,626,0.12567507769772482,minmaxnorm
126,Q0,SJMN91-06154163,627,0.1252537311250891,minmaxnorm
126,Q0,AP901101-0035,628,0.12514743939861814,minmaxnorm
126,Q0,SJMN91-06314125,629,0.12488612552069293,minmaxnorm
126,Q0,AP900731-0019,630,0.1248384932136908,minmaxnorm
126,Q0,SJMN91-06354083,631,0.12482990741808674,minmaxnorm
126,Q0,SJMN91-06010137,632,0.12482842523328595,minmaxnorm
126,Q0,AP901119-0166,633,0.12459594730200985,minmaxnorm
126,Q0,SJMN91-06024248,634,0.12428657346786379,minmaxnorm
126,Q0,SJMN91-06173128,635,0.12417443254312419,minmaxnorm
126,Q0,SJMN91-06227055,636,0.1240432310878649,minmaxnorm
126,Q0,SJMN91-06184068,637,0.12396323254487288,minmaxnorm
126,Q0,AP900911-0128,638,0.12379559711674118,minmaxnorm
126,Q0,AP900112-0085,639,0.12350837129526807,minmaxnorm
126,Q0,SJMN91-06074126,640,0.12339657371940528,minmaxnorm
126,Q0,AP900904-0103,641,0.12331996686301987,minmaxnorm
126,Q0,AP900418-0173,642,0.12312344536879456,minmaxnorm
126,Q0,SJMN91-06292213,643,0.12303199280232575,minmaxnorm
126,Q0,SJMN91-06018173,644,0.12293599738981782,minmaxnorm
126,Q0,SJMN91-06142051,645,0.12276064401057041,minmaxnorm
126,Q0,SJMN91-06156010,646,0.12274016454210836,minmaxnorm
126,Q0,SJMN91-06301193,647,0.12243022623723249,minmaxnorm
126,Q0,AP900502-0193,648,0.12239331499955423,minmaxnorm
126,Q0,SJMN91-06006113,649,0.12224873484694215,minmaxnorm
126,Q0,AP901226-0022,650,0.12215138793318271,minmaxnorm
126,Q0,SJMN91-06036009,651,0.12202649486443284,minmaxnorm
126,Q0,AP900503-0032,652,0.12196431451884482,minmaxnorm
126,Q0,AP900319-0217,653,0.12196243279181541,minmaxnorm
126,Q0,SJMN91-06293194,654,0.12195825393255452,minmaxnorm
126,Q0,SJMN91-06201206,655,0.12193854239084648,minmaxnorm
126,Q0,AP901008-0104,656,0.12184158625156744,minmaxnorm
126,Q0,AP901019-0057,657,0.12143578501261058,minmaxnorm
126,Q0,SJMN91-06219200,658,0.12138301912052339,minmaxnorm
126,Q0,SJMN91-06360055,659,0.12126338844767164,minmaxnorm
126,Q0,AP900301-0031,660,0.12110112222778723,minmaxnorm
126,Q0,SJMN91-06121140,661,0.12089909285052582,minmaxnorm
126,Q0,SJMN91-06356117,662,0.12083658646919815,minmaxnorm
126,Q0,AP901004-0185,663,0.1206126753500512,minmaxnorm
126,Q0,SJMN91-06189182,664,0.12032890384579185,minmaxnorm
126,Q0,AP900801-0079,665,0.11960879432901245,minmaxnorm
126,Q0,AP900609-0023,666,0.11960728386697657,minmaxnorm
126,Q0,AP901114-0136,667,0.11932175990160905,minmaxnorm
126,Q0,SJMN91-06140169,668,0.11918863192586682,minmaxnorm
126,Q0,SJMN91-06265030,669,0.11888119067642815,minmaxnorm
126,Q0,SJMN91-06220099,670,0.11868147169696533,minmaxnorm
126,Q0,SJMN91-06182115,671,0.11857174243934349,minmaxnorm
126,Q0,AP900706-0034,672,0.11785872247886942,minmaxnorm
126,Q0,SJMN91-06357056,673,0.11779963950725289,minmaxnorm
126,Q0,AP901119-0144,674,0.11771863707077276,minmaxnorm
126,Q0,AP900802-0028,675,0.11770173089503294,minmaxnorm
126,Q0,SJMN91-06155125,676,0.11764523856940004,minmaxnorm
126,Q0,AP901015-0008,677,0.11759345084039509,minmaxnorm
126,Q0,SJMN91-06045221,678,0.11747255693408178,minmaxnorm
126,Q0,AP900305-0055,679,0.11735560319314499,minmaxnorm
126,Q0,AP901114-0109,680,0.11733992256888118,minmaxnorm
126,Q0,AP900705-0012,681,0.11715393879963706,minmaxnorm
126,Q0,SJMN91-06350275,682,0.11705430225687027,minmaxnorm
126,Q0,AP900915-0015,683,0.11686142593316597,minmaxnorm
126,Q0,ZF32-229-016,684,0.11644985581081818,minmaxnorm
126,Q0,AP900809-0104,685,0.11620170290226524,minmaxnorm
126,Q0,SJMN91-06160142,686,0.11615413168135298,minmaxnorm
126,Q0,SJMN91-06277169,687,0.11608908599567014,minmaxnorm
126,Q0,AP900726-0099,688,0.11604944684565005,minmaxnorm
126,Q0,AP900625-0243,689,0.11598652823523531,minmaxnorm
126,Q0,AP900824-0120,690,0.11583315424612489,minmaxnorm
126,Q0,SJMN91-06339171,691,0.11576663005779755,minmaxnorm
126,Q0,AP900618-0097,692,0.11573555694203624,minmaxnorm
126,Q0,SJMN91-06186021,693,0.11564912925463114,minmaxnorm
126,Q0,AP900316-0034,694,0.11562748980961195,minmaxnorm
126,Q0,SJMN91-06192239,695,0.11514421373365498,minmaxnorm
126,Q0,SJMN91-06293136,696,0.11494561253607619,minmaxnorm
126,Q0,SJMN91-06168010,697,0.11475933190425854,minmaxnorm
126,Q0,AP900709-0199,698,0.11448347260965931,minmaxnorm
126,Q0,AP900124-0239,699,0.11445308934190407,minmaxnorm
126,Q0,AP900519-0070,700,0.1143439749831811,minmaxnorm
126,Q0,SJMN91-06201231,701,0.11430800223829346,minmaxnorm
126,Q0,SJMN91-06208029,702,0.11423978707878135,minmaxnorm
126,Q0,SJMN91-06167077,703,0.11422656165754946,minmaxnorm
126,Q0,SJMN91-06332041,704,0.11404615332258691,minmaxnorm
126,Q0,AP900412-0196,705,0.11374123557628904,minmaxnorm
126,Q0,SJMN91-06325255,706,0.11368921083790771,minmaxnorm
126,Q0,AP900310-0007,707,0.113660528829918,minmaxnorm
126,Q0,AP901119-0209,708,0.1133525818082876,minmaxnorm
126,Q0,AP900227-0059,709,0.11301295447167925,minmaxnorm
126,Q0,SJMN91-06082114,710,0.11290341825986527,minmaxnorm
126,Q0,SJMN91-06273044,711,0.11287223044721073,minmaxnorm
126,Q0,AP900719-0096,712,0.11272693168951836,minmaxnorm
126,Q0,AP900327-0033,713,0.11269150687057371,minmaxnorm
126,Q0,AP901204-0084,714,0.11266386296568719,minmaxnorm
126,Q0,SJMN91-06131257,715,0.11254382649589098,minmaxnorm
126,Q0,SJMN91-06131256,716,0.11253234638344584,minmaxnorm
126,Q0,SJMN91-06348291,717,0.11250506381475689,minmaxnorm
126,Q0,SJMN91-06324012,718,0.11244777641222359,minmaxnorm
126,Q0,AP900611-0007,719,0.11225365793774131,minmaxnorm
126,Q0,SJMN91-06024441,720,0.11219428231781649,minmaxnorm
126,Q0,SJMN91-06203067,721,0.11178549845047062,minmaxnorm
126,Q0,AP900606-0241,722,0.11168745372497409,minmaxnorm
126,Q0,AP900222-0067,723,0.11156477974247109,minmaxnorm
126,Q0,SJMN91-06345081,724,0.11146094107974,minmaxnorm
126,Q0,AP900621-0224,725,0.11139310270569364,minmaxnorm
126,Q0,AP900217-0009,726,0.11135345214819978,minmaxnorm
126,Q0,AP900320-0082,727,0.11127432099967828,minmaxnorm
126,Q0,AP901029-0107,728,0.11108787654366634,minmaxnorm
126,Q0,SJMN91-06311024,729,0.1110316423958878,minmaxnorm
126,Q0,SJMN91-06282179,730,0.11090031270449431,minmaxnorm
126,Q0,SJMN91-06352112,731,0.1108929502794658,minmaxnorm
126,Q0,AP900329-0201,732,0.11071643788535417,minmaxnorm
126,Q0,AP900520-0002,733,0.11055650253412705,minmaxnorm
126,Q0,SJMN91-06106144,734,0.11046632640284611,minmaxnorm
126,Q0,AP900824-0082,735,0.11032129255102248,minmaxnorm
126,Q0,SJMN91-06065110,736,0.1101483813299762,minmaxnorm
126,Q0,AP900712-0005,737,0.11012696156761226,minmaxnorm
126,Q0,AP901107-0094,738,0.11004680941897449,minmaxnorm
126,Q0,AP900926-0034,739,0.10998119427957413,minmaxnorm
126,Q0,AP900222-0206,740,0.10979886751252735,minmaxnorm
126,Q0,SJMN91-06241217,741,0.10977682711320366,minmaxnorm
126,Q0,SJMN91-06007113,742,0.10976089066901515,minmaxnorm
126,Q0,SJMN91-06157119,743,0.10949439183062015,minmaxnorm
126,Q0,AP900718-0038,744,0.10928270540533833,minmaxnorm
126,Q0,AP901204-0094,745,0.10899347330311,minmaxnorm
126,Q0,SJMN91-06010084,746,0.1089738679861863,minmaxnorm
126,Q0,AP900208-0098,747,0.10889127380697844,minmaxnorm
126,Q0,AP900217-0104,748,0.1088243583449714,minmaxnorm
126,Q0,AP900801-0018,749,0.10856970383306569,minmaxnorm
126,Q0,SJMN91-06126059,750,0.10838767649416035,minmaxnorm
126,Q0,AP901215-0057,751,0.1081167967274097,minmaxnorm
126,Q0,AP900123-0227,752,0.10811305081569486,minmaxnorm
126,Q0,AP900731-0094,753,0.10775969939789024,minmaxnorm
126,Q0,SJMN91-06053086,754,0.10763437527292591,minmaxnorm
126,Q0,AP901111-0067,755,0.10759262890523753,minmaxnorm
126,Q0,SJMN91-06120087,756,0.1072578394142896,minmaxnorm
126,Q0,SJMN91-06326167,757,0.10683265788021928,minmaxnorm
126,Q0,AP900411-0096,758,0.10667773179201051,minmaxnorm
126,Q0,AP901110-0119,759,0.10657758952039963,minmaxnorm
126,Q0,SJMN91-06209133,760,0.10657260828586335,minmaxnorm
126,Q0,SJMN91-06003187,761,0.10648783722730204,minmaxnorm
126,Q0,AP901108-0222,762,0.10639866908034291,minmaxnorm
126,Q0,AP901101-0192,763,0.10638751198548374,minmaxnorm
126,Q0,AP901229-0068,764,0.10620249681704258,minmaxnorm
126,Q0,SJMN91-06129121,765,0.10616583188308919,minmaxnorm
126,Q0,SJMN91-06309007,766,0.10597050029038765,minmaxnorm
126,Q0,SJMN91-06303026,767,0.10587393350675993,minmaxnorm
126,Q0,SJMN91-06357063,768,0.10587098132499997,minmaxnorm
126,Q0,SJMN91-06282197,769,0.10581380076979685,minmaxnorm
126,Q0,AP900924-0109,770,0.10577237495363669,minmaxnorm
126,Q0,SJMN91-06256160,771,0.1057118201579124,minmaxnorm
126,Q0,AP901213-0227,772,0.1054883034289073,minmaxnorm
126,Q0,AP900706-0181,773,0.1054463590024373,minmaxnorm
126,Q0,AP901211-0002,774,0.1053042108572835,minmaxnorm
126,Q0,SJMN91-06212061,775,0.10530416637653588,minmaxnorm
126,Q0,PT3-05154007,776,0.10524856122856945,minmaxnorm
126,Q0,SJMN91-06123153,777,0.1051354898158372,minmaxnorm
126,Q0,SJMN91-06283112,778,0.10510981884295612,minmaxnorm
126,Q0,SJMN91-06271067,779,0.10505151638461975,minmaxnorm
126,Q0,AP901218-0036,780,0.10473259124416893,minmaxnorm
126,Q0,SJMN91-06264090,781,0.1045780412116833,minmaxnorm
126,Q0,SJMN91-06199191,782,0.10457244530091829,minmaxnorm
126,Q0,AP900713-0151,783,0.10447919998980688,minmaxnorm
126,Q0,AP900724-0007,784,0.10424711804784646,minmaxnorm
126,Q0,SJMN91-06336083,785,0.10420497006035978,minmaxnorm
126,Q0,SJMN91-06255454,786,0.10417616180969529,minmaxnorm
126,Q0,AP901014-0029,787,0.10329271021942266,minmaxnorm
126,Q0,SJMN91-06075249,788,0.10325142684195429,minmaxnorm
126,Q0,AP900323-0121,789,0.10311979116971888,minmaxnorm
126,Q0,AP901119-0032,790,0.10291775542869039,minmaxnorm
126,Q0,AP900307-0145,791,0.10288080368375996,minmaxnorm
126,Q0,SJMN91-06325147,792,0.10275965273221403,minmaxnorm
126,Q0,AP901112-0024,793,0.10273656089401799,minmaxnorm
126,Q0,AP901009-0213,794,0.10273026513871096,minmaxnorm
126,Q0,AP900123-0003,795,0.10268759747765804,minmaxnorm
126,Q0,AP900104-0070,796,0.10265258041192286,minmaxnorm
126,Q0,AP900628-0202,797,0.10261467528942787,minmaxnorm
126,Q0,SJMN91-06157125,798,0.10238626466801837,minmaxnorm
126,Q0,SJMN91-06006140,799,0.10238052255069305,minmaxnorm
126,Q0,SJMN91-06263208,800,0.10225710308178487,minmaxnorm
126,Q0,SJMN91-06087054,801,0.10217920342648945,minmaxnorm
126,Q0,SJMN91-06136017,802,0.10212067177146672,minmaxnorm
126,Q0,AP901114-0041,803,0.10207090476346696,minmaxnorm
126,Q0,SJMN91-06295191,804,0.10200314367884813,minmaxnorm
126,Q0,AP900317-0060,805,0.10192465861400461,minmaxnorm
126,Q0,AP900426-0002,806,0.10181447566084606,minmaxnorm
126,Q0,SJMN91-06164004,807,0.10177108080332067,minmaxnorm
126,Q0,AP900721-0137,808,0.10095403719126837,minmaxnorm
126,Q0,SJMN91-06333155,809,0.10061454886957934,minmaxnorm
126,Q0,AP900108-0190,810,0.1005329752666654,minmaxnorm
126,Q0,SJMN91-06307155,811,0.10039300826332195,minmaxnorm
126,Q0,AP900528-0092,812,0.10035490679686623,minmaxnorm
126,Q0,AP900726-0065,813,0.10028546499298806,minmaxnorm
126,Q0,SJMN91-06009214,814,0.10024648642603234,minmaxnorm
126,Q0,SJMN91-06119109,815,0.10019832772199871,minmaxnorm
126,Q0,AP901212-0228,816,0.09981719697901742,minmaxnorm
126,Q0,AP900317-0044,817,0.09974141368073508,minmaxnorm
126,Q0,AP900515-0003,818,0.09960837127611596,minmaxnorm
126,Q0,AP900210-0034,819,0.0994402249049923,minmaxnorm
126,Q0,AP900516-0108,820,0.09923974391711576,minmaxnorm
126,Q0,SJMN91-06296188,821,0.09913813848537975,minmaxnorm
126,Q0,AP900402-0146,822,0.09889329167903518,minmaxnorm
126,Q0,AP901203-0040,823,0.09881719422903942,minmaxnorm
126,Q0,AP901106-0019,824,0.09863112593631027,minmaxnorm
126,Q0,AP900425-0068,825,0.09847383882861974,minmaxnorm
126,Q0,SJMN91-06358170,826,0.09814536434647872,minmaxnorm
126,Q0,SJMN91-06031025,827,0.09803545470875294,minmaxnorm
126,Q0,AP900412-0027,828,0.09801640272794171,minmaxnorm
126,Q0,SJMN91-06311004,829,0.09797940011043249,minmaxnorm
126,Q0,SJMN91-06030107,830,0.09796836967170282,minmaxnorm
126,Q0,AP900802-0165,831,0.09773018017809733,minmaxnorm
126,Q0,SJMN91-06044214,832,0.09746269315093792,minmaxnorm
126,Q0,SJMN91-06089057,833,0.09738479147370518,minmaxnorm
126,Q0,AP900903-0083,834,0.09737255684580169,minmaxnorm
126,Q0,AP900404-0145,835,0.09728481608131813,minmaxnorm
126,Q0,SJMN91-06003016,836,0.0969504904534229,minmaxnorm
126,Q0,AP900124-0208,837,0.09664740944689634,minmaxnorm
126,Q0,AP900327-0191,838,0.09661242935718033,minmaxnorm
126,Q0,AP900828-0074,839,0.09652385817982975,minmaxnorm
126,Q0,SJMN91-06053214,840,0.09646177795834135,minmaxnorm
126,Q0,SJMN91-06265128,841,0.09613949059766455,minmaxnorm
126,Q0,AP901129-0036,842,0.09575833424605472,minmaxnorm
126,Q0,AP901030-0099,843,0.09569554612287276,minmaxnorm
126,Q0,SJMN91-06202025,844,0.09564611009326042,minmaxnorm
126,Q0,SJMN91-06317131,845,0.09563451996645878,minmaxnorm
126,Q0,SJMN91-06333178,846,0.09524603817851462,minmaxnorm
126,Q0,SJMN91-06088185,847,0.09519448443086279,minmaxnorm
126,Q0,AP900809-0162,848,0.0950691786154599,minmaxnorm
126,Q0,ZF310-619-987,849,0.09488898555716617,minmaxnorm
126,Q0,SJMN91-06207190,850,0.09485652012778382,minmaxnorm
126,Q0,SJMN91-06065055,851,0.09483969957869588,minmaxnorm
126,Q0,SJMN91-06357051,852,0.09461589566015413,minmaxnorm
126,Q0,SJMN91-06169159,853,0.09460252362409333,minmaxnorm
126,Q0,SJMN91-06148081,854,0.0943966138512087,minmaxnorm
126,Q0,SJMN91-06186097,855,0.0943910799905174,minmaxnorm
126,Q0,AP901229-0033,856,0.09414334666858137,minmaxnorm
126,Q0,AP901009-0204,857,0.09412968030499876,minmaxnorm
126,Q0,SJMN91-06139036,858,0.0941233240802219,minmaxnorm
126,Q0,AP900621-0032,859,0.0941107870717022,minmaxnorm
126,Q0,SJMN91-06133169,860,0.09379367876382987,minmaxnorm
126,Q0,AP901205-0067,861,0.09372194660935358,minmaxnorm
126,Q0,PT3-05177060,862,0.09313026139086165,minmaxnorm
126,Q0,SJMN91-06249100,863,0.09286276805739288,minmaxnorm
126,Q0,AP900925-0034,864,0.09283157632112625,minmaxnorm
126,Q0,SJMN91-06067219,865,0.09276468319095627,minmaxnorm
126,Q0,AP900417-0083,866,0.09234274382121829,minmaxnorm
126,Q0,SJMN91-06144236,867,0.09231649068543823,minmaxnorm
126,Q0,SJMN91-06264086,868,0.09220479809621658,minmaxnorm
126,Q0,SJMN91-06081156,869,0.09215168563007993,minmaxnorm
126,Q0,SJMN91-06155219,870,0.09214992177861964,minmaxnorm
126,Q0,ZF32-089-094,871,0.09196583092049286,minmaxnorm
126,Q0,AP901215-0078,872,0.09190511261411724,minmaxnorm
126,Q0,PT3-05177064,873,0.09181191729143938,minmaxnorm
126,Q0,AP900109-0065,874,0.09148784501979201,minmaxnorm
126,Q0,ZF32-138-003,875,0.09137283032384699,minmaxnorm
126,Q0,SJMN91-06113125,876,0.09133191584620758,minmaxnorm
126,Q0,AP901211-0130,877,0.09115167807992682,minmaxnorm
126,Q0,PT3-05177073,878,0.09113369211319335,minmaxnorm
126,Q0,SJMN91-06052083,879,0.09068596727383052,minmaxnorm
126,Q0,AP900414-0013,880,0.09057985826430034,minmaxnorm
126,Q0,ZF32-058-348,881,0.09053155032872273,minmaxnorm
126,Q0,AP900801-0125,882,0.09048019388369156,minmaxnorm
126,Q0,SJMN91-06250225,883,0.09044080106060852,minmaxnorm
126,Q0,SJMN91-06265146,884,0.09011571290824974,minmaxnorm
126,Q0,SJMN91-06289138,885,0.0900906305051024,minmaxnorm
126,Q0,AP900925-0174,886,0.09001743995414396,minmaxnorm
126,Q0,AP900618-0054,887,0.09001118224479515,minmaxnorm
126,Q0,SJMN91-06190074,888,0.08993365116110387,minmaxnorm
126,Q0,SJMN91-06054154,889,0.0897610448817189,minmaxnorm
126,Q0,SJMN91-06270172,890,0.08955749970177272,minmaxnorm
126,Q0,AP901114-0018,891,0.08939845090194734,minmaxnorm
126,Q0,AP900625-0074,892,0.08939265712542288,minmaxnorm
126,Q0,SJMN91-06130025,893,0.08938117316371284,minmaxnorm
126,Q0,AP900813-0039,894,0.08934998257530348,minmaxnorm
126,Q0,AP900628-0132,895,0.08916153667825742,minmaxnorm
126,Q0,SJMN91-06129096,896,0.08906735767996463,minmaxnorm
126,Q0,SJMN91-06227091,897,0.08890697833064731,minmaxnorm
126,Q0,AP900207-0107,898,0.08858652281343202,minmaxnorm
126,Q0,ZF32-042-031,899,0.08855080834206425,minmaxnorm
126,Q0,AP900531-0208,900,0.08842749732194209,minmaxnorm
126,Q0,SJMN91-06162150,901,0.08831351687235092,minmaxnorm
126,Q0,SJMN91-06241239,902,0.08809577806744698,minmaxnorm
126,Q0,AP900716-0016,903,0.0879484367345053,minmaxnorm
126,Q0,SJMN91-06273120,904,0.08786424148612836,minmaxnorm
126,Q0,AP901010-0007,905,0.08777355366781427,minmaxnorm
126,Q0,SJMN91-06283177,906,0.08758188481348411,minmaxnorm
126,Q0,AP900706-0097,907,0.08734106212084013,minmaxnorm
126,Q0,AP900110-0187,908,0.08731887872594235,minmaxnorm
126,Q0,SJMN91-06200262,909,0.08706109480081557,minmaxnorm
126,Q0,AP900323-0023,910,0.08693525219079815,minmaxnorm
126,Q0,SJMN91-06008176,911,0.08658663572400577,minmaxnorm
126,Q0,AP900104-0041,912,0.08607535039670533,minmaxnorm
126,Q0,PT3-05177017,913,0.08597679591115895,minmaxnorm
126,Q0,AP901201-0021,914,0.08586940272192414,minmaxnorm
126,Q0,AP900728-0093,915,0.08584332241270058,minmaxnorm
126,Q0,AP901214-0170,916,0.085826213150342,minmaxnorm
126,Q0,AP900418-0015,917,0.08578475071953916,minmaxnorm
126,Q0,AP900517-0239,918,0.08560982282027478,minmaxnorm
126,Q0,SJMN91-06016214,919,0.08536653088199092,minmaxnorm
126,Q0,AP900221-0245,920,0.08521281227780056,minmaxnorm
126,Q0,AP901227-0067,921,0.084938098865252,minmaxnorm
126,Q0,PT3-05178858,922,0.0848647985383925,minmaxnorm
126,Q0,SJMN91-06178088,923,0.08482033231420626,minmaxnorm
126,Q0,SJMN91-06190021,924,0.08469253443767256,minmaxnorm
126,Q0,AP900806-0132,925,0.08467972938884233,minmaxnorm
126,Q0,SJMN91-06263079,926,0.08459653903516451,minmaxnorm
126,Q0,AP900808-0154,927,0.08443252786525093,minmaxnorm
126,Q0,SJMN91-06024211,928,0.08440415000743608,minmaxnorm
126,Q0,AP901204-0110,929,0.08439807563824443,minmaxnorm
126,Q0,SJMN91-06191233,930,0.08413012008438622,minmaxnorm
126,Q0,SJMN91-06294179,931,0.08411053085303212,minmaxnorm
126,Q0,SJMN91-06228111,932,0.08391664968572829,minmaxnorm
126,Q0,AP900228-0195,933,0.08378185715414728,minmaxnorm
126,Q0,AP901022-0188,934,0.08374416919880881,minmaxnorm
126,Q0,SJMN91-06289199,935,0.08362341930193284,minmaxnorm
126,Q0,SJMN91-06249046,936,0.08352509472225987,minmaxnorm
126,Q0,SJMN91-06229119,937,0.08342875703181704,minmaxnorm
126,Q0,SJMN91-06113086,938,0.08338547638213296,minmaxnorm
126,Q0,AP901111-0063,939,0.0833084655486003,minmaxnorm
126,Q0,AP900402-0165,940,0.08329456636305448,minmaxnorm
126,Q0,AP900724-0181,941,0.08329273546665689,minmaxnorm
126,Q0,AP900718-0194,942,0.08328547591140939,minmaxnorm
126,Q0,SJMN91-06227079,943,0.08327651764757266,minmaxnorm
126,Q0,SJMN91-06231151,944,0.08315349661839827,minmaxnorm
126,Q0,AP900406-0019,945,0.0830304656206442,minmaxnorm
126,Q0,SJMN91-06072202,946,0.0830107200743588,minmaxnorm
126,Q0,SJMN91-06023081,947,0.08300528315060925,minmaxnorm
126,Q0,SJMN91-06149166,948,0.08291282396094604,minmaxnorm
126,Q0,SJMN91-06302162,949,0.08280640835176736,minmaxnorm
126,Q0,AP900809-0042,950,0.0827708523397125,minmaxnorm
126,Q0,SJMN91-06025159,951,0.08262910432518825,minmaxnorm
126,Q0,SJMN91-06053147,952,0.08260608038407004,minmaxnorm
126,Q0,SJMN91-06105043,953,0.0825698592920671,minmaxnorm
126,Q0,ZF310-620-053,954,0.08240204109911302,minmaxnorm
126,Q0,AP900808-0061,955,0.08227647336581674,minmaxnorm
126,Q0,SJMN91-06016142,956,0.08220687960521936,minmaxnorm
126,Q0,AP900714-0095,957,0.08218450920226078,minmaxnorm
126,Q0,AP900309-0020,958,0.08214839848864158,minmaxnorm
126,Q0,AP900109-0095,959,0.08193592265417551,minmaxnorm
126,Q0,SJMN91-06336036,960,0.08180337157918105,minmaxnorm
126,Q0,AP901102-0023,961,0.08167520358675201,minmaxnorm
126,Q0,SJMN91-06136186,962,0.08166272441471237,minmaxnorm
126,Q0,AP900410-0124,963,0.08152804023529053,minmaxnorm
126,Q0,AP901029-0005,964,0.08142809538122858,minmaxnorm
126,Q0,AP900306-0177,965,0.08107821034360906,minmaxnorm
126,Q0,AP900709-0054,966,0.08087230126566725,minmaxnorm
126,Q0,SJMN91-06158129,967,0.0808114049497156,minmaxnorm
126,Q0,AP900502-0035,968,0.08080907965367375,minmaxnorm
126,Q0,PT3-05155110,969,0.0808017516049975,minmaxnorm
126,Q0,SJMN91-06128177,970,0.08067939649424792,minmaxnorm
126,Q0,SJMN91-06287209,971,0.08009296652904004,minmaxnorm
126,Q0,SJMN91-06354196,972,0.08004488485032725,minmaxnorm
126,Q0,AP900928-0040,973,0.0800287114572433,minmaxnorm
126,Q0,AP901110-0005,974,0.07999179542744661,minmaxnorm
126,Q0,AP900228-0152,975,0.07977360274517147,minmaxnorm
126,Q0,AP901021-0026,976,0.07976388171230908,minmaxnorm
126,Q0,AP900706-0001,977,0.07954921863318418,minmaxnorm
126,Q0,AP900310-0010,978,0.07952164235820823,minmaxnorm
126,Q0,SJMN91-06036075,979,0.07925422525666352,minmaxnorm
126,Q0,AP900927-0192,980,0.07920780025679655,minmaxnorm
126,Q0,AP900704-0140,981,0.07917815638255578,minmaxnorm
126,Q0,AP900608-0103,982,0.07916784189648353,minmaxnorm
126,Q0,AP900202-0045,983,0.07907811547002411,minmaxnorm
126,Q0,AP901121-0202,984,0.07905409119893493,minmaxnorm
126,Q0,ZF32-252-089,985,0.07882866916949699,minmaxnorm
126,Q0,AP900729-0083,986,0.07876146469680698,minmaxnorm
126,Q0,AP900412-0009,987,0.07855149570756359,minmaxnorm
126,Q0,SJMN91-06029146,988,0.07854589669826201,minmaxnorm
126,Q0,AP901009-0151,989,0.07848388722985315,minmaxnorm
126,Q0,AP900818-0092,990,0.07843397394580269,minmaxnorm
126,Q0,ZF32-013-232,991,0.0783703838285768,minmaxnorm
126,Q0,SJMN91-06050032,992,0.07834293425813704,minmaxnorm
126,Q0,AP900907-0061,993,0.07833708680652503,minmaxnorm
126,Q0,ZF32-014-008,994,0.07829493472888858,minmaxnorm
126,Q0,PT3-05155038,995,0.07826800319613128,minmaxnorm
126,Q0,AP901204-0167,996,0.07819500522456155,minmaxnorm
126,Q0,SJMN91-06283064,997,0.07796662369324645,minmaxnorm
126,Q0,AP900305-0098,998,0.07788922830800857,minmaxnorm
126,Q0,AP900411-0036,999,0.07782189442847695,minmaxnorm
126,Q0,AP900103-0140,1000,0.0777246938002609,minmaxnorm
127,Q0,SJMN91-06213159,1,0.44237833661244214,minmaxnorm
127,Q0,AP900529-0011,2,0.425607880781786,minmaxnorm
127,Q0,AP901012-0014,3,0.3915399461468287,minmaxnorm
127,Q0,AP900607-0074,4,0.38792434749404653,minmaxnorm
127,Q0,AP900602-0085,5,0.38727933581553786,minmaxnorm
127,Q0,AP900426-0148,6,0.38596236816268686,minmaxnorm
127,Q0,AP901004-0089,7,0.3836374791181167,minmaxnorm
127,Q0,SJMN91-06213137,8,0.38193683029049624,minmaxnorm
127,Q0,AP900124-0143,9,0.37944242253637267,minmaxnorm
127,Q0,AP900519-0088,10,0.3764989658897682,minmaxnorm
127,Q0,AP900519-0093,11,0.3756188412862546,minmaxnorm
127,Q0,AP900901-0079,12,0.3726112574365331,minmaxnorm
127,Q0,SJMN91-06280034,13,0.3720667393158177,minmaxnorm
127,Q0,AP900908-0024,14,0.3719648810699453,minmaxnorm
127,Q0,AP901115-0004,15,0.3719071501559545,minmaxnorm
127,Q0,AP900413-0090,16,0.37088450807987866,minmaxnorm
127,Q0,SJMN91-06200187,17,0.36986302112828495,minmaxnorm
127,Q0,AP901205-0126,18,0.3617336447966319,minmaxnorm
127,Q0,AP900521-0111,19,0.3615396920994101,minmaxnorm
127,Q0,SJMN91-06197207,20,0.36119915451574475,minmaxnorm
127,Q0,AP901120-0086,21,0.3608621281066054,minmaxnorm
127,Q0,AP901006-0002,22,0.3604692539639746,minmaxnorm
127,Q0,SJMN91-06213129,23,0.3587136022911621,minmaxnorm
127,Q0,AP900511-0016,24,0.3573057312995172,minmaxnorm
127,Q0,AP900606-0136,25,0.3551881566790793,minmaxnorm
127,Q0,AP900908-0072,26,0.35174096770723784,minmaxnorm
127,Q0,AP900528-0001,27,0.3499870761317904,minmaxnorm
127,Q0,AP900511-0133,28,0.34942381946136,minmaxnorm
127,Q0,SJMN91-06272200,29,0.3487717627717446,minmaxnorm
127,Q0,AP900515-0043,30,0.34798364329551557,minmaxnorm
127,Q0,AP900602-0008,31,0.34756295335949,minmaxnorm
127,Q0,AP900509-0030,32,0.34741085225883617,minmaxnorm
127,Q0,AP900409-0120,33,0.34579778561803437,minmaxnorm
127,Q0,AP900319-0102,34,0.34549683272979137,minmaxnorm
127,Q0,AP900529-0084,35,0.34524226809596203,minmaxnorm
127,Q0,AP901206-0012,36,0.3444696167530135,minmaxnorm
127,Q0,AP900520-0019,37,0.3444595742822158,minmaxnorm
127,Q0,AP900601-0172,38,0.34435880875686836,minmaxnorm
127,Q0,AP900327-0126,39,0.34414729645361475,minmaxnorm
127,Q0,SJMN91-06280077,40,0.34391416941944114,minmaxnorm
127,Q0,AP900508-0141,41,0.34375214249462516,minmaxnorm
127,Q0,AP900515-0124,42,0.34264473016159563,minmaxnorm
127,Q0,SJMN91-06280022,43,0.34263853018820606,minmaxnorm
127,Q0,AP900601-0176,44,0.3421091299052164,minmaxnorm
127,Q0,AP900109-0022,45,0.3420798301925023,minmaxnorm
127,Q0,AP900320-0011,46,0.3416223496502279,minmaxnorm
127,Q0,AP900210-0102,47,0.34144447739539685,minmaxnorm
127,Q0,AP900421-0019,48,0.3413164835564948,minmaxnorm
127,Q0,AP900217-0057,49,0.3413131256367909,minmaxnorm
127,Q0,AP900405-0105,50,0.3397856384382405,minmaxnorm
127,Q0,AP900719-0007,51,0.3385142029445507,minmaxnorm
127,Q0,AP901120-0126,52,0.3354598080321133,minmaxnorm
127,Q0,SJMN91-06172143,53,0.33471984154570195,minmaxnorm
127,Q0,AP900519-0062,54,0.3345607301612723,minmaxnorm
127,Q0,AP900601-0169,55,0.334500824078198,minmaxnorm
127,Q0,AP900518-0021,56,0.3343497225886295,minmaxnorm
127,Q0,AP900210-0141,57,0.3329642763187315,minmaxnorm
127,Q0,AP900926-0191,58,0.33199658230969653,minmaxnorm
127,Q0,AP900210-0059,59,0.3314255118928269,minmaxnorm
127,Q0,AP900412-0013,60,0.33123384540158013,minmaxnorm
127,Q0,AP900405-0144,61,0.33011874115850315,minmaxnorm
127,Q0,AP900209-0210,62,0.3295391863754604,minmaxnorm
127,Q0,AP900122-0125,63,0.3292854600487009,minmaxnorm
127,Q0,AP900512-0009,64,0.3290878989736356,minmaxnorm
127,Q0,SJMN91-06191188,65,0.3289994066281664,minmaxnorm
127,Q0,AP900529-0148,66,0.3283432189070906,minmaxnorm
127,Q0,AP900530-0090,67,0.32733639528838143,minmaxnorm
127,Q0,SJMN91-06273027,68,0.3272987996153525,minmaxnorm
127,Q0,AP900426-0104,69,0.32690473201811776,minmaxnorm
127,Q0,AP900212-0157,70,0.3264512323073247,minmaxnorm
127,Q0,AP900530-0134,71,0.326155229696851,minmaxnorm
127,Q0,AP900519-0050,72,0.32531270448106714,minmaxnorm
127,Q0,SJMN91-06196020,73,0.3249228757349652,minmaxnorm
127,Q0,AP900913-0151,74,0.3249004021947331,minmaxnorm
127,Q0,AP900418-0028,75,0.323834546810499,minmaxnorm
127,Q0,AP901221-0012,76,0.3236878266916683,minmaxnorm
127,Q0,AP900530-0175,77,0.3236278098361866,minmaxnorm
127,Q0,SJMN91-06272022,78,0.32282118972639345,minmaxnorm
127,Q0,AP900504-0094,79,0.3223247637690264,minmaxnorm
127,Q0,AP900519-0031,80,0.32107006549608474,minmaxnorm
127,Q0,SJMN91-06272134,81,0.3208051293448274,minmaxnorm
127,Q0,AP900211-0051,82,0.32021294529687433,minmaxnorm
127,Q0,AP900524-0071,83,0.3195558313558933,minmaxnorm
127,Q0,AP901210-0017,84,0.3189590001131641,minmaxnorm
127,Q0,SJMN91-06173201,85,0.3187503617623627,minmaxnorm
127,Q0,AP900526-0109,86,0.3177338637801091,minmaxnorm
127,Q0,AP900524-0190,87,0.31721396059251644,minmaxnorm
127,Q0,AP900503-0146,88,0.3169775239997476,minmaxnorm
127,Q0,AP900926-0021,89,0.31675136363207484,minmaxnorm
127,Q0,AP901128-0164,90,0.31655746823019776,minmaxnorm
127,Q0,AP900212-0077,91,0.3165566234541119,minmaxnorm
127,Q0,AP900515-0075,92,0.3157283036676592,minmaxnorm
127,Q0,AP900615-0123,93,0.31550612706640757,minmaxnorm
127,Q0,AP900601-0062,94,0.3138776529544131,minmaxnorm
127,Q0,AP900203-0015,95,0.3138020646427443,minmaxnorm
127,Q0,AP900928-0017,96,0.31324236884187745,minmaxnorm
127,Q0,AP900531-0093,97,0.3125443872435381,minmaxnorm
127,Q0,AP900504-0155,98,0.3111801372136334,minmaxnorm
127,Q0,SJMN91-06273083,99,0.31083377850135924,minmaxnorm
127,Q0,AP900419-0091,100,0.3105842405087068,minmaxnorm
127,Q0,AP900315-0024,101,0.3102415850992621,minmaxnorm
127,Q0,SJMN91-06194098,102,0.3100574423155289,minmaxnorm
127,Q0,AP900209-0094,103,0.30951555186705265,minmaxnorm
127,Q0,AP900525-0186,104,0.3094035384483438,minmaxnorm
127,Q0,AP900529-0001,105,0.30936590483680704,minmaxnorm
127,Q0,SJMN91-06272162,106,0.30922407179287337,minmaxnorm
127,Q0,AP900512-0008,107,0.3083482443727456,minmaxnorm
127,Q0,AP900523-0130,108,0.30831397537289684,minmaxnorm
127,Q0,SJMN91-06271248,109,0.30784817091085986,minmaxnorm
127,Q0,SJMN91-06213104,110,0.3074390148631136,minmaxnorm
127,Q0,SJMN91-06214224,111,0.30740559133372436,minmaxnorm
127,Q0,SJMN91-06195021,112,0.30629351032853974,minmaxnorm
127,Q0,AP900112-0095,113,0.30595843275705936,minmaxnorm
127,Q0,AP900314-0008,114,0.30543678901593074,minmaxnorm
127,Q0,AP900224-0156,115,0.3051511448104796,minmaxnorm
127,Q0,AP900322-0111,116,0.3044447982706808,minmaxnorm
127,Q0,SJMN91-06354108,117,0.30256462215168023,minmaxnorm
127,Q0,AP900510-0175,118,0.30252396407141724,minmaxnorm
127,Q0,SJMN91-06029167,119,0.3021180116371938,minmaxnorm
127,Q0,AP900909-0035,120,0.30211334942759105,minmaxnorm
127,Q0,AP900514-0110,121,0.3020270794885898,minmaxnorm
127,Q0,AP900601-0021,122,0.3018706003492062,minmaxnorm
127,Q0,AP900128-0015,123,0.301751391503467,minmaxnorm
127,Q0,AP900509-0076,124,0.30138364287615677,minmaxnorm
127,Q0,AP901212-0118,125,0.30126109134807244,minmaxnorm
127,Q0,AP900407-0016,126,0.29999621395031145,minmaxnorm
127,Q0,SJMN91-06199098,127,0.29982270330266375,minmaxnorm
127,Q0,AP900406-0152,128,0.2997716171235951,minmaxnorm
127,Q0,SJMN91-06214168,129,0.2984028564171501,minmaxnorm
127,Q0,AP900601-0163,130,0.29734274220027895,minmaxnorm
127,Q0,SJMN91-06189164,131,0.2970753418062354,minmaxnorm
127,Q0,SJMN91-06275131,132,0.2970181334818888,minmaxnorm
127,Q0,SJMN91-06154235,133,0.29465883207470006,minmaxnorm
127,Q0,AP900129-0009,134,0.2945114096579425,minmaxnorm
127,Q0,AP900405-0191,135,0.2944933674302681,minmaxnorm
127,Q0,AP900404-0179,136,0.2944605778248182,minmaxnorm
127,Q0,AP900128-0019,137,0.29443341304844867,minmaxnorm
127,Q0,AP900530-0050,138,0.29422494882439015,minmaxnorm
127,Q0,AP900406-0097,139,0.2937091110273603,minmaxnorm
127,Q0,AP900519-0081,140,0.29303045699613606,minmaxnorm
127,Q0,AP900604-0024,141,0.29259197003144044,minmaxnorm
127,Q0,AP900208-0149,142,0.29207307205774147,minmaxnorm
127,Q0,SJMN91-06171201,143,0.2916826707631539,minmaxnorm
127,Q0,AP900718-0013,144,0.29166971745626175,minmaxnorm
127,Q0,SJMN91-06028180,145,0.2915966101331814,minmaxnorm
127,Q0,AP900602-0003,146,0.29141947625266373,minmaxnorm
127,Q0,AP900602-0064,147,0.2913740989407534,minmaxnorm
127,Q0,AP900601-0150,148,0.2900982039309979,minmaxnorm
127,Q0,AP900528-0102,149,0.289572970505206,minmaxnorm
127,Q0,AP900503-0118,150,0.28921244598996926,minmaxnorm
127,Q0,AP900401-0036,151,0.28900158666023135,minmaxnorm
127,Q0,AP900504-0091,152,0.2888924640269749,minmaxnorm
127,Q0,AP900703-0057,153,0.28806977702430564,minmaxnorm
127,Q0,AP900213-0069,154,0.28791471304898464,minmaxnorm
127,Q0,AP900214-0156,155,0.2878645694969979,minmaxnorm
127,Q0,SJMN91-06290216,156,0.28773020919620895,minmaxnorm
127,Q0,AP900515-0190,157,0.28736331841775786,minmaxnorm
127,Q0,AP900509-0139,158,0.2873422474956665,minmaxnorm
127,Q0,SJMN91-06190149,159,0.28721825268142753,minmaxnorm
127,Q0,SJMN91-06290139,160,0.28709177034405947,minmaxnorm
127,Q0,AP900706-0115,161,0.2867451028361671,minmaxnorm
127,Q0,SJMN91-06072022,162,0.2856537105516947,minmaxnorm
127,Q0,AP900407-0127,163,0.28548540957743335,minmaxnorm
127,Q0,AP900504-0015,164,0.28520133463400305,minmaxnorm
127,Q0,AP900914-0133,165,0.28474768226923736,minmaxnorm
127,Q0,AP900306-0138,166,0.2837301070904702,minmaxnorm
127,Q0,AP900424-0101,167,0.2837005989816011,minmaxnorm
127,Q0,AP900504-0166,168,0.2832259787492603,minmaxnorm
127,Q0,SJMN91-06210084,169,0.2830354400283804,minmaxnorm
127,Q0,SJMN91-06193164,170,0.28275121463553765,minmaxnorm
127,Q0,AP900523-0105,171,0.28268976468491985,minmaxnorm
127,Q0,SJMN91-06203029,172,0.2822619914723392,minmaxnorm
127,Q0,SJMN91-06172224,173,0.2820732364377343,minmaxnorm
127,Q0,SJMN91-06037296,174,0.28204511997518095,minmaxnorm
127,Q0,AP900605-0074,175,0.2820104067816745,minmaxnorm
127,Q0,AP900523-0206,176,0.2819270753216161,minmaxnorm
127,Q0,SJMN91-06029041,177,0.28168621077588585,minmaxnorm
127,Q0,AP901108-0148,178,0.28166681959414785,minmaxnorm
127,Q0,AP900530-0068,179,0.28089265725858986,minmaxnorm
127,Q0,AP901119-0034,180,0.28084960337833764,minmaxnorm
127,Q0,AP901009-0185,181,0.28081460131058833,minmaxnorm
127,Q0,SJMN91-06149133,182,0.2807330569314356,minmaxnorm
127,Q0,AP900410-0116,183,0.28043070192514874,minmaxnorm
127,Q0,SJMN91-06276191,184,0.2804294634287103,minmaxnorm
127,Q0,AP900407-0092,185,0.28040160491929855,minmaxnorm
127,Q0,AP900215-0011,186,0.2802425573715911,minmaxnorm
127,Q0,AP900516-0120,187,0.27960285677789576,minmaxnorm
127,Q0,SJMN91-06291111,188,0.27956559374765233,minmaxnorm
127,Q0,AP900129-0013,189,0.27914151159555567,minmaxnorm
127,Q0,AP901009-0097,190,0.27760262559072374,minmaxnorm
127,Q0,SJMN91-06066021,191,0.2770333388990035,minmaxnorm
127,Q0,SJMN91-06280093,192,0.2768168392802229,minmaxnorm
127,Q0,AP900521-0079,193,0.27667471134847255,minmaxnorm
127,Q0,AP900802-0035,194,0.27635942842170097,minmaxnorm
127,Q0,AP900407-0088,195,0.27622614707000737,minmaxnorm
127,Q0,AP900518-0098,196,0.2760820644749456,minmaxnorm
127,Q0,SJMN91-06354159,197,0.2759095416133035,minmaxnorm
127,Q0,AP901209-0058,198,0.27511930905397863,minmaxnorm
127,Q0,SJMN91-06302116,199,0.27476180569181197,minmaxnorm
127,Q0,SJMN91-06029222,200,0.2734947369487992,minmaxnorm
127,Q0,AP901019-0144,201,0.2732671443433373,minmaxnorm
127,Q0,AP900213-0177,202,0.2732091219717319,minmaxnorm
127,Q0,AP900519-0134,203,0.2723613867375564,minmaxnorm
127,Q0,SJMN91-06211166,204,0.2722985812316781,minmaxnorm
127,Q0,SJMN91-06275216,205,0.27131546621249575,minmaxnorm
127,Q0,SJMN91-06162092,206,0.27127430463308416,minmaxnorm
127,Q0,SJMN91-06233164,207,0.27106075084562226,minmaxnorm
127,Q0,AP900511-0017,208,0.27095289478184736,minmaxnorm
127,Q0,AP900524-0162,209,0.2706529934721884,minmaxnorm
127,Q0,AP900421-0057,210,0.270591280348622,minmaxnorm
127,Q0,AP900706-0065,211,0.27058472673086065,minmaxnorm
127,Q0,SJMN91-06290082,212,0.26949835349707973,minmaxnorm
127,Q0,AP900518-0183,213,0.2691263165963409,minmaxnorm
127,Q0,AP900502-0001,214,0.2688832589191556,minmaxnorm
127,Q0,AP900504-0133,215,0.26848321173101863,minmaxnorm
127,Q0,AP900526-0054,216,0.26759084167737934,minmaxnorm
127,Q0,SJMN91-06292187,217,0.2675579426951119,minmaxnorm
127,Q0,SJMN91-06038070,218,0.2673295164200051,minmaxnorm
127,Q0,SJMN91-06020120,219,0.2669369436453168,minmaxnorm
127,Q0,AP900214-0032,220,0.2658648112148484,minmaxnorm
127,Q0,SJMN91-06213339,221,0.26545936743441223,minmaxnorm
127,Q0,AP901130-0139,222,0.265340023359007,minmaxnorm
127,Q0,AP900503-0114,223,0.26527906512677496,minmaxnorm
127,Q0,SJMN91-06028151,224,0.264983491082567,minmaxnorm
127,Q0,AP901211-0047,225,0.26445134285153094,minmaxnorm
127,Q0,AP901115-0122,226,0.2643974014786212,minmaxnorm
127,Q0,SJMN91-06149078,227,0.26386755837342046,minmaxnorm
127,Q0,AP900630-0059,228,0.2625124882256398,minmaxnorm
127,Q0,AP900510-0114,229,0.2620121354293423,minmaxnorm
127,Q0,AP901109-0055,230,0.2618694380046585,minmaxnorm
127,Q0,AP900214-0129,231,0.26169228163842667,minmaxnorm
127,Q0,SJMN91-06159200,232,0.2616630365084226,minmaxnorm
127,Q0,SJMN91-06201028,233,0.2616201451808617,minmaxnorm
127,Q0,AP900413-0138,234,0.26150786279189264,minmaxnorm
127,Q0,SJMN91-06233119,235,0.260748864414746,minmaxnorm
127,Q0,AP900702-0002,236,0.26051331485102364,minmaxnorm
127,Q0,SJMN91-06273118,237,0.26050775357129463,minmaxnorm
127,Q0,AP901008-0016,238,0.26031743973282284,minmaxnorm
127,Q0,SJMN91-06107111,239,0.260122858438985,minmaxnorm
127,Q0,AP900911-0146,240,0.26008359517307533,minmaxnorm
127,Q0,AP900522-0154,241,0.25996356198210285,minmaxnorm
127,Q0,AP900926-0012,242,0.2599241354068154,minmaxnorm
127,Q0,SJMN91-06159151,243,0.25928698124144695,minmaxnorm
127,Q0,SJMN91-06076052,244,0.259191064716433,minmaxnorm
127,Q0,AP901212-0025,245,0.2590486296150653,minmaxnorm
127,Q0,AP900522-0037,246,0.2586014443269721,minmaxnorm
127,Q0,AP900530-0145,247,0.25843405940396635,minmaxnorm
127,Q0,AP900925-0025,248,0.2581178111329824,minmaxnorm
127,Q0,AP900210-0112,249,0.2580271215779853,minmaxnorm
127,Q0,SJMN91-06212128,250,0.25770879456363927,minmaxnorm
127,Q0,SJMN91-06234210,251,0.25757293750555094,minmaxnorm
127,Q0,SJMN91-06242145,252,0.2574465519332838,minmaxnorm
127,Q0,AP900212-0104,253,0.25702156281399635,minmaxnorm
127,Q0,AP900713-0141,254,0.25598234236773515,minmaxnorm
127,Q0,AP900404-0058,255,0.2557899285329011,minmaxnorm
127,Q0,SJMN91-06336128,256,0.25510790715911563,minmaxnorm
127,Q0,AP900603-0047,257,0.25466419003079155,minmaxnorm
127,Q0,SJMN91-06272154,258,0.2543251917521298,minmaxnorm
127,Q0,AP901102-0140,259,0.25346422013579767,minmaxnorm
127,Q0,AP901207-0075,260,0.25286953978497634,minmaxnorm
127,Q0,SJMN91-06150125,261,0.25283389945341067,minmaxnorm
127,Q0,SJMN91-06007053,262,0.25247876490885207,minmaxnorm
127,Q0,SJMN91-06031200,263,0.25178046382800034,minmaxnorm
127,Q0,AP900525-0072,264,0.2515795918282329,minmaxnorm
127,Q0,AP900604-0072,265,0.2511469196703579,minmaxnorm
127,Q0,AP901120-0074,266,0.25102616053317145,minmaxnorm
127,Q0,SJMN91-06232119,267,0.25100256340729593,minmaxnorm
127,Q0,SJMN91-06028157,268,0.25064927084239713,minmaxnorm
127,Q0,SJMN91-06345153,269,0.25021411786532943,minmaxnorm
127,Q0,SJMN91-06274078,270,0.24998284572411605,minmaxnorm
127,Q0,AP901005-0026,271,0.24983122608020505,minmaxnorm
127,Q0,AP900620-0148,272,0.24967531772356988,minmaxnorm
127,Q0,AP900604-0123,273,0.249223610378172,minmaxnorm
127,Q0,SJMN91-06037146,274,0.24873454058431593,minmaxnorm
127,Q0,AP900519-0106,275,0.2486299427285713,minmaxnorm
127,Q0,SJMN91-06160064,276,0.24732215382881975,minmaxnorm
127,Q0,SJMN91-06344150,277,0.24712784217634745,minmaxnorm
127,Q0,AP901115-0117,278,0.24704083331118598,minmaxnorm
127,Q0,AP900204-0036,279,0.24663382664968414,minmaxnorm
127,Q0,AP900527-0078,280,0.246491526384222,minmaxnorm
127,Q0,SJMN91-06348184,281,0.24637682879941925,minmaxnorm
127,Q0,AP900424-0149,282,0.24614751258539314,minmaxnorm
127,Q0,AP901118-0071,283,0.24533481882506075,minmaxnorm
127,Q0,SJMN91-06212078,284,0.2450117470528831,minmaxnorm
127,Q0,AP900523-0115,285,0.24448478723081124,minmaxnorm
127,Q0,SJMN91-06029131,286,0.2444020503085401,minmaxnorm
127,Q0,SJMN91-06170107,287,0.24431788434000468,minmaxnorm
127,Q0,AP900519-0097,288,0.24417812144266204,minmaxnorm
127,Q0,AP901115-0191,289,0.2438732165096759,minmaxnorm
127,Q0,AP900605-0177,290,0.24384524638522875,minmaxnorm
127,Q0,AP900202-0020,291,0.24369730799863182,minmaxnorm
127,Q0,AP901212-0137,292,0.24323969600350426,minmaxnorm
127,Q0,SJMN91-06310042,293,0.24284240968545953,minmaxnorm
127,Q0,SJMN91-06341154,294,0.24280874925669949,minmaxnorm
127,Q0,AP900913-0082,295,0.24253723152975915,minmaxnorm
127,Q0,AP900124-0149,296,0.24251665883647572,minmaxnorm
127,Q0,AP900531-0049,297,0.24180185303983345,minmaxnorm
127,Q0,AP901005-0009,298,0.24134420065798107,minmaxnorm
127,Q0,SJMN91-06165235,299,0.24096875353017638,minmaxnorm
127,Q0,SJMN91-06211160,300,0.2405636843847729,minmaxnorm
127,Q0,SJMN91-06029132,301,0.24004293766002127,minmaxnorm
127,Q0,AP901213-0007,302,0.23997516170948863,minmaxnorm
127,Q0,SJMN91-06288175,303,0.23950667763378125,minmaxnorm
127,Q0,AP900307-0178,304,0.23911940100064458,minmaxnorm
127,Q0,SJMN91-06161148,305,0.23866738376358634,minmaxnorm
127,Q0,SJMN91-06038090,306,0.238507375869846,minmaxnorm
127,Q0,AP900314-0006,307,0.23825914880900878,minmaxnorm
127,Q0,AP900308-0022,308,0.23824168908198082,minmaxnorm
127,Q0,AP900213-0197,309,0.23814338767352924,minmaxnorm
127,Q0,AP900322-0132,310,0.23807232521449645,minmaxnorm
127,Q0,AP900605-0030,311,0.2371930810969208,minmaxnorm
127,Q0,AP900201-0119,312,0.23704252858668232,minmaxnorm
127,Q0,AP900707-0062,313,0.23700066183737825,minmaxnorm
127,Q0,SJMN91-06193127,314,0.23694754334733045,minmaxnorm
127,Q0,AP900706-0059,315,0.2368395086914515,minmaxnorm
127,Q0,AP900508-0006,316,0.236731259116661,minmaxnorm
127,Q0,AP901005-0162,317,0.2367052781614515,minmaxnorm
127,Q0,SJMN91-06214229,318,0.23615348254417623,minmaxnorm
127,Q0,AP900612-0162,319,0.2358165120625886,minmaxnorm
127,Q0,SJMN91-06303006,320,0.23577760384075858,minmaxnorm
127,Q0,AP901118-0032,321,0.23574042474511375,minmaxnorm
127,Q0,SJMN91-06171114,322,0.2356982558163817,minmaxnorm
127,Q0,SJMN91-06228057,323,0.23546331658148434,minmaxnorm
127,Q0,SJMN91-06276059,324,0.23393057679618862,minmaxnorm
127,Q0,SJMN91-06241202,325,0.23385345250101858,minmaxnorm
127,Q0,AP900416-0042,326,0.23354830254506387,minmaxnorm
127,Q0,SJMN91-06164104,327,0.23343400482142596,minmaxnorm
127,Q0,AP900222-0122,328,0.2332575235890459,minmaxnorm
127,Q0,AP900411-0170,329,0.23319407828309516,minmaxnorm
127,Q0,AP900718-0135,330,0.23301373500021205,minmaxnorm
127,Q0,AP900509-0138,331,0.2328525536428542,minmaxnorm
127,Q0,AP900517-0159,332,0.23273872026366907,minmaxnorm
127,Q0,SJMN91-06135203,333,0.23225989064437508,minmaxnorm
127,Q0,AP900503-0053,334,0.23215742104437712,minmaxnorm
127,Q0,AP900202-0093,335,0.23175243810843443,minmaxnorm
127,Q0,AP900212-0018,336,0.23139477591035557,minmaxnorm
127,Q0,AP900520-0061,337,0.23138600087641176,minmaxnorm
127,Q0,AP900208-0198,338,0.23132573520375055,minmaxnorm
127,Q0,AP900202-0025,339,0.23126945308479235,minmaxnorm
127,Q0,AP900525-0111,340,0.2312339944710655,minmaxnorm
127,Q0,AP900706-0078,341,0.2309216329866949,minmaxnorm
127,Q0,SJMN91-06333180,342,0.23038233171058367,minmaxnorm
127,Q0,AP900518-0223,343,0.2302618142188734,minmaxnorm
127,Q0,SJMN91-06158031,344,0.22989948118381845,minmaxnorm
127,Q0,SJMN91-06273004,345,0.22960251312513744,minmaxnorm
127,Q0,AP900123-0163,346,0.22938140166690024,minmaxnorm
127,Q0,AP900309-0113,347,0.22903734178727356,minmaxnorm
127,Q0,AP900703-0003,348,0.22898067494796887,minmaxnorm
127,Q0,AP901019-0138,349,0.22862739303352259,minmaxnorm
127,Q0,AP900612-0077,350,0.22848651148354565,minmaxnorm
127,Q0,AP900503-0067,351,0.22845823670046558,minmaxnorm
127,Q0,AP900212-0107,352,0.2284220732486899,minmaxnorm
127,Q0,SJMN91-06110160,353,0.22835487108186178,minmaxnorm
127,Q0,AP900307-0123,354,0.22834618150215505,minmaxnorm
127,Q0,SJMN91-06070034,355,0.22830489201759024,minmaxnorm
127,Q0,AP901206-0174,356,0.22823788776449658,minmaxnorm
127,Q0,AP900203-0066,357,0.22770593048808094,minmaxnorm
127,Q0,AP900531-0175,358,0.22732727664786975,minmaxnorm
127,Q0,SJMN91-06127147,359,0.22695881253460745,minmaxnorm
127,Q0,AP900419-0056,360,0.22689491269325254,minmaxnorm
127,Q0,SJMN91-06159128,361,0.2264119001880342,minmaxnorm
127,Q0,AP901221-0004,362,0.226363586154865,minmaxnorm
127,Q0,SJMN91-06215028,363,0.22634521519277537,minmaxnorm
127,Q0,AP900330-0033,364,0.22632612643342512,minmaxnorm
127,Q0,AP900904-0128,365,0.22611501722675864,minmaxnorm
127,Q0,AP900926-0090,366,0.2250478887524534,minmaxnorm
127,Q0,SJMN91-06353179,367,0.22501963344339793,minmaxnorm
127,Q0,AP900123-0089,368,0.22467322854189614,minmaxnorm
127,Q0,AP900218-0089,369,0.2244889208332142,minmaxnorm
127,Q0,AP900702-0071,370,0.22441411330713812,minmaxnorm
127,Q0,AP900207-0097,371,0.22376919804863332,minmaxnorm
127,Q0,SJMN91-06338210,372,0.22373369284984368,minmaxnorm
127,Q0,AP901108-0089,373,0.22360439437319404,minmaxnorm
127,Q0,AP900522-0167,374,0.22331972543172549,minmaxnorm
127,Q0,AP900804-0062,375,0.22322709007883607,minmaxnorm
127,Q0,AP900208-0095,376,0.22260879033193362,minmaxnorm
127,Q0,AP900212-0102,377,0.22248735391908878,minmaxnorm
127,Q0,AP901121-0044,378,0.2220973353752274,minmaxnorm
127,Q0,AP900521-0133,379,0.2218547371678696,minmaxnorm
127,Q0,SJMN91-06272071,380,0.22160564105942931,minmaxnorm
127,Q0,AP900603-0025,381,0.22155741098039722,minmaxnorm
127,Q0,AP900611-0069,382,0.22144852697064255,minmaxnorm
127,Q0,AP900401-0017,383,0.2211435394998872,minmaxnorm
127,Q0,AP901001-0154,384,0.2206907952375621,minmaxnorm
127,Q0,SJMN91-06352157,385,0.219890844598538,minmaxnorm
127,Q0,AP900604-0148,386,0.21977886553602732,minmaxnorm
127,Q0,AP900509-0103,387,0.21973714690000903,minmaxnorm
127,Q0,SJMN91-06151220,388,0.21968796845393945,minmaxnorm
127,Q0,AP901119-0036,389,0.2196107840739827,minmaxnorm
127,Q0,AP900909-0019,390,0.2190041262888546,minmaxnorm
127,Q0,AP901114-0108,391,0.2189028494659177,minmaxnorm
127,Q0,AP900207-0025,392,0.2189004356400672,minmaxnorm
127,Q0,SJMN91-06212060,393,0.21870347517508987,minmaxnorm
127,Q0,SJMN91-06212154,394,0.21778940257316065,minmaxnorm
127,Q0,AP900118-0175,395,0.21778737322061942,minmaxnorm
127,Q0,AP901116-0111,396,0.21772302925100395,minmaxnorm
127,Q0,AP900706-0095,397,0.21757771971715334,minmaxnorm
127,Q0,SJMN91-06355194,398,0.21757540290115898,minmaxnorm
127,Q0,AP900418-0135,399,0.2174885552031669,minmaxnorm
127,Q0,AP900120-0014,400,0.21740506326576461,minmaxnorm
127,Q0,SJMN91-06193146,401,0.2172579820121625,minmaxnorm
127,Q0,AP900323-0024,402,0.21714712092684546,minmaxnorm
127,Q0,SJMN91-06183085,403,0.2165718555646947,minmaxnorm
127,Q0,AP900607-0150,404,0.21653640987415224,minmaxnorm
127,Q0,AP900705-0156,405,0.21631284162294184,minmaxnorm
127,Q0,AP900508-0117,406,0.21485339213904361,minmaxnorm
127,Q0,AP900201-0042,407,0.21470749358044702,minmaxnorm
127,Q0,AP900228-0106,408,0.2146610275292754,minmaxnorm
127,Q0,AP901107-0184,409,0.2143377283806856,minmaxnorm
127,Q0,AP900330-0155,410,0.21433199025409339,minmaxnorm
127,Q0,AP901119-0060,411,0.21418775603298532,minmaxnorm
127,Q0,AP900505-0007,412,0.21412599222027592,minmaxnorm
127,Q0,AP901220-0087,413,0.2139450653649847,minmaxnorm
127,Q0,SJMN91-06212245,414,0.21359424329848012,minmaxnorm
127,Q0,AP901004-0006,415,0.21322979330407144,minmaxnorm
127,Q0,AP901004-0085,416,0.21309592241422384,minmaxnorm
127,Q0,AP900705-0057,417,0.21283139711914903,minmaxnorm
127,Q0,AP900201-0176,418,0.21257093505340272,minmaxnorm
127,Q0,AP900705-0100,419,0.21199845216075425,minmaxnorm
127,Q0,AP900213-0027,420,0.211923061822433,minmaxnorm
127,Q0,AP900705-0106,421,0.2118888812262959,minmaxnorm
127,Q0,AP900526-0093,422,0.21091646717631565,minmaxnorm
127,Q0,AP900503-0105,423,0.21087709158143816,minmaxnorm
127,Q0,SJMN91-06211164,424,0.21080078514757944,minmaxnorm
127,Q0,SJMN91-06224067,425,0.2106541723693016,minmaxnorm
127,Q0,SJMN91-06272108,426,0.21050946798149753,minmaxnorm
127,Q0,AP900112-0021,427,0.21031957313279878,minmaxnorm
127,Q0,SJMN91-06362071,428,0.20990066891879228,minmaxnorm
127,Q0,AP900201-0069,429,0.20975903121894932,minmaxnorm
127,Q0,AP900910-0028,430,0.20938337544366115,minmaxnorm
127,Q0,AP900629-0023,431,0.20916510891618928,minmaxnorm
127,Q0,AP900525-0128,432,0.20902700188533802,minmaxnorm
127,Q0,AP900504-0104,433,0.2089013808276048,minmaxnorm
127,Q0,AP900703-0085,434,0.20883440024163058,minmaxnorm
127,Q0,AP900210-0054,435,0.20880560625152977,minmaxnorm
127,Q0,AP900531-0172,436,0.20864049175728364,minmaxnorm
127,Q0,AP900524-0167,437,0.20850106246706898,minmaxnorm
127,Q0,SJMN91-06240132,438,0.20829487100934105,minmaxnorm
127,Q0,AP900909-0018,439,0.2082549404764874,minmaxnorm
127,Q0,AP900318-0043,440,0.20822738891041384,minmaxnorm
127,Q0,AP900518-0143,441,0.2081403994096317,minmaxnorm
127,Q0,AP900118-0065,442,0.20768332748269727,minmaxnorm
127,Q0,AP901206-0142,443,0.2074462267741795,minmaxnorm
127,Q0,AP900714-0079,444,0.20729123331555455,minmaxnorm
127,Q0,SJMN91-06284157,445,0.20725290643499134,minmaxnorm
127,Q0,SJMN91-06150263,446,0.20705577585656001,minmaxnorm
127,Q0,AP901227-0030,447,0.20678001334320856,minmaxnorm
127,Q0,AP900211-0001,448,0.2064352132654009,minmaxnorm
127,Q0,AP901120-0175,449,0.2061410364405259,minmaxnorm
127,Q0,AP900606-0113,450,0.20610457074530777,minmaxnorm
127,Q0,AP901103-0096,451,0.2058709378560703,minmaxnorm
127,Q0,AP900601-0025,452,0.20576787411143715,minmaxnorm
127,Q0,AP900531-0078,453,0.20539478445311501,minmaxnorm
127,Q0,AP900131-0186,454,0.2051924812022117,minmaxnorm
127,Q0,AP900419-0060,455,0.20506366490609407,minmaxnorm
127,Q0,AP900529-0186,456,0.20497591740984056,minmaxnorm
127,Q0,AP900305-0201,457,0.20489889841437556,minmaxnorm
127,Q0,AP901118-0009,458,0.20481374063595317,minmaxnorm
127,Q0,SJMN91-06212162,459,0.2046815995615222,minmaxnorm
127,Q0,AP900925-0115,460,0.20280175883382323,minmaxnorm
127,Q0,SJMN91-06167104,461,0.20222023898150301,minmaxnorm
127,Q0,AP900612-0091,462,0.20213683163681875,minmaxnorm
127,Q0,AP900525-0152,463,0.20200177743386608,minmaxnorm
127,Q0,SJMN91-06108145,464,0.20184665992613093,minmaxnorm
127,Q0,AP900719-0190,465,0.2017928650046195,minmaxnorm
127,Q0,AP901117-0048,466,0.20173658216880394,minmaxnorm
127,Q0,AP900524-0218,467,0.2016527175526156,minmaxnorm
127,Q0,AP901012-0190,468,0.20126690872444558,minmaxnorm
127,Q0,AP900423-0024,469,0.20124284307167523,minmaxnorm
127,Q0,AP900202-0150,470,0.20087389153135296,minmaxnorm
127,Q0,AP901019-0106,471,0.20081719933876044,minmaxnorm
127,Q0,AP901115-0014,472,0.20046843544601461,minmaxnorm
127,Q0,SJMN91-06352094,473,0.20001563071559467,minmaxnorm
127,Q0,AP900613-0041,474,0.19966661740980918,minmaxnorm
127,Q0,SJMN91-06200029,475,0.19964266969629582,minmaxnorm
127,Q0,AP900307-0193,476,0.19958100767995082,minmaxnorm
127,Q0,AP900602-0078,477,0.1992508048695142,minmaxnorm
127,Q0,SJMN91-06238112,478,0.19916808161372254,minmaxnorm
127,Q0,SJMN91-06150233,479,0.1989367230951319,minmaxnorm
127,Q0,AP900608-0099,480,0.19874150860605638,minmaxnorm
127,Q0,AP901002-0138,481,0.19868206087552526,minmaxnorm
127,Q0,AP900413-0179,482,0.19842023769257258,minmaxnorm
127,Q0,AP900222-0098,483,0.1981221988837286,minmaxnorm
127,Q0,AP900628-0130,484,0.1980054836262682,minmaxnorm
127,Q0,AP900404-0065,485,0.19743768177684023,minmaxnorm
127,Q0,AP900529-0180,486,0.1973864909950969,minmaxnorm
127,Q0,AP900410-0006,487,0.19735843877943618,minmaxnorm
127,Q0,AP900608-0097,488,0.19733731380107575,minmaxnorm
127,Q0,AP901113-0105,489,0.1970685651745459,minmaxnorm
127,Q0,SJMN91-06198181,490,0.19686836745323205,minmaxnorm
127,Q0,AP900213-0182,491,0.1968134921396437,minmaxnorm
127,Q0,AP900603-0076,492,0.19648761585411798,minmaxnorm
127,Q0,SJMN91-06031047,493,0.19616089373803924,minmaxnorm
127,Q0,AP900205-0026,494,0.19586835285936166,minmaxnorm
127,Q0,AP900801-0064,495,0.19585600702855407,minmaxnorm
127,Q0,AP900505-0105,496,0.19529662385025992,minmaxnorm
127,Q0,AP900207-0179,497,0.19493073678791112,minmaxnorm
127,Q0,AP900404-0163,498,0.1948389627789194,minmaxnorm
127,Q0,AP900322-0124,499,0.19417151914403394,minmaxnorm
127,Q0,AP900604-0106,500,0.19406075001111103,minmaxnorm
127,Q0,AP900526-0118,501,0.19392677257371452,minmaxnorm
127,Q0,SJMN91-06233053,502,0.193909408404897,minmaxnorm
127,Q0,AP900531-0048,503,0.19369482166766044,minmaxnorm
127,Q0,AP900601-0165,504,0.19363195679795334,minmaxnorm
127,Q0,AP901221-0139,505,0.19330686485751564,minmaxnorm
127,Q0,AP900503-0064,506,0.19293402842082985,minmaxnorm
127,Q0,AP900716-0132,507,0.19289257619063585,minmaxnorm
127,Q0,AP900505-0147,508,0.19282585038570205,minmaxnorm
127,Q0,AP900123-0073,509,0.19263601019226118,minmaxnorm
127,Q0,AP900710-0102,510,0.19261231254355043,minmaxnorm
127,Q0,AP900113-0028,511,0.1923272187134366,minmaxnorm
127,Q0,AP900622-0081,512,0.19229830754904012,minmaxnorm
127,Q0,AP900704-0074,513,0.19217430335230545,minmaxnorm
127,Q0,SJMN91-06357058,514,0.19190225841859465,minmaxnorm
127,Q0,AP900314-0022,515,0.19182688638671633,minmaxnorm
127,Q0,AP900412-0106,516,0.19176245552009702,minmaxnorm
127,Q0,AP900901-0119,517,0.19166285812559197,minmaxnorm
127,Q0,AP900716-0005,518,0.19161703868914187,minmaxnorm
127,Q0,AP900508-0170,519,0.19161057823337807,minmaxnorm
127,Q0,AP900709-0071,520,0.19143898163100376,minmaxnorm
127,Q0,AP900305-0202,521,0.19143499558197405,minmaxnorm
127,Q0,SJMN91-06133014,522,0.19127547776966453,minmaxnorm
127,Q0,AP900907-0104,523,0.19111510618668034,minmaxnorm
127,Q0,AP900701-0001,524,0.1909927668856489,minmaxnorm
127,Q0,AP900831-0076,525,0.19098092457563912,minmaxnorm
127,Q0,AP900901-0095,526,0.19082446129268776,minmaxnorm
127,Q0,SJMN91-06008085,527,0.1907334831382426,minmaxnorm
127,Q0,AP900115-0148,528,0.1906822449435527,minmaxnorm
127,Q0,AP900705-0095,529,0.19057935276055377,minmaxnorm
127,Q0,AP900713-0108,530,0.1905409963499151,minmaxnorm
127,Q0,AP900223-0027,531,0.19045249786871668,minmaxnorm
127,Q0,SJMN91-06213156,532,0.1904428811568283,minmaxnorm
127,Q0,AP900704-0054,533,0.19014252008861665,minmaxnorm
127,Q0,AP900211-0034,534,0.1900051081426493,minmaxnorm
127,Q0,AP900912-0075,535,0.18993635000789272,minmaxnorm
127,Q0,AP900313-0019,536,0.18966719205490418,minmaxnorm
127,Q0,AP900213-0172,537,0.18964049061070543,minmaxnorm
127,Q0,AP901128-0044,538,0.18958988038768032,minmaxnorm
127,Q0,AP900605-0024,539,0.18945178547630465,minmaxnorm
127,Q0,SJMN91-06169121,540,0.18935764038193847,minmaxnorm
127,Q0,AP900705-0020,541,0.18926762891175974,minmaxnorm
127,Q0,AP901120-0121,542,0.1890142309660916,minmaxnorm
127,Q0,AP900601-0136,543,0.188892973310209,minmaxnorm
127,Q0,AP900113-0090,544,0.18889109605115148,minmaxnorm
127,Q0,AP900213-0196,545,0.18843132694401585,minmaxnorm
127,Q0,AP900530-0142,546,0.18838692929874568,minmaxnorm
127,Q0,AP901210-0194,547,0.18833581874981623,minmaxnorm
127,Q0,SJMN91-06172234,548,0.188311688619082,minmaxnorm
127,Q0,AP900706-0117,549,0.1882084737626783,minmaxnorm
127,Q0,SJMN91-06102184,550,0.18734967903191307,minmaxnorm
127,Q0,AP901026-0127,551,0.187225104013091,minmaxnorm
127,Q0,AP900207-0140,552,0.18714528514166096,minmaxnorm
127,Q0,AP900212-0175,553,0.18714364346019177,minmaxnorm
127,Q0,AP900502-0106,554,0.18712422256870803,minmaxnorm
127,Q0,AP900530-0123,555,0.18712400508334948,minmaxnorm
127,Q0,SJMN91-06354220,556,0.18689649122386046,minmaxnorm
127,Q0,AP900214-0037,557,0.1868272520401447,minmaxnorm
127,Q0,AP900605-0113,558,0.1866887409798072,minmaxnorm
127,Q0,SJMN91-06351107,559,0.1865984897820233,minmaxnorm
127,Q0,AP900514-0181,560,0.18643554925061984,minmaxnorm
127,Q0,AP900716-0107,561,0.18614550642851274,minmaxnorm
127,Q0,AP900206-0101,562,0.18600093690100905,minmaxnorm
127,Q0,AP900807-0090,563,0.18572600108646373,minmaxnorm
127,Q0,SJMN91-06234077,564,0.18506104898932701,minmaxnorm
127,Q0,AP900706-0114,565,0.18499624353548422,minmaxnorm
127,Q0,SJMN91-06302119,566,0.18431837078096155,minmaxnorm
127,Q0,AP901206-0146,567,0.18425670414250384,minmaxnorm
127,Q0,AP900601-0161,568,0.1841177800355255,minmaxnorm
127,Q0,AP900512-0142,569,0.1839077995770167,minmaxnorm
127,Q0,AP900523-0120,570,0.18323629835038513,minmaxnorm
127,Q0,AP900106-0080,571,0.18309917227150374,minmaxnorm
127,Q0,AP900707-0003,572,0.18306034362676346,minmaxnorm
127,Q0,AP900607-0049,573,0.18236590478702147,minmaxnorm
127,Q0,SJMN91-06344070,574,0.18232764119491493,minmaxnorm
127,Q0,AP900607-0072,575,0.18161027315172115,minmaxnorm
127,Q0,AP901015-0098,576,0.1811852088089101,minmaxnorm
127,Q0,SJMN91-06344199,577,0.18038723835758047,minmaxnorm
127,Q0,AP900503-0051,578,0.1803005041318467,minmaxnorm
127,Q0,AP900524-0067,579,0.1799998603074256,minmaxnorm
127,Q0,AP900215-0007,580,0.17930410310325307,minmaxnorm
127,Q0,SJMN91-06324066,581,0.17907911684124872,minmaxnorm
127,Q0,SJMN91-06352177,582,0.17903322436978125,minmaxnorm
127,Q0,SJMN91-06351152,583,0.178777891949012,minmaxnorm
127,Q0,AP900706-0066,584,0.17827712574664742,minmaxnorm
127,Q0,SJMN91-06191177,585,0.17816258002267704,minmaxnorm
127,Q0,AP900718-0023,586,0.1774931916832626,minmaxnorm
127,Q0,SJMN91-06027103,587,0.17739206991759465,minmaxnorm
127,Q0,AP900907-0130,588,0.17639065611197985,minmaxnorm
127,Q0,AP900107-0031,589,0.17604383136833165,minmaxnorm
127,Q0,AP900116-0125,590,0.17599125637535828,minmaxnorm
127,Q0,AP900327-0140,591,0.17582379838237303,minmaxnorm
127,Q0,AP901003-0053,592,0.175659336338779,minmaxnorm
127,Q0,SJMN91-06095085,593,0.17539347527675067,minmaxnorm
127,Q0,AP900116-0143,594,0.17492644760683806,minmaxnorm
127,Q0,AP901103-0041,595,0.17409212991927062,minmaxnorm
127,Q0,AP900917-0095,596,0.17403612511465882,minmaxnorm
127,Q0,AP900614-0152,597,0.17367143000582,minmaxnorm
127,Q0,AP900205-0129,598,0.17340516002471398,minmaxnorm
127,Q0,SJMN91-06110082,599,0.1733207036244973,minmaxnorm
127,Q0,AP900910-0068,600,0.17327347117044523,minmaxnorm
127,Q0,AP900707-0005,601,0.1731813564659682,minmaxnorm
127,Q0,AP900504-0135,602,0.17316848648176886,minmaxnorm
127,Q0,AP900721-0070,603,0.172901893839026,minmaxnorm
127,Q0,AP900221-0037,604,0.17272433225552114,minmaxnorm
127,Q0,AP900516-0172,605,0.17196297240388977,minmaxnorm
127,Q0,AP900630-0141,606,0.1714716453684764,minmaxnorm
127,Q0,AP901118-0079,607,0.17135003367957258,minmaxnorm
127,Q0,AP900525-0136,608,0.17097128124186936,minmaxnorm
127,Q0,AP900504-0033,609,0.17091949973871726,minmaxnorm
127,Q0,SJMN91-06134035,610,0.17074842860096406,minmaxnorm
127,Q0,SJMN91-06170221,611,0.1706438618934563,minmaxnorm
127,Q0,AP900210-0023,612,0.1704944300632485,minmaxnorm
127,Q0,AP900725-0140,613,0.17049308794747392,minmaxnorm
127,Q0,AP900214-0201,614,0.1701433298308517,minmaxnorm
127,Q0,AP900201-0228,615,0.16999400102112175,minmaxnorm
127,Q0,SJMN91-06232050,616,0.16987627636758415,minmaxnorm
127,Q0,AP900703-0123,617,0.16978068256470222,minmaxnorm
127,Q0,AP900422-0040,618,0.1695381219896979,minmaxnorm
127,Q0,AP900418-0206,619,0.16940106902704663,minmaxnorm
127,Q0,AP900916-0009,620,0.16830016789891122,minmaxnorm
127,Q0,SJMN91-06150253,621,0.1681401495579672,minmaxnorm
127,Q0,SJMN91-06361169,622,0.16774006270776237,minmaxnorm
127,Q0,AP900731-0184,623,0.16747901347328156,minmaxnorm
127,Q0,AP900206-0083,624,0.16745285434741075,minmaxnorm
127,Q0,AP900716-0077,625,0.16717048321490166,minmaxnorm
127,Q0,AP900601-0087,626,0.16709593503067893,minmaxnorm
127,Q0,SJMN91-06351114,627,0.16684715711374545,minmaxnorm
127,Q0,AP900113-0063,628,0.16623342324772514,minmaxnorm
127,Q0,AP900104-0174,629,0.16599889529906298,minmaxnorm
127,Q0,AP900426-0083,630,0.165967359413556,minmaxnorm
127,Q0,AP900201-0097,631,0.1657781172466285,minmaxnorm
127,Q0,AP900613-0064,632,0.16559927511335223,minmaxnorm
127,Q0,AP900208-0142,633,0.16548938695138304,minmaxnorm
127,Q0,SJMN91-06352108,634,0.1641281009962391,minmaxnorm
127,Q0,SJMN91-06239158,635,0.16412499722001644,minmaxnorm
127,Q0,SJMN91-06128184,636,0.1638675040278517,minmaxnorm
127,Q0,SJMN91-06029082,637,0.16374402398086993,minmaxnorm
127,Q0,AP900627-0085,638,0.1637368750467348,minmaxnorm
127,Q0,AP900530-0133,639,0.16329449398232948,minmaxnorm
127,Q0,AP900730-0004,640,0.16325330181571626,minmaxnorm
127,Q0,AP900704-0086,641,0.1627146554201536,minmaxnorm
127,Q0,AP900706-0102,642,0.16250382436119296,minmaxnorm
127,Q0,AP900129-0136,643,0.1624196292578829,minmaxnorm
127,Q0,AP900501-0164,644,0.16222185628262903,minmaxnorm
127,Q0,AP900426-0191,645,0.16207240754686744,minmaxnorm
127,Q0,AP900512-0109,646,0.16174835756193806,minmaxnorm
127,Q0,AP900523-0093,647,0.16159799621899598,minmaxnorm
127,Q0,AP900622-0087,648,0.161465007110329,minmaxnorm
127,Q0,AP901129-0035,649,0.16141507452897844,minmaxnorm
127,Q0,SJMN91-06233067,650,0.16127896993404495,minmaxnorm
127,Q0,AP900418-0093,651,0.16109341890092832,minmaxnorm
127,Q0,AP900623-0016,652,0.16051842878635914,minmaxnorm
127,Q0,AP900526-0082,653,0.16049190473716204,minmaxnorm
127,Q0,AP900906-0130,654,0.160351115961065,minmaxnorm
127,Q0,SJMN91-06344148,655,0.15994627883857676,minmaxnorm
127,Q0,AP900117-0061,656,0.15989849561349992,minmaxnorm
127,Q0,SJMN91-06359167,657,0.1595389474930829,minmaxnorm
127,Q0,SJMN91-06279081,658,0.15930050229263118,minmaxnorm
127,Q0,AP900524-0113,659,0.1590746998396794,minmaxnorm
127,Q0,AP900802-0146,660,0.1588060081224214,minmaxnorm
127,Q0,AP900706-0060,661,0.15865927404144314,minmaxnorm
127,Q0,AP900503-0182,662,0.1583608525539512,minmaxnorm
127,Q0,AP900830-0143,663,0.1581942152963937,minmaxnorm
127,Q0,SJMN91-06189001,664,0.15817460581545523,minmaxnorm
127,Q0,AP900130-0056,665,0.15815868538432104,minmaxnorm
127,Q0,AP900308-0225,666,0.15740913140925678,minmaxnorm
127,Q0,SJMN91-06158209,667,0.1573836915085313,minmaxnorm
127,Q0,SJMN91-06151199,668,0.15649890158579807,minmaxnorm
127,Q0,SJMN91-06192088,669,0.15617910422962297,minmaxnorm
127,Q0,AP900214-0113,670,0.15589250983951944,minmaxnorm
127,Q0,AP900802-0145,671,0.15553437275957807,minmaxnorm
127,Q0,SJMN91-06015140,672,0.1549661233936265,minmaxnorm
127,Q0,SJMN91-06326043,673,0.15459678363141593,minmaxnorm
127,Q0,AP900522-0078,674,0.15401079261471826,minmaxnorm
127,Q0,AP900503-0164,675,0.15392840431325816,minmaxnorm
127,Q0,SJMN91-06045254,676,0.1536961628197814,minmaxnorm
127,Q0,AP900914-0172,677,0.15298598561982404,minmaxnorm
127,Q0,SJMN91-06064016,678,0.15289763134448317,minmaxnorm
127,Q0,AP900702-0144,679,0.15256523597689092,minmaxnorm
127,Q0,SJMN91-06232089,680,0.1524737712164062,minmaxnorm
127,Q0,AP900406-0017,681,0.15227170661195927,minmaxnorm
127,Q0,AP901119-0153,682,0.15153083006118997,minmaxnorm
127,Q0,SJMN91-06014082,683,0.15152466503317072,minmaxnorm
127,Q0,AP900414-0060,684,0.15131077707551915,minmaxnorm
127,Q0,AP900129-0086,685,0.15076664365451056,minmaxnorm
127,Q0,AP900201-0220,686,0.1505848323209628,minmaxnorm
127,Q0,AP900108-0149,687,0.150479901781281,minmaxnorm
127,Q0,AP900503-0098,688,0.15046762506437641,minmaxnorm
127,Q0,AP901004-0168,689,0.15043148813720286,minmaxnorm
127,Q0,AP900905-0003,690,0.1504183120200936,minmaxnorm
127,Q0,AP901121-0076,691,0.14977820148388737,minmaxnorm
127,Q0,AP900915-0079,692,0.14972014036748071,minmaxnorm
127,Q0,SJMN91-06279045,693,0.14937250648846206,minmaxnorm
127,Q0,SJMN91-06009158,694,0.14916418502029832,minmaxnorm
127,Q0,AP900528-0013,695,0.14913951315026788,minmaxnorm
127,Q0,AP900501-0172,696,0.14911882743745708,minmaxnorm
127,Q0,SJMN91-06351177,697,0.14868850462601665,minmaxnorm
127,Q0,AP901119-0012,698,0.1486119003602643,minmaxnorm
127,Q0,SJMN91-06151235,699,0.14835159704791218,minmaxnorm
127,Q0,AP900124-0026,700,0.14772685578302272,minmaxnorm
127,Q0,AP900717-0047,701,0.14765486863300348,minmaxnorm
127,Q0,AP900910-0012,702,0.14714910819086335,minmaxnorm
127,Q0,AP900102-0008,703,0.14705516916757977,minmaxnorm
127,Q0,AP900307-0092,704,0.1466113182980242,minmaxnorm
127,Q0,AP900321-0024,705,0.14645177611495033,minmaxnorm
127,Q0,SJMN91-06243147,706,0.14572733147987033,minmaxnorm
127,Q0,SJMN91-06174009,707,0.14519466863852837,minmaxnorm
127,Q0,AP901005-0091,708,0.14488094637871346,minmaxnorm
127,Q0,AP900331-0069,709,0.1444818436077675,minmaxnorm
127,Q0,SJMN91-06313201,710,0.14446895944790542,minmaxnorm
127,Q0,AP900126-0089,711,0.14293169153363694,minmaxnorm
127,Q0,SJMN91-06014062,712,0.14256938706836292,minmaxnorm
127,Q0,AP900908-0080,713,0.1423687483441939,minmaxnorm
127,Q0,SJMN91-06293055,714,0.14170603195336795,minmaxnorm
127,Q0,AP900909-0060,715,0.14165485073065756,minmaxnorm
127,Q0,AP900612-0133,716,0.1415213831578255,minmaxnorm
127,Q0,SJMN91-06232043,717,0.14135306683468735,minmaxnorm
127,Q0,AP900712-0083,718,0.14086879299240332,minmaxnorm
127,Q0,AP901122-0019,719,0.14071709810175537,minmaxnorm
127,Q0,AP900818-0039,720,0.1401015410232747,minmaxnorm
127,Q0,AP900523-0212,721,0.1399379582723271,minmaxnorm
127,Q0,AP900308-0227,722,0.13985417923805482,minmaxnorm
127,Q0,AP900503-0074,723,0.13983128340744372,minmaxnorm
127,Q0,AP901028-0049,724,0.1381600877102118,minmaxnorm
127,Q0,AP900912-0117,725,0.1377055033055305,minmaxnorm
127,Q0,AP900714-0115,726,0.13717777926534666,minmaxnorm
127,Q0,SJMN91-06293069,727,0.13709081029744233,minmaxnorm
127,Q0,AP901023-0168,728,0.13707523479631586,minmaxnorm
127,Q0,AP900703-0095,729,0.1368158311035597,minmaxnorm
127,Q0,AP900507-0062,730,0.1367405858512188,minmaxnorm
127,Q0,AP900524-0077,731,0.13623549092143253,minmaxnorm
127,Q0,SJMN91-06200030,732,0.13615603452033384,minmaxnorm
127,Q0,AP900523-0185,733,0.13590666639147944,minmaxnorm
127,Q0,SJMN91-06345192,734,0.13583651838918348,minmaxnorm
127,Q0,AP900328-0077,735,0.13515577087790492,minmaxnorm
127,Q0,SJMN91-06207172,736,0.13494786629044558,minmaxnorm
127,Q0,AP900609-0006,737,0.13466900216859887,minmaxnorm
127,Q0,SJMN91-06092029,738,0.13445291321373362,minmaxnorm
127,Q0,AP900504-0131,739,0.1342869395270989,minmaxnorm
127,Q0,AP900731-0191,740,0.13398397298889084,minmaxnorm
127,Q0,SJMN91-06156174,741,0.13390475669363658,minmaxnorm
127,Q0,AP901109-0121,742,0.13361260301595376,minmaxnorm
127,Q0,SJMN91-06164008,743,0.13359862604679942,minmaxnorm
127,Q0,SJMN91-06194263,744,0.13354082998774547,minmaxnorm
127,Q0,SJMN91-06074160,745,0.13347747082858263,minmaxnorm
127,Q0,SJMN91-06059152,746,0.13339260142363257,minmaxnorm
127,Q0,AP900716-0123,747,0.13335816259728958,minmaxnorm
127,Q0,AP900214-0093,748,0.1332694063423042,minmaxnorm
127,Q0,SJMN91-06294066,749,0.1330616902364225,minmaxnorm
127,Q0,SJMN91-06118048,750,0.13305994849212502,minmaxnorm
127,Q0,SJMN91-06077133,751,0.13304372242474627,minmaxnorm
127,Q0,AP900413-0074,752,0.1328963069731611,minmaxnorm
127,Q0,SJMN91-06059199,753,0.13265976236901855,minmaxnorm
127,Q0,AP900405-0150,754,0.13263998208544667,minmaxnorm
127,Q0,AP901001-0066,755,0.13252105892434896,minmaxnorm
127,Q0,AP900330-0022,756,0.13238896927608365,minmaxnorm
127,Q0,AP901004-0137,757,0.13238401926453097,minmaxnorm
127,Q0,AP901029-0019,758,0.13204069340536106,minmaxnorm
127,Q0,AP901029-0148,759,0.1320249163545251,minmaxnorm
127,Q0,SJMN91-06044138,760,0.1318044733369211,minmaxnorm
127,Q0,AP900706-0171,761,0.13178872191155339,minmaxnorm
127,Q0,SJMN91-06044123,762,0.13175486279400925,minmaxnorm
127,Q0,AP900825-0068,763,0.13112194955802575,minmaxnorm
127,Q0,AP900804-0151,764,0.13104540711691728,minmaxnorm
127,Q0,AP900622-0149,765,0.131001254623785,minmaxnorm
127,Q0,SJMN91-06059124,766,0.13089535742332334,minmaxnorm
127,Q0,SJMN91-06030152,767,0.13058396897117516,minmaxnorm
127,Q0,SJMN91-06356019,768,0.12972376756651907,minmaxnorm
127,Q0,SJMN91-06212133,769,0.12968700191859323,minmaxnorm
127,Q0,AP900711-0136,770,0.12948581095720277,minmaxnorm
127,Q0,AP901228-0008,771,0.12944833118787485,minmaxnorm
127,Q0,AP901004-0118,772,0.12741629079663236,minmaxnorm
127,Q0,AP901031-0052,773,0.1268450553060989,minmaxnorm
127,Q0,AP900210-0022,774,0.12684424458345833,minmaxnorm
127,Q0,AP900212-0034,775,0.1264030668158879,minmaxnorm
127,Q0,SJMN91-06152186,776,0.12574091595051004,minmaxnorm
127,Q0,AP900424-0172,777,0.12553835203196598,minmaxnorm
127,Q0,AP900927-0015,778,0.12527770480205846,minmaxnorm
127,Q0,SJMN91-06273047,779,0.12504586513056304,minmaxnorm
127,Q0,AP900130-0125,780,0.12495734740361587,minmaxnorm
127,Q0,AP900209-0035,781,0.12441748420810203,minmaxnorm
127,Q0,AP900705-0142,782,0.12403723432667378,minmaxnorm
127,Q0,AP900612-0072,783,0.12343021475864463,minmaxnorm
127,Q0,AP900912-0070,784,0.12318786233048105,minmaxnorm
127,Q0,AP900408-0020,785,0.12311298196986563,minmaxnorm
127,Q0,AP901119-0070,786,0.12305731778843845,minmaxnorm
127,Q0,AP900410-0104,787,0.12302280357833648,minmaxnorm
127,Q0,AP900602-0067,788,0.12282010485226078,minmaxnorm
127,Q0,AP901015-0034,789,0.12276843769897369,minmaxnorm
127,Q0,SJMN91-06233190,790,0.1226420316544941,minmaxnorm
127,Q0,AP900214-0102,791,0.12182770503890178,minmaxnorm
127,Q0,AP900607-0160,792,0.12164233759074682,minmaxnorm
127,Q0,AP900328-0123,793,0.1214764918333536,minmaxnorm
127,Q0,AP900706-0076,794,0.12144141371413916,minmaxnorm
127,Q0,AP901212-0120,795,0.12092788334274504,minmaxnorm
127,Q0,SJMN91-06232124,796,0.12047884761555501,minmaxnorm
127,Q0,SJMN91-06346049,797,0.12032402008699133,minmaxnorm
127,Q0,SJMN91-06232140,798,0.11994630742698761,minmaxnorm
127,Q0,SJMN91-06351132,799,0.11991544683354625,minmaxnorm
127,Q0,AP900604-0031,800,0.11985699217134532,minmaxnorm
127,Q0,SJMN91-06035214,801,0.11940945928020977,minmaxnorm
127,Q0,AP900503-0087,802,0.11935411534946799,minmaxnorm
127,Q0,SJMN91-06242153,803,0.11927249460694654,minmaxnorm
127,Q0,AP900602-0005,804,0.11911547286006269,minmaxnorm
127,Q0,SJMN91-06198256,805,0.1189208031576791,minmaxnorm
127,Q0,AP900605-0154,806,0.11876767783965304,minmaxnorm
127,Q0,AP900908-0124,807,0.11860318741787153,minmaxnorm
127,Q0,AP901102-0068,808,0.11839762120927955,minmaxnorm
127,Q0,AP900603-0074,809,0.11821035925500943,minmaxnorm
127,Q0,AP900212-0052,810,0.11808354480492578,minmaxnorm
127,Q0,SJMN91-06001095,811,0.11799556859594333,minmaxnorm
127,Q0,SJMN91-06089110,812,0.11730345951010498,minmaxnorm
127,Q0,SJMN91-06265022,813,0.11696230554485754,minmaxnorm
127,Q0,SJMN91-06280009,814,0.11666611805552407,minmaxnorm
127,Q0,SJMN91-06301186,815,0.11661956390938466,minmaxnorm
127,Q0,AP900329-0146,816,0.11658952051865519,minmaxnorm
127,Q0,AP901015-0027,817,0.11639535678086377,minmaxnorm
127,Q0,SJMN91-06213061,818,0.11613422314283643,minmaxnorm
127,Q0,SJMN91-06233029,819,0.1157319122382154,minmaxnorm
127,Q0,SJMN91-06347247,820,0.11568951379391415,minmaxnorm
127,Q0,SJMN91-06198134,821,0.11539691219480036,minmaxnorm
127,Q0,SJMN91-06304232,822,0.1152624971645516,minmaxnorm
127,Q0,AP901208-0082,823,0.11513512846518892,minmaxnorm
127,Q0,AP900213-0152,824,0.11474077689812184,minmaxnorm
127,Q0,AP900129-0173,825,0.11450344359971092,minmaxnorm
127,Q0,SJMN91-06348177,826,0.11440505336588613,minmaxnorm
127,Q0,SJMN91-06233043,827,0.11435997251706372,minmaxnorm
127,Q0,AP901109-0125,828,0.11412558067197698,minmaxnorm
127,Q0,AP900709-0083,829,0.11403773213815178,minmaxnorm
127,Q0,AP900706-0118,830,0.11388585942309558,minmaxnorm
127,Q0,SJMN91-06111151,831,0.11358174136299515,minmaxnorm
127,Q0,SJMN91-06232097,832,0.11351357022459949,minmaxnorm
127,Q0,AP900131-0128,833,0.11340857307022094,minmaxnorm
127,Q0,SJMN91-06263187,834,0.11297395660757552,minmaxnorm
127,Q0,AP900208-0170,835,0.11274906313886666,minmaxnorm
127,Q0,AP900210-0045,836,0.11266323010470876,minmaxnorm
127,Q0,SJMN91-06200252,837,0.11219898493435168,minmaxnorm
127,Q0,SJMN91-06156036,838,0.11216941891421332,minmaxnorm
127,Q0,AP900823-0120,839,0.11210925952223921,minmaxnorm
127,Q0,AP901117-0124,840,0.11196294252941945,minmaxnorm
127,Q0,SJMN91-06312055,841,0.11189397993617642,minmaxnorm
127,Q0,AP900801-0193,842,0.11152362067510214,minmaxnorm
127,Q0,AP901015-0060,843,0.11139563261709519,minmaxnorm
127,Q0,AP900910-0021,844,0.11108972107795675,minmaxnorm
127,Q0,AP900214-0133,845,0.110884229249624,minmaxnorm
127,Q0,AP900706-0039,846,0.11085824475702513,minmaxnorm
127,Q0,SJMN91-06149151,847,0.11080413875430685,minmaxnorm
127,Q0,AP900314-0049,848,0.11068267903220476,minmaxnorm
127,Q0,SJMN91-06189017,849,0.11067928451514036,minmaxnorm
127,Q0,AP900329-0129,850,0.1106703456536111,minmaxnorm
127,Q0,AP901001-0098,851,0.11028125229564151,minmaxnorm
127,Q0,SJMN91-06095077,852,0.10968837765848945,minmaxnorm
127,Q0,AP900614-0093,853,0.10901255202394547,minmaxnorm
127,Q0,AP900402-0162,854,0.10854980518991528,minmaxnorm
127,Q0,SJMN91-06347261,855,0.10839221725167794,minmaxnorm
127,Q0,AP901126-0189,856,0.10779514359529839,minmaxnorm
127,Q0,AP900517-0125,857,0.1069449806188822,minmaxnorm
127,Q0,AP900716-0115,858,0.1068300326854389,minmaxnorm
127,Q0,SJMN91-06345215,859,0.10680347515971192,minmaxnorm
127,Q0,SJMN91-06232116,860,0.10653600133393037,minmaxnorm
127,Q0,SJMN91-06327161,861,0.10627675310271026,minmaxnorm
127,Q0,AP900208-0085,862,0.10600626507831754,minmaxnorm
127,Q0,AP900908-0105,863,0.10592238103290043,minmaxnorm
127,Q0,AP900301-0101,864,0.10505302426722207,minmaxnorm
127,Q0,AP900404-0142,865,0.1044626504218755,minmaxnorm
127,Q0,AP900404-0176,866,0.10430670494155496,minmaxnorm
127,Q0,AP900404-0147,867,0.10406878017095779,minmaxnorm
127,Q0,AP900531-0027,868,0.10405708233445461,minmaxnorm
127,Q0,AP900715-0026,869,0.10399872938047905,minmaxnorm
127,Q0,AP901210-0120,870,0.10389306639563421,minmaxnorm
127,Q0,SJMN91-06248004,871,0.10333590741264984,minmaxnorm
127,Q0,AP900525-0179,872,0.1033158035485477,minmaxnorm
127,Q0,SJMN91-06032040,873,0.1032970341870805,minmaxnorm
127,Q0,AP900621-0158,874,0.10326984205133297,minmaxnorm
127,Q0,SJMN91-06327164,875,0.10318399175166953,minmaxnorm
127,Q0,AP900613-0114,876,0.10310075382738934,minmaxnorm
127,Q0,AP900602-0119,877,0.10299117319100273,minmaxnorm
127,Q0,AP900901-0098,878,0.10249525840604712,minmaxnorm
127,Q0,SJMN91-06167045,879,0.10237617149467848,minmaxnorm
127,Q0,AP901118-0039,880,0.10234401500930664,minmaxnorm
127,Q0,AP900130-0033,881,0.10228622254181306,minmaxnorm
127,Q0,AP900503-0192,882,0.10218059304659319,minmaxnorm
127,Q0,AP900524-0032,883,0.10202586044846437,minmaxnorm
127,Q0,SJMN91-06259011,884,0.10187052242665434,minmaxnorm
127,Q0,SJMN91-06275168,885,0.10119396452466006,minmaxnorm
127,Q0,AP900713-0079,886,0.10077946166960686,minmaxnorm
127,Q0,AP900201-0136,887,0.10076609751626107,minmaxnorm
127,Q0,AP900801-0087,888,0.1005783309627475,minmaxnorm
127,Q0,SJMN91-06199202,889,0.10029536585818304,minmaxnorm
127,Q0,SJMN91-06233167,890,0.10029031548440877,minmaxnorm
127,Q0,SJMN91-06152127,891,0.10024416763063188,minmaxnorm
127,Q0,AP900801-0138,892,0.10014633682498436,minmaxnorm
127,Q0,SJMN91-06237095,893,0.09999177795980363,minmaxnorm
127,Q0,SJMN91-06065102,894,0.09977798529581297,minmaxnorm
127,Q0,SJMN91-06216130,895,0.09958563486328384,minmaxnorm
127,Q0,AP901119-0193,896,0.09935878259079574,minmaxnorm
127,Q0,AP900621-0075,897,0.0992781439624297,minmaxnorm
127,Q0,SJMN91-06088156,898,0.09898866855101184,minmaxnorm
127,Q0,AP901203-0059,899,0.09890203374618418,minmaxnorm
127,Q0,AP901115-0155,900,0.0987335900746057,minmaxnorm
127,Q0,SJMN91-06166277,901,0.09797035522071075,minmaxnorm
127,Q0,AP901127-0094,902,0.09778394636544242,minmaxnorm
127,Q0,SJMN91-06144020,903,0.09772015607742028,minmaxnorm
127,Q0,SJMN91-06110208,904,0.09717798023465413,minmaxnorm
127,Q0,AP900413-0043,905,0.0970999464044698,minmaxnorm
127,Q0,AP900407-0145,906,0.09709022128846113,minmaxnorm
127,Q0,SJMN91-06046015,907,0.0969735645473358,minmaxnorm
127,Q0,SJMN91-06088076,908,0.09695088671386388,minmaxnorm
127,Q0,AP900804-0038,909,0.0969428585916162,minmaxnorm
127,Q0,AP900221-0109,910,0.09693200787828207,minmaxnorm
127,Q0,AP900702-0061,911,0.09690713573340692,minmaxnorm
127,Q0,AP900402-0021,912,0.09681263536454657,minmaxnorm
127,Q0,AP900609-0138,913,0.09662387728948688,minmaxnorm
127,Q0,AP900601-0128,914,0.09650240777749226,minmaxnorm
127,Q0,AP900607-0106,915,0.09611362831304754,minmaxnorm
127,Q0,SJMN91-06232069,916,0.0958060658619131,minmaxnorm
127,Q0,AP900116-0066,917,0.09567790822506157,minmaxnorm
127,Q0,AP900725-0076,918,0.09562495811251648,minmaxnorm
127,Q0,AP900804-0009,919,0.09561339054529451,minmaxnorm
127,Q0,AP900123-0127,920,0.09525185267110818,minmaxnorm
127,Q0,AP900628-0135,921,0.09484697688289487,minmaxnorm
127,Q0,SJMN91-06161253,922,0.09477541131127694,minmaxnorm
127,Q0,AP900523-0214,923,0.09410586499007262,minmaxnorm
127,Q0,AP900605-0068,924,0.0940954963075869,minmaxnorm
127,Q0,SJMN91-06074233,925,0.0937902897298743,minmaxnorm
127,Q0,AP900222-0158,926,0.09349681472521011,minmaxnorm
127,Q0,SJMN91-06364012,927,0.09315997552633143,minmaxnorm
127,Q0,AP901220-0081,928,0.0930784658764477,minmaxnorm
127,Q0,AP900206-0138,929,0.09288672945152986,minmaxnorm
127,Q0,AP900530-0093,930,0.092873796786108,minmaxnorm
127,Q0,SJMN91-06117049,931,0.09270701403804259,minmaxnorm
127,Q0,AP900802-0133,932,0.09253334054583755,minmaxnorm
127,Q0,AP900528-0076,933,0.09247895720295422,minmaxnorm
127,Q0,AP900907-0181,934,0.0924501483713714,minmaxnorm
127,Q0,SJMN91-06345001,935,0.09244543233536304,minmaxnorm
127,Q0,SJMN91-06163140,936,0.09242739998854002,minmaxnorm
127,Q0,SJMN91-06031213,937,0.09237517316449853,minmaxnorm
127,Q0,AP900603-0022,938,0.09215990460068435,minmaxnorm
127,Q0,SJMN91-06275187,939,0.09200748390443306,minmaxnorm
127,Q0,SJMN91-06348279,940,0.0919020055679996,minmaxnorm
127,Q0,AP900505-0091,941,0.0917265772258157,minmaxnorm
127,Q0,AP900208-0168,942,0.09161989281456301,minmaxnorm
127,Q0,SJMN91-06199182,943,0.09144465455627547,minmaxnorm
127,Q0,SJMN91-06189041,944,0.09053048771075096,minmaxnorm
127,Q0,SJMN91-06274024,945,0.09026064388063262,minmaxnorm
127,Q0,SJMN91-06145065,946,0.08947818791426879,minmaxnorm
127,Q0,SJMN91-06182128,947,0.08890946488087956,minmaxnorm
127,Q0,AP900606-0002,948,0.08865144368701555,minmaxnorm
127,Q0,SJMN91-06110062,949,0.08862865883002112,minmaxnorm
127,Q0,AP900214-0036,950,0.08861300948921738,minmaxnorm
127,Q0,AP900210-0135,951,0.08827339831148048,minmaxnorm
127,Q0,SJMN91-06345059,952,0.08825614063378644,minmaxnorm
127,Q0,AP900619-0103,953,0.08820211274037396,minmaxnorm
127,Q0,AP900912-0025,954,0.08801533861320289,minmaxnorm
127,Q0,AP900608-0192,955,0.08781769627669127,minmaxnorm
127,Q0,SJMN91-06146085,956,0.08762821973792582,minmaxnorm
127,Q0,AP900527-0070,957,0.08746793003629931,minmaxnorm
127,Q0,SJMN91-06037199,958,0.0873472997736516,minmaxnorm
127,Q0,AP901203-0176,959,0.08701525995260125,minmaxnorm
127,Q0,SJMN91-06128064,960,0.08696184800611279,minmaxnorm
127,Q0,AP901025-0020,961,0.08688202533098696,minmaxnorm
127,Q0,AP900622-0121,962,0.08686200461521565,minmaxnorm
127,Q0,AP900215-0195,963,0.08679536584898678,minmaxnorm
127,Q0,AP901227-0071,964,0.08672913647766176,minmaxnorm
127,Q0,AP900613-0092,965,0.08657788610203435,minmaxnorm
127,Q0,AP900222-0171,966,0.08643178264725394,minmaxnorm
127,Q0,AP900714-0060,967,0.086363244264495,minmaxnorm
127,Q0,AP900329-0070,968,0.08627111705296478,minmaxnorm
127,Q0,AP900719-0009,969,0.08616643517894423,minmaxnorm
127,Q0,AP900706-0123,970,0.08578019855736599,minmaxnorm
127,Q0,AP900604-0023,971,0.08560684283821317,minmaxnorm
127,Q0,AP900127-0014,972,0.08543359846464223,minmaxnorm
127,Q0,SJMN91-06312172,973,0.08529059649333352,minmaxnorm
127,Q0,SJMN91-06031261,974,0.0851135351953995,minmaxnorm
127,Q0,AP901012-0018,975,0.08472268758791303,minmaxnorm
127,Q0,SJMN91-06030153,976,0.08468089619519953,minmaxnorm
127,Q0,ZF32-246-365,977,0.08429374855413407,minmaxnorm
127,Q0,SJMN91-06118047,978,0.08416329223083663,minmaxnorm
127,Q0,SJMN91-06134146,979,0.08405759853166536,minmaxnorm
127,Q0,SJMN91-06172125,980,0.08375364608874168,minmaxnorm
127,Q0,AP900403-0101,981,0.08346345661558704,minmaxnorm
127,Q0,AP901121-0234,982,0.08337035775531443,minmaxnorm
127,Q0,SJMN91-06298251,983,0.08325530988891362,minmaxnorm
127,Q0,AP900623-0034,984,0.08316395443619182,minmaxnorm
127,Q0,AP901213-0002,985,0.08264154676982824,minmaxnorm
127,Q0,AP901211-0151,986,0.08228591575333945,minmaxnorm
127,Q0,SJMN91-06330063,987,0.08215926058785603,minmaxnorm
127,Q0,SJMN91-06346191,988,0.08213627911323694,minmaxnorm
127,Q0,SJMN91-06140163,989,0.081842495790443,minmaxnorm
127,Q0,AP901112-0151,990,0.08162971282466507,minmaxnorm
127,Q0,AP900405-0086,991,0.08126063030615244,minmaxnorm
127,Q0,AP900518-0011,992,0.08107466750033884,minmaxnorm
127,Q0,AP900903-0128,993,0.08106688065405415,minmaxnorm
127,Q0,AP900607-0040,994,0.08080456374330944,minmaxnorm
127,Q0,SJMN91-06337032,995,0.08078304800146886,minmaxnorm
127,Q0,SJMN91-06153040,996,0.08070021573606419,minmaxnorm
127,Q0,AP900502-0158,997,0.08058290623186498,minmaxnorm
127,Q0,AP900903-0030,998,0.08037090073664599,minmaxnorm
127,Q0,SJMN91-06234064,999,0.0802683312243146,minmaxnorm
127,Q0,SJMN91-06339117,1000,0.08024391462425513,minmaxnorm
131,Q0,AP900904-0119,1,0.4804661656541791,minmaxnorm
131,Q0,AP900202-0261,2,0.4290881736544352,minmaxnorm
131,Q0,SJMN91-06083148,3,0.3804319607279214,minmaxnorm
131,Q0,AP900829-0151,4,0.379018202239719,minmaxnorm
131,Q0,AP900503-0286,5,0.377599840703622,minmaxnorm
131,Q0,AP900907-0127,6,0.3741826121712092,minmaxnorm
131,Q0,AP900620-0237,7,0.37337008823546053,minmaxnorm
131,Q0,AP900621-0232,8,0.37309464266284825,minmaxnorm
131,Q0,SJMN91-06089031,9,0.37232577518840954,minmaxnorm
131,Q0,SJMN91-06111187,10,0.3598878935407646,minmaxnorm
131,Q0,AP900515-0153,11,0.3579286473703734,minmaxnorm
131,Q0,AP900623-0046,12,0.35289875136576565,minmaxnorm
131,Q0,SJMN91-06311036,13,0.3521735172768652,minmaxnorm
131,Q0,SJMN91-06123023,14,0.34616784423549074,minmaxnorm
131,Q0,AP900929-0117,15,0.342996848186927,minmaxnorm
131,Q0,AP901001-0174,16,0.34099494052741014,minmaxnorm
131,Q0,SJMN91-06114216,17,0.3409227133271562,minmaxnorm
131,Q0,ZF310-764-787,18,0.3405342259375454,minmaxnorm
131,Q0,AP900405-0161,19,0.335041307106225,minmaxnorm
131,Q0,AP901006-0015,20,0.3350202127272033,minmaxnorm
131,Q0,AP900126-0259,21,0.33391339393944414,minmaxnorm
131,Q0,SJMN91-06326036,22,0.3321537025295299,minmaxnorm
131,Q0,AP900807-0144,23,0.3310030048211791,minmaxnorm
131,Q0,SJMN91-06008128,24,0.3278661008226503,minmaxnorm
131,Q0,SJMN91-06008156,25,0.327316767801935,minmaxnorm
131,Q0,AP900817-0123,26,0.326263939469162,minmaxnorm
131,Q0,AP901130-0180,27,0.32524816887924474,minmaxnorm
131,Q0,AP900829-0230,28,0.3248002751698142,minmaxnorm
131,Q0,AP900927-0011,29,0.32437311923577783,minmaxnorm
131,Q0,AP901213-0239,30,0.32192804380081713,minmaxnorm
131,Q0,AP901207-0196,31,0.32167528963991115,minmaxnorm
131,Q0,SJMN91-06240037,32,0.32093312137157687,minmaxnorm
131,Q0,SJMN91-06115083,33,0.31981468231751636,minmaxnorm
131,Q0,AP900704-0136,34,0.31854000328725396,minmaxnorm
131,Q0,AP900221-0307,35,0.31365775993709605,minmaxnorm
131,Q0,SJMN91-06278189,36,0.3124043053474638,minmaxnorm
131,Q0,SJMN91-06260128,37,0.311201012803925,minmaxnorm
131,Q0,AP901217-0088,38,0.3110083418377416,minmaxnorm
131,Q0,AP900920-0103,39,0.31007097749637386,minmaxnorm
131,Q0,AP900420-0283,40,0.3097346009935384,minmaxnorm
131,Q0,AP900208-0292,41,0.3081280030306713,minmaxnorm
131,Q0,SJMN91-06320236,42,0.30807529767070657,minmaxnorm
131,Q0,SJMN91-06115266,43,0.30793923492884007,minmaxnorm
131,Q0,SJMN91-06115155,44,0.3078809452380791,minmaxnorm
131,Q0,AP901218-0121,45,0.30755332256951706,minmaxnorm
131,Q0,AP900426-0282,46,0.3075315628004543,minmaxnorm
131,Q0,AP901221-0232,47,0.30747418237806295,minmaxnorm
131,Q0,SJMN91-06091078,48,0.3059436299237371,minmaxnorm
131,Q0,AP901004-0205,49,0.3051191618666471,minmaxnorm
131,Q0,AP900507-0210,50,0.30181245611047053,minmaxnorm
131,Q0,AP900619-0157,51,0.3016286115451581,minmaxnorm
131,Q0,AP901213-0079,52,0.3013667652715676,minmaxnorm
131,Q0,AP900331-0161,53,0.29970302473268207,minmaxnorm
131,Q0,AP900925-0191,54,0.2996034127155406,minmaxnorm
131,Q0,AP900215-0228,55,0.29903917510219924,minmaxnorm
131,Q0,AP901220-0235,56,0.2988257143830367,minmaxnorm
131,Q0,ZF32-017-122,57,0.29872256229827443,minmaxnorm
131,Q0,SJMN91-06185127,58,0.2977575522910863,minmaxnorm
131,Q0,SJMN91-06105011,59,0.2976352569216812,minmaxnorm
131,Q0,SJMN91-06070243,60,0.2975514809269162,minmaxnorm
131,Q0,ZF32-056-058,61,0.2974875865468565,minmaxnorm
131,Q0,AP901023-0262,62,0.2974829801538167,minmaxnorm
131,Q0,ZF32-204-188,63,0.29712816525267716,minmaxnorm
131,Q0,SJMN91-06208105,64,0.29533659015857766,minmaxnorm
131,Q0,SJMN91-06141083,65,0.29523431758003404,minmaxnorm
131,Q0,AP900825-0025,66,0.2937784576630932,minmaxnorm
131,Q0,AP900427-0207,67,0.29290770163294894,minmaxnorm
131,Q0,AP901213-0031,68,0.2926232289473855,minmaxnorm
131,Q0,SJMN91-06160205,69,0.29256387136026407,minmaxnorm
131,Q0,ZF32-244-160,70,0.2911747062038193,minmaxnorm
131,Q0,AP900207-0290,71,0.2911301855085315,minmaxnorm
131,Q0,AP900718-0261,72,0.2902477555977256,minmaxnorm
131,Q0,ZF32-039-132,73,0.2894863122872281,minmaxnorm
131,Q0,AP901214-0004,74,0.2887988679688287,minmaxnorm
131,Q0,SJMN91-06235042,75,0.287254519531439,minmaxnorm
131,Q0,AP900817-0086,76,0.2865833033336355,minmaxnorm
131,Q0,SJMN91-06014104,77,0.28611628812763096,minmaxnorm
131,Q0,ZF32-031-111,78,0.28573744574386617,minmaxnorm
131,Q0,SJMN91-06021045,79,0.28437198806621095,minmaxnorm
131,Q0,SJMN91-06009206,80,0.2833598478317995,minmaxnorm
131,Q0,ZF32-082-073,81,0.28285641931402483,minmaxnorm
131,Q0,AP901204-0109,82,0.28267897480360904,minmaxnorm
131,Q0,AP900718-0228,83,0.28176596270172377,minmaxnorm
131,Q0,AP900109-0238,84,0.2816910037040387,minmaxnorm
131,Q0,AP900716-0243,85,0.28153406929861724,minmaxnorm
131,Q0,AP900124-0078,86,0.28049826253920307,minmaxnorm
131,Q0,AP900713-0235,87,0.2802355597601342,minmaxnorm
131,Q0,AP900822-0014,88,0.27985048005535546,minmaxnorm
131,Q0,AP901221-0132,89,0.2778138285301732,minmaxnorm
131,Q0,AP900110-0191,90,0.27774846635436545,minmaxnorm
131,Q0,AP901221-0203,91,0.2776777767363478,minmaxnorm
131,Q0,AP900509-0223,92,0.2766111713476119,minmaxnorm
131,Q0,ZF32-125-047,93,0.27654935865042385,minmaxnorm
131,Q0,AP900904-0202,94,0.2756080551610792,minmaxnorm
131,Q0,AP901030-0198,95,0.27547607212724806,minmaxnorm
131,Q0,AP900817-0131,96,0.27531961685717266,minmaxnorm
131,Q0,AP900721-0165,97,0.2751348134405263,minmaxnorm
131,Q0,SJMN91-06097079,98,0.2747124028895081,minmaxnorm
131,Q0,AP900403-0277,99,0.2735135949831961,minmaxnorm
131,Q0,ZF32-132-157,100,0.27309568677547486,minmaxnorm
131,Q0,ZF32-155-223,101,0.2730043376213457,minmaxnorm
131,Q0,AP900129-0165,102,0.2726696319765045,minmaxnorm
131,Q0,SJMN91-06064153,103,0.27166721123656484,minmaxnorm
131,Q0,AP900130-0267,104,0.27052210720360065,minmaxnorm
131,Q0,SJMN91-06114033,105,0.2699184862208563,minmaxnorm
131,Q0,AP900116-0263,106,0.2695922626514031,minmaxnorm
131,Q0,AP900929-0014,107,0.26848816053956875,minmaxnorm
131,Q0,AP900422-0074,108,0.26773155357126543,minmaxnorm
131,Q0,SJMN91-06068156,109,0.26643401777483533,minmaxnorm
131,Q0,AP900811-0153,110,0.2663545430845271,minmaxnorm
131,Q0,SJMN91-06037144,111,0.26584687418460046,minmaxnorm
131,Q0,AP900515-0266,112,0.26547531494200416,minmaxnorm
131,Q0,SJMN91-06169017,113,0.26448778349594565,minmaxnorm
131,Q0,ZF310-620-109,114,0.2639574791213816,minmaxnorm
131,Q0,AP901211-0016,115,0.263872886781369,minmaxnorm
131,Q0,AP900904-0007,116,0.26384379255810775,minmaxnorm
131,Q0,ZF310-645-508,117,0.26345978322915015,minmaxnorm
131,Q0,AP900712-0136,118,0.2631447473162886,minmaxnorm
131,Q0,AP900507-0242,119,0.2620460659681716,minmaxnorm
131,Q0,AP900511-0262,120,0.2612010384421024,minmaxnorm
131,Q0,SJMN91-06010082,121,0.259403054008329,minmaxnorm
131,Q0,AP901016-0122,122,0.25826882730630213,minmaxnorm
131,Q0,SJMN91-06111195,123,0.25641303301656404,minmaxnorm
131,Q0,AP901110-0045,124,0.25638173276168075,minmaxnorm
131,Q0,SJMN91-06318079,125,0.2552752323104873,minmaxnorm
131,Q0,AP900130-0084,126,0.2551486729081566,minmaxnorm
131,Q0,AP900525-0024,127,0.2542469070316142,minmaxnorm
131,Q0,AP900522-0263,128,0.2539518268704719,minmaxnorm
131,Q0,AP900731-0146,129,0.2528270144256509,minmaxnorm
131,Q0,AP900207-0264,130,0.25240687773385934,minmaxnorm
131,Q0,SJMN91-06003178,131,0.25236348979170037,minmaxnorm
131,Q0,AP900716-0078,132,0.2501916428141655,minmaxnorm
131,Q0,AP900328-0205,133,0.25000703608754266,minmaxnorm
131,Q0,SJMN91-06295165,134,0.24997216594220747,minmaxnorm
131,Q0,ZF32-031-128,135,0.24972655512587977,minmaxnorm
131,Q0,AP901205-0072,136,0.24917845914977002,minmaxnorm
131,Q0,ZF32-137-102,137,0.24917267517966984,minmaxnorm
131,Q0,ZF32-237-308,138,0.24888674599625438,minmaxnorm
131,Q0,AP900420-0020,139,0.24724475163769846,minmaxnorm
131,Q0,SJMN91-06245212,140,0.2472037633931278,minmaxnorm
131,Q0,AP900426-0290,141,0.24605004230238792,minmaxnorm
131,Q0,ZF32-156-087,142,0.24517598833425533,minmaxnorm
131,Q0,AP900214-0073,143,0.2444440316670462,minmaxnorm
131,Q0,AP901231-0134,144,0.2428918478978119,minmaxnorm
131,Q0,SJMN91-06121080,145,0.24142654982209596,minmaxnorm
131,Q0,SJMN91-06117144,146,0.23770690180997706,minmaxnorm
131,Q0,AP901218-0056,147,0.2375008816957562,minmaxnorm
131,Q0,SJMN91-06035024,148,0.23702545441422082,minmaxnorm
131,Q0,SJMN91-06011138,149,0.23637937411794077,minmaxnorm
131,Q0,AP900524-0128,150,0.23620176708514615,minmaxnorm
131,Q0,SJMN91-06170001,151,0.2358712444656207,minmaxnorm
131,Q0,AP900517-0242,152,0.2345160670089474,minmaxnorm
131,Q0,AP901109-0010,153,0.23360916263904785,minmaxnorm
131,Q0,AP901108-0125,154,0.23356248451707545,minmaxnorm
131,Q0,AP901130-0014,155,0.2334956152736918,minmaxnorm
131,Q0,SJMN91-06191010,156,0.23322718524473762,minmaxnorm
131,Q0,AP901129-0147,157,0.232617315631337,minmaxnorm
131,Q0,AP900710-0252,158,0.2310685363102257,minmaxnorm
131,Q0,AP900427-0241,159,0.23054355695123427,minmaxnorm
131,Q0,ZF32-080-254,160,0.22824331371499906,minmaxnorm
131,Q0,SJMN91-06165042,161,0.22796185836939956,minmaxnorm
131,Q0,AP901016-0129,162,0.22794910942028423,minmaxnorm
131,Q0,AP900610-0081,163,0.22776564075505848,minmaxnorm
131,Q0,AP901015-0155,164,0.2273062220669318,minmaxnorm
131,Q0,SJMN91-06116238,165,0.22681792784311433,minmaxnorm
131,Q0,AP900616-0144,166,0.22560166815220556,minmaxnorm
131,Q0,AP900129-0059,167,0.22501711613939146,minmaxnorm
131,Q0,AP900724-0214,168,0.22478143748054724,minmaxnorm
131,Q0,AP900307-0224,169,0.22421118397476344,minmaxnorm
131,Q0,SJMN91-06146133,170,0.2239610998036744,minmaxnorm
131,Q0,SJMN91-06122081,171,0.22177185252605958,minmaxnorm
131,Q0,SJMN91-06099159,172,0.221704505622617,minmaxnorm
131,Q0,AP900821-0198,173,0.2203390080601946,minmaxnorm
131,Q0,SJMN91-06302022,174,0.22027789253849203,minmaxnorm
131,Q0,AP900123-0279,175,0.21992275578579146,minmaxnorm
131,Q0,AP901209-0019,176,0.2197543907443212,minmaxnorm
131,Q0,AP900620-0032,177,0.21932154169661472,minmaxnorm
131,Q0,ZF32-220-083,178,0.21880124207456292,minmaxnorm
131,Q0,SJMN91-06010065,179,0.21865249383708288,minmaxnorm
131,Q0,SJMN91-06358026,180,0.21744647311348375,minmaxnorm
131,Q0,AP900606-0205,181,0.21742533437963835,minmaxnorm
131,Q0,SJMN91-06035214,182,0.2172466981122166,minmaxnorm
131,Q0,ZF32-237-327,183,0.21667460626299298,minmaxnorm
131,Q0,SJMN91-06323107,184,0.21595773002578444,minmaxnorm
131,Q0,AP900524-0216,185,0.21539809258584772,minmaxnorm
131,Q0,AP900725-0244,186,0.2150882552401924,minmaxnorm
131,Q0,ZF32-211-046,187,0.21479351304365338,minmaxnorm
131,Q0,SJMN91-06191023,188,0.2143764719034707,minmaxnorm
131,Q0,AP901015-0314,189,0.21418110508130409,minmaxnorm
131,Q0,AP900523-0254,190,0.21267391544564443,minmaxnorm
131,Q0,AP901016-0121,191,0.2124570529484856,minmaxnorm
131,Q0,AP900511-0268,192,0.21195563044607382,minmaxnorm
131,Q0,ZF32-056-172,193,0.21150244574409272,minmaxnorm
131,Q0,ZF32-201-332,194,0.21042668528202477,minmaxnorm
131,Q0,SJMN91-06017073,195,0.20986581108076016,minmaxnorm
131,Q0,AP901212-0142,196,0.20952982154904246,minmaxnorm
131,Q0,AP900811-0137,197,0.20853702439845592,minmaxnorm
131,Q0,ZF32-217-012,198,0.20814315098419092,minmaxnorm
131,Q0,SJMN91-06007110,199,0.20814223039874807,minmaxnorm
131,Q0,AP901002-0064,200,0.20771977761771432,minmaxnorm
131,Q0,SJMN91-06144043,201,0.20754603938876554,minmaxnorm
131,Q0,AP900813-0105,202,0.2074772540060157,minmaxnorm
131,Q0,SJMN91-06007052,203,0.20720855026518933,minmaxnorm
131,Q0,AP900904-0133,204,0.20710621621738914,minmaxnorm
131,Q0,SJMN91-06176191,205,0.2068344995241999,minmaxnorm
131,Q0,SJMN91-06325259,206,0.20656209455962551,minmaxnorm
131,Q0,SJMN91-06125067,207,0.20642037916639525,minmaxnorm
131,Q0,ZF32-206-038,208,0.20602462299872523,minmaxnorm
131,Q0,ZF32-107-335,209,0.20508870741951435,minmaxnorm
131,Q0,AP900925-0229,210,0.20320471759547407,minmaxnorm
131,Q0,SJMN91-06036060,211,0.20297167642593683,minmaxnorm
131,Q0,AP900221-0132,212,0.20283236857323542,minmaxnorm
131,Q0,ZF32-124-284,213,0.20245907671806962,minmaxnorm
131,Q0,AP900807-0172,214,0.20236582953176588,minmaxnorm
131,Q0,AP900825-0024,215,0.20193802621731832,minmaxnorm
131,Q0,AP900418-0023,216,0.20182679886288143,minmaxnorm
131,Q0,AP900817-0096,217,0.20139456274206233,minmaxnorm
131,Q0,AP900105-0249,218,0.20114118508079223,minmaxnorm
131,Q0,AP900426-0139,219,0.20010091927229173,minmaxnorm
131,Q0,AP900526-0149,220,0.2000017749761801,minmaxnorm
131,Q0,ZF32-138-116,221,0.19981323373388385,minmaxnorm
131,Q0,SJMN91-06017193,222,0.1997668468424552,minmaxnorm
131,Q0,AP900706-0218,223,0.19936840942020737,minmaxnorm
131,Q0,SJMN91-06315241,224,0.1993662990185975,minmaxnorm
131,Q0,AP900914-0184,225,0.19902247807286674,minmaxnorm
131,Q0,AP900914-0007,226,0.19897927320883302,minmaxnorm
131,Q0,AP900218-0020,227,0.19855105057107292,minmaxnorm
131,Q0,SJMN91-06069172,228,0.19828037195491943,minmaxnorm
131,Q0,AP900416-0183,229,0.1977896827715569,minmaxnorm
131,Q0,AP900720-0242,230,0.19755019771044663,minmaxnorm
131,Q0,AP900802-0105,231,0.19732241913626608,minmaxnorm
131,Q0,AP900124-0171,232,0.19713168797518074,minmaxnorm
131,Q0,AP900414-0036,233,0.19680749175785053,minmaxnorm
131,Q0,SJMN91-06018095,234,0.19666573055984335,minmaxnorm
131,Q0,SJMN91-06038205,235,0.19663975699106792,minmaxnorm
131,Q0,AP900813-0071,236,0.19640403406641926,minmaxnorm
131,Q0,AP900822-0139,237,0.19528980275749835,minmaxnorm
131,Q0,SJMN91-06169014,238,0.19444700705602078,minmaxnorm
131,Q0,SJMN91-06328001,239,0.19437595464484123,minmaxnorm
131,Q0,SJMN91-06260091,240,0.19413179141334072,minmaxnorm
131,Q0,SJMN91-06278127,241,0.19403367649745634,minmaxnorm
131,Q0,AP900802-0011,242,0.19342124851999415,minmaxnorm
131,Q0,SJMN91-06018247,243,0.19329006989162298,minmaxnorm
131,Q0,ZF32-079-345,244,0.19325141421564515,minmaxnorm
131,Q0,SJMN91-06256144,245,0.19314143576744514,minmaxnorm
131,Q0,SJMN91-06115247,246,0.19297952233809693,minmaxnorm
131,Q0,AP900423-0118,247,0.19214465078104276,minmaxnorm
131,Q0,AP901022-0216,248,0.19209542416150524,minmaxnorm
131,Q0,SJMN91-06019052,249,0.1919418636965528,minmaxnorm
131,Q0,AP901121-0244,250,0.1911210392295968,minmaxnorm
131,Q0,AP900127-0014,251,0.1911164945223489,minmaxnorm
131,Q0,SJMN91-06018235,252,0.19083602973148975,minmaxnorm
131,Q0,SJMN91-06235015,253,0.19079768678067116,minmaxnorm
131,Q0,AP901115-0137,254,0.19072805002480286,minmaxnorm
131,Q0,AP900913-0038,255,0.19064520743094426,minmaxnorm
131,Q0,AP900912-0142,256,0.19039141166244508,minmaxnorm
131,Q0,ZF32-184-115,257,0.19034823609102827,minmaxnorm
131,Q0,SJMN91-06017236,258,0.19032745091112457,minmaxnorm
131,Q0,SJMN91-06018097,259,0.19001795086667045,minmaxnorm
131,Q0,SJMN91-06072064,260,0.18992937270921267,minmaxnorm
131,Q0,AP900829-0148,261,0.18873420413058392,minmaxnorm
131,Q0,AP900811-0009,262,0.18845699700166316,minmaxnorm
131,Q0,SJMN91-06017204,263,0.1883075171059654,minmaxnorm
131,Q0,SJMN91-06342143,264,0.18828149863691573,minmaxnorm
131,Q0,SJMN91-06314061,265,0.1882782576751172,minmaxnorm
131,Q0,ZF32-197-265,266,0.18736483037928003,minmaxnorm
131,Q0,AP901221-0233,267,0.18723949532195788,minmaxnorm
131,Q0,SJMN91-06021094,268,0.1862318553896895,minmaxnorm
131,Q0,SJMN91-06248128,269,0.1858363829541466,minmaxnorm
131,Q0,SJMN91-06097025,270,0.18573944979290885,minmaxnorm
131,Q0,SJMN91-06017255,271,0.18570521015968058,minmaxnorm
131,Q0,ZF32-122-193,272,0.18533107769450158,minmaxnorm
131,Q0,AP901211-0080,273,0.1850206771373176,minmaxnorm
131,Q0,AP900907-0243,274,0.18495310987963245,minmaxnorm
131,Q0,ZF310-675-597,275,0.18488716419859857,minmaxnorm
131,Q0,AP900727-0223,276,0.18444881042042943,minmaxnorm
131,Q0,AP900403-0127,277,0.18422398016830802,minmaxnorm
131,Q0,SJMN91-06065013,278,0.18419226897944752,minmaxnorm
131,Q0,ZF32-130-038,279,0.18386885364254604,minmaxnorm
131,Q0,SJMN91-06031281,280,0.1834027909122416,minmaxnorm
131,Q0,AP901001-0222,281,0.18319484490991378,minmaxnorm
131,Q0,AP900808-0168,282,0.18306034392495113,minmaxnorm
131,Q0,AP901210-0163,283,0.18297160599197845,minmaxnorm
131,Q0,SJMN91-06198167,284,0.18193272988890788,minmaxnorm
131,Q0,SJMN91-06161253,285,0.18186312134280402,minmaxnorm
131,Q0,SJMN91-06321136,286,0.18130798824079744,minmaxnorm
131,Q0,AP900412-0159,287,0.18111858333485445,minmaxnorm
131,Q0,SJMN91-06019180,288,0.18038160267460365,minmaxnorm
131,Q0,AP900813-0097,289,0.18037773329547693,minmaxnorm
131,Q0,SJMN91-06018221,290,0.1801909710152198,minmaxnorm
131,Q0,AP900524-0234,291,0.179472364854182,minmaxnorm
131,Q0,AP900904-0091,292,0.178818007213167,minmaxnorm
131,Q0,SJMN91-06323005,293,0.1785426055355863,minmaxnorm
131,Q0,SJMN91-06025073,294,0.178462171233447,minmaxnorm
131,Q0,AP900712-0172,295,0.1782873326534616,minmaxnorm
131,Q0,AP900719-0109,296,0.17819460659300615,minmaxnorm
131,Q0,AP900126-0173,297,0.17812875382260257,minmaxnorm
131,Q0,ZF32-215-104,298,0.17797045072565457,minmaxnorm
131,Q0,SJMN91-06043107,299,0.17785561362058272,minmaxnorm
131,Q0,AP900430-0267,300,0.17745980291649482,minmaxnorm
131,Q0,AP900427-0130,301,0.17692139214323055,minmaxnorm
131,Q0,SJMN91-06220120,302,0.17629117250898813,minmaxnorm
131,Q0,SJMN91-06029022,303,0.17581096187299303,minmaxnorm
131,Q0,AP900405-0086,304,0.17526208354134803,minmaxnorm
131,Q0,AP900802-0134,305,0.17521267181052325,minmaxnorm
131,Q0,SJMN91-06327056,306,0.1751448199117845,minmaxnorm
131,Q0,SJMN91-06327104,307,0.17514069562029605,minmaxnorm
131,Q0,SJMN91-06219063,308,0.17494415983294107,minmaxnorm
131,Q0,SJMN91-06050019,309,0.1746884879234359,minmaxnorm
131,Q0,AP900923-0018,310,0.17449758167105384,minmaxnorm
131,Q0,SJMN91-06028096,311,0.17448986871756803,minmaxnorm
131,Q0,AP901010-0036,312,0.1743771435628486,minmaxnorm
131,Q0,ZF32-079-033,313,0.1741617687878423,minmaxnorm
131,Q0,AP900924-0045,314,0.17416000629836417,minmaxnorm
131,Q0,SJMN91-06022048,315,0.17378935303523815,minmaxnorm
131,Q0,AP900606-0186,316,0.1736058577139542,minmaxnorm
131,Q0,SJMN91-06017192,317,0.17304420795651287,minmaxnorm
131,Q0,ZF32-134-007,318,0.17240983650324326,minmaxnorm
131,Q0,AP901001-0093,319,0.17226691550722242,minmaxnorm
131,Q0,AP900502-0156,320,0.17225484049725545,minmaxnorm
131,Q0,AP901213-0138,321,0.17203824555217107,minmaxnorm
131,Q0,AP900317-0066,322,0.17186003981214118,minmaxnorm
131,Q0,ZF32-149-175,323,0.17164168821803882,minmaxnorm
131,Q0,AP901211-0063,324,0.17162138806603067,minmaxnorm
131,Q0,ZF32-130-211,325,0.17138276983530093,minmaxnorm
131,Q0,AP900307-0239,326,0.17112661979185906,minmaxnorm
131,Q0,AP900615-0241,327,0.1710555518984032,minmaxnorm
131,Q0,SJMN91-06017196,328,0.17098780763839266,minmaxnorm
131,Q0,AP901010-0102,329,0.17092466674549417,minmaxnorm
131,Q0,SJMN91-06022117,330,0.17044713896903912,minmaxnorm
131,Q0,AP901117-0113,331,0.1701527709255745,minmaxnorm
131,Q0,SJMN91-06158206,332,0.1701455236863236,minmaxnorm
131,Q0,ZF32-235-283,333,0.1701253043380942,minmaxnorm
131,Q0,AP900710-0195,334,0.1701248978178404,minmaxnorm
131,Q0,ZF32-224-132,335,0.16978112035020393,minmaxnorm
131,Q0,ZF32-064-315,336,0.16964927703384441,minmaxnorm
131,Q0,AP901027-0119,337,0.16942045017943486,minmaxnorm
131,Q0,SJMN91-06014041,338,0.16918138414966963,minmaxnorm
131,Q0,SJMN91-06320105,339,0.16902556962795,minmaxnorm
131,Q0,AP900726-0279,340,0.16891925848809355,minmaxnorm
131,Q0,AP901012-0032,341,0.16879739084854678,minmaxnorm
131,Q0,AP900809-0002,342,0.16801909411905852,minmaxnorm
131,Q0,SJMN91-06252061,343,0.16794217951042228,minmaxnorm
131,Q0,SJMN91-06038118,344,0.16792106875571788,minmaxnorm
131,Q0,AP900910-0049,345,0.16762425779537146,minmaxnorm
131,Q0,AP900427-0096,346,0.16752094204215182,minmaxnorm
131,Q0,SJMN91-06081181,347,0.16744125507890742,minmaxnorm
131,Q0,AP900426-0109,348,0.1673808975885626,minmaxnorm
131,Q0,SJMN91-06038074,349,0.16657406337901107,minmaxnorm
131,Q0,ZF32-065-259,350,0.16649284629970248,minmaxnorm
131,Q0,AP900426-0177,351,0.16644401367836,minmaxnorm
131,Q0,AP900925-0080,352,0.16620394441549094,minmaxnorm
131,Q0,AP900126-0127,353,0.16611410468253132,minmaxnorm
131,Q0,AP901011-0129,354,0.16585627015509494,minmaxnorm
131,Q0,AP901130-0138,355,0.16565385271077804,minmaxnorm
131,Q0,AP900704-0096,356,0.1656199673611207,minmaxnorm
131,Q0,SJMN91-06267039,357,0.16524130484578123,minmaxnorm
131,Q0,AP900710-0186,358,0.1651566413599645,minmaxnorm
131,Q0,AP900826-0018,359,0.1651282302841627,minmaxnorm
131,Q0,SJMN91-06300080,360,0.1649492216651639,minmaxnorm
131,Q0,AP900414-0027,361,0.16492491433039483,minmaxnorm
131,Q0,AP900129-0086,362,0.1649241719452339,minmaxnorm
131,Q0,AP900908-0004,363,0.16398725988278395,minmaxnorm
131,Q0,ZF32-237-313,364,0.16380565467744648,minmaxnorm
131,Q0,SJMN91-06100157,365,0.1636971650143064,minmaxnorm
131,Q0,SJMN91-06218134,366,0.16356451144846335,minmaxnorm
131,Q0,AP900822-0019,367,0.16331409930529556,minmaxnorm
131,Q0,AP901204-0101,368,0.1625039537626091,minmaxnorm
131,Q0,ZF32-079-193,369,0.16199150110076488,minmaxnorm
131,Q0,AP901205-0046,370,0.16150350394655102,minmaxnorm
131,Q0,SJMN91-06051028,371,0.16091338516067571,minmaxnorm
131,Q0,AP900829-0182,372,0.16087493153645022,minmaxnorm
131,Q0,AP900207-0282,373,0.16079702136830792,minmaxnorm
131,Q0,SJMN91-06327164,374,0.16070913398632958,minmaxnorm
131,Q0,SJMN91-06028194,375,0.16064982479093629,minmaxnorm
131,Q0,AP900730-0111,376,0.16037498787649643,minmaxnorm
131,Q0,AP900909-0018,377,0.16030864910881754,minmaxnorm
131,Q0,SJMN91-06028201,378,0.1602831432488769,minmaxnorm
131,Q0,SJMN91-06012012,379,0.15958718279728484,minmaxnorm
131,Q0,ZF32-128-077,380,0.15942895530995516,minmaxnorm
131,Q0,AP901205-0022,381,0.15923901627941495,minmaxnorm
131,Q0,SJMN91-06017111,382,0.15918970115851405,minmaxnorm
131,Q0,SJMN91-06070219,383,0.1590880015246466,minmaxnorm
131,Q0,AP900717-0074,384,0.1588549807647292,minmaxnorm
131,Q0,SJMN91-06017222,385,0.15879539370400136,minmaxnorm
131,Q0,ZF32-136-267,386,0.158629686146391,minmaxnorm
131,Q0,SJMN91-06114196,387,0.1583027514625268,minmaxnorm
131,Q0,SJMN91-06018245,388,0.15828651509103933,minmaxnorm
131,Q0,SJMN91-06021079,389,0.15811089333352196,minmaxnorm
131,Q0,SJMN91-06241014,390,0.1579294307040716,minmaxnorm
131,Q0,AP900116-0245,391,0.15782923010751826,minmaxnorm
131,Q0,SJMN91-06018231,392,0.15761830488416442,minmaxnorm
131,Q0,AP900130-0233,393,0.1573021162527267,minmaxnorm
131,Q0,AP900905-0200,394,0.1569247007375224,minmaxnorm
131,Q0,AP900930-0027,395,0.15690214572834082,minmaxnorm
131,Q0,AP900804-0065,396,0.15656314376218,minmaxnorm
131,Q0,AP900731-0083,397,0.15644940109799085,minmaxnorm
131,Q0,AP900421-0110,398,0.15614169206153805,minmaxnorm
131,Q0,ZF32-032-203,399,0.1561395358604295,minmaxnorm
131,Q0,AP900326-0202,400,0.15577145371544487,minmaxnorm
131,Q0,AP900821-0016,401,0.15549732409941508,minmaxnorm
131,Q0,SJMN91-06132058,402,0.15471814591461003,minmaxnorm
131,Q0,AP900928-0208,403,0.15470288773198218,minmaxnorm
131,Q0,SJMN91-06009244,404,0.15444808842923913,minmaxnorm
131,Q0,ZF32-199-115,405,0.1542735537811277,minmaxnorm
131,Q0,SJMN91-06025139,406,0.15385148881706745,minmaxnorm
131,Q0,SJMN91-06255011,407,0.1535465186453897,minmaxnorm
131,Q0,AP900330-0186,408,0.15350593345595792,minmaxnorm
131,Q0,AP900427-0076,409,0.15337892516141502,minmaxnorm
131,Q0,AP901015-0317,410,0.15328170417523354,minmaxnorm
131,Q0,SJMN91-06164160,411,0.15279996778245852,minmaxnorm
131,Q0,AP900110-0153,412,0.1527255377083586,minmaxnorm
131,Q0,AP900910-0024,413,0.15265937388902104,minmaxnorm
131,Q0,AP900413-0048,414,0.1523328472749149,minmaxnorm
131,Q0,SJMN91-06207004,415,0.15200277094490763,minmaxnorm
131,Q0,AP900316-0124,416,0.15146270075887328,minmaxnorm
131,Q0,AP900729-0086,417,0.15131092605328914,minmaxnorm
131,Q0,AP900727-0237,418,0.15129320503915764,minmaxnorm
131,Q0,SJMN91-06048033,419,0.15126021720419602,minmaxnorm
131,Q0,ZF310-599-351,420,0.15116763262337637,minmaxnorm
131,Q0,SJMN91-06142027,421,0.15095389639487486,minmaxnorm
131,Q0,AP900727-0015,422,0.15058298566877518,minmaxnorm
131,Q0,SJMN91-06016101,423,0.15044505622955173,minmaxnorm
131,Q0,AP900623-0137,424,0.15000943458488775,minmaxnorm
131,Q0,SJMN91-06033149,425,0.14931939076040907,minmaxnorm
131,Q0,SJMN91-06322032,426,0.14928170583732867,minmaxnorm
131,Q0,ZF310-599-333,427,0.14897357103310066,minmaxnorm
131,Q0,SJMN91-06027119,428,0.14880288658112545,minmaxnorm
131,Q0,SJMN91-06023338,429,0.14823993968440488,minmaxnorm
131,Q0,AP901111-0007,430,0.14819168247233616,minmaxnorm
131,Q0,AP900824-0054,431,0.14767890019422736,minmaxnorm
131,Q0,SJMN91-06024444,432,0.14766660861503295,minmaxnorm
131,Q0,ZF32-156-141,433,0.14766173049495682,minmaxnorm
131,Q0,AP900317-0069,434,0.14711925180682411,minmaxnorm
131,Q0,AP900821-0141,435,0.1468529428866785,minmaxnorm
131,Q0,ZF32-085-183,436,0.14621759050001493,minmaxnorm
131,Q0,SJMN91-06017091,437,0.14569850452689515,minmaxnorm
131,Q0,SJMN91-06020105,438,0.1456980649185351,minmaxnorm
131,Q0,AP900426-0291,439,0.14563910492756285,minmaxnorm
131,Q0,SJMN91-06057148,440,0.14563752069427935,minmaxnorm
131,Q0,SJMN91-06051120,441,0.14527533975788032,minmaxnorm
131,Q0,ZF32-125-055,442,0.14519504035096975,minmaxnorm
131,Q0,SJMN91-06217239,443,0.1446731178264663,minmaxnorm
131,Q0,AP900427-0051,444,0.14467193361134983,minmaxnorm
131,Q0,SJMN91-06233027,445,0.14447533459709108,minmaxnorm
131,Q0,SJMN91-06058230,446,0.1441631001294343,minmaxnorm
131,Q0,AP900218-0049,447,0.1440132632387059,minmaxnorm
131,Q0,AP900727-0139,448,0.14386330717317322,minmaxnorm
131,Q0,SJMN91-06046027,449,0.14384864298947658,minmaxnorm
131,Q0,ZF32-064-228,450,0.1434648449073206,minmaxnorm
131,Q0,SJMN91-06009229,451,0.14341245482156975,minmaxnorm
131,Q0,SJMN91-06334170,452,0.1432511450248081,minmaxnorm
131,Q0,SJMN91-06038031,453,0.1430237243807502,minmaxnorm
131,Q0,ZF32-324-974,454,0.14294046480170303,minmaxnorm
131,Q0,AP901126-0058,455,0.14274628068689216,minmaxnorm
131,Q0,AP900817-0018,456,0.14269356054337906,minmaxnorm
131,Q0,ZF32-165-001,457,0.14266940551390722,minmaxnorm
131,Q0,ZF32-324-972,458,0.14256599414363397,minmaxnorm
131,Q0,SJMN91-06019190,459,0.14236463609566036,minmaxnorm
131,Q0,AP901030-0080,460,0.1412703061630097,minmaxnorm
131,Q0,AP900109-0210,461,0.14109117018751596,minmaxnorm
131,Q0,SJMN91-06082194,462,0.14102827162341589,minmaxnorm
131,Q0,ZF32-208-165,463,0.1409257502401597,minmaxnorm
131,Q0,ZF32-059-036,464,0.14088290093873468,minmaxnorm
131,Q0,ZF32-237-122,465,0.1407520892634717,minmaxnorm
131,Q0,SJMN91-06030264,466,0.14073208995230904,minmaxnorm
131,Q0,AP900722-0001,467,0.14065997138113828,minmaxnorm
131,Q0,SJMN91-06023198,468,0.13976664393860175,minmaxnorm
131,Q0,AP900809-0074,469,0.13911000373685148,minmaxnorm
131,Q0,ZF32-221-162,470,0.13854566281178218,minmaxnorm
131,Q0,AP900401-0011,471,0.138421568142878,minmaxnorm
131,Q0,AP900517-0271,472,0.13826310599545844,minmaxnorm
131,Q0,AP900328-0048,473,0.13813531383676114,minmaxnorm
131,Q0,AP900819-0060,474,0.13801283455500035,minmaxnorm
131,Q0,AP900427-0179,475,0.13801063801411648,minmaxnorm
131,Q0,AP901120-0220,476,0.1379448815911746,minmaxnorm
131,Q0,AP901212-0023,477,0.13772255573854175,minmaxnorm
131,Q0,SJMN91-06016241,478,0.13748588510686108,minmaxnorm
131,Q0,SJMN91-06018101,479,0.13741780047494379,minmaxnorm
131,Q0,ZF32-015-117,480,0.13709770771092916,minmaxnorm
131,Q0,ZF310-691-367,481,0.13702275950828413,minmaxnorm
131,Q0,AP900816-0091,482,0.13691480089534558,minmaxnorm
131,Q0,SJMN91-06078047,483,0.13685561687502293,minmaxnorm
131,Q0,ZF32-032-169,484,0.13659954360906085,minmaxnorm
131,Q0,AP900328-0010,485,0.13626959047238252,minmaxnorm
131,Q0,AP900814-0117,486,0.136118951692106,minmaxnorm
131,Q0,AP900129-0050,487,0.13608298173699426,minmaxnorm
131,Q0,AP900806-0131,488,0.1356819963367416,minmaxnorm
131,Q0,ZF32-080-165,489,0.13543091305737404,minmaxnorm
131,Q0,AP900817-0008,490,0.1353599276957365,minmaxnorm
131,Q0,SJMN91-06124063,491,0.13532198508902338,minmaxnorm
131,Q0,AP900827-0025,492,0.13521693846839178,minmaxnorm
131,Q0,AP900804-0031,493,0.1351717520306456,minmaxnorm
131,Q0,ZF32-198-044,494,0.13486218204466827,minmaxnorm
131,Q0,SJMN91-06150013,495,0.13474039531344098,minmaxnorm
131,Q0,ZF32-013-191,496,0.13448548633083335,minmaxnorm
131,Q0,AP901004-0171,497,0.13442011489261899,minmaxnorm
131,Q0,ZF32-075-210,498,0.13437948668884828,minmaxnorm
131,Q0,AP900723-0003,499,0.13434192031805234,minmaxnorm
131,Q0,ZF32-239-346,500,0.13411423334101133,minmaxnorm
131,Q0,SJMN91-06008065,501,0.13394519768060464,minmaxnorm
131,Q0,ZF32-324-966,502,0.13383542912504534,minmaxnorm
131,Q0,ZF32-077-209,503,0.13380384983524363,minmaxnorm
131,Q0,AP900830-0135,504,0.13372690498248913,minmaxnorm
131,Q0,SJMN91-06037184,505,0.13372160468048577,minmaxnorm
131,Q0,AP901221-0257,506,0.13299093539151183,minmaxnorm
131,Q0,SJMN91-06041028,507,0.13284251041956643,minmaxnorm
131,Q0,ZF32-077-334,508,0.13282735895473813,minmaxnorm
131,Q0,ZF310-633-209,509,0.1327453762492033,minmaxnorm
131,Q0,SJMN91-06076131,510,0.13270135165479005,minmaxnorm
131,Q0,SJMN91-06197004,511,0.13266867530123144,minmaxnorm
131,Q0,AP901026-0035,512,0.13232960306297967,minmaxnorm
131,Q0,SJMN91-06017078,513,0.13200775546228544,minmaxnorm
131,Q0,SJMN91-06263266,514,0.1319622534214487,minmaxnorm
131,Q0,AP900903-0091,515,0.1316999787327861,minmaxnorm
131,Q0,AP900824-0012,516,0.13160651710438712,minmaxnorm
131,Q0,AP900321-0197,517,0.13157403428658743,minmaxnorm
131,Q0,AP900110-0135,518,0.1310050193374703,minmaxnorm
131,Q0,AP900319-0069,519,0.13093260167830198,minmaxnorm
131,Q0,ZF32-185-028,520,0.13066890227650554,minmaxnorm
131,Q0,SJMN91-06030243,521,0.13063629621223855,minmaxnorm
131,Q0,AP900411-0254,522,0.13044688889879053,minmaxnorm
131,Q0,AP900815-0052,523,0.1303950122052159,minmaxnorm
131,Q0,SJMN91-06077072,524,0.13034557756755955,minmaxnorm
131,Q0,SJMN91-06016081,525,0.13021335177055895,minmaxnorm
131,Q0,SJMN91-06029234,526,0.1302014294086764,minmaxnorm
131,Q0,AP900130-0056,527,0.13006723028131256,minmaxnorm
131,Q0,AP900427-0185,528,0.12967246420242853,minmaxnorm
131,Q0,SJMN91-06020110,529,0.1292593230293361,minmaxnorm
131,Q0,AP900713-0108,530,0.12903464932427158,minmaxnorm
131,Q0,AP900831-0067,531,0.1288991425715391,minmaxnorm
131,Q0,SJMN91-06018098,532,0.1288920465981071,minmaxnorm
131,Q0,AP900829-0010,533,0.1288201895446947,minmaxnorm
131,Q0,AP900124-0105,534,0.1288105384678059,minmaxnorm
131,Q0,AP900727-0029,535,0.12874810708043333,minmaxnorm
131,Q0,AP900705-0221,536,0.12873927901902288,minmaxnorm
131,Q0,SJMN91-06018148,537,0.12860115317674511,minmaxnorm
131,Q0,ZF32-269-018,538,0.12841761280055997,minmaxnorm
131,Q0,AP901124-0048,539,0.1283412719382345,minmaxnorm
131,Q0,AP901218-0082,540,0.12813233053463222,minmaxnorm
131,Q0,ZF32-205-392,541,0.12811894676963023,minmaxnorm
131,Q0,AP900306-0274,542,0.12802034519740796,minmaxnorm
131,Q0,AP900327-0055,543,0.12801010498592388,minmaxnorm
131,Q0,AP901010-0100,544,0.12725369783621748,minmaxnorm
131,Q0,AP900127-0065,545,0.12715931248044887,minmaxnorm
131,Q0,SJMN91-06363071,546,0.12703932312669572,minmaxnorm
131,Q0,AP900808-0157,547,0.12697659206791112,minmaxnorm
131,Q0,AP901110-0046,548,0.1269317765107499,minmaxnorm
131,Q0,AP901025-0001,549,0.1263224104367759,minmaxnorm
131,Q0,AP900515-0158,550,0.12618848891558937,minmaxnorm
131,Q0,SJMN91-06320021,551,0.12594487032555457,minmaxnorm
131,Q0,ZF32-136-091,552,0.1257421144972096,minmaxnorm
131,Q0,AP900803-0087,553,0.12573657362216523,minmaxnorm
131,Q0,ZF32-141-177,554,0.12572186060002705,minmaxnorm
131,Q0,ZF32-087-108,555,0.12572140889621747,minmaxnorm
131,Q0,SJMN91-06014026,556,0.12564078260717765,minmaxnorm
131,Q0,ZF32-226-192,557,0.12563109487626564,minmaxnorm
131,Q0,SJMN91-06336066,558,0.1254074964923138,minmaxnorm
131,Q0,ZF32-226-220,559,0.12500582371924496,minmaxnorm
131,Q0,SJMN91-06009050,560,0.12481656458339482,minmaxnorm
131,Q0,AP900713-0079,561,0.12481117631233789,minmaxnorm
131,Q0,SJMN91-06208044,562,0.12472894910633872,minmaxnorm
131,Q0,AP900127-0038,563,0.12468941235855241,minmaxnorm
131,Q0,ZF32-169-145,564,0.12412319998039197,minmaxnorm
131,Q0,SJMN91-06052090,565,0.12398268712375093,minmaxnorm
131,Q0,SJMN91-06041042,566,0.12395493840577364,minmaxnorm
131,Q0,SJMN91-06327161,567,0.12335696984462807,minmaxnorm
131,Q0,SJMN91-06354128,568,0.12283877603695918,minmaxnorm
131,Q0,SJMN91-06029163,569,0.12260508470232326,minmaxnorm
131,Q0,ZF32-283-018,570,0.1218668257504338,minmaxnorm
131,Q0,SJMN91-06056186,571,0.12182690383096483,minmaxnorm
131,Q0,ZF32-225-090,572,0.12176044251172256,minmaxnorm
131,Q0,AP900904-0042,573,0.12158490035608564,minmaxnorm
131,Q0,AP900928-0199,574,0.1213680510290478,minmaxnorm
131,Q0,AP901107-0213,575,0.12119613132702857,minmaxnorm
131,Q0,ZF310-623-596,576,0.12110560398974268,minmaxnorm
131,Q0,AP900526-0116,577,0.12108215879812878,minmaxnorm
131,Q0,SJMN91-06031210,578,0.12092533290102042,minmaxnorm
131,Q0,ZF32-215-169,579,0.1208603185370471,minmaxnorm
131,Q0,AP900828-0094,580,0.12075093217771096,minmaxnorm
131,Q0,AP900130-0033,581,0.1204320795350931,minmaxnorm
131,Q0,AP901120-0228,582,0.1204087020683386,minmaxnorm
131,Q0,AP900523-0056,583,0.12039690944804451,minmaxnorm
131,Q0,ZF32-125-023,584,0.12038869556700271,minmaxnorm
131,Q0,SJMN91-06049118,585,0.12038380374080829,minmaxnorm
131,Q0,AP900801-0087,586,0.12021833222696149,minmaxnorm
131,Q0,AP900214-0131,587,0.12018679012391906,minmaxnorm
131,Q0,SJMN91-06362204,588,0.12016414837071548,minmaxnorm
131,Q0,AP900816-0198,589,0.12004800377459507,minmaxnorm
131,Q0,ZF32-161-136,590,0.11986520403037271,minmaxnorm
131,Q0,ZF32-071-049,591,0.11932789272785034,minmaxnorm
131,Q0,ZF32-063-311,592,0.11923003110327983,minmaxnorm
131,Q0,SJMN91-06039180,593,0.11897159060106877,minmaxnorm
131,Q0,SJMN91-06003148,594,0.11895849968434767,minmaxnorm
131,Q0,AP900119-0135,595,0.11883360144660424,minmaxnorm
131,Q0,AP900227-0027,596,0.11872259146093249,minmaxnorm
131,Q0,SJMN91-06334102,597,0.11870948165016502,minmaxnorm
131,Q0,AP900802-0213,598,0.11865145375119866,minmaxnorm
131,Q0,SJMN91-06136218,599,0.11857877869076111,minmaxnorm
131,Q0,ZF32-135-343,600,0.11856967476199055,minmaxnorm
131,Q0,AP901120-0217,601,0.11846943798739076,minmaxnorm
131,Q0,AP900101-0011,602,0.11801480871070294,minmaxnorm
131,Q0,AP900825-0120,603,0.11791596009865993,minmaxnorm
131,Q0,SJMN91-06236039,604,0.11789160722518643,minmaxnorm
131,Q0,AP901120-0222,605,0.11726270985135707,minmaxnorm
131,Q0,SJMN91-06269081,606,0.1171273711942789,minmaxnorm
131,Q0,ZF32-014-073,607,0.11696762618914829,minmaxnorm
131,Q0,ZF310-697-499,608,0.11672404698615775,minmaxnorm
131,Q0,ZF32-035-154,609,0.1166034161343311,minmaxnorm
131,Q0,AP900918-0018,610,0.11644719479542187,minmaxnorm
131,Q0,AP900808-0114,611,0.11610269279707935,minmaxnorm
131,Q0,SJMN91-06294047,612,0.11595954241486257,minmaxnorm
131,Q0,AP901023-0033,613,0.11572039087782396,minmaxnorm
131,Q0,AP900110-0221,614,0.11569750111838951,minmaxnorm
131,Q0,AP900111-0109,615,0.11564081254425236,minmaxnorm
131,Q0,SJMN91-06009218,616,0.11531456479423226,minmaxnorm
131,Q0,AP900802-0176,617,0.1149843975477783,minmaxnorm
131,Q0,SJMN91-06190173,618,0.11490716365442682,minmaxnorm
131,Q0,AP900425-0164,619,0.11487740869759888,minmaxnorm
131,Q0,AP900225-0083,620,0.11487609657366475,minmaxnorm
131,Q0,SJMN91-06256249,621,0.11476934592579546,minmaxnorm
131,Q0,SJMN91-06334111,622,0.11473618555425584,minmaxnorm
131,Q0,AP901129-0121,623,0.11457888758796866,minmaxnorm
131,Q0,SJMN91-06058163,624,0.11408639002521026,minmaxnorm
131,Q0,ZF32-237-190,625,0.11371265515685762,minmaxnorm
131,Q0,AP900511-0206,626,0.11363483720479085,minmaxnorm
131,Q0,SJMN91-06082169,627,0.11334242613680327,minmaxnorm
131,Q0,ZF32-203-176,628,0.11332651861172137,minmaxnorm
131,Q0,AP900720-0166,629,0.1131678205857721,minmaxnorm
131,Q0,AP901016-0120,630,0.11254165039416461,minmaxnorm
131,Q0,ZF32-196-240,631,0.11223563779442754,minmaxnorm
131,Q0,AP900808-0120,632,0.11196584181860739,minmaxnorm
131,Q0,SJMN91-06084180,633,0.11190386115791573,minmaxnorm
131,Q0,ZF32-135-350,634,0.11178604029752853,minmaxnorm
131,Q0,ZF310-656-370,635,0.11166810554040674,minmaxnorm
131,Q0,ZF32-245-080,636,0.11063451461214896,minmaxnorm
131,Q0,SJMN91-06046212,637,0.1106019721870808,minmaxnorm
131,Q0,AP900522-0112,638,0.11058623390282962,minmaxnorm
131,Q0,SJMN91-06270069,639,0.11046395656464092,minmaxnorm
131,Q0,ZF32-196-154,640,0.11042763490778129,minmaxnorm
131,Q0,SJMN91-06020136,641,0.10956841481962823,minmaxnorm
131,Q0,SJMN91-06080117,642,0.1090456053443817,minmaxnorm
131,Q0,AP900119-0140,643,0.10890550211624352,minmaxnorm
131,Q0,AP900312-0241,644,0.10889801574816521,minmaxnorm
131,Q0,ZF32-086-305,645,0.10883097072239711,minmaxnorm
131,Q0,ZF310-632-130,646,0.10877383539013494,minmaxnorm
131,Q0,SJMN91-06198153,647,0.10876085347386644,minmaxnorm
131,Q0,SJMN91-06114110,648,0.10873966668299666,minmaxnorm
131,Q0,SJMN91-06022210,649,0.1087051786766542,minmaxnorm
131,Q0,AP901120-0236,650,0.1087019130615658,minmaxnorm
131,Q0,SJMN91-06026011,651,0.10848119061959095,minmaxnorm
131,Q0,ZF32-350-125,652,0.10847653389441174,minmaxnorm
131,Q0,ZF32-129-227,653,0.10835799306685329,minmaxnorm
131,Q0,AP900916-0086,654,0.10817266669269397,minmaxnorm
131,Q0,SJMN91-06247055,655,0.10814883795172753,minmaxnorm
131,Q0,SJMN91-06218191,656,0.10784044127452036,minmaxnorm
131,Q0,AP900414-0018,657,0.10755865124911122,minmaxnorm
131,Q0,AP900126-0089,658,0.10730045557653999,minmaxnorm
131,Q0,SJMN91-06029126,659,0.10715991401073731,minmaxnorm
131,Q0,PT3-05154371,660,0.10676602565882136,minmaxnorm
131,Q0,AP900817-0030,661,0.10650925741501323,minmaxnorm
131,Q0,AP900123-0210,662,0.10643480916076128,minmaxnorm
131,Q0,AP900818-0022,663,0.106419861517172,minmaxnorm
131,Q0,SJMN91-06036017,664,0.10630585335046872,minmaxnorm
131,Q0,ZF32-228-066,665,0.10560783163757625,minmaxnorm
131,Q0,AP900724-0047,666,0.1055801408914107,minmaxnorm
131,Q0,AP900611-0184,667,0.10551743308113747,minmaxnorm
131,Q0,SJMN91-06017189,668,0.10545079941085106,minmaxnorm
131,Q0,SJMN91-06034173,669,0.10540714721207078,minmaxnorm
131,Q0,AP900719-0119,670,0.10529680088596598,minmaxnorm
131,Q0,AP900803-0020,671,0.1052621312647575,minmaxnorm
131,Q0,AP900104-0228,672,0.1050292708853772,minmaxnorm
131,Q0,AP901116-0160,673,0.10501174144547554,minmaxnorm
131,Q0,SJMN91-06162140,674,0.10500343780702866,minmaxnorm
131,Q0,AP900903-0065,675,0.10494907937829248,minmaxnorm
131,Q0,ZF32-111-306,676,0.10490268020682965,minmaxnorm
131,Q0,ZF32-123-151,677,0.10488055386815541,minmaxnorm
131,Q0,AP900809-0134,678,0.10466004362507868,minmaxnorm
131,Q0,AP900405-0032,679,0.1045401911212977,minmaxnorm
131,Q0,AP900907-0035,680,0.10451073839607317,minmaxnorm
131,Q0,ZF32-218-136,681,0.1044879737748803,minmaxnorm
131,Q0,ZF32-078-190,682,0.10434928767124511,minmaxnorm
131,Q0,AP901012-0007,683,0.104162817119465,minmaxnorm
131,Q0,SJMN91-06023196,684,0.10389443273756373,minmaxnorm
131,Q0,ZF32-132-331,685,0.10385656915377789,minmaxnorm
131,Q0,AP901015-0156,686,0.10373093938464664,minmaxnorm
131,Q0,AP900221-0088,687,0.10366787580106834,minmaxnorm
131,Q0,AP901105-0005,688,0.10366253041621551,minmaxnorm
131,Q0,ZF32-268-068,689,0.10362981185927357,minmaxnorm
131,Q0,AP901115-0150,690,0.1033561412174696,minmaxnorm
131,Q0,AP901004-0004,691,0.10325901890545738,minmaxnorm
131,Q0,SJMN91-06045047,692,0.1030066944943221,minmaxnorm
131,Q0,SJMN91-06072094,693,0.10277313316455552,minmaxnorm
131,Q0,AP900124-0152,694,0.10267105912101027,minmaxnorm
131,Q0,AP900811-0129,695,0.1025584052077303,minmaxnorm
131,Q0,SJMN91-06031252,696,0.10250170482581124,minmaxnorm
131,Q0,SJMN91-06223068,697,0.10248885963660172,minmaxnorm
131,Q0,SJMN91-06262102,698,0.10235859823626853,minmaxnorm
131,Q0,ZF32-148-155,699,0.10221690045211429,minmaxnorm
131,Q0,ZF32-144-090,700,0.10197924563244966,minmaxnorm
131,Q0,ZF32-226-277,701,0.101919470454406,minmaxnorm
131,Q0,AP900720-0124,702,0.10162269661891131,minmaxnorm
131,Q0,AP900106-0091,703,0.10151683471508692,minmaxnorm
131,Q0,AP900310-0015,704,0.10135222358873408,minmaxnorm
131,Q0,ZF32-220-141,705,0.10118571311397051,minmaxnorm
131,Q0,SJMN91-06031254,706,0.10106938778254208,minmaxnorm
131,Q0,SJMN91-06184116,707,0.10070466744615221,minmaxnorm
131,Q0,AP900809-0090,708,0.10069172339843367,minmaxnorm
131,Q0,ZF32-003-165,709,0.10051331715066604,minmaxnorm
131,Q0,AP900124-0241,710,0.10025650805643993,minmaxnorm
131,Q0,SJMN91-06024312,711,0.1000937994634695,minmaxnorm
131,Q0,AP900201-0267,712,0.1000797830886683,minmaxnorm
131,Q0,AP901012-0101,713,0.09979936889555696,minmaxnorm
131,Q0,AP901130-0178,714,0.09977985597190156,minmaxnorm
131,Q0,AP900222-0137,715,0.09969944526694209,minmaxnorm
131,Q0,AP900314-0095,716,0.09945367783260022,minmaxnorm
131,Q0,SJMN91-06068005,717,0.09945222564638984,minmaxnorm
131,Q0,AP900313-0021,718,0.09933874633042435,minmaxnorm
131,Q0,ZF32-117-073,719,0.09928916003241994,minmaxnorm
131,Q0,ZF32-064-156,720,0.09927023292537021,minmaxnorm
131,Q0,SJMN91-06046170,721,0.09901566696599481,minmaxnorm
131,Q0,ZF32-246-336,722,0.09890472600252483,minmaxnorm
131,Q0,AP900328-0225,723,0.0987879213040738,minmaxnorm
131,Q0,AP901016-0038,724,0.09878093231874883,minmaxnorm
131,Q0,AP901214-0069,725,0.09876522569751443,minmaxnorm
131,Q0,SJMN91-06034226,726,0.09869753322466106,minmaxnorm
131,Q0,AP901227-0071,727,0.09869162694114683,minmaxnorm
131,Q0,ZF32-205-388,728,0.09863495098322944,minmaxnorm
131,Q0,SJMN91-06057083,729,0.09862289921859028,minmaxnorm
131,Q0,ZF32-246-384,730,0.09860629144553815,minmaxnorm
131,Q0,SJMN91-06166086,731,0.09832743806601653,minmaxnorm
131,Q0,AP900812-0029,732,0.09797409591806235,minmaxnorm
131,Q0,ZF32-109-030,733,0.09795351371851471,minmaxnorm
131,Q0,SJMN91-06166276,734,0.09748310571546763,minmaxnorm
131,Q0,AP900724-0193,735,0.09744955130583975,minmaxnorm
131,Q0,AP900724-0238,736,0.09734999055049158,minmaxnorm
131,Q0,AP900613-0012,737,0.09729143279933496,minmaxnorm
131,Q0,ZF32-103-169,738,0.09724682615624329,minmaxnorm
131,Q0,ZF32-083-301,739,0.09705343459062436,minmaxnorm
131,Q0,ZF32-134-098,740,0.09698206082501773,minmaxnorm
131,Q0,AP900706-0265,741,0.09695175076646653,minmaxnorm
131,Q0,ZF32-065-233,742,0.09690723343599925,minmaxnorm
131,Q0,ZF32-252-086,743,0.09680031978918427,minmaxnorm
131,Q0,SJMN91-06039052,744,0.09644373339339549,minmaxnorm
131,Q0,SJMN91-06086013,745,0.09640538818807527,minmaxnorm
131,Q0,AP900404-0009,746,0.09630393906139091,minmaxnorm
131,Q0,AP900910-0210,747,0.09613686508646233,minmaxnorm
131,Q0,ZF32-031-108,748,0.09596499249215609,minmaxnorm
131,Q0,SJMN91-06022175,749,0.09591123006038965,minmaxnorm
131,Q0,AP900821-0055,750,0.09590001339282124,minmaxnorm
131,Q0,ZF32-185-052,751,0.09576943511544943,minmaxnorm
131,Q0,AP901223-0050,752,0.0956875559830293,minmaxnorm
131,Q0,ZF32-351-990,753,0.09533058867961955,minmaxnorm
131,Q0,ZF32-103-173,754,0.09516232011225857,minmaxnorm
131,Q0,AP900215-0134,755,0.09503860511075773,minmaxnorm
131,Q0,ZF32-324-957,756,0.09490947516499876,minmaxnorm
131,Q0,SJMN91-06050129,757,0.09455819473980022,minmaxnorm
131,Q0,AP901007-0011,758,0.09438349520011212,minmaxnorm
131,Q0,SJMN91-06021011,759,0.09437606894147181,minmaxnorm
131,Q0,ZF32-057-058,760,0.09435087464130176,minmaxnorm
131,Q0,AP901120-0219,761,0.0942681162811164,minmaxnorm
131,Q0,SJMN91-06051239,762,0.09426611128985478,minmaxnorm
131,Q0,SJMN91-06020093,763,0.09403924053821805,minmaxnorm
131,Q0,AP900205-0135,764,0.0938475123777239,minmaxnorm
131,Q0,SJMN91-06017230,765,0.09382471432427565,minmaxnorm
131,Q0,SJMN91-06052091,766,0.09357580360004028,minmaxnorm
131,Q0,AP900810-0103,767,0.09356244148716578,minmaxnorm
131,Q0,ZF32-111-318,768,0.09344225793605457,minmaxnorm
131,Q0,SJMN91-06033226,769,0.09326048449111582,minmaxnorm
131,Q0,SJMN91-06040032,770,0.09322190968575803,minmaxnorm
131,Q0,SJMN91-06017231,771,0.09316835148909333,minmaxnorm
131,Q0,SJMN91-06058185,772,0.0930245905410095,minmaxnorm
131,Q0,AP901012-0121,773,0.09301056053478152,minmaxnorm
131,Q0,SJMN91-06016218,774,0.09265991406755182,minmaxnorm
131,Q0,AP900510-0194,775,0.09263158097489843,minmaxnorm
131,Q0,AP900619-0022,776,0.09257046335240568,minmaxnorm
131,Q0,AP900703-0072,777,0.09256900369396047,minmaxnorm
131,Q0,AP900820-0114,778,0.09254438884357302,minmaxnorm
131,Q0,AP900725-0057,779,0.09250842710573501,minmaxnorm
131,Q0,AP900820-0067,780,0.09249525629659987,minmaxnorm
131,Q0,AP900724-0221,781,0.09239390030201537,minmaxnorm
131,Q0,SJMN91-06129223,782,0.09238794193186846,minmaxnorm
131,Q0,AP900915-0020,783,0.09201589194403573,minmaxnorm
131,Q0,AP900809-0030,784,0.09200918323301499,minmaxnorm
131,Q0,AP900926-0119,785,0.09190085336278345,minmaxnorm
131,Q0,ZF32-133-012,786,0.09186494125229061,minmaxnorm
131,Q0,AP900321-0160,787,0.09169167477024373,minmaxnorm
131,Q0,SJMN91-06209048,788,0.09136762718547889,minmaxnorm
131,Q0,ZF32-252-006,789,0.09124141708922152,minmaxnorm
131,Q0,ZF32-086-306,790,0.09105624157881538,minmaxnorm
131,Q0,ZF32-272-031,791,0.09103397580585192,minmaxnorm
131,Q0,AP900306-0125,792,0.09080322422918558,minmaxnorm
131,Q0,AP901015-0032,793,0.09069734065914159,minmaxnorm
131,Q0,ZF32-244-071,794,0.09064121050644193,minmaxnorm
131,Q0,AP900129-0162,795,0.09055890390717795,minmaxnorm
131,Q0,ZF32-134-009,796,0.09054678302955788,minmaxnorm
131,Q0,ZF32-148-123,797,0.09046575430546303,minmaxnorm
131,Q0,ZF32-026-015,798,0.09034116221906384,minmaxnorm
131,Q0,ZF32-008-214,799,0.09013438797620953,minmaxnorm
131,Q0,AP900226-0160,800,0.09005740463093952,minmaxnorm
131,Q0,AP900809-0097,801,0.08994477443878646,minmaxnorm
131,Q0,SJMN91-06125140,802,0.08990435811623804,minmaxnorm
131,Q0,SJMN91-06129262,803,0.08975035735013431,minmaxnorm
131,Q0,ZF32-003-023,804,0.08971406426266516,minmaxnorm
131,Q0,SJMN91-06037282,805,0.08959823487916478,minmaxnorm
131,Q0,ZF32-239-025,806,0.08930904445809375,minmaxnorm
131,Q0,AP900223-0144,807,0.08916261055143251,minmaxnorm
131,Q0,ZF32-016-334,808,0.08904860717364294,minmaxnorm
131,Q0,ZF32-039-275,809,0.08904579908436078,minmaxnorm
131,Q0,ZF32-016-080,810,0.08902748031551169,minmaxnorm
131,Q0,AP901213-0015,811,0.08876687102703483,minmaxnorm
131,Q0,AP900425-0126,812,0.08845909454135271,minmaxnorm
131,Q0,ZF32-194-085,813,0.08845642748525316,minmaxnorm
131,Q0,AP901008-0146,814,0.0882986363703392,minmaxnorm
131,Q0,AP900915-0077,815,0.08789478901158557,minmaxnorm
131,Q0,AP900805-0018,816,0.08782351389550473,minmaxnorm
131,Q0,AP900928-0132,817,0.08779686129512632,minmaxnorm
131,Q0,SJMN91-06100211,818,0.08768148386402273,minmaxnorm
131,Q0,AP900516-0298,819,0.08749485523807254,minmaxnorm
131,Q0,AP901009-0141,820,0.08739668923024455,minmaxnorm
131,Q0,AP900426-0036,821,0.08719831539727188,minmaxnorm
131,Q0,AP900815-0093,822,0.08714571577054689,minmaxnorm
131,Q0,ZF32-240-050,823,0.08708823176470791,minmaxnorm
131,Q0,SJMN91-06025090,824,0.08697131684419801,minmaxnorm
131,Q0,ZF32-081-290,825,0.08696787236614549,minmaxnorm
131,Q0,AP900919-0139,826,0.08696356569361047,minmaxnorm
131,Q0,SJMN91-06221039,827,0.08689941580338022,minmaxnorm
131,Q0,SJMN91-06304232,828,0.08688448875393924,minmaxnorm
131,Q0,AP900910-0052,829,0.08685718565813798,minmaxnorm
131,Q0,AP901231-0135,830,0.08672063818789785,minmaxnorm
131,Q0,ZF32-059-038,831,0.08655033410844759,minmaxnorm
131,Q0,AP900816-0102,832,0.08650902566099485,minmaxnorm
131,Q0,ZF32-224-050,833,0.08635645936635558,minmaxnorm
131,Q0,AP900702-0087,834,0.08635368517378206,minmaxnorm
131,Q0,SJMN91-06100205,835,0.08634082610588446,minmaxnorm
131,Q0,ZF32-185-002,836,0.08624674767917011,minmaxnorm
131,Q0,ZF32-065-258,837,0.08617497984057712,minmaxnorm
131,Q0,SJMN91-06236088,838,0.08595988680692328,minmaxnorm
131,Q0,AP900930-0062,839,0.08593348044994957,minmaxnorm
131,Q0,AP900803-0183,840,0.08589702394415755,minmaxnorm
131,Q0,AP900809-0137,841,0.0858484872649135,minmaxnorm
131,Q0,AP901219-0133,842,0.08581725987637161,minmaxnorm
131,Q0,SJMN91-06258092,843,0.08577768383816897,minmaxnorm
131,Q0,AP900803-0029,844,0.08575167145782907,minmaxnorm
131,Q0,ZF32-127-273,845,0.08557796152875194,minmaxnorm
131,Q0,AP900720-0198,846,0.08473447921562215,minmaxnorm
131,Q0,ZF32-122-177,847,0.08445873506837803,minmaxnorm
131,Q0,SJMN91-06077033,848,0.08437621300781528,minmaxnorm
131,Q0,AP900217-0074,849,0.08409673345559901,minmaxnorm
131,Q0,SJMN91-06332226,850,0.08401754069945008,minmaxnorm
131,Q0,SJMN91-06229130,851,0.08393280604915535,minmaxnorm
131,Q0,ZF32-085-085,852,0.08393207961609127,minmaxnorm
131,Q0,AP901002-0029,853,0.08391779820193274,minmaxnorm
131,Q0,SJMN91-06328030,854,0.08391639676917433,minmaxnorm
131,Q0,AP900824-0112,855,0.08380208164858022,minmaxnorm
131,Q0,AP900607-0022,856,0.08378644232770778,minmaxnorm
131,Q0,SJMN91-06106157,857,0.08376500851932062,minmaxnorm
131,Q0,SJMN91-06138144,858,0.0836996650263176,minmaxnorm
131,Q0,SJMN91-06180195,859,0.08366192417120356,minmaxnorm
131,Q0,AP900807-0116,860,0.0835507682576355,minmaxnorm
131,Q0,SJMN91-06200101,861,0.08338551270860681,minmaxnorm
131,Q0,ZF32-038-062,862,0.08337635962443966,minmaxnorm
131,Q0,SJMN91-06180248,863,0.08334618520515932,minmaxnorm
131,Q0,AP900205-0026,864,0.08334159044118629,minmaxnorm
131,Q0,AP901011-0148,865,0.08326617887193966,minmaxnorm
131,Q0,SJMN91-06150250,866,0.08326320108910162,minmaxnorm
131,Q0,ZF310-596-825,867,0.08319875339638147,minmaxnorm
131,Q0,SJMN91-06148131,868,0.08312084915001011,minmaxnorm
131,Q0,SJMN91-06045235,869,0.08307966825251961,minmaxnorm
131,Q0,ZF32-204-263,870,0.08307650463001848,minmaxnorm
131,Q0,SJMN91-06325044,871,0.08300887050918114,minmaxnorm
131,Q0,SJMN91-06053155,872,0.0827746444777288,minmaxnorm
131,Q0,ZF32-324-960,873,0.08273251802517519,minmaxnorm
131,Q0,ZF32-223-042,874,0.08259913753273027,minmaxnorm
131,Q0,ZF32-037-188,875,0.08243160394443906,minmaxnorm
131,Q0,ZF32-017-135,876,0.08233136214297501,minmaxnorm
131,Q0,SJMN91-06307002,877,0.082314873977075,minmaxnorm
131,Q0,ZF32-106-043,878,0.08217055894390142,minmaxnorm
131,Q0,SJMN91-06130200,879,0.08209754527560556,minmaxnorm
131,Q0,ZF32-199-136,880,0.08205222839177018,minmaxnorm
131,Q0,ZF32-224-042,881,0.08187034476569115,minmaxnorm
131,Q0,AP900822-0133,882,0.08184960521679,minmaxnorm
131,Q0,AP900618-0054,883,0.08175791813084754,minmaxnorm
131,Q0,SJMN91-06161121,884,0.08172414609621745,minmaxnorm
131,Q0,ZF32-324-959,885,0.08172360611610557,minmaxnorm
131,Q0,SJMN91-06329305,886,0.08149651672752865,minmaxnorm
131,Q0,AP901011-0028,887,0.08144201967276424,minmaxnorm
131,Q0,AP900811-0070,888,0.08136630603576614,minmaxnorm
131,Q0,SJMN91-06130122,889,0.08126382217527446,minmaxnorm
131,Q0,AP900606-0026,890,0.08116555693347761,minmaxnorm
131,Q0,ZF32-181-261,891,0.08101446116289038,minmaxnorm
131,Q0,AP900223-0134,892,0.08101114295879941,minmaxnorm
131,Q0,AP900312-0264,893,0.08072043240008012,minmaxnorm
131,Q0,ZF310-695-321,894,0.08071987004214326,minmaxnorm
131,Q0,SJMN91-06018205,895,0.08068367273080398,minmaxnorm
131,Q0,AP901109-0042,896,0.08062231106953129,minmaxnorm
131,Q0,AP900424-0127,897,0.0804284313621398,minmaxnorm
131,Q0,SJMN91-06194047,898,0.08034253426685475,minmaxnorm
131,Q0,AP900628-0182,899,0.08033906240743602,minmaxnorm
131,Q0,AP901110-0038,900,0.08030236335263395,minmaxnorm
131,Q0,ZF32-133-046,901,0.08005336386882446,minmaxnorm
131,Q0,SJMN91-06063161,902,0.0800456811430492,minmaxnorm
131,Q0,SJMN91-06018211,903,0.07977622095266779,minmaxnorm
131,Q0,AP900723-0012,904,0.07973551869919265,minmaxnorm
131,Q0,ZF310-632-182,905,0.07971025585033714,minmaxnorm
131,Q0,AP900512-0023,906,0.07962492387264904,minmaxnorm
131,Q0,AP900512-0139,907,0.07928485903134534,minmaxnorm
131,Q0,ZF310-640-960,908,0.07917213199093753,minmaxnorm
131,Q0,AP901012-0074,909,0.07882989969652184,minmaxnorm
131,Q0,AP900803-0074,910,0.07877154343339837,minmaxnorm
131,Q0,AP900430-0266,911,0.07866118487667231,minmaxnorm
131,Q0,AP900908-0044,912,0.07857923104330108,minmaxnorm
131,Q0,AP900818-0074,913,0.07849145067375142,minmaxnorm
131,Q0,AP901012-0129,914,0.07843087852676424,minmaxnorm
131,Q0,AP900511-0140,915,0.07842372977439177,minmaxnorm
131,Q0,SJMN91-06127182,916,0.07838621022406025,minmaxnorm
131,Q0,AP900515-0108,917,0.0782990829471434,minmaxnorm
131,Q0,AP900307-0223,918,0.07828023691746167,minmaxnorm
131,Q0,AP900711-0148,919,0.07827937599466962,minmaxnorm
131,Q0,ZF32-064-232,920,0.07826459846135472,minmaxnorm
131,Q0,ZF32-187-026,921,0.0781999845899135,minmaxnorm
131,Q0,AP901212-0067,922,0.0779786018566237,minmaxnorm
131,Q0,ZF32-199-133,923,0.0779398364326191,minmaxnorm
131,Q0,SJMN91-06151040,924,0.07764679323479319,minmaxnorm
131,Q0,AP900223-0256,925,0.07762257287350383,minmaxnorm
131,Q0,AP900923-0070,926,0.07739850015997299,minmaxnorm
131,Q0,AP900220-0217,927,0.07735642210559548,minmaxnorm
131,Q0,ZF32-237-123,928,0.07718128213037995,minmaxnorm
131,Q0,AP900811-0028,929,0.07710294499906303,minmaxnorm
131,Q0,AP900801-0193,930,0.0770663115989865,minmaxnorm
131,Q0,SJMN91-06053219,931,0.07703734448542625,minmaxnorm
131,Q0,AP900817-0024,932,0.07696227791294717,minmaxnorm
131,Q0,AP900112-0104,933,0.07690305243756473,minmaxnorm
131,Q0,AP901208-0049,934,0.07685604535726921,minmaxnorm
131,Q0,AP900803-0112,935,0.07680187948132172,minmaxnorm
131,Q0,AP901008-0091,936,0.07671250198667795,minmaxnorm
131,Q0,ZF32-151-303,937,0.0763473416650472,minmaxnorm
131,Q0,AP900810-0105,938,0.07617022909008375,minmaxnorm
131,Q0,ZF32-199-140,939,0.07616597224006129,minmaxnorm
131,Q0,ZF32-080-175,940,0.07608364716866732,minmaxnorm
131,Q0,SJMN91-06329003,941,0.07582357632217193,minmaxnorm
131,Q0,AP901206-0184,942,0.07579858363486901,minmaxnorm
131,Q0,AP900511-0204,943,0.07572758109172711,minmaxnorm
131,Q0,ZF32-246-059,944,0.07562339286205423,minmaxnorm
131,Q0,SJMN91-06120013,945,0.07555044783491596,minmaxnorm
131,Q0,AP900316-0088,946,0.07551423808822595,minmaxnorm
131,Q0,AP900112-0011,947,0.0755002993540461,minmaxnorm
131,Q0,SJMN91-06190092,948,0.07547371116866239,minmaxnorm
131,Q0,ZF310-632-100,949,0.07541921477937896,minmaxnorm
131,Q0,ZF32-042-094,950,0.0753413673782425,minmaxnorm
131,Q0,SJMN91-06053227,951,0.07533652010326664,minmaxnorm
131,Q0,ZF32-017-057,952,0.07530085569740783,minmaxnorm
131,Q0,AP900830-0001,953,0.07529504505558596,minmaxnorm
131,Q0,ZF32-014-165,954,0.07511532111219152,minmaxnorm
131,Q0,ZF32-103-234,955,0.07506239978745861,minmaxnorm
131,Q0,SJMN91-06052219,956,0.07504830704716989,minmaxnorm
131,Q0,AP901003-0100,957,0.07494654084058604,minmaxnorm
131,Q0,SJMN91-06082189,958,0.0747982015281111,minmaxnorm
131,Q0,AP900730-0225,959,0.07465285038740914,minmaxnorm
131,Q0,AP900721-0086,960,0.07462055313184042,minmaxnorm
131,Q0,SJMN91-06009060,961,0.07456484477889215,minmaxnorm
131,Q0,ZF32-077-221,962,0.07438174664691662,minmaxnorm
131,Q0,AP900808-0014,963,0.07412612185021325,minmaxnorm
131,Q0,AP901214-0131,964,0.07406467440464143,minmaxnorm
131,Q0,SJMN91-06025234,965,0.0740585275721356,minmaxnorm
131,Q0,ZF32-124-283,966,0.07404604381215434,minmaxnorm
131,Q0,ZF32-181-215,967,0.07387924091636794,minmaxnorm
131,Q0,AP900816-0139,968,0.07375738017333272,minmaxnorm
131,Q0,AP900118-0281,969,0.07364611780743154,minmaxnorm
131,Q0,SJMN91-06014192,970,0.07359372928431003,minmaxnorm
131,Q0,SJMN91-06069154,971,0.07353802718989408,minmaxnorm
131,Q0,AP901107-0261,972,0.07352130914224674,minmaxnorm
131,Q0,ZF32-226-264,973,0.07351142495846115,minmaxnorm
131,Q0,AP901116-0069,974,0.07345340641611348,minmaxnorm
131,Q0,ZF32-149-132,975,0.07336520317277785,minmaxnorm
131,Q0,AP900811-0021,976,0.07325977072799787,minmaxnorm
131,Q0,AP901107-0179,977,0.07319813160785765,minmaxnorm
131,Q0,ZF32-007-166,978,0.07308864133642935,minmaxnorm
131,Q0,SJMN91-06023080,979,0.07305042002009268,minmaxnorm
131,Q0,AP900125-0204,980,0.07291339897886313,minmaxnorm
131,Q0,SJMN91-06018223,981,0.07277486868861541,minmaxnorm
131,Q0,AP900823-0089,982,0.07272871454673097,minmaxnorm
131,Q0,ZF32-106-009,983,0.07268906576521848,minmaxnorm
131,Q0,ZF32-132-307,984,0.07263588744854341,minmaxnorm
131,Q0,SJMN91-06328028,985,0.0725271407784782,minmaxnorm
131,Q0,ZF32-229-040,986,0.07251957194543959,minmaxnorm
131,Q0,ZF32-220-038,987,0.07245475701874622,minmaxnorm
131,Q0,SJMN91-06044076,988,0.07242827542104663,minmaxnorm
131,Q0,ZF32-152-186,989,0.07242674975884204,minmaxnorm
131,Q0,ZF310-681-433,990,0.07232780294882879,minmaxnorm
131,Q0,AP900901-0105,991,0.07232719914908503,minmaxnorm
131,Q0,AP900706-0267,992,0.0723097644079988,minmaxnorm
131,Q0,SJMN91-06035148,993,0.07215343702744766,minmaxnorm
131,Q0,AP900428-0049,994,0.07213903622326763,minmaxnorm
131,Q0,AP900823-0143,995,0.07208121271575797,minmaxnorm
131,Q0,SJMN91-06014138,996,0.07207884338902576,minmaxnorm
131,Q0,AP900710-0211,997,0.07203925065861558,minmaxnorm
131,Q0,ZF32-124-206,998,0.07202786072529838,minmaxnorm
131,Q0,AP900817-0147,999,0.0720180395029115,minmaxnorm
131,Q0,SJMN91-06346243,1000,0.07197545607857923,minmaxnorm
133,Q0,AP900628-0186,1,0.37812667429922486,minmaxnorm
133,Q0,AP900305-0028,2,0.37538694440007003,minmaxnorm
133,Q0,AP900519-0069,3,0.3741263909394758,minmaxnorm
133,Q0,SJMN91-06024421,4,0.3722193514467564,minmaxnorm
133,Q0,AP900406-0194,5,0.3710771470363392,minmaxnorm
133,Q0,AP900814-0010,6,0.37023350463545757,minmaxnorm
133,Q0,AP900330-0004,7,0.36753710887198965,minmaxnorm
133,Q0,AP900628-0019,8,0.3661995083685558,minmaxnorm
133,Q0,AP900421-0075,9,0.3661619097945809,minmaxnorm
133,Q0,AP900627-0178,10,0.36493419786702336,minmaxnorm
133,Q0,AP900720-0035,11,0.3619817468057191,minmaxnorm
133,Q0,AP901116-0022,12,0.36067834298162643,minmaxnorm
133,Q0,AP900425-0013,13,0.35789475188883824,minmaxnorm
133,Q0,AP900715-0055,14,0.357869978070779,minmaxnorm
133,Q0,AP900410-0099,15,0.3578012109511044,minmaxnorm
133,Q0,AP901204-0168,16,0.35752037779847573,minmaxnorm
133,Q0,AP900409-0111,17,0.35738260977399267,minmaxnorm
133,Q0,AP900331-0108,18,0.35697591578335675,minmaxnorm
133,Q0,AP900627-0096,19,0.3565614554639027,minmaxnorm
133,Q0,AP900403-0152,20,0.35598272967613975,minmaxnorm
133,Q0,AP900628-0155,21,0.3558920965289255,minmaxnorm
133,Q0,AP901005-0047,22,0.3557589231610261,minmaxnorm
133,Q0,AP900408-0026,23,0.3557506231991737,minmaxnorm
133,Q0,AP900820-0022,24,0.3553469746985751,minmaxnorm
133,Q0,AP900627-0181,25,0.3549796474396456,minmaxnorm
133,Q0,SJMN91-06214058,26,0.3540783237998412,minmaxnorm
133,Q0,AP900629-0102,27,0.35406918862913445,minmaxnorm
133,Q0,AP900703-0083,28,0.35374650646547,minmaxnorm
133,Q0,AP900628-0024,29,0.3524759639258671,minmaxnorm
133,Q0,AP900424-0048,30,0.3517560248410385,minmaxnorm
133,Q0,AP900629-0141,31,0.3506986927193428,minmaxnorm
133,Q0,AP900521-0021,32,0.35000168214276917,minmaxnorm
133,Q0,AP900629-0033,33,0.3482888702068725,minmaxnorm
133,Q0,ZF32-211-043,34,0.3479288848526803,minmaxnorm
133,Q0,AP900520-0032,35,0.34790847628273514,minmaxnorm
133,Q0,AP900713-0072,36,0.3478399423824262,minmaxnorm
133,Q0,AP900718-0030,37,0.3475216886929986,minmaxnorm
133,Q0,AP900320-0077,38,0.34605112029277296,minmaxnorm
133,Q0,AP900711-0008,39,0.3459510449160243,minmaxnorm
133,Q0,SJMN91-06017109,40,0.3455766604729206,minmaxnorm
133,Q0,AP900420-0166,41,0.34548801883347036,minmaxnorm
133,Q0,AP900516-0035,42,0.3453160233744586,minmaxnorm
133,Q0,AP900829-0143,43,0.34507800367476893,minmaxnorm
133,Q0,AP900425-0198,44,0.3430078269784001,minmaxnorm
133,Q0,AP900629-0139,45,0.34276976459783665,minmaxnorm
133,Q0,AP900424-0098,46,0.342275243528694,minmaxnorm
133,Q0,AP900519-0014,47,0.342218454625403,minmaxnorm
133,Q0,AP900424-0096,48,0.3421590775394595,minmaxnorm
133,Q0,AP900412-0144,49,0.3408538496758966,minmaxnorm
133,Q0,AP900424-0081,50,0.34053394950143084,minmaxnorm
133,Q0,AP900323-0025,51,0.3396687741617878,minmaxnorm
133,Q0,AP900426-0135,52,0.33962356162536367,minmaxnorm
133,Q0,AP900628-0020,53,0.337722878332171,minmaxnorm
133,Q0,AP900428-0050,54,0.33742523668153424,minmaxnorm
133,Q0,AP900528-0044,55,0.3349292686614982,minmaxnorm
133,Q0,AP901127-0095,56,0.3347883010806436,minmaxnorm
133,Q0,AP900424-0017,57,0.3337447640020698,minmaxnorm
133,Q0,AP900406-0135,58,0.33369440527019706,minmaxnorm
133,Q0,AP900403-0059,59,0.333650585664036,minmaxnorm
133,Q0,AP900328-0101,60,0.3333699641439377,minmaxnorm
133,Q0,AP900410-0071,61,0.3333507904326364,minmaxnorm
133,Q0,AP900429-0058,62,0.3332526415325398,minmaxnorm
133,Q0,AP900702-0089,63,0.3331625834661527,minmaxnorm
133,Q0,AP901105-0150,64,0.33302925498626446,minmaxnorm
133,Q0,AP900817-0029,65,0.33281199677664813,minmaxnorm
133,Q0,AP901205-0036,66,0.3327086346887441,minmaxnorm
133,Q0,AP900527-0006,67,0.33209139352026595,minmaxnorm
133,Q0,AP900426-0185,68,0.33086531665446567,minmaxnorm
133,Q0,AP900430-0052,69,0.3304340786088436,minmaxnorm
133,Q0,AP900509-0086,70,0.33019873396011107,minmaxnorm
133,Q0,AP900429-0031,71,0.3301509633515228,minmaxnorm
133,Q0,AP900727-0127,72,0.33000740532831263,minmaxnorm
133,Q0,AP900414-0093,73,0.32978417954405914,minmaxnorm
133,Q0,AP900404-0095,74,0.3296371013694448,minmaxnorm
133,Q0,AP900418-0114,75,0.3294180796127127,minmaxnorm
133,Q0,AP900425-0146,76,0.329188306310671,minmaxnorm
133,Q0,AP900328-0053,77,0.3287539469312144,minmaxnorm
133,Q0,ZF32-253-065,78,0.3281562940639521,minmaxnorm
133,Q0,AP900427-0146,79,0.32800060807348314,minmaxnorm
133,Q0,AP901125-0039,80,0.3273725023783874,minmaxnorm
133,Q0,SJMN91-06080221,81,0.32719148682376314,minmaxnorm
133,Q0,AP900723-0031,82,0.3270331522331057,minmaxnorm
133,Q0,AP900428-0022,83,0.3265111802937978,minmaxnorm
133,Q0,AP900903-0053,84,0.3264375637400259,minmaxnorm
133,Q0,AP900426-0020,85,0.3262450908759127,minmaxnorm
133,Q0,SJMN91-06213042,86,0.32594369024112474,minmaxnorm
133,Q0,AP900421-0033,87,0.32583705548061537,minmaxnorm
133,Q0,AP900808-0025,88,0.3255290897546143,minmaxnorm
133,Q0,AP900119-0129,89,0.3252252216039869,minmaxnorm
133,Q0,AP900405-0124,90,0.32520403969839123,minmaxnorm
133,Q0,AP900417-0123,91,0.3251171721248635,minmaxnorm
133,Q0,AP900413-0144,92,0.32504738245293135,minmaxnorm
133,Q0,AP900901-0058,93,0.32482507077910994,minmaxnorm
133,Q0,AP900407-0095,94,0.3244262384221382,minmaxnorm
133,Q0,AP900510-0011,95,0.3240858532346347,minmaxnorm
133,Q0,AP900417-0070,96,0.3238611166578847,minmaxnorm
133,Q0,AP900728-0037,97,0.32383494891469056,minmaxnorm
133,Q0,AP900405-0072,98,0.3237411524538855,minmaxnorm
133,Q0,AP900830-0007,99,0.32368731468226564,minmaxnorm
133,Q0,AP900904-0154,100,0.3235855032522055,minmaxnorm
133,Q0,AP900427-0083,101,0.3227422603126338,minmaxnorm
133,Q0,SJMN91-06213001,102,0.32184420137314823,minmaxnorm
133,Q0,AP901203-0093,103,0.32181019631831476,minmaxnorm
133,Q0,SJMN91-06118033,104,0.3216745309458277,minmaxnorm
133,Q0,AP900511-0174,105,0.321641555176708,minmaxnorm
133,Q0,AP900408-0045,106,0.3212762290430528,minmaxnorm
133,Q0,AP900428-0118,107,0.32074744074472405,minmaxnorm
133,Q0,AP900206-0075,108,0.32042240705053165,minmaxnorm
133,Q0,AP900619-0190,109,0.32023114533861735,minmaxnorm
133,Q0,AP900420-0099,110,0.3200751267464545,minmaxnorm
133,Q0,AP900831-0139,111,0.319178152518564,minmaxnorm
133,Q0,AP900829-0009,112,0.3184588844332507,minmaxnorm
133,Q0,AP901128-0013,113,0.31831943636454696,minmaxnorm
133,Q0,AP900427-0004,114,0.31793987534012547,minmaxnorm
133,Q0,AP900322-0154,115,0.3178295919037022,minmaxnorm
133,Q0,AP900901-0126,116,0.31727570515919207,minmaxnorm
133,Q0,AP900718-0152,117,0.3172620968064043,minmaxnorm
133,Q0,AP900416-0039,118,0.3164424084375272,minmaxnorm
133,Q0,ZF32-252-070,119,0.3158594914655737,minmaxnorm
133,Q0,AP900411-0072,120,0.3153479606383116,minmaxnorm
133,Q0,AP900409-0067,121,0.3151077726211006,minmaxnorm
133,Q0,AP900825-0069,122,0.3137756831924449,minmaxnorm
133,Q0,AP900726-0036,123,0.31200217448731493,minmaxnorm
133,Q0,AP900713-0109,124,0.31182603205354764,minmaxnorm
133,Q0,AP900630-0055,125,0.31178293089916403,minmaxnorm
133,Q0,AP901202-0069,126,0.31160732211842246,minmaxnorm
133,Q0,SJMN91-06096046,127,0.3116006328174578,minmaxnorm
133,Q0,SJMN91-06114169,128,0.31101418431724437,minmaxnorm
133,Q0,AP900913-0179,129,0.31081024808005636,minmaxnorm
133,Q0,AP900407-0052,130,0.310600765638228,minmaxnorm
133,Q0,AP900410-0184,131,0.3104770623802776,minmaxnorm
133,Q0,AP900412-0103,132,0.3099516539195282,minmaxnorm
133,Q0,AP900810-0013,133,0.30941837348428963,minmaxnorm
133,Q0,AP900821-0005,134,0.30932676570780315,minmaxnorm
133,Q0,AP900628-0157,135,0.3088515312292765,minmaxnorm
133,Q0,AP900627-0156,136,0.3069290598612643,minmaxnorm
133,Q0,AP900422-0032,137,0.3060818298187776,minmaxnorm
133,Q0,AP900830-0002,138,0.30482212137444187,minmaxnorm
133,Q0,AP900502-0134,139,0.30451063630762504,minmaxnorm
133,Q0,AP900914-0093,140,0.30375190526438683,minmaxnorm
133,Q0,AP900915-0064,141,0.30339717698041346,minmaxnorm
133,Q0,AP900707-0015,142,0.30291969347830894,minmaxnorm
133,Q0,AP900529-0166,143,0.3020094053126055,minmaxnorm
133,Q0,AP900725-0160,144,0.3019159890191316,minmaxnorm
133,Q0,AP900416-0060,145,0.301507631657739,minmaxnorm
133,Q0,AP900421-0081,146,0.30079730040896296,minmaxnorm
133,Q0,AP900702-0127,147,0.30068524265684743,minmaxnorm
133,Q0,AP900905-0062,148,0.30067428573702876,minmaxnorm
133,Q0,AP900904-0056,149,0.29984179738523864,minmaxnorm
133,Q0,AP900213-0098,150,0.2993813704685259,minmaxnorm
133,Q0,AP900430-0119,151,0.2982842283152801,minmaxnorm
133,Q0,AP900504-0157,152,0.29809117889549536,minmaxnorm
133,Q0,AP900724-0020,153,0.2977683919451638,minmaxnorm
133,Q0,SJMN91-06099220,154,0.297521720399693,minmaxnorm
133,Q0,AP900831-0045,155,0.2973206620310813,minmaxnorm
133,Q0,AP900903-0090,156,0.2972062937981609,minmaxnorm
133,Q0,AP900424-0079,157,0.2967054553226396,minmaxnorm
133,Q0,AP900820-0102,158,0.29620255448842364,minmaxnorm
133,Q0,AP900608-0066,159,0.29544165665133687,minmaxnorm
133,Q0,AP900327-0176,160,0.2950501828529633,minmaxnorm
133,Q0,SJMN91-06235204,161,0.29494480466378,minmaxnorm
133,Q0,AP900809-0120,162,0.29471340403890595,minmaxnorm
133,Q0,AP900725-0154,163,0.2940370654720042,minmaxnorm
133,Q0,AP901211-0030,164,0.29346545212774555,minmaxnorm
133,Q0,AP900130-0049,165,0.2931641126944207,minmaxnorm
133,Q0,AP900428-0048,166,0.29295148032777263,minmaxnorm
133,Q0,SJMN91-06345203,167,0.29197711076116856,minmaxnorm
133,Q0,AP900915-0013,168,0.291016471744136,minmaxnorm
133,Q0,AP900717-0075,169,0.290917601948902,minmaxnorm
133,Q0,AP900507-0093,170,0.2890183016980621,minmaxnorm
133,Q0,AP900426-0122,171,0.28795509297174643,minmaxnorm
133,Q0,SJMN91-06086038,172,0.2874777573221441,minmaxnorm
133,Q0,AP900423-0070,173,0.28737369106102045,minmaxnorm
133,Q0,AP900808-0049,174,0.2871123632851804,minmaxnorm
133,Q0,AP900429-0008,175,0.2867983834420511,minmaxnorm
133,Q0,AP900912-0091,176,0.2867425416353791,minmaxnorm
133,Q0,AP900905-0154,177,0.2865826750057902,minmaxnorm
133,Q0,AP901215-0027,178,0.2859531977634224,minmaxnorm
133,Q0,AP900702-0135,179,0.2857660669823114,minmaxnorm
133,Q0,AP900906-0139,180,0.28562222330513687,minmaxnorm
133,Q0,AP900608-0028,181,0.2853446455974872,minmaxnorm
133,Q0,AP900406-0007,182,0.2846703620354644,minmaxnorm
133,Q0,AP900703-0134,183,0.28451474153612827,minmaxnorm
133,Q0,AP900707-0106,184,0.28424584938691744,minmaxnorm
133,Q0,AP900703-0138,185,0.28411943615245566,minmaxnorm
133,Q0,AP900810-0090,186,0.28388456395178396,minmaxnorm
133,Q0,AP900406-0175,187,0.2837939430269952,minmaxnorm
133,Q0,SJMN91-06260045,188,0.28293783132885564,minmaxnorm
133,Q0,AP901110-0042,189,0.2828450200922516,minmaxnorm
133,Q0,AP900714-0035,190,0.28145505077674415,minmaxnorm
133,Q0,AP900715-0073,191,0.2811067068857057,minmaxnorm
133,Q0,AP900918-0041,192,0.28095080248541937,minmaxnorm
133,Q0,AP900907-0012,193,0.2809094030320618,minmaxnorm
133,Q0,AP900708-0027,194,0.2804739594349742,minmaxnorm
133,Q0,AP900409-0136,195,0.2802156818890596,minmaxnorm
133,Q0,AP901211-0096,196,0.2802106269522894,minmaxnorm
133,Q0,AP900908-0066,197,0.280105820670271,minmaxnorm
133,Q0,AP900630-0007,198,0.2800534083399824,minmaxnorm
133,Q0,SJMN91-06184229,199,0.279105108564284,minmaxnorm
133,Q0,AP900917-0152,200,0.27787441767286136,minmaxnorm
133,Q0,AP901030-0015,201,0.27783351616787616,minmaxnorm
133,Q0,AP900808-0116,202,0.2777212006901175,minmaxnorm
133,Q0,AP900717-0177,203,0.27745775006136747,minmaxnorm
133,Q0,AP900710-0059,204,0.2774390621824868,minmaxnorm
133,Q0,AP900822-0055,205,0.2774344182086847,minmaxnorm
133,Q0,AP900129-0129,206,0.27692329777888075,minmaxnorm
133,Q0,AP900501-0028,207,0.2766307256317553,minmaxnorm
133,Q0,AP900317-0046,208,0.27552056884439435,minmaxnorm
133,Q0,AP900703-0029,209,0.2752413055843431,minmaxnorm
133,Q0,SJMN91-06096254,210,0.27506909776163246,minmaxnorm
133,Q0,AP900104-0191,211,0.2750086992913651,minmaxnorm
133,Q0,AP900629-0181,212,0.2749791472653394,minmaxnorm
133,Q0,AP900108-0003,213,0.2747663290904749,minmaxnorm
133,Q0,AP900912-0067,214,0.2746876558416233,minmaxnorm
133,Q0,SJMN91-06294031,215,0.27391504783366305,minmaxnorm
133,Q0,AP900716-0085,216,0.2736298042259753,minmaxnorm
133,Q0,AP901126-0195,217,0.27308469001082436,minmaxnorm
133,Q0,AP900723-0070,218,0.27242379377074877,minmaxnorm
133,Q0,AP900906-0067,219,0.2718343703821218,minmaxnorm
133,Q0,AP900407-0015,220,0.27182631526542056,minmaxnorm
133,Q0,ZF32-252-087,221,0.27145079970934227,minmaxnorm
133,Q0,AP900408-0013,222,0.27138468224654644,minmaxnorm
133,Q0,ZF32-334-221,223,0.27114443156108475,minmaxnorm
133,Q0,AP900715-0025,224,0.27104812074355983,minmaxnorm
133,Q0,AP900911-0008,225,0.2706650190622265,minmaxnorm
133,Q0,AP901214-0097,226,0.2702487787018343,minmaxnorm
133,Q0,AP901214-0071,227,0.26995102426115924,minmaxnorm
133,Q0,AP900722-0033,228,0.2694795895664552,minmaxnorm
133,Q0,AP900430-0103,229,0.26925075671936655,minmaxnorm
133,Q0,AP900125-0187,230,0.2686084059327394,minmaxnorm
133,Q0,SJMN91-06216087,231,0.2682866089277277,minmaxnorm
133,Q0,AP900425-0055,232,0.2671146514918113,minmaxnorm
133,Q0,AP900605-0043,233,0.26639037726208076,minmaxnorm
133,Q0,AP900911-0155,234,0.2659202334644365,minmaxnorm
133,Q0,AP901211-0017,235,0.26582858900360884,minmaxnorm
133,Q0,AP901024-0006,236,0.265224028803523,minmaxnorm
133,Q0,AP900911-0009,237,0.2651360586664378,minmaxnorm
133,Q0,AP900918-0119,238,0.26513417797427574,minmaxnorm
133,Q0,SJMN91-06291266,239,0.2650581342366432,minmaxnorm
133,Q0,ZF32-083-170,240,0.26445788302577405,minmaxnorm
133,Q0,AP900930-0032,241,0.26412646718849137,minmaxnorm
133,Q0,AP901004-0068,242,0.26390182932167794,minmaxnorm
133,Q0,AP901002-0086,243,0.2638679936997961,minmaxnorm
133,Q0,AP900413-0088,244,0.26364356086201807,minmaxnorm
133,Q0,AP900711-0160,245,0.2636331913750516,minmaxnorm
133,Q0,AP901011-0057,246,0.26217036435160834,minmaxnorm
133,Q0,AP900604-0041,247,0.2619761543998142,minmaxnorm
133,Q0,AP901003-0067,248,0.26184564124494797,minmaxnorm
133,Q0,AP900506-0070,249,0.26075383749075454,minmaxnorm
133,Q0,SJMN91-06149045,250,0.26070559791691755,minmaxnorm
133,Q0,AP900822-0077,251,0.26058923639638515,minmaxnorm
133,Q0,AP901108-0232,252,0.2605388679032043,minmaxnorm
133,Q0,AP900505-0109,253,0.2604463253736988,minmaxnorm
133,Q0,AP900411-0043,254,0.26038645616279116,minmaxnorm
133,Q0,AP900716-0117,255,0.2602649300207713,minmaxnorm
133,Q0,AP900312-0069,256,0.2599276503686777,minmaxnorm
133,Q0,AP901001-0125,257,0.2595668832856074,minmaxnorm
133,Q0,AP900917-0070,258,0.2591200966218121,minmaxnorm
133,Q0,SJMN91-06206165,259,0.2580299362368075,minmaxnorm
133,Q0,AP900703-0182,260,0.2579675690428211,minmaxnorm
133,Q0,AP901007-0013,261,0.2579250775955435,minmaxnorm
133,Q0,AP901220-0009,262,0.2575221693970384,minmaxnorm
133,Q0,AP901218-0035,263,0.2574558357823112,minmaxnorm
133,Q0,SJMN91-06027222,264,0.25731930505174117,minmaxnorm
133,Q0,AP900410-0043,265,0.2571020320857574,minmaxnorm
133,Q0,AP901007-0067,266,0.2558851756965271,minmaxnorm
133,Q0,AP900718-0049,267,0.25565104979193676,minmaxnorm
133,Q0,AP900822-0039,268,0.2545852893998312,minmaxnorm
133,Q0,AP900711-0051,269,0.25440954051308884,minmaxnorm
133,Q0,AP901210-0125,270,0.2541846021523583,minmaxnorm
133,Q0,AP901121-0015,271,0.25292869506335114,minmaxnorm
133,Q0,AP900918-0061,272,0.25287440101559094,minmaxnorm
133,Q0,AP900613-0117,273,0.25255233919518405,minmaxnorm
133,Q0,AP900228-0065,274,0.2525337055179955,minmaxnorm
133,Q0,AP901217-0030,275,0.25229578395847796,minmaxnorm
133,Q0,AP900311-0081,276,0.2518885916241449,minmaxnorm
133,Q0,AP901006-0043,277,0.25172328233338603,minmaxnorm
133,Q0,AP901106-0023,278,0.25158497189164114,minmaxnorm
133,Q0,AP901126-0194,279,0.25156964410957366,minmaxnorm
133,Q0,SJMN91-06174093,280,0.2503328424978666,minmaxnorm
133,Q0,AP900925-0110,281,0.2501462365831556,minmaxnorm
133,Q0,AP901006-0088,282,0.24980537749476495,minmaxnorm
133,Q0,ZF32-135-351,283,0.24978074964757083,minmaxnorm
133,Q0,AP900720-0097,284,0.24967130991924008,minmaxnorm
133,Q0,AP900612-0024,285,0.24950659260986457,minmaxnorm
133,Q0,AP901008-0080,286,0.24913616784125042,minmaxnorm
133,Q0,AP900629-0207,287,0.24910809380068163,minmaxnorm
133,Q0,AP901002-0011,288,0.2487696609216341,minmaxnorm
133,Q0,AP900306-0064,289,0.248760729209269,minmaxnorm
133,Q0,AP900628-0190,290,0.2486549508439307,minmaxnorm
133,Q0,AP901210-0072,291,0.24830469519953222,minmaxnorm
133,Q0,AP900810-0163,292,0.24830249147678343,minmaxnorm
133,Q0,AP900817-0118,293,0.24809078305130922,minmaxnorm
133,Q0,SJMN91-06039052,294,0.24787256936407132,minmaxnorm
133,Q0,SJMN91-06001092,295,0.24781641451185035,minmaxnorm
133,Q0,AP900724-0200,296,0.24760119796807217,minmaxnorm
133,Q0,AP900814-0118,297,0.24634143620714283,minmaxnorm
133,Q0,AP900323-0031,298,0.24634141257868333,minmaxnorm
133,Q0,AP900228-0148,299,0.24593292895219507,minmaxnorm
133,Q0,AP901010-0060,300,0.24589924148908807,minmaxnorm
133,Q0,AP901005-0094,301,0.24579548925319125,minmaxnorm
133,Q0,AP900811-0020,302,0.2450390784152657,minmaxnorm
133,Q0,AP900823-0025,303,0.24460756054013874,minmaxnorm
133,Q0,AP900817-0165,304,0.24411257649075915,minmaxnorm
133,Q0,AP900510-0051,305,0.24322986839193447,minmaxnorm
133,Q0,AP900717-0023,306,0.24278393613558785,minmaxnorm
133,Q0,AP901011-0089,307,0.24276881252663832,minmaxnorm
133,Q0,AP900717-0033,308,0.24251961950262751,minmaxnorm
133,Q0,AP900521-0191,309,0.24247915052629626,minmaxnorm
133,Q0,AP901126-0192,310,0.24222652974793238,minmaxnorm
133,Q0,AP900822-0180,311,0.24181532453412083,minmaxnorm
133,Q0,AP900808-0150,312,0.24175777484040492,minmaxnorm
133,Q0,AP901005-0174,313,0.24103768120981756,minmaxnorm
133,Q0,AP900829-0183,314,0.23990032663729444,minmaxnorm
133,Q0,AP900414-0027,315,0.2395683819268589,minmaxnorm
133,Q0,AP901010-0098,316,0.23949342093347953,minmaxnorm
133,Q0,AP900916-0034,317,0.23797573063782043,minmaxnorm
133,Q0,AP900305-0131,318,0.23694113164660216,minmaxnorm
133,Q0,AP900205-0017,319,0.2368719868517572,minmaxnorm
133,Q0,AP900305-0026,320,0.23675228643425714,minmaxnorm
133,Q0,AP900316-0063,321,0.23627265758442104,minmaxnorm
133,Q0,AP901212-0073,322,0.23603345764606778,minmaxnorm
133,Q0,AP900828-0072,323,0.2359233347239243,minmaxnorm
133,Q0,AP901219-0088,324,0.23266342052582947,minmaxnorm
133,Q0,AP901203-0112,325,0.2324536364306359,minmaxnorm
133,Q0,AP900723-0185,326,0.23209680106117528,minmaxnorm
133,Q0,AP900817-0150,327,0.232027181077053,minmaxnorm
133,Q0,SJMN91-06240013,328,0.23197886519398653,minmaxnorm
133,Q0,AP900304-0064,329,0.2305271698913991,minmaxnorm
133,Q0,SJMN91-06310061,330,0.2281490260392203,minmaxnorm
133,Q0,AP900426-0071,331,0.2265430321683084,minmaxnorm
133,Q0,ZF32-109-005,332,0.22594394199902665,minmaxnorm
133,Q0,SJMN91-06330051,333,0.22545870446646457,minmaxnorm
133,Q0,SJMN91-06283046,334,0.22502632190939806,minmaxnorm
133,Q0,AP901212-0196,335,0.22336274915202212,minmaxnorm
133,Q0,AP900704-0064,336,0.22199305584468032,minmaxnorm
133,Q0,SJMN91-06099068,337,0.22133378764836967,minmaxnorm
133,Q0,AP900430-0151,338,0.22052416188897722,minmaxnorm
133,Q0,SJMN91-06018094,339,0.21920747586008746,minmaxnorm
133,Q0,AP901005-0241,340,0.21844106943736263,minmaxnorm
133,Q0,AP900511-0179,341,0.21770770325339403,minmaxnorm
133,Q0,AP901206-0151,342,0.21451073881730104,minmaxnorm
133,Q0,AP901207-0126,343,0.21400595985913806,minmaxnorm
133,Q0,SJMN91-06360125,344,0.21395008391920897,minmaxnorm
133,Q0,AP901011-0085,345,0.21393130556627554,minmaxnorm
133,Q0,AP901128-0190,346,0.21387396495236857,minmaxnorm
133,Q0,AP900113-0078,347,0.21381726925428235,minmaxnorm
133,Q0,SJMN91-06001017,348,0.21370989549399177,minmaxnorm
133,Q0,AP900602-0014,349,0.21270850460684898,minmaxnorm
133,Q0,AP900604-0218,350,0.21239791016577833,minmaxnorm
133,Q0,AP900409-0177,351,0.21239677558755637,minmaxnorm
133,Q0,AP900319-0277,352,0.21230179436810068,minmaxnorm
133,Q0,AP901205-0212,353,0.2120100871763352,minmaxnorm
133,Q0,AP901208-0078,354,0.20958400285228088,minmaxnorm
133,Q0,AP900510-0039,355,0.2070897197875991,minmaxnorm
133,Q0,SJMN91-06267060,356,0.20704980440024615,minmaxnorm
133,Q0,AP901204-0022,357,0.2068506198587132,minmaxnorm
133,Q0,AP900428-0151,358,0.20514432678496258,minmaxnorm
133,Q0,AP901205-0060,359,0.20500761578198792,minmaxnorm
133,Q0,AP900525-0102,360,0.2042544352254355,minmaxnorm
133,Q0,AP901207-0099,361,0.20081639053332423,minmaxnorm
133,Q0,AP900427-0020,362,0.20013097870767516,minmaxnorm
133,Q0,AP901204-0001,363,0.2000505462645177,minmaxnorm
133,Q0,AP901202-0013,364,0.19960896559446362,minmaxnorm
133,Q0,AP900426-0144,365,0.19902486111863052,minmaxnorm
133,Q0,SJMN91-06361025,366,0.19853754021170755,minmaxnorm
133,Q0,AP900528-0009,367,0.19820049999447556,minmaxnorm
133,Q0,AP901204-0074,368,0.19798054157134826,minmaxnorm
133,Q0,AP901127-0114,369,0.19605382306003588,minmaxnorm
133,Q0,AP901120-0013,370,0.19523328973164197,minmaxnorm
133,Q0,AP901211-0128,371,0.19336103747790356,minmaxnorm
133,Q0,AP901011-0125,372,0.19206218423084898,minmaxnorm
133,Q0,AP900530-0037,373,0.1910280100090453,minmaxnorm
133,Q0,AP900726-0201,374,0.19077089986763315,minmaxnorm
133,Q0,AP901207-0136,375,0.19006793971905164,minmaxnorm
133,Q0,AP900509-0049,376,0.1893204293445359,minmaxnorm
133,Q0,SJMN91-06001013,377,0.18913082254959263,minmaxnorm
133,Q0,AP901208-0111,378,0.1891259345468064,minmaxnorm
133,Q0,AP900830-0080,379,0.18829212265885834,minmaxnorm
133,Q0,AP901129-0026,380,0.18766756843620108,minmaxnorm
133,Q0,AP901220-0168,381,0.1876229201605598,minmaxnorm
133,Q0,AP900110-0107,382,0.18671410801882257,minmaxnorm
133,Q0,SJMN91-06101283,383,0.18575465479871814,minmaxnorm
133,Q0,SJMN91-06117095,384,0.18526411412895225,minmaxnorm
133,Q0,ZF32-060-342,385,0.18523579305075455,minmaxnorm
133,Q0,SJMN91-06101008,386,0.18458772489215636,minmaxnorm
133,Q0,AP901203-0014,387,0.18372484326747823,minmaxnorm
133,Q0,SJMN91-06247014,388,0.1835707741016062,minmaxnorm
133,Q0,SJMN91-06269081,389,0.18343241614169947,minmaxnorm
133,Q0,AP900530-0136,390,0.18342745594668383,minmaxnorm
133,Q0,AP901206-0172,391,0.18302900925273205,minmaxnorm
133,Q0,AP900308-0143,392,0.18299553220471937,minmaxnorm
133,Q0,SJMN91-06138243,393,0.1825962553265917,minmaxnorm
133,Q0,AP900525-0018,394,0.18216722964848198,minmaxnorm
133,Q0,AP901206-0068,395,0.18122518754751538,minmaxnorm
133,Q0,AP900531-0079,396,0.1804943317403019,minmaxnorm
133,Q0,AP900524-0148,397,0.17917077604750747,minmaxnorm
133,Q0,AP900907-0109,398,0.17907513379221546,minmaxnorm
133,Q0,AP901130-0069,399,0.17889874146331677,minmaxnorm
133,Q0,AP901129-0001,400,0.1784111130715841,minmaxnorm
133,Q0,SJMN91-06147095,401,0.17514484420673246,minmaxnorm
133,Q0,SJMN91-06177004,402,0.1742102504685108,minmaxnorm
133,Q0,AP901227-0160,403,0.17284100940436853,minmaxnorm
133,Q0,SJMN91-06103171,404,0.17244618880955495,minmaxnorm
133,Q0,AP901214-0199,405,0.17207333109489695,minmaxnorm
133,Q0,SJMN91-06107059,406,0.1708788293996975,minmaxnorm
133,Q0,SJMN91-06163052,407,0.1703554017488517,minmaxnorm
133,Q0,SJMN91-06217237,408,0.16939431017088394,minmaxnorm
133,Q0,AP900802-0111,409,0.16863855283351198,minmaxnorm
133,Q0,SJMN91-06111075,410,0.16847823728640995,minmaxnorm
133,Q0,AP901203-0008,411,0.16743995704566722,minmaxnorm
133,Q0,AP901218-0081,412,0.1669972638135683,minmaxnorm
133,Q0,AP901217-0129,413,0.16507885787041032,minmaxnorm
133,Q0,AP900514-0187,414,0.16378128782175788,minmaxnorm
133,Q0,SJMN91-06103187,415,0.16266787887741416,minmaxnorm
133,Q0,SJMN91-06103134,416,0.16220049038972845,minmaxnorm
133,Q0,AP900406-0074,417,0.16083550492646015,minmaxnorm
133,Q0,SJMN91-06107056,418,0.15880757327395317,minmaxnorm
133,Q0,AP900725-0034,419,0.15852975541992007,minmaxnorm
133,Q0,AP900911-0151,420,0.15777644942881672,minmaxnorm
133,Q0,SJMN91-06254126,421,0.1570179826707166,minmaxnorm
133,Q0,ZF32-110-098,422,0.15654114420820844,minmaxnorm
133,Q0,AP901129-0028,423,0.15514138991140694,minmaxnorm
133,Q0,ZF310-632-694,424,0.15480723694052995,minmaxnorm
133,Q0,SJMN91-06226074,425,0.1545907562439247,minmaxnorm
133,Q0,SJMN91-06324095,426,0.1544279484203607,minmaxnorm
133,Q0,SJMN91-06337038,427,0.15442325242153362,minmaxnorm
133,Q0,AP900911-0071,428,0.1532727312155324,minmaxnorm
133,Q0,SJMN91-06080256,429,0.152572605949508,minmaxnorm
133,Q0,AP900714-0134,430,0.15159489189414893,minmaxnorm
133,Q0,AP900602-0010,431,0.15129730419736667,minmaxnorm
133,Q0,SJMN91-06219176,432,0.15121680205841748,minmaxnorm
133,Q0,SJMN91-06217250,433,0.15056422335700273,minmaxnorm
133,Q0,SJMN91-06205214,434,0.15035844626285846,minmaxnorm
133,Q0,SJMN91-06065030,435,0.15014867002198246,minmaxnorm
133,Q0,SJMN91-06324075,436,0.14962236240288548,minmaxnorm
133,Q0,AP901026-0025,437,0.1493188946394892,minmaxnorm
133,Q0,AP900303-0147,438,0.14914584273925238,minmaxnorm
133,Q0,SJMN91-06331046,439,0.14811101828675682,minmaxnorm
133,Q0,SJMN91-06303029,440,0.14694380799239554,minmaxnorm
133,Q0,SJMN91-06337043,441,0.14640097370627236,minmaxnorm
133,Q0,AP901126-0021,442,0.14508864607975447,minmaxnorm
133,Q0,AP900531-0021,443,0.14362259350545695,minmaxnorm
133,Q0,AP900718-0090,444,0.1433681029656944,minmaxnorm
133,Q0,SJMN91-06095098,445,0.14323335056729036,minmaxnorm
133,Q0,SJMN91-06325115,446,0.14264663296645233,minmaxnorm
133,Q0,SJMN91-06339122,447,0.14230050260628901,minmaxnorm
133,Q0,ZF32-139-065,448,0.14209126391215213,minmaxnorm
133,Q0,SJMN91-06191096,449,0.14205647707428534,minmaxnorm
133,Q0,SJMN91-06320198,450,0.1418412737583942,minmaxnorm
133,Q0,SJMN91-06117063,451,0.1415011037095756,minmaxnorm
133,Q0,AP900607-0004,452,0.14010167085806924,minmaxnorm
133,Q0,AP900820-0025,453,0.1396619699290445,minmaxnorm
133,Q0,AP900111-0210,454,0.13945611165446392,minmaxnorm
133,Q0,SJMN91-06160074,455,0.13706633509224136,minmaxnorm
133,Q0,AP901210-0046,456,0.1368072074964375,minmaxnorm
133,Q0,AP900708-0022,457,0.13656014232122007,minmaxnorm
133,Q0,AP901108-0128,458,0.13642793201900855,minmaxnorm
133,Q0,AP900710-0093,459,0.13631338243072394,minmaxnorm
133,Q0,SJMN91-06330076,460,0.13529022680528247,minmaxnorm
133,Q0,AP901006-0044,461,0.13523029456204935,minmaxnorm
133,Q0,SJMN91-06207071,462,0.13467743695530135,minmaxnorm
133,Q0,AP900327-0169,463,0.1335591814088881,minmaxnorm
133,Q0,SJMN91-06170108,464,0.13320087185594215,minmaxnorm
133,Q0,ZF32-148-157,465,0.13299667608832486,minmaxnorm
133,Q0,SJMN91-06019028,466,0.13281078705514332,minmaxnorm
133,Q0,SJMN91-06199276,467,0.1325195468935305,minmaxnorm
133,Q0,AP900112-0166,468,0.13162053090823375,minmaxnorm
133,Q0,AP901013-0131,469,0.13100978509861994,minmaxnorm
133,Q0,SJMN91-06198086,470,0.13002570516931383,minmaxnorm
133,Q0,SJMN91-06272014,471,0.12988410814753537,minmaxnorm
133,Q0,AP900329-0170,472,0.1298162542798982,minmaxnorm
133,Q0,AP900514-0093,473,0.12979318024252526,minmaxnorm
133,Q0,SJMN91-06330055,474,0.1297777295760231,minmaxnorm
133,Q0,SJMN91-06150007,475,0.1295105370868278,minmaxnorm
133,Q0,AP900110-0140,476,0.12891003935087725,minmaxnorm
133,Q0,SJMN91-06022057,477,0.12658962296009646,minmaxnorm
133,Q0,SJMN91-06279015,478,0.12652141202423112,minmaxnorm
133,Q0,SJMN91-06196008,479,0.12630797866916826,minmaxnorm
133,Q0,ZF32-133-034,480,0.12305179580658454,minmaxnorm
133,Q0,SJMN91-06109271,481,0.12180200474528628,minmaxnorm
133,Q0,AP901203-0202,482,0.12172965023040008,minmaxnorm
133,Q0,ZF32-223-309,483,0.12152462087077517,minmaxnorm
133,Q0,SJMN91-06193130,484,0.12022458185824783,minmaxnorm
133,Q0,ZF32-028-175,485,0.1195760954871792,minmaxnorm
133,Q0,SJMN91-06089172,486,0.11925485202274583,minmaxnorm
133,Q0,AP900816-0117,487,0.11899686600148936,minmaxnorm
133,Q0,SJMN91-06192123,488,0.11897062415003325,minmaxnorm
133,Q0,ZF32-128-103,489,0.11890631372947169,minmaxnorm
133,Q0,ZF32-067-107,490,0.11863656101524667,minmaxnorm
133,Q0,ZF32-108-351,491,0.11766883022980958,minmaxnorm
133,Q0,AP901219-0144,492,0.11746755587971852,minmaxnorm
133,Q0,AP900818-0082,493,0.11735361943262516,minmaxnorm
133,Q0,AP901203-0226,494,0.11729049490712336,minmaxnorm
133,Q0,AP901220-0118,495,0.11723315720712477,minmaxnorm
133,Q0,SJMN91-06268049,496,0.1172123836806776,minmaxnorm
133,Q0,SJMN91-06193239,497,0.11692118209219485,minmaxnorm
133,Q0,PT3-05155667,498,0.11680432019581787,minmaxnorm
133,Q0,SJMN91-06081221,499,0.11668950092848684,minmaxnorm
133,Q0,SJMN91-06194013,500,0.11645508362769724,minmaxnorm
133,Q0,SJMN91-06268104,501,0.11548841165273613,minmaxnorm
133,Q0,SJMN91-06066077,502,0.11517766753774146,minmaxnorm
133,Q0,ZF32-072-060,503,0.11517334070273538,minmaxnorm
133,Q0,ZF32-294-660,504,0.1146042903786363,minmaxnorm
133,Q0,AP900512-0032,505,0.1145144888118456,minmaxnorm
133,Q0,AP901009-0112,506,0.11435084992625694,minmaxnorm
133,Q0,SJMN91-06142128,507,0.11371508972560518,minmaxnorm
133,Q0,AP900106-0098,508,0.11350472459226708,minmaxnorm
133,Q0,AP900430-0015,509,0.1133281056971335,minmaxnorm
133,Q0,PT3-05155327,510,0.11282972658240119,minmaxnorm
133,Q0,SJMN91-06164213,511,0.11219225869372208,minmaxnorm
133,Q0,AP900130-0015,512,0.11218313278879607,minmaxnorm
133,Q0,AP901208-0136,513,0.11209629675501023,minmaxnorm
133,Q0,SJMN91-06065056,514,0.11198935977864086,minmaxnorm
133,Q0,AP900329-0045,515,0.111369978859028,minmaxnorm
133,Q0,AP900516-0011,516,0.11093144362226147,minmaxnorm
133,Q0,SJMN91-06178237,517,0.11060616083917776,minmaxnorm
133,Q0,SJMN91-06179177,518,0.11026347516069727,minmaxnorm
133,Q0,AP900109-0121,519,0.11025777884698577,minmaxnorm
133,Q0,ZF32-246-323,520,0.1098209748152988,minmaxnorm
133,Q0,ZF32-252-009,521,0.1096934762155695,minmaxnorm
133,Q0,SJMN91-06053123,522,0.10901131190195976,minmaxnorm
133,Q0,SJMN91-06193081,523,0.10896379035071578,minmaxnorm
133,Q0,SJMN91-06348162,524,0.10882345476383459,minmaxnorm
133,Q0,ZF32-116-162,525,0.1076994891208015,minmaxnorm
133,Q0,AP900831-0177,526,0.10746346548475742,minmaxnorm
133,Q0,ZF32-148-137,527,0.10674009234005154,minmaxnorm
133,Q0,AP900919-0077,528,0.10668521979331315,minmaxnorm
133,Q0,SJMN91-06108128,529,0.1062718961437899,minmaxnorm
133,Q0,AP900111-0024,530,0.10582813812954413,minmaxnorm
133,Q0,SJMN91-06219018,531,0.10564728992365788,minmaxnorm
133,Q0,PT3-05154469,532,0.10560774372326363,minmaxnorm
133,Q0,ZF32-196-182,533,0.10545456089594464,minmaxnorm
133,Q0,SJMN91-06128186,534,0.10540770523231335,minmaxnorm
133,Q0,AP901004-0132,535,0.10538988846601938,minmaxnorm
133,Q0,SJMN91-06191174,536,0.10533875606727823,minmaxnorm
133,Q0,AP900914-0003,537,0.1051941070421107,minmaxnorm
133,Q0,ZF32-046-024,538,0.10446008558049086,minmaxnorm
133,Q0,SJMN91-06093043,539,0.10442346487853107,minmaxnorm
133,Q0,SJMN91-06037325,540,0.10416606055206593,minmaxnorm
133,Q0,AP900109-0035,541,0.10400029300378734,minmaxnorm
133,Q0,AP900302-0089,542,0.10381428941437315,minmaxnorm
133,Q0,AP900829-0178,543,0.1032800245435006,minmaxnorm
133,Q0,AP901208-0028,544,0.10316093659457992,minmaxnorm
133,Q0,SJMN91-06012050,545,0.10288185909112917,minmaxnorm
133,Q0,AP900429-0068,546,0.10269682189684995,minmaxnorm
133,Q0,SJMN91-06138060,547,0.10266578254156966,minmaxnorm
133,Q0,ZF32-085-108,548,0.10249272465419652,minmaxnorm
133,Q0,AP900508-0201,549,0.10235269256372777,minmaxnorm
133,Q0,SJMN91-06333194,550,0.10209072080601356,minmaxnorm
133,Q0,AP900112-0098,551,0.10171380659110948,minmaxnorm
133,Q0,AP901117-0084,552,0.10120900203242036,minmaxnorm
133,Q0,AP900504-0119,553,0.1011928427824871,minmaxnorm
133,Q0,SJMN91-06078177,554,0.10112246469752585,minmaxnorm
133,Q0,SJMN91-06087131,555,0.10111258079791083,minmaxnorm
133,Q0,AP901220-0008,556,0.10092943327488323,minmaxnorm
133,Q0,SJMN91-06107210,557,0.10069010165291373,minmaxnorm
133,Q0,ZF32-206-034,558,0.10050290617417008,minmaxnorm
133,Q0,AP900109-0084,559,0.10041508634871774,minmaxnorm
133,Q0,AP900524-0203,560,0.1003524226965329,minmaxnorm
133,Q0,ZF32-354-649,561,0.10028124592665458,minmaxnorm
133,Q0,SJMN91-06027139,562,0.10005887345401747,minmaxnorm
133,Q0,AP900210-0021,563,0.09984852117069656,minmaxnorm
133,Q0,PT3-05154723,564,0.09982943354276376,minmaxnorm
133,Q0,PT3-05176401,565,0.09969042888093735,minmaxnorm
133,Q0,PT3-05154271,566,0.0993974133545209,minmaxnorm
133,Q0,AP900614-0084,567,0.09936398322119,minmaxnorm
133,Q0,SJMN91-06065139,568,0.09921056193168364,minmaxnorm
133,Q0,AP900201-0078,569,0.09885471334465319,minmaxnorm
133,Q0,PT3-05177686,570,0.09868263544758159,minmaxnorm
133,Q0,SJMN91-06135132,571,0.09856208864138798,minmaxnorm
133,Q0,SJMN91-06242218,572,0.09759402252783315,minmaxnorm
133,Q0,SJMN91-06158086,573,0.09752006356608425,minmaxnorm
133,Q0,SJMN91-06227297,574,0.09678255078638336,minmaxnorm
133,Q0,SJMN91-06173173,575,0.09644110352377333,minmaxnorm
133,Q0,SJMN91-06135197,576,0.09639232658198597,minmaxnorm
133,Q0,AP900907-0018,577,0.09628921871303218,minmaxnorm
133,Q0,AP900329-0007,578,0.09535648783746936,minmaxnorm
133,Q0,SJMN91-06231109,579,0.09485243848553185,minmaxnorm
133,Q0,AP900215-0086,580,0.09476103271530567,minmaxnorm
133,Q0,AP900303-0017,581,0.0946882531970124,minmaxnorm
133,Q0,SJMN91-06119074,582,0.0946619605841023,minmaxnorm
133,Q0,ZF32-035-148,583,0.09464915690517298,minmaxnorm
133,Q0,SJMN91-06102069,584,0.09443750148292575,minmaxnorm
133,Q0,AP900409-0185,585,0.09428098841766383,minmaxnorm
133,Q0,ZF32-109-006,586,0.09416424007455992,minmaxnorm
133,Q0,AP901108-0012,587,0.09398079287815679,minmaxnorm
133,Q0,AP900529-0009,588,0.0933409641684022,minmaxnorm
133,Q0,AP900109-0130,589,0.0932873209077952,minmaxnorm
133,Q0,SJMN91-06101282,590,0.09320056919099082,minmaxnorm
133,Q0,AP901006-0103,591,0.09281900552662292,minmaxnorm
133,Q0,AP900626-0151,592,0.09279126926314324,minmaxnorm
133,Q0,AP900325-0049,593,0.09278187967915974,minmaxnorm
133,Q0,AP900405-0177,594,0.09271337868756652,minmaxnorm
133,Q0,SJMN91-06305166,595,0.09263624600233908,minmaxnorm
133,Q0,SJMN91-06164154,596,0.09233463873657813,minmaxnorm
133,Q0,SJMN91-06204194,597,0.09215822856569547,minmaxnorm
133,Q0,AP901126-0193,598,0.09214133923283596,minmaxnorm
133,Q0,SJMN91-06311197,599,0.09211088470557302,minmaxnorm
133,Q0,AP901116-0150,600,0.09201922783379941,minmaxnorm
133,Q0,SJMN91-06137277,601,0.09158737429084039,minmaxnorm
133,Q0,SJMN91-06029043,602,0.09140673565994967,minmaxnorm
133,Q0,ZF32-196-177,603,0.09120829817008905,minmaxnorm
133,Q0,PT3-05131245,604,0.0908378379309734,minmaxnorm
133,Q0,PT3-05175960,605,0.09063573552195384,minmaxnorm
133,Q0,PT3-05154134,606,0.09053759817669568,minmaxnorm
133,Q0,ZF32-148-184,607,0.09053613930044471,minmaxnorm
133,Q0,AP900824-0158,608,0.09039810168852476,minmaxnorm
133,Q0,SJMN91-06068072,609,0.09003259737952996,minmaxnorm
133,Q0,SJMN91-06100154,610,0.08995004582813432,minmaxnorm
133,Q0,SJMN91-06192095,611,0.0899135834835636,minmaxnorm
133,Q0,AP900113-0052,612,0.08975521969679241,minmaxnorm
133,Q0,AP900207-0132,613,0.08967292007302043,minmaxnorm
133,Q0,SJMN91-06191234,614,0.08959980730529596,minmaxnorm
133,Q0,AP900427-0040,615,0.08956326590854578,minmaxnorm
133,Q0,AP900824-0161,616,0.08941051331015881,minmaxnorm
133,Q0,AP900102-0066,617,0.08939353673472625,minmaxnorm
133,Q0,PT3-D0332458,618,0.08936018361493396,minmaxnorm
133,Q0,SJMN91-06025038,619,0.08931484207018825,minmaxnorm
133,Q0,SJMN91-06075221,620,0.08918644649893612,minmaxnorm
133,Q0,SJMN91-06107025,621,0.08905499779236126,minmaxnorm
133,Q0,AP901117-0004,622,0.08893929227740927,minmaxnorm
133,Q0,AP900721-0027,623,0.08890614539134038,minmaxnorm
133,Q0,AP900302-0128,624,0.0888882234678001,minmaxnorm
133,Q0,ZF32-086-305,625,0.08878226728854728,minmaxnorm
133,Q0,AP901222-0030,626,0.08872279458583575,minmaxnorm
133,Q0,ZF32-010-222,627,0.08840447824720583,minmaxnorm
133,Q0,ZF310-599-207,628,0.0883793031678556,minmaxnorm
133,Q0,SJMN91-06243020,629,0.0882869750095192,minmaxnorm
133,Q0,AP900713-0078,630,0.08809238804791489,minmaxnorm
133,Q0,SJMN91-06196010,631,0.08808868503159974,minmaxnorm
133,Q0,AP900107-0078,632,0.0880305751808936,minmaxnorm
133,Q0,AP900904-0014,633,0.08795306409397213,minmaxnorm
133,Q0,AP900120-0036,634,0.08786401065254844,minmaxnorm
133,Q0,PT3-05176485,635,0.08777419421657864,minmaxnorm
133,Q0,ZF32-065-255,636,0.08716839465653506,minmaxnorm
133,Q0,SJMN91-06102039,637,0.08689551349962156,minmaxnorm
133,Q0,ZF32-354-651,638,0.08687833243372521,minmaxnorm
133,Q0,AP901208-0118,639,0.08637813192487556,minmaxnorm
133,Q0,ZF32-114-037,640,0.08622940652855098,minmaxnorm
133,Q0,AP900517-0271,641,0.08592176250423401,minmaxnorm
133,Q0,AP900202-0135,642,0.08575038802769963,minmaxnorm
133,Q0,SJMN91-06243199,643,0.08569886310552288,minmaxnorm
133,Q0,SJMN91-06243268,644,0.08567916226326985,minmaxnorm
133,Q0,AP900427-0144,645,0.08553303009814404,minmaxnorm
133,Q0,ZF310-717-951,646,0.08539624152416445,minmaxnorm
133,Q0,AP900516-0015,647,0.0852868421595803,minmaxnorm
133,Q0,AP900608-0111,648,0.08502565043616653,minmaxnorm
133,Q0,ZF32-217-204,649,0.08476950873414703,minmaxnorm
133,Q0,SJMN91-06059228,650,0.0842953284833637,minmaxnorm
133,Q0,AP900413-0091,651,0.08409206303943575,minmaxnorm
133,Q0,AP900208-0028,652,0.08402551363295513,minmaxnorm
133,Q0,SJMN91-06178165,653,0.0839321389042167,minmaxnorm
133,Q0,AP900303-0016,654,0.0838984160035602,minmaxnorm
133,Q0,SJMN91-06114236,655,0.08380630473946848,minmaxnorm
133,Q0,SJMN91-06148003,656,0.08374498480687768,minmaxnorm
133,Q0,SJMN91-06122169,657,0.08336260431061382,minmaxnorm
133,Q0,SJMN91-06193200,658,0.08334291863891921,minmaxnorm
133,Q0,AP900310-0011,659,0.08327180842803185,minmaxnorm
133,Q0,SJMN91-06178269,660,0.08243312939858993,minmaxnorm
133,Q0,SJMN91-06124123,661,0.0824133999319908,minmaxnorm
133,Q0,SJMN91-06135095,662,0.08234562988654884,minmaxnorm
133,Q0,AP900210-0115,663,0.08194451319842799,minmaxnorm
133,Q0,PT3-05154257,664,0.08176152532618365,minmaxnorm
133,Q0,ZF32-255-065,665,0.0817152804698205,minmaxnorm
133,Q0,SJMN91-06296161,666,0.08164593606544174,minmaxnorm
133,Q0,AP900122-0046,667,0.08155366715722259,minmaxnorm
133,Q0,AP901129-0143,668,0.08114921288733211,minmaxnorm
133,Q0,AP901214-0023,669,0.08098527332383534,minmaxnorm
133,Q0,AP900117-0144,670,0.08097026087345867,minmaxnorm
133,Q0,AP900210-0092,671,0.08080902816403585,minmaxnorm
133,Q0,AP901217-0102,672,0.08078922768141797,minmaxnorm
133,Q0,AP901202-0040,673,0.08078131401185917,minmaxnorm
133,Q0,AP900301-0004,674,0.08066958464060103,minmaxnorm
133,Q0,ZF32-257-047,675,0.08064378327797794,minmaxnorm
133,Q0,PT3-05154104,676,0.08039628981671924,minmaxnorm
133,Q0,AP901113-0020,677,0.07972700385295627,minmaxnorm
133,Q0,SJMN91-06098265,678,0.07917677433944886,minmaxnorm
133,Q0,SJMN91-06213216,679,0.07838079208411554,minmaxnorm
133,Q0,AP900516-0067,680,0.07818436844053286,minmaxnorm
133,Q0,ZF32-199-077,681,0.07814423062234262,minmaxnorm
133,Q0,AP901120-0217,682,0.07805139718500746,minmaxnorm
133,Q0,PT3-05179466,683,0.0779559143028564,minmaxnorm
133,Q0,SJMN91-06020191,684,0.07784142556436952,minmaxnorm
133,Q0,AP901107-0197,685,0.07779703747659028,minmaxnorm
133,Q0,ZF32-132-308,686,0.07775458757276837,minmaxnorm
133,Q0,SJMN91-06107002,687,0.0775971112414825,minmaxnorm
133,Q0,SJMN91-06128190,688,0.07746167580831453,minmaxnorm
133,Q0,SJMN91-06092142,689,0.0772784206895819,minmaxnorm
133,Q0,PT3-05155508,690,0.07722465624058042,minmaxnorm
133,Q0,PT3-05132622,691,0.07716751859844559,minmaxnorm
133,Q0,PT3-05176393,692,0.07714551395892545,minmaxnorm
133,Q0,AP901122-0031,693,0.07702685366802128,minmaxnorm
133,Q0,SJMN91-06140165,694,0.07693424589259401,minmaxnorm
133,Q0,ZF32-203-180,695,0.07685864896768543,minmaxnorm
133,Q0,SJMN91-06293025,696,0.07684566850547447,minmaxnorm
133,Q0,SJMN91-06154094,697,0.07682634021194082,minmaxnorm
133,Q0,AP900819-0004,698,0.07673351826789739,minmaxnorm
133,Q0,SJMN91-06083125,699,0.0766469446408824,minmaxnorm
133,Q0,AP900726-0040,700,0.07657282490426773,minmaxnorm
133,Q0,AP900317-0088,701,0.07630826964433614,minmaxnorm
133,Q0,SJMN91-06140011,702,0.07607258211480979,minmaxnorm
133,Q0,SJMN91-06120096,703,0.07602078043333392,minmaxnorm
133,Q0,SJMN91-06107058,704,0.07596206588041861,minmaxnorm
133,Q0,AP900330-0186,705,0.07548819374059187,minmaxnorm
133,Q0,AP900511-0093,706,0.07524897794070702,minmaxnorm
133,Q0,AP900329-0089,707,0.07505734005317419,minmaxnorm
133,Q0,PT3-05178252,708,0.07490054427149984,minmaxnorm
133,Q0,AP901202-0082,709,0.07470709127225356,minmaxnorm
133,Q0,AP900614-0024,710,0.07469709835759501,minmaxnorm
133,Q0,AP900301-0208,711,0.07439925249598503,minmaxnorm
133,Q0,AP900903-0129,712,0.07435301002271619,minmaxnorm
133,Q0,PT3-05178499,713,0.0743518089401056,minmaxnorm
133,Q0,AP900329-0198,714,0.07430109541681597,minmaxnorm
133,Q0,AP900602-0068,715,0.07404229175038984,minmaxnorm
133,Q0,AP900324-0017,716,0.07399700726785799,minmaxnorm
133,Q0,AP900602-0042,717,0.07381640274353152,minmaxnorm
133,Q0,AP900214-0121,718,0.07366212875675573,minmaxnorm
133,Q0,AP900130-0180,719,0.07361480334570017,minmaxnorm
133,Q0,AP901003-0022,720,0.07338192978440873,minmaxnorm
133,Q0,AP900110-0001,721,0.07326319573860637,minmaxnorm
133,Q0,AP900316-0213,722,0.07317936078062529,minmaxnorm
133,Q0,PT3-D0332203,723,0.07310615904734909,minmaxnorm
133,Q0,ZF310-690-245,724,0.0729543500500103,minmaxnorm
133,Q0,AP900515-0160,725,0.07278505193920648,minmaxnorm
133,Q0,AP900608-0033,726,0.0726424861492792,minmaxnorm
133,Q0,AP901205-0135,727,0.07251309149495433,minmaxnorm
133,Q0,AP900327-0100,728,0.07245194992594742,minmaxnorm
133,Q0,AP900709-0103,729,0.07232325534350513,minmaxnorm
133,Q0,AP901009-0137,730,0.07224809433847355,minmaxnorm
133,Q0,SJMN91-06122209,731,0.07223553250466513,minmaxnorm
133,Q0,AP900510-0089,732,0.07222984727508983,minmaxnorm
133,Q0,AP901202-0028,733,0.0719040084219703,minmaxnorm
133,Q0,PT3-05131186,734,0.07166687462756367,minmaxnorm
133,Q0,PT3-05178505,735,0.07161813585146193,minmaxnorm
133,Q0,AP900517-0156,736,0.07159917116355291,minmaxnorm
133,Q0,ZF32-144-051,737,0.0714926694163402,minmaxnorm
133,Q0,AP900317-0030,738,0.0714779036369969,minmaxnorm
133,Q0,AP900302-0055,739,0.07144938052394532,minmaxnorm
133,Q0,AP901207-0170,740,0.07116343245208208,minmaxnorm
133,Q0,ZF32-208-098,741,0.07113904941076056,minmaxnorm
133,Q0,AP900131-0027,742,0.07103612233823846,minmaxnorm
133,Q0,SJMN91-06170104,743,0.0710004616581302,minmaxnorm
133,Q0,AP901005-0092,744,0.0709087269353016,minmaxnorm
133,Q0,ZF32-244-180,745,0.07085650194940381,minmaxnorm
133,Q0,ZF32-064-045,746,0.0708215497340286,minmaxnorm
133,Q0,AP901105-0002,747,0.0707092275867158,minmaxnorm
133,Q0,ZF32-150-278,748,0.07066681011746231,minmaxnorm
133,Q0,AP901112-0068,749,0.0706039933523204,minmaxnorm
133,Q0,AP900402-0005,750,0.0704550992192799,minmaxnorm
133,Q0,SJMN91-06099209,751,0.07043632915231957,minmaxnorm
133,Q0,ZF32-067-090,752,0.07002561502301172,minmaxnorm
133,Q0,AP901101-0079,753,0.06993015887516917,minmaxnorm
133,Q0,AP900129-0101,754,0.0696156653880109,minmaxnorm
133,Q0,AP900509-0065,755,0.06952662119895602,minmaxnorm
133,Q0,AP901030-0087,756,0.06952363252353701,minmaxnorm
133,Q0,ZF32-219-042,757,0.0694399925232611,minmaxnorm
133,Q0,AP901008-0121,758,0.06910387361169872,minmaxnorm
133,Q0,AP901023-0116,759,0.0690222591668211,minmaxnorm
133,Q0,ZF32-205-392,760,0.06897592138204893,minmaxnorm
133,Q0,SJMN91-06285166,761,0.06891111001858533,minmaxnorm
133,Q0,AP900211-0008,762,0.06871523227635756,minmaxnorm
133,Q0,SJMN91-06167043,763,0.06849892340739565,minmaxnorm
133,Q0,AP901120-0174,764,0.06839121389314476,minmaxnorm
133,Q0,ZF32-217-142,765,0.06830760103695702,minmaxnorm
133,Q0,PT3-05155683,766,0.06809735093294597,minmaxnorm
133,Q0,PT3-05154561,767,0.06790040404784681,minmaxnorm
133,Q0,AP900219-0161,768,0.06773023981932452,minmaxnorm
133,Q0,SJMN91-06294255,769,0.0676526559952424,minmaxnorm
133,Q0,AP900521-0106,770,0.06762452094699999,minmaxnorm
133,Q0,SJMN91-06068152,771,0.06750555533038936,minmaxnorm
133,Q0,AP900221-0129,772,0.06738820773047151,minmaxnorm
133,Q0,AP900130-0147,773,0.06737971068090734,minmaxnorm
133,Q0,AP901024-0107,774,0.0673409090357541,minmaxnorm
133,Q0,SJMN91-06113207,775,0.06716687264491464,minmaxnorm
133,Q0,ZF32-023-108,776,0.06711340374210445,minmaxnorm
133,Q0,AP900118-0223,777,0.06702689618337644,minmaxnorm
133,Q0,SJMN91-06146089,778,0.06695968614526021,minmaxnorm
133,Q0,SJMN91-06052167,779,0.06688046977911033,minmaxnorm
133,Q0,SJMN91-06016253,780,0.06682461428835215,minmaxnorm
133,Q0,SJMN91-06057088,781,0.06676593561824419,minmaxnorm
133,Q0,SJMN91-06016159,782,0.06670049275933108,minmaxnorm
133,Q0,SJMN91-06200113,783,0.06668383677357127,minmaxnorm
133,Q0,ZF32-076-174,784,0.06664146887404543,minmaxnorm
133,Q0,SJMN91-06009029,785,0.06663621227162567,minmaxnorm
133,Q0,PT3-05178433,786,0.06662431899970744,minmaxnorm
133,Q0,SJMN91-06100008,787,0.06659772471294088,minmaxnorm
133,Q0,PT3-05179502,788,0.06655396623849179,minmaxnorm
133,Q0,SJMN91-06259066,789,0.06654521437038852,minmaxnorm
133,Q0,SJMN91-06103063,790,0.06636579587367014,minmaxnorm
133,Q0,AP900515-0216,791,0.06615451625817692,minmaxnorm
133,Q0,SJMN91-06189077,792,0.06606181218076078,minmaxnorm
133,Q0,PT3-05175905,793,0.06580645542454333,minmaxnorm
133,Q0,SJMN91-06112018,794,0.06574012514259572,minmaxnorm
133,Q0,SJMN91-06158062,795,0.06540571885789141,minmaxnorm
133,Q0,ZF32-199-161,796,0.0652370926091892,minmaxnorm
133,Q0,SJMN91-06313139,797,0.06522129562522899,minmaxnorm
133,Q0,SJMN91-06145078,798,0.06512373888760338,minmaxnorm
133,Q0,AP900725-0077,799,0.06502408066238999,minmaxnorm
133,Q0,AP901011-0099,800,0.0649859154623267,minmaxnorm
133,Q0,SJMN91-06260065,801,0.06474778563235511,minmaxnorm
133,Q0,AP901030-0005,802,0.06464089778760322,minmaxnorm
133,Q0,SJMN91-06193165,803,0.06460479082166634,minmaxnorm
133,Q0,SJMN91-06215073,804,0.06451754914124114,minmaxnorm
133,Q0,AP900516-0234,805,0.0645086478281603,minmaxnorm
133,Q0,ZF32-109-002,806,0.06439459544544118,minmaxnorm
133,Q0,ZF32-109-003,807,0.06439193138541904,minmaxnorm
133,Q0,ZF32-132-157,808,0.06417741527159244,minmaxnorm
133,Q0,AP901031-0172,809,0.06409699209556637,minmaxnorm
133,Q0,AP900723-0003,810,0.06408581281605592,minmaxnorm
133,Q0,ZF32-035-162,811,0.06401255857754605,minmaxnorm
133,Q0,AP900104-0128,812,0.06398471545982805,minmaxnorm
133,Q0,AP900413-0183,813,0.06383580747382918,minmaxnorm
133,Q0,AP900215-0046,814,0.06377576641432713,minmaxnorm
133,Q0,AP901207-0190,815,0.06371173629216177,minmaxnorm
133,Q0,AP900929-0016,816,0.06334056399726874,minmaxnorm
133,Q0,SJMN91-06158028,817,0.06332909036882912,minmaxnorm
133,Q0,SJMN91-06193235,818,0.06331579282044997,minmaxnorm
133,Q0,SJMN91-06256111,819,0.0632755412041403,minmaxnorm
133,Q0,SJMN91-06122227,820,0.06320834269154596,minmaxnorm
133,Q0,AP900309-0115,821,0.06313092371682444,minmaxnorm
133,Q0,AP900515-0074,822,0.06300826125713532,minmaxnorm
133,Q0,SJMN91-06107003,823,0.06291768827587671,minmaxnorm
133,Q0,ZF32-091-064,824,0.06284637030671153,minmaxnorm
133,Q0,AP900608-0120,825,0.06275339235866194,minmaxnorm
133,Q0,SJMN91-06264235,826,0.06268474013634805,minmaxnorm
133,Q0,AP900517-0168,827,0.06247685835334915,minmaxnorm
133,Q0,SJMN91-06066037,828,0.062375484081668195,minmaxnorm
133,Q0,SJMN91-06277227,829,0.0623733222716531,minmaxnorm
133,Q0,PT3-05155363,830,0.0623144867031569,minmaxnorm
133,Q0,AP901211-0020,831,0.06231086249166496,minmaxnorm
133,Q0,AP900629-0114,832,0.0622133974976215,minmaxnorm
133,Q0,AP901217-0068,833,0.06221311066375928,minmaxnorm
133,Q0,SJMN91-06010213,834,0.06206969724144274,minmaxnorm
133,Q0,SJMN91-06010167,835,0.062027860746310774,minmaxnorm
133,Q0,SJMN91-06257265,836,0.06179948889194344,minmaxnorm
133,Q0,AP900329-0199,837,0.0614584901500224,minmaxnorm
133,Q0,AP900224-0065,838,0.061411006459387144,minmaxnorm
133,Q0,AP900105-0033,839,0.06141047164671491,minmaxnorm
133,Q0,PT3-05176867,840,0.06115794905825541,minmaxnorm
133,Q0,ZF32-120-187,841,0.06112330370772713,minmaxnorm
133,Q0,PT3-05131178,842,0.06108545912393727,minmaxnorm
133,Q0,SJMN91-06130151,843,0.0609276603135242,minmaxnorm
133,Q0,SJMN91-06194213,844,0.060918633470920976,minmaxnorm
133,Q0,AP901030-0110,845,0.06081149875755573,minmaxnorm
133,Q0,AP901130-0015,846,0.0605808450728158,minmaxnorm
133,Q0,SJMN91-06128234,847,0.060529767972519175,minmaxnorm
133,Q0,SJMN91-06262251,848,0.06048660783595883,minmaxnorm
133,Q0,AP901106-0017,849,0.06033797273550399,minmaxnorm
133,Q0,PT3-05177847,850,0.060251503429752204,minmaxnorm
133,Q0,SJMN91-06061198,851,0.06023488081464799,minmaxnorm
133,Q0,PT3-05154398,852,0.060029820090553715,minmaxnorm
133,Q0,SJMN91-06158218,853,0.059960801881700485,minmaxnorm
133,Q0,AP900516-0242,854,0.059917938203675344,minmaxnorm
133,Q0,SJMN91-06225065,855,0.059865955268624135,minmaxnorm
133,Q0,SJMN91-06123060,856,0.05978408303544977,minmaxnorm
133,Q0,ZF32-125-041,857,0.059599879402008296,minmaxnorm
133,Q0,AP900915-0081,858,0.05955861004690292,minmaxnorm
133,Q0,SJMN91-06215017,859,0.059454489163096896,minmaxnorm
133,Q0,SJMN91-06117094,860,0.059428316244195846,minmaxnorm
133,Q0,AP900911-0126,861,0.0591744938282698,minmaxnorm
133,Q0,PT3-05154438,862,0.05914115296566805,minmaxnorm
133,Q0,AP900104-0006,863,0.05899513704895436,minmaxnorm
133,Q0,SJMN91-06220192,864,0.05898615049519408,minmaxnorm
133,Q0,SJMN91-06008002,865,0.05889154454503755,minmaxnorm
133,Q0,PT3-05176219,866,0.05887621559771872,minmaxnorm
133,Q0,SJMN91-06183107,867,0.058858391396649466,minmaxnorm
133,Q0,SJMN91-06219224,868,0.058668828303766754,minmaxnorm
133,Q0,AP900829-0076,869,0.05865551279279659,minmaxnorm
133,Q0,SJMN91-06191231,870,0.05858811232609678,minmaxnorm
133,Q0,AP900625-0143,871,0.05854353899613262,minmaxnorm
133,Q0,AP900627-0047,872,0.05854352858159546,minmaxnorm
133,Q0,AP900531-0146,873,0.05854312428381378,minmaxnorm
133,Q0,SJMN91-06098048,874,0.058395487300011796,minmaxnorm
133,Q0,AP900726-0166,875,0.058312721705132374,minmaxnorm
133,Q0,AP901115-0177,876,0.05829854307201051,minmaxnorm
133,Q0,ZF32-061-068,877,0.05827260953900036,minmaxnorm
133,Q0,SJMN91-06225008,878,0.05817885871496911,minmaxnorm
133,Q0,SJMN91-06334185,879,0.05781129991285597,minmaxnorm
133,Q0,PT3-05154685,880,0.05771424238854265,minmaxnorm
133,Q0,AP901102-0146,881,0.05756419956737911,minmaxnorm
133,Q0,PT3-05155556,882,0.05739171919283272,minmaxnorm
133,Q0,AP900227-0068,883,0.0572547741396345,minmaxnorm
133,Q0,AP900211-0035,884,0.05724613824542309,minmaxnorm
133,Q0,PT3-05177563,885,0.0570577446541949,minmaxnorm
133,Q0,PT3-05131217,886,0.05703150470000124,minmaxnorm
133,Q0,AP900224-0158,887,0.057006097218710396,minmaxnorm
133,Q0,AP900927-0095,888,0.05699474652563705,minmaxnorm
133,Q0,ZF32-275-041,889,0.05665442532764729,minmaxnorm
133,Q0,ZF32-134-346,890,0.05663222387773629,minmaxnorm
133,Q0,SJMN91-06268073,891,0.05661731408376797,minmaxnorm
133,Q0,ZF32-269-017,892,0.056468531427222676,minmaxnorm
133,Q0,SJMN91-06092029,893,0.05646287736030721,minmaxnorm
133,Q0,AP901107-0237,894,0.056387922706784395,minmaxnorm
133,Q0,SJMN91-06006200,895,0.056232727771944546,minmaxnorm
133,Q0,AP900214-0098,896,0.05621596984053655,minmaxnorm
133,Q0,AP900725-0052,897,0.05612329311175148,minmaxnorm
133,Q0,AP901004-0034,898,0.05584883973316546,minmaxnorm
133,Q0,ZF32-150-263,899,0.05573281075547527,minmaxnorm
133,Q0,PT3-05176651,900,0.05541350664240644,minmaxnorm
133,Q0,SJMN91-06092084,901,0.05538123835693309,minmaxnorm
133,Q0,AP900302-0142,902,0.05532458066423636,minmaxnorm
133,Q0,AP900222-0104,903,0.05498942892003737,minmaxnorm
133,Q0,SJMN91-06194172,904,0.054714211937489855,minmaxnorm
133,Q0,AP900316-0152,905,0.05465092485614757,minmaxnorm
133,Q0,AP900112-0118,906,0.05455615847791155,minmaxnorm
133,Q0,SJMN91-06096158,907,0.054524069146063406,minmaxnorm
133,Q0,AP900321-0027,908,0.05449404160425605,minmaxnorm
133,Q0,ZF32-088-291,909,0.054389991145095774,minmaxnorm
133,Q0,AP900607-0017,910,0.05437882318884888,minmaxnorm
133,Q0,AP900919-0034,911,0.054293316711326055,minmaxnorm
133,Q0,AP900926-0003,912,0.05416929271956884,minmaxnorm
133,Q0,ZF32-199-188,913,0.05412216248011599,minmaxnorm
133,Q0,SJMN91-06004194,914,0.05409880766781143,minmaxnorm
133,Q0,PT3-05177961,915,0.05409106426661765,minmaxnorm
133,Q0,AP900108-0087,916,0.054047609402011525,minmaxnorm
133,Q0,SJMN91-06070034,917,0.05381790582710791,minmaxnorm
133,Q0,AP901115-0156,918,0.05373241573079115,minmaxnorm
133,Q0,AP900228-0102,919,0.05373018736755483,minmaxnorm
133,Q0,PT3-05178384,920,0.05356195737378092,minmaxnorm
133,Q0,AP900713-0152,921,0.05321761458333357,minmaxnorm
133,Q0,AP901121-0023,922,0.05314140936466291,minmaxnorm
133,Q0,SJMN91-06159184,923,0.05309169911259331,minmaxnorm
133,Q0,SJMN91-06262066,924,0.0528968944823205,minmaxnorm
133,Q0,AP901012-0038,925,0.052782413570308884,minmaxnorm
133,Q0,ZF32-060-269,926,0.0526955149992239,minmaxnorm
133,Q0,AP900321-0149,927,0.052631073310893936,minmaxnorm
133,Q0,AP900124-0160,928,0.05245485959297903,minmaxnorm
133,Q0,SJMN91-06096185,929,0.05213001402039696,minmaxnorm
133,Q0,SJMN91-06194260,930,0.052041316495668184,minmaxnorm
133,Q0,SJMN91-06277063,931,0.05200825318927184,minmaxnorm
133,Q0,PT3-05176597,932,0.05191647164553382,minmaxnorm
133,Q0,PT3-05154569,933,0.051698732590384995,minmaxnorm
133,Q0,PT3-05178432,934,0.05165886280780866,minmaxnorm
133,Q0,AP900509-0148,935,0.05159058495811167,minmaxnorm
133,Q0,ZF32-224-045,936,0.0515237047481296,minmaxnorm
133,Q0,PT3-05179306,937,0.05130014166372283,minmaxnorm
133,Q0,SJMN91-06261001,938,0.05119363139298923,minmaxnorm
133,Q0,PT3-05177870,939,0.05114362159987607,minmaxnorm
133,Q0,PT3-05176329,940,0.05111158815009536,minmaxnorm
133,Q0,SJMN91-06228136,941,0.05095399860283401,minmaxnorm
133,Q0,PT3-05154240,942,0.050894853367564705,minmaxnorm
133,Q0,ZF32-011-037,943,0.050760361292990885,minmaxnorm
133,Q0,SJMN91-06140102,944,0.05071103087035085,minmaxnorm
133,Q0,ZF32-028-159,945,0.05060845002654345,minmaxnorm
133,Q0,PT3-05154678,946,0.050339110007898966,minmaxnorm
133,Q0,SJMN91-06158043,947,0.05016335347264234,minmaxnorm
133,Q0,AP901115-0083,948,0.049964594629012586,minmaxnorm
133,Q0,AP900516-0021,949,0.049674876745432826,minmaxnorm
133,Q0,ZF32-148-179,950,0.04956512258629679,minmaxnorm
133,Q0,AP900816-0145,951,0.049517486539617926,minmaxnorm
133,Q0,PT3-05176677,952,0.04943138524643702,minmaxnorm
133,Q0,AP901111-0046,953,0.0493648672312342,minmaxnorm
133,Q0,SJMN91-06348216,954,0.04922524135226244,minmaxnorm
133,Q0,AP900322-0162,955,0.049203297674079265,minmaxnorm
133,Q0,PT3-05131257,956,0.04919117572419732,minmaxnorm
133,Q0,AP900402-0004,957,0.049024927287627175,minmaxnorm
133,Q0,AP900329-0197,958,0.04899505848924766,minmaxnorm
133,Q0,SJMN91-06279077,959,0.04898572502567788,minmaxnorm
133,Q0,AP900914-0175,960,0.04898025259816158,minmaxnorm
133,Q0,PT3-05176415,961,0.048915738538691744,minmaxnorm
133,Q0,SJMN91-06259252,962,0.048878937206680684,minmaxnorm
133,Q0,PT3-05176551,963,0.048810048268015875,minmaxnorm
133,Q0,SJMN91-06152116,964,0.04866508375106094,minmaxnorm
133,Q0,ZF32-085-170,965,0.04862240325645554,minmaxnorm
133,Q0,SJMN91-06066179,966,0.04857413322783734,minmaxnorm
133,Q0,SJMN91-06260081,967,0.048295864158335734,minmaxnorm
133,Q0,AP900110-0083,968,0.048281960039468615,minmaxnorm
133,Q0,AP900417-0056,969,0.04807788615689123,minmaxnorm
133,Q0,AP901010-0135,970,0.048074835267636055,minmaxnorm
133,Q0,ZF32-279-099,971,0.04797573392671875,minmaxnorm
133,Q0,AP900222-0144,972,0.04788525161724355,minmaxnorm
133,Q0,AP900829-0089,973,0.047676865391862104,minmaxnorm
133,Q0,SJMN91-06222208,974,0.04765782601907177,minmaxnorm
133,Q0,SJMN91-06189040,975,0.0476507532846587,minmaxnorm
133,Q0,ZF32-148-156,976,0.04764627796198777,minmaxnorm
133,Q0,PT3-05178279,977,0.04764133834456759,minmaxnorm
133,Q0,PT3-05154298,978,0.04759380294058726,minmaxnorm
133,Q0,PT3-05178584,979,0.047553957434054536,minmaxnorm
133,Q0,PT3-05154568,980,0.04753573508737151,minmaxnorm
133,Q0,PT3-05176047,981,0.04750013464763919,minmaxnorm
133,Q0,SJMN91-06147157,982,0.04747181293846539,minmaxnorm
133,Q0,PT3-05154348,983,0.047445021775944625,minmaxnorm
133,Q0,SJMN91-06046139,984,0.04743226871729977,minmaxnorm
133,Q0,PT3-05178061,985,0.04741291952208576,minmaxnorm
133,Q0,PT3-05176489,986,0.04722632442906684,minmaxnorm
133,Q0,AP900613-0003,987,0.04714109435259521,minmaxnorm
133,Q0,ZF32-042-031,988,0.04711685687830541,minmaxnorm
133,Q0,PT3-05178200,989,0.046961781271108775,minmaxnorm
133,Q0,PT3-05176484,990,0.04677152238731604,minmaxnorm
133,Q0,SJMN91-06165029,991,0.046752859795319485,minmaxnorm
133,Q0,SJMN91-06036057,992,0.04665678830134001,minmaxnorm
133,Q0,AP900926-0136,993,0.04664122499814374,minmaxnorm
133,Q0,AP901103-0131,994,0.04659263233704691,minmaxnorm
133,Q0,PT3-05155423,995,0.046286248883598176,minmaxnorm
133,Q0,PT3-05178369,996,0.046285098926431706,minmaxnorm
133,Q0,ZF32-300-112,997,0.046211177218942696,minmaxnorm
133,Q0,ZF32-071-022,998,0.04600088441609497,minmaxnorm
133,Q0,AP900214-0021,999,0.045857735321915886,minmaxnorm
133,Q0,PT3-05176208,1000,0.04585493953567465,minmaxnorm
140,Q0,AP900613-0223,1,0.501078604836995,minmaxnorm
140,Q0,AP900618-0005,2,0.4994662355791399,minmaxnorm
140,Q0,AP900713-0186,3,0.4817314686600924,minmaxnorm
140,Q0,AP900615-0081,4,0.46903443219830626,minmaxnorm
140,Q0,SJMN91-06363085,5,0.4118123049675013,minmaxnorm
140,Q0,AP900615-0049,6,0.3922187103948331,minmaxnorm
140,Q0,AP900613-0197,7,0.3901041950048305,minmaxnorm
140,Q0,AP900614-0052,8,0.38920333446664684,minmaxnorm
140,Q0,AP900615-0144,9,0.38861620117428464,minmaxnorm
140,Q0,AP900723-0187,10,0.3873650811284434,minmaxnorm
140,Q0,AP900925-0204,11,0.3793131043377665,minmaxnorm
140,Q0,AP900930-0007,12,0.3765667215110963,minmaxnorm
140,Q0,AP900613-0076,13,0.37638625759205446,minmaxnorm
140,Q0,AP901103-0052,14,0.37039307688079,minmaxnorm
140,Q0,AP900506-0011,15,0.36473210050930055,minmaxnorm
140,Q0,AP900612-0066,16,0.351662017442831,minmaxnorm
140,Q0,AP900120-0087,17,0.3464164191109385,minmaxnorm
140,Q0,SJMN91-06183057,18,0.3452585659509374,minmaxnorm
140,Q0,AP901231-0023,19,0.3433617467390491,minmaxnorm
140,Q0,AP901011-0005,20,0.3417313037318002,minmaxnorm
140,Q0,AP901005-0183,21,0.3413429937484438,minmaxnorm
140,Q0,SJMN91-06361056,22,0.3405390297691962,minmaxnorm
140,Q0,AP900613-0050,23,0.3324379093525298,minmaxnorm
140,Q0,AP900312-0011,24,0.33017076165890846,minmaxnorm
140,Q0,AP900305-0190,25,0.32982529110970255,minmaxnorm
140,Q0,AP900521-0017,26,0.3247325616347049,minmaxnorm
140,Q0,AP900729-0048,27,0.323249106800491,minmaxnorm
140,Q0,SJMN91-06027176,28,0.3230000104668261,minmaxnorm
140,Q0,AP900917-0013,29,0.32183054734036065,minmaxnorm
140,Q0,AP900413-0213,30,0.32021731663923264,minmaxnorm
140,Q0,AP900917-0094,31,0.31986982307908257,minmaxnorm
140,Q0,AP900612-0164,32,0.3195375992277823,minmaxnorm
140,Q0,AP900321-0211,33,0.3182102381354221,minmaxnorm
140,Q0,AP900109-0010,34,0.3157789179293285,minmaxnorm
140,Q0,AP901227-0058,35,0.31560284284015044,minmaxnorm
140,Q0,AP900905-0022,36,0.3155321360138769,minmaxnorm
140,Q0,SJMN91-06362146,37,0.31256208205641356,minmaxnorm
140,Q0,AP900609-0027,38,0.3124941262811413,minmaxnorm
140,Q0,AP901227-0121,39,0.3121227678396487,minmaxnorm
140,Q0,SJMN91-06298001,40,0.31187140109135597,minmaxnorm
140,Q0,AP900824-0126,41,0.30782742276120834,minmaxnorm
140,Q0,SJMN91-06362208,42,0.30745694218504355,minmaxnorm
140,Q0,AP901005-0133,43,0.30605260640993687,minmaxnorm
140,Q0,AP901126-0167,44,0.304123896597873,minmaxnorm
140,Q0,SJMN91-06064136,45,0.3039155847083557,minmaxnorm
140,Q0,AP900510-0168,46,0.30258946271158405,minmaxnorm
140,Q0,SJMN91-06180151,47,0.29846285962694186,minmaxnorm
140,Q0,AP900130-0010,48,0.2971398201691794,minmaxnorm
140,Q0,SJMN91-06125136,49,0.29578747501668345,minmaxnorm
140,Q0,AP900126-0101,50,0.29564066190344274,minmaxnorm
140,Q0,AP900112-0061,51,0.29477257279602864,minmaxnorm
140,Q0,AP900508-0019,52,0.2944111471667711,minmaxnorm
140,Q0,AP900113-0059,53,0.29419272423465737,minmaxnorm
140,Q0,SJMN91-06183026,54,0.29302811745647905,minmaxnorm
140,Q0,AP900930-0008,55,0.2920425745526352,minmaxnorm
140,Q0,AP900101-0100,56,0.29179123773628535,minmaxnorm
140,Q0,AP900821-0142,57,0.2916750175409424,minmaxnorm
140,Q0,AP900925-0210,58,0.29037569220425075,minmaxnorm
140,Q0,AP900811-0081,59,0.2896920481085879,minmaxnorm
140,Q0,SJMN91-06031159,60,0.28810674831253036,minmaxnorm
140,Q0,AP901101-0110,61,0.2858113369964101,minmaxnorm
140,Q0,SJMN91-06302038,62,0.28569698855711073,minmaxnorm
140,Q0,AP900625-0088,63,0.2854858062759023,minmaxnorm
140,Q0,AP900610-0017,64,0.2846755649928518,minmaxnorm
140,Q0,AP900112-0112,65,0.28422648783664817,minmaxnorm
140,Q0,SJMN91-06184127,66,0.2839388602816006,minmaxnorm
140,Q0,AP900107-0051,67,0.2838323781638854,minmaxnorm
140,Q0,AP900208-0005,68,0.2836647515198316,minmaxnorm
140,Q0,AP900904-0144,69,0.2835583426403031,minmaxnorm
140,Q0,AP900929-0061,70,0.28342363680052174,minmaxnorm
140,Q0,AP900912-0139,71,0.28340824187930597,minmaxnorm
140,Q0,AP900530-0010,72,0.2830439307322264,minmaxnorm
140,Q0,SJMN91-06076012,73,0.282859594751137,minmaxnorm
140,Q0,AP900715-0039,74,0.2823576915279927,minmaxnorm
140,Q0,AP901204-0048,75,0.2814503838415954,minmaxnorm
140,Q0,AP901001-0014,76,0.28135468223378135,minmaxnorm
140,Q0,AP901216-0020,77,0.28109546322862305,minmaxnorm
140,Q0,AP900112-0188,78,0.2801114748602038,minmaxnorm
140,Q0,SJMN91-06160085,79,0.2799695291429948,minmaxnorm
140,Q0,AP901022-0011,80,0.27993344487257615,minmaxnorm
140,Q0,AP901009-0012,81,0.27972873552767447,minmaxnorm
140,Q0,SJMN91-06157212,82,0.27849412012585983,minmaxnorm
140,Q0,AP900213-0193,83,0.27772321177237147,minmaxnorm
140,Q0,AP900728-0102,84,0.2774330079824081,minmaxnorm
140,Q0,AP900520-0014,85,0.27729207179360876,minmaxnorm
140,Q0,AP901227-0066,86,0.27691230603510286,minmaxnorm
140,Q0,AP900811-0003,87,0.2762216485880999,minmaxnorm
140,Q0,AP900627-0169,88,0.2756751077985517,minmaxnorm
140,Q0,AP901102-0130,89,0.27549524717958923,minmaxnorm
140,Q0,SJMN91-06065146,90,0.27440903833013064,minmaxnorm
140,Q0,AP900514-0014,91,0.2742572524579339,minmaxnorm
140,Q0,AP900911-0028,92,0.2739694160910585,minmaxnorm
140,Q0,AP900315-0035,93,0.27317118842374766,minmaxnorm
140,Q0,SJMN91-06307176,94,0.27259901043233353,minmaxnorm
140,Q0,AP901024-0041,95,0.2723315831188484,minmaxnorm
140,Q0,SJMN91-06029161,96,0.27131252180347193,minmaxnorm
140,Q0,SJMN91-06029134,97,0.27127309177851433,minmaxnorm
140,Q0,SJMN91-06158119,98,0.271235141355873,minmaxnorm
140,Q0,AP900507-0003,99,0.2702848850717169,minmaxnorm
140,Q0,AP900810-0144,100,0.27016837021843165,minmaxnorm
140,Q0,AP900704-0067,101,0.26990327579571916,minmaxnorm
140,Q0,AP900927-0130,102,0.2693023603320399,minmaxnorm
140,Q0,AP901128-0027,103,0.2691446728966167,minmaxnorm
140,Q0,AP900702-0152,104,0.268615005349094,minmaxnorm
140,Q0,AP900420-0074,105,0.2680719644120869,minmaxnorm
140,Q0,SJMN91-06083134,106,0.2677064723100256,minmaxnorm
140,Q0,AP900807-0026,107,0.267530137065113,minmaxnorm
140,Q0,AP901224-0117,108,0.26646755456965815,minmaxnorm
140,Q0,AP900908-0067,109,0.26542443357657913,minmaxnorm
140,Q0,AP900813-0079,110,0.2651347727527822,minmaxnorm
140,Q0,AP900306-0116,111,0.26470663548558515,minmaxnorm
140,Q0,AP901013-0012,112,0.2644941236257013,minmaxnorm
140,Q0,AP900413-0194,113,0.264077716687326,minmaxnorm
140,Q0,AP900416-0128,114,0.2634184623403365,minmaxnorm
140,Q0,AP900123-0135,115,0.26309008099904047,minmaxnorm
140,Q0,AP901117-0081,116,0.2628220782948653,minmaxnorm
140,Q0,AP900111-0051,117,0.2616238590556017,minmaxnorm
140,Q0,AP901225-0017,118,0.2607787708532738,minmaxnorm
140,Q0,SJMN91-06099106,119,0.26072894820119813,minmaxnorm
140,Q0,AP900809-0032,120,0.2600280110680046,minmaxnorm
140,Q0,AP900124-0186,121,0.25789437582162594,minmaxnorm
140,Q0,AP901003-0111,122,0.25758514236824454,minmaxnorm
140,Q0,AP900803-0024,123,0.25677001014324696,minmaxnorm
140,Q0,AP901221-0196,124,0.2564152806759588,minmaxnorm
140,Q0,SJMN91-06288120,125,0.25565918055445247,minmaxnorm
140,Q0,SJMN91-06177052,126,0.2555113498852863,minmaxnorm
140,Q0,AP900703-0030,127,0.25543737036224073,minmaxnorm
140,Q0,AP901001-0058,128,0.2547567024250178,minmaxnorm
140,Q0,AP901029-0015,129,0.254555416575322,minmaxnorm
140,Q0,AP900112-0134,130,0.2542700343413873,minmaxnorm
140,Q0,AP900917-0064,131,0.25425088747383773,minmaxnorm
140,Q0,SJMN91-06071058,132,0.25416253003672534,minmaxnorm
140,Q0,SJMN91-06162125,133,0.2541370014487777,minmaxnorm
140,Q0,SJMN91-06110250,134,0.2529056484522778,minmaxnorm
140,Q0,AP901029-0051,135,0.252732980446731,minmaxnorm
140,Q0,SJMN91-06302122,136,0.25238422610006894,minmaxnorm
140,Q0,AP900104-0087,137,0.2522053957257522,minmaxnorm
140,Q0,AP901230-0007,138,0.2522015915439706,minmaxnorm
140,Q0,AP900625-0071,139,0.2520122360402145,minmaxnorm
140,Q0,AP900119-0126,140,0.25178522114464436,minmaxnorm
140,Q0,SJMN91-06254123,141,0.250540030787577,minmaxnorm
140,Q0,AP900812-0034,142,0.25005831164088216,minmaxnorm
140,Q0,AP900814-0083,143,0.2500469383867093,minmaxnorm
140,Q0,SJMN91-06071163,144,0.24937451950008774,minmaxnorm
140,Q0,AP900430-0091,145,0.2488349621591724,minmaxnorm
140,Q0,AP901117-0114,146,0.24814423151639095,minmaxnorm
140,Q0,AP900923-0006,147,0.24812526686237918,minmaxnorm
140,Q0,SJMN91-06066103,148,0.24808225242190776,minmaxnorm
140,Q0,AP900531-0124,149,0.2476874959024713,minmaxnorm
140,Q0,AP901223-0036,150,0.24750223160675663,minmaxnorm
140,Q0,AP901012-0036,151,0.247228262052667,minmaxnorm
140,Q0,AP901031-0209,152,0.24693908740343587,minmaxnorm
140,Q0,AP900325-0056,153,0.24685239835259784,minmaxnorm
140,Q0,SJMN91-06068238,154,0.24650415471563203,minmaxnorm
140,Q0,SJMN91-06065078,155,0.2458566973087479,minmaxnorm
140,Q0,AP901008-0047,156,0.2456923950943678,minmaxnorm
140,Q0,AP900508-0056,157,0.24568785602384222,minmaxnorm
140,Q0,AP900927-0064,158,0.2452766604499789,minmaxnorm
140,Q0,SJMN91-06026069,159,0.24490089961115982,minmaxnorm
140,Q0,AP900111-0106,160,0.24481450422745352,minmaxnorm
140,Q0,AP900925-0096,161,0.24477754064799404,minmaxnorm
140,Q0,AP900211-0036,162,0.24457924402880246,minmaxnorm
140,Q0,AP900426-0018,163,0.24438121458150516,minmaxnorm
140,Q0,SJMN91-06064004,164,0.2443777428072276,minmaxnorm
140,Q0,AP900121-0041,165,0.24423298821884865,minmaxnorm
140,Q0,AP900307-0056,166,0.24420836682744057,minmaxnorm
140,Q0,AP900424-0051,167,0.2441122335475093,minmaxnorm
140,Q0,AP900503-0017,168,0.24366846804135342,minmaxnorm
140,Q0,AP901029-0093,169,0.24365560227162794,minmaxnorm
140,Q0,AP900101-0042,170,0.2434068864128733,minmaxnorm
140,Q0,AP900227-0012,171,0.24334540053140077,minmaxnorm
140,Q0,AP901017-0025,172,0.2416914869014852,minmaxnorm
140,Q0,AP900430-0145,173,0.24157652499041696,minmaxnorm
140,Q0,AP901127-0004,174,0.24121559735952416,minmaxnorm
140,Q0,AP900330-0074,175,0.24089915115376123,minmaxnorm
140,Q0,AP901117-0064,176,0.24048230895181807,minmaxnorm
140,Q0,AP900823-0023,177,0.24038348938508575,minmaxnorm
140,Q0,AP900125-0150,178,0.24005250000856893,minmaxnorm
140,Q0,AP900309-0198,179,0.24002193218626633,minmaxnorm
140,Q0,AP900326-0123,180,0.23967374373564368,minmaxnorm
140,Q0,AP900501-0017,181,0.23942491713388114,minmaxnorm
140,Q0,AP900117-0172,182,0.23939428088388204,minmaxnorm
140,Q0,AP900426-0116,183,0.23885472573765199,minmaxnorm
140,Q0,SJMN91-06222202,184,0.2383320299846968,minmaxnorm
140,Q0,AP901015-0001,185,0.23818264891688615,minmaxnorm
140,Q0,AP901115-0070,186,0.23790814525069398,minmaxnorm
140,Q0,AP900106-0090,187,0.23774708462470046,minmaxnorm
140,Q0,AP901125-0051,188,0.23732638256306404,minmaxnorm
140,Q0,AP900207-0147,189,0.23663223262647304,minmaxnorm
140,Q0,AP901008-0111,190,0.2362402837911825,minmaxnorm
140,Q0,AP900210-0068,191,0.23618312826214677,minmaxnorm
140,Q0,AP900822-0009,192,0.2360409212574367,minmaxnorm
140,Q0,AP901010-0172,193,0.2357838018870361,minmaxnorm
140,Q0,SJMN91-06068270,194,0.23572705117456028,minmaxnorm
140,Q0,SJMN91-06183049,195,0.235400524358591,minmaxnorm
140,Q0,AP900225-0061,196,0.23521344785253107,minmaxnorm
140,Q0,AP900801-0055,197,0.23485763756558795,minmaxnorm
140,Q0,AP900602-0138,198,0.23478864844436562,minmaxnorm
140,Q0,AP900626-0126,199,0.23409100798191407,minmaxnorm
140,Q0,AP901218-0027,200,0.23395043984565472,minmaxnorm
140,Q0,AP900610-0039,201,0.23376754408224018,minmaxnorm
140,Q0,AP900707-0060,202,0.23301082215470376,minmaxnorm
140,Q0,AP901025-0086,203,0.23180027011870688,minmaxnorm
140,Q0,SJMN91-06155143,204,0.23113345267642638,minmaxnorm
140,Q0,AP900403-0090,205,0.23098564442409775,minmaxnorm
140,Q0,AP900810-0136,206,0.23027661771973731,minmaxnorm
140,Q0,AP901101-0068,207,0.23026095159014356,minmaxnorm
140,Q0,AP900923-0037,208,0.2301116582830452,minmaxnorm
140,Q0,AP900601-0120,209,0.22931847045917964,minmaxnorm
140,Q0,AP901025-0119,210,0.22788567222682934,minmaxnorm
140,Q0,AP901113-0017,211,0.22784085671418405,minmaxnorm
140,Q0,AP900614-0195,212,0.22781699842968695,minmaxnorm
140,Q0,AP901222-0127,213,0.2273036747666762,minmaxnorm
140,Q0,AP900926-0074,214,0.22727551079633812,minmaxnorm
140,Q0,SJMN91-06157146,215,0.22719342931768563,minmaxnorm
140,Q0,AP900124-0062,216,0.2264032168933499,minmaxnorm
140,Q0,AP900118-0090,217,0.2263251425140415,minmaxnorm
140,Q0,AP901027-0155,218,0.22630612597191477,minmaxnorm
140,Q0,AP901030-0010,219,0.2261721389713729,minmaxnorm
140,Q0,AP900831-0002,220,0.22573088705097819,minmaxnorm
140,Q0,SJMN91-06017201,221,0.22567263889589156,minmaxnorm
140,Q0,AP900925-0127,222,0.22540490809076597,minmaxnorm
140,Q0,AP901105-0027,223,0.2253479242076389,minmaxnorm
140,Q0,SJMN91-06024322,224,0.22519618935998603,minmaxnorm
140,Q0,AP900209-0130,225,0.22511632129579856,minmaxnorm
140,Q0,AP900320-0092,226,0.2246051608576362,minmaxnorm
140,Q0,SJMN91-06066125,227,0.22451473078737755,minmaxnorm
140,Q0,AP900817-0012,228,0.22448171670443062,minmaxnorm
140,Q0,AP901210-0207,229,0.22431170687645524,minmaxnorm
140,Q0,AP900827-0067,230,0.22332312581227837,minmaxnorm
140,Q0,AP900927-0134,231,0.2231803012271804,minmaxnorm
140,Q0,AP900101-0001,232,0.2229722629054491,minmaxnorm
140,Q0,AP901013-0046,233,0.22289876515332124,minmaxnorm
140,Q0,SJMN91-06136176,234,0.22286588455364548,minmaxnorm
140,Q0,SJMN91-06099208,235,0.22262428346163754,minmaxnorm
140,Q0,AP900424-0184,236,0.22196868700152153,minmaxnorm
140,Q0,AP900509-0056,237,0.22145075222037747,minmaxnorm
140,Q0,AP900505-0115,238,0.2213966056182557,minmaxnorm
140,Q0,AP901027-0149,239,0.22111717290858673,minmaxnorm
140,Q0,AP900427-0149,240,0.220807814030484,minmaxnorm
140,Q0,AP900908-0017,241,0.2205309508830754,minmaxnorm
140,Q0,AP900719-0183,242,0.22008284151156418,minmaxnorm
140,Q0,AP901029-0130,243,0.21945029755062953,minmaxnorm
140,Q0,AP900306-0083,244,0.21907271457147076,minmaxnorm
140,Q0,AP901231-0109,245,0.21900256407113958,minmaxnorm
140,Q0,AP900119-0185,246,0.21892661734852853,minmaxnorm
140,Q0,AP900423-0104,247,0.21882126107610883,minmaxnorm
140,Q0,AP900420-0164,248,0.21850197289002948,minmaxnorm
140,Q0,AP901022-0027,249,0.2178254228417424,minmaxnorm
140,Q0,AP900906-0047,250,0.2177102464737232,minmaxnorm
140,Q0,AP900505-0027,251,0.21762086843960282,minmaxnorm
140,Q0,AP900719-0195,252,0.217257462877476,minmaxnorm
140,Q0,AP900829-0095,253,0.21714690930708036,minmaxnorm
140,Q0,AP900313-0010,254,0.21710750438854162,minmaxnorm
140,Q0,SJMN91-06001015,255,0.2166139653041417,minmaxnorm
140,Q0,AP900902-0022,256,0.21654702848595922,minmaxnorm
140,Q0,AP900910-0203,257,0.21615303869792815,minmaxnorm
140,Q0,AP901127-0100,258,0.21582065150157967,minmaxnorm
140,Q0,AP900217-0056,259,0.21539329934135143,minmaxnorm
140,Q0,AP900812-0052,260,0.21515321727130104,minmaxnorm
140,Q0,AP900306-0071,261,0.21507326784244485,minmaxnorm
140,Q0,AP901026-0090,262,0.21492849343810522,minmaxnorm
140,Q0,AP901213-0221,263,0.21481414582671493,minmaxnorm
140,Q0,AP900121-0001,264,0.2144747090956162,minmaxnorm
140,Q0,AP901114-0037,265,0.21440189663701414,minmaxnorm
140,Q0,AP900307-0180,266,0.2143628541145369,minmaxnorm
140,Q0,AP901026-0043,267,0.21417215614344529,minmaxnorm
140,Q0,AP900326-0100,268,0.21393697667131023,minmaxnorm
140,Q0,AP900123-0094,269,0.2134831677089731,minmaxnorm
140,Q0,AP901108-0132,270,0.21274702717828284,minmaxnorm
140,Q0,AP901024-0177,271,0.21265363972181356,minmaxnorm
140,Q0,AP901102-0061,272,0.21246032876968182,minmaxnorm
140,Q0,AP900307-0160,273,0.21217668196679376,minmaxnorm
140,Q0,AP900312-0102,274,0.2121609214681871,minmaxnorm
140,Q0,AP901029-0153,275,0.2117228994799513,minmaxnorm
140,Q0,AP901012-0062,276,0.21121165283949253,minmaxnorm
140,Q0,AP900817-0098,277,0.21087351552337633,minmaxnorm
140,Q0,AP901206-0055,278,0.21072833499617882,minmaxnorm
140,Q0,AP900109-0005,279,0.21049072718285733,minmaxnorm
140,Q0,AP900508-0126,280,0.21042125825014077,minmaxnorm
140,Q0,AP901203-0067,281,0.21017993276024358,minmaxnorm
140,Q0,AP901012-0178,282,0.2097744765486352,minmaxnorm
140,Q0,AP900928-0057,283,0.20915051005519492,minmaxnorm
140,Q0,AP900309-0097,284,0.2087614457668691,minmaxnorm
140,Q0,AP900524-0130,285,0.20857910128022358,minmaxnorm
140,Q0,AP900117-0085,286,0.20851878925691014,minmaxnorm
140,Q0,AP901030-0055,287,0.20842090661934548,minmaxnorm
140,Q0,AP900514-0095,288,0.20821360256860352,minmaxnorm
140,Q0,AP900423-0054,289,0.20780843013091843,minmaxnorm
140,Q0,AP900912-0109,290,0.20779137387328836,minmaxnorm
140,Q0,AP900910-0192,291,0.20759510154897848,minmaxnorm
140,Q0,AP900331-0043,292,0.2075130683390123,minmaxnorm
140,Q0,AP900628-0053,293,0.20750103196033098,minmaxnorm
140,Q0,AP900414-0079,294,0.20635032596209543,minmaxnorm
140,Q0,SJMN91-06023047,295,0.20619329473376413,minmaxnorm
140,Q0,AP900430-0140,296,0.206130239822119,minmaxnorm
140,Q0,SJMN91-06268038,297,0.2053579910670699,minmaxnorm
140,Q0,AP900307-0052,298,0.20531556031749465,minmaxnorm
140,Q0,SJMN91-06349196,299,0.20530295070886306,minmaxnorm
140,Q0,AP900205-0055,300,0.20505705589069395,minmaxnorm
140,Q0,AP900122-0056,301,0.20437130898482944,minmaxnorm
140,Q0,SJMN91-06079126,302,0.2042410429529646,minmaxnorm
140,Q0,SJMN91-06190057,303,0.203809929561129,minmaxnorm
140,Q0,AP900629-0128,304,0.20307589042984195,minmaxnorm
140,Q0,AP900924-0131,305,0.20295121734773633,minmaxnorm
140,Q0,AP900708-0028,306,0.20270958283121224,minmaxnorm
140,Q0,AP901228-0085,307,0.20235463599627526,minmaxnorm
140,Q0,SJMN91-06188034,308,0.20208152878035215,minmaxnorm
140,Q0,AP901023-0043,309,0.20192957695695588,minmaxnorm
140,Q0,AP900611-0141,310,0.20119647879203717,minmaxnorm
140,Q0,SJMN91-06198255,311,0.20119098949619213,minmaxnorm
140,Q0,AP901223-0043,312,0.20116074249009464,minmaxnorm
140,Q0,AP900825-0148,313,0.20113738798008932,minmaxnorm
140,Q0,AP901108-0167,314,0.2008539612401051,minmaxnorm
140,Q0,AP900611-0142,315,0.20083917486268885,minmaxnorm
140,Q0,AP900604-0195,316,0.20059065774593646,minmaxnorm
140,Q0,AP901223-0044,317,0.2002713250982054,minmaxnorm
140,Q0,AP900223-0168,318,0.19978264721698755,minmaxnorm
140,Q0,AP900118-0151,319,0.19958795282549718,minmaxnorm
140,Q0,AP900309-0055,320,0.19919732069018586,minmaxnorm
140,Q0,AP901117-0045,321,0.1991157456989321,minmaxnorm
140,Q0,AP900307-0095,322,0.19909621392076302,minmaxnorm
140,Q0,AP901115-0158,323,0.19883293508814176,minmaxnorm
140,Q0,AP900222-0103,324,0.19846647207803292,minmaxnorm
140,Q0,AP901103-0062,325,0.19784951424234212,minmaxnorm
140,Q0,AP900102-0106,326,0.1975727667849393,minmaxnorm
140,Q0,AP900416-0096,327,0.19733119730243984,minmaxnorm
140,Q0,AP900209-0086,328,0.19683153191361216,minmaxnorm
140,Q0,AP900717-0102,329,0.19666734526474944,minmaxnorm
140,Q0,AP900204-0054,330,0.19654945745850974,minmaxnorm
140,Q0,AP900908-0027,331,0.1965093817699237,minmaxnorm
140,Q0,AP900320-0002,332,0.19636308294089272,minmaxnorm
140,Q0,AP900403-0211,333,0.19614613694317104,minmaxnorm
140,Q0,AP900212-0172,334,0.19599727977479917,minmaxnorm
140,Q0,AP901210-0103,335,0.19580485501412256,minmaxnorm
140,Q0,AP900113-0045,336,0.19575703715434395,minmaxnorm
140,Q0,SJMN91-06033032,337,0.1957084359928816,minmaxnorm
140,Q0,AP900114-0046,338,0.19503671055965494,minmaxnorm
140,Q0,AP900707-0130,339,0.19496328966128668,minmaxnorm
140,Q0,AP900422-0010,340,0.19484533425991085,minmaxnorm
140,Q0,AP901011-0072,341,0.1947787305653903,minmaxnorm
140,Q0,AP900307-0078,342,0.19473436826876928,minmaxnorm
140,Q0,AP900620-0030,343,0.19413824901282187,minmaxnorm
140,Q0,AP901001-0010,344,0.1939263947490145,minmaxnorm
140,Q0,AP901110-0108,345,0.19349273291269967,minmaxnorm
140,Q0,AP900128-0020,346,0.1934313617007112,minmaxnorm
140,Q0,AP900916-0058,347,0.19341422797716631,minmaxnorm
140,Q0,AP900521-0140,348,0.19333237861495747,minmaxnorm
140,Q0,AP901230-0030,349,0.1932768168958825,minmaxnorm
140,Q0,AP900429-0026,350,0.19313685966887503,minmaxnorm
140,Q0,SJMN91-06041123,351,0.19274719982616476,minmaxnorm
140,Q0,AP900919-0110,352,0.19261131470228587,minmaxnorm
140,Q0,AP900201-0061,353,0.19256796659774872,minmaxnorm
140,Q0,AP901126-0036,354,0.19247108981556366,minmaxnorm
140,Q0,AP900817-0001,355,0.19240424079669008,minmaxnorm
140,Q0,AP901006-0120,356,0.1922851454822901,minmaxnorm
140,Q0,SJMN91-06274085,357,0.19227078484429772,minmaxnorm
140,Q0,AP901001-0279,358,0.1920958927629692,minmaxnorm
140,Q0,AP900530-0103,359,0.19117096907459766,minmaxnorm
140,Q0,AP900814-0002,360,0.19111249206667028,minmaxnorm
140,Q0,AP901106-0100,361,0.19110281130216752,minmaxnorm
140,Q0,AP901012-0126,362,0.1905103721572692,minmaxnorm
140,Q0,AP901024-0072,363,0.19047660816701908,minmaxnorm
140,Q0,AP900313-0188,364,0.1903093515505766,minmaxnorm
140,Q0,AP900810-0143,365,0.18980758979410395,minmaxnorm
140,Q0,AP900511-0098,366,0.18960566111794544,minmaxnorm
140,Q0,AP900527-0058,367,0.18947404208844176,minmaxnorm
140,Q0,AP901102-0076,368,0.18917221770601236,minmaxnorm
140,Q0,AP901025-0190,369,0.18914862790332812,minmaxnorm
140,Q0,AP900203-0099,370,0.1888636976589675,minmaxnorm
140,Q0,AP900603-0060,371,0.18839939305902406,minmaxnorm
140,Q0,SJMN91-06032092,372,0.18837240744801648,minmaxnorm
140,Q0,AP900414-0046,373,0.18830040031643175,minmaxnorm
140,Q0,AP900914-0021,374,0.1880500170698411,minmaxnorm
140,Q0,AP900626-0147,375,0.18765300137736068,minmaxnorm
140,Q0,SJMN91-06289120,376,0.18765015113064187,minmaxnorm
140,Q0,SJMN91-06117082,377,0.1874795131659524,minmaxnorm
140,Q0,AP901215-0052,378,0.18728834554497745,minmaxnorm
140,Q0,AP900228-0100,379,0.18717477816960906,minmaxnorm
140,Q0,AP901103-0028,380,0.1870437083800766,minmaxnorm
140,Q0,AP900601-0067,381,0.18576579587974232,minmaxnorm
140,Q0,AP900123-0097,382,0.18553872183810008,minmaxnorm
140,Q0,AP900422-0037,383,0.18515246445437222,minmaxnorm
140,Q0,AP900411-0061,384,0.1850302258563869,minmaxnorm
140,Q0,AP900127-0061,385,0.18475773404752752,minmaxnorm
140,Q0,AP901227-0057,386,0.1845978067196964,minmaxnorm
140,Q0,AP900120-0020,387,0.18434932581211178,minmaxnorm
140,Q0,AP901224-0072,388,0.18395766205788563,minmaxnorm
140,Q0,AP900121-0039,389,0.18355356405552664,minmaxnorm
140,Q0,AP901117-0016,390,0.18349404305455666,minmaxnorm
140,Q0,AP900810-0123,391,0.18328070731073973,minmaxnorm
140,Q0,AP900215-0096,392,0.18320993408859926,minmaxnorm
140,Q0,AP900913-0115,393,0.18292785257041555,minmaxnorm
140,Q0,SJMN91-06170073,394,0.18260954428187534,minmaxnorm
140,Q0,AP900525-0070,395,0.18204585867733677,minmaxnorm
140,Q0,AP900307-0089,396,0.18187827685122154,minmaxnorm
140,Q0,SJMN91-06057123,397,0.18183438997410595,minmaxnorm
140,Q0,AP900207-0058,398,0.18152210084847908,minmaxnorm
140,Q0,AP900311-0032,399,0.18111313991660005,minmaxnorm
140,Q0,SJMN91-06100033,400,0.18108034543244406,minmaxnorm
140,Q0,SJMN91-06323151,401,0.18064683300755288,minmaxnorm
140,Q0,AP900426-0078,402,0.18035801712508504,minmaxnorm
140,Q0,AP900530-0119,403,0.18027894706715109,minmaxnorm
140,Q0,AP901128-0061,404,0.1801652944646916,minmaxnorm
140,Q0,AP901009-0017,405,0.1790971352485885,minmaxnorm
140,Q0,AP900422-0034,406,0.17901923753941154,minmaxnorm
140,Q0,AP900312-0057,407,0.17896216934509793,minmaxnorm
140,Q0,AP901114-0179,408,0.17893744900296332,minmaxnorm
140,Q0,AP900604-0096,409,0.17885190352752942,minmaxnorm
140,Q0,SJMN91-06279229,410,0.178148384791338,minmaxnorm
140,Q0,AP900628-0148,411,0.17809931050263347,minmaxnorm
140,Q0,AP901030-0100,412,0.17806053522055212,minmaxnorm
140,Q0,AP900804-0119,413,0.1779598649820814,minmaxnorm
140,Q0,AP900119-0036,414,0.17775580111785788,minmaxnorm
140,Q0,AP900711-0167,415,0.17767268569168987,minmaxnorm
140,Q0,AP901218-0080,416,0.17760691780798246,minmaxnorm
140,Q0,AP901014-0056,417,0.17754613170851538,minmaxnorm
140,Q0,AP900720-0010,418,0.1774589090590912,minmaxnorm
140,Q0,AP900414-0056,419,0.17739343210891076,minmaxnorm
140,Q0,AP901102-0123,420,0.17738823728852487,minmaxnorm
140,Q0,AP900919-0004,421,0.17737345034684043,minmaxnorm
140,Q0,AP901129-0085,422,0.17731592692139203,minmaxnorm
140,Q0,AP900423-0050,423,0.1768931872973648,minmaxnorm
140,Q0,AP901103-0126,424,0.176888917656702,minmaxnorm
140,Q0,AP900922-0003,425,0.17676030133631926,minmaxnorm
140,Q0,AP900922-0009,426,0.1766929133487248,minmaxnorm
140,Q0,SJMN91-06220251,427,0.17659895824393398,minmaxnorm
140,Q0,AP900716-0095,428,0.17629295630176886,minmaxnorm
140,Q0,AP900813-0102,429,0.17597698663998576,minmaxnorm
140,Q0,AP900327-0105,430,0.17594456070686446,minmaxnorm
140,Q0,AP900209-0099,431,0.17593834931024288,minmaxnorm
140,Q0,AP900307-0021,432,0.17564666760477496,minmaxnorm
140,Q0,AP900116-0098,433,0.17561303813729212,minmaxnorm
140,Q0,AP901209-0025,434,0.1755658193039487,minmaxnorm
140,Q0,AP901208-0090,435,0.17521697785116203,minmaxnorm
140,Q0,AP900703-0143,436,0.17473128592275625,minmaxnorm
140,Q0,AP901224-0114,437,0.17449210348895816,minmaxnorm
140,Q0,AP900702-0166,438,0.1741323977405783,minmaxnorm
140,Q0,AP900804-0064,439,0.17396274105699086,minmaxnorm
140,Q0,AP900804-0049,440,0.17363698797786162,minmaxnorm
140,Q0,AP900201-0133,441,0.17358616196652418,minmaxnorm
140,Q0,AP900528-0054,442,0.17349499317180625,minmaxnorm
140,Q0,AP900916-0062,443,0.17312911933887445,minmaxnorm
140,Q0,AP900724-0073,444,0.17278171192077374,minmaxnorm
140,Q0,AP900725-0036,445,0.1727796960352433,minmaxnorm
140,Q0,AP900512-0053,446,0.1726952327074071,minmaxnorm
140,Q0,AP901205-0003,447,0.17265006475852043,minmaxnorm
140,Q0,SJMN91-06081236,448,0.17220986587865644,minmaxnorm
140,Q0,SJMN91-06049134,449,0.17169732108427319,minmaxnorm
140,Q0,AP900622-0012,450,0.17144163661226156,minmaxnorm
140,Q0,AP901128-0025,451,0.17120935406602097,minmaxnorm
140,Q0,SJMN91-06047028,452,0.17106234749023075,minmaxnorm
140,Q0,SJMN91-06323079,453,0.1708686495295256,minmaxnorm
140,Q0,AP900125-0178,454,0.17081800428965496,minmaxnorm
140,Q0,AP900419-0117,455,0.17068595938791464,minmaxnorm
140,Q0,AP901022-0103,456,0.17032019966892634,minmaxnorm
140,Q0,AP900703-0151,457,0.17031016974943364,minmaxnorm
140,Q0,SJMN91-06003048,458,0.16982605964908404,minmaxnorm
140,Q0,AP900701-0031,459,0.1697074626508062,minmaxnorm
140,Q0,AP900423-0161,460,0.1695610900360422,minmaxnorm
140,Q0,AP900423-0165,461,0.16944651676388717,minmaxnorm
140,Q0,AP901226-0105,462,0.16937321660512453,minmaxnorm
140,Q0,AP901227-0069,463,0.16931743626574852,minmaxnorm
140,Q0,AP900928-0070,464,0.16915006450711534,minmaxnorm
140,Q0,SJMN91-06268147,465,0.1688808364445889,minmaxnorm
140,Q0,AP900929-0047,466,0.16883296846096396,minmaxnorm
140,Q0,AP900824-0151,467,0.1687157124424353,minmaxnorm
140,Q0,AP900429-0051,468,0.16859595029947222,minmaxnorm
140,Q0,AP900424-0008,469,0.1685935533939256,minmaxnorm
140,Q0,AP901227-0073,470,0.16854255068803164,minmaxnorm
140,Q0,AP901010-0130,471,0.16846897634166008,minmaxnorm
140,Q0,AP900430-0126,472,0.16748045413781898,minmaxnorm
140,Q0,AP900827-0007,473,0.167275926383848,minmaxnorm
140,Q0,AP900611-0052,474,0.16703861422035143,minmaxnorm
140,Q0,AP900127-0070,475,0.16688511345406992,minmaxnorm
140,Q0,SJMN91-06065085,476,0.16687765095900348,minmaxnorm
140,Q0,AP900422-0061,477,0.1666839971883468,minmaxnorm
140,Q0,AP900411-0053,478,0.16560489056902353,minmaxnorm
140,Q0,AP900310-0051,479,0.16547138830101332,minmaxnorm
140,Q0,AP901215-0127,480,0.1654338359358577,minmaxnorm
140,Q0,AP901224-0089,481,0.16515459220103154,minmaxnorm
140,Q0,AP900309-0073,482,0.16414994359499027,minmaxnorm
140,Q0,AP901110-0013,483,0.16406382382168005,minmaxnorm
140,Q0,AP900316-0133,484,0.16405043870877753,minmaxnorm
140,Q0,AP900708-0066,485,0.16374279320191204,minmaxnorm
140,Q0,AP900430-0029,486,0.16371472754159375,minmaxnorm
140,Q0,AP901006-0075,487,0.16350125403015778,minmaxnorm
140,Q0,AP900503-0069,488,0.16347728707528214,minmaxnorm
140,Q0,AP901124-0063,489,0.16341728128808813,minmaxnorm
140,Q0,AP900123-0065,490,0.1633056549246036,minmaxnorm
140,Q0,AP901109-0008,491,0.1632729869343527,minmaxnorm
140,Q0,AP900123-0178,492,0.16302822247111215,minmaxnorm
140,Q0,AP900129-0052,493,0.16285355922788927,minmaxnorm
140,Q0,AP900506-0073,494,0.1627189839119677,minmaxnorm
140,Q0,AP900522-0084,495,0.16264280691868394,minmaxnorm
140,Q0,AP901024-0143,496,0.1625671681400057,minmaxnorm
140,Q0,AP901019-0141,497,0.16253268649616318,minmaxnorm
140,Q0,AP900313-0043,498,0.1622367996431639,minmaxnorm
140,Q0,AP900508-0194,499,0.16181592756947114,minmaxnorm
140,Q0,AP901214-0134,500,0.16161681713389667,minmaxnorm
140,Q0,AP901007-0019,501,0.16148774319677253,minmaxnorm
140,Q0,AP900521-0169,502,0.1612417581115648,minmaxnorm
140,Q0,AP900901-0036,503,0.16071338041717145,minmaxnorm
140,Q0,AP901023-0137,504,0.16054139582280902,minmaxnorm
140,Q0,AP900824-0005,505,0.16041983305944868,minmaxnorm
140,Q0,AP901001-0162,506,0.1604076199305156,minmaxnorm
140,Q0,AP901217-0073,507,0.16040388417692217,minmaxnorm
140,Q0,AP900124-0162,508,0.16037820294384295,minmaxnorm
140,Q0,AP900121-0013,509,0.1602514681182275,minmaxnorm
140,Q0,AP900514-0053,510,0.1601996826123749,minmaxnorm
140,Q0,AP900107-0046,511,0.16007573257609978,minmaxnorm
140,Q0,AP900926-0211,512,0.15980701125328833,minmaxnorm
140,Q0,AP900807-0029,513,0.15978261834477997,minmaxnorm
140,Q0,AP901120-0023,514,0.1595836623473267,minmaxnorm
140,Q0,SJMN91-06040071,515,0.1591396973695019,minmaxnorm
140,Q0,AP900413-0045,516,0.15869331238574985,minmaxnorm
140,Q0,AP900805-0046,517,0.1586805528591999,minmaxnorm
140,Q0,AP900902-0030,518,0.15835941464864894,minmaxnorm
140,Q0,AP900406-0064,519,0.15800263299519282,minmaxnorm
140,Q0,AP901111-0024,520,0.15771865134340246,minmaxnorm
140,Q0,AP901009-0124,521,0.15754666137042447,minmaxnorm
140,Q0,AP901214-0157,522,0.15749137018933773,minmaxnorm
140,Q0,AP900315-0013,523,0.15700110069809475,minmaxnorm
140,Q0,AP900425-0071,524,0.15682952234482736,minmaxnorm
140,Q0,AP901229-0097,525,0.15668703841920004,minmaxnorm
140,Q0,AP901220-0119,526,0.156519908419352,minmaxnorm
140,Q0,AP900501-0040,527,0.1564832478941769,minmaxnorm
140,Q0,AP900108-0115,528,0.1561653108134081,minmaxnorm
140,Q0,AP901207-0153,529,0.1560055180936278,minmaxnorm
140,Q0,AP901107-0178,530,0.1556778709115021,minmaxnorm
140,Q0,AP900430-0094,531,0.1553778349712122,minmaxnorm
140,Q0,AP900426-0193,532,0.15519253827010596,minmaxnorm
140,Q0,AP900404-0104,533,0.15518178887799894,minmaxnorm
140,Q0,AP901021-0020,534,0.15506954429881922,minmaxnorm
140,Q0,AP901027-0066,535,0.1549439250715911,minmaxnorm
140,Q0,SJMN91-06069144,536,0.15492302052948315,minmaxnorm
140,Q0,AP900325-0045,537,0.15460963546953327,minmaxnorm
140,Q0,AP900813-0032,538,0.15451556613879472,minmaxnorm
140,Q0,AP900815-0107,539,0.15450497754144454,minmaxnorm
140,Q0,AP901107-0248,540,0.15386917410191156,minmaxnorm
140,Q0,SJMN91-06038086,541,0.153633698037841,minmaxnorm
140,Q0,AP900512-0131,542,0.15362895190740317,minmaxnorm
140,Q0,AP900717-0042,543,0.15345489149937389,minmaxnorm
140,Q0,AP900909-0039,544,0.15321862685296675,minmaxnorm
140,Q0,AP900624-0018,545,0.15311112169151825,minmaxnorm
140,Q0,AP900519-0057,546,0.15288263465990215,minmaxnorm
140,Q0,AP900425-0082,547,0.15224828888162634,minmaxnorm
140,Q0,AP900917-0190,548,0.15175262705296147,minmaxnorm
140,Q0,AP901024-0073,549,0.15168386826875688,minmaxnorm
140,Q0,SJMN91-06072092,550,0.15160240947822728,minmaxnorm
140,Q0,AP900918-0010,551,0.1512604765127053,minmaxnorm
140,Q0,AP900305-0060,552,0.15124005397639578,minmaxnorm
140,Q0,AP900307-0039,553,0.15121128971088063,minmaxnorm
140,Q0,AP901215-0123,554,0.15116818686481143,minmaxnorm
140,Q0,AP901128-0127,555,0.15115937358474205,minmaxnorm
140,Q0,AP900205-0163,556,0.15114603412307084,minmaxnorm
140,Q0,AP900907-0179,557,0.15110600623854104,minmaxnorm
140,Q0,AP900406-0148,558,0.15086234218784608,minmaxnorm
140,Q0,AP900915-0084,559,0.15085001011514124,minmaxnorm
140,Q0,SJMN91-06124115,560,0.15070739579540368,minmaxnorm
140,Q0,AP900413-0215,561,0.15065914256293497,minmaxnorm
140,Q0,AP900124-0169,562,0.1501997747201578,minmaxnorm
140,Q0,AP900218-0075,563,0.15007774831966525,minmaxnorm
140,Q0,AP901011-0178,564,0.14997144548414781,minmaxnorm
140,Q0,AP901212-0065,565,0.14965074634353276,minmaxnorm
140,Q0,AP900424-0160,566,0.14962430025966245,minmaxnorm
140,Q0,AP900313-0189,567,0.1496120704252118,minmaxnorm
140,Q0,AP900127-0068,568,0.1495356811538232,minmaxnorm
140,Q0,AP900809-0068,569,0.14872129179612953,minmaxnorm
140,Q0,SJMN91-06069082,570,0.14835490015094108,minmaxnorm
140,Q0,AP900315-0028,571,0.1483526111729112,minmaxnorm
140,Q0,AP900504-0164,572,0.14832079556403352,minmaxnorm
140,Q0,AP901028-0040,573,0.1480898120779664,minmaxnorm
140,Q0,AP900703-0109,574,0.14805024085977905,minmaxnorm
140,Q0,AP900811-0072,575,0.1479163388771511,minmaxnorm
140,Q0,AP900909-0062,576,0.14776725665148668,minmaxnorm
140,Q0,SJMN91-06218154,577,0.14736137187975698,minmaxnorm
140,Q0,AP900402-0010,578,0.1472887742471101,minmaxnorm
140,Q0,AP901107-0214,579,0.14727429108825174,minmaxnorm
140,Q0,SJMN91-06225109,580,0.14723971327967875,minmaxnorm
140,Q0,AP900828-0033,581,0.14711940183198327,minmaxnorm
140,Q0,SJMN91-06034015,582,0.1470530543709582,minmaxnorm
140,Q0,AP900221-0197,583,0.1470160782510201,minmaxnorm
140,Q0,AP901011-0140,584,0.14699434200372816,minmaxnorm
140,Q0,AP900308-0229,585,0.1468078173488773,minmaxnorm
140,Q0,AP901031-0086,586,0.14659778945622173,minmaxnorm
140,Q0,AP901027-0135,587,0.1459578078985831,minmaxnorm
140,Q0,AP900109-0161,588,0.14588595503307555,minmaxnorm
140,Q0,AP900815-0058,589,0.1458520649777843,minmaxnorm
140,Q0,AP900126-0006,590,0.14572684080688855,minmaxnorm
140,Q0,AP901230-0051,591,0.14566745993910227,minmaxnorm
140,Q0,AP900929-0079,592,0.14554567407797112,minmaxnorm
140,Q0,AP900827-0016,593,0.14525829148932964,minmaxnorm
140,Q0,AP900621-0155,594,0.1442515486127959,minmaxnorm
140,Q0,AP900916-0043,595,0.1441691962172728,minmaxnorm
140,Q0,SJMN91-06005143,596,0.14405305125380913,minmaxnorm
140,Q0,AP901228-0056,597,0.14316408914958306,minmaxnorm
140,Q0,AP901019-0046,598,0.14290637347183335,minmaxnorm
140,Q0,AP900201-0158,599,0.14261678569918554,minmaxnorm
140,Q0,SJMN91-06245030,600,0.1425399280681421,minmaxnorm
140,Q0,AP900119-0062,601,0.14241010389657732,minmaxnorm
140,Q0,AP900308-0077,602,0.14234318774695107,minmaxnorm
140,Q0,AP901013-0121,603,0.14226447722483257,minmaxnorm
140,Q0,AP900406-0124,604,0.14220141301778935,minmaxnorm
140,Q0,AP900210-0029,605,0.14216779552874542,minmaxnorm
140,Q0,SJMN91-06298011,606,0.14213326578025753,minmaxnorm
140,Q0,AP901006-0116,607,0.14200748487337048,minmaxnorm
140,Q0,AP900130-0034,608,0.14166664762173847,minmaxnorm
140,Q0,AP900302-0141,609,0.1415384362711483,minmaxnorm
140,Q0,AP900711-0063,610,0.14145140347311308,minmaxnorm
140,Q0,AP901115-0169,611,0.14140985544866538,minmaxnorm
140,Q0,AP901024-0111,612,0.14111413298076686,minmaxnorm
140,Q0,SJMN91-06222177,613,0.14076864521245294,minmaxnorm
140,Q0,AP900223-0013,614,0.14076246397327263,minmaxnorm
140,Q0,AP900721-0096,615,0.14018765891539206,minmaxnorm
140,Q0,SJMN91-06290126,616,0.13982359600874442,minmaxnorm
140,Q0,SJMN91-06082174,617,0.1398200534237888,minmaxnorm
140,Q0,AP900222-0062,618,0.13978544838874796,minmaxnorm
140,Q0,AP901108-0020,619,0.1396646513496976,minmaxnorm
140,Q0,AP901215-0024,620,0.13913771234726355,minmaxnorm
140,Q0,AP900609-0045,621,0.13888147000008327,minmaxnorm
140,Q0,AP900919-0143,622,0.13883303717023207,minmaxnorm
140,Q0,AP900111-0190,623,0.13848888500476866,minmaxnorm
140,Q0,AP900917-0049,624,0.1384545663731972,minmaxnorm
140,Q0,AP901101-0084,625,0.13843585285956703,minmaxnorm
140,Q0,AP901027-0157,626,0.1384026297623474,minmaxnorm
140,Q0,AP900530-0114,627,0.13807131352974872,minmaxnorm
140,Q0,AP901222-0016,628,0.1380564469832527,minmaxnorm
140,Q0,AP900126-0065,629,0.13752558330142511,minmaxnorm
140,Q0,SJMN91-06178225,630,0.13732377329418408,minmaxnorm
140,Q0,AP901008-0145,631,0.13723543992643192,minmaxnorm
140,Q0,AP900729-0071,632,0.13716043049344875,minmaxnorm
140,Q0,AP900717-0065,633,0.13668914735349552,minmaxnorm
140,Q0,AP901223-0055,634,0.13661268110031569,minmaxnorm
140,Q0,AP901210-0208,635,0.13654741917858165,minmaxnorm
140,Q0,SJMN91-06267027,636,0.1363196742274736,minmaxnorm
140,Q0,AP901115-0058,637,0.13570051407595002,minmaxnorm
140,Q0,AP900802-0137,638,0.1353937160072349,minmaxnorm
140,Q0,SJMN91-06079061,639,0.13521970996511845,minmaxnorm
140,Q0,SJMN91-06066127,640,0.13517943468234506,minmaxnorm
140,Q0,AP900827-0098,641,0.1351404171035715,minmaxnorm
140,Q0,AP901224-0099,642,0.1348013487189073,minmaxnorm
140,Q0,SJMN91-06009164,643,0.13452847192215012,minmaxnorm
140,Q0,AP901129-0004,644,0.1342820617456754,minmaxnorm
140,Q0,AP901031-0078,645,0.1341627295612527,minmaxnorm
140,Q0,AP900505-0065,646,0.13405954570897488,minmaxnorm
140,Q0,AP901130-0075,647,0.13405845635435032,minmaxnorm
140,Q0,AP900327-0139,648,0.13401400181457965,minmaxnorm
140,Q0,AP901010-0048,649,0.13392780009237648,minmaxnorm
140,Q0,AP901226-0014,650,0.1338734140432137,minmaxnorm
140,Q0,AP900611-0145,651,0.13369537311478688,minmaxnorm
140,Q0,SJMN91-06155086,652,0.1335669974128864,minmaxnorm
140,Q0,SJMN91-06306034,653,0.13288858385809127,minmaxnorm
140,Q0,AP900308-0196,654,0.1327702209888741,minmaxnorm
140,Q0,AP900730-0005,655,0.1320302430705968,minmaxnorm
140,Q0,AP900108-0088,656,0.1318407301702033,minmaxnorm
140,Q0,AP901013-0093,657,0.13177842754306143,minmaxnorm
140,Q0,AP900811-0037,658,0.1314498880417683,minmaxnorm
140,Q0,AP900123-0195,659,0.13142410807262334,minmaxnorm
140,Q0,AP900723-0201,660,0.13125533026045846,minmaxnorm
140,Q0,AP900728-0081,661,0.13118140696926497,minmaxnorm
140,Q0,AP901027-0046,662,0.13112489373813974,minmaxnorm
140,Q0,AP900409-0087,663,0.1309498201105899,minmaxnorm
140,Q0,AP900115-0019,664,0.13087920816383022,minmaxnorm
140,Q0,AP900122-0139,665,0.13075453444498022,minmaxnorm
140,Q0,AP901027-0024,666,0.13073424422130395,minmaxnorm
140,Q0,AP900425-0111,667,0.13047778624552026,minmaxnorm
140,Q0,AP900228-0175,668,0.13031988184939208,minmaxnorm
140,Q0,SJMN91-06277135,669,0.1302820801808393,minmaxnorm
140,Q0,AP901007-0039,670,0.13026460703987408,minmaxnorm
140,Q0,AP900423-0031,671,0.13014958980336985,minmaxnorm
140,Q0,SJMN91-06019176,672,0.12994979536365403,minmaxnorm
140,Q0,AP900512-0083,673,0.12993395101854294,minmaxnorm
140,Q0,SJMN91-06130075,674,0.12980899311424487,minmaxnorm
140,Q0,AP900101-0099,675,0.12946415166107553,minmaxnorm
140,Q0,AP901220-0195,676,0.12940186966050884,minmaxnorm
140,Q0,AP900203-0107,677,0.12938817330129096,minmaxnorm
140,Q0,AP900308-0146,678,0.1291941757050168,minmaxnorm
140,Q0,AP900606-0139,679,0.1291368891492,minmaxnorm
140,Q0,SJMN91-06295027,680,0.1289943551369164,minmaxnorm
140,Q0,AP900813-0061,681,0.1288934069404542,minmaxnorm
140,Q0,AP900425-0110,682,0.12868106623169132,minmaxnorm
140,Q0,AP900623-0022,683,0.1281279717588457,minmaxnorm
140,Q0,AP901215-0118,684,0.1277338716027181,minmaxnorm
140,Q0,SJMN91-06226193,685,0.12767097186546114,minmaxnorm
140,Q0,AP901013-0079,686,0.12758998172048017,minmaxnorm
140,Q0,AP900411-0112,687,0.1275699942107865,minmaxnorm
140,Q0,AP900625-0036,688,0.12728983776243977,minmaxnorm
140,Q0,AP901116-0068,689,0.12715063439332813,minmaxnorm
140,Q0,AP900317-0072,690,0.12700324140428249,minmaxnorm
140,Q0,AP900824-0135,691,0.12694378349843277,minmaxnorm
140,Q0,AP901014-0041,692,0.1268676236453172,minmaxnorm
140,Q0,AP901104-0029,693,0.1268550499146701,minmaxnorm
140,Q0,AP900411-0171,694,0.12657835990800162,minmaxnorm
140,Q0,AP901006-0013,695,0.12654710682211187,minmaxnorm
140,Q0,AP900702-0173,696,0.12628554385845528,minmaxnorm
140,Q0,AP900318-0071,697,0.12623185449632526,minmaxnorm
140,Q0,SJMN91-06113073,698,0.1261617310150966,minmaxnorm
140,Q0,AP900227-0168,699,0.12615113373310727,minmaxnorm
140,Q0,AP901022-0154,700,0.1258972181539966,minmaxnorm
140,Q0,AP900610-0013,701,0.12545328770315647,minmaxnorm
140,Q0,AP900427-0132,702,0.12528794399989426,minmaxnorm
140,Q0,AP900713-0044,703,0.12523744463777645,minmaxnorm
140,Q0,AP900526-0102,704,0.12491155014174575,minmaxnorm
140,Q0,AP900313-0193,705,0.12487738248638339,minmaxnorm
140,Q0,SJMN91-06304022,706,0.1247265738490636,minmaxnorm
140,Q0,SJMN91-06033103,707,0.12459804129216481,minmaxnorm
140,Q0,AP901125-0020,708,0.12455025302456951,minmaxnorm
140,Q0,AP901030-0092,709,0.12454740623092558,minmaxnorm
140,Q0,AP900609-0041,710,0.12452977780813813,minmaxnorm
140,Q0,SJMN91-06169082,711,0.12449147590830774,minmaxnorm
140,Q0,AP900703-0017,712,0.12409936242649725,minmaxnorm
140,Q0,AP900930-0081,713,0.1237697495908288,minmaxnorm
140,Q0,AP900803-0004,714,0.12322230910285997,minmaxnorm
140,Q0,AP900926-0116,715,0.12311306151808565,minmaxnorm
140,Q0,AP900522-0110,716,0.12302290731161486,minmaxnorm
140,Q0,SJMN91-06226154,717,0.12288700397647685,minmaxnorm
140,Q0,AP900505-0081,718,0.12274988551081135,minmaxnorm
140,Q0,AP900309-0119,719,0.12265425526705023,minmaxnorm
140,Q0,AP900303-0071,720,0.12260312358660161,minmaxnorm
140,Q0,AP900913-0116,721,0.12249572601123948,minmaxnorm
140,Q0,SJMN91-06065089,722,0.12216908347619747,minmaxnorm
140,Q0,AP900122-0177,723,0.12209284513001169,minmaxnorm
140,Q0,AP900811-0090,724,0.12208613562443778,minmaxnorm
140,Q0,AP900430-0058,725,0.12199264364380608,minmaxnorm
140,Q0,AP900930-0061,726,0.12188063972341073,minmaxnorm
140,Q0,AP901116-0092,727,0.12161602489736248,minmaxnorm
140,Q0,AP900501-0026,728,0.12155276794349121,minmaxnorm
140,Q0,AP900116-0068,729,0.12151646031496383,minmaxnorm
140,Q0,AP900316-0062,730,0.12151325123848467,minmaxnorm
140,Q0,AP900317-0082,731,0.12145089196625275,minmaxnorm
140,Q0,AP901031-0060,732,0.12129834262312578,minmaxnorm
140,Q0,SJMN91-06066052,733,0.1211786555739486,minmaxnorm
140,Q0,AP900329-0058,734,0.12116932770088985,minmaxnorm
140,Q0,AP900803-0113,735,0.12105608333492493,minmaxnorm
140,Q0,AP900317-0105,736,0.12104910282462157,minmaxnorm
140,Q0,AP900305-0051,737,0.12092159920608479,minmaxnorm
140,Q0,AP900122-0122,738,0.12091526904476994,minmaxnorm
140,Q0,AP900629-0003,739,0.12076622358621292,minmaxnorm
140,Q0,AP900520-0030,740,0.1207620115954456,minmaxnorm
140,Q0,AP900317-0094,741,0.12051777056996531,minmaxnorm
140,Q0,AP901210-0134,742,0.12037903433699217,minmaxnorm
140,Q0,SJMN91-06305232,743,0.12037051033646975,minmaxnorm
140,Q0,AP901218-0184,744,0.1202885808996612,minmaxnorm
140,Q0,AP900120-0058,745,0.12028714772017703,minmaxnorm
140,Q0,AP901118-0016,746,0.12025780986036745,minmaxnorm
140,Q0,SJMN91-06305054,747,0.12015253238611835,minmaxnorm
140,Q0,AP900825-0013,748,0.12009164038621715,minmaxnorm
140,Q0,SJMN91-06091141,749,0.11997328582080041,minmaxnorm
140,Q0,SJMN91-06078134,750,0.11993431171347069,minmaxnorm
140,Q0,SJMN91-06283073,751,0.11987969838470337,minmaxnorm
140,Q0,AP901108-0178,752,0.11975267981557448,minmaxnorm
140,Q0,SJMN91-06077125,753,0.11943660908382492,minmaxnorm
140,Q0,AP900402-0112,754,0.11923310914682439,minmaxnorm
140,Q0,SJMN91-06296223,755,0.11909652639340178,minmaxnorm
140,Q0,AP900917-0100,756,0.11887737715014346,minmaxnorm
140,Q0,AP901121-0077,757,0.1188145751872657,minmaxnorm
140,Q0,SJMN91-06067224,758,0.11880016821307757,minmaxnorm
140,Q0,SJMN91-06277147,759,0.11862774983096289,minmaxnorm
140,Q0,AP901105-0141,760,0.1186158700302285,minmaxnorm
140,Q0,AP900625-0164,761,0.11858135720034482,minmaxnorm
140,Q0,AP901125-0049,762,0.11852465837177238,minmaxnorm
140,Q0,AP900408-0015,763,0.11850865990599116,minmaxnorm
140,Q0,AP900318-0021,764,0.11837892168330262,minmaxnorm
140,Q0,SJMN91-06178218,765,0.11807661839820467,minmaxnorm
140,Q0,AP900323-0052,766,0.11788635168354054,minmaxnorm
140,Q0,AP900120-0110,767,0.1178168239845775,minmaxnorm
140,Q0,AP901117-0115,768,0.11773797025686089,minmaxnorm
140,Q0,AP900208-0108,769,0.11755702494614305,minmaxnorm
140,Q0,AP901024-0164,770,0.11719270401083605,minmaxnorm
140,Q0,AP900331-0046,771,0.1171200723021599,minmaxnorm
140,Q0,AP900705-0006,772,0.1170140901221487,minmaxnorm
140,Q0,AP900511-0135,773,0.11667686876091887,minmaxnorm
140,Q0,AP900925-0017,774,0.11639687761591971,minmaxnorm
140,Q0,AP900209-0061,775,0.11620593869882709,minmaxnorm
140,Q0,AP901026-0048,776,0.11602719936795733,minmaxnorm
140,Q0,AP900731-0117,777,0.11559432019965787,minmaxnorm
140,Q0,AP900210-0136,778,0.11556858906713248,minmaxnorm
140,Q0,AP900822-0203,779,0.11556264319369118,minmaxnorm
140,Q0,AP900728-0110,780,0.11553325125405522,minmaxnorm
140,Q0,AP900503-0119,781,0.11534695453144744,minmaxnorm
140,Q0,AP900312-0106,782,0.1153005382993748,minmaxnorm
140,Q0,AP900501-0061,783,0.11516298780391107,minmaxnorm
140,Q0,AP900803-0141,784,0.11509650597819575,minmaxnorm
140,Q0,AP901023-0146,785,0.11489368781985179,minmaxnorm
140,Q0,AP901118-0053,786,0.11472202526796856,minmaxnorm
140,Q0,AP900308-0079,787,0.11422602182417672,minmaxnorm
140,Q0,AP901121-0183,788,0.11393147175824674,minmaxnorm
140,Q0,AP900111-0142,789,0.11361756148191904,minmaxnorm
140,Q0,AP900302-0082,790,0.1135485523090373,minmaxnorm
140,Q0,AP901106-0048,791,0.1135230377406562,minmaxnorm
140,Q0,SJMN91-06297034,792,0.11349999994348982,minmaxnorm
140,Q0,SJMN91-06044268,793,0.11342399823083549,minmaxnorm
140,Q0,AP901009-0138,794,0.1134239553000921,minmaxnorm
140,Q0,AP900202-0099,795,0.11338202096763225,minmaxnorm
140,Q0,AP900903-0073,796,0.11309172543257272,minmaxnorm
140,Q0,AP900623-0119,797,0.11296235692994784,minmaxnorm
140,Q0,AP900130-0198,798,0.11290589081619115,minmaxnorm
140,Q0,AP900202-0044,799,0.11275317155640355,minmaxnorm
140,Q0,SJMN91-06020094,800,0.11262787633086131,minmaxnorm
140,Q0,SJMN91-06067257,801,0.11228546334360813,minmaxnorm
140,Q0,SJMN91-06228139,802,0.11217458447768215,minmaxnorm
140,Q0,AP900509-0093,803,0.11198377189776108,minmaxnorm
140,Q0,AP901101-0011,804,0.11185004970819988,minmaxnorm
140,Q0,SJMN91-06082104,805,0.11156575158796794,minmaxnorm
140,Q0,AP900918-0072,806,0.11155854604465006,minmaxnorm
140,Q0,AP900926-0068,807,0.11152484049190554,minmaxnorm
140,Q0,AP901012-0072,808,0.11131177450852738,minmaxnorm
140,Q0,AP901207-0134,809,0.11110384208687799,minmaxnorm
140,Q0,AP901213-0222,810,0.11098599827529343,minmaxnorm
140,Q0,AP901009-0128,811,0.11098321621029109,minmaxnorm
140,Q0,AP901117-0128,812,0.11085788124902403,minmaxnorm
140,Q0,AP900430-0086,813,0.11081255545803607,minmaxnorm
140,Q0,AP901117-0130,814,0.11070106082881363,minmaxnorm
140,Q0,AP900723-0202,815,0.11053949290539625,minmaxnorm
140,Q0,SJMN91-06291104,816,0.11048605717624638,minmaxnorm
140,Q0,AP900728-0082,817,0.11045554672283511,minmaxnorm
140,Q0,AP900123-0197,818,0.11041273957519045,minmaxnorm
140,Q0,AP900117-0171,819,0.11039087507662938,minmaxnorm
140,Q0,AP901215-0081,820,0.11005390732803268,minmaxnorm
140,Q0,AP901107-0114,821,0.10995712520732029,minmaxnorm
140,Q0,AP901027-0055,822,0.10991287021590694,minmaxnorm
140,Q0,AP900302-0081,823,0.10972076798288678,minmaxnorm
140,Q0,AP900802-0177,824,0.10954775839722686,minmaxnorm
140,Q0,SJMN91-06071145,825,0.10920591468151601,minmaxnorm
140,Q0,AP901229-0057,826,0.10870939180629993,minmaxnorm
140,Q0,AP900203-0055,827,0.10848438706617491,minmaxnorm
140,Q0,AP900420-0072,828,0.10844097079662958,minmaxnorm
140,Q0,AP900521-0153,829,0.10819346739146185,minmaxnorm
140,Q0,AP901006-0027,830,0.10817557556238548,minmaxnorm
140,Q0,AP901228-0071,831,0.10812799076663991,minmaxnorm
140,Q0,AP900516-0205,832,0.10807129586762503,minmaxnorm
140,Q0,AP900117-0054,833,0.10806021090083427,minmaxnorm
140,Q0,SJMN91-06357086,834,0.10770108466974845,minmaxnorm
140,Q0,AP900611-0112,835,0.10761403987011017,minmaxnorm
140,Q0,AP901027-0159,836,0.10746139380271331,minmaxnorm
140,Q0,AP900730-0076,837,0.107441248903851,minmaxnorm
140,Q0,SJMN91-06278134,838,0.10736039652956803,minmaxnorm
140,Q0,SJMN91-06036146,839,0.10718058453607661,minmaxnorm
140,Q0,AP901019-0185,840,0.10691838863445018,minmaxnorm
140,Q0,SJMN91-06101251,841,0.1068756727031707,minmaxnorm
140,Q0,AP900503-0147,842,0.10676471456671424,minmaxnorm
140,Q0,AP900428-0064,843,0.10676381049745093,minmaxnorm
140,Q0,AP900906-0054,844,0.10674160265719848,minmaxnorm
140,Q0,AP900415-0034,845,0.10654936421641828,minmaxnorm
140,Q0,AP900406-0118,846,0.10649362208288939,minmaxnorm
140,Q0,SJMN91-06055135,847,0.1064762919257941,minmaxnorm
140,Q0,AP901011-0071,848,0.10647355026419444,minmaxnorm
140,Q0,AP900205-0159,849,0.10642682835749505,minmaxnorm
140,Q0,AP900124-0086,850,0.10609575327565096,minmaxnorm
140,Q0,SJMN91-06181046,851,0.10586378434443901,minmaxnorm
140,Q0,AP901102-0107,852,0.10557318384282804,minmaxnorm
140,Q0,AP900104-0076,853,0.10554537624013234,minmaxnorm
140,Q0,AP901103-0084,854,0.10537662316983859,minmaxnorm
140,Q0,AP900907-0009,855,0.10536902975851273,minmaxnorm
140,Q0,SJMN91-06178172,856,0.10529674432368039,minmaxnorm
140,Q0,AP900629-0001,857,0.10527384978415218,minmaxnorm
140,Q0,AP900910-0148,858,0.10517905897956577,minmaxnorm
140,Q0,AP900502-0201,859,0.10514158218955813,minmaxnorm
140,Q0,AP901013-0124,860,0.10505765139091956,minmaxnorm
140,Q0,AP901104-0024,861,0.10490921414457316,minmaxnorm
140,Q0,AP900710-0167,862,0.1048871761342209,minmaxnorm
140,Q0,SJMN91-06202204,863,0.10488537169180173,minmaxnorm
140,Q0,AP901109-0032,864,0.10480451485414469,minmaxnorm
140,Q0,AP901120-0142,865,0.10465684512386945,minmaxnorm
140,Q0,AP900812-0017,866,0.10459052674690301,minmaxnorm
140,Q0,AP900425-0098,867,0.10444022493127289,minmaxnorm
140,Q0,AP901206-0164,868,0.10432049583573492,minmaxnorm
140,Q0,SJMN91-06257264,869,0.10411172579799624,minmaxnorm
140,Q0,AP900910-0070,870,0.10398768312947387,minmaxnorm
140,Q0,AP900426-0130,871,0.10396194290538972,minmaxnorm
140,Q0,AP900108-0235,872,0.10393083879254479,minmaxnorm
140,Q0,AP901228-0009,873,0.10351380365083956,minmaxnorm
140,Q0,AP900925-0203,874,0.10350252221003131,minmaxnorm
140,Q0,AP900209-0037,875,0.10349801204066561,minmaxnorm
140,Q0,AP900223-0057,876,0.10335630387400006,minmaxnorm
140,Q0,AP900910-0118,877,0.10329603699920345,minmaxnorm
140,Q0,AP901025-0198,878,0.10327318259004989,minmaxnorm
140,Q0,AP900214-0177,879,0.10327105557008547,minmaxnorm
140,Q0,SJMN91-06259035,880,0.10320900183745824,minmaxnorm
140,Q0,AP901217-0017,881,0.10320756561427924,minmaxnorm
140,Q0,AP900622-0026,882,0.10314780391674176,minmaxnorm
140,Q0,AP901224-0082,883,0.10313592324637258,minmaxnorm
140,Q0,AP900109-0123,884,0.10268950039583258,minmaxnorm
140,Q0,SJMN91-06324019,885,0.10256338996500144,minmaxnorm
140,Q0,AP901014-0051,886,0.10240857775071233,minmaxnorm
140,Q0,AP900113-0039,887,0.10227331955924654,minmaxnorm
140,Q0,AP900408-0027,888,0.10223023869500693,minmaxnorm
140,Q0,AP900329-0192,889,0.1022138070977111,minmaxnorm
140,Q0,AP900309-0081,890,0.10217580414420764,minmaxnorm
140,Q0,AP901227-0115,891,0.10209440674782785,minmaxnorm
140,Q0,AP900113-0100,892,0.1018995599091795,minmaxnorm
140,Q0,AP900904-0060,893,0.10162399752895265,minmaxnorm
140,Q0,AP900330-0086,894,0.10159175342526741,minmaxnorm
140,Q0,AP900121-0008,895,0.10145686817936295,minmaxnorm
140,Q0,AP901116-0100,896,0.10136602923148359,minmaxnorm
140,Q0,AP900731-0011,897,0.1012051852437625,minmaxnorm
140,Q0,AP901013-0068,898,0.10119777369048272,minmaxnorm
140,Q0,SJMN91-06009023,899,0.10119126676457572,minmaxnorm
140,Q0,SJMN91-06324021,900,0.10117822752037707,minmaxnorm
140,Q0,AP900830-0061,901,0.1010944639216238,minmaxnorm
140,Q0,SJMN91-06224116,902,0.10105263847218147,minmaxnorm
140,Q0,AP901206-0170,903,0.10100639764064057,minmaxnorm
140,Q0,AP900124-0060,904,0.10059289507930386,minmaxnorm
140,Q0,AP900629-0106,905,0.10049738634828925,minmaxnorm
140,Q0,AP901219-0161,906,0.10049125035724497,minmaxnorm
140,Q0,SJMN91-06019097,907,0.10036211280932184,minmaxnorm
140,Q0,AP900517-0091,908,0.10034517660869188,minmaxnorm
140,Q0,AP900814-0001,909,0.10006684462437046,minmaxnorm
140,Q0,AP900501-0022,910,0.09993182336951303,minmaxnorm
140,Q0,AP900410-0045,911,0.09979635010465694,minmaxnorm
140,Q0,AP900916-0059,912,0.09951263342511049,minmaxnorm
140,Q0,AP901009-0100,913,0.09939247253234543,minmaxnorm
140,Q0,AP900817-0099,914,0.09925312936235461,minmaxnorm
140,Q0,AP900407-0013,915,0.09918885099046892,minmaxnorm
140,Q0,AP900127-0054,916,0.09911937652962882,minmaxnorm
140,Q0,AP900810-0121,917,0.09875519874914335,minmaxnorm
140,Q0,AP900810-0138,918,0.09870220496340547,minmaxnorm
140,Q0,AP900122-0098,919,0.09865506539828482,minmaxnorm
140,Q0,AP900122-0002,920,0.09856660900638085,minmaxnorm
140,Q0,AP901208-0083,921,0.09840601639298496,minmaxnorm
140,Q0,SJMN91-06014124,922,0.09799117250420447,minmaxnorm
140,Q0,SJMN91-06054053,923,0.09797836236806076,minmaxnorm
140,Q0,AP900718-0069,924,0.09791080096948448,minmaxnorm
140,Q0,AP900619-0185,925,0.09787679146723595,minmaxnorm
140,Q0,AP900223-0050,926,0.09746837902431744,minmaxnorm
140,Q0,AP900722-0047,927,0.09726731865785301,minmaxnorm
140,Q0,AP900116-0168,928,0.09722145794995998,minmaxnorm
140,Q0,AP901021-0002,929,0.09717453373298951,minmaxnorm
140,Q0,AP901208-0069,930,0.09714438203845918,minmaxnorm
140,Q0,AP900414-0006,931,0.09692607151082365,minmaxnorm
140,Q0,AP900116-0186,932,0.09662754505594708,minmaxnorm
140,Q0,AP900531-0053,933,0.09653925516347228,minmaxnorm
140,Q0,AP901030-0164,934,0.0965215775221949,minmaxnorm
140,Q0,AP901029-0184,935,0.09650376047646306,minmaxnorm
140,Q0,AP900611-0124,936,0.09635423409227042,minmaxnorm
140,Q0,AP901206-0067,937,0.09590112567504426,minmaxnorm
140,Q0,AP901225-0052,938,0.09585301843626409,minmaxnorm
140,Q0,SJMN91-06038096,939,0.0957577225352628,minmaxnorm
140,Q0,AP900413-0026,940,0.09568310550980541,minmaxnorm
140,Q0,SJMN91-06261081,941,0.09559926881887605,minmaxnorm
140,Q0,AP901126-0046,942,0.09553839155222466,minmaxnorm
140,Q0,SJMN91-06080109,943,0.09542032760826154,minmaxnorm
140,Q0,AP900723-0067,944,0.09524256521213036,minmaxnorm
140,Q0,AP901102-0120,945,0.09523663877375263,minmaxnorm
140,Q0,AP900811-0114,946,0.09505853497914903,minmaxnorm
140,Q0,AP901130-0077,947,0.09497660205757368,minmaxnorm
140,Q0,AP900407-0050,948,0.09467086024408584,minmaxnorm
140,Q0,AP901231-0124,949,0.094664285987171,minmaxnorm
140,Q0,AP900503-0079,950,0.09459854274125949,minmaxnorm
140,Q0,SJMN91-06063218,951,0.09457512729720684,minmaxnorm
140,Q0,AP900802-0041,952,0.09456605693409476,minmaxnorm
140,Q0,AP900619-0058,953,0.09454470310636572,minmaxnorm
140,Q0,AP901225-0037,954,0.09451592484039922,minmaxnorm
140,Q0,AP901104-0030,955,0.094509527760267,minmaxnorm
140,Q0,AP901103-0016,956,0.09442308048744845,minmaxnorm
140,Q0,AP900803-0006,957,0.09423750337234292,minmaxnorm
140,Q0,AP900816-0029,958,0.09406728970134981,minmaxnorm
140,Q0,AP900725-0016,959,0.09385010791287896,minmaxnorm
140,Q0,AP900831-0153,960,0.09380087131935781,minmaxnorm
140,Q0,AP900707-0154,961,0.09351204310313571,minmaxnorm
140,Q0,SJMN91-06002097,962,0.09349382480796643,minmaxnorm
140,Q0,SJMN91-06066073,963,0.09340145494511153,minmaxnorm
140,Q0,AP900330-0088,964,0.0933058788821289,minmaxnorm
140,Q0,AP901008-0163,965,0.09325757807108954,minmaxnorm
140,Q0,AP900816-0028,966,0.09321693516664777,minmaxnorm
140,Q0,SJMN91-06240089,967,0.09314509398716819,minmaxnorm
140,Q0,AP900515-0090,968,0.09298971581197649,minmaxnorm
140,Q0,SJMN91-06087173,969,0.09262407303925202,minmaxnorm
140,Q0,SJMN91-06114229,970,0.0923448412089044,minmaxnorm
140,Q0,AP901216-0047,971,0.09230954708469119,minmaxnorm
140,Q0,AP900720-0044,972,0.09228249698223955,minmaxnorm
140,Q0,AP901029-0022,973,0.09211481149926636,minmaxnorm
140,Q0,AP900319-0207,974,0.09196102529779468,minmaxnorm
140,Q0,AP900424-0166,975,0.0917831097563027,minmaxnorm
140,Q0,AP900507-0092,976,0.09178157564628586,minmaxnorm
140,Q0,AP901113-0075,977,0.0916202074542689,minmaxnorm
140,Q0,AP900320-0068,978,0.09119870818466616,minmaxnorm
140,Q0,AP900625-0090,979,0.09113808398266057,minmaxnorm
140,Q0,AP900425-0072,980,0.09096888870867556,minmaxnorm
140,Q0,AP901107-0174,981,0.09084984853243852,minmaxnorm
140,Q0,AP900202-0077,982,0.09068944204722218,minmaxnorm
140,Q0,AP900622-0178,983,0.09051941070364072,minmaxnorm
140,Q0,SJMN91-06080094,984,0.09047605922525453,minmaxnorm
140,Q0,SJMN91-06139133,985,0.09041201170698886,minmaxnorm
140,Q0,AP900208-0103,986,0.09031251777123178,minmaxnorm
140,Q0,AP901103-0074,987,0.09026002422567968,minmaxnorm
140,Q0,SJMN91-06339335,988,0.09010184244472581,minmaxnorm
140,Q0,AP901013-0106,989,0.09007670414076596,minmaxnorm
140,Q0,AP901130-0143,990,0.09006176442236148,minmaxnorm
140,Q0,AP900724-0090,991,0.08999589749626946,minmaxnorm
140,Q0,SJMN91-06084048,992,0.08986009806623457,minmaxnorm
140,Q0,AP901002-0156,993,0.08984811135963543,minmaxnorm
140,Q0,AP900624-0062,994,0.08972019691184041,minmaxnorm
140,Q0,AP901221-0195,995,0.08932851941979791,minmaxnorm
140,Q0,AP900423-0167,996,0.08910389708553444,minmaxnorm
140,Q0,AP901231-0055,997,0.08896082752298608,minmaxnorm
140,Q0,AP900802-0029,998,0.08894416013523279,minmaxnorm
140,Q0,AP900427-0046,999,0.08878719254644599,minmaxnorm
140,Q0,AP901214-0012,1000,0.08875337868587635,minmaxnorm
146,Q0,AP900403-0036,1,0.43001297173175557,minmaxnorm
146,Q0,AP900402-0171,2,0.4264675087607801,minmaxnorm
146,Q0,AP900227-0037,3,0.4238442897792349,minmaxnorm
146,Q0,AP900224-0123,4,0.4170514481469275,minmaxnorm
146,Q0,AP900507-0007,5,0.4101304233081583,minmaxnorm
146,Q0,AP900324-0012,6,0.4025485613436514,minmaxnorm
146,Q0,AP900419-0069,7,0.3937878973024642,minmaxnorm
146,Q0,AP900306-0179,8,0.3890076526557934,minmaxnorm
146,Q0,AP900302-0009,9,0.3823635068416099,minmaxnorm
146,Q0,AP900324-0023,10,0.37925768077096006,minmaxnorm
146,Q0,AP900420-0038,11,0.3774584554034366,minmaxnorm
146,Q0,AP900419-0157,12,0.3769076286798434,minmaxnorm
146,Q0,AP900403-0182,13,0.3768782866487819,minmaxnorm
146,Q0,AP900314-0025,14,0.3732633770871741,minmaxnorm
146,Q0,AP900418-0046,15,0.37264411021692195,minmaxnorm
146,Q0,SJMN91-06096090,16,0.37045312430171806,minmaxnorm
146,Q0,AP900418-0016,17,0.3696095172656803,minmaxnorm
146,Q0,AP901215-0107,18,0.3685977141155813,minmaxnorm
146,Q0,AP900619-0032,19,0.3670161225154439,minmaxnorm
146,Q0,AP901030-0158,20,0.3665746417534798,minmaxnorm
146,Q0,AP900224-0107,21,0.36607603090767604,minmaxnorm
146,Q0,AP900305-0015,22,0.3627577143937376,minmaxnorm
146,Q0,AP900324-0115,23,0.36194839720839556,minmaxnorm
146,Q0,AP900307-0040,24,0.3616855781579926,minmaxnorm
146,Q0,AP900223-0096,25,0.36028976977418026,minmaxnorm
146,Q0,AP900628-0080,26,0.3551946390536548,minmaxnorm
146,Q0,AP900711-0046,27,0.3535665419972457,minmaxnorm
146,Q0,AP900609-0029,28,0.3534657428925655,minmaxnorm
146,Q0,AP900412-0044,29,0.351328035522574,minmaxnorm
146,Q0,AP900312-0161,30,0.3506079362719955,minmaxnorm
146,Q0,AP900411-0156,31,0.35047329973920216,minmaxnorm
146,Q0,AP900328-0017,32,0.3504254982066953,minmaxnorm
146,Q0,AP900419-0046,33,0.3488767620207499,minmaxnorm
146,Q0,AP900425-0045,34,0.3483633056517878,minmaxnorm
146,Q0,AP900326-0180,35,0.3483577070542804,minmaxnorm
146,Q0,AP900302-0157,36,0.3470472769336215,minmaxnorm
146,Q0,AP900327-0193,37,0.3435917925434002,minmaxnorm
146,Q0,AP900516-0004,38,0.3424584062221494,minmaxnorm
146,Q0,AP900325-0062,39,0.34051953083273184,minmaxnorm
146,Q0,AP900504-0169,40,0.33980526119424015,minmaxnorm
146,Q0,AP900406-0133,41,0.33855667129553524,minmaxnorm
146,Q0,AP900330-0032,42,0.33854208200817143,minmaxnorm
146,Q0,AP900228-0050,43,0.3385064288486836,minmaxnorm
146,Q0,AP900327-0034,44,0.3384917611451144,minmaxnorm
146,Q0,SJMN91-06096002,45,0.3383855724279368,minmaxnorm
146,Q0,AP900410-0149,46,0.33786005838509064,minmaxnorm
146,Q0,AP900420-0144,47,0.33740004051673456,minmaxnorm
146,Q0,AP900105-0150,48,0.33707893429011065,minmaxnorm
146,Q0,AP900414-0082,49,0.33635835368486894,minmaxnorm
146,Q0,AP901217-0137,50,0.33466449661423037,minmaxnorm
146,Q0,AP900226-0148,51,0.33428732115785664,minmaxnorm
146,Q0,AP900327-0016,52,0.33317539822544123,minmaxnorm
146,Q0,AP900320-0136,53,0.3326354047362889,minmaxnorm
146,Q0,AP900711-0014,54,0.33076548095188313,minmaxnorm
146,Q0,AP900226-0091,55,0.330521553019197,minmaxnorm
146,Q0,AP900103-0134,56,0.32979286025586874,minmaxnorm
146,Q0,AP900227-0134,57,0.3284720908689349,minmaxnorm
146,Q0,AP900505-0078,58,0.32825912162662657,minmaxnorm
146,Q0,AP900312-0059,59,0.32762416058165267,minmaxnorm
146,Q0,AP900404-0096,60,0.3273378984387062,minmaxnorm
146,Q0,AP900416-0143,61,0.326545421539841,minmaxnorm
146,Q0,AP900309-0121,62,0.32631448848656464,minmaxnorm
146,Q0,AP900329-0176,63,0.3251989786401227,minmaxnorm
146,Q0,AP900505-0035,64,0.3248596137279876,minmaxnorm
146,Q0,AP900224-0134,65,0.3245518339363045,minmaxnorm
146,Q0,AP900330-0139,66,0.3244659931489948,minmaxnorm
146,Q0,AP900627-0185,67,0.32442778753400225,minmaxnorm
146,Q0,AP900616-0126,68,0.32414478911070954,minmaxnorm
146,Q0,AP900731-0176,69,0.3239484760311133,minmaxnorm
146,Q0,AP900910-0022,70,0.3235619941332086,minmaxnorm
146,Q0,AP900129-0045,71,0.3226393736575819,minmaxnorm
146,Q0,AP900628-0049,72,0.32154834282672146,minmaxnorm
146,Q0,AP900118-0194,73,0.3211520751763539,minmaxnorm
146,Q0,AP900317-0013,74,0.3197517949835184,minmaxnorm
146,Q0,AP900618-0093,75,0.3191685148213363,minmaxnorm
146,Q0,AP900301-0018,76,0.31914787370020903,minmaxnorm
146,Q0,AP900224-0033,77,0.3184021334919917,minmaxnorm
146,Q0,AP900316-0050,78,0.31763233847086497,minmaxnorm
146,Q0,AP900228-0012,79,0.31751446941248823,minmaxnorm
146,Q0,AP900503-0203,80,0.31741350195977297,minmaxnorm
146,Q0,AP900226-0163,81,0.3165769061344169,minmaxnorm
146,Q0,AP900421-0045,82,0.31636661495458773,minmaxnorm
146,Q0,AP900222-0186,83,0.3161758145269849,minmaxnorm
146,Q0,AP900308-0006,84,0.31377277525607533,minmaxnorm
146,Q0,AP900226-0110,85,0.3135662675964611,minmaxnorm
146,Q0,AP900205-0018,86,0.3132187048913462,minmaxnorm
146,Q0,AP900308-0158,87,0.31320294008904637,minmaxnorm
146,Q0,AP900425-0106,88,0.3121296252707842,minmaxnorm
146,Q0,AP900108-0124,89,0.3112979034017976,minmaxnorm
146,Q0,AP900424-0003,90,0.3106637277024974,minmaxnorm
146,Q0,AP900321-0192,91,0.31055501239293354,minmaxnorm
146,Q0,AP900421-0121,92,0.3104381611999294,minmaxnorm
146,Q0,AP901224-0107,93,0.30929123582391094,minmaxnorm
146,Q0,AP900127-0097,94,0.3092444295281657,minmaxnorm
146,Q0,AP900526-0011,95,0.3088840309739068,minmaxnorm
146,Q0,AP901215-0046,96,0.3088398283290722,minmaxnorm
146,Q0,AP901117-0105,97,0.30842245418168684,minmaxnorm
146,Q0,AP900302-0139,98,0.30818013584145776,minmaxnorm
146,Q0,AP900426-0015,99,0.30798928406553877,minmaxnorm
146,Q0,AP900228-0096,100,0.30760448240018146,minmaxnorm
146,Q0,AP900508-0202,101,0.30759749851618867,minmaxnorm
146,Q0,AP900404-0083,102,0.3069911550741694,minmaxnorm
146,Q0,AP900224-0079,103,0.3062184023752768,minmaxnorm
146,Q0,AP900223-0045,104,0.30542150657493494,minmaxnorm
146,Q0,AP900226-0082,105,0.30528281170837523,minmaxnorm
146,Q0,AP900129-0164,106,0.3052781576795254,minmaxnorm
146,Q0,AP900527-0001,107,0.30478459462886154,minmaxnorm
146,Q0,AP900711-0092,108,0.30442347930212493,minmaxnorm
146,Q0,AP900226-0174,109,0.30410989990209836,minmaxnorm
146,Q0,AP900301-0023,110,0.3040933745144077,minmaxnorm
146,Q0,AP900411-0054,111,0.3040592677142471,minmaxnorm
146,Q0,AP900312-0010,112,0.3034426268563681,minmaxnorm
146,Q0,AP900301-0181,113,0.30331330861722283,minmaxnorm
146,Q0,AP901216-0069,114,0.3032545406201492,minmaxnorm
146,Q0,AP900227-0041,115,0.30314174592580523,minmaxnorm
146,Q0,AP900226-0169,116,0.3029384658029827,minmaxnorm
146,Q0,AP900317-0063,117,0.3028567708956485,minmaxnorm
146,Q0,AP900504-0005,118,0.30124327336024775,minmaxnorm
146,Q0,AP900219-0027,119,0.3011108646051937,minmaxnorm
146,Q0,AP900104-0080,120,0.30079698528875826,minmaxnorm
146,Q0,AP900508-0030,121,0.3005577042182358,minmaxnorm
146,Q0,AP900127-0124,122,0.29968326635901854,minmaxnorm
146,Q0,AP900215-0041,123,0.29956810345460566,minmaxnorm
146,Q0,AP900517-0019,124,0.29938352158312914,minmaxnorm
146,Q0,AP900331-0122,125,0.2992067636246862,minmaxnorm
146,Q0,AP901115-0129,126,0.2991981826600559,minmaxnorm
146,Q0,AP900227-0181,127,0.29892458420775553,minmaxnorm
146,Q0,AP900317-0031,128,0.2988865413468763,minmaxnorm
146,Q0,AP900302-0042,129,0.2988697216218108,minmaxnorm
146,Q0,AP900306-0154,130,0.29885190701345166,minmaxnorm
146,Q0,AP901108-0180,131,0.29850281551710794,minmaxnorm
146,Q0,SJMN91-06107249,132,0.29826676375250133,minmaxnorm
146,Q0,AP900422-0083,133,0.298110638018101,minmaxnorm
146,Q0,AP900214-0188,134,0.2973575086920056,minmaxnorm
146,Q0,AP901105-0107,135,0.2971356739681693,minmaxnorm
146,Q0,AP900417-0132,136,0.2970756104901416,minmaxnorm
146,Q0,AP900914-0205,137,0.29628333442810906,minmaxnorm
146,Q0,AP900619-0189,138,0.29611934081967134,minmaxnorm
146,Q0,AP900324-0177,139,0.29609957201409476,minmaxnorm
146,Q0,AP900517-0024,140,0.2958198522147534,minmaxnorm
146,Q0,AP900426-0169,141,0.2957500049916762,minmaxnorm
146,Q0,AP900616-0050,142,0.29568283669214857,minmaxnorm
146,Q0,AP900801-0181,143,0.29461019543628175,minmaxnorm
146,Q0,AP900417-0022,144,0.2941837850361595,minmaxnorm
146,Q0,AP900821-0163,145,0.2940889322770486,minmaxnorm
146,Q0,AP900712-0015,146,0.29300675902649725,minmaxnorm
146,Q0,AP900426-0081,147,0.29298109954054147,minmaxnorm
146,Q0,AP900426-0044,148,0.2928935550252221,minmaxnorm
146,Q0,AP900309-0043,149,0.2926858719218152,minmaxnorm
146,Q0,AP900122-0172,150,0.29224092631227355,minmaxnorm
146,Q0,AP901003-0163,151,0.29175964840019875,minmaxnorm
146,Q0,AP900207-0194,152,0.29170711869252414,minmaxnorm
146,Q0,AP900404-0118,153,0.2906954301133167,minmaxnorm
146,Q0,AP900308-0203,154,0.290112841488105,minmaxnorm
146,Q0,AP900223-0141,155,0.2899089874513501,minmaxnorm
146,Q0,AP900303-0091,156,0.2893838809183698,minmaxnorm
146,Q0,AP900308-0089,157,0.28921173603194755,minmaxnorm
146,Q0,AP900213-0174,158,0.2891159479613016,minmaxnorm
146,Q0,AP900103-0153,159,0.28888730246113997,minmaxnorm
146,Q0,AP900220-0016,160,0.28783808169050457,minmaxnorm
146,Q0,AP900123-0014,161,0.2878232666646401,minmaxnorm
146,Q0,AP900425-0109,162,0.2877340545967944,minmaxnorm
146,Q0,AP900531-0167,163,0.2877313942649991,minmaxnorm
146,Q0,AP900423-0132,164,0.2876711539409986,minmaxnorm
146,Q0,SJMN91-06165227,165,0.2856122523331683,minmaxnorm
146,Q0,AP900225-0003,166,0.2856088508187898,minmaxnorm
146,Q0,AP900309-0110,167,0.28528099272594354,minmaxnorm
146,Q0,AP900228-0159,168,0.28497357460588285,minmaxnorm
146,Q0,AP900224-0126,169,0.2848822735051025,minmaxnorm
146,Q0,SJMN91-06061060,170,0.28466161268490486,minmaxnorm
146,Q0,AP900103-0084,171,0.2842910037991005,minmaxnorm
146,Q0,AP900330-0012,172,0.2836157156204528,minmaxnorm
146,Q0,AP900317-0113,173,0.2832748716883456,minmaxnorm
146,Q0,AP901118-0080,174,0.2826408172000801,minmaxnorm
146,Q0,AP900221-0212,175,0.28197551434980916,minmaxnorm
146,Q0,AP900519-0092,176,0.2818372971440319,minmaxnorm
146,Q0,AP900530-0109,177,0.28165292530221564,minmaxnorm
146,Q0,AP900227-0036,178,0.2814555325617251,minmaxnorm
146,Q0,AP900424-0052,179,0.28100357844399715,minmaxnorm
146,Q0,AP900304-0039,180,0.28058172958684324,minmaxnorm
146,Q0,AP900303-0131,181,0.28015612970383885,minmaxnorm
146,Q0,AP900409-0152,182,0.2801272917912447,minmaxnorm
146,Q0,AP900309-0185,183,0.2800902963619423,minmaxnorm
146,Q0,AP900417-0105,184,0.28003899361119405,minmaxnorm
146,Q0,AP900222-0171,185,0.2799159752627199,minmaxnorm
146,Q0,AP900224-0020,186,0.2796769444930956,minmaxnorm
146,Q0,AP900226-0173,187,0.27925965174841433,minmaxnorm
146,Q0,AP901110-0100,188,0.2791019711279664,minmaxnorm
146,Q0,SJMN91-06086224,189,0.2789684955391366,minmaxnorm
146,Q0,AP900226-0064,190,0.27845189337051207,minmaxnorm
146,Q0,AP900217-0046,191,0.27843573287012563,minmaxnorm
146,Q0,AP900518-0202,192,0.2784006324716305,minmaxnorm
146,Q0,AP900403-0175,193,0.27778717154869553,minmaxnorm
146,Q0,AP900222-0030,194,0.2775614019013737,minmaxnorm
146,Q0,AP900316-0161,195,0.2772090628610727,minmaxnorm
146,Q0,AP900313-0047,196,0.2770647509927819,minmaxnorm
146,Q0,AP900310-0062,197,0.27692977892369136,minmaxnorm
146,Q0,AP900303-0097,198,0.27687243279834794,minmaxnorm
146,Q0,AP900331-0073,199,0.2767464287077508,minmaxnorm
146,Q0,AP900331-0020,200,0.276644275444369,minmaxnorm
146,Q0,AP901205-0035,201,0.2764406150094239,minmaxnorm
146,Q0,AP900531-0035,202,0.276213189641475,minmaxnorm
146,Q0,AP900328-0134,203,0.27597692244031274,minmaxnorm
146,Q0,AP900115-0157,204,0.2757148776113384,minmaxnorm
146,Q0,AP900227-0057,205,0.2754148850206957,minmaxnorm
146,Q0,AP900409-0014,206,0.2747781975567067,minmaxnorm
146,Q0,AP900515-0140,207,0.2747595648564213,minmaxnorm
146,Q0,AP900712-0020,208,0.27426890164519807,minmaxnorm
146,Q0,AP900224-0010,209,0.27404990744363417,minmaxnorm
146,Q0,AP900103-0062,210,0.2724576082240917,minmaxnorm
146,Q0,AP900313-0133,211,0.2723704689367712,minmaxnorm
146,Q0,AP900226-0073,212,0.2714362183677347,minmaxnorm
146,Q0,AP900313-0144,213,0.2712925904285728,minmaxnorm
146,Q0,AP900814-0103,214,0.27124829897754477,minmaxnorm
146,Q0,AP900223-0160,215,0.2710397410705437,minmaxnorm
146,Q0,AP900929-0122,216,0.2710042281751768,minmaxnorm
146,Q0,AP901223-0015,217,0.2702612968783551,minmaxnorm
146,Q0,AP900319-0006,218,0.27018583217326086,minmaxnorm
146,Q0,AP900521-0030,219,0.2700390454522125,minmaxnorm
146,Q0,AP900223-0001,220,0.26992805901967787,minmaxnorm
146,Q0,AP900426-0053,221,0.26968875030946377,minmaxnorm
146,Q0,AP901207-0180,222,0.2694407150838812,minmaxnorm
146,Q0,AP900303-0102,223,0.2693312219766455,minmaxnorm
146,Q0,AP900301-0176,224,0.26920231533235206,minmaxnorm
146,Q0,AP900224-0136,225,0.26910477841142744,minmaxnorm
146,Q0,AP900121-0010,226,0.2689054443437976,minmaxnorm
146,Q0,AP900426-0147,227,0.26819575571803356,minmaxnorm
146,Q0,AP900722-0062,228,0.2680647301821666,minmaxnorm
146,Q0,AP900613-0196,229,0.2677758887980277,minmaxnorm
146,Q0,AP900530-0049,230,0.2671005629562527,minmaxnorm
146,Q0,AP900305-0017,231,0.26696757178691655,minmaxnorm
146,Q0,AP900721-0144,232,0.266837678566592,minmaxnorm
146,Q0,AP900703-0172,233,0.2667904369340031,minmaxnorm
146,Q0,AP900519-0012,234,0.26643177784894545,minmaxnorm
146,Q0,AP900425-0021,235,0.26637198252322813,minmaxnorm
146,Q0,AP900219-0025,236,0.266271392834332,minmaxnorm
146,Q0,AP900106-0034,237,0.2657196950531477,minmaxnorm
146,Q0,AP900501-0033,238,0.2653228996990059,minmaxnorm
146,Q0,AP900822-0146,239,0.2651584504145016,minmaxnorm
146,Q0,AP901120-0181,240,0.26507608008210076,minmaxnorm
146,Q0,AP900221-0096,241,0.26506820830910915,minmaxnorm
146,Q0,AP900420-0213,242,0.26457673068306153,minmaxnorm
146,Q0,AP900226-0117,243,0.2644402539927692,minmaxnorm
146,Q0,AP900304-0040,244,0.26406172921025445,minmaxnorm
146,Q0,AP900516-0193,245,0.26382004641565493,minmaxnorm
146,Q0,AP900310-0133,246,0.2636357765000387,minmaxnorm
146,Q0,AP900517-0160,247,0.26347634924050195,minmaxnorm
146,Q0,AP900608-0007,248,0.2633731705039112,minmaxnorm
146,Q0,AP900220-0169,249,0.26163186953307926,minmaxnorm
146,Q0,AP900816-0110,250,0.26150005639458235,minmaxnorm
146,Q0,AP900220-0011,251,0.2614275236722808,minmaxnorm
146,Q0,AP900113-0125,252,0.2606877339339301,minmaxnorm
146,Q0,AP901206-0134,253,0.2606490700326451,minmaxnorm
146,Q0,AP900218-0067,254,0.2602199604273628,minmaxnorm
146,Q0,SJMN91-06109204,255,0.2601954257242494,minmaxnorm
146,Q0,AP900423-0011,256,0.26018011077291964,minmaxnorm
146,Q0,AP901110-0011,257,0.2595833427807924,minmaxnorm
146,Q0,SJMN91-06107214,258,0.2592635740178003,minmaxnorm
146,Q0,AP900227-0147,259,0.2588318704037759,minmaxnorm
146,Q0,AP900525-0040,260,0.2586584089674278,minmaxnorm
146,Q0,AP900917-0108,261,0.25793530389748714,minmaxnorm
146,Q0,AP900512-0103,262,0.25784597588472474,minmaxnorm
146,Q0,SJMN91-06121240,263,0.2577836618692634,minmaxnorm
146,Q0,AP900518-0037,264,0.257668193589343,minmaxnorm
146,Q0,AP900402-0158,265,0.2575797881383952,minmaxnorm
146,Q0,AP900913-0170,266,0.25755575690038346,minmaxnorm
146,Q0,AP900419-0088,267,0.2575325921114259,minmaxnorm
146,Q0,AP901221-0058,268,0.25740705795820873,minmaxnorm
146,Q0,AP900613-0101,269,0.257394900124056,minmaxnorm
146,Q0,AP900303-0013,270,0.25728798977661455,minmaxnorm
146,Q0,AP900503-0196,271,0.25698222746514143,minmaxnorm
146,Q0,AP900322-0117,272,0.256217087589907,minmaxnorm
146,Q0,AP900106-0126,273,0.25614374285471064,minmaxnorm
146,Q0,AP900822-0185,274,0.25599466821385275,minmaxnorm
146,Q0,AP900607-0148,275,0.2557566482440277,minmaxnorm
146,Q0,AP900430-0136,276,0.25575609807010513,minmaxnorm
146,Q0,AP900313-0142,277,0.2556071078795562,minmaxnorm
146,Q0,AP901124-0034,278,0.2555593489916329,minmaxnorm
146,Q0,AP900225-0068,279,0.25534633849700283,minmaxnorm
146,Q0,AP901125-0029,280,0.2553269174941851,minmaxnorm
146,Q0,AP900609-0122,281,0.2549867915890555,minmaxnorm
146,Q0,AP900226-0149,282,0.2547236072119532,minmaxnorm
146,Q0,AP900424-0187,283,0.25459998862894834,minmaxnorm
146,Q0,AP900424-0115,284,0.2545756878515253,minmaxnorm
146,Q0,AP900307-0198,285,0.25451198107958645,minmaxnorm
146,Q0,AP900423-0141,286,0.2538501684145243,minmaxnorm
146,Q0,AP900709-0055,287,0.25376552838817396,minmaxnorm
146,Q0,AP900227-0028,288,0.25332179650755454,minmaxnorm
146,Q0,AP900423-0018,289,0.25331102394032773,minmaxnorm
146,Q0,AP900425-0047,290,0.25288164792714524,minmaxnorm
146,Q0,AP900523-0044,291,0.2525898389598449,minmaxnorm
146,Q0,AP900226-0079,292,0.25249284891720725,minmaxnorm
146,Q0,AP900309-0163,293,0.252334854906042,minmaxnorm
146,Q0,AP900226-0030,294,0.25226139281144583,minmaxnorm
146,Q0,AP900427-0037,295,0.2520205427263006,minmaxnorm
146,Q0,AP900228-0017,296,0.25199184629253124,minmaxnorm
146,Q0,AP900407-0133,297,0.25195503451490686,minmaxnorm
146,Q0,SJMN91-06243227,298,0.2517150520986039,minmaxnorm
146,Q0,AP901021-0048,299,0.2513110632162927,minmaxnorm
146,Q0,AP900725-0173,300,0.2509598822476215,minmaxnorm
146,Q0,AP900319-0139,301,0.25095377928173784,minmaxnorm
146,Q0,AP900228-0220,302,0.25094187979293386,minmaxnorm
146,Q0,AP900821-0161,303,0.2509188356749353,minmaxnorm
146,Q0,AP900515-0115,304,0.2507993707252713,minmaxnorm
146,Q0,AP900817-0031,305,0.2505045804363626,minmaxnorm
146,Q0,AP900601-0092,306,0.25030124014644195,minmaxnorm
146,Q0,AP900115-0046,307,0.24964219994857986,minmaxnorm
146,Q0,AP900712-0160,308,0.24955948588470547,minmaxnorm
146,Q0,AP900818-0151,309,0.24953937272463395,minmaxnorm
146,Q0,AP900516-0116,310,0.24947239360769338,minmaxnorm
146,Q0,SJMN91-06116101,311,0.2491905224564584,minmaxnorm
146,Q0,AP900306-0039,312,0.24906189028508974,minmaxnorm
146,Q0,AP900602-0177,313,0.24893738361181922,minmaxnorm
146,Q0,AP900710-0024,314,0.24835473723872065,minmaxnorm
146,Q0,AP900822-0037,315,0.2474042501329355,minmaxnorm
146,Q0,AP900620-0147,316,0.24711604774979976,minmaxnorm
146,Q0,AP900330-0066,317,0.2466833635751095,minmaxnorm
146,Q0,AP900302-0048,318,0.2465570808413164,minmaxnorm
146,Q0,AP900207-0053,319,0.24648742236819499,minmaxnorm
146,Q0,AP900301-0179,320,0.24610884848942782,minmaxnorm
146,Q0,SJMN91-06175162,321,0.24588834196397338,minmaxnorm
146,Q0,AP901213-0015,322,0.24575617689566195,minmaxnorm
146,Q0,AP900312-0021,323,0.24573316109930599,minmaxnorm
146,Q0,AP900221-0059,324,0.24572985086705787,minmaxnorm
146,Q0,SJMN91-06270026,325,0.24551911484041042,minmaxnorm
146,Q0,AP901023-0206,326,0.24545385098290323,minmaxnorm
146,Q0,SJMN91-06048078,327,0.2447925208917611,minmaxnorm
146,Q0,AP900630-0126,328,0.2445764927562534,minmaxnorm
146,Q0,AP900827-0140,329,0.24441125288642526,minmaxnorm
146,Q0,AP900223-0137,330,0.24441085496133164,minmaxnorm
146,Q0,AP900323-0026,331,0.24403471151408404,minmaxnorm
146,Q0,AP900301-0183,332,0.24347765540462146,minmaxnorm
146,Q0,AP900425-0002,333,0.24334347809959295,minmaxnorm
146,Q0,AP900620-0044,334,0.24318036441838609,minmaxnorm
146,Q0,AP900324-0029,335,0.24289631165011139,minmaxnorm
146,Q0,AP901105-0132,336,0.24266898870999218,minmaxnorm
146,Q0,AP900226-0147,337,0.24232151659117385,minmaxnorm
146,Q0,AP900307-0104,338,0.24229638089801156,minmaxnorm
146,Q0,AP900320-0116,339,0.24173951561281246,minmaxnorm
146,Q0,AP900427-0011,340,0.24153974541244386,minmaxnorm
146,Q0,AP900302-0045,341,0.2414264214020773,minmaxnorm
146,Q0,SJMN91-06320141,342,0.241308619604862,minmaxnorm
146,Q0,AP900225-0014,343,0.23992368665560687,minmaxnorm
146,Q0,AP900718-0153,344,0.23909270756652298,minmaxnorm
146,Q0,SJMN91-06078150,345,0.23905883570444347,minmaxnorm
146,Q0,AP900109-0019,346,0.23875383717314458,minmaxnorm
146,Q0,AP900517-0099,347,0.23868129200432053,minmaxnorm
146,Q0,AP900222-0084,348,0.23858728379927865,minmaxnorm
146,Q0,AP900216-0228,349,0.23854594913534877,minmaxnorm
146,Q0,AP901117-0034,350,0.2382958250702497,minmaxnorm
146,Q0,AP901025-0009,351,0.2377778447859077,minmaxnorm
146,Q0,AP901017-0125,352,0.23773275594475968,minmaxnorm
146,Q0,AP900221-0017,353,0.23735030850761246,minmaxnorm
146,Q0,AP900329-0182,354,0.23709739398461094,minmaxnorm
146,Q0,AP901017-0068,355,0.23695323246605782,minmaxnorm
146,Q0,AP900511-0055,356,0.23679267932756537,minmaxnorm
146,Q0,AP900516-0002,357,0.23659644783155698,minmaxnorm
146,Q0,AP900610-0056,358,0.23655758534778712,minmaxnorm
146,Q0,AP900726-0167,359,0.23648370050770445,minmaxnorm
146,Q0,AP900201-0179,360,0.23620577262223347,minmaxnorm
146,Q0,AP901002-0038,361,0.2361297754857044,minmaxnorm
146,Q0,AP901001-0177,362,0.23601793798472878,minmaxnorm
146,Q0,AP901018-0177,363,0.23560639290760135,minmaxnorm
146,Q0,AP900115-0094,364,0.23448919679195734,minmaxnorm
146,Q0,AP900713-0149,365,0.23392983894432764,minmaxnorm
146,Q0,AP901221-0142,366,0.23379922787695034,minmaxnorm
146,Q0,AP900726-0073,367,0.233760751509082,minmaxnorm
146,Q0,AP900515-0130,368,0.23365975671817554,minmaxnorm
146,Q0,AP901004-0164,369,0.23336434965152777,minmaxnorm
146,Q0,AP900904-0146,370,0.2329728754991452,minmaxnorm
146,Q0,AP901025-0017,371,0.23292621495463148,minmaxnorm
146,Q0,AP901019-0171,372,0.2326734479467825,minmaxnorm
146,Q0,AP900321-0013,373,0.23219586162307074,minmaxnorm
146,Q0,AP900609-0120,374,0.23196822031494646,minmaxnorm
146,Q0,AP900510-0198,375,0.2319682107130005,minmaxnorm
146,Q0,AP900518-0187,376,0.23191372717173261,minmaxnorm
146,Q0,AP900914-0069,377,0.23161966375001664,minmaxnorm
146,Q0,SJMN91-06331022,378,0.23157758424465705,minmaxnorm
146,Q0,AP900719-0125,379,0.23041871855916235,minmaxnorm
146,Q0,AP900207-0198,380,0.23016596370575781,minmaxnorm
146,Q0,AP900227-0166,381,0.23016030490185466,minmaxnorm
146,Q0,SJMN91-06236242,382,0.2295725274174023,minmaxnorm
146,Q0,AP900214-0143,383,0.22945790747471115,minmaxnorm
146,Q0,AP900301-0003,384,0.22898177516609874,minmaxnorm
146,Q0,AP900313-0086,385,0.2284066695307844,minmaxnorm
146,Q0,AP900228-0087,386,0.2282654029785721,minmaxnorm
146,Q0,AP900306-0184,387,0.22818411221920795,minmaxnorm
146,Q0,AP900719-0177,388,0.22806667951449122,minmaxnorm
146,Q0,AP900226-0157,389,0.2279852024029371,minmaxnorm
146,Q0,AP901004-0160,390,0.22793143295467141,minmaxnorm
146,Q0,AP900516-0102,391,0.2279244674338334,minmaxnorm
146,Q0,AP900724-0166,392,0.22772995245686023,minmaxnorm
146,Q0,AP900208-0183,393,0.22747031141744328,minmaxnorm
146,Q0,AP900720-0027,394,0.2273645980246799,minmaxnorm
146,Q0,AP900621-0208,395,0.22699903217645168,minmaxnorm
146,Q0,AP901020-0139,396,0.22665330851901364,minmaxnorm
146,Q0,SJMN91-06319054,397,0.22642158475878363,minmaxnorm
146,Q0,AP900326-0007,398,0.22600942989932665,minmaxnorm
146,Q0,AP900608-0172,399,0.2259022560922671,minmaxnorm
146,Q0,AP900227-0056,400,0.22588562955103314,minmaxnorm
146,Q0,AP900721-0048,401,0.22581909966571417,minmaxnorm
146,Q0,AP900608-0098,402,0.22568040181295695,minmaxnorm
146,Q0,AP900301-0039,403,0.22538483177357374,minmaxnorm
146,Q0,AP901023-0190,404,0.2251928099397382,minmaxnorm
146,Q0,AP900611-0063,405,0.2250531491149782,minmaxnorm
146,Q0,AP900210-0033,406,0.2249951472199803,minmaxnorm
146,Q0,AP901108-0038,407,0.22475565968928712,minmaxnorm
146,Q0,AP900425-0035,408,0.2245643582233175,minmaxnorm
146,Q0,AP901026-0144,409,0.2239191646015692,minmaxnorm
146,Q0,AP900615-0093,410,0.22386703282257897,minmaxnorm
146,Q0,AP901124-0113,411,0.22374196406545888,minmaxnorm
146,Q0,AP900226-0047,412,0.22366592101762892,minmaxnorm
146,Q0,AP900227-0119,413,0.22361131351534821,minmaxnorm
146,Q0,AP900227-0064,414,0.22354894686007074,minmaxnorm
146,Q0,SJMN91-06080167,415,0.22334801789025516,minmaxnorm
146,Q0,AP900517-0174,416,0.223181669789896,minmaxnorm
146,Q0,AP900808-0185,417,0.22292420571540672,minmaxnorm
146,Q0,AP900131-0122,418,0.22270425990514253,minmaxnorm
146,Q0,AP901109-0113,419,0.22257077827396501,minmaxnorm
146,Q0,AP901130-0023,420,0.22254590435097632,minmaxnorm
146,Q0,AP900501-0015,421,0.22237967566886493,minmaxnorm
146,Q0,AP900301-0038,422,0.222358377716528,minmaxnorm
146,Q0,SJMN91-06126187,423,0.22220295759427078,minmaxnorm
146,Q0,SJMN91-06119102,424,0.22202077131619818,minmaxnorm
146,Q0,AP900818-0146,425,0.2219920775067357,minmaxnorm
146,Q0,AP900427-0168,426,0.2219346737559173,minmaxnorm
146,Q0,AP900227-0108,427,0.22179373950163672,minmaxnorm
146,Q0,AP901021-0078,428,0.2217637034652155,minmaxnorm
146,Q0,AP900308-0005,429,0.2216464567861101,minmaxnorm
146,Q0,SJMN91-06011072,430,0.2215735498105602,minmaxnorm
146,Q0,AP901116-0141,431,0.22134536642004196,minmaxnorm
146,Q0,AP900315-0020,432,0.22122539695430418,minmaxnorm
146,Q0,AP900510-0029,433,0.22110333419532563,minmaxnorm
146,Q0,AP901218-0060,434,0.2206212920454605,minmaxnorm
146,Q0,AP900309-0009,435,0.22050143768027583,minmaxnorm
146,Q0,AP900204-0061,436,0.22044507343135178,minmaxnorm
146,Q0,AP900308-0047,437,0.22022389777170165,minmaxnorm
146,Q0,AP900521-0168,438,0.22015218147025953,minmaxnorm
146,Q0,AP900106-0105,439,0.21963280334169571,minmaxnorm
146,Q0,AP900904-0063,440,0.21892391804630013,minmaxnorm
146,Q0,AP900724-0179,441,0.21816973340388823,minmaxnorm
146,Q0,SJMN91-06315212,442,0.21786358763605376,minmaxnorm
146,Q0,AP901229-0086,443,0.21780789121694263,minmaxnorm
146,Q0,AP900925-0122,444,0.21762094597655507,minmaxnorm
146,Q0,AP900816-0003,445,0.21758692803759294,minmaxnorm
146,Q0,AP900627-0020,446,0.21732589937724087,minmaxnorm
146,Q0,SJMN91-06138250,447,0.21721529748234486,minmaxnorm
146,Q0,AP900301-0017,448,0.2164441857611011,minmaxnorm
146,Q0,AP900420-0006,449,0.21640576398311037,minmaxnorm
146,Q0,AP900217-0073,450,0.2160944521672375,minmaxnorm
146,Q0,AP900901-0021,451,0.2159446926689993,minmaxnorm
146,Q0,AP901001-0045,452,0.21514961436616603,minmaxnorm
146,Q0,SJMN91-06011288,453,0.2149044361145127,minmaxnorm
146,Q0,AP900307-0080,454,0.2148677853162123,minmaxnorm
146,Q0,AP900710-0063,455,0.2140780164294797,minmaxnorm
146,Q0,AP900314-0043,456,0.2135510795619731,minmaxnorm
146,Q0,AP901121-0120,457,0.21242646715159014,minmaxnorm
146,Q0,AP900321-0087,458,0.21218826116411355,minmaxnorm
146,Q0,AP900313-0168,459,0.21217022342558767,minmaxnorm
146,Q0,SJMN91-06286213,460,0.21203401384107998,minmaxnorm
146,Q0,AP900216-0189,461,0.21183682974924892,minmaxnorm
146,Q0,AP900425-0214,462,0.211799103235564,minmaxnorm
146,Q0,AP901221-0195,463,0.21176743246248284,minmaxnorm
146,Q0,AP900425-0153,464,0.21128526889545252,minmaxnorm
146,Q0,AP900604-0008,465,0.2109692356359138,minmaxnorm
146,Q0,AP900219-0110,466,0.21048041312171428,minmaxnorm
146,Q0,AP900712-0076,467,0.20996769536329196,minmaxnorm
146,Q0,AP900424-0066,468,0.20933398602097775,minmaxnorm
146,Q0,AP901208-0010,469,0.20900945718981007,minmaxnorm
146,Q0,AP900202-0109,470,0.20870550338402438,minmaxnorm
146,Q0,AP900307-0034,471,0.20862272950071628,minmaxnorm
146,Q0,AP900102-0148,472,0.20852974415975148,minmaxnorm
146,Q0,AP900223-0140,473,0.20821426805534582,minmaxnorm
146,Q0,AP900426-0123,474,0.2081913407371682,minmaxnorm
146,Q0,SJMN91-06016081,475,0.20795864182121623,minmaxnorm
146,Q0,AP900228-0101,476,0.2074353104377698,minmaxnorm
146,Q0,AP900820-0112,477,0.20707948774294965,minmaxnorm
146,Q0,AP900129-0007,478,0.20701669197604447,minmaxnorm
146,Q0,AP900309-0162,479,0.20699746228495852,minmaxnorm
146,Q0,SJMN91-06267069,480,0.20581534930646067,minmaxnorm
146,Q0,AP900225-0064,481,0.20581450670058593,minmaxnorm
146,Q0,AP900508-0022,482,0.20563917598959616,minmaxnorm
146,Q0,AP900110-0147,483,0.20512272874938994,minmaxnorm
146,Q0,SJMN91-06302132,484,0.20505935825058447,minmaxnorm
146,Q0,AP900309-0095,485,0.20504151578996355,minmaxnorm
146,Q0,AP900703-0136,486,0.20480611033369983,minmaxnorm
146,Q0,AP900315-0049,487,0.20446567178668418,minmaxnorm
146,Q0,SJMN91-06034194,488,0.2041832021066748,minmaxnorm
146,Q0,AP900409-0244,489,0.2041534420135085,minmaxnorm
146,Q0,AP901023-0132,490,0.20397282353092996,minmaxnorm
146,Q0,AP900713-0019,491,0.20332768781965854,minmaxnorm
146,Q0,AP900203-0045,492,0.20285678512042046,minmaxnorm
146,Q0,AP900227-0066,493,0.20278951537089268,minmaxnorm
146,Q0,AP900712-0026,494,0.20159342582793258,minmaxnorm
146,Q0,AP901115-0145,495,0.20155713336336475,minmaxnorm
146,Q0,AP900712-0176,496,0.20128100603702628,minmaxnorm
146,Q0,AP900504-0024,497,0.2012800248884561,minmaxnorm
146,Q0,AP900323-0068,498,0.20058020149007705,minmaxnorm
146,Q0,AP901214-0203,499,0.2004303047199725,minmaxnorm
146,Q0,AP900205-0038,500,0.20017659227215398,minmaxnorm
146,Q0,AP901012-0143,501,0.20017190748099714,minmaxnorm
146,Q0,AP900621-0006,502,0.2001447424784142,minmaxnorm
146,Q0,AP900104-0145,503,0.19985466089845083,minmaxnorm
146,Q0,AP901024-0045,504,0.19985183970908202,minmaxnorm
146,Q0,AP900507-0155,505,0.19967401678868513,minmaxnorm
146,Q0,AP900131-0184,506,0.19958436779030736,minmaxnorm
146,Q0,AP900113-0060,507,0.19953992287659825,minmaxnorm
146,Q0,AP900608-0184,508,0.19948318961146097,minmaxnorm
146,Q0,AP900614-0205,509,0.19906313815466958,minmaxnorm
146,Q0,AP900228-0020,510,0.1987320922424496,minmaxnorm
146,Q0,AP900627-0188,511,0.19844282023463952,minmaxnorm
146,Q0,AP900226-0039,512,0.1975602686641505,minmaxnorm
146,Q0,AP901128-0167,513,0.196761017690014,minmaxnorm
146,Q0,AP901003-0077,514,0.19658688714092123,minmaxnorm
146,Q0,AP901001-0035,515,0.19621552333620917,minmaxnorm
146,Q0,AP901220-0171,516,0.19570325970079794,minmaxnorm
146,Q0,AP900618-0049,517,0.19424180787636708,minmaxnorm
146,Q0,AP900502-0032,518,0.1939070912281241,minmaxnorm
146,Q0,SJMN91-06277228,519,0.19387977891008484,minmaxnorm
146,Q0,SJMN91-06360148,520,0.19371377449569507,minmaxnorm
146,Q0,AP901120-0170,521,0.1933975322506098,minmaxnorm
146,Q0,AP900121-0009,522,0.19320343379766422,minmaxnorm
146,Q0,AP900309-0117,523,0.19292281110337317,minmaxnorm
146,Q0,AP900409-0159,524,0.19238590788320575,minmaxnorm
146,Q0,SJMN91-06017071,525,0.19217754588685204,minmaxnorm
146,Q0,SJMN91-06331101,526,0.19201450874669182,minmaxnorm
146,Q0,AP900117-0192,527,0.1914416417027653,minmaxnorm
146,Q0,AP901116-0102,528,0.19131899731782503,minmaxnorm
146,Q0,AP900705-0001,529,0.19129071441619938,minmaxnorm
146,Q0,AP900717-0137,530,0.19112270293110645,minmaxnorm
146,Q0,AP900508-0203,531,0.1908745141149363,minmaxnorm
146,Q0,AP900428-0033,532,0.1907395178842723,minmaxnorm
146,Q0,AP900327-0143,533,0.1906011815486369,minmaxnorm
146,Q0,SJMN91-06073004,534,0.19055221919615983,minmaxnorm
146,Q0,SJMN91-06108090,535,0.1903405886054646,minmaxnorm
146,Q0,AP900704-0146,536,0.18905458983939902,minmaxnorm
146,Q0,SJMN91-06040154,537,0.1890330442137514,minmaxnorm
146,Q0,AP900217-0063,538,0.18870793934854943,minmaxnorm
146,Q0,AP901121-0079,539,0.18869525754788036,minmaxnorm
146,Q0,AP900201-0134,540,0.1877616445644207,minmaxnorm
146,Q0,AP900224-0014,541,0.1877457002517306,minmaxnorm
146,Q0,AP900225-0072,542,0.18751349543239515,minmaxnorm
146,Q0,SJMN91-06220191,543,0.18712495534691304,minmaxnorm
146,Q0,AP900205-0025,544,0.18694160897726425,minmaxnorm
146,Q0,AP900228-0133,545,0.186902942191263,minmaxnorm
146,Q0,AP901015-0163,546,0.1866723274837016,minmaxnorm
146,Q0,AP900608-0202,547,0.1865905913799276,minmaxnorm
146,Q0,SJMN91-06176145,548,0.18648767140004047,minmaxnorm
146,Q0,AP900224-0009,549,0.18581371215911804,minmaxnorm
146,Q0,AP900423-0033,550,0.18577385151315998,minmaxnorm
146,Q0,AP901025-0027,551,0.1855437185544976,minmaxnorm
146,Q0,AP900803-0001,552,0.18540980031354828,minmaxnorm
146,Q0,AP901213-0083,553,0.18530877307573723,minmaxnorm
146,Q0,AP900416-0016,554,0.1851160525414077,minmaxnorm
146,Q0,SJMN91-06321008,555,0.1850818000401007,minmaxnorm
146,Q0,AP900501-0120,556,0.1850263687983383,minmaxnorm
146,Q0,AP901020-0028,557,0.18499456431607947,minmaxnorm
146,Q0,SJMN91-06036232,558,0.18476167275195102,minmaxnorm
146,Q0,SJMN91-06114208,559,0.1838902598516174,minmaxnorm
146,Q0,AP900224-0106,560,0.18338830393494435,minmaxnorm
146,Q0,AP900104-0102,561,0.18260258754925732,minmaxnorm
146,Q0,AP900604-0206,562,0.18246458826284226,minmaxnorm
146,Q0,AP900620-0077,563,0.18243534946889908,minmaxnorm
146,Q0,AP900215-0118,564,0.18232987571741505,minmaxnorm
146,Q0,SJMN91-06105134,565,0.18226053276590967,minmaxnorm
146,Q0,AP900821-0131,566,0.18201298656383663,minmaxnorm
146,Q0,AP900114-0044,567,0.1817561891745824,minmaxnorm
146,Q0,AP900416-0108,568,0.18152104173583838,minmaxnorm
146,Q0,SJMN91-06341106,569,0.18120641397657303,minmaxnorm
146,Q0,AP901213-0162,570,0.1811523666032625,minmaxnorm
146,Q0,AP901015-0105,571,0.1810067313107886,minmaxnorm
146,Q0,AP900103-0156,572,0.18065355710400227,minmaxnorm
146,Q0,AP900523-0081,573,0.18039064548812989,minmaxnorm
146,Q0,AP900321-0203,574,0.1795395872781536,minmaxnorm
146,Q0,AP900727-0164,575,0.17950263010328874,minmaxnorm
146,Q0,AP901116-0065,576,0.1788880932066225,minmaxnorm
146,Q0,AP900128-0031,577,0.17872473026110056,minmaxnorm
146,Q0,AP900327-0123,578,0.17868096570091915,minmaxnorm
146,Q0,AP900928-0093,579,0.17804621364084355,minmaxnorm
146,Q0,AP900130-0114,580,0.17769345897123442,minmaxnorm
146,Q0,AP900409-0115,581,0.17749774772893123,minmaxnorm
146,Q0,AP900225-0101,582,0.17742129286882802,minmaxnorm
146,Q0,AP900203-0139,583,0.17727265944991433,minmaxnorm
146,Q0,AP900127-0069,584,0.17675881954502193,minmaxnorm
146,Q0,AP900608-0024,585,0.1766662822738952,minmaxnorm
146,Q0,SJMN91-06061110,586,0.17625046358447738,minmaxnorm
146,Q0,SJMN91-06008216,587,0.17624503517453585,minmaxnorm
146,Q0,AP900712-0109,588,0.17607043006372883,minmaxnorm
146,Q0,AP900228-0106,589,0.1759887269974019,minmaxnorm
146,Q0,SJMN91-06109111,590,0.17575370544783853,minmaxnorm
146,Q0,AP901016-0043,591,0.1755651862212566,minmaxnorm
146,Q0,AP901214-0003,592,0.17426665689403073,minmaxnorm
146,Q0,AP900112-0133,593,0.174012129496077,minmaxnorm
146,Q0,AP901212-0095,594,0.17388718019458566,minmaxnorm
146,Q0,AP900220-0099,595,0.17372592970852407,minmaxnorm
146,Q0,SJMN91-06123156,596,0.17318876997930965,minmaxnorm
146,Q0,AP900411-0114,597,0.17263015129439913,minmaxnorm
146,Q0,AP900703-0162,598,0.1724737326147607,minmaxnorm
146,Q0,AP900608-0173,599,0.17245572877607454,minmaxnorm
146,Q0,AP900906-0121,600,0.17216679560934822,minmaxnorm
146,Q0,AP901121-0141,601,0.17198409838583884,minmaxnorm
146,Q0,AP901002-0085,602,0.17140794589179711,minmaxnorm
146,Q0,AP900504-0038,603,0.1713101755357398,minmaxnorm
146,Q0,AP900427-0093,604,0.17127599420253822,minmaxnorm
146,Q0,AP901121-0131,605,0.17110043580203071,minmaxnorm
146,Q0,SJMN91-06243039,606,0.1709829753330812,minmaxnorm
146,Q0,AP900301-0128,607,0.17088462453421688,minmaxnorm
146,Q0,AP901027-0062,608,0.17032134433290025,minmaxnorm
146,Q0,AP900226-0036,609,0.17023788259218148,minmaxnorm
146,Q0,AP901218-0017,610,0.16970524106529858,minmaxnorm
146,Q0,AP900602-0100,611,0.16962588914080856,minmaxnorm
146,Q0,AP900226-0081,612,0.16940383730348427,minmaxnorm
146,Q0,AP900207-0141,613,0.1690003701827094,minmaxnorm
146,Q0,AP900724-0162,614,0.1685347295006952,minmaxnorm
146,Q0,AP900428-0115,615,0.16835040348210664,minmaxnorm
146,Q0,AP901231-0119,616,0.16787751565114958,minmaxnorm
146,Q0,AP900210-0091,617,0.16739624390234512,minmaxnorm
146,Q0,AP900509-0016,618,0.16732200996119853,minmaxnorm
146,Q0,AP900416-0131,619,0.16728513071725243,minmaxnorm
146,Q0,AP901112-0076,620,0.16718975817231327,minmaxnorm
146,Q0,AP900601-0181,621,0.1664457356621671,minmaxnorm
146,Q0,AP900127-0115,622,0.16636100953377148,minmaxnorm
146,Q0,AP901206-0071,623,0.16614765879793145,minmaxnorm
146,Q0,AP900323-0085,624,0.16599909296303936,minmaxnorm
146,Q0,AP900904-0176,625,0.16575597379056872,minmaxnorm
146,Q0,AP900426-0126,626,0.16560958150239133,minmaxnorm
146,Q0,AP900727-0165,627,0.16496173136768355,minmaxnorm
146,Q0,AP901207-0143,628,0.16408302212242318,minmaxnorm
146,Q0,AP901128-0112,629,0.16403830551120313,minmaxnorm
146,Q0,SJMN91-06123099,630,0.16401937699342245,minmaxnorm
146,Q0,AP900627-0173,631,0.1640097069106207,minmaxnorm
146,Q0,AP900313-0051,632,0.16398472944499254,minmaxnorm
146,Q0,SJMN91-06267048,633,0.16396662979536689,minmaxnorm
146,Q0,SJMN91-06117284,634,0.1631852782800878,minmaxnorm
146,Q0,AP900804-0160,635,0.16288081607088423,minmaxnorm
146,Q0,AP900424-0180,636,0.16243475909047372,minmaxnorm
146,Q0,AP900505-0118,637,0.16243268556569918,minmaxnorm
146,Q0,AP900814-0045,638,0.16187214442958264,minmaxnorm
146,Q0,SJMN91-06122075,639,0.16184763042180977,minmaxnorm
146,Q0,AP900126-0177,640,0.16055705091732075,minmaxnorm
146,Q0,AP901212-0109,641,0.16029137346169653,minmaxnorm
146,Q0,SJMN91-06264114,642,0.16025157252854452,minmaxnorm
146,Q0,SJMN91-06108112,643,0.1601236999580614,minmaxnorm
146,Q0,AP900205-0190,644,0.15972686035931305,minmaxnorm
146,Q0,AP901005-0114,645,0.1596040137954734,minmaxnorm
146,Q0,AP900627-0164,646,0.1593888664255935,minmaxnorm
146,Q0,AP900101-0114,647,0.15933616629106973,minmaxnorm
146,Q0,AP900105-0020,648,0.15868679020633236,minmaxnorm
146,Q0,SJMN91-06123173,649,0.15824610936385078,minmaxnorm
146,Q0,AP900105-0001,650,0.15810387039492277,minmaxnorm
146,Q0,AP900426-0040,651,0.1578232842802509,minmaxnorm
146,Q0,SJMN91-06152226,652,0.15765557242116213,minmaxnorm
146,Q0,AP900317-0150,653,0.15751700522093687,minmaxnorm
146,Q0,AP901120-0154,654,0.1574643083838127,minmaxnorm
146,Q0,AP901220-0144,655,0.15745619612316256,minmaxnorm
146,Q0,AP900606-0168,656,0.15740810005037814,minmaxnorm
146,Q0,AP900711-0068,657,0.15727638455511203,minmaxnorm
146,Q0,AP900806-0025,658,0.15727151952465793,minmaxnorm
146,Q0,AP900104-0152,659,0.1560470831452708,minmaxnorm
146,Q0,AP900302-0206,660,0.15603889484908995,minmaxnorm
146,Q0,AP900625-0187,661,0.1560294144105305,minmaxnorm
146,Q0,AP900501-0100,662,0.1560169759554803,minmaxnorm
146,Q0,AP900220-0003,663,0.15592374701881492,minmaxnorm
146,Q0,AP901114-0156,664,0.15555328710217797,minmaxnorm
146,Q0,AP900517-0179,665,0.15501380822826571,minmaxnorm
146,Q0,AP900223-0124,666,0.1548573210922539,minmaxnorm
146,Q0,AP900330-0164,667,0.1546927160919001,minmaxnorm
146,Q0,AP900914-0027,668,0.1545784658954157,minmaxnorm
146,Q0,AP901028-0042,669,0.1543434910501429,minmaxnorm
146,Q0,AP900223-0161,670,0.15428007013750727,minmaxnorm
146,Q0,AP901118-0056,671,0.1542608600042428,minmaxnorm
146,Q0,AP900708-0072,672,0.15410332029265217,minmaxnorm
146,Q0,AP900522-0106,673,0.1534558142810097,minmaxnorm
146,Q0,AP900925-0168,674,0.15330086434846327,minmaxnorm
146,Q0,AP901210-0189,675,0.15260245496510733,minmaxnorm
146,Q0,SJMN91-06165059,676,0.1522519083890019,minmaxnorm
146,Q0,AP900620-0005,677,0.1521201220173842,minmaxnorm
146,Q0,AP900429-0078,678,0.1517829733212795,minmaxnorm
146,Q0,AP900327-0187,679,0.15162429449871317,minmaxnorm
146,Q0,AP900617-0034,680,0.15157401174256865,minmaxnorm
146,Q0,AP900502-0101,681,0.15143477136350203,minmaxnorm
146,Q0,AP900315-0023,682,0.15123525855994668,minmaxnorm
146,Q0,AP901213-0004,683,0.15120733033861075,minmaxnorm
146,Q0,AP900102-0115,684,0.15116216236706823,minmaxnorm
146,Q0,AP901113-0023,685,0.151100447733697,minmaxnorm
146,Q0,SJMN91-06095058,686,0.15104312036062584,minmaxnorm
146,Q0,AP900714-0086,687,0.15090221771660733,minmaxnorm
146,Q0,AP900313-0247,688,0.15079420057574286,minmaxnorm
146,Q0,AP900616-0112,689,0.1505170790036833,minmaxnorm
146,Q0,SJMN91-06262194,690,0.15037374492171118,minmaxnorm
146,Q0,SJMN91-06172119,691,0.1494037234361893,minmaxnorm
146,Q0,AP900609-0115,692,0.1490213081397119,minmaxnorm
146,Q0,AP900510-0052,693,0.14894058594228587,minmaxnorm
146,Q0,AP900427-0033,694,0.14893443047801921,minmaxnorm
146,Q0,AP900820-0120,695,0.14885158684711441,minmaxnorm
146,Q0,AP900731-0058,696,0.1485871885181803,minmaxnorm
146,Q0,AP901220-0156,697,0.14829967506964623,minmaxnorm
146,Q0,AP900201-0137,698,0.1482670762975524,minmaxnorm
146,Q0,AP901211-0151,699,0.14790238085575433,minmaxnorm
146,Q0,SJMN91-06178148,700,0.14789451078725444,minmaxnorm
146,Q0,AP900327-0195,701,0.14732875268093565,minmaxnorm
146,Q0,AP900605-0028,702,0.1472953860537642,minmaxnorm
146,Q0,SJMN91-06118003,703,0.14726475055906899,minmaxnorm
146,Q0,AP900112-0172,704,0.14590497744244962,minmaxnorm
146,Q0,AP900224-0117,705,0.145238245897026,minmaxnorm
146,Q0,AP900305-0083,706,0.14518527772386178,minmaxnorm
146,Q0,AP901009-0168,707,0.14469425870478334,minmaxnorm
146,Q0,AP900623-0141,708,0.14392924747358243,minmaxnorm
146,Q0,AP900514-0172,709,0.1438565102463318,minmaxnorm
146,Q0,AP900112-0008,710,0.1438061279514886,minmaxnorm
146,Q0,AP901219-0152,711,0.14373407588250917,minmaxnorm
146,Q0,AP900409-0005,712,0.14285738755409075,minmaxnorm
146,Q0,SJMN91-06051080,713,0.14281373525746885,minmaxnorm
146,Q0,AP900818-0041,714,0.14222063879859262,minmaxnorm
146,Q0,SJMN91-06167140,715,0.14200612220671413,minmaxnorm
146,Q0,AP901109-0136,716,0.14138108023908927,minmaxnorm
146,Q0,AP901112-0054,717,0.14130937921056796,minmaxnorm
146,Q0,AP900226-0044,718,0.1410139679017642,minmaxnorm
146,Q0,SJMN91-06003019,719,0.1406398931614334,minmaxnorm
146,Q0,AP900524-0091,720,0.14056255730455278,minmaxnorm
146,Q0,AP900924-0185,721,0.14034525347668664,minmaxnorm
146,Q0,AP900910-0026,722,0.14022625992125573,minmaxnorm
146,Q0,AP900526-0112,723,0.14014543603074484,minmaxnorm
146,Q0,AP900113-0067,724,0.13985371737178823,minmaxnorm
146,Q0,AP901210-0123,725,0.13926794337313794,minmaxnorm
146,Q0,AP900813-0021,726,0.1389470276837245,minmaxnorm
146,Q0,AP900201-0157,727,0.1389298482546414,minmaxnorm
146,Q0,AP900901-0017,728,0.13890906671681483,minmaxnorm
146,Q0,AP900318-0001,729,0.1387823197519901,minmaxnorm
146,Q0,AP900901-0032,730,0.1386929259199074,minmaxnorm
146,Q0,SJMN91-06069053,731,0.13866353789928998,minmaxnorm
146,Q0,AP900821-0042,732,0.13856599392742075,minmaxnorm
146,Q0,AP900628-0051,733,0.13825690650381586,minmaxnorm
146,Q0,AP901213-0173,734,0.13760402539611202,minmaxnorm
146,Q0,AP900226-0023,735,0.1370559254416314,minmaxnorm
146,Q0,SJMN91-06124143,736,0.13692267873493386,minmaxnorm
146,Q0,AP900706-0030,737,0.1368386093393713,minmaxnorm
146,Q0,AP900113-0019,738,0.13661375512014343,minmaxnorm
146,Q0,AP900228-0049,739,0.13635047249466298,minmaxnorm
146,Q0,AP900706-0185,740,0.136026143772758,minmaxnorm
146,Q0,AP900817-0142,741,0.13582050457413225,minmaxnorm
146,Q0,SJMN91-06269037,742,0.1357130641003751,minmaxnorm
146,Q0,AP900210-0153,743,0.13539023026083283,minmaxnorm
146,Q0,AP900308-0045,744,0.13528026751173247,minmaxnorm
146,Q0,AP901018-0087,745,0.1351154829781353,minmaxnorm
146,Q0,AP900219-0020,746,0.13506265611038348,minmaxnorm
146,Q0,AP901024-0053,747,0.1349278203885415,minmaxnorm
146,Q0,SJMN91-06282080,748,0.13428111828870254,minmaxnorm
146,Q0,AP901203-0126,749,0.13355303111092703,minmaxnorm
146,Q0,AP901229-0012,750,0.13348261094780978,minmaxnorm
146,Q0,AP900626-0007,751,0.13340640927137512,minmaxnorm
146,Q0,AP900314-0117,752,0.13315171003862655,minmaxnorm
146,Q0,AP900321-0016,753,0.13271965530357935,minmaxnorm
146,Q0,AP900803-0056,754,0.13270868107580244,minmaxnorm
146,Q0,SJMN91-06201252,755,0.1323591012341616,minmaxnorm
146,Q0,AP901023-0207,756,0.1319117249416617,minmaxnorm
146,Q0,AP900320-0060,757,0.13097523325153423,minmaxnorm
146,Q0,AP900320-0121,758,0.13096392214282965,minmaxnorm
146,Q0,AP900226-0125,759,0.13046061669733144,minmaxnorm
146,Q0,SJMN91-06172074,760,0.13039560408658754,minmaxnorm
146,Q0,AP901017-0009,761,0.13036605531298284,minmaxnorm
146,Q0,AP900719-0140,762,0.1302271017781118,minmaxnorm
146,Q0,AP900509-0026,763,0.13007173263559885,minmaxnorm
146,Q0,SJMN91-06355141,764,0.1300141992669786,minmaxnorm
146,Q0,AP900114-0056,765,0.1299563418379685,minmaxnorm
146,Q0,AP901117-0117,766,0.12984772825359642,minmaxnorm
146,Q0,AP900513-0046,767,0.12967131066077156,minmaxnorm
146,Q0,SJMN91-06012116,768,0.1296476619106247,minmaxnorm
146,Q0,AP900323-0093,769,0.12960421261966287,minmaxnorm
146,Q0,AP900221-0134,770,0.12943862468195827,minmaxnorm
146,Q0,SJMN91-06071142,771,0.1281269620952357,minmaxnorm
146,Q0,AP900223-0120,772,0.1281255860379732,minmaxnorm
146,Q0,AP900301-0186,773,0.12766036782457754,minmaxnorm
146,Q0,AP900302-0100,774,0.1275177192258708,minmaxnorm
146,Q0,AP900101-0075,775,0.12748683137844077,minmaxnorm
146,Q0,AP900124-0033,776,0.12741441029272807,minmaxnorm
146,Q0,AP901210-0121,777,0.12732137037724572,minmaxnorm
146,Q0,SJMN91-06065138,778,0.12727613224636353,minmaxnorm
146,Q0,AP900612-0073,779,0.1267662805916727,minmaxnorm
146,Q0,AP900328-0171,780,0.12655826076262486,minmaxnorm
146,Q0,AP900816-0020,781,0.12573298481477918,minmaxnorm
146,Q0,SJMN91-06208140,782,0.12536120923314945,minmaxnorm
146,Q0,AP900928-0120,783,0.12522327075644007,minmaxnorm
146,Q0,AP900222-0134,784,0.12473621944621205,minmaxnorm
146,Q0,AP900109-0087,785,0.12466553693273878,minmaxnorm
146,Q0,AP900129-0098,786,0.1223351163532003,minmaxnorm
146,Q0,SJMN91-06049068,787,0.12219381445575506,minmaxnorm
146,Q0,AP900308-0205,788,0.12219262516022389,minmaxnorm
146,Q0,AP901209-0070,789,0.1219375608116973,minmaxnorm
146,Q0,AP900823-0131,790,0.12154573727519931,minmaxnorm
146,Q0,AP900205-0099,791,0.12110538634256449,minmaxnorm
146,Q0,SJMN91-06220150,792,0.12105945503920192,minmaxnorm
146,Q0,AP900401-0004,793,0.12097234667568436,minmaxnorm
146,Q0,SJMN91-06203007,794,0.12076477188457621,minmaxnorm
146,Q0,SJMN91-06214168,795,0.12018140309500827,minmaxnorm
146,Q0,AP900223-0191,796,0.11962318012700121,minmaxnorm
146,Q0,AP900602-0166,797,0.1196095348788888,minmaxnorm
146,Q0,SJMN91-06072086,798,0.11953528243074808,minmaxnorm
146,Q0,AP901025-0037,799,0.11943775549647231,minmaxnorm
146,Q0,AP900823-0157,800,0.11885341933399628,minmaxnorm
146,Q0,AP900423-0190,801,0.11872222085534836,minmaxnorm
146,Q0,AP900108-0133,802,0.11869938024949098,minmaxnorm
146,Q0,SJMN91-06194111,803,0.11851360705506443,minmaxnorm
146,Q0,AP901022-0182,804,0.11844436246258097,minmaxnorm
146,Q0,AP901219-0019,805,0.11811120526861481,minmaxnorm
146,Q0,AP900205-0186,806,0.11806171603335867,minmaxnorm
146,Q0,SJMN91-06237092,807,0.11797347713186933,minmaxnorm
146,Q0,AP900105-0122,808,0.11789329290803449,minmaxnorm
146,Q0,AP900618-0107,809,0.11726910991659018,minmaxnorm
146,Q0,SJMN91-06126138,810,0.11726852740622482,minmaxnorm
146,Q0,AP900110-0166,811,0.11649937674935894,minmaxnorm
146,Q0,AP901129-0116,812,0.11611296728396739,minmaxnorm
146,Q0,AP900917-0135,813,0.11594892459316639,minmaxnorm
146,Q0,AP900302-0034,814,0.11526242222755138,minmaxnorm
146,Q0,SJMN91-06022076,815,0.11492994229343476,minmaxnorm
146,Q0,AP900103-0112,816,0.11477962106913409,minmaxnorm
146,Q0,AP900604-0007,817,0.11461685859223908,minmaxnorm
146,Q0,SJMN91-06200024,818,0.11372780575557809,minmaxnorm
146,Q0,SJMN91-06293057,819,0.11359226158538568,minmaxnorm
146,Q0,AP900108-0074,820,0.11337654180450842,minmaxnorm
146,Q0,SJMN91-06121157,821,0.1133476266089036,minmaxnorm
146,Q0,AP901119-0157,822,0.11312768501965356,minmaxnorm
146,Q0,SJMN91-06126078,823,0.11302996021967364,minmaxnorm
146,Q0,SJMN91-06053108,824,0.11293287047403319,minmaxnorm
146,Q0,AP900420-0039,825,0.11279808598839382,minmaxnorm
146,Q0,AP900112-0050,826,0.11141386664222414,minmaxnorm
146,Q0,AP900220-0117,827,0.11129929646796696,minmaxnorm
146,Q0,AP900128-0017,828,0.11112299257861621,minmaxnorm
146,Q0,AP901024-0080,829,0.11102823920707819,minmaxnorm
146,Q0,AP900530-0174,830,0.11092739741279305,minmaxnorm
146,Q0,AP900130-0101,831,0.11067597827327956,minmaxnorm
146,Q0,AP900613-0183,832,0.11050530677736442,minmaxnorm
146,Q0,AP900325-0048,833,0.11043577374288313,minmaxnorm
146,Q0,AP900307-0081,834,0.11033536197105823,minmaxnorm
146,Q0,AP900214-0037,835,0.11016078827530722,minmaxnorm
146,Q0,AP900203-0105,836,0.10981785898191308,minmaxnorm
146,Q0,AP900514-0130,837,0.10979702710867117,minmaxnorm
146,Q0,AP900709-0113,838,0.10949985175376499,minmaxnorm
146,Q0,AP900930-0040,839,0.10943377990323927,minmaxnorm
146,Q0,AP900112-0168,840,0.10933988350871027,minmaxnorm
146,Q0,SJMN91-06170222,841,0.10874279170401002,minmaxnorm
146,Q0,SJMN91-06062011,842,0.10862147451911389,minmaxnorm
146,Q0,AP900806-0106,843,0.10855935979914395,minmaxnorm
146,Q0,AP900713-0094,844,0.1084683593995095,minmaxnorm
146,Q0,AP900724-0156,845,0.10833425459330769,minmaxnorm
146,Q0,AP900509-0266,846,0.10804274256209287,minmaxnorm
146,Q0,AP901207-0001,847,0.1079341443875577,minmaxnorm
146,Q0,AP900604-0070,848,0.10761062678919961,minmaxnorm
146,Q0,AP900516-0234,849,0.10760079407031278,minmaxnorm
146,Q0,AP900106-0035,850,0.10756193767136195,minmaxnorm
146,Q0,AP900320-0145,851,0.10724841171388358,minmaxnorm
146,Q0,SJMN91-06153122,852,0.1067368345334081,minmaxnorm
146,Q0,AP900528-0089,853,0.10669764289119608,minmaxnorm
146,Q0,AP900829-0239,854,0.10654047869111125,minmaxnorm
146,Q0,SJMN91-06122199,855,0.10610617135464166,minmaxnorm
146,Q0,AP900205-0169,856,0.10597444620376265,minmaxnorm
146,Q0,AP900712-0051,857,0.10586182384865583,minmaxnorm
146,Q0,AP900222-0085,858,0.10581785791099273,minmaxnorm
146,Q0,AP900124-0170,859,0.10581666876332048,minmaxnorm
146,Q0,AP900430-0107,860,0.10573446916522866,minmaxnorm
146,Q0,AP900605-0054,861,0.10489493501560404,minmaxnorm
146,Q0,AP900912-0042,862,0.10468768510740566,minmaxnorm
146,Q0,AP901024-0151,863,0.10440337710583845,minmaxnorm
146,Q0,AP900122-0141,864,0.10433931369532944,minmaxnorm
146,Q0,AP900710-0031,865,0.10409638633683604,minmaxnorm
146,Q0,AP900612-0136,866,0.1034938917556398,minmaxnorm
146,Q0,AP900726-0177,867,0.1031346742167707,minmaxnorm
146,Q0,AP900324-0056,868,0.1030470420195714,minmaxnorm
146,Q0,AP900619-0174,869,0.10303966946163695,minmaxnorm
146,Q0,AP900103-0159,870,0.1028676586018887,minmaxnorm
146,Q0,AP900122-0196,871,0.10280402694834925,minmaxnorm
146,Q0,AP901001-0212,872,0.1027387312604935,minmaxnorm
146,Q0,AP900524-0039,873,0.10270312552180043,minmaxnorm
146,Q0,AP900215-0050,874,0.10262396862355483,minmaxnorm
146,Q0,SJMN91-06260201,875,0.10233146004082525,minmaxnorm
146,Q0,AP901026-0056,876,0.1022411266378074,minmaxnorm
146,Q0,AP901208-0115,877,0.10210844642134685,minmaxnorm
146,Q0,AP901227-0160,878,0.10203056795624202,minmaxnorm
146,Q0,AP900728-0045,879,0.1020273358124108,minmaxnorm
146,Q0,AP901224-0068,880,0.1011160961233059,minmaxnorm
146,Q0,AP900103-0101,881,0.10109665990855136,minmaxnorm
146,Q0,AP900512-0034,882,0.10093841169868296,minmaxnorm
146,Q0,AP901230-0036,883,0.10065887806934234,minmaxnorm
146,Q0,SJMN91-06097089,884,0.10059196360171396,minmaxnorm
146,Q0,AP901026-0114,885,0.10051034685885712,minmaxnorm
146,Q0,SJMN91-06137134,886,0.09998816123542295,minmaxnorm
146,Q0,AP900313-0060,887,0.09993413265965963,minmaxnorm
146,Q0,AP900130-0079,888,0.09982786645298872,minmaxnorm
146,Q0,AP900924-0153,889,0.09970824243004132,minmaxnorm
146,Q0,AP900208-0159,890,0.09920774762442441,minmaxnorm
146,Q0,AP900202-0108,891,0.0988165970939306,minmaxnorm
146,Q0,AP901214-0199,892,0.09879011520872337,minmaxnorm
146,Q0,AP900119-0154,893,0.09857408977188975,minmaxnorm
146,Q0,AP900402-0015,894,0.0982839342157832,minmaxnorm
146,Q0,SJMN91-06039119,895,0.0982275170780771,minmaxnorm
146,Q0,AP901008-0004,896,0.09822287192451158,minmaxnorm
146,Q0,AP900305-0044,897,0.09817230969211417,minmaxnorm
146,Q0,AP900524-0151,898,0.09814635112197764,minmaxnorm
146,Q0,AP900401-0050,899,0.09778359274967222,minmaxnorm
146,Q0,AP901031-0109,900,0.09688440574990845,minmaxnorm
146,Q0,AP900729-0038,901,0.09682639813620947,minmaxnorm
146,Q0,AP900522-0039,902,0.09680563567386008,minmaxnorm
146,Q0,SJMN91-06281041,903,0.09633515901590593,minmaxnorm
146,Q0,AP900730-0099,904,0.09633226061109011,minmaxnorm
146,Q0,SJMN91-06021049,905,0.09626889799979098,minmaxnorm
146,Q0,AP900424-0183,906,0.09581150625059418,minmaxnorm
146,Q0,AP900224-0025,907,0.09574317908918534,minmaxnorm
146,Q0,AP900411-0065,908,0.09550263797281375,minmaxnorm
146,Q0,AP900828-0035,909,0.09547843831676198,minmaxnorm
146,Q0,SJMN91-06067114,910,0.0948941258669658,minmaxnorm
146,Q0,AP901002-0131,911,0.09465092521996235,minmaxnorm
146,Q0,AP900221-0174,912,0.09457120692319082,minmaxnorm
146,Q0,SJMN91-06271049,913,0.09394367883273451,minmaxnorm
146,Q0,SJMN91-06050110,914,0.0938512177292303,minmaxnorm
146,Q0,AP900316-0027,915,0.09363045501845732,minmaxnorm
146,Q0,AP900612-0067,916,0.09351155041895175,minmaxnorm
146,Q0,SJMN91-06258059,917,0.09336168887582705,minmaxnorm
146,Q0,AP900425-0188,918,0.09308586692953238,minmaxnorm
146,Q0,SJMN91-06096051,919,0.09271079794398367,minmaxnorm
146,Q0,AP900123-0214,920,0.09259268453939501,minmaxnorm
146,Q0,AP900503-0130,921,0.09241235435255847,minmaxnorm
146,Q0,AP900301-0005,922,0.09233219606528925,minmaxnorm
146,Q0,AP900627-0145,923,0.09204758480321926,minmaxnorm
146,Q0,SJMN91-06257082,924,0.09201853542365912,minmaxnorm
146,Q0,AP900319-0133,925,0.0918200194968797,minmaxnorm
146,Q0,AP901022-0124,926,0.09141804431567731,minmaxnorm
146,Q0,SJMN91-06193072,927,0.0914083860159843,minmaxnorm
146,Q0,SJMN91-06282183,928,0.09136859808214219,minmaxnorm
146,Q0,SJMN91-06242181,929,0.09131409676447148,minmaxnorm
146,Q0,AP900210-0017,930,0.09107414117041879,minmaxnorm
146,Q0,AP900216-0229,931,0.0910235196336389,minmaxnorm
146,Q0,AP900502-0143,932,0.0899554219159112,minmaxnorm
146,Q0,AP901022-0160,933,0.08991762659811152,minmaxnorm
146,Q0,AP900425-0194,934,0.08955767569217038,minmaxnorm
146,Q0,AP900225-0047,935,0.08871671006438345,minmaxnorm
146,Q0,AP901212-0147,936,0.08868262636065861,minmaxnorm
146,Q0,AP900721-0121,937,0.08838414097539578,minmaxnorm
146,Q0,AP900919-0152,938,0.08821486615184183,minmaxnorm
146,Q0,AP900316-0120,939,0.08820232720224783,minmaxnorm
146,Q0,AP900720-0139,940,0.08811727119053667,minmaxnorm
146,Q0,AP900308-0046,941,0.08811153261625702,minmaxnorm
146,Q0,AP900919-0032,942,0.08801875025020298,minmaxnorm
146,Q0,SJMN91-06154158,943,0.08744680884241728,minmaxnorm
146,Q0,AP900305-0041,944,0.08704643373638667,minmaxnorm
146,Q0,AP900523-0065,945,0.08685024414787026,minmaxnorm
146,Q0,AP900220-0001,946,0.08675695837472412,minmaxnorm
146,Q0,SJMN91-06007205,947,0.08673901333997391,minmaxnorm
146,Q0,AP900516-0114,948,0.08670556985211209,minmaxnorm
146,Q0,AP901019-0049,949,0.08664125129245884,minmaxnorm
146,Q0,AP900130-0196,950,0.08650760200940376,minmaxnorm
146,Q0,AP901112-0018,951,0.08628706520365069,minmaxnorm
146,Q0,AP900709-0076,952,0.08565240025195084,minmaxnorm
146,Q0,AP900622-0017,953,0.08556863838223236,minmaxnorm
146,Q0,AP900107-0048,954,0.08534060216363362,minmaxnorm
146,Q0,AP900227-0203,955,0.08532897507965696,minmaxnorm
146,Q0,SJMN91-06009232,956,0.0851978865579832,minmaxnorm
146,Q0,AP900404-0001,957,0.08511383417373947,minmaxnorm
146,Q0,AP900602-0087,958,0.08480684800705056,minmaxnorm
146,Q0,AP900508-0001,959,0.08474315961982806,minmaxnorm
146,Q0,SJMN91-06351061,960,0.08462543530493702,minmaxnorm
146,Q0,AP901018-0157,961,0.08437287457605601,minmaxnorm
146,Q0,SJMN91-06363094,962,0.08431174618210445,minmaxnorm
146,Q0,AP900127-0095,963,0.08425589293465788,minmaxnorm
146,Q0,SJMN91-06144068,964,0.08424615667187109,minmaxnorm
146,Q0,AP900820-0002,965,0.08399341758715886,minmaxnorm
146,Q0,AP900926-0134,966,0.0838023616150449,minmaxnorm
146,Q0,AP900619-0049,967,0.08355973030678121,minmaxnorm
146,Q0,SJMN91-06004233,968,0.08350862981376425,minmaxnorm
146,Q0,AP900425-0176,969,0.08347796900524733,minmaxnorm
146,Q0,AP901027-0061,970,0.0831946984525361,minmaxnorm
146,Q0,AP901204-0136,971,0.0829628606054858,minmaxnorm
146,Q0,SJMN91-06137163,972,0.08284388406915437,minmaxnorm
146,Q0,AP900314-0061,973,0.08242260572292684,minmaxnorm
146,Q0,AP900424-0012,974,0.08239975247445669,minmaxnorm
146,Q0,SJMN91-06010149,975,0.08194927495239307,minmaxnorm
146,Q0,AP901023-0155,976,0.0818747416576343,minmaxnorm
146,Q0,AP900517-0012,977,0.08157256737034463,minmaxnorm
146,Q0,AP900618-0156,978,0.08133300541229083,minmaxnorm
146,Q0,SJMN91-06041214,979,0.0810132846971282,minmaxnorm
146,Q0,AP901204-0171,980,0.08100502386901147,minmaxnorm
146,Q0,AP900904-0207,981,0.08099838517906509,minmaxnorm
146,Q0,AP900831-0189,982,0.08096535949890363,minmaxnorm
146,Q0,SJMN91-06004149,983,0.08086929078735772,minmaxnorm
146,Q0,SJMN91-06194149,984,0.08080500167017271,minmaxnorm
146,Q0,AP900706-0016,985,0.08076015840851022,minmaxnorm
146,Q0,AP900720-0178,986,0.08075822950750618,minmaxnorm
146,Q0,AP900604-0012,987,0.08061714782119239,minmaxnorm
146,Q0,SJMN91-06066139,988,0.0802505583257568,minmaxnorm
146,Q0,AP900917-0119,989,0.07972241479160745,minmaxnorm
146,Q0,SJMN91-06040196,990,0.07968970020697697,minmaxnorm
146,Q0,AP900327-0201,991,0.0792139093787437,minmaxnorm
146,Q0,AP900612-0186,992,0.07916883584490066,minmaxnorm
146,Q0,AP900727-0016,993,0.07912416556392887,minmaxnorm
146,Q0,AP900725-0126,994,0.0787849192835956,minmaxnorm
146,Q0,SJMN91-06333054,995,0.07874338046281716,minmaxnorm
146,Q0,AP900924-0184,996,0.0787369532411931,minmaxnorm
146,Q0,SJMN91-06090136,997,0.07868559474302952,minmaxnorm
146,Q0,AP900226-0142,998,0.07859764634771547,minmaxnorm
146,Q0,AP900904-0023,999,0.07858393670750953,minmaxnorm
146,Q0,AP901222-0124,1000,0.07828692969744967,minmaxnorm
149,Q0,SJMN91-06272118,1,0.4073746264356012,minmaxnorm
149,Q0,ZF32-208-211,2,0.38061123398026364,minmaxnorm
149,Q0,AP900523-0159,3,0.36858493168780937,minmaxnorm
149,Q0,SJMN91-06202126,4,0.36424084977471216,minmaxnorm
149,Q0,AP900524-0034,5,0.3550374642185758,minmaxnorm
149,Q0,SJMN91-06227057,6,0.3487344137639751,minmaxnorm
149,Q0,AP900312-0015,7,0.347484188401086,minmaxnorm
149,Q0,ZF32-205-249,8,0.3331454011071579,minmaxnorm
149,Q0,ZF32-208-212,9,0.3315241722371263,minmaxnorm
149,Q0,ZF32-129-203,10,0.32763799244571323,minmaxnorm
149,Q0,SJMN91-06148024,11,0.32110497719676373,minmaxnorm
149,Q0,SJMN91-06280190,12,0.31955397843088046,minmaxnorm
149,Q0,AP900608-0119,13,0.31279204668768945,minmaxnorm
149,Q0,AP900608-0157,14,0.3082053004378303,minmaxnorm
149,Q0,AP900118-0178,15,0.30720590445149026,minmaxnorm
149,Q0,AP900121-0023,16,0.3056412444952412,minmaxnorm
149,Q0,AP900105-0227,17,0.3047443931481169,minmaxnorm
149,Q0,ZF32-226-339,18,0.30139855289047873,minmaxnorm
149,Q0,AP901101-0216,19,0.29996427140193066,minmaxnorm
149,Q0,ZF32-208-208,20,0.29956845452413317,minmaxnorm
149,Q0,SJMN91-06322092,21,0.2931278962363829,minmaxnorm
149,Q0,AP900615-0232,22,0.28325319199801724,minmaxnorm
149,Q0,AP900504-0198,23,0.2816692566171597,minmaxnorm
149,Q0,AP900607-0001,24,0.28064116309483433,minmaxnorm
149,Q0,SJMN91-06083126,25,0.28002935470593243,minmaxnorm
149,Q0,AP900616-0003,26,0.27726850699738653,minmaxnorm
149,Q0,AP901026-0252,27,0.2763437209550845,minmaxnorm
149,Q0,AP900213-0251,28,0.2747517332178895,minmaxnorm
149,Q0,AP900115-0047,29,0.2734520429925899,minmaxnorm
149,Q0,AP900311-0016,30,0.2708083706539345,minmaxnorm
149,Q0,AP901011-0175,31,0.27068128936160657,minmaxnorm
149,Q0,AP901012-0033,32,0.2698244783619389,minmaxnorm
149,Q0,AP900826-0049,33,0.2672732052411856,minmaxnorm
149,Q0,ZF32-016-018,34,0.26663620620191725,minmaxnorm
149,Q0,AP900418-0211,35,0.263720261568934,minmaxnorm
149,Q0,AP900406-0246,36,0.26334202000852075,minmaxnorm
149,Q0,AP900112-0105,37,0.2626537130748622,minmaxnorm
149,Q0,SJMN91-06299043,38,0.2620053223347217,minmaxnorm
149,Q0,AP901123-0096,39,0.2597131929449818,minmaxnorm
149,Q0,AP900729-0090,40,0.25917320984462466,minmaxnorm
149,Q0,SJMN91-06238056,41,0.2590787314802067,minmaxnorm
149,Q0,AP900725-0021,42,0.2586494668049742,minmaxnorm
149,Q0,SJMN91-06268001,43,0.2585576515936792,minmaxnorm
149,Q0,AP900111-0221,44,0.2582894424719863,minmaxnorm
149,Q0,ZF32-110-147,45,0.2569651749064956,minmaxnorm
149,Q0,AP900202-0211,46,0.25669689399467804,minmaxnorm
149,Q0,AP900427-0031,47,0.2562009344952319,minmaxnorm
149,Q0,AP900607-0179,48,0.2554739056249567,minmaxnorm
149,Q0,AP901011-0034,49,0.25282864144273404,minmaxnorm
149,Q0,AP900926-0229,50,0.25177000351559836,minmaxnorm
149,Q0,SJMN91-06035121,51,0.25044756812865343,minmaxnorm
149,Q0,AP900419-0162,52,0.24899758194845992,minmaxnorm
149,Q0,AP900809-0225,53,0.24894134981431365,minmaxnorm
149,Q0,SJMN91-06035034,54,0.24889202403177393,minmaxnorm
149,Q0,AP900617-0030,55,0.24586179625012408,minmaxnorm
149,Q0,AP901105-0137,56,0.2454043299229566,minmaxnorm
149,Q0,AP900503-0262,57,0.24468315511755298,minmaxnorm
149,Q0,SJMN91-06250169,58,0.24299038584445048,minmaxnorm
149,Q0,AP900303-0023,59,0.2428602542575768,minmaxnorm
149,Q0,AP900711-0205,60,0.24252108995381302,minmaxnorm
149,Q0,AP900822-0175,61,0.24161748465402957,minmaxnorm
149,Q0,AP901017-0093,62,0.24062555540129305,minmaxnorm
149,Q0,AP900122-0017,63,0.24058442827230045,minmaxnorm
149,Q0,AP900201-0160,64,0.24042740348687994,minmaxnorm
149,Q0,AP901026-0210,65,0.24041680038407742,minmaxnorm
149,Q0,AP901128-0207,66,0.239898458379547,minmaxnorm
149,Q0,AP900119-0232,67,0.23971809199141206,minmaxnorm
149,Q0,AP900424-0248,68,0.23926609870942167,minmaxnorm
149,Q0,AP900524-0249,69,0.2391427525905056,minmaxnorm
149,Q0,SJMN91-06210046,70,0.23887538311394926,minmaxnorm
149,Q0,AP901219-0034,71,0.23828856376767116,minmaxnorm
149,Q0,AP901004-0195,72,0.23800198263250305,minmaxnorm
149,Q0,AP900420-0111,73,0.23629128226282303,minmaxnorm
149,Q0,AP900404-0215,74,0.23573439359231066,minmaxnorm
149,Q0,AP900616-0058,75,0.2350511583404803,minmaxnorm
149,Q0,AP900522-0169,76,0.23494271966569624,minmaxnorm
149,Q0,AP900525-0203,77,0.23484617238505803,minmaxnorm
149,Q0,AP900509-0163,78,0.23466037985743796,minmaxnorm
149,Q0,AP900202-0057,79,0.23428576690093267,minmaxnorm
149,Q0,AP900425-0229,80,0.23389024095700994,minmaxnorm
149,Q0,AP900308-0170,81,0.23380560706856302,minmaxnorm
149,Q0,AP900327-0168,82,0.23345778012599047,minmaxnorm
149,Q0,SJMN91-06250049,83,0.23254055416223604,minmaxnorm
149,Q0,AP900412-0102,84,0.2312507575881557,minmaxnorm
149,Q0,SJMN91-06214186,85,0.2312342361339789,minmaxnorm
149,Q0,AP900424-0234,86,0.2309672457813539,minmaxnorm
149,Q0,AP900330-0117,87,0.230662520166182,minmaxnorm
149,Q0,AP900615-0182,88,0.22973013255639707,minmaxnorm
149,Q0,AP900830-0202,89,0.22938145841747734,minmaxnorm
149,Q0,AP900907-0195,90,0.2292541862615835,minmaxnorm
149,Q0,AP900518-0149,91,0.22887498344429186,minmaxnorm
149,Q0,AP900503-0287,92,0.22866955810369885,minmaxnorm
149,Q0,ZF32-208-213,93,0.22789095300988507,minmaxnorm
149,Q0,AP901009-0147,94,0.22783091244134707,minmaxnorm
149,Q0,AP900406-0238,95,0.22370347967289744,minmaxnorm
149,Q0,SJMN91-06269041,96,0.22357494377249001,minmaxnorm
149,Q0,AP900518-0099,97,0.2233779047023129,minmaxnorm
149,Q0,AP901014-0062,98,0.22306871404424758,minmaxnorm
149,Q0,AP900421-0149,99,0.22258230368250176,minmaxnorm
149,Q0,AP900424-0240,100,0.22235678415776847,minmaxnorm
149,Q0,AP900910-0057,101,0.2216789317650477,minmaxnorm
149,Q0,AP900913-0208,102,0.22138305776592054,minmaxnorm
149,Q0,AP900126-0047,103,0.22104506766647936,minmaxnorm
149,Q0,AP900122-0193,104,0.22088733091572138,minmaxnorm
149,Q0,AP900316-0185,105,0.21985146921207382,minmaxnorm
149,Q0,AP900629-0228,106,0.21948012905870568,minmaxnorm
149,Q0,AP900809-0166,107,0.21901284091886575,minmaxnorm
149,Q0,SJMN91-06195039,108,0.21751456131106872,minmaxnorm
149,Q0,AP900530-0223,109,0.21733952407265394,minmaxnorm
149,Q0,AP901121-0243,110,0.21660392711282642,minmaxnorm
149,Q0,AP900907-0196,111,0.2165476969443209,minmaxnorm
149,Q0,AP900108-0246,112,0.21625752312757926,minmaxnorm
149,Q0,AP900109-0195,113,0.21559360510705122,minmaxnorm
149,Q0,AP900305-0036,114,0.21545247665948045,minmaxnorm
149,Q0,AP900702-0113,115,0.21445849797750427,minmaxnorm
149,Q0,AP900302-0006,116,0.21434335193224166,minmaxnorm
149,Q0,SJMN91-06163167,117,0.2143266156943963,minmaxnorm
149,Q0,AP900607-0032,118,0.21243315803558518,minmaxnorm
149,Q0,AP900822-0109,119,0.21203767686973862,minmaxnorm
149,Q0,AP900619-0015,120,0.21126191075389356,minmaxnorm
149,Q0,AP900413-0227,121,0.21076382576219896,minmaxnorm
149,Q0,SJMN91-06338142,122,0.2106529419645841,minmaxnorm
149,Q0,SJMN91-06277108,123,0.2102370483961903,minmaxnorm
149,Q0,AP900907-0201,124,0.2094998436967342,minmaxnorm
149,Q0,AP900521-0247,125,0.2094980378972232,minmaxnorm
149,Q0,AP900323-0190,126,0.20929114294556,minmaxnorm
149,Q0,SJMN91-06227046,127,0.2090502008406716,minmaxnorm
149,Q0,SJMN91-06111003,128,0.20878704179764673,minmaxnorm
149,Q0,SJMN91-06112121,129,0.20856124774149884,minmaxnorm
149,Q0,AP900220-0268,130,0.2085045188463222,minmaxnorm
149,Q0,AP900111-0214,131,0.20841537606198535,minmaxnorm
149,Q0,AP900101-0082,132,0.2081089752273881,minmaxnorm
149,Q0,ZF32-081-068,133,0.20716571923299967,minmaxnorm
149,Q0,SJMN91-06196221,134,0.20642682041904958,minmaxnorm
149,Q0,AP901003-0205,135,0.206347350285225,minmaxnorm
149,Q0,AP900629-0231,136,0.20588542430245854,minmaxnorm
149,Q0,AP900927-0206,137,0.20578922506233038,minmaxnorm
149,Q0,AP900516-0301,138,0.20389461664107322,minmaxnorm
149,Q0,AP900119-0171,139,0.20358825221089413,minmaxnorm
149,Q0,SJMN91-06045224,140,0.20347746872345154,minmaxnorm
149,Q0,AP900508-0272,141,0.203216215650554,minmaxnorm
149,Q0,AP900926-0227,142,0.20313277409042352,minmaxnorm
149,Q0,AP901031-0251,143,0.20304969080211463,minmaxnorm
149,Q0,AP900904-0239,144,0.20299625410165367,minmaxnorm
149,Q0,AP900608-0180,145,0.20265491092369067,minmaxnorm
149,Q0,AP900509-0178,146,0.202432947731259,minmaxnorm
149,Q0,AP901224-0129,147,0.2022241555012656,minmaxnorm
149,Q0,AP900823-0219,148,0.20177921973151383,minmaxnorm
149,Q0,AP900125-0093,149,0.20157697229740582,minmaxnorm
149,Q0,SJMN91-06067133,150,0.20151902087127002,minmaxnorm
149,Q0,AP900913-0257,151,0.200854026432943,minmaxnorm
149,Q0,AP900425-0230,152,0.20081294917476597,minmaxnorm
149,Q0,AP900613-0224,153,0.2002864844618807,minmaxnorm
149,Q0,AP900425-0156,154,0.20004667174647656,minmaxnorm
149,Q0,SJMN91-06122139,155,0.19935714018580705,minmaxnorm
149,Q0,AP901121-0217,156,0.19879276425899872,minmaxnorm
149,Q0,AP900123-0043,157,0.19863499723544387,minmaxnorm
149,Q0,SJMN91-06125045,158,0.19803551168237693,minmaxnorm
149,Q0,SJMN91-06095027,159,0.19798682188926814,minmaxnorm
149,Q0,AP900317-0127,160,0.19747926343078046,minmaxnorm
149,Q0,AP900201-0238,161,0.19727738219359808,minmaxnorm
149,Q0,AP900704-0063,162,0.19726819826834466,minmaxnorm
149,Q0,AP901010-0197,163,0.1971810866681193,minmaxnorm
149,Q0,AP900125-0217,164,0.19715078411044548,minmaxnorm
149,Q0,AP901010-0181,165,0.19673221453675732,minmaxnorm
149,Q0,AP901002-0073,166,0.1960046723480151,minmaxnorm
149,Q0,AP900425-0279,167,0.194713989122806,minmaxnorm
149,Q0,AP900105-0218,168,0.19456758946289712,minmaxnorm
149,Q0,AP900311-0028,169,0.19411027048608512,minmaxnorm
149,Q0,AP901123-0155,170,0.19399463694489733,minmaxnorm
149,Q0,AP900703-0206,171,0.1936556515544442,minmaxnorm
149,Q0,AP900321-0160,172,0.19179545094623004,minmaxnorm
149,Q0,AP900205-0269,173,0.1914051120173461,minmaxnorm
149,Q0,AP900709-0236,174,0.19124653233315445,minmaxnorm
149,Q0,SJMN91-06167148,175,0.1903263679852329,minmaxnorm
149,Q0,AP900523-0098,176,0.19030032846039688,minmaxnorm
149,Q0,AP901109-0215,177,0.19028947125044388,minmaxnorm
149,Q0,AP901023-0139,178,0.19017220263666434,minmaxnorm
149,Q0,AP900220-0152,179,0.1898085514734302,minmaxnorm
149,Q0,AP900117-0068,180,0.18909689482888592,minmaxnorm
149,Q0,SJMN91-06289135,181,0.1890894158249383,minmaxnorm
149,Q0,AP900108-0245,182,0.18853455341603229,minmaxnorm
149,Q0,SJMN91-06089026,183,0.18844432584619722,minmaxnorm
149,Q0,AP900421-0145,184,0.18840385113097832,minmaxnorm
149,Q0,AP900109-0233,185,0.18835037558955722,minmaxnorm
149,Q0,AP900322-0149,186,0.18808706254096952,minmaxnorm
149,Q0,AP901120-0253,187,0.1876496452693111,minmaxnorm
149,Q0,ZF32-226-309,188,0.1874071477458207,minmaxnorm
149,Q0,AP900926-0283,189,0.18735329476423057,minmaxnorm
149,Q0,AP900413-0153,190,0.18666485066267105,minmaxnorm
149,Q0,AP900216-0294,191,0.1863789343525229,minmaxnorm
149,Q0,AP901114-0240,192,0.18596958561533414,minmaxnorm
149,Q0,AP900420-0179,193,0.18573859426659364,minmaxnorm
149,Q0,AP900927-0207,194,0.18564928733576808,minmaxnorm
149,Q0,AP900823-0214,195,0.1855574434436381,minmaxnorm
149,Q0,AP900511-0116,196,0.18538068327717597,minmaxnorm
149,Q0,ZF32-103-221,197,0.1853493854027691,minmaxnorm
149,Q0,AP900928-0220,198,0.18530597964391393,minmaxnorm
149,Q0,ZF32-249-182,199,0.1851252692082248,minmaxnorm
149,Q0,SJMN91-06094180,200,0.18505749916683437,minmaxnorm
149,Q0,AP900913-0252,201,0.18483769305426784,minmaxnorm
149,Q0,AP900713-0207,202,0.1847941733762682,minmaxnorm
149,Q0,AP900111-0259,203,0.18474385828489348,minmaxnorm
149,Q0,AP900911-0164,204,0.18431755153428067,minmaxnorm
149,Q0,AP900526-0159,205,0.1834208754175299,minmaxnorm
149,Q0,AP900716-0110,206,0.18258748384679904,minmaxnorm
149,Q0,ZF32-224-306,207,0.18244338086889483,minmaxnorm
149,Q0,SJMN91-06163181,208,0.1821230245150618,minmaxnorm
149,Q0,ZF32-201-288,209,0.18204838428865683,minmaxnorm
149,Q0,AP901121-0254,210,0.18158558164152183,minmaxnorm
149,Q0,AP901018-0014,211,0.1815245052479078,minmaxnorm
149,Q0,AP900306-0272,212,0.1814767385233601,minmaxnorm
149,Q0,SJMN91-06091151,213,0.1810580324173121,minmaxnorm
149,Q0,AP900926-0228,214,0.1810562619336144,minmaxnorm
149,Q0,AP901109-0203,215,0.18088932784806983,minmaxnorm
149,Q0,AP900110-0132,216,0.18006748180349436,minmaxnorm
149,Q0,AP900205-0262,217,0.17989445286945419,minmaxnorm
149,Q0,ZF32-079-008,218,0.17924088046691344,minmaxnorm
149,Q0,AP900613-0100,219,0.17916088353348497,minmaxnorm
149,Q0,SJMN91-06267089,220,0.17907196593955707,minmaxnorm
149,Q0,AP900221-0044,221,0.17899909172944092,minmaxnorm
149,Q0,AP900109-0194,222,0.17890774027476467,minmaxnorm
149,Q0,AP900115-0194,223,0.17865514711128433,minmaxnorm
149,Q0,SJMN91-06035088,224,0.1786251173625891,minmaxnorm
149,Q0,SJMN91-06035178,225,0.17861770957992626,minmaxnorm
149,Q0,AP900426-0294,226,0.1785745653628199,minmaxnorm
149,Q0,AP901211-0237,227,0.17823871716437414,minmaxnorm
149,Q0,AP900413-0217,228,0.17811035810923878,minmaxnorm
149,Q0,AP900508-0250,229,0.1777361909170289,minmaxnorm
149,Q0,ZF32-075-081,230,0.17767999814617563,minmaxnorm
149,Q0,SJMN91-06170242,231,0.17759236588944688,minmaxnorm
149,Q0,AP900104-0235,232,0.17753240101165066,minmaxnorm
149,Q0,SJMN91-06101045,233,0.1773905302380332,minmaxnorm
149,Q0,AP900312-0033,234,0.17731917436347827,minmaxnorm
149,Q0,SJMN91-06192191,235,0.17686212420110062,minmaxnorm
149,Q0,SJMN91-06202041,236,0.1763232763656747,minmaxnorm
149,Q0,AP900301-0066,237,0.17601558579508506,minmaxnorm
149,Q0,AP900423-0095,238,0.17585039908425093,minmaxnorm
149,Q0,AP901017-0104,239,0.17507973045711783,minmaxnorm
149,Q0,AP901105-0260,240,0.17507461219908213,minmaxnorm
149,Q0,AP901008-0020,241,0.1749624747708228,minmaxnorm
149,Q0,AP900827-0205,242,0.17449886890441413,minmaxnorm
149,Q0,SJMN91-06327143,243,0.17444972594093638,minmaxnorm
149,Q0,SJMN91-06266141,244,0.17416359283492625,minmaxnorm
149,Q0,AP900222-0065,245,0.1737817123898258,minmaxnorm
149,Q0,AP900925-0214,246,0.17350130921167048,minmaxnorm
149,Q0,AP900924-0160,247,0.17324074486016489,minmaxnorm
149,Q0,AP900322-0017,248,0.1729227089976209,minmaxnorm
149,Q0,AP900313-0024,249,0.17258943272568486,minmaxnorm
149,Q0,AP900628-0237,250,0.1725764398879094,minmaxnorm
149,Q0,AP900611-0178,251,0.1722119250307367,minmaxnorm
149,Q0,ZF32-108-027,252,0.1719978329490112,minmaxnorm
149,Q0,SJMN91-06235080,253,0.17190319582355487,minmaxnorm
149,Q0,SJMN91-06325186,254,0.1714076355537808,minmaxnorm
149,Q0,AP900911-0223,255,0.17129004788197197,minmaxnorm
149,Q0,AP901213-0255,256,0.17108798965514044,minmaxnorm
149,Q0,AP900312-0135,257,0.1706156719475908,minmaxnorm
149,Q0,ZF32-199-324,258,0.17029865306514175,minmaxnorm
149,Q0,SJMN91-06079034,259,0.1702831691375252,minmaxnorm
149,Q0,AP900724-0217,260,0.1701489171608518,minmaxnorm
149,Q0,AP900220-0210,261,0.16810537315812218,minmaxnorm
149,Q0,AP900720-0075,262,0.16785275328975455,minmaxnorm
149,Q0,AP900920-0069,263,0.16760956157692788,minmaxnorm
149,Q0,AP900518-0233,264,0.16759286851199673,minmaxnorm
149,Q0,AP900223-0165,265,0.1675255613008078,minmaxnorm
149,Q0,ZF32-109-255,266,0.16741678794488857,minmaxnorm
149,Q0,AP900814-0023,267,0.16693726851106577,minmaxnorm
149,Q0,ZF32-265-057,268,0.16688511615081622,minmaxnorm
149,Q0,AP900424-0197,269,0.16678067273464597,minmaxnorm
149,Q0,AP900719-0130,270,0.1664704687695971,minmaxnorm
149,Q0,AP900416-0025,271,0.16595736229702107,minmaxnorm
149,Q0,AP901004-0196,272,0.165349678558169,minmaxnorm
149,Q0,ZF310-632-248,273,0.1649800381829764,minmaxnorm
149,Q0,AP901001-0222,274,0.164922862976478,minmaxnorm
149,Q0,AP901010-0093,275,0.16485704086617195,minmaxnorm
149,Q0,ZF32-025-034,276,0.1648543557731831,minmaxnorm
149,Q0,SJMN91-06036185,277,0.16479322822681483,minmaxnorm
149,Q0,AP900227-0235,278,0.1642579136831422,minmaxnorm
149,Q0,SJMN91-06076161,279,0.16424911490494834,minmaxnorm
149,Q0,SJMN91-06043117,280,0.1639650318590216,minmaxnorm
149,Q0,AP900629-0232,281,0.16365077183512558,minmaxnorm
149,Q0,AP900309-0216,282,0.16360970006770092,minmaxnorm
149,Q0,AP900521-0184,283,0.16360413367967447,minmaxnorm
149,Q0,AP900407-0101,284,0.16358521517471017,minmaxnorm
149,Q0,AP901116-0193,285,0.1631765983042839,minmaxnorm
149,Q0,AP901122-0009,286,0.16303394820407044,minmaxnorm
149,Q0,SJMN91-06099112,287,0.16278203937246044,minmaxnorm
149,Q0,ZF32-218-278,288,0.16224995333578823,minmaxnorm
149,Q0,SJMN91-06080060,289,0.16200994772676927,minmaxnorm
149,Q0,AP901129-0249,290,0.16175768219358297,minmaxnorm
149,Q0,AP900928-0219,291,0.16149450985550556,minmaxnorm
149,Q0,ZF32-113-074,292,0.1614898187661883,minmaxnorm
149,Q0,AP900124-0244,293,0.1614728789886375,minmaxnorm
149,Q0,AP901123-0192,294,0.1613493450524913,minmaxnorm
149,Q0,SJMN91-06174105,295,0.1606964242051131,minmaxnorm
149,Q0,ZF32-080-161,296,0.16040212266639098,minmaxnorm
149,Q0,ZF32-253-154,297,0.16034626630563636,minmaxnorm
149,Q0,SJMN91-06192119,298,0.1601348888513061,minmaxnorm
149,Q0,AP900221-0148,299,0.15998737727701515,minmaxnorm
149,Q0,SJMN91-06315165,300,0.15994265588264425,minmaxnorm
149,Q0,AP900119-0206,301,0.15792035972571766,minmaxnorm
149,Q0,AP901105-0051,302,0.15757833095581814,minmaxnorm
149,Q0,ZF32-064-032,303,0.15746401266107743,minmaxnorm
149,Q0,AP900223-0094,304,0.15739095661389543,minmaxnorm
149,Q0,SJMN91-06320170,305,0.15655317087672743,minmaxnorm
149,Q0,AP900501-0213,306,0.1557339503915486,minmaxnorm
149,Q0,AP901121-0092,307,0.1555708699988404,minmaxnorm
149,Q0,AP900420-0243,308,0.1555467144859803,minmaxnorm
149,Q0,ZF310-697-287,309,0.15549250836793688,minmaxnorm
149,Q0,ZF32-152-090,310,0.15510069325352324,minmaxnorm
149,Q0,SJMN91-06233059,311,0.15499173108966463,minmaxnorm
149,Q0,AP900629-0225,312,0.15483003291374203,minmaxnorm
149,Q0,ZF32-185-172,313,0.1547550774320931,minmaxnorm
149,Q0,AP900220-0258,314,0.1545791777628499,minmaxnorm
149,Q0,AP900720-0038,315,0.1544884972453899,minmaxnorm
149,Q0,AP901122-0023,316,0.1544401849306083,minmaxnorm
149,Q0,AP900828-0169,317,0.15429449778704266,minmaxnorm
149,Q0,SJMN91-06216163,318,0.1540593976266387,minmaxnorm
149,Q0,SJMN91-06045012,319,0.15308949746635422,minmaxnorm
149,Q0,AP900529-0178,320,0.15286247150803492,minmaxnorm
149,Q0,SJMN91-06262007,321,0.1527448334222657,minmaxnorm
149,Q0,AP900208-0029,322,0.1523852167369982,minmaxnorm
149,Q0,SJMN91-06194149,323,0.15235988251359053,minmaxnorm
149,Q0,AP900928-0179,324,0.15226168897486259,minmaxnorm
149,Q0,AP901206-0241,325,0.15222333715100922,minmaxnorm
149,Q0,SJMN91-06270059,326,0.15179946275526512,minmaxnorm
149,Q0,AP900822-0211,327,0.15152420479568204,minmaxnorm
149,Q0,AP900807-0169,328,0.1514850452107108,minmaxnorm
149,Q0,ZF32-167-103,329,0.15093824825453156,minmaxnorm
149,Q0,AP900427-0182,330,0.15089564960699495,minmaxnorm
149,Q0,AP900126-0085,331,0.15046284918249875,minmaxnorm
149,Q0,AP901012-0196,332,0.15000600535997463,minmaxnorm
149,Q0,AP901109-0134,333,0.14987647529736545,minmaxnorm
149,Q0,SJMN91-06181171,334,0.14976315630308124,minmaxnorm
149,Q0,SJMN91-06352036,335,0.14957722939146478,minmaxnorm
149,Q0,ZF32-109-032,336,0.14956656481716607,minmaxnorm
149,Q0,AP901113-0013,337,0.14940706862087358,minmaxnorm
149,Q0,AP901017-0135,338,0.14908020646494605,minmaxnorm
149,Q0,SJMN91-06010111,339,0.1488688010201021,minmaxnorm
149,Q0,ZF32-089-097,340,0.14856040665734888,minmaxnorm
149,Q0,SJMN91-06162195,341,0.14838579930394485,minmaxnorm
149,Q0,SJMN91-06320231,342,0.14721652975373206,minmaxnorm
149,Q0,SJMN91-06325031,343,0.14700778010479476,minmaxnorm
149,Q0,SJMN91-06091152,344,0.14698811172952628,minmaxnorm
149,Q0,AP900426-0146,345,0.14694547471653657,minmaxnorm
149,Q0,ZF32-223-248,346,0.14669001093567266,minmaxnorm
149,Q0,AP900601-0212,347,0.14664883363161468,minmaxnorm
149,Q0,ZF310-620-005,348,0.14651963817007285,minmaxnorm
149,Q0,ZF32-129-227,349,0.14635707167311063,minmaxnorm
149,Q0,ZF32-010-164,350,0.14617331086880805,minmaxnorm
149,Q0,SJMN91-06120076,351,0.1461086021014892,minmaxnorm
149,Q0,AP901112-0228,352,0.14584759460708585,minmaxnorm
149,Q0,AP900202-0217,353,0.14569744969437887,minmaxnorm
149,Q0,AP901013-0042,354,0.14494291357812095,minmaxnorm
149,Q0,AP900421-0150,355,0.14449675206606843,minmaxnorm
149,Q0,ZF32-160-265,356,0.14405374715033198,minmaxnorm
149,Q0,SJMN91-06273100,357,0.14391736111185402,minmaxnorm
149,Q0,AP900713-0261,358,0.14358157215742956,minmaxnorm
149,Q0,ZF32-218-035,359,0.14344447473278593,minmaxnorm
149,Q0,AP900419-0219,360,0.14310425694637416,minmaxnorm
149,Q0,AP900926-0249,361,0.14307988323146448,minmaxnorm
149,Q0,AP900509-0228,362,0.14302235463714796,minmaxnorm
149,Q0,AP900201-0283,363,0.14287060300698964,minmaxnorm
149,Q0,AP900507-0053,364,0.14271354803712896,minmaxnorm
149,Q0,ZF32-257-184,365,0.14229398466528986,minmaxnorm
149,Q0,AP900110-0251,366,0.14198313524769324,minmaxnorm
149,Q0,SJMN91-06255003,367,0.14193046424131667,minmaxnorm
149,Q0,AP901015-0052,368,0.14181319794561098,minmaxnorm
149,Q0,AP901114-0153,369,0.14158310034309649,minmaxnorm
149,Q0,AP901024-0227,370,0.14129378932253336,minmaxnorm
149,Q0,SJMN91-06077033,371,0.1412135169699724,minmaxnorm
149,Q0,ZF32-130-272,372,0.1403768900297384,minmaxnorm
149,Q0,SJMN91-06138099,373,0.1403087023178184,minmaxnorm
149,Q0,AP900601-0206,374,0.14020874672044348,minmaxnorm
149,Q0,ZF32-077-065,375,0.14014236900404595,minmaxnorm
149,Q0,SJMN91-06180242,376,0.1398091676190745,minmaxnorm
149,Q0,AP900124-0172,377,0.13908479701862386,minmaxnorm
149,Q0,AP901019-0240,378,0.13895160246471266,minmaxnorm
149,Q0,AP900424-0229,379,0.1387929075464726,minmaxnorm
149,Q0,AP900310-0059,380,0.13863603584683942,minmaxnorm
149,Q0,AP900123-0052,381,0.1379500295879623,minmaxnorm
149,Q0,AP901109-0225,382,0.13775460034749695,minmaxnorm
149,Q0,AP901003-0226,383,0.13748709672511977,minmaxnorm
149,Q0,ZF32-122-147,384,0.1372834740319098,minmaxnorm
149,Q0,ZF32-280-095,385,0.13719311811446055,minmaxnorm
149,Q0,ZF32-139-067,386,0.13683046620037595,minmaxnorm
149,Q0,ZF32-122-145,387,0.13643630318383407,minmaxnorm
149,Q0,AP901024-0218,388,0.1363389082157845,minmaxnorm
149,Q0,SJMN91-06105095,389,0.13618374278097695,minmaxnorm
149,Q0,ZF32-031-266,390,0.13604808562508444,minmaxnorm
149,Q0,AP900127-0023,391,0.13567925898663113,minmaxnorm
149,Q0,AP900509-0019,392,0.13564331398933022,minmaxnorm
149,Q0,SJMN91-06203149,393,0.13551391215528263,minmaxnorm
149,Q0,AP900223-0187,394,0.1354127024541218,minmaxnorm
149,Q0,SJMN91-06082038,395,0.1354014516125674,minmaxnorm
149,Q0,AP900225-0106,396,0.13527791127828998,minmaxnorm
149,Q0,SJMN91-06351050,397,0.1351912598294233,minmaxnorm
149,Q0,AP900510-0080,398,0.1350640401113142,minmaxnorm
149,Q0,AP901016-0137,399,0.1350555271662523,minmaxnorm
149,Q0,AP900517-0259,400,0.13503089329624227,minmaxnorm
149,Q0,AP900305-0107,401,0.13500125949427536,minmaxnorm
149,Q0,AP900927-0236,402,0.1346944074174505,minmaxnorm
149,Q0,AP901115-0208,403,0.1344514383629548,minmaxnorm
149,Q0,AP901122-0131,404,0.13434856602960968,minmaxnorm
149,Q0,SJMN91-06167109,405,0.13390259616556024,minmaxnorm
149,Q0,SJMN91-06287206,406,0.13363769933990358,minmaxnorm
149,Q0,SJMN91-06301176,407,0.13337057907546962,minmaxnorm
149,Q0,AP900708-0063,408,0.13331187624996796,minmaxnorm
149,Q0,ZF32-101-245,409,0.13290744879856306,minmaxnorm
149,Q0,AP900330-0250,410,0.13258909255366882,minmaxnorm
149,Q0,SJMN91-06133093,411,0.1322923280797045,minmaxnorm
149,Q0,SJMN91-06113207,412,0.1322257312280779,minmaxnorm
149,Q0,SJMN91-06235194,413,0.13215500462229662,minmaxnorm
149,Q0,AP901226-0118,414,0.1320201529731298,minmaxnorm
149,Q0,AP901010-0224,415,0.13192301858068212,minmaxnorm
149,Q0,ZF32-082-050,416,0.13156286618133978,minmaxnorm
149,Q0,SJMN91-06323069,417,0.1315287916552937,minmaxnorm
149,Q0,AP900901-0140,418,0.13143935601921133,minmaxnorm
149,Q0,AP900609-0138,419,0.13141289317774144,minmaxnorm
149,Q0,ZF32-042-023,420,0.13036185637643993,minmaxnorm
149,Q0,AP900328-0079,421,0.13033622068635461,minmaxnorm
149,Q0,AP900418-0129,422,0.13029381727328018,minmaxnorm
149,Q0,ZF32-199-180,423,0.13013979376159573,minmaxnorm
149,Q0,AP900228-0109,424,0.13013209831076966,minmaxnorm
149,Q0,AP900613-0266,425,0.12996746720497154,minmaxnorm
149,Q0,AP900422-0001,426,0.12988824671364402,minmaxnorm
149,Q0,AP901107-0119,427,0.1298253612139423,minmaxnorm
149,Q0,SJMN91-06134192,428,0.12961075966825306,minmaxnorm
149,Q0,SJMN91-06255328,429,0.12951540119787788,minmaxnorm
149,Q0,AP900928-0044,430,0.1294986055135486,minmaxnorm
149,Q0,SJMN91-06274068,431,0.12942909577008319,minmaxnorm
149,Q0,SJMN91-06299072,432,0.1290656415645264,minmaxnorm
149,Q0,SJMN91-06221232,433,0.1290563417212165,minmaxnorm
149,Q0,AP900721-0005,434,0.12891844064306668,minmaxnorm
149,Q0,AP900724-0219,435,0.12876930394318917,minmaxnorm
149,Q0,ZF32-140-110,436,0.12872648731022546,minmaxnorm
149,Q0,ZF32-052-244,437,0.12858920985714778,minmaxnorm
149,Q0,AP901010-0015,438,0.12824825817825072,minmaxnorm
149,Q0,AP900912-0026,439,0.12790865812134916,minmaxnorm
149,Q0,AP900720-0245,440,0.12777827275695575,minmaxnorm
149,Q0,AP900523-0219,441,0.1277463325009602,minmaxnorm
149,Q0,ZF32-229-091,442,0.12752710435895867,minmaxnorm
149,Q0,SJMN91-06250176,443,0.12733308200818833,minmaxnorm
149,Q0,SJMN91-06250072,444,0.12731896561754097,minmaxnorm
149,Q0,SJMN91-06240002,445,0.1272021671158116,minmaxnorm
149,Q0,SJMN91-06080028,446,0.12715894854223378,minmaxnorm
149,Q0,AP900615-0244,447,0.12695070023115584,minmaxnorm
149,Q0,AP900618-0206,448,0.12695070023115584,minmaxnorm
149,Q0,AP900221-0157,449,0.12664397310738343,minmaxnorm
149,Q0,SJMN91-06021078,450,0.12653938157676464,minmaxnorm
149,Q0,SJMN91-06347146,451,0.1265296900946201,minmaxnorm
149,Q0,SJMN91-06277116,452,0.1263716488125733,minmaxnorm
149,Q0,AP900105-0242,453,0.12603542840828447,minmaxnorm
149,Q0,SJMN91-06266094,454,0.1255911944229304,minmaxnorm
149,Q0,SJMN91-06267024,455,0.12557506270058744,minmaxnorm
149,Q0,AP900104-0149,456,0.1252711705690282,minmaxnorm
149,Q0,SJMN91-06347026,457,0.12505752080593685,minmaxnorm
149,Q0,SJMN91-06350210,458,0.12501769101812954,minmaxnorm
149,Q0,SJMN91-06042051,459,0.12493787278819447,minmaxnorm
149,Q0,AP900606-0255,460,0.1246267511580854,minmaxnorm
149,Q0,AP900214-0002,461,0.12446860781789437,minmaxnorm
149,Q0,AP900830-0203,462,0.12391019343853296,minmaxnorm
149,Q0,AP900911-0264,463,0.12389664086130334,minmaxnorm
149,Q0,ZF32-017-396,464,0.12383725304630969,minmaxnorm
149,Q0,ZF32-110-131,465,0.12364489255037873,minmaxnorm
149,Q0,ZF32-249-180,466,0.1236000144623185,minmaxnorm
149,Q0,SJMN91-06336010,467,0.1234753248485827,minmaxnorm
149,Q0,AP901210-0273,468,0.12334440243653505,minmaxnorm
149,Q0,AP900629-0154,469,0.12323287622273761,minmaxnorm
149,Q0,ZF32-016-084,470,0.12317971991729376,minmaxnorm
149,Q0,ZF32-145-170,471,0.12300317291203304,minmaxnorm
149,Q0,SJMN91-06072062,472,0.12237281628467081,minmaxnorm
149,Q0,SJMN91-06110124,473,0.12229721684577555,minmaxnorm
149,Q0,SJMN91-06066089,474,0.12154739060954056,minmaxnorm
149,Q0,AP900723-0179,475,0.12147656266641461,minmaxnorm
149,Q0,SJMN91-06273239,476,0.12114960227676176,minmaxnorm
149,Q0,SJMN91-06228190,477,0.12033176615831331,minmaxnorm
149,Q0,ZF32-109-001,478,0.12019288932875835,minmaxnorm
149,Q0,AP900628-0214,479,0.12017795239994483,minmaxnorm
149,Q0,ZF32-115-051,480,0.1201768231415426,minmaxnorm
149,Q0,AP900131-0294,481,0.12005156833231176,minmaxnorm
149,Q0,SJMN91-06322185,482,0.1197924967800708,minmaxnorm
149,Q0,SJMN91-06348172,483,0.1196898277031939,minmaxnorm
149,Q0,AP900919-0061,484,0.11961372043646587,minmaxnorm
149,Q0,SJMN91-06209048,485,0.11949648187302761,minmaxnorm
149,Q0,AP901012-0193,486,0.11916494155628635,minmaxnorm
149,Q0,ZF32-070-029,487,0.11912299818900968,minmaxnorm
149,Q0,AP900623-0067,488,0.11867700156420413,minmaxnorm
149,Q0,AP900606-0256,489,0.11867656531038975,minmaxnorm
149,Q0,ZF32-274-007,490,0.11864192714409276,minmaxnorm
149,Q0,AP900517-0192,491,0.11847103355167295,minmaxnorm
149,Q0,AP900215-0279,492,0.11831902701858074,minmaxnorm
149,Q0,AP901114-0250,493,0.11731022299383673,minmaxnorm
149,Q0,AP900201-0184,494,0.11700640573027817,minmaxnorm
149,Q0,ZF32-078-179,495,0.11699085434406313,minmaxnorm
149,Q0,SJMN91-06250033,496,0.11687399430067066,minmaxnorm
149,Q0,SJMN91-06256163,497,0.11685030621578948,minmaxnorm
149,Q0,AP901015-0096,498,0.11658163121298729,minmaxnorm
149,Q0,SJMN91-06037124,499,0.11622917353036713,minmaxnorm
149,Q0,ZF32-031-236,500,0.11612661496300382,minmaxnorm
149,Q0,SJMN91-06136040,501,0.11586956824787122,minmaxnorm
149,Q0,SJMN91-06166251,502,0.11576538412538495,minmaxnorm
149,Q0,AP900605-0206,503,0.11559031686155943,minmaxnorm
149,Q0,AP901115-0087,504,0.1153512523974159,minmaxnorm
149,Q0,AP900123-0266,505,0.11515536691980476,minmaxnorm
149,Q0,AP901003-0108,506,0.11512068050204327,minmaxnorm
149,Q0,ZF32-228-294,507,0.1150953724389017,minmaxnorm
149,Q0,AP900426-0233,508,0.11484225559691914,minmaxnorm
149,Q0,SJMN91-06151030,509,0.11464403176787001,minmaxnorm
149,Q0,SJMN91-06250016,510,0.11455461189694185,minmaxnorm
149,Q0,SJMN91-06084096,511,0.11428303396087525,minmaxnorm
149,Q0,ZF32-260-130,512,0.11426563469370302,minmaxnorm
149,Q0,SJMN91-06136177,513,0.11406082187786981,minmaxnorm
149,Q0,AP901019-0281,514,0.11397870118322014,minmaxnorm
149,Q0,AP900717-0086,515,0.11386949806819598,minmaxnorm
149,Q0,AP901219-0016,516,0.11342759335025157,minmaxnorm
149,Q0,SJMN91-06358200,517,0.11342546670389529,minmaxnorm
149,Q0,SJMN91-06284095,518,0.11315589380821996,minmaxnorm
149,Q0,SJMN91-06055125,519,0.1129822395950627,minmaxnorm
149,Q0,SJMN91-06125106,520,0.11289894368328664,minmaxnorm
149,Q0,ZF32-011-308,521,0.11285597535929592,minmaxnorm
149,Q0,AP900425-0238,522,0.11261012438773257,minmaxnorm
149,Q0,SJMN91-06203204,523,0.112604304225411,minmaxnorm
149,Q0,ZF32-212-018,524,0.1125308051686662,minmaxnorm
149,Q0,ZF32-122-144,525,0.11236870575991893,minmaxnorm
149,Q0,SJMN91-06350082,526,0.11227528681885655,minmaxnorm
149,Q0,AP900309-0265,527,0.11220477052760662,minmaxnorm
149,Q0,ZF32-156-103,528,0.11218204809036796,minmaxnorm
149,Q0,SJMN91-06103110,529,0.11163089571987593,minmaxnorm
149,Q0,SJMN91-06026011,530,0.11156956116853814,minmaxnorm
149,Q0,AP900419-0016,531,0.11149611443292397,minmaxnorm
149,Q0,AP901208-0121,532,0.11120653805696538,minmaxnorm
149,Q0,AP900304-0042,533,0.1111783734705621,minmaxnorm
149,Q0,AP900426-0231,534,0.11091675170778931,minmaxnorm
149,Q0,AP900925-0239,535,0.11088827989366426,minmaxnorm
149,Q0,SJMN91-06340029,536,0.11069572027710396,minmaxnorm
149,Q0,SJMN91-06191074,537,0.11050013374178382,minmaxnorm
149,Q0,AP900524-0115,538,0.110098601600762,minmaxnorm
149,Q0,AP900224-0103,539,0.11008991013741491,minmaxnorm
149,Q0,AP900206-0212,540,0.11005718794864272,minmaxnorm
149,Q0,AP900827-0216,541,0.10999307612010233,minmaxnorm
149,Q0,ZF32-144-169,542,0.10997053984691074,minmaxnorm
149,Q0,SJMN91-06199073,543,0.1095021319974184,minmaxnorm
149,Q0,AP900320-0184,544,0.10942001457745296,minmaxnorm
149,Q0,AP901220-0032,545,0.10933108407182403,minmaxnorm
149,Q0,AP901211-0230,546,0.10922969299670547,minmaxnorm
149,Q0,ZF32-058-188,547,0.10922898573528542,minmaxnorm
149,Q0,AP900203-0046,548,0.10893992631870311,minmaxnorm
149,Q0,SJMN91-06055185,549,0.10891724680962511,minmaxnorm
149,Q0,ZF32-088-296,550,0.1088707852952107,minmaxnorm
149,Q0,ZF32-076-334,551,0.10878916388975012,minmaxnorm
149,Q0,ZF32-071-214,552,0.10871155110438521,minmaxnorm
149,Q0,AP901012-0191,553,0.10867874407947757,minmaxnorm
149,Q0,AP900115-0078,554,0.10858131635147751,minmaxnorm
149,Q0,AP901002-0196,555,0.10847515379095224,minmaxnorm
149,Q0,ZF32-267-031,556,0.1084404294584496,minmaxnorm
149,Q0,SJMN91-06066252,557,0.10840002932691471,minmaxnorm
149,Q0,AP900607-0165,558,0.10829879276284063,minmaxnorm
149,Q0,AP901228-0113,559,0.1081907625232254,minmaxnorm
149,Q0,ZF32-104-182,560,0.10808633495101486,minmaxnorm
149,Q0,SJMN91-06354111,561,0.10785235381109495,minmaxnorm
149,Q0,ZF32-280-036,562,0.10770208580918428,minmaxnorm
149,Q0,SJMN91-06284197,563,0.10769647732750644,minmaxnorm
149,Q0,SJMN91-06091182,564,0.10768201090387958,minmaxnorm
149,Q0,AP900122-0082,565,0.10741401734512095,minmaxnorm
149,Q0,AP900312-0218,566,0.10727830032348035,minmaxnorm
149,Q0,SJMN91-06220199,567,0.10713030284670905,minmaxnorm
149,Q0,ZF32-267-030,568,0.10711231430491726,minmaxnorm
149,Q0,AP900728-0066,569,0.10697337959056236,minmaxnorm
149,Q0,ZF32-048-158,570,0.10692093176172662,minmaxnorm
149,Q0,AP901115-0258,571,0.1068471132326298,minmaxnorm
149,Q0,SJMN91-06231064,572,0.10571974494082327,minmaxnorm
149,Q0,SJMN91-06006044,573,0.10566050146920576,minmaxnorm
149,Q0,AP900924-0279,574,0.10562187185931307,minmaxnorm
149,Q0,ZF32-030-294,575,0.1055784134734628,minmaxnorm
149,Q0,ZF32-037-004,576,0.10520887770197614,minmaxnorm
149,Q0,ZF32-110-127,577,0.10497538815731637,minmaxnorm
149,Q0,ZF32-136-158,578,0.10477548641293541,minmaxnorm
149,Q0,AP900207-0057,579,0.10438181305607651,minmaxnorm
149,Q0,AP901022-0254,580,0.10405760423688452,minmaxnorm
149,Q0,ZF32-194-054,581,0.10371345013275096,minmaxnorm
149,Q0,SJMN91-06336046,582,0.10365348289096166,minmaxnorm
149,Q0,AP901116-0237,583,0.10339737644480128,minmaxnorm
149,Q0,AP900313-0020,584,0.10323162054734965,minmaxnorm
149,Q0,SJMN91-06091169,585,0.10312914849731117,minmaxnorm
149,Q0,ZF32-221-105,586,0.10297466316860718,minmaxnorm
149,Q0,AP901012-0173,587,0.10270948025258311,minmaxnorm
149,Q0,AP900511-0268,588,0.10255526252793273,minmaxnorm
149,Q0,ZF32-144-140,589,0.10246584208969849,minmaxnorm
149,Q0,AP901018-0210,590,0.10242540436729834,minmaxnorm
149,Q0,SJMN91-06315117,591,0.1023179219067652,minmaxnorm
149,Q0,AP900718-0101,592,0.10197320389564885,minmaxnorm
149,Q0,ZF32-012-038,593,0.1018284339354331,minmaxnorm
149,Q0,AP900601-0205,594,0.10173372158312562,minmaxnorm
149,Q0,SJMN91-06204202,595,0.10171649827179252,minmaxnorm
149,Q0,AP900321-0143,596,0.1016917373043892,minmaxnorm
149,Q0,AP900404-0090,597,0.10154916537702319,minmaxnorm
149,Q0,SJMN91-06075236,598,0.10148005160094611,minmaxnorm
149,Q0,ZF32-132-162,599,0.10086853577493629,minmaxnorm
149,Q0,ZF32-259-141,600,0.100713776372653,minmaxnorm
149,Q0,AP900928-0237,601,0.1004877802239183,minmaxnorm
149,Q0,SJMN91-06024221,602,0.10028995559056088,minmaxnorm
149,Q0,SJMN91-06360163,603,0.10014066442201228,minmaxnorm
149,Q0,AP900424-0002,604,0.09998954275397517,minmaxnorm
149,Q0,SJMN91-06189137,605,0.09992423577945815,minmaxnorm
149,Q0,AP900215-0091,606,0.0996161360999919,minmaxnorm
149,Q0,SJMN91-06207243,607,0.09956107543206641,minmaxnorm
149,Q0,AP900412-0176,608,0.09939980084430955,minmaxnorm
149,Q0,SJMN91-06364012,609,0.09937955951308687,minmaxnorm
149,Q0,ZF32-137-226,610,0.09922050704353659,minmaxnorm
149,Q0,SJMN91-06162160,611,0.09917330577316562,minmaxnorm
149,Q0,ZF32-258-049,612,0.09917167788672827,minmaxnorm
149,Q0,AP900514-0255,613,0.09911713673620495,minmaxnorm
149,Q0,AP900727-0032,614,0.09908739476584744,minmaxnorm
149,Q0,SJMN91-06146103,615,0.09906922799648388,minmaxnorm
149,Q0,ZF32-255-080,616,0.09904824495003939,minmaxnorm
149,Q0,SJMN91-06260250,617,0.09895579833062923,minmaxnorm
149,Q0,AP901009-0131,618,0.09870648322253898,minmaxnorm
149,Q0,SJMN91-06247188,619,0.0987059952513428,minmaxnorm
149,Q0,SJMN91-06249097,620,0.0986067026395965,minmaxnorm
149,Q0,ZF32-060-159,621,0.0984379617593563,minmaxnorm
149,Q0,AP900504-0227,622,0.09832824465805497,minmaxnorm
149,Q0,AP900724-0212,623,0.09826249426210522,minmaxnorm
149,Q0,SJMN91-06267116,624,0.09824498623215615,minmaxnorm
149,Q0,SJMN91-06014088,625,0.09809466244493262,minmaxnorm
149,Q0,ZF32-191-173,626,0.09798294848155248,minmaxnorm
149,Q0,ZF32-214-046,627,0.09753299258766114,minmaxnorm
149,Q0,AP900214-0085,628,0.09717357901806649,minmaxnorm
149,Q0,AP900810-0139,629,0.09708252857253051,minmaxnorm
149,Q0,AP900629-0293,630,0.09704262996106834,minmaxnorm
149,Q0,AP900301-0113,631,0.09702577723837913,minmaxnorm
149,Q0,SJMN91-06025080,632,0.09691289675322859,minmaxnorm
149,Q0,AP900717-0125,633,0.09654769534540719,minmaxnorm
149,Q0,AP900205-0079,634,0.09617411804153625,minmaxnorm
149,Q0,AP900620-0233,635,0.09580562180889356,minmaxnorm
149,Q0,AP900126-0167,636,0.09561647567456182,minmaxnorm
149,Q0,AP901022-0126,637,0.09544339686520845,minmaxnorm
149,Q0,ZF32-025-196,638,0.09535400208452613,minmaxnorm
149,Q0,SJMN91-06136006,639,0.09535259421682804,minmaxnorm
149,Q0,AP900816-0011,640,0.09534368182039382,minmaxnorm
149,Q0,SJMN91-06044022,641,0.09523667969354477,minmaxnorm
149,Q0,SJMN91-06236039,642,0.09521858644628844,minmaxnorm
149,Q0,ZF32-192-152,643,0.09508890621593225,minmaxnorm
149,Q0,SJMN91-06242125,644,0.09488449342962448,minmaxnorm
149,Q0,AP900617-0027,645,0.09476691981461616,minmaxnorm
149,Q0,AP900205-0235,646,0.09457772445405757,minmaxnorm
149,Q0,AP900116-0086,647,0.09455892835197802,minmaxnorm
149,Q0,ZF32-117-036,648,0.0944278980005929,minmaxnorm
149,Q0,ZF32-011-083,649,0.0943979752618399,minmaxnorm
149,Q0,ZF32-226-004,650,0.09437529660900837,minmaxnorm
149,Q0,AP900430-0249,651,0.09436093989132312,minmaxnorm
149,Q0,AP900121-0006,652,0.09433374862562584,minmaxnorm
149,Q0,ZF32-251-075,653,0.094201980979313,minmaxnorm
149,Q0,ZF32-015-269,654,0.0941242246189495,minmaxnorm
149,Q0,AP900328-0225,655,0.09411495366901426,minmaxnorm
149,Q0,ZF32-011-010,656,0.09406315494084208,minmaxnorm
149,Q0,AP901121-0246,657,0.09401528347189068,minmaxnorm
149,Q0,ZF32-003-019,658,0.0939987181734021,minmaxnorm
149,Q0,AP900830-0253,659,0.09396587189614462,minmaxnorm
149,Q0,AP900307-0046,660,0.09393888785887683,minmaxnorm
149,Q0,ZF32-193-219,661,0.09385490529582899,minmaxnorm
149,Q0,ZF32-089-096,662,0.09357410570714897,minmaxnorm
149,Q0,AP900106-0017,663,0.0935155767905628,minmaxnorm
149,Q0,AP900119-0117,664,0.09345439816385388,minmaxnorm
149,Q0,SJMN91-06326008,665,0.09335723750032918,minmaxnorm
149,Q0,SJMN91-06349032,666,0.09322014163850999,minmaxnorm
149,Q0,AP900119-0001,667,0.09318562233317118,minmaxnorm
149,Q0,ZF32-098-027,668,0.09311244510902471,minmaxnorm
149,Q0,SJMN91-06006025,669,0.09306780897790624,minmaxnorm
149,Q0,SJMN91-06159081,670,0.09299590703520218,minmaxnorm
149,Q0,AP901213-0236,671,0.09291749929758687,minmaxnorm
149,Q0,ZF32-105-158,672,0.09287069344329207,minmaxnorm
149,Q0,AP900616-0101,673,0.09280319261406313,minmaxnorm
149,Q0,ZF32-268-150,674,0.09276417928521884,minmaxnorm
149,Q0,SJMN91-06175012,675,0.09261301602255408,minmaxnorm
149,Q0,AP900201-0214,676,0.09228601882114898,minmaxnorm
149,Q0,AP900430-0036,677,0.0922656846339243,minmaxnorm
149,Q0,ZF32-183-155,678,0.0922082531253977,minmaxnorm
149,Q0,AP900424-0134,679,0.0921145303412997,minmaxnorm
149,Q0,AP900128-0023,680,0.09202036302306493,minmaxnorm
149,Q0,ZF32-036-106,681,0.09191833339619956,minmaxnorm
149,Q0,ZF32-199-141,682,0.09174220917334373,minmaxnorm
149,Q0,ZF32-019-095,683,0.09173601772457807,minmaxnorm
149,Q0,AP900727-0169,684,0.09156452054173377,minmaxnorm
149,Q0,AP901013-0069,685,0.09150910660283329,minmaxnorm
149,Q0,AP901005-0187,686,0.09133842747057484,minmaxnorm
149,Q0,ZF32-030-050,687,0.09132824429047758,minmaxnorm
149,Q0,SJMN91-06075150,688,0.09124234867780126,minmaxnorm
149,Q0,SJMN91-06308084,689,0.09116042947793836,minmaxnorm
149,Q0,ZF32-326-1164,690,0.09109072564705677,minmaxnorm
149,Q0,SJMN91-06170055,691,0.09102145908407283,minmaxnorm
149,Q0,AP900205-0216,692,0.09097056708738385,minmaxnorm
149,Q0,SJMN91-06089060,693,0.09092318379250344,minmaxnorm
149,Q0,SJMN91-06269014,694,0.09087343302999659,minmaxnorm
149,Q0,AP900824-0090,695,0.09055450684417447,minmaxnorm
149,Q0,AP900709-0102,696,0.09026111726542185,minmaxnorm
149,Q0,ZF32-011-149,697,0.09024214484399926,minmaxnorm
149,Q0,ZF32-209-102,698,0.09023241155386108,minmaxnorm
149,Q0,ZF32-205-135,699,0.0902034799249219,minmaxnorm
149,Q0,AP901217-0157,700,0.09015268259261978,minmaxnorm
149,Q0,AP901207-0203,701,0.09013882601454666,minmaxnorm
149,Q0,ZF32-190-125,702,0.09007481140747918,minmaxnorm
149,Q0,SJMN91-06268165,703,0.0898614771512788,minmaxnorm
149,Q0,ZF32-113-065,704,0.0898119840441233,minmaxnorm
149,Q0,AP900903-0006,705,0.0896506375410689,minmaxnorm
149,Q0,AP900317-0022,706,0.08963407539788354,minmaxnorm
149,Q0,AP900124-0002,707,0.0895992506788397,minmaxnorm
149,Q0,ZF32-101-244,708,0.08943968754493967,minmaxnorm
149,Q0,ZF32-051-332,709,0.08943753455767255,minmaxnorm
149,Q0,SJMN91-06149107,710,0.08936272841312898,minmaxnorm
149,Q0,AP900616-0160,711,0.08934933558950948,minmaxnorm
149,Q0,ZF32-169-130,712,0.08929086583798432,minmaxnorm
149,Q0,ZF32-065-128,713,0.0891114370050609,minmaxnorm
149,Q0,AP900726-0046,714,0.08908664263294895,minmaxnorm
149,Q0,AP900725-0115,715,0.08900881596083841,minmaxnorm
149,Q0,SJMN91-06251082,716,0.0888077122648054,minmaxnorm
149,Q0,AP900429-0093,717,0.08860336087656888,minmaxnorm
149,Q0,ZF32-270-019,718,0.08856300247661186,minmaxnorm
149,Q0,SJMN91-06256152,719,0.08851112868378314,minmaxnorm
149,Q0,SJMN91-06359034,720,0.08844293142523785,minmaxnorm
149,Q0,ZF32-199-181,721,0.0882357738665884,minmaxnorm
149,Q0,SJMN91-06235125,722,0.0882137743761826,minmaxnorm
149,Q0,ZF32-199-351,723,0.08814100147308837,minmaxnorm
149,Q0,ZF32-121-207,724,0.08814068416666741,minmaxnorm
149,Q0,SJMN91-06206050,725,0.08812749152324321,minmaxnorm
149,Q0,AP901030-0153,726,0.08809873938240298,minmaxnorm
149,Q0,ZF32-278-092,727,0.08809441949945442,minmaxnorm
149,Q0,ZF32-225-060,728,0.08802785549721694,minmaxnorm
149,Q0,AP900312-0138,729,0.08782711841581112,minmaxnorm
149,Q0,AP900615-0134,730,0.08779299912294775,minmaxnorm
149,Q0,ZF32-051-333,731,0.08774892414484142,minmaxnorm
149,Q0,ZF32-074-114,732,0.08764009232874254,minmaxnorm
149,Q0,AP900316-0184,733,0.087488682924468,minmaxnorm
149,Q0,AP900401-0080,734,0.08747426528622537,minmaxnorm
149,Q0,AP900716-0218,735,0.08745238747451445,minmaxnorm
149,Q0,AP900713-0264,736,0.08744873803254677,minmaxnorm
149,Q0,AP901101-0263,737,0.08737773085974175,minmaxnorm
149,Q0,ZF32-016-080,738,0.08712431102942451,minmaxnorm
149,Q0,AP900316-0108,739,0.08691653679263929,minmaxnorm
149,Q0,SJMN91-06134174,740,0.08683418797404915,minmaxnorm
149,Q0,AP900103-0150,741,0.08676651551240823,minmaxnorm
149,Q0,SJMN91-06134036,742,0.08673527206604803,minmaxnorm
149,Q0,AP900320-0134,743,0.08673495978800687,minmaxnorm
149,Q0,SJMN91-06260194,744,0.08663757569227998,minmaxnorm
149,Q0,ZF32-028-202,745,0.08640896572569721,minmaxnorm
149,Q0,AP900326-0056,746,0.08638842233571603,minmaxnorm
149,Q0,ZF32-210-075,747,0.08616981336069052,minmaxnorm
149,Q0,AP900213-0227,748,0.08615811578979611,minmaxnorm
149,Q0,SJMN91-06104145,749,0.08609019863924083,minmaxnorm
149,Q0,ZF32-242-190,750,0.08599499611274175,minmaxnorm
149,Q0,AP900312-0227,751,0.08599071638009888,minmaxnorm
149,Q0,AP900423-0229,752,0.08596836866664552,minmaxnorm
149,Q0,AP900420-0280,753,0.08590156633245541,minmaxnorm
149,Q0,AP901120-0252,754,0.08576233684558847,minmaxnorm
149,Q0,SJMN91-06177199,755,0.08567749596825995,minmaxnorm
149,Q0,AP900130-0003,756,0.08561064881120936,minmaxnorm
149,Q0,AP900419-0065,757,0.08559373604629938,minmaxnorm
149,Q0,ZF32-154-090,758,0.08559057670352233,minmaxnorm
149,Q0,SJMN91-06016030,759,0.08541390103121063,minmaxnorm
149,Q0,AP900801-0174,760,0.08530567913125824,minmaxnorm
149,Q0,SJMN91-06189182,761,0.08526078413863494,minmaxnorm
149,Q0,ZF32-065-101,762,0.0850773065609158,minmaxnorm
149,Q0,SJMN91-06016130,763,0.08504023523270447,minmaxnorm
149,Q0,AP900605-0087,764,0.08499445576611522,minmaxnorm
149,Q0,ZF32-077-260,765,0.08495715794132438,minmaxnorm
149,Q0,AP900105-0211,766,0.0849360459125129,minmaxnorm
149,Q0,SJMN91-06174134,767,0.08493426058433987,minmaxnorm
149,Q0,AP900924-0068,768,0.08491937692862347,minmaxnorm
149,Q0,SJMN91-06297106,769,0.08484579585684232,minmaxnorm
149,Q0,AP900809-0209,770,0.08464322977177076,minmaxnorm
149,Q0,ZF32-023-116,771,0.08459308781046104,minmaxnorm
149,Q0,ZF32-042-031,772,0.08438600052500414,minmaxnorm
149,Q0,AP900611-0185,773,0.08433096794808088,minmaxnorm
149,Q0,ZF32-031-028,774,0.0842420508929174,minmaxnorm
149,Q0,AP900810-0170,775,0.08421197391180302,minmaxnorm
149,Q0,ZF32-126-244,776,0.08414307435009759,minmaxnorm
149,Q0,ZF32-160-191,777,0.0840273180878154,minmaxnorm
149,Q0,ZF32-193-280,778,0.08388768064863227,minmaxnorm
149,Q0,AP900320-0015,779,0.08386284955561633,minmaxnorm
149,Q0,AP900831-0145,780,0.0838482691848116,minmaxnorm
149,Q0,ZF32-263-133,781,0.08366985461205785,minmaxnorm
149,Q0,ZF32-088-240,782,0.08339815063340195,minmaxnorm
149,Q0,AP901214-0260,783,0.08338985336676775,minmaxnorm
149,Q0,SJMN91-06160188,784,0.08338565461173057,minmaxnorm
149,Q0,AP901218-0196,785,0.08316920492092231,minmaxnorm
149,Q0,SJMN91-06119215,786,0.08298826847661805,minmaxnorm
149,Q0,ZF32-041-104,787,0.08291914697708266,minmaxnorm
149,Q0,AP901220-0046,788,0.08284326196205974,minmaxnorm
149,Q0,AP901029-0004,789,0.08277927267000851,minmaxnorm
149,Q0,SJMN91-06033019,790,0.0824799521987301,minmaxnorm
149,Q0,AP900430-0245,791,0.08246267200875672,minmaxnorm
149,Q0,AP900416-0163,792,0.08233190423252666,minmaxnorm
149,Q0,SJMN91-06095002,793,0.08222032969544622,minmaxnorm
149,Q0,AP901018-0036,794,0.08220143381021738,minmaxnorm
149,Q0,AP901230-0040,795,0.08217033331742807,minmaxnorm
149,Q0,ZF32-220-152,796,0.0821626585881241,minmaxnorm
149,Q0,ZF32-122-160,797,0.08214440460900067,minmaxnorm
149,Q0,SJMN91-06094100,798,0.08182434202721342,minmaxnorm
149,Q0,SJMN91-06196069,799,0.08176747481871173,minmaxnorm
149,Q0,AP901210-0245,800,0.08170073287142189,minmaxnorm
149,Q0,AP901231-0139,801,0.08161465373836116,minmaxnorm
149,Q0,SJMN91-06338174,802,0.08159011352963494,minmaxnorm
149,Q0,SJMN91-06329098,803,0.081568436973737,minmaxnorm
149,Q0,AP900503-0025,804,0.08144132119545373,minmaxnorm
149,Q0,SJMN91-06192156,805,0.0813668345306288,minmaxnorm
149,Q0,ZF32-206-293,806,0.08119157543610209,minmaxnorm
149,Q0,SJMN91-06318112,807,0.08108998941722519,minmaxnorm
149,Q0,AP900630-0102,808,0.08099438925861634,minmaxnorm
149,Q0,AP900319-0204,809,0.0807789859702062,minmaxnorm
149,Q0,SJMN91-06209101,810,0.08061843017760237,minmaxnorm
149,Q0,AP900305-0013,811,0.08021878537623482,minmaxnorm
149,Q0,SJMN91-06011165,812,0.08020121020780828,minmaxnorm
149,Q0,AP900820-0147,813,0.08012900899875258,minmaxnorm
149,Q0,ZF32-036-192,814,0.08005516468890721,minmaxnorm
149,Q0,AP901212-0059,815,0.07999192466064242,minmaxnorm
149,Q0,ZF32-132-260,816,0.07989574723421954,minmaxnorm
149,Q0,SJMN91-06357109,817,0.07986481190583106,minmaxnorm
149,Q0,AP900220-0019,818,0.0798080862890822,minmaxnorm
149,Q0,AP900326-0182,819,0.07971086392412233,minmaxnorm
149,Q0,AP900311-0096,820,0.07967708917199665,minmaxnorm
149,Q0,AP900804-0115,821,0.07964322534945018,minmaxnorm
149,Q0,AP900914-0129,822,0.07957152213298242,minmaxnorm
149,Q0,SJMN91-06047116,823,0.07949317310336133,minmaxnorm
149,Q0,AP900316-0135,824,0.07935333636839537,minmaxnorm
149,Q0,SJMN91-06002092,825,0.07931200308007137,minmaxnorm
149,Q0,AP900317-0054,826,0.07920176707328408,minmaxnorm
149,Q0,AP900214-0215,827,0.07919194538095167,minmaxnorm
149,Q0,AP901101-0086,828,0.07913853650646104,minmaxnorm
149,Q0,SJMN91-06260168,829,0.07904506740545678,minmaxnorm
149,Q0,AP900228-0229,830,0.07898189633980475,minmaxnorm
149,Q0,SJMN91-06158060,831,0.07888803975238964,minmaxnorm
149,Q0,AP900417-0108,832,0.07888527046102538,minmaxnorm
149,Q0,AP900828-0158,833,0.07884268595665854,minmaxnorm
149,Q0,SJMN91-06022080,834,0.07874664901694092,minmaxnorm
149,Q0,AP901224-0199,835,0.07861865606689489,minmaxnorm
149,Q0,AP900711-0204,836,0.07858508942268612,minmaxnorm
149,Q0,ZF32-002-233,837,0.07857466286978598,minmaxnorm
149,Q0,SJMN91-06164103,838,0.07842518234926417,minmaxnorm
149,Q0,AP901229-0019,839,0.07830201616234007,minmaxnorm
149,Q0,ZF32-275-122,840,0.07825704367112571,minmaxnorm
149,Q0,AP900116-0035,841,0.07818798513981996,minmaxnorm
149,Q0,ZF32-146-276,842,0.07814337142866176,minmaxnorm
149,Q0,SJMN91-06170025,843,0.07802609009591152,minmaxnorm
149,Q0,ZF32-116-033,844,0.07792348343552855,minmaxnorm
149,Q0,AP900508-0076,845,0.07783611044920091,minmaxnorm
149,Q0,SJMN91-06125091,846,0.07780744038880054,minmaxnorm
149,Q0,AP901202-0022,847,0.07773225817916063,minmaxnorm
149,Q0,AP901012-0088,848,0.07768647135735632,minmaxnorm
149,Q0,ZF32-109-022,849,0.07761735213949542,minmaxnorm
149,Q0,AP900623-0172,850,0.07758682016096971,minmaxnorm
149,Q0,SJMN91-06201185,851,0.07752468026139764,minmaxnorm
149,Q0,AP900104-0014,852,0.07739070291285123,minmaxnorm
149,Q0,AP900831-0090,853,0.07721330365960917,minmaxnorm
149,Q0,SJMN91-06233050,854,0.07706323321471258,minmaxnorm
149,Q0,ZF32-228-291,855,0.0770048755661399,minmaxnorm
149,Q0,AP901013-0056,856,0.07695078616963905,minmaxnorm
149,Q0,SJMN91-06320167,857,0.07694794073090216,minmaxnorm
149,Q0,AP900924-0179,858,0.07684048495401716,minmaxnorm
149,Q0,AP900202-0208,859,0.07680089093687127,minmaxnorm
149,Q0,ZF32-137-212,860,0.07667349010148804,minmaxnorm
149,Q0,AP900213-0203,861,0.07651177986060347,minmaxnorm
149,Q0,SJMN91-06338118,862,0.07649386894587915,minmaxnorm
149,Q0,SJMN91-06295066,863,0.07619311950711033,minmaxnorm
149,Q0,SJMN91-06055072,864,0.07607495663292109,minmaxnorm
149,Q0,SJMN91-06246088,865,0.0760652929396384,minmaxnorm
149,Q0,AP901004-0014,866,0.0760084479782892,minmaxnorm
149,Q0,ZF32-097-153,867,0.07591988680762866,minmaxnorm
149,Q0,ZF32-051-287,868,0.07586086553125358,minmaxnorm
149,Q0,SJMN91-06134082,869,0.07575280013262502,minmaxnorm
149,Q0,ZF32-266-003,870,0.07563450667688766,minmaxnorm
149,Q0,ZF32-029-187,871,0.07553480469225923,minmaxnorm
149,Q0,SJMN91-06324081,872,0.0753431227386043,minmaxnorm
149,Q0,AP900704-0092,873,0.075340533817987,minmaxnorm
149,Q0,ZF32-042-019,874,0.07533080531327944,minmaxnorm
149,Q0,AP900413-0015,875,0.07528657502154934,minmaxnorm
149,Q0,AP900905-0228,876,0.07524385879612025,minmaxnorm
149,Q0,SJMN91-06099168,877,0.07521786894929401,minmaxnorm
149,Q0,AP901024-0235,878,0.07516674409646455,minmaxnorm
149,Q0,AP900112-0164,879,0.07508526175632092,minmaxnorm
149,Q0,AP900418-0160,880,0.07501501998435502,minmaxnorm
149,Q0,ZF32-253-039,881,0.07483152976609,minmaxnorm
149,Q0,AP900925-0276,882,0.07476635264515473,minmaxnorm
149,Q0,ZF32-284-011,883,0.07468619624559134,minmaxnorm
149,Q0,SJMN91-06130026,884,0.07458812920291237,minmaxnorm
149,Q0,SJMN91-06194111,885,0.07454309491755665,minmaxnorm
149,Q0,AP900612-0218,886,0.07438515679537093,minmaxnorm
149,Q0,ZF310-630-905,887,0.07436421869242771,minmaxnorm
149,Q0,AP900723-0177,888,0.07425056826207774,minmaxnorm
149,Q0,ZF32-082-193,889,0.07409977927986534,minmaxnorm
149,Q0,SJMN91-06195225,890,0.07406692725507527,minmaxnorm
149,Q0,AP900216-0224,891,0.0739583485251463,minmaxnorm
149,Q0,AP900614-0236,892,0.07388377324588744,minmaxnorm
149,Q0,AP900928-0232,893,0.07381325327941059,minmaxnorm
149,Q0,AP900406-0161,894,0.07380712169667619,minmaxnorm
149,Q0,AP900928-0145,895,0.0736857786401901,minmaxnorm
149,Q0,ZF32-087-143,896,0.07361357056632188,minmaxnorm
149,Q0,SJMN91-06177204,897,0.07356610869427421,minmaxnorm
149,Q0,AP901220-0135,898,0.07343553821669929,minmaxnorm
149,Q0,SJMN91-06230181,899,0.0733757322704061,minmaxnorm
149,Q0,ZF32-282-050,900,0.07334326566943113,minmaxnorm
149,Q0,SJMN91-06097094,901,0.07329196447058654,minmaxnorm
149,Q0,ZF310-589-490,902,0.07302520503609615,minmaxnorm
149,Q0,SJMN91-06182141,903,0.07296284882482469,minmaxnorm
149,Q0,ZF32-105-195,904,0.07292048453349664,minmaxnorm
149,Q0,AP900430-0055,905,0.07289586703201431,minmaxnorm
149,Q0,AP900215-0084,906,0.07285218509050759,minmaxnorm
149,Q0,AP900215-0166,907,0.07282511425029826,minmaxnorm
149,Q0,SJMN91-06335010,908,0.07275049395462109,minmaxnorm
149,Q0,AP900324-0171,909,0.07259601190616072,minmaxnorm
149,Q0,AP900918-0105,910,0.07246372939618378,minmaxnorm
149,Q0,SJMN91-06260208,911,0.07243176192425557,minmaxnorm
149,Q0,AP900306-0114,912,0.0722456402267484,minmaxnorm
149,Q0,ZF32-246-347,913,0.07220894374799852,minmaxnorm
149,Q0,AP900309-0242,914,0.07217621729342791,minmaxnorm
149,Q0,ZF32-247-317,915,0.07207658050822897,minmaxnorm
149,Q0,SJMN91-06325227,916,0.07207465161508733,minmaxnorm
149,Q0,SJMN91-06351185,917,0.07199127478539742,minmaxnorm
149,Q0,AP900727-0184,918,0.0719603802962681,minmaxnorm
149,Q0,AP900407-0136,919,0.07192188955192805,minmaxnorm
149,Q0,SJMN91-06122005,920,0.07188604912191862,minmaxnorm
149,Q0,AP900502-0266,921,0.07185775219675741,minmaxnorm
149,Q0,ZF32-239-306,922,0.07179573854151734,minmaxnorm
149,Q0,AP900607-0234,923,0.07171498158508852,minmaxnorm
149,Q0,AP900205-0217,924,0.07160880749740106,minmaxnorm
149,Q0,AP901214-0042,925,0.0715504669268014,minmaxnorm
149,Q0,ZF32-122-157,926,0.07143812231215312,minmaxnorm
149,Q0,AP901120-0149,927,0.07143738932556147,minmaxnorm
149,Q0,AP901019-0279,928,0.07140775666802937,minmaxnorm
149,Q0,AP901022-0209,929,0.07140775666802937,minmaxnorm
149,Q0,AP900915-0103,930,0.07140200266848323,minmaxnorm
149,Q0,AP900724-0213,931,0.07139588432909731,minmaxnorm
149,Q0,SJMN91-06134146,932,0.0713218291744621,minmaxnorm
149,Q0,ZF310-632-799,933,0.07126898994212273,minmaxnorm
149,Q0,SJMN91-06178136,934,0.07124047112438038,minmaxnorm
149,Q0,SJMN91-06301217,935,0.07112252566735713,minmaxnorm
149,Q0,AP900527-0084,936,0.07105328173468259,minmaxnorm
149,Q0,SJMN91-06228117,937,0.07099775401842347,minmaxnorm
149,Q0,AP901227-0093,938,0.07087558153251047,minmaxnorm
149,Q0,ZF310-570-269,939,0.07087019716366683,minmaxnorm
149,Q0,SJMN91-06211151,940,0.07079982731251816,minmaxnorm
149,Q0,ZF32-156-281,941,0.07074843003002759,minmaxnorm
149,Q0,ZF32-251-077,942,0.07072971334250157,minmaxnorm
149,Q0,ZF32-264-089,943,0.07070115155325554,minmaxnorm
149,Q0,ZF32-112-158,944,0.07063637094526898,minmaxnorm
149,Q0,AP900504-0144,945,0.07059409512110665,minmaxnorm
149,Q0,AP901208-0056,946,0.07051499447224216,minmaxnorm
149,Q0,AP900205-0153,947,0.07047115156944095,minmaxnorm
149,Q0,ZF32-103-324,948,0.07045300581173806,minmaxnorm
149,Q0,AP900511-0160,949,0.07040017287573569,minmaxnorm
149,Q0,ZF32-133-030,950,0.07033098095758113,minmaxnorm
149,Q0,AP901011-0022,951,0.07031707687185094,minmaxnorm
149,Q0,ZF32-059-002,952,0.07018768160365255,minmaxnorm
149,Q0,AP900104-0220,953,0.0701007368116899,minmaxnorm
149,Q0,AP900404-0094,954,0.07007653991691663,minmaxnorm
149,Q0,ZF32-271-049,955,0.06995174624522878,minmaxnorm
149,Q0,SJMN91-06256161,956,0.06985080355087836,minmaxnorm
149,Q0,SJMN91-06147222,957,0.06983019359211497,minmaxnorm
149,Q0,ZF32-164-122,958,0.06979298993404842,minmaxnorm
149,Q0,AP900202-0264,959,0.06968752766904888,minmaxnorm
149,Q0,AP900109-0044,960,0.06968181712886796,minmaxnorm
149,Q0,ZF32-060-141,961,0.06961840451017287,minmaxnorm
149,Q0,SJMN91-06251020,962,0.06959011970202869,minmaxnorm
149,Q0,SJMN91-06070247,963,0.06945733245970268,minmaxnorm
149,Q0,ZF32-089-094,964,0.06942633518276291,minmaxnorm
149,Q0,AP900612-0257,965,0.06940043304358398,minmaxnorm
149,Q0,ZF32-042-030,966,0.0693722452678247,minmaxnorm
149,Q0,SJMN91-06295109,967,0.069355161250978,minmaxnorm
149,Q0,ZF32-080-006,968,0.06935475524194482,minmaxnorm
149,Q0,SJMN91-06137134,969,0.0693202812041866,minmaxnorm
149,Q0,SJMN91-06097019,970,0.06927132794494228,minmaxnorm
149,Q0,ZF32-103-230,971,0.06926816806052173,minmaxnorm
149,Q0,AP901226-0137,972,0.06920990698991294,minmaxnorm
149,Q0,AP900617-0053,973,0.06919788573540323,minmaxnorm
149,Q0,ZF32-212-147,974,0.06919145536956488,minmaxnorm
149,Q0,ZF32-066-186,975,0.06909859365026341,minmaxnorm
149,Q0,SJMN91-06326029,976,0.0690934117119409,minmaxnorm
149,Q0,SJMN91-06261144,977,0.06904835397570003,minmaxnorm
149,Q0,ZF32-103-054,978,0.0689584937234181,minmaxnorm
149,Q0,AP901023-0080,979,0.0689073788592056,minmaxnorm
149,Q0,AP901012-0120,980,0.06889708383473232,minmaxnorm
149,Q0,SJMN91-06212096,981,0.06878426449908778,minmaxnorm
149,Q0,AP900316-0211,982,0.06873634118945698,minmaxnorm
149,Q0,AP900330-0235,983,0.06873241500675696,minmaxnorm
149,Q0,ZF32-234-153,984,0.06869672484231079,minmaxnorm
149,Q0,AP900615-0103,985,0.06869505164521598,minmaxnorm
149,Q0,ZF32-263-056,986,0.06859109387117893,minmaxnorm
149,Q0,SJMN91-06245159,987,0.06856445478399245,minmaxnorm
149,Q0,AP900821-0200,988,0.06854070414177622,minmaxnorm
149,Q0,AP900225-0004,989,0.06852493480569291,minmaxnorm
149,Q0,AP901009-0061,990,0.06851496387998483,minmaxnorm
149,Q0,AP900123-0164,991,0.06849453022438316,minmaxnorm
149,Q0,AP900315-0061,992,0.06848007260995916,minmaxnorm
149,Q0,ZF32-061-217,993,0.06840942252198419,minmaxnorm
149,Q0,AP900215-0165,994,0.06837261200717144,minmaxnorm
149,Q0,SJMN91-06073027,995,0.06829530615161473,minmaxnorm
149,Q0,AP900718-0255,996,0.06826865036275435,minmaxnorm
149,Q0,SJMN91-06210119,997,0.06819718720244639,minmaxnorm
149,Q0,AP900822-0117,998,0.06819220052634685,minmaxnorm
149,Q0,AP900104-0199,999,0.06817228638514079,minmaxnorm
149,Q0,ZF32-135-227,1000,0.06817167259989093,minmaxnorm
